symbol,timestamp,open,high,low,close,volume,trade_count,vwap
NKE,2026-08-14 13:30:00+00:00,41.23,41.305,41.03,41.07,18048.0,110.0,41.154068
NKE,2026-08-14 13:35:00+00:00,41.14,41.2,40.91,40.91,18898.0,156.0,41.098871
NKE,2026-08-14 13:40:00+00:00,40.91,40.98,40.785,40.785,15084.0,200.0,40.878776
NKE,2026-08-14 13:45:00+00:00,40.8,40.96,40.8,40.96,19471.0,172.0,40.873461
NKE,2026-08-14 13:50:00+00:00,40.965,41.03,40.955,40.985,12884.0,140.0,40.987765
NKE,2026-08-14 13:55:00+00:00,40.98,41.0,40.94,40.96,9047.0,110.0,40.970964
NKE,2026-08-14 14:00:00+00:00,40.97,41.0,40.88,40.88,8535.0,114.0,40.949428
NKE,2026-08-14 14:05:00+00:00,40.885,40.93,40.84,40.915,12847.0,126.0,40.879932
NKE,2026-08-14 14:10:00+00:00,40.91,40.95,40.88,40.95,11929.0,109.0,40.905902
NKE,2026-08-14 14:15:00+00:00,40.95,41.14,40.945,40.98,24175.0,173.0,41.057812
NKE,2026-08-14 14:20:00+00:00,40.935,40.98,40.9,40.965,14343.0,102.0,40.948843
NKE,2026-08-14 14:25:00+00:00,40.975,40.99,40.94,40.97,14163.0,103.0,40.967409
NKE,2026-08-14 14:30:00+00:00,40.975,41.01,40.9,40.9,8807.0,74.0,40.96506
NKE,2026-08-14 14:35:00+00:00,40.9,40.945,40.875,40.945,14573.0,93.0,40.908117
NKE,2026-08-14 14:40:00+00:00,40.945,40.96,40.855,40.885,16831.0,123.0,40.895707
NKE,2026-08-14 14:45:00+00:00,40.89,40.92,40.865,40.88,12629.0,81.0,40.901474
NKE,2026-08-14 14:50:00+00:00,40.87,40.875,40.845,40.865,8649.0,91.0,40.864228
NKE,2026-08-14 14:55:00+00:00,40.855,40.865,40.825,40.86,18473.0,120.0,40.843531
NKE,2026-08-14 15:00:00+00:00,40.85,40.915,40.85,40.895,19811.0,107.0,40.876863
NKE,2026-08-14 15:05:00+00:00,40.9,40.925,40.885,40.905,11330.0,78.0,40.910161
NKE,2026-08-14 15:10:00+00:00,40.91,40.95,40.91,40.945,6574.0,51.0,40.93577
NKE,2026-08-14 15:15:00+00:00,40.935,40.965,40.915,40.95,7498.0,52.0,40.938138
NKE,2026-08-14 15:20:00+00:00,40.955,40.995,40.945,40.955,15188.0,119.0,40.966668
NKE,2026-08-14 15:25:00+00:00,40.955,40.97,40.925,40.94,22283.0,141.0,40.95164
NKE,2026-08-14 15:30:00+00:00,40.945,40.985,40.945,40.98,23337.0,127.0,40.968204
NKE,2026-08-14 15:35:00+00:00,40.965,41.0,40.95,40.96,9780.0,73.0,40.981291
NKE,2026-08-14 15:40:00+00:00,40.965,40.99,40.945,40.945,9128.0,68.0,40.974112
NKE,2026-08-14 15:45:00+00:00,40.95,40.98,40.95,40.965,1389.0,21.0,40.96739
NKE,2026-08-14 15:50:00+00:00,40.955,40.975,40.955,40.965,3420.0,34.0,40.965723
NKE,2026-08-14 15:55:00+00:00,40.965,40.98,40.955,40.955,11484.0,71.0,40.96646
NKE,2026-08-14 16:00:00+00:00,40.965,40.97,40.915,40.92,7954.0,78.0,40.941922
NKE,2026-08-14 16:05:00+00:00,40.915,40.94,40.89,40.915,27509.0,140.0,40.920223
NKE,2026-08-14 16:10:00+00:00,40.915,40.93,40.9,40.905,6933.0,72.0,40.915237
NKE,2026-08-14 16:15:00+00:00,40.91,40.91,40.87,40.875,9750.0,88.0,40.895471
NKE,2026-08-14 16:20:00+00:00,40.895,40.895,40.835,40.835,9728.0,74.0,40.86623
NKE,2026-08-14 16:25:00+00:00,40.855,40.885,40.83,40.88,11763.0,87.0,40.865071
NKE,2026-08-14 16:30:00+00:00,40.87,40.89,40.87,40.875,10765.0,89.0,40.882492
NKE,2026-08-14 16:35:00+00:00,40.885,40.9,40.885,40.885,3684.0,43.0,40.892983
NKE,2026-08-14 16:40:00+00:00,40.885,40.895,40.865,40.865,8574.0,80.0,40.882437
NKE,2026-08-14 16:45:00+00:00,40.86,40.89,40.84,40.845,13211.0,116.0,40.86443
NKE,2026-08-14 16:50:00+00:00,40.82,40.855,40.805,40.845,19366.0,145.0,40.830326
NKE,2026-08-14 16:55:00+00:00,40.845,40.86,40.835,40.86,7958.0,69.0,40.845447
NKE,2026-08-14 17:00:00+00:00,40.86,40.87,40.845,40.865,7195.0,76.0,40.860091
NKE,2026-08-14 17:05:00+00:00,40.865,40.925,40.865,40.905,10022.0,84.0,40.906472
NKE,2026-08-14 17:10:00+00:00,40.915,40.92,40.89,40.9,14273.0,99.0,40.904666
NKE,2026-08-14 17:15:00+00:00,40.9,40.905,40.895,40.905,8931.0,72.0,40.901128
NKE,2026-08-14 17:20:00+00:00,40.905,40.96,40.905,40.945,14722.0,83.0,40.920104
NKE,2026-08-14 17:25:00+00:00,40.935,40.95,40.93,40.93,11866.0,84.0,40.936139
NKE,2026-08-14 17:30:00+00:00,40.93,40.93,40.905,40.915,26965.0,155.0,40.91645
NKE,2026-08-14 17:35:00+00:00,40.915,40.92,40.9,40.92,18715.0,111.0,40.912069
NKE,2026-08-14 17:40:00+00:00,40.915,40.92,40.9,40.915,4155.0,44.0,40.90985
NKE,2026-08-14 17:45:00+00:00,40.905,40.905,40.885,40.885,8253.0,68.0,40.892668
NKE,2026-08-14 17:50:00+00:00,40.885,40.895,40.85,40.885,11744.0,69.0,40.874885
NKE,2026-08-14 17:55:00+00:00,40.885,40.915,40.88,40.9,25194.0,90.0,40.901837
NKE,2026-08-14 18:00:00+00:00,40.905,40.915,40.885,40.885,20621.0,89.0,40.900988
NKE,2026-08-14 18:05:00+00:00,40.88,40.885,40.86,40.865,5618.0,63.0,40.868284
NKE,2026-08-14 18:10:00+00:00,40.88,40.895,40.865,40.895,18152.0,53.0,40.890295
NKE,2026-08-14 18:15:00+00:00,40.885,40.885,40.87,40.88,16280.0,85.0,40.875756
NKE,2026-08-14 18:20:00+00:00,40.88,40.945,40.88,40.935,6870.0,67.0,40.912149
NKE,2026-08-14 18:25:00+00:00,40.93,40.94,40.925,40.93,5836.0,54.0,40.929969
NKE,2026-08-14 18:30:00+00:00,40.93,40.955,40.915,40.93,14038.0,56.0,40.939158
NKE,2026-08-14 18:35:00+00:00,40.935,40.95,40.93,40.94,8864.0,48.0,40.940975
NKE,2026-08-14 18:40:00+00:00,40.945,40.975,40.945,40.975,27444.0,130.0,40.963733
NKE,2026-08-14 18:45:00+00:00,40.97,40.97,40.92,40.92,6754.0,62.0,40.9564
NKE,2026-08-14 18:50:00+00:00,40.93,40.93,40.895,40.91,13959.0,86.0,40.922064
NKE,2026-08-14 18:55:00+00:00,40.9,40.9,40.89,40.9,8647.0,45.0,40.898874
NKE,2026-08-14 19:00:00+00:00,40.885,40.885,40.86,40.875,4803.0,39.0,40.871271
NKE,2026-08-14 19:05:00+00:00,40.875,40.875,40.865,40.875,10683.0,62.0,40.868287
NKE,2026-08-14 19:10:00+00:00,40.865,40.875,40.85,40.87,19221.0,81.0,40.865139
NKE,2026-08-14 19:15:00+00:00,40.865,40.87,40.81,40.855,33014.0,158.0,40.83799
NKE,2026-08-14 19:20:00+00:00,40.845,40.885,40.845,40.875,9782.0,57.0,40.86872
NKE,2026-08-14 19:25:00+00:00,40.88,40.905,40.875,40.885,13648.0,86.0,40.887372
NKE,2026-08-14 19:30:00+00:00,40.885,40.91,40.86,40.89,15740.0,77.0,40.881871
NKE,2026-08-14 19:35:00+00:00,40.895,40.895,40.77,40.78,15366.0,128.0,40.857231
NKE,2026-08-14 19:40:00+00:00,40.765,40.77,40.735,40.76,20757.0,157.0,40.754096
NKE,2026-08-14 19:45:00+00:00,40.76,40.915,40.74,40.86,52518.0,254.0,40.827019
NKE,2026-08-14 19:50:00+00:00,40.89,40.945,40.785,40.805,77726.0,341.0,40.84684
NKE,2026-08-14 19:55:00+00:00,40.81,40.825,40.71,40.73,159555.0,1264.0,40.747896
NKE,2026-08-17 13:30:00+00:00,40.2,40.58,40.2,40.45,60070.0,324.0,40.409889
NKE,2026-08-17 13:35:00+00:00,40.47,40.55,40.345,40.39,47558.0,305.0,40.421993
NKE,2026-08-17 13:40:00+00:00,40.39,40.405,40.195,40.2,42862.0,243.0,40.326036
NKE,2026-08-17 13:45:00+00:00,40.175,40.175,39.92,40.04,45307.0,305.0,40.039188
NKE,2026-08-17 13:50:00+00:00,40.04,40.06,39.85,39.895,49343.0,336.0,39.902658
NKE,2026-08-17 13:55:00+00:00,39.89,39.905,39.8,39.845,23231.0,204.0,39.832666
NKE,2026-08-17 14:00:00+00:00,39.85,39.87,39.53,39.615,85335.0,478.0,39.649989
NKE,2026-08-17 14:05:00+00:00,39.62,39.685,39.6,39.675,25517.0,166.0,39.651444
NKE,2026-08-17 14:10:00+00:00,39.675,39.695,39.485,39.495,22577.0,151.0,39.564278
NKE,2026-08-17 14:15:00+00:00,39.505,39.595,39.45,39.555,34528.0,224.0,39.532777
NKE,2026-08-17 14:20:00+00:00,39.545,39.545,39.44,39.515,15804.0,123.0,39.487697
NKE,2026-08-17 14:25:00+00:00,39.515,39.56,39.45,39.45,15981.0,135.0,39.519823
NKE,2026-08-17 14:30:00+00:00,39.465,39.55,39.43,39.465,20890.0,173.0,39.487296
NKE,2026-08-17 14:35:00+00:00,39.455,39.48,39.415,39.425,20519.0,188.0,39.446008
NKE,2026-08-17 14:40:00+00:00,39.425,39.51,39.425,39.505,17240.0,135.0,39.478605
NKE,2026-08-17 14:45:00+00:00,39.515,39.57,39.45,39.56,46310.0,211.0,39.518636
NKE,2026-08-17 14:50:00+00:00,39.555,39.605,39.555,39.555,13415.0,110.0,39.570563
NKE,2026-08-17 14:55:00+00:00,39.565,39.575,39.525,39.535,8814.0,82.0,39.548543
NKE,2026-08-17 15:00:00+00:00,39.53,39.535,39.485,39.495,16197.0,113.0,39.503206
NKE,2026-08-17 15:05:00+00:00,39.5,39.51,39.435,39.445,18423.0,138.0,39.471463
NKE,2026-08-17 15:10:00+00:00,39.435,39.445,39.34,39.34,32642.0,207.0,39.386461
NKE,2026-08-17 15:15:00+00:00,39.345,39.395,39.33,39.33,22608.0,177.0,39.364884
NKE,2026-08-17 15:20:00+00:00,39.335,39.36,39.295,39.345,25277.0,177.0,39.335182
NKE,2026-08-17 15:25:00+00:00,39.35,39.46,39.35,39.42,18503.0,147.0,39.387833
NKE,2026-08-17 15:30:00+00:00,39.405,39.45,39.36,39.375,17533.0,140.0,39.403963
NKE,2026-08-17 15:35:00+00:00,39.35,39.365,39.265,39.265,26999.0,179.0,39.295933
NKE,2026-08-17 15:40:00+00:00,39.265,39.29,39.22,39.22,71454.0,330.0,39.259044
NKE,2026-08-17 15:45:00+00:00,39.225,39.23,39.18,39.225,36315.0,210.0,39.203797
NKE,2026-08-17 15:50:00+00:00,39.225,39.23,39.17,39.18,16739.0,101.0,39.202772
NKE,2026-08-17 15:55:00+00:00,39.18,39.2,39.155,39.195,31037.0,156.0,39.173231
NKE,2026-08-17 16:00:00+00:00,39.195,39.21,39.135,39.135,44689.0,240.0,39.190667
NKE,2026-08-17 16:05:00+00:00,39.145,39.22,39.13,39.165,46012.0,212.0,39.16794
NKE,2026-08-17 16:10:00+00:00,39.15,39.24,39.15,39.165,33525.0,150.0,39.200899
NKE,2026-08-17 16:15:00+00:00,39.16,39.245,39.155,39.22,38132.0,197.0,39.202
NKE,2026-08-17 16:20:00+00:00,39.21,39.245,39.12,39.12,20140.0,114.0,39.193583
NKE,2026-08-17 16:25:00+00:00,39.12,39.13,39.06,39.13,47880.0,205.0,39.087726
NKE,2026-08-17 16:30:00+00:00,39.135,39.165,39.115,39.15,25101.0,113.0,39.142463
NKE,2026-08-17 16:35:00+00:00,39.15,39.16,39.11,39.115,28125.0,131.0,39.136339
NKE,2026-08-17 16:40:00+00:00,39.11,39.11,39.085,39.1,21863.0,95.0,39.099164
NKE,2026-08-17 16:45:00+00:00,39.115,39.125,39.045,39.055,20601.0,93.0,39.070502
NKE,2026-08-17 16:50:00+00:00,39.025,39.035,38.95,38.98,42797.0,237.0,38.997955
NKE,2026-08-17 16:55:00+00:00,38.975,39.005,38.97,38.99,17739.0,116.0,38.990551
NKE,2026-08-17 17:00:00+00:00,38.99,38.99,38.91,38.92,19404.0,142.0,38.934351
NKE,2026-08-17 17:05:00+00:00,38.915,38.935,38.88,38.925,67619.0,269.0,38.903831
NKE,2026-08-17 17:10:00+00:00,38.92,38.92,38.86,38.87,28952.0,145.0,38.88313
NKE,2026-08-17 17:15:00+00:00,38.875,39.015,38.875,39.015,36477.0,212.0,38.927137
NKE,2026-08-17 17:20:00+00:00,39.01,39.06,38.985,39.035,48415.0,260.0,39.027819
NKE,2026-08-17 17:25:00+00:00,39.03,39.14,39.0,39.125,30855.0,168.0,39.062679
NKE,2026-08-17 17:30:00+00:00,39.12,39.135,39.065,39.1,37673.0,199.0,39.091615
NKE,2026-08-17 17:35:00+00:00,39.1,39.105,39.025,39.025,16419.0,91.0,39.06251
NKE,2026-08-17 17:40:00+00:00,39.02,39.105,38.98,39.095,38895.0,202.0,39.035378
NKE,2026-08-17 17:45:00+00:00,39.095,39.095,39.02,39.045,29747.0,144.0,39.052504
NKE,2026-08-17 17:50:00+00:00,39.045,39.05,39.0,39.0,27190.0,158.0,39.017816
NKE,2026-08-17 17:55:00+00:00,38.98,38.99,38.915,38.92,11481.0,71.0,38.962417
NKE,2026-08-17 18:00:00+00:00,38.915,38.985,38.915,38.965,7943.0,70.0,38.958035
NKE,2026-08-17 18:05:00+00:00,38.97,39.04,38.97,38.99,17901.0,104.0,39.016166
NKE,2026-08-17 18:10:00+00:00,38.97,39.02,38.97,38.985,21714.0,123.0,39.002566
NKE,2026-08-17 18:15:00+00:00,38.985,38.99,38.96,38.96,17266.0,107.0,38.976818
NKE,2026-08-17 18:20:00+00:00,38.96,39.0,38.94,38.985,18310.0,110.0,38.967721
NKE,2026-08-17 18:25:00+00:00,38.97,38.99,38.95,38.97,13713.0,105.0,38.969182
NKE,2026-08-17 18:30:00+00:00,38.975,39.105,38.97,39.07,15486.0,123.0,39.053008
NKE,2026-08-17 18:35:00+00:00,39.075,39.11,39.01,39.01,39462.0,207.0,39.048665
NKE,2026-08-17 18:40:00+00:00,39.005,39.02,38.965,39.005,8868.0,80.0,39.004325
NKE,2026-08-17 18:45:00+00:00,39.005,39.025,38.95,38.965,14429.0,121.0,38.982803
NKE,2026-08-17 18:50:00+00:00,38.965,38.965,38.9,38.95,27288.0,146.0,38.934144
NKE,2026-08-17 18:55:00+00:00,38.96,38.975,38.94,38.955,14130.0,100.0,38.954195
NKE,2026-08-17 19:00:00+00:00,38.95,39.02,38.93,39.02,24642.0,131.0,38.967131
NKE,2026-08-17 19:05:00+00:00,39.01,39.125,39.01,39.105,17352.0,85.0,39.066474
NKE,2026-08-17 19:10:00+00:00,39.085,39.23,39.085,39.23,22561.0,126.0,39.12795
NKE,2026-08-17 19:15:00+00:00,39.21,39.275,39.18,39.21,22796.0,142.0,39.23775
NKE,2026-08-17 19:20:00+00:00,39.225,39.28,39.22,39.265,16541.0,107.0,39.240713
NKE,2026-08-17 19:25:00+00:00,39.265,39.265,39.21,39.245,12871.0,75.0,39.247647
NKE,2026-08-17 19:30:00+00:00,39.24,39.25,39.13,39.175,31273.0,156.0,39.188385
NKE,2026-08-17 19:35:00+00:00,39.17,39.17,39.115,39.12,17300.0,88.0,39.133206
NKE,2026-08-17 19:40:00+00:00,39.12,39.195,39.115,39.15,25282.0,116.0,39.157225
NKE,2026-08-17 19:45:00+00:00,39.145,39.23,39.13,39.14,58906.0,274.0,39.165008
NKE,2026-08-17 19:50:00+00:00,39.135,39.18,39.075,39.095,75775.0,373.0,39.124274
NKE,2026-08-17 19:55:00+00:00,39.095,39.125,39.04,39.06,201752.0,1143.0,39.084812
NKE,2026-08-18 13:30:00+00:00,39.65,39.65,39.31,39.4,60766.0,360.0,39.430391
NKE,2026-08-18 13:35:00+00:00,39.37,39.42,39.24,39.33,55719.0,419.0,39.342959
NKE,2026-08-18 13:40:00+00:00,39.335,39.49,39.31,39.39,68375.0,495.0,39.415485
NKE,2026-08-18 13:45:00+00:00,39.395,39.48,39.315,39.365,39239.0,266.0,39.408968
NKE,2026-08-18 13:50:00+00:00,39.36,39.465,39.35,39.4,37679.0,248.0,39.409757
NKE,2026-08-18 13:55:00+00:00,39.39,39.465,39.3,39.3,40293.0,265.0,39.388005
NKE,2026-08-18 14:00:00+00:00,39.29,39.4,39.285,39.33,37013.0,212.0,39.361296
NKE,2026-08-18 14:05:00+00:00,39.315,39.48,39.3,39.4,93213.0,520.0,39.403827
NKE,2026-08-18 14:10:00+00:00,39.405,39.61,39.405,39.59,43258.0,319.0,39.542673
NKE,2026-08-18 14:15:00+00:00,39.6,39.69,39.59,39.665,31219.0,288.0,39.631839
NKE,2026-08-18 14:20:00+00:00,39.655,39.715,39.625,39.695,29514.0,185.0,39.66882
NKE,2026-08-18 14:25:00+00:00,39.685,39.705,39.635,39.635,15752.0,106.0,39.664134
NKE,2026-08-18 14:30:00+00:00,39.635,39.875,39.62,39.875,54161.0,327.0,39.767394
NKE,2026-08-18 14:35:00+00:00,39.855,39.86,39.76,39.815,31349.0,192.0,39.809437
NKE,2026-08-18 14:40:00+00:00,39.82,39.965,39.82,39.945,22644.0,172.0,39.883667
NKE,2026-08-18 14:45:00+00:00,39.945,40.085,39.945,40.035,34595.0,199.0,40.014005
NKE,2026-08-18 14:50:00+00:00,40.05,40.085,39.96,39.965,24126.0,139.0,39.988055
NKE,2026-08-18 14:55:00+00:00,39.98,40.1,39.98,40.085,22220.0,123.0,40.077545
NKE,2026-08-18 15:00:00+00:00,40.09,40.185,40.03,40.115,61765.0,295.0,40.143239
NKE,2026-08-18 15:05:00+00:00,40.115,40.31,40.115,40.31,33970.0,247.0,40.247781
NKE,2026-08-18 15:10:00+00:00,40.32,40.36,40.25,40.35,22806.0,163.0,40.295549
NKE,2026-08-18 15:15:00+00:00,40.355,40.435,40.24,40.25,49239.0,271.0,40.321594
NKE,2026-08-18 15:20:00+00:00,40.245,40.34,40.12,40.15,30982.0,230.0,40.228047
NKE,2026-08-18 15:25:00+00:00,40.145,40.18,40.01,40.135,29318.0,183.0,40.099332
NKE,2026-08-18 15:30:00+00:00,40.155,40.16,39.95,39.965,43960.0,264.0,40.009731
NKE,2026-08-18 15:35:00+00:00,39.97,40.12,39.97,40.11,14534.0,113.0,40.044812
NKE,2026-08-18 15:40:00+00:00,40.12,40.15,40.095,40.095,13562.0,121.0,40.121815
NKE,2026-08-18 15:45:00+00:00,40.095,40.15,40.05,40.085,16849.0,132.0,40.111474
NKE,2026-08-18 15:50:00+00:00,40.065,40.175,40.04,40.175,12242.0,97.0,40.086437
NKE,2026-08-18 15:55:00+00:00,40.195,40.205,40.135,40.195,12919.0,122.0,40.175986
NKE,2026-08-18 16:00:00+00:00,40.2,40.245,40.135,40.18,21329.0,138.0,40.195688
NKE,2026-08-18 16:05:00+00:00,40.185,40.215,40.155,40.18,44585.0,110.0,40.210143
NKE,2026-08-18 16:10:00+00:00,40.185,40.265,40.18,40.225,75017.0,306.0,40.214222
NKE,2026-08-18 16:15:00+00:00,40.225,40.3,40.205,40.295,34047.0,198.0,40.246977
NKE,2026-08-18 16:20:00+00:00,40.3,40.39,40.295,40.355,29123.0,161.0,40.340584
NKE,2026-08-18 16:25:00+00:00,40.37,40.37,40.285,40.35,13176.0,91.0,40.334017
NKE,2026-08-18 16:30:00+00:00,40.34,40.365,40.255,40.265,22548.0,140.0,40.316995
NKE,2026-08-18 16:35:00+00:00,40.265,40.27,40.215,40.25,21631.0,155.0,40.238009
NKE,2026-08-18 16:40:00+00:00,40.255,40.34,40.24,40.34,12007.0,88.0,40.25191
NKE,2026-08-18 16:45:00+00:00,40.34,40.39,40.32,40.32,29376.0,173.0,40.33848
NKE,2026-08-18 16:50:00+00:00,40.295,40.325,40.255,40.325,7247.0,104.0,40.275866
NKE,2026-08-18 16:55:00+00:00,40.325,40.35,40.325,40.35,6490.0,104.0,40.340766
NKE,2026-08-18 17:00:00+00:00,40.335,40.385,40.325,40.36,42937.0,165.0,40.380645
NKE,2026-08-18 17:05:00+00:00,40.345,40.35,40.265,40.29,24234.0,196.0,40.309669
NKE,2026-08-18 17:10:00+00:00,40.275,40.285,40.235,40.245,6322.0,58.0,40.254209
NKE,2026-08-18 17:15:00+00:00,40.22,40.27,40.205,40.27,7764.0,66.0,40.229022
NKE,2026-08-18 17:20:00+00:00,40.27,40.37,40.265,40.34,5719.0,72.0,40.326901
NKE,2026-08-18 17:25:00+00:00,40.33,40.33,40.265,40.29,10042.0,96.0,40.285085
NKE,2026-08-18 17:30:00+00:00,40.29,40.29,40.165,40.19,10662.0,97.0,40.241596
NKE,2026-08-18 17:35:00+00:00,40.17,40.19,40.155,40.175,6413.0,69.0,40.175938
NKE,2026-08-18 17:40:00+00:00,40.16,40.165,40.13,40.155,10650.0,107.0,40.144515
NKE,2026-08-18 17:45:00+00:00,40.12,40.165,40.12,40.165,9037.0,140.0,40.139861
NKE,2026-08-18 17:50:00+00:00,40.175,40.19,40.165,40.19,5912.0,63.0,40.176878
NKE,2026-08-18 17:55:00+00:00,40.18,40.22,40.175,40.22,17511.0,128.0,40.196345
NKE,2026-08-18 18:00:00+00:00,40.215,40.25,40.19,40.245,8938.0,78.0,40.220485
NKE,2026-08-18 18:05:00+00:00,40.25,40.29,40.235,40.285,24766.0,138.0,40.262733
NKE,2026-08-18 18:10:00+00:00,40.305,40.44,40.295,40.435,17556.0,109.0,40.381845
NKE,2026-08-18 18:15:00+00:00,40.445,40.49,40.405,40.46,11353.0,77.0,40.454063
NKE,2026-08-18 18:20:00+00:00,40.46,40.58,40.455,40.58,15448.0,110.0,40.522928
NKE,2026-08-18 18:25:00+00:00,40.565,40.64,40.555,40.585,12257.0,94.0,40.595468
NKE,2026-08-18 18:30:00+00:00,40.565,40.63,40.565,40.575,39500.0,215.0,40.602016
NKE,2026-08-18 18:35:00+00:00,40.56,40.585,40.51,40.515,21600.0,136.0,40.554669
NKE,2026-08-18 18:40:00+00:00,40.52,40.57,40.505,40.565,15195.0,121.0,40.532582
NKE,2026-08-18 18:45:00+00:00,40.545,40.545,40.465,40.465,20776.0,122.0,40.497848
NKE,2026-08-18 18:50:00+00:00,40.46,40.465,40.425,40.455,15785.0,100.0,40.446885
NKE,2026-08-18 18:55:00+00:00,40.445,40.46,40.405,40.415,12953.0,96.0,40.442057
NKE,2026-08-18 19:00:00+00:00,40.42,40.42,40.36,40.4,9443.0,55.0,40.385892
NKE,2026-08-18 19:05:00+00:00,40.395,40.415,40.355,40.38,11705.0,71.0,40.385732
NKE,2026-08-18 19:10:00+00:00,40.38,40.405,40.29,40.325,18779.0,119.0,40.331877
NKE,2026-08-18 19:15:00+00:00,40.325,40.38,40.315,40.375,21520.0,127.0,40.336697
NKE,2026-08-18 19:20:00+00:00,40.365,40.4,40.34,40.39,18884.0,132.0,40.376518
NKE,2026-08-18 19:25:00+00:00,40.395,40.46,40.395,40.43,39294.0,195.0,40.426704
NKE,2026-08-18 19:30:00+00:00,40.43,40.455,40.345,40.39,21021.0,168.0,40.411938
NKE,2026-08-18 19:35:00+00:00,40.38,40.385,40.315,40.35,19565.0,116.0,40.343064
NKE,2026-08-18 19:40:00+00:00,40.345,40.355,40.255,40.27,33319.0,190.0,40.311214
NKE,2026-08-18 19:45:00+00:00,40.265,40.275,40.2,40.27,36239.0,201.0,40.241866
NKE,2026-08-18 19:50:00+00:00,40.24,40.25,40.175,40.18,50227.0,318.0,40.214934
NKE,2026-08-18 19:55:00+00:00,40.17,40.17,40.025,40.07,199200.0,1375.0,40.077316
NKE,2026-08-19 13:30:00+00:00,40.49,40.66,40.4,40.54,35857.0,282.0,40.537948
NKE,2026-08-19 13:35:00+00:00,40.56,40.67,40.51,40.66,24660.0,252.0,40.588902
NKE,2026-08-19 13:40:00+00:00,40.655,40.695,40.57,40.66,21320.0,267.0,40.646676
NKE,2026-08-19 13:45:00+00:00,40.69,40.77,40.57,40.74,23547.0,258.0,40.676507
NKE,2026-08-19 13:50:00+00:00,40.735,40.93,40.7,40.93,30119.0,235.0,40.805594
NKE,2026-08-19 13:55:00+00:00,40.93,40.975,40.8,40.92,125057.0,814.0,40.932208
NKE,2026-08-19 14:00:00+00:00,40.925,41.01,40.86,40.975,30724.0,232.0,40.942266
NKE,2026-08-19 14:05:00+00:00,40.975,41.085,40.87,41.085,22083.0,176.0,40.972664
NKE,2026-08-19 14:10:00+00:00,41.075,41.265,41.07,41.255,43473.0,259.0,41.176445
NKE,2026-08-19 14:15:00+00:00,41.265,41.265,41.14,41.21,32892.0,225.0,41.195341
NKE,2026-08-19 14:20:00+00:00,41.2,41.305,41.15,41.255,28317.0,196.0,41.250865
NKE,2026-08-19 14:25:00+00:00,41.27,41.305,41.125,41.125,21271.0,151.0,41.222097
NKE,2026-08-19 14:30:00+00:00,41.125,41.225,41.125,41.175,18056.0,160.0,41.180638
NKE,2026-08-19 14:35:00+00:00,41.17,41.185,41.065,41.07,16224.0,136.0,41.136222
NKE,2026-08-19 14:40:00+00:00,41.07,41.095,41.04,41.085,20940.0,149.0,41.075929
NKE,2026-08-19 14:45:00+00:00,41.07,41.12,41.025,41.07,20570.0,139.0,41.067494
NKE,2026-08-19 14:50:00+00:00,41.095,41.16,41.05,41.15,23325.0,144.0,41.101649
NKE,2026-08-19 14:55:00+00:00,41.15,41.16,41.085,41.14,11542.0,100.0,41.122011
NKE,2026-08-19 15:00:00+00:00,41.14,41.155,41.095,41.115,17549.0,128.0,41.128614
NKE,2026-08-19 15:05:00+00:00,41.13,41.16,41.035,41.055,17087.0,116.0,41.086217
NKE,2026-08-19 15:10:00+00:00,41.05,41.05,40.935,40.955,24157.0,157.0,40.972732
NKE,2026-08-19 15:15:00+00:00,40.95,40.96,40.885,40.915,20702.0,150.0,40.932358
NKE,2026-08-19 15:20:00+00:00,40.92,40.925,40.78,40.885,16336.0,124.0,40.849825
NKE,2026-08-19 15:25:00+00:00,40.905,40.925,40.875,40.91,17364.0,135.0,40.90336
NKE,2026-08-19 15:30:00+00:00,40.925,40.965,40.925,40.935,11278.0,84.0,40.944867
NKE,2026-08-19 15:35:00+00:00,40.93,40.975,40.915,40.96,11454.0,97.0,40.939347
NKE,2026-08-19 15:40:00+00:00,40.95,40.955,40.89,40.89,6553.0,109.0,40.934658
NKE,2026-08-19 15:45:00+00:00,40.905,40.905,40.845,40.865,11195.0,110.0,40.864709
NKE,2026-08-19 15:50:00+00:00,40.88,40.89,40.855,40.865,5913.0,77.0,40.875681
NKE,2026-08-19 15:55:00+00:00,40.855,40.895,40.835,40.885,11191.0,96.0,40.859671
NKE,2026-08-19 16:00:00+00:00,40.89,40.91,40.845,40.91,9150.0,93.0,40.888682
NKE,2026-08-19 16:05:00+00:00,40.91,40.94,40.895,40.9,9852.0,87.0,40.910516
NKE,2026-08-19 16:10:00+00:00,40.895,40.95,40.835,40.93,9818.0,86.0,40.899544
NKE,2026-08-19 16:15:00+00:00,40.935,40.955,40.885,40.9,7859.0,86.0,40.911163
NKE,2026-08-19 16:20:00+00:00,40.875,40.91,40.845,40.895,11721.0,98.0,40.87952
NKE,2026-08-19 16:25:00+00:00,40.895,40.92,40.885,40.895,13359.0,128.0,40.901942
NKE,2026-08-19 16:30:00+00:00,40.895,40.93,40.875,40.93,8892.0,85.0,40.893435
NKE,2026-08-19 16:35:00+00:00,40.935,40.945,40.885,40.885,9561.0,112.0,40.916822
NKE,2026-08-19 16:40:00+00:00,40.88,40.88,40.81,40.81,16283.0,143.0,40.835158
NKE,2026-08-19 16:45:00+00:00,40.815,40.855,40.815,40.845,8468.0,83.0,40.843465
NKE,2026-08-19 16:50:00+00:00,40.845,40.845,40.81,40.825,13399.0,115.0,40.830205
NKE,2026-08-19 16:55:00+00:00,40.83,40.91,40.83,40.89,9289.0,90.0,40.874935
NKE,2026-08-19 17:00:00+00:00,40.89,40.93,40.875,40.91,12238.0,106.0,40.891541
NKE,2026-08-19 17:05:00+00:00,40.9,40.915,40.885,40.885,6607.0,69.0,40.89741
NKE,2026-08-19 17:10:00+00:00,40.885,40.935,40.885,40.925,4481.0,65.0,40.911654
NKE,2026-08-19 17:15:00+00:00,40.94,40.95,40.905,40.915,10172.0,87.0,40.924408
NKE,2026-08-19 17:20:00+00:00,40.905,40.905,40.865,40.875,5893.0,52.0,40.882578
NKE,2026-08-19 17:25:00+00:00,40.875,40.935,40.875,40.935,4794.0,53.0,40.908125
NKE,2026-08-19 17:30:00+00:00,40.945,40.945,40.885,40.94,9302.0,93.0,40.905562
NKE,2026-08-19 17:35:00+00:00,40.935,40.94,40.9,40.91,4945.0,70.0,40.921909
NKE,2026-08-19 17:40:00+00:00,40.91,40.93,40.885,40.925,4204.0,58.0,40.905753
NKE,2026-08-19 17:45:00+00:00,40.93,40.96,40.93,40.96,9065.0,85.0,40.94233
NKE,2026-08-19 17:50:00+00:00,40.96,40.975,40.94,40.965,5898.0,47.0,40.956071
NKE,2026-08-19 17:55:00+00:00,40.945,40.965,40.915,40.915,4081.0,63.0,40.941579
NKE,2026-08-19 18:00:00+00:00,40.915,40.97,40.915,40.965,7573.0,99.0,40.941698
NKE,2026-08-19 18:05:00+00:00,40.97,40.985,40.94,40.97,5485.0,56.0,40.96661
NKE,2026-08-19 18:10:00+00:00,40.97,41.07,40.97,41.07,11538.0,91.0,41.024603
NKE,2026-08-19 18:15:00+00:00,41.075,41.115,41.055,41.1,5354.0,72.0,41.085257
NKE,2026-08-19 18:20:00+00:00,41.105,41.115,41.085,41.085,7707.0,123.0,41.099641
NKE,2026-08-19 18:25:00+00:00,41.105,41.13,41.1,41.11,7414.0,128.0,41.116886
NKE,2026-08-19 18:30:00+00:00,41.11,41.11,41.03,41.04,8257.0,88.0,41.047905
NKE,2026-08-19 18:35:00+00:00,41.055,41.1,41.055,41.1,7828.0,83.0,41.085552
NKE,2026-08-19 18:40:00+00:00,41.09,41.115,41.045,41.055,6240.0,69.0,41.088112
NKE,2026-08-19 18:45:00+00:00,41.045,41.06,41.005,41.035,6635.0,62.0,41.033682
NKE,2026-08-19 18:50:00+00:00,41.03,41.04,40.985,40.985,7386.0,99.0,41.011566
NKE,2026-08-19 18:55:00+00:00,40.985,41.075,40.985,41.045,9728.0,73.0,41.034385
NKE,2026-08-19 19:00:00+00:00,41.055,41.12,41.05,41.115,6024.0,55.0,41.081491
NKE,2026-08-19 19:05:00+00:00,41.11,41.115,41.03,41.045,7414.0,64.0,41.067277
NKE,2026-08-19 19:10:00+00:00,41.04,41.085,41.035,41.035,6053.0,54.0,41.067788
NKE,2026-08-19 19:15:00+00:00,41.015,41.075,41.015,41.055,9437.0,65.0,41.055539
NKE,2026-08-19 19:20:00+00:00,41.06,41.08,41.005,41.005,13338.0,86.0,41.057348
NKE,2026-08-19 19:25:00+00:00,41.01,41.07,41.0,41.065,12858.0,98.0,41.027759
NKE,2026-08-19 19:30:00+00:00,41.065,41.08,41.02,41.055,17642.0,106.0,41.047747
NKE,2026-08-19 19:35:00+00:00,41.065,41.135,41.06,41.115,9926.0,99.0,41.110886
NKE,2026-08-19 19:40:00+00:00,41.11,41.195,41.105,41.13,21343.0,142.0,41.141823
NKE,2026-08-19 19:45:00+00:00,41.125,41.145,41.075,41.075,12420.0,103.0,41.098511
NKE,2026-08-19 19:50:00+00:00,41.07,41.07,41.025,41.055,34209.0,251.0,41.042634
NKE,2026-08-19 19:55:00+00:00,41.035,41.065,41.01,41.045,103638.0,771.0,41.043799
NKE,2026-08-20 13:30:00+00:00,40.385,40.45,40.225,40.44,24184.0,293.0,40.362177
NKE,2026-08-20 13:35:00+00:00,40.47,40.55,40.43,40.49,23992.0,193.0,40.488491
NKE,2026-08-20 13:40:00+00:00,40.48,40.6,40.46,40.5,19908.0,170.0,40.528399
NKE,2026-08-20 13:45:00+00:00,40.5,40.615,40.485,40.61,31279.0,241.0,40.530093
NKE,2026-08-20 13:50:00+00:00,40.61,40.635,40.45,40.47,22234.0,168.0,40.565186
NKE,2026-08-20 13:55:00+00:00,40.46,40.49,40.345,40.35,10934.0,107.0,40.391061
NKE,2026-08-20 14:00:00+00:00,40.325,40.35,40.09,40.09,16358.0,153.0,40.214432
NKE,2026-08-20 14:05:00+00:00,40.07,40.07,39.93,40.005,32346.0,244.0,39.992535
NKE,2026-08-20 14:10:00+00:00,40.0,40.0,39.805,39.84,26759.0,168.0,39.852463
NKE,2026-08-20 14:15:00+00:00,39.845,39.995,39.845,39.995,24012.0,175.0,39.888149
NKE,2026-08-20 14:20:00+00:00,39.995,40.01,39.92,39.995,9175.0,79.0,39.970378
NKE,2026-08-20 14:25:00+00:00,39.99,39.99,39.94,39.97,17435.0,138.0,39.967356
NKE,2026-08-20 14:30:00+00:00,39.965,40.015,39.91,39.925,11922.0,122.0,39.959802
NKE,2026-08-20 14:35:00+00:00,39.93,39.97,39.91,39.97,5166.0,54.0,39.939187
NKE,2026-08-20 14:40:00+00:00,39.96,39.96,39.91,39.955,6438.0,67.0,39.938144
NKE,2026-08-20 14:45:00+00:00,39.95,40.025,39.95,39.995,6351.0,61.0,39.982742
NKE,2026-08-20 14:50:00+00:00,40.005,40.05,40.005,40.01,5237.0,65.0,40.022435
NKE,2026-08-20 14:55:00+00:00,40.005,40.035,39.965,40.035,6603.0,84.0,40.002078
NKE,2026-08-20 15:00:00+00:00,40.035,40.12,40.015,40.12,7458.0,73.0,40.061187
NKE,2026-08-20 15:05:00+00:00,40.105,40.17,40.085,40.135,5636.0,60.0,40.126532
NKE,2026-08-20 15:10:00+00:00,40.13,40.195,40.13,40.18,8013.0,54.0,40.172193
NKE,2026-08-20 15:15:00+00:00,40.18,40.25,40.16,40.205,10940.0,72.0,40.190079
NKE,2026-08-20 15:20:00+00:00,40.205,40.215,40.165,40.185,13019.0,83.0,40.186881
NKE,2026-08-20 15:25:00+00:00,40.18,40.215,40.17,40.215,6618.0,67.0,40.184993
NKE,2026-08-20 15:30:00+00:00,40.215,40.25,40.13,40.145,6000.0,53.0,40.18394
NKE,2026-08-20 15:35:00+00:00,40.13,40.175,40.13,40.16,4411.0,23.0,40.148012
NKE,2026-08-20 15:40:00+00:00,40.175,40.175,40.075,40.075,5979.0,65.0,40.106906
NKE,2026-08-20 15:45:00+00:00,40.085,40.13,40.065,40.125,4236.0,32.0,40.102801
NKE,2026-08-20 15:50:00+00:00,40.125,40.18,40.125,40.18,6130.0,56.0,40.147022
NKE,2026-08-20 15:55:00+00:00,40.185,40.185,40.145,40.145,3713.0,37.0,40.170564
NKE,2026-08-20 16:00:00+00:00,40.145,40.245,40.125,40.245,3637.0,46.0,40.184207
NKE,2026-08-20 16:05:00+00:00,40.27,40.335,40.25,40.29,3074.0,28.0,40.286742
NKE,2026-08-20 16:10:00+00:00,40.275,40.315,40.27,40.305,5783.0,48.0,40.290008
NKE,2026-08-20 16:15:00+00:00,40.29,40.36,40.285,40.345,7277.0,56.0,40.32997
NKE,2026-08-20 16:20:00+00:00,40.34,40.345,40.305,40.32,7677.0,54.0,40.328086
NKE,2026-08-20 16:25:00+00:00,40.315,40.34,40.315,40.34,4500.0,36.0,40.323815
NKE,2026-08-20 16:30:00+00:00,40.325,40.37,40.325,40.355,7678.0,60.0,40.34393
NKE,2026-08-20 16:35:00+00:00,40.35,40.375,40.35,40.35,3626.0,33.0,40.360628
NKE,2026-08-20 16:40:00+00:00,40.365,40.415,40.365,40.415,2892.0,39.0,40.383547
NKE,2026-08-20 16:45:00+00:00,40.415,40.42,40.38,40.39,5458.0,50.0,40.398539
NKE,2026-08-20 16:50:00+00:00,40.385,40.445,40.385,40.445,1961.0,20.0,40.412941
NKE,2026-08-20 16:55:00+00:00,40.44,40.445,40.43,40.43,2789.0,49.0,40.439042
NKE,2026-08-20 17:00:00+00:00,40.425,40.45,40.41,40.42,3337.0,41.0,40.428793
NKE,2026-08-20 17:05:00+00:00,40.425,40.425,40.28,40.305,7055.0,58.0,40.323283
NKE,2026-08-20 17:10:00+00:00,40.3,40.335,40.3,40.315,3727.0,47.0,40.310949
NKE,2026-08-20 17:15:00+00:00,40.315,40.38,40.315,40.375,41575.0,164.0,40.35109
NKE,2026-08-20 17:20:00+00:00,40.375,40.4,40.365,40.385,9835.0,79.0,40.387921
NKE,2026-08-20 17:25:00+00:00,40.38,40.44,40.375,40.435,6118.0,59.0,40.408112
NKE,2026-08-20 17:30:00+00:00,40.43,40.43,40.345,40.345,6915.0,85.0,40.401821
NKE,2026-08-20 17:35:00+00:00,40.345,40.36,40.315,40.335,8860.0,63.0,40.332157
NKE,2026-08-20 17:40:00+00:00,40.345,40.355,40.305,40.305,4703.0,89.0,40.338092
NKE,2026-08-20 17:45:00+00:00,40.325,40.375,40.325,40.375,4338.0,78.0,40.339446
NKE,2026-08-20 17:50:00+00:00,40.37,40.385,40.345,40.345,4919.0,44.0,40.372002
NKE,2026-08-20 17:55:00+00:00,40.335,40.335,40.29,40.325,3394.0,26.0,40.310681
NKE,2026-08-20 18:00:00+00:00,40.33,40.39,40.33,40.385,7326.0,49.0,40.348377
NKE,2026-08-20 18:05:00+00:00,40.375,40.39,40.345,40.37,3070.0,32.0,40.372876
NKE,2026-08-20 18:10:00+00:00,40.385,40.395,40.34,40.345,3353.0,37.0,40.361443
NKE,2026-08-20 18:15:00+00:00,40.34,40.37,40.34,40.36,3279.0,30.0,40.35629
NKE,2026-08-20 18:20:00+00:00,40.37,40.375,40.355,40.355,2834.0,26.0,40.36345
NKE,2026-08-20 18:25:00+00:00,40.36,40.375,40.345,40.365,3130.0,36.0,40.363131
NKE,2026-08-20 18:30:00+00:00,40.375,40.405,40.375,40.395,4225.0,43.0,40.391743
NKE,2026-08-20 18:35:00+00:00,40.405,40.415,40.355,40.355,11882.0,105.0,40.399646
NKE,2026-08-20 18:40:00+00:00,40.355,40.375,40.35,40.37,7329.0,68.0,40.362266
NKE,2026-08-20 18:45:00+00:00,40.355,40.41,40.355,40.41,7194.0,45.0,40.374895
NKE,2026-08-20 18:50:00+00:00,40.405,40.435,40.405,40.425,7216.0,43.0,40.423836
NKE,2026-08-20 18:55:00+00:00,40.41,40.415,40.385,40.385,3984.0,35.0,40.400828
NKE,2026-08-20 19:00:00+00:00,40.385,40.41,40.385,40.405,8356.0,28.0,40.392038
NKE,2026-08-20 19:05:00+00:00,40.44,40.455,40.41,40.415,6239.0,41.0,40.424876
NKE,2026-08-20 19:10:00+00:00,40.415,40.415,40.4,40.405,3563.0,36.0,40.40522
NKE,2026-08-20 19:15:00+00:00,40.405,40.41,40.36,40.36,18541.0,47.0,40.397363
NKE,2026-08-20 19:20:00+00:00,40.36,40.475,40.36,40.455,19238.0,95.0,40.402061
NKE,2026-08-20 19:25:00+00:00,40.455,40.455,40.425,40.45,5161.0,47.0,40.444332
NKE,2026-08-20 19:30:00+00:00,40.445,40.495,40.445,40.47,11817.0,73.0,40.475427
NKE,2026-08-20 19:35:00+00:00,40.445,40.475,40.445,40.45,4965.0,45.0,40.461848
NKE,2026-08-20 19:40:00+00:00,40.46,40.47,40.345,40.36,10530.0,66.0,40.393646
NKE,2026-08-20 19:45:00+00:00,40.355,40.4,40.325,40.4,12180.0,89.0,40.350782
NKE,2026-08-20 19:50:00+00:00,40.42,40.445,40.325,40.325,21945.0,147.0,40.402096
NKE,2026-08-20 19:55:00+00:00,40.325,40.385,40.2,40.22,79594.0,681.0,40.261988
NKE,2026-08-21 13:30:00+00:00,40.34,40.5,40.32,40.39,9499.0,89.0,40.407182
NKE,2026-08-21 13:35:00+00:00,40.41,40.59,40.395,40.59,8826.0,108.0,40.518048
NKE,2026-08-21 13:40:00+00:00,40.62,40.62,40.53,40.59,11315.0,133.0,40.569782
NKE,2026-08-21 13:45:00+00:00,40.57,40.635,40.515,40.63,10461.0,136.0,40.556396
NKE,2026-08-21 13:50:00+00:00,40.64,40.78,40.64,40.715,18038.0,193.0,40.715818
NKE,2026-08-21 13:55:00+00:00,40.715,40.74,40.66,40.68,24101.0,190.0,40.700277
NKE,2026-08-21 14:00:00+00:00,40.665,40.745,40.61,40.745,10543.0,143.0,40.673853
NKE,2026-08-21 14:05:00+00:00,40.74,40.77,40.66,40.735,40357.0,220.0,40.712719
NKE,2026-08-21 14:10:00+00:00,40.685,40.745,40.625,40.7,7795.0,83.0,40.687646
NKE,2026-08-21 14:15:00+00:00,40.675,40.715,40.645,40.71,10178.0,91.0,40.689927
NKE,2026-08-21 14:20:00+00:00,40.735,40.735,40.595,40.69,6706.0,88.0,40.645045
NKE,2026-08-21 14:25:00+00:00,40.705,40.72,40.675,40.72,8342.0,104.0,40.70169
NKE,2026-08-21 14:30:00+00:00,40.705,40.74,40.695,40.73,6060.0,82.0,40.717126
NKE,2026-08-21 14:35:00+00:00,40.74,40.75,40.695,40.72,5273.0,66.0,40.724776
NKE,2026-08-21 14:40:00+00:00,40.73,40.835,40.73,40.825,10883.0,103.0,40.772625
NKE,2026-08-21 14:45:00+00:00,40.83,40.87,40.815,40.845,4914.0,65.0,40.837065
NKE,2026-08-21 14:50:00+00:00,40.885,40.965,40.865,40.965,6964.0,68.0,40.913785
NKE,2026-08-21 14:55:00+00:00,40.96,41.075,40.96,41.07,7701.0,87.0,41.030716
NKE,2026-08-21 15:00:00+00:00,41.07,41.115,41.055,41.09,16652.0,155.0,41.085035
NKE,2026-08-21 15:05:00+00:00,41.095,41.125,41.045,41.055,11717.0,88.0,41.082647
NKE,2026-08-21 15:10:00+00:00,41.06,41.06,40.94,40.94,7862.0,81.0,40.997687
NKE,2026-08-21 15:15:00+00:00,40.94,41.02,40.9,40.9,10676.0,94.0,40.957164
NKE,2026-08-21 15:20:00+00:00,40.92,40.93,40.9,40.91,11222.0,88.0,40.912766
NKE,2026-08-21 15:25:00+00:00,40.89,40.965,40.89,40.95,6046.0,65.0,40.915349
NKE,2026-08-21 15:30:00+00:00,40.955,40.955,40.905,40.905,3401.0,41.0,40.929923
NKE,2026-08-21 15:35:00+00:00,40.91,40.96,40.885,40.945,7745.0,59.0,40.918331
NKE,2026-08-21 15:40:00+00:00,40.945,40.945,40.915,40.915,5923.0,65.0,40.930926
NKE,2026-08-21 15:45:00+00:00,40.92,40.935,40.835,40.835,2587.0,40.0,40.883182
NKE,2026-08-21 15:50:00+00:00,40.85,40.86,40.84,40.845,1762.0,44.0,40.852308
NKE,2026-08-21 15:55:00+00:00,40.845,40.85,40.8,40.81,8180.0,74.0,40.815343
NKE,2026-08-21 16:00:00+00:00,40.81,40.81,40.77,40.785,9538.0,78.0,40.782949
NKE,2026-08-21 16:05:00+00:00,40.77,40.845,40.76,40.845,8552.0,77.0,40.793802
NKE,2026-08-21 16:10:00+00:00,40.855,40.865,40.815,40.815,12017.0,102.0,40.851463
NKE,2026-08-21 16:15:00+00:00,40.815,40.835,40.805,40.81,6757.0,53.0,40.813412
NKE,2026-08-21 16:20:00+00:00,40.77,40.82,40.755,40.795,6513.0,62.0,40.775952
NKE,2026-08-21 16:25:00+00:00,40.805,40.805,40.775,40.79,1954.0,16.0,40.78263
NKE,2026-08-21 16:30:00+00:00,40.79,40.8,40.775,40.795,2892.0,23.0,40.784722
NKE,2026-08-21 16:35:00+00:00,40.795,40.795,40.76,40.795,4176.0,35.0,40.776362
NKE,2026-08-21 16:40:00+00:00,40.8,40.8,40.72,40.72,2576.0,42.0,40.742803
NKE,2026-08-21 16:45:00+00:00,40.72,40.735,40.705,40.715,3734.0,37.0,40.719265
NKE,2026-08-21 16:50:00+00:00,40.72,40.72,40.68,40.715,2863.0,31.0,40.698498
NKE,2026-08-21 16:55:00+00:00,40.73,40.755,40.71,40.75,6689.0,60.0,40.738945
NKE,2026-08-21 17:00:00+00:00,40.75,40.75,40.705,40.75,10195.0,77.0,40.732229
NKE,2026-08-21 17:05:00+00:00,40.72,40.78,40.72,40.77,2535.0,19.0,40.745137
NKE,2026-08-21 17:10:00+00:00,40.765,40.77,40.745,40.765,3974.0,50.0,40.766355
NKE,2026-08-21 17:15:00+00:00,40.79,40.79,40.735,40.735,5072.0,33.0,40.778563
NKE,2026-08-21 17:20:00+00:00,40.745,40.78,40.745,40.78,4487.0,42.0,40.770946
NKE,2026-08-21 17:25:00+00:00,40.765,40.765,40.73,40.745,4833.0,34.0,40.745536
NKE,2026-08-21 17:30:00+00:00,40.705,40.705,40.63,40.685,20941.0,126.0,40.679362
NKE,2026-08-21 17:35:00+00:00,40.685,40.71,40.65,40.65,3235.0,52.0,40.680683
NKE,2026-08-21 17:40:00+00:00,40.645,40.685,40.645,40.685,2717.0,35.0,40.666684
NKE,2026-08-21 17:45:00+00:00,40.71,40.72,40.7,40.715,1251.0,26.0,40.71455
NKE,2026-08-21 17:50:00+00:00,40.685,40.695,40.655,40.685,3843.0,34.0,40.686785
NKE,2026-08-21 17:55:00+00:00,40.695,40.715,40.695,40.71,8812.0,69.0,40.708082
NKE,2026-08-21 18:00:00+00:00,40.7,40.715,40.675,40.715,4368.0,43.0,40.689053
NKE,2026-08-21 18:05:00+00:00,40.72,40.72,40.68,40.68,3955.0,48.0,40.7033
NKE,2026-08-21 18:10:00+00:00,40.665,40.71,40.665,40.71,3892.0,37.0,40.684759
NKE,2026-08-21 18:15:00+00:00,40.72,40.72,40.665,40.67,2687.0,26.0,40.68
NKE,2026-08-21 18:20:00+00:00,40.68,40.68,40.61,40.62,3439.0,49.0,40.635555
NKE,2026-08-21 18:25:00+00:00,40.625,40.73,40.625,40.71,6751.0,60.0,40.687363
NKE,2026-08-21 18:30:00+00:00,40.7,40.705,40.69,40.695,2624.0,25.0,40.697254
NKE,2026-08-21 18:35:00+00:00,40.69,40.73,40.69,40.72,3219.0,34.0,40.718232
NKE,2026-08-21 18:40:00+00:00,40.735,40.74,40.725,40.725,2378.0,45.0,40.73525
NKE,2026-08-21 18:45:00+00:00,40.7,40.73,40.685,40.73,5957.0,59.0,40.711298
NKE,2026-08-21 18:50:00+00:00,40.73,40.73,40.715,40.715,822.0,11.0,40.72
NKE,2026-08-21 18:55:00+00:00,40.715,40.715,40.695,40.695,1923.0,23.0,40.702778
NKE,2026-08-21 19:00:00+00:00,40.705,40.72,40.695,40.72,2552.0,21.0,40.713184
NKE,2026-08-21 19:05:00+00:00,40.725,40.77,40.725,40.765,5025.0,31.0,40.751042
NKE,2026-08-21 19:10:00+00:00,40.745,40.765,40.735,40.735,2054.0,25.0,40.745588
NKE,2026-08-21 19:15:00+00:00,40.73,40.73,40.675,40.69,5253.0,41.0,40.699418
NKE,2026-08-21 19:20:00+00:00,40.685,40.685,40.645,40.68,3558.0,35.0,40.66788
NKE,2026-08-21 19:25:00+00:00,40.68,40.69,40.665,40.67,10138.0,61.0,40.683879
NKE,2026-08-21 19:30:00+00:00,40.67,40.67,40.625,40.625,10229.0,62.0,40.643953
NKE,2026-08-21 19:35:00+00:00,40.615,40.835,40.615,40.83,13650.0,109.0,40.706123
NKE,2026-08-21 19:40:00+00:00,40.83,40.915,40.83,40.9,8158.0,76.0,40.883657
NKE,2026-08-21 19:45:00+00:00,40.905,40.925,40.895,40.91,8328.0,75.0,40.910548
NKE,2026-08-21 19:50:00+00:00,40.895,40.9,40.835,40.835,9863.0,88.0,40.875521
NKE,2026-08-21 19:55:00+00:00,40.83,40.83,40.735,40.75,48761.0,439.0,40.766016
NKE,2026-08-24 13:30:00+00:00,40.98,41.17,40.86,41.03,15682.0,137.0,40.985606
NKE,2026-08-24 13:35:00+00:00,41.04,41.085,40.93,41.045,20125.0,142.0,41.016872
NKE,2026-08-24 13:40:00+00:00,41.055,41.16,40.99,40.99,12590.0,99.0,41.089984
NKE,2026-08-24 13:45:00+00:00,41.02,41.05,40.86,40.89,16328.0,133.0,40.945945
NKE,2026-08-24 13:50:00+00:00,40.94,41.04,40.94,40.98,6339.0,62.0,40.995945
NKE,2026-08-24 13:55:00+00:00,40.96,41.08,40.945,41.08,11598.0,90.0,41.011477
NKE,2026-08-24 14:00:00+00:00,41.05,41.285,41.025,41.285,27236.0,233.0,41.18648
NKE,2026-08-24 14:05:00+00:00,41.29,41.33,41.1,41.15,14275.0,119.0,41.165307
NKE,2026-08-24 14:10:00+00:00,41.11,41.205,41.11,41.175,6238.0,55.0,41.152394
NKE,2026-08-24 14:15:00+00:00,41.165,41.165,41.11,41.125,8042.0,68.0,41.138509
NKE,2026-08-24 14:20:00+00:00,41.145,41.17,41.125,41.125,9526.0,92.0,41.142674
NKE,2026-08-24 14:25:00+00:00,41.125,41.225,41.06,41.225,20899.0,155.0,41.148883
NKE,2026-08-24 14:30:00+00:00,41.21,41.21,41.12,41.13,11236.0,88.0,41.178191
NKE,2026-08-24 14:35:00+00:00,41.13,41.255,41.125,41.255,27932.0,192.0,41.204046
NKE,2026-08-24 14:40:00+00:00,41.225,41.23,41.155,41.185,12032.0,88.0,41.205047
NKE,2026-08-24 14:45:00+00:00,41.19,41.24,41.115,41.12,13335.0,95.0,41.157968
NKE,2026-08-24 14:50:00+00:00,41.095,41.095,40.95,40.95,12853.0,97.0,41.037963
NKE,2026-08-24 14:55:00+00:00,40.945,41.035,40.89,41.035,10223.0,76.0,40.950687
NKE,2026-08-24 15:00:00+00:00,41.03,41.03,40.92,40.965,7951.0,69.0,40.969402
NKE,2026-08-24 15:05:00+00:00,40.965,40.99,40.94,40.97,4514.0,40.0,40.964102
NKE,2026-08-24 15:10:00+00:00,40.99,40.995,40.89,40.89,5548.0,44.0,40.957386
NKE,2026-08-24 15:15:00+00:00,40.89,40.94,40.89,40.895,9390.0,59.0,40.90552
NKE,2026-08-24 15:20:00+00:00,40.905,40.935,40.89,40.915,5579.0,58.0,40.91227
NKE,2026-08-24 15:25:00+00:00,40.915,41.02,40.915,41.005,11777.0,118.0,40.973507
NKE,2026-08-24 15:30:00+00:00,41.005,41.005,40.93,40.965,8691.0,88.0,40.972175
NKE,2026-08-24 15:35:00+00:00,40.955,40.955,40.905,40.91,8765.0,68.0,40.928377
NKE,2026-08-24 15:40:00+00:00,40.925,40.925,40.895,40.91,6589.0,57.0,40.911752
NKE,2026-08-24 15:45:00+00:00,40.905,40.905,40.86,40.895,2934.0,43.0,40.884593
NKE,2026-08-24 15:50:00+00:00,40.885,40.915,40.85,40.905,3100.0,43.0,40.879008
NKE,2026-08-24 15:55:00+00:00,40.92,40.93,40.895,40.93,3297.0,50.0,40.915769
NKE,2026-08-24 16:00:00+00:00,40.925,41.005,40.925,40.965,16530.0,122.0,40.979388
NKE,2026-08-24 16:05:00+00:00,40.98,40.985,40.9,40.9,1790.0,35.0,40.943
NKE,2026-08-24 16:10:00+00:00,40.905,40.915,40.86,40.86,1770.0,22.0,40.89569
NKE,2026-08-24 16:15:00+00:00,40.85,40.865,40.835,40.855,3444.0,36.0,40.854659
NKE,2026-08-24 16:20:00+00:00,40.865,40.865,40.815,40.815,532.0,14.0,40.85
NKE,2026-08-24 16:25:00+00:00,40.835,40.865,40.83,40.855,2120.0,29.0,40.840814
NKE,2026-08-24 16:30:00+00:00,40.83,40.83,40.735,40.75,6377.0,65.0,40.776042
NKE,2026-08-24 16:35:00+00:00,40.775,40.795,40.765,40.795,1861.0,32.0,40.77918
NKE,2026-08-24 16:40:00+00:00,40.78,40.785,40.755,40.765,3042.0,32.0,40.775769
NKE,2026-08-24 16:45:00+00:00,40.765,40.8,40.765,40.775,1070.0,22.0,40.783889
NKE,2026-08-24 16:50:00+00:00,40.76,40.76,40.72,40.735,3394.0,43.0,40.740324
NKE,2026-08-24 16:55:00+00:00,40.745,40.77,40.745,40.765,1683.0,30.0,40.75625
NKE,2026-08-24 17:00:00+00:00,40.775,40.775,40.71,40.71,1931.0,34.0,40.725667
NKE,2026-08-24 17:05:00+00:00,40.735,40.8,40.735,40.74,1134.0,25.0,40.767778
NKE,2026-08-24 17:10:00+00:00,40.78,40.785,40.76,40.785,2543.0,26.0,40.775435
NKE,2026-08-24 17:15:00+00:00,40.79,40.865,40.755,40.855,4040.0,47.0,40.808094
NKE,2026-08-24 17:20:00+00:00,40.845,40.855,40.77,40.77,3456.0,65.0,40.808761
NKE,2026-08-24 17:25:00+00:00,40.77,40.77,40.74,40.74,3508.0,38.0,40.753504
NKE,2026-08-24 17:30:00+00:00,40.765,40.765,40.725,40.735,3651.0,34.0,40.743281
NKE,2026-08-24 17:35:00+00:00,40.74,40.83,40.74,40.83,6524.0,73.0,40.795295
NKE,2026-08-24 17:40:00+00:00,40.835,40.875,40.835,40.87,2567.0,37.0,40.85625
NKE,2026-08-24 17:45:00+00:00,40.88,40.88,40.84,40.865,12977.0,54.0,40.859734
NKE,2026-08-24 17:50:00+00:00,40.865,40.895,40.84,40.84,5359.0,39.0,40.871361
NKE,2026-08-24 17:55:00+00:00,40.84,40.86,40.81,40.855,3852.0,55.0,40.836972
NKE,2026-08-24 18:00:00+00:00,40.86,40.915,40.86,40.915,31861.0,98.0,40.879712
NKE,2026-08-24 18:05:00+00:00,40.915,40.935,40.895,40.925,8406.0,42.0,40.914399
NKE,2026-08-24 18:10:00+00:00,40.925,40.955,40.925,40.95,2994.0,30.0,40.943003
NKE,2026-08-24 18:15:00+00:00,40.94,40.965,40.925,40.955,4242.0,20.0,40.937131
NKE,2026-08-24 18:20:00+00:00,40.955,41.005,40.92,40.925,40688.0,155.0,40.964247
NKE,2026-08-24 18:25:00+00:00,40.96,41.03,40.94,41.025,26066.0,150.0,40.984539
NKE,2026-08-24 18:30:00+00:00,41.025,41.045,40.97,40.97,9221.0,59.0,40.996215
NKE,2026-08-24 18:35:00+00:00,40.975,40.985,40.905,40.905,26260.0,143.0,40.962625
NKE,2026-08-24 18:40:00+00:00,40.905,41.015,40.905,41.01,12013.0,80.0,40.953891
NKE,2026-08-24 18:45:00+00:00,41.005,41.025,41.005,41.02,1873.0,39.0,41.0182
NKE,2026-08-24 18:50:00+00:00,41.045,41.045,40.995,41.01,2554.0,23.0,41.02125
NKE,2026-08-24 18:55:00+00:00,41.01,41.025,40.95,41.025,8106.0,66.0,40.984065
NKE,2026-08-24 19:00:00+00:00,41.025,41.03,40.985,41.0,11187.0,69.0,40.998702
NKE,2026-08-24 19:05:00+00:00,41.01,41.035,40.97,40.97,8179.0,64.0,40.986453
NKE,2026-08-24 19:10:00+00:00,40.975,41.015,40.975,40.995,3458.0,50.0,41.000355
NKE,2026-08-24 19:15:00+00:00,41.005,41.02,40.985,40.985,6091.0,59.0,40.997041
NKE,2026-08-24 19:20:00+00:00,40.98,41.085,40.98,41.045,7340.0,74.0,41.033859
NKE,2026-08-24 19:25:00+00:00,41.03,41.055,41.01,41.055,6732.0,66.0,41.034503
NKE,2026-08-24 19:30:00+00:00,41.09,41.09,41.035,41.07,5771.0,59.0,41.060333
NKE,2026-08-24 19:35:00+00:00,41.07,41.075,41.07,41.075,6859.0,41.0,41.07374
NKE,2026-08-24 19:40:00+00:00,41.075,41.085,40.975,40.985,10968.0,111.0,41.038553
NKE,2026-08-24 19:45:00+00:00,40.99,40.995,40.835,40.835,19378.0,119.0,40.875555
NKE,2026-08-24 19:50:00+00:00,40.85,40.855,40.77,40.8,14016.0,131.0,40.798727
NKE,2026-08-24 19:55:00+00:00,40.77,40.8,40.68,40.755,97926.0,736.0,40.741606
NKE,2026-08-25 12:50:00+00:00,39.65,39.65,39.65,39.65,531.0,5.0,39.65
NKE,2026-08-25 13:30:00+00:00,39.515,39.545,39.23,39.32,70978.0,413.0,39.380336
NKE,2026-08-25 13:35:00+00:00,39.305,39.42,39.03,39.355,130376.0,736.0,39.154966
NKE,2026-08-25 13:40:00+00:00,39.37,39.495,39.285,39.32,66386.0,439.0,39.406452
NKE,2026-08-25 13:45:00+00:00,39.285,39.375,39.22,39.365,51469.0,355.0,39.325294
NKE,2026-08-25 13:50:00+00:00,39.365,39.43,39.325,39.375,35937.0,321.0,39.370087
NKE,2026-08-25 13:55:00+00:00,39.37,39.435,39.315,39.435,46009.0,378.0,39.387644
NKE,2026-08-25 14:00:00+00:00,39.4,39.41,39.265,39.38,27649.0,229.0,39.350027
NKE,2026-08-25 14:05:00+00:00,39.385,39.53,39.355,39.52,106919.0,448.0,39.43329
NKE,2026-08-25 14:10:00+00:00,39.52,39.59,39.5,39.56,78281.0,366.0,39.550646
NKE,2026-08-25 14:15:00+00:00,39.565,39.595,39.525,39.57,81051.0,237.0,39.567156
NKE,2026-08-25 14:20:00+00:00,39.565,39.71,39.565,39.705,56632.0,306.0,39.651935
NKE,2026-08-25 14:25:00+00:00,39.705,39.78,39.65,39.78,33751.0,246.0,39.718153
NKE,2026-08-25 14:30:00+00:00,39.79,39.81,39.62,39.625,38764.0,247.0,39.703151
NKE,2026-08-25 14:35:00+00:00,39.62,39.66,39.58,39.595,25514.0,151.0,39.607488
NKE,2026-08-25 14:40:00+00:00,39.595,39.595,39.54,39.575,13973.0,99.0,39.56122
NKE,2026-08-25 14:45:00+00:00,39.575,39.64,39.555,39.555,13205.0,108.0,39.598772
NKE,2026-08-25 14:50:00+00:00,39.555,39.595,39.54,39.595,9908.0,70.0,39.563963
NKE,2026-08-25 14:55:00+00:00,39.6,39.665,39.6,39.655,17599.0,113.0,39.62984
NKE,2026-08-25 15:00:00+00:00,39.655,39.725,39.625,39.71,32095.0,166.0,39.656204
NKE,2026-08-25 15:05:00+00:00,39.705,39.705,39.67,39.685,7540.0,75.0,39.69097
NKE,2026-08-25 15:10:00+00:00,39.675,39.76,39.655,39.735,13735.0,68.0,39.719205
NKE,2026-08-25 15:15:00+00:00,39.74,39.745,39.715,39.72,12633.0,87.0,39.728143
NKE,2026-08-25 15:20:00+00:00,39.7,39.72,39.675,39.675,12925.0,97.0,39.696149
NKE,2026-08-25 15:25:00+00:00,39.675,39.695,39.625,39.64,20292.0,113.0,39.661472
NKE,2026-08-25 15:30:00+00:00,39.63,39.63,39.555,39.605,26235.0,169.0,39.602335
NKE,2026-08-25 15:35:00+00:00,39.61,39.705,39.605,39.675,17377.0,119.0,39.646773
NKE,2026-08-25 15:40:00+00:00,39.655,39.665,39.585,39.645,8908.0,70.0,39.622662
NKE,2026-08-25 15:45:00+00:00,39.61,39.61,39.51,39.565,8189.0,67.0,39.564298
NKE,2026-08-25 15:50:00+00:00,39.565,39.595,39.54,39.58,8434.0,58.0,39.570524
NKE,2026-08-25 15:55:00+00:00,39.56,39.585,39.55,39.575,8119.0,70.0,39.558012
NKE,2026-08-25 16:00:00+00:00,39.57,39.58,39.52,39.52,12469.0,96.0,39.552923
NKE,2026-08-25 16:05:00+00:00,39.525,39.615,39.52,39.615,18757.0,112.0,39.560258
NKE,2026-08-25 16:10:00+00:00,39.605,39.68,39.605,39.65,6622.0,65.0,39.642599
NKE,2026-08-25 16:15:00+00:00,39.635,39.64,39.59,39.605,11907.0,71.0,39.619134
NKE,2026-08-25 16:20:00+00:00,39.605,39.63,39.59,39.63,3591.0,38.0,39.606226
NKE,2026-08-25 16:25:00+00:00,39.62,39.645,39.62,39.645,4257.0,48.0,39.633314
NKE,2026-08-25 16:30:00+00:00,39.65,39.69,39.65,39.67,9097.0,56.0,39.665951
NKE,2026-08-25 16:35:00+00:00,39.69,39.78,39.69,39.765,6704.0,61.0,39.747001
NKE,2026-08-25 16:40:00+00:00,39.755,39.79,39.74,39.77,10198.0,60.0,39.771886
NKE,2026-08-25 16:45:00+00:00,39.775,39.82,39.775,39.8,5668.0,39.0,39.808876
NKE,2026-08-25 16:50:00+00:00,39.815,39.815,39.755,39.775,9462.0,42.0,39.775494
NKE,2026-08-25 16:55:00+00:00,39.78,39.815,39.75,39.815,7005.0,65.0,39.777479
NKE,2026-08-25 17:00:00+00:00,39.79,39.855,39.75,39.85,12846.0,72.0,39.773901
NKE,2026-08-25 17:05:00+00:00,39.84,39.855,39.775,39.85,24322.0,88.0,39.831038
NKE,2026-08-25 17:10:00+00:00,39.85,39.85,39.805,39.835,2499.0,22.0,39.840585
NKE,2026-08-25 17:15:00+00:00,39.825,39.835,39.76,39.77,6858.0,69.0,39.79429
NKE,2026-08-25 17:20:00+00:00,39.765,39.785,39.72,39.745,9041.0,68.0,39.7524
NKE,2026-08-25 17:25:00+00:00,39.735,39.735,39.71,39.71,6124.0,43.0,39.71911
NKE,2026-08-25 17:30:00+00:00,39.72,39.74,39.715,39.72,5970.0,51.0,39.723761
NKE,2026-08-25 17:35:00+00:00,39.735,39.735,39.695,39.705,10831.0,58.0,39.709647
NKE,2026-08-25 17:40:00+00:00,39.675,39.7,39.625,39.63,8126.0,62.0,39.670122
NKE,2026-08-25 17:45:00+00:00,39.655,39.68,39.57,39.57,12665.0,100.0,39.637479
NKE,2026-08-25 17:50:00+00:00,39.575,39.58,39.51,39.51,13488.0,107.0,39.542048
NKE,2026-08-25 17:55:00+00:00,39.51,39.51,39.415,39.435,12784.0,95.0,39.456024
NKE,2026-08-25 18:00:00+00:00,39.43,39.57,39.425,39.57,18781.0,79.0,39.506265
NKE,2026-08-25 18:05:00+00:00,39.555,39.625,39.555,39.605,4939.0,31.0,39.599171
NKE,2026-08-25 18:10:00+00:00,39.615,39.615,39.55,39.565,2992.0,28.0,39.573077
NKE,2026-08-25 18:15:00+00:00,39.52,39.52,39.48,39.485,4901.0,46.0,39.491491
NKE,2026-08-25 18:20:00+00:00,39.49,39.5,39.47,39.475,10474.0,57.0,39.486803
NKE,2026-08-25 18:25:00+00:00,39.47,39.485,39.465,39.485,746.0,14.0,39.473333
NKE,2026-08-25 18:30:00+00:00,39.48,39.5,39.47,39.5,8512.0,56.0,39.48652
NKE,2026-08-25 18:35:00+00:00,39.5,39.5,39.43,39.465,16038.0,80.0,39.454241
NKE,2026-08-25 18:40:00+00:00,39.485,39.495,39.46,39.475,10628.0,53.0,39.470571
NKE,2026-08-25 18:45:00+00:00,39.47,39.475,39.425,39.44,9620.0,47.0,39.441722
NKE,2026-08-25 18:50:00+00:00,39.435,39.435,39.375,39.415,15084.0,101.0,39.394618
NKE,2026-08-25 18:55:00+00:00,39.405,39.415,39.39,39.4,8730.0,45.0,39.40473
NKE,2026-08-25 19:00:00+00:00,39.39,39.4,39.36,39.38,34966.0,99.0,39.375351
NKE,2026-08-25 19:05:00+00:00,39.375,39.43,39.37,39.415,5047.0,46.0,39.410238
NKE,2026-08-25 19:10:00+00:00,39.43,39.445,39.415,39.42,5211.0,64.0,39.428986
NKE,2026-08-25 19:15:00+00:00,39.41,39.46,39.39,39.45,9614.0,74.0,39.426391
NKE,2026-08-25 19:20:00+00:00,39.445,39.445,39.34,39.385,23314.0,160.0,39.366602
NKE,2026-08-25 19:25:00+00:00,39.395,39.395,39.345,39.355,17963.0,138.0,39.363004
NKE,2026-08-25 19:30:00+00:00,39.355,39.48,39.355,39.475,18915.0,168.0,39.426835
NKE,2026-08-25 19:35:00+00:00,39.47,39.47,39.43,39.445,15036.0,136.0,39.447605
NKE,2026-08-25 19:40:00+00:00,39.445,39.58,39.445,39.575,30423.0,211.0,39.508063
NKE,2026-08-25 19:45:00+00:00,39.57,39.585,39.475,39.53,36500.0,192.0,39.539643
NKE,2026-08-25 19:50:00+00:00,39.54,39.56,39.415,39.46,89543.0,433.0,39.472841
NKE,2026-08-25 19:55:00+00:00,39.455,39.485,39.405,39.47,224751.0,1148.0,39.440137
NKE,2026-08-26 13:30:00+00:00,39.4,39.48,39.185,39.19,23052.0,193.0,39.306876
NKE,2026-08-26 13:35:00+00:00,39.2,39.255,39.02,39.045,37935.0,276.0,39.132773
NKE,2026-08-26 13:40:00+00:00,39.03,39.04,38.915,38.97,46088.0,348.0,38.97476
NKE,2026-08-26 13:45:00+00:00,38.97,39.085,38.94,39.045,36963.0,305.0,39.024123
NKE,2026-08-26 13:50:00+00:00,39.04,39.05,38.96,39.005,29885.0,241.0,39.008056
NKE,2026-08-26 13:55:00+00:00,39.0,39.065,38.975,38.975,23387.0,218.0,39.028322
NKE,2026-08-26 14:00:00+00:00,38.98,39.045,38.975,39.04,12583.0,125.0,39.012811
NKE,2026-08-26 14:05:00+00:00,39.03,39.105,38.99,39.105,15521.0,104.0,39.036591
NKE,2026-08-26 14:10:00+00:00,39.105,39.185,39.1,39.185,27734.0,171.0,39.159069
NKE,2026-08-26 14:15:00+00:00,39.195,39.26,39.185,39.235,44038.0,208.0,39.219727
NKE,2026-08-26 14:20:00+00:00,39.24,39.335,39.07,39.08,57738.0,210.0,39.253003
NKE,2026-08-26 14:25:00+00:00,39.075,39.095,39.015,39.02,20882.0,154.0,39.054279
NKE,2026-08-26 14:30:00+00:00,39.01,39.015,38.91,38.96,45569.0,265.0,38.953335
NKE,2026-08-26 14:35:00+00:00,38.95,38.95,38.785,38.795,79239.0,401.0,38.853908
NKE,2026-08-26 14:40:00+00:00,38.795,38.835,38.6,38.665,125188.0,627.0,38.706107
NKE,2026-08-26 14:45:00+00:00,38.67,38.68,38.585,38.605,44693.0,259.0,38.623512
NKE,2026-08-26 14:50:00+00:00,38.61,38.625,38.51,38.545,28810.0,226.0,38.565721
NKE,2026-08-26 14:55:00+00:00,38.525,38.61,38.49,38.54,47552.0,305.0,38.542774
NKE,2026-08-26 15:00:00+00:00,38.535,38.585,38.535,38.585,20138.0,171.0,38.555991
NKE,2026-08-26 15:05:00+00:00,38.575,38.635,38.55,38.555,17070.0,136.0,38.589084
NKE,2026-08-26 15:10:00+00:00,38.555,38.575,38.53,38.56,23902.0,165.0,38.556568
NKE,2026-08-26 15:15:00+00:00,38.57,38.61,38.505,38.56,46864.0,298.0,38.569027
NKE,2026-08-26 15:20:00+00:00,38.565,38.625,38.565,38.59,54716.0,313.0,38.594922
NKE,2026-08-26 15:25:00+00:00,38.595,38.615,38.575,38.58,37527.0,232.0,38.597957
NKE,2026-08-26 15:30:00+00:00,38.555,38.565,38.43,38.435,73859.0,397.0,38.4891
NKE,2026-08-26 15:35:00+00:00,38.43,38.515,38.415,38.515,37040.0,233.0,38.465416
NKE,2026-08-26 15:40:00+00:00,38.51,38.59,38.51,38.59,23895.0,175.0,38.547104
NKE,2026-08-26 15:45:00+00:00,38.59,38.59,38.53,38.565,29521.0,174.0,38.556875
NKE,2026-08-26 15:50:00+00:00,38.565,38.625,38.555,38.605,32397.0,208.0,38.582424
NKE,2026-08-26 15:55:00+00:00,38.605,38.705,38.605,38.665,30784.0,165.0,38.668881
NKE,2026-08-26 16:00:00+00:00,38.66,38.675,38.595,38.595,11558.0,93.0,38.620039
NKE,2026-08-26 16:05:00+00:00,38.595,38.65,38.595,38.625,10173.0,79.0,38.620855
NKE,2026-08-26 16:10:00+00:00,38.625,38.645,38.58,38.58,8324.0,66.0,38.625247
NKE,2026-08-26 16:15:00+00:00,38.575,38.59,38.56,38.56,13265.0,91.0,38.576619
NKE,2026-08-26 16:20:00+00:00,38.56,38.6,38.525,38.535,19344.0,126.0,38.561907
NKE,2026-08-26 16:25:00+00:00,38.53,38.565,38.515,38.565,6728.0,53.0,38.538275
NKE,2026-08-26 16:30:00+00:00,38.57,38.61,38.555,38.575,12688.0,76.0,38.575213
NKE,2026-08-26 16:35:00+00:00,38.585,38.625,38.56,38.6,28899.0,131.0,38.594627
NKE,2026-08-26 16:40:00+00:00,38.535,38.55,38.505,38.515,9986.0,74.0,38.529302
NKE,2026-08-26 16:45:00+00:00,38.515,38.565,38.515,38.565,10814.0,75.0,38.539668
NKE,2026-08-26 16:50:00+00:00,38.575,38.59,38.555,38.565,16306.0,89.0,38.57923
NKE,2026-08-26 16:55:00+00:00,38.575,38.58,38.57,38.58,10688.0,67.0,38.575783
NKE,2026-08-26 17:00:00+00:00,38.58,38.585,38.515,38.525,16755.0,110.0,38.545982
NKE,2026-08-26 17:05:00+00:00,38.51,38.55,38.51,38.55,8841.0,60.0,38.524756
NKE,2026-08-26 17:10:00+00:00,38.545,38.55,38.53,38.53,9335.0,74.0,38.538546
NKE,2026-08-26 17:15:00+00:00,38.535,38.585,38.535,38.585,9712.0,71.0,38.566122
NKE,2026-08-26 17:20:00+00:00,38.59,38.62,38.585,38.62,6241.0,52.0,38.605302
NKE,2026-08-26 17:25:00+00:00,38.615,38.645,38.615,38.635,4412.0,41.0,38.629144
NKE,2026-08-26 17:30:00+00:00,38.63,38.655,38.625,38.65,11266.0,72.0,38.644759
NKE,2026-08-26 17:35:00+00:00,38.635,38.645,38.605,38.605,4227.0,35.0,38.629229
NKE,2026-08-26 17:40:00+00:00,38.605,38.635,38.595,38.63,6401.0,49.0,38.613409
NKE,2026-08-26 17:45:00+00:00,38.625,38.655,38.595,38.655,7851.0,57.0,38.616479
NKE,2026-08-26 17:50:00+00:00,38.655,38.67,38.645,38.66,14990.0,100.0,38.663133
NKE,2026-08-26 17:55:00+00:00,38.665,38.675,38.655,38.675,5050.0,52.0,38.660333
NKE,2026-08-26 18:00:00+00:00,38.675,38.675,38.645,38.65,8612.0,72.0,38.654764
NKE,2026-08-26 18:05:00+00:00,38.65,38.66,38.615,38.62,8059.0,83.0,38.634977
NKE,2026-08-26 18:10:00+00:00,38.62,38.635,38.62,38.635,3484.0,41.0,38.626755
NKE,2026-08-26 18:15:00+00:00,38.645,38.705,38.645,38.7,7640.0,75.0,38.680076
NKE,2026-08-26 18:20:00+00:00,38.69,38.705,38.615,38.64,11982.0,76.0,38.673958
NKE,2026-08-26 18:25:00+00:00,38.625,38.635,38.615,38.615,4694.0,38.0,38.620521
NKE,2026-08-26 18:30:00+00:00,38.625,38.665,38.625,38.655,3410.0,38.0,38.642092
NKE,2026-08-26 18:35:00+00:00,38.665,38.69,38.645,38.685,17549.0,107.0,38.672006
NKE,2026-08-26 18:40:00+00:00,38.685,38.685,38.675,38.685,4182.0,47.0,38.678205
NKE,2026-08-26 18:45:00+00:00,38.685,38.695,38.67,38.685,3290.0,39.0,38.686428
NKE,2026-08-26 18:50:00+00:00,38.655,38.705,38.655,38.705,5706.0,52.0,38.68235
NKE,2026-08-26 18:55:00+00:00,38.71,38.735,38.705,38.705,5916.0,49.0,38.721616
NKE,2026-08-26 19:00:00+00:00,38.695,38.795,38.695,38.77,11700.0,90.0,38.754361
NKE,2026-08-26 19:05:00+00:00,38.78,38.79,38.745,38.755,5782.0,46.0,38.767333
NKE,2026-08-26 19:10:00+00:00,38.76,38.76,38.745,38.755,3930.0,50.0,38.75268
NKE,2026-08-26 19:15:00+00:00,38.755,38.785,38.755,38.765,5799.0,54.0,38.769827
NKE,2026-08-26 19:20:00+00:00,38.765,38.765,38.65,38.655,28467.0,111.0,38.678862
NKE,2026-08-26 19:25:00+00:00,38.655,38.675,38.615,38.615,14288.0,92.0,38.647024
NKE,2026-08-26 19:30:00+00:00,38.615,38.67,38.615,38.64,18370.0,124.0,38.644808
NKE,2026-08-26 19:35:00+00:00,38.635,38.655,38.62,38.635,9587.0,99.0,38.633289
NKE,2026-08-26 19:40:00+00:00,38.63,38.63,38.575,38.58,15351.0,144.0,38.596496
NKE,2026-08-26 19:45:00+00:00,38.575,38.67,38.575,38.665,16471.0,129.0,38.621122
NKE,2026-08-26 19:50:00+00:00,38.675,38.755,38.67,38.685,34409.0,284.0,38.706841
NKE,2026-08-26 19:55:00+00:00,38.685,38.685,38.565,38.6,81213.0,703.0,38.601839
NKE,2026-08-27 13:30:00+00:00,38.41,38.67,38.39,38.55,17055.0,143.0,38.555587
NKE,2026-08-27 13:35:00+00:00,38.51,38.64,38.51,38.62,20200.0,195.0,38.568921
NKE,2026-08-27 13:40:00+00:00,38.62,38.64,38.52,38.62,17947.0,180.0,38.57004
NKE,2026-08-27 13:45:00+00:00,38.61,38.69,38.6,38.68,17472.0,164.0,38.648273
NKE,2026-08-27 13:50:00+00:00,38.68,38.79,38.64,38.705,17060.0,194.0,38.722587
NKE,2026-08-27 13:55:00+00:00,38.705,38.715,38.59,38.615,10955.0,111.0,38.657838
NKE,2026-08-27 14:00:00+00:00,38.605,38.62,38.56,38.61,15426.0,147.0,38.587893
NKE,2026-08-27 14:05:00+00:00,38.63,38.64,38.555,38.62,9237.0,72.0,38.603126
NKE,2026-08-27 14:10:00+00:00,38.62,38.62,38.545,38.575,16422.0,131.0,38.584421
NKE,2026-08-27 14:15:00+00:00,38.585,38.625,38.555,38.62,5845.0,61.0,38.581895
NKE,2026-08-27 14:20:00+00:00,38.58,38.63,38.565,38.63,10489.0,98.0,38.580823
NKE,2026-08-27 14:25:00+00:00,38.63,38.65,38.61,38.62,6060.0,68.0,38.623336
NKE,2026-08-27 14:30:00+00:00,38.615,38.645,38.605,38.64,7822.0,71.0,38.629132
NKE,2026-08-27 14:35:00+00:00,38.66,38.705,38.65,38.705,11616.0,104.0,38.671398
NKE,2026-08-27 14:40:00+00:00,38.67,38.705,38.655,38.665,4788.0,76.0,38.684224
NKE,2026-08-27 14:45:00+00:00,38.66,38.665,38.56,38.575,7032.0,99.0,38.607183
NKE,2026-08-27 14:50:00+00:00,38.575,38.6,38.5,38.555,21084.0,158.0,38.547508
NKE,2026-08-27 14:55:00+00:00,38.55,38.61,38.545,38.61,11066.0,111.0,38.563282
NKE,2026-08-27 15:00:00+00:00,38.6,38.6,38.45,38.49,43005.0,194.0,38.49236
NKE,2026-08-27 15:05:00+00:00,38.495,38.505,38.44,38.505,7908.0,87.0,38.466786
NKE,2026-08-27 15:10:00+00:00,38.525,38.575,38.5,38.57,13349.0,88.0,38.541626
NKE,2026-08-27 15:15:00+00:00,38.56,38.625,38.54,38.615,6450.0,72.0,38.568506
NKE,2026-08-27 15:20:00+00:00,38.615,38.615,38.565,38.595,13154.0,110.0,38.594902
NKE,2026-08-27 15:25:00+00:00,38.605,38.605,38.515,38.525,14821.0,111.0,38.561019
NKE,2026-08-27 15:30:00+00:00,38.515,38.525,38.455,38.525,6146.0,62.0,38.503977
NKE,2026-08-27 15:35:00+00:00,38.515,38.55,38.465,38.48,19239.0,110.0,38.516652
NKE,2026-08-27 15:40:00+00:00,38.475,38.5,38.435,38.445,16027.0,122.0,38.469529
NKE,2026-08-27 15:45:00+00:00,38.455,38.46,38.435,38.455,12264.0,111.0,38.450237
NKE,2026-08-27 15:50:00+00:00,38.47,38.47,38.39,38.395,19841.0,135.0,38.410848
NKE,2026-08-27 15:55:00+00:00,38.405,38.405,38.35,38.35,35177.0,223.0,38.370887
NKE,2026-08-27 16:00:00+00:00,38.36,38.38,38.35,38.355,30682.0,184.0,38.360281
NKE,2026-08-27 16:05:00+00:00,38.36,38.39,38.32,38.39,18866.0,134.0,38.354801
NKE,2026-08-27 16:10:00+00:00,38.39,38.39,38.31,38.34,28310.0,159.0,38.340693
NKE,2026-08-27 16:15:00+00:00,38.335,38.35,38.315,38.33,10310.0,92.0,38.329634
NKE,2026-08-27 16:20:00+00:00,38.32,38.4,38.32,38.4,20017.0,164.0,38.364768
NKE,2026-08-27 16:25:00+00:00,38.395,38.505,38.395,38.5,24053.0,187.0,38.437884
NKE,2026-08-27 16:30:00+00:00,38.505,38.53,38.485,38.495,10026.0,90.0,38.515322
NKE,2026-08-27 16:35:00+00:00,38.485,38.5,38.475,38.475,5322.0,65.0,38.48521
NKE,2026-08-27 16:40:00+00:00,38.475,38.505,38.475,38.49,1353.0,29.0,38.491
NKE,2026-08-27 16:45:00+00:00,38.49,38.515,38.46,38.465,3300.0,43.0,38.486605
NKE,2026-08-27 16:50:00+00:00,38.465,38.535,38.435,38.51,51332.0,217.0,38.502371
NKE,2026-08-27 16:55:00+00:00,38.52,38.525,38.455,38.475,10913.0,97.0,38.481505
NKE,2026-08-27 17:00:00+00:00,38.495,38.495,38.45,38.45,3113.0,34.0,38.469968
NKE,2026-08-27 17:05:00+00:00,38.445,38.5,38.435,38.475,4493.0,42.0,38.471805
NKE,2026-08-27 17:10:00+00:00,38.475,38.51,38.47,38.495,5650.0,70.0,38.489812
NKE,2026-08-27 17:15:00+00:00,38.495,38.52,38.465,38.465,14715.0,100.0,38.505523
NKE,2026-08-27 17:20:00+00:00,38.465,38.47,38.435,38.46,18107.0,115.0,38.456623
NKE,2026-08-27 17:25:00+00:00,38.465,38.465,38.39,38.405,16247.0,119.0,38.416511
NKE,2026-08-27 17:30:00+00:00,38.405,38.415,38.39,38.39,10168.0,74.0,38.398063
NKE,2026-08-27 17:35:00+00:00,38.39,38.39,38.325,38.335,33481.0,185.0,38.351339
NKE,2026-08-27 17:40:00+00:00,38.33,38.335,38.315,38.33,10409.0,85.0,38.32671
NKE,2026-08-27 17:45:00+00:00,38.32,38.325,38.28,38.305,8041.0,83.0,38.302324
NKE,2026-08-27 17:50:00+00:00,38.305,38.31,38.275,38.275,9046.0,86.0,38.287231
NKE,2026-08-27 17:55:00+00:00,38.275,38.275,38.235,38.25,29553.0,146.0,38.248273
NKE,2026-08-27 18:00:00+00:00,38.245,38.25,38.225,38.25,5161.0,67.0,38.238828
NKE,2026-08-27 18:05:00+00:00,38.25,38.28,38.23,38.23,15596.0,107.0,38.247996
NKE,2026-08-27 18:10:00+00:00,38.23,38.23,38.19,38.195,7672.0,77.0,38.213322
NKE,2026-08-27 18:15:00+00:00,38.19,38.2,38.175,38.19,10656.0,74.0,38.185803
NKE,2026-08-27 18:20:00+00:00,38.2,38.23,38.2,38.23,9247.0,79.0,38.216957
NKE,2026-08-27 18:25:00+00:00,38.22,38.235,38.19,38.19,7635.0,81.0,38.203323
NKE,2026-08-27 18:30:00+00:00,38.185,38.37,38.185,38.37,20248.0,176.0,38.276329
NKE,2026-08-27 18:35:00+00:00,38.36,38.425,38.35,38.4,55632.0,283.0,38.380239
NKE,2026-08-27 18:40:00+00:00,38.4,38.43,38.37,38.43,45508.0,266.0,38.393091
NKE,2026-08-27 18:45:00+00:00,38.425,38.46,38.415,38.425,25550.0,138.0,38.427685
NKE,2026-08-27 18:50:00+00:00,38.415,38.465,38.41,38.465,22973.0,128.0,38.430542
NKE,2026-08-27 18:55:00+00:00,38.47,38.49,38.415,38.42,21286.0,131.0,38.458797
NKE,2026-08-27 19:00:00+00:00,38.425,38.47,38.405,38.455,11990.0,100.0,38.442547
NKE,2026-08-27 19:05:00+00:00,38.46,38.475,38.38,38.38,7771.0,70.0,38.430956
NKE,2026-08-27 19:10:00+00:00,38.365,38.395,38.36,38.38,7655.0,74.0,38.381783
NKE,2026-08-27 19:15:00+00:00,38.4,38.405,38.335,38.36,6758.0,75.0,38.362267
NKE,2026-08-27 19:20:00+00:00,38.35,38.35,38.32,38.33,10474.0,106.0,38.331582
NKE,2026-08-27 19:25:00+00:00,38.34,38.365,38.34,38.36,4389.0,53.0,38.358539
NKE,2026-08-27 19:30:00+00:00,38.36,38.425,38.355,38.385,22557.0,175.0,38.399304
NKE,2026-08-27 19:35:00+00:00,38.385,38.425,38.385,38.4,12666.0,102.0,38.398836
NKE,2026-08-27 19:40:00+00:00,38.4,38.4,38.345,38.35,14283.0,152.0,38.372492
NKE,2026-08-27 19:45:00+00:00,38.35,38.38,38.35,38.36,22134.0,154.0,38.363993
NKE,2026-08-27 19:50:00+00:00,38.365,38.44,38.355,38.44,22739.0,210.0,38.396224
NKE,2026-08-27 19:55:00+00:00,38.435,38.48,38.33,38.42,86033.0,778.0,38.388664
NKE,2026-08-27 20:35:00+00:00,38.5,38.5,38.5,38.5,113.0,1.0,38.5
NKE,2026-08-28 13:30:00+00:00,38.72,38.81,38.56,38.735,23203.0,170.0,38.686197
NKE,2026-08-28 13:35:00+00:00,38.735,38.93,38.71,38.835,30866.0,218.0,38.83146
NKE,2026-08-28 13:40:00+00:00,38.855,38.9,38.67,38.695,15703.0,142.0,38.779848
NKE,2026-08-28 13:45:00+00:00,38.68,38.81,38.68,38.81,13342.0,123.0,38.756758
NKE,2026-08-28 13:50:00+00:00,38.81,38.94,38.8,38.94,17443.0,162.0,38.855373
NKE,2026-08-28 13:55:00+00:00,38.925,39.095,38.925,39.095,18212.0,212.0,39.003221
NKE,2026-08-28 14:00:00+00:00,39.08,39.165,39.045,39.125,22345.0,233.0,39.108507
NKE,2026-08-28 14:05:00+00:00,39.12,39.22,39.08,39.11,23620.0,205.0,39.140512
NKE,2026-08-28 14:10:00+00:00,39.13,39.15,39.02,39.02,15939.0,132.0,39.096041
NKE,2026-08-28 14:15:00+00:00,39.035,39.17,39.03,39.145,19811.0,129.0,39.09185
NKE,2026-08-28 14:20:00+00:00,39.15,39.235,39.15,39.18,13614.0,116.0,39.199356
NKE,2026-08-28 14:25:00+00:00,39.17,39.17,39.045,39.055,15713.0,114.0,39.089513
NKE,2026-08-28 14:30:00+00:00,39.06,39.145,39.05,39.135,19873.0,152.0,39.092948
NKE,2026-08-28 14:35:00+00:00,39.155,39.195,39.115,39.115,14464.0,121.0,39.165002
NKE,2026-08-28 14:40:00+00:00,39.14,39.175,39.09,39.155,11456.0,94.0,39.136008
NKE,2026-08-28 14:45:00+00:00,39.165,39.19,39.105,39.135,6650.0,70.0,39.147647
NKE,2026-08-28 14:50:00+00:00,39.155,39.205,39.145,39.165,7991.0,81.0,39.170402
NKE,2026-08-28 14:55:00+00:00,39.165,39.23,39.13,39.23,9265.0,114.0,39.19106
NKE,2026-08-28 15:00:00+00:00,39.235,39.265,39.185,39.225,12303.0,108.0,39.219735
NKE,2026-08-28 15:05:00+00:00,39.23,39.25,39.195,39.235,12374.0,126.0,39.225733
NKE,2026-08-28 15:10:00+00:00,39.265,39.265,39.215,39.26,7946.0,83.0,39.236061
NKE,2026-08-28 15:15:00+00:00,39.255,39.265,39.22,39.245,17032.0,131.0,39.25446
NKE,2026-08-28 15:20:00+00:00,39.255,39.32,39.255,39.285,17045.0,119.0,39.296563
NKE,2026-08-28 15:25:00+00:00,39.29,39.305,39.21,39.3,18062.0,133.0,39.261944
NKE,2026-08-28 15:30:00+00:00,39.31,39.345,39.18,39.2,11121.0,98.0,39.266569
NKE,2026-08-28 15:35:00+00:00,39.215,39.23,39.18,39.23,10526.0,78.0,39.208978
NKE,2026-08-28 15:40:00+00:00,39.24,39.27,39.215,39.255,19387.0,136.0,39.231313
NKE,2026-08-28 15:45:00+00:00,39.26,39.27,39.205,39.23,8761.0,79.0,39.233532
NKE,2026-08-28 15:50:00+00:00,39.23,39.275,39.17,39.185,6571.0,85.0,39.221361
NKE,2026-08-28 15:55:00+00:00,39.175,39.19,39.15,39.18,5249.0,82.0,39.166285
NKE,2026-08-28 16:00:00+00:00,39.18,39.19,39.145,39.17,6840.0,74.0,39.175558
NKE,2026-08-28 16:05:00+00:00,39.155,39.195,39.115,39.195,9792.0,93.0,39.145598
NKE,2026-08-28 16:10:00+00:00,39.205,39.21,39.12,39.125,8021.0,67.0,39.162252
NKE,2026-08-28 16:15:00+00:00,39.125,39.135,39.045,39.045,7095.0,71.0,39.078201
NKE,2026-08-28 16:20:00+00:00,39.045,39.05,38.97,38.98,10668.0,94.0,39.012347
NKE,2026-08-28 16:25:00+00:00,38.975,38.995,38.96,38.965,9744.0,64.0,38.976123
NKE,2026-08-28 16:30:00+00:00,39.005,39.05,39.005,39.04,5199.0,40.0,39.032124
NKE,2026-08-28 16:35:00+00:00,39.05,39.115,39.045,39.115,2554.0,38.0,39.081939
NKE,2026-08-28 16:40:00+00:00,39.085,39.085,39.05,39.075,4338.0,63.0,39.063338
NKE,2026-08-28 16:45:00+00:00,39.105,39.145,39.105,39.145,4614.0,82.0,39.131312
NKE,2026-08-28 16:50:00+00:00,39.13,39.21,39.13,39.14,5677.0,61.0,39.168575
NKE,2026-08-28 16:55:00+00:00,39.15,39.16,39.14,39.155,4921.0,48.0,39.151362
NKE,2026-08-28 17:00:00+00:00,39.14,39.155,39.12,39.155,3646.0,49.0,39.138104
NKE,2026-08-28 17:05:00+00:00,39.135,39.145,39.075,39.1,4740.0,54.0,39.123021
NKE,2026-08-28 17:10:00+00:00,39.075,39.115,39.075,39.115,2778.0,52.0,39.091676
NKE,2026-08-28 17:15:00+00:00,39.12,39.13,39.12,39.12,4966.0,68.0,39.125083
NKE,2026-08-28 17:20:00+00:00,39.115,39.12,39.095,39.105,5965.0,55.0,39.10556
NKE,2026-08-28 17:25:00+00:00,39.095,39.12,39.09,39.095,5460.0,63.0,39.102939
NKE,2026-08-28 17:30:00+00:00,39.105,39.125,39.095,39.125,4238.0,56.0,39.110335
NKE,2026-08-28 17:35:00+00:00,39.12,39.14,39.095,39.12,3728.0,46.0,39.121864
NKE,2026-08-28 17:40:00+00:00,39.12,39.125,39.085,39.125,4018.0,47.0,39.111796
NKE,2026-08-28 17:45:00+00:00,39.15,39.175,39.145,39.165,7643.0,60.0,39.160591
NKE,2026-08-28 17:50:00+00:00,39.16,39.185,39.145,39.175,4086.0,38.0,39.164546
NKE,2026-08-28 17:55:00+00:00,39.185,39.295,39.185,39.255,9850.0,82.0,39.255397
NKE,2026-08-28 18:00:00+00:00,39.255,39.32,39.245,39.305,9750.0,85.0,39.292334
NKE,2026-08-28 18:05:00+00:00,39.295,39.31,39.28,39.285,8240.0,86.0,39.295106
NKE,2026-08-28 18:10:00+00:00,39.28,39.28,39.245,39.25,4456.0,68.0,39.256298
NKE,2026-08-28 18:15:00+00:00,39.265,39.3,39.265,39.29,7521.0,83.0,39.283517
NKE,2026-08-28 18:20:00+00:00,39.27,39.305,39.265,39.285,7179.0,77.0,39.289692
NKE,2026-08-28 18:25:00+00:00,39.265,39.27,39.235,39.24,3605.0,62.0,39.248074
NKE,2026-08-28 18:30:00+00:00,39.25,39.265,39.21,39.25,5877.0,82.0,39.234943
NKE,2026-08-28 18:35:00+00:00,39.27,39.29,39.26,39.265,8284.0,81.0,39.269685
NKE,2026-08-28 18:40:00+00:00,39.27,39.3,39.265,39.27,6056.0,59.0,39.279265
NKE,2026-08-28 18:45:00+00:00,39.29,39.295,39.265,39.295,7998.0,63.0,39.28532
NKE,2026-08-28 18:50:00+00:00,39.29,39.3,39.275,39.275,14541.0,114.0,39.28369
NKE,2026-08-28 18:55:00+00:00,39.26,39.265,39.215,39.265,6784.0,78.0,39.232109
NKE,2026-08-28 19:00:00+00:00,39.28,39.375,39.275,39.34,14087.0,102.0,39.328477
NKE,2026-08-28 19:05:00+00:00,39.35,39.38,39.33,39.375,11905.0,110.0,39.35601
NKE,2026-08-28 19:10:00+00:00,39.38,39.45,39.38,39.45,15132.0,123.0,39.412446
NKE,2026-08-28 19:15:00+00:00,39.445,39.485,39.41,39.46,13200.0,101.0,39.444762
NKE,2026-08-28 19:20:00+00:00,39.46,39.51,39.44,39.455,22742.0,159.0,39.469302
NKE,2026-08-28 19:25:00+00:00,39.47,39.53,39.465,39.52,12932.0,178.0,39.50094
NKE,2026-08-28 19:30:00+00:00,39.53,39.535,39.455,39.46,12149.0,128.0,39.479883
NKE,2026-08-28 19:35:00+00:00,39.45,39.485,39.415,39.485,16682.0,120.0,39.439949
NKE,2026-08-28 19:40:00+00:00,39.49,39.545,39.47,39.495,17749.0,167.0,39.511035
NKE,2026-08-28 19:45:00+00:00,39.48,39.585,39.475,39.585,31443.0,262.0,39.536752
NKE,2026-08-28 19:50:00+00:00,39.575,39.675,39.575,39.665,37621.0,295.0,39.614344
NKE,2026-08-28 19:55:00+00:00,39.67,39.755,39.555,39.59,210620.0,1118.0,39.618114
NKE,2026-08-31 13:30:00+00:00,39.4,39.555,39.26,39.47,20963.0,102.0,39.37218
NKE,2026-08-31 13:35:00+00:00,39.465,39.88,39.45,39.72,35315.0,274.0,39.713769
NKE,2026-08-31 13:40:00+00:00,39.67,39.675,39.29,39.37,8415.0,82.0,39.412141
NKE,2026-08-31 13:45:00+00:00,39.35,39.39,39.165,39.37,18560.0,112.0,39.251934
NKE,2026-08-31 13:50:00+00:00,39.355,39.41,39.335,39.36,9140.0,85.0,39.379219
NKE,2026-08-31 13:55:00+00:00,39.36,39.405,39.315,39.35,24938.0,162.0,39.351461
NKE,2026-08-31 14:00:00+00:00,39.345,39.36,39.255,39.275,8129.0,76.0,39.296756
NKE,2026-08-31 14:05:00+00:00,39.25,39.3,39.185,39.19,7963.0,63.0,39.265113
NKE,2026-08-31 14:10:00+00:00,39.175,39.245,39.15,39.15,4289.0,45.0,39.185125
NKE,2026-08-31 14:15:00+00:00,39.15,39.23,39.14,39.23,25350.0,146.0,39.178249
NKE,2026-08-31 14:20:00+00:00,39.225,39.255,39.21,39.24,9623.0,88.0,39.238335
NKE,2026-08-31 14:25:00+00:00,39.235,39.24,39.12,39.12,4747.0,50.0,39.17891
NKE,2026-08-31 14:30:00+00:00,39.12,39.2,39.07,39.07,10843.0,93.0,39.122127
NKE,2026-08-31 14:35:00+00:00,39.075,39.22,39.075,39.22,4686.0,56.0,39.153357
NKE,2026-08-31 14:40:00+00:00,39.215,39.345,39.2,39.25,5034.0,75.0,39.25869
NKE,2026-08-31 14:45:00+00:00,39.22,39.28,39.22,39.245,9105.0,90.0,39.248616
NKE,2026-08-31 14:50:00+00:00,39.245,39.255,39.23,39.235,5038.0,67.0,39.242111
NKE,2026-08-31 14:55:00+00:00,39.23,39.285,39.23,39.28,5114.0,63.0,39.264549
NKE,2026-08-31 15:00:00+00:00,39.275,39.34,39.26,39.325,13426.0,108.0,39.289212
NKE,2026-08-31 15:05:00+00:00,39.325,39.325,39.21,39.225,9515.0,59.0,39.236439
NKE,2026-08-31 15:10:00+00:00,39.21,39.305,39.21,39.305,8591.0,56.0,39.243782
NKE,2026-08-31 15:15:00+00:00,39.31,39.32,39.28,39.285,3269.0,34.0,39.300119
NKE,2026-08-31 15:20:00+00:00,39.275,39.285,39.235,39.255,2542.0,24.0,39.259118
NKE,2026-08-31 15:25:00+00:00,39.24,39.275,39.24,39.255,4529.0,47.0,39.256815
NKE,2026-08-31 15:30:00+00:00,39.26,39.27,39.22,39.235,7286.0,45.0,39.247336
NKE,2026-08-31 15:35:00+00:00,39.25,39.28,39.235,39.24,7410.0,50.0,39.259692
NKE,2026-08-31 15:40:00+00:00,39.245,39.27,39.245,39.25,2183.0,18.0,39.259726
NKE,2026-08-31 15:45:00+00:00,39.255,39.28,39.23,39.23,3318.0,39.0,39.257513
NKE,2026-08-31 15:50:00+00:00,39.245,39.32,39.245,39.305,7663.0,46.0,39.2717
NKE,2026-08-31 15:55:00+00:00,39.29,39.405,39.285,39.405,7267.0,80.0,39.343775
NKE,2026-08-31 16:00:00+00:00,39.375,39.465,39.37,39.465,5902.0,62.0,39.41797
NKE,2026-08-31 16:05:00+00:00,39.46,39.475,39.425,39.475,9019.0,94.0,39.451336
NKE,2026-08-31 16:10:00+00:00,39.47,39.47,39.395,39.4,6421.0,63.0,39.447285
NKE,2026-08-31 16:15:00+00:00,39.39,39.395,39.285,39.295,6120.0,58.0,39.337064
NKE,2026-08-31 16:20:00+00:00,39.29,39.3,39.25,39.265,7352.0,75.0,39.269329
NKE,2026-08-31 16:25:00+00:00,39.26,39.28,39.22,39.25,6095.0,61.0,39.253505
NKE,2026-08-31 16:30:00+00:00,39.23,39.265,39.23,39.26,1967.0,19.0,39.257632
NKE,2026-08-31 16:35:00+00:00,39.26,39.265,39.245,39.25,1730.0,26.0,39.25583
NKE,2026-08-31 16:40:00+00:00,39.26,39.26,39.215,39.245,9159.0,70.0,39.24379
NKE,2026-08-31 16:45:00+00:00,39.235,39.25,39.23,39.235,3168.0,34.0,39.237895
NKE,2026-08-31 16:50:00+00:00,39.22,39.235,39.195,39.205,4585.0,49.0,39.209136
NKE,2026-08-31 16:55:00+00:00,39.195,39.21,39.165,39.165,2608.0,35.0,39.190385
NKE,2026-08-31 17:00:00+00:00,39.17,39.19,39.15,39.18,5832.0,49.0,39.168019
NKE,2026-08-31 17:05:00+00:00,39.19,39.19,39.1,39.12,10777.0,71.0,39.121206
NKE,2026-08-31 17:10:00+00:00,39.11,39.165,39.09,39.16,8405.0,57.0,39.110479
NKE,2026-08-31 17:15:00+00:00,39.165,39.17,39.14,39.16,6836.0,37.0,39.154598
NKE,2026-08-31 17:20:00+00:00,39.145,39.175,39.145,39.145,3340.0,33.0,39.164516
NKE,2026-08-31 17:25:00+00:00,39.14,39.155,39.12,39.12,4715.0,50.0,39.142143
NKE,2026-08-31 17:30:00+00:00,39.115,39.135,39.1,39.105,16482.0,85.0,39.11073
NKE,2026-08-31 17:35:00+00:00,39.105,39.105,39.05,39.085,5695.0,50.0,39.075665
NKE,2026-08-31 17:40:00+00:00,39.115,39.125,39.105,39.105,3953.0,45.0,39.113128
NKE,2026-08-31 17:45:00+00:00,39.11,39.115,39.11,39.11,2016.0,41.0,39.111801
NKE,2026-08-31 17:50:00+00:00,39.12,39.16,39.12,39.13,10642.0,74.0,39.136728
NKE,2026-08-31 17:55:00+00:00,39.15,39.155,39.13,39.15,3279.0,38.0,39.14069
NKE,2026-08-31 18:00:00+00:00,39.135,39.165,39.13,39.135,5568.0,45.0,39.143148
NKE,2026-08-31 18:05:00+00:00,39.145,39.165,39.135,39.155,1632.0,22.0,39.146449
NKE,2026-08-31 18:10:00+00:00,39.125,39.17,39.125,39.17,3127.0,37.0,39.14508
NKE,2026-08-31 18:15:00+00:00,39.18,39.18,39.15,39.15,8421.0,38.0,39.172169
NKE,2026-08-31 18:20:00+00:00,39.145,39.175,39.145,39.155,2027.0,17.0,39.157431
NKE,2026-08-31 18:25:00+00:00,39.145,39.195,39.14,39.185,2963.0,20.0,39.175528
NKE,2026-08-31 18:30:00+00:00,39.185,39.195,39.165,39.165,10303.0,45.0,39.171807
NKE,2026-08-31 18:35:00+00:00,39.17,39.205,39.165,39.185,9271.0,50.0,39.179017
NKE,2026-08-31 18:40:00+00:00,39.195,39.21,39.18,39.195,11652.0,77.0,39.200645
NKE,2026-08-31 18:45:00+00:00,39.175,39.205,39.165,39.205,5604.0,29.0,39.178885
NKE,2026-08-31 18:50:00+00:00,39.215,39.22,39.21,39.215,3135.0,26.0,39.213621
NKE,2026-08-31 18:55:00+00:00,39.22,39.235,39.205,39.205,4255.0,43.0,39.218432
NKE,2026-08-31 19:00:00+00:00,39.22,39.24,39.2,39.2,2501.0,31.0,39.221818
NKE,2026-08-31 19:05:00+00:00,39.205,39.205,39.185,39.19,8241.0,45.0,39.191458
NKE,2026-08-31 19:10:00+00:00,39.195,39.195,39.135,39.165,20244.0,117.0,39.151396
NKE,2026-08-31 19:15:00+00:00,39.155,39.155,39.115,39.14,6938.0,62.0,39.134372
NKE,2026-08-31 19:20:00+00:00,39.15,39.17,39.145,39.155,6075.0,42.0,39.151387
NKE,2026-08-31 19:25:00+00:00,39.16,39.175,39.115,39.12,10106.0,78.0,39.146593
NKE,2026-08-31 19:30:00+00:00,39.11,39.18,39.105,39.18,6896.0,52.0,39.133649
NKE,2026-08-31 19:35:00+00:00,39.18,39.26,39.175,39.245,8476.0,86.0,39.211936
NKE,2026-08-31 19:40:00+00:00,39.24,39.25,39.215,39.215,10625.0,75.0,39.236359
NKE,2026-08-31 19:45:00+00:00,39.21,39.21,39.17,39.195,22938.0,167.0,39.193301
NKE,2026-08-31 19:50:00+00:00,39.185,39.185,39.05,39.07,70062.0,330.0,39.125508
NKE,2026-08-31 19:55:00+00:00,39.065,39.125,39.03,39.065,150516.0,958.0,39.069031
NKE,2026-09-01 13:30:00+00:00,38.2,38.4,38.11,38.2,26434.0,173.0,38.243403
NKE,2026-09-01 13:35:00+00:00,38.22,38.41,38.17,38.41,39474.0,282.0,38.312825
NKE,2026-09-01 13:40:00+00:00,38.4,38.48,38.36,38.36,21228.0,155.0,38.428034
NKE,2026-09-01 13:45:00+00:00,38.35,38.35,38.24,38.325,22559.0,207.0,38.283285
NKE,2026-09-01 13:50:00+00:00,38.335,38.385,38.275,38.285,21201.0,190.0,38.342162
NKE,2026-09-01 13:55:00+00:00,38.28,38.35,38.25,38.345,18731.0,182.0,38.296069
NKE,2026-09-01 14:00:00+00:00,38.335,38.335,38.29,38.3,10918.0,111.0,38.310073
NKE,2026-09-01 14:05:00+00:00,38.3,38.355,38.29,38.355,14492.0,138.0,38.319734
NKE,2026-09-01 14:10:00+00:00,38.345,38.355,38.305,38.345,13078.0,125.0,38.325346
NKE,2026-09-01 14:15:00+00:00,38.365,38.395,38.345,38.395,14892.0,143.0,38.368775
NKE,2026-09-01 14:20:00+00:00,38.415,38.49,38.395,38.48,10595.0,80.0,38.447734
NKE,2026-09-01 14:25:00+00:00,38.485,38.515,38.425,38.515,15813.0,100.0,38.462608
NKE,2026-09-01 14:30:00+00:00,38.51,38.555,38.5,38.52,12227.0,99.0,38.527161
NKE,2026-09-01 14:35:00+00:00,38.515,38.56,38.495,38.53,8393.0,58.0,38.523872
NKE,2026-09-01 14:40:00+00:00,38.53,38.555,38.515,38.515,6189.0,57.0,38.538599
NKE,2026-09-01 14:45:00+00:00,38.515,38.555,38.485,38.49,17081.0,126.0,38.526612
NKE,2026-09-01 14:50:00+00:00,38.485,38.495,38.425,38.435,9618.0,77.0,38.469173
NKE,2026-09-01 14:55:00+00:00,38.415,38.415,38.315,38.32,16861.0,125.0,38.353334
NKE,2026-09-01 15:00:00+00:00,38.31,38.31,38.235,38.255,22430.0,167.0,38.270378
NKE,2026-09-01 15:05:00+00:00,38.26,38.285,38.25,38.27,15233.0,113.0,38.26605
NKE,2026-09-01 15:10:00+00:00,38.26,38.31,38.26,38.285,9751.0,83.0,38.286793
NKE,2026-09-01 15:15:00+00:00,38.26,38.36,38.255,38.36,12722.0,85.0,38.283866
NKE,2026-09-01 15:20:00+00:00,38.345,38.395,38.335,38.34,17200.0,106.0,38.370083
NKE,2026-09-01 15:25:00+00:00,38.34,38.375,38.325,38.365,8962.0,62.0,38.357193
NKE,2026-09-01 15:30:00+00:00,38.37,38.415,38.345,38.4,11384.0,93.0,38.367498
NKE,2026-09-01 15:35:00+00:00,38.375,38.39,38.365,38.39,5133.0,62.0,38.37512
NKE,2026-09-01 15:40:00+00:00,38.41,38.41,38.36,38.37,7971.0,77.0,38.377119
NKE,2026-09-01 15:45:00+00:00,38.38,38.42,38.375,38.41,10175.0,88.0,38.396888
NKE,2026-09-01 15:50:00+00:00,38.405,38.41,38.37,38.395,12753.0,102.0,38.392407
NKE,2026-09-01 15:55:00+00:00,38.405,38.42,38.385,38.415,9626.0,91.0,38.408431
NKE,2026-09-01 16:00:00+00:00,38.405,38.43,38.39,38.43,6570.0,62.0,38.400443
NKE,2026-09-01 16:05:00+00:00,38.45,38.45,38.345,38.345,15813.0,105.0,38.417132
NKE,2026-09-01 16:10:00+00:00,38.34,38.36,38.315,38.315,11045.0,103.0,38.339785
NKE,2026-09-01 16:15:00+00:00,38.31,38.31,38.245,38.245,8274.0,119.0,38.280577
NKE,2026-09-01 16:20:00+00:00,38.245,38.245,38.115,38.125,10908.0,97.0,38.166156
NKE,2026-09-01 16:25:00+00:00,38.115,38.12,38.07,38.105,14578.0,103.0,38.0992
NKE,2026-09-01 16:30:00+00:00,38.1,38.125,38.085,38.105,9022.0,75.0,38.101052
NKE,2026-09-01 16:35:00+00:00,38.1,38.12,38.075,38.115,6914.0,54.0,38.092114
NKE,2026-09-01 16:40:00+00:00,38.11,38.17,38.105,38.155,13239.0,95.0,38.125326
NKE,2026-09-01 16:45:00+00:00,38.16,38.195,38.16,38.19,7844.0,40.0,38.170125
NKE,2026-09-01 16:50:00+00:00,38.195,38.215,38.18,38.185,15725.0,103.0,38.199144
NKE,2026-09-01 16:55:00+00:00,38.185,38.19,38.155,38.155,10270.0,54.0,38.172402
NKE,2026-09-01 17:00:00+00:00,38.175,38.21,38.17,38.19,8228.0,67.0,38.19209
NKE,2026-09-01 17:05:00+00:00,38.17,38.195,38.155,38.195,6561.0,68.0,38.170934
NKE,2026-09-01 17:10:00+00:00,38.195,38.195,38.18,38.185,3468.0,40.0,38.184375
NKE,2026-09-01 17:15:00+00:00,38.185,38.21,38.185,38.195,4797.0,43.0,38.196195
NKE,2026-09-01 17:20:00+00:00,38.195,38.195,38.175,38.19,4523.0,42.0,38.185508
NKE,2026-09-01 17:25:00+00:00,38.195,38.195,38.145,38.15,9535.0,62.0,38.164916
NKE,2026-09-01 17:30:00+00:00,38.145,38.165,38.145,38.155,6883.0,57.0,38.158273
NKE,2026-09-01 17:35:00+00:00,38.17,38.175,38.13,38.13,4601.0,42.0,38.146778
NKE,2026-09-01 17:40:00+00:00,38.135,38.15,38.135,38.14,3407.0,40.0,38.141135
NKE,2026-09-01 17:45:00+00:00,38.14,38.15,38.135,38.145,2369.0,14.0,38.141737
NKE,2026-09-01 17:50:00+00:00,38.135,38.145,38.115,38.145,15288.0,79.0,38.129418
NKE,2026-09-01 17:55:00+00:00,38.145,38.165,38.145,38.16,7391.0,52.0,38.158133
NKE,2026-09-01 18:00:00+00:00,38.155,38.28,38.155,38.255,11797.0,78.0,38.223383
NKE,2026-09-01 18:05:00+00:00,38.245,38.27,38.245,38.255,2403.0,20.0,38.258962
NKE,2026-09-01 18:10:00+00:00,38.25,38.255,38.225,38.225,2867.0,27.0,38.24194
NKE,2026-09-01 18:15:00+00:00,38.225,38.28,38.225,38.265,5138.0,45.0,38.264027
NKE,2026-09-01 18:20:00+00:00,38.275,38.28,38.25,38.27,5268.0,56.0,38.2619
NKE,2026-09-01 18:25:00+00:00,38.265,38.265,38.2,38.2,1638.0,19.0,38.228553
NKE,2026-09-01 18:30:00+00:00,38.18,38.18,38.135,38.145,6106.0,43.0,38.164051
NKE,2026-09-01 18:35:00+00:00,38.135,38.145,38.095,38.1,12164.0,91.0,38.117861
NKE,2026-09-01 18:40:00+00:00,38.085,38.09,38.04,38.04,4815.0,71.0,38.073802
NKE,2026-09-01 18:45:00+00:00,38.04,38.06,38.025,38.055,7466.0,72.0,38.03805
NKE,2026-09-01 18:50:00+00:00,38.055,38.065,38.015,38.015,10190.0,80.0,38.044754
NKE,2026-09-01 18:55:00+00:00,38.01,38.05,37.97,38.025,41444.0,198.0,38.005863
NKE,2026-09-01 19:00:00+00:00,38.02,38.055,38.015,38.045,13731.0,84.0,38.041478
NKE,2026-09-01 19:05:00+00:00,38.035,38.07,38.035,38.06,8634.0,67.0,38.052839
NKE,2026-09-01 19:10:00+00:00,38.07,38.12,38.07,38.08,10739.0,79.0,38.100327
NKE,2026-09-01 19:15:00+00:00,38.09,38.105,38.07,38.105,13910.0,97.0,38.083761
NKE,2026-09-01 19:20:00+00:00,38.095,38.1,38.07,38.1,22353.0,142.0,38.085048
NKE,2026-09-01 19:25:00+00:00,38.1,38.14,38.09,38.14,18381.0,150.0,38.107581
NKE,2026-09-01 19:30:00+00:00,38.15,38.24,38.145,38.24,22789.0,172.0,38.187851
NKE,2026-09-01 19:35:00+00:00,38.235,38.255,38.175,38.195,11187.0,101.0,38.214927
NKE,2026-09-01 19:40:00+00:00,38.21,38.225,38.145,38.18,15792.0,143.0,38.188339
NKE,2026-09-01 19:45:00+00:00,38.17,38.17,38.115,38.155,28146.0,197.0,38.141586
NKE,2026-09-01 19:50:00+00:00,38.155,38.19,38.095,38.185,63525.0,346.0,38.137685
NKE,2026-09-01 19:55:00+00:00,38.18,38.18,38.085,38.16,105355.0,727.0,38.115889
NKE,2026-09-02 13:30:00+00:00,38.09,38.72,38.07,38.675,53878.0,322.0,38.349014
NKE,2026-09-02 13:35:00+00:00,38.66,38.66,38.47,38.54,21229.0,246.0,38.550475
NKE,2026-09-02 13:40:00+00:00,38.555,38.555,38.32,38.32,31131.0,224.0,38.398642
NKE,2026-09-02 13:45:00+00:00,38.33,38.495,38.33,38.45,25621.0,146.0,38.428474
NKE,2026-09-02 13:50:00+00:00,38.45,38.55,38.41,38.485,24156.0,189.0,38.489927
NKE,2026-09-02 13:55:00+00:00,38.495,38.595,38.47,38.56,32498.0,275.0,38.551346
NKE,2026-09-02 14:00:00+00:00,38.55,38.64,38.53,38.595,18566.0,151.0,38.58787
NKE,2026-09-02 14:05:00+00:00,38.595,38.605,38.375,38.375,17147.0,164.0,38.560333
NKE,2026-09-02 14:10:00+00:00,38.405,38.49,38.405,38.455,7288.0,86.0,38.443102
NKE,2026-09-02 14:15:00+00:00,38.43,38.46,38.39,38.46,11912.0,112.0,38.427271
NKE,2026-09-02 14:20:00+00:00,38.455,38.53,38.445,38.51,11135.0,99.0,38.502609
NKE,2026-09-02 14:25:00+00:00,38.495,38.495,38.425,38.47,17426.0,151.0,38.456753
NKE,2026-09-02 14:30:00+00:00,38.47,38.48,38.39,38.47,14895.0,123.0,38.435867
NKE,2026-09-02 14:35:00+00:00,38.47,38.545,38.46,38.545,12596.0,95.0,38.497732
NKE,2026-09-02 14:40:00+00:00,38.54,38.585,38.52,38.56,9581.0,94.0,38.554408
NKE,2026-09-02 14:45:00+00:00,38.58,38.595,38.54,38.59,12353.0,109.0,38.561019
NKE,2026-09-02 14:50:00+00:00,38.61,38.64,38.595,38.62,12399.0,100.0,38.614363
NKE,2026-09-02 14:55:00+00:00,38.625,38.63,38.555,38.58,13527.0,115.0,38.597223
NKE,2026-09-02 15:00:00+00:00,38.585,38.585,38.525,38.53,8668.0,68.0,38.551943
NKE,2026-09-02 15:05:00+00:00,38.52,38.555,38.405,38.405,10424.0,73.0,38.490714
NKE,2026-09-02 15:10:00+00:00,38.39,38.425,38.38,38.425,7969.0,70.0,38.400198
NKE,2026-09-02 15:15:00+00:00,38.435,38.47,38.425,38.445,9295.0,87.0,38.450816
NKE,2026-09-02 15:20:00+00:00,38.455,38.51,38.455,38.485,11287.0,94.0,38.484072
NKE,2026-09-02 15:25:00+00:00,38.5,38.5,38.44,38.46,6618.0,65.0,38.458169
NKE,2026-09-02 15:30:00+00:00,38.46,38.46,38.395,38.415,7969.0,55.0,38.4276
NKE,2026-09-02 15:35:00+00:00,38.435,38.445,38.415,38.415,6359.0,66.0,38.42967
NKE,2026-09-02 15:40:00+00:00,38.42,38.435,38.39,38.425,8865.0,77.0,38.409452
NKE,2026-09-02 15:45:00+00:00,38.395,38.42,38.38,38.4,4489.0,46.0,38.390098
NKE,2026-09-02 15:50:00+00:00,38.42,38.435,38.365,38.39,11932.0,117.0,38.381391
NKE,2026-09-02 15:55:00+00:00,38.39,38.445,38.355,38.445,4818.0,70.0,38.390673
NKE,2026-09-02 16:00:00+00:00,38.445,38.49,38.42,38.475,3737.0,46.0,38.456402
NKE,2026-09-02 16:05:00+00:00,38.48,38.48,38.465,38.475,3902.0,43.0,38.475429
NKE,2026-09-02 16:10:00+00:00,38.475,38.535,38.465,38.535,3978.0,56.0,38.50473
NKE,2026-09-02 16:15:00+00:00,38.52,38.53,38.505,38.515,7628.0,94.0,38.518909
NKE,2026-09-02 16:20:00+00:00,38.515,38.52,38.41,38.46,5879.0,65.0,38.466118
NKE,2026-09-02 16:25:00+00:00,38.46,38.475,38.435,38.445,6037.0,72.0,38.463081
NKE,2026-09-02 16:30:00+00:00,38.44,38.45,38.435,38.45,3784.0,32.0,38.443815
NKE,2026-09-02 16:35:00+00:00,38.44,38.44,38.415,38.435,2169.0,19.0,38.424498
NKE,2026-09-02 16:40:00+00:00,38.425,38.445,38.415,38.445,6250.0,52.0,38.425064
NKE,2026-09-02 16:45:00+00:00,38.445,38.475,38.445,38.475,2582.0,39.0,38.465335
NKE,2026-09-02 16:50:00+00:00,38.495,38.52,38.49,38.49,10107.0,87.0,38.504706
NKE,2026-09-02 16:55:00+00:00,38.48,38.485,38.455,38.455,4512.0,44.0,38.477925
NKE,2026-09-02 17:00:00+00:00,38.465,38.48,38.435,38.455,6205.0,69.0,38.45636
NKE,2026-09-02 17:05:00+00:00,38.445,38.445,38.435,38.435,2997.0,32.0,38.437295
NKE,2026-09-02 17:10:00+00:00,38.425,38.425,38.375,38.38,4829.0,58.0,38.388876
NKE,2026-09-02 17:15:00+00:00,38.38,38.41,38.35,38.36,5856.0,74.0,38.37558
NKE,2026-09-02 17:20:00+00:00,38.36,38.37,38.335,38.35,8867.0,82.0,38.35057
NKE,2026-09-02 17:25:00+00:00,38.345,38.35,38.335,38.35,8331.0,88.0,38.34376
NKE,2026-09-02 17:30:00+00:00,38.35,38.35,38.315,38.33,4509.0,62.0,38.337978
NKE,2026-09-02 17:35:00+00:00,38.335,38.345,38.305,38.31,5966.0,53.0,38.326079
NKE,2026-09-02 17:40:00+00:00,38.305,38.38,38.305,38.38,3756.0,44.0,38.333485
NKE,2026-09-02 17:45:00+00:00,38.395,38.41,38.375,38.41,5761.0,56.0,38.389259
NKE,2026-09-02 17:50:00+00:00,38.41,38.425,38.395,38.395,4777.0,66.0,38.409973
NKE,2026-09-02 17:55:00+00:00,38.39,38.51,38.39,38.485,7979.0,70.0,38.447052
NKE,2026-09-02 18:00:00+00:00,38.485,38.485,38.435,38.465,3790.0,48.0,38.448485
NKE,2026-09-02 18:05:00+00:00,38.465,38.465,38.445,38.445,2413.0,25.0,38.459667
NKE,2026-09-02 18:10:00+00:00,38.44,38.44,38.375,38.375,2082.0,19.0,38.398462
NKE,2026-09-02 18:15:00+00:00,38.385,38.43,38.355,38.415,11514.0,111.0,38.385981
NKE,2026-09-02 18:20:00+00:00,38.4,38.4,38.33,38.335,14115.0,80.0,38.344047
NKE,2026-09-02 18:25:00+00:00,38.33,38.33,38.315,38.32,2160.0,29.0,38.316092
NKE,2026-09-02 18:30:00+00:00,38.325,38.325,38.265,38.275,4749.0,47.0,38.282424
NKE,2026-09-02 18:35:00+00:00,38.285,38.285,38.255,38.255,2438.0,43.0,38.264625
NKE,2026-09-02 18:40:00+00:00,38.265,38.265,38.235,38.235,4964.0,34.0,38.24261
NKE,2026-09-02 18:45:00+00:00,38.235,38.26,38.225,38.26,4056.0,44.0,38.248598
NKE,2026-09-02 18:50:00+00:00,38.235,38.27,38.235,38.27,10098.0,71.0,38.255743
NKE,2026-09-02 18:55:00+00:00,38.27,38.27,38.225,38.225,4473.0,31.0,38.24164
NKE,2026-09-02 19:00:00+00:00,38.22,38.26,38.22,38.245,5449.0,45.0,38.248375
NKE,2026-09-02 19:05:00+00:00,38.245,38.255,38.245,38.255,3026.0,34.0,38.247203
NKE,2026-09-02 19:10:00+00:00,38.255,38.255,38.225,38.25,2884.0,27.0,38.24058
NKE,2026-09-02 19:15:00+00:00,38.255,38.255,38.22,38.245,6894.0,56.0,38.235976
NKE,2026-09-02 19:20:00+00:00,38.225,38.275,38.225,38.275,10463.0,69.0,38.248317
NKE,2026-09-02 19:25:00+00:00,38.275,38.275,38.245,38.25,3929.0,48.0,38.260598
NKE,2026-09-02 19:30:00+00:00,38.25,38.26,38.175,38.175,11039.0,77.0,38.224706
NKE,2026-09-02 19:35:00+00:00,38.19,38.21,38.175,38.185,7122.0,68.0,38.190467
NKE,2026-09-02 19:40:00+00:00,38.185,38.295,38.16,38.295,23483.0,148.0,38.241436
NKE,2026-09-02 19:45:00+00:00,38.295,38.325,38.27,38.285,26082.0,179.0,38.295922
NKE,2026-09-02 19:50:00+00:00,38.28,38.29,38.22,38.29,25079.0,215.0,38.248525
NKE,2026-09-02 19:55:00+00:00,38.295,38.31,38.19,38.23,125724.0,900.0,38.232865
NKE,2026-09-03 13:00:00+00:00,38.58,38.58,38.58,38.58,100.0,1.0,38.58
NKE,2026-09-03 13:30:00+00:00,38.56,38.615,38.3,38.5,34174.0,167.0,38.481499
NKE,2026-09-03 13:35:00+00:00,38.48,38.48,38.3,38.33,25126.0,153.0,38.421116
NKE,2026-09-03 13:40:00+00:00,38.325,38.36,38.155,38.215,13868.0,104.0,38.230588
NKE,2026-09-03 13:45:00+00:00,38.245,38.29,38.21,38.21,9154.0,104.0,38.262125
NKE,2026-09-03 13:50:00+00:00,38.215,38.245,38.17,38.21,22319.0,173.0,38.209009
NKE,2026-09-03 13:55:00+00:00,38.2,38.2,38.095,38.18,10949.0,94.0,38.141237
NKE,2026-09-03 14:00:00+00:00,38.17,38.185,38.1,38.15,11944.0,111.0,38.143504
NKE,2026-09-03 14:05:00+00:00,38.14,38.175,38.095,38.14,12240.0,90.0,38.123918
NKE,2026-09-03 14:10:00+00:00,38.13,38.16,38.06,38.065,8802.0,91.0,38.122628
NKE,2026-09-03 14:15:00+00:00,38.065,38.075,38.03,38.03,10549.0,88.0,38.051437
NKE,2026-09-03 14:20:00+00:00,38.02,38.06,37.975,38.02,47732.0,206.0,37.999091
NKE,2026-09-03 14:25:00+00:00,38.0,38.01,37.96,38.005,18904.0,135.0,37.986526
NKE,2026-09-03 14:30:00+00:00,38.0,38.05,38.0,38.015,8881.0,84.0,38.019688
NKE,2026-09-03 14:35:00+00:00,38.015,38.05,38.005,38.025,15431.0,118.0,38.034638
NKE,2026-09-03 14:40:00+00:00,38.02,38.185,38.02,38.185,7957.0,58.0,38.123958
NKE,2026-09-03 14:45:00+00:00,38.18,38.34,38.18,38.32,7873.0,79.0,38.288006
NKE,2026-09-03 14:50:00+00:00,38.33,38.33,38.2,38.27,10787.0,95.0,38.248939
NKE,2026-09-03 14:55:00+00:00,38.28,38.29,38.19,38.25,11351.0,107.0,38.240921
NKE,2026-09-03 15:00:00+00:00,38.24,38.28,38.22,38.28,5805.0,61.0,38.244204
NKE,2026-09-03 15:05:00+00:00,38.29,38.29,38.25,38.275,4156.0,40.0,38.273785
NKE,2026-09-03 15:10:00+00:00,38.26,38.26,38.205,38.21,6924.0,52.0,38.225689
NKE,2026-09-03 15:15:00+00:00,38.23,38.235,38.195,38.235,3476.0,31.0,38.218705
NKE,2026-09-03 15:20:00+00:00,38.225,38.235,38.185,38.205,9855.0,66.0,38.21042
NKE,2026-09-03 15:25:00+00:00,38.205,38.23,38.19,38.23,1973.0,35.0,38.205015
NKE,2026-09-03 15:30:00+00:00,38.26,38.35,38.26,38.35,3930.0,33.0,38.311193
NKE,2026-09-03 15:35:00+00:00,38.35,38.35,38.31,38.33,5877.0,32.0,38.320612
NKE,2026-09-03 15:40:00+00:00,38.355,38.355,38.3,38.31,5590.0,39.0,38.314572
NKE,2026-09-03 15:45:00+00:00,38.295,38.34,38.295,38.315,2693.0,30.0,38.313125
NKE,2026-09-03 15:50:00+00:00,38.31,38.35,38.31,38.35,7076.0,52.0,38.339994
NKE,2026-09-03 15:55:00+00:00,38.365,38.365,38.335,38.35,6222.0,48.0,38.345121
NKE,2026-09-03 16:00:00+00:00,38.35,38.35,38.335,38.35,4541.0,43.0,38.343594
NKE,2026-09-03 16:05:00+00:00,38.34,38.34,38.31,38.31,2121.0,29.0,38.318811
NKE,2026-09-03 16:10:00+00:00,38.315,38.325,38.26,38.31,7481.0,77.0,38.290871
NKE,2026-09-03 16:15:00+00:00,38.315,38.315,38.295,38.295,1031.0,13.0,38.307517
NKE,2026-09-03 16:20:00+00:00,38.31,38.38,38.31,38.35,3466.0,33.0,38.342476
NKE,2026-09-03 16:25:00+00:00,38.355,38.36,38.34,38.36,2570.0,32.0,38.35352
NKE,2026-09-03 16:30:00+00:00,38.385,38.485,38.385,38.475,7025.0,45.0,38.447571
NKE,2026-09-03 16:35:00+00:00,38.485,38.485,38.42,38.435,6690.0,63.0,38.442227
NKE,2026-09-03 16:40:00+00:00,38.45,38.47,38.44,38.45,5352.0,38.0,38.455436
NKE,2026-09-03 16:45:00+00:00,38.445,38.475,38.44,38.465,3569.0,31.0,38.459883
NKE,2026-09-03 16:50:00+00:00,38.47,38.49,38.46,38.47,3413.0,38.0,38.471542
NKE,2026-09-03 16:55:00+00:00,38.465,38.5,38.45,38.495,3587.0,34.0,38.46637
NKE,2026-09-03 17:00:00+00:00,38.495,38.505,38.49,38.5,2094.0,27.0,38.494881
NKE,2026-09-03 17:05:00+00:00,38.525,38.545,38.515,38.52,2921.0,31.0,38.526834
NKE,2026-09-03 17:10:00+00:00,38.515,38.515,38.47,38.515,5946.0,42.0,38.489487
NKE,2026-09-03 17:15:00+00:00,38.54,38.54,38.52,38.52,3954.0,41.0,38.530188
NKE,2026-09-03 17:20:00+00:00,38.53,38.575,38.53,38.555,6161.0,38.0,38.55554
NKE,2026-09-03 17:25:00+00:00,38.57,38.6,38.56,38.6,5282.0,38.0,38.581059
NKE,2026-09-03 17:30:00+00:00,38.61,38.685,38.58,38.66,11871.0,82.0,38.628304
NKE,2026-09-03 17:35:00+00:00,38.67,38.685,38.59,38.59,3717.0,47.0,38.623353
NKE,2026-09-03 17:40:00+00:00,38.61,38.655,38.61,38.62,6337.0,39.0,38.63578
NKE,2026-09-03 17:45:00+00:00,38.62,38.62,38.57,38.6,9123.0,49.0,38.582011
NKE,2026-09-03 17:50:00+00:00,38.595,38.625,38.57,38.62,5722.0,46.0,38.591856
NKE,2026-09-03 17:55:00+00:00,38.62,38.62,38.58,38.58,3421.0,55.0,38.601491
NKE,2026-09-03 18:00:00+00:00,38.59,38.615,38.58,38.615,6001.0,41.0,38.590599
NKE,2026-09-03 18:05:00+00:00,38.6,38.635,38.59,38.635,8358.0,56.0,38.61116
NKE,2026-09-03 18:10:00+00:00,38.635,38.67,38.63,38.67,4524.0,32.0,38.649159
NKE,2026-09-03 18:15:00+00:00,38.655,38.695,38.64,38.695,7479.0,49.0,38.66437
NKE,2026-09-03 18:20:00+00:00,38.68,38.705,38.68,38.705,2510.0,22.0,38.69304
NKE,2026-09-03 18:25:00+00:00,38.7,38.76,38.7,38.75,6492.0,32.0,38.742341
NKE,2026-09-03 18:30:00+00:00,38.745,38.85,38.74,38.82,7501.0,60.0,38.805294
NKE,2026-09-03 18:35:00+00:00,38.82,38.885,38.77,38.805,28528.0,122.0,38.82258
NKE,2026-09-03 18:40:00+00:00,38.81,38.815,38.75,38.775,7310.0,47.0,38.795533
NKE,2026-09-03 18:45:00+00:00,38.77,38.77,38.72,38.76,26528.0,106.0,38.738827
NKE,2026-09-03 18:50:00+00:00,38.75,38.76,38.71,38.71,8165.0,81.0,38.7396
NKE,2026-09-03 18:55:00+00:00,38.7,38.73,38.7,38.72,11015.0,71.0,38.713437
NKE,2026-09-03 19:00:00+00:00,38.71,38.77,38.7,38.77,13851.0,60.0,38.71502
NKE,2026-09-03 19:05:00+00:00,38.77,38.79,38.75,38.79,1514.0,20.0,38.768695
NKE,2026-09-03 19:10:00+00:00,38.81,38.82,38.78,38.78,4100.0,34.0,38.80555
NKE,2026-09-03 19:15:00+00:00,38.78,38.805,38.72,38.805,20572.0,136.0,38.739061
NKE,2026-09-03 19:20:00+00:00,38.805,38.805,38.72,38.745,8880.0,76.0,38.76169
NKE,2026-09-03 19:25:00+00:00,38.75,38.845,38.75,38.84,5766.0,53.0,38.820669
NKE,2026-09-03 19:30:00+00:00,38.84,38.93,38.82,38.915,21491.0,120.0,38.878095
NKE,2026-09-03 19:35:00+00:00,38.905,38.905,38.84,38.84,8514.0,84.0,38.88228
NKE,2026-09-03 19:40:00+00:00,38.83,38.835,38.805,38.815,17055.0,102.0,38.814084
NKE,2026-09-03 19:45:00+00:00,38.81,38.81,38.72,38.77,27593.0,155.0,38.771674
NKE,2026-09-03 19:50:00+00:00,38.755,38.845,38.74,38.835,23488.0,219.0,38.796715
NKE,2026-09-03 19:55:00+00:00,38.82,38.84,38.7,38.74,87123.0,691.0,38.763928
NKE,2026-09-04 13:30:00+00:00,38.22,38.33,38.07,38.32,31012.0,231.0,38.201702
NKE,2026-09-04 13:35:00+00:00,38.36,38.39,37.98,38.02,79632.0,347.0,38.063558
NKE,2026-09-04 13:40:00+00:00,38.02,38.115,38.02,38.06,25693.0,171.0,38.082999
NKE,2026-09-04 13:45:00+00:00,38.07,38.19,38.03,38.15,31200.0,206.0,38.085302
NKE,2026-09-04 13:50:00+00:00,38.145,38.145,38.035,38.095,38438.0,314.0,38.073713
NKE,2026-09-04 13:55:00+00:00,38.11,38.18,38.085,38.09,18867.0,174.0,38.136738
NKE,2026-09-04 14:00:00+00:00,38.09,38.155,38.03,38.045,19440.0,155.0,38.078367
NKE,2026-09-04 14:05:00+00:00,38.05,38.12,38.04,38.08,19708.0,138.0,38.079006
NKE,2026-09-04 14:10:00+00:00,38.06,38.135,38.06,38.11,17509.0,127.0,38.086593
NKE,2026-09-04 14:15:00+00:00,38.105,38.125,38.07,38.11,8220.0,73.0,38.09184
NKE,2026-09-04 14:20:00+00:00,38.105,38.195,38.105,38.175,11564.0,98.0,38.167133
NKE,2026-09-04 14:25:00+00:00,38.19,38.2,38.125,38.13,11883.0,78.0,38.168048
NKE,2026-09-04 14:30:00+00:00,38.135,38.225,38.135,38.2,12365.0,82.0,38.194093
NKE,2026-09-04 14:35:00+00:00,38.2,38.21,38.15,38.18,9163.0,61.0,38.183772
NKE,2026-09-04 14:40:00+00:00,38.195,38.305,38.195,38.28,6321.0,72.0,38.242447
NKE,2026-09-04 14:45:00+00:00,38.29,38.365,38.2,38.205,7239.0,57.0,38.306496
NKE,2026-09-04 14:50:00+00:00,38.185,38.215,38.175,38.19,7939.0,49.0,38.19011
NKE,2026-09-04 14:55:00+00:00,38.18,38.19,38.16,38.165,4658.0,41.0,38.172374
NKE,2026-09-04 15:00:00+00:00,38.175,38.175,38.155,38.16,4278.0,43.0,38.16546
NKE,2026-09-04 15:05:00+00:00,38.16,38.16,38.135,38.16,9320.0,71.0,38.150352
NKE,2026-09-04 15:10:00+00:00,38.155,38.185,38.14,38.185,6780.0,56.0,38.156218
NKE,2026-09-04 15:15:00+00:00,38.18,38.22,38.16,38.22,6589.0,70.0,38.188201
NKE,2026-09-04 15:20:00+00:00,38.24,38.27,38.225,38.265,9408.0,75.0,38.253191
NKE,2026-09-04 15:25:00+00:00,38.285,38.325,38.285,38.325,8636.0,67.0,38.310376
NKE,2026-09-04 15:30:00+00:00,38.32,38.335,38.27,38.335,6258.0,44.0,38.296254
NKE,2026-09-04 15:35:00+00:00,38.315,38.335,38.3,38.31,8283.0,48.0,38.313289
NKE,2026-09-04 15:40:00+00:00,38.305,38.335,38.305,38.33,2619.0,32.0,38.325
NKE,2026-09-04 15:45:00+00:00,38.355,38.355,38.3,38.3,3213.0,26.0,38.308558
NKE,2026-09-04 15:50:00+00:00,38.3,38.33,38.3,38.33,3655.0,34.0,38.322286
NKE,2026-09-04 15:55:00+00:00,38.33,38.33,38.3,38.315,2188.0,34.0,38.312769
NKE,2026-09-04 16:00:00+00:00,38.315,38.365,38.315,38.35,4109.0,40.0,38.33985
NKE,2026-09-04 16:05:00+00:00,38.345,38.435,38.335,38.435,10669.0,71.0,38.392306
NKE,2026-09-04 16:10:00+00:00,38.43,38.555,38.43,38.52,6754.0,55.0,38.508722
NKE,2026-09-04 16:15:00+00:00,38.515,38.55,38.5,38.535,11110.0,83.0,38.531011
NKE,2026-09-04 16:20:00+00:00,38.51,38.58,38.51,38.55,3008.0,33.0,38.550323
NKE,2026-09-04 16:25:00+00:00,38.55,38.56,38.495,38.505,5808.0,54.0,38.530906
NKE,2026-09-04 16:30:00+00:00,38.51,38.515,38.475,38.475,3920.0,30.0,38.494931
NKE,2026-09-04 16:35:00+00:00,38.475,38.515,38.465,38.505,15805.0,71.0,38.502027
NKE,2026-09-04 16:40:00+00:00,38.5,38.5,38.475,38.485,6257.0,46.0,38.490627
NKE,2026-09-04 16:45:00+00:00,38.485,38.49,38.46,38.46,2341.0,25.0,38.477619
NKE,2026-09-04 16:50:00+00:00,38.46,38.525,38.46,38.505,5831.0,46.0,38.497291
NKE,2026-09-04 16:55:00+00:00,38.51,38.53,38.5,38.5,6274.0,43.0,38.507203
NKE,2026-09-04 17:00:00+00:00,38.49,38.505,38.465,38.465,5055.0,46.0,38.487202
NKE,2026-09-04 17:05:00+00:00,38.47,38.49,38.47,38.485,4097.0,36.0,38.479782
NKE,2026-09-04 17:10:00+00:00,38.485,38.49,38.475,38.48,2912.0,22.0,38.485173
NKE,2026-09-04 17:15:00+00:00,38.49,38.5,38.485,38.485,3432.0,33.0,38.493734
NKE,2026-09-04 17:20:00+00:00,38.465,38.48,38.42,38.42,4570.0,46.0,38.455289
NKE,2026-09-04 17:25:00+00:00,38.425,38.46,38.38,38.455,20681.0,81.0,38.401134
NKE,2026-09-04 17:30:00+00:00,38.46,38.485,38.44,38.47,3553.0,43.0,38.462112
NKE,2026-09-04 17:35:00+00:00,38.475,38.485,38.46,38.48,5281.0,43.0,38.470875
NKE,2026-09-04 17:40:00+00:00,38.485,38.485,38.445,38.45,8887.0,54.0,38.45956
NKE,2026-09-04 17:45:00+00:00,38.44,38.445,38.425,38.43,10177.0,53.0,38.435347
NKE,2026-09-04 17:50:00+00:00,38.43,38.43,38.375,38.375,6781.0,44.0,38.395179
NKE,2026-09-04 17:55:00+00:00,38.375,38.385,38.37,38.375,4279.0,43.0,38.373103
NKE,2026-09-04 18:00:00+00:00,38.385,38.44,38.38,38.43,7061.0,46.0,38.422478
NKE,2026-09-04 18:05:00+00:00,38.42,38.43,38.39,38.4,2232.0,17.0,38.401707
NKE,2026-09-04 18:10:00+00:00,38.41,38.46,38.41,38.44,2401.0,38.0,38.43369
NKE,2026-09-04 18:15:00+00:00,38.45,38.45,38.42,38.425,995.0,17.0,38.42812
NKE,2026-09-04 18:20:00+00:00,38.4,38.4,38.375,38.375,4602.0,37.0,38.388646
NKE,2026-09-04 18:25:00+00:00,38.355,38.355,38.34,38.35,4201.0,27.0,38.349053
NKE,2026-09-04 18:30:00+00:00,38.345,38.355,38.335,38.35,6038.0,48.0,38.345455
NKE,2026-09-04 18:35:00+00:00,38.35,38.37,38.335,38.355,2586.0,31.0,38.353334
NKE,2026-09-04 18:40:00+00:00,38.36,38.515,38.355,38.49,8900.0,66.0,38.440824
NKE,2026-09-04 18:45:00+00:00,38.52,38.52,38.46,38.48,6256.0,50.0,38.490519
NKE,2026-09-04 18:50:00+00:00,38.5,38.59,38.5,38.56,9850.0,73.0,38.557256
NKE,2026-09-04 18:55:00+00:00,38.57,38.65,38.545,38.61,6242.0,51.0,38.600601
NKE,2026-09-04 19:00:00+00:00,38.62,38.63,38.53,38.545,5934.0,43.0,38.575703
NKE,2026-09-04 19:05:00+00:00,38.545,38.545,38.47,38.47,4567.0,37.0,38.499722
NKE,2026-09-04 19:10:00+00:00,38.465,38.465,38.425,38.455,6731.0,48.0,38.443002
NKE,2026-09-04 19:15:00+00:00,38.465,38.51,38.45,38.51,8963.0,53.0,38.479121
NKE,2026-09-04 19:20:00+00:00,38.515,38.555,38.515,38.54,9104.0,71.0,38.537141
NKE,2026-09-04 19:25:00+00:00,38.54,38.575,38.54,38.57,9388.0,91.0,38.56674
NKE,2026-09-04 19:30:00+00:00,38.55,38.58,38.53,38.535,16973.0,138.0,38.55571
NKE,2026-09-04 19:35:00+00:00,38.535,38.545,38.49,38.5,21748.0,149.0,38.517653
NKE,2026-09-04 19:40:00+00:00,38.495,38.525,38.485,38.515,16881.0,125.0,38.509962
NKE,2026-09-04 19:45:00+00:00,38.51,38.54,38.475,38.525,14269.0,132.0,38.514424
NKE,2026-09-04 19:50:00+00:00,38.525,38.525,38.405,38.415,22241.0,182.0,38.4583
NKE,2026-09-04 19:55:00+00:00,38.415,38.415,38.345,38.41,103417.0,816.0,38.386121
NKE,2026-09-08 13:30:00+00:00,38.58,38.71,38.325,38.4,39532.0,250.0,38.523805
NKE,2026-09-08 13:35:00+00:00,38.41,38.49,38.25,38.42,40177.0,258.0,38.385013
NKE,2026-09-08 13:40:00+00:00,38.38,38.72,38.3,38.7,36069.0,240.0,38.469789
NKE,2026-09-08 13:45:00+00:00,38.645,38.66,38.415,38.455,22641.0,204.0,38.515148
NKE,2026-09-08 13:50:00+00:00,38.425,38.425,38.23,38.23,27154.0,188.0,38.336266
NKE,2026-09-08 13:55:00+00:00,38.23,38.315,38.23,38.28,30952.0,233.0,38.264339
NKE,2026-09-08 14:00:00+00:00,38.28,38.465,38.28,38.435,20502.0,170.0,38.401643
NKE,2026-09-08 14:05:00+00:00,38.435,38.48,38.405,38.45,13090.0,114.0,38.447002
NKE,2026-09-08 14:10:00+00:00,38.435,38.505,38.42,38.485,15590.0,136.0,38.456754
NKE,2026-09-08 14:15:00+00:00,38.485,38.5,38.42,38.45,14825.0,113.0,38.469593
NKE,2026-09-08 14:20:00+00:00,38.47,38.585,38.46,38.535,38174.0,174.0,38.539218
NKE,2026-09-08 14:25:00+00:00,38.535,38.535,38.39,38.43,22453.0,167.0,38.462876
NKE,2026-09-08 14:30:00+00:00,38.44,38.445,38.34,38.36,15415.0,97.0,38.376375
NKE,2026-09-08 14:35:00+00:00,38.35,38.435,38.35,38.41,10951.0,88.0,38.395449
NKE,2026-09-08 14:40:00+00:00,38.41,38.435,38.4,38.4,5273.0,39.0,38.414024
NKE,2026-09-08 14:45:00+00:00,38.4,38.435,38.335,38.34,21535.0,119.0,38.388282
NKE,2026-09-08 14:50:00+00:00,38.34,38.405,38.325,38.4,11498.0,81.0,38.356365
NKE,2026-09-08 14:55:00+00:00,38.395,38.455,38.29,38.32,14550.0,115.0,38.386973
NKE,2026-09-08 15:00:00+00:00,38.33,38.33,38.235,38.235,15345.0,104.0,38.281996
NKE,2026-09-08 15:05:00+00:00,38.235,38.29,38.23,38.24,20764.0,156.0,38.248553
NKE,2026-09-08 15:10:00+00:00,38.24,38.275,38.19,38.205,28369.0,184.0,38.226676
NKE,2026-09-08 15:15:00+00:00,38.215,38.22,38.13,38.13,18836.0,115.0,38.190439
NKE,2026-09-08 15:20:00+00:00,38.12,38.135,38.095,38.115,18058.0,120.0,38.106191
NKE,2026-09-08 15:25:00+00:00,38.13,38.2,38.13,38.17,14912.0,105.0,38.165554
NKE,2026-09-08 15:30:00+00:00,38.17,38.2,38.145,38.145,12640.0,95.0,38.173587
NKE,2026-09-08 15:35:00+00:00,38.135,38.275,38.125,38.23,23047.0,146.0,38.202548
NKE,2026-09-08 15:40:00+00:00,38.235,38.27,38.21,38.24,22707.0,111.0,38.230658
NKE,2026-09-08 15:45:00+00:00,38.23,38.23,38.165,38.17,18616.0,91.0,38.194804
NKE,2026-09-08 15:50:00+00:00,38.16,38.185,38.14,38.185,8724.0,65.0,38.172996
NKE,2026-09-08 15:55:00+00:00,38.18,38.2,38.16,38.2,12336.0,88.0,38.173188
NKE,2026-09-08 16:00:00+00:00,38.195,38.21,38.165,38.21,11234.0,71.0,38.188049
NKE,2026-09-08 16:05:00+00:00,38.215,38.225,38.14,38.165,8864.0,56.0,38.170594
NKE,2026-09-08 16:10:00+00:00,38.155,38.18,38.13,38.18,6818.0,69.0,38.147614
NKE,2026-09-08 16:15:00+00:00,38.17,38.17,38.13,38.14,9443.0,79.0,38.145828
NKE,2026-09-08 16:20:00+00:00,38.13,38.205,38.125,38.195,25296.0,164.0,38.159945
NKE,2026-09-08 16:25:00+00:00,38.195,38.25,38.19,38.235,11769.0,95.0,38.226485
NKE,2026-09-08 16:30:00+00:00,38.235,38.25,38.2,38.2,14626.0,121.0,38.237368
NKE,2026-09-08 16:35:00+00:00,38.19,38.2,38.18,38.185,7281.0,65.0,38.188142
NKE,2026-09-08 16:40:00+00:00,38.19,38.19,38.155,38.17,10133.0,73.0,38.178678
NKE,2026-09-08 16:45:00+00:00,38.17,38.215,38.165,38.195,11198.0,80.0,38.199753
NKE,2026-09-08 16:50:00+00:00,38.195,38.21,38.18,38.2,6033.0,41.0,38.196504
NKE,2026-09-08 16:55:00+00:00,38.19,38.205,38.17,38.2,10160.0,85.0,38.192333
NKE,2026-09-08 17:00:00+00:00,38.21,38.255,38.21,38.255,9075.0,79.0,38.239085
NKE,2026-09-08 17:05:00+00:00,38.255,38.265,38.21,38.22,16187.0,73.0,38.230216
NKE,2026-09-08 17:10:00+00:00,38.21,38.22,38.18,38.19,10508.0,73.0,38.199789
NKE,2026-09-08 17:15:00+00:00,38.19,38.19,38.17,38.17,4712.0,41.0,38.17998
NKE,2026-09-08 17:20:00+00:00,38.17,38.175,38.15,38.15,9446.0,77.0,38.160662
NKE,2026-09-08 17:25:00+00:00,38.145,38.145,38.125,38.145,12558.0,93.0,38.136312
NKE,2026-09-08 17:30:00+00:00,38.135,38.195,38.13,38.19,12746.0,102.0,38.155208
NKE,2026-09-08 17:35:00+00:00,38.19,38.19,38.13,38.135,9711.0,84.0,38.150153
NKE,2026-09-08 17:40:00+00:00,38.135,38.135,38.04,38.045,21430.0,126.0,38.086243
NKE,2026-09-08 17:45:00+00:00,38.045,38.055,38.01,38.01,11888.0,86.0,38.037997
NKE,2026-09-08 17:50:00+00:00,38.01,38.065,38.005,38.065,19381.0,114.0,38.021359
NKE,2026-09-08 17:55:00+00:00,38.05,38.05,37.995,38.045,23367.0,134.0,38.012476
NKE,2026-09-08 18:00:00+00:00,38.035,38.08,38.035,38.065,9699.0,64.0,38.051747
NKE,2026-09-08 18:05:00+00:00,38.06,38.115,38.06,38.11,10883.0,72.0,38.078362
NKE,2026-09-08 18:10:00+00:00,38.1,38.125,38.1,38.115,5403.0,75.0,38.11584
NKE,2026-09-08 18:15:00+00:00,38.12,38.14,38.11,38.12,9444.0,92.0,38.12814
NKE,2026-09-08 18:20:00+00:00,38.12,38.125,38.11,38.11,6194.0,51.0,38.118072
NKE,2026-09-08 18:25:00+00:00,38.105,38.11,38.085,38.09,7357.0,69.0,38.102181
NKE,2026-09-08 18:30:00+00:00,38.1,38.105,38.015,38.02,13691.0,79.0,38.055648
NKE,2026-09-08 18:35:00+00:00,38.025,38.025,37.935,37.98,33978.0,126.0,37.979298
NKE,2026-09-08 18:40:00+00:00,37.975,37.995,37.97,37.995,5494.0,58.0,37.983697
NKE,2026-09-08 18:45:00+00:00,38.005,38.03,37.9,37.93,19621.0,133.0,37.976114
NKE,2026-09-08 18:50:00+00:00,37.925,38.0,37.925,37.965,10669.0,71.0,37.967879
NKE,2026-09-08 18:55:00+00:00,37.955,37.96,37.925,37.935,5051.0,52.0,37.941533
NKE,2026-09-08 19:00:00+00:00,37.935,37.965,37.92,37.965,26112.0,119.0,37.945083
NKE,2026-09-08 19:05:00+00:00,37.955,37.965,37.94,37.965,6714.0,55.0,37.948039
NKE,2026-09-08 19:10:00+00:00,37.97,38.04,37.97,38.035,13412.0,78.0,38.005673
NKE,2026-09-08 19:15:00+00:00,38.04,38.065,38.025,38.05,18766.0,93.0,38.042684
NKE,2026-09-08 19:20:00+00:00,38.055,38.075,38.02,38.03,23846.0,120.0,38.038996
NKE,2026-09-08 19:25:00+00:00,38.025,38.04,38.01,38.04,15023.0,101.0,38.028242
NKE,2026-09-08 19:30:00+00:00,38.04,38.065,38.005,38.02,12897.0,81.0,38.037501
NKE,2026-09-08 19:35:00+00:00,38.015,38.05,38.0,38.045,40982.0,149.0,38.03396
NKE,2026-09-08 19:40:00+00:00,38.035,38.065,38.005,38.02,16752.0,133.0,38.030474
NKE,2026-09-08 19:45:00+00:00,38.025,38.075,38.0,38.06,31101.0,204.0,38.02704
NKE,2026-09-08 19:50:00+00:00,38.06,38.07,38.025,38.07,30262.0,231.0,38.041234
NKE,2026-09-08 19:55:00+00:00,38.065,38.11,38.005,38.105,110828.0,850.0,38.04508
NKE,2026-09-09 13:30:00+00:00,37.72,37.72,36.86,37.14,119355.0,626.0,37.284968
NKE,2026-09-09 13:35:00+00:00,37.145,37.325,37.135,37.28,39209.0,328.0,37.231708
NKE,2026-09-09 13:40:00+00:00,37.265,37.38,37.26,37.37,32128.0,218.0,37.326385
NKE,2026-09-09 13:45:00+00:00,37.325,37.43,37.32,37.38,34280.0,262.0,37.364745
NKE,2026-09-09 13:50:00+00:00,37.395,37.465,37.36,37.395,33266.0,240.0,37.422109
NKE,2026-09-09 13:55:00+00:00,37.39,37.56,37.38,37.56,18550.0,158.0,37.448211
NKE,2026-09-09 14:00:00+00:00,37.56,37.845,37.52,37.55,29395.0,235.0,37.653716
NKE,2026-09-09 14:05:00+00:00,37.56,37.64,37.475,37.61,26327.0,208.0,37.561673
NKE,2026-09-09 14:10:00+00:00,37.615,37.78,37.56,37.72,59272.0,417.0,37.684098
NKE,2026-09-09 14:15:00+00:00,37.72,37.75,37.63,37.735,15646.0,140.0,37.700662
NKE,2026-09-09 14:20:00+00:00,37.74,37.75,37.67,37.67,14741.0,137.0,37.715098
NKE,2026-09-09 14:25:00+00:00,37.685,37.71,37.65,37.67,11555.0,103.0,37.685053
NKE,2026-09-09 14:30:00+00:00,37.67,37.67,37.58,37.59,21608.0,169.0,37.60752
NKE,2026-09-09 14:35:00+00:00,37.59,37.6,37.43,37.43,58463.0,171.0,37.494547
NKE,2026-09-09 14:40:00+00:00,37.44,37.46,37.38,37.4,20524.0,134.0,37.425265
NKE,2026-09-09 14:45:00+00:00,37.4,37.4,37.315,37.35,17023.0,123.0,37.343563
NKE,2026-09-09 14:50:00+00:00,37.35,37.425,37.32,37.345,8171.0,69.0,37.366378
NKE,2026-09-09 14:55:00+00:00,37.34,37.34,37.255,37.33,17061.0,109.0,37.294565
NKE,2026-09-09 15:00:00+00:00,37.32,37.32,37.155,37.17,21704.0,132.0,37.217826
NKE,2026-09-09 15:05:00+00:00,37.175,37.26,37.175,37.21,12719.0,94.0,37.23162
NKE,2026-09-09 15:10:00+00:00,37.21,37.21,37.155,37.16,13025.0,111.0,37.174661
NKE,2026-09-09 15:15:00+00:00,37.155,37.175,37.115,37.115,15935.0,121.0,37.141026
NKE,2026-09-09 15:20:00+00:00,37.115,37.12,37.055,37.065,14904.0,103.0,37.085172
NKE,2026-09-09 15:25:00+00:00,37.055,37.12,37.055,37.12,11493.0,99.0,37.076686
NKE,2026-09-09 15:30:00+00:00,37.125,37.175,37.105,37.175,17186.0,109.0,37.126163
NKE,2026-09-09 15:35:00+00:00,37.125,37.165,37.115,37.15,16970.0,93.0,37.142886
NKE,2026-09-09 15:40:00+00:00,37.16,37.16,37.07,37.125,14912.0,97.0,37.099604
NKE,2026-09-09 15:45:00+00:00,37.1,37.155,37.08,37.155,9776.0,57.0,37.129414
NKE,2026-09-09 15:50:00+00:00,37.155,37.165,37.135,37.14,9190.0,71.0,37.148025
NKE,2026-09-09 15:55:00+00:00,37.13,37.13,37.08,37.09,5003.0,44.0,37.096823
NKE,2026-09-09 16:00:00+00:00,37.07,37.085,37.02,37.05,9659.0,65.0,37.040291
NKE,2026-09-09 16:05:00+00:00,37.025,37.055,37.015,37.035,6872.0,60.0,37.038138
NKE,2026-09-09 16:10:00+00:00,37.025,37.035,37.015,37.03,5745.0,35.0,37.029548
NKE,2026-09-09 16:15:00+00:00,37.03,37.065,37.025,37.035,7393.0,58.0,37.051127
NKE,2026-09-09 16:20:00+00:00,37.02,37.07,37.015,37.06,11509.0,85.0,37.041386
NKE,2026-09-09 16:25:00+00:00,37.06,37.07,37.03,37.04,11384.0,80.0,37.047125
NKE,2026-09-09 16:30:00+00:00,37.03,37.07,37.015,37.065,8997.0,68.0,37.024078
NKE,2026-09-09 16:35:00+00:00,37.06,37.11,37.06,37.1,12084.0,76.0,37.076387
NKE,2026-09-09 16:40:00+00:00,37.095,37.15,37.095,37.11,9957.0,67.0,37.126493
NKE,2026-09-09 16:45:00+00:00,37.095,37.105,37.09,37.09,2805.0,28.0,37.101595
NKE,2026-09-09 16:50:00+00:00,37.09,37.09,37.06,37.065,4778.0,33.0,37.068297
NKE,2026-09-09 16:55:00+00:00,37.055,37.1,37.045,37.09,3763.0,36.0,37.080204
NKE,2026-09-09 17:00:00+00:00,37.085,37.155,37.085,37.15,10777.0,76.0,37.128212
NKE,2026-09-09 17:05:00+00:00,37.14,37.15,37.115,37.115,7971.0,69.0,37.131438
NKE,2026-09-09 17:10:00+00:00,37.115,37.12,37.105,37.12,2407.0,21.0,37.111728
NKE,2026-09-09 17:15:00+00:00,37.12,37.15,37.115,37.15,5840.0,51.0,37.136479
NKE,2026-09-09 17:20:00+00:00,37.145,37.2,37.145,37.165,15588.0,91.0,37.180226
NKE,2026-09-09 17:25:00+00:00,37.16,37.205,37.14,37.205,11321.0,103.0,37.15954
NKE,2026-09-09 17:30:00+00:00,37.175,37.205,37.16,37.205,8475.0,71.0,37.188257
NKE,2026-09-09 17:35:00+00:00,37.205,37.245,37.2,37.215,6496.0,48.0,37.214043
NKE,2026-09-09 17:40:00+00:00,37.215,37.25,37.215,37.25,5290.0,42.0,37.230775
NKE,2026-09-09 17:45:00+00:00,37.245,37.315,37.225,37.28,21915.0,139.0,37.273011
NKE,2026-09-09 17:50:00+00:00,37.27,37.275,37.215,37.265,17567.0,131.0,37.253031
NKE,2026-09-09 17:55:00+00:00,37.275,37.275,37.205,37.235,14901.0,105.0,37.236546
NKE,2026-09-09 18:00:00+00:00,37.215,37.3,37.21,37.295,12465.0,121.0,37.255166
NKE,2026-09-09 18:05:00+00:00,37.305,37.355,37.28,37.305,17416.0,132.0,37.315373
NKE,2026-09-09 18:10:00+00:00,37.29,37.315,37.285,37.295,12591.0,71.0,37.29478
NKE,2026-09-09 18:15:00+00:00,37.285,37.305,37.26,37.305,7437.0,55.0,37.289292
NKE,2026-09-09 18:20:00+00:00,37.295,37.295,37.23,37.23,14086.0,81.0,37.264871
NKE,2026-09-09 18:25:00+00:00,37.23,37.365,37.23,37.365,17923.0,86.0,37.270046
NKE,2026-09-09 18:30:00+00:00,37.355,37.355,37.3,37.3,8108.0,54.0,37.324543
NKE,2026-09-09 18:35:00+00:00,37.31,37.32,37.2,37.23,15155.0,94.0,37.236709
NKE,2026-09-09 18:40:00+00:00,37.215,37.265,37.2,37.25,6986.0,53.0,37.231553
NKE,2026-09-09 18:45:00+00:00,37.255,37.265,37.225,37.265,5533.0,46.0,37.251155
NKE,2026-09-09 18:50:00+00:00,37.265,37.265,37.15,37.16,32481.0,154.0,37.181778
NKE,2026-09-09 18:55:00+00:00,37.175,37.25,37.17,37.23,12299.0,90.0,37.200616
NKE,2026-09-09 19:00:00+00:00,37.225,37.265,37.225,37.23,14936.0,87.0,37.2431
NKE,2026-09-09 19:05:00+00:00,37.245,37.26,37.24,37.26,3629.0,37.0,37.251118
NKE,2026-09-09 19:10:00+00:00,37.265,37.28,37.24,37.245,15060.0,91.0,37.266393
NKE,2026-09-09 19:15:00+00:00,37.245,37.25,37.19,37.24,12916.0,80.0,37.218596
NKE,2026-09-09 19:20:00+00:00,37.23,37.25,37.21,37.25,6298.0,48.0,37.234039
NKE,2026-09-09 19:25:00+00:00,37.255,37.265,37.205,37.22,17409.0,107.0,37.245037
NKE,2026-09-09 19:30:00+00:00,37.22,37.265,37.195,37.265,14662.0,94.0,37.221026
NKE,2026-09-09 19:35:00+00:00,37.275,37.37,37.255,37.345,23661.0,135.0,37.314505
NKE,2026-09-09 19:40:00+00:00,37.34,37.39,37.335,37.38,13693.0,138.0,37.358764
NKE,2026-09-09 19:45:00+00:00,37.37,37.37,37.295,37.315,24413.0,189.0,37.323986
NKE,2026-09-09 19:50:00+00:00,37.32,37.395,37.255,37.325,79612.0,418.0,37.315776
NKE,2026-09-09 19:55:00+00:00,37.33,37.4,37.29,37.36,214656.0,1135.0,37.350359
NKE,2026-09-10 13:30:00+00:00,37.06,37.15,36.89,36.97,58401.0,338.0,36.972747
NKE,2026-09-10 13:35:00+00:00,36.935,37.03,36.88,36.885,43450.0,331.0,36.960393
NKE,2026-09-10 13:40:00+00:00,36.885,36.93,36.855,36.88,21082.0,199.0,36.887258
NKE,2026-09-10 13:45:00+00:00,36.87,37.05,36.845,36.96,48378.0,309.0,36.944315
NKE,2026-09-10 13:50:00+00:00,36.955,37.04,36.915,36.92,12264.0,122.0,36.963443
NKE,2026-09-10 13:55:00+00:00,36.925,36.945,36.87,36.87,20307.0,190.0,36.918831
NKE,2026-09-10 14:00:00+00:00,36.89,36.91,36.765,36.815,20178.0,139.0,36.805771
NKE,2026-09-10 14:05:00+00:00,36.8,36.825,36.76,36.76,17792.0,139.0,36.790034
NKE,2026-09-10 14:10:00+00:00,36.76,36.91,36.76,36.89,14403.0,112.0,36.821932
NKE,2026-09-10 14:15:00+00:00,36.89,36.95,36.86,36.95,27795.0,207.0,36.894729
NKE,2026-09-10 14:20:00+00:00,36.955,37.065,36.93,37.035,21328.0,138.0,36.997555
NKE,2026-09-10 14:25:00+00:00,37.04,37.135,37.02,37.07,25150.0,174.0,37.086182
NKE,2026-09-10 14:30:00+00:00,37.07,37.07,36.985,37.03,9837.0,83.0,37.02893
NKE,2026-09-10 14:35:00+00:00,37.04,37.11,37.04,37.1,6397.0,58.0,37.074821
NKE,2026-09-10 14:40:00+00:00,37.095,37.14,37.09,37.125,8375.0,68.0,37.116573
NKE,2026-09-10 14:45:00+00:00,37.105,37.14,37.065,37.14,9578.0,84.0,37.102121
NKE,2026-09-10 14:50:00+00:00,37.115,37.115,37.07,37.08,8671.0,75.0,37.084915
NKE,2026-09-10 14:55:00+00:00,37.075,37.095,37.055,37.075,12226.0,112.0,37.071899
NKE,2026-09-10 15:00:00+00:00,37.045,37.045,36.97,37.005,13790.0,111.0,37.013771
NKE,2026-09-10 15:05:00+00:00,37.01,37.075,37.01,37.055,15802.0,118.0,37.048682
NKE,2026-09-10 15:10:00+00:00,37.055,37.09,37.01,37.09,9389.0,75.0,37.046483
NKE,2026-09-10 15:15:00+00:00,37.09,37.09,37.03,37.09,7145.0,66.0,37.075216
NKE,2026-09-10 15:20:00+00:00,37.08,37.085,37.06,37.085,8896.0,84.0,37.077406
NKE,2026-09-10 15:25:00+00:00,37.08,37.115,37.08,37.085,8382.0,98.0,37.101936
NKE,2026-09-10 15:30:00+00:00,37.075,37.075,37.025,37.055,9222.0,80.0,37.057597
NKE,2026-09-10 15:35:00+00:00,37.055,37.1,36.985,36.985,8372.0,59.0,37.077592
NKE,2026-09-10 15:40:00+00:00,36.975,37.01,36.94,36.97,10484.0,94.0,36.97358
NKE,2026-09-10 15:45:00+00:00,36.97,36.97,36.915,36.935,7807.0,77.0,36.943824
NKE,2026-09-10 15:50:00+00:00,36.935,36.935,36.86,36.865,9476.0,64.0,36.895456
NKE,2026-09-10 15:55:00+00:00,36.865,36.87,36.85,36.865,6872.0,62.0,36.860663
NKE,2026-09-10 16:00:00+00:00,36.87,36.885,36.845,36.875,9647.0,93.0,36.867963
NKE,2026-09-10 16:05:00+00:00,36.875,36.915,36.875,36.915,8444.0,58.0,36.898521
NKE,2026-09-10 16:10:00+00:00,36.935,37.015,36.925,37.015,11993.0,75.0,36.982521
NKE,2026-09-10 16:15:00+00:00,37.015,37.05,37.005,37.01,16982.0,96.0,37.029951
NKE,2026-09-10 16:20:00+00:00,37.025,37.035,37.015,37.015,5133.0,38.0,37.023307
NKE,2026-09-10 16:25:00+00:00,36.99,37.01,36.95,37.0,10162.0,77.0,36.988862
NKE,2026-09-10 16:30:00+00:00,36.985,37.01,36.965,36.965,7435.0,53.0,36.99736
NKE,2026-09-10 16:35:00+00:00,36.98,37.0,36.96,36.99,3408.0,34.0,36.982504
NKE,2026-09-10 16:40:00+00:00,36.98,36.98,36.94,36.945,2968.0,38.0,36.953961
NKE,2026-09-10 16:45:00+00:00,36.94,36.94,36.905,36.91,21002.0,120.0,36.922968
NKE,2026-09-10 16:50:00+00:00,36.87,36.91,36.86,36.91,13806.0,97.0,36.882757
NKE,2026-09-10 16:55:00+00:00,36.91,36.96,36.91,36.96,3968.0,33.0,36.942844
NKE,2026-09-10 17:00:00+00:00,36.96,36.975,36.935,36.975,5897.0,46.0,36.950102
NKE,2026-09-10 17:05:00+00:00,36.97,36.97,36.865,36.87,8923.0,57.0,36.9242
NKE,2026-09-10 17:10:00+00:00,36.875,36.89,36.87,36.875,5459.0,35.0,36.883392
NKE,2026-09-10 17:15:00+00:00,36.865,36.87,36.8,36.81,13964.0,82.0,36.831435
NKE,2026-09-10 17:20:00+00:00,36.82,36.84,36.81,36.81,6553.0,44.0,36.823326
NKE,2026-09-10 17:25:00+00:00,36.81,36.83,36.795,36.805,17241.0,78.0,36.809099
NKE,2026-09-10 17:30:00+00:00,36.79,36.79,36.755,36.78,12375.0,71.0,36.770331
NKE,2026-09-10 17:35:00+00:00,36.785,36.815,36.785,36.79,5524.0,42.0,36.801987
NKE,2026-09-10 17:40:00+00:00,36.765,36.785,36.765,36.775,1574.0,18.0,36.774996
NKE,2026-09-10 17:45:00+00:00,36.78,36.785,36.77,36.785,736.0,11.0,36.781932
NKE,2026-09-10 17:50:00+00:00,36.795,36.82,36.795,36.82,2533.0,32.0,36.807611
NKE,2026-09-10 17:55:00+00:00,36.825,36.825,36.81,36.81,1338.0,16.0,36.81625
NKE,2026-09-10 18:00:00+00:00,36.81,36.82,36.795,36.805,6080.0,42.0,36.814566
NKE,2026-09-10 18:05:00+00:00,36.82,36.82,36.805,36.81,4417.0,30.0,36.81313
NKE,2026-09-10 18:10:00+00:00,36.82,36.825,36.81,36.815,3188.0,21.0,36.811926
NKE,2026-09-10 18:15:00+00:00,36.78,36.805,36.78,36.805,1295.0,14.0,36.78894
NKE,2026-09-10 18:20:00+00:00,36.8,36.82,36.79,36.82,5883.0,36.0,36.795263
NKE,2026-09-10 18:25:00+00:00,36.8,36.81,36.76,36.76,4121.0,39.0,36.7875
NKE,2026-09-10 18:30:00+00:00,36.75,36.75,36.71,36.73,11913.0,82.0,36.726088
NKE,2026-09-10 18:35:00+00:00,36.74,36.75,36.705,36.71,9929.0,96.0,36.724558
NKE,2026-09-10 18:40:00+00:00,36.715,36.715,36.68,36.68,11513.0,83.0,36.697548
NKE,2026-09-10 18:45:00+00:00,36.68,36.69,36.645,36.68,9527.0,96.0,36.666829
NKE,2026-09-10 18:50:00+00:00,36.675,36.69,36.625,36.635,9467.0,72.0,36.668217
NKE,2026-09-10 18:55:00+00:00,36.64,36.65,36.6,36.61,9516.0,79.0,36.6317
NKE,2026-09-10 19:00:00+00:00,36.605,36.63,36.57,36.575,10223.0,76.0,36.590487
NKE,2026-09-10 19:05:00+00:00,36.575,36.61,36.57,36.61,5278.0,55.0,36.592984
NKE,2026-09-10 19:10:00+00:00,36.615,36.615,36.57,36.575,11418.0,91.0,36.58358
NKE,2026-09-10 19:15:00+00:00,36.575,36.62,36.575,36.58,24250.0,132.0,36.592084
NKE,2026-09-10 19:20:00+00:00,36.58,36.64,36.57,36.64,21520.0,121.0,36.59781
NKE,2026-09-10 19:25:00+00:00,36.64,36.655,36.63,36.64,8920.0,82.0,36.641658
NKE,2026-09-10 19:30:00+00:00,36.64,36.64,36.59,36.61,18211.0,163.0,36.616969
NKE,2026-09-10 19:35:00+00:00,36.605,36.615,36.575,36.605,19560.0,144.0,36.59176
NKE,2026-09-10 19:40:00+00:00,36.6,36.61,36.58,36.605,19910.0,179.0,36.593215
NKE,2026-09-10 19:45:00+00:00,36.605,36.645,36.595,36.645,18795.0,146.0,36.621545
NKE,2026-09-10 19:50:00+00:00,36.645,36.665,36.63,36.665,23594.0,205.0,36.640203
NKE,2026-09-10 19:55:00+00:00,36.66,36.675,36.55,36.615,75327.0,585.0,36.608678
NKE,2026-09-11 13:30:00+00:00,36.775,36.925,36.71,36.875,42657.0,252.0,36.823002
NKE,2026-09-11 13:35:00+00:00,36.87,36.975,36.835,36.885,55649.0,381.0,36.905374
NKE,2026-09-11 13:40:00+00:00,36.885,36.94,36.71,36.735,32127.0,202.0,36.850456
NKE,2026-09-11 13:45:00+00:00,36.735,36.84,36.685,36.825,31905.0,205.0,36.781361
NKE,2026-09-11 13:50:00+00:00,36.82,36.85,36.745,36.745,13417.0,143.0,36.795963
NKE,2026-09-11 13:55:00+00:00,36.735,36.82,36.695,36.75,12197.0,123.0,36.747661
NKE,2026-09-11 14:00:00+00:00,36.75,36.75,36.645,36.735,40625.0,210.0,36.700714
NKE,2026-09-11 14:05:00+00:00,36.715,36.775,36.71,36.745,13091.0,112.0,36.73975
NKE,2026-09-11 14:10:00+00:00,36.75,36.76,36.62,36.665,18347.0,137.0,36.691372
NKE,2026-09-11 14:15:00+00:00,36.665,36.815,36.635,36.79,17961.0,132.0,36.69335
NKE,2026-09-11 14:20:00+00:00,36.785,36.805,36.745,36.77,26763.0,148.0,36.76953
NKE,2026-09-11 14:25:00+00:00,36.755,36.755,36.69,36.73,18166.0,139.0,36.720921
NKE,2026-09-11 14:30:00+00:00,36.725,36.76,36.685,36.705,13021.0,97.0,36.724926
NKE,2026-09-11 14:35:00+00:00,36.7,36.77,36.68,36.77,11184.0,91.0,36.727535
NKE,2026-09-11 14:40:00+00:00,36.77,36.87,36.77,36.86,9011.0,66.0,36.810749
NKE,2026-09-11 14:45:00+00:00,36.87,36.955,36.78,36.925,23741.0,143.0,36.853647
NKE,2026-09-11 14:50:00+00:00,36.93,36.935,36.865,36.905,13543.0,82.0,36.901363
NKE,2026-09-11 14:55:00+00:00,36.885,36.9,36.785,36.795,10133.0,69.0,36.866476
NKE,2026-09-11 15:00:00+00:00,36.79,36.835,36.775,36.835,4973.0,33.0,36.797831
NKE,2026-09-11 15:05:00+00:00,36.86,36.905,36.86,36.895,7175.0,50.0,36.890699
NKE,2026-09-11 15:10:00+00:00,36.895,36.895,36.785,36.835,16708.0,118.0,36.831322
NKE,2026-09-11 15:15:00+00:00,36.84,36.86,36.815,36.855,4303.0,45.0,36.828361
NKE,2026-09-11 15:20:00+00:00,36.855,36.875,36.82,36.82,18396.0,106.0,36.852525
NKE,2026-09-11 15:25:00+00:00,36.825,36.84,36.79,36.815,11210.0,93.0,36.815848
NKE,2026-09-11 15:30:00+00:00,36.795,36.825,36.77,36.81,8924.0,80.0,36.792492
NKE,2026-09-11 15:35:00+00:00,36.805,36.89,36.805,36.885,9052.0,78.0,36.863197
NKE,2026-09-11 15:40:00+00:00,36.89,36.94,36.89,36.925,14113.0,87.0,36.919637
NKE,2026-09-11 15:45:00+00:00,36.93,36.93,36.87,36.885,14456.0,83.0,36.90443
NKE,2026-09-11 15:50:00+00:00,36.89,36.89,36.83,36.875,10177.0,59.0,36.867507
NKE,2026-09-11 15:55:00+00:00,36.875,36.89,36.85,36.88,6166.0,65.0,36.864885
NKE,2026-09-11 16:00:00+00:00,36.88,36.89,36.845,36.855,9516.0,44.0,36.85917
NKE,2026-09-11 16:05:00+00:00,36.855,36.855,36.825,36.845,8651.0,64.0,36.843739
NKE,2026-09-11 16:10:00+00:00,36.85,36.855,36.825,36.84,6144.0,54.0,36.840581
NKE,2026-09-11 16:15:00+00:00,36.85,36.87,36.83,36.86,9190.0,76.0,36.848116
NKE,2026-09-11 16:20:00+00:00,36.85,36.86,36.825,36.825,3610.0,38.0,36.84244
NKE,2026-09-11 16:25:00+00:00,36.825,36.88,36.82,36.88,6568.0,40.0,36.865657
NKE,2026-09-11 16:30:00+00:00,36.875,36.89,36.86,36.88,5675.0,59.0,36.881153
NKE,2026-09-11 16:35:00+00:00,36.89,36.89,36.865,36.89,3285.0,25.0,36.887113
NKE,2026-09-11 16:40:00+00:00,36.9,36.905,36.865,36.89,6441.0,42.0,36.886321
NKE,2026-09-11 16:45:00+00:00,36.895,36.91,36.885,36.905,10582.0,51.0,36.89645
NKE,2026-09-11 16:50:00+00:00,36.905,36.915,36.89,36.895,6435.0,38.0,36.899969
NKE,2026-09-11 16:55:00+00:00,36.9,36.905,36.89,36.9,4904.0,39.0,36.900117
NKE,2026-09-11 17:00:00+00:00,36.9,36.94,36.9,36.91,9309.0,83.0,36.919341
NKE,2026-09-11 17:05:00+00:00,36.915,36.96,36.905,36.945,7964.0,64.0,36.917345
NKE,2026-09-11 17:10:00+00:00,36.96,36.96,36.945,36.96,7306.0,45.0,36.951729
NKE,2026-09-11 17:15:00+00:00,36.96,37.05,36.95,37.02,20960.0,116.0,37.005674
NKE,2026-09-11 17:20:00+00:00,37.01,37.04,36.98,37.005,32810.0,145.0,36.992889
NKE,2026-09-11 17:25:00+00:00,37.02,37.05,37.0,37.02,23269.0,113.0,37.024031
NKE,2026-09-11 17:30:00+00:00,37.015,37.025,36.97,36.975,11336.0,65.0,36.996642
NKE,2026-09-11 17:35:00+00:00,36.955,36.975,36.94,36.965,17485.0,95.0,36.954014
NKE,2026-09-11 17:40:00+00:00,36.95,36.96,36.93,36.955,9716.0,72.0,36.946257
NKE,2026-09-11 17:45:00+00:00,36.955,36.965,36.915,36.925,4896.0,48.0,36.943892
NKE,2026-09-11 17:50:00+00:00,36.93,36.945,36.92,36.94,2740.0,43.0,36.932461
NKE,2026-09-11 17:55:00+00:00,36.94,36.975,36.935,36.97,9404.0,85.0,36.952082
NKE,2026-09-11 18:00:00+00:00,36.975,36.975,36.935,36.935,4823.0,45.0,36.945447
NKE,2026-09-11 18:05:00+00:00,36.93,36.935,36.925,36.925,5666.0,86.0,36.932452
NKE,2026-09-11 18:10:00+00:00,36.92,36.92,36.9,36.915,3039.0,67.0,36.912666
NKE,2026-09-11 18:15:00+00:00,36.915,36.915,36.9,36.9,803.0,20.0,36.910833
NKE,2026-09-11 18:20:00+00:00,36.91,36.91,36.88,36.885,9709.0,67.0,36.88937
NKE,2026-09-11 18:25:00+00:00,36.865,36.87,36.855,36.865,4527.0,56.0,36.862301
NKE,2026-09-11 18:30:00+00:00,36.86,36.87,36.86,36.86,4035.0,35.0,36.864058
NKE,2026-09-11 18:35:00+00:00,36.865,36.865,36.84,36.845,10445.0,89.0,36.851792
NKE,2026-09-11 18:40:00+00:00,36.85,36.855,36.835,36.835,5544.0,68.0,36.843962
NKE,2026-09-11 18:45:00+00:00,36.825,36.83,36.815,36.825,7452.0,81.0,36.824101
NKE,2026-09-11 18:50:00+00:00,36.83,36.855,36.83,36.835,5668.0,67.0,36.840689
NKE,2026-09-11 18:55:00+00:00,36.84,36.85,36.835,36.845,7560.0,77.0,36.842693
NKE,2026-09-11 19:00:00+00:00,36.845,36.845,36.815,36.83,2653.0,47.0,36.834427
NKE,2026-09-11 19:05:00+00:00,36.83,36.84,36.82,36.82,9303.0,63.0,36.825527
NKE,2026-09-11 19:10:00+00:00,36.835,36.835,36.825,36.825,3332.0,37.0,36.829839
NKE,2026-09-11 19:15:00+00:00,36.845,36.87,36.84,36.87,7605.0,61.0,36.851853
NKE,2026-09-11 19:20:00+00:00,36.865,36.9,36.86,36.9,10224.0,79.0,36.880494
NKE,2026-09-11 19:25:00+00:00,36.905,36.92,36.89,36.9,9657.0,109.0,36.901773
NKE,2026-09-11 19:30:00+00:00,36.905,36.905,36.87,36.88,10965.0,87.0,36.883342
NKE,2026-09-11 19:35:00+00:00,36.88,36.905,36.85,36.86,19700.0,147.0,36.877105
NKE,2026-09-11 19:40:00+00:00,36.855,36.93,36.855,36.885,23415.0,178.0,36.895093
NKE,2026-09-11 19:45:00+00:00,36.875,36.89,36.84,36.85,11791.0,151.0,36.865556
NKE,2026-09-11 19:50:00+00:00,36.85,36.86,36.825,36.83,24750.0,233.0,36.838925
NKE,2026-09-11 19:55:00+00:00,36.82,36.845,36.785,36.815,75021.0,757.0,36.815131
NKE,2026-09-14 13:30:00+00:00,36.62,37.31,36.62,37.14,63709.0,428.0,37.174804
NKE,2026-09-14 13:35:00+00:00,37.17,37.225,37.08,37.125,29905.0,258.0,37.169674
NKE,2026-09-14 13:40:00+00:00,37.14,37.15,36.96,36.975,37507.0,370.0,37.067181
NKE,2026-09-14 13:45:00+00:00,36.99,37.14,36.99,37.055,33960.0,286.0,37.058311
NKE,2026-09-14 13:50:00+00:00,37.055,37.12,37.01,37.05,28408.0,285.0,37.080656
NKE,2026-09-14 13:55:00+00:00,37.045,37.07,36.965,36.99,24821.0,199.0,37.024012
NKE,2026-09-14 14:00:00+00:00,37.0,37.16,36.96,37.145,17177.0,159.0,37.072535
NKE,2026-09-14 14:05:00+00:00,37.145,37.175,37.14,37.145,10831.0,96.0,37.156777
NKE,2026-09-14 14:10:00+00:00,37.145,37.19,37.09,37.155,22190.0,182.0,37.138975
NKE,2026-09-14 14:15:00+00:00,37.145,37.225,37.125,37.165,31986.0,244.0,37.156808
NKE,2026-09-14 14:20:00+00:00,37.155,37.195,37.145,37.17,23619.0,170.0,37.170142
NKE,2026-09-14 14:25:00+00:00,37.16,37.16,37.095,37.115,12881.0,120.0,37.122353
NKE,2026-09-14 14:30:00+00:00,37.085,37.235,37.085,37.235,16241.0,136.0,37.173666
NKE,2026-09-14 14:35:00+00:00,37.225,37.305,37.225,37.305,18435.0,182.0,37.276946
NKE,2026-09-14 14:40:00+00:00,37.31,37.31,37.185,37.195,17332.0,163.0,37.2451
NKE,2026-09-14 14:45:00+00:00,37.215,37.22,37.115,37.15,12865.0,140.0,37.154205
NKE,2026-09-14 14:50:00+00:00,37.155,37.18,37.035,37.035,27269.0,197.0,37.121233
NKE,2026-09-14 14:55:00+00:00,37.035,37.035,36.99,36.995,15975.0,179.0,37.014
NKE,2026-09-14 15:00:00+00:00,36.99,37.105,36.945,37.09,19622.0,167.0,37.022265
NKE,2026-09-14 15:05:00+00:00,37.095,37.365,37.095,37.345,33693.0,252.0,37.2689
NKE,2026-09-14 15:10:00+00:00,37.34,37.41,37.245,37.255,50532.0,311.0,37.325497
NKE,2026-09-14 15:15:00+00:00,37.23,37.23,37.145,37.15,8349.0,104.0,37.166895
NKE,2026-09-14 15:20:00+00:00,37.15,37.185,37.115,37.135,16069.0,158.0,37.152466
NKE,2026-09-14 15:25:00+00:00,37.135,37.175,37.125,37.13,9999.0,115.0,37.149913
NKE,2026-09-14 15:30:00+00:00,37.125,37.2,37.105,37.2,16945.0,171.0,37.143648
NKE,2026-09-14 15:35:00+00:00,37.19,37.22,37.165,37.205,9945.0,86.0,37.197172
NKE,2026-09-14 15:40:00+00:00,37.2,37.275,37.16,37.26,13429.0,202.0,37.214695
NKE,2026-09-14 15:45:00+00:00,37.25,37.28,37.23,37.265,9925.0,108.0,37.248114
NKE,2026-09-14 15:50:00+00:00,37.27,37.32,37.235,37.32,4179.0,48.0,37.266138
NKE,2026-09-14 15:55:00+00:00,37.31,37.38,37.305,37.355,7757.0,88.0,37.346018
NKE,2026-09-14 16:00:00+00:00,37.36,37.365,37.34,37.345,22379.0,166.0,37.346667
NKE,2026-09-14 16:05:00+00:00,37.345,37.385,37.295,37.385,17043.0,147.0,37.320374
NKE,2026-09-14 16:10:00+00:00,37.395,37.41,37.315,37.315,11414.0,105.0,37.362587
NKE,2026-09-14 16:15:00+00:00,37.31,37.385,37.275,37.375,8285.0,66.0,37.336015
NKE,2026-09-14 16:20:00+00:00,37.375,37.405,37.365,37.39,14998.0,92.0,37.390274
NKE,2026-09-14 16:25:00+00:00,37.385,37.385,37.32,37.32,9966.0,148.0,37.363538
NKE,2026-09-14 16:30:00+00:00,37.32,37.325,37.24,37.24,9739.0,161.0,37.299674
NKE,2026-09-14 16:35:00+00:00,37.24,37.28,37.24,37.28,6418.0,143.0,37.270317
NKE,2026-09-14 16:40:00+00:00,37.27,37.27,37.24,37.255,5423.0,120.0,37.260786
NKE,2026-09-14 16:45:00+00:00,37.265,37.385,37.26,37.365,11167.0,184.0,37.318307
NKE,2026-09-14 16:50:00+00:00,37.365,37.375,37.34,37.365,8754.0,179.0,37.358925
NKE,2026-09-14 16:55:00+00:00,37.33,37.33,37.28,37.295,6805.0,140.0,37.302227
NKE,2026-09-14 17:00:00+00:00,37.29,37.29,37.2,37.2,7092.0,83.0,37.23888
NKE,2026-09-14 17:05:00+00:00,37.205,37.205,37.165,37.165,4027.0,60.0,37.188291
NKE,2026-09-14 17:10:00+00:00,37.165,37.185,37.165,37.175,15280.0,127.0,37.171723
NKE,2026-09-14 17:15:00+00:00,37.175,37.2,37.15,37.155,15668.0,120.0,37.173777
NKE,2026-09-14 17:20:00+00:00,37.155,37.22,37.145,37.215,7523.0,66.0,37.189655
NKE,2026-09-14 17:25:00+00:00,37.215,37.215,37.18,37.185,6267.0,54.0,37.202935
NKE,2026-09-14 17:30:00+00:00,37.185,37.205,37.16,37.165,14873.0,96.0,37.181077
NKE,2026-09-14 17:35:00+00:00,37.165,37.165,37.12,37.145,5283.0,53.0,37.142348
NKE,2026-09-14 17:40:00+00:00,37.15,37.185,37.15,37.165,7490.0,61.0,37.164439
NKE,2026-09-14 17:45:00+00:00,37.17,37.17,37.14,37.14,6480.0,69.0,37.157108
NKE,2026-09-14 17:50:00+00:00,37.13,37.13,37.075,37.075,6414.0,85.0,37.10042
NKE,2026-09-14 17:55:00+00:00,37.075,37.105,37.055,37.1,15960.0,113.0,37.070056
NKE,2026-09-14 18:00:00+00:00,37.1,37.1,37.045,37.055,6252.0,72.0,37.071071
NKE,2026-09-14 18:05:00+00:00,37.055,37.08,37.055,37.065,6742.0,52.0,37.067933
NKE,2026-09-14 18:10:00+00:00,37.075,37.135,37.075,37.13,4851.0,48.0,37.107556
NKE,2026-09-14 18:15:00+00:00,37.135,37.135,37.085,37.095,3188.0,32.0,37.109374
NKE,2026-09-14 18:20:00+00:00,37.1,37.11,37.08,37.095,12717.0,117.0,37.097813
NKE,2026-09-14 18:25:00+00:00,37.095,37.105,37.085,37.105,5591.0,67.0,37.098164
NKE,2026-09-14 18:30:00+00:00,37.11,37.145,37.1,37.125,5406.0,61.0,37.123909
NKE,2026-09-14 18:35:00+00:00,37.13,37.165,37.115,37.115,6449.0,75.0,37.138274
NKE,2026-09-14 18:40:00+00:00,37.12,37.12,37.11,37.12,5473.0,70.0,37.115135
NKE,2026-09-14 18:45:00+00:00,37.115,37.21,37.115,37.205,13025.0,132.0,37.167234
NKE,2026-09-14 18:50:00+00:00,37.19,37.2,37.175,37.185,6085.0,59.0,37.189611
NKE,2026-09-14 18:55:00+00:00,37.185,37.185,37.155,37.18,5637.0,85.0,37.172724
NKE,2026-09-14 19:00:00+00:00,37.18,37.205,37.175,37.205,6673.0,59.0,37.188351
NKE,2026-09-14 19:05:00+00:00,37.205,37.205,37.165,37.185,12670.0,95.0,37.185345
NKE,2026-09-14 19:10:00+00:00,37.185,37.255,37.185,37.245,14384.0,108.0,37.222712
NKE,2026-09-14 19:15:00+00:00,37.225,37.235,37.09,37.12,11402.0,96.0,37.129136
NKE,2026-09-14 19:20:00+00:00,37.125,37.15,37.095,37.145,13935.0,108.0,37.127158
NKE,2026-09-14 19:25:00+00:00,37.145,37.155,37.125,37.15,19719.0,151.0,37.140509
NKE,2026-09-14 19:30:00+00:00,37.15,37.18,37.1,37.105,11693.0,157.0,37.148605
NKE,2026-09-14 19:35:00+00:00,37.11,37.135,37.03,37.035,33660.0,224.0,37.075486
NKE,2026-09-14 19:40:00+00:00,37.03,37.05,36.945,36.95,19152.0,128.0,37.0004
NKE,2026-09-14 19:45:00+00:00,36.955,37.055,36.955,37.025,26013.0,191.0,37.011987
NKE,2026-09-14 19:50:00+00:00,37.03,37.065,37.02,37.035,38087.0,241.0,37.037691
NKE,2026-09-14 19:55:00+00:00,37.035,37.09,37.03,37.075,147605.0,996.0,37.050145
NKE,2026-09-15 13:30:00+00:00,36.78,36.79,36.565,36.615,30316.0,220.0,36.687945
NKE,2026-09-15 13:35:00+00:00,36.61,36.615,36.48,36.58,21858.0,177.0,36.546432
NKE,2026-09-15 13:40:00+00:00,36.58,36.58,36.465,36.535,22273.0,207.0,36.509256
NKE,2026-09-15 13:45:00+00:00,36.52,36.58,36.45,36.515,33043.0,225.0,36.49147
NKE,2026-09-15 13:50:00+00:00,36.525,36.525,36.435,36.48,26681.0,175.0,36.481698
NKE,2026-09-15 13:55:00+00:00,36.475,36.48,36.385,36.405,29928.0,174.0,36.425323
NKE,2026-09-15 14:00:00+00:00,36.385,36.4,36.35,36.37,19243.0,123.0,36.372475
NKE,2026-09-15 14:05:00+00:00,36.365,36.405,36.335,36.395,12762.0,85.0,36.365095
NKE,2026-09-15 14:10:00+00:00,36.395,36.395,36.335,36.375,9344.0,73.0,36.370035
NKE,2026-09-15 14:15:00+00:00,36.385,36.42,36.335,36.42,10821.0,97.0,36.374346
NKE,2026-09-15 14:20:00+00:00,36.41,36.41,36.325,36.325,12080.0,88.0,36.354328
NKE,2026-09-15 14:25:00+00:00,36.325,36.35,36.31,36.32,13448.0,94.0,36.32604
NKE,2026-09-15 14:30:00+00:00,36.315,36.355,36.285,36.345,22259.0,143.0,36.330406
NKE,2026-09-15 14:35:00+00:00,36.355,36.38,36.335,36.355,7701.0,52.0,36.35867
NKE,2026-09-15 14:40:00+00:00,36.36,36.37,36.345,36.35,12797.0,73.0,36.358705
NKE,2026-09-15 14:45:00+00:00,36.365,36.365,36.325,36.345,12646.0,78.0,36.343866
NKE,2026-09-15 14:50:00+00:00,36.34,36.345,36.305,36.32,10753.0,60.0,36.320455
NKE,2026-09-15 14:55:00+00:00,36.315,36.32,36.275,36.3,12566.0,81.0,36.295494
NKE,2026-09-15 15:00:00+00:00,36.305,36.335,36.285,36.305,20069.0,136.0,36.314278
NKE,2026-09-15 15:05:00+00:00,36.305,36.325,36.295,36.305,11698.0,97.0,36.311307
NKE,2026-09-15 15:10:00+00:00,36.31,36.325,36.285,36.285,14548.0,100.0,36.299214
NKE,2026-09-15 15:15:00+00:00,36.285,36.32,36.275,36.305,13698.0,105.0,36.299811
NKE,2026-09-15 15:20:00+00:00,36.31,36.33,36.28,36.32,11734.0,77.0,36.310019
NKE,2026-09-15 15:25:00+00:00,36.32,36.32,36.295,36.315,6625.0,54.0,36.305666
NKE,2026-09-15 15:30:00+00:00,36.31,36.315,36.285,36.315,12189.0,64.0,36.294019
NKE,2026-09-15 15:35:00+00:00,36.31,36.375,36.31,36.375,8766.0,70.0,36.358422
NKE,2026-09-15 15:40:00+00:00,36.38,36.455,36.38,36.42,17949.0,97.0,36.428652
NKE,2026-09-15 15:45:00+00:00,36.42,36.42,36.37,36.37,4035.0,27.0,36.393701
NKE,2026-09-15 15:50:00+00:00,36.36,36.375,36.295,36.295,10586.0,63.0,36.341479
NKE,2026-09-15 15:55:00+00:00,36.29,36.335,36.28,36.295,25066.0,113.0,36.301094
NKE,2026-09-15 16:00:00+00:00,36.285,36.305,36.26,36.285,18001.0,72.0,36.281526
NKE,2026-09-15 16:05:00+00:00,36.28,36.285,36.225,36.235,28136.0,90.0,36.262011
NKE,2026-09-15 16:10:00+00:00,36.24,36.24,36.215,36.22,14893.0,82.0,36.222416
NKE,2026-09-15 16:15:00+00:00,36.215,36.22,36.21,36.215,13195.0,84.0,36.214649
NKE,2026-09-15 16:20:00+00:00,36.21,36.275,36.21,36.275,26593.0,140.0,36.248361
NKE,2026-09-15 16:25:00+00:00,36.27,36.275,36.24,36.245,11545.0,66.0,36.265025
NKE,2026-09-15 16:30:00+00:00,36.24,36.245,36.2,36.21,6231.0,37.0,36.22558
NKE,2026-09-15 16:35:00+00:00,36.215,36.215,36.18,36.19,4321.0,33.0,36.19436
NKE,2026-09-15 16:40:00+00:00,36.19,36.34,36.19,36.34,29468.0,143.0,36.257997
NKE,2026-09-15 16:45:00+00:00,36.345,36.445,36.345,36.425,13720.0,86.0,36.415106
NKE,2026-09-15 16:50:00+00:00,36.405,36.555,36.405,36.545,18122.0,102.0,36.465267
NKE,2026-09-15 16:55:00+00:00,36.555,36.665,36.555,36.615,30629.0,166.0,36.623263
NKE,2026-09-15 17:00:00+00:00,36.595,36.665,36.59,36.61,12026.0,82.0,36.620777
NKE,2026-09-15 17:05:00+00:00,36.605,36.615,36.555,36.58,10144.0,82.0,36.586045
NKE,2026-09-15 17:10:00+00:00,36.575,36.58,36.55,36.58,3729.0,33.0,36.563637
NKE,2026-09-15 17:15:00+00:00,36.57,36.575,36.455,36.465,8945.0,54.0,36.51541
NKE,2026-09-15 17:20:00+00:00,36.435,36.445,36.355,36.385,12139.0,81.0,36.404011
NKE,2026-09-15 17:25:00+00:00,36.4,36.465,36.4,36.4,14875.0,95.0,36.42042
NKE,2026-09-15 17:30:00+00:00,36.41,36.45,36.41,36.445,8566.0,71.0,36.434715
NKE,2026-09-15 17:35:00+00:00,36.445,36.46,36.425,36.43,5004.0,46.0,36.437415
NKE,2026-09-15 17:40:00+00:00,36.435,36.435,36.41,36.415,4456.0,36.0,36.423944
NKE,2026-09-15 17:45:00+00:00,36.41,36.41,36.385,36.385,3991.0,31.0,36.400346
NKE,2026-09-15 17:50:00+00:00,36.395,36.415,36.395,36.415,7174.0,54.0,36.40755
NKE,2026-09-15 17:55:00+00:00,36.415,36.42,36.365,36.365,16447.0,112.0,36.396964
NKE,2026-09-15 18:00:00+00:00,36.365,36.365,36.345,36.355,13359.0,85.0,36.358467
NKE,2026-09-15 18:05:00+00:00,36.355,36.37,36.325,36.355,10795.0,90.0,36.34816
NKE,2026-09-15 18:10:00+00:00,36.36,36.37,36.315,36.315,14370.0,86.0,36.327751
NKE,2026-09-15 18:15:00+00:00,36.315,36.315,36.295,36.31,13322.0,104.0,36.303796
NKE,2026-09-15 18:20:00+00:00,36.31,36.315,36.265,36.265,12077.0,116.0,36.28081
NKE,2026-09-15 18:25:00+00:00,36.265,36.32,36.265,36.32,12278.0,118.0,36.282236
NKE,2026-09-15 18:30:00+00:00,36.31,36.32,36.295,36.315,14804.0,114.0,36.308681
NKE,2026-09-15 18:35:00+00:00,36.305,36.305,36.275,36.295,8630.0,79.0,36.292227
NKE,2026-09-15 18:40:00+00:00,36.3,36.315,36.29,36.31,11941.0,94.0,36.297889
NKE,2026-09-15 18:45:00+00:00,36.295,36.33,36.255,36.255,19681.0,137.0,36.291877
NKE,2026-09-15 18:50:00+00:00,36.26,36.29,36.255,36.275,13774.0,88.0,36.271494
NKE,2026-09-15 18:55:00+00:00,36.285,36.33,36.285,36.32,22463.0,158.0,36.309531
NKE,2026-09-15 19:00:00+00:00,36.325,36.345,36.315,36.33,9472.0,72.0,36.32944
NKE,2026-09-15 19:05:00+00:00,36.335,36.35,36.325,36.325,11838.0,66.0,36.336597
NKE,2026-09-15 19:10:00+00:00,36.325,36.335,36.285,36.335,11586.0,81.0,36.30231
NKE,2026-09-15 19:15:00+00:00,36.335,36.37,36.315,36.365,11120.0,101.0,36.335301
NKE,2026-09-15 19:20:00+00:00,36.365,36.385,36.34,36.385,12502.0,86.0,36.362747
NKE,2026-09-15 19:25:00+00:00,36.39,36.415,36.335,36.36,18591.0,155.0,36.374985
NKE,2026-09-15 19:30:00+00:00,36.355,36.39,36.265,36.28,26109.0,184.0,36.34067
NKE,2026-09-15 19:35:00+00:00,36.275,36.295,36.245,36.265,26295.0,158.0,36.266735
NKE,2026-09-15 19:40:00+00:00,36.25,36.265,36.22,36.22,30084.0,174.0,36.242009
NKE,2026-09-15 19:45:00+00:00,36.22,36.25,36.205,36.24,29159.0,186.0,36.217756
NKE,2026-09-15 19:50:00+00:00,36.235,36.28,36.22,36.225,41048.0,255.0,36.242496
NKE,2026-09-15 19:55:00+00:00,36.225,36.225,36.175,36.22,136554.0,929.0,36.196219
NKE,2026-09-16 13:30:00+00:00,36.385,36.51,36.315,36.45,53887.0,207.0,36.413339
NKE,2026-09-16 13:35:00+00:00,36.445,36.445,36.305,36.31,22137.0,154.0,36.391107
NKE,2026-09-16 13:40:00+00:00,36.305,36.455,36.305,36.455,13748.0,97.0,36.385866
NKE,2026-09-16 13:45:00+00:00,36.45,36.455,36.36,36.405,29873.0,287.0,36.396419
NKE,2026-09-16 13:50:00+00:00,36.395,36.395,36.325,36.34,37794.0,330.0,36.345791
NKE,2026-09-16 13:55:00+00:00,36.33,36.345,36.245,36.245,30258.0,192.0,36.302327
NKE,2026-09-16 14:00:00+00:00,36.235,36.24,36.185,36.24,14476.0,81.0,36.221167
NKE,2026-09-16 14:05:00+00:00,36.23,36.325,36.23,36.325,9032.0,74.0,36.258676
NKE,2026-09-16 14:10:00+00:00,36.35,36.44,36.33,36.415,11979.0,108.0,36.371809
NKE,2026-09-16 14:15:00+00:00,36.425,36.475,36.425,36.46,2984.0,56.0,36.452402
NKE,2026-09-16 14:20:00+00:00,36.465,36.475,36.4,36.41,8241.0,123.0,36.45148
NKE,2026-09-16 14:25:00+00:00,36.38,36.38,36.315,36.37,14167.0,172.0,36.346142
NKE,2026-09-16 14:30:00+00:00,36.39,36.395,36.33,36.355,20472.0,142.0,36.355432
NKE,2026-09-16 14:35:00+00:00,36.35,36.38,36.335,36.335,23948.0,133.0,36.361654
NKE,2026-09-16 14:40:00+00:00,36.335,36.37,36.32,36.35,26912.0,160.0,36.34752
NKE,2026-09-16 14:45:00+00:00,36.35,36.36,36.3,36.3,14654.0,92.0,36.324578
NKE,2026-09-16 14:50:00+00:00,36.3,36.35,36.29,36.295,12312.0,91.0,36.315563
NKE,2026-09-16 14:55:00+00:00,36.3,36.32,36.285,36.315,9686.0,66.0,36.305219
NKE,2026-09-16 15:00:00+00:00,36.315,36.39,36.295,36.385,23394.0,95.0,36.324402
NKE,2026-09-16 15:05:00+00:00,36.4,36.46,36.36,36.44,20546.0,115.0,36.406362
NKE,2026-09-16 15:10:00+00:00,36.435,36.45,36.41,36.44,12965.0,83.0,36.43706
NKE,2026-09-16 15:15:00+00:00,36.42,36.42,36.375,36.39,5122.0,44.0,36.394398
NKE,2026-09-16 15:20:00+00:00,36.39,36.405,36.38,36.39,3852.0,45.0,36.396557
NKE,2026-09-16 15:25:00+00:00,36.405,36.42,36.345,36.345,14064.0,90.0,36.388291
NKE,2026-09-16 15:30:00+00:00,36.345,36.35,36.29,36.295,6070.0,53.0,36.329562
NKE,2026-09-16 15:35:00+00:00,36.31,36.325,36.3,36.325,4707.0,48.0,36.311798
NKE,2026-09-16 15:40:00+00:00,36.32,36.335,36.315,36.33,2862.0,26.0,36.323516
NKE,2026-09-16 15:45:00+00:00,36.335,36.435,36.32,36.42,11088.0,66.0,36.395444
NKE,2026-09-16 15:50:00+00:00,36.405,36.41,36.385,36.395,1131.0,15.0,36.397273
NKE,2026-09-16 15:55:00+00:00,36.4,36.4,36.39,36.39,1378.0,24.0,36.395114
NKE,2026-09-16 16:00:00+00:00,36.395,36.41,36.39,36.41,2866.0,30.0,36.404231
NKE,2026-09-16 16:05:00+00:00,36.405,36.41,36.395,36.395,1432.0,10.0,36.407226
NKE,2026-09-16 16:10:00+00:00,36.39,36.43,36.39,36.415,2103.0,17.0,36.420745
NKE,2026-09-16 16:15:00+00:00,36.42,36.42,36.39,36.39,2677.0,20.0,36.4044
NKE,2026-09-16 16:20:00+00:00,36.375,36.385,36.365,36.38,2362.0,19.0,36.376295
NKE,2026-09-16 16:25:00+00:00,36.38,36.38,36.36,36.36,1819.0,18.0,36.370138
NKE,2026-09-16 16:30:00+00:00,36.355,36.355,36.32,36.32,2233.0,34.0,36.333585
NKE,2026-09-16 16:35:00+00:00,36.33,36.33,36.29,36.29,2039.0,24.0,36.304814
NKE,2026-09-16 16:40:00+00:00,36.29,36.295,36.28,36.28,4793.0,51.0,36.289818
NKE,2026-09-16 16:45:00+00:00,36.29,36.3,36.27,36.27,4611.0,33.0,36.278208
NKE,2026-09-16 16:50:00+00:00,36.285,36.3,36.275,36.295,3066.0,36.0,36.289378
NKE,2026-09-16 16:55:00+00:00,36.29,36.325,36.29,36.325,5249.0,40.0,36.310466
NKE,2026-09-16 17:00:00+00:00,36.35,36.35,36.33,36.335,2208.0,18.0,36.343641
NKE,2026-09-16 17:05:00+00:00,36.33,36.34,36.31,36.31,3004.0,32.0,36.32766
NKE,2026-09-16 17:10:00+00:00,36.31,36.33,36.305,36.32,3187.0,20.0,36.317945
NKE,2026-09-16 17:15:00+00:00,36.315,36.33,36.31,36.32,4741.0,31.0,36.319614
NKE,2026-09-16 17:20:00+00:00,36.33,36.34,36.325,36.33,2493.0,18.0,36.332588
NKE,2026-09-16 17:25:00+00:00,36.325,36.34,36.315,36.34,5109.0,51.0,36.330973
NKE,2026-09-16 17:30:00+00:00,36.35,36.355,36.315,36.325,4763.0,31.0,36.330536
NKE,2026-09-16 17:35:00+00:00,36.31,36.38,36.3,36.345,14147.0,92.0,36.342623
NKE,2026-09-16 17:40:00+00:00,36.35,36.45,36.345,36.43,7863.0,45.0,36.409262
NKE,2026-09-16 17:45:00+00:00,36.43,36.44,36.4,36.4,2156.0,18.0,36.423856
NKE,2026-09-16 17:50:00+00:00,36.395,36.41,36.395,36.4,14023.0,49.0,36.400406
NKE,2026-09-16 17:55:00+00:00,36.4,36.425,36.37,36.405,16095.0,97.0,36.393597
NKE,2026-09-16 18:00:00+00:00,36.4,36.42,36.14,36.22,48081.0,207.0,36.227403
NKE,2026-09-16 18:05:00+00:00,36.23,36.34,36.23,36.33,17582.0,80.0,36.294928
NKE,2026-09-16 18:10:00+00:00,36.35,36.37,36.25,36.25,32486.0,88.0,36.294027
NKE,2026-09-16 18:15:00+00:00,36.28,36.32,36.27,36.3,11026.0,69.0,36.303694
NKE,2026-09-16 18:20:00+00:00,36.295,36.32,36.295,36.315,2879.0,33.0,36.30785
NKE,2026-09-16 18:25:00+00:00,36.31,36.35,36.285,36.34,9862.0,53.0,36.324852
NKE,2026-09-16 18:30:00+00:00,36.365,36.365,36.235,36.235,24319.0,111.0,36.269513
NKE,2026-09-16 18:35:00+00:00,36.23,36.23,36.165,36.205,19452.0,107.0,36.194504
NKE,2026-09-16 18:40:00+00:00,36.21,36.3,36.21,36.235,11111.0,82.0,36.273639
NKE,2026-09-16 18:45:00+00:00,36.23,36.27,36.19,36.205,8391.0,50.0,36.220825
NKE,2026-09-16 18:50:00+00:00,36.195,36.2,36.0,36.005,34511.0,173.0,36.051756
NKE,2026-09-16 18:55:00+00:00,35.99,36.005,35.95,35.95,13076.0,119.0,35.975243
NKE,2026-09-16 19:00:00+00:00,35.95,36.035,35.95,36.03,15407.0,109.0,35.998329
NKE,2026-09-16 19:05:00+00:00,36.015,36.065,35.995,36.0,8775.0,74.0,36.019668
NKE,2026-09-16 19:10:00+00:00,36.005,36.01,35.95,35.955,11739.0,115.0,35.971653
NKE,2026-09-16 19:15:00+00:00,35.95,35.965,35.845,35.87,22680.0,159.0,35.911368
NKE,2026-09-16 19:20:00+00:00,35.89,35.89,35.815,35.82,19186.0,127.0,35.843572
NKE,2026-09-16 19:25:00+00:00,35.83,35.84,35.76,35.775,34010.0,243.0,35.80167
NKE,2026-09-16 19:30:00+00:00,35.775,35.86,35.775,35.85,36647.0,214.0,35.812483
NKE,2026-09-16 19:35:00+00:00,35.845,35.85,35.79,35.84,15271.0,128.0,35.833469
NKE,2026-09-16 19:40:00+00:00,35.83,35.83,35.76,35.8,13642.0,132.0,35.802616
NKE,2026-09-16 19:45:00+00:00,35.8,35.83,35.79,35.82,18220.0,154.0,35.818697
NKE,2026-09-16 19:50:00+00:00,35.825,35.88,35.825,35.855,25541.0,186.0,35.847059
NKE,2026-09-16 19:55:00+00:00,35.855,35.905,35.78,35.81,128027.0,869.0,35.829674
NKE,2026-09-17 12:05:00+00:00,36.56,36.56,36.56,36.56,100.0,1.0,36.56
NKE,2026-09-17 12:20:00+00:00,36.64,36.64,36.64,36.64,160.0,1.0,36.64
NKE,2026-09-17 12:25:00+00:00,36.65,36.65,36.65,36.65,100.0,1.0,36.65
NKE,2026-09-17 12:55:00+00:00,36.65,36.74,36.65,36.74,320.0,2.0,36.695
NKE,2026-09-17 13:30:00+00:00,36.5,36.65,36.27,36.295,30656.0,211.0,36.46713
NKE,2026-09-17 13:35:00+00:00,36.3,36.305,36.155,36.21,43962.0,335.0,36.222128
NKE,2026-09-17 13:40:00+00:00,36.22,36.22,35.925,35.925,36720.0,294.0,36.065138
NKE,2026-09-17 13:45:00+00:00,35.915,35.955,35.815,35.92,58617.0,418.0,35.897846
NKE,2026-09-17 13:50:00+00:00,35.92,35.97,35.825,35.845,53253.0,467.0,35.905035
NKE,2026-09-17 13:55:00+00:00,35.85,35.88,35.81,35.855,44848.0,397.0,35.840789
NKE,2026-09-17 14:00:00+00:00,35.86,35.875,35.73,35.78,42833.0,330.0,35.782837
NKE,2026-09-17 14:05:00+00:00,35.745,35.85,35.745,35.805,32527.0,315.0,35.807116
NKE,2026-09-17 14:10:00+00:00,35.805,35.875,35.8,35.85,36084.0,326.0,35.839198
NKE,2026-09-17 14:15:00+00:00,35.855,35.99,35.855,35.98,29834.0,240.0,35.920835
NKE,2026-09-17 14:20:00+00:00,35.985,36.055,35.97,35.985,30019.0,224.0,36.020638
NKE,2026-09-17 14:25:00+00:00,35.96,35.99,35.905,35.905,18249.0,139.0,35.954058
NKE,2026-09-17 14:30:00+00:00,35.905,36.075,35.9,36.065,45764.0,274.0,36.008527
NKE,2026-09-17 14:35:00+00:00,36.055,36.12,36.05,36.105,38089.0,201.0,36.084769
NKE,2026-09-17 14:40:00+00:00,36.09,36.16,36.09,36.095,59769.0,303.0,36.131069
NKE,2026-09-17 14:45:00+00:00,36.1,36.1,35.98,36.01,154095.0,582.0,36.016438
NKE,2026-09-17 14:50:00+00:00,36.005,36.08,35.955,36.05,38210.0,226.0,36.010547
NKE,2026-09-17 14:55:00+00:00,36.055,36.075,36.01,36.02,22823.0,160.0,36.040803
NKE,2026-09-17 15:00:00+00:00,36.015,36.015,35.93,35.96,18688.0,132.0,35.986759
NKE,2026-09-17 15:05:00+00:00,35.965,35.975,35.88,35.885,48864.0,227.0,35.932435
NKE,2026-09-17 15:10:00+00:00,35.885,35.95,35.865,35.95,22085.0,158.0,35.895277
NKE,2026-09-17 15:15:00+00:00,35.94,35.965,35.93,35.945,10897.0,88.0,35.954017
NKE,2026-09-17 15:20:00+00:00,35.935,35.94,35.89,35.895,11953.0,117.0,35.925523
NKE,2026-09-17 15:25:00+00:00,35.905,35.96,35.9,35.925,15609.0,136.0,35.935334
NKE,2026-09-17 15:30:00+00:00,35.915,35.92,35.885,35.89,13758.0,118.0,35.904398
NKE,2026-09-17 15:35:00+00:00,35.9,35.915,35.88,35.88,5591.0,61.0,35.898843
NKE,2026-09-17 15:40:00+00:00,35.88,35.885,35.77,35.78,15809.0,120.0,35.8272
NKE,2026-09-17 15:45:00+00:00,35.775,35.79,35.76,35.77,10176.0,88.0,35.773713
NKE,2026-09-17 15:50:00+00:00,35.77,35.785,35.735,35.785,15125.0,104.0,35.75339
NKE,2026-09-17 15:55:00+00:00,35.785,35.815,35.76,35.815,15976.0,109.0,35.781033
NKE,2026-09-17 16:00:00+00:00,35.83,35.86,35.825,35.825,8754.0,69.0,35.835189
NKE,2026-09-17 16:05:00+00:00,35.835,35.845,35.815,35.825,9104.0,73.0,35.82971
NKE,2026-09-17 16:10:00+00:00,35.81,35.82,35.79,35.805,10978.0,60.0,35.801832
NKE,2026-09-17 16:15:00+00:00,35.805,35.815,35.775,35.81,11159.0,86.0,35.798248
NKE,2026-09-17 16:20:00+00:00,35.805,35.815,35.775,35.815,7779.0,55.0,35.799852
NKE,2026-09-17 16:25:00+00:00,35.805,35.845,35.795,35.845,3977.0,38.0,35.82634
NKE,2026-09-17 16:30:00+00:00,35.84,35.86,35.84,35.85,5759.0,42.0,35.847791
NKE,2026-09-17 16:35:00+00:00,35.85,35.85,35.815,35.82,2944.0,31.0,35.827322
NKE,2026-09-17 16:40:00+00:00,35.84,35.895,35.84,35.895,3594.0,46.0,35.871843
NKE,2026-09-17 16:45:00+00:00,35.905,35.915,35.89,35.9,6620.0,58.0,35.902797
NKE,2026-09-17 16:50:00+00:00,35.89,35.91,35.88,35.89,3098.0,29.0,35.893397
NKE,2026-09-17 16:55:00+00:00,35.87,35.88,35.81,35.835,13580.0,88.0,35.837914
NKE,2026-09-17 17:00:00+00:00,35.855,35.855,35.83,35.85,5302.0,51.0,35.843825
NKE,2026-09-17 17:05:00+00:00,35.84,35.86,35.82,35.845,6876.0,47.0,35.833339
NKE,2026-09-17 17:10:00+00:00,35.845,35.91,35.82,35.87,18156.0,121.0,35.861858
NKE,2026-09-17 17:15:00+00:00,35.85,35.85,35.8,35.835,21110.0,122.0,35.828298
NKE,2026-09-17 17:20:00+00:00,35.835,35.865,35.8,35.845,14858.0,101.0,35.831092
NKE,2026-09-17 17:25:00+00:00,35.855,35.885,35.845,35.875,4999.0,34.0,35.85968
NKE,2026-09-17 17:30:00+00:00,35.875,35.99,35.855,35.94,18543.0,101.0,35.920255
NKE,2026-09-17 17:35:00+00:00,35.93,35.975,35.885,35.955,15057.0,94.0,35.925954
NKE,2026-09-17 17:40:00+00:00,35.965,35.985,35.86,35.98,112462.0,438.0,35.91295
NKE,2026-09-17 17:45:00+00:00,35.97,36.08,35.97,36.08,16538.0,94.0,36.042605
NKE,2026-09-17 17:50:00+00:00,36.085,36.11,36.06,36.105,8557.0,59.0,36.083187
NKE,2026-09-17 17:55:00+00:00,36.12,36.13,36.085,36.085,17081.0,93.0,36.09088
NKE,2026-09-17 18:00:00+00:00,36.115,36.135,36.085,36.11,3930.0,36.0,36.115114
NKE,2026-09-17 18:05:00+00:00,36.11,36.125,36.095,36.125,2504.0,22.0,36.113593
NKE,2026-09-17 18:10:00+00:00,36.155,36.225,36.15,36.22,37945.0,133.0,36.169089
NKE,2026-09-17 18:15:00+00:00,36.25,36.435,36.25,36.365,33237.0,148.0,36.389129
NKE,2026-09-17 18:20:00+00:00,36.375,36.415,36.3,36.305,45998.0,181.0,36.377075
NKE,2026-09-17 18:25:00+00:00,36.3,36.35,36.235,36.34,14570.0,88.0,36.308227
NKE,2026-09-17 18:30:00+00:00,36.345,36.355,36.235,36.245,8780.0,77.0,36.306597
NKE,2026-09-17 18:35:00+00:00,36.225,36.265,36.195,36.265,31441.0,119.0,36.225963
NKE,2026-09-17 18:40:00+00:00,36.27,36.295,36.265,36.28,8619.0,50.0,36.289807
NKE,2026-09-17 18:45:00+00:00,36.29,36.315,36.28,36.31,7231.0,65.0,36.297249
NKE,2026-09-17 18:50:00+00:00,36.32,36.325,36.26,36.29,18567.0,97.0,36.28756
NKE,2026-09-17 18:55:00+00:00,36.315,36.435,36.315,36.435,9985.0,75.0,36.347804
NKE,2026-09-17 19:00:00+00:00,36.435,36.495,36.405,36.475,48773.0,188.0,36.445387
NKE,2026-09-17 19:05:00+00:00,36.485,36.54,36.455,36.505,16126.0,96.0,36.503001
NKE,2026-09-17 19:10:00+00:00,36.505,36.55,36.465,36.465,11162.0,83.0,36.50715
NKE,2026-09-17 19:15:00+00:00,36.465,36.495,36.43,36.485,11527.0,95.0,36.466111
NKE,2026-09-17 19:20:00+00:00,36.49,36.515,36.355,36.38,11584.0,96.0,36.449035
NKE,2026-09-17 19:25:00+00:00,36.385,36.39,36.295,36.305,10585.0,88.0,36.360344
NKE,2026-09-17 19:30:00+00:00,36.295,36.445,36.285,36.41,32194.0,208.0,36.404011
NKE,2026-09-17 19:35:00+00:00,36.395,36.43,36.365,36.405,40937.0,195.0,36.40599
NKE,2026-09-17 19:40:00+00:00,36.4,36.435,36.375,36.39,23468.0,138.0,36.40506
NKE,2026-09-17 19:45:00+00:00,36.39,36.39,36.315,36.345,47212.0,239.0,36.33745
NKE,2026-09-17 19:50:00+00:00,36.34,36.44,36.33,36.415,55092.0,344.0,36.398449
NKE,2026-09-17 19:55:00+00:00,36.415,36.52,36.36,36.385,463245.0,2029.0,36.468451
NKE,2026-09-18 12:35:00+00:00,36.01,36.01,36.01,36.01,170.0,1.0,36.01
NKE,2026-09-18 12:55:00+00:00,36.08,36.08,36.08,36.08,170.0,1.0,36.08
NKE,2026-09-18 13:30:00+00:00,36.205,36.66,36.17,36.17,42071.0,263.0,36.416428
NKE,2026-09-18 13:35:00+00:00,36.16,36.25,35.965,36.25,76240.0,410.0,36.117086
NKE,2026-09-18 13:40:00+00:00,36.25,36.485,36.205,36.22,29301.0,303.0,36.33676
NKE,2026-09-18 13:45:00+00:00,36.235,36.31,36.19,36.26,47888.0,349.0,36.25709
NKE,2026-09-18 13:50:00+00:00,36.27,36.37,36.25,36.265,29250.0,190.0,36.302397
NKE,2026-09-18 13:55:00+00:00,36.3,36.46,36.3,36.315,55040.0,316.0,36.382976
NKE,2026-09-18 14:00:00+00:00,36.3,36.3,36.115,36.2,21907.0,133.0,36.206252
NKE,2026-09-18 14:05:00+00:00,36.18,36.325,36.18,36.325,13684.0,116.0,36.244222
NKE,2026-09-18 14:10:00+00:00,36.325,36.39,36.285,36.34,39855.0,205.0,36.341927
NKE,2026-09-18 14:15:00+00:00,36.335,36.37,36.25,36.37,23625.0,127.0,36.30476
NKE,2026-09-18 14:20:00+00:00,36.37,36.395,36.35,36.36,19373.0,120.0,36.369598
NKE,2026-09-18 14:25:00+00:00,36.365,36.365,36.29,36.33,12145.0,102.0,36.322707
NKE,2026-09-18 14:30:00+00:00,36.32,36.355,36.265,36.33,9612.0,59.0,36.308286
NKE,2026-09-18 14:35:00+00:00,36.335,36.38,36.315,36.36,14708.0,92.0,36.339616
NKE,2026-09-18 14:40:00+00:00,36.36,36.365,36.285,36.36,12700.0,85.0,36.341288
NKE,2026-09-18 14:45:00+00:00,36.365,36.405,36.33,36.385,19577.0,128.0,36.35979
NKE,2026-09-18 14:50:00+00:00,36.395,36.45,36.385,36.415,10780.0,70.0,36.419162
NKE,2026-09-18 14:55:00+00:00,36.415,36.45,36.375,36.415,17291.0,134.0,36.417122
NKE,2026-09-18 15:00:00+00:00,36.425,36.425,36.3,36.3,23219.0,143.0,36.361273
NKE,2026-09-18 15:05:00+00:00,36.295,36.295,36.21,36.255,13280.0,86.0,36.250607
NKE,2026-09-18 15:10:00+00:00,36.25,36.25,36.175,36.24,17836.0,112.0,36.231937
NKE,2026-09-18 15:15:00+00:00,36.235,36.27,36.18,36.21,15044.0,113.0,36.224701
NKE,2026-09-18 15:20:00+00:00,36.205,36.21,36.175,36.195,23224.0,114.0,36.191099
NKE,2026-09-18 15:25:00+00:00,36.18,36.2,36.105,36.115,19413.0,143.0,36.154374
NKE,2026-09-18 15:30:00+00:00,36.12,36.175,36.015,36.03,36512.0,170.0,36.122066
NKE,2026-09-18 15:35:00+00:00,36.025,36.025,35.97,36.015,22669.0,111.0,36.003122
NKE,2026-09-18 15:40:00+00:00,35.985,36.02,35.96,36.015,58169.0,184.0,35.986723
NKE,2026-09-18 15:45:00+00:00,36.005,36.005,35.95,35.98,5568.0,48.0,35.976244
NKE,2026-09-18 15:50:00+00:00,35.985,36.025,35.98,35.99,7337.0,52.0,36.00174
NKE,2026-09-18 15:55:00+00:00,35.995,35.995,35.955,35.995,58700.0,193.0,35.980153
NKE,2026-09-18 16:00:00+00:00,35.96,35.96,35.885,35.89,10625.0,83.0,35.935707
NKE,2026-09-18 16:05:00+00:00,35.885,35.91,35.885,35.91,6079.0,41.0,35.894293
NKE,2026-09-18 16:10:00+00:00,35.91,35.915,35.885,35.905,6722.0,59.0,35.897502
NKE,2026-09-18 16:15:00+00:00,35.91,35.925,35.9,35.91,7344.0,73.0,35.916697
NKE,2026-09-18 16:20:00+00:00,35.91,35.92,35.83,35.865,8038.0,74.0,35.887792
NKE,2026-09-18 16:25:00+00:00,35.87,35.895,35.865,35.885,10007.0,68.0,35.876158
NKE,2026-09-18 16:30:00+00:00,35.875,35.91,35.87,35.9,17539.0,124.0,35.888312
NKE,2026-09-18 16:35:00+00:00,35.87,35.9,35.87,35.875,15815.0,100.0,35.879087
NKE,2026-09-18 16:40:00+00:00,35.87,35.995,35.87,35.995,25780.0,135.0,35.940461
NKE,2026-09-18 16:45:00+00:00,35.995,36.03,35.95,36.0,36855.0,165.0,35.984603
NKE,2026-09-18 16:50:00+00:00,35.995,36.07,35.985,36.0,33645.0,123.0,36.021901
NKE,2026-09-18 16:55:00+00:00,35.935,35.95,35.91,35.91,15470.0,89.0,35.930511
NKE,2026-09-18 17:00:00+00:00,35.885,35.9,35.865,35.865,13455.0,76.0,35.882113
NKE,2026-09-18 17:05:00+00:00,35.865,35.865,35.785,35.825,42594.0,165.0,35.82737
NKE,2026-09-18 17:10:00+00:00,35.82,35.835,35.78,35.795,21946.0,115.0,35.808161
NKE,2026-09-18 17:15:00+00:00,35.795,35.805,35.785,35.8,12532.0,92.0,35.799061
NKE,2026-09-18 17:20:00+00:00,35.805,35.81,35.78,35.79,7909.0,62.0,35.795446
NKE,2026-09-18 17:25:00+00:00,35.795,35.845,35.795,35.82,13865.0,71.0,35.828479
NKE,2026-09-18 17:30:00+00:00,35.81,35.845,35.8,35.83,11282.0,60.0,35.825147
NKE,2026-09-18 17:35:00+00:00,35.825,35.865,35.805,35.865,3952.0,39.0,35.818574
NKE,2026-09-18 17:40:00+00:00,35.865,35.865,35.82,35.82,13526.0,86.0,35.841685
NKE,2026-09-18 17:45:00+00:00,35.81,35.81,35.665,35.68,33886.0,166.0,35.708999
NKE,2026-09-18 17:50:00+00:00,35.67,35.69,35.66,35.685,27414.0,132.0,35.674452
NKE,2026-09-18 17:55:00+00:00,35.685,35.715,35.575,35.58,76406.0,391.0,35.6582
NKE,2026-09-18 18:00:00+00:00,35.575,35.605,35.5,35.595,32775.0,181.0,35.556836
NKE,2026-09-18 18:05:00+00:00,35.595,35.63,35.565,35.575,16240.0,96.0,35.591373
NKE,2026-09-18 18:10:00+00:00,35.575,35.59,35.53,35.555,24845.0,135.0,35.563551
NKE,2026-09-18 18:15:00+00:00,35.535,35.545,35.515,35.545,18089.0,122.0,35.532886
NKE,2026-09-18 18:20:00+00:00,35.545,35.655,35.54,35.645,13191.0,81.0,35.607944
NKE,2026-09-18 18:25:00+00:00,35.645,35.66,35.625,35.635,24872.0,144.0,35.640184
NKE,2026-09-18 18:30:00+00:00,35.625,35.665,35.62,35.645,33284.0,182.0,35.646279
NKE,2026-09-18 18:35:00+00:00,35.645,35.65,35.605,35.605,19193.0,128.0,35.620105
NKE,2026-09-18 18:40:00+00:00,35.6,35.61,35.57,35.605,37213.0,210.0,35.590236
NKE,2026-09-18 18:45:00+00:00,35.61,35.645,35.595,35.615,26108.0,157.0,35.614343
NKE,2026-09-18 18:50:00+00:00,35.6,35.655,35.59,35.625,16444.0,102.0,35.625752
NKE,2026-09-18 18:55:00+00:00,35.63,35.63,35.595,35.62,21218.0,126.0,35.616047
NKE,2026-09-18 19:00:00+00:00,35.61,35.61,35.53,35.555,32088.0,214.0,35.564363
NKE,2026-09-18 19:05:00+00:00,35.545,35.585,35.515,35.515,30149.0,172.0,35.549625
NKE,2026-09-18 19:10:00+00:00,35.515,35.57,35.515,35.555,30655.0,190.0,35.541579
NKE,2026-09-18 19:15:00+00:00,35.555,35.625,35.555,35.57,21926.0,191.0,35.587278
NKE,2026-09-18 19:20:00+00:00,35.57,35.585,35.55,35.56,26993.0,256.0,35.560852
NKE,2026-09-18 19:25:00+00:00,35.56,35.595,35.56,35.59,28961.0,225.0,35.578445
NKE,2026-09-18 19:30:00+00:00,35.58,35.61,35.575,35.595,40151.0,293.0,35.588522
NKE,2026-09-18 19:35:00+00:00,35.595,35.605,35.53,35.555,31916.0,255.0,35.576726
NKE,2026-09-18 19:40:00+00:00,35.555,35.61,35.545,35.585,42393.0,248.0,35.571174
NKE,2026-09-18 19:45:00+00:00,35.575,35.645,35.545,35.635,85008.0,450.0,35.582119
NKE,2026-09-18 19:50:00+00:00,35.64,35.685,35.575,35.645,62960.0,401.0,35.632681
NKE,2026-09-18 19:55:00+00:00,35.63,35.665,35.525,35.54,221985.0,1566.0,35.602677
