symbol,timestamp,open,high,low,close,volume,trade_count,vwap
GOOGL,2026-08-14 13:30:00+00:00,346.71,349.75,346.48,349.75,11724.0,268.0,348.224682
GOOGL,2026-08-14 13:35:00+00:00,349.71,350.405,348.705,349.21,20462.0,299.0,349.817077
GOOGL,2026-08-14 13:40:00+00:00,348.64,348.68,348.1,348.305,10240.0,156.0,348.458581
GOOGL,2026-08-14 13:45:00+00:00,348.19,348.865,347.97,348.29,10473.0,262.0,348.486652
GOOGL,2026-08-14 13:50:00+00:00,348.25,348.25,347.46,348.19,9222.0,200.0,347.993882
GOOGL,2026-08-14 13:55:00+00:00,348.16,348.35,347.78,347.9,8136.0,181.0,348.14847
GOOGL,2026-08-14 14:00:00+00:00,347.74,347.95,347.02,347.465,13770.0,286.0,347.569384
GOOGL,2026-08-14 14:05:00+00:00,347.41,348.205,347.2,347.78,10286.0,229.0,347.652016
GOOGL,2026-08-14 14:10:00+00:00,347.785,348.38,347.71,347.74,8741.0,196.0,348.165983
GOOGL,2026-08-14 14:15:00+00:00,348.015,348.41,347.915,348.17,4325.0,123.0,348.218375
GOOGL,2026-08-14 14:20:00+00:00,348.335,348.5,346.65,346.65,4370.0,109.0,347.686799
GOOGL,2026-08-14 14:25:00+00:00,346.79,347.15,346.35,346.425,4569.0,110.0,346.859664
GOOGL,2026-08-14 14:30:00+00:00,346.41,346.57,345.63,345.79,8761.0,130.0,346.203696
GOOGL,2026-08-14 14:35:00+00:00,345.83,346.755,345.8,346.67,5533.0,97.0,346.209399
GOOGL,2026-08-14 14:40:00+00:00,346.675,346.675,346.24,346.5,3405.0,72.0,346.439979
GOOGL,2026-08-14 14:45:00+00:00,346.52,346.565,346.11,346.11,2729.0,69.0,346.406319
GOOGL,2026-08-14 14:50:00+00:00,346.075,346.61,346.05,346.61,2894.0,75.0,346.448811
GOOGL,2026-08-14 14:55:00+00:00,346.6,346.625,345.97,345.97,2546.0,75.0,346.290994
GOOGL,2026-08-14 15:00:00+00:00,345.93,345.96,345.63,345.83,6665.0,180.0,345.800497
GOOGL,2026-08-14 15:05:00+00:00,346.0,346.11,345.84,346.06,3087.0,69.0,345.947927
GOOGL,2026-08-14 15:10:00+00:00,346.05,346.1,345.725,345.825,2866.0,82.0,345.871732
GOOGL,2026-08-14 15:15:00+00:00,345.58,345.585,345.24,345.5,5844.0,123.0,345.416669
GOOGL,2026-08-14 15:20:00+00:00,345.55,345.78,345.15,345.735,5564.0,121.0,345.503111
GOOGL,2026-08-14 15:25:00+00:00,345.735,345.82,345.14,345.29,6437.0,140.0,345.574954
GOOGL,2026-08-14 15:30:00+00:00,345.345,345.345,344.81,344.97,4078.0,89.0,345.043733
GOOGL,2026-08-14 15:35:00+00:00,344.99,345.43,344.98,345.24,3755.0,94.0,345.200464
GOOGL,2026-08-14 15:40:00+00:00,345.29,345.445,345.15,345.42,3084.0,77.0,345.283402
GOOGL,2026-08-14 15:45:00+00:00,345.4,345.595,345.11,345.11,6115.0,103.0,345.309122
GOOGL,2026-08-14 15:50:00+00:00,345.19,345.53,345.13,345.53,1963.0,55.0,345.269936
GOOGL,2026-08-14 15:55:00+00:00,345.44,345.555,345.31,345.48,2780.0,71.0,345.431372
GOOGL,2026-08-14 16:00:00+00:00,345.38,345.47,345.18,345.22,4447.0,91.0,345.294646
GOOGL,2026-08-14 16:05:00+00:00,345.28,345.31,344.89,345.02,4445.0,107.0,345.107832
GOOGL,2026-08-14 16:10:00+00:00,345.06,345.06,344.78,344.91,4441.0,77.0,344.926251
GOOGL,2026-08-14 16:15:00+00:00,344.91,345.145,344.79,345.01,6822.0,166.0,344.98845
GOOGL,2026-08-14 16:20:00+00:00,345.075,345.405,345.04,345.235,4843.0,95.0,345.254461
GOOGL,2026-08-14 16:25:00+00:00,345.155,345.37,345.1,345.165,6682.0,137.0,345.187229
GOOGL,2026-08-14 16:30:00+00:00,345.13,345.225,344.895,344.955,5742.0,125.0,345.087061
GOOGL,2026-08-14 16:35:00+00:00,344.875,345.14,344.83,345.06,3880.0,90.0,344.977638
GOOGL,2026-08-14 16:40:00+00:00,345.08,345.26,344.99,345.03,2754.0,67.0,345.097324
GOOGL,2026-08-14 16:45:00+00:00,345.01,345.045,344.72,344.73,5391.0,134.0,344.86385
GOOGL,2026-08-14 16:50:00+00:00,344.67,344.935,344.62,344.89,11434.0,313.0,344.722025
GOOGL,2026-08-14 16:55:00+00:00,344.88,344.96,344.73,344.885,7615.0,189.0,344.849656
GOOGL,2026-08-14 17:00:00+00:00,344.89,345.22,344.89,345.18,2057.0,65.0,345.062161
GOOGL,2026-08-14 17:05:00+00:00,345.19,345.3,344.86,344.86,5889.0,99.0,345.057001
GOOGL,2026-08-14 17:10:00+00:00,344.86,345.225,344.75,345.225,5978.0,103.0,344.968352
GOOGL,2026-08-14 17:15:00+00:00,345.195,345.26,345.085,345.17,2929.0,69.0,345.210352
GOOGL,2026-08-14 17:20:00+00:00,345.145,345.21,344.97,344.97,4404.0,94.0,345.116721
GOOGL,2026-08-14 17:25:00+00:00,344.96,344.96,344.73,344.74,2732.0,71.0,344.804671
GOOGL,2026-08-14 17:30:00+00:00,344.73,344.75,344.575,344.73,5182.0,116.0,344.682013
GOOGL,2026-08-14 17:35:00+00:00,344.72,344.72,344.51,344.7,4025.0,133.0,344.612793
GOOGL,2026-08-14 17:40:00+00:00,344.66,344.76,344.61,344.65,2607.0,70.0,344.6817
GOOGL,2026-08-14 17:45:00+00:00,344.78,344.83,344.67,344.78,2016.0,59.0,344.75707
GOOGL,2026-08-14 17:50:00+00:00,344.765,344.81,344.65,344.69,1782.0,64.0,344.72038
GOOGL,2026-08-14 17:55:00+00:00,344.665,344.935,344.6,344.895,2310.0,72.0,344.784129
GOOGL,2026-08-14 18:00:00+00:00,344.88,345.05,344.74,345.05,2994.0,78.0,344.90407
GOOGL,2026-08-14 18:05:00+00:00,345.01,345.16,344.8,344.87,5357.0,109.0,344.956382
GOOGL,2026-08-14 18:10:00+00:00,344.77,345.13,344.685,345.05,4852.0,117.0,344.873438
GOOGL,2026-08-14 18:15:00+00:00,345.04,345.27,345.035,345.125,3487.0,98.0,345.168681
GOOGL,2026-08-14 18:20:00+00:00,345.09,345.1,344.915,344.98,3522.0,95.0,345.002104
GOOGL,2026-08-14 18:25:00+00:00,345.025,345.025,344.79,344.93,2586.0,85.0,344.898784
GOOGL,2026-08-14 18:30:00+00:00,345.11,345.21,344.98,345.09,3456.0,98.0,345.104725
GOOGL,2026-08-14 18:35:00+00:00,345.04,345.2,344.99,345.055,2797.0,80.0,345.093344
GOOGL,2026-08-14 18:40:00+00:00,345.06,345.38,345.06,345.22,2488.0,75.0,345.269383
GOOGL,2026-08-14 18:45:00+00:00,345.225,345.335,345.15,345.28,4760.0,102.0,345.245893
GOOGL,2026-08-14 18:50:00+00:00,345.27,345.5,345.27,345.45,2837.0,97.0,345.395061
GOOGL,2026-08-14 18:55:00+00:00,345.46,345.62,345.42,345.535,3036.0,87.0,345.513105
GOOGL,2026-08-14 19:00:00+00:00,345.57,345.74,345.41,345.645,6758.0,148.0,345.54354
GOOGL,2026-08-14 19:05:00+00:00,345.645,345.73,345.32,345.66,3407.0,99.0,345.525847
GOOGL,2026-08-14 19:10:00+00:00,345.65,345.78,345.415,345.73,3458.0,103.0,345.568097
GOOGL,2026-08-14 19:15:00+00:00,345.69,345.72,345.49,345.6,5690.0,155.0,345.589607
GOOGL,2026-08-14 19:20:00+00:00,345.595,345.61,345.43,345.515,3690.0,128.0,345.520924
GOOGL,2026-08-14 19:25:00+00:00,345.54,345.565,345.3,345.32,3475.0,113.0,345.3931
GOOGL,2026-08-14 19:30:00+00:00,345.3,345.435,345.23,345.285,4961.0,165.0,345.34564
GOOGL,2026-08-14 19:35:00+00:00,345.255,345.355,345.19,345.275,10532.0,236.0,345.267794
GOOGL,2026-08-14 19:40:00+00:00,345.23,345.255,345.06,345.06,8312.0,227.0,345.170289
GOOGL,2026-08-14 19:45:00+00:00,345.08,345.16,344.75,345.125,8009.0,276.0,344.997
GOOGL,2026-08-14 19:50:00+00:00,345.14,345.9,345.14,345.84,16314.0,382.0,345.464431
GOOGL,2026-08-14 19:55:00+00:00,345.91,346.04,345.45,345.86,50923.0,1209.0,345.729487
GOOGL,2026-08-14 20:15:00+00:00,345.37,345.37,345.33,345.33,200.0,2.0,345.35
GOOGL,2026-08-17 13:30:00+00:00,346.265,347.22,343.955,344.77,13245.0,297.0,345.826874
GOOGL,2026-08-17 13:35:00+00:00,344.74,345.785,344.26,345.32,11770.0,220.0,345.096927
GOOGL,2026-08-17 13:40:00+00:00,345.4,345.74,343.88,344.305,7387.0,183.0,344.933276
GOOGL,2026-08-17 13:45:00+00:00,344.3,344.97,344.3,344.77,7399.0,191.0,344.666434
GOOGL,2026-08-17 13:50:00+00:00,344.77,345.47,344.575,345.47,4989.0,99.0,344.829792
GOOGL,2026-08-17 13:55:00+00:00,345.525,345.525,343.77,344.18,5367.0,130.0,344.417778
GOOGL,2026-08-17 14:00:00+00:00,344.27,344.565,343.83,344.44,8600.0,187.0,344.163928
GOOGL,2026-08-17 14:05:00+00:00,344.59,344.81,344.125,344.56,4353.0,112.0,344.56197
GOOGL,2026-08-17 14:10:00+00:00,344.56,344.9,344.495,344.895,3521.0,93.0,344.632124
GOOGL,2026-08-17 14:15:00+00:00,344.96,345.12,344.66,344.75,3328.0,111.0,344.85677
GOOGL,2026-08-17 14:20:00+00:00,344.675,344.715,343.61,343.68,3320.0,103.0,344.12205
GOOGL,2026-08-17 14:25:00+00:00,343.69,343.875,343.33,343.595,4832.0,174.0,343.634391
GOOGL,2026-08-17 14:30:00+00:00,343.38,343.64,343.32,343.46,6390.0,140.0,343.515931
GOOGL,2026-08-17 14:35:00+00:00,343.495,343.52,343.1,343.16,6408.0,146.0,343.320262
GOOGL,2026-08-17 14:40:00+00:00,343.18,343.515,342.965,343.275,9392.0,190.0,343.226137
GOOGL,2026-08-17 14:45:00+00:00,343.265,343.275,342.63,342.935,6110.0,166.0,342.903261
GOOGL,2026-08-17 14:50:00+00:00,342.75,342.755,342.085,342.145,15178.0,337.0,342.302806
GOOGL,2026-08-17 14:55:00+00:00,342.145,342.99,341.945,342.895,18327.0,338.0,342.347921
GOOGL,2026-08-17 15:00:00+00:00,342.915,343.28,342.915,343.13,14430.0,270.0,343.079766
GOOGL,2026-08-17 15:05:00+00:00,343.09,343.47,343.05,343.42,17178.0,360.0,343.277376
GOOGL,2026-08-17 15:10:00+00:00,343.42,343.95,343.31,343.81,11387.0,254.0,343.57888
GOOGL,2026-08-17 15:15:00+00:00,343.82,344.43,343.75,344.125,13886.0,236.0,344.110685
GOOGL,2026-08-17 15:20:00+00:00,344.07,344.245,343.81,343.89,9862.0,200.0,343.95688
GOOGL,2026-08-17 15:25:00+00:00,343.91,344.025,343.645,344.02,9239.0,203.0,343.915202
GOOGL,2026-08-17 15:30:00+00:00,344.04,344.08,343.695,343.775,11507.0,277.0,343.836493
GOOGL,2026-08-17 15:35:00+00:00,343.82,343.95,343.685,343.77,8705.0,193.0,343.785642
GOOGL,2026-08-17 15:40:00+00:00,343.72,344.065,343.645,344.045,12247.0,209.0,343.827216
GOOGL,2026-08-17 15:45:00+00:00,344.035,344.285,343.71,344.1,18035.0,251.0,343.977857
GOOGL,2026-08-17 15:50:00+00:00,344.13,344.575,344.03,344.05,6231.0,147.0,344.30643
GOOGL,2026-08-17 15:55:00+00:00,344.01,344.065,343.895,343.94,2794.0,105.0,343.963849
GOOGL,2026-08-17 16:00:00+00:00,343.945,343.98,343.64,343.64,4321.0,132.0,343.843256
GOOGL,2026-08-17 16:05:00+00:00,343.615,343.615,343.16,343.32,4126.0,138.0,343.329958
GOOGL,2026-08-17 16:10:00+00:00,343.33,343.96,343.24,343.96,4914.0,124.0,343.597776
GOOGL,2026-08-17 16:15:00+00:00,343.945,344.415,343.945,344.415,5932.0,157.0,344.107032
GOOGL,2026-08-17 16:20:00+00:00,344.53,344.62,344.13,344.21,3477.0,94.0,344.441435
GOOGL,2026-08-17 16:25:00+00:00,344.31,344.49,344.105,344.46,4403.0,100.0,344.304802
GOOGL,2026-08-17 16:30:00+00:00,344.5,344.67,344.145,344.23,3821.0,108.0,344.461952
GOOGL,2026-08-17 16:35:00+00:00,344.1,344.105,343.69,343.755,4094.0,123.0,343.862013
GOOGL,2026-08-17 16:40:00+00:00,343.74,343.77,343.5,343.565,2209.0,64.0,343.633388
GOOGL,2026-08-17 16:45:00+00:00,343.58,343.585,343.34,343.45,4366.0,121.0,343.455915
GOOGL,2026-08-17 16:50:00+00:00,343.45,343.465,343.24,343.375,4421.0,119.0,343.362151
GOOGL,2026-08-17 16:55:00+00:00,343.365,343.37,342.88,342.975,9437.0,226.0,343.079216
GOOGL,2026-08-17 17:00:00+00:00,342.92,342.925,342.665,342.805,11948.0,192.0,342.770052
GOOGL,2026-08-17 17:05:00+00:00,342.81,343.0,342.65,342.965,5286.0,102.0,342.788904
GOOGL,2026-08-17 17:10:00+00:00,342.975,343.325,342.975,343.23,2588.0,80.0,343.206554
GOOGL,2026-08-17 17:15:00+00:00,343.2,343.79,343.15,343.79,4995.0,110.0,343.47128
GOOGL,2026-08-17 17:20:00+00:00,343.78,343.92,343.5,343.52,3910.0,91.0,343.698892
GOOGL,2026-08-17 17:25:00+00:00,343.535,343.55,343.24,343.28,2216.0,65.0,343.384115
GOOGL,2026-08-17 17:30:00+00:00,343.39,343.435,343.14,343.28,5888.0,131.0,343.313317
GOOGL,2026-08-17 17:35:00+00:00,343.22,343.43,343.15,343.2,2671.0,91.0,343.291322
GOOGL,2026-08-17 17:40:00+00:00,343.15,343.5,343.15,343.44,2094.0,58.0,343.329305
GOOGL,2026-08-17 17:45:00+00:00,343.46,343.58,343.32,343.35,1655.0,60.0,343.46364
GOOGL,2026-08-17 17:50:00+00:00,343.34,343.34,343.15,343.2,1537.0,56.0,343.197619
GOOGL,2026-08-17 17:55:00+00:00,343.21,343.21,342.92,342.93,5527.0,133.0,343.151347
GOOGL,2026-08-17 18:00:00+00:00,342.93,343.11,342.845,343.03,2562.0,79.0,342.9825
GOOGL,2026-08-17 18:05:00+00:00,343.05,343.345,343.03,343.345,2809.0,84.0,343.172869
GOOGL,2026-08-17 18:10:00+00:00,343.36,343.95,343.36,343.81,4970.0,129.0,343.762789
GOOGL,2026-08-17 18:15:00+00:00,343.7,343.77,343.51,343.76,8837.0,177.0,343.669644
GOOGL,2026-08-17 18:20:00+00:00,343.76,343.98,343.74,343.915,3777.0,112.0,343.877201
GOOGL,2026-08-17 18:25:00+00:00,343.91,344.065,343.76,343.86,6210.0,161.0,343.947093
GOOGL,2026-08-17 18:30:00+00:00,343.85,343.99,343.815,343.935,4347.0,118.0,343.917813
GOOGL,2026-08-17 18:35:00+00:00,343.96,344.16,343.96,344.13,12254.0,205.0,344.096624
GOOGL,2026-08-17 18:40:00+00:00,344.135,344.23,343.955,343.98,6629.0,153.0,344.092058
GOOGL,2026-08-17 18:45:00+00:00,343.985,344.085,343.9,343.9,2298.0,72.0,344.014828
GOOGL,2026-08-17 18:50:00+00:00,343.975,344.19,343.94,344.13,4343.0,119.0,344.072539
GOOGL,2026-08-17 18:55:00+00:00,343.98,344.02,343.61,343.625,4897.0,139.0,343.795875
GOOGL,2026-08-17 19:00:00+00:00,343.605,343.79,343.6,343.775,7213.0,188.0,343.698491
GOOGL,2026-08-17 19:05:00+00:00,343.775,343.89,343.71,343.75,4254.0,146.0,343.799348
GOOGL,2026-08-17 19:10:00+00:00,343.785,343.99,343.71,343.9,7252.0,310.0,343.856514
GOOGL,2026-08-17 19:15:00+00:00,343.9,344.015,343.75,344.015,5517.0,166.0,343.885948
GOOGL,2026-08-17 19:20:00+00:00,344.03,344.085,343.89,344.085,4412.0,139.0,343.997359
GOOGL,2026-08-17 19:25:00+00:00,344.1,344.1,343.83,343.92,5559.0,159.0,344.007424
GOOGL,2026-08-17 19:30:00+00:00,343.86,343.86,343.295,343.425,8902.0,232.0,343.528289
GOOGL,2026-08-17 19:35:00+00:00,343.42,343.63,343.345,343.485,8546.0,207.0,343.462492
GOOGL,2026-08-17 19:40:00+00:00,343.495,343.855,343.495,343.77,8395.0,204.0,343.633087
GOOGL,2026-08-17 19:45:00+00:00,343.715,343.98,343.51,343.925,4842.0,151.0,343.721311
GOOGL,2026-08-17 19:50:00+00:00,343.95,344.0,343.6,343.93,15706.0,341.0,343.830948
GOOGL,2026-08-17 19:55:00+00:00,344.0,344.25,343.92,344.1,58831.0,1140.0,344.093361
GOOGL,2026-08-17 20:20:00+00:00,343.71,343.71,343.71,343.71,44.0,2.0,343.71
GOOGL,2026-08-18 12:20:00+00:00,342.59,342.59,342.59,342.59,50.0,2.0,342.59
GOOGL,2026-08-18 12:35:00+00:00,342.0,342.0,342.0,342.0,120.0,3.0,342.0
GOOGL,2026-08-18 13:30:00+00:00,342.405,342.405,340.21,341.84,31503.0,600.0,341.509979
GOOGL,2026-08-18 13:35:00+00:00,341.685,342.45,341.44,342.28,27727.0,530.0,342.025975
GOOGL,2026-08-18 13:40:00+00:00,342.46,343.07,341.78,342.33,17418.0,352.0,342.447292
GOOGL,2026-08-18 13:45:00+00:00,342.25,342.64,341.965,342.335,21121.0,465.0,342.388768
GOOGL,2026-08-18 13:50:00+00:00,342.275,343.08,342.275,342.98,22392.0,401.0,342.655998
GOOGL,2026-08-18 13:55:00+00:00,343.05,343.06,341.62,341.995,31271.0,602.0,342.072307
GOOGL,2026-08-18 14:00:00+00:00,341.975,342.585,341.545,342.38,19793.0,435.0,341.932558
GOOGL,2026-08-18 14:05:00+00:00,342.535,342.535,341.71,341.71,6717.0,148.0,342.183272
GOOGL,2026-08-18 14:10:00+00:00,341.96,342.395,341.365,342.36,12009.0,240.0,341.928877
GOOGL,2026-08-18 14:15:00+00:00,342.36,342.955,342.11,342.955,7742.0,153.0,342.414799
GOOGL,2026-08-18 14:20:00+00:00,343.02,343.485,342.83,343.31,10821.0,182.0,343.092429
GOOGL,2026-08-18 14:25:00+00:00,343.34,343.91,343.32,343.81,22063.0,305.0,343.629935
GOOGL,2026-08-18 14:30:00+00:00,343.805,344.085,343.465,343.465,12927.0,194.0,343.809095
GOOGL,2026-08-18 14:35:00+00:00,343.49,343.575,343.13,343.33,11845.0,194.0,343.408819
GOOGL,2026-08-18 14:40:00+00:00,343.285,343.43,342.83,343.02,10058.0,209.0,343.06401
GOOGL,2026-08-18 14:45:00+00:00,343.03,343.62,342.96,343.2,15094.0,233.0,343.244976
GOOGL,2026-08-18 14:50:00+00:00,343.29,343.31,343.055,343.16,8969.0,175.0,343.187182
GOOGL,2026-08-18 14:55:00+00:00,343.075,343.19,342.72,342.83,16806.0,284.0,342.981604
GOOGL,2026-08-18 15:00:00+00:00,342.76,342.88,342.455,342.595,11054.0,214.0,342.599652
GOOGL,2026-08-18 15:05:00+00:00,342.56,342.76,342.47,342.7,15710.0,257.0,342.585845
GOOGL,2026-08-18 15:10:00+00:00,342.79,343.175,342.79,342.99,15893.0,242.0,342.958173
GOOGL,2026-08-18 15:15:00+00:00,343.085,343.59,343.085,343.175,10214.0,193.0,343.278855
GOOGL,2026-08-18 15:20:00+00:00,343.195,343.24,342.97,343.085,8828.0,195.0,343.123684
GOOGL,2026-08-18 15:25:00+00:00,342.96,343.19,342.87,342.9,8272.0,192.0,342.985438
GOOGL,2026-08-18 15:30:00+00:00,342.84,342.95,342.61,342.73,14607.0,352.0,342.762236
GOOGL,2026-08-18 15:35:00+00:00,342.705,342.725,342.32,342.69,13959.0,306.0,342.540524
GOOGL,2026-08-18 15:40:00+00:00,342.69,342.98,342.63,342.88,14077.0,206.0,342.78292
GOOGL,2026-08-18 15:45:00+00:00,342.88,343.235,342.8,343.025,9430.0,151.0,343.038281
GOOGL,2026-08-18 15:50:00+00:00,343.035,343.21,342.75,343.21,10929.0,163.0,342.926188
GOOGL,2026-08-18 15:55:00+00:00,343.26,343.265,342.91,343.23,11664.0,176.0,343.081939
GOOGL,2026-08-18 16:00:00+00:00,343.245,343.7,343.24,343.65,17389.0,279.0,343.383011
GOOGL,2026-08-18 16:05:00+00:00,343.72,343.785,343.2,343.2,7390.0,141.0,343.437984
GOOGL,2026-08-18 16:10:00+00:00,343.2,343.38,343.14,343.25,10371.0,177.0,343.253114
GOOGL,2026-08-18 16:15:00+00:00,343.25,343.61,343.1,343.565,9016.0,171.0,343.347504
GOOGL,2026-08-18 16:20:00+00:00,343.7,344.025,343.695,343.93,12138.0,181.0,343.92591
GOOGL,2026-08-18 16:25:00+00:00,343.93,344.125,343.755,343.83,9922.0,165.0,343.932152
GOOGL,2026-08-18 16:30:00+00:00,343.81,343.93,343.61,343.725,5583.0,98.0,343.786539
GOOGL,2026-08-18 16:35:00+00:00,343.78,343.895,343.62,343.895,7731.0,142.0,343.750338
GOOGL,2026-08-18 16:40:00+00:00,343.85,343.87,343.62,343.65,7420.0,143.0,343.78128
GOOGL,2026-08-18 16:45:00+00:00,343.52,343.805,343.45,343.59,13521.0,228.0,343.66055
GOOGL,2026-08-18 16:50:00+00:00,343.6,343.84,343.48,343.79,7300.0,153.0,343.616514
GOOGL,2026-08-18 16:55:00+00:00,343.79,343.985,343.69,343.815,10117.0,191.0,343.879307
GOOGL,2026-08-18 17:00:00+00:00,343.705,343.83,343.62,343.7,7578.0,147.0,343.729543
GOOGL,2026-08-18 17:05:00+00:00,343.67,343.675,343.275,343.41,5985.0,116.0,343.368285
GOOGL,2026-08-18 17:10:00+00:00,343.415,343.58,343.27,343.58,8946.0,160.0,343.380341
GOOGL,2026-08-18 17:15:00+00:00,343.59,343.6,343.21,343.36,6855.0,115.0,343.379017
GOOGL,2026-08-18 17:20:00+00:00,343.34,343.34,343.16,343.215,4076.0,93.0,343.228411
GOOGL,2026-08-18 17:25:00+00:00,343.22,343.26,342.98,343.22,5390.0,87.0,343.117888
GOOGL,2026-08-18 17:30:00+00:00,343.25,343.33,343.085,343.12,5746.0,85.0,343.23191
GOOGL,2026-08-18 17:35:00+00:00,343.18,343.19,342.995,343.085,3142.0,66.0,343.089372
GOOGL,2026-08-18 17:40:00+00:00,343.07,343.43,343.07,343.37,3295.0,83.0,343.215742
GOOGL,2026-08-18 17:45:00+00:00,343.36,343.455,343.34,343.455,2779.0,55.0,343.384951
GOOGL,2026-08-18 17:50:00+00:00,343.41,343.61,343.4,343.58,3890.0,94.0,343.529837
GOOGL,2026-08-18 17:55:00+00:00,343.6,343.62,343.155,343.26,5625.0,111.0,343.410832
GOOGL,2026-08-18 18:00:00+00:00,343.23,343.235,342.99,343.14,4023.0,91.0,343.163994
GOOGL,2026-08-18 18:05:00+00:00,343.12,343.485,343.08,343.485,6115.0,104.0,343.266696
GOOGL,2026-08-18 18:10:00+00:00,343.5,343.815,343.44,343.75,7478.0,134.0,343.662353
GOOGL,2026-08-18 18:15:00+00:00,343.745,343.82,343.625,343.73,9463.0,149.0,343.748166
GOOGL,2026-08-18 18:20:00+00:00,343.75,343.97,343.685,343.97,10905.0,196.0,343.782548
GOOGL,2026-08-18 18:25:00+00:00,343.94,344.78,343.94,344.78,13055.0,205.0,344.445657
GOOGL,2026-08-18 18:30:00+00:00,344.57,344.65,344.035,344.05,6116.0,122.0,344.46057
GOOGL,2026-08-18 18:35:00+00:00,344.09,344.095,343.49,343.65,4817.0,126.0,343.745238
GOOGL,2026-08-18 18:40:00+00:00,343.66,343.665,343.19,343.19,3525.0,94.0,343.383706
GOOGL,2026-08-18 18:45:00+00:00,343.145,343.18,342.945,342.97,4035.0,103.0,343.050796
GOOGL,2026-08-18 18:50:00+00:00,342.955,343.22,342.815,342.825,6778.0,148.0,343.047099
GOOGL,2026-08-18 18:55:00+00:00,342.83,342.87,342.57,342.57,7343.0,141.0,342.781041
GOOGL,2026-08-18 19:00:00+00:00,342.595,342.955,342.595,342.855,11002.0,216.0,342.853849
GOOGL,2026-08-18 19:05:00+00:00,342.825,343.31,342.725,343.185,7931.0,164.0,342.974718
GOOGL,2026-08-18 19:10:00+00:00,343.185,343.64,343.105,343.64,8334.0,144.0,343.30004
GOOGL,2026-08-18 19:15:00+00:00,343.65,343.87,343.595,343.795,4882.0,105.0,343.698713
GOOGL,2026-08-18 19:20:00+00:00,343.81,343.93,343.71,343.92,4920.0,139.0,343.830902
GOOGL,2026-08-18 19:25:00+00:00,344.0,344.13,343.885,343.99,4182.0,91.0,344.00951
GOOGL,2026-08-18 19:30:00+00:00,344.17,344.585,344.055,344.255,7599.0,169.0,344.247269
GOOGL,2026-08-18 19:35:00+00:00,344.22,344.32,344.04,344.19,5570.0,135.0,344.167278
GOOGL,2026-08-18 19:40:00+00:00,344.17,344.335,344.1,344.21,9109.0,201.0,344.197206
GOOGL,2026-08-18 19:45:00+00:00,344.21,344.375,344.03,344.07,7586.0,172.0,344.230431
GOOGL,2026-08-18 19:50:00+00:00,344.06,344.37,343.81,344.23,29885.0,382.0,344.13005
GOOGL,2026-08-18 19:55:00+00:00,344.22,344.44,343.945,344.03,84306.0,1325.0,344.207094
GOOGL,2026-08-18 20:30:00+00:00,343.92,343.92,343.92,343.92,84.0,3.0,343.92
GOOGL,2026-08-19 13:25:00+00:00,342.82,342.82,342.25,342.54,312.0,12.0,342.52453
GOOGL,2026-08-19 13:30:00+00:00,342.5,344.26,341.1,341.71,23026.0,557.0,343.073704
GOOGL,2026-08-19 13:35:00+00:00,341.57,343.37,341.57,342.96,15115.0,318.0,342.792536
GOOGL,2026-08-19 13:40:00+00:00,343.03,343.315,341.725,342.13,11305.0,260.0,342.408518
GOOGL,2026-08-19 13:45:00+00:00,341.87,342.095,340.78,341.09,12087.0,335.0,341.506694
GOOGL,2026-08-19 13:50:00+00:00,341.28,342.76,341.28,342.76,12425.0,267.0,341.902815
GOOGL,2026-08-19 13:55:00+00:00,342.72,342.89,342.05,342.2,8285.0,231.0,342.503156
GOOGL,2026-08-19 14:00:00+00:00,342.105,342.6,341.82,342.59,11858.0,267.0,342.074631
GOOGL,2026-08-19 14:05:00+00:00,342.39,343.36,342.13,343.32,9660.0,253.0,342.753173
GOOGL,2026-08-19 14:10:00+00:00,343.38,344.66,343.31,343.715,15623.0,291.0,344.096328
GOOGL,2026-08-19 14:15:00+00:00,343.7,343.91,343.185,343.565,14567.0,331.0,343.588401
GOOGL,2026-08-19 14:20:00+00:00,343.59,344.0,343.42,343.6,7999.0,205.0,343.719617
GOOGL,2026-08-19 14:25:00+00:00,343.49,343.775,343.045,343.21,8598.0,230.0,343.359693
GOOGL,2026-08-19 14:30:00+00:00,343.14,343.68,343.005,343.3,7161.0,172.0,343.314929
GOOGL,2026-08-19 14:35:00+00:00,343.33,343.97,343.28,343.78,10748.0,243.0,343.607711
GOOGL,2026-08-19 14:40:00+00:00,343.87,344.835,343.87,344.395,20664.0,406.0,344.336417
GOOGL,2026-08-19 14:45:00+00:00,344.27,345.0,344.25,344.56,18863.0,372.0,344.706477
GOOGL,2026-08-19 14:50:00+00:00,344.82,345.695,344.63,345.675,10686.0,258.0,345.228782
GOOGL,2026-08-19 14:55:00+00:00,345.68,346.09,345.42,345.7,11721.0,289.0,345.774408
GOOGL,2026-08-19 15:00:00+00:00,345.8,346.25,345.365,345.74,15577.0,405.0,345.928804
GOOGL,2026-08-19 15:05:00+00:00,345.88,346.12,344.595,344.73,10274.0,267.0,345.524529
GOOGL,2026-08-19 15:10:00+00:00,344.83,345.18,344.365,344.72,6863.0,191.0,344.757678
GOOGL,2026-08-19 15:15:00+00:00,344.66,345.5,344.54,345.5,13627.0,216.0,344.938433
GOOGL,2026-08-19 15:20:00+00:00,345.47,345.47,344.86,344.97,13245.0,231.0,345.225189
GOOGL,2026-08-19 15:25:00+00:00,344.97,345.12,344.71,344.94,8300.0,201.0,344.951016
GOOGL,2026-08-19 15:30:00+00:00,345.04,345.325,344.895,345.105,8032.0,178.0,345.130329
GOOGL,2026-08-19 15:35:00+00:00,345.1,345.385,345.06,345.33,7665.0,195.0,345.219388
GOOGL,2026-08-19 15:40:00+00:00,345.34,345.405,345.035,345.14,4098.0,155.0,345.247095
GOOGL,2026-08-19 15:45:00+00:00,345.195,345.79,345.18,345.62,8550.0,217.0,345.472458
GOOGL,2026-08-19 15:50:00+00:00,345.635,345.71,345.27,345.36,5366.0,159.0,345.475278
GOOGL,2026-08-19 15:55:00+00:00,345.265,345.33,344.72,344.795,5825.0,182.0,345.143213
GOOGL,2026-08-19 16:00:00+00:00,344.9,345.19,344.9,345.19,7367.0,203.0,345.08393
GOOGL,2026-08-19 16:05:00+00:00,345.27,345.605,344.91,345.525,5661.0,158.0,345.295534
GOOGL,2026-08-19 16:10:00+00:00,345.47,346.36,345.46,346.28,18129.0,318.0,345.9696
GOOGL,2026-08-19 16:15:00+00:00,346.27,346.67,346.19,346.49,13609.0,348.0,346.457205
GOOGL,2026-08-19 16:20:00+00:00,346.475,346.72,346.41,346.51,10897.0,283.0,346.552894
GOOGL,2026-08-19 16:25:00+00:00,346.595,346.595,345.59,345.89,5383.0,177.0,345.832516
GOOGL,2026-08-19 16:30:00+00:00,345.695,346.045,345.63,345.89,9909.0,216.0,345.883599
GOOGL,2026-08-19 16:35:00+00:00,345.92,345.92,345.11,345.11,6533.0,174.0,345.578897
GOOGL,2026-08-19 16:40:00+00:00,345.11,345.19,344.79,344.79,7467.0,186.0,345.05636
GOOGL,2026-08-19 16:45:00+00:00,344.76,344.76,344.43,344.54,4705.0,134.0,344.551928
GOOGL,2026-08-19 16:50:00+00:00,344.53,344.54,344.31,344.38,7363.0,169.0,344.460896
GOOGL,2026-08-19 16:55:00+00:00,344.43,344.6,344.15,344.25,10668.0,204.0,344.423642
GOOGL,2026-08-19 17:00:00+00:00,344.25,344.645,344.23,344.445,6476.0,143.0,344.440456
GOOGL,2026-08-19 17:05:00+00:00,344.48,344.64,344.375,344.56,4461.0,102.0,344.495783
GOOGL,2026-08-19 17:10:00+00:00,344.43,344.61,344.38,344.5,5068.0,129.0,344.498726
GOOGL,2026-08-19 17:15:00+00:00,344.565,344.705,344.32,344.44,4745.0,150.0,344.476608
GOOGL,2026-08-19 17:20:00+00:00,344.41,344.42,343.79,344.02,10230.0,241.0,344.026266
GOOGL,2026-08-19 17:25:00+00:00,344.01,344.095,343.76,344.065,9537.0,198.0,343.989499
GOOGL,2026-08-19 17:30:00+00:00,344.09,344.18,343.67,343.69,5836.0,152.0,343.835129
GOOGL,2026-08-19 17:35:00+00:00,343.675,344.25,343.65,344.11,3116.0,106.0,343.97058
GOOGL,2026-08-19 17:40:00+00:00,344.12,344.39,344.12,344.14,2656.0,84.0,344.24438
GOOGL,2026-08-19 17:45:00+00:00,344.11,344.11,343.62,343.71,2143.0,84.0,343.8424
GOOGL,2026-08-19 17:50:00+00:00,343.7,344.15,343.56,344.03,4470.0,136.0,343.866495
GOOGL,2026-08-19 17:55:00+00:00,343.91,344.01,343.69,343.69,1778.0,73.0,343.860472
GOOGL,2026-08-19 18:00:00+00:00,343.715,344.32,343.65,344.17,8399.0,193.0,344.068063
GOOGL,2026-08-19 18:05:00+00:00,344.16,344.33,343.7,343.72,2778.0,97.0,343.9428
GOOGL,2026-08-19 18:10:00+00:00,343.83,344.12,343.805,344.02,3206.0,120.0,343.965837
GOOGL,2026-08-19 18:15:00+00:00,343.97,344.08,343.745,343.745,2367.0,96.0,343.932757
GOOGL,2026-08-19 18:20:00+00:00,343.735,344.04,343.71,344.04,2889.0,113.0,343.852682
GOOGL,2026-08-19 18:25:00+00:00,344.03,344.03,343.81,343.845,2126.0,89.0,343.952432
GOOGL,2026-08-19 18:30:00+00:00,343.81,344.19,343.8,344.16,3516.0,137.0,344.008856
GOOGL,2026-08-19 18:35:00+00:00,344.22,344.29,344.07,344.12,2901.0,103.0,344.202031
GOOGL,2026-08-19 18:40:00+00:00,344.125,344.13,343.34,343.48,4813.0,147.0,343.817524
GOOGL,2026-08-19 18:45:00+00:00,343.55,343.79,343.51,343.79,4393.0,137.0,343.622638
GOOGL,2026-08-19 18:50:00+00:00,343.8,344.445,343.63,344.35,5833.0,148.0,344.001091
GOOGL,2026-08-19 18:55:00+00:00,344.365,344.735,344.31,344.43,9760.0,227.0,344.538843
GOOGL,2026-08-19 19:00:00+00:00,344.43,344.505,344.24,344.36,4422.0,118.0,344.368537
GOOGL,2026-08-19 19:05:00+00:00,344.33,344.555,344.19,344.55,5097.0,129.0,344.399877
GOOGL,2026-08-19 19:10:00+00:00,344.53,344.81,344.48,344.61,6927.0,157.0,344.683066
GOOGL,2026-08-19 19:15:00+00:00,344.58,344.66,344.33,344.6,3004.0,97.0,344.535825
GOOGL,2026-08-19 19:20:00+00:00,344.56,344.59,344.355,344.59,4186.0,143.0,344.467474
GOOGL,2026-08-19 19:25:00+00:00,344.64,344.65,343.85,344.105,6583.0,161.0,344.192364
GOOGL,2026-08-19 19:30:00+00:00,344.1,344.69,344.08,344.63,10261.0,248.0,344.539454
GOOGL,2026-08-19 19:35:00+00:00,344.76,344.76,344.37,344.68,4547.0,141.0,344.515204
GOOGL,2026-08-19 19:40:00+00:00,344.73,345.07,344.64,345.03,8739.0,210.0,344.882379
GOOGL,2026-08-19 19:45:00+00:00,344.96,345.17,344.555,344.825,8385.0,205.0,344.786954
GOOGL,2026-08-19 19:50:00+00:00,344.73,345.07,344.67,345.05,13424.0,345.0,344.868089
GOOGL,2026-08-19 19:55:00+00:00,344.955,344.955,344.34,344.795,49340.0,1142.0,344.695555
GOOGL,2026-08-20 13:30:00+00:00,342.795,343.585,341.72,343.38,19664.0,469.0,342.516817
GOOGL,2026-08-20 13:35:00+00:00,343.43,343.83,342.185,342.67,22331.0,377.0,343.091836
GOOGL,2026-08-20 13:40:00+00:00,342.63,343.51,342.63,342.88,5252.0,150.0,343.033403
GOOGL,2026-08-20 13:45:00+00:00,342.84,343.47,342.47,343.015,9418.0,255.0,342.944072
GOOGL,2026-08-20 13:50:00+00:00,343.02,343.515,342.93,343.1,9705.0,233.0,343.255309
GOOGL,2026-08-20 13:55:00+00:00,343.09,343.41,342.945,343.16,7258.0,241.0,343.13966
GOOGL,2026-08-20 14:00:00+00:00,342.97,343.3,342.175,342.21,6964.0,214.0,342.911682
GOOGL,2026-08-20 14:05:00+00:00,342.1,342.325,341.57,342.235,8603.0,230.0,342.006197
GOOGL,2026-08-20 14:10:00+00:00,342.255,342.4,341.57,341.71,6028.0,181.0,341.950138
GOOGL,2026-08-20 14:15:00+00:00,341.78,341.845,341.085,341.55,10542.0,292.0,341.396035
GOOGL,2026-08-20 14:20:00+00:00,341.28,341.83,341.28,341.6,9696.0,251.0,341.638756
GOOGL,2026-08-20 14:25:00+00:00,341.51,341.84,341.39,341.55,7520.0,237.0,341.601389
GOOGL,2026-08-20 14:30:00+00:00,341.55,342.33,341.53,341.72,7242.0,211.0,342.014834
GOOGL,2026-08-20 14:35:00+00:00,341.725,342.385,341.68,342.32,10603.0,240.0,341.98615
GOOGL,2026-08-20 14:40:00+00:00,342.34,342.805,342.305,342.6,5305.0,164.0,342.635705
GOOGL,2026-08-20 14:45:00+00:00,342.6,342.605,341.66,341.73,8106.0,264.0,342.21852
GOOGL,2026-08-20 14:50:00+00:00,341.595,341.685,341.265,341.63,6309.0,164.0,341.504105
GOOGL,2026-08-20 14:55:00+00:00,341.395,341.635,341.0,341.31,7848.0,215.0,341.254924
GOOGL,2026-08-20 15:00:00+00:00,341.34,341.735,340.895,341.2,5511.0,181.0,341.276846
GOOGL,2026-08-20 15:05:00+00:00,341.13,341.3,339.72,339.72,8841.0,324.0,340.352927
GOOGL,2026-08-20 15:10:00+00:00,339.7,340.0,339.045,339.295,13293.0,418.0,339.35488
GOOGL,2026-08-20 15:15:00+00:00,339.295,339.99,339.12,339.86,11945.0,300.0,339.389077
GOOGL,2026-08-20 15:20:00+00:00,339.88,340.07,339.43,339.915,8645.0,206.0,339.78441
GOOGL,2026-08-20 15:25:00+00:00,339.93,340.16,339.35,339.43,14522.0,290.0,339.803415
GOOGL,2026-08-20 15:30:00+00:00,339.35,339.35,338.73,338.96,7473.0,210.0,339.05007
GOOGL,2026-08-20 15:35:00+00:00,338.95,339.06,338.57,338.89,8003.0,240.0,338.864054
GOOGL,2026-08-20 15:40:00+00:00,338.89,339.22,338.84,338.955,4990.0,172.0,338.965454
GOOGL,2026-08-20 15:45:00+00:00,338.935,339.65,338.9,339.65,6045.0,199.0,339.166039
GOOGL,2026-08-20 15:50:00+00:00,339.605,339.91,339.38,339.62,12263.0,260.0,339.616806
GOOGL,2026-08-20 15:55:00+00:00,339.62,339.67,339.38,339.47,5806.0,170.0,339.487513
GOOGL,2026-08-20 16:00:00+00:00,339.53,339.83,339.39,339.63,2487.0,115.0,339.507326
GOOGL,2026-08-20 16:05:00+00:00,339.66,340.14,339.585,340.1,2066.0,64.0,339.772232
GOOGL,2026-08-20 16:10:00+00:00,340.025,340.025,339.565,339.74,2419.0,97.0,339.817616
GOOGL,2026-08-20 16:15:00+00:00,339.77,340.22,339.77,340.16,2902.0,102.0,340.051477
GOOGL,2026-08-20 16:20:00+00:00,340.16,340.61,340.09,340.61,5277.0,153.0,340.335862
GOOGL,2026-08-20 16:25:00+00:00,340.66,340.95,340.66,340.95,4120.0,140.0,340.799982
GOOGL,2026-08-20 16:30:00+00:00,340.875,341.62,340.765,341.62,6418.0,152.0,341.027775
GOOGL,2026-08-20 16:35:00+00:00,341.66,341.76,341.475,341.59,2329.0,82.0,341.616913
GOOGL,2026-08-20 16:40:00+00:00,341.62,341.95,341.53,341.94,1751.0,95.0,341.662997
GOOGL,2026-08-20 16:45:00+00:00,341.97,342.03,341.68,341.745,3397.0,101.0,341.852145
GOOGL,2026-08-20 16:50:00+00:00,341.77,341.79,341.58,341.685,2209.0,81.0,341.678888
GOOGL,2026-08-20 16:55:00+00:00,341.685,341.745,341.38,341.535,4150.0,105.0,341.533752
GOOGL,2026-08-20 17:00:00+00:00,341.535,341.565,341.18,341.25,8685.0,188.0,341.331341
GOOGL,2026-08-20 17:05:00+00:00,341.26,341.51,340.925,341.51,9791.0,164.0,341.089748
GOOGL,2026-08-20 17:10:00+00:00,341.45,341.72,341.44,341.55,3700.0,95.0,341.531837
GOOGL,2026-08-20 17:15:00+00:00,341.48,341.58,340.945,340.945,3593.0,100.0,341.280813
GOOGL,2026-08-20 17:20:00+00:00,340.985,341.29,340.95,341.18,4267.0,124.0,341.083107
GOOGL,2026-08-20 17:25:00+00:00,341.12,341.2,340.98,341.015,3306.0,112.0,341.078138
GOOGL,2026-08-20 17:30:00+00:00,341.025,341.14,340.72,340.72,5322.0,150.0,340.975557
GOOGL,2026-08-20 17:35:00+00:00,340.76,340.76,340.59,340.71,3426.0,98.0,340.686338
GOOGL,2026-08-20 17:40:00+00:00,340.7,340.81,340.59,340.72,3165.0,101.0,340.685089
GOOGL,2026-08-20 17:45:00+00:00,340.7,341.16,340.7,341.045,2555.0,90.0,340.892328
GOOGL,2026-08-20 17:50:00+00:00,341.005,341.09,340.79,340.79,1927.0,74.0,340.94613
GOOGL,2026-08-20 17:55:00+00:00,340.835,341.04,340.795,340.94,2028.0,72.0,340.916065
GOOGL,2026-08-20 18:00:00+00:00,340.94,340.94,340.065,340.1,5515.0,136.0,340.333219
GOOGL,2026-08-20 18:05:00+00:00,340.04,340.04,339.85,339.87,3785.0,115.0,339.951783
GOOGL,2026-08-20 18:10:00+00:00,339.82,339.85,339.5,339.655,5346.0,153.0,339.691882
GOOGL,2026-08-20 18:15:00+00:00,339.635,340.05,339.57,340.01,7659.0,202.0,339.796268
GOOGL,2026-08-20 18:20:00+00:00,340.0,340.255,339.86,339.86,9878.0,225.0,340.0351
GOOGL,2026-08-20 18:25:00+00:00,339.87,339.97,339.81,339.83,6688.0,146.0,339.892975
GOOGL,2026-08-20 18:30:00+00:00,339.84,340.04,339.82,339.96,5216.0,142.0,339.92567
GOOGL,2026-08-20 18:35:00+00:00,339.97,340.38,339.95,340.095,9633.0,257.0,340.21567
GOOGL,2026-08-20 18:40:00+00:00,340.14,340.46,340.04,340.315,9072.0,254.0,340.228963
GOOGL,2026-08-20 18:45:00+00:00,340.3,340.385,340.195,340.245,6502.0,206.0,340.276483
GOOGL,2026-08-20 18:50:00+00:00,340.24,340.32,340.11,340.16,8132.0,183.0,340.233807
GOOGL,2026-08-20 18:55:00+00:00,340.195,340.28,340.055,340.06,5522.0,160.0,340.193156
GOOGL,2026-08-20 19:00:00+00:00,340.11,340.395,340.11,340.215,5724.0,149.0,340.195421
GOOGL,2026-08-20 19:05:00+00:00,340.15,340.38,340.15,340.38,5407.0,146.0,340.258186
GOOGL,2026-08-20 19:10:00+00:00,340.38,340.68,340.325,340.68,10009.0,158.0,340.527071
GOOGL,2026-08-20 19:15:00+00:00,340.69,340.8,340.61,340.725,6047.0,140.0,340.706111
GOOGL,2026-08-20 19:20:00+00:00,340.76,340.905,340.73,340.85,6463.0,136.0,340.822652
GOOGL,2026-08-20 19:25:00+00:00,340.85,341.165,340.8,340.88,5068.0,112.0,340.930456
GOOGL,2026-08-20 19:30:00+00:00,340.89,341.21,340.87,340.94,10172.0,214.0,341.037829
GOOGL,2026-08-20 19:35:00+00:00,340.925,341.12,340.87,341.07,10622.0,191.0,340.958285
GOOGL,2026-08-20 19:40:00+00:00,341.1,341.1,340.875,341.005,7816.0,166.0,340.987589
GOOGL,2026-08-20 19:45:00+00:00,341.02,341.555,340.965,341.5,7886.0,209.0,341.208723
GOOGL,2026-08-20 19:50:00+00:00,341.46,341.46,340.725,341.1,16541.0,363.0,341.023379
GOOGL,2026-08-20 19:55:00+00:00,340.94,340.94,339.97,340.59,49655.0,1215.0,340.423409
GOOGL,2026-08-21 12:15:00+00:00,342.87,342.87,342.87,342.87,60.0,2.0,342.87
GOOGL,2026-08-21 13:25:00+00:00,342.96,342.96,342.96,342.96,100.0,1.0,342.96
GOOGL,2026-08-21 13:30:00+00:00,342.355,342.5,340.42,341.32,21467.0,542.0,341.240234
GOOGL,2026-08-21 13:35:00+00:00,341.31,342.15,341.31,342.095,14456.0,322.0,341.717047
GOOGL,2026-08-21 13:40:00+00:00,342.07,342.64,341.185,341.71,15822.0,345.0,342.060164
GOOGL,2026-08-21 13:45:00+00:00,341.63,342.44,341.63,341.91,10904.0,246.0,342.105122
GOOGL,2026-08-21 13:50:00+00:00,341.895,342.18,341.68,341.84,5232.0,119.0,341.876052
GOOGL,2026-08-21 13:55:00+00:00,341.78,342.02,341.67,341.68,6046.0,162.0,341.836736
GOOGL,2026-08-21 14:00:00+00:00,341.89,342.4,341.655,342.195,13465.0,301.0,342.01253
GOOGL,2026-08-21 14:05:00+00:00,342.24,342.55,341.83,342.07,8478.0,209.0,342.124772
GOOGL,2026-08-21 14:10:00+00:00,342.0,342.27,341.67,342.03,12358.0,273.0,341.939954
GOOGL,2026-08-21 14:15:00+00:00,342.05,343.005,342.05,342.705,22955.0,384.0,342.576507
GOOGL,2026-08-21 14:20:00+00:00,342.605,342.9,342.465,342.815,14985.0,298.0,342.697906
GOOGL,2026-08-21 14:25:00+00:00,342.92,342.92,342.255,342.45,12021.0,246.0,342.480007
GOOGL,2026-08-21 14:30:00+00:00,342.405,342.71,342.33,342.62,10484.0,232.0,342.50627
GOOGL,2026-08-21 14:35:00+00:00,342.63,343.55,342.63,343.4,13541.0,266.0,343.169036
GOOGL,2026-08-21 14:40:00+00:00,343.425,343.67,342.9,342.92,5233.0,105.0,343.203939
GOOGL,2026-08-21 14:45:00+00:00,343.03,343.3,342.88,343.2,9472.0,185.0,343.107175
GOOGL,2026-08-21 14:50:00+00:00,343.31,344.49,343.31,344.29,14834.0,283.0,344.001995
GOOGL,2026-08-21 14:55:00+00:00,344.39,344.77,344.12,344.38,10047.0,207.0,344.490109
GOOGL,2026-08-21 15:00:00+00:00,344.4,345.075,344.35,344.69,19941.0,380.0,344.76118
GOOGL,2026-08-21 15:05:00+00:00,344.795,345.0,344.25,344.25,8828.0,192.0,344.841906
GOOGL,2026-08-21 15:10:00+00:00,344.23,344.23,343.76,343.98,4689.0,157.0,344.001292
GOOGL,2026-08-21 15:15:00+00:00,343.9,344.51,343.875,344.5,6888.0,138.0,344.110493
GOOGL,2026-08-21 15:20:00+00:00,344.505,344.685,344.37,344.52,5587.0,149.0,344.546371
GOOGL,2026-08-21 15:25:00+00:00,344.47,344.555,344.3,344.415,5072.0,111.0,344.437128
GOOGL,2026-08-21 15:30:00+00:00,344.41,344.595,344.115,344.515,5577.0,111.0,344.377954
GOOGL,2026-08-21 15:35:00+00:00,344.405,344.92,344.39,344.84,4675.0,109.0,344.578292
GOOGL,2026-08-21 15:40:00+00:00,344.89,345.205,344.815,345.205,7030.0,178.0,345.048058
GOOGL,2026-08-21 15:45:00+00:00,345.18,345.31,344.94,344.99,6534.0,231.0,345.137869
GOOGL,2026-08-21 15:50:00+00:00,345.055,345.505,344.99,345.31,6954.0,156.0,345.349496
GOOGL,2026-08-21 15:55:00+00:00,345.315,345.315,344.785,344.875,4563.0,120.0,345.091983
GOOGL,2026-08-21 16:00:00+00:00,344.85,344.885,344.36,344.43,5647.0,140.0,344.58677
GOOGL,2026-08-21 16:05:00+00:00,344.45,344.85,344.44,344.705,5872.0,113.0,344.636843
GOOGL,2026-08-21 16:10:00+00:00,344.785,344.8,344.18,344.3,7634.0,162.0,344.579293
GOOGL,2026-08-21 16:15:00+00:00,344.31,344.355,343.88,343.89,2564.0,70.0,344.112765
GOOGL,2026-08-21 16:20:00+00:00,343.865,344.38,343.75,344.0,9878.0,206.0,344.034552
GOOGL,2026-08-21 16:25:00+00:00,344.005,344.33,343.95,344.26,8006.0,163.0,344.129563
GOOGL,2026-08-21 16:30:00+00:00,344.28,345.015,344.27,344.745,7915.0,172.0,344.642388
GOOGL,2026-08-21 16:35:00+00:00,344.775,345.505,344.775,345.5,7388.0,170.0,345.167083
GOOGL,2026-08-21 16:40:00+00:00,345.5,345.62,345.36,345.6,4749.0,103.0,345.474613
GOOGL,2026-08-21 16:45:00+00:00,345.62,345.62,345.24,345.355,3668.0,103.0,345.396251
GOOGL,2026-08-21 16:50:00+00:00,345.32,345.32,345.015,345.32,4658.0,108.0,345.135169
GOOGL,2026-08-21 16:55:00+00:00,345.41,345.95,345.245,345.95,6612.0,182.0,345.62265
GOOGL,2026-08-21 17:00:00+00:00,345.97,346.175,345.89,345.93,6021.0,154.0,346.031865
GOOGL,2026-08-21 17:05:00+00:00,345.9,345.9,345.49,345.51,3648.0,87.0,345.683163
GOOGL,2026-08-21 17:10:00+00:00,345.45,345.45,345.25,345.375,4887.0,96.0,345.349422
GOOGL,2026-08-21 17:15:00+00:00,345.36,345.62,345.35,345.51,3608.0,97.0,345.513324
GOOGL,2026-08-21 17:20:00+00:00,345.49,345.58,345.38,345.48,4383.0,136.0,345.49379
GOOGL,2026-08-21 17:25:00+00:00,345.49,345.54,345.22,345.23,2651.0,79.0,345.365943
GOOGL,2026-08-21 17:30:00+00:00,345.21,345.35,345.0,345.03,4753.0,128.0,345.191897
GOOGL,2026-08-21 17:35:00+00:00,344.99,345.37,344.99,345.16,4090.0,127.0,345.187681
GOOGL,2026-08-21 17:40:00+00:00,345.205,345.38,345.085,345.215,4033.0,94.0,345.256682
GOOGL,2026-08-21 17:45:00+00:00,345.21,345.255,345.095,345.125,2359.0,79.0,345.192211
GOOGL,2026-08-21 17:50:00+00:00,345.19,345.29,345.11,345.11,2303.0,74.0,345.176331
GOOGL,2026-08-21 17:55:00+00:00,345.08,345.155,344.72,344.72,3481.0,89.0,344.93103
GOOGL,2026-08-21 18:00:00+00:00,344.69,345.145,344.615,345.045,3528.0,92.0,344.792713
GOOGL,2026-08-21 18:05:00+00:00,345.03,345.03,344.585,344.67,3430.0,84.0,344.772543
GOOGL,2026-08-21 18:10:00+00:00,344.68,345.02,344.68,344.9,4139.0,83.0,344.828156
GOOGL,2026-08-21 18:15:00+00:00,344.805,344.91,344.65,344.84,3469.0,90.0,344.832764
GOOGL,2026-08-21 18:20:00+00:00,344.68,344.75,344.59,344.62,3474.0,117.0,344.682728
GOOGL,2026-08-21 18:25:00+00:00,344.605,344.66,344.49,344.53,6377.0,119.0,344.581754
GOOGL,2026-08-21 18:30:00+00:00,344.575,344.61,344.385,344.45,2904.0,92.0,344.489017
GOOGL,2026-08-21 18:35:00+00:00,344.48,344.845,344.48,344.74,5160.0,113.0,344.63679
GOOGL,2026-08-21 18:40:00+00:00,344.765,344.96,344.765,344.91,2489.0,61.0,344.883474
GOOGL,2026-08-21 18:45:00+00:00,344.92,345.02,344.85,344.975,3977.0,89.0,344.948366
GOOGL,2026-08-21 18:50:00+00:00,344.94,345.325,344.94,345.27,3600.0,76.0,345.137543
GOOGL,2026-08-21 18:55:00+00:00,345.25,345.41,345.22,345.395,3428.0,93.0,345.300096
GOOGL,2026-08-21 19:00:00+00:00,345.36,345.39,345.2,345.22,3962.0,94.0,345.291846
GOOGL,2026-08-21 19:05:00+00:00,345.22,345.5,345.22,345.5,4348.0,105.0,345.341902
GOOGL,2026-08-21 19:10:00+00:00,345.475,345.475,345.25,345.27,4645.0,114.0,345.332148
GOOGL,2026-08-21 19:15:00+00:00,345.26,345.405,345.235,345.405,4708.0,107.0,345.317594
GOOGL,2026-08-21 19:20:00+00:00,345.405,345.42,345.27,345.37,5145.0,91.0,345.356335
GOOGL,2026-08-21 19:25:00+00:00,345.41,345.64,345.365,345.48,8285.0,174.0,345.493231
GOOGL,2026-08-21 19:30:00+00:00,345.6,345.71,345.48,345.685,5265.0,95.0,345.584848
GOOGL,2026-08-21 19:35:00+00:00,345.755,346.16,345.69,345.955,9497.0,140.0,345.990259
GOOGL,2026-08-21 19:40:00+00:00,345.94,346.08,345.875,345.96,7912.0,202.0,345.993436
GOOGL,2026-08-21 19:45:00+00:00,345.95,345.965,345.68,345.755,6945.0,155.0,345.83035
GOOGL,2026-08-21 19:50:00+00:00,345.7,345.87,345.05,345.15,22149.0,469.0,345.674562
GOOGL,2026-08-21 19:55:00+00:00,344.88,345.15,344.09,344.75,58777.0,1341.0,344.683113
GOOGL,2026-08-24 13:30:00+00:00,343.62,347.745,342.49,347.745,34337.0,723.0,345.150442
GOOGL,2026-08-24 13:35:00+00:00,347.795,348.03,346.21,346.51,35447.0,615.0,347.364715
GOOGL,2026-08-24 13:40:00+00:00,346.43,347.71,345.835,346.18,34483.0,615.0,347.041196
GOOGL,2026-08-24 13:45:00+00:00,345.88,347.5,345.77,347.135,20961.0,444.0,346.460372
GOOGL,2026-08-24 13:50:00+00:00,347.135,347.96,346.795,347.14,21426.0,460.0,347.364436
GOOGL,2026-08-24 13:55:00+00:00,346.98,348.08,346.8,348.08,26638.0,587.0,347.474089
GOOGL,2026-08-24 14:00:00+00:00,348.045,349.02,347.435,347.665,25196.0,559.0,348.456473
GOOGL,2026-08-24 14:05:00+00:00,347.85,348.12,347.39,347.89,9040.0,232.0,347.775991
GOOGL,2026-08-24 14:10:00+00:00,347.975,348.73,347.73,348.61,16501.0,316.0,348.307383
GOOGL,2026-08-24 14:15:00+00:00,348.62,349.31,348.26,348.56,17101.0,439.0,348.748019
GOOGL,2026-08-24 14:20:00+00:00,348.555,349.28,348.415,348.6,20024.0,376.0,348.90273
GOOGL,2026-08-24 14:25:00+00:00,348.54,348.72,348.14,348.72,13276.0,288.0,348.490928
GOOGL,2026-08-24 14:30:00+00:00,348.765,349.4,348.29,348.71,18286.0,363.0,348.837253
GOOGL,2026-08-24 14:35:00+00:00,348.685,349.26,348.52,349.105,15140.0,285.0,348.850599
GOOGL,2026-08-24 14:40:00+00:00,349.11,349.78,348.87,349.73,11706.0,258.0,349.431074
GOOGL,2026-08-24 14:45:00+00:00,349.69,350.32,349.62,350.24,21009.0,403.0,349.925355
GOOGL,2026-08-24 14:50:00+00:00,350.25,350.25,349.8,349.85,10541.0,255.0,350.011331
GOOGL,2026-08-24 14:55:00+00:00,349.84,349.95,349.58,349.73,16641.0,320.0,349.74797
GOOGL,2026-08-24 15:00:00+00:00,349.68,349.89,349.095,349.3,9629.0,235.0,349.582752
GOOGL,2026-08-24 15:05:00+00:00,349.28,350.39,348.77,350.37,15408.0,334.0,349.553558
GOOGL,2026-08-24 15:10:00+00:00,350.41,350.5,349.855,349.86,25643.0,448.0,350.243554
GOOGL,2026-08-24 15:15:00+00:00,349.72,350.29,349.72,350.22,9091.0,189.0,350.040958
GOOGL,2026-08-24 15:20:00+00:00,350.15,350.515,349.65,350.48,10541.0,215.0,350.001093
GOOGL,2026-08-24 15:25:00+00:00,350.465,351.07,350.34,350.92,14635.0,282.0,350.712141
GOOGL,2026-08-24 15:30:00+00:00,350.855,351.41,350.67,350.91,11881.0,226.0,351.044827
GOOGL,2026-08-24 15:35:00+00:00,350.93,351.23,350.645,351.22,9712.0,210.0,351.069692
GOOGL,2026-08-24 15:40:00+00:00,351.24,351.54,351.0,351.205,12236.0,219.0,351.30252
GOOGL,2026-08-24 15:45:00+00:00,351.18,351.495,350.96,351.15,12294.0,187.0,351.282912
GOOGL,2026-08-24 15:50:00+00:00,351.23,351.59,350.73,350.73,9578.0,163.0,351.31212
GOOGL,2026-08-24 15:55:00+00:00,350.685,351.1,350.545,350.86,7989.0,168.0,350.771578
GOOGL,2026-08-24 16:00:00+00:00,350.82,351.18,350.74,350.89,12056.0,202.0,350.922852
GOOGL,2026-08-24 16:05:00+00:00,350.95,351.1,350.68,350.69,5185.0,139.0,350.902737
GOOGL,2026-08-24 16:10:00+00:00,350.64,350.8,350.59,350.725,8162.0,134.0,350.718264
GOOGL,2026-08-24 16:15:00+00:00,350.7,351.19,350.7,351.0,9650.0,169.0,350.968236
GOOGL,2026-08-24 16:20:00+00:00,350.945,351.175,350.68,350.86,7821.0,184.0,350.923912
GOOGL,2026-08-24 16:25:00+00:00,350.885,351.19,350.79,351.06,6636.0,161.0,350.944779
GOOGL,2026-08-24 16:30:00+00:00,351.06,351.265,350.82,351.015,7895.0,164.0,351.030241
GOOGL,2026-08-24 16:35:00+00:00,351.14,351.31,350.885,350.885,3753.0,117.0,351.106013
GOOGL,2026-08-24 16:40:00+00:00,350.9,351.14,350.88,351.04,4437.0,120.0,351.027865
GOOGL,2026-08-24 16:45:00+00:00,351.03,351.355,350.96,351.26,4711.0,112.0,351.240801
GOOGL,2026-08-24 16:50:00+00:00,351.39,351.41,351.15,351.2,4409.0,111.0,351.289727
GOOGL,2026-08-24 16:55:00+00:00,351.21,351.265,350.81,351.02,4412.0,112.0,351.036063
GOOGL,2026-08-24 17:00:00+00:00,351.01,351.19,350.37,350.5,5388.0,133.0,350.788876
GOOGL,2026-08-24 17:05:00+00:00,350.325,350.36,349.92,350.12,9585.0,194.0,350.11031
GOOGL,2026-08-24 17:10:00+00:00,350.045,350.135,349.615,349.69,7010.0,172.0,349.887253
GOOGL,2026-08-24 17:15:00+00:00,349.75,349.78,349.49,349.71,6745.0,162.0,349.666554
GOOGL,2026-08-24 17:20:00+00:00,349.61,349.77,349.23,349.705,7045.0,146.0,349.475217
GOOGL,2026-08-24 17:25:00+00:00,349.615,349.68,349.29,349.3,3843.0,131.0,349.504308
GOOGL,2026-08-24 17:30:00+00:00,349.31,349.43,349.19,349.22,6010.0,179.0,349.321169
GOOGL,2026-08-24 17:35:00+00:00,349.31,349.44,349.16,349.31,5637.0,120.0,349.325644
GOOGL,2026-08-24 17:40:00+00:00,349.35,349.39,348.97,348.98,2304.0,69.0,349.177497
GOOGL,2026-08-24 17:45:00+00:00,348.98,349.045,348.77,348.84,6520.0,138.0,348.890082
GOOGL,2026-08-24 17:50:00+00:00,348.875,348.985,348.41,348.53,2573.0,88.0,348.640778
GOOGL,2026-08-24 17:55:00+00:00,348.585,348.78,348.48,348.48,7480.0,178.0,348.600817
GOOGL,2026-08-24 18:00:00+00:00,348.505,348.86,348.43,348.755,4858.0,108.0,348.70698
GOOGL,2026-08-24 18:05:00+00:00,348.68,349.05,348.64,348.83,12033.0,238.0,348.881434
GOOGL,2026-08-24 18:10:00+00:00,348.845,349.14,348.81,348.99,7096.0,160.0,348.950095
GOOGL,2026-08-24 18:15:00+00:00,349.03,349.03,348.535,348.585,4495.0,102.0,348.743855
GOOGL,2026-08-24 18:20:00+00:00,348.59,348.99,348.58,348.9,5647.0,115.0,348.733838
GOOGL,2026-08-24 18:25:00+00:00,348.905,349.01,348.7,348.94,5990.0,115.0,348.912467
GOOGL,2026-08-24 18:30:00+00:00,348.875,349.06,348.73,348.86,3969.0,98.0,348.87836
GOOGL,2026-08-24 18:35:00+00:00,348.9,348.9,348.385,348.385,2233.0,77.0,348.584061
GOOGL,2026-08-24 18:40:00+00:00,348.37,348.47,348.155,348.245,6449.0,159.0,348.295441
GOOGL,2026-08-24 18:45:00+00:00,348.15,348.3,347.95,348.04,3269.0,100.0,348.127563
GOOGL,2026-08-24 18:50:00+00:00,348.04,348.41,347.99,348.37,4761.0,111.0,348.158117
GOOGL,2026-08-24 18:55:00+00:00,348.375,348.53,348.26,348.34,4683.0,136.0,348.390735
GOOGL,2026-08-24 19:00:00+00:00,348.34,348.52,348.26,348.45,6477.0,148.0,348.413436
GOOGL,2026-08-24 19:05:00+00:00,348.475,348.96,348.45,348.66,3750.0,106.0,348.667983
GOOGL,2026-08-24 19:10:00+00:00,348.62,348.735,348.5,348.535,3615.0,114.0,348.615958
GOOGL,2026-08-24 19:15:00+00:00,348.56,348.56,348.195,348.475,4519.0,118.0,348.374009
GOOGL,2026-08-24 19:20:00+00:00,348.445,348.9,348.41,348.79,4302.0,101.0,348.672383
GOOGL,2026-08-24 19:25:00+00:00,348.94,349.025,348.8,348.92,4509.0,97.0,348.915065
GOOGL,2026-08-24 19:30:00+00:00,348.94,349.17,348.92,349.015,6900.0,158.0,349.051423
GOOGL,2026-08-24 19:35:00+00:00,348.975,349.145,348.765,348.985,9220.0,203.0,348.965838
GOOGL,2026-08-24 19:40:00+00:00,348.925,349.25,348.925,349.225,7676.0,161.0,349.137965
GOOGL,2026-08-24 19:45:00+00:00,349.17,349.25,348.38,348.42,7414.0,194.0,348.79808
GOOGL,2026-08-24 19:50:00+00:00,348.56,349.05,348.41,348.705,21460.0,507.0,348.707363
GOOGL,2026-08-24 19:55:00+00:00,348.67,348.67,348.0,348.09,50332.0,1141.0,348.238548
GOOGL,2026-08-24 20:00:00+00:00,348.15,348.15,348.15,348.15,58.0,3.0,348.15
GOOGL,2026-08-25 13:30:00+00:00,349.375,350.09,347.82,349.21,27730.0,578.0,349.177195
GOOGL,2026-08-25 13:35:00+00:00,349.19,349.95,348.76,348.76,13032.0,296.0,349.33711
GOOGL,2026-08-25 13:40:00+00:00,348.92,349.555,348.765,349.39,12067.0,251.0,349.215279
GOOGL,2026-08-25 13:45:00+00:00,349.38,349.56,348.99,349.265,9007.0,214.0,349.365927
GOOGL,2026-08-25 13:50:00+00:00,349.195,349.22,348.315,348.39,8190.0,216.0,348.828561
GOOGL,2026-08-25 13:55:00+00:00,348.475,348.615,347.9,348.27,4799.0,148.0,348.209565
GOOGL,2026-08-25 14:00:00+00:00,348.14,348.395,347.635,347.705,14901.0,283.0,347.966875
GOOGL,2026-08-25 14:05:00+00:00,347.77,348.07,347.32,347.97,17396.0,312.0,347.64387
GOOGL,2026-08-25 14:10:00+00:00,348.12,348.455,347.525,348.455,11615.0,230.0,348.061405
GOOGL,2026-08-25 14:15:00+00:00,348.445,348.64,348.01,348.42,13209.0,236.0,348.315903
GOOGL,2026-08-25 14:20:00+00:00,348.49,348.49,346.63,346.79,20158.0,380.0,347.17722
GOOGL,2026-08-25 14:25:00+00:00,346.78,347.185,346.44,346.74,16970.0,288.0,346.894171
GOOGL,2026-08-25 14:30:00+00:00,346.725,347.36,346.04,347.03,23457.0,499.0,346.521676
GOOGL,2026-08-25 14:35:00+00:00,347.08,347.34,346.98,347.29,7254.0,143.0,347.177076
GOOGL,2026-08-25 14:40:00+00:00,347.275,347.375,346.63,346.915,9667.0,216.0,347.002254
GOOGL,2026-08-25 14:45:00+00:00,346.855,347.175,346.615,346.71,12333.0,229.0,346.834875
GOOGL,2026-08-25 14:50:00+00:00,346.705,347.02,346.39,346.55,14380.0,296.0,346.72369
GOOGL,2026-08-25 14:55:00+00:00,346.59,346.63,346.19,346.26,12122.0,250.0,346.360437
GOOGL,2026-08-25 15:00:00+00:00,346.22,346.455,345.94,346.225,9815.0,212.0,346.220662
GOOGL,2026-08-25 15:05:00+00:00,346.22,346.33,345.62,346.205,14489.0,282.0,345.981639
GOOGL,2026-08-25 15:10:00+00:00,346.065,346.29,345.88,346.24,13452.0,264.0,346.045064
GOOGL,2026-08-25 15:15:00+00:00,346.27,346.475,346.2,346.33,6561.0,156.0,346.336198
GOOGL,2026-08-25 15:20:00+00:00,346.325,346.54,345.845,345.935,8036.0,189.0,346.260378
GOOGL,2026-08-25 15:25:00+00:00,345.96,346.56,345.96,346.375,8024.0,181.0,346.323223
GOOGL,2026-08-25 15:30:00+00:00,346.345,346.47,346.03,346.22,5345.0,131.0,346.215498
GOOGL,2026-08-25 15:35:00+00:00,346.285,346.87,346.25,346.83,10926.0,265.0,346.569787
GOOGL,2026-08-25 15:40:00+00:00,346.845,347.035,346.66,346.685,5681.0,145.0,346.781814
GOOGL,2026-08-25 15:45:00+00:00,346.75,346.75,346.135,346.165,8262.0,184.0,346.577341
GOOGL,2026-08-25 15:50:00+00:00,346.12,346.62,346.12,346.62,7458.0,178.0,346.373937
GOOGL,2026-08-25 15:55:00+00:00,346.66,346.735,346.455,346.6,10350.0,237.0,346.58113
GOOGL,2026-08-25 16:00:00+00:00,346.615,346.81,346.47,346.675,8110.0,205.0,346.653713
GOOGL,2026-08-25 16:05:00+00:00,346.73,347.0,346.58,346.82,5840.0,149.0,346.755389
GOOGL,2026-08-25 16:10:00+00:00,346.81,346.905,346.635,346.715,3349.0,107.0,346.772628
GOOGL,2026-08-25 16:15:00+00:00,346.68,346.855,346.66,346.73,4484.0,103.0,346.762388
GOOGL,2026-08-25 16:20:00+00:00,346.735,346.94,346.56,346.785,5856.0,121.0,346.782058
GOOGL,2026-08-25 16:25:00+00:00,346.755,346.85,346.7,346.75,4344.0,95.0,346.794199
GOOGL,2026-08-25 16:30:00+00:00,346.68,346.87,346.57,346.62,4003.0,108.0,346.718845
GOOGL,2026-08-25 16:35:00+00:00,346.615,346.925,346.495,346.925,5433.0,131.0,346.666539
GOOGL,2026-08-25 16:40:00+00:00,346.96,347.015,346.505,346.525,3219.0,105.0,346.772605
GOOGL,2026-08-25 16:45:00+00:00,346.6,346.645,346.42,346.53,5746.0,120.0,346.530507
GOOGL,2026-08-25 16:50:00+00:00,346.535,346.85,346.47,346.85,6706.0,153.0,346.590033
GOOGL,2026-08-25 16:55:00+00:00,346.88,347.47,346.835,347.44,7012.0,168.0,347.073572
GOOGL,2026-08-25 17:00:00+00:00,347.44,347.62,347.32,347.345,5605.0,137.0,347.442024
GOOGL,2026-08-25 17:05:00+00:00,347.27,347.39,347.08,347.18,6659.0,136.0,347.296001
GOOGL,2026-08-25 17:10:00+00:00,347.25,347.3,346.94,347.21,4566.0,86.0,347.119594
GOOGL,2026-08-25 17:15:00+00:00,347.16,347.255,347.02,347.255,4010.0,91.0,347.117849
GOOGL,2026-08-25 17:20:00+00:00,347.235,347.24,346.73,346.945,9965.0,186.0,346.901994
GOOGL,2026-08-25 17:25:00+00:00,346.79,346.79,346.48,346.56,1289.0,53.0,346.6275
GOOGL,2026-08-25 17:30:00+00:00,346.575,346.77,346.575,346.68,7317.0,155.0,346.673186
GOOGL,2026-08-25 17:35:00+00:00,346.71,346.88,346.63,346.815,4809.0,101.0,346.72067
GOOGL,2026-08-25 17:40:00+00:00,346.84,346.84,346.59,346.695,4540.0,124.0,346.695905
GOOGL,2026-08-25 17:45:00+00:00,346.67,346.85,346.56,346.85,4581.0,98.0,346.690402
GOOGL,2026-08-25 17:50:00+00:00,346.76,347.05,346.76,346.975,4590.0,108.0,346.916978
GOOGL,2026-08-25 17:55:00+00:00,346.985,347.34,346.92,347.23,5207.0,120.0,347.152907
GOOGL,2026-08-25 18:00:00+00:00,347.185,347.185,346.88,346.99,3976.0,107.0,347.051797
GOOGL,2026-08-25 18:05:00+00:00,346.895,346.95,346.35,346.4,3820.0,116.0,346.561562
GOOGL,2026-08-25 18:10:00+00:00,346.405,346.425,345.925,345.925,7718.0,220.0,346.205244
GOOGL,2026-08-25 18:15:00+00:00,345.94,346.08,345.81,345.88,5068.0,144.0,345.936133
GOOGL,2026-08-25 18:20:00+00:00,345.88,346.14,345.67,345.68,6975.0,189.0,345.906693
GOOGL,2026-08-25 18:25:00+00:00,345.68,345.99,345.61,345.99,6448.0,169.0,345.756388
GOOGL,2026-08-25 18:30:00+00:00,346.01,346.11,345.86,345.86,5852.0,157.0,345.988879
GOOGL,2026-08-25 18:35:00+00:00,345.87,346.15,345.78,345.865,6679.0,155.0,345.940321
GOOGL,2026-08-25 18:40:00+00:00,345.87,346.205,345.87,346.205,3331.0,93.0,345.996992
GOOGL,2026-08-25 18:45:00+00:00,346.19,346.38,346.12,346.13,4760.0,147.0,346.254361
GOOGL,2026-08-25 18:50:00+00:00,346.135,346.25,346.045,346.105,8200.0,168.0,346.158766
GOOGL,2026-08-25 18:55:00+00:00,346.125,346.145,345.85,345.94,5704.0,146.0,345.978903
GOOGL,2026-08-25 19:00:00+00:00,345.95,346.415,345.95,346.315,9782.0,225.0,346.192374
GOOGL,2026-08-25 19:05:00+00:00,346.345,346.39,346.005,346.095,3695.0,111.0,346.243026
GOOGL,2026-08-25 19:10:00+00:00,346.02,346.25,346.0,346.22,3032.0,110.0,346.119809
GOOGL,2026-08-25 19:15:00+00:00,346.205,346.35,346.14,346.27,2466.0,67.0,346.274467
GOOGL,2026-08-25 19:20:00+00:00,346.27,346.495,346.26,346.46,5595.0,153.0,346.387325
GOOGL,2026-08-25 19:25:00+00:00,346.5,346.565,346.33,346.49,9968.0,218.0,346.442576
GOOGL,2026-08-25 19:30:00+00:00,346.505,346.87,346.505,346.87,8129.0,223.0,346.771506
GOOGL,2026-08-25 19:35:00+00:00,346.86,347.1,346.72,346.93,12591.0,280.0,346.983297
GOOGL,2026-08-25 19:40:00+00:00,346.92,347.185,346.835,347.015,15964.0,343.0,346.996
GOOGL,2026-08-25 19:45:00+00:00,346.885,347.31,346.855,347.135,18299.0,376.0,347.12232
GOOGL,2026-08-25 19:50:00+00:00,347.05,347.36,346.925,346.94,13623.0,360.0,347.106469
GOOGL,2026-08-25 19:55:00+00:00,346.97,347.235,346.305,346.945,36640.0,832.0,346.908101
GOOGL,2026-08-26 13:05:00+00:00,347.18,347.85,347.18,347.85,360.0,7.0,347.547097
GOOGL,2026-08-26 13:10:00+00:00,347.2,347.25,347.2,347.25,260.0,6.0,347.233333
GOOGL,2026-08-26 13:20:00+00:00,346.6,346.6,346.6,346.6,40.0,1.0,346.6
GOOGL,2026-08-26 13:30:00+00:00,346.61,346.745,343.82,345.31,15770.0,353.0,345.26528
GOOGL,2026-08-26 13:35:00+00:00,345.28,345.445,343.695,344.02,10616.0,246.0,344.680731
GOOGL,2026-08-26 13:40:00+00:00,343.845,344.55,343.12,344.275,16948.0,345.0,343.810444
GOOGL,2026-08-26 13:45:00+00:00,344.31,344.4,343.295,344.12,20082.0,369.0,343.892277
GOOGL,2026-08-26 13:50:00+00:00,344.055,344.77,343.85,344.23,12334.0,279.0,344.199232
GOOGL,2026-08-26 13:55:00+00:00,344.2,344.3,343.47,343.87,23422.0,541.0,343.853759
GOOGL,2026-08-26 14:00:00+00:00,343.87,344.1,342.91,343.75,29060.0,513.0,343.644653
GOOGL,2026-08-26 14:05:00+00:00,343.66,343.975,342.92,342.92,20911.0,434.0,343.609751
GOOGL,2026-08-26 14:10:00+00:00,343.05,343.055,341.725,341.73,7488.0,212.0,342.352029
GOOGL,2026-08-26 14:15:00+00:00,341.64,342.43,341.55,342.02,19296.0,339.0,342.062692
GOOGL,2026-08-26 14:20:00+00:00,342.06,342.27,341.84,342.01,8404.0,186.0,342.061109
GOOGL,2026-08-26 14:25:00+00:00,342.05,342.4,341.77,342.31,9518.0,181.0,341.99279
GOOGL,2026-08-26 14:30:00+00:00,342.24,342.5,341.47,341.925,9582.0,221.0,341.879704
GOOGL,2026-08-26 14:35:00+00:00,341.905,342.675,341.905,342.35,7812.0,164.0,342.233992
GOOGL,2026-08-26 14:40:00+00:00,342.39,342.685,342.1,342.15,6473.0,158.0,342.385543
GOOGL,2026-08-26 14:45:00+00:00,342.11,342.71,342.03,342.505,7986.0,191.0,342.400166
GOOGL,2026-08-26 14:50:00+00:00,342.51,342.785,342.41,342.645,4119.0,139.0,342.594136
GOOGL,2026-08-26 14:55:00+00:00,342.6,343.18,342.56,343.06,8053.0,212.0,342.908103
GOOGL,2026-08-26 15:00:00+00:00,343.06,343.43,342.91,343.29,4944.0,191.0,343.140163
GOOGL,2026-08-26 15:05:00+00:00,343.36,343.42,343.1,343.145,4371.0,132.0,343.274298
GOOGL,2026-08-26 15:10:00+00:00,343.09,343.34,343.09,343.21,4959.0,128.0,343.195645
GOOGL,2026-08-26 15:15:00+00:00,343.18,343.24,342.79,342.9,7127.0,198.0,343.021834
GOOGL,2026-08-26 15:20:00+00:00,342.715,343.06,342.6,343.06,7287.0,164.0,342.76388
GOOGL,2026-08-26 15:25:00+00:00,342.995,343.22,342.89,342.89,4868.0,125.0,343.088657
GOOGL,2026-08-26 15:30:00+00:00,342.73,342.73,342.035,342.06,2617.0,109.0,342.346106
GOOGL,2026-08-26 15:35:00+00:00,342.07,342.075,341.865,341.905,8506.0,188.0,342.017439
GOOGL,2026-08-26 15:40:00+00:00,341.98,342.445,341.98,342.205,6450.0,133.0,342.144683
GOOGL,2026-08-26 15:45:00+00:00,342.215,342.71,342.2,342.58,4457.0,110.0,342.481243
GOOGL,2026-08-26 15:50:00+00:00,342.58,342.58,341.485,341.49,9322.0,238.0,341.938997
GOOGL,2026-08-26 15:55:00+00:00,341.465,341.75,341.43,341.43,5791.0,139.0,341.557522
GOOGL,2026-08-26 16:00:00+00:00,341.41,341.59,341.14,341.59,8031.0,192.0,341.348037
GOOGL,2026-08-26 16:05:00+00:00,341.57,341.73,341.39,341.55,7285.0,153.0,341.561623
GOOGL,2026-08-26 16:10:00+00:00,341.525,341.625,341.43,341.49,2712.0,78.0,341.548186
GOOGL,2026-08-26 16:15:00+00:00,341.47,341.5,341.16,341.25,3352.0,117.0,341.291955
GOOGL,2026-08-26 16:20:00+00:00,341.25,341.37,340.8,340.85,4840.0,147.0,341.105849
GOOGL,2026-08-26 16:25:00+00:00,340.86,341.01,340.575,340.58,3381.0,102.0,340.771991
GOOGL,2026-08-26 16:30:00+00:00,340.65,340.65,340.24,340.45,7682.0,178.0,340.497471
GOOGL,2026-08-26 16:35:00+00:00,340.425,340.5,340.205,340.34,6499.0,163.0,340.408612
GOOGL,2026-08-26 16:40:00+00:00,340.35,340.54,340.25,340.27,4510.0,108.0,340.345165
GOOGL,2026-08-26 16:45:00+00:00,340.265,340.665,340.22,340.41,5542.0,146.0,340.43838
GOOGL,2026-08-26 16:50:00+00:00,340.4,340.72,340.37,340.54,4479.0,137.0,340.570554
GOOGL,2026-08-26 16:55:00+00:00,340.59,340.95,340.465,340.72,4624.0,146.0,340.736064
GOOGL,2026-08-26 17:00:00+00:00,340.64,341.08,340.64,340.91,6910.0,175.0,340.849151
GOOGL,2026-08-26 17:05:00+00:00,340.89,341.34,340.875,341.265,3389.0,86.0,341.127677
GOOGL,2026-08-26 17:10:00+00:00,341.215,341.44,341.065,341.24,3215.0,75.0,341.249612
GOOGL,2026-08-26 17:15:00+00:00,341.3,341.62,341.26,341.54,3026.0,84.0,341.507359
GOOGL,2026-08-26 17:20:00+00:00,341.665,341.685,341.505,341.58,3088.0,72.0,341.589309
GOOGL,2026-08-26 17:25:00+00:00,341.545,341.625,341.315,341.43,2689.0,74.0,341.525366
GOOGL,2026-08-26 17:30:00+00:00,341.465,341.605,341.405,341.44,3654.0,89.0,341.49316
GOOGL,2026-08-26 17:35:00+00:00,341.51,341.56,341.42,341.42,2045.0,73.0,341.504184
GOOGL,2026-08-26 17:40:00+00:00,341.42,341.785,341.42,341.655,2611.0,68.0,341.687773
GOOGL,2026-08-26 17:45:00+00:00,341.58,341.595,341.46,341.58,2208.0,57.0,341.527599
GOOGL,2026-08-26 17:50:00+00:00,341.61,341.815,341.5,341.705,4043.0,77.0,341.626847
GOOGL,2026-08-26 17:55:00+00:00,341.76,341.76,341.52,341.545,3035.0,74.0,341.583168
GOOGL,2026-08-26 18:00:00+00:00,341.54,341.71,341.51,341.645,3751.0,95.0,341.62159
GOOGL,2026-08-26 18:05:00+00:00,341.65,341.87,341.63,341.745,2534.0,72.0,341.772289
GOOGL,2026-08-26 18:10:00+00:00,341.825,341.825,341.41,341.42,1140.0,45.0,341.633152
GOOGL,2026-08-26 18:15:00+00:00,341.37,341.54,341.37,341.54,2024.0,65.0,341.465893
GOOGL,2026-08-26 18:20:00+00:00,341.555,341.72,341.55,341.65,1575.0,51.0,341.633218
GOOGL,2026-08-26 18:25:00+00:00,341.505,341.6,341.46,341.47,1552.0,73.0,341.512391
GOOGL,2026-08-26 18:30:00+00:00,341.445,341.515,341.24,341.35,2810.0,81.0,341.430831
GOOGL,2026-08-26 18:35:00+00:00,341.345,341.375,341.3,341.375,3605.0,111.0,341.324803
GOOGL,2026-08-26 18:40:00+00:00,341.33,341.52,341.325,341.5,1609.0,75.0,341.4554
GOOGL,2026-08-26 18:45:00+00:00,341.6,341.7,341.56,341.61,2800.0,77.0,341.626311
GOOGL,2026-08-26 18:50:00+00:00,341.64,341.87,341.64,341.86,3467.0,101.0,341.723699
GOOGL,2026-08-26 18:55:00+00:00,341.86,341.9,341.66,341.755,2829.0,97.0,341.773889
GOOGL,2026-08-26 19:00:00+00:00,341.675,342.025,341.675,341.97,7984.0,195.0,341.901744
GOOGL,2026-08-26 19:05:00+00:00,341.975,341.98,341.85,341.86,3636.0,100.0,341.930543
GOOGL,2026-08-26 19:10:00+00:00,341.9,341.9,341.63,341.64,3346.0,112.0,341.729416
GOOGL,2026-08-26 19:15:00+00:00,341.675,341.77,341.53,341.76,3979.0,118.0,341.639992
GOOGL,2026-08-26 19:20:00+00:00,341.73,341.73,341.39,341.48,3769.0,110.0,341.497943
GOOGL,2026-08-26 19:25:00+00:00,341.5,341.5,341.28,341.34,1871.0,113.0,341.432886
GOOGL,2026-08-26 19:30:00+00:00,341.35,341.72,341.29,341.69,5658.0,158.0,341.43818
GOOGL,2026-08-26 19:35:00+00:00,341.69,341.965,341.49,341.88,9199.0,246.0,341.751634
GOOGL,2026-08-26 19:40:00+00:00,341.95,342.18,341.925,342.13,7947.0,205.0,342.052661
GOOGL,2026-08-26 19:45:00+00:00,342.105,342.42,342.105,342.25,8653.0,205.0,342.299383
GOOGL,2026-08-26 19:50:00+00:00,342.3,342.51,341.43,341.74,25017.0,458.0,342.17888
GOOGL,2026-08-26 19:55:00+00:00,341.98,342.3,341.805,342.06,45841.0,1117.0,342.045906
GOOGL,2026-08-26 20:05:00+00:00,342.02,342.02,342.02,342.02,40.0,1.0,342.02
GOOGL,2026-08-27 12:10:00+00:00,340.62,340.62,340.62,340.62,110.0,2.0,340.62
GOOGL,2026-08-27 12:50:00+00:00,340.55,340.55,340.55,340.55,40.0,1.0,340.55
GOOGL,2026-08-27 13:30:00+00:00,339.68,340.435,338.54,339.48,88135.0,1044.0,339.670297
GOOGL,2026-08-27 13:35:00+00:00,339.345,340.3,338.725,339.175,42276.0,723.0,339.683649
GOOGL,2026-08-27 13:40:00+00:00,339.2,341.22,338.86,340.9,38125.0,608.0,339.962613
GOOGL,2026-08-27 13:45:00+00:00,340.775,341.62,340.04,340.19,17281.0,426.0,340.876168
GOOGL,2026-08-27 13:50:00+00:00,340.2,341.13,339.975,340.715,10208.0,261.0,340.562743
GOOGL,2026-08-27 13:55:00+00:00,340.765,341.2,340.14,340.46,13132.0,327.0,340.593578
GOOGL,2026-08-27 14:00:00+00:00,340.405,340.5,339.775,340.48,4943.0,147.0,340.178872
GOOGL,2026-08-27 14:05:00+00:00,340.64,340.96,340.15,340.96,5462.0,194.0,340.551329
GOOGL,2026-08-27 14:10:00+00:00,340.93,340.93,340.15,340.24,2467.0,138.0,340.498797
GOOGL,2026-08-27 14:15:00+00:00,340.235,340.49,339.725,339.725,9240.0,280.0,340.22526
GOOGL,2026-08-27 14:20:00+00:00,339.915,339.98,339.46,339.57,6422.0,226.0,339.66768
GOOGL,2026-08-27 14:25:00+00:00,339.49,340.045,339.34,339.99,8087.0,247.0,339.679744
GOOGL,2026-08-27 14:30:00+00:00,339.98,340.05,339.305,339.355,4800.0,150.0,339.695941
GOOGL,2026-08-27 14:35:00+00:00,339.235,339.48,339.13,339.205,6734.0,165.0,339.341615
GOOGL,2026-08-27 14:40:00+00:00,339.18,339.485,339.1,339.45,4189.0,148.0,339.303062
GOOGL,2026-08-27 14:45:00+00:00,339.355,340.14,339.355,340.085,8533.0,193.0,339.69238
GOOGL,2026-08-27 14:50:00+00:00,340.08,340.62,339.745,340.61,10494.0,230.0,340.087143
GOOGL,2026-08-27 14:55:00+00:00,340.62,341.06,340.615,340.9,13453.0,302.0,340.82224
GOOGL,2026-08-27 15:00:00+00:00,340.76,340.79,340.02,340.16,12436.0,252.0,340.396023
GOOGL,2026-08-27 15:05:00+00:00,340.23,340.3,339.65,340.215,9095.0,201.0,340.010997
GOOGL,2026-08-27 15:10:00+00:00,340.265,340.79,340.255,340.73,7398.0,174.0,340.537656
GOOGL,2026-08-27 15:15:00+00:00,340.685,341.41,340.49,341.19,12663.0,253.0,340.790347
GOOGL,2026-08-27 15:20:00+00:00,341.18,341.31,340.77,341.075,4339.0,113.0,340.999349
GOOGL,2026-08-27 15:25:00+00:00,340.995,341.23,340.615,340.62,3324.0,119.0,340.94861
GOOGL,2026-08-27 15:30:00+00:00,340.58,340.75,340.27,340.48,4043.0,104.0,340.494072
GOOGL,2026-08-27 15:35:00+00:00,340.46,340.88,340.46,340.805,4970.0,125.0,340.661555
GOOGL,2026-08-27 15:40:00+00:00,340.82,340.98,340.515,340.57,2808.0,91.0,340.761994
GOOGL,2026-08-27 15:45:00+00:00,340.55,340.73,340.18,340.21,17883.0,255.0,340.495994
GOOGL,2026-08-27 15:50:00+00:00,340.275,340.78,340.275,340.78,11563.0,180.0,340.466382
GOOGL,2026-08-27 15:55:00+00:00,340.74,340.93,340.55,340.63,6719.0,153.0,340.753568
GOOGL,2026-08-27 16:00:00+00:00,340.55,340.73,340.26,340.73,4971.0,109.0,340.507764
GOOGL,2026-08-27 16:05:00+00:00,340.725,340.76,340.545,340.6,6374.0,141.0,340.677518
GOOGL,2026-08-27 16:10:00+00:00,340.69,341.145,340.69,341.135,10646.0,215.0,340.8805
GOOGL,2026-08-27 16:15:00+00:00,341.105,341.24,340.91,341.235,7797.0,172.0,341.073245
GOOGL,2026-08-27 16:20:00+00:00,341.225,341.225,340.875,341.065,6351.0,135.0,341.000958
GOOGL,2026-08-27 16:25:00+00:00,341.065,341.31,341.055,341.26,7632.0,164.0,341.199568
GOOGL,2026-08-27 16:30:00+00:00,341.3,341.69,341.3,341.46,11449.0,251.0,341.497193
GOOGL,2026-08-27 16:35:00+00:00,341.46,341.49,341.335,341.4,7548.0,197.0,341.402029
GOOGL,2026-08-27 16:40:00+00:00,341.41,341.54,341.19,341.45,9527.0,218.0,341.33526
GOOGL,2026-08-27 16:45:00+00:00,341.53,341.575,341.02,341.15,6857.0,160.0,341.321859
GOOGL,2026-08-27 16:50:00+00:00,341.23,341.25,340.58,340.875,10824.0,167.0,340.788673
GOOGL,2026-08-27 16:55:00+00:00,341.075,341.075,340.63,340.875,1869.0,79.0,340.767144
GOOGL,2026-08-27 17:00:00+00:00,340.775,341.285,340.68,341.245,3309.0,117.0,340.995804
GOOGL,2026-08-27 17:05:00+00:00,341.235,341.305,340.82,341.28,5049.0,152.0,341.064435
GOOGL,2026-08-27 17:10:00+00:00,341.295,341.565,341.085,341.565,5052.0,136.0,341.369689
GOOGL,2026-08-27 17:15:00+00:00,341.53,341.59,340.915,340.915,2780.0,88.0,341.250703
GOOGL,2026-08-27 17:20:00+00:00,340.92,341.165,340.85,341.165,7150.0,165.0,340.97292
GOOGL,2026-08-27 17:25:00+00:00,341.19,341.235,340.975,341.04,2437.0,87.0,341.145255
GOOGL,2026-08-27 17:30:00+00:00,341.04,341.29,341.02,341.2,4690.0,111.0,341.178255
GOOGL,2026-08-27 17:35:00+00:00,341.12,341.48,341.12,341.395,2489.0,94.0,341.321162
GOOGL,2026-08-27 17:40:00+00:00,341.345,341.565,341.285,341.285,6390.0,172.0,341.450514
GOOGL,2026-08-27 17:45:00+00:00,341.36,341.39,340.885,340.89,3263.0,94.0,341.153178
GOOGL,2026-08-27 17:50:00+00:00,340.94,341.01,340.485,340.86,5358.0,147.0,340.692739
GOOGL,2026-08-27 17:55:00+00:00,340.85,340.93,340.595,340.795,3459.0,107.0,340.845449
GOOGL,2026-08-27 18:00:00+00:00,340.86,341.345,340.86,341.07,4829.0,142.0,341.154836
GOOGL,2026-08-27 18:05:00+00:00,341.145,341.215,340.79,340.85,2561.0,161.0,340.993245
GOOGL,2026-08-27 18:10:00+00:00,340.855,340.92,340.47,340.53,2533.0,106.0,340.77379
GOOGL,2026-08-27 18:15:00+00:00,340.505,340.69,340.33,340.69,6840.0,148.0,340.540136
GOOGL,2026-08-27 18:20:00+00:00,340.66,340.98,340.66,340.795,5376.0,134.0,340.859137
GOOGL,2026-08-27 18:25:00+00:00,340.79,340.79,340.415,340.5,6795.0,140.0,340.603535
GOOGL,2026-08-27 18:30:00+00:00,340.53,340.96,340.53,340.68,3761.0,104.0,340.722803
GOOGL,2026-08-27 18:35:00+00:00,340.77,340.84,340.645,340.73,4600.0,119.0,340.769214
GOOGL,2026-08-27 18:40:00+00:00,340.715,340.755,340.54,340.605,3868.0,102.0,340.640516
GOOGL,2026-08-27 18:45:00+00:00,340.59,340.95,340.545,340.68,3371.0,101.0,340.746809
GOOGL,2026-08-27 18:50:00+00:00,340.7,340.9,340.62,340.77,3084.0,89.0,340.743568
GOOGL,2026-08-27 18:55:00+00:00,340.78,340.98,340.715,340.715,6854.0,162.0,340.868136
GOOGL,2026-08-27 19:00:00+00:00,340.88,340.88,340.675,340.78,2375.0,94.0,340.770177
GOOGL,2026-08-27 19:05:00+00:00,340.87,341.06,340.59,340.87,5946.0,174.0,340.830497
GOOGL,2026-08-27 19:10:00+00:00,340.87,340.88,340.59,340.77,5749.0,144.0,340.749835
GOOGL,2026-08-27 19:15:00+00:00,340.82,340.83,340.54,340.715,5813.0,130.0,340.735215
GOOGL,2026-08-27 19:20:00+00:00,340.72,340.76,340.405,340.76,9226.0,181.0,340.630008
GOOGL,2026-08-27 19:25:00+00:00,340.76,340.76,340.395,340.535,5143.0,155.0,340.547611
GOOGL,2026-08-27 19:30:00+00:00,340.55,340.76,340.5,340.585,12197.0,253.0,340.6343
GOOGL,2026-08-27 19:35:00+00:00,340.63,340.765,340.34,340.34,11901.0,249.0,340.58958
GOOGL,2026-08-27 19:40:00+00:00,340.35,340.815,340.295,340.695,13594.0,295.0,340.569003
GOOGL,2026-08-27 19:45:00+00:00,340.6,341.11,340.6,341.11,15493.0,270.0,340.86499
GOOGL,2026-08-27 19:50:00+00:00,341.04,341.06,340.79,340.88,28325.0,459.0,340.922002
GOOGL,2026-08-27 19:55:00+00:00,340.785,340.785,340.25,340.59,62790.0,1170.0,340.497352
GOOGL,2026-08-28 13:30:00+00:00,340.845,343.03,340.77,343.005,18042.0,245.0,342.378362
GOOGL,2026-08-28 13:35:00+00:00,343.135,343.195,341.8,342.28,12781.0,186.0,342.54055
GOOGL,2026-08-28 13:40:00+00:00,342.125,343.145,342.015,343.09,15230.0,192.0,342.654873
GOOGL,2026-08-28 13:45:00+00:00,343.0,343.34,342.74,343.09,16216.0,242.0,343.071315
GOOGL,2026-08-28 13:50:00+00:00,343.08,344.0,342.93,343.25,17120.0,277.0,343.429704
GOOGL,2026-08-28 13:55:00+00:00,343.23,344.095,343.22,343.78,17689.0,272.0,343.718494
GOOGL,2026-08-28 14:00:00+00:00,343.71,344.78,342.855,342.98,33894.0,495.0,344.214778
GOOGL,2026-08-28 14:05:00+00:00,342.89,344.05,342.825,344.05,24577.0,256.0,343.376658
GOOGL,2026-08-28 14:10:00+00:00,344.0,344.205,343.25,343.3,15460.0,232.0,343.774358
GOOGL,2026-08-28 14:15:00+00:00,343.46,343.52,342.955,343.36,9355.0,216.0,343.250034
GOOGL,2026-08-28 14:20:00+00:00,343.295,344.2,343.295,343.575,9923.0,218.0,343.734415
GOOGL,2026-08-28 14:25:00+00:00,343.51,343.935,343.215,343.9,12209.0,129.0,343.479437
GOOGL,2026-08-28 14:30:00+00:00,344.0,344.15,343.46,343.875,20762.0,177.0,343.804586
GOOGL,2026-08-28 14:35:00+00:00,343.76,344.31,343.64,344.27,14273.0,169.0,343.966645
GOOGL,2026-08-28 14:40:00+00:00,344.39,345.86,344.36,345.86,23609.0,213.0,345.145634
GOOGL,2026-08-28 14:45:00+00:00,345.97,347.13,345.575,347.09,29909.0,348.0,346.381966
GOOGL,2026-08-28 14:50:00+00:00,347.11,348.07,346.89,347.32,45707.0,441.0,347.651844
GOOGL,2026-08-28 14:55:00+00:00,347.385,347.82,346.695,347.37,24905.0,400.0,347.402275
GOOGL,2026-08-28 15:00:00+00:00,347.32,349.01,347.27,348.88,32568.0,528.0,348.438134
GOOGL,2026-08-28 15:05:00+00:00,348.905,349.09,348.09,348.34,21929.0,521.0,348.663668
GOOGL,2026-08-28 15:10:00+00:00,348.34,348.58,347.18,347.38,15291.0,393.0,347.833559
GOOGL,2026-08-28 15:15:00+00:00,347.39,348.165,346.91,347.095,27846.0,456.0,347.726974
GOOGL,2026-08-28 15:20:00+00:00,347.13,347.76,346.96,347.705,9168.0,199.0,347.310218
GOOGL,2026-08-28 15:25:00+00:00,347.725,348.64,347.675,348.63,10002.0,214.0,347.965892
GOOGL,2026-08-28 15:30:00+00:00,348.68,348.73,348.19,348.705,11048.0,235.0,348.549273
GOOGL,2026-08-28 15:35:00+00:00,348.75,348.83,347.8,347.85,6089.0,150.0,348.500009
GOOGL,2026-08-28 15:40:00+00:00,347.96,347.97,347.255,347.36,10364.0,235.0,347.551374
GOOGL,2026-08-28 15:45:00+00:00,347.475,348.275,347.47,347.78,15546.0,295.0,347.953767
GOOGL,2026-08-28 15:50:00+00:00,347.875,348.1,347.185,347.58,10411.0,215.0,347.683321
GOOGL,2026-08-28 15:55:00+00:00,347.66,347.67,346.52,346.835,11451.0,253.0,347.210804
GOOGL,2026-08-28 16:00:00+00:00,346.83,346.87,346.235,346.355,11013.0,286.0,346.547949
GOOGL,2026-08-28 16:05:00+00:00,346.345,347.185,346.13,346.82,8024.0,218.0,346.601467
GOOGL,2026-08-28 16:10:00+00:00,346.76,347.54,346.76,347.53,7331.0,186.0,347.112222
GOOGL,2026-08-28 16:15:00+00:00,347.63,347.65,346.46,346.5,11600.0,222.0,347.109762
GOOGL,2026-08-28 16:20:00+00:00,346.555,346.74,345.58,345.85,5830.0,160.0,346.175329
GOOGL,2026-08-28 16:25:00+00:00,345.84,346.5,345.84,346.49,14251.0,253.0,346.192712
GOOGL,2026-08-28 16:30:00+00:00,346.42,347.1,346.41,346.41,9881.0,150.0,346.717877
GOOGL,2026-08-28 16:35:00+00:00,346.385,346.68,346.32,346.59,7873.0,164.0,346.46621
GOOGL,2026-08-28 16:40:00+00:00,346.615,346.615,345.97,346.06,5505.0,129.0,346.291198
GOOGL,2026-08-28 16:45:00+00:00,346.1,346.52,346.08,346.08,5914.0,108.0,346.248075
GOOGL,2026-08-28 16:50:00+00:00,346.05,346.08,345.65,345.785,4123.0,116.0,345.943178
GOOGL,2026-08-28 16:55:00+00:00,345.8,345.89,345.445,345.445,5273.0,143.0,345.672219
GOOGL,2026-08-28 17:00:00+00:00,345.45,346.085,345.05,345.94,6136.0,132.0,345.600987
GOOGL,2026-08-28 17:05:00+00:00,345.765,345.92,345.65,345.67,4337.0,101.0,345.803658
GOOGL,2026-08-28 17:10:00+00:00,345.52,346.025,345.435,345.94,6210.0,136.0,345.650333
GOOGL,2026-08-28 17:15:00+00:00,346.05,346.35,345.95,346.31,5408.0,136.0,346.117994
GOOGL,2026-08-28 17:20:00+00:00,346.245,346.295,345.97,346.04,3653.0,105.0,346.112525
GOOGL,2026-08-28 17:25:00+00:00,346.03,346.575,346.005,346.48,3956.0,97.0,346.265538
GOOGL,2026-08-28 17:30:00+00:00,346.435,346.5,346.32,346.39,4380.0,104.0,346.42801
GOOGL,2026-08-28 17:35:00+00:00,346.29,346.44,345.75,345.75,3543.0,80.0,346.142162
GOOGL,2026-08-28 17:40:00+00:00,345.75,346.54,345.75,346.38,5185.0,113.0,346.171683
GOOGL,2026-08-28 17:45:00+00:00,346.305,346.67,346.24,346.585,4620.0,108.0,346.455164
GOOGL,2026-08-28 17:50:00+00:00,346.565,346.59,346.4,346.425,2179.0,84.0,346.50336
GOOGL,2026-08-28 17:55:00+00:00,346.45,346.78,346.295,346.65,5760.0,131.0,346.632848
GOOGL,2026-08-28 18:00:00+00:00,346.71,347.07,346.525,346.85,4132.0,108.0,346.839767
GOOGL,2026-08-28 18:05:00+00:00,346.85,346.955,346.84,346.89,2868.0,82.0,346.902209
GOOGL,2026-08-28 18:10:00+00:00,346.945,347.11,346.77,346.82,3730.0,95.0,346.979963
GOOGL,2026-08-28 18:15:00+00:00,346.805,346.95,346.605,346.865,5966.0,101.0,346.863406
GOOGL,2026-08-28 18:20:00+00:00,346.89,347.0,346.525,346.535,3151.0,73.0,346.844228
GOOGL,2026-08-28 18:25:00+00:00,346.43,346.43,346.165,346.18,3512.0,85.0,346.320492
GOOGL,2026-08-28 18:30:00+00:00,346.165,346.59,346.165,346.45,11016.0,180.0,346.461857
GOOGL,2026-08-28 18:35:00+00:00,346.42,346.47,346.29,346.32,2387.0,49.0,346.389697
GOOGL,2026-08-28 18:40:00+00:00,346.35,346.93,346.35,346.93,3660.0,73.0,346.567305
GOOGL,2026-08-28 18:45:00+00:00,346.9,347.05,346.58,346.63,5919.0,105.0,346.901219
GOOGL,2026-08-28 18:50:00+00:00,346.7,346.93,346.46,346.93,8663.0,150.0,346.651589
GOOGL,2026-08-28 18:55:00+00:00,346.895,347.125,346.82,346.93,4491.0,92.0,346.952841
GOOGL,2026-08-28 19:00:00+00:00,347.005,347.305,346.88,347.305,6187.0,121.0,347.095051
GOOGL,2026-08-28 19:05:00+00:00,347.33,347.99,347.33,347.965,9182.0,108.0,347.63855
GOOGL,2026-08-28 19:10:00+00:00,347.955,348.08,347.5,347.6,7878.0,114.0,347.898147
GOOGL,2026-08-28 19:15:00+00:00,347.685,347.685,347.33,347.42,2353.0,63.0,347.466326
GOOGL,2026-08-28 19:20:00+00:00,347.38,347.71,347.38,347.53,6312.0,131.0,347.51088
GOOGL,2026-08-28 19:25:00+00:00,347.575,347.85,347.56,347.67,7895.0,112.0,347.648203
GOOGL,2026-08-28 19:30:00+00:00,347.675,347.745,347.48,347.6,11522.0,157.0,347.642836
GOOGL,2026-08-28 19:35:00+00:00,347.58,347.67,347.14,347.305,6726.0,173.0,347.405028
GOOGL,2026-08-28 19:40:00+00:00,347.41,347.865,347.38,347.73,15604.0,320.0,347.537924
GOOGL,2026-08-28 19:45:00+00:00,347.72,347.755,347.05,347.36,10019.0,233.0,347.394912
GOOGL,2026-08-28 19:50:00+00:00,347.44,347.535,347.12,347.465,26471.0,427.0,347.346755
GOOGL,2026-08-28 19:55:00+00:00,347.42,347.42,346.465,346.61,64670.0,1652.0,346.690001
GOOGL,2026-08-31 12:10:00+00:00,344.21,344.21,344.21,344.21,56.0,2.0,344.21
GOOGL,2026-08-31 13:25:00+00:00,345.21,345.21,345.21,345.21,160.0,2.0,345.21
GOOGL,2026-08-31 13:30:00+00:00,344.04,344.24,341.24,342.625,16611.0,333.0,342.560022
GOOGL,2026-08-31 13:35:00+00:00,342.66,343.0,341.21,341.77,15278.0,290.0,342.148728
GOOGL,2026-08-31 13:40:00+00:00,341.48,341.77,340.525,340.595,10097.0,229.0,341.140061
GOOGL,2026-08-31 13:45:00+00:00,340.6,340.9,340.23,340.87,10865.0,244.0,340.574669
GOOGL,2026-08-31 13:50:00+00:00,340.78,341.43,340.78,341.08,6022.0,137.0,341.20517
GOOGL,2026-08-31 13:55:00+00:00,340.965,341.295,340.34,340.37,3669.0,88.0,340.699442
GOOGL,2026-08-31 14:00:00+00:00,340.32,340.32,339.13,339.49,7328.0,271.0,339.803751
GOOGL,2026-08-31 14:05:00+00:00,339.405,339.465,338.64,338.64,5677.0,155.0,338.955008
GOOGL,2026-08-31 14:10:00+00:00,338.3,338.555,337.32,337.485,7225.0,218.0,338.014236
GOOGL,2026-08-31 14:15:00+00:00,337.565,338.42,337.51,338.35,10005.0,204.0,337.923924
GOOGL,2026-08-31 14:20:00+00:00,338.27,338.33,337.225,337.225,4754.0,132.0,337.85249
GOOGL,2026-08-31 14:25:00+00:00,337.165,337.62,337.165,337.545,7957.0,199.0,337.413547
GOOGL,2026-08-31 14:30:00+00:00,337.47,337.95,337.385,337.86,7660.0,183.0,337.620139
GOOGL,2026-08-31 14:35:00+00:00,337.78,338.28,337.7,338.265,5137.0,137.0,338.023798
GOOGL,2026-08-31 14:40:00+00:00,338.24,338.34,338.005,338.08,4876.0,110.0,338.210523
GOOGL,2026-08-31 14:45:00+00:00,338.065,338.105,337.53,337.55,4482.0,133.0,337.869073
GOOGL,2026-08-31 14:50:00+00:00,337.59,337.73,337.445,337.585,6116.0,130.0,337.559716
GOOGL,2026-08-31 14:55:00+00:00,337.57,338.16,337.57,338.055,7537.0,157.0,338.011147
GOOGL,2026-08-31 15:00:00+00:00,338.02,338.295,337.845,338.25,5737.0,197.0,338.062437
GOOGL,2026-08-31 15:05:00+00:00,338.28,338.825,338.28,338.46,4127.0,119.0,338.519524
GOOGL,2026-08-31 15:10:00+00:00,338.33,338.9,338.33,338.76,6743.0,136.0,338.719459
GOOGL,2026-08-31 15:15:00+00:00,338.75,339.0,338.64,338.68,3788.0,134.0,338.779315
GOOGL,2026-08-31 15:20:00+00:00,338.78,339.065,338.67,339.03,4476.0,125.0,338.80218
GOOGL,2026-08-31 15:25:00+00:00,339.05,339.08,338.5,338.57,3882.0,91.0,338.794725
GOOGL,2026-08-31 15:30:00+00:00,338.62,338.62,337.955,338.165,3293.0,119.0,338.179483
GOOGL,2026-08-31 15:35:00+00:00,338.13,338.505,338.13,338.47,5065.0,101.0,338.366782
GOOGL,2026-08-31 15:40:00+00:00,338.47,338.82,338.465,338.56,10821.0,127.0,338.631263
GOOGL,2026-08-31 15:45:00+00:00,338.56,338.665,338.355,338.41,12989.0,253.0,338.519112
GOOGL,2026-08-31 15:50:00+00:00,338.445,338.835,338.445,338.76,4529.0,128.0,338.693613
GOOGL,2026-08-31 15:55:00+00:00,338.73,338.79,338.11,338.145,4925.0,144.0,338.434331
GOOGL,2026-08-31 16:00:00+00:00,338.15,338.15,337.935,337.965,3988.0,113.0,338.050993
GOOGL,2026-08-31 16:05:00+00:00,337.9,338.25,337.87,338.17,5684.0,118.0,338.061659
GOOGL,2026-08-31 16:10:00+00:00,338.165,338.61,338.165,338.61,6421.0,148.0,338.444926
GOOGL,2026-08-31 16:15:00+00:00,338.57,338.605,338.06,338.2,6160.0,199.0,338.340124
GOOGL,2026-08-31 16:20:00+00:00,338.25,338.305,337.935,338.09,4956.0,113.0,338.155185
GOOGL,2026-08-31 16:25:00+00:00,338.0,338.435,337.985,338.285,6724.0,153.0,338.171529
GOOGL,2026-08-31 16:30:00+00:00,338.355,338.355,337.89,338.005,5245.0,120.0,338.088768
GOOGL,2026-08-31 16:35:00+00:00,337.99,338.26,337.91,338.0,20656.0,221.0,338.11864
GOOGL,2026-08-31 16:40:00+00:00,338.01,338.23,337.89,338.01,3826.0,124.0,338.043625
GOOGL,2026-08-31 16:45:00+00:00,337.925,338.215,337.89,338.195,4193.0,102.0,338.098835
GOOGL,2026-08-31 16:50:00+00:00,338.19,338.46,338.19,338.385,3300.0,107.0,338.349477
GOOGL,2026-08-31 16:55:00+00:00,338.33,338.635,338.33,338.43,5284.0,151.0,338.499214
GOOGL,2026-08-31 17:00:00+00:00,338.46,338.47,338.32,338.47,4693.0,173.0,338.388089
GOOGL,2026-08-31 17:05:00+00:00,338.59,338.625,338.16,338.245,6089.0,160.0,338.362273
GOOGL,2026-08-31 17:10:00+00:00,338.26,338.795,338.25,338.76,4426.0,135.0,338.477889
GOOGL,2026-08-31 17:15:00+00:00,338.725,338.91,338.6,338.65,4921.0,162.0,338.781781
GOOGL,2026-08-31 17:20:00+00:00,338.615,338.64,338.43,338.63,6000.0,157.0,338.538898
GOOGL,2026-08-31 17:25:00+00:00,338.525,338.525,338.35,338.37,4509.0,124.0,338.41883
GOOGL,2026-08-31 17:30:00+00:00,338.345,338.35,338.2,338.2,2427.0,76.0,338.290089
GOOGL,2026-08-31 17:35:00+00:00,338.23,338.43,338.18,338.33,3261.0,97.0,338.281793
GOOGL,2026-08-31 17:40:00+00:00,338.29,338.74,338.275,338.71,4184.0,117.0,338.557391
GOOGL,2026-08-31 17:45:00+00:00,338.67,338.8,338.58,338.58,3681.0,132.0,338.667839
GOOGL,2026-08-31 17:50:00+00:00,338.55,338.9,338.55,338.61,3847.0,117.0,338.693985
GOOGL,2026-08-31 17:55:00+00:00,338.57,338.57,338.38,338.38,3572.0,102.0,338.477263
GOOGL,2026-08-31 18:00:00+00:00,338.23,338.56,338.06,338.56,5184.0,140.0,338.273043
GOOGL,2026-08-31 18:05:00+00:00,338.535,338.705,338.435,338.49,3243.0,90.0,338.561002
GOOGL,2026-08-31 18:10:00+00:00,338.465,338.58,338.33,338.48,3323.0,93.0,338.455624
GOOGL,2026-08-31 18:15:00+00:00,338.51,338.74,338.51,338.61,3178.0,101.0,338.620099
GOOGL,2026-08-31 18:20:00+00:00,338.62,338.63,338.445,338.51,2189.0,68.0,338.555197
GOOGL,2026-08-31 18:25:00+00:00,338.42,338.445,338.035,338.035,9573.0,148.0,338.214773
GOOGL,2026-08-31 18:30:00+00:00,338.085,338.16,337.96,338.09,13028.0,249.0,338.032891
GOOGL,2026-08-31 18:35:00+00:00,338.11,338.14,337.8,337.93,4451.0,138.0,337.967966
GOOGL,2026-08-31 18:40:00+00:00,337.88,337.97,337.765,337.945,3106.0,103.0,337.884991
GOOGL,2026-08-31 18:45:00+00:00,338.0,338.2,337.97,338.19,4891.0,149.0,338.060853
GOOGL,2026-08-31 18:50:00+00:00,338.15,338.405,338.055,338.26,2544.0,95.0,338.270971
GOOGL,2026-08-31 18:55:00+00:00,338.21,338.4,338.16,338.245,3049.0,106.0,338.295078
GOOGL,2026-08-31 19:00:00+00:00,338.205,338.27,338.115,338.2,7458.0,154.0,338.197116
GOOGL,2026-08-31 19:05:00+00:00,338.23,338.86,338.22,338.85,4834.0,108.0,338.522102
GOOGL,2026-08-31 19:10:00+00:00,338.88,338.95,338.67,338.8,4216.0,101.0,338.798912
GOOGL,2026-08-31 19:15:00+00:00,338.815,338.815,338.425,338.46,3934.0,112.0,338.615134
GOOGL,2026-08-31 19:20:00+00:00,338.47,338.615,338.33,338.5,5895.0,186.0,338.418266
GOOGL,2026-08-31 19:25:00+00:00,338.46,338.63,338.46,338.63,4915.0,144.0,338.550818
GOOGL,2026-08-31 19:30:00+00:00,338.525,338.76,338.355,338.75,6492.0,190.0,338.546895
GOOGL,2026-08-31 19:35:00+00:00,338.735,338.85,338.63,338.67,9634.0,221.0,338.718588
GOOGL,2026-08-31 19:40:00+00:00,338.68,339.165,338.65,339.0,17100.0,386.0,338.980645
GOOGL,2026-08-31 19:45:00+00:00,338.98,339.13,338.8,338.9,21090.0,481.0,338.950004
GOOGL,2026-08-31 19:50:00+00:00,338.91,341.39,338.91,339.95,72611.0,1230.0,340.056247
GOOGL,2026-08-31 19:55:00+00:00,339.965,340.12,339.17,339.17,57572.0,1488.0,339.575868
GOOGL,2026-09-01 12:25:00+00:00,336.15,336.15,336.15,336.15,51.0,1.0,336.15
GOOGL,2026-09-01 13:30:00+00:00,335.855,335.855,333.11,334.31,40500.0,985.0,334.10282
GOOGL,2026-09-01 13:35:00+00:00,334.41,335.49,334.41,334.88,25178.0,541.0,335.131028
GOOGL,2026-09-01 13:40:00+00:00,334.825,336.23,334.6,336.0,24336.0,488.0,335.421256
GOOGL,2026-09-01 13:45:00+00:00,335.905,336.87,335.85,336.765,20010.0,483.0,336.456926
GOOGL,2026-09-01 13:50:00+00:00,336.755,337.04,336.6,336.65,32171.0,600.0,336.835798
GOOGL,2026-09-01 13:55:00+00:00,336.545,336.74,336.12,336.34,26185.0,508.0,336.474787
GOOGL,2026-09-01 14:00:00+00:00,336.4,336.42,335.65,335.94,13843.0,363.0,336.02574
GOOGL,2026-09-01 14:05:00+00:00,335.975,336.31,335.925,336.31,13305.0,316.0,336.094159
GOOGL,2026-09-01 14:10:00+00:00,336.285,336.8,336.285,336.485,10889.0,283.0,336.466866
GOOGL,2026-09-01 14:15:00+00:00,336.535,337.0,336.49,336.81,9158.0,216.0,336.788055
GOOGL,2026-09-01 14:20:00+00:00,336.795,337.175,336.525,336.56,7488.0,217.0,336.836407
GOOGL,2026-09-01 14:25:00+00:00,336.58,336.85,336.38,336.6,9601.0,296.0,336.584714
GOOGL,2026-09-01 14:30:00+00:00,336.64,336.94,336.555,336.94,7959.0,286.0,336.756031
GOOGL,2026-09-01 14:35:00+00:00,336.77,336.77,336.475,336.67,6658.0,163.0,336.638682
GOOGL,2026-09-01 14:40:00+00:00,336.76,337.12,336.38,336.385,5291.0,163.0,336.761513
GOOGL,2026-09-01 14:45:00+00:00,336.35,336.57,336.245,336.36,7411.0,201.0,336.423265
GOOGL,2026-09-01 14:50:00+00:00,336.37,336.7,335.94,336.025,5891.0,179.0,336.377147
GOOGL,2026-09-01 14:55:00+00:00,336.025,336.365,335.825,336.365,6540.0,206.0,336.096948
GOOGL,2026-09-01 15:00:00+00:00,336.335,336.76,335.73,335.73,5237.0,158.0,336.203562
GOOGL,2026-09-01 15:05:00+00:00,335.66,336.07,335.645,336.07,5040.0,121.0,335.876604
GOOGL,2026-09-01 15:10:00+00:00,336.12,336.52,336.12,336.19,6731.0,190.0,336.311878
GOOGL,2026-09-01 15:15:00+00:00,336.18,336.61,336.06,336.44,6472.0,168.0,336.36727
GOOGL,2026-09-01 15:20:00+00:00,336.39,336.44,335.975,336.19,3501.0,113.0,336.150143
GOOGL,2026-09-01 15:25:00+00:00,336.175,336.26,335.955,336.255,6199.0,166.0,336.111346
GOOGL,2026-09-01 15:30:00+00:00,336.215,336.23,335.865,335.94,7519.0,174.0,336.028853
GOOGL,2026-09-01 15:35:00+00:00,335.875,336.33,335.875,336.24,3637.0,137.0,336.14205
GOOGL,2026-09-01 15:40:00+00:00,336.32,336.445,335.83,335.91,4002.0,139.0,336.143509
GOOGL,2026-09-01 15:45:00+00:00,335.855,336.26,335.85,336.245,6264.0,170.0,336.043934
GOOGL,2026-09-01 15:50:00+00:00,336.115,336.2,335.85,336.175,5487.0,163.0,336.076583
GOOGL,2026-09-01 15:55:00+00:00,336.42,336.43,336.0,336.205,6521.0,181.0,336.193419
GOOGL,2026-09-01 16:00:00+00:00,336.23,336.41,336.1,336.41,6293.0,162.0,336.230058
GOOGL,2026-09-01 16:05:00+00:00,336.39,336.54,336.12,336.14,3845.0,149.0,336.336009
GOOGL,2026-09-01 16:10:00+00:00,336.04,336.13,335.61,335.645,6259.0,197.0,335.898425
GOOGL,2026-09-01 16:15:00+00:00,335.59,335.61,335.15,335.155,6824.0,206.0,335.421995
GOOGL,2026-09-01 16:20:00+00:00,335.185,335.69,335.125,335.69,8064.0,207.0,335.45344
GOOGL,2026-09-01 16:25:00+00:00,335.54,335.595,335.16,335.375,6421.0,164.0,335.358195
GOOGL,2026-09-01 16:30:00+00:00,335.41,335.62,335.32,335.49,5319.0,145.0,335.435985
GOOGL,2026-09-01 16:35:00+00:00,335.53,335.665,335.37,335.605,4145.0,173.0,335.561962
GOOGL,2026-09-01 16:40:00+00:00,335.6,335.6,335.27,335.35,2261.0,93.0,335.433644
GOOGL,2026-09-01 16:45:00+00:00,335.34,335.38,335.28,335.34,2094.0,84.0,335.335255
GOOGL,2026-09-01 16:50:00+00:00,335.28,335.55,335.25,335.55,5538.0,143.0,335.375469
GOOGL,2026-09-01 16:55:00+00:00,335.585,335.63,335.34,335.34,4290.0,133.0,335.494972
GOOGL,2026-09-01 17:00:00+00:00,335.27,335.42,335.11,335.29,3027.0,121.0,335.213026
GOOGL,2026-09-01 17:05:00+00:00,335.395,335.52,335.315,335.435,3345.0,120.0,335.426855
GOOGL,2026-09-01 17:10:00+00:00,335.435,335.635,335.435,335.535,2491.0,109.0,335.535231
GOOGL,2026-09-01 17:15:00+00:00,335.53,335.56,335.225,335.375,3461.0,128.0,335.373068
GOOGL,2026-09-01 17:20:00+00:00,335.39,335.49,335.255,335.445,3910.0,112.0,335.365504
GOOGL,2026-09-01 17:25:00+00:00,335.355,335.355,334.96,335.14,5065.0,150.0,335.110988
GOOGL,2026-09-01 17:30:00+00:00,335.25,335.36,335.125,335.305,2886.0,97.0,335.255268
GOOGL,2026-09-01 17:35:00+00:00,335.38,335.61,335.37,335.37,2506.0,94.0,335.490971
GOOGL,2026-09-01 17:40:00+00:00,335.48,335.515,335.27,335.3,2599.0,91.0,335.397441
GOOGL,2026-09-01 17:45:00+00:00,335.28,335.28,334.825,334.835,2859.0,94.0,335.021076
GOOGL,2026-09-01 17:50:00+00:00,334.84,334.95,334.585,334.7,7737.0,231.0,334.778263
GOOGL,2026-09-01 17:55:00+00:00,334.685,335.16,334.63,335.07,6235.0,198.0,334.87165
GOOGL,2026-09-01 18:00:00+00:00,335.05,335.11,334.65,334.87,10385.0,210.0,334.963334
GOOGL,2026-09-01 18:05:00+00:00,334.9,334.91,334.42,334.46,6011.0,198.0,334.73281
GOOGL,2026-09-01 18:10:00+00:00,334.53,334.68,334.43,334.55,5175.0,162.0,334.535777
GOOGL,2026-09-01 18:15:00+00:00,334.53,334.77,334.42,334.72,5349.0,150.0,334.626355
GOOGL,2026-09-01 18:20:00+00:00,334.745,334.81,334.58,334.74,7059.0,190.0,334.693721
GOOGL,2026-09-01 18:25:00+00:00,334.575,334.705,334.22,334.25,5527.0,206.0,334.444018
GOOGL,2026-09-01 18:30:00+00:00,334.29,334.33,333.86,333.95,6802.0,249.0,334.037068
GOOGL,2026-09-01 18:35:00+00:00,333.9,334.1,333.785,333.85,7560.0,252.0,333.924322
GOOGL,2026-09-01 18:40:00+00:00,333.9,334.0,333.51,333.51,4931.0,181.0,333.824588
GOOGL,2026-09-01 18:45:00+00:00,333.54,333.795,333.49,333.715,5300.0,170.0,333.624122
GOOGL,2026-09-01 18:50:00+00:00,333.69,333.93,333.655,333.855,6544.0,184.0,333.795952
GOOGL,2026-09-01 18:55:00+00:00,333.87,334.275,333.86,334.19,5440.0,200.0,334.091142
GOOGL,2026-09-01 19:00:00+00:00,334.08,334.67,334.06,334.63,6997.0,164.0,334.405533
GOOGL,2026-09-01 19:05:00+00:00,334.62,334.66,334.48,334.56,4692.0,143.0,334.561531
GOOGL,2026-09-01 19:10:00+00:00,334.525,334.67,334.48,334.61,6779.0,254.0,334.575746
GOOGL,2026-09-01 19:15:00+00:00,334.65,334.73,334.55,334.605,6633.0,254.0,334.624349
GOOGL,2026-09-01 19:20:00+00:00,334.63,334.69,334.515,334.515,4252.0,159.0,334.605627
GOOGL,2026-09-01 19:25:00+00:00,334.55,334.55,334.33,334.41,5927.0,175.0,334.438939
GOOGL,2026-09-01 19:30:00+00:00,334.4,334.43,334.04,334.18,9284.0,270.0,334.204441
GOOGL,2026-09-01 19:35:00+00:00,334.16,334.16,333.945,334.095,9247.0,281.0,334.042741
GOOGL,2026-09-01 19:40:00+00:00,334.11,334.325,334.04,334.27,8175.0,296.0,334.174781
GOOGL,2026-09-01 19:45:00+00:00,334.27,334.33,334.2,334.205,7013.0,240.0,334.254816
GOOGL,2026-09-01 19:50:00+00:00,334.16,334.885,334.14,334.85,17963.0,468.0,334.458402
GOOGL,2026-09-01 19:55:00+00:00,334.85,335.09,334.48,334.995,44003.0,1193.0,334.7733
GOOGL,2026-09-02 13:20:00+00:00,333.94,334.09,333.94,334.09,125.0,4.0,334.0
GOOGL,2026-09-02 13:30:00+00:00,333.725,334.69,332.97,334.68,23279.0,601.0,333.800117
GOOGL,2026-09-02 13:35:00+00:00,334.73,335.58,334.515,334.895,24559.0,503.0,334.994793
GOOGL,2026-09-02 13:40:00+00:00,335.095,335.095,334.45,334.775,15769.0,398.0,334.802069
GOOGL,2026-09-02 13:45:00+00:00,334.61,335.05,334.02,335.035,16262.0,332.0,334.599052
GOOGL,2026-09-02 13:50:00+00:00,335.07,336.365,335.05,336.2,18196.0,352.0,335.585442
GOOGL,2026-09-02 13:55:00+00:00,336.25,336.95,336.055,336.54,11252.0,272.0,336.523458
GOOGL,2026-09-02 14:00:00+00:00,336.54,337.06,336.015,337.02,11415.0,188.0,336.712452
GOOGL,2026-09-02 14:05:00+00:00,337.04,337.8,336.95,337.41,14195.0,342.0,337.347573
GOOGL,2026-09-02 14:10:00+00:00,337.33,339.645,337.16,339.37,28582.0,559.0,338.394661
GOOGL,2026-09-02 14:15:00+00:00,339.48,339.73,338.32,339.15,21912.0,528.0,339.049184
GOOGL,2026-09-02 14:20:00+00:00,339.04,339.395,338.525,339.135,16486.0,425.0,338.980241
GOOGL,2026-09-02 14:25:00+00:00,339.1,339.16,338.54,338.64,9236.0,247.0,338.857112
GOOGL,2026-09-02 14:30:00+00:00,338.59,338.59,338.275,338.41,13401.0,303.0,338.407417
GOOGL,2026-09-02 14:35:00+00:00,338.345,338.645,337.41,337.67,11229.0,300.0,338.078138
GOOGL,2026-09-02 14:40:00+00:00,337.72,337.9,337.47,337.78,7487.0,144.0,337.741664
GOOGL,2026-09-02 14:45:00+00:00,337.8,337.8,337.0,337.045,6032.0,167.0,337.341825
GOOGL,2026-09-02 14:50:00+00:00,337.23,337.23,336.52,336.52,5517.0,148.0,336.801298
GOOGL,2026-09-02 14:55:00+00:00,336.61,337.26,336.6,336.87,5123.0,143.0,336.916114
GOOGL,2026-09-02 15:00:00+00:00,336.815,336.88,336.01,336.12,8164.0,197.0,336.214714
GOOGL,2026-09-02 15:05:00+00:00,336.07,336.655,335.855,335.885,5644.0,127.0,336.119329
GOOGL,2026-09-02 15:10:00+00:00,335.95,336.51,335.84,336.475,2589.0,78.0,336.212792
GOOGL,2026-09-02 15:15:00+00:00,336.52,337.42,336.285,337.37,6169.0,146.0,336.903516
GOOGL,2026-09-02 15:20:00+00:00,337.32,337.33,336.89,336.97,6459.0,158.0,337.138695
GOOGL,2026-09-02 15:25:00+00:00,336.91,337.59,336.835,337.495,6425.0,140.0,337.301103
GOOGL,2026-09-02 15:30:00+00:00,337.5,337.59,337.295,337.405,4278.0,107.0,337.415438
GOOGL,2026-09-02 15:35:00+00:00,337.36,337.38,336.92,337.015,3887.0,95.0,337.169057
GOOGL,2026-09-02 15:40:00+00:00,337.03,337.18,336.585,336.75,5529.0,130.0,336.840962
GOOGL,2026-09-02 15:45:00+00:00,336.76,336.93,336.305,336.66,4739.0,126.0,336.571128
GOOGL,2026-09-02 15:50:00+00:00,336.79,337.58,336.73,337.5,7673.0,135.0,337.304084
GOOGL,2026-09-02 15:55:00+00:00,337.595,338.53,337.52,338.46,9592.0,202.0,338.028162
GOOGL,2026-09-02 16:00:00+00:00,338.425,339.12,338.345,338.78,19444.0,303.0,338.87342
GOOGL,2026-09-02 16:05:00+00:00,338.875,338.875,338.01,338.26,7551.0,210.0,338.322275
GOOGL,2026-09-02 16:10:00+00:00,338.34,338.635,338.265,338.595,6378.0,167.0,338.409802
GOOGL,2026-09-02 16:15:00+00:00,338.59,338.655,338.15,338.43,7179.0,165.0,338.40878
GOOGL,2026-09-02 16:20:00+00:00,338.465,338.48,337.455,337.455,6627.0,162.0,338.123436
GOOGL,2026-09-02 16:25:00+00:00,337.45,337.76,337.45,337.695,5169.0,116.0,337.590927
GOOGL,2026-09-02 16:30:00+00:00,337.755,338.075,337.645,337.95,7088.0,150.0,337.85428
GOOGL,2026-09-02 16:35:00+00:00,337.95,338.12,337.8,337.92,6572.0,136.0,337.975847
GOOGL,2026-09-02 16:40:00+00:00,337.86,337.96,337.635,337.635,1956.0,61.0,337.803002
GOOGL,2026-09-02 16:45:00+00:00,337.715,337.845,337.7,337.765,2763.0,67.0,337.779174
GOOGL,2026-09-02 16:50:00+00:00,337.805,338.59,337.79,338.58,4416.0,96.0,338.230564
GOOGL,2026-09-02 16:55:00+00:00,338.56,338.57,338.0,338.0,4064.0,128.0,338.285689
GOOGL,2026-09-02 17:00:00+00:00,338.065,338.56,338.03,338.435,10000.0,192.0,338.330311
GOOGL,2026-09-02 17:05:00+00:00,338.44,338.82,338.165,338.22,4637.0,114.0,338.507546
GOOGL,2026-09-02 17:10:00+00:00,338.19,338.415,338.135,338.375,5416.0,109.0,338.300407
GOOGL,2026-09-02 17:15:00+00:00,338.33,338.52,338.32,338.33,4394.0,122.0,338.43128
GOOGL,2026-09-02 17:20:00+00:00,338.31,338.385,338.1,338.38,3992.0,110.0,338.235191
GOOGL,2026-09-02 17:25:00+00:00,338.3,338.395,338.165,338.225,4057.0,84.0,338.29428
GOOGL,2026-09-02 17:30:00+00:00,338.275,338.32,337.65,337.65,3597.0,110.0,338.027883
GOOGL,2026-09-02 17:35:00+00:00,337.625,337.74,337.575,337.62,4007.0,105.0,337.655834
GOOGL,2026-09-02 17:40:00+00:00,337.61,337.67,337.48,337.65,4373.0,116.0,337.590358
GOOGL,2026-09-02 17:45:00+00:00,337.66,337.72,337.385,337.485,6780.0,141.0,337.559905
GOOGL,2026-09-02 17:50:00+00:00,337.5,337.985,337.42,337.755,5282.0,103.0,337.685941
GOOGL,2026-09-02 17:55:00+00:00,337.81,338.1,337.735,338.0,3464.0,98.0,337.93682
GOOGL,2026-09-02 18:00:00+00:00,337.96,337.96,337.5,337.82,4836.0,130.0,337.69536
GOOGL,2026-09-02 18:05:00+00:00,337.8,337.925,337.725,337.84,3227.0,72.0,337.816517
GOOGL,2026-09-02 18:10:00+00:00,337.79,337.95,337.78,337.83,3641.0,103.0,337.859964
GOOGL,2026-09-02 18:15:00+00:00,337.855,338.39,337.71,338.19,6877.0,147.0,338.001111
GOOGL,2026-09-02 18:20:00+00:00,338.19,338.255,338.0,338.0,3052.0,89.0,338.125493
GOOGL,2026-09-02 18:25:00+00:00,337.935,338.02,337.425,337.885,5286.0,139.0,337.747238
GOOGL,2026-09-02 18:30:00+00:00,337.9,338.0,337.51,337.565,4282.0,109.0,337.840609
GOOGL,2026-09-02 18:35:00+00:00,337.555,337.62,337.36,337.36,2469.0,75.0,337.496427
GOOGL,2026-09-02 18:40:00+00:00,337.38,337.46,337.265,337.41,3528.0,90.0,337.349883
GOOGL,2026-09-02 18:45:00+00:00,337.4,337.58,337.29,337.31,3581.0,99.0,337.38598
GOOGL,2026-09-02 18:50:00+00:00,337.345,337.38,337.105,337.315,4132.0,109.0,337.259504
GOOGL,2026-09-02 18:55:00+00:00,337.39,337.48,337.28,337.47,5140.0,101.0,337.393733
GOOGL,2026-09-02 19:00:00+00:00,337.475,338.015,337.315,337.895,3700.0,117.0,337.656974
GOOGL,2026-09-02 19:05:00+00:00,337.915,338.045,337.65,338.045,4485.0,121.0,337.829383
GOOGL,2026-09-02 19:10:00+00:00,338.03,338.11,337.93,337.93,4184.0,89.0,337.998035
GOOGL,2026-09-02 19:15:00+00:00,338.0,338.15,337.92,338.0,4126.0,93.0,338.018921
GOOGL,2026-09-02 19:20:00+00:00,338.0,338.04,337.685,337.75,4933.0,104.0,337.870902
GOOGL,2026-09-02 19:25:00+00:00,337.73,337.85,337.65,337.85,3412.0,106.0,337.75994
GOOGL,2026-09-02 19:30:00+00:00,337.82,337.82,337.415,337.43,4623.0,160.0,337.589725
GOOGL,2026-09-02 19:35:00+00:00,337.455,337.535,337.35,337.4,7675.0,194.0,337.443182
GOOGL,2026-09-02 19:40:00+00:00,337.37,337.47,336.99,337.3,9786.0,250.0,337.318811
GOOGL,2026-09-02 19:45:00+00:00,337.3,337.57,337.05,337.56,10996.0,241.0,337.342667
GOOGL,2026-09-02 19:50:00+00:00,337.575,337.71,337.43,337.58,13305.0,287.0,337.569496
GOOGL,2026-09-02 19:55:00+00:00,337.62,337.62,337.0,337.12,27803.0,784.0,337.160149
GOOGL,2026-09-03 12:30:00+00:00,338.64,338.64,338.64,338.64,40.0,1.0,338.64
GOOGL,2026-09-03 13:00:00+00:00,337.47,337.47,337.47,337.47,47.0,3.0,337.47
GOOGL,2026-09-03 13:15:00+00:00,338.67,338.67,338.67,338.67,167.0,2.0,338.67
GOOGL,2026-09-03 13:25:00+00:00,339.9,340.54,339.9,340.54,184.0,5.0,340.332432
GOOGL,2026-09-03 13:30:00+00:00,340.41,343.575,340.22,342.53,31340.0,694.0,342.556483
GOOGL,2026-09-03 13:35:00+00:00,342.7,344.46,342.13,344.425,15999.0,367.0,343.308674
GOOGL,2026-09-03 13:40:00+00:00,344.3,344.555,343.34,343.935,18484.0,326.0,344.023747
GOOGL,2026-09-03 13:45:00+00:00,343.99,344.34,343.51,343.63,12875.0,286.0,343.955825
GOOGL,2026-09-03 13:50:00+00:00,343.6,344.1,342.61,342.83,16092.0,386.0,343.419571
GOOGL,2026-09-03 13:55:00+00:00,342.66,342.94,342.45,342.94,11584.0,288.0,342.678342
GOOGL,2026-09-03 14:00:00+00:00,342.62,342.78,341.76,341.795,15054.0,350.0,342.149468
GOOGL,2026-09-03 14:05:00+00:00,341.79,342.525,341.72,342.24,9753.0,201.0,342.099231
GOOGL,2026-09-03 14:10:00+00:00,342.42,342.44,341.47,342.26,7406.0,209.0,341.990536
GOOGL,2026-09-03 14:15:00+00:00,342.435,342.77,342.09,342.77,5241.0,251.0,342.372131
GOOGL,2026-09-03 14:20:00+00:00,342.69,342.73,342.145,342.185,7275.0,249.0,342.377955
GOOGL,2026-09-03 14:25:00+00:00,342.19,342.9,341.96,342.9,8562.0,249.0,342.445213
GOOGL,2026-09-03 14:30:00+00:00,342.87,343.115,342.275,342.275,9519.0,306.0,342.838674
GOOGL,2026-09-03 14:35:00+00:00,342.38,342.7,341.95,342.145,5354.0,146.0,342.270567
GOOGL,2026-09-03 14:40:00+00:00,342.17,342.86,341.89,342.77,8416.0,168.0,342.538763
GOOGL,2026-09-03 14:45:00+00:00,342.77,342.91,341.95,342.33,13793.0,245.0,342.559523
GOOGL,2026-09-03 14:50:00+00:00,342.4,342.52,341.66,342.31,15333.0,242.0,342.07096
GOOGL,2026-09-03 14:55:00+00:00,342.205,342.22,341.1,341.175,12166.0,304.0,341.491244
GOOGL,2026-09-03 15:00:00+00:00,341.2,341.675,341.025,341.63,11895.0,234.0,341.336103
GOOGL,2026-09-03 15:05:00+00:00,341.67,341.7,340.885,341.515,7588.0,166.0,341.299651
GOOGL,2026-09-03 15:10:00+00:00,341.41,342.64,341.32,342.64,12951.0,228.0,342.063582
GOOGL,2026-09-03 15:15:00+00:00,342.655,343.08,342.63,342.88,11227.0,234.0,342.877179
GOOGL,2026-09-03 15:20:00+00:00,342.97,343.29,342.69,342.945,6019.0,145.0,342.99784
GOOGL,2026-09-03 15:25:00+00:00,342.9,342.995,342.715,342.75,7103.0,175.0,342.86592
GOOGL,2026-09-03 15:30:00+00:00,342.755,342.895,342.51,342.765,7370.0,173.0,342.711568
GOOGL,2026-09-03 15:35:00+00:00,342.69,342.83,342.49,342.59,6485.0,183.0,342.666336
GOOGL,2026-09-03 15:40:00+00:00,342.59,342.59,342.32,342.32,3173.0,95.0,342.512635
GOOGL,2026-09-03 15:45:00+00:00,342.335,342.825,342.335,342.475,4414.0,101.0,342.613068
GOOGL,2026-09-03 15:50:00+00:00,342.43,342.7,342.36,342.38,5582.0,134.0,342.532489
GOOGL,2026-09-03 15:55:00+00:00,342.38,342.71,342.38,342.62,3307.0,114.0,342.561783
GOOGL,2026-09-03 16:00:00+00:00,342.57,342.78,342.535,342.545,4873.0,140.0,342.662509
GOOGL,2026-09-03 16:05:00+00:00,342.54,342.75,341.895,341.895,3220.0,92.0,342.28557
GOOGL,2026-09-03 16:10:00+00:00,341.855,342.02,341.29,341.345,6785.0,162.0,341.650869
GOOGL,2026-09-03 16:15:00+00:00,341.29,341.73,341.25,341.73,5883.0,156.0,341.531543
GOOGL,2026-09-03 16:20:00+00:00,341.67,341.78,341.27,341.37,4755.0,105.0,341.540117
GOOGL,2026-09-03 16:25:00+00:00,341.27,341.37,340.815,341.215,6681.0,172.0,341.077116
GOOGL,2026-09-03 16:30:00+00:00,341.18,341.31,340.83,341.12,3911.0,83.0,341.120067
GOOGL,2026-09-03 16:35:00+00:00,341.135,341.74,341.09,341.67,11510.0,184.0,341.468447
GOOGL,2026-09-03 16:40:00+00:00,341.815,341.83,341.46,341.46,2880.0,71.0,341.677404
GOOGL,2026-09-03 16:45:00+00:00,341.455,341.915,341.455,341.87,2990.0,76.0,341.695218
GOOGL,2026-09-03 16:50:00+00:00,341.865,341.955,341.62,341.645,2670.0,69.0,341.750932
GOOGL,2026-09-03 16:55:00+00:00,341.64,341.87,341.6,341.77,4974.0,134.0,341.824399
GOOGL,2026-09-03 17:00:00+00:00,341.765,341.9,341.715,341.81,2617.0,66.0,341.78443
GOOGL,2026-09-03 17:05:00+00:00,341.89,341.97,341.73,341.885,2718.0,68.0,341.87017
GOOGL,2026-09-03 17:10:00+00:00,341.89,342.035,341.86,341.96,3136.0,72.0,341.929549
GOOGL,2026-09-03 17:15:00+00:00,342.05,342.205,342.05,342.11,2438.0,73.0,342.12458
GOOGL,2026-09-03 17:20:00+00:00,342.15,342.3,342.01,342.19,3001.0,83.0,342.145513
GOOGL,2026-09-03 17:25:00+00:00,342.28,342.34,342.22,342.27,2577.0,82.0,342.278945
GOOGL,2026-09-03 17:30:00+00:00,342.34,342.52,342.305,342.52,1946.0,65.0,342.381149
GOOGL,2026-09-03 17:35:00+00:00,342.49,342.96,342.47,342.73,21823.0,235.0,342.830776
GOOGL,2026-09-03 17:40:00+00:00,342.86,342.86,342.7,342.755,2513.0,61.0,342.786401
GOOGL,2026-09-03 17:45:00+00:00,342.725,342.725,342.43,342.57,3629.0,92.0,342.552971
GOOGL,2026-09-03 17:50:00+00:00,342.61,342.93,342.61,342.83,3775.0,83.0,342.75812
GOOGL,2026-09-03 17:55:00+00:00,342.86,342.88,342.74,342.84,4113.0,90.0,342.824857
GOOGL,2026-09-03 18:00:00+00:00,342.885,343.11,342.41,342.54,6876.0,146.0,342.873687
GOOGL,2026-09-03 18:05:00+00:00,342.59,342.61,342.34,342.55,5058.0,92.0,342.493118
GOOGL,2026-09-03 18:10:00+00:00,342.515,342.83,342.44,342.74,5514.0,122.0,342.66546
GOOGL,2026-09-03 18:15:00+00:00,342.765,342.98,342.67,342.86,4704.0,122.0,342.837838
GOOGL,2026-09-03 18:20:00+00:00,342.87,342.99,342.655,342.98,5822.0,166.0,342.858221
GOOGL,2026-09-03 18:25:00+00:00,342.955,343.56,342.935,343.56,31800.0,523.0,343.21989
GOOGL,2026-09-03 18:30:00+00:00,343.66,343.66,342.92,342.96,5538.0,143.0,343.334571
GOOGL,2026-09-03 18:35:00+00:00,342.97,342.97,342.715,342.79,2402.0,73.0,342.825536
GOOGL,2026-09-03 18:40:00+00:00,342.64,342.945,342.59,342.8,4228.0,89.0,342.791414
GOOGL,2026-09-03 18:45:00+00:00,342.755,342.865,342.51,342.78,1582.0,42.0,342.743478
GOOGL,2026-09-03 18:50:00+00:00,342.665,342.665,342.5,342.51,1398.0,53.0,342.599913
GOOGL,2026-09-03 18:55:00+00:00,342.55,342.785,342.41,342.785,3166.0,82.0,342.536638
GOOGL,2026-09-03 19:00:00+00:00,342.855,342.91,342.635,342.635,6387.0,140.0,342.794227
GOOGL,2026-09-03 19:05:00+00:00,342.57,343.185,342.55,343.11,9216.0,248.0,342.82391
GOOGL,2026-09-03 19:10:00+00:00,343.125,343.425,343.055,343.27,6083.0,191.0,343.256945
GOOGL,2026-09-03 19:15:00+00:00,343.27,343.34,342.44,343.245,18810.0,267.0,342.902199
GOOGL,2026-09-03 19:20:00+00:00,343.25,343.265,342.89,342.89,4472.0,105.0,343.128399
GOOGL,2026-09-03 19:25:00+00:00,343.02,343.235,342.975,343.22,5986.0,120.0,343.106194
GOOGL,2026-09-03 19:30:00+00:00,343.195,343.395,343.065,343.13,7453.0,225.0,343.280258
GOOGL,2026-09-03 19:35:00+00:00,343.14,343.36,343.035,343.355,5619.0,123.0,343.20076
GOOGL,2026-09-03 19:40:00+00:00,343.36,343.54,343.36,343.4,9619.0,177.0,343.464823
GOOGL,2026-09-03 19:45:00+00:00,343.41,343.41,342.63,342.695,9022.0,244.0,342.967747
GOOGL,2026-09-03 19:50:00+00:00,342.54,342.9,342.395,342.71,18436.0,372.0,342.575491
GOOGL,2026-09-03 19:55:00+00:00,342.71,342.71,342.175,342.39,38467.0,1112.0,342.368581
GOOGL,2026-09-04 12:30:00+00:00,340.79,340.79,340.79,340.79,50.0,2.0,340.79
GOOGL,2026-09-04 12:35:00+00:00,340.72,341.03,340.72,341.03,200.0,13.0,340.838095
GOOGL,2026-09-04 13:30:00+00:00,342.605,343.505,340.9,341.315,18620.0,490.0,342.048938
GOOGL,2026-09-04 13:35:00+00:00,341.4,341.93,341.205,341.93,10999.0,229.0,341.511431
GOOGL,2026-09-04 13:40:00+00:00,341.85,342.21,340.53,341.0,7830.0,167.0,341.402719
GOOGL,2026-09-04 13:45:00+00:00,340.86,341.34,340.315,340.475,14103.0,320.0,340.943581
GOOGL,2026-09-04 13:50:00+00:00,340.47,340.57,339.745,340.57,11295.0,271.0,340.143403
GOOGL,2026-09-04 13:55:00+00:00,340.64,341.72,340.38,341.6,11702.0,274.0,341.080249
GOOGL,2026-09-04 14:00:00+00:00,341.53,341.82,341.32,341.56,16049.0,262.0,341.563589
GOOGL,2026-09-04 14:05:00+00:00,341.69,341.85,341.2,341.37,8183.0,172.0,341.396551
GOOGL,2026-09-04 14:10:00+00:00,341.46,341.46,340.675,340.865,7229.0,180.0,341.150115
GOOGL,2026-09-04 14:15:00+00:00,340.88,340.88,339.68,339.68,14930.0,235.0,340.224286
GOOGL,2026-09-04 14:20:00+00:00,339.73,340.125,338.59,338.59,29110.0,407.0,339.294627
GOOGL,2026-09-04 14:25:00+00:00,338.64,338.75,337.925,337.97,7484.0,178.0,338.267549
GOOGL,2026-09-04 14:30:00+00:00,337.94,338.945,337.7,338.695,22170.0,410.0,338.175608
GOOGL,2026-09-04 14:35:00+00:00,338.745,339.115,338.48,339.115,8588.0,162.0,338.890827
GOOGL,2026-09-04 14:40:00+00:00,339.12,339.24,338.795,338.89,6078.0,288.0,338.980888
GOOGL,2026-09-04 14:45:00+00:00,338.895,338.97,338.04,338.29,11339.0,356.0,338.598811
GOOGL,2026-09-04 14:50:00+00:00,338.37,338.46,337.975,338.08,4160.0,229.0,338.269941
GOOGL,2026-09-04 14:55:00+00:00,338.085,338.085,337.59,337.71,4800.0,259.0,337.809901
GOOGL,2026-09-04 15:00:00+00:00,337.705,337.75,337.25,337.62,7503.0,299.0,337.512626
GOOGL,2026-09-04 15:05:00+00:00,337.735,337.975,337.57,337.96,5505.0,215.0,337.696226
GOOGL,2026-09-04 15:10:00+00:00,337.83,337.96,337.67,337.76,4677.0,190.0,337.822033
GOOGL,2026-09-04 15:15:00+00:00,337.78,337.825,337.1,337.18,5704.0,219.0,337.470087
GOOGL,2026-09-04 15:20:00+00:00,337.215,337.785,337.17,337.64,5592.0,174.0,337.460825
GOOGL,2026-09-04 15:25:00+00:00,337.65,337.96,337.495,337.74,6187.0,184.0,337.76105
GOOGL,2026-09-04 15:30:00+00:00,337.76,338.085,337.545,337.985,4937.0,126.0,337.731431
GOOGL,2026-09-04 15:35:00+00:00,337.73,338.0,337.55,337.655,8140.0,196.0,337.810085
GOOGL,2026-09-04 15:40:00+00:00,337.71,337.835,337.515,337.74,6081.0,163.0,337.62449
GOOGL,2026-09-04 15:45:00+00:00,337.74,337.83,337.4,337.66,8658.0,242.0,337.590855
GOOGL,2026-09-04 15:50:00+00:00,337.67,338.115,337.65,338.0,14547.0,313.0,337.967885
GOOGL,2026-09-04 15:55:00+00:00,337.925,338.295,337.925,338.19,11240.0,242.0,338.080741
GOOGL,2026-09-04 16:00:00+00:00,338.22,338.235,337.905,337.995,6626.0,216.0,338.073439
GOOGL,2026-09-04 16:05:00+00:00,337.965,338.2,337.8,337.98,8871.0,252.0,338.007505
GOOGL,2026-09-04 16:10:00+00:00,337.995,338.325,337.95,338.27,8507.0,238.0,338.136168
GOOGL,2026-09-04 16:15:00+00:00,338.26,338.78,338.06,338.6,10512.0,259.0,338.40373
GOOGL,2026-09-04 16:20:00+00:00,338.6,338.72,338.5,338.61,4977.0,149.0,338.618247
GOOGL,2026-09-04 16:25:00+00:00,338.59,338.85,338.56,338.64,4728.0,125.0,338.683369
GOOGL,2026-09-04 16:30:00+00:00,338.59,338.65,338.47,338.565,2953.0,105.0,338.553159
GOOGL,2026-09-04 16:35:00+00:00,338.49,338.65,338.44,338.63,4289.0,109.0,338.547095
GOOGL,2026-09-04 16:40:00+00:00,338.61,338.71,338.41,338.71,3075.0,107.0,338.553813
GOOGL,2026-09-04 16:45:00+00:00,338.67,338.87,338.65,338.71,2057.0,65.0,338.768624
GOOGL,2026-09-04 16:50:00+00:00,338.76,338.84,338.59,338.59,2979.0,114.0,338.778421
GOOGL,2026-09-04 16:55:00+00:00,338.615,338.715,338.47,338.48,3066.0,134.0,338.604241
GOOGL,2026-09-04 17:00:00+00:00,338.55,338.61,338.46,338.58,2492.0,105.0,338.547592
GOOGL,2026-09-04 17:05:00+00:00,338.67,338.935,338.555,338.615,4392.0,125.0,338.727436
GOOGL,2026-09-04 17:10:00+00:00,338.62,338.755,338.525,338.67,2640.0,90.0,338.638095
GOOGL,2026-09-04 17:15:00+00:00,338.61,338.785,338.5,338.69,2390.0,99.0,338.683561
GOOGL,2026-09-04 17:20:00+00:00,338.7,338.815,338.59,338.59,2541.0,90.0,338.703141
GOOGL,2026-09-04 17:25:00+00:00,338.665,338.765,338.59,338.74,4256.0,150.0,338.675905
GOOGL,2026-09-04 17:30:00+00:00,338.67,338.68,338.465,338.485,2349.0,100.0,338.570431
GOOGL,2026-09-04 17:35:00+00:00,338.53,338.53,338.295,338.445,2510.0,85.0,338.405517
GOOGL,2026-09-04 17:40:00+00:00,338.33,338.445,338.225,338.39,3934.0,128.0,338.338743
GOOGL,2026-09-04 17:45:00+00:00,338.33,338.57,338.3,338.49,6702.0,144.0,338.393552
GOOGL,2026-09-04 17:50:00+00:00,338.495,338.56,338.42,338.5,1757.0,74.0,338.480572
GOOGL,2026-09-04 17:55:00+00:00,338.49,338.58,338.36,338.58,3388.0,118.0,338.454245
GOOGL,2026-09-04 18:00:00+00:00,338.56,338.665,338.47,338.49,3162.0,96.0,338.538029
GOOGL,2026-09-04 18:05:00+00:00,338.52,338.52,338.03,338.085,3144.0,96.0,338.261797
GOOGL,2026-09-04 18:10:00+00:00,338.1,338.14,337.775,337.775,3127.0,113.0,337.992855
GOOGL,2026-09-04 18:15:00+00:00,337.86,338.28,337.86,338.12,8656.0,243.0,338.065056
GOOGL,2026-09-04 18:20:00+00:00,338.16,338.59,338.12,338.51,4813.0,114.0,338.420612
GOOGL,2026-09-04 18:25:00+00:00,338.54,338.565,338.41,338.41,9512.0,156.0,338.502575
GOOGL,2026-09-04 18:30:00+00:00,338.59,338.59,338.37,338.475,2702.0,111.0,338.4591
GOOGL,2026-09-04 18:35:00+00:00,338.435,338.625,338.36,338.625,4226.0,89.0,338.458688
GOOGL,2026-09-04 18:40:00+00:00,338.71,339.06,338.59,338.875,4036.0,118.0,338.829955
GOOGL,2026-09-04 18:45:00+00:00,338.9,339.0,338.62,338.705,3740.0,86.0,338.699424
GOOGL,2026-09-04 18:50:00+00:00,338.725,338.91,338.675,338.875,1913.0,71.0,338.825178
GOOGL,2026-09-04 18:55:00+00:00,338.915,339.195,338.915,339.175,4780.0,131.0,339.055657
GOOGL,2026-09-04 19:00:00+00:00,339.19,339.215,338.92,338.96,3539.0,101.0,339.066335
GOOGL,2026-09-04 19:05:00+00:00,338.97,339.085,338.93,339.07,2084.0,87.0,339.023327
GOOGL,2026-09-04 19:10:00+00:00,339.08,339.34,339.075,339.28,4139.0,119.0,339.256686
GOOGL,2026-09-04 19:15:00+00:00,339.25,339.43,339.08,339.19,3554.0,116.0,339.234259
GOOGL,2026-09-04 19:20:00+00:00,339.22,339.315,339.13,339.255,5688.0,166.0,339.245148
GOOGL,2026-09-04 19:25:00+00:00,339.265,339.565,339.265,339.565,4301.0,126.0,339.416838
GOOGL,2026-09-04 19:30:00+00:00,339.54,339.585,338.985,338.995,8174.0,227.0,339.268007
GOOGL,2026-09-04 19:35:00+00:00,339.0,339.03,338.795,338.89,11814.0,287.0,338.930222
GOOGL,2026-09-04 19:40:00+00:00,338.88,338.97,338.64,338.78,10156.0,277.0,338.797496
GOOGL,2026-09-04 19:45:00+00:00,338.76,338.81,338.52,338.81,14899.0,337.0,338.677864
GOOGL,2026-09-04 19:50:00+00:00,338.84,339.36,338.47,338.6,27533.0,457.0,338.672829
GOOGL,2026-09-04 19:55:00+00:00,338.215,338.57,338.125,338.34,31377.0,878.0,338.438144
GOOGL,2026-09-08 13:00:00+00:00,336.4,336.4,336.4,336.4,85.0,3.0,336.4
GOOGL,2026-09-08 13:30:00+00:00,335.44,336.94,334.73,336.05,34209.0,669.0,335.500309
GOOGL,2026-09-08 13:35:00+00:00,335.925,336.63,334.88,335.53,40180.0,583.0,335.96017
GOOGL,2026-09-08 13:40:00+00:00,335.5,336.24,335.04,335.26,23824.0,420.0,335.651129
GOOGL,2026-09-08 13:45:00+00:00,335.32,335.32,333.78,333.895,24362.0,476.0,334.321454
GOOGL,2026-09-08 13:50:00+00:00,333.96,334.27,333.51,333.89,31218.0,514.0,333.92458
GOOGL,2026-09-08 13:55:00+00:00,333.99,334.51,333.77,333.925,14788.0,364.0,334.211719
GOOGL,2026-09-08 14:00:00+00:00,333.925,333.975,333.235,333.505,20462.0,484.0,333.524775
GOOGL,2026-09-08 14:05:00+00:00,333.505,334.585,333.42,334.17,12793.0,287.0,334.016859
GOOGL,2026-09-08 14:10:00+00:00,334.11,334.11,333.47,333.49,12549.0,275.0,333.79305
GOOGL,2026-09-08 14:15:00+00:00,333.43,334.865,333.43,334.865,14920.0,327.0,334.054796
GOOGL,2026-09-08 14:20:00+00:00,334.895,334.91,334.42,334.42,7805.0,200.0,334.577836
GOOGL,2026-09-08 14:25:00+00:00,334.44,334.795,334.44,334.635,5926.0,137.0,334.659209
GOOGL,2026-09-08 14:30:00+00:00,334.675,334.71,334.33,334.535,9235.0,193.0,334.515894
GOOGL,2026-09-08 14:35:00+00:00,334.55,335.13,334.31,335.13,8686.0,229.0,334.669474
GOOGL,2026-09-08 14:40:00+00:00,335.19,336.345,335.175,336.27,10667.0,241.0,335.872287
GOOGL,2026-09-08 14:45:00+00:00,336.27,336.88,336.075,336.615,9425.0,221.0,336.565517
GOOGL,2026-09-08 14:50:00+00:00,336.615,337.5,336.54,337.145,8483.0,181.0,336.951305
GOOGL,2026-09-08 14:55:00+00:00,337.11,337.675,336.655,337.05,9532.0,224.0,337.06451
GOOGL,2026-09-08 15:00:00+00:00,337.13,337.945,337.12,337.59,9738.0,248.0,337.491739
GOOGL,2026-09-08 15:05:00+00:00,337.58,337.755,337.155,337.34,3825.0,120.0,337.524468
GOOGL,2026-09-08 15:10:00+00:00,337.38,337.86,337.38,337.825,4587.0,96.0,337.658058
GOOGL,2026-09-08 15:15:00+00:00,337.785,338.36,337.785,337.84,5723.0,150.0,338.033309
GOOGL,2026-09-08 15:20:00+00:00,337.84,338.305,337.48,338.3,6265.0,171.0,337.789971
GOOGL,2026-09-08 15:25:00+00:00,338.3,338.6,338.18,338.295,8656.0,242.0,338.368943
GOOGL,2026-09-08 15:30:00+00:00,338.33,338.57,338.33,338.5,6911.0,171.0,338.463955
GOOGL,2026-09-08 15:35:00+00:00,338.36,338.44,338.14,338.36,7780.0,154.0,338.319954
GOOGL,2026-09-08 15:40:00+00:00,338.36,338.695,338.3,338.57,6541.0,138.0,338.535558
GOOGL,2026-09-08 15:45:00+00:00,338.635,338.645,338.185,338.325,3560.0,101.0,338.426087
GOOGL,2026-09-08 15:50:00+00:00,338.37,338.71,338.37,338.65,4885.0,99.0,338.582525
GOOGL,2026-09-08 15:55:00+00:00,338.67,338.73,338.39,338.52,5277.0,141.0,338.591179
GOOGL,2026-09-08 16:00:00+00:00,338.385,338.53,338.135,338.42,7570.0,176.0,338.28106
GOOGL,2026-09-08 16:05:00+00:00,338.55,338.715,338.0,338.32,16079.0,285.0,338.485847
GOOGL,2026-09-08 16:10:00+00:00,338.24,338.465,338.14,338.14,5274.0,100.0,338.266838
GOOGL,2026-09-08 16:15:00+00:00,338.18,338.435,338.11,338.26,5586.0,143.0,338.240642
GOOGL,2026-09-08 16:20:00+00:00,338.2,338.49,338.145,338.355,6205.0,134.0,338.349916
GOOGL,2026-09-08 16:25:00+00:00,338.505,338.945,338.385,338.54,4777.0,101.0,338.675729
GOOGL,2026-09-08 16:30:00+00:00,338.465,338.6,338.325,338.45,5440.0,104.0,338.434384
GOOGL,2026-09-08 16:35:00+00:00,338.445,338.57,338.18,338.26,4101.0,84.0,338.421247
GOOGL,2026-09-08 16:40:00+00:00,338.195,338.695,338.195,338.685,4311.0,79.0,338.450076
GOOGL,2026-09-08 16:45:00+00:00,338.71,338.71,338.39,338.575,7253.0,113.0,338.539477
GOOGL,2026-09-08 16:50:00+00:00,338.59,338.93,338.52,338.93,11225.0,140.0,338.730517
GOOGL,2026-09-08 16:55:00+00:00,338.925,339.29,338.53,338.69,9955.0,194.0,338.843603
GOOGL,2026-09-08 17:00:00+00:00,338.66,339.365,338.66,339.33,5228.0,136.0,338.999697
GOOGL,2026-09-08 17:05:00+00:00,339.32,339.505,339.1,339.225,6630.0,178.0,339.252761
GOOGL,2026-09-08 17:10:00+00:00,339.24,339.29,338.82,338.82,3889.0,83.0,339.113794
GOOGL,2026-09-08 17:15:00+00:00,338.81,338.98,338.51,338.805,3521.0,96.0,338.653499
GOOGL,2026-09-08 17:20:00+00:00,338.82,339.445,338.82,339.325,8147.0,162.0,339.165679
GOOGL,2026-09-08 17:25:00+00:00,339.345,339.44,339.29,339.35,6350.0,141.0,339.368533
GOOGL,2026-09-08 17:30:00+00:00,339.3,339.64,339.29,339.335,4983.0,105.0,339.472996
GOOGL,2026-09-08 17:35:00+00:00,339.305,339.63,339.305,339.5,5924.0,119.0,339.487231
GOOGL,2026-09-08 17:40:00+00:00,339.53,339.53,338.685,338.72,8619.0,172.0,339.185255
GOOGL,2026-09-08 17:45:00+00:00,338.725,339.18,338.54,339.17,11326.0,222.0,338.90315
GOOGL,2026-09-08 17:50:00+00:00,339.2,339.51,339.095,339.28,7920.0,154.0,339.298135
GOOGL,2026-09-08 17:55:00+00:00,339.265,339.265,338.765,338.78,5671.0,142.0,338.936239
GOOGL,2026-09-08 18:00:00+00:00,338.76,338.76,338.27,338.56,3988.0,99.0,338.442925
GOOGL,2026-09-08 18:05:00+00:00,338.605,338.68,337.96,338.08,10568.0,225.0,338.229575
GOOGL,2026-09-08 18:10:00+00:00,338.08,338.415,337.935,338.2,4912.0,141.0,338.142521
GOOGL,2026-09-08 18:15:00+00:00,338.165,338.25,338.025,338.09,5881.0,172.0,338.14617
GOOGL,2026-09-08 18:20:00+00:00,338.095,338.2,337.975,337.975,5062.0,133.0,338.100738
GOOGL,2026-09-08 18:25:00+00:00,337.94,338.145,337.885,338.1,4172.0,125.0,337.983536
GOOGL,2026-09-08 18:30:00+00:00,338.09,338.415,338.01,338.41,4325.0,129.0,338.228204
GOOGL,2026-09-08 18:35:00+00:00,338.42,338.42,337.885,337.885,14967.0,118.0,338.154902
GOOGL,2026-09-08 18:40:00+00:00,337.85,338.29,337.84,338.29,7539.0,120.0,338.131218
GOOGL,2026-09-08 18:45:00+00:00,338.29,338.46,337.315,337.8,9904.0,214.0,337.957092
GOOGL,2026-09-08 18:50:00+00:00,337.89,338.09,337.51,337.685,4507.0,123.0,337.77276
GOOGL,2026-09-08 18:55:00+00:00,337.82,338.03,337.72,337.795,4532.0,113.0,337.878022
GOOGL,2026-09-08 19:00:00+00:00,337.78,338.09,337.705,337.72,5741.0,142.0,337.908904
GOOGL,2026-09-08 19:05:00+00:00,337.66,337.7,337.125,337.35,10270.0,232.0,337.375821
GOOGL,2026-09-08 19:10:00+00:00,337.325,337.4,337.17,337.275,6258.0,189.0,337.306347
GOOGL,2026-09-08 19:15:00+00:00,337.26,337.32,337.03,337.28,6954.0,176.0,337.182731
GOOGL,2026-09-08 19:20:00+00:00,337.27,337.45,337.225,337.45,6419.0,159.0,337.367969
GOOGL,2026-09-08 19:25:00+00:00,337.39,337.69,337.385,337.69,6477.0,168.0,337.538983
GOOGL,2026-09-08 19:30:00+00:00,337.675,337.68,337.32,337.545,8538.0,246.0,337.522486
GOOGL,2026-09-08 19:35:00+00:00,337.49,337.97,337.425,337.955,6433.0,178.0,337.60862
GOOGL,2026-09-08 19:40:00+00:00,337.965,338.46,337.96,338.285,8450.0,257.0,338.312042
GOOGL,2026-09-08 19:45:00+00:00,338.29,338.635,338.175,338.505,10559.0,252.0,338.402484
GOOGL,2026-09-08 19:50:00+00:00,338.53,338.53,337.79,338.17,17481.0,443.0,338.104195
GOOGL,2026-09-08 19:55:00+00:00,338.15,338.53,338.09,338.39,39912.0,1072.0,338.27145
GOOGL,2026-09-09 13:25:00+00:00,331.18,331.18,331.18,331.18,52.0,4.0,331.18
GOOGL,2026-09-09 13:30:00+00:00,331.53,331.53,328.235,329.425,76725.0,1611.0,329.35161
GOOGL,2026-09-09 13:35:00+00:00,329.305,330.29,329.16,330.25,31853.0,711.0,329.688564
GOOGL,2026-09-09 13:40:00+00:00,330.21,330.33,329.15,329.165,33301.0,538.0,329.935909
GOOGL,2026-09-09 13:45:00+00:00,329.15,329.445,328.52,328.735,32674.0,766.0,329.067342
GOOGL,2026-09-09 13:50:00+00:00,328.795,329.57,328.69,329.31,36409.0,780.0,329.089015
GOOGL,2026-09-09 13:55:00+00:00,329.34,329.72,329.0,329.375,27964.0,523.0,329.344446
GOOGL,2026-09-09 14:00:00+00:00,329.35,329.375,327.92,328.24,22266.0,591.0,328.413803
GOOGL,2026-09-09 14:05:00+00:00,328.22,330.02,328.08,329.95,50356.0,918.0,329.116064
GOOGL,2026-09-09 14:10:00+00:00,329.96,330.5,329.595,330.42,44987.0,758.0,329.980672
GOOGL,2026-09-09 14:15:00+00:00,330.405,330.895,330.06,330.46,23667.0,434.0,330.640351
GOOGL,2026-09-09 14:20:00+00:00,330.48,330.79,330.07,330.395,28432.0,590.0,330.40643
GOOGL,2026-09-09 14:25:00+00:00,330.31,331.205,329.91,330.865,20008.0,443.0,330.430907
GOOGL,2026-09-09 14:30:00+00:00,330.79,330.795,329.5,329.585,14618.0,395.0,330.076618
GOOGL,2026-09-09 14:35:00+00:00,329.57,329.95,329.54,329.885,36254.0,621.0,329.750184
GOOGL,2026-09-09 14:40:00+00:00,329.83,330.405,329.765,330.14,18142.0,314.0,330.135642
GOOGL,2026-09-09 14:45:00+00:00,330.205,330.61,329.93,330.415,12717.0,303.0,330.203575
GOOGL,2026-09-09 14:50:00+00:00,330.385,330.63,330.12,330.38,14692.0,328.0,330.378921
GOOGL,2026-09-09 14:55:00+00:00,330.395,330.395,329.59,329.645,11669.0,312.0,329.776589
GOOGL,2026-09-09 15:00:00+00:00,329.685,329.7,328.855,329.24,17874.0,439.0,329.22098
GOOGL,2026-09-09 15:05:00+00:00,329.25,329.64,329.03,329.03,15972.0,352.0,329.384668
GOOGL,2026-09-09 15:10:00+00:00,329.04,329.04,327.99,328.175,16676.0,393.0,328.458086
GOOGL,2026-09-09 15:15:00+00:00,328.175,329.255,328.16,329.255,11125.0,257.0,328.659444
GOOGL,2026-09-09 15:20:00+00:00,329.225,329.44,328.87,328.87,12947.0,277.0,329.158531
GOOGL,2026-09-09 15:25:00+00:00,328.89,329.13,328.795,329.0,11214.0,263.0,328.943908
GOOGL,2026-09-09 15:30:00+00:00,329.09,329.57,328.985,329.57,9204.0,213.0,329.279892
GOOGL,2026-09-09 15:35:00+00:00,329.63,329.68,329.21,329.67,7397.0,199.0,329.418767
GOOGL,2026-09-09 15:40:00+00:00,329.64,329.64,329.16,329.36,7234.0,183.0,329.350607
GOOGL,2026-09-09 15:45:00+00:00,329.37,329.68,329.345,329.68,8919.0,166.0,329.44264
GOOGL,2026-09-09 15:50:00+00:00,329.7,330.155,329.7,329.98,17363.0,330.0,329.942078
GOOGL,2026-09-09 15:55:00+00:00,329.94,329.94,329.4,329.56,14236.0,301.0,329.570597
GOOGL,2026-09-09 16:00:00+00:00,329.53,329.69,329.34,329.58,12847.0,278.0,329.506103
GOOGL,2026-09-09 16:05:00+00:00,329.525,329.615,329.19,329.27,12979.0,302.0,329.348002
GOOGL,2026-09-09 16:10:00+00:00,329.16,329.655,329.01,329.44,17719.0,382.0,329.395478
GOOGL,2026-09-09 16:15:00+00:00,329.4,329.525,329.15,329.475,21491.0,405.0,329.300933
GOOGL,2026-09-09 16:20:00+00:00,329.47,329.68,329.37,329.5,8856.0,170.0,329.541158
GOOGL,2026-09-09 16:25:00+00:00,329.45,329.62,329.395,329.495,4116.0,103.0,329.503942
GOOGL,2026-09-09 16:30:00+00:00,329.55,329.78,329.515,329.76,6262.0,149.0,329.621514
GOOGL,2026-09-09 16:35:00+00:00,329.745,329.745,329.47,329.615,9859.0,272.0,329.612792
GOOGL,2026-09-09 16:40:00+00:00,329.62,329.665,329.44,329.665,15161.0,326.0,329.571574
GOOGL,2026-09-09 16:45:00+00:00,329.71,329.865,329.59,329.7,8432.0,191.0,329.721446
GOOGL,2026-09-09 16:50:00+00:00,329.75,330.26,329.75,330.11,10329.0,216.0,330.05403
GOOGL,2026-09-09 16:55:00+00:00,330.07,330.175,330.0,330.13,4732.0,167.0,330.079838
GOOGL,2026-09-09 17:00:00+00:00,330.16,330.5,330.11,330.375,14838.0,308.0,330.263018
GOOGL,2026-09-09 17:05:00+00:00,330.33,330.695,330.275,330.525,6136.0,152.0,330.520101
GOOGL,2026-09-09 17:10:00+00:00,330.47,330.985,330.47,330.94,12559.0,199.0,330.699273
GOOGL,2026-09-09 17:15:00+00:00,330.955,331.41,330.94,331.165,10933.0,201.0,331.150656
GOOGL,2026-09-09 17:20:00+00:00,331.17,331.635,331.045,331.635,5846.0,160.0,331.293126
GOOGL,2026-09-09 17:25:00+00:00,331.66,331.685,331.06,331.135,7541.0,214.0,331.2776
GOOGL,2026-09-09 17:30:00+00:00,331.1,331.375,330.975,331.36,5678.0,168.0,331.161758
GOOGL,2026-09-09 17:35:00+00:00,331.435,331.55,331.045,331.09,8739.0,193.0,331.293383
GOOGL,2026-09-09 17:40:00+00:00,331.11,331.165,330.8,330.865,9174.0,227.0,330.942889
GOOGL,2026-09-09 17:45:00+00:00,330.88,330.88,330.6,330.705,6537.0,185.0,330.697505
GOOGL,2026-09-09 17:50:00+00:00,330.705,330.915,330.615,330.89,7299.0,167.0,330.786183
GOOGL,2026-09-09 17:55:00+00:00,330.925,330.935,330.605,330.66,10493.0,234.0,330.764492
GOOGL,2026-09-09 18:00:00+00:00,330.65,330.67,330.18,330.22,6940.0,171.0,330.446851
GOOGL,2026-09-09 18:05:00+00:00,330.26,330.4,330.16,330.4,5126.0,133.0,330.250857
GOOGL,2026-09-09 18:10:00+00:00,330.46,330.54,330.19,330.37,5280.0,118.0,330.362972
GOOGL,2026-09-09 18:15:00+00:00,330.325,330.41,330.23,330.37,5117.0,108.0,330.320538
GOOGL,2026-09-09 18:20:00+00:00,330.365,330.54,330.355,330.535,7932.0,209.0,330.444072
GOOGL,2026-09-09 18:25:00+00:00,330.495,330.67,330.43,330.48,4661.0,169.0,330.568303
GOOGL,2026-09-09 18:30:00+00:00,330.46,330.48,329.965,330.03,8055.0,207.0,330.072593
GOOGL,2026-09-09 18:35:00+00:00,329.95,330.4,329.89,330.33,13153.0,235.0,330.042406
GOOGL,2026-09-09 18:40:00+00:00,330.36,330.685,330.35,330.49,11242.0,232.0,330.560259
GOOGL,2026-09-09 18:45:00+00:00,330.51,330.54,330.275,330.3,4013.0,131.0,330.391571
GOOGL,2026-09-09 18:50:00+00:00,330.31,330.5,330.22,330.445,4852.0,132.0,330.364115
GOOGL,2026-09-09 18:55:00+00:00,330.53,330.53,330.35,330.365,3908.0,96.0,330.436433
GOOGL,2026-09-09 19:00:00+00:00,330.33,330.48,330.24,330.36,5963.0,129.0,330.386902
GOOGL,2026-09-09 19:05:00+00:00,330.39,330.78,330.33,330.61,7272.0,204.0,330.640903
GOOGL,2026-09-09 19:10:00+00:00,330.53,330.79,330.53,330.545,8754.0,204.0,330.639383
GOOGL,2026-09-09 19:15:00+00:00,330.54,330.81,330.315,330.765,8631.0,198.0,330.534504
GOOGL,2026-09-09 19:20:00+00:00,330.74,331.03,330.665,330.985,6659.0,193.0,330.86255
GOOGL,2026-09-09 19:25:00+00:00,330.98,331.54,330.98,331.25,12373.0,291.0,331.372059
GOOGL,2026-09-09 19:30:00+00:00,331.265,331.265,330.915,330.98,8667.0,262.0,331.011767
GOOGL,2026-09-09 19:35:00+00:00,330.985,330.995,330.325,330.325,7918.0,239.0,330.672434
GOOGL,2026-09-09 19:40:00+00:00,330.275,330.74,330.24,330.73,12129.0,323.0,330.388619
GOOGL,2026-09-09 19:45:00+00:00,330.68,330.78,330.515,330.78,13937.0,335.0,330.64039
GOOGL,2026-09-09 19:50:00+00:00,330.81,330.87,330.3,330.66,28756.0,640.0,330.536196
GOOGL,2026-09-09 19:55:00+00:00,330.69,330.78,330.24,330.655,65775.0,1376.0,330.623446
GOOGL,2026-09-10 13:30:00+00:00,328.165,330.3,327.79,329.79,19206.0,518.0,329.043696
GOOGL,2026-09-10 13:35:00+00:00,329.77,329.925,328.7,329.46,16362.0,380.0,329.201153
GOOGL,2026-09-10 13:40:00+00:00,329.32,329.57,328.645,328.71,8885.0,213.0,329.213331
GOOGL,2026-09-10 13:45:00+00:00,328.85,329.015,328.36,328.85,6502.0,193.0,328.839808
GOOGL,2026-09-10 13:50:00+00:00,328.935,329.33,328.45,329.17,8128.0,205.0,328.85497
GOOGL,2026-09-10 13:55:00+00:00,329.19,329.19,328.11,328.13,4375.0,126.0,328.733432
GOOGL,2026-09-10 14:00:00+00:00,328.165,328.6,328.05,328.465,8044.0,190.0,328.432495
GOOGL,2026-09-10 14:05:00+00:00,328.52,328.8,328.315,328.62,5803.0,147.0,328.577125
GOOGL,2026-09-10 14:10:00+00:00,328.78,329.435,328.58,329.2,7417.0,174.0,329.013571
GOOGL,2026-09-10 14:15:00+00:00,329.135,330.09,328.93,330.09,6288.0,153.0,329.247896
GOOGL,2026-09-10 14:20:00+00:00,330.09,330.415,329.68,330.16,6655.0,164.0,329.982124
GOOGL,2026-09-10 14:25:00+00:00,330.14,331.125,330.14,330.725,19634.0,438.0,330.738737
GOOGL,2026-09-10 14:30:00+00:00,330.795,331.155,330.69,331.155,8204.0,249.0,330.950563
GOOGL,2026-09-10 14:35:00+00:00,331.145,331.705,331.14,331.345,9190.0,205.0,331.403243
GOOGL,2026-09-10 14:40:00+00:00,331.33,331.5,330.66,330.915,7260.0,191.0,331.114145
GOOGL,2026-09-10 14:45:00+00:00,330.87,331.27,330.745,331.12,6869.0,206.0,330.997598
GOOGL,2026-09-10 14:50:00+00:00,331.08,331.26,330.81,331.03,9933.0,236.0,331.046091
GOOGL,2026-09-10 14:55:00+00:00,331.06,331.345,330.935,331.215,12589.0,303.0,331.12734
GOOGL,2026-09-10 15:00:00+00:00,331.16,331.32,330.51,330.695,15972.0,347.0,331.03757
GOOGL,2026-09-10 15:05:00+00:00,330.69,331.015,330.48,330.8,3461.0,105.0,330.732166
GOOGL,2026-09-10 15:10:00+00:00,331.0,331.315,330.65,330.69,4851.0,144.0,330.9988
GOOGL,2026-09-10 15:15:00+00:00,330.635,330.91,330.49,330.585,8341.0,191.0,330.686835
GOOGL,2026-09-10 15:20:00+00:00,330.51,330.51,330.08,330.51,5521.0,154.0,330.305901
GOOGL,2026-09-10 15:25:00+00:00,330.46,330.58,329.92,330.01,6138.0,166.0,330.364986
GOOGL,2026-09-10 15:30:00+00:00,329.99,330.035,329.355,329.945,6419.0,141.0,329.714322
GOOGL,2026-09-10 15:35:00+00:00,329.93,330.5,329.79,330.06,4238.0,144.0,330.142693
GOOGL,2026-09-10 15:40:00+00:00,330.04,330.4,330.04,330.325,4036.0,134.0,330.24683
GOOGL,2026-09-10 15:45:00+00:00,330.38,330.655,330.34,330.655,5764.0,144.0,330.502692
GOOGL,2026-09-10 15:50:00+00:00,330.545,330.545,330.075,330.115,5281.0,134.0,330.334226
GOOGL,2026-09-10 15:55:00+00:00,330.02,330.075,329.74,329.865,2484.0,90.0,329.915285
GOOGL,2026-09-10 16:00:00+00:00,329.88,330.72,329.88,330.72,6133.0,144.0,330.2151
GOOGL,2026-09-10 16:05:00+00:00,330.66,330.75,330.205,330.33,5101.0,116.0,330.510524
GOOGL,2026-09-10 16:10:00+00:00,330.35,330.515,330.205,330.28,4013.0,105.0,330.344547
GOOGL,2026-09-10 16:15:00+00:00,330.165,330.645,330.165,330.52,4425.0,120.0,330.370419
GOOGL,2026-09-10 16:20:00+00:00,330.565,330.97,330.565,330.755,5499.0,141.0,330.772587
GOOGL,2026-09-10 16:25:00+00:00,330.75,330.84,330.45,330.56,4089.0,123.0,330.608812
GOOGL,2026-09-10 16:30:00+00:00,330.54,330.75,330.3,330.55,4103.0,135.0,330.573261
GOOGL,2026-09-10 16:35:00+00:00,330.455,330.76,330.395,330.76,3967.0,108.0,330.568338
GOOGL,2026-09-10 16:40:00+00:00,330.765,331.245,330.575,331.215,6442.0,172.0,330.944646
GOOGL,2026-09-10 16:45:00+00:00,331.24,331.94,331.24,331.58,7571.0,173.0,331.661147
GOOGL,2026-09-10 16:50:00+00:00,331.625,331.625,331.3,331.48,3314.0,88.0,331.47639
GOOGL,2026-09-10 16:55:00+00:00,331.69,332.0,331.62,331.89,5616.0,129.0,331.729014
GOOGL,2026-09-10 17:00:00+00:00,331.84,332.1,331.32,331.43,5384.0,151.0,331.851709
GOOGL,2026-09-10 17:05:00+00:00,331.49,331.49,330.99,331.325,2549.0,86.0,331.135129
GOOGL,2026-09-10 17:10:00+00:00,331.4,331.69,331.36,331.65,2263.0,81.0,331.512836
GOOGL,2026-09-10 17:15:00+00:00,331.61,332.0,331.595,331.895,6500.0,235.0,331.821546
GOOGL,2026-09-10 17:20:00+00:00,331.98,332.4,331.81,332.0,9850.0,271.0,332.118656
GOOGL,2026-09-10 17:25:00+00:00,331.96,332.02,331.73,331.8,4178.0,119.0,331.863478
GOOGL,2026-09-10 17:30:00+00:00,331.76,331.895,331.31,331.52,5899.0,140.0,331.548905
GOOGL,2026-09-10 17:35:00+00:00,331.465,331.695,331.465,331.6,2379.0,82.0,331.602538
GOOGL,2026-09-10 17:40:00+00:00,331.49,332.03,331.49,332.0,3269.0,88.0,331.800101
GOOGL,2026-09-10 17:45:00+00:00,332.0,332.01,331.77,331.79,2916.0,75.0,331.919254
GOOGL,2026-09-10 17:50:00+00:00,331.815,332.15,331.815,332.11,3395.0,113.0,332.018923
GOOGL,2026-09-10 17:55:00+00:00,332.04,332.04,331.68,331.78,3142.0,89.0,331.83472
GOOGL,2026-09-10 18:00:00+00:00,331.71,331.95,331.55,331.95,3598.0,107.0,331.704747
GOOGL,2026-09-10 18:05:00+00:00,331.93,332.29,331.93,332.18,4921.0,107.0,332.132539
GOOGL,2026-09-10 18:10:00+00:00,332.1,332.24,331.95,332.11,2194.0,86.0,332.129337
GOOGL,2026-09-10 18:15:00+00:00,332.1,332.1,331.93,332.01,3245.0,104.0,332.022075
GOOGL,2026-09-10 18:20:00+00:00,332.09,332.1,331.895,331.995,2522.0,73.0,332.002272
GOOGL,2026-09-10 18:25:00+00:00,331.86,331.94,331.735,331.77,3839.0,95.0,331.808032
GOOGL,2026-09-10 18:30:00+00:00,331.72,332.05,331.65,332.05,10219.0,188.0,331.777577
GOOGL,2026-09-10 18:35:00+00:00,332.03,332.03,331.78,332.0,1454.0,59.0,331.887512
GOOGL,2026-09-10 18:40:00+00:00,331.995,332.05,331.945,331.96,2000.0,79.0,331.993623
GOOGL,2026-09-10 18:45:00+00:00,331.965,332.09,331.67,332.02,2345.0,82.0,331.923222
GOOGL,2026-09-10 18:50:00+00:00,332.06,332.52,331.98,332.4,4421.0,87.0,332.333581
GOOGL,2026-09-10 18:55:00+00:00,332.355,332.355,332.01,332.1,1284.0,43.0,332.218806
GOOGL,2026-09-10 19:00:00+00:00,332.02,332.095,331.94,332.015,3106.0,110.0,332.002566
GOOGL,2026-09-10 19:05:00+00:00,332.05,332.51,332.05,332.51,1983.0,82.0,332.274772
GOOGL,2026-09-10 19:10:00+00:00,332.465,332.8,332.43,332.71,2872.0,91.0,332.579291
GOOGL,2026-09-10 19:15:00+00:00,332.66,332.75,332.21,332.42,3589.0,120.0,332.490874
GOOGL,2026-09-10 19:20:00+00:00,332.46,332.57,332.37,332.47,2476.0,76.0,332.483745
GOOGL,2026-09-10 19:25:00+00:00,332.455,332.585,332.21,332.39,3042.0,116.0,332.36163
GOOGL,2026-09-10 19:30:00+00:00,332.43,332.59,332.22,332.59,5244.0,177.0,332.420574
GOOGL,2026-09-10 19:35:00+00:00,332.68,332.95,332.62,332.84,4207.0,126.0,332.7673
GOOGL,2026-09-10 19:40:00+00:00,332.94,333.1,332.85,333.1,5437.0,151.0,332.946815
GOOGL,2026-09-10 19:45:00+00:00,333.135,333.21,332.65,332.7,5950.0,172.0,332.957479
GOOGL,2026-09-10 19:50:00+00:00,332.75,333.09,332.475,332.845,13098.0,363.0,332.724299
GOOGL,2026-09-10 19:55:00+00:00,332.58,332.84,332.53,332.67,26449.0,799.0,332.653782
GOOGL,2026-09-11 12:05:00+00:00,333.83,333.83,333.83,333.83,120.0,4.0,333.83
GOOGL,2026-09-11 12:10:00+00:00,333.62,333.62,333.62,333.62,40.0,1.0,333.62
GOOGL,2026-09-11 12:30:00+00:00,334.19,334.19,334.19,334.19,77.0,4.0,334.19
GOOGL,2026-09-11 12:35:00+00:00,334.0,334.0,333.99,333.99,140.0,4.0,333.996667
GOOGL,2026-09-11 13:30:00+00:00,335.05,340.06,335.05,340.06,24300.0,590.0,337.612415
GOOGL,2026-09-11 13:35:00+00:00,340.24,340.715,338.03,338.03,20112.0,478.0,339.291031
GOOGL,2026-09-11 13:40:00+00:00,337.905,338.76,337.24,338.27,12427.0,262.0,338.081997
GOOGL,2026-09-11 13:45:00+00:00,338.37,338.86,337.58,337.71,13801.0,313.0,337.95398
GOOGL,2026-09-11 13:50:00+00:00,337.75,338.35,337.625,338.015,4455.0,123.0,338.009119
GOOGL,2026-09-11 13:55:00+00:00,338.11,338.43,338.04,338.165,5784.0,163.0,338.177418
GOOGL,2026-09-11 14:00:00+00:00,337.975,338.94,337.53,338.86,8595.0,232.0,338.371931
GOOGL,2026-09-11 14:05:00+00:00,338.875,339.05,338.49,338.96,8418.0,209.0,338.892414
GOOGL,2026-09-11 14:10:00+00:00,339.02,339.41,338.79,338.98,13229.0,318.0,339.101832
GOOGL,2026-09-11 14:15:00+00:00,338.96,340.17,338.935,339.96,8945.0,231.0,339.496347
GOOGL,2026-09-11 14:20:00+00:00,339.94,340.61,339.92,340.43,16068.0,367.0,340.233957
GOOGL,2026-09-11 14:25:00+00:00,340.53,340.585,339.285,340.15,12516.0,303.0,339.892989
GOOGL,2026-09-11 14:30:00+00:00,340.3,340.45,339.355,339.675,18495.0,443.0,339.876534
GOOGL,2026-09-11 14:35:00+00:00,339.64,340.19,339.5,339.64,7305.0,175.0,339.809434
GOOGL,2026-09-11 14:40:00+00:00,339.715,340.215,339.69,339.99,5726.0,153.0,339.880433
GOOGL,2026-09-11 14:45:00+00:00,340.02,340.31,339.525,340.03,7772.0,229.0,340.000095
GOOGL,2026-09-11 14:50:00+00:00,340.225,340.355,339.81,339.88,5533.0,199.0,340.044649
GOOGL,2026-09-11 14:55:00+00:00,339.835,340.19,339.54,340.16,6601.0,199.0,339.859334
GOOGL,2026-09-11 15:00:00+00:00,340.19,341.37,340.1,341.21,9567.0,244.0,340.742985
GOOGL,2026-09-11 15:05:00+00:00,341.285,341.745,341.195,341.505,9393.0,258.0,341.505803
GOOGL,2026-09-11 15:10:00+00:00,341.51,342.165,341.19,342.115,7622.0,190.0,341.536237
GOOGL,2026-09-11 15:15:00+00:00,342.3,342.91,342.205,342.74,13671.0,322.0,342.601087
GOOGL,2026-09-11 15:20:00+00:00,342.78,342.885,341.67,342.06,12498.0,293.0,342.424419
GOOGL,2026-09-11 15:25:00+00:00,341.9,342.39,341.82,342.01,7125.0,198.0,342.107341
GOOGL,2026-09-11 15:30:00+00:00,342.055,342.11,341.33,341.33,5400.0,123.0,341.827206
GOOGL,2026-09-11 15:35:00+00:00,341.42,341.87,341.395,341.705,4820.0,119.0,341.666316
GOOGL,2026-09-11 15:40:00+00:00,341.74,341.945,341.39,341.39,2612.0,90.0,341.589973
GOOGL,2026-09-11 15:45:00+00:00,341.34,341.375,341.0,341.14,4265.0,134.0,341.200816
GOOGL,2026-09-11 15:50:00+00:00,341.16,341.385,341.07,341.225,3471.0,104.0,341.259985
GOOGL,2026-09-11 15:55:00+00:00,341.19,341.835,341.14,341.455,3669.0,104.0,341.560666
GOOGL,2026-09-11 16:00:00+00:00,341.47,341.77,341.305,341.63,4621.0,114.0,341.628486
GOOGL,2026-09-11 16:05:00+00:00,341.695,341.79,341.53,341.55,5879.0,104.0,341.697048
GOOGL,2026-09-11 16:10:00+00:00,341.58,341.625,341.4,341.54,5502.0,135.0,341.507559
GOOGL,2026-09-11 16:15:00+00:00,341.505,341.64,341.005,341.005,6679.0,146.0,341.364978
GOOGL,2026-09-11 16:20:00+00:00,340.945,341.275,340.615,340.63,2030.0,71.0,340.889564
GOOGL,2026-09-11 16:25:00+00:00,340.68,340.79,340.17,340.17,6144.0,157.0,340.534469
GOOGL,2026-09-11 16:30:00+00:00,340.14,340.6,340.01,340.52,7932.0,149.0,340.303244
GOOGL,2026-09-11 16:35:00+00:00,340.365,340.61,340.36,340.465,16455.0,231.0,340.405536
GOOGL,2026-09-11 16:40:00+00:00,340.33,340.66,340.33,340.66,1747.0,72.0,340.483495
GOOGL,2026-09-11 16:45:00+00:00,340.625,340.93,340.44,340.51,2127.0,84.0,340.632535
GOOGL,2026-09-11 16:50:00+00:00,340.59,340.59,340.43,340.585,980.0,77.0,340.520315
GOOGL,2026-09-11 16:55:00+00:00,340.89,341.01,340.78,340.79,2347.0,97.0,340.882713
GOOGL,2026-09-11 17:00:00+00:00,340.78,341.01,340.78,340.99,1099.0,50.0,340.926521
GOOGL,2026-09-11 17:05:00+00:00,341.0,341.185,340.835,341.18,1718.0,58.0,341.066292
GOOGL,2026-09-11 17:10:00+00:00,341.15,341.205,341.06,341.13,1611.0,73.0,341.141027
GOOGL,2026-09-11 17:15:00+00:00,341.13,341.26,341.08,341.08,1026.0,45.0,341.184384
GOOGL,2026-09-11 17:20:00+00:00,341.305,341.35,341.3,341.3,910.0,51.0,341.31339
GOOGL,2026-09-11 17:25:00+00:00,341.41,341.41,340.75,340.75,1559.0,57.0,341.113989
GOOGL,2026-09-11 17:30:00+00:00,340.785,341.07,340.68,340.88,1752.0,56.0,340.898236
GOOGL,2026-09-11 17:35:00+00:00,340.83,340.93,340.655,340.655,3173.0,91.0,340.781122
GOOGL,2026-09-11 17:40:00+00:00,340.61,340.76,340.52,340.57,2078.0,63.0,340.605549
GOOGL,2026-09-11 17:45:00+00:00,340.54,340.62,340.38,340.38,2276.0,59.0,340.562647
GOOGL,2026-09-11 17:50:00+00:00,340.39,340.535,340.29,340.43,1801.0,54.0,340.448198
GOOGL,2026-09-11 17:55:00+00:00,340.24,340.5,340.17,340.19,13399.0,284.0,340.447698
GOOGL,2026-09-11 18:00:00+00:00,340.25,340.71,340.25,340.405,3330.0,100.0,340.481128
GOOGL,2026-09-11 18:05:00+00:00,340.355,340.4,339.83,339.9,4155.0,96.0,340.193189
GOOGL,2026-09-11 18:10:00+00:00,339.85,339.85,339.22,339.45,9417.0,246.0,339.501327
GOOGL,2026-09-11 18:15:00+00:00,339.5,339.585,339.35,339.4,3347.0,107.0,339.469189
GOOGL,2026-09-11 18:20:00+00:00,339.31,339.365,339.12,339.34,5039.0,134.0,339.23842
GOOGL,2026-09-11 18:25:00+00:00,339.33,339.65,339.33,339.55,3028.0,95.0,339.535486
GOOGL,2026-09-11 18:30:00+00:00,339.59,339.59,339.235,339.32,2559.0,85.0,339.352219
GOOGL,2026-09-11 18:35:00+00:00,339.305,339.47,339.2,339.32,2797.0,85.0,339.335056
GOOGL,2026-09-11 18:40:00+00:00,339.365,339.455,339.035,339.035,2845.0,112.0,339.324129
GOOGL,2026-09-11 18:45:00+00:00,339.07,339.165,338.7,338.84,4049.0,115.0,339.016324
GOOGL,2026-09-11 18:50:00+00:00,338.835,339.125,338.835,338.935,13283.0,257.0,339.004642
GOOGL,2026-09-11 18:55:00+00:00,338.96,338.96,338.675,338.84,6751.0,126.0,338.789158
GOOGL,2026-09-11 19:00:00+00:00,338.84,339.155,338.8,339.09,12748.0,256.0,338.926672
GOOGL,2026-09-11 19:05:00+00:00,339.0,339.17,338.88,339.07,2498.0,89.0,338.979888
GOOGL,2026-09-11 19:10:00+00:00,339.07,339.19,338.965,339.05,5194.0,168.0,339.092179
GOOGL,2026-09-11 19:15:00+00:00,339.15,339.2,339.02,339.035,2181.0,65.0,339.110832
GOOGL,2026-09-11 19:20:00+00:00,339.04,339.25,338.89,339.25,5642.0,112.0,338.983526
GOOGL,2026-09-11 19:25:00+00:00,339.21,339.21,339.01,339.08,2545.0,104.0,339.080996
GOOGL,2026-09-11 19:30:00+00:00,339.13,339.13,338.82,339.04,6931.0,127.0,339.020024
GOOGL,2026-09-11 19:35:00+00:00,338.96,339.135,338.96,339.06,4541.0,125.0,339.061671
GOOGL,2026-09-11 19:40:00+00:00,339.05,339.05,338.57,338.745,9881.0,216.0,338.759686
GOOGL,2026-09-11 19:45:00+00:00,338.72,338.94,338.505,338.63,6835.0,218.0,338.710873
GOOGL,2026-09-11 19:50:00+00:00,338.57,338.86,338.12,338.835,15665.0,382.0,338.436365
GOOGL,2026-09-11 19:55:00+00:00,338.74,339.18,338.38,338.44,71257.0,1549.0,338.776129
GOOGL,2026-09-14 12:50:00+00:00,342.71,342.71,342.71,342.71,40.0,1.0,342.71
GOOGL,2026-09-14 13:00:00+00:00,343.53,343.57,343.53,343.57,80.0,2.0,343.55
GOOGL,2026-09-14 13:05:00+00:00,342.99,343.06,342.99,343.06,360.0,11.0,343.021111
GOOGL,2026-09-14 13:15:00+00:00,342.53,342.53,342.53,342.53,40.0,1.0,342.53
GOOGL,2026-09-14 13:20:00+00:00,342.62,342.62,342.62,342.62,160.0,4.0,342.62
GOOGL,2026-09-14 13:25:00+00:00,343.35,343.35,343.35,343.35,80.0,2.0,343.35
GOOGL,2026-09-14 13:30:00+00:00,342.995,344.81,342.35,344.38,73394.0,1469.0,343.523895
GOOGL,2026-09-14 13:35:00+00:00,344.58,345.21,342.86,343.49,40085.0,872.0,343.928784
GOOGL,2026-09-14 13:40:00+00:00,343.8,345.355,342.94,345.355,27075.0,616.0,343.818784
GOOGL,2026-09-14 13:45:00+00:00,345.34,346.215,344.41,346.105,65360.0,1090.0,345.31824
GOOGL,2026-09-14 13:50:00+00:00,346.195,346.765,345.23,346.765,29089.0,592.0,346.160309
GOOGL,2026-09-14 13:55:00+00:00,346.92,347.19,346.12,346.66,31367.0,563.0,346.747928
GOOGL,2026-09-14 14:00:00+00:00,346.58,347.115,345.575,346.45,33114.0,709.0,346.548007
GOOGL,2026-09-14 14:05:00+00:00,346.47,346.6,345.735,346.315,44105.0,1079.0,346.116058
GOOGL,2026-09-14 14:10:00+00:00,346.29,346.29,344.67,345.16,19594.0,497.0,345.304095
GOOGL,2026-09-14 14:15:00+00:00,345.19,345.6,344.365,344.435,8612.0,253.0,345.191337
GOOGL,2026-09-14 14:20:00+00:00,344.415,344.415,342.77,343.42,13105.0,342.0,343.47406
GOOGL,2026-09-14 14:25:00+00:00,343.46,344.305,343.26,344.22,14859.0,283.0,343.796606
GOOGL,2026-09-14 14:30:00+00:00,344.125,344.26,343.34,344.11,12288.0,334.0,343.803243
GOOGL,2026-09-14 14:35:00+00:00,344.07,344.14,343.695,343.96,12101.0,300.0,343.931633
GOOGL,2026-09-14 14:40:00+00:00,343.97,344.28,343.625,344.06,11271.0,283.0,343.942818
GOOGL,2026-09-14 14:45:00+00:00,344.135,345.31,344.08,344.68,13727.0,325.0,344.902561
GOOGL,2026-09-14 14:50:00+00:00,344.655,344.855,344.225,344.235,7710.0,205.0,344.442044
GOOGL,2026-09-14 14:55:00+00:00,344.235,345.215,344.17,345.12,6212.0,183.0,344.664319
GOOGL,2026-09-14 15:00:00+00:00,345.12,345.12,344.64,344.81,15801.0,376.0,344.90011
GOOGL,2026-09-14 15:05:00+00:00,344.75,345.53,344.08,345.21,13206.0,320.0,345.065549
GOOGL,2026-09-14 15:10:00+00:00,345.235,345.735,344.99,345.56,9700.0,235.0,345.395172
GOOGL,2026-09-14 15:15:00+00:00,345.53,346.025,345.48,345.97,10731.0,260.0,345.757837
GOOGL,2026-09-14 15:20:00+00:00,345.99,346.02,344.985,345.39,7887.0,215.0,345.414818
GOOGL,2026-09-14 15:25:00+00:00,345.28,345.645,345.245,345.42,8133.0,200.0,345.413368
GOOGL,2026-09-14 15:30:00+00:00,345.45,345.45,344.69,345.19,12780.0,274.0,345.031251
GOOGL,2026-09-14 15:35:00+00:00,345.295,345.655,345.03,345.655,7758.0,197.0,345.264113
GOOGL,2026-09-14 15:40:00+00:00,345.67,345.95,345.4,345.71,7284.0,174.0,345.691615
GOOGL,2026-09-14 15:45:00+00:00,345.67,346.02,345.55,345.76,6053.0,160.0,345.809495
GOOGL,2026-09-14 15:50:00+00:00,346.005,346.06,345.53,345.56,6822.0,169.0,345.749783
GOOGL,2026-09-14 15:55:00+00:00,345.51,345.65,345.23,345.315,7562.0,196.0,345.455066
GOOGL,2026-09-14 16:00:00+00:00,345.285,345.47,345.0,345.02,11836.0,280.0,345.200043
GOOGL,2026-09-14 16:05:00+00:00,344.995,345.875,344.97,345.83,6023.0,149.0,345.250026
GOOGL,2026-09-14 16:10:00+00:00,345.76,346.09,345.58,345.84,13356.0,244.0,345.831484
GOOGL,2026-09-14 16:15:00+00:00,345.91,346.27,345.91,346.14,10792.0,246.0,346.088318
GOOGL,2026-09-14 16:20:00+00:00,346.165,346.6,346.14,346.57,15508.0,382.0,346.31826
GOOGL,2026-09-14 16:25:00+00:00,346.54,346.54,346.0,346.07,8576.0,205.0,346.191162
GOOGL,2026-09-14 16:30:00+00:00,346.08,346.73,346.08,346.66,6159.0,211.0,346.502586
GOOGL,2026-09-14 16:35:00+00:00,346.67,347.275,346.54,346.72,7580.0,224.0,346.994116
GOOGL,2026-09-14 16:40:00+00:00,346.76,347.155,346.675,346.705,8846.0,228.0,346.927201
GOOGL,2026-09-14 16:45:00+00:00,346.625,347.545,346.2,347.45,9604.0,219.0,346.998788
GOOGL,2026-09-14 16:50:00+00:00,347.46,347.765,347.09,347.64,6909.0,186.0,347.466354
GOOGL,2026-09-14 16:55:00+00:00,347.615,347.84,347.465,347.63,8366.0,193.0,347.631419
GOOGL,2026-09-14 17:00:00+00:00,347.7,347.7,347.13,347.16,8735.0,230.0,347.414203
GOOGL,2026-09-14 17:05:00+00:00,347.07,347.21,346.765,347.07,6758.0,168.0,347.024657
GOOGL,2026-09-14 17:10:00+00:00,347.1,347.55,346.71,346.765,5249.0,135.0,347.095233
GOOGL,2026-09-14 17:15:00+00:00,346.81,347.31,346.705,347.3,3893.0,112.0,347.010992
GOOGL,2026-09-14 17:20:00+00:00,347.375,347.84,347.32,347.78,8608.0,165.0,347.608874
GOOGL,2026-09-14 17:25:00+00:00,347.81,348.11,347.755,348.1,4873.0,132.0,347.925113
GOOGL,2026-09-14 17:30:00+00:00,348.07,349.28,348.035,349.07,19905.0,498.0,348.867989
GOOGL,2026-09-14 17:35:00+00:00,348.995,349.57,348.775,348.955,23991.0,522.0,349.126549
GOOGL,2026-09-14 17:40:00+00:00,349.0,349.215,348.82,348.87,24288.0,379.0,348.971066
GOOGL,2026-09-14 17:45:00+00:00,348.84,349.7,348.84,349.665,10428.0,255.0,349.286838
GOOGL,2026-09-14 17:50:00+00:00,349.66,349.74,349.2,349.695,9422.0,255.0,349.462965
GOOGL,2026-09-14 17:55:00+00:00,349.7,349.88,349.225,349.225,12566.0,321.0,349.59053
GOOGL,2026-09-14 18:00:00+00:00,349.285,349.46,348.92,349.01,8880.0,228.0,349.138068
GOOGL,2026-09-14 18:05:00+00:00,349.085,349.9,349.035,349.77,6633.0,219.0,349.490617
GOOGL,2026-09-14 18:10:00+00:00,349.86,349.895,348.46,348.54,11502.0,309.0,349.353421
GOOGL,2026-09-14 18:15:00+00:00,348.66,349.09,347.61,348.77,23591.0,435.0,348.622605
GOOGL,2026-09-14 18:20:00+00:00,348.635,348.66,346.92,346.92,16232.0,369.0,348.064981
GOOGL,2026-09-14 18:25:00+00:00,346.98,347.77,346.73,347.67,40901.0,607.0,347.499199
GOOGL,2026-09-14 18:30:00+00:00,347.7,348.04,347.31,347.81,27306.0,463.0,347.685859
GOOGL,2026-09-14 18:35:00+00:00,347.88,348.52,347.73,348.32,31307.0,576.0,348.123488
GOOGL,2026-09-14 18:40:00+00:00,348.22,348.4,346.75,346.94,17565.0,378.0,347.758143
GOOGL,2026-09-14 18:45:00+00:00,346.84,347.77,346.73,347.705,10436.0,239.0,347.325558
GOOGL,2026-09-14 18:50:00+00:00,347.59,347.87,346.88,346.88,6999.0,173.0,347.42725
GOOGL,2026-09-14 18:55:00+00:00,346.855,347.48,346.79,347.405,6861.0,173.0,347.134342
GOOGL,2026-09-14 19:00:00+00:00,347.33,347.42,347.01,347.27,5819.0,159.0,347.183367
GOOGL,2026-09-14 19:05:00+00:00,347.25,347.59,347.155,347.21,5564.0,137.0,347.32921
GOOGL,2026-09-14 19:10:00+00:00,347.26,347.58,346.98,347.405,6340.0,188.0,347.251533
GOOGL,2026-09-14 19:15:00+00:00,347.3,347.37,346.835,346.965,5003.0,169.0,347.038254
GOOGL,2026-09-14 19:20:00+00:00,346.965,347.66,346.965,347.65,6899.0,195.0,347.346242
GOOGL,2026-09-14 19:25:00+00:00,347.6,348.615,347.6,348.615,7594.0,218.0,348.035976
GOOGL,2026-09-14 19:30:00+00:00,348.55,348.79,347.965,348.13,15605.0,384.0,348.434981
GOOGL,2026-09-14 19:35:00+00:00,348.155,348.45,348.02,348.02,12181.0,301.0,348.256968
GOOGL,2026-09-14 19:40:00+00:00,348.005,348.83,347.975,348.31,20267.0,441.0,348.5023
GOOGL,2026-09-14 19:45:00+00:00,348.285,349.23,348.24,349.23,18373.0,485.0,348.823197
GOOGL,2026-09-14 19:50:00+00:00,349.23,349.41,348.735,349.07,23170.0,589.0,349.068237
GOOGL,2026-09-14 19:55:00+00:00,348.68,349.585,348.68,349.445,80572.0,1668.0,349.387791
GOOGL,2026-09-15 12:50:00+00:00,346.97,346.97,346.97,346.97,50.0,1.0,346.97
GOOGL,2026-09-15 13:00:00+00:00,346.69,346.69,346.69,346.69,40.0,1.0,346.69
GOOGL,2026-09-15 13:30:00+00:00,346.86,348.03,344.745,345.475,17470.0,502.0,346.120699
GOOGL,2026-09-15 13:35:00+00:00,345.78,347.62,345.72,347.185,24367.0,336.0,346.708603
GOOGL,2026-09-15 13:40:00+00:00,347.11,347.37,345.88,347.1,17191.0,330.0,346.570272
GOOGL,2026-09-15 13:45:00+00:00,347.035,347.39,346.305,346.595,13502.0,326.0,346.837074
GOOGL,2026-09-15 13:50:00+00:00,346.62,346.625,345.7,345.71,10231.0,235.0,346.286769
GOOGL,2026-09-15 13:55:00+00:00,345.64,345.94,345.38,345.845,4400.0,158.0,345.65016
GOOGL,2026-09-15 14:00:00+00:00,345.81,345.81,344.77,345.01,28004.0,609.0,345.005127
GOOGL,2026-09-15 14:05:00+00:00,345.05,345.335,344.665,344.785,8295.0,250.0,344.976664
GOOGL,2026-09-15 14:10:00+00:00,344.74,345.02,344.24,345.02,13111.0,262.0,344.463221
GOOGL,2026-09-15 14:15:00+00:00,344.86,345.12,344.3,344.3,7695.0,188.0,344.621195
GOOGL,2026-09-15 14:20:00+00:00,344.165,344.28,343.8,344.01,6612.0,179.0,344.006271
GOOGL,2026-09-15 14:25:00+00:00,344.04,345.01,344.04,344.7,7632.0,217.0,344.677929
GOOGL,2026-09-15 14:30:00+00:00,344.68,344.815,344.04,344.565,10763.0,243.0,344.388773
GOOGL,2026-09-15 14:35:00+00:00,344.605,345.055,344.425,344.425,8869.0,210.0,344.702017
GOOGL,2026-09-15 14:40:00+00:00,344.365,344.555,344.135,344.44,6345.0,147.0,344.36044
GOOGL,2026-09-15 14:45:00+00:00,344.47,344.74,344.05,344.05,5486.0,135.0,344.397428
GOOGL,2026-09-15 14:50:00+00:00,344.01,344.26,343.8,344.245,10246.0,237.0,343.943942
GOOGL,2026-09-15 14:55:00+00:00,344.2,344.48,343.9,343.935,4626.0,131.0,344.244469
GOOGL,2026-09-15 15:00:00+00:00,343.97,344.2,343.92,344.15,8539.0,205.0,344.092677
GOOGL,2026-09-15 15:05:00+00:00,344.24,344.64,344.19,344.64,3714.0,130.0,344.347363
GOOGL,2026-09-15 15:10:00+00:00,344.67,345.16,344.265,344.34,5769.0,150.0,344.635848
GOOGL,2026-09-15 15:15:00+00:00,344.27,344.44,344.14,344.215,4599.0,133.0,344.287046
GOOGL,2026-09-15 15:20:00+00:00,344.085,344.135,343.72,343.82,3112.0,109.0,343.93189
GOOGL,2026-09-15 15:25:00+00:00,343.86,343.915,343.5,343.5,5638.0,153.0,343.705997
GOOGL,2026-09-15 15:30:00+00:00,343.61,343.61,343.29,343.57,2420.0,75.0,343.441433
GOOGL,2026-09-15 15:35:00+00:00,343.7,343.77,343.345,343.37,7076.0,151.0,343.478799
GOOGL,2026-09-15 15:40:00+00:00,343.44,343.64,343.22,343.26,13936.0,222.0,343.433505
GOOGL,2026-09-15 15:45:00+00:00,343.245,343.645,343.055,343.235,5172.0,120.0,343.401423
GOOGL,2026-09-15 15:50:00+00:00,343.375,343.44,343.0,343.17,4691.0,123.0,343.187924
GOOGL,2026-09-15 15:55:00+00:00,343.155,343.86,343.11,343.69,4472.0,124.0,343.560663
GOOGL,2026-09-15 16:00:00+00:00,343.72,344.305,343.6,344.305,3151.0,114.0,343.877058
GOOGL,2026-09-15 16:05:00+00:00,344.3,344.3,343.89,344.175,3603.0,135.0,344.128506
GOOGL,2026-09-15 16:10:00+00:00,344.15,344.39,343.89,344.215,5180.0,120.0,344.166327
GOOGL,2026-09-15 16:15:00+00:00,344.1,344.64,344.1,344.56,7914.0,154.0,344.495709
GOOGL,2026-09-15 16:20:00+00:00,344.59,344.745,344.46,344.47,4648.0,106.0,344.602717
GOOGL,2026-09-15 16:25:00+00:00,344.495,344.62,344.335,344.36,3027.0,109.0,344.501718
GOOGL,2026-09-15 16:30:00+00:00,344.33,344.575,344.215,344.43,4932.0,135.0,344.464188
GOOGL,2026-09-15 16:35:00+00:00,344.43,344.74,344.43,344.715,13166.0,209.0,344.607713
GOOGL,2026-09-15 16:40:00+00:00,344.72,344.75,344.05,344.16,6621.0,131.0,344.596711
GOOGL,2026-09-15 16:45:00+00:00,344.13,344.195,343.67,343.78,5910.0,134.0,343.924615
GOOGL,2026-09-15 16:50:00+00:00,343.795,343.93,343.625,343.91,2065.0,72.0,343.783931
GOOGL,2026-09-15 16:55:00+00:00,343.87,343.885,343.575,343.82,4775.0,103.0,343.762064
GOOGL,2026-09-15 17:00:00+00:00,343.8,343.94,343.745,343.83,2056.0,63.0,343.838862
GOOGL,2026-09-15 17:05:00+00:00,343.845,344.315,343.695,343.84,5643.0,145.0,343.926693
GOOGL,2026-09-15 17:10:00+00:00,343.79,343.935,343.57,343.57,3334.0,96.0,343.832292
GOOGL,2026-09-15 17:15:00+00:00,343.37,343.37,343.125,343.19,2348.0,77.0,343.276693
GOOGL,2026-09-15 17:20:00+00:00,343.285,343.405,343.01,343.07,1724.0,64.0,343.226875
GOOGL,2026-09-15 17:25:00+00:00,342.99,343.225,342.71,342.84,7352.0,148.0,342.825781
GOOGL,2026-09-15 17:30:00+00:00,342.895,343.045,342.775,342.955,5934.0,168.0,342.858805
GOOGL,2026-09-15 17:35:00+00:00,343.035,343.25,343.035,343.24,1144.0,63.0,343.147235
GOOGL,2026-09-15 17:40:00+00:00,343.21,343.44,343.08,343.395,1886.0,69.0,343.261961
GOOGL,2026-09-15 17:45:00+00:00,343.42,343.475,343.04,343.25,3619.0,80.0,343.20277
GOOGL,2026-09-15 17:50:00+00:00,343.2,343.49,343.14,343.4,5228.0,90.0,343.362395
GOOGL,2026-09-15 17:55:00+00:00,343.34,343.5,343.22,343.22,2250.0,74.0,343.381025
GOOGL,2026-09-15 18:00:00+00:00,343.385,343.67,343.13,343.57,2994.0,102.0,343.370848
GOOGL,2026-09-15 18:05:00+00:00,343.57,343.68,343.485,343.57,1598.0,63.0,343.578513
GOOGL,2026-09-15 18:10:00+00:00,343.6,344.1,343.6,343.905,3676.0,106.0,343.926828
GOOGL,2026-09-15 18:15:00+00:00,343.9,343.9,343.71,343.86,6391.0,155.0,343.790351
GOOGL,2026-09-15 18:20:00+00:00,343.83,344.415,343.83,344.415,3400.0,93.0,343.95738
GOOGL,2026-09-15 18:25:00+00:00,344.35,344.38,343.805,344.05,4978.0,142.0,344.020238
GOOGL,2026-09-15 18:30:00+00:00,344.05,344.21,343.99,344.17,3257.0,107.0,344.106165
GOOGL,2026-09-15 18:35:00+00:00,344.16,344.49,343.86,343.86,6344.0,172.0,344.214695
GOOGL,2026-09-15 18:40:00+00:00,343.84,344.31,343.83,343.96,4629.0,130.0,344.040864
GOOGL,2026-09-15 18:45:00+00:00,343.92,344.21,343.85,344.065,5740.0,136.0,343.998454
GOOGL,2026-09-15 18:50:00+00:00,344.12,344.16,343.855,343.855,2965.0,82.0,344.002032
GOOGL,2026-09-15 18:55:00+00:00,343.86,344.325,343.74,344.3,5596.0,123.0,344.063917
GOOGL,2026-09-15 19:00:00+00:00,344.23,344.32,344.01,344.01,2759.0,93.0,344.1678
GOOGL,2026-09-15 19:05:00+00:00,344.03,344.22,344.005,344.005,4471.0,118.0,344.133227
GOOGL,2026-09-15 19:10:00+00:00,344.025,344.25,343.98,344.17,4854.0,123.0,344.055427
GOOGL,2026-09-15 19:15:00+00:00,344.17,344.205,344.01,344.06,3595.0,131.0,344.135841
GOOGL,2026-09-15 19:20:00+00:00,344.04,344.225,344.025,344.075,3091.0,100.0,344.160119
GOOGL,2026-09-15 19:25:00+00:00,344.03,344.16,343.95,344.05,2799.0,102.0,344.038139
GOOGL,2026-09-15 19:30:00+00:00,344.05,344.185,343.945,343.99,5384.0,133.0,344.082357
GOOGL,2026-09-15 19:35:00+00:00,343.975,344.13,343.76,343.81,5081.0,169.0,343.936029
GOOGL,2026-09-15 19:40:00+00:00,343.77,344.13,343.74,344.075,5637.0,154.0,343.959115
GOOGL,2026-09-15 19:45:00+00:00,344.075,344.79,344.06,344.75,11026.0,309.0,344.430792
GOOGL,2026-09-15 19:50:00+00:00,344.81,345.1,344.54,345.07,18679.0,462.0,344.824869
GOOGL,2026-09-15 19:55:00+00:00,344.995,345.18,344.78,344.98,50985.0,1286.0,345.024658
GOOGL,2026-09-16 12:20:00+00:00,345.9,345.9,345.9,345.9,160.0,4.0,345.9
GOOGL,2026-09-16 12:35:00+00:00,346.44,346.44,346.44,346.44,77.0,2.0,346.44
GOOGL,2026-09-16 13:00:00+00:00,345.63,345.63,345.63,345.63,100.0,2.0,345.63
GOOGL,2026-09-16 13:25:00+00:00,346.9,346.9,346.9,346.9,120.0,1.0,346.9
GOOGL,2026-09-16 13:30:00+00:00,346.99,348.39,345.465,345.99,24138.0,506.0,346.684925
GOOGL,2026-09-16 13:35:00+00:00,345.99,346.1,344.08,344.475,15175.0,307.0,345.386493
GOOGL,2026-09-16 13:40:00+00:00,344.46,345.06,343.77,344.59,17463.0,274.0,344.473902
GOOGL,2026-09-16 13:45:00+00:00,344.54,346.33,344.54,346.31,15013.0,298.0,345.758262
GOOGL,2026-09-16 13:50:00+00:00,346.34,347.165,346.34,346.795,13415.0,267.0,346.823591
GOOGL,2026-09-16 13:55:00+00:00,346.73,347.195,346.165,346.515,19465.0,398.0,346.660291
GOOGL,2026-09-16 14:00:00+00:00,346.52,346.88,345.545,346.47,16235.0,357.0,346.282409
GOOGL,2026-09-16 14:05:00+00:00,346.48,346.77,346.14,346.215,8802.0,186.0,346.443853
GOOGL,2026-09-16 14:10:00+00:00,346.23,346.23,344.24,344.47,9186.0,222.0,344.984707
GOOGL,2026-09-16 14:15:00+00:00,344.375,345.28,344.28,345.23,7260.0,171.0,344.757291
GOOGL,2026-09-16 14:20:00+00:00,345.215,345.215,344.83,345.13,5523.0,130.0,345.030256
GOOGL,2026-09-16 14:25:00+00:00,345.125,345.305,344.98,345.125,6138.0,140.0,345.100486
GOOGL,2026-09-16 14:30:00+00:00,345.05,345.95,344.78,345.375,11005.0,206.0,345.452104
GOOGL,2026-09-16 14:35:00+00:00,345.45,345.625,345.125,345.6,4527.0,134.0,345.359361
GOOGL,2026-09-16 14:40:00+00:00,345.55,346.17,345.24,345.665,6881.0,155.0,345.594736
GOOGL,2026-09-16 14:45:00+00:00,345.785,346.69,345.7,346.03,7135.0,138.0,346.158052
GOOGL,2026-09-16 14:50:00+00:00,346.15,346.165,345.84,346.065,7675.0,158.0,345.99973
GOOGL,2026-09-16 14:55:00+00:00,346.06,346.64,345.8,346.64,7172.0,150.0,346.091711
GOOGL,2026-09-16 15:00:00+00:00,346.8,346.9,346.375,346.505,5689.0,129.0,346.604123
GOOGL,2026-09-16 15:05:00+00:00,346.495,347.0,346.27,346.885,6202.0,150.0,346.636158
GOOGL,2026-09-16 15:10:00+00:00,346.84,347.04,346.42,346.48,11182.0,157.0,346.689131
GOOGL,2026-09-16 15:15:00+00:00,346.435,346.7,346.28,346.51,6065.0,136.0,346.481104
GOOGL,2026-09-16 15:20:00+00:00,346.5,346.5,345.91,345.915,1927.0,64.0,346.125635
GOOGL,2026-09-16 15:25:00+00:00,345.7,346.165,345.695,346.15,4103.0,100.0,345.999097
GOOGL,2026-09-16 15:30:00+00:00,346.135,346.235,345.52,345.83,5385.0,143.0,345.71718
GOOGL,2026-09-16 15:35:00+00:00,345.85,345.885,345.55,345.855,5033.0,127.0,345.736884
GOOGL,2026-09-16 15:40:00+00:00,345.9,346.09,345.695,346.04,4589.0,137.0,345.9231
GOOGL,2026-09-16 15:45:00+00:00,346.045,346.21,345.64,345.995,8902.0,201.0,346.007725
GOOGL,2026-09-16 15:50:00+00:00,345.9,346.04,345.74,345.935,4691.0,108.0,345.895531
GOOGL,2026-09-16 15:55:00+00:00,345.89,346.315,345.765,346.05,8400.0,133.0,345.949382
GOOGL,2026-09-16 16:00:00+00:00,345.97,345.99,345.53,345.585,1117.0,52.0,345.814563
GOOGL,2026-09-16 16:05:00+00:00,345.58,345.62,345.4,345.62,2368.0,76.0,345.523097
GOOGL,2026-09-16 16:10:00+00:00,345.59,345.77,345.31,345.49,5266.0,127.0,345.49628
GOOGL,2026-09-16 16:15:00+00:00,345.625,345.945,345.59,345.92,3248.0,83.0,345.738722
GOOGL,2026-09-16 16:20:00+00:00,345.71,345.71,345.505,345.545,3991.0,81.0,345.637139
GOOGL,2026-09-16 16:25:00+00:00,345.5,345.64,345.38,345.57,5303.0,117.0,345.582161
GOOGL,2026-09-16 16:30:00+00:00,345.6,345.67,345.52,345.545,4975.0,84.0,345.605824
GOOGL,2026-09-16 16:35:00+00:00,345.495,345.625,345.39,345.55,10369.0,152.0,345.529405
GOOGL,2026-09-16 16:40:00+00:00,345.55,345.895,345.34,345.835,8316.0,144.0,345.5697
GOOGL,2026-09-16 16:45:00+00:00,345.86,345.935,345.67,345.78,6032.0,123.0,345.724626
GOOGL,2026-09-16 16:50:00+00:00,345.72,345.72,345.435,345.46,5026.0,104.0,345.575011
GOOGL,2026-09-16 16:55:00+00:00,345.46,345.64,345.36,345.61,4660.0,127.0,345.503666
GOOGL,2026-09-16 17:00:00+00:00,345.6,345.64,345.23,345.235,11486.0,134.0,345.41623
GOOGL,2026-09-16 17:05:00+00:00,345.185,345.31,345.155,345.31,2782.0,84.0,345.215914
GOOGL,2026-09-16 17:10:00+00:00,345.36,345.36,345.065,345.145,1511.0,62.0,345.151148
GOOGL,2026-09-16 17:15:00+00:00,345.07,345.165,344.94,345.1,2693.0,66.0,345.08263
GOOGL,2026-09-16 17:20:00+00:00,344.99,345.41,344.99,345.2,1566.0,52.0,345.26529
GOOGL,2026-09-16 17:25:00+00:00,345.175,345.31,345.13,345.13,1319.0,48.0,345.249652
GOOGL,2026-09-16 17:30:00+00:00,345.22,345.51,345.14,345.385,5491.0,104.0,345.340209
GOOGL,2026-09-16 17:35:00+00:00,345.41,345.47,345.23,345.285,2910.0,76.0,345.378714
GOOGL,2026-09-16 17:40:00+00:00,345.2,345.2,344.89,344.905,1795.0,86.0,345.013076
GOOGL,2026-09-16 17:45:00+00:00,344.95,345.14,344.87,344.9,2414.0,79.0,345.046871
GOOGL,2026-09-16 17:50:00+00:00,344.75,344.805,344.55,344.58,2481.0,75.0,344.716885
GOOGL,2026-09-16 17:55:00+00:00,344.455,345.1,344.45,344.99,3385.0,79.0,344.692687
GOOGL,2026-09-16 18:00:00+00:00,345.02,346.25,344.8,346.165,4746.0,129.0,345.411172
GOOGL,2026-09-16 18:05:00+00:00,346.04,346.24,345.715,345.915,4508.0,110.0,345.932219
GOOGL,2026-09-16 18:10:00+00:00,345.915,345.915,345.57,345.705,3606.0,93.0,345.751923
GOOGL,2026-09-16 18:15:00+00:00,345.77,346.35,345.76,346.33,3058.0,85.0,345.932168
GOOGL,2026-09-16 18:20:00+00:00,346.14,346.635,346.14,346.265,3803.0,113.0,346.366048
GOOGL,2026-09-16 18:25:00+00:00,346.245,346.25,345.65,345.85,2052.0,69.0,345.890353
GOOGL,2026-09-16 18:30:00+00:00,345.85,345.855,344.67,344.67,3492.0,98.0,345.134088
GOOGL,2026-09-16 18:35:00+00:00,344.73,344.845,343.87,344.565,4965.0,118.0,344.372666
GOOGL,2026-09-16 18:40:00+00:00,344.53,346.005,344.53,345.455,5111.0,136.0,345.4544
GOOGL,2026-09-16 18:45:00+00:00,345.455,345.585,344.75,344.8,12040.0,174.0,345.254636
GOOGL,2026-09-16 18:50:00+00:00,344.6,344.6,343.455,343.455,5298.0,118.0,343.959537
GOOGL,2026-09-16 18:55:00+00:00,343.3,343.565,342.495,342.495,3635.0,88.0,342.861377
GOOGL,2026-09-16 19:00:00+00:00,342.48,343.22,342.45,343.05,10481.0,230.0,342.789816
GOOGL,2026-09-16 19:05:00+00:00,343.06,343.21,342.315,342.46,8543.0,163.0,342.672273
GOOGL,2026-09-16 19:10:00+00:00,342.48,342.54,341.41,341.565,7035.0,177.0,341.773813
GOOGL,2026-09-16 19:15:00+00:00,341.57,341.785,340.89,340.925,3367.0,137.0,341.220673
GOOGL,2026-09-16 19:20:00+00:00,340.935,341.22,340.88,341.22,7684.0,217.0,341.061738
GOOGL,2026-09-16 19:25:00+00:00,341.325,341.475,340.69,341.4,6116.0,190.0,340.983607
GOOGL,2026-09-16 19:30:00+00:00,341.355,342.43,341.05,342.365,6983.0,222.0,341.512779
GOOGL,2026-09-16 19:35:00+00:00,342.33,342.6,342.04,342.595,9253.0,210.0,342.348558
GOOGL,2026-09-16 19:40:00+00:00,342.605,342.87,342.275,342.61,9451.0,208.0,342.563663
GOOGL,2026-09-16 19:45:00+00:00,342.62,343.22,342.6,342.9,13876.0,277.0,342.996682
GOOGL,2026-09-16 19:50:00+00:00,342.94,344.0,342.94,343.68,19667.0,480.0,343.494265
GOOGL,2026-09-16 19:55:00+00:00,343.65,343.65,342.675,342.94,54493.0,1166.0,342.980201
GOOGL,2026-09-17 12:15:00+00:00,347.08,347.08,347.03,347.03,324.0,7.0,347.052857
GOOGL,2026-09-17 12:20:00+00:00,347.66,347.66,347.62,347.62,160.0,6.0,347.636667
GOOGL,2026-09-17 12:30:00+00:00,348.02,348.02,347.95,347.95,264.0,11.0,347.996666
GOOGL,2026-09-17 12:35:00+00:00,348.0,348.0,348.0,348.0,121.0,4.0,348.0
GOOGL,2026-09-17 13:00:00+00:00,348.04,348.04,348.04,348.04,46.0,1.0,348.04
GOOGL,2026-09-17 13:25:00+00:00,348.82,348.82,348.82,348.82,125.0,4.0,348.82
GOOGL,2026-09-17 13:30:00+00:00,348.63,349.45,346.3,346.3,11346.0,279.0,347.966566
GOOGL,2026-09-17 13:35:00+00:00,346.39,347.33,345.46,347.18,14085.0,325.0,346.34706
GOOGL,2026-09-17 13:40:00+00:00,347.43,347.43,345.18,345.83,13888.0,306.0,346.067938
GOOGL,2026-09-17 13:45:00+00:00,345.83,345.835,344.34,344.865,14774.0,403.0,344.94137
GOOGL,2026-09-17 13:50:00+00:00,344.83,344.96,343.92,344.51,11386.0,307.0,344.381535
GOOGL,2026-09-17 13:55:00+00:00,344.48,345.665,344.08,345.62,14990.0,320.0,344.926498
GOOGL,2026-09-17 14:00:00+00:00,345.615,346.1,344.57,346.05,27653.0,541.0,345.350283
GOOGL,2026-09-17 14:05:00+00:00,346.035,346.035,345.265,345.3,20061.0,410.0,345.617986
GOOGL,2026-09-17 14:10:00+00:00,345.255,346.305,345.23,346.13,6198.0,187.0,345.769144
GOOGL,2026-09-17 14:15:00+00:00,346.115,346.14,345.52,345.595,8239.0,192.0,345.846889
GOOGL,2026-09-17 14:20:00+00:00,345.525,346.77,345.34,346.74,5841.0,150.0,345.90509
GOOGL,2026-09-17 14:25:00+00:00,346.79,347.255,346.57,346.65,7367.0,184.0,346.903653
GOOGL,2026-09-17 14:30:00+00:00,346.745,348.15,346.745,347.9,7194.0,202.0,347.589686
GOOGL,2026-09-17 14:35:00+00:00,347.945,348.28,347.715,348.03,5280.0,146.0,347.996433
GOOGL,2026-09-17 14:40:00+00:00,347.985,348.625,347.65,347.65,7938.0,160.0,348.232388
GOOGL,2026-09-17 14:45:00+00:00,347.68,347.785,346.52,346.665,7344.0,171.0,346.954995
GOOGL,2026-09-17 14:50:00+00:00,346.61,346.75,346.04,346.04,5186.0,130.0,346.502187
GOOGL,2026-09-17 14:55:00+00:00,345.945,346.625,345.83,346.335,5673.0,134.0,346.246832
GOOGL,2026-09-17 15:00:00+00:00,346.395,346.395,345.79,345.795,4245.0,103.0,346.003569
GOOGL,2026-09-17 15:05:00+00:00,345.885,345.885,345.16,345.78,6108.0,142.0,345.482792
GOOGL,2026-09-17 15:10:00+00:00,345.75,347.105,345.7,347.09,7230.0,193.0,346.424756
GOOGL,2026-09-17 15:15:00+00:00,347.09,347.77,346.985,347.77,6167.0,154.0,347.295445
GOOGL,2026-09-17 15:20:00+00:00,347.72,347.72,347.29,347.665,4011.0,106.0,347.466463
GOOGL,2026-09-17 15:25:00+00:00,347.59,348.045,347.45,347.625,8376.0,200.0,347.79389
GOOGL,2026-09-17 15:30:00+00:00,347.735,347.88,347.41,347.57,7709.0,192.0,347.604793
GOOGL,2026-09-17 15:35:00+00:00,347.56,347.625,347.13,347.13,5153.0,117.0,347.439736
GOOGL,2026-09-17 15:40:00+00:00,347.195,347.505,346.74,346.785,6312.0,153.0,347.216896
GOOGL,2026-09-17 15:45:00+00:00,346.84,346.935,346.63,346.74,11001.0,243.0,346.771868
GOOGL,2026-09-17 15:50:00+00:00,346.665,346.78,345.615,346.26,17785.0,458.0,346.26963
GOOGL,2026-09-17 15:55:00+00:00,346.175,346.21,344.9,345.43,12193.0,303.0,345.586824
GOOGL,2026-09-17 16:00:00+00:00,345.375,345.63,345.2,345.36,9561.0,264.0,345.392354
GOOGL,2026-09-17 16:05:00+00:00,345.325,345.66,344.815,345.645,7854.0,246.0,345.082204
GOOGL,2026-09-17 16:10:00+00:00,345.65,345.795,345.21,345.34,7121.0,227.0,345.390386
GOOGL,2026-09-17 16:15:00+00:00,345.41,345.545,345.13,345.17,8881.0,249.0,345.34341
GOOGL,2026-09-17 16:20:00+00:00,345.185,345.51,345.125,345.38,5313.0,169.0,345.282487
GOOGL,2026-09-17 16:25:00+00:00,345.32,345.83,345.31,345.31,6401.0,204.0,345.536113
GOOGL,2026-09-17 16:30:00+00:00,345.31,345.42,344.91,345.125,6758.0,189.0,345.135217
GOOGL,2026-09-17 16:35:00+00:00,345.185,346.03,345.075,345.745,5673.0,184.0,345.595692
GOOGL,2026-09-17 16:40:00+00:00,345.725,345.995,345.61,345.895,8303.0,159.0,345.782004
GOOGL,2026-09-17 16:45:00+00:00,345.87,345.96,345.79,345.91,4020.0,92.0,345.883972
GOOGL,2026-09-17 16:50:00+00:00,345.92,346.02,345.66,345.73,2820.0,79.0,345.781366
GOOGL,2026-09-17 16:55:00+00:00,345.755,345.8,345.215,345.555,5717.0,138.0,345.465517
GOOGL,2026-09-17 17:00:00+00:00,345.555,345.84,345.555,345.695,3471.0,92.0,345.709546
GOOGL,2026-09-17 17:05:00+00:00,345.85,345.87,345.655,345.68,2459.0,79.0,345.808648
GOOGL,2026-09-17 17:10:00+00:00,345.69,345.945,345.61,345.8,3056.0,79.0,345.730797
GOOGL,2026-09-17 17:15:00+00:00,345.725,345.8,345.135,345.165,5108.0,159.0,345.589365
GOOGL,2026-09-17 17:20:00+00:00,345.18,345.39,344.99,344.99,3353.0,105.0,345.167522
GOOGL,2026-09-17 17:25:00+00:00,344.98,345.16,344.87,344.87,3615.0,124.0,345.065138
GOOGL,2026-09-17 17:30:00+00:00,344.93,345.13,344.795,345.115,8910.0,201.0,344.966736
GOOGL,2026-09-17 17:35:00+00:00,345.17,345.38,345.155,345.32,3804.0,110.0,345.278175
GOOGL,2026-09-17 17:40:00+00:00,345.33,345.46,345.315,345.39,5707.0,116.0,345.373531
GOOGL,2026-09-17 17:45:00+00:00,345.39,345.51,345.06,345.125,4761.0,120.0,345.353357
GOOGL,2026-09-17 17:50:00+00:00,345.055,345.345,344.955,345.345,5923.0,132.0,345.083382
GOOGL,2026-09-17 17:55:00+00:00,345.34,345.525,344.95,345.43,4867.0,111.0,345.2374
GOOGL,2026-09-17 18:00:00+00:00,345.46,345.465,345.02,345.09,3671.0,96.0,345.194134
GOOGL,2026-09-17 18:05:00+00:00,345.085,345.17,344.955,345.14,4065.0,109.0,345.097398
GOOGL,2026-09-17 18:10:00+00:00,345.115,345.525,345.09,345.38,5290.0,132.0,345.26247
GOOGL,2026-09-17 18:15:00+00:00,345.415,345.73,345.295,345.73,4609.0,121.0,345.453514
GOOGL,2026-09-17 18:20:00+00:00,345.81,345.905,345.53,345.53,6315.0,150.0,345.815633
GOOGL,2026-09-17 18:25:00+00:00,345.575,345.835,345.525,345.78,4000.0,118.0,345.70082
GOOGL,2026-09-17 18:30:00+00:00,345.85,345.935,345.65,345.91,4720.0,126.0,345.813296
GOOGL,2026-09-17 18:35:00+00:00,345.905,345.905,345.58,345.69,4349.0,132.0,345.768007
GOOGL,2026-09-17 18:40:00+00:00,345.71,346.0,345.66,346.0,5585.0,158.0,345.833234
GOOGL,2026-09-17 18:45:00+00:00,346.03,346.265,346.0,346.24,3794.0,110.0,346.096975
GOOGL,2026-09-17 18:50:00+00:00,346.28,346.28,345.92,346.03,4029.0,121.0,346.097565
GOOGL,2026-09-17 18:55:00+00:00,346.03,346.03,345.79,345.99,3519.0,98.0,345.918619
GOOGL,2026-09-17 19:00:00+00:00,346.04,346.39,346.02,346.37,3028.0,94.0,346.286708
GOOGL,2026-09-17 19:05:00+00:00,346.37,346.605,346.1,346.33,20080.0,345.0,346.344888
GOOGL,2026-09-17 19:10:00+00:00,346.345,346.36,346.03,346.35,6791.0,238.0,346.208795
GOOGL,2026-09-17 19:15:00+00:00,346.415,346.655,346.3,346.5,10180.0,245.0,346.494838
GOOGL,2026-09-17 19:20:00+00:00,346.53,346.53,346.32,346.39,9239.0,179.0,346.406945
GOOGL,2026-09-17 19:25:00+00:00,346.4,347.0,346.375,346.75,8022.0,228.0,346.668416
GOOGL,2026-09-17 19:30:00+00:00,346.76,347.205,346.76,347.07,8326.0,202.0,347.053701
GOOGL,2026-09-17 19:35:00+00:00,347.045,347.42,347.02,347.31,7460.0,211.0,347.20267
GOOGL,2026-09-17 19:40:00+00:00,347.29,347.64,347.13,347.625,9700.0,224.0,347.347903
GOOGL,2026-09-17 19:45:00+00:00,347.635,347.685,347.395,347.4,12211.0,315.0,347.503527
GOOGL,2026-09-17 19:50:00+00:00,347.51,347.81,347.355,347.44,16600.0,413.0,347.49622
GOOGL,2026-09-17 19:55:00+00:00,347.255,347.535,347.22,347.41,51270.0,1067.0,347.402983
GOOGL,2026-09-18 12:10:00+00:00,354.67,354.67,354.67,354.67,90.0,2.0,354.67
GOOGL,2026-09-18 12:15:00+00:00,354.4,354.4,354.4,354.4,160.0,7.0,354.4
GOOGL,2026-09-18 12:25:00+00:00,354.38,354.38,354.38,354.38,80.0,2.0,354.38
GOOGL,2026-09-18 12:45:00+00:00,355.65,355.65,355.65,355.65,100.0,1.0,355.65
GOOGL,2026-09-18 13:00:00+00:00,354.8,354.8,354.8,354.8,80.0,1.0,354.8
GOOGL,2026-09-18 13:10:00+00:00,355.0,355.0,355.0,355.0,50.0,1.0,355.0
GOOGL,2026-09-18 13:15:00+00:00,355.8,355.8,355.8,355.8,160.0,4.0,355.8
GOOGL,2026-09-18 13:20:00+00:00,355.79,355.92,355.79,355.92,344.0,8.0,355.856923
GOOGL,2026-09-18 13:25:00+00:00,355.53,357.22,355.53,357.15,1353.0,17.0,356.822572
GOOGL,2026-09-18 13:30:00+00:00,357.305,357.93,355.69,357.345,96569.0,1941.0,356.845006
GOOGL,2026-09-18 13:35:00+00:00,357.35,359.26,356.62,357.91,42116.0,870.0,358.113874
GOOGL,2026-09-18 13:40:00+00:00,357.91,359.365,355.53,356.305,40817.0,800.0,358.099343
GOOGL,2026-09-18 13:45:00+00:00,356.48,357.13,354.74,355.035,47817.0,813.0,355.543906
GOOGL,2026-09-18 13:50:00+00:00,354.895,355.585,354.64,354.84,25042.0,577.0,355.091534
GOOGL,2026-09-18 13:55:00+00:00,354.895,355.56,354.88,355.405,32103.0,761.0,355.236098
GOOGL,2026-09-18 14:00:00+00:00,355.405,355.7,354.52,354.605,21105.0,510.0,355.052318
GOOGL,2026-09-18 14:05:00+00:00,354.605,354.725,353.865,353.89,38056.0,985.0,354.444456
GOOGL,2026-09-18 14:10:00+00:00,353.895,354.065,351.98,351.98,25325.0,547.0,353.226552
GOOGL,2026-09-18 14:15:00+00:00,351.995,352.065,350.155,350.54,25330.0,472.0,350.951681
GOOGL,2026-09-18 14:20:00+00:00,350.565,351.36,350.03,350.255,44938.0,883.0,350.895669
GOOGL,2026-09-18 14:25:00+00:00,350.245,351.095,350.055,350.53,24972.0,570.0,350.548982
GOOGL,2026-09-18 14:30:00+00:00,350.5,351.13,349.575,351.13,23219.0,523.0,350.297418
GOOGL,2026-09-18 14:35:00+00:00,351.15,351.72,350.96,351.51,14998.0,329.0,351.399389
GOOGL,2026-09-18 14:40:00+00:00,351.515,351.56,350.15,351.025,19627.0,390.0,350.879472
GOOGL,2026-09-18 14:45:00+00:00,351.025,351.92,350.62,351.155,22193.0,429.0,351.241739
GOOGL,2026-09-18 14:50:00+00:00,351.2,351.45,350.63,350.91,12653.0,308.0,351.178336
GOOGL,2026-09-18 14:55:00+00:00,350.695,351.455,350.695,351.405,13042.0,274.0,351.086887
GOOGL,2026-09-18 15:00:00+00:00,351.385,351.65,350.84,351.48,9085.0,200.0,351.339008
GOOGL,2026-09-18 15:05:00+00:00,351.555,351.555,350.185,350.185,10122.0,223.0,350.801202
GOOGL,2026-09-18 15:10:00+00:00,350.33,350.85,349.625,349.625,10838.0,243.0,350.209354
GOOGL,2026-09-18 15:15:00+00:00,349.57,350.12,349.5,350.0,6784.0,190.0,349.792903
GOOGL,2026-09-18 15:20:00+00:00,350.02,350.44,349.995,350.2,6745.0,169.0,350.271219
GOOGL,2026-09-18 15:25:00+00:00,350.18,351.035,350.18,350.845,11153.0,281.0,350.722362
GOOGL,2026-09-18 15:30:00+00:00,350.855,350.92,349.57,349.63,6590.0,172.0,350.235224
GOOGL,2026-09-18 15:35:00+00:00,349.53,350.145,349.53,350.1,6052.0,141.0,349.9733
GOOGL,2026-09-18 15:40:00+00:00,350.07,350.115,349.795,349.95,4703.0,121.0,349.944285
GOOGL,2026-09-18 15:45:00+00:00,349.97,350.03,349.795,349.795,5900.0,163.0,349.909751
GOOGL,2026-09-18 15:50:00+00:00,349.7,349.705,349.24,349.4,6604.0,171.0,349.536641
GOOGL,2026-09-18 15:55:00+00:00,349.365,349.49,349.1,349.49,6749.0,184.0,349.263769
GOOGL,2026-09-18 16:00:00+00:00,349.38,349.59,349.1,349.47,9008.0,189.0,349.374165
GOOGL,2026-09-18 16:05:00+00:00,349.56,350.28,349.53,350.16,13504.0,288.0,350.023243
GOOGL,2026-09-18 16:10:00+00:00,350.165,350.255,349.49,349.49,8112.0,203.0,349.955294
GOOGL,2026-09-18 16:15:00+00:00,349.48,349.84,349.335,349.82,9162.0,194.0,349.648822
GOOGL,2026-09-18 16:20:00+00:00,349.78,349.78,348.95,348.975,6680.0,200.0,349.365151
GOOGL,2026-09-18 16:25:00+00:00,348.92,349.905,348.91,349.805,6069.0,178.0,349.394361
GOOGL,2026-09-18 16:30:00+00:00,349.78,349.795,349.335,349.58,3907.0,117.0,349.524628
GOOGL,2026-09-18 16:35:00+00:00,349.54,349.93,349.53,349.825,6846.0,173.0,349.80423
GOOGL,2026-09-18 16:40:00+00:00,349.81,350.095,349.68,349.93,4658.0,125.0,349.875866
GOOGL,2026-09-18 16:45:00+00:00,349.94,350.065,349.69,349.91,6283.0,152.0,349.905776
GOOGL,2026-09-18 16:50:00+00:00,349.95,350.12,349.835,349.925,3735.0,107.0,349.976502
GOOGL,2026-09-18 16:55:00+00:00,349.93,350.03,349.7,349.81,4879.0,139.0,349.869873
GOOGL,2026-09-18 17:00:00+00:00,349.78,349.83,349.43,349.51,4353.0,98.0,349.587577
GOOGL,2026-09-18 17:05:00+00:00,349.47,349.79,349.395,349.67,3650.0,95.0,349.553671
GOOGL,2026-09-18 17:10:00+00:00,349.64,349.64,349.44,349.475,1782.0,76.0,349.536613
GOOGL,2026-09-18 17:15:00+00:00,349.45,349.67,349.37,349.38,3200.0,94.0,349.492198
GOOGL,2026-09-18 17:20:00+00:00,349.385,349.605,349.37,349.48,5685.0,118.0,349.482625
GOOGL,2026-09-18 17:25:00+00:00,349.45,349.56,349.345,349.345,3074.0,95.0,349.438709
GOOGL,2026-09-18 17:30:00+00:00,349.325,349.385,349.12,349.19,4936.0,128.0,349.234262
GOOGL,2026-09-18 17:35:00+00:00,349.29,349.48,349.29,349.48,1684.0,69.0,349.407114
GOOGL,2026-09-18 17:40:00+00:00,349.495,349.65,349.49,349.54,3284.0,86.0,349.540892
GOOGL,2026-09-18 17:45:00+00:00,349.565,349.91,349.49,349.72,4068.0,96.0,349.705687
GOOGL,2026-09-18 17:50:00+00:00,349.62,349.92,349.51,349.85,3364.0,104.0,349.759362
GOOGL,2026-09-18 17:55:00+00:00,349.885,350.1,349.74,349.74,4995.0,137.0,349.938082
GOOGL,2026-09-18 18:00:00+00:00,349.76,350.105,349.67,350.04,9837.0,223.0,349.874968
GOOGL,2026-09-18 18:05:00+00:00,350.04,350.2,349.935,349.945,11582.0,270.0,350.060591
GOOGL,2026-09-18 18:10:00+00:00,350.005,350.69,350.0,350.61,6586.0,189.0,350.431711
GOOGL,2026-09-18 18:15:00+00:00,350.59,350.79,350.485,350.49,6695.0,167.0,350.646421
GOOGL,2026-09-18 18:20:00+00:00,350.59,350.94,350.59,350.8,4910.0,140.0,350.782616
GOOGL,2026-09-18 18:25:00+00:00,350.955,350.965,350.68,350.76,7106.0,175.0,350.767966
GOOGL,2026-09-18 18:30:00+00:00,350.75,351.04,350.7,350.99,5445.0,146.0,350.78109
GOOGL,2026-09-18 18:35:00+00:00,350.98,351.04,350.75,351.03,2774.0,93.0,350.927908
GOOGL,2026-09-18 18:40:00+00:00,351.03,351.42,350.88,351.34,9255.0,218.0,351.189102
GOOGL,2026-09-18 18:45:00+00:00,351.32,351.92,351.32,351.735,11519.0,218.0,351.658687
GOOGL,2026-09-18 18:50:00+00:00,351.72,352.09,351.55,351.835,18366.0,273.0,351.820199
GOOGL,2026-09-18 18:55:00+00:00,351.88,351.915,351.505,351.66,6551.0,165.0,351.772741
GOOGL,2026-09-18 19:00:00+00:00,351.69,351.735,351.46,351.59,6543.0,163.0,351.607154
GOOGL,2026-09-18 19:05:00+00:00,351.42,351.44,350.9,351.265,8666.0,152.0,351.177015
GOOGL,2026-09-18 19:10:00+00:00,351.29,351.555,351.24,351.52,5919.0,138.0,351.374782
GOOGL,2026-09-18 19:15:00+00:00,351.505,351.69,351.48,351.555,6113.0,158.0,351.581323
GOOGL,2026-09-18 19:20:00+00:00,351.59,351.955,351.515,351.89,4144.0,125.0,351.805529
GOOGL,2026-09-18 19:25:00+00:00,351.83,352.115,351.82,351.91,3305.0,136.0,351.93923
GOOGL,2026-09-18 19:30:00+00:00,351.845,351.92,351.575,351.6,10267.0,205.0,351.745921
GOOGL,2026-09-18 19:35:00+00:00,351.605,351.785,351.45,351.545,8552.0,176.0,351.593144
GOOGL,2026-09-18 19:40:00+00:00,351.48,351.545,351.16,351.315,34856.0,601.0,351.348769
GOOGL,2026-09-18 19:45:00+00:00,351.295,351.545,351.295,351.505,17795.0,336.0,351.439843
GOOGL,2026-09-18 19:50:00+00:00,351.54,351.55,349.07,349.77,30026.0,660.0,349.884804
GOOGL,2026-09-18 19:55:00+00:00,349.8,350.02,348.48,349.23,105125.0,2123.0,348.93496
