symbol,timestamp,open,high,low,close,volume,trade_count,vwap
UPS,2026-08-14 13:30:00+00:00,105.455,105.455,105.35,105.35,368.0,5.0,105.409286
UPS,2026-08-14 13:35:00+00:00,105.67,105.67,105.35,105.35,1468.0,32.0,105.504589
UPS,2026-08-14 13:40:00+00:00,105.29,105.53,105.29,105.49,775.0,13.0,105.462
UPS,2026-08-14 13:45:00+00:00,105.37,105.68,105.37,105.65,786.0,15.0,105.576
UPS,2026-08-14 13:50:00+00:00,105.805,105.845,105.805,105.805,643.0,17.0,105.820758
UPS,2026-08-14 13:55:00+00:00,105.59,105.61,105.415,105.51,1075.0,14.0,105.489313
UPS,2026-08-14 14:00:00+00:00,105.4,105.4,105.34,105.365,531.0,13.0,105.368333
UPS,2026-08-14 14:05:00+00:00,105.345,105.345,105.345,105.345,234.0,7.0,105.345
UPS,2026-08-14 14:10:00+00:00,105.275,105.31,105.25,105.31,1558.0,29.0,105.281428
UPS,2026-08-14 14:15:00+00:00,105.32,105.5,105.32,105.4,720.0,12.0,105.420454
UPS,2026-08-14 14:20:00+00:00,105.18,105.38,105.175,105.38,1562.0,27.0,105.230455
UPS,2026-08-14 14:25:00+00:00,105.425,105.425,105.41,105.41,630.0,12.0,105.41375
UPS,2026-08-14 14:30:00+00:00,105.485,105.52,105.35,105.35,2074.0,35.0,105.446154
UPS,2026-08-14 14:35:00+00:00,105.395,105.48,105.395,105.45,1208.0,20.0,105.4475
UPS,2026-08-14 14:40:00+00:00,105.47,105.47,105.325,105.33,2569.0,35.0,105.361623
UPS,2026-08-14 14:45:00+00:00,105.415,105.415,105.335,105.335,1482.0,26.0,105.373792
UPS,2026-08-14 14:50:00+00:00,105.265,105.265,105.075,105.08,2118.0,38.0,105.184172
UPS,2026-08-14 14:55:00+00:00,105.06,105.09,104.97,105.09,2597.0,44.0,105.021036
UPS,2026-08-14 15:00:00+00:00,105.28,105.31,105.28,105.31,526.0,12.0,105.29723
UPS,2026-08-14 15:05:00+00:00,105.24,105.285,105.24,105.26,783.0,16.0,105.261667
UPS,2026-08-14 15:10:00+00:00,105.245,105.32,105.245,105.275,1209.0,25.0,105.291519
UPS,2026-08-14 15:15:00+00:00,105.23,105.25,105.2,105.22,732.0,14.0,105.223333
UPS,2026-08-14 15:20:00+00:00,105.14,105.16,105.13,105.155,954.0,27.0,105.143
UPS,2026-08-14 15:25:00+00:00,105.2,105.2,105.045,105.045,1707.0,32.0,105.102986
UPS,2026-08-14 15:30:00+00:00,105.03,105.12,105.03,105.065,2527.0,40.0,105.083235
UPS,2026-08-14 15:35:00+00:00,105.08,105.11,105.075,105.1,849.0,17.0,105.094
UPS,2026-08-14 15:40:00+00:00,105.07,105.07,104.96,104.975,1698.0,32.0,104.99449
UPS,2026-08-14 15:45:00+00:00,104.97,105.0,104.925,104.96,2274.0,56.0,104.97686
UPS,2026-08-14 15:50:00+00:00,104.935,104.955,104.83,104.84,3521.0,59.0,104.862213
UPS,2026-08-14 15:55:00+00:00,104.81,104.83,104.785,104.8,1939.0,40.0,104.81107
UPS,2026-08-14 16:00:00+00:00,104.835,104.85,104.795,104.85,1103.0,31.0,104.831875
UPS,2026-08-14 16:05:00+00:00,104.855,104.895,104.81,104.81,1094.0,19.0,104.861764
UPS,2026-08-14 16:10:00+00:00,104.8,104.81,104.73,104.81,1110.0,27.0,104.779375
UPS,2026-08-14 16:15:00+00:00,104.795,104.83,104.795,104.83,1244.0,27.0,104.81125
UPS,2026-08-14 16:20:00+00:00,104.82,104.87,104.79,104.79,1817.0,25.0,104.82346
UPS,2026-08-14 16:25:00+00:00,104.78,104.805,104.76,104.76,1608.0,30.0,104.783168
UPS,2026-08-14 16:30:00+00:00,104.81,104.845,104.81,104.845,1312.0,28.0,104.82
UPS,2026-08-14 16:35:00+00:00,104.85,104.99,104.85,104.96,1434.0,28.0,104.937778
UPS,2026-08-14 16:45:00+00:00,104.845,104.895,104.83,104.86,1619.0,29.0,104.863485
UPS,2026-08-14 16:50:00+00:00,104.785,104.785,104.73,104.73,695.0,21.0,104.761111
UPS,2026-08-14 16:55:00+00:00,104.75,104.76,104.715,104.74,2104.0,48.0,104.745473
UPS,2026-08-14 17:00:00+00:00,104.785,104.785,104.785,104.785,120.0,3.0,104.785
UPS,2026-08-14 17:05:00+00:00,104.79,104.79,104.77,104.77,421.0,9.0,104.780938
UPS,2026-08-14 17:10:00+00:00,104.75,104.81,104.75,104.81,426.0,10.0,104.78
UPS,2026-08-14 17:15:00+00:00,104.84,104.84,104.84,104.84,254.0,5.0,104.84
UPS,2026-08-14 17:20:00+00:00,104.815,104.825,104.77,104.77,840.0,19.0,104.796
UPS,2026-08-14 17:25:00+00:00,104.745,104.745,104.72,104.72,697.0,17.0,104.734535
UPS,2026-08-14 17:30:00+00:00,104.69,104.69,104.61,104.64,1668.0,30.0,104.63577
UPS,2026-08-14 17:35:00+00:00,104.605,104.655,104.6,104.655,2042.0,32.0,104.616875
UPS,2026-08-14 17:40:00+00:00,104.66,104.66,104.54,104.55,4746.0,58.0,104.601259
UPS,2026-08-14 17:45:00+00:00,104.56,104.58,104.55,104.58,2408.0,36.0,104.556842
UPS,2026-08-14 17:50:00+00:00,104.565,104.6,104.525,104.54,2336.0,28.0,104.561627
UPS,2026-08-14 17:55:00+00:00,104.52,104.52,104.46,104.495,988.0,24.0,104.4875
UPS,2026-08-14 18:00:00+00:00,104.52,104.585,104.47,104.58,1816.0,43.0,104.538684
UPS,2026-08-14 18:05:00+00:00,104.6,104.63,104.585,104.63,1063.0,29.0,104.604018
UPS,2026-08-14 18:10:00+00:00,104.635,104.735,104.635,104.735,1977.0,43.0,104.704552
UPS,2026-08-14 18:15:00+00:00,104.73,104.74,104.73,104.74,397.0,10.0,104.735
UPS,2026-08-14 18:20:00+00:00,104.79,104.835,104.78,104.835,983.0,22.0,104.811
UPS,2026-08-14 18:25:00+00:00,104.86,104.885,104.84,104.885,994.0,20.0,104.865
UPS,2026-08-14 18:30:00+00:00,104.895,104.895,104.82,104.82,1236.0,28.0,104.858125
UPS,2026-08-14 18:35:00+00:00,104.86,104.87,104.81,104.82,1749.0,24.0,104.842103
UPS,2026-08-14 18:40:00+00:00,104.795,104.81,104.735,104.745,1612.0,21.0,104.772193
UPS,2026-08-14 18:45:00+00:00,104.745,104.745,104.665,104.68,2228.0,36.0,104.700541
UPS,2026-08-14 18:50:00+00:00,104.7,104.71,104.68,104.68,2052.0,41.0,104.697803
UPS,2026-08-14 18:55:00+00:00,104.685,104.69,104.615,104.635,1734.0,20.0,104.66248
UPS,2026-08-14 19:00:00+00:00,104.635,104.65,104.575,104.58,2785.0,48.0,104.60988
UPS,2026-08-14 19:05:00+00:00,104.53,104.655,104.53,104.655,1129.0,23.0,104.578257
UPS,2026-08-14 19:10:00+00:00,104.635,104.665,104.59,104.59,1659.0,31.0,104.625207
UPS,2026-08-14 19:15:00+00:00,104.625,104.625,104.55,104.58,2291.0,36.0,104.577222
UPS,2026-08-14 19:20:00+00:00,104.555,104.595,104.54,104.595,3474.0,58.0,104.567243
UPS,2026-08-14 19:25:00+00:00,104.59,104.66,104.58,104.61,4521.0,72.0,104.631287
UPS,2026-08-14 19:30:00+00:00,104.595,104.68,104.52,104.66,6040.0,67.0,104.568374
UPS,2026-08-14 19:35:00+00:00,104.905,104.91,104.76,104.81,5041.0,79.0,104.816136
UPS,2026-08-14 19:40:00+00:00,104.83,104.855,104.785,104.835,3937.0,80.0,104.817576
UPS,2026-08-14 19:45:00+00:00,104.8,104.8,104.67,104.68,4701.0,86.0,104.752576
UPS,2026-08-14 19:50:00+00:00,104.67,104.78,104.665,104.78,6989.0,108.0,104.712726
UPS,2026-08-14 19:55:00+00:00,104.8,104.8,104.47,104.5,30051.0,506.0,104.57206
UPS,2026-08-17 13:30:00+00:00,103.22,103.22,102.17,102.17,2159.0,42.0,102.625218
UPS,2026-08-17 13:35:00+00:00,102.24,102.61,102.215,102.61,2982.0,50.0,102.336453
UPS,2026-08-17 13:40:00+00:00,102.91,102.93,102.69,102.93,616.0,8.0,102.876
UPS,2026-08-17 13:50:00+00:00,102.82,102.82,102.51,102.51,569.0,15.0,102.665
UPS,2026-08-17 13:55:00+00:00,102.58,102.58,102.5,102.5,482.0,13.0,102.54
UPS,2026-08-17 14:00:00+00:00,102.25,102.4,102.25,102.38,2017.0,41.0,102.341842
UPS,2026-08-17 14:05:00+00:00,102.53,102.7,102.53,102.7,820.0,18.0,102.583333
UPS,2026-08-17 14:10:00+00:00,102.69,102.765,102.69,102.74,2180.0,30.0,102.747692
UPS,2026-08-17 14:15:00+00:00,102.6,102.71,102.57,102.71,627.0,10.0,102.626
UPS,2026-08-17 14:20:00+00:00,102.675,102.675,102.58,102.65,1460.0,21.0,102.625045
UPS,2026-08-17 14:25:00+00:00,102.68,102.735,102.63,102.69,981.0,24.0,102.671849
UPS,2026-08-17 14:30:00+00:00,102.71,102.735,102.645,102.72,2195.0,48.0,102.701538
UPS,2026-08-17 14:35:00+00:00,102.69,102.71,102.59,102.61,1952.0,43.0,102.660307
UPS,2026-08-17 14:40:00+00:00,102.58,102.645,102.575,102.575,821.0,14.0,102.610833
UPS,2026-08-17 14:45:00+00:00,102.56,102.61,102.52,102.6,1773.0,38.0,102.5568
UPS,2026-08-17 14:50:00+00:00,102.65,102.82,102.64,102.695,1790.0,40.0,102.735415
UPS,2026-08-17 14:55:00+00:00,102.645,102.72,102.64,102.72,1174.0,16.0,102.654066
UPS,2026-08-17 15:00:00+00:00,102.72,102.895,102.705,102.895,1525.0,28.0,102.780174
UPS,2026-08-17 15:05:00+00:00,102.88,102.88,102.825,102.845,1822.0,42.0,102.852032
UPS,2026-08-17 15:10:00+00:00,102.84,102.92,102.81,102.81,1701.0,31.0,102.846932
UPS,2026-08-17 15:15:00+00:00,102.83,102.94,102.83,102.92,2297.0,22.0,102.919114
UPS,2026-08-17 15:20:00+00:00,102.96,102.96,102.92,102.95,1729.0,33.0,102.948767
UPS,2026-08-17 15:25:00+00:00,102.95,102.955,102.905,102.955,728.0,12.0,102.927143
UPS,2026-08-17 15:30:00+00:00,102.92,102.93,102.85,102.85,1377.0,32.0,102.902
UPS,2026-08-17 15:35:00+00:00,102.76,102.88,102.76,102.865,1777.0,34.0,102.827567
UPS,2026-08-17 15:40:00+00:00,102.865,102.865,102.73,102.785,3121.0,46.0,102.80267
UPS,2026-08-17 15:45:00+00:00,102.74,102.74,102.71,102.71,648.0,12.0,102.722222
UPS,2026-08-17 15:50:00+00:00,102.67,102.68,102.645,102.665,981.0,20.0,102.661538
UPS,2026-08-17 15:55:00+00:00,102.64,102.64,102.585,102.585,331.0,8.0,102.603333
UPS,2026-08-17 16:00:00+00:00,102.65,102.69,102.62,102.62,894.0,23.0,102.658
UPS,2026-08-17 16:05:00+00:00,102.615,102.62,102.615,102.62,221.0,7.0,102.6175
UPS,2026-08-17 16:10:00+00:00,102.64,102.65,102.63,102.63,613.0,12.0,102.639174
UPS,2026-08-17 16:15:00+00:00,102.63,102.64,102.585,102.64,1136.0,26.0,102.62159
UPS,2026-08-17 16:20:00+00:00,102.635,102.795,102.635,102.795,1846.0,36.0,102.699217
UPS,2026-08-17 16:25:00+00:00,102.895,102.94,102.825,102.85,2640.0,35.0,102.878865
UPS,2026-08-17 16:30:00+00:00,102.905,102.905,102.905,102.905,187.0,4.0,102.905
UPS,2026-08-17 16:40:00+00:00,102.91,102.94,102.91,102.91,1193.0,27.0,102.916757
UPS,2026-08-17 16:45:00+00:00,102.94,103.01,102.94,103.0,3556.0,44.0,102.983902
UPS,2026-08-17 16:50:00+00:00,102.985,102.985,102.915,102.93,973.0,21.0,102.955183
UPS,2026-08-17 16:55:00+00:00,102.93,102.93,102.915,102.915,650.0,19.0,102.921429
UPS,2026-08-17 17:00:00+00:00,102.87,102.915,102.87,102.915,1532.0,30.0,102.899932
UPS,2026-08-17 17:05:00+00:00,102.92,102.93,102.91,102.93,1313.0,16.0,102.921206
UPS,2026-08-17 17:10:00+00:00,102.9,103.0,102.87,103.0,918.0,23.0,102.928
UPS,2026-08-17 17:15:00+00:00,102.98,102.99,102.91,102.91,1371.0,23.0,102.95625
UPS,2026-08-17 17:20:00+00:00,102.87,102.88,102.85,102.88,1576.0,34.0,102.867368
UPS,2026-08-17 17:25:00+00:00,102.86,102.86,102.79,102.84,1690.0,30.0,102.823189
UPS,2026-08-17 17:30:00+00:00,102.78,102.82,102.74,102.74,1827.0,29.0,102.801443
UPS,2026-08-17 17:35:00+00:00,102.69,102.705,102.66,102.695,1517.0,34.0,102.686128
UPS,2026-08-17 17:40:00+00:00,102.73,102.85,102.73,102.85,545.0,16.0,102.7925
UPS,2026-08-17 17:45:00+00:00,102.845,102.845,102.815,102.815,1452.0,28.0,102.82957
UPS,2026-08-17 17:50:00+00:00,102.82,102.82,102.715,102.715,610.0,15.0,102.776667
UPS,2026-08-17 17:55:00+00:00,102.625,102.635,102.61,102.61,830.0,18.0,102.625
UPS,2026-08-17 18:00:00+00:00,102.64,102.65,102.62,102.65,1051.0,18.0,102.636462
UPS,2026-08-17 18:05:00+00:00,102.66,102.69,102.66,102.68,3007.0,57.0,102.68038
UPS,2026-08-17 18:10:00+00:00,102.69,102.73,102.64,102.725,797.0,17.0,102.682079
UPS,2026-08-17 18:15:00+00:00,102.78,102.8,102.775,102.775,706.0,24.0,102.785
UPS,2026-08-17 18:20:00+00:00,102.76,102.77,102.71,102.71,770.0,23.0,102.748333
UPS,2026-08-17 18:25:00+00:00,102.66,102.72,102.66,102.675,1517.0,24.0,102.686818
UPS,2026-08-17 18:30:00+00:00,102.635,102.64,102.635,102.64,303.0,5.0,102.6375
UPS,2026-08-17 18:35:00+00:00,102.65,102.675,102.585,102.585,1891.0,30.0,102.645883
UPS,2026-08-17 18:40:00+00:00,102.58,102.59,102.54,102.54,948.0,15.0,102.5725
UPS,2026-08-17 18:45:00+00:00,102.56,102.56,102.51,102.54,1113.0,22.0,102.529833
UPS,2026-08-17 18:50:00+00:00,102.53,102.55,102.51,102.515,1152.0,25.0,102.52425
UPS,2026-08-17 18:55:00+00:00,102.495,102.51,102.495,102.495,8279.0,83.0,102.500316
UPS,2026-08-17 19:00:00+00:00,102.48,102.48,102.355,102.355,1414.0,35.0,102.443125
UPS,2026-08-17 19:05:00+00:00,102.32,102.345,102.27,102.345,1751.0,41.0,102.311825
UPS,2026-08-17 19:10:00+00:00,102.34,102.35,102.32,102.325,2007.0,44.0,102.332205
UPS,2026-08-17 19:15:00+00:00,102.335,102.375,102.335,102.37,3203.0,69.0,102.360256
UPS,2026-08-17 19:20:00+00:00,102.375,102.42,102.34,102.34,1751.0,33.0,102.381165
UPS,2026-08-17 19:25:00+00:00,102.34,102.355,102.34,102.35,1228.0,17.0,102.345198
UPS,2026-08-17 19:30:00+00:00,102.21,102.21,102.1,102.15,5228.0,96.0,102.141179
UPS,2026-08-17 19:35:00+00:00,102.13,102.215,102.07,102.16,4511.0,85.0,102.13804
UPS,2026-08-17 19:40:00+00:00,102.11,102.16,102.075,102.14,3954.0,84.0,102.114943
UPS,2026-08-17 19:45:00+00:00,102.12,102.18,102.115,102.15,4369.0,83.0,102.146292
UPS,2026-08-17 19:50:00+00:00,102.16,102.16,101.97,102.02,10469.0,186.0,102.029802
UPS,2026-08-17 19:55:00+00:00,102.03,102.2,102.02,102.04,28449.0,497.0,102.102732
UPS,2026-08-18 13:30:00+00:00,102.215,102.215,101.62,101.62,1340.0,18.0,101.931176
UPS,2026-08-18 13:35:00+00:00,101.47,101.65,101.36,101.385,2072.0,30.0,101.463153
UPS,2026-08-18 13:40:00+00:00,101.56,101.89,101.43,101.82,2935.0,42.0,101.64837
UPS,2026-08-18 13:45:00+00:00,101.935,102.24,101.91,102.15,2758.0,46.0,102.067
UPS,2026-08-18 13:50:00+00:00,102.17,102.315,102.17,102.27,1083.0,21.0,102.232
UPS,2026-08-18 13:55:00+00:00,102.305,102.315,102.09,102.09,1112.0,21.0,102.23125
UPS,2026-08-18 14:00:00+00:00,102.165,102.17,102.12,102.12,2903.0,53.0,102.152561
UPS,2026-08-18 14:05:00+00:00,102.11,102.34,102.055,102.32,2478.0,40.0,102.203026
UPS,2026-08-18 14:10:00+00:00,102.295,102.46,102.29,102.46,3168.0,58.0,102.390796
UPS,2026-08-18 14:15:00+00:00,102.41,102.47,102.41,102.46,1233.0,24.0,102.443953
UPS,2026-08-18 14:20:00+00:00,102.395,102.535,102.395,102.535,1742.0,34.0,102.491698
UPS,2026-08-18 14:25:00+00:00,102.605,102.605,102.4,102.4,683.0,14.0,102.523
UPS,2026-08-18 14:30:00+00:00,102.41,102.505,102.41,102.505,740.0,14.0,102.442727
UPS,2026-08-18 14:35:00+00:00,102.575,102.575,102.54,102.54,740.0,16.0,102.55
UPS,2026-08-18 14:40:00+00:00,102.65,102.77,102.65,102.73,2586.0,58.0,102.729029
UPS,2026-08-18 14:45:00+00:00,102.7,102.7,102.63,102.675,1201.0,22.0,102.657857
UPS,2026-08-18 14:50:00+00:00,102.755,102.755,102.565,102.64,3598.0,56.0,102.670803
UPS,2026-08-18 14:55:00+00:00,102.68,102.71,102.61,102.64,1622.0,37.0,102.663923
UPS,2026-08-18 15:00:00+00:00,102.55,102.55,102.435,102.475,1008.0,19.0,102.489
UPS,2026-08-18 15:05:00+00:00,102.495,102.51,102.415,102.415,559.0,10.0,102.47625
UPS,2026-08-18 15:10:00+00:00,102.375,102.375,102.2,102.2,2830.0,43.0,102.261562
UPS,2026-08-18 15:15:00+00:00,102.2,102.2,102.035,102.035,2099.0,39.0,102.105095
UPS,2026-08-18 15:20:00+00:00,101.975,101.975,101.82,101.83,1315.0,27.0,101.901429
UPS,2026-08-18 15:25:00+00:00,101.795,101.84,101.73,101.835,2301.0,28.0,101.791389
UPS,2026-08-18 15:30:00+00:00,101.86,101.86,101.79,101.8,1395.0,28.0,101.82875
UPS,2026-08-18 15:35:00+00:00,101.81,101.84,101.8,101.84,884.0,16.0,101.816667
UPS,2026-08-18 15:40:00+00:00,101.85,101.85,101.75,101.75,1417.0,28.0,101.8175
UPS,2026-08-18 15:45:00+00:00,101.87,101.96,101.83,101.83,1817.0,27.0,101.883333
UPS,2026-08-18 15:50:00+00:00,101.85,101.85,101.81,101.81,609.0,13.0,101.82
UPS,2026-08-18 15:55:00+00:00,101.825,101.83,101.755,101.82,2306.0,45.0,101.80197
UPS,2026-08-18 16:00:00+00:00,101.84,101.845,101.81,101.83,1090.0,19.0,101.826798
UPS,2026-08-18 16:05:00+00:00,101.82,101.82,101.74,101.8,1081.0,21.0,101.77625
UPS,2026-08-18 16:10:00+00:00,101.79,101.81,101.765,101.81,1168.0,28.0,101.783333
UPS,2026-08-18 16:15:00+00:00,101.815,101.9,101.815,101.9,954.0,19.0,101.856429
UPS,2026-08-18 16:20:00+00:00,101.955,101.955,101.93,101.93,550.0,12.0,101.945
UPS,2026-08-18 16:25:00+00:00,101.89,101.89,101.89,101.89,140.0,5.0,101.89
UPS,2026-08-18 16:30:00+00:00,101.89,101.89,101.85,101.87,1377.0,28.0,101.868333
UPS,2026-08-18 16:35:00+00:00,101.9,101.93,101.89,101.89,698.0,15.0,101.9075
UPS,2026-08-18 16:40:00+00:00,101.87,101.91,101.87,101.91,421.0,17.0,101.89
UPS,2026-08-18 16:45:00+00:00,101.93,101.95,101.91,101.91,1101.0,28.0,101.9275
UPS,2026-08-18 16:50:00+00:00,101.885,101.94,101.88,101.915,1725.0,45.0,101.916674
UPS,2026-08-18 16:55:00+00:00,101.92,101.92,101.92,101.92,393.0,17.0,101.92
UPS,2026-08-18 17:00:00+00:00,101.88,101.885,101.88,101.885,461.0,13.0,101.8825
UPS,2026-08-18 17:05:00+00:00,101.91,101.965,101.91,101.93,1971.0,46.0,101.932343
UPS,2026-08-18 17:10:00+00:00,101.89,101.89,101.89,101.89,218.0,9.0,101.89
UPS,2026-08-18 17:15:00+00:00,101.905,101.905,101.885,101.885,1222.0,23.0,101.894951
UPS,2026-08-18 17:20:00+00:00,101.875,101.875,101.865,101.865,679.0,18.0,101.87
UPS,2026-08-18 17:25:00+00:00,101.86,101.87,101.835,101.835,1155.0,27.0,101.852141
UPS,2026-08-18 17:30:00+00:00,101.86,101.865,101.785,101.785,717.0,24.0,101.838311
UPS,2026-08-18 17:35:00+00:00,101.795,101.855,101.795,101.855,1482.0,42.0,101.8375
UPS,2026-08-18 17:40:00+00:00,101.78,101.78,101.75,101.76,704.0,15.0,101.765833
UPS,2026-08-18 17:45:00+00:00,101.78,101.82,101.78,101.81,1518.0,52.0,101.795556
UPS,2026-08-18 17:50:00+00:00,101.795,101.795,101.755,101.775,1167.0,29.0,101.77
UPS,2026-08-18 17:55:00+00:00,101.795,101.84,101.785,101.83,1922.0,53.0,101.821612
UPS,2026-08-18 18:00:00+00:00,101.83,101.925,101.83,101.925,892.0,19.0,101.865747
UPS,2026-08-18 18:05:00+00:00,101.96,101.96,101.94,101.96,1318.0,38.0,101.955
UPS,2026-08-18 18:10:00+00:00,101.96,102.04,101.95,102.02,1521.0,32.0,101.99
UPS,2026-08-18 18:15:00+00:00,102.11,102.11,102.08,102.08,1102.0,35.0,102.1025
UPS,2026-08-18 18:20:00+00:00,102.05,102.05,102.05,102.05,151.0,3.0,102.05
UPS,2026-08-18 18:25:00+00:00,102.06,102.07,102.045,102.045,692.0,17.0,102.055828
UPS,2026-08-18 18:30:00+00:00,102.06,102.075,102.05,102.06,1626.0,65.0,102.060577
UPS,2026-08-18 18:35:00+00:00,102.13,102.15,102.105,102.12,1629.0,40.0,102.131056
UPS,2026-08-18 18:40:00+00:00,102.075,102.14,102.075,102.1,1389.0,27.0,102.107
UPS,2026-08-18 18:45:00+00:00,102.1,102.105,102.02,102.02,730.0,17.0,102.078834
UPS,2026-08-18 18:50:00+00:00,102.04,102.04,101.93,101.95,2283.0,31.0,101.948158
UPS,2026-08-18 18:55:00+00:00,102.04,102.04,101.955,101.975,1131.0,22.0,101.993
UPS,2026-08-18 19:00:00+00:00,101.98,101.98,101.96,101.96,546.0,15.0,101.973333
UPS,2026-08-18 19:05:00+00:00,101.95,102.02,101.95,102.02,452.0,14.0,101.98
UPS,2026-08-18 19:10:00+00:00,102.03,102.03,101.925,101.925,1156.0,38.0,101.989475
UPS,2026-08-18 19:15:00+00:00,101.93,102.075,101.93,102.06,1485.0,26.0,102.034286
UPS,2026-08-18 19:20:00+00:00,102.05,102.07,102.05,102.05,605.0,13.0,102.062
UPS,2026-08-18 19:25:00+00:00,102.09,102.105,102.07,102.07,1540.0,49.0,102.08892
UPS,2026-08-18 19:30:00+00:00,102.08,102.09,102.05,102.09,2207.0,57.0,102.072282
UPS,2026-08-18 19:35:00+00:00,102.09,102.11,102.05,102.05,1045.0,42.0,102.085
UPS,2026-08-18 19:40:00+00:00,101.99,101.99,101.915,101.915,1219.0,37.0,101.959286
UPS,2026-08-18 19:45:00+00:00,101.95,101.95,101.905,101.91,5710.0,94.0,101.922414
UPS,2026-08-18 19:50:00+00:00,101.86,101.935,101.85,101.895,5880.0,112.0,101.907587
UPS,2026-08-18 19:55:00+00:00,101.88,101.965,101.83,101.965,22616.0,389.0,101.918158
UPS,2026-08-19 13:30:00+00:00,102.635,102.99,102.635,102.86,1213.0,26.0,102.848
UPS,2026-08-19 13:35:00+00:00,102.87,103.075,102.685,103.075,2803.0,46.0,102.896989
UPS,2026-08-19 13:40:00+00:00,103.08,103.39,103.04,103.04,2108.0,36.0,103.2205
UPS,2026-08-19 13:45:00+00:00,103.15,103.23,103.15,103.23,814.0,20.0,103.1875
UPS,2026-08-19 13:50:00+00:00,103.285,103.62,103.285,103.62,1208.0,29.0,103.504667
UPS,2026-08-19 13:55:00+00:00,103.65,103.65,103.56,103.615,899.0,21.0,103.6025
UPS,2026-08-19 14:00:00+00:00,103.595,103.64,103.53,103.57,841.0,15.0,103.6025
UPS,2026-08-19 14:05:00+00:00,103.36,103.99,103.36,103.82,1610.0,33.0,103.776667
UPS,2026-08-19 14:10:00+00:00,103.89,103.965,103.79,103.81,2375.0,50.0,103.876774
UPS,2026-08-19 14:15:00+00:00,103.795,104.1,103.74,104.035,2595.0,44.0,103.882581
UPS,2026-08-19 14:20:00+00:00,104.07,104.07,103.89,103.91,972.0,23.0,103.96
UPS,2026-08-19 14:25:00+00:00,103.88,103.955,103.79,103.79,1902.0,33.0,103.86014
UPS,2026-08-19 14:30:00+00:00,103.705,103.92,103.69,103.92,2009.0,47.0,103.827143
UPS,2026-08-19 14:35:00+00:00,103.91,104.0,103.85,103.85,3892.0,47.0,103.908193
UPS,2026-08-19 14:40:00+00:00,103.86,103.92,103.715,103.715,3119.0,48.0,103.836403
UPS,2026-08-19 14:45:00+00:00,103.73,103.735,103.515,103.54,2767.0,30.0,103.604652
UPS,2026-08-19 14:50:00+00:00,103.52,103.57,103.3,103.3,3846.0,40.0,103.464772
UPS,2026-08-19 14:55:00+00:00,103.32,103.43,103.25,103.35,4880.0,82.0,103.329768
UPS,2026-08-19 15:00:00+00:00,103.39,103.555,103.33,103.53,3060.0,42.0,103.430496
UPS,2026-08-19 15:05:00+00:00,103.54,103.76,103.48,103.69,4925.0,60.0,103.636047
UPS,2026-08-19 15:10:00+00:00,103.63,103.65,103.555,103.64,4400.0,37.0,103.623122
UPS,2026-08-19 15:15:00+00:00,103.64,103.64,103.4,103.4,3425.0,42.0,103.488761
UPS,2026-08-19 15:20:00+00:00,103.48,103.48,103.32,103.39,1686.0,22.0,103.432632
UPS,2026-08-19 15:25:00+00:00,103.35,103.35,103.22,103.22,2651.0,27.0,103.280126
UPS,2026-08-19 15:30:00+00:00,103.21,103.225,103.2,103.205,1483.0,26.0,103.2105
UPS,2026-08-19 15:35:00+00:00,103.2,103.24,103.19,103.19,814.0,26.0,103.210297
UPS,2026-08-19 15:40:00+00:00,103.17,103.17,103.08,103.1,804.0,13.0,103.125
UPS,2026-08-19 15:45:00+00:00,103.085,103.105,103.06,103.06,1541.0,32.0,103.083889
UPS,2026-08-19 15:50:00+00:00,103.06,103.19,103.06,103.19,657.0,10.0,103.151255
UPS,2026-08-19 15:55:00+00:00,103.205,103.28,103.19,103.28,1060.0,22.0,103.243125
UPS,2026-08-19 16:00:00+00:00,103.29,103.34,103.29,103.31,1554.0,26.0,103.316364
UPS,2026-08-19 16:05:00+00:00,103.32,103.365,103.235,103.235,774.0,23.0,103.320833
UPS,2026-08-19 16:10:00+00:00,103.225,103.225,103.135,103.135,565.0,12.0,103.178333
UPS,2026-08-19 16:15:00+00:00,103.15,103.275,103.15,103.275,367.0,8.0,103.2125
UPS,2026-08-19 16:20:00+00:00,103.24,103.24,103.15,103.15,700.0,7.0,103.201429
UPS,2026-08-19 16:25:00+00:00,103.105,103.105,103.105,103.105,154.0,4.0,103.105
UPS,2026-08-19 16:30:00+00:00,103.115,103.2,103.115,103.2,294.0,5.0,103.146716
UPS,2026-08-19 16:35:00+00:00,103.22,103.22,103.17,103.17,907.0,15.0,103.187
UPS,2026-08-19 16:40:00+00:00,103.13,103.13,103.13,103.13,102.0,2.0,103.13
UPS,2026-08-19 16:45:00+00:00,103.05,103.065,103.03,103.05,1471.0,30.0,103.044491
UPS,2026-08-19 16:50:00+00:00,103.015,103.015,102.965,102.975,2269.0,34.0,102.985517
UPS,2026-08-19 16:55:00+00:00,102.97,102.97,102.92,102.92,725.0,11.0,102.94
UPS,2026-08-19 17:00:00+00:00,102.88,102.88,102.865,102.865,527.0,9.0,102.875
UPS,2026-08-19 17:05:00+00:00,102.85,102.85,102.65,102.7,1537.0,23.0,102.723906
UPS,2026-08-19 17:10:00+00:00,102.685,102.74,102.685,102.74,864.0,22.0,102.716154
UPS,2026-08-19 17:15:00+00:00,102.76,102.76,102.74,102.74,367.0,7.0,102.753333
UPS,2026-08-19 17:20:00+00:00,102.68,102.685,102.635,102.67,1760.0,32.0,102.657465
UPS,2026-08-19 17:25:00+00:00,102.7,102.745,102.69,102.745,991.0,11.0,102.706229
UPS,2026-08-19 17:30:00+00:00,102.75,102.755,102.675,102.755,2977.0,40.0,102.703791
UPS,2026-08-19 17:35:00+00:00,102.63,102.67,102.62,102.655,2215.0,20.0,102.633
UPS,2026-08-19 17:40:00+00:00,102.65,102.69,102.63,102.63,1771.0,22.0,102.660667
UPS,2026-08-19 17:45:00+00:00,102.71,102.71,102.71,102.71,265.0,8.0,102.71
UPS,2026-08-19 17:50:00+00:00,102.71,102.71,102.68,102.695,1901.0,34.0,102.698276
UPS,2026-08-19 17:55:00+00:00,102.71,102.765,102.71,102.755,3178.0,25.0,102.725528
UPS,2026-08-19 18:00:00+00:00,102.755,102.88,102.745,102.88,2495.0,35.0,102.818344
UPS,2026-08-19 18:05:00+00:00,102.89,102.89,102.75,102.75,751.0,16.0,102.816
UPS,2026-08-19 18:10:00+00:00,102.79,102.875,102.79,102.875,1646.0,27.0,102.814643
UPS,2026-08-19 18:15:00+00:00,102.875,102.875,102.825,102.825,1735.0,29.0,102.855769
UPS,2026-08-19 18:20:00+00:00,102.795,102.81,102.795,102.81,550.0,6.0,102.799
UPS,2026-08-19 18:25:00+00:00,102.785,102.795,102.77,102.77,649.0,12.0,102.7825
UPS,2026-08-19 18:30:00+00:00,102.825,102.825,102.73,102.77,620.0,17.0,102.784
UPS,2026-08-19 18:35:00+00:00,102.78,102.82,102.775,102.8,1004.0,17.0,102.789286
UPS,2026-08-19 18:40:00+00:00,102.84,102.84,102.765,102.77,911.0,23.0,102.8
UPS,2026-08-19 18:45:00+00:00,102.72,102.74,102.72,102.74,713.0,22.0,102.73
UPS,2026-08-19 18:50:00+00:00,102.745,102.745,102.53,102.53,1305.0,31.0,102.63
UPS,2026-08-19 18:55:00+00:00,102.525,102.54,102.435,102.445,1866.0,31.0,102.503771
UPS,2026-08-19 19:00:00+00:00,102.435,102.635,102.435,102.61,3005.0,40.0,102.537864
UPS,2026-08-19 19:05:00+00:00,102.61,102.625,102.6,102.6,575.0,11.0,102.613
UPS,2026-08-19 19:10:00+00:00,102.535,102.615,102.535,102.605,1356.0,23.0,102.563333
UPS,2026-08-19 19:15:00+00:00,102.59,102.61,102.59,102.61,236.0,7.0,102.6
UPS,2026-08-19 19:20:00+00:00,102.66,102.66,102.57,102.58,1824.0,33.0,102.621
UPS,2026-08-19 19:25:00+00:00,102.58,102.63,102.56,102.63,733.0,14.0,102.591373
UPS,2026-08-19 19:30:00+00:00,102.615,102.66,102.575,102.585,5071.0,58.0,102.60792
UPS,2026-08-19 19:35:00+00:00,102.615,102.67,102.565,102.67,2756.0,60.0,102.606465
UPS,2026-08-19 19:40:00+00:00,102.65,102.66,102.56,102.56,2242.0,49.0,102.631622
UPS,2026-08-19 19:45:00+00:00,102.54,102.62,102.54,102.585,2499.0,63.0,102.584893
UPS,2026-08-19 19:50:00+00:00,102.6,102.66,102.53,102.66,6197.0,97.0,102.607698
UPS,2026-08-19 19:55:00+00:00,102.64,102.86,102.53,102.86,18423.0,294.0,102.770082
UPS,2026-08-20 13:30:00+00:00,101.93,101.93,101.6,101.73,1320.0,27.0,101.768334
UPS,2026-08-20 13:35:00+00:00,102.05,102.05,101.72,101.72,1198.0,24.0,101.888636
UPS,2026-08-20 13:40:00+00:00,101.73,101.83,101.73,101.83,558.0,15.0,101.79
UPS,2026-08-20 13:45:00+00:00,101.92,102.0,101.92,102.0,2391.0,34.0,101.992715
UPS,2026-08-20 13:50:00+00:00,102.27,102.33,102.19,102.33,939.0,21.0,102.276154
UPS,2026-08-20 13:55:00+00:00,102.285,102.285,102.195,102.235,1218.0,28.0,102.251364
UPS,2026-08-20 14:00:00+00:00,102.125,102.21,102.125,102.21,590.0,35.0,102.1675
UPS,2026-08-20 14:05:00+00:00,101.945,101.96,101.925,101.925,1536.0,88.0,101.942083
UPS,2026-08-20 14:10:00+00:00,101.94,101.94,101.75,101.75,1356.0,70.0,101.8575
UPS,2026-08-20 14:15:00+00:00,101.675,101.82,101.675,101.79,1122.0,68.0,101.75625
UPS,2026-08-20 14:20:00+00:00,101.94,102.14,101.94,102.14,1965.0,90.0,102.04869
UPS,2026-08-20 14:25:00+00:00,102.14,102.22,102.09,102.22,1278.0,41.0,102.137738
UPS,2026-08-20 14:30:00+00:00,102.27,102.365,102.26,102.32,851.0,15.0,102.308732
UPS,2026-08-20 14:35:00+00:00,102.26,102.26,102.23,102.23,206.0,4.0,102.245
UPS,2026-08-20 14:40:00+00:00,102.26,102.43,102.24,102.43,640.0,11.0,102.3375
UPS,2026-08-20 14:45:00+00:00,102.56,102.58,102.56,102.58,284.0,12.0,102.57
UPS,2026-08-20 14:50:00+00:00,102.67,102.675,102.64,102.675,412.0,7.0,102.66375
UPS,2026-08-20 14:55:00+00:00,102.735,102.8,102.735,102.79,1134.0,22.0,102.776154
UPS,2026-08-20 15:00:00+00:00,102.84,102.98,102.8,102.98,1144.0,24.0,102.854
UPS,2026-08-20 15:05:00+00:00,102.88,102.99,102.88,102.925,1587.0,30.0,102.925528
UPS,2026-08-20 15:10:00+00:00,102.97,103.305,102.97,103.305,1251.0,25.0,103.088333
UPS,2026-08-20 15:15:00+00:00,103.28,103.28,103.165,103.19,976.0,16.0,103.2175
UPS,2026-08-20 15:20:00+00:00,103.14,103.23,103.14,103.23,1330.0,28.0,103.166
UPS,2026-08-20 15:25:00+00:00,103.245,103.315,103.245,103.315,918.0,28.0,103.264
UPS,2026-08-20 15:30:00+00:00,103.33,103.38,103.075,103.075,1530.0,26.0,103.255503
UPS,2026-08-20 15:35:00+00:00,103.07,103.07,103.07,103.07,191.0,4.0,103.07
UPS,2026-08-20 15:40:00+00:00,102.97,102.97,102.86,102.86,4305.0,38.0,102.960613
UPS,2026-08-20 15:45:00+00:00,102.815,102.92,102.815,102.92,454.0,9.0,102.868333
UPS,2026-08-20 15:50:00+00:00,102.87,102.905,102.86,102.905,739.0,16.0,102.875833
UPS,2026-08-20 15:55:00+00:00,102.9,102.9,102.89,102.89,521.0,10.0,102.895
UPS,2026-08-20 16:05:00+00:00,102.93,103.015,102.93,103.015,569.0,9.0,102.9775
UPS,2026-08-20 16:10:00+00:00,103.0,103.01,103.0,103.01,223.0,3.0,103.005
UPS,2026-08-20 16:15:00+00:00,103.01,103.09,102.925,103.09,403.0,7.0,103.008333
UPS,2026-08-20 16:20:00+00:00,102.98,102.98,102.965,102.965,236.0,6.0,102.9725
UPS,2026-08-20 16:25:00+00:00,102.91,102.91,102.91,102.91,119.0,2.0,102.91
UPS,2026-08-20 16:30:00+00:00,102.885,102.935,102.87,102.93,604.0,9.0,102.902778
UPS,2026-08-20 16:35:00+00:00,102.94,102.94,102.905,102.92,419.0,7.0,102.921667
UPS,2026-08-20 16:40:00+00:00,102.99,102.99,102.97,102.975,580.0,12.0,102.977353
UPS,2026-08-20 16:50:00+00:00,103.09,103.11,103.09,103.11,310.0,4.0,103.1
UPS,2026-08-20 16:55:00+00:00,103.04,103.04,103.04,103.04,151.0,5.0,103.04
UPS,2026-08-20 17:05:00+00:00,103.03,103.03,103.03,103.03,482.0,10.0,103.03
UPS,2026-08-20 17:10:00+00:00,103.185,103.25,103.185,103.24,974.0,19.0,103.227325
UPS,2026-08-20 17:15:00+00:00,103.3,103.3,103.17,103.17,459.0,9.0,103.243529
UPS,2026-08-20 17:20:00+00:00,103.155,103.16,103.02,103.02,3277.0,42.0,103.074035
UPS,2026-08-20 17:25:00+00:00,103.14,103.14,102.98,103.14,7198.0,92.0,103.092539
UPS,2026-08-20 17:30:00+00:00,103.18,103.29,103.16,103.27,2482.0,40.0,103.222969
UPS,2026-08-20 17:35:00+00:00,103.25,103.27,103.22,103.22,1377.0,22.0,103.240909
UPS,2026-08-20 17:40:00+00:00,103.08,103.105,103.08,103.085,387.0,8.0,103.09
UPS,2026-08-20 17:45:00+00:00,103.085,103.11,103.085,103.11,444.0,7.0,103.0975
UPS,2026-08-20 17:50:00+00:00,103.13,103.13,102.93,102.93,2325.0,36.0,103.008
UPS,2026-08-20 17:55:00+00:00,102.95,102.99,102.92,102.965,1921.0,28.0,102.945938
UPS,2026-08-20 18:00:00+00:00,102.965,102.965,102.75,102.835,10567.0,121.0,102.819285
UPS,2026-08-20 18:05:00+00:00,102.835,102.89,102.825,102.86,6473.0,67.0,102.846031
UPS,2026-08-20 18:10:00+00:00,102.865,102.895,102.85,102.895,2181.0,35.0,102.871409
UPS,2026-08-20 18:15:00+00:00,102.825,102.88,102.825,102.88,469.0,9.0,102.856429
UPS,2026-08-20 18:20:00+00:00,102.885,102.885,102.885,102.885,210.0,5.0,102.885
UPS,2026-08-20 18:25:00+00:00,102.85,102.91,102.83,102.9,661.0,21.0,102.8725
UPS,2026-08-20 18:30:00+00:00,102.89,102.92,102.86,102.86,1155.0,19.0,102.88075
UPS,2026-08-20 18:35:00+00:00,102.87,102.96,102.87,102.88,1779.0,43.0,102.9185
UPS,2026-08-20 18:40:00+00:00,102.86,102.915,102.82,102.915,529.0,12.0,102.865
UPS,2026-08-20 18:45:00+00:00,102.84,102.84,102.84,102.84,360.0,5.0,102.84
UPS,2026-08-20 18:50:00+00:00,102.82,102.825,102.75,102.77,1069.0,24.0,102.798333
UPS,2026-08-20 18:55:00+00:00,102.75,102.75,102.66,102.66,869.0,13.0,102.732857
UPS,2026-08-20 19:00:00+00:00,102.71,102.745,102.665,102.665,932.0,19.0,102.698784
UPS,2026-08-20 19:05:00+00:00,102.6,102.6,102.575,102.575,492.0,12.0,102.58366
UPS,2026-08-20 19:10:00+00:00,102.55,102.62,102.52,102.61,1297.0,32.0,102.569286
UPS,2026-08-20 19:15:00+00:00,102.61,102.61,102.53,102.53,727.0,14.0,102.576538
UPS,2026-08-20 19:20:00+00:00,102.6,102.74,102.6,102.74,252.0,6.0,102.67
UPS,2026-08-20 19:25:00+00:00,102.73,102.73,102.63,102.63,1059.0,29.0,102.665
UPS,2026-08-20 19:30:00+00:00,102.595,102.6,102.55,102.55,3452.0,77.0,102.575806
UPS,2026-08-20 19:35:00+00:00,102.54,102.595,102.54,102.595,1807.0,38.0,102.575673
UPS,2026-08-20 19:40:00+00:00,102.51,102.51,102.51,102.51,157.0,3.0,102.51
UPS,2026-08-20 19:45:00+00:00,102.52,102.6,102.415,102.46,3321.0,74.0,102.48607
UPS,2026-08-20 19:50:00+00:00,102.48,102.61,102.48,102.61,5116.0,94.0,102.546629
UPS,2026-08-20 19:55:00+00:00,102.55,102.74,102.495,102.545,9430.0,199.0,102.625287
UPS,2026-08-21 13:30:00+00:00,103.02,103.265,102.495,102.51,897.0,20.0,102.758
UPS,2026-08-21 13:35:00+00:00,102.63,102.865,102.63,102.865,1978.0,37.0,102.73825
UPS,2026-08-21 13:40:00+00:00,102.935,103.09,102.935,103.09,1590.0,30.0,102.998571
UPS,2026-08-21 13:45:00+00:00,103.16,103.22,102.98,103.22,2267.0,30.0,103.108704
UPS,2026-08-21 13:50:00+00:00,103.275,103.275,103.22,103.22,374.0,9.0,103.239901
UPS,2026-08-21 13:55:00+00:00,103.275,103.39,103.27,103.38,929.0,19.0,103.318
UPS,2026-08-21 14:00:00+00:00,103.31,103.315,103.31,103.31,949.0,14.0,103.310909
UPS,2026-08-21 14:05:00+00:00,103.23,103.23,102.83,102.83,3026.0,45.0,103.009359
UPS,2026-08-21 14:10:00+00:00,102.755,102.785,102.67,102.67,2094.0,34.0,102.718438
UPS,2026-08-21 14:15:00+00:00,102.82,102.82,102.625,102.75,2085.0,33.0,102.721
UPS,2026-08-21 14:20:00+00:00,102.67,102.705,102.53,102.625,2199.0,33.0,102.605328
UPS,2026-08-21 14:25:00+00:00,102.635,102.635,102.415,102.55,915.0,14.0,102.54375
UPS,2026-08-21 14:30:00+00:00,102.58,102.58,102.31,102.315,2919.0,45.0,102.444524
UPS,2026-08-21 14:35:00+00:00,102.325,102.42,102.32,102.32,1045.0,15.0,102.385937
UPS,2026-08-21 14:40:00+00:00,102.35,102.35,102.34,102.34,572.0,11.0,102.345714
UPS,2026-08-21 14:45:00+00:00,102.44,102.44,102.32,102.36,702.0,9.0,102.357328
UPS,2026-08-21 14:50:00+00:00,102.365,102.435,102.31,102.43,960.0,16.0,102.367664
UPS,2026-08-21 14:55:00+00:00,102.395,102.57,102.385,102.57,1242.0,20.0,102.456433
UPS,2026-08-21 15:00:00+00:00,102.44,102.46,102.38,102.38,936.0,18.0,102.426
UPS,2026-08-21 15:05:00+00:00,102.285,102.295,102.14,102.14,983.0,16.0,102.2431
UPS,2026-08-21 15:10:00+00:00,102.17,102.315,102.17,102.315,774.0,15.0,102.222
UPS,2026-08-21 15:15:00+00:00,102.31,102.31,102.21,102.21,438.0,8.0,102.246909
UPS,2026-08-21 15:20:00+00:00,102.15,102.15,102.125,102.125,775.0,16.0,102.13875
UPS,2026-08-21 15:25:00+00:00,102.15,102.35,102.145,102.27,6916.0,78.0,102.287482
UPS,2026-08-21 15:30:00+00:00,102.32,102.34,102.32,102.34,657.0,14.0,102.33
UPS,2026-08-21 15:35:00+00:00,102.42,102.43,102.375,102.375,1001.0,19.0,102.391471
UPS,2026-08-21 15:40:00+00:00,102.47,102.7,102.47,102.69,2568.0,45.0,102.614563
UPS,2026-08-21 15:45:00+00:00,102.71,102.71,102.705,102.705,352.0,6.0,102.706667
UPS,2026-08-21 15:50:00+00:00,102.56,102.56,102.49,102.5,664.0,10.0,102.511667
UPS,2026-08-21 15:55:00+00:00,102.36,102.43,102.3,102.3,827.0,18.0,102.374
UPS,2026-08-21 16:00:00+00:00,102.36,102.36,102.28,102.28,502.0,6.0,102.339
UPS,2026-08-21 16:05:00+00:00,102.22,102.23,102.22,102.23,357.0,5.0,102.226441
UPS,2026-08-21 16:10:00+00:00,102.22,102.24,102.2,102.23,1138.0,18.0,102.219167
UPS,2026-08-21 16:15:00+00:00,102.2,102.2,102.2,102.2,324.0,6.0,102.2
UPS,2026-08-21 16:20:00+00:00,102.155,102.215,102.155,102.215,682.0,15.0,102.18
UPS,2026-08-21 16:25:00+00:00,102.22,102.285,102.22,102.285,578.0,12.0,102.2525
UPS,2026-08-21 16:30:00+00:00,102.235,102.235,102.21,102.21,406.0,7.0,102.225
UPS,2026-08-21 16:35:00+00:00,102.19,102.19,102.19,102.19,581.0,11.0,102.19
UPS,2026-08-21 16:40:00+00:00,102.2,102.21,102.17,102.18,1753.0,24.0,102.195273
UPS,2026-08-21 16:45:00+00:00,102.185,102.185,102.18,102.18,228.0,5.0,102.1825
UPS,2026-08-21 16:50:00+00:00,102.11,102.125,102.09,102.09,834.0,14.0,102.106154
UPS,2026-08-21 16:55:00+00:00,102.1,102.13,102.1,102.13,619.0,13.0,102.114777
UPS,2026-08-21 17:00:00+00:00,102.1,102.1,102.07,102.075,506.0,10.0,102.08625
UPS,2026-08-21 17:05:00+00:00,102.1,102.14,102.1,102.14,642.0,15.0,102.12
UPS,2026-08-21 17:10:00+00:00,102.105,102.105,102.06,102.06,269.0,6.0,102.0825
UPS,2026-08-21 17:15:00+00:00,102.11,102.14,102.11,102.11,674.0,17.0,102.1225
UPS,2026-08-21 17:20:00+00:00,102.12,102.17,102.12,102.16,761.0,9.0,102.150141
UPS,2026-08-21 17:25:00+00:00,102.125,102.125,102.125,102.125,251.0,4.0,102.125
UPS,2026-08-21 17:30:00+00:00,102.155,102.155,102.135,102.15,766.0,13.0,102.1475
UPS,2026-08-21 17:35:00+00:00,102.13,102.15,102.065,102.065,611.0,12.0,102.115
UPS,2026-08-21 17:40:00+00:00,102.08,102.09,102.08,102.085,901.0,19.0,102.083879
UPS,2026-08-21 17:45:00+00:00,102.03,102.07,102.03,102.06,598.0,10.0,102.0575
UPS,2026-08-21 17:50:00+00:00,102.055,102.055,102.005,102.015,2506.0,30.0,102.02325
UPS,2026-08-21 17:55:00+00:00,102.015,102.035,102.01,102.035,1251.0,20.0,102.014006
UPS,2026-08-21 18:00:00+00:00,102.02,102.08,102.02,102.08,677.0,8.0,102.038786
UPS,2026-08-21 18:05:00+00:00,102.085,102.15,102.07,102.15,414.0,9.0,102.101667
UPS,2026-08-21 18:20:00+00:00,102.12,102.165,102.11,102.12,3241.0,37.0,102.143345
UPS,2026-08-21 18:25:00+00:00,102.1,102.115,102.09,102.105,990.0,21.0,102.105
UPS,2026-08-21 18:30:00+00:00,102.105,102.105,102.02,102.06,1799.0,46.0,102.043077
UPS,2026-08-21 18:35:00+00:00,102.055,102.08,102.055,102.07,588.0,11.0,102.071
UPS,2026-08-21 18:40:00+00:00,102.11,102.115,102.11,102.115,207.0,7.0,102.1125
UPS,2026-08-21 18:45:00+00:00,102.07,102.07,102.06,102.06,350.0,5.0,102.065
UPS,2026-08-21 18:50:00+00:00,102.075,102.09,102.075,102.09,414.0,5.0,102.081667
UPS,2026-08-21 18:55:00+00:00,102.03,102.03,101.945,101.945,640.0,12.0,101.999167
UPS,2026-08-21 19:00:00+00:00,101.975,101.98,101.94,101.98,1076.0,25.0,101.96392
UPS,2026-08-21 19:05:00+00:00,101.895,101.94,101.87,101.94,919.0,19.0,101.9
UPS,2026-08-21 19:10:00+00:00,101.96,101.99,101.89,101.93,1117.0,22.0,101.93647
UPS,2026-08-21 19:15:00+00:00,101.925,101.925,101.865,101.865,957.0,19.0,101.905
UPS,2026-08-21 19:20:00+00:00,101.785,101.835,101.785,101.83,676.0,11.0,101.816667
UPS,2026-08-21 19:25:00+00:00,101.86,101.92,101.86,101.92,1631.0,42.0,101.897254
UPS,2026-08-21 19:30:00+00:00,101.93,101.93,101.785,101.785,1616.0,35.0,101.85438
UPS,2026-08-21 19:35:00+00:00,101.9,101.935,101.89,101.935,1111.0,14.0,101.90604
UPS,2026-08-21 19:40:00+00:00,101.905,101.965,101.905,101.925,996.0,31.0,101.936429
UPS,2026-08-21 19:45:00+00:00,101.935,102.105,101.915,102.105,10556.0,74.0,101.933325
UPS,2026-08-21 19:50:00+00:00,102.125,102.17,102.04,102.08,3605.0,82.0,102.093044
UPS,2026-08-21 19:55:00+00:00,102.075,102.12,102.015,102.015,7907.0,258.0,102.077326
UPS,2026-08-24 13:30:00+00:00,102.37,102.795,102.37,102.56,2829.0,37.0,102.578182
UPS,2026-08-24 13:35:00+00:00,102.53,102.53,102.41,102.5,703.0,15.0,102.453
UPS,2026-08-24 13:40:00+00:00,102.64,102.655,102.47,102.47,1958.0,30.0,102.572619
UPS,2026-08-24 13:45:00+00:00,102.52,102.52,102.26,102.31,2244.0,38.0,102.377
UPS,2026-08-24 13:50:00+00:00,102.315,102.42,102.26,102.37,904.0,16.0,102.339051
UPS,2026-08-24 13:55:00+00:00,102.25,102.36,102.18,102.36,1283.0,30.0,102.266
UPS,2026-08-24 14:00:00+00:00,102.39,102.39,102.205,102.35,1320.0,32.0,102.3175
UPS,2026-08-24 14:05:00+00:00,102.37,102.37,102.28,102.28,280.0,8.0,102.325
UPS,2026-08-24 14:10:00+00:00,102.22,102.325,102.22,102.22,2006.0,25.0,102.286458
UPS,2026-08-24 14:15:00+00:00,102.24,102.28,102.19,102.28,598.0,8.0,102.24
UPS,2026-08-24 14:20:00+00:00,102.275,102.3,102.275,102.3,289.0,4.0,102.2875
UPS,2026-08-24 14:25:00+00:00,102.13,102.155,102.09,102.155,4540.0,43.0,102.129368
UPS,2026-08-24 14:30:00+00:00,102.17,102.18,101.98,102.01,1723.0,34.0,102.132303
UPS,2026-08-24 14:35:00+00:00,102.03,102.06,102.03,102.035,957.0,20.0,102.044016
UPS,2026-08-24 14:40:00+00:00,102.02,102.045,101.98,102.03,995.0,19.0,102.015833
UPS,2026-08-24 14:45:00+00:00,102.06,102.14,102.06,102.06,1261.0,21.0,102.088437
UPS,2026-08-24 14:50:00+00:00,102.02,102.09,102.02,102.09,687.0,17.0,102.056667
UPS,2026-08-24 14:55:00+00:00,102.04,102.295,102.04,102.295,2767.0,51.0,102.168247
UPS,2026-08-24 15:00:00+00:00,102.2,102.2,102.04,102.04,1188.0,21.0,102.105384
UPS,2026-08-24 15:05:00+00:00,102.065,102.13,102.065,102.09,1145.0,26.0,102.089167
UPS,2026-08-24 15:10:00+00:00,102.09,102.11,101.99,102.065,1508.0,29.0,102.051454
UPS,2026-08-24 15:15:00+00:00,102.065,102.11,102.05,102.05,2422.0,15.0,102.065474
UPS,2026-08-24 15:20:00+00:00,101.965,102.005,101.965,102.005,679.0,14.0,101.992778
UPS,2026-08-24 15:25:00+00:00,101.98,102.12,101.94,102.12,1700.0,26.0,102.004709
UPS,2026-08-24 15:30:00+00:00,102.1,102.175,102.075,102.165,2002.0,29.0,102.144531
UPS,2026-08-24 15:35:00+00:00,102.135,102.145,102.085,102.13,1820.0,30.0,102.119792
UPS,2026-08-24 15:40:00+00:00,102.06,102.1,102.0,102.1,996.0,18.0,102.042202
UPS,2026-08-24 15:45:00+00:00,102.11,102.11,102.0,102.0,460.0,11.0,102.055
UPS,2026-08-24 15:50:00+00:00,102.1,102.1,102.1,102.1,102.0,2.0,102.1
UPS,2026-08-24 15:55:00+00:00,102.17,102.295,102.17,102.295,1943.0,42.0,102.233636
UPS,2026-08-24 16:00:00+00:00,102.32,102.49,102.32,102.46,1210.0,32.0,102.395333
UPS,2026-08-24 16:05:00+00:00,102.445,102.445,102.33,102.33,1086.0,21.0,102.380221
UPS,2026-08-24 16:10:00+00:00,102.43,102.43,102.425,102.425,298.0,4.0,102.4275
UPS,2026-08-24 16:15:00+00:00,102.37,102.4,102.36,102.36,555.0,10.0,102.376667
UPS,2026-08-24 16:20:00+00:00,102.345,102.39,102.33,102.39,708.0,12.0,102.35
UPS,2026-08-24 16:25:00+00:00,102.38,102.38,102.38,102.38,100.0,1.0,102.38
UPS,2026-08-24 16:30:00+00:00,102.325,102.325,102.315,102.315,365.0,7.0,102.32
UPS,2026-08-24 16:35:00+00:00,102.22,102.23,102.22,102.23,335.0,6.0,102.223876
UPS,2026-08-24 16:40:00+00:00,102.155,102.19,102.155,102.19,370.0,8.0,102.1725
UPS,2026-08-24 16:45:00+00:00,102.16,102.16,102.135,102.135,808.0,17.0,102.145
UPS,2026-08-24 16:50:00+00:00,102.18,102.18,102.12,102.12,937.0,24.0,102.149
UPS,2026-08-24 16:55:00+00:00,102.105,102.12,102.105,102.12,514.0,9.0,102.111667
UPS,2026-08-24 17:00:00+00:00,102.16,102.16,102.14,102.14,968.0,22.0,102.147
UPS,2026-08-24 17:05:00+00:00,102.15,102.25,102.15,102.25,479.0,6.0,102.210892
UPS,2026-08-24 17:10:00+00:00,102.18,102.18,102.18,102.18,128.0,2.0,102.18
UPS,2026-08-24 17:15:00+00:00,102.12,102.13,102.09,102.09,780.0,13.0,102.110909
UPS,2026-08-24 17:20:00+00:00,102.115,102.115,102.08,102.08,752.0,11.0,102.102273
UPS,2026-08-24 17:25:00+00:00,102.065,102.065,102.035,102.04,1001.0,13.0,102.042222
UPS,2026-08-24 17:30:00+00:00,102.075,102.15,102.075,102.15,932.0,16.0,102.11255
UPS,2026-08-24 17:35:00+00:00,102.1,102.1,102.075,102.09,526.0,7.0,102.08625
UPS,2026-08-24 17:40:00+00:00,102.11,102.11,102.085,102.085,835.0,12.0,102.095025
UPS,2026-08-24 17:45:00+00:00,102.07,102.085,102.06,102.08,907.0,24.0,102.075
UPS,2026-08-24 17:50:00+00:00,102.075,102.075,102.03,102.07,1407.0,28.0,102.048571
UPS,2026-08-24 17:55:00+00:00,102.09,102.12,102.09,102.1,777.0,13.0,102.106
UPS,2026-08-24 18:00:00+00:00,102.17,102.195,102.17,102.195,883.0,18.0,102.1825
UPS,2026-08-24 18:05:00+00:00,102.245,102.255,102.245,102.255,420.0,12.0,102.25
UPS,2026-08-24 18:10:00+00:00,102.285,102.34,102.285,102.34,1249.0,19.0,102.317453
UPS,2026-08-24 18:15:00+00:00,102.36,102.39,102.36,102.39,720.0,16.0,102.37
UPS,2026-08-24 18:20:00+00:00,102.35,102.36,102.225,102.225,466.0,11.0,102.311667
UPS,2026-08-24 18:25:00+00:00,102.21,102.255,102.205,102.255,611.0,10.0,102.223333
UPS,2026-08-24 18:30:00+00:00,102.26,102.28,102.26,102.27,1012.0,15.0,102.271667
UPS,2026-08-24 18:35:00+00:00,102.28,102.3,102.275,102.275,964.0,16.0,102.289286
UPS,2026-08-24 18:40:00+00:00,102.31,102.38,102.31,102.325,1688.0,24.0,102.344678
UPS,2026-08-24 18:45:00+00:00,102.355,102.355,102.32,102.34,1244.0,23.0,102.340625
UPS,2026-08-24 18:50:00+00:00,102.32,102.32,102.285,102.29,1472.0,29.0,102.304674
UPS,2026-08-24 18:55:00+00:00,102.34,102.37,102.28,102.37,1271.0,27.0,102.333832
UPS,2026-08-24 19:00:00+00:00,102.39,102.43,102.38,102.43,1068.0,25.0,102.395
UPS,2026-08-24 19:05:00+00:00,102.46,102.49,102.46,102.48,1245.0,20.0,102.471867
UPS,2026-08-24 19:10:00+00:00,102.54,102.56,102.54,102.56,1157.0,33.0,102.553333
UPS,2026-08-24 19:15:00+00:00,102.61,102.665,102.585,102.63,2022.0,34.0,102.618092
UPS,2026-08-24 19:20:00+00:00,102.6,102.71,102.6,102.71,1755.0,33.0,102.642292
UPS,2026-08-24 19:25:00+00:00,102.705,102.78,102.705,102.74,2080.0,33.0,102.746306
UPS,2026-08-24 19:30:00+00:00,102.75,102.75,102.645,102.645,2597.0,44.0,102.681843
UPS,2026-08-24 19:35:00+00:00,102.62,102.67,102.62,102.62,2439.0,40.0,102.636176
UPS,2026-08-24 19:40:00+00:00,102.615,102.66,102.6,102.6,3174.0,58.0,102.614415
UPS,2026-08-24 19:45:00+00:00,102.62,102.63,102.535,102.63,2094.0,44.0,102.562593
UPS,2026-08-24 19:50:00+00:00,102.66,102.755,102.66,102.715,3929.0,90.0,102.719811
UPS,2026-08-24 19:55:00+00:00,102.68,102.77,102.515,102.715,19720.0,320.0,102.684879
UPS,2026-08-25 13:30:00+00:00,103.185,104.38,103.14,104.215,3249.0,45.0,103.756725
UPS,2026-08-25 13:35:00+00:00,104.165,104.165,103.84,104.09,7342.0,61.0,103.967832
UPS,2026-08-25 13:40:00+00:00,104.1,104.265,104.05,104.255,3200.0,52.0,104.166892
UPS,2026-08-25 13:45:00+00:00,104.16,104.26,104.03,104.145,6574.0,67.0,104.090898
UPS,2026-08-25 13:50:00+00:00,104.305,104.41,104.195,104.38,1558.0,28.0,104.327381
UPS,2026-08-25 13:55:00+00:00,104.49,104.67,104.49,104.63,2721.0,61.0,104.592424
UPS,2026-08-25 14:00:00+00:00,104.55,105.03,104.445,104.94,3664.0,83.0,104.725641
UPS,2026-08-25 14:05:00+00:00,104.95,104.95,104.625,104.67,3146.0,61.0,104.730345
UPS,2026-08-25 14:10:00+00:00,104.705,104.735,104.44,104.45,5645.0,78.0,104.583981
UPS,2026-08-25 14:15:00+00:00,104.455,104.655,104.33,104.575,6596.0,67.0,104.483714
UPS,2026-08-25 14:20:00+00:00,104.61,104.62,104.405,104.53,3684.0,48.0,104.49109
UPS,2026-08-25 14:25:00+00:00,104.46,104.46,104.3,104.46,3520.0,52.0,104.396285
UPS,2026-08-25 14:30:00+00:00,104.49,104.57,104.15,104.16,4315.0,65.0,104.37462
UPS,2026-08-25 14:35:00+00:00,104.16,104.285,104.11,104.265,4435.0,61.0,104.190834
UPS,2026-08-25 14:40:00+00:00,104.29,104.305,104.035,104.075,2895.0,53.0,104.181832
UPS,2026-08-25 14:45:00+00:00,104.035,104.42,104.0,104.34,5816.0,64.0,104.063064
UPS,2026-08-25 14:50:00+00:00,104.295,104.295,104.06,104.15,4616.0,55.0,104.148483
UPS,2026-08-25 14:55:00+00:00,104.2,104.255,104.19,104.19,629.0,17.0,104.218564
UPS,2026-08-25 15:00:00+00:00,104.225,104.36,104.15,104.18,1440.0,24.0,104.27899
UPS,2026-08-25 15:05:00+00:00,104.365,104.365,104.23,104.27,934.0,20.0,104.311
UPS,2026-08-25 15:10:00+00:00,104.24,104.405,104.24,104.38,948.0,21.0,104.344288
UPS,2026-08-25 15:15:00+00:00,104.37,104.385,104.365,104.375,963.0,12.0,104.37428
UPS,2026-08-25 15:20:00+00:00,104.36,104.375,104.28,104.28,2042.0,34.0,104.332356
UPS,2026-08-25 15:25:00+00:00,104.28,104.355,104.2,104.355,2746.0,48.0,104.273108
UPS,2026-08-25 15:30:00+00:00,104.38,104.68,104.365,104.68,2450.0,38.0,104.482145
UPS,2026-08-25 15:35:00+00:00,104.685,104.77,104.555,104.57,1874.0,23.0,104.64
UPS,2026-08-25 15:40:00+00:00,104.535,104.54,104.41,104.425,1869.0,24.0,104.49625
UPS,2026-08-25 15:45:00+00:00,104.425,104.52,104.425,104.44,2935.0,33.0,104.483922
UPS,2026-08-25 15:50:00+00:00,104.41,104.53,104.41,104.5,3627.0,46.0,104.492857
UPS,2026-08-25 15:55:00+00:00,104.49,104.545,104.49,104.49,3881.0,55.0,104.523409
UPS,2026-08-25 16:00:00+00:00,104.47,104.59,104.47,104.51,1757.0,28.0,104.54004
UPS,2026-08-25 16:05:00+00:00,104.46,104.555,104.46,104.535,1656.0,23.0,104.507857
UPS,2026-08-25 16:10:00+00:00,104.535,104.565,104.5,104.505,1380.0,23.0,104.52
UPS,2026-08-25 16:15:00+00:00,104.5,104.58,104.47,104.47,4525.0,49.0,104.519877
UPS,2026-08-25 16:20:00+00:00,104.505,104.515,104.475,104.485,2377.0,25.0,104.502143
UPS,2026-08-25 16:25:00+00:00,104.485,104.485,104.385,104.435,4562.0,73.0,104.426924
UPS,2026-08-25 16:30:00+00:00,104.435,104.53,104.435,104.5,1478.0,28.0,104.4795
UPS,2026-08-25 16:35:00+00:00,104.51,104.565,104.51,104.555,2279.0,28.0,104.541498
UPS,2026-08-25 16:40:00+00:00,104.55,104.55,104.5,104.55,1501.0,20.0,104.523426
UPS,2026-08-25 16:45:00+00:00,104.555,104.56,104.44,104.47,4373.0,42.0,104.463889
UPS,2026-08-25 16:50:00+00:00,104.46,104.46,104.41,104.435,2017.0,35.0,104.42808
UPS,2026-08-25 16:55:00+00:00,104.46,104.47,104.425,104.45,2990.0,65.0,104.449895
UPS,2026-08-25 17:00:00+00:00,104.45,104.52,104.44,104.48,4163.0,50.0,104.48553
UPS,2026-08-25 17:05:00+00:00,104.48,104.525,104.41,104.48,1765.0,28.0,104.469643
UPS,2026-08-25 17:10:00+00:00,104.475,104.475,104.39,104.415,1661.0,23.0,104.436207
UPS,2026-08-25 17:15:00+00:00,104.415,104.47,104.415,104.44,2694.0,33.0,104.440141
UPS,2026-08-25 17:20:00+00:00,104.44,104.44,104.35,104.36,1660.0,22.0,104.393333
UPS,2026-08-25 17:25:00+00:00,104.36,104.36,104.26,104.26,1807.0,26.0,104.291086
UPS,2026-08-25 17:30:00+00:00,104.33,104.36,104.31,104.355,1477.0,24.0,104.337976
UPS,2026-08-25 17:35:00+00:00,104.355,104.36,104.315,104.325,1423.0,19.0,104.335455
UPS,2026-08-25 17:40:00+00:00,104.325,104.35,104.31,104.315,2012.0,34.0,104.332188
UPS,2026-08-25 17:45:00+00:00,104.31,104.35,104.235,104.35,2102.0,39.0,104.28987
UPS,2026-08-25 17:50:00+00:00,104.35,104.37,104.335,104.34,3572.0,48.0,104.355917
UPS,2026-08-25 17:55:00+00:00,104.355,104.455,104.34,104.455,2192.0,38.0,104.375
UPS,2026-08-25 18:00:00+00:00,104.425,104.53,104.405,104.455,2031.0,31.0,104.477188
UPS,2026-08-25 18:05:00+00:00,104.425,104.505,104.415,104.505,1385.0,24.0,104.4475
UPS,2026-08-25 18:10:00+00:00,104.585,104.585,104.49,104.57,1949.0,31.0,104.548214
UPS,2026-08-25 18:15:00+00:00,104.55,104.55,104.5,104.52,2039.0,32.0,104.52782
UPS,2026-08-25 18:20:00+00:00,104.53,104.57,104.48,104.56,2413.0,36.0,104.538824
UPS,2026-08-25 18:25:00+00:00,104.565,104.665,104.54,104.665,2793.0,47.0,104.563787
UPS,2026-08-25 18:30:00+00:00,104.73,105.24,104.72,105.2,7417.0,82.0,105.010266
UPS,2026-08-25 18:35:00+00:00,105.165,105.375,105.16,105.36,4651.0,34.0,105.232094
UPS,2026-08-25 18:40:00+00:00,105.355,105.425,105.275,105.425,1606.0,23.0,105.3176
UPS,2026-08-25 18:45:00+00:00,105.48,105.735,105.48,105.645,4053.0,70.0,105.59802
UPS,2026-08-25 18:50:00+00:00,105.61,105.705,105.58,105.65,4350.0,69.0,105.636733
UPS,2026-08-25 18:55:00+00:00,105.63,105.63,105.53,105.62,3101.0,44.0,105.553868
UPS,2026-08-25 19:00:00+00:00,105.6,105.645,105.59,105.61,4725.0,72.0,105.623213
UPS,2026-08-25 19:05:00+00:00,105.62,105.715,105.62,105.665,3171.0,43.0,105.685757
UPS,2026-08-25 19:10:00+00:00,105.675,105.745,105.665,105.715,3881.0,57.0,105.722719
UPS,2026-08-25 19:15:00+00:00,105.785,105.865,105.67,105.865,6050.0,91.0,105.753937
UPS,2026-08-25 19:20:00+00:00,105.865,106.1,105.86,106.06,5852.0,77.0,105.963166
UPS,2026-08-25 19:25:00+00:00,106.13,106.165,106.075,106.16,3266.0,57.0,106.124006
UPS,2026-08-25 19:30:00+00:00,106.13,106.13,105.74,105.8,5869.0,78.0,105.832655
UPS,2026-08-25 19:35:00+00:00,105.8,105.8,105.49,105.5,6194.0,83.0,105.657703
UPS,2026-08-25 19:40:00+00:00,105.51,105.52,105.365,105.515,4239.0,86.0,105.46066
UPS,2026-08-25 19:45:00+00:00,105.5,105.505,105.07,105.09,20532.0,251.0,105.346294
UPS,2026-08-25 19:50:00+00:00,105.03,105.07,104.895,105.045,7395.0,143.0,104.993601
UPS,2026-08-25 19:55:00+00:00,105.04,105.15,104.81,105.13,24143.0,454.0,104.974675
UPS,2026-08-26 13:30:00+00:00,105.09,105.16,104.7,104.87,1098.0,23.0,104.913
UPS,2026-08-26 13:35:00+00:00,104.905,105.265,104.905,105.195,2176.0,38.0,105.15707
UPS,2026-08-26 13:40:00+00:00,105.24,105.35,105.15,105.295,954.0,12.0,105.235625
UPS,2026-08-26 13:45:00+00:00,105.33,105.735,105.33,105.735,1832.0,25.0,105.566786
UPS,2026-08-26 13:50:00+00:00,105.79,105.92,105.67,105.9,7506.0,76.0,105.785589
UPS,2026-08-26 13:55:00+00:00,105.94,106.05,105.88,105.88,2584.0,44.0,105.970507
UPS,2026-08-26 14:00:00+00:00,105.925,106.095,105.695,105.695,4031.0,78.0,105.915107
UPS,2026-08-26 14:05:00+00:00,105.61,105.67,105.6,105.655,2703.0,48.0,105.641381
UPS,2026-08-26 14:10:00+00:00,105.655,105.9,105.655,105.87,2668.0,48.0,105.760192
UPS,2026-08-26 14:15:00+00:00,105.895,105.895,105.855,105.855,200.0,2.0,105.875
UPS,2026-08-26 14:20:00+00:00,105.835,105.92,105.75,105.755,2219.0,28.0,105.841772
UPS,2026-08-26 14:25:00+00:00,105.76,105.865,105.52,105.6,1380.0,25.0,105.676111
UPS,2026-08-26 14:30:00+00:00,105.52,105.84,105.52,105.72,1997.0,36.0,105.739091
UPS,2026-08-26 14:35:00+00:00,105.68,105.68,105.6,105.63,1029.0,23.0,105.623333
UPS,2026-08-26 14:40:00+00:00,105.63,105.63,105.56,105.56,1278.0,31.0,105.586429
UPS,2026-08-26 14:45:00+00:00,105.545,105.545,105.44,105.44,1363.0,22.0,105.481364
UPS,2026-08-26 14:50:00+00:00,105.475,105.87,105.435,105.87,6079.0,94.0,105.568973
UPS,2026-08-26 14:55:00+00:00,105.79,105.9,105.75,105.9,1309.0,23.0,105.827377
UPS,2026-08-26 15:00:00+00:00,105.96,105.965,105.86,105.86,1775.0,26.0,105.941096
UPS,2026-08-26 15:05:00+00:00,105.83,106.05,105.83,106.05,1376.0,30.0,105.928039
UPS,2026-08-26 15:10:00+00:00,106.21,106.21,106.075,106.11,1363.0,22.0,106.122353
UPS,2026-08-26 15:15:00+00:00,106.125,106.15,105.98,106.125,2009.0,27.0,106.041485
UPS,2026-08-26 15:20:00+00:00,106.125,106.29,106.125,106.22,4830.0,23.0,106.211415
UPS,2026-08-26 15:25:00+00:00,106.27,106.295,106.23,106.295,2214.0,40.0,106.25688
UPS,2026-08-26 15:30:00+00:00,106.29,106.835,106.29,106.8,3760.0,64.0,106.67446
UPS,2026-08-26 15:35:00+00:00,106.8,106.91,106.685,106.685,2144.0,30.0,106.828788
UPS,2026-08-26 15:40:00+00:00,106.73,106.76,106.69,106.76,1477.0,22.0,106.726265
UPS,2026-08-26 15:45:00+00:00,106.78,107.03,106.76,107.03,2928.0,49.0,106.8705
UPS,2026-08-26 15:50:00+00:00,107.07,107.07,106.94,106.98,2411.0,37.0,107.011373
UPS,2026-08-26 15:55:00+00:00,106.755,106.785,106.695,106.695,988.0,28.0,106.749
UPS,2026-08-26 16:00:00+00:00,106.71,106.745,106.66,106.715,2359.0,48.0,106.714988
UPS,2026-08-26 16:05:00+00:00,106.71,106.89,106.685,106.86,1430.0,23.0,106.819012
UPS,2026-08-26 16:10:00+00:00,106.88,107.11,106.88,107.11,3626.0,50.0,106.991686
UPS,2026-08-26 16:15:00+00:00,107.08,107.08,106.865,106.865,3722.0,43.0,107.002691
UPS,2026-08-26 16:20:00+00:00,106.885,106.985,106.88,106.985,1121.0,20.0,106.925018
UPS,2026-08-26 16:25:00+00:00,106.99,107.0,106.905,106.955,1323.0,26.0,106.956374
UPS,2026-08-26 16:30:00+00:00,106.97,106.99,106.89,106.89,2015.0,35.0,106.9525
UPS,2026-08-26 16:35:00+00:00,106.92,106.95,106.87,106.87,2551.0,41.0,106.92
UPS,2026-08-26 16:40:00+00:00,106.89,106.9,106.825,106.825,3557.0,40.0,106.846066
UPS,2026-08-26 16:45:00+00:00,106.79,106.86,106.74,106.86,1124.0,29.0,106.774583
UPS,2026-08-26 16:50:00+00:00,106.75,106.77,106.655,106.655,862.0,14.0,106.736875
UPS,2026-08-26 16:55:00+00:00,106.775,106.82,106.75,106.79,3267.0,37.0,106.761033
UPS,2026-08-26 17:00:00+00:00,106.795,106.83,106.765,106.765,2931.0,21.0,106.773462
UPS,2026-08-26 17:05:00+00:00,106.79,106.8,106.72,106.745,1849.0,19.0,106.783148
UPS,2026-08-26 17:10:00+00:00,106.735,106.735,106.715,106.73,939.0,21.0,106.725
UPS,2026-08-26 17:15:00+00:00,106.72,106.74,106.68,106.71,1850.0,26.0,106.701376
UPS,2026-08-26 17:20:00+00:00,106.655,106.715,106.655,106.67,1076.0,19.0,106.681667
UPS,2026-08-26 17:25:00+00:00,106.68,106.745,106.645,106.645,1356.0,22.0,106.6894
UPS,2026-08-26 17:30:00+00:00,106.695,106.705,106.61,106.645,1979.0,25.0,106.665714
UPS,2026-08-26 17:35:00+00:00,106.62,106.62,106.485,106.505,1286.0,26.0,106.535883
UPS,2026-08-26 17:40:00+00:00,106.42,106.42,106.33,106.33,2265.0,49.0,106.374
UPS,2026-08-26 17:45:00+00:00,106.33,106.38,106.28,106.38,707.0,15.0,106.3225
UPS,2026-08-26 17:50:00+00:00,106.4,106.41,106.37,106.37,1052.0,23.0,106.39
UPS,2026-08-26 17:55:00+00:00,106.38,106.465,106.38,106.46,2082.0,47.0,106.424951
UPS,2026-08-26 18:00:00+00:00,106.48,106.51,106.44,106.51,1967.0,31.0,106.465131
UPS,2026-08-26 18:05:00+00:00,106.505,106.505,106.46,106.48,2025.0,24.0,106.496364
UPS,2026-08-26 18:10:00+00:00,106.53,106.53,106.475,106.475,1613.0,25.0,106.497727
UPS,2026-08-26 18:15:00+00:00,106.24,106.24,106.23,106.23,674.0,17.0,106.233333
UPS,2026-08-26 18:20:00+00:00,106.21,106.255,106.16,106.16,6423.0,32.0,106.20218
UPS,2026-08-26 18:25:00+00:00,106.1,106.105,106.02,106.025,1070.0,18.0,106.063649
UPS,2026-08-26 18:30:00+00:00,106.025,106.025,105.84,105.84,2133.0,47.0,105.918561
UPS,2026-08-26 18:35:00+00:00,105.81,105.81,105.76,105.79,834.0,17.0,105.78
UPS,2026-08-26 18:40:00+00:00,105.79,105.805,105.79,105.805,892.0,26.0,105.798428
UPS,2026-08-26 18:45:00+00:00,105.81,105.845,105.74,105.74,2770.0,66.0,105.800673
UPS,2026-08-26 18:50:00+00:00,105.78,105.915,105.78,105.86,2117.0,52.0,105.835313
UPS,2026-08-26 18:55:00+00:00,105.85,105.86,105.82,105.86,7898.0,76.0,105.845835
UPS,2026-08-26 19:00:00+00:00,105.855,105.97,105.85,105.96,2492.0,33.0,105.889012
UPS,2026-08-26 19:05:00+00:00,105.94,105.945,105.87,105.87,2190.0,40.0,105.921139
UPS,2026-08-26 19:10:00+00:00,105.845,105.845,105.76,105.8,1980.0,30.0,105.80644
UPS,2026-08-26 19:15:00+00:00,105.79,105.81,105.74,105.74,2550.0,38.0,105.792138
UPS,2026-08-26 19:20:00+00:00,105.74,105.77,105.72,105.77,3838.0,61.0,105.738722
UPS,2026-08-26 19:25:00+00:00,105.77,105.855,105.77,105.85,1994.0,41.0,105.824426
UPS,2026-08-26 19:30:00+00:00,105.88,105.93,105.83,105.93,5489.0,59.0,105.868976
UPS,2026-08-26 19:35:00+00:00,105.93,105.95,105.825,105.825,4589.0,83.0,105.894444
UPS,2026-08-26 19:40:00+00:00,105.84,105.99,105.82,105.94,5572.0,92.0,105.925831
UPS,2026-08-26 19:45:00+00:00,105.955,105.985,105.84,105.85,7682.0,147.0,105.910923
UPS,2026-08-26 19:50:00+00:00,105.825,105.93,105.785,105.88,8132.0,152.0,105.853492
UPS,2026-08-26 19:55:00+00:00,105.88,105.89,105.615,105.645,19920.0,367.0,105.777479
UPS,2026-08-27 13:30:00+00:00,104.72,104.72,104.45,104.705,565.0,22.0,104.625
UPS,2026-08-27 13:35:00+00:00,104.385,104.6,104.385,104.6,409.0,18.0,104.4925
UPS,2026-08-27 13:40:00+00:00,104.425,104.425,104.36,104.365,986.0,19.0,104.37375
UPS,2026-08-27 13:45:00+00:00,104.75,104.89,104.75,104.89,637.0,16.0,104.82
UPS,2026-08-27 13:50:00+00:00,105.01,105.01,105.01,105.01,388.0,10.0,105.01
UPS,2026-08-27 13:55:00+00:00,105.12,105.12,105.12,105.12,193.0,4.0,105.12
UPS,2026-08-27 14:00:00+00:00,104.95,104.95,104.725,104.735,1430.0,41.0,104.783334
UPS,2026-08-27 14:05:00+00:00,104.755,104.785,104.755,104.785,618.0,13.0,104.77
UPS,2026-08-27 14:10:00+00:00,104.92,104.92,104.76,104.76,2107.0,57.0,104.87407
UPS,2026-08-27 14:15:00+00:00,104.88,104.88,104.88,104.88,307.0,6.0,104.88
UPS,2026-08-27 14:20:00+00:00,105.04,105.05,104.975,105.05,1351.0,23.0,105.032762
UPS,2026-08-27 14:25:00+00:00,104.93,105.105,104.93,105.105,1833.0,35.0,105.000025
UPS,2026-08-27 14:30:00+00:00,105.21,105.21,105.21,105.21,814.0,25.0,105.21
UPS,2026-08-27 14:35:00+00:00,105.26,105.26,105.21,105.21,442.0,7.0,105.224205
UPS,2026-08-27 14:45:00+00:00,105.415,105.42,105.39,105.42,639.0,12.0,105.41125
UPS,2026-08-27 14:50:00+00:00,105.39,105.56,105.39,105.56,1210.0,35.0,105.45375
UPS,2026-08-27 14:55:00+00:00,105.645,105.805,105.645,105.7,2139.0,49.0,105.736154
UPS,2026-08-27 15:00:00+00:00,105.78,105.865,105.77,105.865,1867.0,41.0,105.808902
UPS,2026-08-27 15:05:00+00:00,106.1,106.11,106.035,106.035,1999.0,49.0,106.070714
UPS,2026-08-27 15:10:00+00:00,106.095,106.095,106.03,106.03,701.0,12.0,106.078709
UPS,2026-08-27 15:15:00+00:00,105.86,105.87,105.86,105.87,200.0,2.0,105.865
UPS,2026-08-27 15:20:00+00:00,105.9,105.9,105.9,105.9,170.0,2.0,105.9
UPS,2026-08-27 15:25:00+00:00,106.03,106.2,106.03,106.2,1333.0,36.0,106.128329
UPS,2026-08-27 15:30:00+00:00,106.08,106.09,106.08,106.09,335.0,6.0,106.083333
UPS,2026-08-27 15:40:00+00:00,106.05,106.05,106.005,106.005,3149.0,27.0,106.015167
UPS,2026-08-27 15:50:00+00:00,105.97,105.97,105.97,105.97,323.0,10.0,105.97
UPS,2026-08-27 15:55:00+00:00,105.96,105.96,105.955,105.955,517.0,17.0,105.957146
UPS,2026-08-27 16:00:00+00:00,105.96,105.985,105.96,105.98,2888.0,25.0,105.974813
UPS,2026-08-27 16:05:00+00:00,106.01,106.155,106.01,106.08,1836.0,30.0,106.040714
UPS,2026-08-27 16:10:00+00:00,106.035,106.07,106.02,106.02,699.0,17.0,106.03875
UPS,2026-08-27 16:15:00+00:00,106.0,106.0,106.0,106.0,122.0,4.0,106.0
UPS,2026-08-27 16:20:00+00:00,105.95,105.95,105.925,105.925,749.0,15.0,105.945
UPS,2026-08-27 16:25:00+00:00,105.9,105.91,105.83,105.83,695.0,24.0,105.885125
UPS,2026-08-27 16:35:00+00:00,105.88,105.88,105.88,105.88,126.0,3.0,105.88
UPS,2026-08-27 16:40:00+00:00,105.86,105.86,105.86,105.86,105.0,2.0,105.86
UPS,2026-08-27 16:45:00+00:00,105.84,105.84,105.84,105.84,166.0,6.0,105.84
UPS,2026-08-27 16:50:00+00:00,105.85,105.85,105.85,105.85,102.0,3.0,105.85
UPS,2026-08-27 16:55:00+00:00,105.835,105.835,105.835,105.835,162.0,4.0,105.835
UPS,2026-08-27 17:05:00+00:00,105.89,105.89,105.89,105.89,285.0,9.0,105.89
UPS,2026-08-27 17:10:00+00:00,105.93,105.93,105.9,105.9,750.0,15.0,105.91
UPS,2026-08-27 17:15:00+00:00,105.91,105.91,105.91,105.91,405.0,5.0,105.91
UPS,2026-08-27 17:20:00+00:00,105.87,105.87,105.87,105.87,435.0,7.0,105.87
UPS,2026-08-27 17:30:00+00:00,105.93,105.94,105.87,105.87,3104.0,41.0,105.926152
UPS,2026-08-27 17:35:00+00:00,105.89,105.89,105.88,105.88,330.0,10.0,105.884098
UPS,2026-08-27 17:40:00+00:00,105.88,105.88,105.88,105.88,787.0,9.0,105.88
UPS,2026-08-27 17:45:00+00:00,105.88,105.88,105.88,105.88,223.0,6.0,105.88
UPS,2026-08-27 17:50:00+00:00,105.91,105.94,105.91,105.94,827.0,19.0,105.926667
UPS,2026-08-27 17:55:00+00:00,105.96,105.98,105.96,105.98,1107.0,24.0,105.97
UPS,2026-08-27 18:00:00+00:00,105.905,105.905,105.905,105.905,317.0,8.0,105.905
UPS,2026-08-27 18:05:00+00:00,105.91,105.945,105.9,105.9,522.0,7.0,105.912586
UPS,2026-08-27 18:10:00+00:00,105.905,105.905,105.905,105.905,100.0,1.0,105.905
UPS,2026-08-27 18:15:00+00:00,105.985,106.045,105.985,106.045,376.0,12.0,106.015
UPS,2026-08-27 18:20:00+00:00,106.01,106.01,106.01,106.01,196.0,5.0,106.01
UPS,2026-08-27 18:25:00+00:00,105.96,105.96,105.84,105.84,804.0,20.0,105.910196
UPS,2026-08-27 18:35:00+00:00,105.97,105.97,105.97,105.97,100.0,1.0,105.97
UPS,2026-08-27 18:40:00+00:00,105.98,105.98,105.975,105.975,550.0,10.0,105.97875
UPS,2026-08-27 18:45:00+00:00,105.91,105.91,105.88,105.88,545.0,10.0,105.893021
UPS,2026-08-27 18:50:00+00:00,105.87,105.875,105.85,105.85,852.0,22.0,105.860288
UPS,2026-08-27 18:55:00+00:00,105.85,105.85,105.79,105.79,743.0,17.0,105.82
UPS,2026-08-27 19:00:00+00:00,105.75,105.75,105.75,105.75,430.0,7.0,105.75
UPS,2026-08-27 19:05:00+00:00,105.92,105.92,105.9,105.9,314.0,6.0,105.906667
UPS,2026-08-27 19:10:00+00:00,105.84,105.84,105.775,105.78,873.0,14.0,105.796963
UPS,2026-08-27 19:15:00+00:00,105.765,105.79,105.745,105.79,1065.0,22.0,105.7575
UPS,2026-08-27 19:20:00+00:00,105.78,105.78,105.725,105.725,572.0,9.0,105.752895
UPS,2026-08-27 19:25:00+00:00,105.71,105.71,105.635,105.665,1731.0,37.0,105.671282
UPS,2026-08-27 19:30:00+00:00,105.67,105.765,105.67,105.735,2780.0,80.0,105.727095
UPS,2026-08-27 19:35:00+00:00,105.765,105.82,105.725,105.725,3426.0,69.0,105.773286
UPS,2026-08-27 19:40:00+00:00,105.725,105.8,105.7,105.8,4127.0,54.0,105.743035
UPS,2026-08-27 19:45:00+00:00,105.86,105.97,105.86,105.92,1396.0,41.0,105.93816
UPS,2026-08-27 19:50:00+00:00,105.935,105.99,105.915,105.955,3834.0,68.0,105.962059
UPS,2026-08-27 19:55:00+00:00,105.96,105.96,105.69,105.69,9665.0,279.0,105.836727
UPS,2026-08-28 13:30:00+00:00,106.23,106.23,106.075,106.075,663.0,16.0,106.153333
UPS,2026-08-28 13:35:00+00:00,105.95,105.95,105.72,105.72,1283.0,24.0,105.786212
UPS,2026-08-28 13:40:00+00:00,105.65,105.69,105.29,105.29,612.0,12.0,105.48125
UPS,2026-08-28 13:45:00+00:00,105.175,105.39,105.175,105.39,694.0,15.0,105.319191
UPS,2026-08-28 13:50:00+00:00,105.23,105.44,105.23,105.44,652.0,20.0,105.335
UPS,2026-08-28 13:55:00+00:00,105.26,105.26,105.2,105.2,263.0,5.0,105.23
UPS,2026-08-28 14:00:00+00:00,105.205,105.21,105.13,105.21,2191.0,64.0,105.166369
UPS,2026-08-28 14:05:00+00:00,105.32,105.515,105.32,105.515,1263.0,18.0,105.363333
UPS,2026-08-28 14:10:00+00:00,105.39,105.415,105.39,105.415,608.0,7.0,105.401468
UPS,2026-08-28 14:15:00+00:00,105.63,105.65,105.615,105.615,661.0,14.0,105.631667
UPS,2026-08-28 14:20:00+00:00,105.505,105.525,105.505,105.525,563.0,11.0,105.52
UPS,2026-08-28 14:25:00+00:00,105.555,105.56,105.42,105.425,973.0,14.0,105.48
UPS,2026-08-28 14:30:00+00:00,105.425,105.45,105.345,105.42,1378.0,31.0,105.393125
UPS,2026-08-28 14:35:00+00:00,105.57,105.58,105.55,105.555,615.0,12.0,105.564
UPS,2026-08-28 14:40:00+00:00,105.685,105.73,105.62,105.73,990.0,21.0,105.687098
UPS,2026-08-28 14:45:00+00:00,105.685,105.685,105.55,105.55,678.0,19.0,105.64875
UPS,2026-08-28 14:50:00+00:00,105.73,105.73,105.59,105.59,1489.0,28.0,105.656666
UPS,2026-08-28 14:55:00+00:00,105.64,105.695,105.64,105.65,1762.0,29.0,105.667
UPS,2026-08-28 15:00:00+00:00,105.64,105.64,105.475,105.475,1618.0,45.0,105.593253
UPS,2026-08-28 15:05:00+00:00,105.42,105.45,105.36,105.36,1125.0,18.0,105.4175
UPS,2026-08-28 15:10:00+00:00,105.43,105.55,105.43,105.55,979.0,16.0,105.529375
UPS,2026-08-28 15:15:00+00:00,105.6,105.68,105.595,105.68,996.0,18.0,105.641818
UPS,2026-08-28 15:20:00+00:00,105.71,105.77,105.65,105.65,2035.0,25.0,105.697468
UPS,2026-08-28 15:25:00+00:00,105.61,105.65,105.53,105.555,1467.0,56.0,105.59375
UPS,2026-08-28 15:30:00+00:00,105.63,105.63,105.465,105.465,1533.0,32.0,105.556505
UPS,2026-08-28 15:35:00+00:00,105.465,105.51,105.465,105.51,619.0,13.0,105.47625
UPS,2026-08-28 15:40:00+00:00,105.51,105.645,105.49,105.64,1414.0,24.0,105.591363
UPS,2026-08-28 15:45:00+00:00,105.48,105.5,105.41,105.41,1924.0,39.0,105.487302
UPS,2026-08-28 15:55:00+00:00,105.0,105.0,104.99,104.99,666.0,17.0,104.995
UPS,2026-08-28 16:10:00+00:00,105.19,105.19,105.0,105.02,3827.0,57.0,105.041374
UPS,2026-08-28 16:15:00+00:00,105.03,105.05,104.91,104.93,4979.0,66.0,104.931018
UPS,2026-08-28 16:20:00+00:00,104.925,105.07,104.925,105.07,7102.0,78.0,104.965799
UPS,2026-08-28 16:30:00+00:00,105.01,105.05,105.01,105.05,381.0,13.0,105.03
UPS,2026-08-28 16:35:00+00:00,105.0,105.0,105.0,105.0,159.0,5.0,105.0
UPS,2026-08-28 16:40:00+00:00,105.01,105.01,105.01,105.01,100.0,1.0,105.01
UPS,2026-08-28 16:45:00+00:00,105.02,105.02,105.02,105.02,295.0,9.0,105.02
UPS,2026-08-28 16:50:00+00:00,105.09,105.09,105.09,105.09,495.0,4.0,105.09
UPS,2026-08-28 16:55:00+00:00,105.12,105.15,105.12,105.15,1336.0,13.0,105.126
UPS,2026-08-28 17:00:00+00:00,105.16,105.16,105.16,105.16,160.0,13.0,105.16
UPS,2026-08-28 17:05:00+00:00,105.12,105.12,105.06,105.06,653.0,17.0,105.090149
UPS,2026-08-28 17:10:00+00:00,105.08,105.18,105.08,105.18,678.0,15.0,105.113333
UPS,2026-08-28 17:15:00+00:00,105.2,105.2,105.18,105.18,509.0,10.0,105.186667
UPS,2026-08-28 17:20:00+00:00,105.02,105.03,105.02,105.03,280.0,5.0,105.025
UPS,2026-08-28 17:25:00+00:00,105.015,105.015,105.015,105.015,100.0,1.0,105.015
UPS,2026-08-28 17:30:00+00:00,105.09,105.09,105.09,105.09,128.0,3.0,105.09
UPS,2026-08-28 17:35:00+00:00,105.1,105.1,105.08,105.08,507.0,13.0,105.08597
UPS,2026-08-28 17:45:00+00:00,105.19,105.19,105.15,105.155,583.0,11.0,105.161901
UPS,2026-08-28 17:50:00+00:00,105.18,105.18,105.18,105.18,233.0,4.0,105.18
UPS,2026-08-28 18:00:00+00:00,105.17,105.21,105.17,105.18,1297.0,34.0,105.185828
UPS,2026-08-28 18:05:00+00:00,105.21,105.21,105.21,105.21,253.0,3.0,105.21
UPS,2026-08-28 18:10:00+00:00,105.27,105.31,105.27,105.31,668.0,18.0,105.282308
UPS,2026-08-28 18:15:00+00:00,105.385,105.435,105.385,105.435,648.0,13.0,105.41375
UPS,2026-08-28 18:20:00+00:00,105.405,105.405,105.405,105.405,296.0,4.0,105.405
UPS,2026-08-28 18:30:00+00:00,105.5,105.5,105.5,105.5,252.0,9.0,105.5
UPS,2026-08-28 18:35:00+00:00,105.49,105.49,105.48,105.48,233.0,11.0,105.485
UPS,2026-08-28 18:40:00+00:00,105.485,105.485,105.465,105.465,805.0,22.0,105.47
UPS,2026-08-28 18:45:00+00:00,105.45,105.5,105.45,105.5,924.0,21.0,105.48
UPS,2026-08-28 18:50:00+00:00,105.56,105.575,105.56,105.575,657.0,12.0,105.563
UPS,2026-08-28 18:55:00+00:00,105.53,105.56,105.53,105.55,1279.0,24.0,105.547153
UPS,2026-08-28 19:00:00+00:00,105.535,105.535,105.515,105.52,930.0,22.0,105.524
UPS,2026-08-28 19:05:00+00:00,105.56,105.6,105.52,105.52,1987.0,41.0,105.566299
UPS,2026-08-28 19:10:00+00:00,105.53,105.56,105.48,105.48,1149.0,23.0,105.52386
UPS,2026-08-28 19:15:00+00:00,105.52,105.54,105.5,105.54,1029.0,23.0,105.522
UPS,2026-08-28 19:20:00+00:00,105.54,105.54,105.525,105.525,266.0,9.0,105.5325
UPS,2026-08-28 19:25:00+00:00,105.515,105.515,105.495,105.505,1613.0,41.0,105.506111
UPS,2026-08-28 19:30:00+00:00,105.47,105.49,105.44,105.45,1495.0,30.0,105.458
UPS,2026-08-28 19:35:00+00:00,105.38,105.42,105.37,105.42,1551.0,33.0,105.394575
UPS,2026-08-28 19:40:00+00:00,105.47,105.565,105.47,105.565,1282.0,34.0,105.530103
UPS,2026-08-28 19:45:00+00:00,105.5,105.535,105.385,105.42,3853.0,72.0,105.479647
UPS,2026-08-28 19:50:00+00:00,105.4,105.4,105.225,105.285,4133.0,79.0,105.272561
UPS,2026-08-28 19:55:00+00:00,105.29,105.41,105.265,105.33,13591.0,337.0,105.351371
UPS,2026-08-31 13:30:00+00:00,104.43,104.55,104.43,104.55,411.0,6.0,104.49
UPS,2026-08-31 13:35:00+00:00,104.785,104.785,104.785,104.785,265.0,12.0,104.785
UPS,2026-08-31 13:40:00+00:00,104.725,104.725,104.55,104.65,946.0,25.0,104.63375
UPS,2026-08-31 13:45:00+00:00,104.705,104.705,104.705,104.705,108.0,3.0,104.705
UPS,2026-08-31 13:50:00+00:00,104.39,104.39,104.39,104.39,184.0,6.0,104.39
UPS,2026-08-31 13:55:00+00:00,104.52,104.52,104.295,104.295,325.0,11.0,104.4075
UPS,2026-08-31 14:00:00+00:00,104.32,104.335,104.32,104.335,876.0,19.0,104.3275
UPS,2026-08-31 14:05:00+00:00,104.34,104.34,104.1,104.1,1614.0,45.0,104.2125
UPS,2026-08-31 14:10:00+00:00,103.985,104.125,103.985,104.125,799.0,15.0,104.075
UPS,2026-08-31 14:15:00+00:00,104.055,104.055,104.055,104.055,317.0,10.0,104.055
UPS,2026-08-31 14:20:00+00:00,104.03,104.12,104.0,104.04,472.0,10.0,104.046696
UPS,2026-08-31 14:25:00+00:00,104.07,104.07,103.875,103.875,2351.0,54.0,103.98032
UPS,2026-08-31 14:30:00+00:00,103.905,103.945,103.89,103.89,876.0,30.0,103.915
UPS,2026-08-31 14:35:00+00:00,103.905,104.025,103.905,104.025,426.0,12.0,103.951512
UPS,2026-08-31 14:40:00+00:00,104.245,104.245,104.21,104.21,423.0,9.0,104.221667
UPS,2026-08-31 14:45:00+00:00,104.165,104.165,104.155,104.155,585.0,12.0,104.160495
UPS,2026-08-31 14:50:00+00:00,104.125,104.125,104.125,104.125,148.0,4.0,104.125
UPS,2026-08-31 14:55:00+00:00,104.17,104.17,104.04,104.04,1494.0,35.0,104.102857
UPS,2026-08-31 15:10:00+00:00,104.14,104.145,104.12,104.145,1601.0,34.0,104.134243
UPS,2026-08-31 15:15:00+00:00,104.17,104.17,104.125,104.125,593.0,12.0,104.138595
UPS,2026-08-31 15:20:00+00:00,104.12,104.135,104.115,104.135,1140.0,27.0,104.122101
UPS,2026-08-31 15:25:00+00:00,104.1,104.17,104.08,104.17,832.0,17.0,104.116667
UPS,2026-08-31 15:30:00+00:00,104.27,104.27,104.19,104.23,1427.0,40.0,104.23
UPS,2026-08-31 15:35:00+00:00,104.34,104.38,104.34,104.36,1897.0,31.0,104.367778
UPS,2026-08-31 15:40:00+00:00,104.36,104.565,104.36,104.565,648.0,19.0,104.4625
UPS,2026-08-31 15:45:00+00:00,104.55,104.57,104.535,104.535,604.0,14.0,104.551667
UPS,2026-08-31 15:50:00+00:00,104.51,104.51,104.5,104.5,200.0,2.0,104.505
UPS,2026-08-31 16:00:00+00:00,104.27,104.27,104.26,104.26,680.0,17.0,104.263333
UPS,2026-08-31 16:05:00+00:00,104.255,104.36,104.255,104.36,1722.0,29.0,104.310107
UPS,2026-08-31 16:10:00+00:00,104.365,104.41,104.365,104.39,1293.0,19.0,104.390417
UPS,2026-08-31 16:15:00+00:00,104.3,104.3,104.255,104.255,219.0,4.0,104.2775
UPS,2026-08-31 16:20:00+00:00,104.25,104.25,104.21,104.21,612.0,12.0,104.23
UPS,2026-08-31 16:25:00+00:00,104.22,104.23,104.205,104.22,1296.0,25.0,104.215195
UPS,2026-08-31 16:30:00+00:00,104.185,104.185,104.185,104.185,111.0,3.0,104.185
UPS,2026-08-31 16:40:00+00:00,104.03,104.03,103.975,104.03,999.0,23.0,104.009
UPS,2026-08-31 16:45:00+00:00,104.06,104.065,104.03,104.03,302.0,4.0,104.051667
UPS,2026-08-31 16:55:00+00:00,104.01,104.06,104.01,104.045,585.0,11.0,104.04
UPS,2026-08-31 17:00:00+00:00,104.1,104.1,104.1,104.1,384.0,9.0,104.1
UPS,2026-08-31 17:10:00+00:00,104.14,104.18,104.14,104.18,674.0,12.0,104.163333
UPS,2026-08-31 17:15:00+00:00,104.19,104.23,104.19,104.225,881.0,25.0,104.211262
UPS,2026-08-31 17:20:00+00:00,104.24,104.27,104.24,104.27,710.0,16.0,104.256667
UPS,2026-08-31 17:25:00+00:00,104.17,104.17,104.17,104.17,109.0,2.0,104.17
UPS,2026-08-31 17:30:00+00:00,104.05,104.05,104.05,104.05,240.0,9.0,104.05
UPS,2026-08-31 17:35:00+00:00,104.055,104.13,104.055,104.13,807.0,29.0,104.1025
UPS,2026-08-31 17:40:00+00:00,104.17,104.175,104.17,104.175,356.0,14.0,104.1725
UPS,2026-08-31 17:45:00+00:00,104.18,104.2,104.18,104.18,379.0,7.0,104.186667
UPS,2026-08-31 17:50:00+00:00,104.225,104.23,104.205,104.215,530.0,12.0,104.21875
UPS,2026-08-31 17:55:00+00:00,104.23,104.31,104.23,104.3,1649.0,29.0,104.279952
UPS,2026-08-31 18:00:00+00:00,104.31,104.31,104.31,104.31,426.0,10.0,104.31
UPS,2026-08-31 18:05:00+00:00,104.29,104.3,104.24,104.24,1422.0,27.0,104.285175
UPS,2026-08-31 18:10:00+00:00,104.24,104.24,104.24,104.24,285.0,6.0,104.24
UPS,2026-08-31 18:15:00+00:00,104.25,104.25,104.21,104.21,513.0,10.0,104.23
UPS,2026-08-31 18:20:00+00:00,104.22,104.235,104.22,104.23,823.0,27.0,104.22625
UPS,2026-08-31 18:25:00+00:00,104.205,104.27,104.205,104.27,418.0,13.0,104.2375
UPS,2026-08-31 18:30:00+00:00,104.28,104.33,104.28,104.33,378.0,18.0,104.305
UPS,2026-08-31 18:35:00+00:00,104.28,104.28,104.24,104.26,554.0,12.0,104.257625
UPS,2026-08-31 18:40:00+00:00,104.3,104.3,104.3,104.3,713.0,23.0,104.3
UPS,2026-08-31 18:45:00+00:00,104.26,104.26,104.26,104.26,477.0,13.0,104.26
UPS,2026-08-31 18:50:00+00:00,104.27,104.315,104.27,104.315,492.0,11.0,104.288333
UPS,2026-08-31 18:55:00+00:00,104.23,104.23,104.22,104.22,397.0,17.0,104.226667
UPS,2026-08-31 19:00:00+00:00,104.23,104.31,104.23,104.31,1140.0,36.0,104.257574
UPS,2026-08-31 19:05:00+00:00,104.275,104.275,104.17,104.17,811.0,20.0,104.24125
UPS,2026-08-31 19:10:00+00:00,104.15,104.18,104.15,104.18,435.0,16.0,104.165
UPS,2026-08-31 19:15:00+00:00,104.18,104.18,104.135,104.17,1545.0,35.0,104.160138
UPS,2026-08-31 19:20:00+00:00,104.16,104.16,104.07,104.11,1333.0,25.0,104.1329
UPS,2026-08-31 19:25:00+00:00,104.0,104.04,104.0,104.035,2034.0,35.0,104.021
UPS,2026-08-31 19:30:00+00:00,104.01,104.02,103.96,103.96,939.0,28.0,103.9975
UPS,2026-08-31 19:35:00+00:00,103.97,103.97,103.87,103.91,2778.0,50.0,103.909859
UPS,2026-08-31 19:40:00+00:00,103.87,104.13,103.87,104.13,1492.0,29.0,103.985953
UPS,2026-08-31 19:45:00+00:00,104.17,104.17,103.94,103.94,6452.0,96.0,104.110232
UPS,2026-08-31 19:50:00+00:00,104.04,104.14,103.9,104.05,10857.0,182.0,104.019581
UPS,2026-08-31 19:55:00+00:00,104.08,104.44,103.925,104.31,15371.0,361.0,104.22861
UPS,2026-09-01 13:30:00+00:00,103.675,103.79,103.285,103.285,1507.0,33.0,103.600833
UPS,2026-09-01 13:40:00+00:00,103.645,103.645,103.46,103.46,315.0,10.0,103.5525
UPS,2026-09-01 13:45:00+00:00,103.295,103.295,103.295,103.295,227.0,5.0,103.295
UPS,2026-09-01 13:50:00+00:00,103.245,103.365,103.245,103.35,765.0,19.0,103.32
UPS,2026-09-01 13:55:00+00:00,103.205,103.205,103.19,103.19,1237.0,34.0,103.199079
UPS,2026-09-01 14:00:00+00:00,103.215,103.215,103.215,103.215,176.0,4.0,103.215
UPS,2026-09-01 14:05:00+00:00,103.265,103.265,103.145,103.145,1109.0,20.0,103.228448
UPS,2026-09-01 14:10:00+00:00,103.055,103.2,103.04,103.2,1182.0,26.0,103.086699
UPS,2026-09-01 14:15:00+00:00,103.24,103.24,103.195,103.195,623.0,10.0,103.21
UPS,2026-09-01 14:20:00+00:00,103.29,103.29,103.29,103.29,388.0,7.0,103.29
UPS,2026-09-01 14:25:00+00:00,103.16,103.16,103.16,103.16,220.0,5.0,103.16
UPS,2026-09-01 14:30:00+00:00,103.47,103.47,103.42,103.42,430.0,15.0,103.43992
UPS,2026-09-01 14:35:00+00:00,103.325,103.325,103.225,103.225,701.0,16.0,103.259444
UPS,2026-09-01 14:40:00+00:00,103.26,103.26,103.2,103.2,1425.0,36.0,103.248186
UPS,2026-09-01 14:45:00+00:00,103.205,103.205,103.03,103.03,939.0,29.0,103.07625
UPS,2026-09-01 14:50:00+00:00,103.1,103.1,103.02,103.02,725.0,30.0,103.06
UPS,2026-09-01 14:55:00+00:00,103.06,103.06,102.96,102.96,1651.0,40.0,103.0265
UPS,2026-09-01 15:00:00+00:00,102.86,102.86,102.73,102.73,2133.0,49.0,102.787
UPS,2026-09-01 15:05:00+00:00,102.675,102.68,102.605,102.675,879.0,19.0,102.649167
UPS,2026-09-01 15:10:00+00:00,102.82,102.82,102.755,102.755,639.0,13.0,102.795
UPS,2026-09-01 15:15:00+00:00,102.71,102.71,102.67,102.68,717.0,17.0,102.685
UPS,2026-09-01 15:20:00+00:00,102.665,102.72,102.665,102.72,585.0,16.0,102.701667
UPS,2026-09-01 15:25:00+00:00,102.71,102.795,102.68,102.795,3089.0,42.0,102.74
UPS,2026-09-01 15:30:00+00:00,102.775,102.87,102.775,102.87,435.0,12.0,102.8225
UPS,2026-09-01 15:40:00+00:00,102.81,102.88,102.81,102.88,1310.0,22.0,102.846667
UPS,2026-09-01 15:45:00+00:00,102.905,103.165,102.905,103.165,1112.0,34.0,103.03
UPS,2026-09-01 15:50:00+00:00,103.15,103.15,103.07,103.13,703.0,17.0,103.125
UPS,2026-09-01 15:55:00+00:00,103.03,103.03,103.03,103.03,198.0,5.0,103.03
UPS,2026-09-01 16:05:00+00:00,102.99,102.99,102.855,102.855,398.0,10.0,102.9
UPS,2026-09-01 16:10:00+00:00,102.87,102.895,102.84,102.845,1429.0,34.0,102.85625
UPS,2026-09-01 16:15:00+00:00,102.86,102.86,102.755,102.755,5029.0,86.0,102.793431
UPS,2026-09-01 16:20:00+00:00,102.725,102.725,102.66,102.66,1941.0,59.0,102.703605
UPS,2026-09-01 16:25:00+00:00,102.65,102.67,102.445,102.445,4255.0,84.0,102.583039
UPS,2026-09-01 16:30:00+00:00,102.415,102.415,102.14,102.14,274.0,12.0,102.2775
UPS,2026-09-01 16:35:00+00:00,102.15,102.31,102.14,102.31,923.0,29.0,102.1875
UPS,2026-09-01 16:40:00+00:00,102.31,102.31,102.3,102.3,506.0,11.0,102.305
UPS,2026-09-01 16:50:00+00:00,102.11,102.11,102.1,102.1,370.0,5.0,102.105
UPS,2026-09-01 16:55:00+00:00,102.07,102.07,102.07,102.07,356.0,9.0,102.07
UPS,2026-09-01 17:00:00+00:00,102.06,102.07,102.05,102.05,538.0,15.0,102.06
UPS,2026-09-01 17:05:00+00:00,102.07,102.15,102.07,102.13,1156.0,27.0,102.1225
UPS,2026-09-01 17:10:00+00:00,102.05,102.05,102.05,102.05,197.0,7.0,102.05
UPS,2026-09-01 17:15:00+00:00,102.06,102.06,102.0,102.01,1221.0,22.0,102.011111
UPS,2026-09-01 17:20:00+00:00,102.05,102.05,102.05,102.05,289.0,8.0,102.05
UPS,2026-09-01 17:25:00+00:00,101.98,102.035,101.97,102.035,531.0,7.0,101.99375
UPS,2026-09-01 17:30:00+00:00,102.065,102.08,102.03,102.03,606.0,17.0,102.05625
UPS,2026-09-01 17:35:00+00:00,102.09,102.09,102.09,102.09,188.0,10.0,102.09
UPS,2026-09-01 17:40:00+00:00,102.12,102.18,102.12,102.18,6042.0,27.0,102.155455
UPS,2026-09-01 17:45:00+00:00,102.295,102.295,102.295,102.295,281.0,9.0,102.295
UPS,2026-09-01 17:50:00+00:00,102.265,102.265,102.265,102.265,117.0,5.0,102.265
UPS,2026-09-01 18:00:00+00:00,102.32,102.37,102.32,102.37,747.0,11.0,102.330435
UPS,2026-09-01 18:05:00+00:00,102.46,102.47,102.46,102.46,399.0,12.0,102.463215
UPS,2026-09-01 18:10:00+00:00,102.41,102.48,102.41,102.48,893.0,21.0,102.466159
UPS,2026-09-01 18:15:00+00:00,102.38,102.45,102.38,102.45,609.0,11.0,102.426247
UPS,2026-09-01 18:20:00+00:00,102.545,102.55,102.48,102.48,923.0,25.0,102.52125
UPS,2026-09-01 18:25:00+00:00,102.455,102.46,102.45,102.45,631.0,12.0,102.454747
UPS,2026-09-01 18:30:00+00:00,102.43,102.46,102.43,102.45,722.0,18.0,102.449167
UPS,2026-09-01 18:35:00+00:00,102.45,102.5,102.435,102.45,2220.0,45.0,102.465625
UPS,2026-09-01 18:40:00+00:00,102.46,102.46,102.46,102.46,346.0,11.0,102.46
UPS,2026-09-01 18:45:00+00:00,102.32,102.32,102.25,102.27,691.0,19.0,102.284
UPS,2026-09-01 18:50:00+00:00,102.34,102.37,102.34,102.37,211.0,8.0,102.355
UPS,2026-09-01 18:55:00+00:00,102.3,102.37,102.3,102.37,515.0,12.0,102.33
UPS,2026-09-01 19:00:00+00:00,102.37,102.37,102.33,102.34,1341.0,38.0,102.346431
UPS,2026-09-01 19:05:00+00:00,102.37,102.385,102.37,102.38,717.0,17.0,102.379
UPS,2026-09-01 19:10:00+00:00,102.5,102.51,102.5,102.51,299.0,16.0,102.505
UPS,2026-09-01 19:15:00+00:00,102.53,102.61,102.53,102.54,1529.0,38.0,102.571085
UPS,2026-09-01 19:20:00+00:00,102.485,102.51,102.48,102.49,1607.0,32.0,102.486429
UPS,2026-09-01 19:25:00+00:00,102.53,102.53,102.48,102.52,2017.0,43.0,102.507778
UPS,2026-09-01 19:30:00+00:00,102.55,102.57,102.535,102.57,2102.0,65.0,102.55
UPS,2026-09-01 19:35:00+00:00,102.54,102.54,102.46,102.46,2570.0,43.0,102.497377
UPS,2026-09-01 19:40:00+00:00,102.51,102.635,102.48,102.48,5136.0,102.0,102.564176
UPS,2026-09-01 19:45:00+00:00,102.5,102.68,102.5,102.65,1841.0,68.0,102.584286
UPS,2026-09-01 19:50:00+00:00,102.67,102.7,102.59,102.625,2333.0,61.0,102.651393
UPS,2026-09-01 19:55:00+00:00,102.49,102.62,102.43,102.62,13634.0,380.0,102.517733
UPS,2026-09-02 13:30:00+00:00,103.3,103.68,103.3,103.68,1766.0,19.0,103.460714
UPS,2026-09-02 13:35:00+00:00,103.425,103.65,103.42,103.465,1417.0,28.0,103.500625
UPS,2026-09-02 13:40:00+00:00,103.335,103.335,103.335,103.335,232.0,3.0,103.335
UPS,2026-09-02 13:45:00+00:00,102.895,103.0,102.835,103.0,1293.0,14.0,102.889091
UPS,2026-09-02 13:50:00+00:00,102.92,103.045,102.92,103.045,649.0,14.0,102.993333
UPS,2026-09-02 13:55:00+00:00,102.98,103.03,102.885,102.92,1406.0,25.0,102.9305
UPS,2026-09-02 14:00:00+00:00,102.855,103.215,102.855,103.215,1983.0,48.0,102.999217
UPS,2026-09-02 14:05:00+00:00,103.28,103.35,103.18,103.31,1953.0,36.0,103.300909
UPS,2026-09-02 14:10:00+00:00,103.35,103.47,103.32,103.45,2070.0,33.0,103.421078
UPS,2026-09-02 14:15:00+00:00,103.44,103.52,103.4,103.52,1922.0,39.0,103.44293
UPS,2026-09-02 14:20:00+00:00,103.72,103.72,103.495,103.505,1468.0,25.0,103.617778
UPS,2026-09-02 14:25:00+00:00,103.43,103.45,103.43,103.44,1368.0,22.0,103.439347
UPS,2026-09-02 14:30:00+00:00,103.395,103.42,103.375,103.42,1703.0,38.0,103.3925
UPS,2026-09-02 14:35:00+00:00,103.64,103.76,103.64,103.71,2580.0,40.0,103.694864
UPS,2026-09-02 14:40:00+00:00,103.66,103.955,103.66,103.955,1429.0,30.0,103.853125
UPS,2026-09-02 14:45:00+00:00,103.945,104.0,103.85,103.98,2203.0,30.0,103.902968
UPS,2026-09-02 14:50:00+00:00,103.99,104.13,103.99,104.13,4008.0,77.0,104.074918
UPS,2026-09-02 14:55:00+00:00,104.125,104.125,103.86,103.86,2303.0,54.0,104.000396
UPS,2026-09-02 15:00:00+00:00,103.935,103.935,103.935,103.935,109.0,3.0,103.935
UPS,2026-09-02 15:05:00+00:00,103.3,103.3,103.205,103.205,1445.0,9.0,103.285385
UPS,2026-09-02 15:10:00+00:00,103.25,103.25,103.25,103.25,121.0,3.0,103.25
UPS,2026-09-02 15:15:00+00:00,103.28,103.28,103.25,103.265,1225.0,16.0,103.255178
UPS,2026-09-02 15:20:00+00:00,103.26,103.26,103.23,103.23,407.0,10.0,103.24
UPS,2026-09-02 15:25:00+00:00,103.32,103.32,103.32,103.32,183.0,6.0,103.32
UPS,2026-09-02 15:30:00+00:00,103.16,103.16,103.16,103.16,286.0,5.0,103.16
UPS,2026-09-02 15:35:00+00:00,103.28,103.28,103.28,103.28,410.0,11.0,103.28
UPS,2026-09-02 15:40:00+00:00,103.34,103.34,103.32,103.32,517.0,15.0,103.33
UPS,2026-09-02 15:45:00+00:00,103.32,103.37,103.32,103.37,383.0,12.0,103.345
UPS,2026-09-02 15:50:00+00:00,103.49,103.495,103.49,103.495,490.0,11.0,103.4925
UPS,2026-09-02 15:55:00+00:00,103.48,103.48,103.48,103.48,113.0,2.0,103.48
UPS,2026-09-02 16:00:00+00:00,103.43,103.43,103.43,103.43,196.0,6.0,103.43
UPS,2026-09-02 16:05:00+00:00,103.35,103.35,103.35,103.35,170.0,2.0,103.35
UPS,2026-09-02 16:10:00+00:00,103.39,103.4,103.39,103.4,274.0,4.0,103.395
UPS,2026-09-02 16:15:00+00:00,103.4,103.4,103.38,103.38,236.0,6.0,103.39
UPS,2026-09-02 16:20:00+00:00,103.495,103.495,103.475,103.475,368.0,4.0,103.488333
UPS,2026-09-02 16:25:00+00:00,103.59,103.59,103.59,103.59,191.0,4.0,103.59
UPS,2026-09-02 16:30:00+00:00,103.6,103.6,103.6,103.6,195.0,3.0,103.6
UPS,2026-09-02 16:35:00+00:00,103.55,103.55,103.54,103.54,211.0,3.0,103.545
UPS,2026-09-02 16:45:00+00:00,103.4,103.4,103.35,103.35,1416.0,15.0,103.355556
UPS,2026-09-02 16:50:00+00:00,103.38,103.44,103.38,103.44,297.0,10.0,103.41
UPS,2026-09-02 17:00:00+00:00,103.365,103.365,103.335,103.34,8456.0,124.0,103.344281
UPS,2026-09-02 17:05:00+00:00,103.36,103.36,103.36,103.36,101.0,2.0,103.36
UPS,2026-09-02 17:10:00+00:00,103.37,103.37,103.37,103.37,176.0,5.0,103.37
UPS,2026-09-02 17:20:00+00:00,103.385,103.44,103.385,103.435,1176.0,25.0,103.426667
UPS,2026-09-02 17:25:00+00:00,103.425,103.44,103.41,103.44,794.0,18.0,103.423
UPS,2026-09-02 17:30:00+00:00,103.45,103.52,103.45,103.515,1427.0,29.0,103.505
UPS,2026-09-02 17:35:00+00:00,103.525,103.525,103.525,103.525,200.0,2.0,103.525
UPS,2026-09-02 17:40:00+00:00,103.485,103.485,103.48,103.48,418.0,8.0,103.481667
UPS,2026-09-02 17:45:00+00:00,103.595,103.595,103.54,103.54,638.0,14.0,103.582203
UPS,2026-09-02 17:50:00+00:00,103.53,103.565,103.505,103.505,685.0,12.0,103.535629
UPS,2026-09-02 17:55:00+00:00,103.57,103.635,103.57,103.635,500.0,7.0,103.613333
UPS,2026-09-02 18:00:00+00:00,103.63,103.63,103.63,103.63,117.0,3.0,103.63
UPS,2026-09-02 18:05:00+00:00,103.655,103.655,103.62,103.645,641.0,14.0,103.641726
UPS,2026-09-02 18:10:00+00:00,103.66,103.66,103.6,103.6,371.0,5.0,103.626087
UPS,2026-09-02 18:15:00+00:00,103.68,103.72,103.68,103.69,785.0,16.0,103.698333
UPS,2026-09-02 18:20:00+00:00,103.71,103.71,103.71,103.71,100.0,1.0,103.71
UPS,2026-09-02 18:25:00+00:00,103.54,103.54,103.5,103.5,502.0,10.0,103.51375
UPS,2026-09-02 18:30:00+00:00,103.405,103.405,103.405,103.405,282.0,12.0,103.405
UPS,2026-09-02 18:40:00+00:00,103.29,103.29,103.29,103.29,170.0,7.0,103.29
UPS,2026-09-02 18:45:00+00:00,103.3,103.3,103.26,103.26,554.0,13.0,103.2725
UPS,2026-09-02 18:50:00+00:00,103.34,103.36,103.34,103.36,703.0,22.0,103.35
UPS,2026-09-02 18:55:00+00:00,103.29,103.34,103.29,103.3,1372.0,37.0,103.318889
UPS,2026-09-02 19:00:00+00:00,103.37,103.37,103.335,103.355,574.0,17.0,103.353333
UPS,2026-09-02 19:05:00+00:00,103.38,103.38,103.32,103.345,1352.0,42.0,103.35
UPS,2026-09-02 19:15:00+00:00,103.42,103.42,103.31,103.33,1788.0,60.0,103.345
UPS,2026-09-02 19:20:00+00:00,103.365,103.365,103.27,103.27,2311.0,67.0,103.322222
UPS,2026-09-02 19:25:00+00:00,103.27,103.31,103.255,103.255,1933.0,43.0,103.28
UPS,2026-09-02 19:30:00+00:00,103.29,103.29,103.14,103.14,2056.0,44.0,103.218889
UPS,2026-09-02 19:35:00+00:00,103.12,103.15,103.065,103.09,2386.0,45.0,103.10625
UPS,2026-09-02 19:40:00+00:00,103.07,103.07,102.945,102.975,2707.0,55.0,102.989667
UPS,2026-09-02 19:45:00+00:00,102.93,103.03,102.91,103.02,4529.0,91.0,102.946724
UPS,2026-09-02 19:50:00+00:00,102.98,103.05,102.92,102.92,3500.0,72.0,102.978933
UPS,2026-09-02 19:55:00+00:00,102.915,103.03,102.83,103.01,12976.0,243.0,102.925156
UPS,2026-09-03 13:30:00+00:00,103.47,103.63,103.47,103.63,678.0,13.0,103.51
UPS,2026-09-03 13:35:00+00:00,104.275,104.28,104.275,104.28,706.0,12.0,104.276667
UPS,2026-09-03 13:45:00+00:00,103.705,103.73,103.565,103.565,741.0,13.0,103.6775
UPS,2026-09-03 13:55:00+00:00,103.21,103.3,103.21,103.3,503.0,14.0,103.27
UPS,2026-09-03 14:00:00+00:00,103.155,103.19,102.87,102.87,1564.0,22.0,103.00819
UPS,2026-09-03 14:05:00+00:00,102.82,102.87,102.69,102.7,1821.0,35.0,102.801514
UPS,2026-09-03 14:10:00+00:00,102.72,102.72,102.68,102.68,289.0,7.0,102.7
UPS,2026-09-03 14:15:00+00:00,102.61,102.82,102.61,102.82,652.0,14.0,102.75375
UPS,2026-09-03 14:20:00+00:00,102.85,102.88,102.74,102.74,2264.0,42.0,102.823788
UPS,2026-09-03 14:25:00+00:00,102.72,102.745,102.575,102.575,1205.0,25.0,102.649293
UPS,2026-09-03 14:30:00+00:00,102.515,102.52,102.275,102.33,1957.0,37.0,102.411133
UPS,2026-09-03 14:35:00+00:00,102.32,102.715,102.32,102.715,2657.0,42.0,102.646875
UPS,2026-09-03 14:40:00+00:00,102.82,102.875,102.635,102.635,1543.0,30.0,102.810556
UPS,2026-09-03 14:45:00+00:00,102.865,102.88,102.865,102.88,209.0,4.0,102.8725
UPS,2026-09-03 14:50:00+00:00,102.73,102.73,102.72,102.72,606.0,14.0,102.726667
UPS,2026-09-03 14:55:00+00:00,102.74,102.74,102.685,102.685,1918.0,43.0,102.705
UPS,2026-09-03 15:00:00+00:00,102.58,102.59,102.46,102.46,7805.0,152.0,102.495918
UPS,2026-09-03 15:05:00+00:00,102.485,102.62,102.47,102.48,19675.0,208.0,102.511314
UPS,2026-09-03 15:10:00+00:00,102.51,102.51,102.385,102.41,15454.0,191.0,102.434029
UPS,2026-09-03 15:15:00+00:00,102.41,102.45,102.33,102.45,5308.0,57.0,102.392719
UPS,2026-09-03 15:20:00+00:00,102.42,102.63,102.42,102.63,13638.0,72.0,102.527819
UPS,2026-09-03 15:25:00+00:00,102.62,102.73,102.57,102.73,8793.0,88.0,102.628986
UPS,2026-09-03 15:30:00+00:00,102.72,102.885,102.71,102.755,7775.0,101.0,102.739747
UPS,2026-09-03 15:35:00+00:00,102.76,102.76,102.66,102.71,696.0,18.0,102.7225
UPS,2026-09-03 15:45:00+00:00,102.695,102.8,102.695,102.8,619.0,11.0,102.731667
UPS,2026-09-03 15:50:00+00:00,102.765,102.765,102.765,102.765,301.0,4.0,102.765
UPS,2026-09-03 15:55:00+00:00,102.71,102.715,102.71,102.715,356.0,8.0,102.7125
UPS,2026-09-03 16:00:00+00:00,102.625,102.63,102.53,102.56,1649.0,31.0,102.569444
UPS,2026-09-03 16:05:00+00:00,102.49,102.49,102.49,102.49,229.0,7.0,102.49
UPS,2026-09-03 16:10:00+00:00,102.46,102.51,102.46,102.5,1031.0,20.0,102.490714
UPS,2026-09-03 16:15:00+00:00,102.44,102.51,102.43,102.51,1573.0,28.0,102.478669
UPS,2026-09-03 16:20:00+00:00,102.53,102.575,102.345,102.44,4007.0,70.0,102.458855
UPS,2026-09-03 16:25:00+00:00,102.515,102.54,102.49,102.495,2052.0,31.0,102.506865
UPS,2026-09-03 16:30:00+00:00,102.53,102.58,102.53,102.58,819.0,18.0,102.566429
UPS,2026-09-03 16:35:00+00:00,102.69,102.69,102.69,102.69,217.0,4.0,102.69
UPS,2026-09-03 16:40:00+00:00,102.68,102.695,102.68,102.695,424.0,9.0,102.6875
UPS,2026-09-03 16:45:00+00:00,102.715,102.73,102.55,102.55,2819.0,56.0,102.670647
UPS,2026-09-03 16:50:00+00:00,102.61,102.61,102.61,102.61,123.0,2.0,102.61
UPS,2026-09-03 16:55:00+00:00,102.725,102.81,102.66,102.7,1734.0,37.0,102.720211
UPS,2026-09-03 17:00:00+00:00,102.72,102.72,102.72,102.72,113.0,2.0,102.72
UPS,2026-09-03 17:05:00+00:00,102.73,102.73,102.72,102.72,456.0,7.0,102.725
UPS,2026-09-03 17:10:00+00:00,102.66,102.66,102.66,102.66,118.0,4.0,102.66
UPS,2026-09-03 17:20:00+00:00,102.72,102.8,102.72,102.8,524.0,15.0,102.76
UPS,2026-09-03 17:25:00+00:00,102.87,103.11,102.865,103.08,3085.0,46.0,102.963384
UPS,2026-09-03 17:30:00+00:00,103.08,103.305,103.01,103.3,3456.0,42.0,103.11434
UPS,2026-09-03 17:35:00+00:00,103.37,103.455,103.37,103.395,1935.0,29.0,103.410555
UPS,2026-09-03 17:40:00+00:00,103.28,103.3,103.25,103.25,2505.0,23.0,103.258219
UPS,2026-09-03 17:45:00+00:00,103.25,103.28,103.25,103.28,1828.0,25.0,103.258222
UPS,2026-09-03 17:50:00+00:00,103.29,103.34,103.26,103.34,1683.0,32.0,103.28875
UPS,2026-09-03 17:55:00+00:00,103.32,103.32,103.3,103.3,1007.0,14.0,103.304
UPS,2026-09-03 18:00:00+00:00,103.29,103.415,103.29,103.415,4862.0,50.0,103.334076
UPS,2026-09-03 18:05:00+00:00,103.38,103.56,103.38,103.56,2054.0,25.0,103.435834
UPS,2026-09-03 18:10:00+00:00,103.6,103.6,103.52,103.52,657.0,17.0,103.546667
UPS,2026-09-03 18:15:00+00:00,103.46,103.46,103.365,103.39,981.0,17.0,103.397143
UPS,2026-09-03 18:20:00+00:00,103.39,103.39,103.39,103.39,627.0,15.0,103.39
UPS,2026-09-03 18:25:00+00:00,103.38,103.38,103.33,103.33,772.0,13.0,103.354267
UPS,2026-09-03 18:30:00+00:00,103.25,103.25,103.25,103.25,313.0,11.0,103.25
UPS,2026-09-03 18:40:00+00:00,103.305,103.305,103.29,103.29,559.0,12.0,103.3
UPS,2026-09-03 18:45:00+00:00,103.31,103.375,103.27,103.37,1214.0,18.0,103.335
UPS,2026-09-03 18:50:00+00:00,103.32,103.39,103.32,103.39,1307.0,24.0,103.352397
UPS,2026-09-03 18:55:00+00:00,103.415,103.44,103.4,103.44,1615.0,31.0,103.423333
UPS,2026-09-03 19:00:00+00:00,103.49,103.56,103.49,103.525,2095.0,38.0,103.520769
UPS,2026-09-03 19:05:00+00:00,103.49,103.49,103.43,103.43,326.0,6.0,103.46
UPS,2026-09-03 19:10:00+00:00,103.44,103.48,103.44,103.48,675.0,17.0,103.463515
UPS,2026-09-03 19:15:00+00:00,103.42,103.56,103.42,103.56,914.0,19.0,103.4875
UPS,2026-09-03 19:20:00+00:00,103.57,103.57,103.37,103.39,2320.0,56.0,103.487293
UPS,2026-09-03 19:25:00+00:00,103.33,103.34,103.31,103.34,1682.0,22.0,103.329874
UPS,2026-09-03 19:30:00+00:00,103.37,103.38,103.335,103.37,1691.0,28.0,103.372371
UPS,2026-09-03 19:35:00+00:00,103.43,103.46,103.43,103.46,329.0,6.0,103.44
UPS,2026-09-03 19:40:00+00:00,103.45,103.45,103.4,103.45,2799.0,58.0,103.430714
UPS,2026-09-03 19:45:00+00:00,103.405,103.55,103.405,103.55,2105.0,41.0,103.474
UPS,2026-09-03 19:50:00+00:00,103.56,103.74,103.485,103.5,6076.0,95.0,103.612679
UPS,2026-09-03 19:55:00+00:00,103.48,103.55,103.395,103.49,16169.0,273.0,103.462446
UPS,2026-09-04 13:30:00+00:00,102.85,102.85,102.77,102.77,357.0,9.0,102.81
UPS,2026-09-04 13:35:00+00:00,102.99,103.01,102.73,102.88,1480.0,21.0,102.802487
UPS,2026-09-04 13:40:00+00:00,102.85,102.86,102.85,102.86,400.0,7.0,102.855
UPS,2026-09-04 13:45:00+00:00,102.92,103.01,102.92,103.0,618.0,13.0,102.978788
UPS,2026-09-04 13:55:00+00:00,102.9,102.91,102.85,102.85,1512.0,24.0,102.8775
UPS,2026-09-04 14:00:00+00:00,102.825,102.995,102.825,102.995,1159.0,17.0,102.880714
UPS,2026-09-04 14:05:00+00:00,103.125,103.15,103.12,103.15,1104.0,18.0,103.139
UPS,2026-09-04 14:10:00+00:00,103.04,103.08,102.925,102.925,2209.0,36.0,102.97625
UPS,2026-09-04 14:15:00+00:00,102.82,102.82,102.82,102.82,270.0,5.0,102.82
UPS,2026-09-04 14:20:00+00:00,102.925,103.065,102.925,103.065,758.0,10.0,102.98375
UPS,2026-09-04 14:25:00+00:00,103.065,103.115,103.065,103.115,1275.0,20.0,103.09875
UPS,2026-09-04 14:30:00+00:00,103.33,103.33,103.29,103.29,509.0,20.0,103.31
UPS,2026-09-04 14:35:00+00:00,103.28,103.34,103.24,103.24,3363.0,93.0,103.289469
UPS,2026-09-04 14:40:00+00:00,103.23,103.295,103.07,103.07,2891.0,55.0,103.213906
UPS,2026-09-04 14:45:00+00:00,103.195,103.23,103.0,103.0,1991.0,44.0,103.102634
UPS,2026-09-04 14:50:00+00:00,102.98,103.03,102.91,102.91,1064.0,17.0,102.981042
UPS,2026-09-04 14:55:00+00:00,102.89,103.05,102.89,103.05,411.0,10.0,102.97
UPS,2026-09-04 15:00:00+00:00,103.02,103.02,103.02,103.02,293.0,8.0,103.02
UPS,2026-09-04 15:05:00+00:00,103.01,103.01,102.85,102.92,1650.0,30.0,102.908471
UPS,2026-09-04 15:10:00+00:00,102.91,103.01,102.91,103.01,919.0,16.0,102.965
UPS,2026-09-04 15:15:00+00:00,103.075,103.075,103.07,103.07,759.0,12.0,103.073333
UPS,2026-09-04 15:20:00+00:00,103.02,103.02,102.885,102.885,812.0,16.0,102.928
UPS,2026-09-04 15:25:00+00:00,102.835,102.91,102.835,102.88,1143.0,20.0,102.88
UPS,2026-09-04 15:30:00+00:00,102.8,102.81,102.8,102.8,814.0,15.0,102.804
UPS,2026-09-04 15:35:00+00:00,102.8,102.92,102.8,102.92,1709.0,30.0,102.83436
UPS,2026-09-04 15:40:00+00:00,102.98,102.99,102.98,102.985,460.0,8.0,102.98375
UPS,2026-09-04 15:50:00+00:00,102.97,103.06,102.97,103.06,1317.0,25.0,103.006
UPS,2026-09-04 15:55:00+00:00,103.07,103.07,103.02,103.02,949.0,14.0,103.054
UPS,2026-09-04 16:00:00+00:00,103.0,103.12,103.0,103.12,2373.0,45.0,103.06
UPS,2026-09-04 16:05:00+00:00,103.045,103.07,103.04,103.07,477.0,7.0,103.051667
UPS,2026-09-04 16:15:00+00:00,103.12,103.19,103.12,103.19,444.0,6.0,103.15
UPS,2026-09-04 16:20:00+00:00,103.24,103.26,103.17,103.17,1084.0,18.0,103.225714
UPS,2026-09-04 16:25:00+00:00,103.02,103.03,103.02,103.03,300.0,5.0,103.025
UPS,2026-09-04 16:35:00+00:00,102.96,102.96,102.96,102.96,240.0,2.0,102.96
UPS,2026-09-04 16:40:00+00:00,102.98,102.98,102.875,102.875,711.0,16.0,102.949518
UPS,2026-09-04 16:45:00+00:00,102.875,102.875,102.86,102.86,295.0,4.0,102.8675
UPS,2026-09-04 16:50:00+00:00,102.89,102.89,102.89,102.89,138.0,2.0,102.89
UPS,2026-09-04 16:55:00+00:00,102.9,102.9,102.9,102.9,100.0,1.0,102.9
UPS,2026-09-04 17:00:00+00:00,102.8,102.8,102.8,102.8,187.0,4.0,102.8
UPS,2026-09-04 17:05:00+00:00,102.75,102.75,102.69,102.705,1505.0,19.0,102.715309
UPS,2026-09-04 17:10:00+00:00,102.69,102.71,102.69,102.705,1391.0,28.0,102.700625
UPS,2026-09-04 17:15:00+00:00,102.77,102.81,102.77,102.81,568.0,11.0,102.786667
UPS,2026-09-04 17:20:00+00:00,102.77,102.77,102.71,102.72,1018.0,20.0,102.728333
UPS,2026-09-04 17:25:00+00:00,102.755,102.755,102.62,102.62,1756.0,28.0,102.693553
UPS,2026-09-04 17:30:00+00:00,102.615,102.69,102.615,102.69,1015.0,19.0,102.643333
UPS,2026-09-04 17:35:00+00:00,102.73,102.745,102.73,102.73,648.0,12.0,102.735
UPS,2026-09-04 17:40:00+00:00,102.69,102.69,102.69,102.69,171.0,3.0,102.69
UPS,2026-09-04 17:45:00+00:00,102.63,102.63,102.615,102.615,223.0,4.0,102.622925
UPS,2026-09-04 17:50:00+00:00,102.57,102.61,102.57,102.61,435.0,8.0,102.5925
UPS,2026-09-04 17:55:00+00:00,102.69,102.69,102.69,102.69,100.0,1.0,102.69
UPS,2026-09-04 18:00:00+00:00,102.68,102.71,102.64,102.71,832.0,15.0,102.666667
UPS,2026-09-04 18:05:00+00:00,102.745,102.745,102.72,102.72,452.0,9.0,102.731667
UPS,2026-09-04 18:10:00+00:00,102.68,102.68,102.63,102.63,956.0,12.0,102.649333
UPS,2026-09-04 18:15:00+00:00,102.57,102.58,102.53,102.53,1276.0,22.0,102.558668
UPS,2026-09-04 18:20:00+00:00,102.53,102.56,102.5,102.5,1175.0,29.0,102.53
UPS,2026-09-04 18:25:00+00:00,102.49,102.49,102.47,102.47,367.0,5.0,102.48
UPS,2026-09-04 18:30:00+00:00,102.5,102.5,102.5,102.5,1205.0,25.0,102.5
UPS,2026-09-04 18:35:00+00:00,102.45,102.45,102.43,102.44,993.0,23.0,102.441
UPS,2026-09-04 18:40:00+00:00,102.49,102.49,102.46,102.46,446.0,10.0,102.475
UPS,2026-09-04 18:45:00+00:00,102.495,102.5,102.495,102.5,567.0,19.0,102.4975
UPS,2026-09-04 18:50:00+00:00,102.545,102.545,102.5,102.505,620.0,10.0,102.516667
UPS,2026-09-04 18:55:00+00:00,102.535,102.535,102.49,102.49,1511.0,31.0,102.51875
UPS,2026-09-04 19:00:00+00:00,102.49,102.49,102.4,102.4,999.0,19.0,102.465
UPS,2026-09-04 19:05:00+00:00,102.355,102.355,102.355,102.355,200.0,3.0,102.355
UPS,2026-09-04 19:10:00+00:00,102.31,102.31,102.22,102.22,447.0,16.0,102.256364
UPS,2026-09-04 19:15:00+00:00,102.24,102.32,102.24,102.32,1059.0,23.0,102.265373
UPS,2026-09-04 19:20:00+00:00,102.34,102.37,102.325,102.325,1371.0,26.0,102.349721
UPS,2026-09-04 19:25:00+00:00,102.34,102.385,102.34,102.36,1760.0,36.0,102.347222
UPS,2026-09-04 19:30:00+00:00,102.425,102.425,102.4,102.42,2556.0,62.0,102.411539
UPS,2026-09-04 19:35:00+00:00,102.41,102.41,102.38,102.405,1530.0,46.0,102.396667
UPS,2026-09-04 19:40:00+00:00,102.36,102.445,102.34,102.445,2343.0,48.0,102.39505
UPS,2026-09-04 19:45:00+00:00,102.445,102.47,102.41,102.41,2003.0,40.0,102.445556
UPS,2026-09-04 19:50:00+00:00,102.38,102.39,102.27,102.32,3536.0,62.0,102.330921
UPS,2026-09-04 19:55:00+00:00,102.34,102.39,102.25,102.3,15689.0,251.0,102.286745
UPS,2026-09-08 13:30:00+00:00,101.91,101.91,101.575,101.575,640.0,10.0,101.742062
UPS,2026-09-08 13:35:00+00:00,101.59,101.63,101.59,101.6,370.0,4.0,101.606667
UPS,2026-09-08 13:40:00+00:00,101.74,101.74,101.74,101.74,138.0,3.0,101.74
UPS,2026-09-08 13:45:00+00:00,101.935,101.935,101.86,101.86,480.0,7.0,101.910649
UPS,2026-09-08 13:50:00+00:00,101.73,101.78,101.67,101.67,1617.0,43.0,101.7225
UPS,2026-09-08 13:55:00+00:00,101.55,101.55,101.55,101.55,101.0,2.0,101.55
UPS,2026-09-08 14:00:00+00:00,101.6,101.6,101.485,101.485,581.0,15.0,101.5425
UPS,2026-09-08 14:05:00+00:00,101.25,101.29,101.245,101.29,505.0,9.0,101.26125
UPS,2026-09-08 14:15:00+00:00,101.26,101.26,101.17,101.17,331.0,9.0,101.215
UPS,2026-09-08 14:20:00+00:00,101.0,101.1,101.0,101.075,1387.0,19.0,101.022
UPS,2026-09-08 14:25:00+00:00,101.165,101.25,101.16,101.25,601.0,11.0,101.191667
UPS,2026-09-08 14:30:00+00:00,101.36,101.36,101.22,101.25,1899.0,34.0,101.253333
UPS,2026-09-08 14:35:00+00:00,101.32,101.32,101.3,101.3,276.0,5.0,101.31
UPS,2026-09-08 14:40:00+00:00,101.19,101.19,101.19,101.19,334.0,6.0,101.19
UPS,2026-09-08 14:45:00+00:00,101.105,101.295,101.105,101.295,1115.0,19.0,101.234167
UPS,2026-09-08 14:50:00+00:00,101.33,101.33,101.24,101.24,969.0,20.0,101.29
UPS,2026-09-08 14:55:00+00:00,101.195,101.2,101.195,101.2,700.0,11.0,101.198333
UPS,2026-09-08 15:00:00+00:00,101.22,101.32,101.19,101.32,2455.0,38.0,101.230854
UPS,2026-09-08 15:05:00+00:00,101.26,101.365,101.26,101.365,482.0,6.0,101.328302
UPS,2026-09-08 15:10:00+00:00,101.41,101.41,101.22,101.22,742.0,13.0,101.333
UPS,2026-09-08 15:15:00+00:00,101.24,101.29,101.235,101.235,649.0,14.0,101.26125
UPS,2026-09-08 15:20:00+00:00,101.29,101.29,101.27,101.27,504.0,13.0,101.28
UPS,2026-09-08 15:25:00+00:00,101.25,101.27,101.25,101.26,860.0,22.0,101.26
UPS,2026-09-08 15:30:00+00:00,101.33,101.33,101.29,101.29,743.0,18.0,101.31
UPS,2026-09-08 15:35:00+00:00,101.385,101.43,101.16,101.175,1536.0,32.0,101.246667
UPS,2026-09-08 15:40:00+00:00,101.22,101.26,101.205,101.205,1410.0,33.0,101.228524
UPS,2026-09-08 15:45:00+00:00,101.22,101.24,101.22,101.23,502.0,7.0,101.233
UPS,2026-09-08 15:50:00+00:00,101.13,101.13,101.07,101.09,624.0,8.0,101.097358
UPS,2026-09-08 15:55:00+00:00,101.05,101.11,101.05,101.06,1234.0,24.0,101.070552
UPS,2026-09-08 16:00:00+00:00,101.03,101.05,101.01,101.01,776.0,14.0,101.028333
UPS,2026-09-08 16:05:00+00:00,101.01,101.01,100.96,100.96,796.0,17.0,100.9875
UPS,2026-09-08 16:10:00+00:00,100.94,100.955,100.86,100.86,1913.0,25.0,100.906274
UPS,2026-09-08 16:15:00+00:00,100.89,100.89,100.85,100.85,1578.0,33.0,100.871429
UPS,2026-09-08 16:20:00+00:00,100.87,100.985,100.87,100.96,777.0,14.0,100.9375
UPS,2026-09-08 16:25:00+00:00,100.94,100.94,100.91,100.94,915.0,13.0,100.933334
UPS,2026-09-08 16:30:00+00:00,100.91,100.98,100.91,100.98,886.0,19.0,100.94625
UPS,2026-09-08 16:35:00+00:00,100.97,100.97,100.97,100.97,258.0,5.0,100.97
UPS,2026-09-08 16:40:00+00:00,100.91,100.92,100.88,100.91,1464.0,21.0,100.897121
UPS,2026-09-08 16:45:00+00:00,100.915,100.915,100.87,100.9,530.0,11.0,100.893659
UPS,2026-09-08 16:50:00+00:00,100.915,100.915,100.84,100.84,623.0,12.0,100.871674
UPS,2026-09-08 16:55:00+00:00,100.82,100.82,100.81,100.81,580.0,11.0,100.815
UPS,2026-09-08 17:00:00+00:00,100.8,100.85,100.8,100.85,1134.0,25.0,100.831
UPS,2026-09-08 17:05:00+00:00,100.89,100.89,100.81,100.85,991.0,24.0,100.859975
UPS,2026-09-08 17:10:00+00:00,100.845,100.845,100.81,100.81,888.0,13.0,100.833391
UPS,2026-09-08 17:15:00+00:00,100.815,100.815,100.8,100.81,618.0,10.0,100.808169
UPS,2026-09-08 17:20:00+00:00,100.83,100.945,100.83,100.945,1764.0,34.0,100.871352
UPS,2026-09-08 17:25:00+00:00,100.935,100.97,100.92,100.97,781.0,16.0,100.938
UPS,2026-09-08 17:30:00+00:00,101.02,101.02,100.96,100.96,569.0,11.0,100.9975
UPS,2026-09-08 17:35:00+00:00,100.96,100.96,100.855,100.855,408.0,8.0,100.9075
UPS,2026-09-08 17:40:00+00:00,100.82,100.85,100.81,100.81,790.0,18.0,100.8275
UPS,2026-09-08 17:45:00+00:00,100.82,100.85,100.8,100.8,2562.0,31.0,100.814319
UPS,2026-09-08 17:50:00+00:00,100.88,100.88,100.86,100.86,351.0,7.0,100.87
UPS,2026-09-08 17:55:00+00:00,100.84,100.84,100.81,100.81,802.0,17.0,100.824167
UPS,2026-09-08 18:00:00+00:00,100.85,100.895,100.85,100.895,1205.0,25.0,100.869286
UPS,2026-09-08 18:05:00+00:00,100.92,100.98,100.9,100.98,1248.0,22.0,100.925714
UPS,2026-09-08 18:10:00+00:00,100.95,100.95,100.94,100.94,210.0,3.0,100.945
UPS,2026-09-08 18:15:00+00:00,100.96,101.0,100.96,101.0,531.0,10.0,100.975
UPS,2026-09-08 18:20:00+00:00,100.94,100.94,100.94,100.94,202.0,3.0,100.94
UPS,2026-09-08 18:25:00+00:00,100.94,100.94,100.94,100.94,178.0,3.0,100.94
UPS,2026-09-08 18:30:00+00:00,101.03,101.05,100.995,100.995,1576.0,34.0,101.024375
UPS,2026-09-08 18:35:00+00:00,100.985,100.985,100.83,100.84,4536.0,52.0,100.912578
UPS,2026-09-08 18:40:00+00:00,100.81,100.82,100.8,100.82,784.0,19.0,100.8125
UPS,2026-09-08 18:45:00+00:00,100.825,100.825,100.64,100.655,1467.0,33.0,100.735
UPS,2026-09-08 18:50:00+00:00,100.7,100.7,100.6,100.655,872.0,23.0,100.653
UPS,2026-09-08 18:55:00+00:00,100.61,100.61,100.57,100.57,1201.0,21.0,100.59
UPS,2026-09-08 19:00:00+00:00,100.54,100.61,100.535,100.61,963.0,18.0,100.562066
UPS,2026-09-08 19:10:00+00:00,100.87,100.88,100.855,100.855,479.0,12.0,100.86875
UPS,2026-09-08 19:15:00+00:00,100.83,100.835,100.8,100.8,894.0,18.0,100.820833
UPS,2026-09-08 19:20:00+00:00,100.82,100.82,100.72,100.72,1871.0,33.0,100.768154
UPS,2026-09-08 19:25:00+00:00,100.78,100.82,100.78,100.82,798.0,16.0,100.791667
UPS,2026-09-08 19:30:00+00:00,100.93,100.98,100.91,100.97,3025.0,36.0,100.940628
UPS,2026-09-08 19:35:00+00:00,100.99,101.005,100.88,100.88,2142.0,31.0,100.972144
UPS,2026-09-08 19:40:00+00:00,100.92,100.95,100.86,100.95,5440.0,87.0,100.88222
UPS,2026-09-08 19:45:00+00:00,100.95,101.01,100.925,100.97,2859.0,49.0,100.975808
UPS,2026-09-08 19:50:00+00:00,100.95,100.95,100.76,100.82,3407.0,63.0,100.832101
UPS,2026-09-08 19:55:00+00:00,100.8,100.8,100.475,100.475,17014.0,350.0,100.602224
UPS,2026-09-09 13:30:00+00:00,100.195,100.195,99.37,99.95,2408.0,38.0,100.007692
UPS,2026-09-09 13:35:00+00:00,100.02,100.02,99.87,99.87,1289.0,28.0,99.943077
UPS,2026-09-09 13:40:00+00:00,100.01,100.07,100.01,100.07,506.0,17.0,100.045
UPS,2026-09-09 13:45:00+00:00,100.14,100.25,100.14,100.25,343.0,8.0,100.195
UPS,2026-09-09 13:50:00+00:00,100.07,100.07,100.07,100.07,138.0,3.0,100.07
UPS,2026-09-09 13:55:00+00:00,99.93,99.93,99.93,99.93,139.0,6.0,99.93
UPS,2026-09-09 14:00:00+00:00,100.05,100.05,100.05,100.05,137.0,3.0,100.05
UPS,2026-09-09 14:05:00+00:00,100.08,100.08,100.08,100.08,126.0,4.0,100.08
UPS,2026-09-09 14:10:00+00:00,99.75,99.82,99.75,99.82,417.0,12.0,99.773333
UPS,2026-09-09 14:15:00+00:00,99.855,99.855,99.855,99.855,266.0,6.0,99.855
UPS,2026-09-09 14:20:00+00:00,99.885,99.895,99.885,99.895,210.0,3.0,99.89
UPS,2026-09-09 14:30:00+00:00,99.92,99.92,99.92,99.92,352.0,11.0,99.92
UPS,2026-09-09 14:35:00+00:00,99.84,99.85,99.84,99.85,339.0,11.0,99.845
UPS,2026-09-09 14:45:00+00:00,99.8,99.91,99.75,99.75,1586.0,34.0,99.807628
UPS,2026-09-09 14:50:00+00:00,99.82,99.88,99.78,99.88,709.0,16.0,99.84
UPS,2026-09-09 14:55:00+00:00,99.89,99.91,99.855,99.91,1177.0,15.0,99.895
UPS,2026-09-09 15:00:00+00:00,100.065,100.065,99.82,99.82,1100.0,16.0,99.964796
UPS,2026-09-09 15:05:00+00:00,99.82,99.83,99.82,99.83,512.0,11.0,99.825
UPS,2026-09-09 15:10:00+00:00,99.68,99.74,99.68,99.74,497.0,10.0,99.71
UPS,2026-09-09 15:15:00+00:00,99.655,99.655,99.655,99.655,323.0,10.0,99.655
UPS,2026-09-09 15:20:00+00:00,99.64,99.67,99.63,99.63,994.0,21.0,99.65
UPS,2026-09-09 15:25:00+00:00,99.61,99.61,99.545,99.55,1129.0,21.0,99.569062
UPS,2026-09-09 15:30:00+00:00,99.63,99.63,99.56,99.57,2576.0,41.0,99.605
UPS,2026-09-09 15:35:00+00:00,99.595,99.61,99.595,99.61,314.0,4.0,99.60155
UPS,2026-09-09 15:40:00+00:00,99.75,99.84,99.745,99.8,1024.0,24.0,99.78375
UPS,2026-09-09 15:45:00+00:00,99.79,99.79,99.745,99.745,354.0,6.0,99.772013
UPS,2026-09-09 15:50:00+00:00,99.665,99.665,99.63,99.63,270.0,3.0,99.6475
UPS,2026-09-09 16:05:00+00:00,99.55,99.55,99.54,99.54,741.0,12.0,99.544
UPS,2026-09-09 16:10:00+00:00,99.51,99.51,99.5,99.5,484.0,12.0,99.505
UPS,2026-09-09 16:15:00+00:00,99.49,99.49,99.49,99.49,106.0,2.0,99.49
UPS,2026-09-09 16:20:00+00:00,99.37,99.37,99.37,99.37,112.0,3.0,99.37
UPS,2026-09-09 16:30:00+00:00,99.46,99.465,99.46,99.465,223.0,7.0,99.4625
UPS,2026-09-09 16:40:00+00:00,99.59,99.59,99.55,99.55,807.0,21.0,99.574
UPS,2026-09-09 16:45:00+00:00,99.555,99.555,99.555,99.555,329.0,5.0,99.555
UPS,2026-09-09 17:20:00+00:00,99.685,99.685,99.64,99.64,727.0,11.0,99.654845
UPS,2026-09-09 17:25:00+00:00,99.615,99.62,99.6,99.6,328.0,7.0,99.611667
UPS,2026-09-09 17:30:00+00:00,99.555,99.555,99.53,99.53,408.0,6.0,99.546667
UPS,2026-09-09 17:35:00+00:00,99.51,99.51,99.4,99.4,350.0,10.0,99.455
UPS,2026-09-09 17:40:00+00:00,99.34,99.34,99.34,99.34,174.0,3.0,99.34
UPS,2026-09-09 17:45:00+00:00,99.385,99.43,99.385,99.43,480.0,8.0,99.411667
UPS,2026-09-09 17:50:00+00:00,99.41,99.425,99.4,99.41,424.0,6.0,99.41125
UPS,2026-09-09 17:55:00+00:00,99.34,99.34,99.26,99.26,1410.0,37.0,99.29625
UPS,2026-09-09 18:00:00+00:00,99.355,99.36,99.355,99.36,200.0,2.0,99.3575
UPS,2026-09-09 18:05:00+00:00,99.37,99.37,99.37,99.37,158.0,2.0,99.37
UPS,2026-09-09 18:10:00+00:00,99.42,99.425,99.42,99.425,485.0,13.0,99.423333
UPS,2026-09-09 18:30:00+00:00,99.61,99.61,99.58,99.58,674.0,11.0,99.59375
UPS,2026-09-09 18:35:00+00:00,99.55,99.55,99.55,99.55,455.0,14.0,99.55
UPS,2026-09-09 18:50:00+00:00,99.475,99.475,99.475,99.475,262.0,6.0,99.475
UPS,2026-09-09 18:55:00+00:00,99.46,99.46,99.44,99.44,362.0,18.0,99.45
UPS,2026-09-09 19:00:00+00:00,99.43,99.44,99.43,99.44,521.0,18.0,99.435
UPS,2026-09-09 19:05:00+00:00,99.415,99.44,99.415,99.435,390.0,21.0,99.43
UPS,2026-09-09 19:10:00+00:00,99.52,99.58,99.515,99.565,1038.0,31.0,99.545
UPS,2026-09-09 19:15:00+00:00,99.59,99.61,99.57,99.59,903.0,27.0,99.59
UPS,2026-09-09 19:25:00+00:00,99.64,99.64,99.525,99.525,904.0,24.0,99.569855
UPS,2026-09-09 19:30:00+00:00,99.485,99.505,99.33,99.345,5866.0,91.0,99.418925
UPS,2026-09-09 19:35:00+00:00,99.35,99.45,99.35,99.41,3151.0,70.0,99.412353
UPS,2026-09-09 19:40:00+00:00,99.39,99.48,99.39,99.44,1613.0,32.0,99.46146
UPS,2026-09-09 19:45:00+00:00,99.52,99.52,99.49,99.49,2830.0,63.0,99.503411
UPS,2026-09-09 19:50:00+00:00,99.44,99.47,99.425,99.43,2568.0,44.0,99.436389
UPS,2026-09-09 19:55:00+00:00,99.425,99.43,99.11,99.18,15609.0,307.0,99.290152
UPS,2026-09-10 13:30:00+00:00,98.95,99.145,98.885,99.095,912.0,14.0,99.043571
UPS,2026-09-10 13:35:00+00:00,99.45,99.45,99.06,99.06,320.0,7.0,99.255
UPS,2026-09-10 13:40:00+00:00,99.16,99.47,99.16,99.47,200.0,2.0,99.315
UPS,2026-09-10 13:45:00+00:00,99.515,99.515,99.41,99.41,527.0,7.0,99.43625
UPS,2026-09-10 13:50:00+00:00,99.5,99.545,99.5,99.545,527.0,11.0,99.5225
UPS,2026-09-10 13:55:00+00:00,99.5,99.54,99.41,99.41,1060.0,21.0,99.483113
UPS,2026-09-10 14:00:00+00:00,99.495,99.75,99.495,99.75,2203.0,63.0,99.624583
UPS,2026-09-10 14:05:00+00:00,99.78,99.78,99.64,99.665,1951.0,24.0,99.69011
UPS,2026-09-10 14:10:00+00:00,99.52,99.52,99.52,99.52,156.0,8.0,99.52
UPS,2026-09-10 14:15:00+00:00,100.05,100.05,100.04,100.04,397.0,11.0,100.043333
UPS,2026-09-10 14:20:00+00:00,100.1,100.1,100.1,100.1,340.0,4.0,100.1
UPS,2026-09-10 14:25:00+00:00,100.45,100.45,100.31,100.31,1673.0,25.0,100.349546
UPS,2026-09-10 14:30:00+00:00,100.28,100.28,100.28,100.28,151.0,3.0,100.28
UPS,2026-09-10 14:35:00+00:00,100.085,100.085,100.03,100.03,465.0,15.0,100.056066
UPS,2026-09-10 14:40:00+00:00,100.09,100.09,100.065,100.065,441.0,12.0,100.0775
UPS,2026-09-10 14:45:00+00:00,100.005,100.16,99.98,100.16,1294.0,25.0,100.005556
UPS,2026-09-10 14:50:00+00:00,100.175,100.215,100.175,100.215,422.0,9.0,100.195
UPS,2026-09-10 14:55:00+00:00,100.2,100.28,100.08,100.225,995.0,20.0,100.206923
UPS,2026-09-10 15:00:00+00:00,100.17,100.17,100.105,100.105,1059.0,18.0,100.115833
UPS,2026-09-10 15:05:00+00:00,100.24,100.24,100.21,100.21,430.0,9.0,100.225
UPS,2026-09-10 15:10:00+00:00,100.13,100.13,99.95,99.97,1002.0,20.0,100.0325
UPS,2026-09-10 15:15:00+00:00,99.95,100.1,99.95,100.1,803.0,20.0,100.0175
UPS,2026-09-10 15:20:00+00:00,99.95,99.95,99.95,99.95,136.0,2.0,99.95
UPS,2026-09-10 15:25:00+00:00,100.01,100.06,100.01,100.025,812.0,14.0,100.03
UPS,2026-09-10 15:30:00+00:00,100.09,100.09,100.02,100.02,1222.0,16.0,100.079375
UPS,2026-09-10 15:40:00+00:00,99.87,99.87,99.78,99.8,991.0,15.0,99.82
UPS,2026-09-10 15:45:00+00:00,99.775,99.87,99.775,99.87,807.0,13.0,99.832201
UPS,2026-09-10 15:50:00+00:00,99.905,99.905,99.87,99.87,207.0,3.0,99.8875
UPS,2026-09-10 16:00:00+00:00,99.88,99.99,99.88,99.99,523.0,12.0,99.92
UPS,2026-09-10 16:10:00+00:00,100.03,100.05,100.03,100.05,233.0,5.0,100.04
UPS,2026-09-10 16:15:00+00:00,100.04,100.06,100.04,100.06,318.0,5.0,100.05
UPS,2026-09-10 16:30:00+00:00,100.15,100.15,100.13,100.15,343.0,11.0,100.143333
UPS,2026-09-10 16:40:00+00:00,100.07,100.07,100.06,100.06,985.0,22.0,100.063333
UPS,2026-09-10 16:45:00+00:00,100.145,100.17,100.145,100.17,907.0,21.0,100.15625
UPS,2026-09-10 16:50:00+00:00,100.15,100.15,100.15,100.15,104.0,3.0,100.15
UPS,2026-09-10 16:55:00+00:00,100.14,100.14,100.14,100.14,617.0,6.0,100.14
UPS,2026-09-10 17:00:00+00:00,100.24,100.24,100.19,100.19,581.0,16.0,100.215
UPS,2026-09-10 17:20:00+00:00,99.98,99.98,99.98,99.98,307.0,5.0,99.98
UPS,2026-09-10 17:25:00+00:00,99.98,100.0,99.97,99.97,513.0,7.0,99.9875
UPS,2026-09-10 17:30:00+00:00,99.945,99.945,99.94,99.94,407.0,13.0,99.943333
UPS,2026-09-10 17:35:00+00:00,100.03,100.03,99.955,99.955,646.0,15.0,99.98
UPS,2026-09-10 17:40:00+00:00,99.975,100.025,99.975,100.025,741.0,12.0,100.015
UPS,2026-09-10 17:50:00+00:00,99.945,99.945,99.945,99.945,250.0,9.0,99.945
UPS,2026-09-10 17:55:00+00:00,99.9,99.965,99.9,99.965,628.0,18.0,99.928333
UPS,2026-09-10 18:00:00+00:00,99.955,99.955,99.955,99.955,200.0,3.0,99.955
UPS,2026-09-10 18:10:00+00:00,99.98,99.98,99.98,99.98,220.0,4.0,99.98
UPS,2026-09-10 18:15:00+00:00,99.98,99.98,99.98,99.98,489.0,4.0,99.98
UPS,2026-09-10 18:20:00+00:00,99.94,99.94,99.94,99.94,230.0,4.0,99.94
UPS,2026-09-10 18:25:00+00:00,99.84,99.87,99.84,99.87,200.0,2.0,99.855
UPS,2026-09-10 18:30:00+00:00,99.84,99.84,99.785,99.8,474.0,16.0,99.808333
UPS,2026-09-10 18:35:00+00:00,99.795,99.82,99.795,99.82,417.0,14.0,99.80913
UPS,2026-09-10 18:40:00+00:00,99.9,99.94,99.9,99.94,591.0,13.0,99.913333
UPS,2026-09-10 18:45:00+00:00,99.99,99.99,99.99,99.99,100.0,1.0,99.99
UPS,2026-09-10 18:50:00+00:00,99.99,100.0,99.99,100.0,537.0,19.0,99.995215
UPS,2026-09-10 19:00:00+00:00,99.92,99.98,99.92,99.94,771.0,38.0,99.945
UPS,2026-09-10 19:05:00+00:00,99.93,99.93,99.93,99.93,129.0,4.0,99.93
UPS,2026-09-10 19:20:00+00:00,99.9,99.9,99.9,99.9,367.0,7.0,99.9
UPS,2026-09-10 19:25:00+00:00,99.935,99.935,99.935,99.935,230.0,8.0,99.935
UPS,2026-09-10 19:30:00+00:00,99.975,100.015,99.975,99.98,672.0,14.0,99.99
UPS,2026-09-10 19:35:00+00:00,99.975,99.975,99.92,99.92,3344.0,61.0,99.959193
UPS,2026-09-10 19:40:00+00:00,99.875,99.88,99.855,99.875,1648.0,36.0,99.869686
UPS,2026-09-10 19:45:00+00:00,99.84,99.875,99.795,99.85,4804.0,95.0,99.82376
UPS,2026-09-10 19:50:00+00:00,99.845,100.025,99.845,99.925,7883.0,181.0,99.944366
UPS,2026-09-10 19:55:00+00:00,99.92,100.0,99.81,99.975,16575.0,468.0,99.946288
UPS,2026-09-11 13:30:00+00:00,100.36,100.63,100.36,100.63,1033.0,23.0,100.53875
UPS,2026-09-11 13:35:00+00:00,100.655,100.74,100.54,100.54,1707.0,25.0,100.704583
UPS,2026-09-11 13:40:00+00:00,100.455,100.455,100.455,100.455,678.0,8.0,100.455
UPS,2026-09-11 13:45:00+00:00,100.0,100.08,99.64,99.64,2315.0,30.0,99.965
UPS,2026-09-11 13:50:00+00:00,99.7,99.845,99.7,99.845,313.0,8.0,99.7725
UPS,2026-09-11 13:55:00+00:00,99.865,100.015,99.62,99.62,9122.0,91.0,99.934736
UPS,2026-09-11 14:00:00+00:00,99.59,99.7,99.545,99.63,15327.0,108.0,99.613726
UPS,2026-09-11 14:05:00+00:00,99.44,99.445,99.34,99.34,1004.0,11.0,99.409378
UPS,2026-09-11 14:10:00+00:00,99.36,99.36,99.19,99.355,2474.0,13.0,99.297681
UPS,2026-09-11 14:15:00+00:00,99.35,99.465,99.35,99.465,986.0,20.0,99.39625
UPS,2026-09-11 14:20:00+00:00,99.43,99.43,99.4,99.4,662.0,17.0,99.415
UPS,2026-09-11 14:25:00+00:00,99.36,99.45,99.26,99.42,2898.0,53.0,99.307647
UPS,2026-09-11 14:30:00+00:00,99.465,99.47,99.4,99.4,470.0,16.0,99.45125
UPS,2026-09-11 14:35:00+00:00,99.3,99.38,99.22,99.355,4295.0,71.0,99.336372
UPS,2026-09-11 14:40:00+00:00,99.35,99.35,99.295,99.295,2202.0,31.0,99.309615
UPS,2026-09-11 14:45:00+00:00,99.33,99.715,99.33,99.715,3339.0,52.0,99.627924
UPS,2026-09-11 14:50:00+00:00,99.615,99.68,99.46,99.46,9335.0,85.0,99.637291
UPS,2026-09-11 14:55:00+00:00,99.465,99.465,99.4,99.43,2293.0,19.0,99.443333
UPS,2026-09-11 15:00:00+00:00,99.385,99.385,99.385,99.385,187.0,6.0,99.385
UPS,2026-09-11 15:05:00+00:00,99.38,99.38,99.345,99.345,852.0,15.0,99.36875
UPS,2026-09-11 15:10:00+00:00,99.21,99.24,99.095,99.18,12113.0,157.0,99.153826
UPS,2026-09-11 15:15:00+00:00,99.15,99.16,99.055,99.15,15704.0,81.0,99.099887
UPS,2026-09-11 15:20:00+00:00,99.15,99.36,99.15,99.36,6560.0,47.0,99.278323
UPS,2026-09-11 15:25:00+00:00,99.37,99.4,99.36,99.36,1914.0,23.0,99.3725
UPS,2026-09-11 15:30:00+00:00,99.34,99.34,99.28,99.34,1147.0,24.0,99.3
UPS,2026-09-11 15:35:00+00:00,99.38,99.6,99.38,99.6,2135.0,17.0,99.543889
UPS,2026-09-11 15:40:00+00:00,99.53,99.845,99.53,99.84,5494.0,61.0,99.772765
UPS,2026-09-11 15:45:00+00:00,99.705,99.745,99.705,99.745,999.0,21.0,99.725
UPS,2026-09-11 15:50:00+00:00,99.74,99.74,99.465,99.48,3787.0,31.0,99.501202
UPS,2026-09-11 15:55:00+00:00,99.485,99.675,99.415,99.675,13831.0,126.0,99.524144
UPS,2026-09-11 16:00:00+00:00,99.71,99.835,99.71,99.835,2345.0,34.0,99.738712
UPS,2026-09-11 16:05:00+00:00,99.825,99.83,99.69,99.69,3866.0,50.0,99.8043
UPS,2026-09-11 16:10:00+00:00,99.74,99.74,99.68,99.72,1468.0,24.0,99.719444
UPS,2026-09-11 16:15:00+00:00,99.74,99.92,99.74,99.88,3555.0,40.0,99.817353
UPS,2026-09-11 16:20:00+00:00,99.91,99.94,99.85,99.86,2681.0,27.0,99.883083
UPS,2026-09-11 16:25:00+00:00,99.88,100.055,99.88,100.03,1124.0,22.0,99.984
UPS,2026-09-11 16:30:00+00:00,100.05,100.155,100.05,100.155,2038.0,35.0,100.08875
UPS,2026-09-11 16:35:00+00:00,100.24,100.32,100.24,100.32,1486.0,26.0,100.267761
UPS,2026-09-11 16:40:00+00:00,100.24,100.285,100.24,100.28,507.0,8.0,100.26875
UPS,2026-09-11 16:45:00+00:00,100.38,100.38,100.38,100.38,168.0,3.0,100.38
UPS,2026-09-11 16:50:00+00:00,100.39,100.43,100.385,100.43,1651.0,13.0,100.413929
UPS,2026-09-11 16:55:00+00:00,100.34,100.38,100.34,100.38,1219.0,10.0,100.369447
UPS,2026-09-11 17:00:00+00:00,100.3,100.35,100.27,100.27,1451.0,11.0,100.303561
UPS,2026-09-11 17:05:00+00:00,100.26,100.26,100.26,100.26,820.0,3.0,100.26
UPS,2026-09-11 17:10:00+00:00,100.28,100.28,100.19,100.255,1241.0,16.0,100.211164
UPS,2026-09-11 17:15:00+00:00,100.34,100.34,100.34,100.34,348.0,6.0,100.34
UPS,2026-09-11 17:20:00+00:00,100.225,100.23,100.225,100.23,203.0,4.0,100.2275
UPS,2026-09-11 17:30:00+00:00,100.27,100.285,100.27,100.275,961.0,18.0,100.277
UPS,2026-09-11 17:35:00+00:00,100.19,100.19,100.19,100.19,272.0,6.0,100.19
UPS,2026-09-11 17:40:00+00:00,100.22,100.22,100.115,100.14,1347.0,16.0,100.1475
UPS,2026-09-11 17:45:00+00:00,100.14,100.155,100.11,100.11,726.0,13.0,100.135
UPS,2026-09-11 17:50:00+00:00,100.135,100.15,100.135,100.15,306.0,6.0,100.1425
UPS,2026-09-11 17:55:00+00:00,100.16,100.16,100.03,100.08,2241.0,27.0,100.061053
UPS,2026-09-11 18:00:00+00:00,100.1,100.1,100.03,100.05,3794.0,19.0,100.06375
UPS,2026-09-11 18:05:00+00:00,100.07,100.16,100.07,100.11,3854.0,27.0,100.10027
UPS,2026-09-11 18:10:00+00:00,100.065,100.065,100.05,100.05,2725.0,8.0,100.057407
UPS,2026-09-11 18:15:00+00:00,100.065,100.1,100.065,100.1,2029.0,16.0,100.079412
UPS,2026-09-11 18:20:00+00:00,99.98,100.02,99.98,100.02,411.0,10.0,100.006667
UPS,2026-09-11 18:25:00+00:00,99.98,99.98,99.88,99.88,377.0,7.0,99.93
UPS,2026-09-11 18:30:00+00:00,99.84,99.84,99.815,99.815,375.0,6.0,99.8275
UPS,2026-09-11 18:35:00+00:00,99.775,99.835,99.775,99.835,470.0,9.0,99.805
UPS,2026-09-11 18:40:00+00:00,99.8,99.835,99.8,99.835,1635.0,26.0,99.8175
UPS,2026-09-11 18:45:00+00:00,99.93,99.93,99.925,99.925,795.0,15.0,99.9275
UPS,2026-09-11 18:50:00+00:00,99.85,99.87,99.835,99.85,2981.0,26.0,99.857452
UPS,2026-09-11 18:55:00+00:00,99.855,99.925,99.855,99.91,1777.0,22.0,99.898714
UPS,2026-09-11 19:00:00+00:00,99.825,99.875,99.825,99.83,1141.0,24.0,99.850834
UPS,2026-09-11 19:05:00+00:00,99.79,99.795,99.79,99.795,400.0,4.0,99.79125
UPS,2026-09-11 19:10:00+00:00,99.725,99.74,99.68,99.68,632.0,16.0,99.720704
UPS,2026-09-11 19:15:00+00:00,99.66,99.68,99.625,99.68,2033.0,26.0,99.650915
UPS,2026-09-11 19:20:00+00:00,99.7,99.75,99.645,99.715,1732.0,20.0,99.705384
UPS,2026-09-11 19:25:00+00:00,99.7,99.78,99.7,99.78,7394.0,47.0,99.724716
UPS,2026-09-11 19:30:00+00:00,99.765,99.79,99.765,99.765,2095.0,29.0,99.777153
UPS,2026-09-11 19:35:00+00:00,99.76,99.89,99.76,99.89,627.0,14.0,99.815
UPS,2026-09-11 19:40:00+00:00,99.87,99.975,99.87,99.975,818.0,24.0,99.938333
UPS,2026-09-11 19:45:00+00:00,99.98,99.985,99.925,99.95,2832.0,66.0,99.955496
UPS,2026-09-11 19:50:00+00:00,99.94,99.95,99.895,99.95,3977.0,78.0,99.920152
UPS,2026-09-11 19:55:00+00:00,99.95,100.31,99.95,100.31,11283.0,237.0,100.170027
UPS,2026-09-14 13:30:00+00:00,100.01,100.8,99.99,100.395,4769.0,48.0,100.086518
UPS,2026-09-14 13:35:00+00:00,100.59,100.88,100.59,100.88,672.0,16.0,100.736667
UPS,2026-09-14 13:40:00+00:00,100.93,100.93,100.93,100.93,424.0,14.0,100.93
UPS,2026-09-14 13:45:00+00:00,101.12,101.15,100.79,101.15,1532.0,40.0,101.0375
UPS,2026-09-14 13:50:00+00:00,101.265,101.5,101.265,101.36,1306.0,34.0,101.377451
UPS,2026-09-14 13:55:00+00:00,101.3,101.3,101.2,101.2,1246.0,27.0,101.252568
UPS,2026-09-14 14:00:00+00:00,101.11,101.27,101.08,101.27,2432.0,48.0,101.151379
UPS,2026-09-14 14:05:00+00:00,101.225,101.245,101.07,101.16,2311.0,58.0,101.189508
UPS,2026-09-14 14:10:00+00:00,101.17,101.365,101.17,101.33,3178.0,59.0,101.290443
UPS,2026-09-14 14:15:00+00:00,101.345,101.38,101.24,101.35,5047.0,60.0,101.347225
UPS,2026-09-14 14:20:00+00:00,101.355,101.39,101.28,101.28,1150.0,26.0,101.340833
UPS,2026-09-14 14:25:00+00:00,101.225,101.225,101.14,101.2,1921.0,35.0,101.182727
UPS,2026-09-14 14:30:00+00:00,101.255,101.37,101.255,101.335,1282.0,33.0,101.32125
UPS,2026-09-14 14:35:00+00:00,101.305,101.335,101.305,101.335,383.0,11.0,101.32
UPS,2026-09-14 14:40:00+00:00,101.38,101.62,101.38,101.62,1443.0,28.0,101.488333
UPS,2026-09-14 14:45:00+00:00,101.63,101.63,101.56,101.56,1432.0,27.0,101.596
UPS,2026-09-14 14:50:00+00:00,101.58,101.65,101.55,101.56,3657.0,72.0,101.579446
UPS,2026-09-14 14:55:00+00:00,101.52,101.56,101.39,101.56,2150.0,43.0,101.498383
UPS,2026-09-14 15:00:00+00:00,101.68,101.77,101.68,101.74,2225.0,57.0,101.744286
UPS,2026-09-14 15:05:00+00:00,101.72,102.04,101.72,102.02,2437.0,39.0,101.95
UPS,2026-09-14 15:10:00+00:00,101.975,102.145,101.795,101.795,1472.0,32.0,101.9825
UPS,2026-09-14 15:15:00+00:00,101.81,101.81,101.68,101.68,600.0,16.0,101.745
UPS,2026-09-14 15:20:00+00:00,101.6,101.6,101.6,101.6,110.0,2.0,101.6
UPS,2026-09-14 15:25:00+00:00,101.59,101.59,101.54,101.54,230.0,3.0,101.565
UPS,2026-09-14 15:30:00+00:00,101.56,101.735,101.54,101.73,4782.0,83.0,101.630783
UPS,2026-09-14 15:35:00+00:00,101.51,101.51,101.51,101.51,177.0,3.0,101.51
UPS,2026-09-14 15:40:00+00:00,101.39,101.73,101.39,101.73,1019.0,23.0,101.537335
UPS,2026-09-14 15:45:00+00:00,101.73,101.73,101.7,101.7,712.0,12.0,101.715
UPS,2026-09-14 15:50:00+00:00,101.705,101.77,101.705,101.765,486.0,9.0,101.752089
UPS,2026-09-14 15:55:00+00:00,101.765,101.85,101.765,101.85,898.0,25.0,101.80625
UPS,2026-09-14 16:05:00+00:00,101.85,102.015,101.83,101.975,1545.0,24.0,101.973247
UPS,2026-09-14 16:10:00+00:00,101.96,101.96,101.905,101.905,595.0,19.0,101.9325
UPS,2026-09-14 16:15:00+00:00,101.98,101.98,101.94,101.94,947.0,15.0,101.969
UPS,2026-09-14 16:20:00+00:00,101.95,101.95,101.855,101.89,619.0,12.0,101.90125
UPS,2026-09-14 16:25:00+00:00,101.87,101.87,101.85,101.85,520.0,16.0,101.86
UPS,2026-09-14 16:30:00+00:00,101.76,101.85,101.76,101.85,662.0,17.0,101.815
UPS,2026-09-14 16:40:00+00:00,101.985,101.985,101.94,101.975,750.0,20.0,101.965
UPS,2026-09-14 16:45:00+00:00,101.875,102.035,101.875,102.035,430.0,11.0,101.955
UPS,2026-09-14 16:50:00+00:00,102.15,102.21,102.15,102.21,1201.0,22.0,102.1775
UPS,2026-09-14 16:55:00+00:00,102.005,102.065,102.005,102.065,454.0,17.0,102.035
UPS,2026-09-14 17:00:00+00:00,101.965,101.965,101.965,101.965,230.0,9.0,101.965
UPS,2026-09-14 17:05:00+00:00,101.885,101.915,101.885,101.915,591.0,9.0,101.904619
UPS,2026-09-14 17:10:00+00:00,101.865,101.865,101.79,101.79,415.0,9.0,101.831667
UPS,2026-09-14 17:15:00+00:00,101.79,101.79,101.79,101.79,340.0,9.0,101.79
UPS,2026-09-14 17:20:00+00:00,101.8,101.86,101.8,101.86,1435.0,26.0,101.823
UPS,2026-09-14 17:25:00+00:00,101.85,101.885,101.85,101.885,443.0,8.0,101.862027
UPS,2026-09-14 17:30:00+00:00,101.83,101.83,101.78,101.78,965.0,20.0,101.799078
UPS,2026-09-14 17:35:00+00:00,101.73,101.73,101.71,101.73,772.0,14.0,101.718
UPS,2026-09-14 17:40:00+00:00,101.64,101.665,101.64,101.665,459.0,9.0,101.64625
UPS,2026-09-14 17:45:00+00:00,101.67,101.715,101.66,101.7,1505.0,26.0,101.690025
UPS,2026-09-14 17:50:00+00:00,101.76,101.76,101.76,101.76,479.0,9.0,101.76
UPS,2026-09-14 17:55:00+00:00,101.74,101.83,101.74,101.745,1552.0,30.0,101.763889
UPS,2026-09-14 18:00:00+00:00,101.76,101.88,101.76,101.88,1388.0,22.0,101.800833
UPS,2026-09-14 18:05:00+00:00,101.785,101.895,101.785,101.895,1102.0,18.0,101.805
UPS,2026-09-14 18:10:00+00:00,101.99,102.1,101.99,102.09,1319.0,29.0,102.059167
UPS,2026-09-14 18:15:00+00:00,102.07,102.095,102.07,102.095,574.0,11.0,102.085
UPS,2026-09-14 18:20:00+00:00,102.06,102.1,102.05,102.07,1846.0,23.0,102.083846
UPS,2026-09-14 18:25:00+00:00,102.085,102.14,102.085,102.14,805.0,16.0,102.106667
UPS,2026-09-14 18:30:00+00:00,102.19,102.26,102.19,102.26,1071.0,19.0,102.215
UPS,2026-09-14 18:35:00+00:00,102.27,102.34,102.27,102.335,632.0,13.0,102.30875
UPS,2026-09-14 18:40:00+00:00,102.33,102.34,102.33,102.33,502.0,14.0,102.335
UPS,2026-09-14 18:45:00+00:00,102.34,102.34,102.265,102.265,1332.0,28.0,102.313333
UPS,2026-09-14 18:50:00+00:00,102.33,102.355,102.33,102.335,558.0,9.0,102.34
UPS,2026-09-14 18:55:00+00:00,102.335,102.385,102.335,102.385,1539.0,37.0,102.3575
UPS,2026-09-14 19:00:00+00:00,102.17,102.2,102.14,102.2,1222.0,24.0,102.17
UPS,2026-09-14 19:05:00+00:00,102.19,102.22,102.19,102.22,1477.0,30.0,102.205
UPS,2026-09-14 19:10:00+00:00,102.32,102.4,102.32,102.4,1576.0,33.0,102.36994
UPS,2026-09-14 19:15:00+00:00,102.36,102.445,102.34,102.34,3262.0,54.0,102.390908
UPS,2026-09-14 19:20:00+00:00,102.36,102.4,102.355,102.38,1633.0,32.0,102.380461
UPS,2026-09-14 19:25:00+00:00,102.415,102.475,102.415,102.475,1105.0,25.0,102.441145
UPS,2026-09-14 19:30:00+00:00,102.44,102.61,102.44,102.47,5645.0,134.0,102.502498
UPS,2026-09-14 19:35:00+00:00,102.41,102.445,102.34,102.42,9675.0,197.0,102.407776
UPS,2026-09-14 19:40:00+00:00,102.41,102.425,102.265,102.265,6114.0,137.0,102.362526
UPS,2026-09-14 19:45:00+00:00,102.24,102.34,102.23,102.29,5700.0,102.0,102.274768
UPS,2026-09-14 19:50:00+00:00,102.31,102.415,102.31,102.415,1942.0,45.0,102.385561
UPS,2026-09-14 19:55:00+00:00,102.45,102.475,102.39,102.46,13201.0,356.0,102.43598
UPS,2026-09-15 13:30:00+00:00,102.75,102.785,102.48,102.58,2621.0,56.0,102.662333
UPS,2026-09-15 13:35:00+00:00,102.9,102.9,102.63,102.74,3172.0,50.0,102.746732
UPS,2026-09-15 13:40:00+00:00,102.8,102.82,102.41,102.41,7399.0,51.0,102.635564
UPS,2026-09-15 13:45:00+00:00,102.38,102.54,102.37,102.37,3212.0,57.0,102.427982
UPS,2026-09-15 13:50:00+00:00,102.45,102.72,102.45,102.71,2537.0,52.0,102.5925
UPS,2026-09-15 13:55:00+00:00,102.7,102.92,102.63,102.92,3652.0,72.0,102.749783
UPS,2026-09-15 14:00:00+00:00,102.78,102.85,102.54,102.55,3327.0,82.0,102.720401
UPS,2026-09-15 14:05:00+00:00,102.425,102.46,102.33,102.33,2162.0,45.0,102.39625
UPS,2026-09-15 14:10:00+00:00,102.24,102.39,102.15,102.35,2845.0,61.0,102.261568
UPS,2026-09-15 14:15:00+00:00,102.24,102.38,102.24,102.37,1255.0,21.0,102.317
UPS,2026-09-15 14:20:00+00:00,102.38,102.41,102.38,102.41,473.0,12.0,102.395
UPS,2026-09-15 14:25:00+00:00,102.55,102.55,102.33,102.35,1703.0,30.0,102.413815
UPS,2026-09-15 14:30:00+00:00,102.305,102.35,102.285,102.29,1940.0,49.0,102.326923
UPS,2026-09-15 14:35:00+00:00,102.31,102.33,102.26,102.26,1033.0,19.0,102.303432
UPS,2026-09-15 14:40:00+00:00,102.21,102.21,102.16,102.16,611.0,16.0,102.191685
UPS,2026-09-15 14:45:00+00:00,102.17,102.27,102.17,102.27,1069.0,25.0,102.246546
UPS,2026-09-15 14:50:00+00:00,102.355,102.355,102.28,102.31,1128.0,20.0,102.3075
UPS,2026-09-15 14:55:00+00:00,102.23,102.23,102.19,102.21,896.0,23.0,102.21
UPS,2026-09-15 15:00:00+00:00,102.25,102.25,102.17,102.17,220.0,8.0,102.21
UPS,2026-09-15 15:05:00+00:00,102.11,102.135,102.0,102.0,1258.0,29.0,102.08238
UPS,2026-09-15 15:10:00+00:00,101.98,102.12,101.98,102.12,1061.0,22.0,102.03
UPS,2026-09-15 15:15:00+00:00,102.1,102.1,102.1,102.1,289.0,9.0,102.1
UPS,2026-09-15 15:20:00+00:00,102.2,102.2,102.15,102.18,557.0,12.0,102.174242
UPS,2026-09-15 15:25:00+00:00,102.18,102.19,102.155,102.19,751.0,21.0,102.17875
UPS,2026-09-15 15:35:00+00:00,102.16,102.345,102.16,102.345,943.0,20.0,102.28
UPS,2026-09-15 15:40:00+00:00,102.38,102.38,102.34,102.34,935.0,18.0,102.356351
UPS,2026-09-15 15:45:00+00:00,102.32,102.32,102.32,102.32,100.0,1.0,102.32
UPS,2026-09-15 15:50:00+00:00,102.24,102.25,102.13,102.13,1967.0,40.0,102.204584
UPS,2026-09-15 15:55:00+00:00,102.09,102.16,102.09,102.15,2277.0,33.0,102.106875
UPS,2026-09-15 16:00:00+00:00,102.15,102.15,102.15,102.15,206.0,2.0,102.15
UPS,2026-09-15 16:05:00+00:00,102.105,102.105,102.105,102.105,114.0,3.0,102.105
UPS,2026-09-15 16:10:00+00:00,102.14,102.16,102.12,102.16,911.0,12.0,102.141419
UPS,2026-09-15 16:15:00+00:00,102.09,102.12,102.085,102.09,1055.0,20.0,102.0975
UPS,2026-09-15 16:20:00+00:00,102.06,102.26,102.06,102.26,422.0,10.0,102.146667
UPS,2026-09-15 16:25:00+00:00,102.265,102.265,102.26,102.26,752.0,16.0,102.26375
UPS,2026-09-15 16:30:00+00:00,102.26,102.285,102.26,102.28,862.0,17.0,102.274516
UPS,2026-09-15 16:35:00+00:00,102.33,102.37,102.285,102.285,609.0,12.0,102.328333
UPS,2026-09-15 16:40:00+00:00,102.27,102.39,102.27,102.38,1100.0,15.0,102.30945
UPS,2026-09-15 16:50:00+00:00,102.435,102.435,102.435,102.435,100.0,1.0,102.435
UPS,2026-09-15 16:55:00+00:00,102.465,102.465,102.41,102.415,1064.0,14.0,102.43
UPS,2026-09-15 17:00:00+00:00,102.73,102.73,102.73,102.73,202.0,5.0,102.73
UPS,2026-09-15 17:05:00+00:00,102.58,102.6,102.58,102.6,210.0,3.0,102.59
UPS,2026-09-15 17:10:00+00:00,102.51,102.51,102.33,102.38,1142.0,21.0,102.405
UPS,2026-09-15 17:15:00+00:00,102.43,102.43,102.39,102.395,1041.0,21.0,102.403378
UPS,2026-09-15 17:20:00+00:00,102.38,102.38,102.33,102.33,511.0,8.0,102.35
UPS,2026-09-15 17:25:00+00:00,102.33,102.455,102.33,102.455,1576.0,24.0,102.359488
UPS,2026-09-15 17:30:00+00:00,102.48,102.5,102.42,102.5,1214.0,18.0,102.452369
UPS,2026-09-15 17:35:00+00:00,102.45,102.515,102.45,102.5,672.0,12.0,102.493378
UPS,2026-09-15 17:40:00+00:00,102.51,102.515,102.47,102.47,963.0,13.0,102.492143
UPS,2026-09-15 17:45:00+00:00,102.49,102.58,102.49,102.58,1380.0,28.0,102.535
UPS,2026-09-15 17:50:00+00:00,102.56,102.6,102.56,102.6,414.0,5.0,102.584286
UPS,2026-09-15 17:55:00+00:00,102.67,102.675,102.67,102.675,432.0,15.0,102.6725
UPS,2026-09-15 18:00:00+00:00,102.7,102.74,102.64,102.74,1475.0,27.0,102.690826
UPS,2026-09-15 18:05:00+00:00,102.9,102.95,102.88,102.88,1502.0,23.0,102.922197
UPS,2026-09-15 18:10:00+00:00,102.845,102.86,102.82,102.82,1562.0,24.0,102.838636
UPS,2026-09-15 18:15:00+00:00,102.8,102.85,102.8,102.825,3840.0,56.0,102.824847
UPS,2026-09-15 18:20:00+00:00,102.81,102.945,102.8,102.945,1489.0,30.0,102.861367
UPS,2026-09-15 18:25:00+00:00,102.92,102.96,102.92,102.93,534.0,14.0,102.9425
UPS,2026-09-15 18:30:00+00:00,102.94,102.94,102.93,102.93,430.0,11.0,102.935
UPS,2026-09-15 18:35:00+00:00,102.94,102.96,102.925,102.95,1328.0,26.0,102.943125
UPS,2026-09-15 18:40:00+00:00,102.91,102.94,102.91,102.94,591.0,9.0,102.926
UPS,2026-09-15 18:45:00+00:00,102.86,102.885,102.86,102.875,1360.0,34.0,102.873299
UPS,2026-09-15 18:50:00+00:00,102.83,102.84,102.83,102.84,337.0,10.0,102.835
UPS,2026-09-15 18:55:00+00:00,102.85,102.885,102.85,102.885,437.0,9.0,102.8675
UPS,2026-09-15 19:00:00+00:00,102.93,102.93,102.86,102.915,1071.0,20.0,102.912857
UPS,2026-09-15 19:05:00+00:00,102.915,102.95,102.915,102.95,551.0,9.0,102.94
UPS,2026-09-15 19:15:00+00:00,102.81,102.88,102.81,102.83,560.0,16.0,102.8375
UPS,2026-09-15 19:20:00+00:00,102.725,102.725,102.725,102.725,380.0,7.0,102.725
UPS,2026-09-15 19:25:00+00:00,102.66,102.71,102.66,102.71,899.0,14.0,102.6775
UPS,2026-09-15 19:30:00+00:00,102.68,102.69,102.595,102.6,1317.0,17.0,102.664545
UPS,2026-09-15 19:35:00+00:00,102.65,102.65,102.63,102.63,778.0,21.0,102.636667
UPS,2026-09-15 19:40:00+00:00,102.63,102.66,102.59,102.62,1511.0,37.0,102.616364
UPS,2026-09-15 19:45:00+00:00,102.55,102.59,102.55,102.555,1027.0,23.0,102.566745
UPS,2026-09-15 19:50:00+00:00,102.6,102.6,102.45,102.46,4254.0,69.0,102.542672
UPS,2026-09-15 19:55:00+00:00,102.49,102.49,102.275,102.4,14440.0,331.0,102.389358
UPS,2026-09-16 13:30:00+00:00,102.08,102.08,101.51,101.645,748.0,11.0,101.754167
UPS,2026-09-16 13:35:00+00:00,101.16,101.16,100.425,100.46,4085.0,52.0,100.924305
UPS,2026-09-16 13:40:00+00:00,100.42,100.465,99.95,100.08,5991.0,99.0,100.17342
UPS,2026-09-16 13:45:00+00:00,100.54,100.665,100.54,100.665,4559.0,87.0,100.582203
UPS,2026-09-16 13:50:00+00:00,100.66,100.74,100.595,100.72,3147.0,50.0,100.667037
UPS,2026-09-16 13:55:00+00:00,100.66,100.66,100.345,100.345,3012.0,52.0,100.558333
UPS,2026-09-16 14:00:00+00:00,100.21,100.31,99.785,99.785,2384.0,38.0,100.127037
UPS,2026-09-16 14:05:00+00:00,99.62,99.895,99.62,99.84,1226.0,27.0,99.76625
UPS,2026-09-16 14:10:00+00:00,99.83,100.135,99.8,100.11,3139.0,48.0,99.998512
UPS,2026-09-16 14:15:00+00:00,100.06,100.17,99.94,99.94,3012.0,41.0,100.04498
UPS,2026-09-16 14:20:00+00:00,100.0,100.04,99.95,99.95,1722.0,25.0,99.996551
UPS,2026-09-16 14:25:00+00:00,99.955,99.955,99.85,99.88,1056.0,27.0,99.884286
UPS,2026-09-16 14:30:00+00:00,99.92,100.03,99.775,99.86,1534.0,33.0,99.905481
UPS,2026-09-16 14:35:00+00:00,99.89,99.895,99.79,99.795,1432.0,30.0,99.824132
UPS,2026-09-16 14:40:00+00:00,99.805,99.805,99.76,99.765,1815.0,24.0,99.769286
UPS,2026-09-16 14:45:00+00:00,99.77,99.79,99.735,99.77,1455.0,28.0,99.765689
UPS,2026-09-16 14:50:00+00:00,99.69,99.71,99.6,99.6,1838.0,51.0,99.649091
UPS,2026-09-16 14:55:00+00:00,99.475,99.55,99.475,99.535,2494.0,59.0,99.498459
UPS,2026-09-16 15:00:00+00:00,99.65,99.66,99.6,99.66,2488.0,29.0,99.646111
UPS,2026-09-16 15:05:00+00:00,99.58,99.58,99.435,99.55,2738.0,40.0,99.501943
UPS,2026-09-16 15:10:00+00:00,99.51,99.51,99.425,99.43,3454.0,61.0,99.465
UPS,2026-09-16 15:15:00+00:00,99.42,99.62,99.42,99.62,3196.0,44.0,99.49
UPS,2026-09-16 15:20:00+00:00,99.67,99.92,99.665,99.875,3670.0,52.0,99.787957
UPS,2026-09-16 15:25:00+00:00,99.97,100.015,99.93,100.015,2047.0,41.0,99.978
UPS,2026-09-16 15:30:00+00:00,99.96,99.96,99.85,99.93,4423.0,77.0,99.89206
UPS,2026-09-16 15:35:00+00:00,99.945,99.97,99.87,99.92,1217.0,23.0,99.92216
UPS,2026-09-16 15:40:00+00:00,99.57,99.63,99.56,99.63,3305.0,56.0,99.595953
UPS,2026-09-16 15:45:00+00:00,99.6,99.8,99.6,99.71,2866.0,56.0,99.688288
UPS,2026-09-16 15:50:00+00:00,99.74,99.85,99.74,99.845,2000.0,38.0,99.819091
UPS,2026-09-16 15:55:00+00:00,99.94,99.94,99.75,99.775,2317.0,73.0,99.806667
UPS,2026-09-16 16:00:00+00:00,99.79,99.885,99.775,99.775,1735.0,44.0,99.810943
UPS,2026-09-16 16:05:00+00:00,99.775,99.8,99.76,99.77,2418.0,80.0,99.7805
UPS,2026-09-16 16:10:00+00:00,99.735,99.775,99.72,99.77,1696.0,63.0,99.749375
UPS,2026-09-16 16:15:00+00:00,99.74,99.74,99.665,99.695,1668.0,58.0,99.716667
UPS,2026-09-16 16:20:00+00:00,99.665,99.665,99.6,99.6,388.0,20.0,99.6325
UPS,2026-09-16 16:25:00+00:00,99.615,99.625,99.57,99.57,904.0,22.0,99.5925
UPS,2026-09-16 16:30:00+00:00,99.715,99.715,99.66,99.66,624.0,24.0,99.6875
UPS,2026-09-16 16:35:00+00:00,99.515,99.53,99.515,99.515,405.0,9.0,99.52
UPS,2026-09-16 16:40:00+00:00,99.5,99.5,99.46,99.46,1191.0,24.0,99.47625
UPS,2026-09-16 16:45:00+00:00,99.39,99.39,99.345,99.375,1940.0,45.0,99.361818
UPS,2026-09-16 16:50:00+00:00,99.43,99.46,99.43,99.46,559.0,20.0,99.445
UPS,2026-09-16 16:55:00+00:00,99.405,99.41,99.365,99.41,850.0,37.0,99.391667
UPS,2026-09-16 17:00:00+00:00,99.415,99.415,99.415,99.415,101.0,2.0,99.415
UPS,2026-09-16 17:05:00+00:00,99.455,99.485,99.38,99.39,1455.0,39.0,99.433636
UPS,2026-09-16 17:10:00+00:00,99.36,99.41,99.34,99.41,1216.0,32.0,99.357143
UPS,2026-09-16 17:15:00+00:00,99.385,99.385,99.385,99.385,239.0,9.0,99.385
UPS,2026-09-16 17:20:00+00:00,99.405,99.45,99.38,99.44,854.0,20.0,99.412549
UPS,2026-09-16 17:25:00+00:00,99.46,99.46,99.45,99.45,1456.0,31.0,99.45375
UPS,2026-09-16 17:30:00+00:00,99.475,99.5,99.475,99.485,1216.0,40.0,99.4875
UPS,2026-09-16 17:35:00+00:00,99.465,99.53,99.465,99.505,1638.0,35.0,99.501742
UPS,2026-09-16 17:40:00+00:00,99.52,99.565,99.5,99.565,1924.0,31.0,99.529333
UPS,2026-09-16 17:45:00+00:00,99.58,99.635,99.58,99.615,743.0,19.0,99.62
UPS,2026-09-16 17:50:00+00:00,99.58,99.675,99.57,99.67,2138.0,26.0,99.641111
UPS,2026-09-16 17:55:00+00:00,99.67,99.69,99.66,99.68,868.0,18.0,99.672
UPS,2026-09-16 18:00:00+00:00,99.65,99.65,99.34,99.46,2225.0,50.0,99.46625
UPS,2026-09-16 18:05:00+00:00,99.525,99.525,99.525,99.525,416.0,9.0,99.525
UPS,2026-09-16 18:10:00+00:00,99.525,99.525,99.415,99.415,534.0,9.0,99.47
UPS,2026-09-16 18:15:00+00:00,99.465,99.585,99.465,99.525,858.0,24.0,99.525
UPS,2026-09-16 18:20:00+00:00,99.56,99.595,99.555,99.555,431.0,7.0,99.57
UPS,2026-09-16 18:25:00+00:00,99.67,99.67,99.53,99.57,1906.0,32.0,99.5939
UPS,2026-09-16 18:30:00+00:00,99.6,99.6,99.39,99.4,1247.0,22.0,99.490714
UPS,2026-09-16 18:35:00+00:00,99.32,99.33,99.27,99.27,826.0,19.0,99.31
UPS,2026-09-16 18:40:00+00:00,99.73,99.73,99.73,99.73,100.0,1.0,99.73
UPS,2026-09-16 18:45:00+00:00,99.49,99.49,99.375,99.42,713.0,12.0,99.423333
UPS,2026-09-16 18:50:00+00:00,99.445,99.445,99.24,99.24,799.0,18.0,99.36
UPS,2026-09-16 18:55:00+00:00,98.87,98.885,98.82,98.82,745.0,23.0,98.858333
UPS,2026-09-16 19:00:00+00:00,98.855,99.0,98.855,99.0,711.0,23.0,98.969
UPS,2026-09-16 19:05:00+00:00,98.92,99.025,98.91,98.91,844.0,22.0,98.951667
UPS,2026-09-16 19:10:00+00:00,98.87,98.87,98.75,98.75,361.0,15.0,98.79
UPS,2026-09-16 19:15:00+00:00,98.815,98.815,98.36,98.47,6396.0,79.0,98.503703
UPS,2026-09-16 19:20:00+00:00,98.41,98.41,98.21,98.25,3085.0,51.0,98.256652
UPS,2026-09-16 19:25:00+00:00,98.245,98.28,98.18,98.19,5453.0,93.0,98.220286
UPS,2026-09-16 19:30:00+00:00,98.24,98.485,98.235,98.485,3250.0,60.0,98.297753
UPS,2026-09-16 19:35:00+00:00,98.45,98.49,98.39,98.415,3655.0,56.0,98.427383
UPS,2026-09-16 19:40:00+00:00,98.415,98.53,98.385,98.53,7171.0,99.0,98.445762
UPS,2026-09-16 19:45:00+00:00,98.53,98.71,98.53,98.67,4242.0,94.0,98.64327
UPS,2026-09-16 19:50:00+00:00,98.6,98.75,98.6,98.745,3958.0,71.0,98.662334
UPS,2026-09-16 19:55:00+00:00,98.71,98.87,98.68,98.8,17265.0,363.0,98.772103
UPS,2026-09-17 13:30:00+00:00,100.24,100.77,100.09,100.09,6377.0,85.0,100.507705
UPS,2026-09-17 13:35:00+00:00,99.745,99.745,99.745,99.745,880.0,17.0,99.745
UPS,2026-09-17 13:40:00+00:00,99.695,100.43,99.695,100.43,1312.0,29.0,99.978256
UPS,2026-09-17 13:45:00+00:00,100.3,100.4,100.12,100.22,3020.0,30.0,100.327369
UPS,2026-09-17 13:50:00+00:00,100.22,100.445,100.22,100.445,2894.0,43.0,100.329
UPS,2026-09-17 13:55:00+00:00,100.405,100.405,100.31,100.32,1509.0,24.0,100.37
UPS,2026-09-17 14:00:00+00:00,100.28,100.51,100.25,100.445,6009.0,97.0,100.404674
UPS,2026-09-17 14:05:00+00:00,100.6,100.6,100.555,100.555,351.0,5.0,100.5775
UPS,2026-09-17 14:10:00+00:00,100.61,100.86,100.55,100.86,1786.0,33.0,100.718738
UPS,2026-09-17 14:15:00+00:00,100.85,101.02,100.85,100.985,5425.0,97.0,100.977211
UPS,2026-09-17 14:20:00+00:00,100.91,100.91,100.81,100.825,2294.0,60.0,100.877319
UPS,2026-09-17 14:25:00+00:00,100.845,100.845,100.545,100.62,2461.0,45.0,100.664524
UPS,2026-09-17 14:30:00+00:00,100.61,100.61,100.61,100.61,301.0,8.0,100.61
UPS,2026-09-17 14:35:00+00:00,100.365,100.365,100.365,100.365,160.0,3.0,100.365
UPS,2026-09-17 14:40:00+00:00,100.32,100.32,100.32,100.32,717.0,14.0,100.32
UPS,2026-09-17 14:45:00+00:00,100.405,100.405,100.26,100.26,944.0,24.0,100.3475
UPS,2026-09-17 14:50:00+00:00,100.2,100.21,100.2,100.21,332.0,6.0,100.205
UPS,2026-09-17 14:55:00+00:00,100.04,100.125,100.04,100.125,268.0,4.0,100.0825
UPS,2026-09-17 15:00:00+00:00,99.965,99.965,99.945,99.945,373.0,16.0,99.955
UPS,2026-09-17 15:05:00+00:00,100.1,100.14,100.1,100.14,789.0,18.0,100.114
UPS,2026-09-17 15:10:00+00:00,100.115,100.145,100.115,100.145,307.0,7.0,100.131239
UPS,2026-09-17 15:20:00+00:00,100.1,100.1,100.085,100.085,344.0,6.0,100.093333
UPS,2026-09-17 15:25:00+00:00,100.055,100.105,100.055,100.085,1054.0,22.0,100.089185
UPS,2026-09-17 15:30:00+00:00,100.04,100.04,100.04,100.04,198.0,5.0,100.04
UPS,2026-09-17 15:35:00+00:00,100.05,100.075,100.05,100.07,1495.0,33.0,100.07
UPS,2026-09-17 15:40:00+00:00,100.19,100.19,100.15,100.15,453.0,13.0,100.163333
UPS,2026-09-17 15:45:00+00:00,100.16,100.165,100.065,100.065,1507.0,30.0,100.131111
UPS,2026-09-17 15:50:00+00:00,100.07,100.13,100.07,100.13,1156.0,19.0,100.105714
UPS,2026-09-17 15:55:00+00:00,100.11,100.17,100.11,100.17,1231.0,21.0,100.147
UPS,2026-09-17 16:00:00+00:00,100.25,100.25,100.25,100.25,365.0,10.0,100.25
UPS,2026-09-17 16:05:00+00:00,100.405,100.405,100.405,100.405,250.0,3.0,100.405
UPS,2026-09-17 16:15:00+00:00,100.35,100.44,100.35,100.415,2339.0,35.0,100.406129
UPS,2026-09-17 16:20:00+00:00,100.415,100.45,100.39,100.45,1561.0,23.0,100.4245
UPS,2026-09-17 16:25:00+00:00,100.47,100.55,100.47,100.52,645.0,9.0,100.519
UPS,2026-09-17 16:30:00+00:00,100.52,100.555,100.52,100.55,615.0,9.0,100.541667
UPS,2026-09-17 16:35:00+00:00,100.58,100.61,100.56,100.58,1606.0,34.0,100.585556
UPS,2026-09-17 16:40:00+00:00,100.72,100.72,100.72,100.72,206.0,5.0,100.72
UPS,2026-09-17 16:45:00+00:00,100.65,100.65,100.605,100.605,442.0,8.0,100.635
UPS,2026-09-17 16:50:00+00:00,100.605,100.62,100.585,100.585,791.0,11.0,100.603
UPS,2026-09-17 16:55:00+00:00,100.525,100.525,100.525,100.525,745.0,10.0,100.525
UPS,2026-09-17 17:00:00+00:00,100.59,100.61,100.59,100.61,786.0,12.0,100.598333
UPS,2026-09-17 17:05:00+00:00,100.53,100.53,100.53,100.53,274.0,7.0,100.53
UPS,2026-09-17 17:10:00+00:00,100.55,100.55,100.475,100.475,861.0,7.0,100.492421
UPS,2026-09-17 17:20:00+00:00,100.43,100.48,100.43,100.48,852.0,15.0,100.453333
UPS,2026-09-17 17:25:00+00:00,100.41,100.45,100.39,100.39,642.0,12.0,100.412626
UPS,2026-09-17 17:35:00+00:00,100.54,100.54,100.5,100.5,472.0,7.0,100.52
UPS,2026-09-17 17:40:00+00:00,100.54,100.565,100.535,100.535,1177.0,18.0,100.552597
UPS,2026-09-17 17:45:00+00:00,100.545,100.59,100.535,100.59,701.0,15.0,100.556667
UPS,2026-09-17 17:50:00+00:00,100.56,100.635,100.56,100.6,1116.0,23.0,100.601
UPS,2026-09-17 17:55:00+00:00,100.68,100.75,100.68,100.75,1810.0,28.0,100.727033
UPS,2026-09-17 18:00:00+00:00,100.74,100.74,100.7,100.7,1095.0,20.0,100.718571
UPS,2026-09-17 18:05:00+00:00,100.7,100.7,100.68,100.69,868.0,17.0,100.69
UPS,2026-09-17 18:10:00+00:00,100.675,100.675,100.635,100.635,1034.0,16.0,100.652857
UPS,2026-09-17 18:15:00+00:00,100.635,100.695,100.635,100.695,1270.0,28.0,100.66875
UPS,2026-09-17 18:20:00+00:00,100.705,100.705,100.54,100.54,1228.0,22.0,100.62125
UPS,2026-09-17 18:25:00+00:00,100.55,100.645,100.545,100.645,693.0,14.0,100.596622
UPS,2026-09-17 18:30:00+00:00,100.64,100.64,100.64,100.64,274.0,4.0,100.64
UPS,2026-09-17 18:35:00+00:00,100.56,100.56,100.525,100.525,550.0,14.0,100.551119
UPS,2026-09-17 18:40:00+00:00,100.57,100.57,100.53,100.53,509.0,11.0,100.556667
UPS,2026-09-17 18:45:00+00:00,100.53,100.61,100.525,100.61,1011.0,24.0,100.555
UPS,2026-09-17 18:50:00+00:00,100.63,100.63,100.555,100.555,1795.0,26.0,100.590481
UPS,2026-09-17 18:55:00+00:00,100.55,100.6,100.55,100.59,1194.0,23.0,100.575649
UPS,2026-09-17 19:00:00+00:00,100.61,100.71,100.6,100.71,1997.0,32.0,100.628044
UPS,2026-09-17 19:05:00+00:00,100.75,100.75,100.715,100.72,874.0,21.0,100.728462
UPS,2026-09-17 19:10:00+00:00,100.74,100.75,100.72,100.75,1006.0,17.0,100.736667
UPS,2026-09-17 19:15:00+00:00,100.72,100.88,100.71,100.865,2143.0,34.0,100.781509
UPS,2026-09-17 19:20:00+00:00,100.885,100.915,100.815,100.83,2895.0,50.0,100.878956
UPS,2026-09-17 19:25:00+00:00,100.765,100.815,100.72,100.735,3342.0,62.0,100.770006
UPS,2026-09-17 19:30:00+00:00,100.77,100.79,100.69,100.73,2828.0,49.0,100.731287
UPS,2026-09-17 19:35:00+00:00,100.73,100.775,100.67,100.68,3644.0,52.0,100.708601
UPS,2026-09-17 19:40:00+00:00,100.66,100.665,100.6,100.62,6932.0,107.0,100.635154
UPS,2026-09-17 19:45:00+00:00,100.57,100.585,100.505,100.525,6311.0,90.0,100.550059
UPS,2026-09-17 19:50:00+00:00,100.47,100.52,100.45,100.45,6117.0,82.0,100.490245
UPS,2026-09-17 19:55:00+00:00,100.41,100.42,100.19,100.19,26876.0,525.0,100.291057
UPS,2026-09-18 13:30:00+00:00,99.61,99.65,99.61,99.65,200.0,2.0,99.63
UPS,2026-09-18 13:35:00+00:00,99.645,99.675,99.23,99.675,1167.0,21.0,99.465714
UPS,2026-09-18 13:40:00+00:00,99.77,99.77,99.64,99.67,733.0,18.0,99.693333
UPS,2026-09-18 13:50:00+00:00,99.36,99.38,99.36,99.38,542.0,18.0,99.37
UPS,2026-09-18 13:55:00+00:00,99.36,99.55,99.36,99.54,1102.0,21.0,99.487143
UPS,2026-09-18 14:00:00+00:00,99.66,99.66,99.66,99.66,412.0,19.0,99.66
UPS,2026-09-18 14:05:00+00:00,99.53,99.53,99.53,99.53,120.0,3.0,99.53
UPS,2026-09-18 14:20:00+00:00,99.45,99.45,99.45,99.45,788.0,21.0,99.45
UPS,2026-09-18 14:25:00+00:00,99.325,99.45,99.325,99.45,284.0,5.0,99.3875
UPS,2026-09-18 14:30:00+00:00,99.465,99.48,99.36,99.475,3552.0,63.0,99.454243
UPS,2026-09-18 14:35:00+00:00,99.445,99.59,99.445,99.59,2446.0,31.0,99.466088
UPS,2026-09-18 14:40:00+00:00,99.44,99.44,99.44,99.44,123.0,4.0,99.44
UPS,2026-09-18 14:45:00+00:00,99.28,99.37,99.28,99.37,979.0,18.0,99.321845
UPS,2026-09-18 14:50:00+00:00,99.43,99.43,99.37,99.405,942.0,18.0,99.40229
UPS,2026-09-18 14:55:00+00:00,99.37,99.37,99.3,99.3,2542.0,45.0,99.353174
UPS,2026-09-18 15:00:00+00:00,99.33,99.33,99.17,99.17,5043.0,98.0,99.251429
UPS,2026-09-18 15:15:00+00:00,99.13,99.15,99.1,99.145,1506.0,23.0,99.13288
UPS,2026-09-18 15:20:00+00:00,99.165,99.165,99.165,99.165,101.0,2.0,99.165
UPS,2026-09-18 15:25:00+00:00,99.27,99.27,99.27,99.27,210.0,5.0,99.27
UPS,2026-09-18 15:30:00+00:00,99.23,99.23,99.23,99.23,188.0,3.0,99.23
UPS,2026-09-18 15:35:00+00:00,99.26,99.26,99.14,99.14,613.0,14.0,99.21
UPS,2026-09-18 15:40:00+00:00,99.15,99.15,99.07,99.07,832.0,18.0,99.1075
UPS,2026-09-18 15:45:00+00:00,99.06,99.12,99.06,99.11,596.0,22.0,99.096667
UPS,2026-09-18 15:50:00+00:00,99.12,99.12,99.12,99.12,171.0,6.0,99.12
UPS,2026-09-18 15:55:00+00:00,99.05,99.095,99.05,99.095,484.0,8.0,99.078333
UPS,2026-09-18 16:00:00+00:00,99.1,99.1,99.035,99.035,546.0,18.0,99.0675
UPS,2026-09-18 16:05:00+00:00,99.02,99.02,98.95,98.95,3619.0,61.0,98.972545
UPS,2026-09-18 16:10:00+00:00,98.95,98.95,98.91,98.93,813.0,22.0,98.9275
UPS,2026-09-18 16:15:00+00:00,98.91,98.91,98.835,98.835,1163.0,24.0,98.871875
UPS,2026-09-18 16:20:00+00:00,98.84,98.84,98.72,98.73,1393.0,39.0,98.789286
UPS,2026-09-18 16:25:00+00:00,98.75,98.78,98.75,98.78,1502.0,36.0,98.76652
UPS,2026-09-18 16:35:00+00:00,98.91,99.02,98.91,99.005,1101.0,31.0,98.978
UPS,2026-09-18 16:40:00+00:00,99.03,99.035,99.015,99.02,1599.0,38.0,99.021005
UPS,2026-09-18 16:45:00+00:00,98.89,98.9,98.89,98.9,609.0,20.0,98.895633
UPS,2026-09-18 16:55:00+00:00,99.02,99.02,99.02,99.02,214.0,6.0,99.02
UPS,2026-09-18 17:00:00+00:00,99.05,99.05,99.04,99.04,228.0,4.0,99.045
UPS,2026-09-18 17:05:00+00:00,99.11,99.2,99.1,99.2,3576.0,46.0,99.13159
UPS,2026-09-18 17:10:00+00:00,99.15,99.15,99.15,99.15,155.0,8.0,99.15
UPS,2026-09-18 17:15:00+00:00,99.15,99.16,99.1,99.12,1556.0,17.0,99.143226
UPS,2026-09-18 17:20:00+00:00,99.08,99.08,99.08,99.08,995.0,22.0,99.08
UPS,2026-09-18 17:25:00+00:00,99.06,99.06,99.025,99.025,1075.0,28.0,99.052117
UPS,2026-09-18 17:30:00+00:00,99.02,99.02,99.015,99.015,428.0,13.0,99.016667
UPS,2026-09-18 17:35:00+00:00,98.92,98.96,98.92,98.96,607.0,20.0,98.930526
UPS,2026-09-18 17:40:00+00:00,98.94,98.94,98.94,98.94,465.0,14.0,98.94
UPS,2026-09-18 17:45:00+00:00,99.0,99.015,98.93,98.93,556.0,15.0,98.981667
UPS,2026-09-18 17:50:00+00:00,98.93,98.93,98.93,98.93,639.0,11.0,98.93
UPS,2026-09-18 17:55:00+00:00,98.92,98.985,98.92,98.985,569.0,11.0,98.955
UPS,2026-09-18 18:00:00+00:00,99.055,99.105,98.97,98.97,798.0,15.0,99.065
UPS,2026-09-18 18:10:00+00:00,98.895,98.93,98.895,98.93,689.0,12.0,98.918333
UPS,2026-09-18 18:15:00+00:00,98.92,98.99,98.92,98.98,978.0,20.0,98.958
UPS,2026-09-18 18:20:00+00:00,98.985,99.045,98.975,99.02,937.0,21.0,99.006429
UPS,2026-09-18 18:25:00+00:00,98.98,98.99,98.98,98.99,259.0,6.0,98.985
UPS,2026-09-18 18:30:00+00:00,98.92,98.98,98.92,98.98,1321.0,33.0,98.95
UPS,2026-09-18 18:35:00+00:00,98.99,99.025,98.99,98.99,1408.0,28.0,99.011296
UPS,2026-09-18 18:40:00+00:00,98.99,99.15,98.99,99.13,1607.0,24.0,99.092233
UPS,2026-09-18 18:45:00+00:00,99.15,99.22,99.15,99.18,1382.0,27.0,99.1885
UPS,2026-09-18 18:50:00+00:00,99.18,99.225,99.145,99.17,5072.0,49.0,99.187917
UPS,2026-09-18 18:55:00+00:00,99.13,99.205,99.13,99.19,1650.0,38.0,99.175
UPS,2026-09-18 19:00:00+00:00,99.045,99.135,99.045,99.135,714.0,18.0,99.096667
UPS,2026-09-18 19:05:00+00:00,99.155,99.155,99.14,99.14,1471.0,42.0,99.146
UPS,2026-09-18 19:10:00+00:00,99.21,99.26,99.21,99.25,831.0,24.0,99.24
UPS,2026-09-18 19:15:00+00:00,99.255,99.34,99.255,99.32,1633.0,31.0,99.3085
UPS,2026-09-18 19:20:00+00:00,99.14,99.18,99.07,99.11,2393.0,40.0,99.124615
UPS,2026-09-18 19:25:00+00:00,99.095,99.17,99.095,99.17,957.0,19.0,99.136584
UPS,2026-09-18 19:30:00+00:00,99.075,99.075,98.8,98.8,4011.0,67.0,98.943563
UPS,2026-09-18 19:35:00+00:00,98.8,98.955,98.8,98.955,2643.0,55.0,98.893788
UPS,2026-09-18 19:40:00+00:00,98.975,99.02,98.95,99.01,2404.0,53.0,98.96984
UPS,2026-09-18 19:45:00+00:00,99.08,99.235,99.04,99.195,8644.0,160.0,99.17512
UPS,2026-09-18 19:50:00+00:00,99.26,99.38,99.21,99.235,11917.0,164.0,99.287147
UPS,2026-09-18 19:55:00+00:00,99.17,99.2,98.975,99.0,20247.0,398.0,99.090134
