symbol,timestamp,open,high,low,close,volume,trade_count,vwap
NYT,2026-08-14 13:35:00+00:00,64.43,64.47,64.43,64.43,466.0,9.0,64.443333
NYT,2026-08-14 13:40:00+00:00,64.45,64.55,64.45,64.46,465.0,8.0,64.486545
NYT,2026-08-14 13:45:00+00:00,64.45,64.58,64.45,64.58,1008.0,13.0,64.543333
NYT,2026-08-14 13:50:00+00:00,64.59,64.6,64.59,64.6,321.0,6.0,64.595
NYT,2026-08-14 13:55:00+00:00,64.575,64.575,64.535,64.535,636.0,21.0,64.555
NYT,2026-08-14 14:00:00+00:00,64.855,64.91,64.79,64.805,781.0,19.0,64.84
NYT,2026-08-14 14:05:00+00:00,64.71,64.74,64.595,64.74,815.0,14.0,64.6625
NYT,2026-08-14 14:10:00+00:00,64.78,64.78,64.78,64.78,103.0,2.0,64.78
NYT,2026-08-14 14:15:00+00:00,64.78,64.79,64.78,64.79,310.0,7.0,64.785
NYT,2026-08-14 14:20:00+00:00,64.785,64.875,64.785,64.86,522.0,8.0,64.848
NYT,2026-08-14 14:25:00+00:00,64.855,64.855,64.76,64.76,531.0,8.0,64.8125
NYT,2026-08-14 14:30:00+00:00,64.77,64.77,64.66,64.66,1287.0,13.0,64.748889
NYT,2026-08-14 14:35:00+00:00,64.65,64.72,64.65,64.72,1009.0,13.0,64.675
NYT,2026-08-14 14:40:00+00:00,64.73,64.87,64.72,64.84,1899.0,21.0,64.814333
NYT,2026-08-14 14:45:00+00:00,64.88,64.885,64.81,64.81,942.0,18.0,64.859
NYT,2026-08-14 14:50:00+00:00,64.79,64.86,64.79,64.83,2040.0,16.0,64.816579
NYT,2026-08-14 14:55:00+00:00,64.9,64.98,64.9,64.98,401.0,9.0,64.933333
NYT,2026-08-14 15:00:00+00:00,64.96,64.96,64.94,64.94,434.0,9.0,64.95
NYT,2026-08-14 15:05:00+00:00,64.95,64.97,64.94,64.97,1399.0,16.0,64.949141
NYT,2026-08-14 15:10:00+00:00,64.98,64.98,64.96,64.96,482.0,17.0,64.97
NYT,2026-08-14 15:15:00+00:00,64.87,64.87,64.82,64.84,1895.0,18.0,64.846766
NYT,2026-08-14 15:20:00+00:00,64.91,64.96,64.91,64.91,1042.0,11.0,64.94517
NYT,2026-08-14 15:25:00+00:00,64.885,64.885,64.82,64.82,1025.0,26.0,64.841667
NYT,2026-08-14 15:30:00+00:00,64.82,64.82,64.82,64.82,229.0,9.0,64.82
NYT,2026-08-14 15:35:00+00:00,64.77,64.9,64.77,64.88,2148.0,18.0,64.784737
NYT,2026-08-14 15:40:00+00:00,64.885,64.9,64.87,64.89,1568.0,16.0,64.886786
NYT,2026-08-14 15:45:00+00:00,64.91,64.955,64.91,64.91,487.0,12.0,64.925
NYT,2026-08-14 15:50:00+00:00,64.9,64.9,64.88,64.895,1017.0,22.0,64.886681
NYT,2026-08-14 15:55:00+00:00,64.92,64.96,64.905,64.905,2782.0,26.0,64.914144
NYT,2026-08-14 16:00:00+00:00,64.86,64.86,64.86,64.86,268.0,6.0,64.86
NYT,2026-08-14 16:05:00+00:00,64.84,64.85,64.84,64.84,2571.0,25.0,64.840952
NYT,2026-08-14 16:10:00+00:00,64.84,64.84,64.84,64.84,564.0,9.0,64.84
NYT,2026-08-14 16:15:00+00:00,64.87,64.9,64.87,64.9,625.0,22.0,64.87875
NYT,2026-08-14 16:20:00+00:00,64.89,64.9,64.89,64.9,329.0,9.0,64.896667
NYT,2026-08-14 16:25:00+00:00,64.91,64.91,64.91,64.91,200.0,2.0,64.91
NYT,2026-08-14 16:30:00+00:00,64.82,64.85,64.8,64.85,1488.0,28.0,64.825694
NYT,2026-08-14 16:35:00+00:00,64.86,64.86,64.71,64.71,807.0,25.0,64.82
NYT,2026-08-14 16:40:00+00:00,64.69,64.83,64.69,64.83,1009.0,14.0,64.7175
NYT,2026-08-14 16:45:00+00:00,64.825,64.825,64.825,64.825,318.0,8.0,64.825
NYT,2026-08-14 16:50:00+00:00,64.845,64.85,64.825,64.83,1224.0,35.0,64.84
NYT,2026-08-14 16:55:00+00:00,64.89,64.89,64.87,64.87,1397.0,26.0,64.881964
NYT,2026-08-14 17:00:00+00:00,64.85,64.985,64.85,64.985,1894.0,9.0,64.891667
NYT,2026-08-14 17:05:00+00:00,65.065,65.07,65.04,65.04,1525.0,19.0,65.062692
NYT,2026-08-14 17:10:00+00:00,64.9,64.9,64.885,64.885,200.0,2.0,64.8925
NYT,2026-08-14 17:15:00+00:00,64.92,64.92,64.92,64.92,110.0,3.0,64.92
NYT,2026-08-14 17:25:00+00:00,64.84,64.84,64.84,64.84,200.0,3.0,64.84
NYT,2026-08-14 17:30:00+00:00,64.89,64.89,64.89,64.89,327.0,4.0,64.89
NYT,2026-08-14 17:35:00+00:00,64.885,64.885,64.885,64.885,105.0,2.0,64.885
NYT,2026-08-14 17:40:00+00:00,64.94,64.95,64.93,64.93,551.0,15.0,64.94
NYT,2026-08-14 17:45:00+00:00,64.91,64.96,64.905,64.96,1320.0,26.0,64.923839
NYT,2026-08-14 17:50:00+00:00,64.98,65.02,64.98,65.0,1777.0,32.0,64.999525
NYT,2026-08-14 17:55:00+00:00,65.025,65.05,65.01,65.025,1313.0,22.0,65.023653
NYT,2026-08-14 18:00:00+00:00,65.015,65.02,64.97,65.01,1322.0,24.0,65.006736
NYT,2026-08-14 18:05:00+00:00,65.0,65.01,64.97,64.98,585.0,12.0,64.987885
NYT,2026-08-14 18:10:00+00:00,64.97,65.02,64.97,65.0,724.0,11.0,64.998
NYT,2026-08-14 18:15:00+00:00,64.98,64.98,64.95,64.95,817.0,16.0,64.968333
NYT,2026-08-14 18:20:00+00:00,64.93,64.93,64.93,64.93,121.0,3.0,64.93
NYT,2026-08-14 18:25:00+00:00,64.915,64.915,64.915,64.915,452.0,6.0,64.915
NYT,2026-08-14 18:30:00+00:00,64.975,65.03,64.975,65.03,1454.0,23.0,65.004608
NYT,2026-08-14 18:35:00+00:00,65.015,65.03,65.015,65.025,493.0,13.0,65.02375
NYT,2026-08-14 18:40:00+00:00,65.0,65.025,64.99,65.025,845.0,9.0,65.001788
NYT,2026-08-14 18:50:00+00:00,65.01,65.01,65.01,65.01,248.0,5.0,65.01
NYT,2026-08-14 19:00:00+00:00,65.09,65.13,65.09,65.13,780.0,15.0,65.11
NYT,2026-08-14 19:05:00+00:00,65.175,65.175,65.16,65.16,536.0,14.0,65.168056
NYT,2026-08-14 19:10:00+00:00,65.19,65.2,65.17,65.195,1425.0,26.0,65.182946
NYT,2026-08-14 19:15:00+00:00,65.21,65.21,65.16,65.16,1751.0,31.0,65.187857
NYT,2026-08-14 19:20:00+00:00,65.07,65.07,64.87,64.87,3379.0,59.0,64.953601
NYT,2026-08-14 19:25:00+00:00,64.85,65.22,64.85,65.17,12393.0,58.0,64.900682
NYT,2026-08-14 19:30:00+00:00,65.16,65.16,65.12,65.12,994.0,14.0,65.144611
NYT,2026-08-14 19:35:00+00:00,65.12,65.17,65.115,65.17,2121.0,30.0,65.138088
NYT,2026-08-14 19:40:00+00:00,65.225,65.225,65.06,65.06,1732.0,25.0,65.12
NYT,2026-08-14 19:45:00+00:00,65.02,65.06,65.02,65.04,1701.0,23.0,65.040893
NYT,2026-08-14 19:50:00+00:00,65.06,65.08,64.87,64.9,2672.0,40.0,64.958793
NYT,2026-08-14 19:55:00+00:00,64.89,64.98,64.735,64.79,11534.0,212.0,64.852754
NYT,2026-08-17 13:40:00+00:00,64.51,64.51,64.51,64.51,111.0,2.0,64.51
NYT,2026-08-17 13:45:00+00:00,64.33,64.33,64.09,64.09,478.0,6.0,64.194762
NYT,2026-08-17 13:50:00+00:00,64.2,64.2,64.2,64.2,181.0,4.0,64.2
NYT,2026-08-17 13:55:00+00:00,64.3,64.3,64.3,64.3,138.0,2.0,64.3
NYT,2026-08-17 14:10:00+00:00,64.51,64.51,64.5,64.5,482.0,14.0,64.506667
NYT,2026-08-17 14:15:00+00:00,64.68,64.68,64.57,64.57,596.0,7.0,64.599512
NYT,2026-08-17 14:20:00+00:00,64.51,64.51,64.385,64.385,301.0,4.0,64.436667
NYT,2026-08-17 14:25:00+00:00,64.27,64.36,64.27,64.36,2089.0,24.0,64.310305
NYT,2026-08-17 14:30:00+00:00,64.365,64.365,64.36,64.36,282.0,8.0,64.3625
NYT,2026-08-17 14:40:00+00:00,64.41,64.42,64.41,64.41,412.0,5.0,64.41375
NYT,2026-08-17 14:45:00+00:00,64.43,64.43,64.36,64.37,1009.0,20.0,64.3975
NYT,2026-08-17 14:50:00+00:00,64.37,64.595,64.34,64.58,1071.0,17.0,64.439167
NYT,2026-08-17 14:55:00+00:00,64.59,64.59,64.59,64.59,601.0,14.0,64.59
NYT,2026-08-17 15:00:00+00:00,64.41,64.41,64.41,64.41,300.0,3.0,64.41
NYT,2026-08-17 15:05:00+00:00,64.41,64.495,64.41,64.495,402.0,4.0,64.43875
NYT,2026-08-17 15:10:00+00:00,64.605,64.605,64.605,64.605,228.0,4.0,64.605
NYT,2026-08-17 15:15:00+00:00,64.595,64.595,64.5,64.5,300.0,3.0,64.543333
NYT,2026-08-17 15:20:00+00:00,64.34,64.34,64.305,64.305,421.0,6.0,64.31375
NYT,2026-08-17 15:25:00+00:00,64.39,64.39,64.345,64.345,322.0,6.0,64.3675
NYT,2026-08-17 15:35:00+00:00,64.32,64.35,64.3,64.33,1195.0,16.0,64.326078
NYT,2026-08-17 15:40:00+00:00,64.37,64.37,64.325,64.325,210.0,4.0,64.3475
NYT,2026-08-17 15:50:00+00:00,64.37,64.37,64.31,64.31,261.0,4.0,64.34
NYT,2026-08-17 15:55:00+00:00,64.29,64.29,64.29,64.29,312.0,3.0,64.29
NYT,2026-08-17 16:00:00+00:00,64.32,64.45,64.32,64.45,825.0,16.0,64.36
NYT,2026-08-17 16:05:00+00:00,64.46,64.46,64.46,64.46,100.0,1.0,64.46
NYT,2026-08-17 16:10:00+00:00,64.46,64.635,64.46,64.625,1241.0,21.0,64.527258
NYT,2026-08-17 16:15:00+00:00,64.63,64.715,64.63,64.715,850.0,10.0,64.67375
NYT,2026-08-17 16:20:00+00:00,64.7,64.7,64.7,64.7,100.0,1.0,64.7
NYT,2026-08-17 16:25:00+00:00,64.77,64.815,64.77,64.815,460.0,7.0,64.786429
NYT,2026-08-17 16:30:00+00:00,64.805,64.805,64.805,64.805,309.0,4.0,64.805
NYT,2026-08-17 16:35:00+00:00,64.86,64.865,64.86,64.865,558.0,10.0,64.8625
NYT,2026-08-17 16:40:00+00:00,64.83,64.86,64.82,64.85,1040.0,14.0,64.851111
NYT,2026-08-17 16:45:00+00:00,64.9,64.9,64.885,64.885,341.0,5.0,64.895
NYT,2026-08-17 16:50:00+00:00,64.85,64.86,64.835,64.86,727.0,11.0,64.84625
NYT,2026-08-17 16:55:00+00:00,64.87,64.87,64.82,64.82,694.0,13.0,64.84
NYT,2026-08-17 17:00:00+00:00,64.805,64.85,64.805,64.83,534.0,11.0,64.828333
NYT,2026-08-17 17:05:00+00:00,64.85,64.85,64.81,64.81,330.0,6.0,64.83
NYT,2026-08-17 17:15:00+00:00,64.75,64.75,64.725,64.725,432.0,6.0,64.74375
NYT,2026-08-17 17:20:00+00:00,64.72,64.76,64.72,64.76,642.0,13.0,64.74
NYT,2026-08-17 17:25:00+00:00,64.76,64.76,64.675,64.675,822.0,12.0,64.735833
NYT,2026-08-17 17:30:00+00:00,64.69,64.705,64.68,64.7,973.0,14.0,64.691429
NYT,2026-08-17 17:35:00+00:00,64.7,64.7,64.635,64.66,782.0,11.0,64.657604
NYT,2026-08-17 17:40:00+00:00,64.64,64.66,64.64,64.66,460.0,7.0,64.65
NYT,2026-08-17 17:45:00+00:00,64.67,64.67,64.65,64.65,300.0,2.0,64.663333
NYT,2026-08-17 17:50:00+00:00,64.65,64.67,64.65,64.67,663.0,11.0,64.666
NYT,2026-08-17 17:55:00+00:00,64.705,64.72,64.705,64.72,779.0,18.0,64.711923
NYT,2026-08-17 18:00:00+00:00,64.73,64.81,64.73,64.81,770.0,14.0,64.761428
NYT,2026-08-17 18:05:00+00:00,64.92,64.92,64.87,64.87,409.0,10.0,64.895
NYT,2026-08-17 18:10:00+00:00,64.84,64.88,64.84,64.88,559.0,15.0,64.86375
NYT,2026-08-17 18:15:00+00:00,64.885,64.885,64.86,64.86,339.0,3.0,64.873274
NYT,2026-08-17 18:20:00+00:00,64.86,64.87,64.86,64.87,639.0,7.0,64.862
NYT,2026-08-17 18:25:00+00:00,64.875,64.875,64.875,64.875,136.0,3.0,64.875
NYT,2026-08-17 18:30:00+00:00,64.85,64.86,64.85,64.86,316.0,7.0,64.855
NYT,2026-08-17 18:35:00+00:00,64.905,64.905,64.855,64.86,701.0,15.0,64.875834
NYT,2026-08-17 18:40:00+00:00,64.925,64.925,64.925,64.925,227.0,4.0,64.925
NYT,2026-08-17 18:45:00+00:00,64.94,64.94,64.86,64.885,677.0,8.0,64.896452
NYT,2026-08-17 18:50:00+00:00,64.925,64.925,64.925,64.925,103.0,2.0,64.925
NYT,2026-08-17 18:55:00+00:00,64.9,64.92,64.9,64.92,1008.0,19.0,64.90375
NYT,2026-08-17 19:00:00+00:00,64.93,64.935,64.93,64.935,226.0,4.0,64.932273
NYT,2026-08-17 19:05:00+00:00,64.88,64.88,64.79,64.875,1572.0,20.0,64.846667
NYT,2026-08-17 19:10:00+00:00,64.86,64.915,64.86,64.915,830.0,14.0,64.891
NYT,2026-08-17 19:15:00+00:00,64.9,64.965,64.9,64.94,1470.0,24.0,64.918606
NYT,2026-08-17 19:20:00+00:00,64.935,64.995,64.935,64.95,963.0,13.0,64.958271
NYT,2026-08-17 19:25:00+00:00,64.94,64.975,64.915,64.94,2774.0,33.0,64.939787
NYT,2026-08-17 19:30:00+00:00,64.985,65.04,64.93,65.04,2727.0,40.0,64.999195
NYT,2026-08-17 19:35:00+00:00,64.99,64.99,64.885,64.89,1967.0,33.0,64.9255
NYT,2026-08-17 19:40:00+00:00,64.93,65.01,64.93,65.005,1659.0,27.0,64.972705
NYT,2026-08-17 19:45:00+00:00,65.005,65.11,65.005,65.11,2907.0,81.0,65.053935
NYT,2026-08-17 19:50:00+00:00,65.15,65.255,65.125,65.22,3036.0,74.0,65.207823
NYT,2026-08-17 19:55:00+00:00,65.205,65.37,65.16,65.26,10505.0,168.0,65.287262
NYT,2026-08-18 13:30:00+00:00,65.41,65.41,65.41,65.41,256.0,5.0,65.41
NYT,2026-08-18 13:35:00+00:00,65.525,65.53,65.49,65.52,1874.0,45.0,65.513103
NYT,2026-08-18 13:40:00+00:00,65.595,65.595,65.44,65.44,1114.0,23.0,65.565161
NYT,2026-08-18 13:45:00+00:00,65.46,65.575,65.46,65.575,479.0,11.0,65.499384
NYT,2026-08-18 13:50:00+00:00,65.79,65.79,65.79,65.79,433.0,9.0,65.79
NYT,2026-08-18 13:55:00+00:00,65.865,66.03,65.865,66.02,1864.0,39.0,65.987256
NYT,2026-08-18 14:00:00+00:00,66.04,66.11,66.04,66.085,1400.0,34.0,66.073333
NYT,2026-08-18 14:05:00+00:00,65.91,66.05,65.91,66.05,527.0,18.0,65.993953
NYT,2026-08-18 14:10:00+00:00,66.0,66.025,66.0,66.025,296.0,4.0,66.011364
NYT,2026-08-18 14:15:00+00:00,65.94,65.94,65.87,65.87,303.0,8.0,65.905
NYT,2026-08-18 14:20:00+00:00,65.67,65.67,65.66,65.665,305.0,4.0,65.665
NYT,2026-08-18 14:25:00+00:00,65.67,65.67,65.67,65.67,230.0,4.0,65.67
NYT,2026-08-18 14:30:00+00:00,65.6,65.67,65.6,65.67,201.0,3.0,65.635
NYT,2026-08-18 14:35:00+00:00,65.61,65.65,65.61,65.65,294.0,8.0,65.63
NYT,2026-08-18 14:40:00+00:00,65.605,65.61,65.605,65.61,416.0,7.0,65.6075
NYT,2026-08-18 14:45:00+00:00,65.61,65.66,65.605,65.605,742.0,13.0,65.6275
NYT,2026-08-18 14:50:00+00:00,65.76,65.76,65.735,65.74,823.0,16.0,65.741225
NYT,2026-08-18 14:55:00+00:00,65.66,65.66,65.615,65.62,643.0,7.0,65.631589
NYT,2026-08-18 15:00:00+00:00,65.72,65.72,65.595,65.595,310.0,7.0,65.6575
NYT,2026-08-18 15:05:00+00:00,65.555,65.555,65.555,65.555,284.0,5.0,65.555
NYT,2026-08-18 15:10:00+00:00,65.54,65.54,65.51,65.525,403.0,6.0,65.525
NYT,2026-08-18 15:15:00+00:00,65.5,65.5,65.5,65.5,189.0,2.0,65.5
NYT,2026-08-18 15:20:00+00:00,65.54,65.54,65.52,65.52,343.0,9.0,65.529709
NYT,2026-08-18 15:25:00+00:00,65.305,65.31,65.305,65.31,296.0,5.0,65.3075
NYT,2026-08-18 15:30:00+00:00,65.27,65.28,65.27,65.28,444.0,11.0,65.275
NYT,2026-08-18 15:35:00+00:00,65.395,65.41,65.395,65.41,327.0,4.0,65.405
NYT,2026-08-18 15:40:00+00:00,65.475,65.49,65.47,65.47,401.0,6.0,65.478333
NYT,2026-08-18 15:45:00+00:00,65.56,65.56,65.535,65.54,663.0,9.0,65.542885
NYT,2026-08-18 15:55:00+00:00,65.535,65.54,65.535,65.54,299.0,4.0,65.5375
NYT,2026-08-18 16:00:00+00:00,65.5,65.5,65.495,65.495,560.0,10.0,65.496563
NYT,2026-08-18 16:05:00+00:00,65.535,65.535,65.51,65.51,224.0,4.0,65.5225
NYT,2026-08-18 16:15:00+00:00,65.535,65.57,65.535,65.57,239.0,8.0,65.5525
NYT,2026-08-18 16:20:00+00:00,65.6,65.685,65.6,65.685,231.0,5.0,65.6425
NYT,2026-08-18 16:25:00+00:00,65.64,65.67,65.64,65.67,204.0,3.0,65.655
NYT,2026-08-18 16:30:00+00:00,65.71,65.76,65.71,65.73,569.0,14.0,65.734603
NYT,2026-08-18 16:35:00+00:00,65.72,65.72,65.72,65.72,194.0,3.0,65.72
NYT,2026-08-18 16:40:00+00:00,65.735,65.735,65.66,65.66,359.0,11.0,65.695133
NYT,2026-08-18 16:45:00+00:00,65.59,65.59,65.58,65.58,232.0,6.0,65.585
NYT,2026-08-18 16:50:00+00:00,65.585,65.585,65.585,65.585,218.0,5.0,65.585
NYT,2026-08-18 16:55:00+00:00,65.55,65.555,65.535,65.555,837.0,19.0,65.544381
NYT,2026-08-18 17:05:00+00:00,65.61,65.61,65.61,65.61,200.0,3.0,65.61
NYT,2026-08-18 17:15:00+00:00,65.595,65.6,65.595,65.6,343.0,8.0,65.596667
NYT,2026-08-18 17:20:00+00:00,65.61,65.62,65.61,65.62,359.0,5.0,65.615
NYT,2026-08-18 17:25:00+00:00,65.605,65.605,65.58,65.58,566.0,12.0,65.588333
NYT,2026-08-18 17:30:00+00:00,65.585,65.59,65.57,65.57,1027.0,21.0,65.583
NYT,2026-08-18 17:35:00+00:00,65.58,65.58,65.53,65.53,558.0,10.0,65.553333
NYT,2026-08-18 17:40:00+00:00,65.52,65.52,65.49,65.51,829.0,8.0,65.498572
NYT,2026-08-18 17:45:00+00:00,65.545,65.545,65.545,65.545,111.0,3.0,65.545
NYT,2026-08-18 17:50:00+00:00,65.51,65.51,65.51,65.51,120.0,2.0,65.51
NYT,2026-08-18 17:55:00+00:00,65.52,65.52,65.48,65.485,679.0,15.0,65.505577
NYT,2026-08-18 18:00:00+00:00,65.445,65.445,65.41,65.41,536.0,12.0,65.42625
NYT,2026-08-18 18:05:00+00:00,65.37,65.37,65.34,65.34,353.0,8.0,65.355
NYT,2026-08-18 18:10:00+00:00,65.29,65.29,65.27,65.285,834.0,10.0,65.279595
NYT,2026-08-18 18:15:00+00:00,65.26,65.29,65.25,65.27,848.0,15.0,65.267063
NYT,2026-08-18 18:20:00+00:00,65.255,65.3,65.25,65.25,919.0,16.0,65.271974
NYT,2026-08-18 18:25:00+00:00,65.27,65.27,65.13,65.16,1705.0,30.0,65.211228
NYT,2026-08-18 18:30:00+00:00,65.2,65.2,65.2,65.2,404.0,9.0,65.2
NYT,2026-08-18 18:35:00+00:00,65.22,65.23,65.22,65.23,511.0,8.0,65.222439
NYT,2026-08-18 18:40:00+00:00,65.2,65.2,65.2,65.2,120.0,3.0,65.2
NYT,2026-08-18 18:45:00+00:00,65.13,65.13,65.11,65.13,706.0,11.0,65.123233
NYT,2026-08-18 18:50:00+00:00,65.17,65.18,65.17,65.18,327.0,5.0,65.173333
NYT,2026-08-18 18:55:00+00:00,65.18,65.18,65.105,65.105,956.0,21.0,65.136667
NYT,2026-08-18 19:05:00+00:00,65.03,65.03,64.945,64.985,1558.0,32.0,64.963824
NYT,2026-08-18 19:10:00+00:00,64.945,65.04,64.945,65.035,677.0,20.0,64.990495
NYT,2026-08-18 19:20:00+00:00,64.96,64.98,64.95,64.98,560.0,15.0,64.965
NYT,2026-08-18 19:25:00+00:00,64.905,64.98,64.905,64.98,1291.0,26.0,64.944
NYT,2026-08-18 19:30:00+00:00,64.99,65.04,64.99,65.005,918.0,13.0,65.006892
NYT,2026-08-18 19:35:00+00:00,65.015,65.13,64.975,65.13,2471.0,47.0,65.034653
NYT,2026-08-18 19:40:00+00:00,65.09,65.09,64.95,65.03,1576.0,27.0,65.006667
NYT,2026-08-18 19:45:00+00:00,65.025,65.045,64.955,64.97,1779.0,42.0,64.99614
NYT,2026-08-18 19:50:00+00:00,64.98,65.095,64.92,65.05,2167.0,43.0,65.002053
NYT,2026-08-18 19:55:00+00:00,64.995,65.09,64.93,65.055,6207.0,142.0,65.010256
NYT,2026-08-19 13:30:00+00:00,65.315,65.315,65.315,65.315,138.0,2.0,65.315
NYT,2026-08-19 13:35:00+00:00,65.28,65.28,65.28,65.28,100.0,1.0,65.28
NYT,2026-08-19 13:50:00+00:00,65.68,65.76,65.68,65.76,348.0,8.0,65.721353
NYT,2026-08-19 13:55:00+00:00,65.755,65.96,65.755,65.96,264.0,7.0,65.8575
NYT,2026-08-19 14:00:00+00:00,66.24,66.24,66.17,66.17,584.0,12.0,66.201818
NYT,2026-08-19 14:05:00+00:00,66.2,66.33,66.2,66.305,1111.0,15.0,66.293926
NYT,2026-08-19 14:10:00+00:00,66.345,66.345,66.22,66.265,500.0,6.0,66.27375
NYT,2026-08-19 14:15:00+00:00,66.265,66.265,66.265,66.265,107.0,2.0,66.265
NYT,2026-08-19 14:20:00+00:00,66.39,66.39,66.39,66.39,210.0,5.0,66.39
NYT,2026-08-19 14:25:00+00:00,66.36,66.36,66.36,66.36,122.0,2.0,66.36
NYT,2026-08-19 14:30:00+00:00,66.23,66.23,66.23,66.23,157.0,7.0,66.23
NYT,2026-08-19 14:35:00+00:00,66.28,66.28,66.18,66.18,233.0,6.0,66.23
NYT,2026-08-19 14:40:00+00:00,66.2,66.32,66.2,66.3,718.0,11.0,66.272
NYT,2026-08-19 14:45:00+00:00,66.38,66.38,66.35,66.35,343.0,5.0,66.36
NYT,2026-08-19 14:50:00+00:00,66.33,66.4,66.32,66.4,1431.0,24.0,66.356129
NYT,2026-08-19 14:55:00+00:00,66.46,66.53,66.45,66.53,716.0,20.0,66.49114
NYT,2026-08-19 15:00:00+00:00,66.525,66.62,66.515,66.62,2844.0,26.0,66.528322
NYT,2026-08-19 15:05:00+00:00,66.47,66.47,66.42,66.42,333.0,6.0,66.445
NYT,2026-08-19 15:20:00+00:00,66.18,66.18,66.18,66.18,205.0,3.0,66.18
NYT,2026-08-19 15:25:00+00:00,66.21,66.21,66.21,66.21,320.0,5.0,66.21
NYT,2026-08-19 15:30:00+00:00,66.26,66.27,66.26,66.27,231.0,3.0,66.265
NYT,2026-08-19 15:35:00+00:00,66.23,66.23,66.115,66.2,3077.0,37.0,66.167513
NYT,2026-08-19 15:40:00+00:00,66.17,66.17,66.11,66.11,445.0,7.0,66.14
NYT,2026-08-19 15:45:00+00:00,66.115,66.115,66.115,66.115,100.0,1.0,66.115
NYT,2026-08-19 15:50:00+00:00,66.075,66.41,66.075,66.33,5065.0,66.0,66.242004
NYT,2026-08-19 15:55:00+00:00,66.31,66.335,66.3,66.335,873.0,13.0,66.325714
NYT,2026-08-19 16:00:00+00:00,66.33,66.405,66.33,66.37,2984.0,30.0,66.340788
NYT,2026-08-19 16:10:00+00:00,66.3,66.325,66.3,66.32,964.0,15.0,66.317321
NYT,2026-08-19 16:15:00+00:00,66.38,66.38,66.38,66.38,147.0,4.0,66.38
NYT,2026-08-19 16:20:00+00:00,66.385,66.385,66.3,66.3,254.0,6.0,66.3425
NYT,2026-08-19 16:30:00+00:00,66.15,66.17,66.15,66.155,315.0,4.0,66.158333
NYT,2026-08-19 16:35:00+00:00,66.175,66.175,66.175,66.175,139.0,3.0,66.175
NYT,2026-08-19 16:40:00+00:00,66.13,66.13,66.13,66.13,139.0,5.0,66.13
NYT,2026-08-19 16:45:00+00:00,66.16,66.175,66.16,66.175,558.0,13.0,66.16625
NYT,2026-08-19 16:50:00+00:00,66.175,66.175,66.11,66.11,490.0,10.0,66.140374
NYT,2026-08-19 17:05:00+00:00,66.17,66.17,66.17,66.17,100.0,1.0,66.17
NYT,2026-08-19 17:15:00+00:00,66.12,66.12,66.12,66.12,255.0,17.0,66.12
NYT,2026-08-19 17:20:00+00:00,66.01,66.01,66.01,66.01,200.0,3.0,66.01
NYT,2026-08-19 17:25:00+00:00,66.035,66.05,66.03,66.03,412.0,9.0,66.038333
NYT,2026-08-19 17:30:00+00:00,66.07,66.13,66.07,66.13,987.0,26.0,66.0875
NYT,2026-08-19 17:40:00+00:00,66.25,66.28,66.25,66.28,278.0,11.0,66.265
NYT,2026-08-19 17:45:00+00:00,66.26,66.26,66.26,66.26,100.0,1.0,66.26
NYT,2026-08-19 17:50:00+00:00,66.28,66.28,66.26,66.26,200.0,2.0,66.27
NYT,2026-08-19 17:55:00+00:00,66.33,66.35,66.33,66.35,415.0,10.0,66.340476
NYT,2026-08-19 18:00:00+00:00,66.33,66.33,66.33,66.33,440.0,7.0,66.33
NYT,2026-08-19 18:10:00+00:00,66.365,66.39,66.35,66.39,1662.0,22.0,66.356393
NYT,2026-08-19 18:15:00+00:00,66.43,66.43,66.42,66.42,1015.0,6.0,66.421111
NYT,2026-08-19 18:20:00+00:00,66.42,66.42,66.39,66.39,277.0,10.0,66.405
NYT,2026-08-19 18:25:00+00:00,66.41,66.49,66.39,66.49,1322.0,21.0,66.458889
NYT,2026-08-19 18:30:00+00:00,66.51,66.51,66.51,66.51,447.0,7.0,66.51
NYT,2026-08-19 18:35:00+00:00,66.505,66.56,66.505,66.56,501.0,11.0,66.528333
NYT,2026-08-19 18:40:00+00:00,66.53,66.53,66.53,66.53,123.0,3.0,66.53
NYT,2026-08-19 18:45:00+00:00,66.56,66.56,66.56,66.56,200.0,4.0,66.56
NYT,2026-08-19 18:50:00+00:00,66.575,66.575,66.575,66.575,328.0,3.0,66.575
NYT,2026-08-19 18:55:00+00:00,66.52,66.52,66.48,66.48,225.0,7.0,66.5
NYT,2026-08-19 19:00:00+00:00,66.47,66.47,66.37,66.43,642.0,13.0,66.42
NYT,2026-08-19 19:05:00+00:00,66.385,66.385,66.29,66.29,1003.0,17.0,66.3425
NYT,2026-08-19 19:10:00+00:00,66.31,66.31,66.215,66.215,317.0,7.0,66.2625
NYT,2026-08-19 19:15:00+00:00,66.2,66.2,66.18,66.18,755.0,35.0,66.185501
NYT,2026-08-19 19:20:00+00:00,66.17,66.17,66.09,66.17,1843.0,61.0,66.125609
NYT,2026-08-19 19:25:00+00:00,66.04,66.04,65.945,65.965,2169.0,71.0,65.974505
NYT,2026-08-19 19:30:00+00:00,65.985,65.985,65.81,65.81,1617.0,44.0,65.870097
NYT,2026-08-19 19:35:00+00:00,65.785,65.79,65.76,65.76,1555.0,30.0,65.775608
NYT,2026-08-19 19:40:00+00:00,65.74,65.76,65.74,65.76,335.0,14.0,65.75
NYT,2026-08-19 19:45:00+00:00,65.725,65.77,65.69,65.74,2724.0,54.0,65.728514
NYT,2026-08-19 19:50:00+00:00,65.76,65.76,65.635,65.635,4358.0,49.0,65.700991
NYT,2026-08-19 19:55:00+00:00,65.64,65.995,65.64,65.965,10397.0,178.0,65.776354
NYT,2026-08-20 13:30:00+00:00,65.765,65.765,65.765,65.765,100.0,1.0,65.765
NYT,2026-08-20 13:45:00+00:00,66.41,66.41,66.24,66.24,357.0,4.0,66.325
NYT,2026-08-20 13:50:00+00:00,66.395,66.395,66.395,66.395,100.0,1.0,66.395
NYT,2026-08-20 13:55:00+00:00,66.27,66.27,66.27,66.27,100.0,1.0,66.27
NYT,2026-08-20 14:05:00+00:00,65.41,65.41,65.255,65.28,2015.0,104.0,65.316718
NYT,2026-08-20 14:10:00+00:00,65.25,65.25,65.16,65.16,751.0,45.0,65.200909
NYT,2026-08-20 14:15:00+00:00,65.06,65.1,65.06,65.1,755.0,53.0,65.081672
NYT,2026-08-20 14:20:00+00:00,65.095,65.095,64.855,64.91,1166.0,49.0,64.9675
NYT,2026-08-20 14:25:00+00:00,64.87,64.94,64.87,64.94,978.0,29.0,64.888636
NYT,2026-08-20 14:30:00+00:00,65.07,65.07,65.07,65.07,209.0,7.0,65.07
NYT,2026-08-20 14:40:00+00:00,65.12,65.175,65.12,65.175,833.0,29.0,65.148438
NYT,2026-08-20 14:45:00+00:00,65.26,65.34,65.26,65.34,213.0,9.0,65.3
NYT,2026-08-20 14:55:00+00:00,65.39,65.39,65.39,65.39,108.0,5.0,65.39
NYT,2026-08-20 15:00:00+00:00,65.465,65.465,65.465,65.465,117.0,8.0,65.465
NYT,2026-08-20 15:05:00+00:00,65.63,65.65,65.62,65.65,1642.0,51.0,65.63717
NYT,2026-08-20 15:20:00+00:00,65.51,65.53,65.51,65.53,305.0,13.0,65.52
NYT,2026-08-20 15:25:00+00:00,65.47,65.47,65.47,65.47,394.0,9.0,65.47
NYT,2026-08-20 15:30:00+00:00,65.445,65.445,65.445,65.445,104.0,5.0,65.445
NYT,2026-08-20 15:40:00+00:00,65.49,65.49,65.49,65.49,130.0,4.0,65.49
NYT,2026-08-20 15:50:00+00:00,65.44,65.44,65.44,65.44,121.0,5.0,65.44
NYT,2026-08-20 15:55:00+00:00,65.53,65.53,65.53,65.53,100.0,1.0,65.53
NYT,2026-08-20 16:05:00+00:00,65.535,65.535,65.535,65.535,100.0,1.0,65.535
NYT,2026-08-20 16:15:00+00:00,65.44,65.44,65.44,65.44,102.0,2.0,65.44
NYT,2026-08-20 16:25:00+00:00,65.485,65.485,65.485,65.485,110.0,2.0,65.485
NYT,2026-08-20 16:35:00+00:00,65.5,65.5,65.49,65.49,204.0,3.0,65.495
NYT,2026-08-20 16:50:00+00:00,65.5,65.5,65.495,65.495,200.0,2.0,65.4975
NYT,2026-08-20 17:00:00+00:00,65.48,65.48,65.48,65.48,265.0,9.0,65.48
NYT,2026-08-20 17:05:00+00:00,65.415,65.415,65.36,65.36,309.0,8.0,65.379713
NYT,2026-08-20 17:10:00+00:00,65.37,65.37,65.37,65.37,291.0,3.0,65.37
NYT,2026-08-20 17:45:00+00:00,65.18,65.22,65.18,65.22,839.0,20.0,65.193333
NYT,2026-08-20 17:50:00+00:00,65.185,65.2,65.165,65.18,1024.0,18.0,65.177692
NYT,2026-08-20 17:55:00+00:00,65.14,65.14,65.105,65.105,303.0,6.0,65.1225
NYT,2026-08-20 18:00:00+00:00,65.09,65.09,65.09,65.09,118.0,2.0,65.09
NYT,2026-08-20 18:05:00+00:00,65.1,65.11,65.1,65.11,238.0,3.0,65.105
NYT,2026-08-20 18:10:00+00:00,65.06,65.06,65.06,65.06,137.0,3.0,65.06
NYT,2026-08-20 18:15:00+00:00,65.125,65.125,65.125,65.125,226.0,4.0,65.125
NYT,2026-08-20 18:20:00+00:00,65.09,65.2,65.09,65.2,904.0,16.0,65.143548
NYT,2026-08-20 18:25:00+00:00,65.2,65.25,65.2,65.22,3237.0,39.0,65.221434
NYT,2026-08-20 18:30:00+00:00,65.25,65.3,65.245,65.28,771.0,9.0,65.2725
NYT,2026-08-20 18:35:00+00:00,65.275,65.3,65.275,65.295,833.0,11.0,65.2875
NYT,2026-08-20 18:40:00+00:00,65.33,65.33,65.31,65.31,602.0,7.0,65.323103
NYT,2026-08-20 18:45:00+00:00,65.36,65.36,65.36,65.36,138.0,5.0,65.36
NYT,2026-08-20 18:50:00+00:00,65.345,65.37,65.345,65.37,399.0,8.0,65.356667
NYT,2026-08-20 18:55:00+00:00,65.345,65.48,65.345,65.45,2902.0,46.0,65.427292
NYT,2026-08-20 19:00:00+00:00,65.365,65.47,65.365,65.47,834.0,15.0,65.409286
NYT,2026-08-20 19:05:00+00:00,65.51,65.53,65.51,65.53,400.0,4.0,65.5175
NYT,2026-08-20 19:10:00+00:00,65.495,65.53,65.495,65.53,588.0,13.0,65.51125
NYT,2026-08-20 19:15:00+00:00,65.53,65.53,65.53,65.53,124.0,2.0,65.53
NYT,2026-08-20 19:20:00+00:00,65.485,65.485,65.485,65.485,146.0,5.0,65.485
NYT,2026-08-20 19:25:00+00:00,65.47,65.47,65.47,65.47,192.0,12.0,65.47
NYT,2026-08-20 19:30:00+00:00,65.47,65.505,65.245,65.245,1036.0,27.0,65.462857
NYT,2026-08-20 19:35:00+00:00,65.3,65.375,65.3,65.375,2163.0,32.0,65.358642
NYT,2026-08-20 19:40:00+00:00,65.375,65.415,65.37,65.395,13452.0,46.0,65.393222
NYT,2026-08-20 19:45:00+00:00,65.4,65.41,65.365,65.38,3298.0,44.0,65.386037
NYT,2026-08-20 19:50:00+00:00,65.34,65.35,65.28,65.32,5700.0,65.0,65.325275
NYT,2026-08-20 19:55:00+00:00,65.38,65.51,65.23,65.315,11573.0,215.0,65.357936
NYT,2026-08-21 13:30:00+00:00,65.6,65.805,65.33,65.33,783.0,13.0,65.662911
NYT,2026-08-21 13:35:00+00:00,65.425,65.425,65.31,65.31,502.0,7.0,65.364762
NYT,2026-08-21 13:40:00+00:00,65.555,65.555,65.555,65.555,100.0,1.0,65.555
NYT,2026-08-21 13:45:00+00:00,65.48,65.59,65.38,65.59,362.0,6.0,65.476875
NYT,2026-08-21 13:55:00+00:00,65.78,65.88,65.61,65.61,1060.0,12.0,65.748598
NYT,2026-08-21 14:00:00+00:00,65.59,65.59,65.58,65.59,651.0,8.0,65.584839
NYT,2026-08-21 14:10:00+00:00,65.86,65.865,65.86,65.86,464.0,10.0,65.8625
NYT,2026-08-21 14:15:00+00:00,65.55,65.72,65.44,65.72,3551.0,45.0,65.632575
NYT,2026-08-21 14:20:00+00:00,65.725,65.725,65.67,65.67,373.0,6.0,65.705
NYT,2026-08-21 14:25:00+00:00,65.67,65.785,65.67,65.785,483.0,6.0,65.745426
NYT,2026-08-21 14:30:00+00:00,65.79,65.83,65.79,65.83,421.0,10.0,65.808182
NYT,2026-08-21 14:35:00+00:00,65.78,65.78,65.78,65.78,304.0,4.0,65.78
NYT,2026-08-21 14:40:00+00:00,65.835,65.835,65.835,65.835,161.0,6.0,65.835
NYT,2026-08-21 14:45:00+00:00,65.84,65.89,65.84,65.89,650.0,11.0,65.874227
NYT,2026-08-21 14:50:00+00:00,65.96,65.965,65.96,65.965,333.0,8.0,65.963333
NYT,2026-08-21 15:00:00+00:00,66.08,66.285,66.08,66.285,766.0,25.0,66.159762
NYT,2026-08-21 15:05:00+00:00,66.34,66.34,66.33,66.33,395.0,9.0,66.335
NYT,2026-08-21 15:15:00+00:00,66.09,66.16,66.085,66.115,430.0,8.0,66.1125
NYT,2026-08-21 15:20:00+00:00,66.07,66.07,66.07,66.07,108.0,3.0,66.07
NYT,2026-08-21 15:25:00+00:00,66.07,66.07,66.07,66.07,365.0,4.0,66.07
NYT,2026-08-21 15:30:00+00:00,66.07,66.16,66.065,66.135,1230.0,19.0,66.118537
NYT,2026-08-21 15:35:00+00:00,66.11,66.14,66.11,66.14,275.0,4.0,66.125
NYT,2026-08-21 15:40:00+00:00,66.08,66.08,66.08,66.08,100.0,1.0,66.08
NYT,2026-08-21 15:50:00+00:00,66.08,66.09,66.07,66.07,414.0,8.0,66.0825
NYT,2026-08-21 15:55:00+00:00,65.95,66.05,65.95,66.05,313.0,6.0,65.99
NYT,2026-08-21 16:05:00+00:00,65.9,65.9,65.86,65.86,496.0,15.0,65.88
NYT,2026-08-21 16:10:00+00:00,65.89,65.89,65.89,65.89,106.0,3.0,65.89
NYT,2026-08-21 16:15:00+00:00,65.805,65.805,65.805,65.805,106.0,2.0,65.805
NYT,2026-08-21 16:20:00+00:00,65.76,65.8,65.76,65.79,1231.0,31.0,65.774946
NYT,2026-08-21 16:30:00+00:00,65.83,65.83,65.83,65.83,114.0,4.0,65.83
NYT,2026-08-21 16:35:00+00:00,65.83,65.85,65.83,65.85,298.0,9.0,65.840256
NYT,2026-08-21 16:45:00+00:00,65.8,65.8,65.8,65.8,101.0,2.0,65.8
NYT,2026-08-21 17:15:00+00:00,65.78,65.8,65.78,65.8,215.0,3.0,65.79
NYT,2026-08-21 17:20:00+00:00,65.67,65.67,65.67,65.67,164.0,3.0,65.67
NYT,2026-08-21 17:25:00+00:00,65.61,65.61,65.56,65.56,230.0,4.0,65.585
NYT,2026-08-21 17:30:00+00:00,65.545,65.545,65.52,65.52,334.0,6.0,65.5325
NYT,2026-08-21 17:35:00+00:00,65.55,65.55,65.545,65.545,317.0,6.0,65.548333
NYT,2026-08-21 17:40:00+00:00,65.47,65.47,65.47,65.47,100.0,1.0,65.47
NYT,2026-08-21 17:45:00+00:00,65.54,65.54,65.52,65.52,243.0,8.0,65.531189
NYT,2026-08-21 17:50:00+00:00,65.51,65.51,65.51,65.51,127.0,2.0,65.51
NYT,2026-08-21 17:55:00+00:00,65.54,65.55,65.54,65.55,309.0,6.0,65.546667
NYT,2026-08-21 18:15:00+00:00,65.67,65.67,65.67,65.67,133.0,5.0,65.67
NYT,2026-08-21 18:20:00+00:00,65.59,65.6,65.59,65.6,230.0,5.0,65.595
NYT,2026-08-21 18:25:00+00:00,65.65,65.65,65.65,65.65,105.0,3.0,65.65
NYT,2026-08-21 18:30:00+00:00,65.605,65.605,65.605,65.605,100.0,1.0,65.605
NYT,2026-08-21 18:35:00+00:00,65.61,65.61,65.61,65.61,100.0,1.0,65.61
NYT,2026-08-21 18:40:00+00:00,65.63,65.63,65.61,65.61,664.0,17.0,65.625192
NYT,2026-08-21 18:45:00+00:00,65.56,65.735,65.56,65.73,660.0,8.0,65.665323
NYT,2026-08-21 18:50:00+00:00,65.75,65.76,65.74,65.74,977.0,12.0,65.755278
NYT,2026-08-21 18:55:00+00:00,65.77,65.77,65.77,65.77,148.0,6.0,65.77
NYT,2026-08-21 19:00:00+00:00,65.73,65.73,65.685,65.685,374.0,10.0,65.715
NYT,2026-08-21 19:05:00+00:00,65.67,65.71,65.67,65.69,1700.0,29.0,65.692691
NYT,2026-08-21 19:10:00+00:00,65.68,65.815,65.68,65.81,846.0,21.0,65.74875
NYT,2026-08-21 19:15:00+00:00,65.78,65.8,65.78,65.78,911.0,17.0,65.790124
NYT,2026-08-21 19:20:00+00:00,65.795,65.795,65.7,65.72,884.0,10.0,65.721962
NYT,2026-08-21 19:25:00+00:00,65.715,65.715,65.715,65.715,251.0,5.0,65.715
NYT,2026-08-21 19:30:00+00:00,65.675,65.69,65.63,65.69,1246.0,28.0,65.668977
NYT,2026-08-21 19:35:00+00:00,65.795,65.87,65.795,65.86,1397.0,22.0,65.853753
NYT,2026-08-21 19:40:00+00:00,65.9,65.95,65.9,65.95,1300.0,29.0,65.922291
NYT,2026-08-21 19:45:00+00:00,65.985,66.04,65.97,66.04,2699.0,39.0,65.992708
NYT,2026-08-21 19:50:00+00:00,66.07,66.1,65.865,65.88,2630.0,45.0,66.003117
NYT,2026-08-21 19:55:00+00:00,65.91,66.015,65.68,65.715,14608.0,194.0,65.895239
NYT,2026-08-24 13:35:00+00:00,66.52,66.52,66.52,66.52,110.0,2.0,66.52
NYT,2026-08-24 13:40:00+00:00,66.44,66.44,66.26,66.26,1012.0,11.0,66.349468
NYT,2026-08-24 13:45:00+00:00,66.15,66.15,66.15,66.15,323.0,7.0,66.15
NYT,2026-08-24 13:50:00+00:00,66.32,66.38,66.32,66.33,576.0,9.0,66.34875
NYT,2026-08-24 14:05:00+00:00,66.68,66.7,66.67,66.67,834.0,13.0,66.678852
NYT,2026-08-24 14:15:00+00:00,66.73,66.73,66.51,66.55,1512.0,20.0,66.611147
NYT,2026-08-24 14:20:00+00:00,66.5,66.57,66.49,66.57,1343.0,19.0,66.5182
NYT,2026-08-24 14:25:00+00:00,66.575,66.63,66.575,66.62,341.0,6.0,66.608333
NYT,2026-08-24 14:30:00+00:00,66.605,66.605,66.39,66.39,420.0,7.0,66.461667
NYT,2026-08-24 14:35:00+00:00,66.38,66.52,66.38,66.46,933.0,21.0,66.4525
NYT,2026-08-24 14:40:00+00:00,66.455,66.58,66.455,66.58,360.0,6.0,66.513333
NYT,2026-08-24 14:45:00+00:00,66.65,66.65,66.59,66.61,492.0,9.0,66.615
NYT,2026-08-24 14:50:00+00:00,66.67,66.67,66.655,66.655,200.0,2.0,66.6625
NYT,2026-08-24 14:55:00+00:00,66.665,66.69,66.665,66.69,324.0,7.0,66.6775
NYT,2026-08-24 15:05:00+00:00,66.565,66.565,66.55,66.55,481.0,12.0,66.5575
NYT,2026-08-24 15:10:00+00:00,66.55,66.59,66.52,66.59,701.0,13.0,66.549
NYT,2026-08-24 15:15:00+00:00,66.66,66.8,66.66,66.78,708.0,16.0,66.750905
NYT,2026-08-24 15:20:00+00:00,66.76,66.76,66.72,66.72,497.0,6.0,66.738593
NYT,2026-08-24 15:25:00+00:00,66.74,66.765,66.74,66.76,565.0,15.0,66.7575
NYT,2026-08-24 15:30:00+00:00,66.73,66.74,66.73,66.74,330.0,7.0,66.736875
NYT,2026-08-24 15:35:00+00:00,66.84,66.97,66.83,66.94,1372.0,24.0,66.891548
NYT,2026-08-24 15:40:00+00:00,66.965,66.98,66.92,66.96,1127.0,22.0,66.952308
NYT,2026-08-24 15:45:00+00:00,66.94,66.94,66.89,66.9,326.0,11.0,66.91
NYT,2026-08-24 15:50:00+00:00,66.885,66.885,66.87,66.87,736.0,16.0,66.880562
NYT,2026-08-24 16:00:00+00:00,66.825,66.825,66.81,66.81,321.0,11.0,66.8175
NYT,2026-08-24 16:05:00+00:00,66.9,66.92,66.85,66.85,594.0,17.0,66.887353
NYT,2026-08-24 16:10:00+00:00,66.815,66.82,66.815,66.82,202.0,4.0,66.8175
NYT,2026-08-24 16:15:00+00:00,66.81,66.81,66.71,66.715,324.0,5.0,66.749063
NYT,2026-08-24 16:20:00+00:00,66.68,66.7,66.68,66.7,211.0,4.0,66.69
NYT,2026-08-24 16:30:00+00:00,66.66,66.66,66.6,66.61,1056.0,23.0,66.621786
NYT,2026-08-24 16:35:00+00:00,66.63,66.64,66.63,66.64,224.0,6.0,66.635
NYT,2026-08-24 16:45:00+00:00,66.72,66.73,66.72,66.725,715.0,18.0,66.723333
NYT,2026-08-24 16:50:00+00:00,66.72,66.75,66.72,66.75,261.0,9.0,66.735
NYT,2026-08-24 16:55:00+00:00,66.78,66.78,66.78,66.78,148.0,7.0,66.78
NYT,2026-08-24 17:00:00+00:00,66.72,66.72,66.665,66.665,894.0,16.0,66.690714
NYT,2026-08-24 17:05:00+00:00,66.8,66.8,66.8,66.8,210.0,16.0,66.8
NYT,2026-08-24 17:10:00+00:00,66.86,66.86,66.86,66.86,173.0,4.0,66.86
NYT,2026-08-24 17:15:00+00:00,66.86,66.86,66.86,66.86,100.0,1.0,66.86
NYT,2026-08-24 17:20:00+00:00,66.81,66.82,66.78,66.78,703.0,8.0,66.804264
NYT,2026-08-24 17:25:00+00:00,66.8,66.82,66.8,66.82,306.0,7.0,66.81
NYT,2026-08-24 17:30:00+00:00,66.825,67.18,66.825,67.18,8184.0,54.0,67.061275
NYT,2026-08-24 17:35:00+00:00,67.15,67.18,66.95,66.97,2285.0,25.0,67.115804
NYT,2026-08-24 17:40:00+00:00,66.975,66.99,66.945,66.99,811.0,11.0,66.971351
NYT,2026-08-24 17:45:00+00:00,67.0,67.01,66.98,67.01,411.0,8.0,66.995
NYT,2026-08-24 17:50:00+00:00,66.98,66.98,66.98,66.98,100.0,1.0,66.98
NYT,2026-08-24 17:55:00+00:00,66.95,66.95,66.91,66.91,555.0,15.0,66.93125
NYT,2026-08-24 18:00:00+00:00,66.95,67.075,66.95,67.07,1918.0,25.0,67.01358
NYT,2026-08-24 18:05:00+00:00,67.11,67.13,67.11,67.13,202.0,3.0,67.12
NYT,2026-08-24 18:10:00+00:00,67.13,67.18,67.13,67.18,306.0,5.0,67.155
NYT,2026-08-24 18:15:00+00:00,67.17,67.17,67.155,67.17,820.0,10.0,67.164
NYT,2026-08-24 18:20:00+00:00,67.165,67.165,67.165,67.165,100.0,1.0,67.165
NYT,2026-08-24 18:25:00+00:00,67.11,67.11,67.095,67.1,405.0,8.0,67.101667
NYT,2026-08-24 18:30:00+00:00,67.14,67.14,67.115,67.115,272.0,8.0,67.1275
NYT,2026-08-24 18:35:00+00:00,67.14,67.14,67.0,67.0,825.0,19.0,67.07
NYT,2026-08-24 18:45:00+00:00,67.01,67.01,66.99,67.0,566.0,12.0,66.99875
NYT,2026-08-24 18:50:00+00:00,66.93,66.96,66.93,66.96,220.0,3.0,66.945
NYT,2026-08-24 18:55:00+00:00,66.97,66.975,66.935,66.935,708.0,9.0,66.952857
NYT,2026-08-24 19:00:00+00:00,66.97,66.98,66.95,66.95,510.0,9.0,66.967
NYT,2026-08-24 19:05:00+00:00,66.945,66.945,66.945,66.945,101.0,2.0,66.945
NYT,2026-08-24 19:10:00+00:00,66.95,67.025,66.95,67.02,953.0,15.0,66.993387
NYT,2026-08-24 19:15:00+00:00,67.03,67.08,67.025,67.08,939.0,19.0,67.036667
NYT,2026-08-24 19:20:00+00:00,67.15,67.15,67.15,67.15,110.0,2.0,67.15
NYT,2026-08-24 19:25:00+00:00,67.17,67.21,67.17,67.21,612.0,18.0,67.19
NYT,2026-08-24 19:30:00+00:00,67.23,67.28,67.16,67.16,5074.0,55.0,67.24257
NYT,2026-08-24 19:35:00+00:00,67.18,67.18,67.145,67.145,690.0,24.0,67.158571
NYT,2026-08-24 19:40:00+00:00,67.15,67.15,67.15,67.15,224.0,4.0,67.15
NYT,2026-08-24 19:45:00+00:00,67.27,67.27,67.24,67.26,1652.0,22.0,67.246222
NYT,2026-08-24 19:50:00+00:00,67.42,67.505,67.295,67.45,5505.0,85.0,67.39411
NYT,2026-08-24 19:55:00+00:00,67.49,67.58,67.47,67.5,15505.0,245.0,67.526454
NYT,2026-08-25 13:35:00+00:00,67.57,67.57,67.57,67.57,100.0,1.0,67.57
NYT,2026-08-25 13:40:00+00:00,67.57,67.57,67.46,67.46,383.0,10.0,67.513398
NYT,2026-08-25 13:45:00+00:00,67.315,67.315,67.315,67.315,138.0,2.0,67.315
NYT,2026-08-25 13:50:00+00:00,67.29,67.29,67.22,67.22,316.0,5.0,67.254103
NYT,2026-08-25 13:55:00+00:00,67.3,67.415,67.3,67.415,260.0,8.0,67.3575
NYT,2026-08-25 14:00:00+00:00,67.41,67.41,67.33,67.34,2200.0,36.0,67.372518
NYT,2026-08-25 14:05:00+00:00,67.295,67.39,67.26,67.39,1245.0,13.0,67.301018
NYT,2026-08-25 14:10:00+00:00,67.465,67.525,67.465,67.525,265.0,5.0,67.492273
NYT,2026-08-25 14:15:00+00:00,67.545,67.675,67.545,67.675,496.0,9.0,67.592619
NYT,2026-08-25 14:20:00+00:00,67.65,67.66,67.585,67.585,1710.0,17.0,67.615827
NYT,2026-08-25 14:25:00+00:00,67.51,67.51,67.51,67.51,309.0,10.0,67.51
NYT,2026-08-25 14:30:00+00:00,67.38,67.38,67.35,67.36,669.0,12.0,67.364375
NYT,2026-08-25 14:35:00+00:00,67.39,67.39,67.39,67.39,103.0,4.0,67.39
NYT,2026-08-25 14:40:00+00:00,67.47,67.515,67.45,67.515,385.0,6.0,67.478333
NYT,2026-08-25 14:50:00+00:00,67.405,67.405,67.33,67.33,469.0,8.0,67.376875
NYT,2026-08-25 14:55:00+00:00,67.305,67.395,67.305,67.395,221.0,4.0,67.35
NYT,2026-08-25 15:00:00+00:00,67.43,67.46,67.43,67.45,461.0,7.0,67.450476
NYT,2026-08-25 15:05:00+00:00,67.39,67.39,67.39,67.39,170.0,5.0,67.39
NYT,2026-08-25 15:10:00+00:00,67.44,67.47,67.44,67.47,354.0,5.0,67.453333
NYT,2026-08-25 15:15:00+00:00,67.48,67.48,67.48,67.48,149.0,4.0,67.48
NYT,2026-08-25 15:20:00+00:00,67.5,67.55,67.5,67.55,506.0,13.0,67.525
NYT,2026-08-25 15:25:00+00:00,67.52,67.52,67.47,67.49,306.0,5.0,67.493333
NYT,2026-08-25 15:30:00+00:00,67.565,67.565,67.55,67.55,279.0,4.0,67.5575
NYT,2026-08-25 15:35:00+00:00,67.64,67.64,67.64,67.64,115.0,2.0,67.64
NYT,2026-08-25 15:40:00+00:00,67.69,67.855,67.69,67.855,1582.0,44.0,67.787525
NYT,2026-08-25 15:45:00+00:00,67.855,67.855,67.73,67.73,392.0,8.0,67.7925
NYT,2026-08-25 15:50:00+00:00,67.685,67.76,67.685,67.755,688.0,10.0,67.736783
NYT,2026-08-25 15:55:00+00:00,67.76,67.76,67.76,67.76,357.0,4.0,67.76
NYT,2026-08-25 16:05:00+00:00,67.74,67.78,67.74,67.78,308.0,6.0,67.753333
NYT,2026-08-25 16:10:00+00:00,67.82,67.84,67.82,67.84,1188.0,17.0,67.831799
NYT,2026-08-25 16:20:00+00:00,67.91,67.95,67.91,67.95,435.0,7.0,67.929324
NYT,2026-08-25 16:25:00+00:00,67.96,67.97,67.92,67.95,907.0,16.0,67.953333
NYT,2026-08-25 16:30:00+00:00,67.945,67.96,67.945,67.96,246.0,4.0,67.9525
NYT,2026-08-25 16:35:00+00:00,67.94,67.945,67.93,67.945,412.0,6.0,67.93875
NYT,2026-08-25 16:40:00+00:00,67.95,68.155,67.95,68.15,1174.0,25.0,68.07
NYT,2026-08-25 16:45:00+00:00,68.1,68.1,67.99,67.99,321.0,5.0,68.063333
NYT,2026-08-25 16:50:00+00:00,68.035,68.05,68.03,68.03,774.0,16.0,68.03625
NYT,2026-08-25 16:55:00+00:00,68.075,68.08,68.075,68.08,314.0,6.0,68.077353
NYT,2026-08-25 17:00:00+00:00,68.085,68.085,68.085,68.085,145.0,5.0,68.085
NYT,2026-08-25 17:05:00+00:00,68.05,68.08,68.05,68.08,224.0,6.0,68.065
NYT,2026-08-25 17:15:00+00:00,68.2,68.24,68.2,68.22,353.0,6.0,68.22
NYT,2026-08-25 17:20:00+00:00,68.31,68.31,68.31,68.31,100.0,1.0,68.31
NYT,2026-08-25 17:25:00+00:00,68.33,68.33,68.33,68.33,186.0,4.0,68.33
NYT,2026-08-25 17:30:00+00:00,68.3,68.36,68.3,68.36,338.0,6.0,68.340422
NYT,2026-08-25 17:35:00+00:00,68.425,68.485,68.425,68.485,567.0,14.0,68.445625
NYT,2026-08-25 17:40:00+00:00,68.51,68.605,68.51,68.605,573.0,20.0,68.54375
NYT,2026-08-25 17:45:00+00:00,68.54,68.565,68.48,68.48,779.0,21.0,68.525
NYT,2026-08-25 17:50:00+00:00,68.5,68.5,68.5,68.5,120.0,4.0,68.5
NYT,2026-08-25 17:55:00+00:00,68.49,68.49,68.49,68.49,122.0,3.0,68.49
NYT,2026-08-25 18:00:00+00:00,68.465,68.54,68.445,68.54,1141.0,15.0,68.470426
NYT,2026-08-25 18:05:00+00:00,68.625,68.65,68.625,68.65,340.0,4.0,68.632813
NYT,2026-08-25 18:10:00+00:00,68.65,68.675,68.64,68.675,336.0,4.0,68.65625
NYT,2026-08-25 18:15:00+00:00,68.71,68.72,68.695,68.71,781.0,11.0,68.712188
NYT,2026-08-25 18:20:00+00:00,68.65,68.65,68.64,68.65,871.0,13.0,68.648693
NYT,2026-08-25 18:25:00+00:00,68.585,68.615,68.585,68.6,404.0,7.0,68.6
NYT,2026-08-25 18:30:00+00:00,68.43,68.46,68.43,68.45,638.0,8.0,68.442857
NYT,2026-08-25 18:35:00+00:00,68.385,68.385,68.27,68.29,550.0,7.0,68.325655
NYT,2026-08-25 18:40:00+00:00,68.39,68.39,68.385,68.385,294.0,6.0,68.3875
NYT,2026-08-25 18:45:00+00:00,68.47,68.57,68.47,68.53,754.0,18.0,68.52
NYT,2026-08-25 18:50:00+00:00,68.47,68.53,68.465,68.51,1010.0,16.0,68.495769
NYT,2026-08-25 18:55:00+00:00,68.5,68.51,68.5,68.5,439.0,11.0,68.505
NYT,2026-08-25 19:00:00+00:00,68.51,68.51,68.475,68.475,369.0,7.0,68.4925
NYT,2026-08-25 19:05:00+00:00,68.45,68.51,68.45,68.47,613.0,9.0,68.468215
NYT,2026-08-25 19:15:00+00:00,68.49,68.49,68.44,68.44,1285.0,20.0,68.469589
NYT,2026-08-25 19:20:00+00:00,68.425,68.63,68.425,68.59,2299.0,43.0,68.545175
NYT,2026-08-25 19:25:00+00:00,68.615,68.645,68.61,68.64,1324.0,24.0,68.625555
NYT,2026-08-25 19:30:00+00:00,68.615,68.695,68.615,68.66,896.0,22.0,68.647619
NYT,2026-08-25 19:35:00+00:00,68.71,68.74,68.67,68.74,1298.0,23.0,68.704674
NYT,2026-08-25 19:40:00+00:00,68.73,68.73,68.73,68.73,448.0,8.0,68.73
NYT,2026-08-25 19:45:00+00:00,68.705,68.72,68.655,68.7,2030.0,45.0,68.695332
NYT,2026-08-25 19:50:00+00:00,68.59,68.64,68.51,68.605,3007.0,47.0,68.563376
NYT,2026-08-25 19:55:00+00:00,68.575,68.67,68.405,68.625,16189.0,296.0,68.526936
NYT,2026-08-26 13:30:00+00:00,68.95,69.02,68.95,69.02,300.0,3.0,68.983333
NYT,2026-08-26 13:35:00+00:00,69.19,69.33,69.19,69.33,481.0,12.0,69.23375
NYT,2026-08-26 13:50:00+00:00,69.645,69.645,69.61,69.61,269.0,5.0,69.6275
NYT,2026-08-26 13:55:00+00:00,69.55,69.55,69.55,69.55,100.0,1.0,69.55
NYT,2026-08-26 14:00:00+00:00,69.4,69.4,69.4,69.4,132.0,3.0,69.4
NYT,2026-08-26 14:05:00+00:00,69.17,69.17,69.17,69.17,270.0,6.0,69.17
NYT,2026-08-26 14:15:00+00:00,69.13,69.235,69.04,69.04,1109.0,23.0,69.172947
NYT,2026-08-26 14:20:00+00:00,68.955,68.955,68.955,68.955,101.0,2.0,68.955
NYT,2026-08-26 14:25:00+00:00,68.93,68.93,68.885,68.885,372.0,6.0,68.905455
NYT,2026-08-26 14:30:00+00:00,68.91,68.94,68.895,68.94,581.0,8.0,68.915
NYT,2026-08-26 14:35:00+00:00,68.83,68.83,68.83,68.83,116.0,3.0,68.83
NYT,2026-08-26 14:40:00+00:00,68.71,68.71,68.71,68.71,175.0,5.0,68.71
NYT,2026-08-26 14:45:00+00:00,68.565,68.65,68.54,68.65,330.0,10.0,68.585
NYT,2026-08-26 14:50:00+00:00,68.785,68.85,68.785,68.85,456.0,12.0,68.81125
NYT,2026-08-26 14:55:00+00:00,68.835,68.835,68.795,68.795,200.0,2.0,68.815
NYT,2026-08-26 15:05:00+00:00,68.67,68.72,68.67,68.72,406.0,6.0,68.697273
NYT,2026-08-26 15:20:00+00:00,68.785,68.785,68.785,68.785,141.0,6.0,68.785
NYT,2026-08-26 15:25:00+00:00,68.71,68.71,68.71,68.71,167.0,4.0,68.71
NYT,2026-08-26 15:30:00+00:00,68.68,68.68,68.64,68.67,439.0,6.0,68.665
NYT,2026-08-26 15:35:00+00:00,68.695,68.695,68.62,68.62,374.0,6.0,68.651667
NYT,2026-08-26 15:40:00+00:00,68.59,68.6,68.59,68.6,310.0,5.0,68.595
NYT,2026-08-26 15:45:00+00:00,68.56,68.56,68.56,68.56,225.0,9.0,68.56
NYT,2026-08-26 15:50:00+00:00,68.555,68.6,68.555,68.575,525.0,16.0,68.576667
NYT,2026-08-26 15:55:00+00:00,68.56,68.56,68.56,68.56,130.0,2.0,68.56
NYT,2026-08-26 16:05:00+00:00,68.535,68.535,68.535,68.535,122.0,3.0,68.535
NYT,2026-08-26 16:10:00+00:00,68.535,68.585,68.535,68.585,489.0,12.0,68.56
NYT,2026-08-26 16:15:00+00:00,68.59,68.59,68.56,68.565,358.0,8.0,68.571667
NYT,2026-08-26 16:25:00+00:00,68.53,68.53,68.53,68.53,151.0,3.0,68.53
NYT,2026-08-26 16:30:00+00:00,68.59,68.59,68.59,68.59,373.0,9.0,68.59
NYT,2026-08-26 16:35:00+00:00,68.565,68.565,68.565,68.565,303.0,7.0,68.565
NYT,2026-08-26 16:40:00+00:00,68.54,68.545,68.54,68.545,262.0,3.0,68.542273
NYT,2026-08-26 16:45:00+00:00,68.5,68.51,68.48,68.51,2101.0,26.0,68.499107
NYT,2026-08-26 16:55:00+00:00,68.62,68.62,68.55,68.58,651.0,11.0,68.578095
NYT,2026-08-26 17:00:00+00:00,68.595,68.62,68.595,68.62,228.0,3.0,68.6075
NYT,2026-08-26 17:05:00+00:00,68.595,68.595,68.595,68.595,355.0,6.0,68.595
NYT,2026-08-26 17:10:00+00:00,68.63,68.63,68.62,68.62,200.0,2.0,68.625
NYT,2026-08-26 17:15:00+00:00,68.635,68.635,68.635,68.635,190.0,2.0,68.635
NYT,2026-08-26 17:20:00+00:00,68.61,68.64,68.61,68.64,333.0,9.0,68.625
NYT,2026-08-26 17:25:00+00:00,68.67,68.67,68.67,68.67,100.0,1.0,68.67
NYT,2026-08-26 17:30:00+00:00,68.68,68.705,68.68,68.705,392.0,4.0,68.696667
NYT,2026-08-26 17:35:00+00:00,68.65,68.71,68.65,68.71,758.0,15.0,68.685
NYT,2026-08-26 17:40:00+00:00,68.74,68.74,68.74,68.74,100.0,1.0,68.74
NYT,2026-08-26 17:45:00+00:00,68.685,68.685,68.65,68.65,445.0,11.0,68.673333
NYT,2026-08-26 17:50:00+00:00,68.72,68.72,68.72,68.72,100.0,1.0,68.72
NYT,2026-08-26 17:55:00+00:00,68.76,68.79,68.76,68.79,439.0,6.0,68.77
NYT,2026-08-26 18:00:00+00:00,68.875,69.13,68.875,69.09,940.0,22.0,69.050714
NYT,2026-08-26 18:05:00+00:00,68.96,68.96,68.94,68.94,540.0,5.0,68.950371
NYT,2026-08-26 18:10:00+00:00,68.89,69.165,68.89,69.165,1341.0,14.0,68.958607
NYT,2026-08-26 18:15:00+00:00,69.25,69.32,69.245,69.32,809.0,12.0,69.293148
NYT,2026-08-26 18:20:00+00:00,69.34,69.42,69.33,69.34,946.0,18.0,69.37
NYT,2026-08-26 18:30:00+00:00,69.395,69.395,69.32,69.32,499.0,7.0,69.34
NYT,2026-08-26 18:35:00+00:00,69.3,69.305,69.3,69.3,516.0,11.0,69.301667
NYT,2026-08-26 18:40:00+00:00,69.31,69.31,69.3,69.3,305.0,4.0,69.306667
NYT,2026-08-26 18:45:00+00:00,69.15,69.15,69.11,69.15,1476.0,26.0,69.13
NYT,2026-08-26 18:50:00+00:00,69.07,69.13,69.02,69.025,9264.0,57.0,69.069233
NYT,2026-08-26 18:55:00+00:00,69.035,69.035,68.87,68.905,3458.0,46.0,68.929272
NYT,2026-08-26 19:00:00+00:00,68.92,68.99,68.74,68.74,1454.0,34.0,68.844231
NYT,2026-08-26 19:05:00+00:00,68.78,68.83,68.69,68.715,5450.0,73.0,68.743589
NYT,2026-08-26 19:10:00+00:00,68.715,68.75,68.715,68.75,329.0,8.0,68.728333
NYT,2026-08-26 19:15:00+00:00,68.74,68.74,68.65,68.7,980.0,20.0,68.682
NYT,2026-08-26 19:20:00+00:00,68.61,68.61,68.21,68.37,7652.0,88.0,68.301768
NYT,2026-08-26 19:25:00+00:00,68.385,68.52,68.34,68.495,2136.0,38.0,68.418762
NYT,2026-08-26 19:30:00+00:00,68.52,68.53,68.44,68.48,1552.0,26.0,68.471557
NYT,2026-08-26 19:35:00+00:00,68.54,68.56,68.5,68.5,1014.0,17.0,68.536707
NYT,2026-08-26 19:40:00+00:00,68.53,68.54,68.46,68.46,1086.0,22.0,68.487857
NYT,2026-08-26 19:45:00+00:00,68.49,68.52,68.49,68.5,1286.0,29.0,68.502778
NYT,2026-08-26 19:50:00+00:00,68.39,68.41,68.35,68.37,2029.0,37.0,68.367464
NYT,2026-08-26 19:55:00+00:00,68.38,68.445,68.25,68.4,9226.0,146.0,68.35409
NYT,2026-08-27 13:35:00+00:00,67.72,67.72,67.675,67.675,282.0,5.0,67.6975
NYT,2026-08-27 13:40:00+00:00,67.485,67.485,67.43,67.43,707.0,14.0,67.465555
NYT,2026-08-27 13:45:00+00:00,67.55,67.88,67.55,67.88,664.0,12.0,67.726263
NYT,2026-08-27 13:50:00+00:00,68.0,68.0,68.0,68.0,101.0,2.0,68.0
NYT,2026-08-27 14:05:00+00:00,67.975,67.975,67.95,67.95,250.0,11.0,67.9625
NYT,2026-08-27 14:10:00+00:00,67.995,67.995,67.95,67.95,554.0,12.0,67.9725
NYT,2026-08-27 14:15:00+00:00,67.96,67.96,67.96,67.96,196.0,3.0,67.96
NYT,2026-08-27 14:20:00+00:00,67.86,67.86,67.775,67.85,1379.0,30.0,67.824286
NYT,2026-08-27 14:25:00+00:00,67.84,67.86,67.83,67.83,523.0,8.0,67.84
NYT,2026-08-27 14:35:00+00:00,67.78,67.855,67.74,67.855,1039.0,22.0,67.785
NYT,2026-08-27 14:40:00+00:00,67.97,67.97,67.97,67.97,232.0,4.0,67.97
NYT,2026-08-27 14:45:00+00:00,67.745,67.77,67.745,67.77,309.0,5.0,67.761667
NYT,2026-08-27 14:55:00+00:00,67.765,67.8,67.765,67.8,361.0,12.0,67.788333
NYT,2026-08-27 15:00:00+00:00,67.865,67.865,67.79,67.79,440.0,12.0,67.8275
NYT,2026-08-27 15:05:00+00:00,67.82,67.82,67.82,67.82,200.0,4.0,67.82
NYT,2026-08-27 15:20:00+00:00,67.9,67.9,67.895,67.895,216.0,5.0,67.8975
NYT,2026-08-27 15:35:00+00:00,67.675,67.7,67.675,67.7,378.0,6.0,67.6875
NYT,2026-08-27 15:40:00+00:00,67.725,67.725,67.725,67.725,618.0,19.0,67.725
NYT,2026-08-27 15:45:00+00:00,67.745,67.745,67.745,67.745,310.0,6.0,67.745
NYT,2026-08-27 16:05:00+00:00,67.765,67.765,67.58,67.6,5715.0,69.0,67.618258
NYT,2026-08-27 16:10:00+00:00,67.6,67.605,67.6,67.605,860.0,19.0,67.601667
NYT,2026-08-27 16:25:00+00:00,67.595,67.63,67.595,67.63,336.0,4.0,67.6125
NYT,2026-08-27 16:30:00+00:00,67.605,67.605,67.605,67.605,100.0,1.0,67.605
NYT,2026-08-27 16:35:00+00:00,67.59,67.59,67.59,67.59,266.0,5.0,67.59
NYT,2026-08-27 16:40:00+00:00,67.605,67.66,67.58,67.635,851.0,17.0,67.62
NYT,2026-08-27 16:50:00+00:00,67.645,67.65,67.64,67.64,589.0,9.0,67.64625
NYT,2026-08-27 17:00:00+00:00,67.64,67.64,67.64,67.64,160.0,2.0,67.64
NYT,2026-08-27 17:05:00+00:00,67.61,67.64,67.61,67.64,242.0,6.0,67.625
NYT,2026-08-27 17:10:00+00:00,67.55,67.55,67.54,67.54,883.0,24.0,67.543333
NYT,2026-08-27 17:15:00+00:00,67.55,67.55,67.55,67.55,100.0,1.0,67.55
NYT,2026-08-27 17:20:00+00:00,67.53,67.6,67.53,67.6,456.0,10.0,67.553333
NYT,2026-08-27 17:30:00+00:00,67.55,67.75,67.55,67.75,1013.0,16.0,67.620755
NYT,2026-08-27 17:35:00+00:00,67.77,67.77,67.7,67.75,875.0,24.0,67.7425
NYT,2026-08-27 17:40:00+00:00,67.79,67.79,67.79,67.79,211.0,5.0,67.79
NYT,2026-08-27 17:50:00+00:00,67.905,67.905,67.905,67.905,170.0,4.0,67.905
NYT,2026-08-27 17:55:00+00:00,67.97,67.97,67.97,67.97,180.0,2.0,67.97
NYT,2026-08-27 18:00:00+00:00,68.0,68.0,67.925,67.925,721.0,13.0,67.982599
NYT,2026-08-27 18:10:00+00:00,68.09,68.165,68.09,68.165,996.0,16.0,68.119
NYT,2026-08-27 18:15:00+00:00,68.14,68.15,68.1,68.1,390.0,5.0,68.131643
NYT,2026-08-27 18:30:00+00:00,67.94,67.94,67.94,67.94,165.0,6.0,67.94
NYT,2026-08-27 18:35:00+00:00,67.95,67.95,67.95,67.95,229.0,7.0,67.95
NYT,2026-08-27 18:40:00+00:00,67.925,68.05,67.925,68.05,732.0,11.0,67.991
NYT,2026-08-27 18:45:00+00:00,68.03,68.08,68.03,68.08,476.0,9.0,68.055
NYT,2026-08-27 18:50:00+00:00,68.095,68.16,68.095,68.16,610.0,12.0,68.117
NYT,2026-08-27 18:55:00+00:00,68.175,68.25,68.15,68.15,1513.0,34.0,68.199545
NYT,2026-08-27 19:00:00+00:00,68.19,68.215,68.145,68.145,820.0,13.0,68.17018
NYT,2026-08-27 19:05:00+00:00,68.12,68.12,68.12,68.12,272.0,4.0,68.12
NYT,2026-08-27 19:10:00+00:00,68.125,68.125,68.125,68.125,566.0,16.0,68.125
NYT,2026-08-27 19:15:00+00:00,68.12,68.12,68.11,68.11,802.0,18.0,68.118
NYT,2026-08-27 19:20:00+00:00,68.125,68.13,68.095,68.13,923.0,24.0,68.121
NYT,2026-08-27 19:25:00+00:00,68.11,68.24,68.11,68.12,1135.0,32.0,68.145
NYT,2026-08-27 19:30:00+00:00,68.045,68.045,67.905,67.905,1805.0,25.0,67.983402
NYT,2026-08-27 19:35:00+00:00,67.93,68.03,67.93,68.03,2091.0,42.0,67.975464
NYT,2026-08-27 19:40:00+00:00,68.155,68.155,68.05,68.05,752.0,18.0,68.103
NYT,2026-08-27 19:45:00+00:00,68.105,68.15,68.105,68.15,478.0,18.0,68.1275
NYT,2026-08-27 19:50:00+00:00,68.3,68.3,68.17,68.19,3140.0,53.0,68.242213
NYT,2026-08-27 19:55:00+00:00,68.21,68.4,68.115,68.14,10879.0,231.0,68.217652
NYT,2026-08-28 13:30:00+00:00,68.76,68.855,68.76,68.855,400.0,2.0,68.78375
NYT,2026-08-28 13:35:00+00:00,68.405,68.405,68.405,68.405,101.0,2.0,68.405
NYT,2026-08-28 13:40:00+00:00,68.23,68.23,68.04,68.13,1483.0,28.0,68.171429
NYT,2026-08-28 13:45:00+00:00,68.3,68.3,68.29,68.29,834.0,6.0,68.29125
NYT,2026-08-28 14:05:00+00:00,68.185,68.22,68.185,68.22,1131.0,9.0,68.215977
NYT,2026-08-28 14:15:00+00:00,68.14,68.14,68.14,68.14,100.0,1.0,68.14
NYT,2026-08-28 14:20:00+00:00,68.24,68.24,68.24,68.24,231.0,5.0,68.24
NYT,2026-08-28 14:25:00+00:00,68.08,68.08,68.08,68.08,101.0,2.0,68.08
NYT,2026-08-28 14:30:00+00:00,68.075,68.075,68.075,68.075,100.0,1.0,68.075
NYT,2026-08-28 14:35:00+00:00,68.21,68.33,68.21,68.27,625.0,16.0,68.275
NYT,2026-08-28 14:40:00+00:00,68.265,68.265,68.265,68.265,100.0,1.0,68.265
NYT,2026-08-28 14:45:00+00:00,68.29,68.345,68.29,68.345,207.0,4.0,68.3175
NYT,2026-08-28 14:55:00+00:00,68.325,68.325,68.325,68.325,100.0,1.0,68.325
NYT,2026-08-28 15:00:00+00:00,68.24,68.45,68.24,68.42,833.0,18.0,68.349619
NYT,2026-08-28 15:05:00+00:00,68.3,68.3,68.3,68.3,120.0,6.0,68.3
NYT,2026-08-28 15:10:00+00:00,68.23,68.23,68.23,68.23,106.0,3.0,68.23
NYT,2026-08-28 15:15:00+00:00,68.28,68.37,68.28,68.34,599.0,14.0,68.3375
NYT,2026-08-28 15:20:00+00:00,68.39,68.39,68.33,68.33,418.0,13.0,68.36
NYT,2026-08-28 15:25:00+00:00,68.335,68.35,68.275,68.35,2425.0,25.0,68.293182
NYT,2026-08-28 15:30:00+00:00,68.35,68.35,68.315,68.315,316.0,6.0,68.338333
NYT,2026-08-28 15:35:00+00:00,68.4,68.4,68.4,68.4,411.0,10.0,68.4
NYT,2026-08-28 15:45:00+00:00,68.45,68.52,68.45,68.52,354.0,14.0,68.48
NYT,2026-08-28 15:55:00+00:00,68.575,68.575,68.575,68.575,103.0,2.0,68.575
NYT,2026-08-28 16:00:00+00:00,68.53,68.53,68.53,68.53,102.0,2.0,68.53
NYT,2026-08-28 16:05:00+00:00,68.505,68.505,68.505,68.505,275.0,5.0,68.505
NYT,2026-08-28 16:10:00+00:00,68.385,68.385,68.34,68.34,220.0,4.0,68.3625
NYT,2026-08-28 16:15:00+00:00,68.38,68.38,68.38,68.38,622.0,12.0,68.38
NYT,2026-08-28 16:30:00+00:00,68.27,68.27,68.2,68.2,402.0,6.0,68.22
NYT,2026-08-28 16:35:00+00:00,68.24,68.25,68.24,68.25,400.0,2.0,68.2475
NYT,2026-08-28 16:40:00+00:00,68.26,68.27,68.26,68.26,925.0,15.0,68.262188
NYT,2026-08-28 16:50:00+00:00,68.3,68.335,68.265,68.335,1127.0,16.0,68.284375
NYT,2026-08-28 16:55:00+00:00,68.41,68.41,68.41,68.41,100.0,1.0,68.41
NYT,2026-08-28 17:05:00+00:00,68.26,68.26,68.26,68.26,176.0,7.0,68.26
NYT,2026-08-28 17:15:00+00:00,68.305,68.305,68.265,68.265,205.0,3.0,68.285
NYT,2026-08-28 17:25:00+00:00,68.255,68.255,68.255,68.255,100.0,1.0,68.255
NYT,2026-08-28 17:30:00+00:00,68.22,68.28,68.22,68.28,1002.0,4.0,68.228
NYT,2026-08-28 17:35:00+00:00,68.26,68.27,68.26,68.27,200.0,2.0,68.265
NYT,2026-08-28 17:45:00+00:00,68.245,68.245,68.245,68.245,121.0,5.0,68.245
NYT,2026-08-28 18:00:00+00:00,68.22,68.3,68.22,68.3,1604.0,24.0,68.241923
NYT,2026-08-28 18:10:00+00:00,68.36,68.36,68.36,68.36,496.0,10.0,68.36
NYT,2026-08-28 18:15:00+00:00,68.325,68.325,68.325,68.325,200.0,2.0,68.325
NYT,2026-08-28 18:25:00+00:00,68.285,68.285,68.285,68.285,299.0,11.0,68.285
NYT,2026-08-28 18:30:00+00:00,68.34,68.34,68.26,68.26,475.0,16.0,68.3
NYT,2026-08-28 18:40:00+00:00,68.24,68.24,68.16,68.165,1155.0,24.0,68.190714
NYT,2026-08-28 18:45:00+00:00,68.13,68.13,68.065,68.065,537.0,13.0,68.108333
NYT,2026-08-28 18:50:00+00:00,68.08,68.08,68.08,68.08,655.0,16.0,68.08
NYT,2026-08-28 18:55:00+00:00,68.05,68.06,68.03,68.03,830.0,17.0,68.046925
NYT,2026-08-28 19:00:00+00:00,67.95,67.95,67.89,67.89,294.0,7.0,67.92
NYT,2026-08-28 19:05:00+00:00,67.78,67.85,67.78,67.85,2807.0,25.0,67.783004
NYT,2026-08-28 19:10:00+00:00,67.92,67.96,67.92,67.96,610.0,15.0,67.94
NYT,2026-08-28 19:15:00+00:00,68.03,68.03,67.975,67.99,1469.0,28.0,68.005072
NYT,2026-08-28 19:25:00+00:00,68.035,68.16,68.035,68.16,1332.0,24.0,68.089568
NYT,2026-08-28 19:30:00+00:00,68.17,68.185,68.16,68.16,2842.0,32.0,68.171154
NYT,2026-08-28 19:35:00+00:00,68.17,68.22,68.17,68.22,1843.0,28.0,68.191047
NYT,2026-08-28 19:40:00+00:00,68.21,68.24,68.2,68.2,1508.0,28.0,68.222273
NYT,2026-08-28 19:45:00+00:00,68.17,68.2,68.14,68.2,445.0,13.0,68.1675
NYT,2026-08-28 19:50:00+00:00,68.21,68.21,68.185,68.205,839.0,12.0,68.198571
NYT,2026-08-28 19:55:00+00:00,68.205,68.34,68.16,68.19,7784.0,143.0,68.231065
NYT,2026-08-31 13:30:00+00:00,68.055,68.055,67.695,67.7,766.0,9.0,67.799167
NYT,2026-08-31 13:40:00+00:00,67.49,67.49,67.49,67.49,125.0,2.0,67.49
NYT,2026-08-31 13:45:00+00:00,67.64,67.64,67.64,67.64,119.0,4.0,67.64
NYT,2026-08-31 13:50:00+00:00,67.68,67.68,67.68,67.68,100.0,1.0,67.68
NYT,2026-08-31 14:00:00+00:00,67.695,67.815,67.695,67.815,346.0,15.0,67.755
NYT,2026-08-31 14:05:00+00:00,67.865,67.865,67.865,67.865,100.0,1.0,67.865
NYT,2026-08-31 14:10:00+00:00,67.865,67.945,67.86,67.945,484.0,9.0,67.8825
NYT,2026-08-31 14:15:00+00:00,67.765,67.765,67.735,67.735,300.0,3.0,67.75
NYT,2026-08-31 14:20:00+00:00,67.755,67.755,67.715,67.715,318.0,8.0,67.735
NYT,2026-08-31 14:25:00+00:00,67.77,67.785,67.77,67.785,264.0,7.0,67.7775
NYT,2026-08-31 14:30:00+00:00,67.775,67.775,67.775,67.775,444.0,9.0,67.775
NYT,2026-08-31 14:35:00+00:00,67.8,67.8,67.8,67.8,125.0,2.0,67.8
NYT,2026-08-31 14:40:00+00:00,67.99,68.05,67.99,68.05,278.0,4.0,68.02
NYT,2026-08-31 14:45:00+00:00,67.7,67.7,67.7,67.7,499.0,10.0,67.7
NYT,2026-08-31 14:50:00+00:00,67.7,67.7,67.665,67.665,517.0,19.0,67.6825
NYT,2026-08-31 14:55:00+00:00,67.68,67.76,67.68,67.76,1064.0,15.0,67.721429
NYT,2026-08-31 15:00:00+00:00,67.735,67.74,67.735,67.74,354.0,4.0,67.738371
NYT,2026-08-31 15:05:00+00:00,67.73,67.79,67.73,67.75,608.0,7.0,67.76
NYT,2026-08-31 15:15:00+00:00,67.8,67.8,67.8,67.8,102.0,2.0,67.8
NYT,2026-08-31 15:20:00+00:00,67.825,67.825,67.74,67.74,285.0,6.0,67.7825
NYT,2026-08-31 15:25:00+00:00,67.705,67.705,67.645,67.665,1551.0,39.0,67.6665
NYT,2026-08-31 15:30:00+00:00,67.65,67.665,67.65,67.665,577.0,14.0,67.65375
NYT,2026-08-31 15:35:00+00:00,67.715,67.715,67.715,67.715,188.0,7.0,67.715
NYT,2026-08-31 15:45:00+00:00,67.615,67.615,67.615,67.615,100.0,1.0,67.615
NYT,2026-08-31 15:50:00+00:00,67.63,67.655,67.63,67.655,329.0,5.0,67.641667
NYT,2026-08-31 15:55:00+00:00,67.645,67.66,67.645,67.66,301.0,8.0,67.6525
NYT,2026-08-31 16:00:00+00:00,67.64,67.64,67.64,67.64,105.0,3.0,67.64
NYT,2026-08-31 16:05:00+00:00,67.735,67.735,67.735,67.735,170.0,2.0,67.735
NYT,2026-08-31 16:15:00+00:00,67.675,67.675,67.675,67.675,234.0,7.0,67.675
NYT,2026-08-31 16:30:00+00:00,67.615,67.675,67.615,67.675,364.0,9.0,67.645
NYT,2026-08-31 16:35:00+00:00,67.78,67.78,67.78,67.78,173.0,2.0,67.78
NYT,2026-08-31 16:40:00+00:00,67.785,67.785,67.76,67.76,696.0,18.0,67.7725
NYT,2026-08-31 16:50:00+00:00,67.76,67.76,67.76,67.76,170.0,3.0,67.76
NYT,2026-08-31 16:55:00+00:00,67.76,67.76,67.76,67.76,221.0,5.0,67.76
NYT,2026-08-31 17:00:00+00:00,67.785,67.785,67.785,67.785,100.0,1.0,67.785
NYT,2026-08-31 17:05:00+00:00,67.805,67.96,67.805,67.96,2414.0,44.0,67.905588
NYT,2026-08-31 17:10:00+00:00,67.9,67.9,67.9,67.9,340.0,6.0,67.9
NYT,2026-08-31 17:15:00+00:00,67.865,67.87,67.865,67.87,200.0,2.0,67.8675
NYT,2026-08-31 17:20:00+00:00,67.79,67.79,67.79,67.79,519.0,12.0,67.79
NYT,2026-08-31 17:30:00+00:00,67.795,67.795,67.795,67.795,100.0,1.0,67.795
NYT,2026-08-31 17:35:00+00:00,67.885,67.885,67.88,67.88,438.0,18.0,67.8825
NYT,2026-08-31 17:40:00+00:00,67.885,67.885,67.885,67.885,195.0,6.0,67.885
NYT,2026-08-31 17:45:00+00:00,67.84,67.84,67.79,67.79,236.0,5.0,67.815
NYT,2026-08-31 17:50:00+00:00,67.835,67.835,67.835,67.835,488.0,12.0,67.835
NYT,2026-08-31 17:55:00+00:00,67.81,67.83,67.81,67.83,390.0,6.0,67.82
NYT,2026-08-31 18:05:00+00:00,67.77,67.77,67.72,67.74,654.0,30.0,67.743333
NYT,2026-08-31 18:10:00+00:00,67.65,67.65,67.6,67.6,1273.0,29.0,67.62
NYT,2026-08-31 18:15:00+00:00,67.605,67.605,67.59,67.59,916.0,26.0,67.596667
NYT,2026-08-31 18:25:00+00:00,67.4,67.445,67.4,67.445,604.0,12.0,67.4225
NYT,2026-08-31 18:30:00+00:00,67.43,67.465,67.415,67.465,1169.0,28.0,67.433334
NYT,2026-08-31 18:35:00+00:00,67.375,67.38,67.375,67.38,300.0,3.0,67.378333
NYT,2026-08-31 18:40:00+00:00,67.36,67.46,67.36,67.46,1210.0,20.0,67.436111
NYT,2026-08-31 18:45:00+00:00,67.475,67.475,67.375,67.435,1462.0,36.0,67.428333
NYT,2026-08-31 18:55:00+00:00,67.485,67.485,67.485,67.485,110.0,2.0,67.485
NYT,2026-08-31 19:00:00+00:00,67.46,67.46,67.45,67.45,387.0,10.0,67.455
NYT,2026-08-31 19:10:00+00:00,67.465,67.465,67.395,67.42,1155.0,22.0,67.415
NYT,2026-08-31 19:15:00+00:00,67.42,67.42,67.415,67.42,1113.0,19.0,67.418
NYT,2026-08-31 19:25:00+00:00,67.41,67.41,67.39,67.39,403.0,13.0,67.4
NYT,2026-08-31 19:30:00+00:00,67.2,67.56,67.17,67.56,3014.0,62.0,67.314584
NYT,2026-08-31 19:35:00+00:00,67.545,67.6,67.515,67.585,4029.0,91.0,67.565227
NYT,2026-08-31 19:40:00+00:00,67.54,67.68,67.54,67.665,8482.0,161.0,67.62484
NYT,2026-08-31 19:45:00+00:00,67.66,67.66,67.525,67.53,9194.0,194.0,67.582955
NYT,2026-08-31 19:50:00+00:00,67.5,67.5,67.26,67.26,7378.0,146.0,67.364871
NYT,2026-08-31 19:55:00+00:00,67.32,67.32,67.15,67.26,21576.0,334.0,67.2173
NYT,2026-09-01 13:30:00+00:00,67.83,67.83,67.7,67.7,334.0,4.0,67.745858
NYT,2026-09-01 13:35:00+00:00,67.46,67.46,67.28,67.28,628.0,9.0,67.37
NYT,2026-09-01 13:40:00+00:00,67.18,67.32,67.18,67.32,566.0,18.0,67.246667
NYT,2026-09-01 13:45:00+00:00,67.5,67.545,67.43,67.45,875.0,10.0,67.481781
NYT,2026-09-01 13:50:00+00:00,67.52,67.885,67.52,67.885,3324.0,59.0,67.696111
NYT,2026-09-01 14:00:00+00:00,67.78,68.08,67.78,68.08,1216.0,35.0,67.863571
NYT,2026-09-01 14:05:00+00:00,68.0,68.0,67.855,67.855,2348.0,49.0,67.9475
NYT,2026-09-01 14:10:00+00:00,67.91,67.925,67.91,67.91,1397.0,54.0,67.914983
NYT,2026-09-01 14:15:00+00:00,67.84,67.84,67.665,67.69,1082.0,19.0,67.69375
NYT,2026-09-01 14:20:00+00:00,67.705,67.71,67.705,67.71,245.0,4.0,67.7075
NYT,2026-09-01 14:25:00+00:00,67.78,67.88,67.78,67.88,1286.0,100.0,67.82
NYT,2026-09-01 14:30:00+00:00,67.94,67.96,67.9,67.9,474.0,9.0,67.925
NYT,2026-09-01 14:35:00+00:00,67.885,67.99,67.875,67.93,2990.0,66.0,67.895142
NYT,2026-09-01 14:40:00+00:00,68.0,68.0,68.0,68.0,119.0,5.0,68.0
NYT,2026-09-01 14:45:00+00:00,68.2,68.4,68.2,68.4,342.0,10.0,68.3
NYT,2026-09-01 14:50:00+00:00,68.315,68.315,67.985,67.985,855.0,11.0,68.048572
NYT,2026-09-01 14:55:00+00:00,68.04,68.055,67.88,67.88,425.0,8.0,67.991667
NYT,2026-09-01 15:00:00+00:00,67.74,67.79,67.72,67.72,1256.0,25.0,67.743333
NYT,2026-09-01 15:05:00+00:00,67.745,67.755,67.745,67.755,535.0,8.0,67.75125
NYT,2026-09-01 15:10:00+00:00,67.69,67.785,67.69,67.735,987.0,29.0,67.738385
NYT,2026-09-01 15:15:00+00:00,67.745,67.81,67.74,67.81,1694.0,26.0,67.759647
NYT,2026-09-01 15:20:00+00:00,67.9,67.96,67.885,67.96,805.0,18.0,67.9025
NYT,2026-09-01 15:25:00+00:00,67.91,67.91,67.86,67.895,1028.0,28.0,67.889167
NYT,2026-09-01 15:30:00+00:00,67.855,67.875,67.855,67.875,1318.0,19.0,67.866635
NYT,2026-09-01 15:35:00+00:00,67.875,67.985,67.875,67.985,1293.0,26.0,67.922148
NYT,2026-09-01 15:40:00+00:00,67.985,67.985,67.92,67.98,589.0,9.0,67.96
NYT,2026-09-01 15:45:00+00:00,67.985,67.985,67.985,67.985,332.0,8.0,67.985
NYT,2026-09-01 15:50:00+00:00,67.995,68.06,67.995,68.045,577.0,17.0,68.033333
NYT,2026-09-01 15:55:00+00:00,68.05,68.21,68.05,68.21,782.0,11.0,68.104389
NYT,2026-09-01 16:00:00+00:00,68.21,68.345,68.21,68.34,1951.0,26.0,68.294925
NYT,2026-09-01 16:05:00+00:00,68.3,68.3,68.285,68.29,1089.0,23.0,68.292375
NYT,2026-09-01 16:10:00+00:00,68.3,68.315,68.27,68.285,1696.0,26.0,68.297843
NYT,2026-09-01 16:15:00+00:00,68.32,68.33,68.32,68.33,409.0,10.0,68.323333
NYT,2026-09-01 16:20:00+00:00,68.29,68.29,68.29,68.29,477.0,14.0,68.29
NYT,2026-09-01 16:25:00+00:00,68.19,68.265,68.19,68.255,933.0,18.0,68.234375
NYT,2026-09-01 16:30:00+00:00,68.26,68.26,68.22,68.24,894.0,25.0,68.24
NYT,2026-09-01 16:35:00+00:00,68.25,68.27,68.24,68.26,1232.0,15.0,68.259235
NYT,2026-09-01 16:40:00+00:00,68.24,68.24,68.24,68.24,308.0,5.0,68.24
NYT,2026-09-01 16:45:00+00:00,68.235,68.235,68.21,68.21,320.0,7.0,68.223636
NYT,2026-09-01 16:50:00+00:00,68.25,68.285,68.25,68.28,1002.0,25.0,68.2775
NYT,2026-09-01 16:55:00+00:00,68.285,68.3,68.285,68.3,411.0,7.0,68.288778
NYT,2026-09-01 17:00:00+00:00,68.31,68.33,68.31,68.33,781.0,15.0,68.32
NYT,2026-09-01 17:10:00+00:00,68.28,68.31,68.275,68.31,470.0,17.0,68.291534
NYT,2026-09-01 17:15:00+00:00,68.28,68.28,68.28,68.28,100.0,1.0,68.28
NYT,2026-09-01 17:25:00+00:00,68.26,68.26,68.26,68.26,100.0,1.0,68.26
NYT,2026-09-01 17:30:00+00:00,68.265,68.3,68.265,68.3,823.0,17.0,68.282219
NYT,2026-09-01 17:40:00+00:00,68.44,68.44,68.41,68.41,589.0,12.0,68.424851
NYT,2026-09-01 17:55:00+00:00,68.535,68.535,68.535,68.535,117.0,2.0,68.535
NYT,2026-09-01 18:00:00+00:00,68.23,68.23,68.23,68.23,246.0,11.0,68.23
NYT,2026-09-01 18:10:00+00:00,68.32,68.32,68.27,68.27,241.0,6.0,68.295
NYT,2026-09-01 18:15:00+00:00,68.25,68.25,68.18,68.18,476.0,10.0,68.206667
NYT,2026-09-01 18:25:00+00:00,68.08,68.08,68.08,68.08,100.0,1.0,68.08
NYT,2026-09-01 18:30:00+00:00,67.95,67.99,67.95,67.97,360.0,7.0,67.97
NYT,2026-09-01 18:35:00+00:00,67.95,68.065,67.95,68.05,2468.0,51.0,67.996331
NYT,2026-09-01 18:45:00+00:00,67.94,67.99,67.94,67.99,482.0,10.0,67.956667
NYT,2026-09-01 19:00:00+00:00,67.94,67.94,67.94,67.94,342.0,12.0,67.94
NYT,2026-09-01 19:05:00+00:00,67.91,67.91,67.85,67.85,321.0,8.0,67.88
NYT,2026-09-01 19:10:00+00:00,67.84,67.85,67.83,67.85,560.0,9.0,67.8425
NYT,2026-09-01 19:15:00+00:00,67.84,67.87,67.8,67.87,2284.0,47.0,67.827626
NYT,2026-09-01 19:20:00+00:00,67.81,67.82,67.81,67.82,594.0,11.0,67.813333
NYT,2026-09-01 19:25:00+00:00,67.715,67.715,67.68,67.68,284.0,8.0,67.6975
NYT,2026-09-01 19:30:00+00:00,67.7,67.785,67.7,67.77,903.0,16.0,67.743244
NYT,2026-09-01 19:35:00+00:00,67.71,67.71,67.71,67.71,355.0,6.0,67.71
NYT,2026-09-01 19:40:00+00:00,67.65,67.67,67.64,67.64,1823.0,62.0,67.655
NYT,2026-09-01 19:45:00+00:00,67.64,67.735,67.58,67.7,3307.0,70.0,67.665713
NYT,2026-09-01 19:50:00+00:00,67.67,67.82,67.64,67.67,3063.0,74.0,67.701579
NYT,2026-09-01 19:55:00+00:00,67.705,67.82,67.705,67.765,10293.0,288.0,67.764721
NYT,2026-09-02 13:35:00+00:00,68.1,68.1,68.1,68.1,100.0,1.0,68.1
NYT,2026-09-02 13:45:00+00:00,68.295,68.295,68.295,68.295,100.0,1.0,68.295
NYT,2026-09-02 13:50:00+00:00,68.385,68.385,68.385,68.385,302.0,6.0,68.385
NYT,2026-09-02 13:55:00+00:00,68.3,68.3,68.21,68.21,281.0,9.0,68.247037
NYT,2026-09-02 14:00:00+00:00,68.39,68.39,68.31,68.31,222.0,2.0,68.353964
NYT,2026-09-02 14:05:00+00:00,68.07,68.07,68.07,68.07,100.0,1.0,68.07
NYT,2026-09-02 14:10:00+00:00,67.95,67.95,67.95,67.95,100.0,1.0,67.95
NYT,2026-09-02 14:15:00+00:00,68.045,68.055,68.045,68.055,1049.0,23.0,68.048333
NYT,2026-09-02 14:25:00+00:00,68.045,68.055,67.72,67.72,4593.0,65.0,67.966302
NYT,2026-09-02 14:30:00+00:00,67.655,67.655,67.475,67.585,441.0,7.0,67.5475
NYT,2026-09-02 14:35:00+00:00,67.63,67.795,67.63,67.795,427.0,9.0,67.726667
NYT,2026-09-02 14:40:00+00:00,67.96,67.96,67.96,67.96,101.0,2.0,67.96
NYT,2026-09-02 14:45:00+00:00,67.84,67.865,67.84,67.865,209.0,3.0,67.8525
NYT,2026-09-02 14:50:00+00:00,67.895,67.895,67.895,67.895,160.0,3.0,67.895
NYT,2026-09-02 15:00:00+00:00,67.82,67.82,67.78,67.78,410.0,11.0,67.796667
NYT,2026-09-02 15:05:00+00:00,67.815,67.815,67.815,67.815,108.0,2.0,67.815
NYT,2026-09-02 15:10:00+00:00,67.87,67.87,67.87,67.87,217.0,4.0,67.87
NYT,2026-09-02 15:15:00+00:00,67.865,67.91,67.84,67.91,313.0,5.0,67.871667
NYT,2026-09-02 15:20:00+00:00,67.88,67.88,67.765,67.8,671.0,15.0,67.805
NYT,2026-09-02 15:25:00+00:00,67.8,67.895,67.8,67.895,270.0,3.0,67.8475
NYT,2026-09-02 15:30:00+00:00,67.75,67.75,67.73,67.73,250.0,3.0,67.74
NYT,2026-09-02 15:35:00+00:00,67.705,67.705,67.655,67.675,306.0,4.0,67.678333
NYT,2026-09-02 15:45:00+00:00,67.58,67.595,67.58,67.595,747.0,19.0,67.585
NYT,2026-09-02 15:50:00+00:00,67.575,67.62,67.575,67.62,404.0,5.0,67.60125
NYT,2026-09-02 15:55:00+00:00,67.55,67.57,67.545,67.545,403.0,6.0,67.55375
NYT,2026-09-02 16:00:00+00:00,67.52,67.54,67.455,67.54,1092.0,21.0,67.49375
NYT,2026-09-02 16:05:00+00:00,67.535,67.62,67.535,67.62,782.0,18.0,67.571724
NYT,2026-09-02 16:10:00+00:00,67.66,67.68,67.66,67.68,505.0,7.0,67.67125
NYT,2026-09-02 16:15:00+00:00,67.695,67.695,67.695,67.695,100.0,1.0,67.695
NYT,2026-09-02 16:20:00+00:00,67.66,67.695,67.66,67.695,409.0,12.0,67.671667
NYT,2026-09-02 16:25:00+00:00,67.68,68.06,67.68,68.06,1064.0,26.0,67.851666
NYT,2026-09-02 16:30:00+00:00,68.08,68.2,68.08,68.2,680.0,13.0,68.14891
NYT,2026-09-02 16:35:00+00:00,68.17,68.245,68.17,68.245,556.0,9.0,68.201327
NYT,2026-09-02 16:40:00+00:00,68.195,68.195,68.16,68.16,459.0,6.0,68.17625
NYT,2026-09-02 16:50:00+00:00,68.165,68.165,68.165,68.165,205.0,4.0,68.165
NYT,2026-09-02 16:55:00+00:00,68.18,68.18,68.18,68.18,263.0,5.0,68.18
NYT,2026-09-02 17:00:00+00:00,68.25,68.255,68.25,68.255,200.0,2.0,68.2525
NYT,2026-09-02 17:05:00+00:00,68.245,68.255,68.24,68.24,495.0,6.0,68.24625
NYT,2026-09-02 17:20:00+00:00,67.94,67.94,67.94,67.94,263.0,6.0,67.94
NYT,2026-09-02 17:25:00+00:00,68.015,68.025,68.015,68.025,350.0,7.0,68.02
NYT,2026-09-02 17:30:00+00:00,68.14,68.14,68.14,68.14,170.0,3.0,68.14
NYT,2026-09-02 17:45:00+00:00,68.175,68.2,68.175,68.2,500.0,5.0,68.185774
NYT,2026-09-02 17:55:00+00:00,68.295,68.295,68.27,68.27,200.0,2.0,68.2825
NYT,2026-09-02 18:00:00+00:00,68.3,68.3,68.19,68.255,999.0,15.0,68.254543
NYT,2026-09-02 18:05:00+00:00,68.335,68.335,68.335,68.335,188.0,10.0,68.335
NYT,2026-09-02 18:10:00+00:00,68.38,68.38,68.37,68.37,220.0,3.0,68.375
NYT,2026-09-02 18:15:00+00:00,68.33,68.39,68.33,68.35,592.0,8.0,68.364
NYT,2026-09-02 18:20:00+00:00,68.45,68.45,68.27,68.27,897.0,16.0,68.356667
NYT,2026-09-02 18:25:00+00:00,68.43,68.43,68.43,68.43,209.0,5.0,68.43
NYT,2026-09-02 18:30:00+00:00,68.47,68.485,68.355,68.405,2127.0,37.0,68.41622
NYT,2026-09-02 18:35:00+00:00,68.47,68.47,68.395,68.395,723.0,19.0,68.4325
NYT,2026-09-02 18:40:00+00:00,68.33,68.33,68.225,68.265,959.0,10.0,68.268462
NYT,2026-09-02 18:45:00+00:00,68.29,68.29,68.29,68.29,103.0,2.0,68.29
NYT,2026-09-02 18:50:00+00:00,68.235,68.235,67.965,67.97,19029.0,276.0,68.059786
NYT,2026-09-02 18:55:00+00:00,67.93,67.93,67.68,67.785,5487.0,102.0,67.822515
NYT,2026-09-02 19:00:00+00:00,67.785,67.79,67.65,67.65,4532.0,95.0,67.752712
NYT,2026-09-02 19:05:00+00:00,67.625,67.66,67.42,67.42,5327.0,91.0,67.497578
NYT,2026-09-02 19:10:00+00:00,67.495,67.495,67.3,67.3,3426.0,80.0,67.396552
NYT,2026-09-02 19:15:00+00:00,67.435,67.435,67.435,67.435,201.0,4.0,67.435
NYT,2026-09-02 19:20:00+00:00,67.53,67.53,67.42,67.44,885.0,17.0,67.4675
NYT,2026-09-02 19:30:00+00:00,67.38,67.4,67.38,67.4,479.0,12.0,67.389533
NYT,2026-09-02 19:35:00+00:00,67.47,67.47,67.39,67.39,625.0,13.0,67.417108
NYT,2026-09-02 19:40:00+00:00,67.57,67.57,67.57,67.57,282.0,9.0,67.57
NYT,2026-09-02 19:45:00+00:00,67.53,67.53,67.46,67.515,980.0,19.0,67.493934
NYT,2026-09-02 19:50:00+00:00,67.46,67.46,67.24,67.25,706.0,15.0,67.290514
NYT,2026-09-02 19:55:00+00:00,67.31,67.655,67.31,67.655,9287.0,189.0,67.535096
NYT,2026-09-03 13:30:00+00:00,68.31,68.31,68.305,68.305,500.0,3.0,68.306
NYT,2026-09-03 13:35:00+00:00,68.315,68.38,68.3,68.38,2838.0,33.0,68.303958
NYT,2026-09-03 13:45:00+00:00,68.53,68.53,68.53,68.53,107.0,2.0,68.53
NYT,2026-09-03 13:50:00+00:00,68.585,68.585,68.585,68.585,297.0,10.0,68.585
NYT,2026-09-03 14:00:00+00:00,68.53,68.53,68.53,68.53,421.0,7.0,68.53
NYT,2026-09-03 14:15:00+00:00,68.14,68.14,68.14,68.14,450.0,19.0,68.14
NYT,2026-09-03 14:25:00+00:00,67.775,67.875,67.775,67.875,241.0,6.0,67.828704
NYT,2026-09-03 14:30:00+00:00,67.94,67.99,67.935,67.99,507.0,8.0,67.95125
NYT,2026-09-03 14:50:00+00:00,67.765,67.765,67.765,67.765,963.0,38.0,67.765
NYT,2026-09-03 14:55:00+00:00,67.77,67.77,67.57,67.57,480.0,23.0,67.67
NYT,2026-09-03 15:00:00+00:00,67.615,67.65,67.615,67.65,691.0,33.0,67.630909
NYT,2026-09-03 15:05:00+00:00,67.77,67.77,67.77,67.77,100.0,1.0,67.77
NYT,2026-09-03 15:10:00+00:00,67.76,67.85,67.76,67.85,1729.0,57.0,67.799594
NYT,2026-09-03 15:15:00+00:00,67.79,67.79,67.79,67.79,213.0,7.0,67.79
NYT,2026-09-03 15:20:00+00:00,67.76,67.785,67.76,67.785,622.0,21.0,67.7725
NYT,2026-09-03 15:25:00+00:00,67.76,67.83,67.76,67.825,699.0,28.0,67.815
NYT,2026-09-03 15:40:00+00:00,67.895,67.895,67.895,67.895,187.0,6.0,67.895
NYT,2026-09-03 15:50:00+00:00,67.905,67.905,67.905,67.905,970.0,53.0,67.905
NYT,2026-09-03 16:05:00+00:00,68.0,68.05,68.0,68.05,803.0,32.0,68.023734
NYT,2026-09-03 16:10:00+00:00,68.02,68.02,68.02,68.02,106.0,3.0,68.02
NYT,2026-09-03 16:15:00+00:00,67.995,67.995,67.995,67.995,105.0,2.0,67.995
NYT,2026-09-03 16:20:00+00:00,67.99,67.995,67.99,67.995,784.0,30.0,67.993432
NYT,2026-09-03 16:25:00+00:00,68.015,68.06,68.015,68.06,793.0,26.0,68.0375
NYT,2026-09-03 16:35:00+00:00,67.955,67.98,67.955,67.98,357.0,15.0,67.966905
NYT,2026-09-03 16:45:00+00:00,67.895,67.895,67.895,67.895,590.0,28.0,67.895
NYT,2026-09-03 16:50:00+00:00,67.92,67.92,67.89,67.89,916.0,31.0,67.895146
NYT,2026-09-03 17:00:00+00:00,67.86,67.92,67.86,67.92,1103.0,25.0,67.87683
NYT,2026-09-03 17:05:00+00:00,67.97,67.975,67.95,67.95,591.0,11.0,67.965477
NYT,2026-09-03 17:10:00+00:00,67.935,67.935,67.935,67.935,344.0,14.0,67.935
NYT,2026-09-03 17:20:00+00:00,67.88,67.88,67.88,67.88,354.0,8.0,67.88
NYT,2026-09-03 17:35:00+00:00,67.92,67.92,67.92,67.92,416.0,18.0,67.92
NYT,2026-09-03 17:50:00+00:00,67.87,67.87,67.87,67.87,383.0,14.0,67.87
NYT,2026-09-03 17:55:00+00:00,67.865,67.92,67.865,67.9,849.0,20.0,67.890385
NYT,2026-09-03 18:00:00+00:00,67.96,67.96,67.96,67.96,242.0,11.0,67.96
NYT,2026-09-03 18:15:00+00:00,67.855,67.855,67.855,67.855,100.0,1.0,67.855
NYT,2026-09-03 18:20:00+00:00,67.845,67.845,67.79,67.79,1235.0,40.0,67.802516
NYT,2026-09-03 18:25:00+00:00,67.81,67.81,67.81,67.81,406.0,18.0,67.81
NYT,2026-09-03 18:30:00+00:00,67.815,67.815,67.81,67.81,422.0,3.0,67.81375
NYT,2026-09-03 18:35:00+00:00,67.76,67.76,67.76,67.76,673.0,18.0,67.76
NYT,2026-09-03 18:40:00+00:00,67.73,67.73,67.73,67.73,236.0,15.0,67.73
NYT,2026-09-03 18:45:00+00:00,67.705,67.705,67.705,67.705,173.0,8.0,67.705
NYT,2026-09-03 18:50:00+00:00,67.71,67.72,67.67,67.67,629.0,18.0,67.7
NYT,2026-09-03 18:55:00+00:00,67.63,67.63,67.63,67.63,284.0,9.0,67.63
NYT,2026-09-03 19:00:00+00:00,67.57,67.57,67.505,67.505,1166.0,34.0,67.517821
NYT,2026-09-03 19:05:00+00:00,67.32,67.38,67.32,67.36,1053.0,29.0,67.355484
NYT,2026-09-03 19:10:00+00:00,67.32,67.38,67.32,67.38,1604.0,52.0,67.345968
NYT,2026-09-03 19:15:00+00:00,67.39,67.39,67.37,67.37,490.0,9.0,67.380805
NYT,2026-09-03 19:20:00+00:00,67.425,67.425,67.425,67.425,329.0,15.0,67.425
NYT,2026-09-03 19:25:00+00:00,67.375,67.38,67.31,67.33,2658.0,75.0,67.348784
NYT,2026-09-03 19:30:00+00:00,67.32,67.45,67.32,67.45,1662.0,49.0,67.403356
NYT,2026-09-03 19:35:00+00:00,67.435,67.46,67.435,67.46,1118.0,44.0,67.445
NYT,2026-09-03 19:40:00+00:00,67.41,67.41,67.41,67.41,403.0,7.0,67.41
NYT,2026-09-03 19:45:00+00:00,67.36,67.37,67.2,67.2,3162.0,91.0,67.279121
NYT,2026-09-03 19:50:00+00:00,67.13,67.25,67.07,67.25,5000.0,69.0,67.140249
NYT,2026-09-03 19:55:00+00:00,67.205,67.235,67.04,67.04,11832.0,234.0,67.153923
NYT,2026-09-04 13:30:00+00:00,66.55,66.55,66.55,66.55,178.0,4.0,66.55
NYT,2026-09-04 13:35:00+00:00,66.845,67.085,66.845,67.085,206.0,4.0,66.965
NYT,2026-09-04 13:40:00+00:00,66.86,66.89,66.86,66.89,308.0,7.0,66.875
NYT,2026-09-04 13:45:00+00:00,66.99,66.99,66.99,66.99,181.0,4.0,66.99
NYT,2026-09-04 13:50:00+00:00,67.23,67.23,67.23,67.23,422.0,5.0,67.23
NYT,2026-09-04 13:55:00+00:00,67.42,67.42,67.42,67.42,124.0,2.0,67.42
NYT,2026-09-04 14:05:00+00:00,67.26,67.26,67.26,67.26,281.0,5.0,67.26
NYT,2026-09-04 14:10:00+00:00,67.2,67.22,67.13,67.13,581.0,8.0,67.197495
NYT,2026-09-04 14:15:00+00:00,67.04,67.205,67.02,67.085,1488.0,26.0,67.082727
NYT,2026-09-04 14:20:00+00:00,67.16,67.33,67.16,67.23,680.0,11.0,67.229167
NYT,2026-09-04 14:30:00+00:00,67.15,67.16,67.15,67.16,643.0,12.0,67.156667
NYT,2026-09-04 14:35:00+00:00,67.02,67.02,67.02,67.02,190.0,9.0,67.02
NYT,2026-09-04 14:40:00+00:00,67.09,67.18,67.075,67.18,802.0,22.0,67.123
NYT,2026-09-04 14:45:00+00:00,67.29,67.3,67.23,67.23,755.0,17.0,67.264
NYT,2026-09-04 14:50:00+00:00,67.155,67.2,67.155,67.2,665.0,11.0,67.185484
NYT,2026-09-04 14:55:00+00:00,67.26,67.28,67.205,67.205,845.0,23.0,67.247563
NYT,2026-09-04 15:00:00+00:00,67.265,67.31,67.265,67.31,773.0,15.0,67.291667
NYT,2026-09-04 15:05:00+00:00,67.36,67.555,67.36,67.555,1546.0,32.0,67.439021
NYT,2026-09-04 15:10:00+00:00,67.575,67.7,67.575,67.7,855.0,31.0,67.650292
NYT,2026-09-04 15:15:00+00:00,67.7,67.7,67.61,67.61,743.0,11.0,67.67
NYT,2026-09-04 15:20:00+00:00,67.655,67.655,67.64,67.655,940.0,17.0,67.649
NYT,2026-09-04 15:25:00+00:00,67.57,67.6,67.57,67.57,1034.0,31.0,67.58
NYT,2026-09-04 15:35:00+00:00,67.555,67.63,67.555,67.63,610.0,12.0,67.606298
NYT,2026-09-04 15:45:00+00:00,67.62,67.62,67.46,67.46,378.0,11.0,67.54
NYT,2026-09-04 15:50:00+00:00,67.465,67.52,67.445,67.52,1315.0,21.0,67.463232
NYT,2026-09-04 15:55:00+00:00,67.56,67.56,67.51,67.535,981.0,16.0,67.535625
NYT,2026-09-04 16:00:00+00:00,67.54,67.54,67.475,67.475,950.0,13.0,67.508438
NYT,2026-09-04 16:05:00+00:00,67.45,67.45,67.325,67.405,1802.0,26.0,67.404643
NYT,2026-09-04 16:10:00+00:00,67.405,67.45,67.405,67.45,624.0,8.0,67.429
NYT,2026-09-04 16:15:00+00:00,67.55,67.55,67.52,67.525,929.0,13.0,67.525562
NYT,2026-09-04 16:20:00+00:00,67.525,67.56,67.525,67.56,1105.0,22.0,67.544286
NYT,2026-09-04 16:25:00+00:00,67.56,67.56,67.56,67.56,100.0,1.0,67.56
NYT,2026-09-04 16:30:00+00:00,67.62,67.78,67.6,67.78,1217.0,25.0,67.677143
NYT,2026-09-04 16:35:00+00:00,67.73,67.765,67.73,67.76,791.0,9.0,67.75
NYT,2026-09-04 16:40:00+00:00,67.795,67.795,67.77,67.785,986.0,16.0,67.785385
NYT,2026-09-04 16:45:00+00:00,67.79,67.79,67.77,67.79,717.0,13.0,67.786
NYT,2026-09-04 16:50:00+00:00,67.79,67.905,67.78,67.78,1823.0,41.0,67.815789
NYT,2026-09-04 16:55:00+00:00,67.8,67.815,67.79,67.8,1729.0,26.0,67.799138
NYT,2026-09-04 17:00:00+00:00,67.81,67.81,67.785,67.79,1627.0,20.0,67.791042
NYT,2026-09-04 17:05:00+00:00,67.775,67.955,67.775,67.9,2866.0,49.0,67.868125
NYT,2026-09-04 17:10:00+00:00,67.845,67.85,67.83,67.85,838.0,8.0,67.84125
NYT,2026-09-04 17:15:00+00:00,67.835,67.85,67.835,67.85,492.0,11.0,67.8425
NYT,2026-09-04 17:20:00+00:00,67.835,67.835,67.835,67.835,148.0,5.0,67.835
NYT,2026-09-04 17:25:00+00:00,67.835,67.86,67.815,67.815,900.0,9.0,67.843125
NYT,2026-09-04 17:30:00+00:00,67.84,67.885,67.825,67.885,809.0,16.0,67.852857
NYT,2026-09-04 17:35:00+00:00,67.9,67.9,67.79,67.83,818.0,14.0,67.825714
NYT,2026-09-04 17:40:00+00:00,67.905,67.905,67.89,67.89,201.0,3.0,67.8975
NYT,2026-09-04 17:45:00+00:00,67.895,67.895,67.85,67.85,200.0,2.0,67.8725
NYT,2026-09-04 17:50:00+00:00,67.82,67.82,67.815,67.815,787.0,12.0,67.817941
NYT,2026-09-04 17:55:00+00:00,67.805,67.805,67.805,67.805,548.0,12.0,67.805
NYT,2026-09-04 18:00:00+00:00,67.9,67.95,67.9,67.95,1884.0,30.0,67.922677
NYT,2026-09-04 18:05:00+00:00,67.935,67.935,67.935,67.935,498.0,12.0,67.935
NYT,2026-09-04 18:10:00+00:00,67.935,67.96,67.935,67.96,759.0,18.0,67.9475
NYT,2026-09-04 18:15:00+00:00,67.965,67.965,67.83,67.83,834.0,14.0,67.906429
NYT,2026-09-04 18:20:00+00:00,67.74,67.74,67.455,67.5,3183.0,36.0,67.552613
NYT,2026-09-04 18:25:00+00:00,67.51,67.51,67.435,67.5,583.0,15.0,67.483
NYT,2026-09-04 18:30:00+00:00,67.55,67.59,67.55,67.59,560.0,8.0,67.564445
NYT,2026-09-04 18:35:00+00:00,67.56,67.58,67.53,67.53,1284.0,23.0,67.564737
NYT,2026-09-04 18:40:00+00:00,67.515,67.54,67.495,67.54,1070.0,10.0,67.520556
NYT,2026-09-04 18:45:00+00:00,67.54,67.54,67.505,67.53,1300.0,22.0,67.5245
NYT,2026-09-04 18:50:00+00:00,67.52,67.52,67.41,67.52,754.0,14.0,67.486605
NYT,2026-09-04 18:55:00+00:00,67.495,67.63,67.495,67.63,1435.0,22.0,67.547719
NYT,2026-09-04 19:00:00+00:00,67.62,67.66,67.62,67.64,766.0,11.0,67.640714
NYT,2026-09-04 19:05:00+00:00,67.63,67.63,67.59,67.6,1620.0,19.0,67.609957
NYT,2026-09-04 19:10:00+00:00,67.595,67.6,67.53,67.53,1322.0,25.0,67.562
NYT,2026-09-04 19:15:00+00:00,67.51,67.51,67.465,67.51,606.0,9.0,67.49875
NYT,2026-09-04 19:20:00+00:00,67.47,67.5,67.46,67.5,618.0,11.0,67.472
NYT,2026-09-04 19:25:00+00:00,67.52,67.52,67.41,67.41,1989.0,27.0,67.472556
NYT,2026-09-04 19:30:00+00:00,67.395,67.395,67.3,67.355,2614.0,40.0,67.321215
NYT,2026-09-04 19:35:00+00:00,67.355,67.395,67.34,67.37,4989.0,57.0,67.377285
NYT,2026-09-04 19:40:00+00:00,67.375,67.485,67.35,67.35,5279.0,64.0,67.414064
NYT,2026-09-04 19:45:00+00:00,67.35,67.39,67.3,67.39,4709.0,72.0,67.338461
NYT,2026-09-04 19:50:00+00:00,67.4,67.41,67.22,67.385,6332.0,111.0,67.306001
NYT,2026-09-04 19:55:00+00:00,67.38,67.4,67.23,67.27,20821.0,383.0,67.321514
NYT,2026-09-08 13:30:00+00:00,66.39,66.39,66.25,66.25,540.0,5.0,66.353333
NYT,2026-09-08 13:35:00+00:00,66.23,66.23,66.23,66.23,501.0,4.0,66.23
NYT,2026-09-08 13:40:00+00:00,66.2,66.31,66.12,66.31,1132.0,12.0,66.2
NYT,2026-09-08 13:45:00+00:00,66.675,66.81,66.675,66.81,895.0,18.0,66.736538
NYT,2026-09-08 13:50:00+00:00,67.02,67.04,67.02,67.04,369.0,10.0,67.03
NYT,2026-09-08 13:55:00+00:00,67.1,67.165,67.03,67.145,1126.0,21.0,67.087805
NYT,2026-09-08 14:00:00+00:00,67.13,67.13,66.975,66.975,478.0,6.0,67.090957
NYT,2026-09-08 14:05:00+00:00,67.13,67.21,67.13,67.21,398.0,6.0,67.17
NYT,2026-09-08 14:10:00+00:00,67.17,67.22,67.13,67.22,926.0,21.0,67.171731
NYT,2026-09-08 14:15:00+00:00,67.18,67.34,67.18,67.34,1021.0,26.0,67.25
NYT,2026-09-08 14:20:00+00:00,67.2,67.3,67.2,67.3,373.0,10.0,67.233333
NYT,2026-09-08 14:25:00+00:00,67.465,67.57,67.465,67.565,354.0,11.0,67.533333
NYT,2026-09-08 14:30:00+00:00,67.565,67.565,67.565,67.565,207.0,5.0,67.565
NYT,2026-09-08 14:40:00+00:00,67.54,67.54,67.48,67.48,775.0,11.0,67.499688
NYT,2026-09-08 14:45:00+00:00,67.44,67.445,67.35,67.35,444.0,8.0,67.40125
NYT,2026-09-08 14:50:00+00:00,67.34,67.4,67.2,67.2,4170.0,62.0,67.274118
NYT,2026-09-08 14:55:00+00:00,67.22,67.22,67.095,67.095,621.0,16.0,67.154688
NYT,2026-09-08 15:00:00+00:00,67.24,67.24,67.2,67.2,701.0,11.0,67.215385
NYT,2026-09-08 15:05:00+00:00,67.21,67.27,67.21,67.27,695.0,15.0,67.241136
NYT,2026-09-08 15:10:00+00:00,67.35,67.455,67.35,67.395,1243.0,21.0,67.393158
NYT,2026-09-08 15:15:00+00:00,67.34,67.34,67.34,67.34,150.0,2.0,67.34
NYT,2026-09-08 15:20:00+00:00,67.25,67.25,67.18,67.24,1015.0,17.0,67.228362
NYT,2026-09-08 15:25:00+00:00,67.265,67.265,67.21,67.21,737.0,12.0,67.254423
NYT,2026-09-08 15:30:00+00:00,67.38,67.41,67.38,67.41,1143.0,14.0,67.383797
NYT,2026-09-08 15:35:00+00:00,67.45,67.47,67.45,67.47,318.0,5.0,67.46
NYT,2026-09-08 15:40:00+00:00,67.395,67.395,67.395,67.395,499.0,16.0,67.395
NYT,2026-09-08 15:45:00+00:00,67.34,67.37,67.34,67.35,406.0,5.0,67.35366
NYT,2026-09-08 15:50:00+00:00,67.38,67.42,67.38,67.4,355.0,10.0,67.4
NYT,2026-09-08 15:55:00+00:00,67.35,67.35,67.34,67.35,611.0,10.0,67.34625
NYT,2026-09-08 16:00:00+00:00,67.335,67.34,67.31,67.31,852.0,15.0,67.325
NYT,2026-09-08 16:05:00+00:00,67.275,67.28,67.275,67.275,619.0,11.0,67.276191
NYT,2026-09-08 16:10:00+00:00,67.28,67.28,67.205,67.205,1052.0,23.0,67.255833
NYT,2026-09-08 16:15:00+00:00,67.195,67.2,67.18,67.2,552.0,9.0,67.191875
NYT,2026-09-08 16:20:00+00:00,67.26,67.33,67.26,67.33,628.0,11.0,67.287143
NYT,2026-09-08 16:25:00+00:00,67.32,67.32,67.32,67.32,200.0,3.0,67.32
NYT,2026-09-08 16:30:00+00:00,67.34,67.34,67.27,67.27,1150.0,26.0,67.293334
NYT,2026-09-08 16:35:00+00:00,67.28,67.33,67.28,67.33,973.0,15.0,67.302
NYT,2026-09-08 16:40:00+00:00,67.315,67.315,67.315,67.315,273.0,5.0,67.315
NYT,2026-09-08 16:45:00+00:00,67.275,67.285,67.275,67.285,491.0,10.0,67.280357
NYT,2026-09-08 16:50:00+00:00,67.16,67.245,67.16,67.245,603.0,12.0,67.2025
NYT,2026-09-08 16:55:00+00:00,67.17,67.17,67.17,67.17,271.0,8.0,67.17
NYT,2026-09-08 17:00:00+00:00,67.16,67.16,67.0,67.0,5357.0,29.0,67.052234
NYT,2026-09-08 17:05:00+00:00,66.96,66.96,66.79,66.795,956.0,13.0,66.895
NYT,2026-09-08 17:10:00+00:00,66.775,66.91,66.775,66.91,662.0,8.0,66.800833
NYT,2026-09-08 17:15:00+00:00,66.9,66.9,66.9,66.9,159.0,4.0,66.9
NYT,2026-09-08 17:20:00+00:00,66.95,67.0,66.95,66.97,1033.0,14.0,66.97875
NYT,2026-09-08 17:25:00+00:00,66.97,67.095,66.96,67.095,1333.0,31.0,67.005732
NYT,2026-09-08 17:30:00+00:00,67.04,67.11,67.035,67.11,2189.0,30.0,67.061544
NYT,2026-09-08 17:35:00+00:00,67.12,67.12,67.025,67.025,1257.0,14.0,67.084821
NYT,2026-09-08 17:40:00+00:00,67.14,67.21,67.11,67.21,701.0,9.0,67.146539
NYT,2026-09-08 17:45:00+00:00,67.17,67.17,67.17,67.17,317.0,8.0,67.17
NYT,2026-09-08 17:50:00+00:00,67.155,67.22,67.155,67.22,1129.0,14.0,67.175
NYT,2026-09-08 17:55:00+00:00,67.23,67.28,67.215,67.245,3250.0,35.0,67.24
NYT,2026-09-08 18:00:00+00:00,67.3,67.32,67.3,67.32,788.0,12.0,67.315516
NYT,2026-09-08 18:05:00+00:00,67.35,67.35,67.255,67.255,1260.0,17.0,67.299535
NYT,2026-09-08 18:10:00+00:00,67.28,67.31,67.28,67.29,587.0,9.0,67.293333
NYT,2026-09-08 18:15:00+00:00,67.35,67.36,67.33,67.33,1219.0,12.0,67.343
NYT,2026-09-08 18:20:00+00:00,67.345,67.345,67.27,67.27,1160.0,15.0,67.2945
NYT,2026-09-08 18:25:00+00:00,67.285,67.33,67.26,67.33,1058.0,20.0,67.292857
NYT,2026-09-08 18:30:00+00:00,67.335,67.35,67.31,67.34,1337.0,22.0,67.326815
NYT,2026-09-08 18:35:00+00:00,67.36,67.38,67.35,67.35,1072.0,16.0,67.367195
NYT,2026-09-08 18:40:00+00:00,67.42,67.585,67.42,67.585,2298.0,38.0,67.479714
NYT,2026-09-08 18:45:00+00:00,67.7,67.7,67.54,67.6,3658.0,52.0,67.603877
NYT,2026-09-08 18:50:00+00:00,67.585,67.585,67.5,67.515,1198.0,16.0,67.542274
NYT,2026-09-08 18:55:00+00:00,67.53,67.53,67.38,67.45,1624.0,30.0,67.437273
NYT,2026-09-08 19:00:00+00:00,67.465,67.49,67.42,67.45,2094.0,32.0,67.445926
NYT,2026-09-08 19:05:00+00:00,67.46,67.59,67.46,67.49,1815.0,28.0,67.52077
NYT,2026-09-08 19:10:00+00:00,67.56,67.61,67.56,67.605,875.0,17.0,67.59125
NYT,2026-09-08 19:15:00+00:00,67.615,67.68,67.58,67.58,1950.0,30.0,67.627693
NYT,2026-09-08 19:20:00+00:00,67.57,67.575,67.49,67.49,1720.0,25.0,67.523295
NYT,2026-09-08 19:25:00+00:00,67.52,67.535,67.52,67.53,729.0,14.0,67.527232
NYT,2026-09-08 19:30:00+00:00,67.64,67.83,67.64,67.775,2296.0,55.0,67.707985
NYT,2026-09-08 19:35:00+00:00,67.775,67.86,67.765,67.785,2740.0,82.0,67.793799
NYT,2026-09-08 19:40:00+00:00,67.81,67.81,67.745,67.745,1013.0,21.0,67.785833
NYT,2026-09-08 19:45:00+00:00,67.815,67.86,67.815,67.84,1673.0,62.0,67.840828
NYT,2026-09-08 19:50:00+00:00,67.83,67.83,67.685,67.69,3235.0,109.0,67.782407
NYT,2026-09-08 19:55:00+00:00,67.74,67.92,67.615,67.92,15617.0,394.0,67.736757
NYT,2026-09-09 13:30:00+00:00,67.77,67.77,67.525,67.525,337.0,9.0,67.6475
NYT,2026-09-09 13:40:00+00:00,67.0,67.005,67.0,67.005,559.0,9.0,67.00125
NYT,2026-09-09 13:45:00+00:00,67.0,67.0,66.86,66.91,9601.0,136.0,66.948859
NYT,2026-09-09 13:50:00+00:00,66.83,67.25,66.82,67.225,1786.0,38.0,67.08247
NYT,2026-09-09 13:55:00+00:00,67.22,67.445,67.22,67.445,5652.0,69.0,67.38111
NYT,2026-09-09 14:00:00+00:00,67.075,67.3,67.075,67.3,1250.0,20.0,67.1255
NYT,2026-09-09 14:05:00+00:00,67.27,67.27,67.13,67.13,681.0,15.0,67.2325
NYT,2026-09-09 14:10:00+00:00,67.295,67.295,67.26,67.26,408.0,9.0,67.271667
NYT,2026-09-09 14:15:00+00:00,67.34,67.34,66.985,67.05,1707.0,34.0,67.177384
NYT,2026-09-09 14:20:00+00:00,67.08,67.08,67.035,67.035,318.0,9.0,67.0575
NYT,2026-09-09 14:25:00+00:00,66.94,66.97,66.9,66.955,885.0,18.0,66.95053
NYT,2026-09-09 14:30:00+00:00,66.95,66.95,66.87,66.87,1304.0,17.0,66.903125
NYT,2026-09-09 14:35:00+00:00,66.82,66.82,66.735,66.74,2065.0,32.0,66.789444
NYT,2026-09-09 14:40:00+00:00,66.67,66.895,66.67,66.84,1998.0,36.0,66.777439
NYT,2026-09-09 14:45:00+00:00,66.84,66.84,66.65,66.65,1871.0,32.0,66.704376
NYT,2026-09-09 14:50:00+00:00,66.68,66.735,66.68,66.735,385.0,10.0,66.7075
NYT,2026-09-09 14:55:00+00:00,66.715,66.77,66.68,66.72,1069.0,17.0,66.705661
NYT,2026-09-09 15:00:00+00:00,66.85,66.86,66.85,66.86,411.0,7.0,66.856667
NYT,2026-09-09 15:05:00+00:00,66.95,66.96,66.89,66.89,580.0,15.0,66.918077
NYT,2026-09-09 15:10:00+00:00,66.89,66.9,66.78,66.89,7711.0,82.0,66.848279
NYT,2026-09-09 15:15:00+00:00,66.71,66.71,66.32,66.39,10581.0,67.0,66.468819
NYT,2026-09-09 15:20:00+00:00,66.295,66.35,66.26,66.345,2308.0,31.0,66.32273
NYT,2026-09-09 15:25:00+00:00,66.25,66.3,66.185,66.185,1239.0,19.0,66.261536
NYT,2026-09-09 15:30:00+00:00,66.21,66.22,66.21,66.22,352.0,8.0,66.215
NYT,2026-09-09 15:35:00+00:00,66.23,66.32,66.23,66.32,1165.0,22.0,66.253795
NYT,2026-09-09 15:40:00+00:00,66.325,66.325,66.28,66.285,573.0,7.0,66.291679
NYT,2026-09-09 15:45:00+00:00,66.27,66.33,65.895,66.04,4063.0,60.0,66.118856
NYT,2026-09-09 15:50:00+00:00,66.14,66.14,66.14,66.14,254.0,5.0,66.14
NYT,2026-09-09 15:55:00+00:00,66.12,66.18,66.12,66.15,531.0,11.0,66.148125
NYT,2026-09-09 16:00:00+00:00,66.295,66.38,66.295,66.38,762.0,10.0,66.336129
NYT,2026-09-09 16:05:00+00:00,66.355,66.4,66.355,66.38,846.0,11.0,66.37485
NYT,2026-09-09 16:10:00+00:00,66.37,66.37,66.36,66.365,996.0,18.0,66.367419
NYT,2026-09-09 16:15:00+00:00,66.47,66.47,66.39,66.39,887.0,17.0,66.444
NYT,2026-09-09 16:20:00+00:00,66.4,66.54,66.395,66.54,1519.0,20.0,66.411487
NYT,2026-09-09 16:25:00+00:00,66.56,66.66,66.53,66.64,486.0,9.0,66.5975
NYT,2026-09-09 16:30:00+00:00,66.62,66.62,66.62,66.62,227.0,4.0,66.62
NYT,2026-09-09 16:35:00+00:00,66.545,66.545,66.485,66.485,876.0,20.0,66.507143
NYT,2026-09-09 16:40:00+00:00,66.485,66.585,66.485,66.555,627.0,11.0,66.532059
NYT,2026-09-09 16:45:00+00:00,66.55,66.55,65.99,65.99,11059.0,150.0,66.22544
NYT,2026-09-09 16:50:00+00:00,66.04,66.08,65.9,66.08,2279.0,46.0,65.955455
NYT,2026-09-09 16:55:00+00:00,66.075,66.31,66.0,66.31,1576.0,32.0,66.062195
NYT,2026-09-09 17:00:00+00:00,66.44,66.44,66.16,66.33,1886.0,31.0,66.30053
NYT,2026-09-09 17:05:00+00:00,66.15,66.21,65.82,65.95,28584.0,53.0,66.191084
NYT,2026-09-09 17:10:00+00:00,65.88,66.185,65.88,66.14,3015.0,28.0,65.954811
NYT,2026-09-09 17:15:00+00:00,66.09,66.245,66.09,66.245,2094.0,26.0,66.124469
NYT,2026-09-09 17:20:00+00:00,66.195,66.35,66.18,66.35,3342.0,49.0,66.231689
NYT,2026-09-09 17:25:00+00:00,66.55,66.58,66.5,66.58,826.0,25.0,66.535
NYT,2026-09-09 17:30:00+00:00,66.595,66.68,66.485,66.5,1914.0,33.0,66.566061
NYT,2026-09-09 17:35:00+00:00,66.48,66.625,66.48,66.625,539.0,12.0,66.58
NYT,2026-09-09 17:40:00+00:00,66.62,66.63,66.47,66.47,1415.0,21.0,66.575
NYT,2026-09-09 17:45:00+00:00,66.35,66.39,66.275,66.33,733.0,13.0,66.330833
NYT,2026-09-09 17:50:00+00:00,66.48,66.48,66.35,66.35,1625.0,14.0,66.431567
NYT,2026-09-09 17:55:00+00:00,66.32,66.32,66.155,66.155,720.0,16.0,66.2375
NYT,2026-09-09 18:00:00+00:00,66.21,66.31,66.2,66.31,1589.0,12.0,66.237333
NYT,2026-09-09 18:05:00+00:00,66.315,66.375,66.315,66.375,330.0,8.0,66.347727
NYT,2026-09-09 18:10:00+00:00,66.405,66.44,66.39,66.39,934.0,18.0,66.400484
NYT,2026-09-09 18:15:00+00:00,66.41,66.44,66.41,66.44,511.0,10.0,66.4325
NYT,2026-09-09 18:20:00+00:00,66.42,66.48,66.4,66.48,619.0,11.0,66.434675
NYT,2026-09-09 18:25:00+00:00,66.39,66.395,66.18,66.37,2062.0,32.0,66.349592
NYT,2026-09-09 18:30:00+00:00,66.355,66.36,66.355,66.36,350.0,7.0,66.3575
NYT,2026-09-09 18:35:00+00:00,66.43,66.43,66.405,66.405,251.0,5.0,66.4175
NYT,2026-09-09 18:40:00+00:00,66.42,66.435,66.39,66.42,615.0,7.0,66.42
NYT,2026-09-09 18:45:00+00:00,66.51,66.51,66.485,66.485,660.0,20.0,66.50375
NYT,2026-09-09 18:50:00+00:00,66.485,66.665,66.485,66.665,1062.0,20.0,66.610417
NYT,2026-09-09 18:55:00+00:00,66.59,66.72,66.59,66.72,1187.0,29.0,66.656667
NYT,2026-09-09 19:00:00+00:00,66.725,66.76,66.665,66.76,1353.0,21.0,66.730833
NYT,2026-09-09 19:05:00+00:00,66.62,66.62,66.54,66.54,484.0,19.0,66.58
NYT,2026-09-09 19:10:00+00:00,66.375,66.485,66.375,66.485,850.0,23.0,66.465
NYT,2026-09-09 19:15:00+00:00,66.33,66.33,66.17,66.17,759.0,17.0,66.234
NYT,2026-09-09 19:20:00+00:00,66.14,66.28,66.14,66.265,1183.0,25.0,66.194766
NYT,2026-09-09 19:25:00+00:00,66.455,66.65,66.455,66.5,3571.0,61.0,66.553231
NYT,2026-09-09 19:30:00+00:00,66.52,66.52,66.375,66.48,1502.0,35.0,66.429911
NYT,2026-09-09 19:35:00+00:00,66.625,66.625,66.56,66.56,845.0,26.0,66.604
NYT,2026-09-09 19:40:00+00:00,66.52,66.58,66.51,66.525,2234.0,42.0,66.537935
NYT,2026-09-09 19:45:00+00:00,66.52,66.665,66.48,66.665,2377.0,54.0,66.583182
NYT,2026-09-09 19:50:00+00:00,66.645,66.98,66.645,66.98,3826.0,74.0,66.851964
NYT,2026-09-09 19:55:00+00:00,66.96,66.96,66.59,66.6,12596.0,252.0,66.72472
NYT,2026-09-10 13:30:00+00:00,66.6,66.6,66.6,66.6,300.0,3.0,66.6
NYT,2026-09-10 13:45:00+00:00,66.09,66.09,66.06,66.06,551.0,8.0,66.069009
NYT,2026-09-10 13:50:00+00:00,66.42,66.435,66.42,66.435,398.0,6.0,66.4275
NYT,2026-09-10 13:55:00+00:00,66.36,66.36,66.27,66.36,917.0,13.0,66.314
NYT,2026-09-10 14:00:00+00:00,66.33,66.33,66.16,66.21,2877.0,34.0,66.195192
NYT,2026-09-10 14:05:00+00:00,66.2,66.31,66.09,66.3,1579.0,27.0,66.203404
NYT,2026-09-10 14:10:00+00:00,66.09,66.355,66.09,66.355,2263.0,24.0,66.132709
NYT,2026-09-10 14:15:00+00:00,66.38,66.38,66.2,66.2,488.0,6.0,66.334091
NYT,2026-09-10 14:20:00+00:00,66.265,66.335,66.2,66.31,4787.0,72.0,66.253604
NYT,2026-09-10 14:25:00+00:00,66.46,66.47,66.46,66.47,471.0,9.0,66.463651
NYT,2026-09-10 14:30:00+00:00,66.445,66.445,66.4,66.4,839.0,13.0,66.417361
NYT,2026-09-10 14:35:00+00:00,66.255,66.29,66.235,66.29,1131.0,21.0,66.264355
NYT,2026-09-10 14:40:00+00:00,66.22,66.33,66.22,66.33,1371.0,25.0,66.31625
NYT,2026-09-10 14:45:00+00:00,66.45,66.575,66.45,66.54,670.0,14.0,66.530476
NYT,2026-09-10 14:50:00+00:00,66.59,66.61,66.59,66.6,553.0,11.0,66.596522
NYT,2026-09-10 14:55:00+00:00,66.48,66.59,66.48,66.57,983.0,17.0,66.542231
NYT,2026-09-10 15:00:00+00:00,66.435,66.435,66.435,66.435,254.0,6.0,66.435
NYT,2026-09-10 15:05:00+00:00,66.465,66.465,66.435,66.435,452.0,11.0,66.45
NYT,2026-09-10 15:10:00+00:00,66.47,66.47,66.35,66.35,1005.0,22.0,66.382389
NYT,2026-09-10 15:15:00+00:00,66.43,66.45,66.38,66.38,530.0,8.0,66.408571
NYT,2026-09-10 15:20:00+00:00,66.395,66.48,66.395,66.48,919.0,15.0,66.434022
NYT,2026-09-10 15:25:00+00:00,66.49,66.5,66.49,66.5,1695.0,18.0,66.494465
NYT,2026-09-10 15:30:00+00:00,66.545,66.545,66.28,66.28,813.0,10.0,66.38
NYT,2026-09-10 15:35:00+00:00,66.32,66.32,66.16,66.21,6582.0,74.0,66.217594
NYT,2026-09-10 15:40:00+00:00,66.24,66.37,66.24,66.37,506.0,14.0,66.305
NYT,2026-09-10 15:45:00+00:00,66.37,66.38,66.335,66.38,877.0,14.0,66.356563
NYT,2026-09-10 15:50:00+00:00,66.395,66.395,66.395,66.395,160.0,2.0,66.395
NYT,2026-09-10 15:55:00+00:00,66.385,66.385,66.34,66.345,391.0,5.0,66.356667
NYT,2026-09-10 16:00:00+00:00,66.375,66.4,66.34,66.34,991.0,18.0,66.380087
NYT,2026-09-10 16:05:00+00:00,66.32,66.42,66.32,66.42,513.0,11.0,66.37875
NYT,2026-09-10 16:10:00+00:00,66.33,66.37,66.33,66.355,664.0,9.0,66.350238
NYT,2026-09-10 16:15:00+00:00,66.335,66.37,66.31,66.37,1796.0,25.0,66.330108
NYT,2026-09-10 16:20:00+00:00,66.32,66.375,66.32,66.36,1167.0,12.0,66.348384
NYT,2026-09-10 16:25:00+00:00,66.34,66.41,66.33,66.41,448.0,8.0,66.35875
NYT,2026-09-10 16:30:00+00:00,66.4,66.405,66.375,66.385,1625.0,28.0,66.384246
NYT,2026-09-10 16:35:00+00:00,66.39,66.405,66.375,66.405,313.0,5.0,66.39
NYT,2026-09-10 16:40:00+00:00,66.42,66.45,66.415,66.415,885.0,15.0,66.428064
NYT,2026-09-10 16:45:00+00:00,66.35,66.38,66.34,66.38,956.0,15.0,66.35875
NYT,2026-09-10 16:50:00+00:00,66.35,66.38,66.35,66.38,389.0,6.0,66.366667
NYT,2026-09-10 16:55:00+00:00,66.395,66.395,66.36,66.385,873.0,15.0,66.372857
NYT,2026-09-10 17:00:00+00:00,66.37,66.37,66.345,66.355,703.0,8.0,66.36
NYT,2026-09-10 17:05:00+00:00,66.335,66.34,66.31,66.31,407.0,8.0,66.328333
NYT,2026-09-10 17:10:00+00:00,66.35,66.35,66.335,66.335,380.0,4.0,66.341539
NYT,2026-09-10 17:15:00+00:00,66.34,66.38,66.34,66.38,1231.0,20.0,66.357857
NYT,2026-09-10 17:20:00+00:00,66.345,66.4,66.345,66.385,1257.0,21.0,66.387818
NYT,2026-09-10 17:25:00+00:00,66.315,66.32,66.285,66.31,1868.0,34.0,66.308936
NYT,2026-09-10 17:30:00+00:00,66.33,66.33,66.33,66.33,1022.0,16.0,66.33
NYT,2026-09-10 17:35:00+00:00,66.345,66.39,66.345,66.39,1326.0,24.0,66.352692
NYT,2026-09-10 17:40:00+00:00,66.415,66.45,66.39,66.39,2293.0,36.0,66.421508
NYT,2026-09-10 17:45:00+00:00,66.44,66.45,66.44,66.45,624.0,7.0,66.4425
NYT,2026-09-10 17:50:00+00:00,66.47,66.53,66.47,66.53,324.0,6.0,66.51
NYT,2026-09-10 17:55:00+00:00,66.46,66.495,66.44,66.44,891.0,16.0,66.465962
NYT,2026-09-10 18:00:00+00:00,66.445,66.63,66.445,66.63,940.0,15.0,66.550769
NYT,2026-09-10 18:05:00+00:00,66.55,66.57,66.55,66.57,200.0,2.0,66.56
NYT,2026-09-10 18:10:00+00:00,66.57,66.57,66.54,66.54,328.0,5.0,66.5575
NYT,2026-09-10 18:15:00+00:00,66.535,66.535,66.535,66.535,107.0,2.0,66.535
NYT,2026-09-10 18:20:00+00:00,66.55,66.68,66.545,66.68,1115.0,22.0,66.603906
NYT,2026-09-10 18:30:00+00:00,66.545,66.545,66.545,66.545,242.0,5.0,66.545
NYT,2026-09-10 18:35:00+00:00,66.51,66.51,66.49,66.49,401.0,6.0,66.501176
NYT,2026-09-10 18:40:00+00:00,66.6,66.6,66.515,66.515,234.0,6.0,66.5575
NYT,2026-09-10 18:45:00+00:00,66.445,66.525,66.445,66.525,511.0,9.0,66.478334
NYT,2026-09-10 18:50:00+00:00,66.505,66.53,66.505,66.51,368.0,11.0,66.514839
NYT,2026-09-10 18:55:00+00:00,66.5,66.5,66.5,66.5,396.0,9.0,66.5
NYT,2026-09-10 19:00:00+00:00,66.535,66.575,66.51,66.575,499.0,16.0,66.54
NYT,2026-09-10 19:05:00+00:00,66.55,66.6,66.55,66.58,999.0,31.0,66.579444
NYT,2026-09-10 19:10:00+00:00,66.58,66.63,66.575,66.6,1645.0,31.0,66.603846
NYT,2026-09-10 19:15:00+00:00,66.61,66.615,66.55,66.615,1415.0,20.0,66.57867
NYT,2026-09-10 19:20:00+00:00,66.61,66.645,66.61,66.615,748.0,17.0,66.624851
NYT,2026-09-10 19:25:00+00:00,66.575,66.625,66.575,66.605,2126.0,38.0,66.608249
NYT,2026-09-10 19:30:00+00:00,66.62,66.65,66.615,66.64,2022.0,35.0,66.636065
NYT,2026-09-10 19:35:00+00:00,66.66,66.67,66.64,66.65,1813.0,35.0,66.656644
NYT,2026-09-10 19:40:00+00:00,66.64,66.69,66.64,66.65,1145.0,31.0,66.66
NYT,2026-09-10 19:45:00+00:00,66.65,66.665,66.51,66.52,3549.0,53.0,66.614576
NYT,2026-09-10 19:50:00+00:00,66.47,66.5,66.42,66.5,1954.0,36.0,66.444497
NYT,2026-09-10 19:55:00+00:00,66.63,66.7,66.51,66.56,8822.0,221.0,66.634209
NYT,2026-09-11 13:30:00+00:00,66.675,66.675,66.675,66.675,800.0,4.0,66.675
NYT,2026-09-11 13:35:00+00:00,66.545,66.55,66.54,66.545,2133.0,68.0,66.544286
NYT,2026-09-11 13:40:00+00:00,66.405,66.45,66.405,66.45,511.0,5.0,66.432
NYT,2026-09-11 13:45:00+00:00,66.265,66.265,66.21,66.21,255.0,5.0,66.2375
NYT,2026-09-11 13:50:00+00:00,65.92,65.92,65.75,65.92,2221.0,42.0,65.860821
NYT,2026-09-11 13:55:00+00:00,66.23,66.23,66.23,66.23,300.0,5.0,66.23
NYT,2026-09-11 14:00:00+00:00,66.25,66.43,66.185,66.43,2515.0,37.0,66.280278
NYT,2026-09-11 14:05:00+00:00,66.43,66.45,66.29,66.4,6046.0,77.0,66.374115
NYT,2026-09-11 14:10:00+00:00,66.29,66.35,66.29,66.34,1853.0,27.0,66.325417
NYT,2026-09-11 14:15:00+00:00,66.34,66.43,66.31,66.43,1738.0,33.0,66.349231
NYT,2026-09-11 14:20:00+00:00,66.455,66.455,66.39,66.39,926.0,13.0,66.421667
NYT,2026-09-11 14:25:00+00:00,66.35,66.4,66.315,66.4,1249.0,29.0,66.362264
NYT,2026-09-11 14:30:00+00:00,66.34,66.375,66.34,66.37,1069.0,24.0,66.366
NYT,2026-09-11 14:35:00+00:00,66.31,66.38,66.29,66.38,674.0,12.0,66.346
NYT,2026-09-11 14:40:00+00:00,66.4,66.56,66.39,66.56,1367.0,23.0,66.504703
NYT,2026-09-11 14:45:00+00:00,66.57,66.7,66.57,66.7,670.0,17.0,66.6525
NYT,2026-09-11 14:50:00+00:00,66.69,66.79,66.69,66.79,629.0,12.0,66.76
NYT,2026-09-11 14:55:00+00:00,66.83,66.83,66.79,66.79,691.0,15.0,66.804
NYT,2026-09-11 15:00:00+00:00,66.82,66.82,66.61,66.635,1148.0,25.0,66.697857
NYT,2026-09-11 15:05:00+00:00,66.675,66.675,66.61,66.65,770.0,22.0,66.636667
NYT,2026-09-11 15:10:00+00:00,66.62,66.68,66.575,66.68,892.0,19.0,66.635834
NYT,2026-09-11 15:15:00+00:00,66.745,66.745,66.72,66.72,501.0,12.0,66.7325
NYT,2026-09-11 15:20:00+00:00,66.735,66.77,66.71,66.71,996.0,15.0,66.735
NYT,2026-09-11 15:25:00+00:00,66.74,66.75,66.74,66.74,519.0,13.0,66.743333
NYT,2026-09-11 15:30:00+00:00,66.71,66.81,66.7,66.805,1393.0,21.0,66.7415
NYT,2026-09-11 15:35:00+00:00,66.8,66.83,66.77,66.82,939.0,12.0,66.803726
NYT,2026-09-11 15:40:00+00:00,66.835,66.835,66.81,66.81,503.0,9.0,66.826667
NYT,2026-09-11 15:45:00+00:00,66.805,66.855,66.805,66.855,1060.0,24.0,66.836
NYT,2026-09-11 15:50:00+00:00,66.835,66.84,66.82,66.825,750.0,9.0,66.830834
NYT,2026-09-11 15:55:00+00:00,66.835,66.85,66.815,66.85,892.0,13.0,66.839919
NYT,2026-09-11 16:00:00+00:00,66.735,66.735,66.68,66.715,1499.0,25.0,66.702778
NYT,2026-09-11 16:05:00+00:00,66.705,66.725,66.685,66.725,1635.0,22.0,66.6975
NYT,2026-09-11 16:10:00+00:00,66.75,66.77,66.75,66.77,336.0,13.0,66.76
NYT,2026-09-11 16:15:00+00:00,66.78,66.795,66.78,66.785,606.0,13.0,66.787878
NYT,2026-09-11 16:20:00+00:00,66.75,66.75,66.74,66.74,624.0,12.0,66.743333
NYT,2026-09-11 16:25:00+00:00,66.75,66.77,66.75,66.77,693.0,11.0,66.756667
NYT,2026-09-11 16:30:00+00:00,66.77,66.785,66.77,66.785,361.0,11.0,66.7775
NYT,2026-09-11 16:35:00+00:00,66.79,66.79,66.69,66.69,1050.0,19.0,66.76
NYT,2026-09-11 16:40:00+00:00,66.64,66.71,66.64,66.685,1128.0,19.0,66.687222
NYT,2026-09-11 16:45:00+00:00,66.73,66.73,66.7,66.715,614.0,9.0,66.718248
NYT,2026-09-11 16:50:00+00:00,66.7,66.725,66.7,66.71,2159.0,25.0,66.704967
NYT,2026-09-11 16:55:00+00:00,66.75,66.75,66.745,66.745,281.0,8.0,66.7475
NYT,2026-09-11 17:00:00+00:00,66.77,66.77,66.59,66.65,2677.0,45.0,66.642107
NYT,2026-09-11 17:05:00+00:00,66.63,66.68,66.63,66.65,700.0,12.0,66.6525
NYT,2026-09-11 17:10:00+00:00,66.72,66.72,66.675,66.675,732.0,16.0,66.68875
NYT,2026-09-11 17:15:00+00:00,66.73,66.73,66.73,66.73,202.0,4.0,66.73
NYT,2026-09-11 17:20:00+00:00,66.685,66.685,66.66,66.66,975.0,16.0,66.670834
NYT,2026-09-11 17:25:00+00:00,66.67,66.7,66.585,66.585,2034.0,35.0,66.669
NYT,2026-09-11 17:30:00+00:00,66.68,66.82,66.68,66.79,1911.0,34.0,66.754143
NYT,2026-09-11 17:35:00+00:00,66.84,66.875,66.84,66.865,1440.0,23.0,66.8595
NYT,2026-09-11 17:40:00+00:00,66.885,66.885,66.83,66.87,1301.0,21.0,66.862788
NYT,2026-09-11 17:45:00+00:00,66.88,66.88,66.85,66.85,276.0,7.0,66.865
NYT,2026-09-11 17:50:00+00:00,66.9,66.9,66.845,66.845,1489.0,23.0,66.874545
NYT,2026-09-11 17:55:00+00:00,66.84,66.88,66.84,66.88,744.0,15.0,66.85
NYT,2026-09-11 18:00:00+00:00,66.88,67.0,66.88,67.0,1791.0,28.0,66.930833
NYT,2026-09-11 18:05:00+00:00,67.04,67.04,66.96,66.96,1104.0,19.0,67.0125
NYT,2026-09-11 18:10:00+00:00,66.955,66.96,66.95,66.96,570.0,14.0,66.95625
NYT,2026-09-11 18:15:00+00:00,66.975,67.02,66.975,67.02,1519.0,30.0,66.997149
NYT,2026-09-11 18:20:00+00:00,66.91,66.93,66.875,66.88,1617.0,26.0,66.905303
NYT,2026-09-11 18:25:00+00:00,66.86,66.88,66.86,66.86,690.0,14.0,66.86875
NYT,2026-09-11 18:30:00+00:00,66.845,66.855,66.845,66.855,1441.0,26.0,66.85
NYT,2026-09-11 18:35:00+00:00,66.87,66.88,66.82,66.82,2346.0,48.0,66.855417
NYT,2026-09-11 18:40:00+00:00,66.81,66.82,66.8,66.82,2635.0,45.0,66.809167
NYT,2026-09-11 18:45:00+00:00,66.82,66.895,66.82,66.895,1613.0,28.0,66.8575
NYT,2026-09-11 18:50:00+00:00,66.885,66.91,66.885,66.91,1247.0,25.0,66.898333
NYT,2026-09-11 18:55:00+00:00,66.91,66.95,66.91,66.93,2464.0,41.0,66.93
NYT,2026-09-11 19:00:00+00:00,66.93,66.955,66.855,66.855,3714.0,58.0,66.900385
NYT,2026-09-11 19:05:00+00:00,66.86,66.87,66.835,66.835,1075.0,20.0,66.845625
NYT,2026-09-11 19:10:00+00:00,66.83,66.99,66.83,66.99,3124.0,78.0,66.880417
NYT,2026-09-11 19:15:00+00:00,67.02,67.035,66.975,67.035,1085.0,29.0,67.006
NYT,2026-09-11 19:20:00+00:00,67.01,67.01,66.93,66.98,2435.0,50.0,66.974844
NYT,2026-09-11 19:25:00+00:00,66.98,66.98,66.895,66.895,2747.0,73.0,66.944583
NYT,2026-09-11 19:30:00+00:00,66.95,67.06,66.91,67.06,4043.0,89.0,66.959286
NYT,2026-09-11 19:35:00+00:00,67.04,67.055,67.015,67.05,2132.0,52.0,67.036135
NYT,2026-09-11 19:40:00+00:00,67.04,67.04,66.955,66.955,2537.0,41.0,67.01853
NYT,2026-09-11 19:45:00+00:00,66.92,66.92,66.795,66.8,4527.0,87.0,66.876352
NYT,2026-09-11 19:50:00+00:00,66.79,66.85,66.705,66.85,5141.0,147.0,66.749045
NYT,2026-09-11 19:55:00+00:00,66.81,67.005,66.76,66.89,13342.0,310.0,66.909704
NYT,2026-09-14 13:35:00+00:00,68.42,68.53,68.42,68.53,320.0,6.0,68.47
NYT,2026-09-14 13:40:00+00:00,68.92,68.92,68.92,68.92,313.0,4.0,68.92
NYT,2026-09-14 14:00:00+00:00,68.93,69.16,68.93,69.16,358.0,10.0,69.023333
NYT,2026-09-14 14:10:00+00:00,68.83,68.83,68.83,68.83,146.0,3.0,68.83
NYT,2026-09-14 14:15:00+00:00,68.87,68.89,68.87,68.89,363.0,10.0,68.879852
NYT,2026-09-14 14:20:00+00:00,68.7,68.7,68.62,68.62,331.0,6.0,68.66
NYT,2026-09-14 14:25:00+00:00,68.56,68.56,68.435,68.45,684.0,10.0,68.470577
NYT,2026-09-14 14:30:00+00:00,68.31,68.31,68.26,68.26,804.0,25.0,68.287
NYT,2026-09-14 14:35:00+00:00,68.21,68.215,68.21,68.215,301.0,12.0,68.2125
NYT,2026-09-14 14:45:00+00:00,68.14,68.14,68.14,68.14,155.0,4.0,68.14
NYT,2026-09-14 14:50:00+00:00,68.24,68.24,68.24,68.24,120.0,1.0,68.24
NYT,2026-09-14 14:55:00+00:00,68.27,68.27,68.21,68.22,428.0,9.0,68.233333
NYT,2026-09-14 15:00:00+00:00,68.58,68.58,68.58,68.58,216.0,4.0,68.58
NYT,2026-09-14 15:05:00+00:00,68.555,68.555,68.5,68.5,250.0,8.0,68.5275
NYT,2026-09-14 15:10:00+00:00,68.685,68.685,68.48,68.53,504.0,15.0,68.58125
NYT,2026-09-14 15:15:00+00:00,68.465,68.495,68.465,68.495,300.0,3.0,68.48
NYT,2026-09-14 15:20:00+00:00,68.515,68.55,68.4,68.55,322.0,6.0,68.483072
NYT,2026-09-14 15:25:00+00:00,68.42,68.47,68.42,68.47,518.0,10.0,68.435625
NYT,2026-09-14 15:30:00+00:00,68.5,68.5,68.365,68.365,374.0,8.0,68.438562
NYT,2026-09-14 15:35:00+00:00,68.54,68.55,68.54,68.55,300.0,7.0,68.545
NYT,2026-09-14 15:40:00+00:00,68.545,68.565,68.545,68.565,200.0,2.0,68.555
NYT,2026-09-14 15:45:00+00:00,68.65,68.695,68.65,68.69,572.0,8.0,68.668
NYT,2026-09-14 15:50:00+00:00,68.76,69.025,68.76,69.01,800.0,15.0,68.909
NYT,2026-09-14 15:55:00+00:00,69.055,69.055,69.015,69.015,235.0,4.0,69.033433
NYT,2026-09-14 16:00:00+00:00,69.08,69.08,69.08,69.08,100.0,1.0,69.08
NYT,2026-09-14 16:05:00+00:00,69.15,69.15,69.15,69.15,101.0,2.0,69.15
NYT,2026-09-14 16:10:00+00:00,69.185,69.24,69.185,69.24,271.0,5.0,69.21
NYT,2026-09-14 16:15:00+00:00,69.29,69.32,69.27,69.305,2251.0,35.0,69.296039
NYT,2026-09-14 16:20:00+00:00,69.36,69.41,69.36,69.41,461.0,10.0,69.389424
NYT,2026-09-14 16:25:00+00:00,69.39,69.42,69.34,69.42,775.0,18.0,69.369688
NYT,2026-09-14 16:30:00+00:00,69.485,69.485,69.435,69.46,597.0,15.0,69.460501
NYT,2026-09-14 16:35:00+00:00,69.43,69.505,69.43,69.5,440.0,6.0,69.478395
NYT,2026-09-14 16:40:00+00:00,69.49,69.5,69.49,69.5,228.0,7.0,69.495413
NYT,2026-09-14 16:55:00+00:00,69.575,69.575,69.55,69.56,642.0,13.0,69.56125
NYT,2026-09-14 17:00:00+00:00,69.56,69.58,69.54,69.54,623.0,10.0,69.560769
NYT,2026-09-14 17:05:00+00:00,69.62,69.62,69.55,69.55,222.0,10.0,69.585
NYT,2026-09-14 17:10:00+00:00,69.56,69.67,69.56,69.67,619.0,16.0,69.615
NYT,2026-09-14 17:15:00+00:00,69.665,69.81,69.665,69.805,1308.0,22.0,69.780638
NYT,2026-09-14 17:20:00+00:00,69.815,69.875,69.79,69.83,1876.0,37.0,69.833109
NYT,2026-09-14 17:25:00+00:00,69.88,69.885,69.805,69.81,1519.0,29.0,69.836046
NYT,2026-09-14 17:30:00+00:00,69.925,69.925,69.865,69.865,452.0,7.0,69.885
NYT,2026-09-14 17:35:00+00:00,69.865,69.865,69.825,69.825,998.0,17.0,69.85
NYT,2026-09-14 17:40:00+00:00,69.86,69.86,69.86,69.86,575.0,12.0,69.86
NYT,2026-09-14 17:45:00+00:00,69.94,69.94,69.9,69.94,1846.0,24.0,69.933333
NYT,2026-09-14 17:50:00+00:00,69.98,69.99,69.91,69.91,1880.0,32.0,69.967659
NYT,2026-09-14 17:55:00+00:00,69.92,69.94,69.9,69.94,822.0,9.0,69.92
NYT,2026-09-14 18:00:00+00:00,69.94,69.95,69.87,69.87,971.0,17.0,69.914438
NYT,2026-09-14 18:05:00+00:00,69.85,69.945,69.85,69.945,1232.0,25.0,69.923453
NYT,2026-09-14 18:10:00+00:00,69.935,70.02,69.935,70.02,1035.0,23.0,69.96
NYT,2026-09-14 18:20:00+00:00,70.18,70.18,70.085,70.1,608.0,12.0,70.106958
NYT,2026-09-14 18:25:00+00:00,70.17,70.17,70.17,70.17,193.0,6.0,70.17
NYT,2026-09-14 18:30:00+00:00,70.14,70.14,70.055,70.065,1467.0,43.0,70.097778
NYT,2026-09-14 18:35:00+00:00,70.06,70.06,70.05,70.06,624.0,18.0,70.0575
NYT,2026-09-14 18:40:00+00:00,70.08,70.09,70.03,70.035,643.0,9.0,70.05
NYT,2026-09-14 18:45:00+00:00,70.04,70.14,70.03,70.14,1257.0,24.0,70.095161
NYT,2026-09-14 18:50:00+00:00,70.2,70.305,70.17,70.285,898.0,21.0,70.235
NYT,2026-09-14 18:55:00+00:00,70.27,70.27,70.26,70.27,735.0,14.0,70.265
NYT,2026-09-14 19:00:00+00:00,70.28,70.28,70.07,70.115,911.0,21.0,70.186065
NYT,2026-09-14 19:05:00+00:00,70.09,70.145,70.06,70.145,781.0,21.0,70.091731
NYT,2026-09-14 19:10:00+00:00,70.14,70.255,70.14,70.245,1993.0,24.0,70.204367
NYT,2026-09-14 19:15:00+00:00,70.13,70.17,70.13,70.17,385.0,13.0,70.151013
NYT,2026-09-14 19:20:00+00:00,70.095,70.095,70.02,70.03,1766.0,27.0,70.035844
NYT,2026-09-14 19:25:00+00:00,70.045,70.14,69.97,70.08,2559.0,45.0,70.055515
NYT,2026-09-14 19:30:00+00:00,70.11,70.205,70.11,70.115,1748.0,37.0,70.153636
NYT,2026-09-14 19:35:00+00:00,70.12,70.135,70.075,70.1,1653.0,31.0,70.116404
NYT,2026-09-14 19:40:00+00:00,70.045,70.06,69.89,69.89,1917.0,31.0,69.964344
NYT,2026-09-14 19:45:00+00:00,69.98,70.465,69.98,70.415,10485.0,79.0,70.192188
NYT,2026-09-14 19:50:00+00:00,70.375,70.475,70.1,70.46,17274.0,164.0,70.344503
NYT,2026-09-14 19:55:00+00:00,70.44,70.495,70.275,70.34,23722.0,348.0,70.392117
NYT,2026-09-15 13:30:00+00:00,71.305,71.305,70.86,70.86,2689.0,27.0,71.01501
NYT,2026-09-15 13:35:00+00:00,70.865,71.25,70.59,71.25,1347.0,13.0,70.847319
NYT,2026-09-15 13:40:00+00:00,71.32,71.395,71.21,71.395,765.0,20.0,71.315952
NYT,2026-09-15 13:45:00+00:00,71.31,71.33,71.09,71.09,9148.0,67.0,71.219871
NYT,2026-09-15 13:50:00+00:00,71.45,71.45,71.445,71.445,515.0,13.0,71.4475
NYT,2026-09-15 13:55:00+00:00,71.355,71.44,71.21,71.235,5192.0,49.0,71.322546
NYT,2026-09-15 14:00:00+00:00,71.26,71.425,71.24,71.425,680.0,22.0,71.317966
NYT,2026-09-15 14:05:00+00:00,71.41,71.715,71.41,71.67,1412.0,23.0,71.597787
NYT,2026-09-15 14:10:00+00:00,71.64,71.65,71.55,71.64,1568.0,26.0,71.598064
NYT,2026-09-15 14:15:00+00:00,71.71,71.825,71.67,71.815,1100.0,23.0,71.737903
NYT,2026-09-15 14:20:00+00:00,71.77,71.79,71.665,71.665,1226.0,22.0,71.750625
NYT,2026-09-15 14:25:00+00:00,71.67,71.71,71.52,71.52,1113.0,17.0,71.618918
NYT,2026-09-15 14:30:00+00:00,71.55,71.6,71.495,71.6,1358.0,22.0,71.546915
NYT,2026-09-15 14:35:00+00:00,71.61,71.61,71.59,71.59,523.0,12.0,71.6
NYT,2026-09-15 14:40:00+00:00,71.61,71.61,71.54,71.54,792.0,12.0,71.58
NYT,2026-09-15 14:45:00+00:00,71.58,71.65,71.58,71.615,1197.0,25.0,71.618125
NYT,2026-09-15 14:50:00+00:00,71.68,71.68,71.61,71.61,579.0,9.0,71.629
NYT,2026-09-15 14:55:00+00:00,71.68,71.71,71.68,71.7,513.0,15.0,71.696711
NYT,2026-09-15 15:00:00+00:00,71.76,71.785,71.73,71.73,1093.0,19.0,71.765
NYT,2026-09-15 15:05:00+00:00,71.69,71.78,71.69,71.715,1129.0,24.0,71.730854
NYT,2026-09-15 15:10:00+00:00,71.76,71.785,71.76,71.785,375.0,7.0,71.7725
NYT,2026-09-15 15:15:00+00:00,71.875,71.875,71.85,71.85,620.0,9.0,71.869048
NYT,2026-09-15 15:20:00+00:00,71.895,71.93,71.895,71.93,306.0,8.0,71.9125
NYT,2026-09-15 15:25:00+00:00,71.89,71.91,71.84,71.84,1517.0,36.0,71.865761
NYT,2026-09-15 15:30:00+00:00,71.825,71.89,71.825,71.89,1000.0,18.0,71.858065
NYT,2026-09-15 15:35:00+00:00,71.86,71.915,71.84,71.915,1459.0,32.0,71.872885
NYT,2026-09-15 15:40:00+00:00,71.92,71.99,71.92,71.95,866.0,14.0,71.956567
NYT,2026-09-15 15:45:00+00:00,71.935,72.06,71.935,72.04,1467.0,21.0,72.001587
NYT,2026-09-15 15:50:00+00:00,72.03,72.115,72.01,72.07,1048.0,17.0,72.062739
NYT,2026-09-15 15:55:00+00:00,72.345,72.365,72.345,72.365,570.0,12.0,72.356875
NYT,2026-09-15 16:00:00+00:00,72.38,72.45,72.38,72.45,4150.0,40.0,72.404662
NYT,2026-09-15 16:05:00+00:00,72.48,72.48,72.33,72.35,1122.0,12.0,72.376818
NYT,2026-09-15 16:10:00+00:00,72.43,72.5,72.37,72.44,3031.0,35.0,72.396803
NYT,2026-09-15 16:15:00+00:00,72.46,72.46,72.46,72.46,489.0,13.0,72.46
NYT,2026-09-15 16:20:00+00:00,72.48,72.48,72.44,72.475,1271.0,20.0,72.460872
NYT,2026-09-15 16:25:00+00:00,72.545,72.595,72.54,72.55,1506.0,23.0,72.558467
NYT,2026-09-15 16:30:00+00:00,72.53,72.53,72.495,72.53,438.0,9.0,72.518095
NYT,2026-09-15 16:35:00+00:00,72.48,72.49,72.48,72.49,740.0,13.0,72.485
NYT,2026-09-15 16:40:00+00:00,72.485,72.485,72.435,72.47,1283.0,25.0,72.470405
NYT,2026-09-15 16:45:00+00:00,72.48,72.51,72.48,72.51,534.0,11.0,72.496713
NYT,2026-09-15 16:50:00+00:00,72.56,72.64,72.56,72.64,1101.0,20.0,72.595102
NYT,2026-09-15 16:55:00+00:00,72.67,72.755,72.67,72.72,853.0,16.0,72.715935
NYT,2026-09-15 17:00:00+00:00,72.78,72.8,72.755,72.785,973.0,18.0,72.776983
NYT,2026-09-15 17:05:00+00:00,72.795,72.93,72.765,72.93,1624.0,33.0,72.84266
NYT,2026-09-15 17:10:00+00:00,72.95,72.97,72.94,72.945,815.0,13.0,72.952419
NYT,2026-09-15 17:15:00+00:00,72.88,72.88,72.73,72.73,2349.0,35.0,72.836168
NYT,2026-09-15 17:20:00+00:00,72.695,72.76,72.685,72.73,700.0,7.0,72.714286
NYT,2026-09-15 17:25:00+00:00,72.75,72.75,72.71,72.71,790.0,13.0,72.732
NYT,2026-09-15 17:30:00+00:00,72.69,72.71,72.69,72.71,1169.0,24.0,72.7
NYT,2026-09-15 17:35:00+00:00,72.88,72.97,72.88,72.945,739.0,15.0,72.937832
NYT,2026-09-15 17:40:00+00:00,72.965,72.965,72.885,72.94,2628.0,36.0,72.935652
NYT,2026-09-15 17:45:00+00:00,72.935,73.005,72.935,73.005,1720.0,15.0,72.966616
NYT,2026-09-15 17:50:00+00:00,73.04,73.045,73.015,73.03,1225.0,17.0,73.032222
NYT,2026-09-15 17:55:00+00:00,73.065,73.095,73.02,73.02,4262.0,50.0,73.063707
NYT,2026-09-15 18:00:00+00:00,73.07,73.245,73.05,73.21,1965.0,31.0,73.12396
NYT,2026-09-15 18:05:00+00:00,73.1,73.1,72.85,72.85,1814.0,31.0,73.02807
NYT,2026-09-15 18:10:00+00:00,72.845,72.925,72.84,72.84,1516.0,24.0,72.870841
NYT,2026-09-15 18:15:00+00:00,72.83,72.83,72.74,72.74,1115.0,24.0,72.798125
NYT,2026-09-15 18:20:00+00:00,72.76,72.77,72.735,72.74,1498.0,28.0,72.7485
NYT,2026-09-15 18:25:00+00:00,72.7,72.99,72.7,72.96,2551.0,56.0,72.865074
NYT,2026-09-15 18:30:00+00:00,73.025,73.085,72.99,73.085,3312.0,29.0,73.030134
NYT,2026-09-15 18:35:00+00:00,73.045,73.095,73.03,73.09,2000.0,29.0,73.061239
NYT,2026-09-15 18:40:00+00:00,73.09,73.13,73.09,73.13,691.0,15.0,73.105192
NYT,2026-09-15 18:45:00+00:00,73.105,73.18,73.105,73.125,5329.0,52.0,73.142794
NYT,2026-09-15 18:50:00+00:00,73.225,73.225,73.185,73.185,1227.0,16.0,73.198305
NYT,2026-09-15 18:55:00+00:00,73.195,73.245,73.17,73.18,4938.0,63.0,73.199235
NYT,2026-09-15 19:00:00+00:00,73.145,73.36,73.015,73.23,3792.0,68.0,73.160749
NYT,2026-09-15 19:05:00+00:00,73.285,73.31,73.19,73.265,1748.0,33.0,73.259195
NYT,2026-09-15 19:10:00+00:00,73.285,73.44,73.285,73.35,8699.0,72.0,73.376177
NYT,2026-09-15 19:15:00+00:00,73.35,73.35,73.24,73.24,4285.0,56.0,73.325671
NYT,2026-09-15 19:20:00+00:00,73.25,73.37,73.11,73.11,4751.0,49.0,73.275403
NYT,2026-09-15 19:25:00+00:00,73.06,73.08,72.7,72.72,2735.0,59.0,72.884557
NYT,2026-09-15 19:30:00+00:00,72.51,72.67,72.125,72.24,15738.0,138.0,72.400696
NYT,2026-09-15 19:35:00+00:00,72.19,72.26,72.08,72.115,5687.0,79.0,72.184445
NYT,2026-09-15 19:40:00+00:00,72.07,72.22,72.07,72.14,4252.0,59.0,72.140431
NYT,2026-09-15 19:45:00+00:00,72.25,72.25,71.98,72.02,6054.0,111.0,72.132364
NYT,2026-09-15 19:50:00+00:00,72.26,72.26,71.9,71.9,2641.0,72.0,72.066957
NYT,2026-09-15 19:55:00+00:00,71.925,71.98,71.64,71.67,14803.0,381.0,71.82769
NYT,2026-09-16 13:30:00+00:00,71.43,71.63,71.43,71.63,481.0,18.0,71.563333
NYT,2026-09-16 13:35:00+00:00,71.67,71.805,71.67,71.805,409.0,15.0,71.76
NYT,2026-09-16 13:40:00+00:00,71.77,71.77,71.75,71.75,424.0,10.0,71.76
NYT,2026-09-16 13:45:00+00:00,71.56,71.56,71.5,71.5,416.0,5.0,71.538824
NYT,2026-09-16 13:50:00+00:00,71.515,71.515,71.515,71.515,118.0,4.0,71.515
NYT,2026-09-16 13:55:00+00:00,71.735,71.735,71.73,71.73,912.0,16.0,71.731154
NYT,2026-09-16 14:00:00+00:00,71.85,71.95,71.74,71.95,658.0,11.0,71.833182
NYT,2026-09-16 14:05:00+00:00,72.18,72.41,72.18,72.4,789.0,24.0,72.34564
NYT,2026-09-16 14:10:00+00:00,72.5,72.55,72.5,72.55,424.0,11.0,72.534375
NYT,2026-09-16 14:20:00+00:00,72.805,72.805,72.805,72.805,416.0,8.0,72.805
NYT,2026-09-16 14:25:00+00:00,72.79,72.79,72.78,72.78,261.0,5.0,72.784762
NYT,2026-09-16 14:30:00+00:00,72.77,72.77,72.455,72.59,946.0,23.0,72.599286
NYT,2026-09-16 14:35:00+00:00,72.61,72.61,72.4,72.59,1340.0,30.0,72.521875
NYT,2026-09-16 14:40:00+00:00,72.61,72.66,72.61,72.66,386.0,11.0,72.62875
NYT,2026-09-16 14:45:00+00:00,72.86,72.86,72.75,72.75,285.0,7.0,72.805
NYT,2026-09-16 14:50:00+00:00,72.86,72.93,72.785,72.785,1291.0,30.0,72.8545
NYT,2026-09-16 14:55:00+00:00,73.09,73.09,73.09,73.09,141.0,3.0,73.09
NYT,2026-09-16 15:00:00+00:00,73.25,73.275,72.955,72.975,6655.0,29.0,73.251676
NYT,2026-09-16 15:05:00+00:00,73.02,73.03,72.98,72.98,1272.0,34.0,73.007797
NYT,2026-09-16 15:10:00+00:00,73.0,73.0,72.87,72.87,1470.0,42.0,72.898196
NYT,2026-09-16 15:15:00+00:00,72.85,72.86,72.81,72.86,543.0,15.0,72.83875
NYT,2026-09-16 15:20:00+00:00,72.88,72.915,72.815,72.87,673.0,12.0,72.861154
NYT,2026-09-16 15:25:00+00:00,72.84,72.84,72.84,72.84,303.0,9.0,72.84
NYT,2026-09-16 15:30:00+00:00,72.79,72.92,72.74,72.92,1694.0,27.0,72.805915
NYT,2026-09-16 15:35:00+00:00,73.03,73.15,72.955,72.96,1377.0,25.0,73.066111
NYT,2026-09-16 15:40:00+00:00,72.99,73.015,72.99,73.015,227.0,7.0,73.0025
NYT,2026-09-16 15:45:00+00:00,73.01,73.01,73.01,73.01,100.0,1.0,73.01
NYT,2026-09-16 15:50:00+00:00,73.03,73.03,72.94,72.94,676.0,14.0,72.976538
NYT,2026-09-16 15:55:00+00:00,72.89,72.89,72.83,72.83,555.0,15.0,72.86125
NYT,2026-09-16 16:00:00+00:00,72.89,72.89,72.85,72.85,577.0,10.0,72.868182
NYT,2026-09-16 16:05:00+00:00,72.555,72.685,72.555,72.685,416.0,5.0,72.641265
NYT,2026-09-16 16:10:00+00:00,72.715,72.74,72.7,72.7,569.0,12.0,72.721
NYT,2026-09-16 16:15:00+00:00,72.695,72.695,72.695,72.695,100.0,1.0,72.695
NYT,2026-09-16 16:20:00+00:00,72.655,72.66,72.545,72.545,442.0,13.0,72.62375
NYT,2026-09-16 16:30:00+00:00,72.535,72.535,72.42,72.44,843.0,13.0,72.453195
NYT,2026-09-16 16:35:00+00:00,72.425,72.52,72.425,72.52,605.0,14.0,72.474706
NYT,2026-09-16 16:40:00+00:00,72.52,72.52,72.44,72.44,474.0,8.0,72.476667
NYT,2026-09-16 16:45:00+00:00,72.475,72.475,72.475,72.475,276.0,3.0,72.475
NYT,2026-09-16 16:50:00+00:00,72.44,72.5,72.43,72.5,408.0,9.0,72.456667
NYT,2026-09-16 16:55:00+00:00,72.56,72.585,72.56,72.585,781.0,16.0,72.566863
NYT,2026-09-16 17:00:00+00:00,72.585,72.6,72.56,72.575,941.0,13.0,72.573422
NYT,2026-09-16 17:05:00+00:00,72.57,72.57,72.525,72.525,646.0,13.0,72.54
NYT,2026-09-16 17:10:00+00:00,72.65,72.65,72.65,72.65,100.0,1.0,72.65
NYT,2026-09-16 17:15:00+00:00,72.635,72.635,72.62,72.62,305.0,8.0,72.63
NYT,2026-09-16 17:20:00+00:00,72.63,72.63,72.62,72.62,426.0,10.0,72.625455
NYT,2026-09-16 17:30:00+00:00,72.685,72.75,72.685,72.725,705.0,18.0,72.71125
NYT,2026-09-16 17:40:00+00:00,72.82,72.82,72.82,72.82,100.0,1.0,72.82
NYT,2026-09-16 17:45:00+00:00,72.86,72.87,72.86,72.87,418.0,10.0,72.863333
NYT,2026-09-16 17:50:00+00:00,72.865,72.865,72.83,72.83,406.0,5.0,72.855
NYT,2026-09-16 17:55:00+00:00,72.795,72.795,72.775,72.775,303.0,5.0,72.785
NYT,2026-09-16 18:00:00+00:00,72.75,72.75,72.725,72.745,949.0,19.0,72.739512
NYT,2026-09-16 18:05:00+00:00,72.805,73.085,72.805,73.085,1259.0,19.0,72.949263
NYT,2026-09-16 18:10:00+00:00,73.06,73.15,73.005,73.15,3274.0,65.0,73.085169
NYT,2026-09-16 18:15:00+00:00,73.16,73.215,73.16,73.215,211.0,10.0,73.1875
NYT,2026-09-16 18:20:00+00:00,73.29,73.295,73.235,73.25,729.0,14.0,73.271154
NYT,2026-09-16 18:25:00+00:00,73.245,73.245,73.245,73.245,219.0,8.0,73.245
NYT,2026-09-16 18:30:00+00:00,73.33,73.33,73.33,73.33,268.0,4.0,73.33
NYT,2026-09-16 18:35:00+00:00,73.23,73.23,73.145,73.175,1241.0,27.0,73.1975
NYT,2026-09-16 18:40:00+00:00,73.25,73.28,73.24,73.26,1214.0,26.0,73.260119
NYT,2026-09-16 18:45:00+00:00,73.2,73.28,73.2,73.28,2391.0,45.0,73.219412
NYT,2026-09-16 18:50:00+00:00,73.115,73.115,72.99,73.02,842.0,18.0,73.057308
NYT,2026-09-16 18:55:00+00:00,72.96,73.17,72.96,73.16,1784.0,41.0,73.052877
NYT,2026-09-16 19:00:00+00:00,73.14,73.16,73.1,73.155,736.0,18.0,73.137
NYT,2026-09-16 19:05:00+00:00,73.26,73.34,73.07,73.07,1501.0,30.0,73.250506
NYT,2026-09-16 19:10:00+00:00,73.015,73.015,72.97,72.97,1021.0,19.0,73.001352
NYT,2026-09-16 19:15:00+00:00,72.93,72.93,72.74,72.74,1018.0,29.0,72.846774
NYT,2026-09-16 19:20:00+00:00,72.76,72.76,72.695,72.71,1216.0,31.0,72.718654
NYT,2026-09-16 19:25:00+00:00,72.745,72.75,72.715,72.75,2302.0,61.0,72.743358
NYT,2026-09-16 19:30:00+00:00,72.73,72.885,72.61,72.61,1827.0,31.0,72.759791
NYT,2026-09-16 19:35:00+00:00,72.635,72.635,72.395,72.395,1847.0,41.0,72.576264
NYT,2026-09-16 19:40:00+00:00,72.45,72.51,72.425,72.48,2720.0,61.0,72.472551
NYT,2026-09-16 19:45:00+00:00,72.46,72.695,72.46,72.695,4003.0,93.0,72.55662
NYT,2026-09-16 19:50:00+00:00,72.75,72.75,72.62,72.67,5333.0,192.0,72.680083
NYT,2026-09-16 19:55:00+00:00,72.57,72.63,72.25,72.37,23371.0,462.0,72.390916
NYT,2026-09-17 13:30:00+00:00,72.265,72.265,72.265,72.265,211.0,15.0,72.265
NYT,2026-09-17 13:35:00+00:00,71.51,71.795,71.51,71.795,964.0,15.0,71.63
NYT,2026-09-17 13:40:00+00:00,71.28,71.3,71.245,71.26,532.0,6.0,71.268269
NYT,2026-09-17 13:45:00+00:00,71.36,71.4,71.33,71.33,722.0,12.0,71.355333
NYT,2026-09-17 13:50:00+00:00,71.3,71.3,71.3,71.3,376.0,12.0,71.3
NYT,2026-09-17 13:55:00+00:00,71.38,71.495,71.38,71.495,1435.0,30.0,71.417674
NYT,2026-09-17 14:00:00+00:00,71.74,71.74,71.64,71.64,478.0,14.0,71.6775
NYT,2026-09-17 14:05:00+00:00,71.57,71.57,71.26,71.3,1005.0,24.0,71.398125
NYT,2026-09-17 14:10:00+00:00,71.25,71.76,71.25,71.59,12139.0,84.0,71.620201
NYT,2026-09-17 14:15:00+00:00,71.485,71.49,71.34,71.34,1146.0,28.0,71.424286
NYT,2026-09-17 14:20:00+00:00,71.35,71.405,71.35,71.38,1311.0,15.0,71.377019
NYT,2026-09-17 14:25:00+00:00,71.32,71.375,71.31,71.375,1046.0,24.0,71.330161
NYT,2026-09-17 14:30:00+00:00,71.24,71.34,71.23,71.34,669.0,10.0,71.264
NYT,2026-09-17 14:35:00+00:00,71.245,71.37,71.205,71.205,1578.0,18.0,71.276908
NYT,2026-09-17 14:40:00+00:00,71.09,71.11,71.02,71.04,1405.0,20.0,71.069545
NYT,2026-09-17 14:45:00+00:00,71.01,71.01,70.92,70.92,579.0,8.0,70.947063
NYT,2026-09-17 14:50:00+00:00,70.98,71.04,70.975,71.04,3452.0,65.0,71.006619
NYT,2026-09-17 14:55:00+00:00,71.05,71.05,70.83,70.83,1721.0,25.0,70.89
NYT,2026-09-17 15:00:00+00:00,70.84,70.84,70.735,70.79,1362.0,21.0,70.781028
NYT,2026-09-17 15:05:00+00:00,70.73,70.73,70.67,70.67,788.0,20.0,70.71
NYT,2026-09-17 15:10:00+00:00,70.6,70.65,70.555,70.595,1847.0,41.0,70.588939
NYT,2026-09-17 15:15:00+00:00,70.62,70.705,70.56,70.68,1729.0,27.0,70.622285
NYT,2026-09-17 15:20:00+00:00,70.685,70.685,70.655,70.66,481.0,9.0,70.66375
NYT,2026-09-17 15:25:00+00:00,70.62,70.65,70.425,70.425,3077.0,58.0,70.572186
NYT,2026-09-17 15:30:00+00:00,70.46,70.58,70.325,70.58,2477.0,41.0,70.427233
NYT,2026-09-17 15:35:00+00:00,70.535,70.56,70.535,70.54,589.0,11.0,70.54375
NYT,2026-09-17 15:40:00+00:00,70.56,70.56,70.495,70.5,627.0,13.0,70.535
NYT,2026-09-17 15:45:00+00:00,70.47,70.495,70.47,70.495,829.0,25.0,70.47625
NYT,2026-09-17 15:50:00+00:00,70.53,70.625,70.49,70.625,933.0,20.0,70.563703
NYT,2026-09-17 15:55:00+00:00,70.58,70.58,70.58,70.58,105.0,2.0,70.58
NYT,2026-09-17 16:00:00+00:00,70.635,70.7,70.635,70.7,1130.0,22.0,70.675
NYT,2026-09-17 16:05:00+00:00,70.7,70.705,70.685,70.685,485.0,10.0,70.697619
NYT,2026-09-17 16:10:00+00:00,70.635,70.65,70.55,70.58,721.0,11.0,70.595
NYT,2026-09-17 16:15:00+00:00,70.5,70.56,70.5,70.56,875.0,11.0,70.531098
NYT,2026-09-17 16:20:00+00:00,70.505,70.51,70.445,70.47,485.0,12.0,70.4825
NYT,2026-09-17 16:25:00+00:00,70.5,70.56,70.38,70.38,916.0,20.0,70.487885
NYT,2026-09-17 16:30:00+00:00,70.47,70.47,70.47,70.47,150.0,5.0,70.47
NYT,2026-09-17 16:35:00+00:00,70.465,70.61,70.465,70.61,898.0,16.0,70.540833
NYT,2026-09-17 16:40:00+00:00,70.61,70.75,70.61,70.75,759.0,7.0,70.671806
NYT,2026-09-17 16:45:00+00:00,70.75,70.75,70.73,70.735,452.0,5.0,70.738068
NYT,2026-09-17 16:50:00+00:00,70.705,70.705,70.535,70.535,297.0,9.0,70.62
NYT,2026-09-17 16:55:00+00:00,70.5,70.5,70.255,70.295,3343.0,67.0,70.353205
NYT,2026-09-17 17:00:00+00:00,70.36,70.45,70.31,70.31,1090.0,18.0,70.366944
NYT,2026-09-17 17:05:00+00:00,70.34,70.36,70.32,70.36,1101.0,17.0,70.339375
NYT,2026-09-17 17:10:00+00:00,70.355,70.44,70.355,70.44,621.0,11.0,70.393
NYT,2026-09-17 17:15:00+00:00,70.44,70.47,70.305,70.305,1537.0,25.0,70.402951
NYT,2026-09-17 17:20:00+00:00,70.315,70.335,70.28,70.335,912.0,16.0,70.3
NYT,2026-09-17 17:25:00+00:00,70.345,70.425,70.345,70.41,1165.0,19.0,70.395
NYT,2026-09-17 17:30:00+00:00,70.45,70.505,70.44,70.44,815.0,20.0,70.474
NYT,2026-09-17 17:35:00+00:00,70.465,70.465,70.38,70.45,2357.0,32.0,70.419093
NYT,2026-09-17 17:40:00+00:00,70.425,70.44,70.31,70.335,1334.0,26.0,70.392903
NYT,2026-09-17 17:45:00+00:00,70.32,70.325,70.23,70.23,5613.0,96.0,70.261433
NYT,2026-09-17 17:50:00+00:00,70.41,70.41,70.23,70.23,1699.0,26.0,70.319822
NYT,2026-09-17 17:55:00+00:00,70.18,70.25,70.0,70.075,2850.0,42.0,70.137603
NYT,2026-09-17 18:00:00+00:00,70.075,70.22,70.075,70.155,2324.0,46.0,70.170224
NYT,2026-09-17 18:05:00+00:00,70.11,70.515,70.03,70.39,12692.0,117.0,70.296195
NYT,2026-09-17 18:10:00+00:00,70.34,70.465,70.3,70.44,7139.0,94.0,70.37089
NYT,2026-09-17 18:15:00+00:00,70.455,70.52,70.24,70.24,3837.0,70.0,70.429493
NYT,2026-09-17 18:20:00+00:00,70.24,70.32,70.21,70.21,764.0,17.0,70.249488
NYT,2026-09-17 18:25:00+00:00,70.19,70.34,70.14,70.34,4023.0,63.0,70.228071
NYT,2026-09-17 18:30:00+00:00,70.28,70.28,70.215,70.235,3177.0,81.0,70.237824
NYT,2026-09-17 18:35:00+00:00,70.21,70.27,70.17,70.195,2309.0,36.0,70.201875
NYT,2026-09-17 18:40:00+00:00,70.21,70.24,70.13,70.24,10085.0,84.0,70.151919
NYT,2026-09-17 18:45:00+00:00,70.245,70.245,70.085,70.19,4032.0,61.0,70.134359
NYT,2026-09-17 18:50:00+00:00,70.18,70.18,70.065,70.11,4394.0,57.0,70.102059
NYT,2026-09-17 18:55:00+00:00,70.07,70.16,70.07,70.16,2268.0,51.0,70.119501
NYT,2026-09-17 19:00:00+00:00,70.17,70.46,70.17,70.46,6857.0,85.0,70.296723
NYT,2026-09-17 19:05:00+00:00,70.41,70.5,70.395,70.395,2845.0,58.0,70.44387
NYT,2026-09-17 19:10:00+00:00,70.425,70.425,70.28,70.28,3641.0,61.0,70.335884
NYT,2026-09-17 19:15:00+00:00,70.3,70.355,70.21,70.225,6126.0,73.0,70.263949
NYT,2026-09-17 19:20:00+00:00,70.23,70.24,70.155,70.225,5079.0,51.0,70.196331
NYT,2026-09-17 19:25:00+00:00,70.23,70.27,70.21,70.26,4287.0,92.0,70.247204
NYT,2026-09-17 19:30:00+00:00,70.26,70.26,70.125,70.125,5899.0,98.0,70.175181
NYT,2026-09-17 19:35:00+00:00,70.13,70.145,70.0,70.0,3205.0,58.0,70.086841
NYT,2026-09-17 19:40:00+00:00,70.005,70.02,69.89,70.015,10947.0,150.0,69.952035
NYT,2026-09-17 19:45:00+00:00,70.015,70.015,69.89,69.93,8644.0,128.0,69.959653
NYT,2026-09-17 19:50:00+00:00,69.925,69.925,69.67,69.76,10357.0,141.0,69.812507
NYT,2026-09-17 19:55:00+00:00,69.765,69.965,69.73,69.94,25309.0,456.0,69.863094
NYT,2026-09-18 13:30:00+00:00,69.895,69.905,69.435,69.435,1464.0,18.0,69.621875
NYT,2026-09-18 13:35:00+00:00,69.515,69.515,69.425,69.465,563.0,20.0,69.468333
NYT,2026-09-18 13:40:00+00:00,69.44,69.59,69.435,69.45,2016.0,35.0,69.496972
NYT,2026-09-18 13:45:00+00:00,69.4,69.54,69.32,69.54,4224.0,64.0,69.472415
NYT,2026-09-18 13:50:00+00:00,69.475,69.59,69.47,69.54,1075.0,26.0,69.513347
NYT,2026-09-18 13:55:00+00:00,69.545,69.6,69.51,69.51,524.0,16.0,69.551667
NYT,2026-09-18 14:00:00+00:00,69.48,69.675,69.48,69.585,1533.0,25.0,69.588333
NYT,2026-09-18 14:05:00+00:00,69.66,69.755,69.65,69.755,7477.0,71.0,69.685647
NYT,2026-09-18 14:10:00+00:00,69.865,69.865,69.765,69.82,4257.0,59.0,69.833435
NYT,2026-09-18 14:15:00+00:00,69.67,69.72,69.67,69.695,2162.0,64.0,69.695571
NYT,2026-09-18 14:20:00+00:00,69.695,69.745,69.695,69.745,936.0,30.0,69.719475
NYT,2026-09-18 14:25:00+00:00,69.64,69.67,69.555,69.66,1898.0,58.0,69.623548
NYT,2026-09-18 14:30:00+00:00,69.55,69.585,69.51,69.585,728.0,15.0,69.53875
NYT,2026-09-18 14:35:00+00:00,69.64,69.64,69.64,69.64,176.0,7.0,69.64
NYT,2026-09-18 14:40:00+00:00,69.65,69.65,69.56,69.56,1373.0,42.0,69.580122
NYT,2026-09-18 14:45:00+00:00,69.56,69.87,69.56,69.87,2507.0,38.0,69.763269
NYT,2026-09-18 14:50:00+00:00,69.89,69.985,69.89,69.95,1373.0,40.0,69.940714
NYT,2026-09-18 14:55:00+00:00,69.99,70.04,69.87,69.945,1364.0,30.0,69.953636
NYT,2026-09-18 15:00:00+00:00,69.96,70.02,69.96,70.02,923.0,31.0,69.984
NYT,2026-09-18 15:05:00+00:00,69.975,70.0,69.86,69.86,1179.0,40.0,69.938871
NYT,2026-09-18 15:10:00+00:00,69.825,69.825,69.74,69.8,1789.0,59.0,69.794268
NYT,2026-09-18 15:15:00+00:00,69.75,69.83,69.75,69.82,1344.0,31.0,69.789054
NYT,2026-09-18 15:20:00+00:00,69.83,69.84,69.83,69.84,1213.0,49.0,69.834688
NYT,2026-09-18 15:25:00+00:00,69.845,69.845,69.845,69.845,243.0,7.0,69.845
NYT,2026-09-18 15:30:00+00:00,69.885,69.9,69.815,69.85,1572.0,41.0,69.865232
NYT,2026-09-18 15:35:00+00:00,69.84,69.945,69.84,69.88,1327.0,22.0,69.897391
NYT,2026-09-18 15:40:00+00:00,69.83,69.89,69.82,69.82,1727.0,33.0,69.847553
NYT,2026-09-18 15:45:00+00:00,69.845,70.03,69.81,70.01,2523.0,62.0,69.890243
NYT,2026-09-18 15:50:00+00:00,70.0,70.09,70.0,70.09,688.0,15.0,70.061875
NYT,2026-09-18 15:55:00+00:00,70.11,70.11,70.08,70.08,493.0,9.0,70.095
NYT,2026-09-18 16:00:00+00:00,70.125,70.125,69.965,70.02,2546.0,59.0,70.026987
NYT,2026-09-18 16:05:00+00:00,70.01,70.1,70.01,70.1,634.0,16.0,70.0625
NYT,2026-09-18 16:10:00+00:00,70.1,70.1,70.05,70.08,726.0,11.0,70.079
NYT,2026-09-18 16:15:00+00:00,70.075,70.12,70.075,70.12,1361.0,28.0,70.103513
NYT,2026-09-18 16:20:00+00:00,70.11,70.135,69.99,69.99,2475.0,38.0,70.0705
NYT,2026-09-18 16:25:00+00:00,69.98,70.12,69.98,70.11,5902.0,102.0,70.093114
NYT,2026-09-18 16:30:00+00:00,70.36,70.46,70.33,70.33,2138.0,37.0,70.380913
NYT,2026-09-18 16:35:00+00:00,70.3,70.31,70.24,70.26,1595.0,43.0,70.269677
NYT,2026-09-18 16:40:00+00:00,70.265,70.32,70.265,70.32,670.0,13.0,70.29
NYT,2026-09-18 16:45:00+00:00,70.32,70.545,70.32,70.405,5893.0,92.0,70.455783
NYT,2026-09-18 16:50:00+00:00,70.4,70.405,70.4,70.405,614.0,8.0,70.404
NYT,2026-09-18 16:55:00+00:00,70.42,70.43,70.42,70.42,599.0,9.0,70.422
NYT,2026-09-18 17:00:00+00:00,70.4,70.43,70.4,70.43,1660.0,31.0,70.419024
NYT,2026-09-18 17:05:00+00:00,70.42,70.46,70.37,70.39,1468.0,21.0,70.412717
NYT,2026-09-18 17:10:00+00:00,70.37,70.375,70.35,70.35,1827.0,30.0,70.361923
NYT,2026-09-18 17:15:00+00:00,70.34,70.445,70.325,70.445,1628.0,27.0,70.377273
NYT,2026-09-18 17:20:00+00:00,70.355,70.365,70.35,70.35,1031.0,19.0,70.356428
NYT,2026-09-18 17:25:00+00:00,70.34,70.34,70.32,70.325,1007.0,18.0,70.325769
NYT,2026-09-18 17:30:00+00:00,70.28,70.285,70.225,70.24,2003.0,38.0,70.246818
NYT,2026-09-18 17:35:00+00:00,70.245,70.29,70.245,70.28,916.0,21.0,70.268555
NYT,2026-09-18 17:40:00+00:00,70.28,70.28,70.215,70.23,2178.0,71.0,70.233472
NYT,2026-09-18 17:45:00+00:00,70.215,70.215,70.185,70.185,1708.0,37.0,70.198219
NYT,2026-09-18 17:50:00+00:00,70.18,70.19,70.15,70.15,1785.0,26.0,70.174649
NYT,2026-09-18 17:55:00+00:00,70.13,70.16,70.125,70.16,1282.0,25.0,70.146537
NYT,2026-09-18 18:00:00+00:00,70.095,70.1,70.05,70.06,1484.0,26.0,70.07881
NYT,2026-09-18 18:05:00+00:00,70.11,70.14,70.11,70.11,1048.0,17.0,70.125
NYT,2026-09-18 18:10:00+00:00,70.14,70.155,70.13,70.155,578.0,8.0,70.136617
NYT,2026-09-18 18:15:00+00:00,70.16,70.16,70.16,70.16,134.0,4.0,70.16
NYT,2026-09-18 18:20:00+00:00,70.12,70.12,70.1,70.1,823.0,16.0,70.109966
NYT,2026-09-18 18:25:00+00:00,70.08,70.08,70.065,70.07,1665.0,37.0,70.072391
NYT,2026-09-18 18:30:00+00:00,70.1,70.11,70.075,70.09,908.0,13.0,70.093902
NYT,2026-09-18 18:35:00+00:00,70.09,70.13,70.07,70.13,936.0,24.0,70.102619
NYT,2026-09-18 18:40:00+00:00,70.165,70.18,70.13,70.18,1695.0,28.0,70.155673
NYT,2026-09-18 18:45:00+00:00,70.19,70.39,70.185,70.39,1182.0,20.0,70.2625
NYT,2026-09-18 18:50:00+00:00,70.32,70.37,70.295,70.37,1381.0,19.0,70.322482
NYT,2026-09-18 18:55:00+00:00,70.36,70.36,70.13,70.13,3332.0,50.0,70.225
NYT,2026-09-18 19:00:00+00:00,70.18,70.445,70.18,70.445,5343.0,80.0,70.288301
NYT,2026-09-18 19:05:00+00:00,70.44,70.49,70.355,70.365,4044.0,64.0,70.433855
NYT,2026-09-18 19:10:00+00:00,70.365,70.475,70.36,70.45,2749.0,44.0,70.414819
NYT,2026-09-18 19:15:00+00:00,70.45,70.45,70.35,70.36,2578.0,38.0,70.395357
NYT,2026-09-18 19:20:00+00:00,70.36,70.525,70.31,70.525,4986.0,63.0,70.401274
NYT,2026-09-18 19:25:00+00:00,70.525,70.54,70.47,70.52,5550.0,97.0,70.510914
NYT,2026-09-18 19:30:00+00:00,70.42,70.445,70.37,70.38,3376.0,69.0,70.403052
NYT,2026-09-18 19:35:00+00:00,70.4,70.57,70.395,70.57,4509.0,89.0,70.448797
NYT,2026-09-18 19:40:00+00:00,70.56,70.61,70.56,70.56,2932.0,60.0,70.58051
NYT,2026-09-18 19:45:00+00:00,70.54,70.54,70.27,70.31,6212.0,141.0,70.405886
NYT,2026-09-18 19:50:00+00:00,70.22,70.28,70.01,70.28,8944.0,136.0,70.205137
NYT,2026-09-18 19:55:00+00:00,70.25,70.25,70.0,70.165,33461.0,545.0,70.064462
