symbol,timestamp,open,high,low,close,volume,trade_count,vwap
SO,2026-08-14 13:30:00+00:00,92.71,92.71,92.71,92.71,219.0,4.0,92.71
SO,2026-08-14 13:35:00+00:00,92.91,92.99,92.82,92.82,1026.0,19.0,92.922857
SO,2026-08-14 13:40:00+00:00,92.93,92.93,92.93,92.93,203.0,3.0,92.93
SO,2026-08-14 13:50:00+00:00,93.01,93.1,93.01,93.03,478.0,14.0,93.043333
SO,2026-08-14 13:55:00+00:00,92.9,92.93,92.9,92.93,557.0,14.0,92.915
SO,2026-08-14 14:00:00+00:00,92.84,92.84,92.63,92.74,1829.0,47.0,92.773889
SO,2026-08-14 14:05:00+00:00,92.64,92.64,92.59,92.59,1108.0,9.0,92.603168
SO,2026-08-14 14:10:00+00:00,92.565,92.62,92.56,92.61,2258.0,48.0,92.596398
SO,2026-08-14 14:15:00+00:00,92.645,92.69,92.645,92.69,656.0,13.0,92.66
SO,2026-08-14 14:20:00+00:00,92.74,92.74,92.74,92.74,303.0,6.0,92.74
SO,2026-08-14 14:25:00+00:00,92.77,92.8,92.71,92.73,1917.0,34.0,92.735357
SO,2026-08-14 14:30:00+00:00,92.7,92.72,92.6,92.65,4870.0,113.0,92.663312
SO,2026-08-14 14:35:00+00:00,92.665,92.82,92.665,92.79,2632.0,39.0,92.728753
SO,2026-08-14 14:40:00+00:00,92.78,92.79,92.75,92.755,601.0,13.0,92.76875
SO,2026-08-14 14:45:00+00:00,92.855,92.855,92.855,92.855,156.0,5.0,92.855
SO,2026-08-14 14:50:00+00:00,92.78,92.78,92.75,92.75,620.0,15.0,92.765
SO,2026-08-14 14:55:00+00:00,92.815,92.84,92.8,92.84,1167.0,25.0,92.8175
SO,2026-08-14 15:00:00+00:00,92.87,92.97,92.87,92.97,1018.0,27.0,92.90467
SO,2026-08-14 15:05:00+00:00,92.93,92.99,92.93,92.99,656.0,13.0,92.957144
SO,2026-08-14 15:10:00+00:00,93.02,93.02,92.89,92.89,644.0,14.0,92.96125
SO,2026-08-14 15:15:00+00:00,92.95,92.965,92.94,92.965,1007.0,23.0,92.9525
SO,2026-08-14 15:20:00+00:00,92.895,93.01,92.895,93.01,811.0,31.0,92.951667
SO,2026-08-14 15:25:00+00:00,93.02,93.03,92.91,92.91,1090.0,29.0,92.9925
SO,2026-08-14 15:30:00+00:00,92.95,93.055,92.95,93.055,1214.0,35.0,93.014444
SO,2026-08-14 15:35:00+00:00,93.04,93.09,93.03,93.035,1124.0,23.0,93.0475
SO,2026-08-14 15:40:00+00:00,93.05,93.165,93.04,93.165,1437.0,32.0,93.0875
SO,2026-08-14 15:45:00+00:00,93.17,93.185,93.15,93.18,1544.0,50.0,93.170556
SO,2026-08-14 15:50:00+00:00,93.16,93.16,93.07,93.09,1378.0,36.0,93.108031
SO,2026-08-14 15:55:00+00:00,93.11,93.11,93.06,93.06,1166.0,36.0,93.074286
SO,2026-08-14 16:05:00+00:00,93.09,93.09,93.05,93.06,1210.0,24.0,93.067236
SO,2026-08-14 16:10:00+00:00,93.075,93.12,93.05,93.12,921.0,15.0,93.080769
SO,2026-08-14 16:15:00+00:00,93.12,93.16,93.12,93.15,911.0,15.0,93.146875
SO,2026-08-14 16:20:00+00:00,93.14,93.205,93.14,93.2,898.0,17.0,93.164375
SO,2026-08-14 16:25:00+00:00,93.17,93.225,93.115,93.12,2687.0,37.0,93.142619
SO,2026-08-14 16:30:00+00:00,93.12,93.17,93.1,93.17,1618.0,32.0,93.153032
SO,2026-08-14 16:35:00+00:00,93.14,93.17,93.11,93.16,1586.0,31.0,93.148889
SO,2026-08-14 16:40:00+00:00,93.12,93.17,93.12,93.15,786.0,13.0,93.145
SO,2026-08-14 16:45:00+00:00,93.08,93.175,93.08,93.17,3229.0,50.0,93.137488
SO,2026-08-14 16:50:00+00:00,93.19,93.19,93.09,93.11,1418.0,23.0,93.11
SO,2026-08-14 16:55:00+00:00,93.145,93.15,93.11,93.125,3888.0,49.0,93.130767
SO,2026-08-14 17:00:00+00:00,93.15,93.15,93.105,93.105,1280.0,30.0,93.131875
SO,2026-08-14 17:05:00+00:00,93.105,93.19,93.09,93.19,3171.0,36.0,93.12902
SO,2026-08-14 17:10:00+00:00,93.22,93.27,93.21,93.27,732.0,17.0,93.228
SO,2026-08-14 17:15:00+00:00,93.29,93.33,93.29,93.33,397.0,14.0,93.313333
SO,2026-08-14 17:20:00+00:00,93.28,93.37,93.28,93.37,821.0,24.0,93.32
SO,2026-08-14 17:25:00+00:00,93.37,93.37,93.305,93.31,1765.0,45.0,93.325417
SO,2026-08-14 17:30:00+00:00,93.33,93.36,93.315,93.315,974.0,22.0,93.3325
SO,2026-08-14 17:35:00+00:00,93.3,93.365,93.285,93.365,2262.0,41.0,93.311246
SO,2026-08-14 17:40:00+00:00,93.335,93.34,93.29,93.31,1121.0,24.0,93.31
SO,2026-08-14 17:45:00+00:00,93.305,93.33,93.305,93.31,1144.0,23.0,93.316429
SO,2026-08-14 17:50:00+00:00,93.27,93.285,93.27,93.27,839.0,15.0,93.272143
SO,2026-08-14 17:55:00+00:00,93.25,93.25,93.22,93.22,800.0,17.0,93.236667
SO,2026-08-14 18:00:00+00:00,93.24,93.28,93.22,93.245,2382.0,54.0,93.262348
SO,2026-08-14 18:05:00+00:00,93.22,93.28,93.22,93.28,1065.0,22.0,93.26
SO,2026-08-14 18:10:00+00:00,93.255,93.28,93.255,93.28,453.0,11.0,93.271667
SO,2026-08-14 18:15:00+00:00,93.26,93.28,93.23,93.28,1950.0,33.0,93.258283
SO,2026-08-14 18:20:00+00:00,93.3,93.3,93.29,93.29,209.0,3.0,93.295
SO,2026-08-14 18:25:00+00:00,93.28,93.3,93.28,93.3,489.0,10.0,93.29
SO,2026-08-14 18:30:00+00:00,93.29,93.3,93.28,93.28,1106.0,15.0,93.292381
SO,2026-08-14 18:35:00+00:00,93.19,93.23,93.19,93.23,1498.0,28.0,93.214024
SO,2026-08-14 18:40:00+00:00,93.245,93.245,93.225,93.23,898.0,16.0,93.233333
SO,2026-08-14 18:45:00+00:00,93.29,93.305,93.29,93.3,544.0,17.0,93.29625
SO,2026-08-14 18:50:00+00:00,93.28,93.31,93.28,93.31,845.0,10.0,93.294834
SO,2026-08-14 18:55:00+00:00,93.305,93.34,93.305,93.34,1598.0,39.0,93.319444
SO,2026-08-14 19:00:00+00:00,93.32,93.32,93.275,93.29,1281.0,47.0,93.305046
SO,2026-08-14 19:05:00+00:00,93.27,93.3,93.22,93.25,4480.0,68.0,93.257148
SO,2026-08-14 19:10:00+00:00,93.265,93.3,93.265,93.295,1526.0,37.0,93.284375
SO,2026-08-14 19:15:00+00:00,93.275,93.28,93.2,93.2,2086.0,40.0,93.250976
SO,2026-08-14 19:20:00+00:00,93.19,93.21,93.16,93.2,3141.0,40.0,93.194199
SO,2026-08-14 19:25:00+00:00,93.155,93.18,93.1,93.1,4616.0,49.0,93.170531
SO,2026-08-14 19:30:00+00:00,93.09,93.09,93.01,93.07,2291.0,39.0,93.053561
SO,2026-08-14 19:35:00+00:00,93.06,93.06,92.95,93.03,6121.0,91.0,93.006496
SO,2026-08-14 19:40:00+00:00,93.05,93.05,92.96,93.02,4459.0,63.0,93.001221
SO,2026-08-14 19:45:00+00:00,93.03,93.04,92.885,92.94,4412.0,65.0,92.973048
SO,2026-08-14 19:50:00+00:00,92.96,92.98,92.885,92.91,8280.0,122.0,92.926371
SO,2026-08-14 19:55:00+00:00,92.9,92.91,92.78,92.81,34524.0,442.0,92.824493
SO,2026-08-17 13:30:00+00:00,91.76,91.88,91.71,91.87,1332.0,25.0,91.805833
SO,2026-08-17 13:35:00+00:00,91.935,91.935,91.61,91.93,10193.0,120.0,91.822855
SO,2026-08-17 13:40:00+00:00,91.97,92.015,91.93,92.0,1080.0,18.0,91.98
SO,2026-08-17 13:45:00+00:00,92.035,92.035,91.775,91.78,1846.0,36.0,91.830127
SO,2026-08-17 13:50:00+00:00,91.775,91.85,91.665,91.69,3906.0,69.0,91.764398
SO,2026-08-17 13:55:00+00:00,91.65,91.77,91.62,91.67,1209.0,25.0,91.6825
SO,2026-08-17 14:00:00+00:00,91.67,91.98,91.67,91.905,2278.0,49.0,91.87352
SO,2026-08-17 14:05:00+00:00,91.9,92.01,91.895,91.895,2357.0,67.0,91.952692
SO,2026-08-17 14:10:00+00:00,91.89,91.96,91.83,91.96,1386.0,33.0,91.892727
SO,2026-08-17 14:15:00+00:00,91.96,92.015,91.9,92.015,1754.0,48.0,91.945
SO,2026-08-17 14:20:00+00:00,91.97,91.99,91.95,91.95,1454.0,39.0,91.966709
SO,2026-08-17 14:25:00+00:00,91.94,91.99,91.91,91.99,1211.0,50.0,91.94875
SO,2026-08-17 14:30:00+00:00,92.03,92.08,92.03,92.07,2342.0,113.0,92.062273
SO,2026-08-17 14:35:00+00:00,92.1,92.1,91.915,91.96,2918.0,52.0,91.997
SO,2026-08-17 14:40:00+00:00,91.91,91.91,91.83,91.83,1659.0,35.0,91.858889
SO,2026-08-17 14:45:00+00:00,91.92,92.01,91.915,91.98,2716.0,57.0,91.965288
SO,2026-08-17 14:50:00+00:00,92.02,92.02,91.99,92.01,1960.0,48.0,92.007941
SO,2026-08-17 14:55:00+00:00,92.02,92.02,91.89,91.89,1679.0,42.0,91.957234
SO,2026-08-17 15:00:00+00:00,91.9,91.91,91.9,91.91,580.0,10.0,91.905
SO,2026-08-17 15:05:00+00:00,91.865,91.865,91.785,91.81,1301.0,27.0,91.813029
SO,2026-08-17 15:10:00+00:00,91.84,91.84,91.7,91.7,2302.0,42.0,91.756071
SO,2026-08-17 15:15:00+00:00,91.735,91.735,91.605,91.63,3275.0,45.0,91.642075
SO,2026-08-17 15:20:00+00:00,91.65,91.66,91.59,91.66,2414.0,41.0,91.643929
SO,2026-08-17 15:25:00+00:00,91.7,91.81,91.7,91.775,4193.0,85.0,91.75167
SO,2026-08-17 15:30:00+00:00,91.79,91.89,91.79,91.82,4555.0,94.0,91.834618
SO,2026-08-17 15:35:00+00:00,91.79,91.79,91.76,91.79,1078.0,21.0,91.781428
SO,2026-08-17 15:40:00+00:00,91.815,91.9,91.81,91.87,4460.0,70.0,91.857899
SO,2026-08-17 15:45:00+00:00,91.905,91.94,91.895,91.935,1334.0,42.0,91.90875
SO,2026-08-17 15:50:00+00:00,91.9,91.97,91.9,91.92,1305.0,38.0,91.943125
SO,2026-08-17 15:55:00+00:00,91.99,91.99,91.985,91.985,657.0,17.0,91.98875
SO,2026-08-17 16:00:00+00:00,91.93,92.01,91.93,92.01,536.0,37.0,91.9575
SO,2026-08-17 16:05:00+00:00,91.97,92.03,91.97,92.03,1050.0,25.0,92.003334
SO,2026-08-17 16:10:00+00:00,92.1,92.1,92.085,92.09,1135.0,34.0,92.091429
SO,2026-08-17 16:15:00+00:00,92.12,92.13,92.1,92.11,1471.0,31.0,92.106
SO,2026-08-17 16:20:00+00:00,92.11,92.17,92.11,92.15,2901.0,79.0,92.135968
SO,2026-08-17 16:25:00+00:00,92.18,92.18,92.1,92.17,1123.0,24.0,92.144286
SO,2026-08-17 16:30:00+00:00,92.12,92.12,92.08,92.08,2121.0,56.0,92.100595
SO,2026-08-17 16:35:00+00:00,92.17,92.17,92.155,92.155,1016.0,14.0,92.157506
SO,2026-08-17 16:40:00+00:00,92.15,92.2,92.15,92.16,1796.0,48.0,92.171593
SO,2026-08-17 16:45:00+00:00,92.13,92.18,92.13,92.165,1061.0,22.0,92.166875
SO,2026-08-17 16:50:00+00:00,92.14,92.205,92.14,92.175,2432.0,56.0,92.17808
SO,2026-08-17 16:55:00+00:00,92.16,92.19,92.16,92.16,1633.0,47.0,92.172
SO,2026-08-17 17:00:00+00:00,92.17,92.17,92.13,92.14,1068.0,23.0,92.148
SO,2026-08-17 17:05:00+00:00,92.13,92.18,92.115,92.175,3295.0,56.0,92.144087
SO,2026-08-17 17:10:00+00:00,92.19,92.31,92.19,92.31,2089.0,55.0,92.226538
SO,2026-08-17 17:15:00+00:00,92.31,92.32,92.29,92.31,2326.0,46.0,92.3075
SO,2026-08-17 17:20:00+00:00,92.28,92.315,92.255,92.3,2360.0,52.0,92.288059
SO,2026-08-17 17:25:00+00:00,92.28,92.28,92.18,92.26,1536.0,42.0,92.236667
SO,2026-08-17 17:30:00+00:00,92.27,92.32,92.27,92.31,1340.0,37.0,92.308571
SO,2026-08-17 17:35:00+00:00,92.3,92.3,92.26,92.29,2778.0,67.0,92.284987
SO,2026-08-17 17:40:00+00:00,92.31,92.34,92.31,92.34,373.0,15.0,92.325
SO,2026-08-17 17:45:00+00:00,92.33,92.38,92.31,92.35,2393.0,52.0,92.343416
SO,2026-08-17 17:50:00+00:00,92.37,92.42,92.37,92.42,2206.0,41.0,92.388377
SO,2026-08-17 17:55:00+00:00,92.4,92.455,92.4,92.455,1030.0,39.0,92.424286
SO,2026-08-17 18:00:00+00:00,92.47,92.54,92.47,92.54,2614.0,85.0,92.497161
SO,2026-08-17 18:05:00+00:00,92.55,92.59,92.54,92.575,1660.0,61.0,92.560764
SO,2026-08-17 18:10:00+00:00,92.6,92.64,92.57,92.64,2630.0,44.0,92.595556
SO,2026-08-17 18:15:00+00:00,92.61,92.63,92.59,92.61,2687.0,79.0,92.607813
SO,2026-08-17 18:20:00+00:00,92.62,92.63,92.575,92.61,2402.0,41.0,92.60421
SO,2026-08-17 18:25:00+00:00,92.59,92.59,92.535,92.535,1344.0,39.0,92.574375
SO,2026-08-17 18:30:00+00:00,92.55,92.55,92.52,92.52,1175.0,21.0,92.533333
SO,2026-08-17 18:35:00+00:00,92.53,92.54,92.51,92.51,1350.0,30.0,92.528065
SO,2026-08-17 18:40:00+00:00,92.51,92.52,92.505,92.505,1948.0,42.0,92.51
SO,2026-08-17 18:45:00+00:00,92.53,92.53,92.49,92.49,1841.0,31.0,92.508333
SO,2026-08-17 18:50:00+00:00,92.48,92.48,92.36,92.36,2626.0,54.0,92.446976
SO,2026-08-17 18:55:00+00:00,92.37,92.44,92.37,92.42,1047.0,33.0,92.415
SO,2026-08-17 19:00:00+00:00,92.44,92.445,92.37,92.37,2985.0,73.0,92.420677
SO,2026-08-17 19:05:00+00:00,92.4,92.435,92.4,92.43,1048.0,34.0,92.423
SO,2026-08-17 19:10:00+00:00,92.43,92.505,92.43,92.49,1046.0,28.0,92.467222
SO,2026-08-17 19:15:00+00:00,92.485,92.49,92.41,92.46,2491.0,64.0,92.470154
SO,2026-08-17 19:20:00+00:00,92.47,92.47,92.41,92.41,1301.0,46.0,92.445027
SO,2026-08-17 19:25:00+00:00,92.41,92.415,92.34,92.415,2679.0,67.0,92.370292
SO,2026-08-17 19:30:00+00:00,92.38,92.41,92.31,92.4,6107.0,104.0,92.345645
SO,2026-08-17 19:35:00+00:00,92.42,92.44,92.39,92.425,9169.0,115.0,92.414804
SO,2026-08-17 19:40:00+00:00,92.45,92.5,92.37,92.39,5471.0,104.0,92.432586
SO,2026-08-17 19:45:00+00:00,92.43,92.55,92.43,92.495,13219.0,114.0,92.443867
SO,2026-08-17 19:50:00+00:00,92.49,92.53,92.445,92.46,9770.0,138.0,92.486413
SO,2026-08-17 19:55:00+00:00,92.48,92.57,92.29,92.31,36912.0,513.0,92.428447
SO,2026-08-18 13:30:00+00:00,93.17,93.43,93.145,93.43,5827.0,63.0,93.242722
SO,2026-08-18 13:35:00+00:00,92.97,92.97,92.715,92.715,1300.0,30.0,92.874167
SO,2026-08-18 13:40:00+00:00,92.69,92.885,92.69,92.885,2087.0,28.0,92.781247
SO,2026-08-18 13:45:00+00:00,93.02,93.335,93.02,93.335,2637.0,48.0,93.230106
SO,2026-08-18 13:50:00+00:00,93.27,93.31,93.19,93.245,3110.0,51.0,93.258462
SO,2026-08-18 13:55:00+00:00,93.22,93.22,92.98,92.98,1185.0,32.0,93.125
SO,2026-08-18 14:00:00+00:00,92.855,92.905,92.6,92.69,4131.0,110.0,92.785192
SO,2026-08-18 14:05:00+00:00,92.66,92.73,92.62,92.715,3586.0,86.0,92.671364
SO,2026-08-18 14:10:00+00:00,92.74,92.74,92.52,92.565,5385.0,113.0,92.589865
SO,2026-08-18 14:15:00+00:00,92.55,92.61,92.525,92.565,4430.0,151.0,92.573067
SO,2026-08-18 14:20:00+00:00,92.58,92.58,92.44,92.44,3202.0,74.0,92.538043
SO,2026-08-18 14:25:00+00:00,92.5,92.5,92.27,92.27,2287.0,57.0,92.362857
SO,2026-08-18 14:30:00+00:00,92.28,92.36,92.28,92.36,3515.0,56.0,92.330409
SO,2026-08-18 14:35:00+00:00,92.33,92.47,92.32,92.47,3943.0,93.0,92.398369
SO,2026-08-18 14:40:00+00:00,92.53,92.65,92.53,92.63,3909.0,67.0,92.580263
SO,2026-08-18 14:45:00+00:00,92.62,92.65,92.49,92.505,1558.0,52.0,92.545495
SO,2026-08-18 14:50:00+00:00,92.515,92.71,92.49,92.665,3433.0,77.0,92.604524
SO,2026-08-18 14:55:00+00:00,92.69,92.69,92.62,92.69,4005.0,108.0,92.657202
SO,2026-08-18 15:00:00+00:00,92.67,92.67,92.59,92.6,3756.0,109.0,92.63314
SO,2026-08-18 15:05:00+00:00,92.62,92.755,92.62,92.73,4360.0,88.0,92.706094
SO,2026-08-18 15:10:00+00:00,92.71,92.72,92.445,92.46,2971.0,82.0,92.592338
SO,2026-08-18 15:15:00+00:00,92.375,92.575,92.375,92.575,1473.0,57.0,92.440417
SO,2026-08-18 15:20:00+00:00,92.53,92.53,92.4,92.4,2058.0,45.0,92.442857
SO,2026-08-18 15:25:00+00:00,92.38,92.41,92.35,92.41,1579.0,81.0,92.383
SO,2026-08-18 15:30:00+00:00,92.43,92.44,92.39,92.4,2171.0,69.0,92.416603
SO,2026-08-18 15:35:00+00:00,92.41,92.415,92.35,92.39,3301.0,70.0,92.392174
SO,2026-08-18 15:40:00+00:00,92.39,92.415,92.37,92.375,2811.0,92.0,92.389727
SO,2026-08-18 15:45:00+00:00,92.37,92.43,92.34,92.36,2327.0,52.0,92.380294
SO,2026-08-18 15:50:00+00:00,92.43,92.465,92.42,92.42,2222.0,40.0,92.441944
SO,2026-08-18 15:55:00+00:00,92.41,92.41,92.34,92.36,1739.0,35.0,92.380532
SO,2026-08-18 16:00:00+00:00,92.34,92.36,92.31,92.33,2011.0,45.0,92.337042
SO,2026-08-18 16:05:00+00:00,92.32,92.33,92.26,92.31,1525.0,35.0,92.313333
SO,2026-08-18 16:10:00+00:00,92.315,92.33,92.295,92.3,1441.0,21.0,92.314
SO,2026-08-18 16:15:00+00:00,92.33,92.48,92.33,92.48,1929.0,39.0,92.421154
SO,2026-08-18 16:20:00+00:00,92.45,92.485,92.385,92.43,1481.0,32.0,92.432778
SO,2026-08-18 16:25:00+00:00,92.42,92.5,92.4,92.46,1971.0,32.0,92.449835
SO,2026-08-18 16:30:00+00:00,92.44,92.495,92.44,92.46,2137.0,44.0,92.457941
SO,2026-08-18 16:35:00+00:00,92.46,92.495,92.45,92.45,2022.0,35.0,92.472333
SO,2026-08-18 16:40:00+00:00,92.42,92.42,92.35,92.35,1775.0,63.0,92.399
SO,2026-08-18 16:45:00+00:00,92.33,92.36,92.31,92.315,1813.0,34.0,92.33
SO,2026-08-18 16:50:00+00:00,92.34,92.355,92.3,92.3,1928.0,69.0,92.332084
SO,2026-08-18 16:55:00+00:00,92.3,92.345,92.295,92.325,1040.0,17.0,92.31
SO,2026-08-18 17:00:00+00:00,92.37,92.39,92.34,92.34,1770.0,26.0,92.369286
SO,2026-08-18 17:05:00+00:00,92.335,92.49,92.335,92.465,1746.0,29.0,92.40726
SO,2026-08-18 17:10:00+00:00,92.48,92.54,92.46,92.54,2522.0,50.0,92.499286
SO,2026-08-18 17:15:00+00:00,92.53,92.62,92.53,92.62,1551.0,32.0,92.59125
SO,2026-08-18 17:20:00+00:00,92.6,92.61,92.58,92.595,2385.0,39.0,92.592
SO,2026-08-18 17:25:00+00:00,92.595,92.595,92.5,92.5,1595.0,28.0,92.545
SO,2026-08-18 17:30:00+00:00,92.5,92.52,92.485,92.515,2486.0,57.0,92.503376
SO,2026-08-18 17:35:00+00:00,92.52,92.63,92.52,92.62,2261.0,82.0,92.571563
SO,2026-08-18 17:40:00+00:00,92.59,92.6,92.57,92.6,1329.0,36.0,92.581442
SO,2026-08-18 17:45:00+00:00,92.54,92.55,92.42,92.42,3167.0,54.0,92.505771
SO,2026-08-18 17:50:00+00:00,92.41,92.43,92.41,92.43,1224.0,36.0,92.417222
SO,2026-08-18 17:55:00+00:00,92.41,92.41,92.345,92.39,2071.0,58.0,92.384993
SO,2026-08-18 18:00:00+00:00,92.38,92.42,92.315,92.35,3668.0,66.0,92.35875
SO,2026-08-18 18:05:00+00:00,92.32,92.39,92.275,92.39,2370.0,43.0,92.341111
SO,2026-08-18 18:10:00+00:00,92.41,92.43,92.36,92.37,2109.0,73.0,92.384615
SO,2026-08-18 18:15:00+00:00,92.365,92.4,92.32,92.33,1487.0,35.0,92.361818
SO,2026-08-18 18:20:00+00:00,92.31,92.32,92.28,92.28,1950.0,43.0,92.301923
SO,2026-08-18 18:25:00+00:00,92.285,92.32,92.27,92.315,1997.0,46.0,92.300142
SO,2026-08-18 18:30:00+00:00,92.33,92.385,92.31,92.31,1237.0,26.0,92.336867
SO,2026-08-18 18:35:00+00:00,92.28,92.28,92.235,92.235,2232.0,63.0,92.255044
SO,2026-08-18 18:40:00+00:00,92.23,92.235,92.175,92.175,817.0,24.0,92.21
SO,2026-08-18 18:45:00+00:00,92.15,92.19,92.14,92.165,1825.0,66.0,92.165532
SO,2026-08-18 18:50:00+00:00,92.21,92.21,92.1,92.1,1209.0,30.0,92.165714
SO,2026-08-18 18:55:00+00:00,92.19,92.19,92.115,92.14,1775.0,50.0,92.142273
SO,2026-08-18 19:00:00+00:00,92.15,92.23,92.15,92.22,1614.0,54.0,92.194375
SO,2026-08-18 19:05:00+00:00,92.275,92.275,92.19,92.19,1506.0,57.0,92.2235
SO,2026-08-18 19:10:00+00:00,92.19,92.2,92.09,92.09,3232.0,65.0,92.155962
SO,2026-08-18 19:15:00+00:00,92.09,92.185,92.09,92.185,2071.0,82.0,92.126071
SO,2026-08-18 19:20:00+00:00,92.22,92.28,92.18,92.24,2867.0,58.0,92.2165
SO,2026-08-18 19:25:00+00:00,92.25,92.25,92.13,92.14,2965.0,63.0,92.175323
SO,2026-08-18 19:30:00+00:00,92.15,92.17,92.105,92.15,5787.0,121.0,92.143788
SO,2026-08-18 19:35:00+00:00,92.13,92.23,92.13,92.195,3222.0,62.0,92.179492
SO,2026-08-18 19:40:00+00:00,92.19,92.225,92.16,92.19,4369.0,58.0,92.190268
SO,2026-08-18 19:45:00+00:00,92.2,92.26,92.13,92.19,6419.0,104.0,92.183268
SO,2026-08-18 19:50:00+00:00,92.13,92.225,92.05,92.215,8894.0,143.0,92.126895
SO,2026-08-18 19:55:00+00:00,92.13,92.22,92.025,92.025,24725.0,383.0,92.127636
SO,2026-08-19 13:30:00+00:00,92.435,92.435,92.185,92.39,1013.0,18.0,92.303548
SO,2026-08-19 13:35:00+00:00,92.495,92.665,92.47,92.62,2783.0,24.0,92.521918
SO,2026-08-19 13:40:00+00:00,92.66,92.66,92.66,92.66,146.0,5.0,92.66
SO,2026-08-19 13:45:00+00:00,92.61,92.765,92.52,92.67,2819.0,40.0,92.663461
SO,2026-08-19 13:50:00+00:00,92.62,92.91,92.62,92.83,2592.0,80.0,92.797692
SO,2026-08-19 13:55:00+00:00,92.72,92.72,92.5,92.5,1656.0,30.0,92.648034
SO,2026-08-19 14:00:00+00:00,92.44,92.47,92.44,92.47,2410.0,35.0,92.453494
SO,2026-08-19 14:05:00+00:00,92.31,92.435,92.26,92.435,3222.0,48.0,92.318106
SO,2026-08-19 14:10:00+00:00,92.63,92.66,92.58,92.61,899.0,28.0,92.614
SO,2026-08-19 14:15:00+00:00,92.585,92.665,92.57,92.65,2596.0,66.0,92.605347
SO,2026-08-19 14:20:00+00:00,92.52,92.71,92.515,92.66,3401.0,60.0,92.612222
SO,2026-08-19 14:25:00+00:00,92.56,92.56,92.29,92.31,1548.0,81.0,92.401018
SO,2026-08-19 14:30:00+00:00,92.185,92.32,92.185,92.32,2769.0,78.0,92.237083
SO,2026-08-19 14:35:00+00:00,92.26,92.26,92.135,92.15,2462.0,84.0,92.20027
SO,2026-08-19 14:40:00+00:00,92.1,92.22,92.1,92.22,1925.0,48.0,92.160253
SO,2026-08-19 14:45:00+00:00,92.21,92.21,92.13,92.13,922.0,34.0,92.182917
SO,2026-08-19 14:50:00+00:00,92.17,92.17,92.04,92.04,1586.0,46.0,92.11125
SO,2026-08-19 14:55:00+00:00,92.11,92.355,92.11,92.355,3210.0,81.0,92.246852
SO,2026-08-19 15:00:00+00:00,92.3,92.31,92.21,92.3,3362.0,89.0,92.250287
SO,2026-08-19 15:05:00+00:00,92.365,92.38,92.245,92.31,2718.0,98.0,92.322322
SO,2026-08-19 15:10:00+00:00,92.215,92.23,92.08,92.08,1300.0,42.0,92.15
SO,2026-08-19 15:15:00+00:00,92.075,92.075,91.955,91.96,3873.0,111.0,91.988802
SO,2026-08-19 15:20:00+00:00,92.01,92.01,91.87,91.87,2473.0,78.0,91.928214
SO,2026-08-19 15:25:00+00:00,91.86,91.91,91.86,91.91,1539.0,40.0,91.880656
SO,2026-08-19 15:30:00+00:00,91.9,91.91,91.75,91.775,3234.0,60.0,91.803942
SO,2026-08-19 15:35:00+00:00,91.75,91.77,91.74,91.765,2285.0,38.0,91.76
SO,2026-08-19 15:40:00+00:00,91.72,91.76,91.65,91.65,2691.0,46.0,91.705417
SO,2026-08-19 15:45:00+00:00,91.67,91.69,91.615,91.63,2255.0,37.0,91.663462
SO,2026-08-19 15:50:00+00:00,91.655,91.745,91.655,91.745,1009.0,21.0,91.714375
SO,2026-08-19 15:55:00+00:00,91.75,91.77,91.74,91.74,1007.0,25.0,91.747143
SO,2026-08-19 16:00:00+00:00,91.77,91.79,91.63,91.64,2422.0,68.0,91.694605
SO,2026-08-19 16:05:00+00:00,91.655,91.7,91.58,91.615,1593.0,32.0,91.629752
SO,2026-08-19 16:10:00+00:00,91.615,91.66,91.615,91.655,1186.0,27.0,91.63625
SO,2026-08-19 16:15:00+00:00,91.69,91.8,91.63,91.8,5504.0,85.0,91.724124
SO,2026-08-19 16:20:00+00:00,91.73,91.795,91.73,91.76,1506.0,65.0,91.766364
SO,2026-08-19 16:25:00+00:00,91.85,91.91,91.805,91.825,4147.0,50.0,91.845216
SO,2026-08-19 16:30:00+00:00,91.86,91.91,91.84,91.91,1184.0,39.0,91.864167
SO,2026-08-19 16:35:00+00:00,91.875,92.02,91.875,92.01,984.0,33.0,91.979
SO,2026-08-19 16:40:00+00:00,91.97,91.97,91.97,91.97,172.0,6.0,91.97
SO,2026-08-19 16:45:00+00:00,91.99,91.99,91.97,91.98,1235.0,19.0,91.985
SO,2026-08-19 16:50:00+00:00,91.98,91.98,91.89,91.97,2987.0,46.0,91.920769
SO,2026-08-19 16:55:00+00:00,91.93,91.93,91.87,91.88,977.0,26.0,91.895714
SO,2026-08-19 17:00:00+00:00,91.99,92.0,91.9,91.92,1207.0,23.0,91.945
SO,2026-08-19 17:05:00+00:00,91.89,91.9,91.865,91.865,1369.0,45.0,91.883611
SO,2026-08-19 17:10:00+00:00,91.855,91.9,91.855,91.9,1596.0,35.0,91.883296
SO,2026-08-19 17:15:00+00:00,91.91,92.065,91.91,92.065,1298.0,28.0,91.978
SO,2026-08-19 17:20:00+00:00,92.04,92.115,92.04,92.115,1528.0,32.0,92.0765
SO,2026-08-19 17:25:00+00:00,92.1,92.14,92.1,92.14,1493.0,37.0,92.112084
SO,2026-08-19 17:30:00+00:00,92.14,92.14,92.1,92.1,753.0,31.0,92.119167
SO,2026-08-19 17:35:00+00:00,92.06,92.12,92.06,92.12,1652.0,48.0,92.079444
SO,2026-08-19 17:40:00+00:00,92.135,92.185,92.135,92.18,1135.0,26.0,92.156667
SO,2026-08-19 17:45:00+00:00,92.17,92.23,92.17,92.2,1143.0,22.0,92.192143
SO,2026-08-19 17:50:00+00:00,92.205,92.265,92.2,92.265,1694.0,59.0,92.221667
SO,2026-08-19 17:55:00+00:00,92.27,92.27,92.26,92.27,1250.0,25.0,92.268
SO,2026-08-19 18:00:00+00:00,92.26,92.32,92.26,92.28,2782.0,49.0,92.299585
SO,2026-08-19 18:05:00+00:00,92.295,92.41,92.295,92.41,3840.0,76.0,92.351427
SO,2026-08-19 18:10:00+00:00,92.41,92.43,92.4,92.43,2152.0,47.0,92.41153
SO,2026-08-19 18:15:00+00:00,92.44,92.44,92.39,92.39,1415.0,37.0,92.428529
SO,2026-08-19 18:20:00+00:00,92.37,92.4,92.35,92.36,1150.0,27.0,92.379445
SO,2026-08-19 18:25:00+00:00,92.38,92.39,92.36,92.39,1282.0,26.0,92.377778
SO,2026-08-19 18:30:00+00:00,92.365,92.38,92.345,92.345,1031.0,25.0,92.36
SO,2026-08-19 18:35:00+00:00,92.38,92.4,92.38,92.4,542.0,11.0,92.393902
SO,2026-08-19 18:40:00+00:00,92.42,92.44,92.42,92.43,736.0,13.0,92.429927
SO,2026-08-19 18:45:00+00:00,92.38,92.39,92.32,92.32,673.0,16.0,92.356
SO,2026-08-19 18:50:00+00:00,92.33,92.33,92.28,92.305,1741.0,35.0,92.316157
SO,2026-08-19 18:55:00+00:00,92.32,92.32,92.255,92.255,958.0,30.0,92.28375
SO,2026-08-19 19:00:00+00:00,92.27,92.32,92.27,92.32,776.0,12.0,92.287663
SO,2026-08-19 19:05:00+00:00,92.31,92.31,92.275,92.275,1288.0,25.0,92.291111
SO,2026-08-19 19:10:00+00:00,92.26,92.26,92.2,92.205,1607.0,24.0,92.213633
SO,2026-08-19 19:15:00+00:00,92.2,92.21,92.195,92.2,1307.0,35.0,92.200624
SO,2026-08-19 19:20:00+00:00,92.18,92.18,92.14,92.16,1221.0,43.0,92.163065
SO,2026-08-19 19:25:00+00:00,92.12,92.165,92.09,92.165,1888.0,55.0,92.121667
SO,2026-08-19 19:30:00+00:00,92.175,92.29,92.17,92.28,6064.0,87.0,92.221449
SO,2026-08-19 19:35:00+00:00,92.23,92.325,92.23,92.31,2410.0,77.0,92.275209
SO,2026-08-19 19:40:00+00:00,92.31,92.34,92.28,92.28,2420.0,64.0,92.314974
SO,2026-08-19 19:45:00+00:00,92.24,92.32,92.21,92.3,7270.0,142.0,92.265294
SO,2026-08-19 19:50:00+00:00,92.255,92.37,92.255,92.315,11945.0,168.0,92.305448
SO,2026-08-19 19:55:00+00:00,92.35,92.35,92.18,92.21,46782.0,643.0,92.235021
SO,2026-08-20 13:30:00+00:00,91.9,92.165,91.65,92.165,4437.0,40.0,91.856212
SO,2026-08-20 13:35:00+00:00,92.28,92.46,92.18,92.46,1535.0,26.0,92.309474
SO,2026-08-20 13:40:00+00:00,92.52,92.52,92.52,92.52,132.0,6.0,92.52
SO,2026-08-20 13:45:00+00:00,92.58,92.58,92.46,92.46,6387.0,76.0,92.49169
SO,2026-08-20 13:50:00+00:00,92.475,92.6,92.4,92.4,5354.0,76.0,92.503599
SO,2026-08-20 13:55:00+00:00,92.395,92.435,92.31,92.335,9127.0,50.0,92.408871
SO,2026-08-20 14:00:00+00:00,92.21,92.32,92.21,92.245,1720.0,42.0,92.250834
SO,2026-08-20 14:05:00+00:00,92.25,92.33,92.21,92.21,2360.0,80.0,92.25875
SO,2026-08-20 14:10:00+00:00,92.19,92.28,92.19,92.2,3138.0,73.0,92.227755
SO,2026-08-20 14:15:00+00:00,92.21,92.31,92.21,92.31,5975.0,153.0,92.25543
SO,2026-08-20 14:20:00+00:00,92.36,92.37,92.11,92.11,2930.0,105.0,92.289714
SO,2026-08-20 14:25:00+00:00,92.13,92.15,92.055,92.055,2127.0,59.0,92.111
SO,2026-08-20 14:30:00+00:00,92.015,92.1,92.005,92.1,1682.0,52.0,92.0455
SO,2026-08-20 14:35:00+00:00,92.085,92.11,91.98,92.07,2196.0,54.0,92.084167
SO,2026-08-20 14:40:00+00:00,92.02,92.04,91.94,91.98,2767.0,52.0,91.98694
SO,2026-08-20 14:45:00+00:00,92.11,92.21,92.05,92.19,4897.0,91.0,92.108832
SO,2026-08-20 14:50:00+00:00,92.18,92.18,92.035,92.1,3122.0,79.0,92.122949
SO,2026-08-20 14:55:00+00:00,92.03,92.08,91.99,92.08,4740.0,84.0,92.0211
SO,2026-08-20 15:00:00+00:00,92.14,92.225,92.125,92.225,10027.0,55.0,92.164052
SO,2026-08-20 15:05:00+00:00,92.205,92.3,92.205,92.3,5975.0,53.0,92.24274
SO,2026-08-20 15:10:00+00:00,92.35,92.39,92.35,92.39,20590.0,72.0,92.374274
SO,2026-08-20 15:15:00+00:00,92.4,92.53,92.39,92.47,12968.0,69.0,92.436278
SO,2026-08-20 15:20:00+00:00,92.42,92.49,92.33,92.33,3188.0,65.0,92.441358
SO,2026-08-20 15:25:00+00:00,92.18,92.29,92.18,92.27,1464.0,36.0,92.253314
SO,2026-08-20 15:30:00+00:00,92.27,92.27,92.18,92.22,1593.0,61.0,92.216667
SO,2026-08-20 15:35:00+00:00,92.235,92.27,92.235,92.26,3171.0,47.0,92.257992
SO,2026-08-20 15:40:00+00:00,92.23,92.32,92.23,92.32,1831.0,33.0,92.283889
SO,2026-08-20 15:45:00+00:00,92.34,92.34,92.27,92.29,3943.0,49.0,92.315959
SO,2026-08-20 15:50:00+00:00,92.245,92.365,92.245,92.3,14767.0,105.0,92.315317
SO,2026-08-20 15:55:00+00:00,92.315,92.315,92.21,92.21,5366.0,50.0,92.3075
SO,2026-08-20 16:00:00+00:00,92.03,92.12,92.02,92.11,1330.0,20.0,92.065031
SO,2026-08-20 16:05:00+00:00,92.13,92.16,92.11,92.11,7426.0,55.0,92.139656
SO,2026-08-20 16:10:00+00:00,92.145,92.155,92.11,92.125,2350.0,21.0,92.13107
SO,2026-08-20 16:15:00+00:00,92.07,92.16,92.07,92.09,7858.0,77.0,92.139459
SO,2026-08-20 16:20:00+00:00,92.05,92.08,92.05,92.05,326.0,10.0,92.06
SO,2026-08-20 16:25:00+00:00,92.0,92.0,91.88,91.88,2014.0,31.0,91.966043
SO,2026-08-20 16:30:00+00:00,91.93,91.96,91.76,91.77,2355.0,57.0,91.889336
SO,2026-08-20 16:35:00+00:00,91.785,91.8,91.76,91.76,1705.0,13.0,91.773125
SO,2026-08-20 16:40:00+00:00,91.79,91.79,91.72,91.73,1400.0,27.0,91.753636
SO,2026-08-20 16:45:00+00:00,91.74,91.76,91.71,91.73,2363.0,28.0,91.73525
SO,2026-08-20 16:50:00+00:00,91.72,91.73,91.63,91.63,1061.0,19.0,91.688333
SO,2026-08-20 16:55:00+00:00,91.63,91.67,91.61,91.67,2394.0,25.0,91.638334
SO,2026-08-20 17:00:00+00:00,91.61,91.7,91.59,91.595,2110.0,38.0,91.64375
SO,2026-08-20 17:05:00+00:00,91.58,91.64,91.58,91.6,1899.0,56.0,91.611667
SO,2026-08-20 17:10:00+00:00,91.62,91.68,91.62,91.68,722.0,15.0,91.646
SO,2026-08-20 17:15:00+00:00,91.695,91.7,91.68,91.68,2192.0,29.0,91.686141
SO,2026-08-20 17:20:00+00:00,91.69,91.73,91.64,91.64,1187.0,33.0,91.682537
SO,2026-08-20 17:25:00+00:00,91.65,91.65,91.59,91.65,1662.0,33.0,91.628572
SO,2026-08-20 17:30:00+00:00,91.66,91.73,91.66,91.73,2190.0,44.0,91.690199
SO,2026-08-20 17:35:00+00:00,91.74,91.77,91.735,91.74,2964.0,94.0,91.75
SO,2026-08-20 17:40:00+00:00,91.74,91.785,91.705,91.78,2639.0,78.0,91.7392
SO,2026-08-20 17:45:00+00:00,91.75,91.79,91.75,91.79,1789.0,45.0,91.768245
SO,2026-08-20 17:50:00+00:00,91.8,91.88,91.8,91.88,4201.0,128.0,91.832916
SO,2026-08-20 17:55:00+00:00,91.865,91.865,91.78,91.84,2723.0,141.0,91.817375
SO,2026-08-20 18:00:00+00:00,91.835,91.835,91.795,91.815,1806.0,74.0,91.816
SO,2026-08-20 18:05:00+00:00,91.84,91.9,91.84,91.89,3381.0,116.0,91.866189
SO,2026-08-20 18:10:00+00:00,91.91,91.91,91.845,91.89,2360.0,75.0,91.875755
SO,2026-08-20 18:15:00+00:00,91.94,91.94,91.89,91.89,1491.0,48.0,91.924034
SO,2026-08-20 18:20:00+00:00,91.89,91.95,91.89,91.95,2176.0,74.0,91.934487
SO,2026-08-20 18:25:00+00:00,91.96,91.985,91.95,91.95,2655.0,126.0,91.963141
SO,2026-08-20 18:30:00+00:00,91.92,91.92,91.89,91.92,3364.0,86.0,91.902721
SO,2026-08-20 18:35:00+00:00,91.935,91.97,91.915,91.97,2749.0,92.0,91.940221
SO,2026-08-20 18:40:00+00:00,91.98,92.05,91.96,92.05,4709.0,149.0,92.008511
SO,2026-08-20 18:45:00+00:00,92.02,92.02,91.87,91.88,3940.0,147.0,91.926057
SO,2026-08-20 18:50:00+00:00,91.81,91.85,91.78,91.84,4976.0,132.0,91.826176
SO,2026-08-20 18:55:00+00:00,91.845,91.845,91.8,91.8,331.0,13.0,91.8225
SO,2026-08-20 19:00:00+00:00,91.8,91.81,91.715,91.72,2031.0,55.0,91.775
SO,2026-08-20 19:05:00+00:00,91.7,91.79,91.7,91.76,2824.0,60.0,91.750773
SO,2026-08-20 19:10:00+00:00,91.76,91.77,91.69,91.72,2396.0,49.0,91.722298
SO,2026-08-20 19:15:00+00:00,91.63,91.69,91.63,91.65,1612.0,53.0,91.659091
SO,2026-08-20 19:20:00+00:00,91.59,91.59,91.56,91.58,1237.0,46.0,91.58
SO,2026-08-20 19:25:00+00:00,91.61,91.64,91.59,91.6,1896.0,49.0,91.611111
SO,2026-08-20 19:30:00+00:00,91.59,91.66,91.59,91.645,3343.0,77.0,91.625313
SO,2026-08-20 19:35:00+00:00,91.65,91.76,91.65,91.75,2542.0,95.0,91.706538
SO,2026-08-20 19:40:00+00:00,91.675,91.75,91.675,91.74,1156.0,32.0,91.719906
SO,2026-08-20 19:45:00+00:00,91.73,91.765,91.68,91.71,5083.0,165.0,91.720486
SO,2026-08-20 19:50:00+00:00,91.64,91.69,91.6,91.62,2792.0,89.0,91.645294
SO,2026-08-20 19:55:00+00:00,91.55,91.55,91.41,91.445,16831.0,316.0,91.46497
SO,2026-08-21 13:30:00+00:00,91.49,91.49,91.12,91.145,3268.0,43.0,91.170215
SO,2026-08-21 13:35:00+00:00,91.03,91.19,90.87,90.87,4175.0,69.0,91.040885
SO,2026-08-21 13:40:00+00:00,90.815,90.815,90.815,90.815,385.0,21.0,90.815
SO,2026-08-21 13:45:00+00:00,90.98,91.07,90.93,91.02,4055.0,87.0,91.007155
SO,2026-08-21 13:50:00+00:00,91.19,91.29,91.12,91.23,3749.0,55.0,91.207985
SO,2026-08-21 13:55:00+00:00,91.2,91.2,91.055,91.055,2230.0,78.0,91.138667
SO,2026-08-21 14:00:00+00:00,91.15,91.15,91.0,91.04,4059.0,70.0,91.041466
SO,2026-08-21 14:05:00+00:00,91.05,91.17,91.05,91.06,1819.0,51.0,91.097907
SO,2026-08-21 14:10:00+00:00,91.12,91.12,90.94,91.03,2292.0,88.0,91.041859
SO,2026-08-21 14:15:00+00:00,91.02,91.02,90.85,90.97,5100.0,66.0,90.934008
SO,2026-08-21 14:20:00+00:00,91.01,91.02,90.84,90.85,1934.0,61.0,90.938455
SO,2026-08-21 14:25:00+00:00,90.82,90.82,90.65,90.65,2066.0,64.0,90.728378
SO,2026-08-21 14:30:00+00:00,90.63,90.63,90.47,90.6,3968.0,101.0,90.561252
SO,2026-08-21 14:35:00+00:00,90.515,90.515,90.36,90.36,2826.0,82.0,90.437826
SO,2026-08-21 14:40:00+00:00,90.36,90.41,90.18,90.21,6086.0,116.0,90.322227
SO,2026-08-21 14:45:00+00:00,90.24,90.32,90.21,90.22,1854.0,56.0,90.232917
SO,2026-08-21 14:50:00+00:00,90.225,90.25,90.17,90.17,1859.0,37.0,90.227222
SO,2026-08-21 14:55:00+00:00,90.18,90.27,90.15,90.27,2679.0,81.0,90.197273
SO,2026-08-21 15:00:00+00:00,90.25,90.25,90.19,90.23,2519.0,108.0,90.220755
SO,2026-08-21 15:05:00+00:00,90.23,90.345,90.18,90.18,2456.0,101.0,90.251145
SO,2026-08-21 15:10:00+00:00,90.17,90.24,90.04,90.04,11785.0,182.0,90.142928
SO,2026-08-21 15:15:00+00:00,90.06,90.12,90.035,90.12,4351.0,126.0,90.070166
SO,2026-08-21 15:20:00+00:00,90.14,90.14,89.87,89.87,10228.0,166.0,89.998815
SO,2026-08-21 15:25:00+00:00,89.88,90.03,89.88,89.94,5854.0,161.0,89.961512
SO,2026-08-21 15:30:00+00:00,89.93,89.96,89.89,89.95,5224.0,91.0,89.92644
SO,2026-08-21 15:35:00+00:00,89.89,89.89,89.865,89.875,2986.0,54.0,89.878229
SO,2026-08-21 15:40:00+00:00,89.93,90.05,89.93,90.05,4115.0,85.0,89.995657
SO,2026-08-21 15:45:00+00:00,90.1,90.25,90.1,90.25,1983.0,58.0,90.181104
SO,2026-08-21 15:50:00+00:00,90.22,90.22,90.08,90.095,5510.0,144.0,90.116194
SO,2026-08-21 15:55:00+00:00,90.095,90.21,90.095,90.21,3616.0,131.0,90.144274
SO,2026-08-21 16:00:00+00:00,90.2,90.25,90.19,90.21,2490.0,70.0,90.207914
SO,2026-08-21 16:05:00+00:00,90.11,90.16,90.11,90.15,1573.0,32.0,90.145455
SO,2026-08-21 16:10:00+00:00,90.165,90.165,90.1,90.13,1604.0,58.0,90.12404
SO,2026-08-21 16:15:00+00:00,90.13,90.14,90.1,90.12,2859.0,65.0,90.123514
SO,2026-08-21 16:20:00+00:00,90.12,90.2,90.09,90.18,3330.0,72.0,90.110036
SO,2026-08-21 16:25:00+00:00,90.185,90.25,90.185,90.21,2009.0,39.0,90.210333
SO,2026-08-21 16:30:00+00:00,90.22,90.22,90.085,90.16,1482.0,22.0,90.111479
SO,2026-08-21 16:35:00+00:00,90.205,90.22,90.185,90.22,838.0,32.0,90.204536
SO,2026-08-21 16:40:00+00:00,90.185,90.19,90.17,90.17,1139.0,38.0,90.17875
SO,2026-08-21 16:45:00+00:00,90.13,90.135,90.13,90.135,278.0,13.0,90.1325
SO,2026-08-21 16:50:00+00:00,90.15,90.15,90.13,90.13,1760.0,52.0,90.14
SO,2026-08-21 16:55:00+00:00,90.11,90.11,90.01,90.01,10868.0,197.0,90.079308
SO,2026-08-21 17:00:00+00:00,90.005,90.03,89.945,89.95,2870.0,96.0,89.986053
SO,2026-08-21 17:05:00+00:00,89.96,89.975,89.9,89.94,2715.0,89.0,89.930294
SO,2026-08-21 17:10:00+00:00,90.02,90.08,89.99,90.04,1242.0,25.0,90.036667
SO,2026-08-21 17:15:00+00:00,90.035,90.06,90.03,90.03,2172.0,74.0,90.038636
SO,2026-08-21 17:20:00+00:00,90.045,90.045,89.95,89.95,1147.0,33.0,89.983571
SO,2026-08-21 17:25:00+00:00,90.0,90.0,89.945,89.97,1383.0,38.0,89.962711
SO,2026-08-21 17:30:00+00:00,89.97,90.05,89.94,89.94,3903.0,74.0,89.985329
SO,2026-08-21 17:35:00+00:00,89.93,89.98,89.93,89.98,2136.0,47.0,89.959541
SO,2026-08-21 17:40:00+00:00,90.04,90.08,90.04,90.045,725.0,30.0,90.059
SO,2026-08-21 17:45:00+00:00,90.05,90.05,89.985,90.03,1665.0,41.0,90.022451
SO,2026-08-21 17:50:00+00:00,90.0,90.0,89.865,89.88,8655.0,127.0,89.927711
SO,2026-08-21 17:55:00+00:00,89.845,89.905,89.81,89.905,10934.0,104.0,89.839265
SO,2026-08-21 18:00:00+00:00,89.905,89.94,89.87,89.87,4878.0,81.0,89.891762
SO,2026-08-21 18:05:00+00:00,89.835,89.92,89.835,89.91,2537.0,48.0,89.89125
SO,2026-08-21 18:10:00+00:00,89.88,89.91,89.84,89.9,3652.0,55.0,89.87845
SO,2026-08-21 18:15:00+00:00,89.895,89.895,89.87,89.87,867.0,26.0,89.885833
SO,2026-08-21 18:20:00+00:00,89.89,89.95,89.89,89.91,1336.0,51.0,89.920625
SO,2026-08-21 18:25:00+00:00,89.89,89.91,89.89,89.89,1574.0,52.0,89.897
SO,2026-08-21 18:30:00+00:00,89.9,89.9,89.83,89.83,1636.0,52.0,89.866933
SO,2026-08-21 18:35:00+00:00,89.83,89.84,89.76,89.77,5719.0,87.0,89.814043
SO,2026-08-21 18:40:00+00:00,89.77,89.8,89.77,89.79,1732.0,31.0,89.781852
SO,2026-08-21 18:45:00+00:00,89.78,89.785,89.68,89.69,1264.0,40.0,89.7435
SO,2026-08-21 18:50:00+00:00,89.63,89.65,89.58,89.58,1500.0,42.0,89.627083
SO,2026-08-21 18:55:00+00:00,89.59,89.59,89.52,89.53,2585.0,74.0,89.549333
SO,2026-08-21 19:00:00+00:00,89.55,89.55,89.46,89.48,2886.0,83.0,89.4975
SO,2026-08-21 19:05:00+00:00,89.49,89.545,89.485,89.53,1852.0,54.0,89.513403
SO,2026-08-21 19:10:00+00:00,89.52,89.52,89.365,89.385,6478.0,61.0,89.452598
SO,2026-08-21 19:15:00+00:00,89.39,89.405,89.29,89.29,5739.0,103.0,89.373242
SO,2026-08-21 19:20:00+00:00,89.295,89.32,89.255,89.265,7192.0,164.0,89.289172
SO,2026-08-21 19:25:00+00:00,89.23,89.24,89.19,89.22,6410.0,162.0,89.206104
SO,2026-08-21 19:30:00+00:00,89.23,89.27,89.17,89.24,5897.0,144.0,89.231592
SO,2026-08-21 19:35:00+00:00,89.205,89.23,89.15,89.15,5017.0,102.0,89.195249
SO,2026-08-21 19:40:00+00:00,89.15,89.35,89.095,89.35,6092.0,162.0,89.187785
SO,2026-08-21 19:45:00+00:00,89.36,89.39,89.17,89.21,6024.0,161.0,89.274172
SO,2026-08-21 19:50:00+00:00,89.19,89.19,89.07,89.12,9493.0,194.0,89.111817
SO,2026-08-21 19:55:00+00:00,89.13,89.18,88.93,88.96,47336.0,660.0,89.065576
SO,2026-08-24 13:30:00+00:00,89.055,89.54,89.055,89.28,7327.0,68.0,89.32931
SO,2026-08-24 13:35:00+00:00,89.25,89.35,89.16,89.175,3808.0,65.0,89.268036
SO,2026-08-24 13:40:00+00:00,89.27,89.56,89.26,89.47,2842.0,34.0,89.403561
SO,2026-08-24 13:45:00+00:00,89.49,89.61,89.46,89.61,4811.0,90.0,89.542227
SO,2026-08-24 13:50:00+00:00,89.59,89.725,89.59,89.695,4033.0,105.0,89.659615
SO,2026-08-24 13:55:00+00:00,89.74,89.78,89.56,89.645,2219.0,28.0,89.70079
SO,2026-08-24 14:00:00+00:00,89.555,89.555,89.5,89.5,1152.0,36.0,89.523125
SO,2026-08-24 14:05:00+00:00,89.47,89.72,89.47,89.675,4619.0,66.0,89.607934
SO,2026-08-24 14:10:00+00:00,89.7,89.7,89.6,89.67,9468.0,111.0,89.65908
SO,2026-08-24 14:15:00+00:00,89.57,89.6,89.42,89.53,5039.0,69.0,89.569425
SO,2026-08-24 14:20:00+00:00,89.53,89.53,89.29,89.36,2568.0,73.0,89.367867
SO,2026-08-24 14:25:00+00:00,89.37,89.425,89.305,89.305,4079.0,90.0,89.375
SO,2026-08-24 14:30:00+00:00,89.275,89.36,89.275,89.29,6753.0,87.0,89.307208
SO,2026-08-24 14:35:00+00:00,89.32,89.38,89.315,89.38,4823.0,84.0,89.342061
SO,2026-08-24 14:40:00+00:00,89.23,89.465,89.185,89.465,2054.0,33.0,89.376785
SO,2026-08-24 14:45:00+00:00,89.5,89.5,89.42,89.42,1838.0,57.0,89.472727
SO,2026-08-24 14:50:00+00:00,89.43,89.48,89.335,89.48,1626.0,67.0,89.417327
SO,2026-08-24 14:55:00+00:00,89.51,89.545,89.42,89.425,2167.0,83.0,89.469333
SO,2026-08-24 15:00:00+00:00,89.43,89.55,89.38,89.53,2419.0,68.0,89.479219
SO,2026-08-24 15:05:00+00:00,89.51,89.51,89.4,89.4,1828.0,43.0,89.48203
SO,2026-08-24 15:10:00+00:00,89.43,89.48,89.37,89.47,1981.0,42.0,89.428648
SO,2026-08-24 15:15:00+00:00,89.43,89.43,89.41,89.42,1817.0,33.0,89.413437
SO,2026-08-24 15:20:00+00:00,89.42,89.47,89.37,89.45,1991.0,40.0,89.40978
SO,2026-08-24 15:25:00+00:00,89.4,89.51,89.4,89.47,817.0,21.0,89.461228
SO,2026-08-24 15:30:00+00:00,89.44,89.6,89.43,89.58,4712.0,74.0,89.533886
SO,2026-08-24 15:35:00+00:00,89.555,89.575,89.51,89.575,1979.0,44.0,89.534876
SO,2026-08-24 15:40:00+00:00,89.62,89.62,89.51,89.51,2298.0,75.0,89.577083
SO,2026-08-24 15:45:00+00:00,89.53,89.59,89.53,89.535,1210.0,41.0,89.561875
SO,2026-08-24 15:50:00+00:00,89.51,89.52,89.5,89.51,1650.0,49.0,89.515
SO,2026-08-24 15:55:00+00:00,89.53,89.75,89.53,89.75,2813.0,87.0,89.656605
SO,2026-08-24 16:00:00+00:00,89.73,89.79,89.67,89.75,3201.0,81.0,89.710278
SO,2026-08-24 16:05:00+00:00,89.755,89.77,89.74,89.77,1806.0,45.0,89.755852
SO,2026-08-24 16:10:00+00:00,89.73,89.94,89.73,89.94,3395.0,66.0,89.858429
SO,2026-08-24 16:15:00+00:00,89.88,89.89,89.87,89.87,1275.0,29.0,89.884
SO,2026-08-24 16:20:00+00:00,89.86,89.94,89.86,89.93,2860.0,59.0,89.907813
SO,2026-08-24 16:25:00+00:00,89.905,89.985,89.875,89.97,4552.0,97.0,89.927409
SO,2026-08-24 16:30:00+00:00,89.935,90.0,89.93,89.99,2827.0,45.0,89.97446
SO,2026-08-24 16:35:00+00:00,90.05,90.09,90.04,90.09,2228.0,80.0,90.063018
SO,2026-08-24 16:40:00+00:00,90.05,90.11,90.05,90.11,1392.0,33.0,90.084286
SO,2026-08-24 16:45:00+00:00,90.07,90.13,90.07,90.11,1244.0,26.0,90.117273
SO,2026-08-24 16:50:00+00:00,90.095,90.12,90.075,90.12,1872.0,45.0,90.101328
SO,2026-08-24 16:55:00+00:00,90.13,90.27,90.12,90.25,3034.0,65.0,90.193781
SO,2026-08-24 17:00:00+00:00,90.28,90.315,90.28,90.31,1362.0,24.0,90.291329
SO,2026-08-24 17:05:00+00:00,90.32,90.355,90.31,90.32,1964.0,37.0,90.333333
SO,2026-08-24 17:10:00+00:00,90.35,90.38,90.33,90.33,1983.0,48.0,90.352692
SO,2026-08-24 17:15:00+00:00,90.34,90.41,90.305,90.39,1793.0,30.0,90.351154
SO,2026-08-24 17:20:00+00:00,90.41,90.42,90.3,90.3,3587.0,78.0,90.355975
SO,2026-08-24 17:25:00+00:00,90.25,90.3,90.2,90.25,4501.0,91.0,90.253208
SO,2026-08-24 17:30:00+00:00,90.23,90.23,90.11,90.11,3730.0,97.0,90.174559
SO,2026-08-24 17:35:00+00:00,90.075,90.18,90.07,90.18,2611.0,62.0,90.132595
SO,2026-08-24 17:40:00+00:00,90.25,90.26,90.25,90.26,640.0,40.0,90.253333
SO,2026-08-24 17:45:00+00:00,90.235,90.235,90.145,90.15,3936.0,56.0,90.184108
SO,2026-08-24 17:50:00+00:00,90.18,90.18,90.05,90.14,14224.0,137.0,90.126728
SO,2026-08-24 17:55:00+00:00,90.14,90.26,90.14,90.25,7133.0,65.0,90.196687
SO,2026-08-24 18:00:00+00:00,90.255,90.255,90.18,90.195,2474.0,57.0,90.216765
SO,2026-08-24 18:05:00+00:00,90.21,90.26,90.2,90.26,4106.0,53.0,90.227015
SO,2026-08-24 18:10:00+00:00,90.26,90.3,90.24,90.3,6301.0,90.0,90.276304
SO,2026-08-24 18:15:00+00:00,90.28,90.3,90.245,90.295,3437.0,52.0,90.264953
SO,2026-08-24 18:20:00+00:00,90.285,90.32,90.27,90.32,5957.0,65.0,90.294951
SO,2026-08-24 18:25:00+00:00,90.31,90.33,90.28,90.325,3954.0,69.0,90.311235
SO,2026-08-24 18:30:00+00:00,90.34,90.34,90.28,90.28,5617.0,68.0,90.323417
SO,2026-08-24 18:35:00+00:00,90.305,90.35,90.295,90.35,8216.0,100.0,90.32027
SO,2026-08-24 18:40:00+00:00,90.35,90.39,90.33,90.38,4851.0,55.0,90.353406
SO,2026-08-24 18:45:00+00:00,90.36,90.41,90.36,90.41,1797.0,32.0,90.391794
SO,2026-08-24 18:50:00+00:00,90.4,90.47,90.4,90.44,1990.0,28.0,90.437086
SO,2026-08-24 18:55:00+00:00,90.435,90.46,90.405,90.41,2195.0,38.0,90.433421
SO,2026-08-24 19:00:00+00:00,90.38,90.38,90.25,90.29,3893.0,131.0,90.287778
SO,2026-08-24 19:05:00+00:00,90.26,90.31,90.18,90.31,9533.0,83.0,90.253006
SO,2026-08-24 19:10:00+00:00,90.32,90.34,90.225,90.275,8511.0,131.0,90.273176
SO,2026-08-24 19:15:00+00:00,90.23,90.26,90.19,90.23,9896.0,94.0,90.215412
SO,2026-08-24 19:20:00+00:00,90.2,90.24,90.12,90.24,6277.0,98.0,90.172581
SO,2026-08-24 19:25:00+00:00,90.22,90.22,90.07,90.08,5119.0,72.0,90.145847
SO,2026-08-24 19:30:00+00:00,90.08,90.165,90.05,90.11,6395.0,92.0,90.124381
SO,2026-08-24 19:35:00+00:00,90.105,90.19,90.07,90.19,11025.0,120.0,90.124801
SO,2026-08-24 19:40:00+00:00,90.21,90.24,90.125,90.235,15717.0,141.0,90.195996
SO,2026-08-24 19:45:00+00:00,90.22,90.26,90.2,90.21,22943.0,178.0,90.226617
SO,2026-08-24 19:50:00+00:00,90.215,90.23,90.11,90.11,33849.0,234.0,90.172882
SO,2026-08-24 19:55:00+00:00,90.115,90.295,90.08,90.11,88414.0,690.0,90.16425
SO,2026-08-25 13:30:00+00:00,90.04,90.44,90.04,90.225,15216.0,194.0,90.264028
SO,2026-08-25 13:35:00+00:00,90.315,90.4,90.02,90.04,3339.0,75.0,90.258548
SO,2026-08-25 13:40:00+00:00,89.99,90.0,89.915,89.915,6729.0,50.0,89.918214
SO,2026-08-25 13:45:00+00:00,89.91,90.01,89.885,89.97,31133.0,134.0,89.905113
SO,2026-08-25 13:50:00+00:00,89.885,90.11,89.87,90.11,22765.0,202.0,89.938074
SO,2026-08-25 13:55:00+00:00,90.115,90.205,90.09,90.095,31064.0,137.0,90.157257
SO,2026-08-25 14:00:00+00:00,90.085,90.42,90.085,90.42,11339.0,143.0,90.115285
SO,2026-08-25 14:05:00+00:00,90.315,90.36,90.255,90.275,8590.0,75.0,90.268545
SO,2026-08-25 14:10:00+00:00,90.25,90.29,90.205,90.255,3457.0,88.0,90.225658
SO,2026-08-25 14:15:00+00:00,90.33,90.37,90.22,90.37,2170.0,59.0,90.289286
SO,2026-08-25 14:20:00+00:00,90.315,90.355,90.22,90.32,2883.0,92.0,90.299167
SO,2026-08-25 14:25:00+00:00,90.23,90.285,90.18,90.285,4326.0,91.0,90.217029
SO,2026-08-25 14:30:00+00:00,90.23,90.27,90.195,90.27,2395.0,67.0,90.216039
SO,2026-08-25 14:35:00+00:00,90.23,90.255,90.14,90.21,3591.0,56.0,90.217273
SO,2026-08-25 14:40:00+00:00,90.215,90.34,90.19,90.27,4011.0,94.0,90.237868
SO,2026-08-25 14:45:00+00:00,90.38,90.4,90.225,90.28,2351.0,55.0,90.29853
SO,2026-08-25 14:50:00+00:00,90.21,90.3,90.21,90.3,1398.0,48.0,90.261452
SO,2026-08-25 14:55:00+00:00,90.37,90.43,90.365,90.38,1461.0,48.0,90.39771
SO,2026-08-25 15:00:00+00:00,90.4,90.515,90.35,90.515,3228.0,86.0,90.413616
SO,2026-08-25 15:05:00+00:00,90.495,90.54,90.495,90.52,768.0,39.0,90.518
SO,2026-08-25 15:10:00+00:00,90.41,90.45,90.39,90.45,1617.0,50.0,90.432273
SO,2026-08-25 15:15:00+00:00,90.38,90.49,90.38,90.45,3549.0,65.0,90.433337
SO,2026-08-25 15:20:00+00:00,90.44,90.46,90.4,90.46,749.0,26.0,90.434
SO,2026-08-25 15:25:00+00:00,90.435,90.445,90.39,90.4,3322.0,67.0,90.417044
SO,2026-08-25 15:30:00+00:00,90.42,90.45,90.38,90.39,2979.0,76.0,90.405615
SO,2026-08-25 15:35:00+00:00,90.395,90.44,90.35,90.37,3834.0,103.0,90.404755
SO,2026-08-25 15:40:00+00:00,90.35,90.35,90.28,90.28,2019.0,50.0,90.323303
SO,2026-08-25 15:45:00+00:00,90.32,90.33,90.28,90.285,1196.0,41.0,90.306429
SO,2026-08-25 15:50:00+00:00,90.33,90.33,90.265,90.32,1209.0,65.0,90.292805
SO,2026-08-25 15:55:00+00:00,90.28,90.28,90.205,90.215,2045.0,63.0,90.237
SO,2026-08-25 16:00:00+00:00,90.21,90.23,90.195,90.195,2649.0,69.0,90.209288
SO,2026-08-25 16:05:00+00:00,90.22,90.22,90.18,90.18,1560.0,81.0,90.196499
SO,2026-08-25 16:10:00+00:00,90.17,90.195,90.065,90.085,4188.0,47.0,90.139969
SO,2026-08-25 16:15:00+00:00,90.07,90.07,89.975,89.975,4954.0,91.0,90.039128
SO,2026-08-25 16:20:00+00:00,89.99,90.0,89.96,90.0,1607.0,44.0,89.990022
SO,2026-08-25 16:25:00+00:00,89.91,89.915,89.84,89.87,7165.0,89.0,89.876446
SO,2026-08-25 16:30:00+00:00,89.875,89.875,89.79,89.8,4302.0,74.0,89.832489
SO,2026-08-25 16:35:00+00:00,89.78,89.8,89.72,89.785,6502.0,157.0,89.766743
SO,2026-08-25 16:40:00+00:00,89.79,89.81,89.77,89.795,6130.0,122.0,89.784979
SO,2026-08-25 16:45:00+00:00,89.795,89.86,89.785,89.855,2896.0,60.0,89.823344
SO,2026-08-25 16:50:00+00:00,89.795,89.93,89.795,89.93,4552.0,78.0,89.8622
SO,2026-08-25 16:55:00+00:00,89.9,89.935,89.865,89.865,4009.0,59.0,89.907621
SO,2026-08-25 17:00:00+00:00,89.88,89.92,89.875,89.895,2729.0,58.0,89.899524
SO,2026-08-25 17:05:00+00:00,89.9,89.9,89.795,89.795,2745.0,68.0,89.8381
SO,2026-08-25 17:10:00+00:00,89.815,89.92,89.815,89.91,1752.0,49.0,89.888572
SO,2026-08-25 17:15:00+00:00,89.915,89.935,89.895,89.895,1278.0,22.0,89.915
SO,2026-08-25 17:20:00+00:00,89.87,89.87,89.77,89.81,5074.0,73.0,89.810023
SO,2026-08-25 17:25:00+00:00,89.805,89.855,89.805,89.855,863.0,13.0,89.817
SO,2026-08-25 17:30:00+00:00,89.85,89.91,89.85,89.87,3436.0,65.0,89.87
SO,2026-08-25 17:35:00+00:00,89.875,89.97,89.875,89.945,8319.0,113.0,89.921711
SO,2026-08-25 17:40:00+00:00,89.945,90.09,89.945,90.09,4888.0,75.0,89.99813
SO,2026-08-25 17:45:00+00:00,90.06,90.07,90.0,90.01,5287.0,125.0,90.038389
SO,2026-08-25 17:50:00+00:00,90.005,90.14,90.005,90.13,2882.0,58.0,90.09
SO,2026-08-25 17:55:00+00:00,90.145,90.145,90.09,90.09,2976.0,61.0,90.097196
SO,2026-08-25 18:00:00+00:00,90.11,90.19,90.11,90.185,2749.0,55.0,90.130555
SO,2026-08-25 18:05:00+00:00,90.19,90.29,90.185,90.275,1103.0,21.0,90.218944
SO,2026-08-25 18:10:00+00:00,90.285,90.33,90.285,90.33,1113.0,32.0,90.317194
SO,2026-08-25 18:15:00+00:00,90.355,90.355,90.265,90.265,1723.0,72.0,90.297
SO,2026-08-25 18:20:00+00:00,90.225,90.24,90.2,90.24,2275.0,61.0,90.217146
SO,2026-08-25 18:25:00+00:00,90.245,90.25,90.185,90.2,2995.0,137.0,90.214905
SO,2026-08-25 18:30:00+00:00,90.21,90.22,90.19,90.21,1853.0,31.0,90.208561
SO,2026-08-25 18:35:00+00:00,90.22,90.28,90.22,90.28,2722.0,51.0,90.246721
SO,2026-08-25 18:40:00+00:00,90.27,90.33,90.27,90.31,1402.0,42.0,90.310602
SO,2026-08-25 18:45:00+00:00,90.3,90.325,90.21,90.21,5564.0,80.0,90.280984
SO,2026-08-25 18:50:00+00:00,90.21,90.21,90.115,90.185,3046.0,69.0,90.156306
SO,2026-08-25 18:55:00+00:00,90.195,90.195,90.18,90.185,1117.0,32.0,90.187561
SO,2026-08-25 19:00:00+00:00,90.205,90.235,90.17,90.23,3190.0,155.0,90.205526
SO,2026-08-25 19:05:00+00:00,90.225,90.24,90.155,90.225,3919.0,57.0,90.204418
SO,2026-08-25 19:10:00+00:00,90.23,90.29,90.23,90.245,2482.0,42.0,90.261398
SO,2026-08-25 19:15:00+00:00,90.21,90.23,90.165,90.21,4749.0,57.0,90.200245
SO,2026-08-25 19:20:00+00:00,90.225,90.295,90.225,90.295,2241.0,47.0,90.269765
SO,2026-08-25 19:25:00+00:00,90.305,90.34,90.285,90.285,2837.0,50.0,90.32464
SO,2026-08-25 19:30:00+00:00,90.255,90.31,90.205,90.205,6730.0,89.0,90.257888
SO,2026-08-25 19:35:00+00:00,90.2,90.275,90.18,90.275,4057.0,69.0,90.226654
SO,2026-08-25 19:40:00+00:00,90.28,90.31,90.265,90.31,4345.0,56.0,90.285098
SO,2026-08-25 19:45:00+00:00,90.29,90.3,90.14,90.2,9461.0,118.0,90.192059
SO,2026-08-25 19:50:00+00:00,90.22,90.22,89.995,90.02,7535.0,101.0,90.072829
SO,2026-08-25 19:55:00+00:00,90.035,90.05,89.925,89.96,29334.0,432.0,89.98075
SO,2026-08-26 13:30:00+00:00,89.97,90.115,89.97,90.115,777.0,11.0,90.086
SO,2026-08-26 13:35:00+00:00,90.47,90.515,90.3,90.515,1839.0,34.0,90.444247
SO,2026-08-26 13:40:00+00:00,90.415,90.415,90.21,90.21,1049.0,16.0,90.321
SO,2026-08-26 13:45:00+00:00,90.19,90.19,90.03,90.03,1127.0,16.0,90.081556
SO,2026-08-26 13:50:00+00:00,89.93,90.06,89.93,90.06,458.0,12.0,89.995
SO,2026-08-26 13:55:00+00:00,89.97,90.02,89.9,89.9,1736.0,34.0,89.9775
SO,2026-08-26 14:00:00+00:00,90.1,90.125,90.085,90.115,1306.0,50.0,90.107
SO,2026-08-26 14:05:00+00:00,90.11,90.31,90.11,90.31,2621.0,48.0,90.204098
SO,2026-08-26 14:10:00+00:00,90.34,90.53,90.34,90.52,2048.0,133.0,90.446539
SO,2026-08-26 14:15:00+00:00,90.52,90.53,90.475,90.52,2104.0,50.0,90.51539
SO,2026-08-26 14:20:00+00:00,90.55,90.58,90.45,90.51,3652.0,69.0,90.496739
SO,2026-08-26 14:25:00+00:00,90.46,90.47,90.405,90.425,1918.0,29.0,90.439546
SO,2026-08-26 14:30:00+00:00,90.34,90.39,90.34,90.36,1478.0,25.0,90.364091
SO,2026-08-26 14:35:00+00:00,90.32,90.32,90.13,90.13,2395.0,54.0,90.224643
SO,2026-08-26 14:40:00+00:00,90.075,90.09,90.03,90.07,2321.0,71.0,90.065643
SO,2026-08-26 14:45:00+00:00,90.0,90.02,89.93,89.93,1028.0,42.0,89.983574
SO,2026-08-26 14:50:00+00:00,89.91,89.92,89.91,89.92,426.0,18.0,89.915
SO,2026-08-26 14:55:00+00:00,89.89,89.99,89.87,89.98,1626.0,36.0,89.9105
SO,2026-08-26 15:00:00+00:00,90.025,90.09,90.02,90.09,2107.0,45.0,90.046538
SO,2026-08-26 15:05:00+00:00,90.11,90.225,90.11,90.12,540.0,11.0,90.14875
SO,2026-08-26 15:10:00+00:00,90.16,90.16,90.1,90.13,6070.0,126.0,90.118579
SO,2026-08-26 15:15:00+00:00,90.125,90.14,90.095,90.14,1453.0,34.0,90.121602
SO,2026-08-26 15:20:00+00:00,90.175,90.175,90.065,90.065,901.0,14.0,90.106429
SO,2026-08-26 15:25:00+00:00,90.05,90.065,90.0,90.02,1563.0,32.0,90.0265
SO,2026-08-26 15:30:00+00:00,90.035,90.14,90.035,90.14,1122.0,20.0,90.073098
SO,2026-08-26 15:35:00+00:00,90.125,90.13,90.08,90.085,1538.0,30.0,90.101823
SO,2026-08-26 15:40:00+00:00,90.115,90.12,90.055,90.055,2531.0,44.0,90.103234
SO,2026-08-26 15:45:00+00:00,90.1,90.15,90.1,90.14,2283.0,80.0,90.134857
SO,2026-08-26 15:50:00+00:00,90.13,90.13,90.0,90.02,3246.0,58.0,90.071304
SO,2026-08-26 15:55:00+00:00,90.04,90.115,90.0,90.085,2167.0,32.0,90.060227
SO,2026-08-26 16:00:00+00:00,90.1,90.1,90.08,90.08,719.0,15.0,90.094118
SO,2026-08-26 16:05:00+00:00,90.07,90.105,90.03,90.03,1618.0,26.0,90.0775
SO,2026-08-26 16:10:00+00:00,89.99,90.06,89.98,90.06,1793.0,40.0,90.009991
SO,2026-08-26 16:15:00+00:00,90.065,90.12,90.065,90.09,2081.0,63.0,90.089231
SO,2026-08-26 16:20:00+00:00,90.12,90.12,90.06,90.065,2172.0,108.0,90.082333
SO,2026-08-26 16:25:00+00:00,90.07,90.08,90.05,90.08,1370.0,31.0,90.071628
SO,2026-08-26 16:30:00+00:00,90.045,90.11,90.035,90.09,1358.0,32.0,90.080435
SO,2026-08-26 16:35:00+00:00,90.055,90.07,90.02,90.045,2800.0,56.0,90.042641
SO,2026-08-26 16:40:00+00:00,90.1,90.1,90.09,90.09,341.0,6.0,90.095
SO,2026-08-26 16:45:00+00:00,90.085,90.15,90.085,90.15,1206.0,23.0,90.121429
SO,2026-08-26 16:50:00+00:00,90.145,90.2,90.105,90.17,2243.0,47.0,90.148125
SO,2026-08-26 16:55:00+00:00,90.175,90.18,90.165,90.18,2579.0,72.0,90.173454
SO,2026-08-26 17:00:00+00:00,90.185,90.185,90.12,90.14,1538.0,31.0,90.151667
SO,2026-08-26 17:05:00+00:00,90.17,90.17,90.115,90.14,1967.0,49.0,90.13375
SO,2026-08-26 17:10:00+00:00,90.15,90.15,90.11,90.11,456.0,18.0,90.135
SO,2026-08-26 17:15:00+00:00,90.06,90.07,89.985,90.01,2235.0,55.0,90.016563
SO,2026-08-26 17:20:00+00:00,89.98,90.04,89.98,90.03,1131.0,33.0,90.012639
SO,2026-08-26 17:25:00+00:00,90.05,90.05,90.01,90.05,998.0,41.0,90.035
SO,2026-08-26 17:30:00+00:00,90.06,90.06,89.96,89.96,1915.0,57.0,89.991786
SO,2026-08-26 17:35:00+00:00,90.0,90.0,89.945,89.945,1033.0,42.0,89.965
SO,2026-08-26 17:40:00+00:00,89.93,89.93,89.88,89.9,3604.0,57.0,89.896167
SO,2026-08-26 17:45:00+00:00,89.9,89.945,89.89,89.925,2654.0,73.0,89.903636
SO,2026-08-26 17:50:00+00:00,89.92,89.94,89.86,89.94,7767.0,99.0,89.891308
SO,2026-08-26 17:55:00+00:00,89.935,90.0,89.935,89.945,4505.0,88.0,89.973411
SO,2026-08-26 18:00:00+00:00,89.965,89.97,89.89,89.89,2450.0,56.0,89.942333
SO,2026-08-26 18:05:00+00:00,89.88,89.92,89.88,89.915,1270.0,80.0,89.90625
SO,2026-08-26 18:10:00+00:00,89.94,89.965,89.94,89.96,905.0,36.0,89.953
SO,2026-08-26 18:15:00+00:00,89.96,90.03,89.96,90.03,1679.0,31.0,89.992353
SO,2026-08-26 18:20:00+00:00,90.01,90.015,89.93,89.93,1793.0,36.0,89.982667
SO,2026-08-26 18:25:00+00:00,89.9,89.925,89.9,89.9,1618.0,33.0,89.910555
SO,2026-08-26 18:30:00+00:00,89.895,89.92,89.89,89.92,1769.0,40.0,89.898712
SO,2026-08-26 18:35:00+00:00,89.9,89.905,89.88,89.88,1247.0,33.0,89.892143
SO,2026-08-26 18:40:00+00:00,89.875,89.91,89.85,89.85,2396.0,44.0,89.872428
SO,2026-08-26 18:45:00+00:00,89.825,89.825,89.72,89.74,6277.0,79.0,89.74278
SO,2026-08-26 18:50:00+00:00,89.71,89.79,89.685,89.79,14828.0,106.0,89.703585
SO,2026-08-26 18:55:00+00:00,89.77,89.84,89.76,89.8,4802.0,68.0,89.79314
SO,2026-08-26 19:00:00+00:00,89.79,89.81,89.79,89.79,1486.0,52.0,89.794474
SO,2026-08-26 19:05:00+00:00,89.745,89.755,89.685,89.685,1754.0,64.0,89.736364
SO,2026-08-26 19:10:00+00:00,89.705,89.79,89.68,89.78,2274.0,61.0,89.745922
SO,2026-08-26 19:15:00+00:00,89.77,89.82,89.75,89.815,7790.0,126.0,89.776534
SO,2026-08-26 19:20:00+00:00,89.83,89.895,89.805,89.895,11067.0,84.0,89.825135
SO,2026-08-26 19:25:00+00:00,89.885,89.915,89.855,89.895,6598.0,105.0,89.882239
SO,2026-08-26 19:30:00+00:00,89.915,89.94,89.9,89.915,5416.0,85.0,89.913472
SO,2026-08-26 19:35:00+00:00,89.87,89.98,89.865,89.98,21700.0,197.0,89.905915
SO,2026-08-26 19:40:00+00:00,89.98,90.06,89.98,90.055,7333.0,94.0,90.031493
SO,2026-08-26 19:45:00+00:00,90.06,90.08,89.97,89.99,39724.0,248.0,90.033868
SO,2026-08-26 19:50:00+00:00,90.02,90.1,90.0,90.06,9066.0,126.0,90.050545
SO,2026-08-26 19:55:00+00:00,90.06,90.09,89.76,89.77,21814.0,416.0,89.931129
SO,2026-08-27 13:30:00+00:00,89.235,89.245,88.78,88.89,5092.0,54.0,89.14185
SO,2026-08-27 13:35:00+00:00,88.74,88.77,88.655,88.695,6415.0,98.0,88.690993
SO,2026-08-27 13:40:00+00:00,88.605,88.63,88.53,88.6,2401.0,41.0,88.59
SO,2026-08-27 13:45:00+00:00,88.66,88.805,88.66,88.805,1153.0,17.0,88.71875
SO,2026-08-27 13:50:00+00:00,88.73,88.73,88.59,88.59,3905.0,47.0,88.636508
SO,2026-08-27 13:55:00+00:00,88.62,88.68,88.525,88.66,5228.0,76.0,88.628665
SO,2026-08-27 14:00:00+00:00,88.655,88.69,88.595,88.67,6138.0,70.0,88.651517
SO,2026-08-27 14:05:00+00:00,88.67,88.67,88.54,88.67,6351.0,94.0,88.607508
SO,2026-08-27 14:10:00+00:00,88.62,88.65,88.45,88.46,18355.0,162.0,88.492689
SO,2026-08-27 14:15:00+00:00,88.44,88.76,88.44,88.76,4060.0,62.0,88.552558
SO,2026-08-27 14:20:00+00:00,88.745,88.92,88.73,88.89,4413.0,60.0,88.813478
SO,2026-08-27 14:25:00+00:00,88.92,88.94,88.9,88.925,2018.0,35.0,88.914167
SO,2026-08-27 14:30:00+00:00,88.885,88.9,88.73,88.785,14611.0,204.0,88.811838
SO,2026-08-27 14:35:00+00:00,88.85,88.875,88.805,88.83,5233.0,71.0,88.830871
SO,2026-08-27 14:40:00+00:00,88.815,88.815,88.73,88.8,7230.0,81.0,88.77258
SO,2026-08-27 14:45:00+00:00,88.8,88.82,88.79,88.8,2631.0,31.0,88.799167
SO,2026-08-27 14:50:00+00:00,88.78,88.785,88.685,88.7,9132.0,119.0,88.751108
SO,2026-08-27 14:55:00+00:00,88.625,88.625,88.52,88.52,2203.0,45.0,88.554412
SO,2026-08-27 15:00:00+00:00,88.53,88.63,88.53,88.61,4058.0,64.0,88.596034
SO,2026-08-27 15:05:00+00:00,88.61,88.68,88.61,88.68,2830.0,58.0,88.639896
SO,2026-08-27 15:10:00+00:00,88.69,88.7,88.6,88.625,2481.0,43.0,88.656818
SO,2026-08-27 15:15:00+00:00,88.605,88.62,88.44,88.495,4746.0,67.0,88.523566
SO,2026-08-27 15:20:00+00:00,88.5,88.5,88.385,88.5,2727.0,46.0,88.482806
SO,2026-08-27 15:25:00+00:00,88.48,88.545,88.44,88.44,2952.0,49.0,88.505547
SO,2026-08-27 15:30:00+00:00,88.4,88.51,88.39,88.42,3238.0,58.0,88.452353
SO,2026-08-27 15:35:00+00:00,88.39,88.455,88.39,88.455,1434.0,25.0,88.429375
SO,2026-08-27 15:40:00+00:00,88.48,88.49,88.46,88.475,1690.0,29.0,88.469167
SO,2026-08-27 15:45:00+00:00,88.46,88.47,88.41,88.42,1688.0,25.0,88.442795
SO,2026-08-27 15:50:00+00:00,88.42,88.42,88.335,88.34,11376.0,124.0,88.366054
SO,2026-08-27 15:55:00+00:00,88.305,88.335,88.29,88.335,6147.0,70.0,88.311247
SO,2026-08-27 16:00:00+00:00,88.29,88.42,88.29,88.42,6529.0,75.0,88.384942
SO,2026-08-27 16:05:00+00:00,88.425,88.425,88.34,88.34,3433.0,55.0,88.397228
SO,2026-08-27 16:10:00+00:00,88.34,88.455,88.33,88.45,2301.0,46.0,88.400769
SO,2026-08-27 16:15:00+00:00,88.43,88.495,88.42,88.42,3093.0,54.0,88.458177
SO,2026-08-27 16:20:00+00:00,88.42,88.44,88.38,88.44,4862.0,57.0,88.409924
SO,2026-08-27 16:25:00+00:00,88.4,88.45,88.365,88.365,10042.0,110.0,88.403502
SO,2026-08-27 16:30:00+00:00,88.365,88.51,88.365,88.49,3221.0,56.0,88.43902
SO,2026-08-27 16:35:00+00:00,88.49,88.5,88.435,88.48,4481.0,57.0,88.478903
SO,2026-08-27 16:40:00+00:00,88.475,88.57,88.465,88.57,9891.0,100.0,88.511649
SO,2026-08-27 16:45:00+00:00,88.565,88.635,88.555,88.635,3077.0,43.0,88.582143
SO,2026-08-27 16:50:00+00:00,88.64,88.67,88.585,88.585,4179.0,45.0,88.617941
SO,2026-08-27 16:55:00+00:00,88.57,88.57,88.54,88.57,2451.0,38.0,88.558148
SO,2026-08-27 17:00:00+00:00,88.57,88.62,88.445,88.45,5918.0,91.0,88.551117
SO,2026-08-27 17:05:00+00:00,88.45,88.47,88.43,88.46,4169.0,67.0,88.454504
SO,2026-08-27 17:10:00+00:00,88.435,88.5,88.435,88.47,7847.0,101.0,88.459612
SO,2026-08-27 17:15:00+00:00,88.475,88.48,88.405,88.41,4770.0,69.0,88.451808
SO,2026-08-27 17:20:00+00:00,88.41,88.45,88.38,88.45,2822.0,46.0,88.395202
SO,2026-08-27 17:25:00+00:00,88.45,88.52,88.45,88.485,2064.0,43.0,88.490357
SO,2026-08-27 17:30:00+00:00,88.495,88.505,88.485,88.505,2297.0,32.0,88.494947
SO,2026-08-27 17:35:00+00:00,88.48,88.49,88.415,88.49,9234.0,129.0,88.46564
SO,2026-08-27 17:40:00+00:00,88.475,88.545,88.475,88.505,10625.0,112.0,88.498517
SO,2026-08-27 17:45:00+00:00,88.485,88.51,88.475,88.495,9226.0,87.0,88.488515
SO,2026-08-27 17:50:00+00:00,88.505,88.515,88.495,88.5,6339.0,85.0,88.505349
SO,2026-08-27 17:55:00+00:00,88.51,88.55,88.485,88.525,7550.0,82.0,88.517546
SO,2026-08-27 18:00:00+00:00,88.535,88.62,88.535,88.565,8870.0,108.0,88.560792
SO,2026-08-27 18:05:00+00:00,88.55,88.59,88.515,88.59,2850.0,56.0,88.56175
SO,2026-08-27 18:10:00+00:00,88.55,88.565,88.515,88.515,1905.0,29.0,88.546563
SO,2026-08-27 18:15:00+00:00,88.565,88.62,88.565,88.605,2897.0,47.0,88.597609
SO,2026-08-27 18:20:00+00:00,88.615,88.625,88.57,88.605,26732.0,222.0,88.599316
SO,2026-08-27 18:25:00+00:00,88.605,88.63,88.575,88.605,10117.0,121.0,88.602979
SO,2026-08-27 18:30:00+00:00,88.6,88.645,88.6,88.635,2749.0,48.0,88.621
SO,2026-08-27 18:35:00+00:00,88.64,88.715,88.63,88.71,4524.0,60.0,88.679741
SO,2026-08-27 18:40:00+00:00,88.71,88.72,88.685,88.69,2038.0,30.0,88.699605
SO,2026-08-27 18:45:00+00:00,88.69,88.83,88.665,88.825,5767.0,89.0,88.7665
SO,2026-08-27 18:50:00+00:00,88.82,88.825,88.78,88.795,2534.0,37.0,88.802139
SO,2026-08-27 18:55:00+00:00,88.8,88.805,88.69,88.69,5493.0,83.0,88.764651
SO,2026-08-27 19:00:00+00:00,88.69,88.765,88.68,88.685,3584.0,69.0,88.71234
SO,2026-08-27 19:05:00+00:00,88.685,88.725,88.67,88.69,5437.0,79.0,88.701464
SO,2026-08-27 19:10:00+00:00,88.72,88.785,88.715,88.78,3465.0,50.0,88.761538
SO,2026-08-27 19:15:00+00:00,88.775,88.81,88.775,88.805,2283.0,37.0,88.791287
SO,2026-08-27 19:20:00+00:00,88.79,88.88,88.775,88.86,4519.0,67.0,88.834659
SO,2026-08-27 19:25:00+00:00,88.845,88.845,88.77,88.79,4416.0,96.0,88.802372
SO,2026-08-27 19:30:00+00:00,88.84,88.915,88.84,88.86,5344.0,67.0,88.874322
SO,2026-08-27 19:35:00+00:00,88.895,88.915,88.85,88.86,6074.0,86.0,88.884491
SO,2026-08-27 19:40:00+00:00,88.87,88.925,88.85,88.92,6172.0,92.0,88.891089
SO,2026-08-27 19:45:00+00:00,88.92,88.985,88.905,88.975,8162.0,103.0,88.958351
SO,2026-08-27 19:50:00+00:00,89.01,89.03,88.955,89.015,8790.0,119.0,88.997002
SO,2026-08-27 19:55:00+00:00,89.005,89.055,88.865,89.03,51056.0,633.0,88.954729
SO,2026-08-28 13:30:00+00:00,89.41,89.41,88.9,88.9,2695.0,53.0,89.23175
SO,2026-08-28 13:35:00+00:00,88.915,89.0,88.915,89.0,1354.0,37.0,88.956
SO,2026-08-28 13:40:00+00:00,89.16,89.2,89.115,89.115,834.0,13.0,89.169039
SO,2026-08-28 13:45:00+00:00,88.95,89.03,88.905,88.95,1020.0,24.0,88.953931
SO,2026-08-28 13:50:00+00:00,88.965,89.12,88.965,89.02,1800.0,21.0,89.062667
SO,2026-08-28 13:55:00+00:00,89.02,89.08,88.94,88.94,16085.0,83.0,88.966021
SO,2026-08-28 14:00:00+00:00,88.96,88.99,88.72,88.72,2768.0,34.0,88.884583
SO,2026-08-28 14:05:00+00:00,88.74,88.935,88.74,88.895,3617.0,43.0,88.874525
SO,2026-08-28 14:10:00+00:00,88.9,88.99,88.9,88.99,8866.0,88.0,88.934867
SO,2026-08-28 14:15:00+00:00,88.93,89.1,88.845,88.925,7942.0,68.0,88.965811
SO,2026-08-28 14:20:00+00:00,88.93,88.93,88.83,88.89,12758.0,92.0,88.8736
SO,2026-08-28 14:25:00+00:00,89.03,89.03,88.93,88.935,965.0,17.0,88.9711
SO,2026-08-28 14:30:00+00:00,88.9,88.98,88.81,88.98,1735.0,31.0,88.864672
SO,2026-08-28 14:35:00+00:00,89.0,89.06,88.895,88.895,1426.0,28.0,89.001082
SO,2026-08-28 14:40:00+00:00,88.89,89.0,88.89,89.0,1902.0,40.0,88.95552
SO,2026-08-28 14:45:00+00:00,88.87,88.92,88.85,88.92,1675.0,19.0,88.875333
SO,2026-08-28 14:50:00+00:00,88.88,88.915,88.87,88.915,1233.0,18.0,88.891207
SO,2026-08-28 14:55:00+00:00,88.91,88.935,88.88,88.89,3316.0,54.0,88.908366
SO,2026-08-28 15:00:00+00:00,88.93,88.97,88.925,88.925,1249.0,17.0,88.950631
SO,2026-08-28 15:05:00+00:00,88.9,88.97,88.895,88.95,2417.0,33.0,88.938738
SO,2026-08-28 15:10:00+00:00,88.95,88.95,88.8,88.805,3434.0,52.0,88.881991
SO,2026-08-28 15:15:00+00:00,88.76,88.79,88.7,88.7,2385.0,35.0,88.726959
SO,2026-08-28 15:20:00+00:00,88.74,88.82,88.67,88.695,2513.0,33.0,88.745227
SO,2026-08-28 15:25:00+00:00,88.695,88.745,88.685,88.725,3033.0,55.0,88.706623
SO,2026-08-28 15:30:00+00:00,88.705,88.705,88.61,88.61,4366.0,41.0,88.62909
SO,2026-08-28 15:35:00+00:00,88.56,88.61,88.52,88.58,7046.0,66.0,88.549183
SO,2026-08-28 15:40:00+00:00,88.61,88.66,88.61,88.66,2062.0,8.0,88.6345
SO,2026-08-28 15:45:00+00:00,88.6,88.63,88.57,88.58,3403.0,37.0,88.601207
SO,2026-08-28 15:50:00+00:00,88.58,88.61,88.54,88.61,3742.0,68.0,88.572931
SO,2026-08-28 15:55:00+00:00,88.71,88.71,88.655,88.67,2368.0,30.0,88.676389
SO,2026-08-28 16:00:00+00:00,88.64,88.72,88.64,88.72,4711.0,43.0,88.658784
SO,2026-08-28 16:05:00+00:00,88.7,88.7,88.53,88.53,6518.0,55.0,88.620255
SO,2026-08-28 16:10:00+00:00,88.53,88.54,88.46,88.47,2663.0,36.0,88.507302
SO,2026-08-28 16:15:00+00:00,88.5,88.71,88.5,88.71,1780.0,21.0,88.609247
SO,2026-08-28 16:20:00+00:00,88.71,88.71,88.47,88.48,6623.0,83.0,88.608667
SO,2026-08-28 16:25:00+00:00,88.48,88.59,88.48,88.55,2306.0,36.0,88.541053
SO,2026-08-28 16:30:00+00:00,88.57,88.6,88.525,88.56,8919.0,65.0,88.56689
SO,2026-08-28 16:35:00+00:00,88.57,88.61,88.52,88.53,3957.0,46.0,88.547874
SO,2026-08-28 16:40:00+00:00,88.56,88.56,88.5,88.51,1240.0,20.0,88.519286
SO,2026-08-28 16:45:00+00:00,88.505,88.52,88.49,88.49,1919.0,20.0,88.502963
SO,2026-08-28 16:50:00+00:00,88.47,88.47,88.345,88.345,1946.0,27.0,88.406832
SO,2026-08-28 16:55:00+00:00,88.36,88.435,88.33,88.34,2593.0,45.0,88.370974
SO,2026-08-28 17:00:00+00:00,88.33,88.455,88.31,88.38,3364.0,58.0,88.359046
SO,2026-08-28 17:05:00+00:00,88.45,88.49,88.36,88.38,2752.0,38.0,88.432602
SO,2026-08-28 17:10:00+00:00,88.38,88.42,88.37,88.37,2597.0,28.0,88.392917
SO,2026-08-28 17:15:00+00:00,88.335,88.36,88.27,88.27,1255.0,21.0,88.305556
SO,2026-08-28 17:20:00+00:00,88.26,88.385,88.26,88.365,4395.0,60.0,88.332034
SO,2026-08-28 17:25:00+00:00,88.36,88.41,88.33,88.345,6746.0,83.0,88.35034
SO,2026-08-28 17:30:00+00:00,88.355,88.38,88.265,88.27,8715.0,67.0,88.328814
SO,2026-08-28 17:35:00+00:00,88.25,88.255,88.18,88.2,8314.0,88.0,88.211321
SO,2026-08-28 17:40:00+00:00,88.19,88.265,88.125,88.265,12506.0,111.0,88.16781
SO,2026-08-28 17:45:00+00:00,88.27,88.27,88.19,88.22,969.0,18.0,88.220109
SO,2026-08-28 17:50:00+00:00,88.23,88.24,88.17,88.2,1562.0,28.0,88.211613
SO,2026-08-28 17:55:00+00:00,88.18,88.18,88.18,88.18,104.0,2.0,88.18
SO,2026-08-28 18:00:00+00:00,88.18,88.2,88.13,88.16,3332.0,43.0,88.170198
SO,2026-08-28 18:05:00+00:00,88.17,88.27,88.17,88.27,2228.0,48.0,88.214319
SO,2026-08-28 18:10:00+00:00,88.235,88.3,88.235,88.24,2089.0,30.0,88.267173
SO,2026-08-28 18:15:00+00:00,88.255,88.255,88.15,88.17,2787.0,54.0,88.206428
SO,2026-08-28 18:20:00+00:00,88.15,88.15,88.07,88.15,4011.0,60.0,88.103349
SO,2026-08-28 18:25:00+00:00,88.145,88.145,88.14,88.14,200.0,2.0,88.1425
SO,2026-08-28 18:30:00+00:00,88.155,88.17,88.13,88.14,3065.0,21.0,88.14221
SO,2026-08-28 18:35:00+00:00,88.13,88.16,88.12,88.13,4571.0,30.0,88.133637
SO,2026-08-28 18:40:00+00:00,88.15,88.19,88.15,88.17,10095.0,29.0,88.166897
SO,2026-08-28 18:45:00+00:00,88.165,88.18,88.09,88.09,8183.0,46.0,88.160272
SO,2026-08-28 18:50:00+00:00,88.085,88.11,88.07,88.1,5597.0,42.0,88.089022
SO,2026-08-28 18:55:00+00:00,88.09,88.1,88.075,88.1,2079.0,30.0,88.088949
SO,2026-08-28 19:00:00+00:00,88.06,88.07,88.02,88.045,1494.0,28.0,88.041667
SO,2026-08-28 19:05:00+00:00,88.06,88.06,87.99,88.04,3902.0,58.0,88.014792
SO,2026-08-28 19:10:00+00:00,88.03,88.065,88.015,88.04,3888.0,54.0,88.044131
SO,2026-08-28 19:15:00+00:00,88.035,88.055,88.01,88.01,3663.0,52.0,88.031928
SO,2026-08-28 19:20:00+00:00,88.02,88.085,87.97,88.08,7429.0,106.0,88.020476
SO,2026-08-28 19:25:00+00:00,88.06,88.09,88.02,88.06,5662.0,70.0,88.045635
SO,2026-08-28 19:30:00+00:00,88.045,88.095,88.0,88.095,7569.0,91.0,88.043131
SO,2026-08-28 19:35:00+00:00,88.075,88.11,88.015,88.03,13987.0,119.0,88.060248
SO,2026-08-28 19:40:00+00:00,88.005,88.075,88.005,88.065,10268.0,99.0,88.035726
SO,2026-08-28 19:45:00+00:00,88.08,88.13,88.03,88.04,8026.0,153.0,88.072708
SO,2026-08-28 19:50:00+00:00,88.04,88.055,87.89,88.05,12437.0,152.0,87.964509
SO,2026-08-28 19:55:00+00:00,88.06,88.27,88.015,88.24,22732.0,381.0,88.164465
SO,2026-08-31 13:30:00+00:00,87.8,87.805,87.48,87.5,3500.0,52.0,87.52536
SO,2026-08-31 13:35:00+00:00,87.485,87.53,87.38,87.38,3852.0,65.0,87.481923
SO,2026-08-31 13:40:00+00:00,87.405,87.48,87.275,87.48,2512.0,48.0,87.389571
SO,2026-08-31 13:45:00+00:00,87.49,87.605,87.48,87.5,4401.0,91.0,87.546786
SO,2026-08-31 13:50:00+00:00,87.47,87.47,87.345,87.385,4464.0,91.0,87.400874
SO,2026-08-31 13:55:00+00:00,87.41,87.41,87.33,87.33,2243.0,58.0,87.356943
SO,2026-08-31 14:00:00+00:00,87.37,87.39,87.29,87.3,1458.0,44.0,87.35
SO,2026-08-31 14:05:00+00:00,87.3,87.4,87.3,87.4,1598.0,50.0,87.347881
SO,2026-08-31 14:10:00+00:00,87.43,87.54,87.43,87.54,2284.0,74.0,87.494375
SO,2026-08-31 14:15:00+00:00,87.415,87.435,87.35,87.37,2478.0,66.0,87.38298
SO,2026-08-31 14:20:00+00:00,87.38,87.38,87.29,87.29,2798.0,61.0,87.332639
SO,2026-08-31 14:25:00+00:00,87.34,87.34,87.29,87.29,1482.0,52.0,87.324
SO,2026-08-31 14:30:00+00:00,87.305,87.32,87.2,87.32,3593.0,84.0,87.2808
SO,2026-08-31 14:35:00+00:00,87.31,87.54,87.31,87.54,3434.0,58.0,87.437101
SO,2026-08-31 14:40:00+00:00,87.53,87.555,87.485,87.5,2614.0,67.0,87.515284
SO,2026-08-31 14:45:00+00:00,87.51,87.62,87.5,87.62,4100.0,98.0,87.555
SO,2026-08-31 14:50:00+00:00,87.66,87.81,87.655,87.765,1985.0,45.0,87.724809
SO,2026-08-31 14:55:00+00:00,87.76,87.85,87.76,87.85,4649.0,91.0,87.822965
SO,2026-08-31 15:00:00+00:00,87.81,88.03,87.795,87.98,6234.0,122.0,87.867756
SO,2026-08-31 15:05:00+00:00,87.88,87.92,87.875,87.91,1873.0,55.0,87.8875
SO,2026-08-31 15:10:00+00:00,87.815,87.9,87.815,87.9,2086.0,57.0,87.876875
SO,2026-08-31 15:15:00+00:00,87.895,87.99,87.895,87.99,2778.0,78.0,87.929713
SO,2026-08-31 15:20:00+00:00,87.98,88.02,87.915,87.915,2500.0,74.0,87.968379
SO,2026-08-31 15:25:00+00:00,87.99,87.99,87.99,87.99,321.0,6.0,87.99
SO,2026-08-31 15:30:00+00:00,87.97,88.15,87.965,88.15,4283.0,93.0,88.060078
SO,2026-08-31 15:35:00+00:00,88.16,88.16,88.035,88.035,1859.0,60.0,88.129167
SO,2026-08-31 15:40:00+00:00,88.05,88.06,88.03,88.06,786.0,33.0,88.046
SO,2026-08-31 15:45:00+00:00,88.08,88.08,88.06,88.06,353.0,23.0,88.07
SO,2026-08-31 15:50:00+00:00,88.045,88.11,88.035,88.11,1781.0,51.0,88.067778
SO,2026-08-31 15:55:00+00:00,88.12,88.14,88.1,88.1,2740.0,75.0,88.12197
SO,2026-08-31 16:00:00+00:00,88.11,88.19,88.11,88.19,1072.0,34.0,88.144
SO,2026-08-31 16:05:00+00:00,88.145,88.17,88.13,88.13,2244.0,63.0,88.14966
SO,2026-08-31 16:10:00+00:00,88.12,88.12,88.07,88.075,955.0,23.0,88.090517
SO,2026-08-31 16:15:00+00:00,88.01,88.03,88.005,88.02,614.0,20.0,88.01625
SO,2026-08-31 16:20:00+00:00,87.95,87.95,87.95,87.95,231.0,8.0,87.95
SO,2026-08-31 16:25:00+00:00,87.93,87.98,87.93,87.95,1978.0,78.0,87.954267
SO,2026-08-31 16:30:00+00:00,88.02,88.05,88.02,88.03,1038.0,31.0,88.038333
SO,2026-08-31 16:35:00+00:00,88.045,88.045,87.925,87.925,1323.0,30.0,87.957543
SO,2026-08-31 16:40:00+00:00,87.95,88.04,87.95,88.04,1820.0,55.0,88.009286
SO,2026-08-31 16:45:00+00:00,88.03,88.05,88.005,88.02,1835.0,81.0,88.033108
SO,2026-08-31 16:50:00+00:00,87.99,87.99,87.84,87.85,1848.0,44.0,87.91
SO,2026-08-31 16:55:00+00:00,87.81,87.81,87.73,87.74,2341.0,44.0,87.761512
SO,2026-08-31 17:00:00+00:00,87.71,87.8,87.71,87.785,2492.0,67.0,87.764549
SO,2026-08-31 17:05:00+00:00,87.77,87.895,87.77,87.8,5784.0,87.0,87.797442
SO,2026-08-31 17:10:00+00:00,87.83,87.86,87.83,87.85,4689.0,66.0,87.84915
SO,2026-08-31 17:15:00+00:00,87.85,87.86,87.77,87.81,5465.0,99.0,87.796032
SO,2026-08-31 17:20:00+00:00,87.79,87.79,87.79,87.79,222.0,10.0,87.79
SO,2026-08-31 17:25:00+00:00,87.79,87.86,87.79,87.86,1478.0,68.0,87.823125
SO,2026-08-31 17:30:00+00:00,87.85,87.875,87.82,87.83,3222.0,81.0,87.837695
SO,2026-08-31 17:35:00+00:00,87.83,87.885,87.81,87.87,5306.0,118.0,87.837667
SO,2026-08-31 17:40:00+00:00,87.88,88.005,87.88,88.005,1365.0,45.0,87.949048
SO,2026-08-31 17:45:00+00:00,87.99,88.06,87.99,88.06,1250.0,37.0,88.012404
SO,2026-08-31 17:50:00+00:00,88.07,88.09,88.03,88.03,1793.0,58.0,88.051235
SO,2026-08-31 17:55:00+00:00,88.105,88.105,87.98,87.98,3897.0,74.0,88.019284
SO,2026-08-31 18:00:00+00:00,88.03,88.06,87.84,87.94,14506.0,174.0,87.934031
SO,2026-08-31 18:05:00+00:00,87.925,87.98,87.925,87.955,6485.0,55.0,87.941838
SO,2026-08-31 18:10:00+00:00,87.94,87.995,87.94,87.995,2118.0,54.0,87.971164
SO,2026-08-31 18:15:00+00:00,87.97,87.97,87.94,87.97,1265.0,30.0,87.9575
SO,2026-08-31 18:20:00+00:00,88.01,88.015,88.0,88.0,1026.0,29.0,88.00875
SO,2026-08-31 18:25:00+00:00,87.99,88.065,87.97,88.05,3906.0,63.0,88.027798
SO,2026-08-31 18:30:00+00:00,88.06,88.09,88.06,88.09,1746.0,38.0,88.075
SO,2026-08-31 18:35:00+00:00,88.1,88.14,88.065,88.135,7025.0,136.0,88.106932
SO,2026-08-31 18:40:00+00:00,88.095,88.145,88.075,88.11,3047.0,76.0,88.113421
SO,2026-08-31 18:45:00+00:00,88.1,88.1,88.06,88.06,2050.0,64.0,88.078125
SO,2026-08-31 18:50:00+00:00,88.065,88.15,88.065,88.14,3502.0,84.0,88.09587
SO,2026-08-31 18:55:00+00:00,88.175,88.175,88.155,88.16,1497.0,37.0,88.164375
SO,2026-08-31 19:00:00+00:00,88.145,88.18,88.13,88.15,2721.0,67.0,88.151923
SO,2026-08-31 19:05:00+00:00,88.165,88.22,88.155,88.175,2457.0,41.0,88.192553
SO,2026-08-31 19:10:00+00:00,88.165,88.215,88.165,88.19,5146.0,83.0,88.19443
SO,2026-08-31 19:15:00+00:00,88.14,88.14,88.085,88.085,1335.0,30.0,88.106259
SO,2026-08-31 19:20:00+00:00,88.1,88.15,88.1,88.14,2323.0,44.0,88.133125
SO,2026-08-31 19:25:00+00:00,88.115,88.13,88.045,88.065,2864.0,63.0,88.079066
SO,2026-08-31 19:30:00+00:00,88.05,88.05,87.94,87.985,6640.0,145.0,87.984429
SO,2026-08-31 19:35:00+00:00,87.965,88.065,87.94,88.0,10806.0,241.0,88.004357
SO,2026-08-31 19:40:00+00:00,88.01,88.025,87.96,87.96,7762.0,205.0,87.998664
SO,2026-08-31 19:45:00+00:00,87.955,87.99,87.79,87.835,13365.0,242.0,87.91212
SO,2026-08-31 19:50:00+00:00,87.83,87.97,87.77,87.845,18440.0,375.0,87.902099
SO,2026-08-31 19:55:00+00:00,87.88,88.155,87.87,88.05,51641.0,895.0,88.051699
SO,2026-09-01 13:30:00+00:00,88.4,88.735,88.4,88.48,5318.0,87.0,88.496346
SO,2026-09-01 13:35:00+00:00,88.36,88.47,88.18,88.245,4253.0,81.0,88.302356
SO,2026-09-01 13:40:00+00:00,88.08,88.13,87.915,87.965,2760.0,48.0,88.028367
SO,2026-09-01 13:45:00+00:00,87.805,87.95,87.79,87.95,2500.0,59.0,87.864465
SO,2026-09-01 13:50:00+00:00,87.905,87.985,87.905,87.955,978.0,34.0,87.93875
SO,2026-09-01 13:55:00+00:00,87.98,88.03,87.96,88.0,6180.0,151.0,87.996894
SO,2026-09-01 14:00:00+00:00,87.98,88.27,87.98,88.27,3729.0,90.0,88.125769
SO,2026-09-01 14:05:00+00:00,88.29,88.29,88.06,88.06,2367.0,58.0,88.164286
SO,2026-09-01 14:10:00+00:00,87.99,88.105,87.955,88.105,3162.0,56.0,87.982814
SO,2026-09-01 14:15:00+00:00,88.015,88.015,87.98,87.98,654.0,17.0,87.995
SO,2026-09-01 14:20:00+00:00,88.02,88.02,88.0,88.0,583.0,18.0,88.01
SO,2026-09-01 14:25:00+00:00,88.075,88.16,88.05,88.16,1678.0,53.0,88.091429
SO,2026-09-01 14:30:00+00:00,88.28,88.335,88.28,88.335,1221.0,39.0,88.306
SO,2026-09-01 14:35:00+00:00,88.3,88.32,88.255,88.27,1852.0,35.0,88.275909
SO,2026-09-01 14:40:00+00:00,88.24,88.26,88.205,88.215,2469.0,58.0,88.229309
SO,2026-09-01 14:45:00+00:00,88.23,88.25,88.17,88.18,2535.0,49.0,88.203659
SO,2026-09-01 14:50:00+00:00,88.19,88.295,88.19,88.28,1717.0,48.0,88.269375
SO,2026-09-01 14:55:00+00:00,88.28,88.32,88.28,88.295,4368.0,87.0,88.294794
SO,2026-09-01 15:00:00+00:00,88.25,88.35,88.22,88.35,2977.0,64.0,88.286208
SO,2026-09-01 15:05:00+00:00,88.385,88.46,88.37,88.46,3850.0,61.0,88.401314
SO,2026-09-01 15:10:00+00:00,88.45,88.45,88.27,88.27,3348.0,68.0,88.408804
SO,2026-09-01 15:15:00+00:00,88.21,88.22,88.12,88.21,4473.0,64.0,88.158809
SO,2026-09-01 15:20:00+00:00,88.24,88.37,88.225,88.37,4269.0,107.0,88.302
SO,2026-09-01 15:25:00+00:00,88.315,88.315,88.18,88.2,2963.0,70.0,88.217372
SO,2026-09-01 15:30:00+00:00,88.19,88.19,88.1,88.12,5958.0,104.0,88.124365
SO,2026-09-01 15:35:00+00:00,88.125,88.125,88.055,88.07,6208.0,96.0,88.086317
SO,2026-09-01 15:40:00+00:00,88.09,88.1,88.01,88.01,2692.0,90.0,88.0585
SO,2026-09-01 15:45:00+00:00,88.01,88.085,88.0,88.055,2530.0,65.0,88.034723
SO,2026-09-01 15:50:00+00:00,88.05,88.07,87.97,87.97,3126.0,89.0,88.036408
SO,2026-09-01 15:55:00+00:00,87.98,88.04,87.98,88.04,3080.0,80.0,87.99575
SO,2026-09-01 16:00:00+00:00,88.09,88.14,88.09,88.09,2955.0,79.0,88.113488
SO,2026-09-01 16:05:00+00:00,88.09,88.17,88.09,88.15,3275.0,70.0,88.136389
SO,2026-09-01 16:10:00+00:00,88.16,88.17,88.135,88.135,2806.0,92.0,88.154231
SO,2026-09-01 16:15:00+00:00,88.13,88.18,88.13,88.165,3102.0,75.0,88.157372
SO,2026-09-01 16:20:00+00:00,88.13,88.13,88.09,88.11,1721.0,43.0,88.11
SO,2026-09-01 16:25:00+00:00,88.135,88.135,88.09,88.13,1839.0,44.0,88.116026
SO,2026-09-01 16:30:00+00:00,88.17,88.17,88.115,88.13,1900.0,51.0,88.1475
SO,2026-09-01 16:35:00+00:00,88.095,88.095,88.04,88.085,1582.0,39.0,88.064444
SO,2026-09-01 16:40:00+00:00,88.11,88.135,88.1,88.1,2038.0,48.0,88.111818
SO,2026-09-01 16:45:00+00:00,88.07,88.07,88.07,88.07,248.0,12.0,88.07
SO,2026-09-01 16:50:00+00:00,88.01,88.01,87.895,87.895,2971.0,59.0,87.963947
SO,2026-09-01 16:55:00+00:00,87.87,87.88,87.81,87.82,2022.0,49.0,87.849286
SO,2026-09-01 17:00:00+00:00,87.835,87.87,87.78,87.78,2005.0,28.0,87.814142
SO,2026-09-01 17:05:00+00:00,87.81,87.875,87.81,87.87,1078.0,27.0,87.830625
SO,2026-09-01 17:10:00+00:00,87.85,87.87,87.845,87.87,1276.0,20.0,87.856
SO,2026-09-01 17:15:00+00:00,87.88,87.905,87.86,87.875,2480.0,42.0,87.878889
SO,2026-09-01 17:20:00+00:00,87.89,87.9,87.85,87.85,2682.0,45.0,87.87
SO,2026-09-01 17:25:00+00:00,87.86,87.925,87.85,87.88,4924.0,73.0,87.897506
SO,2026-09-01 17:30:00+00:00,87.89,87.89,87.8,87.82,1838.0,45.0,87.834676
SO,2026-09-01 17:35:00+00:00,87.83,87.91,87.83,87.91,2124.0,34.0,87.863077
SO,2026-09-01 17:40:00+00:00,87.915,87.945,87.91,87.93,3889.0,62.0,87.927885
SO,2026-09-01 17:45:00+00:00,87.95,87.97,87.945,87.95,2336.0,33.0,87.956354
SO,2026-09-01 17:50:00+00:00,87.94,87.995,87.91,87.98,3282.0,60.0,87.959807
SO,2026-09-01 17:55:00+00:00,87.96,87.96,87.915,87.955,1492.0,32.0,87.940909
SO,2026-09-01 18:00:00+00:00,87.965,87.965,87.89,87.89,732.0,15.0,87.924
SO,2026-09-01 18:05:00+00:00,87.94,87.945,87.92,87.945,846.0,19.0,87.93625
SO,2026-09-01 18:10:00+00:00,87.93,88.01,87.93,88.01,3503.0,64.0,87.977133
SO,2026-09-01 18:15:00+00:00,88.03,88.19,88.03,88.09,4597.0,79.0,88.108448
SO,2026-09-01 18:20:00+00:00,88.03,88.04,88.02,88.02,2847.0,48.0,88.029375
SO,2026-09-01 18:25:00+00:00,88.03,88.03,87.805,87.805,2902.0,43.0,87.955526
SO,2026-09-01 18:30:00+00:00,87.81,87.81,87.765,87.765,671.0,17.0,87.791667
SO,2026-09-01 18:35:00+00:00,87.92,87.92,87.915,87.915,381.0,9.0,87.918333
SO,2026-09-01 18:40:00+00:00,87.9,87.935,87.89,87.93,1051.0,24.0,87.91
SO,2026-09-01 18:45:00+00:00,87.915,87.99,87.915,87.93,2269.0,63.0,87.956471
SO,2026-09-01 18:50:00+00:00,87.87,87.885,87.83,87.85,1721.0,27.0,87.858462
SO,2026-09-01 18:55:00+00:00,87.86,87.92,87.845,87.9,1789.0,33.0,87.891
SO,2026-09-01 19:00:00+00:00,87.89,87.94,87.89,87.92,3004.0,67.0,87.901156
SO,2026-09-01 19:05:00+00:00,87.94,87.97,87.85,87.96,1816.0,45.0,87.916364
SO,2026-09-01 19:10:00+00:00,87.96,88.08,87.96,88.0,3613.0,104.0,88.009521
SO,2026-09-01 19:15:00+00:00,88.02,88.03,87.94,87.94,1968.0,57.0,87.97625
SO,2026-09-01 19:20:00+00:00,87.935,87.98,87.925,87.96,4802.0,91.0,87.954524
SO,2026-09-01 19:25:00+00:00,87.965,88.04,87.94,88.04,4385.0,100.0,87.977046
SO,2026-09-01 19:30:00+00:00,88.03,88.15,88.01,88.12,5272.0,107.0,88.091023
SO,2026-09-01 19:35:00+00:00,88.14,88.17,88.065,88.08,3857.0,87.0,88.108056
SO,2026-09-01 19:40:00+00:00,88.13,88.13,88.05,88.05,4026.0,96.0,88.106429
SO,2026-09-01 19:45:00+00:00,88.02,88.06,87.98,88.0,7815.0,171.0,88.016582
SO,2026-09-01 19:50:00+00:00,88.015,88.03,87.93,88.0,13064.0,250.0,87.999784
SO,2026-09-01 19:55:00+00:00,88.0,88.105,87.86,88.1,32964.0,538.0,87.984718
SO,2026-09-02 13:30:00+00:00,87.99,87.99,87.28,87.28,2396.0,55.0,87.475909
SO,2026-09-02 13:35:00+00:00,87.34,87.61,87.34,87.41,5250.0,92.0,87.513994
SO,2026-09-02 13:40:00+00:00,87.345,87.405,87.25,87.35,3263.0,56.0,87.323846
SO,2026-09-02 13:45:00+00:00,87.38,87.39,87.21,87.23,3478.0,48.0,87.309426
SO,2026-09-02 13:50:00+00:00,87.19,87.31,87.135,87.28,1810.0,28.0,87.252785
SO,2026-09-02 13:55:00+00:00,87.29,87.29,87.17,87.19,2511.0,52.0,87.225867
SO,2026-09-02 14:00:00+00:00,87.315,87.43,87.29,87.3,2464.0,44.0,87.339091
SO,2026-09-02 14:05:00+00:00,87.37,87.42,87.255,87.28,9213.0,110.0,87.334451
SO,2026-09-02 14:10:00+00:00,87.29,87.66,87.235,87.64,5387.0,74.0,87.366103
SO,2026-09-02 14:15:00+00:00,87.59,87.62,87.445,87.58,5263.0,93.0,87.514853
SO,2026-09-02 14:20:00+00:00,87.57,87.57,87.42,87.5,3545.0,50.0,87.493858
SO,2026-09-02 14:25:00+00:00,87.49,87.57,87.45,87.45,4009.0,64.0,87.50368
SO,2026-09-02 14:30:00+00:00,87.37,87.38,87.31,87.31,1397.0,23.0,87.3575
SO,2026-09-02 14:35:00+00:00,87.37,87.6,87.35,87.6,1662.0,30.0,87.421
SO,2026-09-02 14:40:00+00:00,87.5,87.51,87.5,87.5,1482.0,28.0,87.501923
SO,2026-09-02 14:45:00+00:00,87.42,87.495,87.385,87.495,734.0,14.0,87.4325
SO,2026-09-02 14:50:00+00:00,87.605,87.77,87.605,87.77,1494.0,25.0,87.671848
SO,2026-09-02 14:55:00+00:00,87.75,87.91,87.75,87.82,2769.0,46.0,87.825231
SO,2026-09-02 15:00:00+00:00,87.86,87.9,87.8,87.815,2225.0,70.0,87.856429
SO,2026-09-02 15:05:00+00:00,87.87,87.96,87.87,87.945,1745.0,26.0,87.913905
SO,2026-09-02 15:10:00+00:00,87.94,87.98,87.94,87.965,2482.0,41.0,87.956969
SO,2026-09-02 15:15:00+00:00,87.985,88.03,87.96,88.03,1959.0,31.0,87.992844
SO,2026-09-02 15:20:00+00:00,87.98,88.07,87.98,88.07,1626.0,30.0,88.039313
SO,2026-09-02 15:25:00+00:00,88.06,88.07,88.035,88.065,1277.0,20.0,88.058125
SO,2026-09-02 15:30:00+00:00,88.085,88.09,87.92,87.92,3089.0,44.0,87.975438
SO,2026-09-02 15:35:00+00:00,87.92,87.92,87.86,87.88,2192.0,44.0,87.885303
SO,2026-09-02 15:40:00+00:00,87.82,87.835,87.81,87.825,1534.0,23.0,87.822987
SO,2026-09-02 15:45:00+00:00,87.8,87.845,87.8,87.845,1029.0,21.0,87.82125
SO,2026-09-02 15:50:00+00:00,87.845,87.89,87.8,87.8,1465.0,35.0,87.8515
SO,2026-09-02 15:55:00+00:00,87.81,87.865,87.81,87.865,2345.0,31.0,87.829645
SO,2026-09-02 16:00:00+00:00,87.86,87.97,87.85,87.97,2705.0,51.0,87.885
SO,2026-09-02 16:05:00+00:00,87.95,87.95,87.93,87.94,1502.0,29.0,87.942273
SO,2026-09-02 16:10:00+00:00,87.96,88.0,87.95,87.97,1905.0,41.0,87.976986
SO,2026-09-02 16:15:00+00:00,87.95,88.0,87.95,87.99,2254.0,42.0,87.9825
SO,2026-09-02 16:20:00+00:00,87.99,88.07,87.99,88.02,2006.0,42.0,88.0165
SO,2026-09-02 16:25:00+00:00,88.05,88.07,88.05,88.07,637.0,13.0,88.06
SO,2026-09-02 16:30:00+00:00,88.08,88.08,88.02,88.02,2004.0,33.0,88.039164
SO,2026-09-02 16:35:00+00:00,88.03,88.03,87.935,87.94,2477.0,41.0,87.995279
SO,2026-09-02 16:40:00+00:00,87.965,87.97,87.94,87.96,978.0,15.0,87.953194
SO,2026-09-02 16:45:00+00:00,87.945,87.945,87.92,87.93,1096.0,20.0,87.933
SO,2026-09-02 16:50:00+00:00,87.98,87.98,87.855,87.88,2058.0,33.0,87.912803
SO,2026-09-02 16:55:00+00:00,87.91,87.95,87.905,87.95,2040.0,43.0,87.93
SO,2026-09-02 17:00:00+00:00,87.94,88.025,87.94,88.02,2657.0,49.0,87.985199
SO,2026-09-02 17:05:00+00:00,88.025,88.215,88.02,88.18,4806.0,71.0,88.125
SO,2026-09-02 17:10:00+00:00,88.17,88.21,88.17,88.17,1191.0,27.0,88.187778
SO,2026-09-02 17:15:00+00:00,88.205,88.26,88.205,88.245,2677.0,31.0,88.233563
SO,2026-09-02 17:20:00+00:00,88.24,88.335,88.23,88.33,3326.0,57.0,88.281042
SO,2026-09-02 17:25:00+00:00,88.335,88.39,88.31,88.34,5888.0,91.0,88.338155
SO,2026-09-02 17:30:00+00:00,88.37,88.405,88.355,88.355,2143.0,34.0,88.375714
SO,2026-09-02 17:35:00+00:00,88.355,88.41,88.355,88.41,1691.0,21.0,88.38993
SO,2026-09-02 17:40:00+00:00,88.42,88.445,88.42,88.44,1862.0,31.0,88.431923
SO,2026-09-02 17:45:00+00:00,88.41,88.455,88.4,88.4,2271.0,35.0,88.427887
SO,2026-09-02 17:50:00+00:00,88.415,88.475,88.415,88.42,2071.0,31.0,88.441538
SO,2026-09-02 17:55:00+00:00,88.425,88.435,88.33,88.35,3874.0,65.0,88.359285
SO,2026-09-02 18:00:00+00:00,88.36,88.36,88.34,88.34,1196.0,27.0,88.349231
SO,2026-09-02 18:05:00+00:00,88.385,88.4,88.385,88.4,302.0,6.0,88.3925
SO,2026-09-02 18:10:00+00:00,88.395,88.48,88.395,88.455,1662.0,31.0,88.444902
SO,2026-09-02 18:15:00+00:00,88.44,88.45,88.44,88.44,636.0,17.0,88.443333
SO,2026-09-02 18:20:00+00:00,88.475,88.5,88.47,88.48,2485.0,46.0,88.483086
SO,2026-09-02 18:25:00+00:00,88.48,88.49,88.465,88.48,1954.0,29.0,88.479014
SO,2026-09-02 18:30:00+00:00,88.48,88.485,88.44,88.485,4240.0,65.0,88.461209
SO,2026-09-02 18:35:00+00:00,88.5,88.5,88.475,88.5,1677.0,45.0,88.496429
SO,2026-09-02 18:40:00+00:00,88.5,88.5,88.44,88.44,2251.0,37.0,88.463358
SO,2026-09-02 18:45:00+00:00,88.455,88.46,88.445,88.45,1477.0,33.0,88.45
SO,2026-09-02 18:50:00+00:00,88.46,88.46,88.425,88.445,3229.0,41.0,88.443651
SO,2026-09-02 18:55:00+00:00,88.425,88.435,88.37,88.39,2401.0,44.0,88.408377
SO,2026-09-02 19:00:00+00:00,88.36,88.37,88.285,88.285,3778.0,64.0,88.333043
SO,2026-09-02 19:05:00+00:00,88.29,88.3,88.2,88.235,1731.0,29.0,88.240544
SO,2026-09-02 19:10:00+00:00,88.28,88.28,88.185,88.19,1931.0,39.0,88.218846
SO,2026-09-02 19:15:00+00:00,88.16,88.175,88.13,88.135,2572.0,32.0,88.15469
SO,2026-09-02 19:20:00+00:00,88.105,88.105,88.05,88.08,971.0,26.0,88.075
SO,2026-09-02 19:25:00+00:00,88.14,88.16,88.13,88.16,1263.0,25.0,88.145357
SO,2026-09-02 19:30:00+00:00,88.23,88.255,88.18,88.21,3142.0,62.0,88.216782
SO,2026-09-02 19:35:00+00:00,88.19,88.31,88.18,88.26,4641.0,96.0,88.232694
SO,2026-09-02 19:40:00+00:00,88.25,88.3,88.205,88.3,3262.0,64.0,88.257796
SO,2026-09-02 19:45:00+00:00,88.28,88.28,88.07,88.1,5280.0,90.0,88.1543
SO,2026-09-02 19:50:00+00:00,88.06,88.235,88.06,88.235,7097.0,115.0,88.172824
SO,2026-09-02 19:55:00+00:00,88.27,88.38,88.22,88.27,18626.0,291.0,88.281116
SO,2026-09-03 13:30:00+00:00,88.515,88.77,88.515,88.625,1435.0,18.0,88.662178
SO,2026-09-03 13:35:00+00:00,88.47,88.72,88.46,88.5,3236.0,54.0,88.5925
SO,2026-09-03 13:40:00+00:00,88.495,88.745,88.495,88.745,3326.0,58.0,88.600714
SO,2026-09-03 13:45:00+00:00,88.65,88.665,88.64,88.64,730.0,20.0,88.648881
SO,2026-09-03 13:50:00+00:00,88.575,88.72,88.52,88.61,1636.0,19.0,88.642931
SO,2026-09-03 13:55:00+00:00,88.665,88.73,88.665,88.685,2331.0,26.0,88.688255
SO,2026-09-03 14:00:00+00:00,88.75,88.75,88.6,88.685,1998.0,38.0,88.659828
SO,2026-09-03 14:05:00+00:00,88.66,88.75,88.66,88.67,2540.0,34.0,88.71025
SO,2026-09-03 14:10:00+00:00,88.73,88.77,88.7,88.725,3178.0,46.0,88.735669
SO,2026-09-03 14:15:00+00:00,88.68,88.7,88.545,88.585,2528.0,38.0,88.619512
SO,2026-09-03 14:20:00+00:00,88.58,88.71,88.575,88.65,2543.0,37.0,88.608
SO,2026-09-03 14:25:00+00:00,88.75,88.785,88.69,88.765,3347.0,70.0,88.73075
SO,2026-09-03 14:30:00+00:00,88.715,88.745,88.64,88.655,2982.0,58.0,88.691094
SO,2026-09-03 14:35:00+00:00,88.675,88.765,88.57,88.76,2251.0,35.0,88.676405
SO,2026-09-03 14:40:00+00:00,88.75,88.94,88.745,88.88,4626.0,65.0,88.869672
SO,2026-09-03 14:45:00+00:00,88.875,89.03,88.875,89.01,4030.0,76.0,88.959578
SO,2026-09-03 14:50:00+00:00,88.96,89.02,88.915,89.02,3974.0,47.0,88.987209
SO,2026-09-03 14:55:00+00:00,89.03,89.03,88.82,88.82,4385.0,62.0,88.947957
SO,2026-09-03 15:00:00+00:00,88.77,89.01,88.76,88.98,1845.0,33.0,88.903929
SO,2026-09-03 15:05:00+00:00,89.01,89.035,88.985,88.985,2479.0,42.0,89.012906
SO,2026-09-03 15:10:00+00:00,88.95,88.96,88.94,88.96,651.0,13.0,88.948333
SO,2026-09-03 15:15:00+00:00,88.98,89.01,88.98,89.0,4544.0,57.0,88.998239
SO,2026-09-03 15:20:00+00:00,89.045,89.1,89.045,89.1,1611.0,27.0,89.068911
SO,2026-09-03 15:25:00+00:00,89.14,89.145,88.975,89.04,3745.0,59.0,89.045699
SO,2026-09-03 15:30:00+00:00,89.075,89.13,89.06,89.095,2369.0,34.0,89.096395
SO,2026-09-03 15:35:00+00:00,89.13,89.15,89.07,89.15,3781.0,51.0,89.101153
SO,2026-09-03 15:40:00+00:00,89.15,89.15,89.06,89.14,957.0,22.0,89.111013
SO,2026-09-03 15:45:00+00:00,89.14,89.16,89.14,89.16,879.0,14.0,89.149091
SO,2026-09-03 15:50:00+00:00,89.23,89.23,89.185,89.2,1640.0,26.0,89.211928
SO,2026-09-03 15:55:00+00:00,89.14,89.14,89.12,89.125,1196.0,13.0,89.13
SO,2026-09-03 16:00:00+00:00,89.15,89.185,89.15,89.16,763.0,14.0,89.167
SO,2026-09-03 16:05:00+00:00,89.12,89.13,89.1,89.13,1162.0,20.0,89.11625
SO,2026-09-03 16:10:00+00:00,89.1,89.1,89.06,89.06,1374.0,21.0,89.07
SO,2026-09-03 16:15:00+00:00,89.015,89.035,88.98,89.03,7077.0,87.0,89.017677
SO,2026-09-03 16:20:00+00:00,89.02,89.09,89.01,89.03,6873.0,106.0,89.04085
SO,2026-09-03 16:25:00+00:00,89.06,89.11,89.04,89.11,2225.0,57.0,89.061071
SO,2026-09-03 16:30:00+00:00,89.105,89.14,89.105,89.125,776.0,15.0,89.12625
SO,2026-09-03 16:35:00+00:00,89.125,89.145,89.125,89.145,1746.0,25.0,89.132708
SO,2026-09-03 16:40:00+00:00,89.18,89.19,89.16,89.17,1074.0,20.0,89.182
SO,2026-09-03 16:45:00+00:00,89.25,89.25,89.24,89.24,238.0,6.0,89.245
SO,2026-09-03 16:50:00+00:00,89.24,89.285,89.23,89.27,2785.0,27.0,89.257873
SO,2026-09-03 16:55:00+00:00,89.23,89.23,89.2,89.2,1468.0,27.0,89.2075
SO,2026-09-03 17:00:00+00:00,89.18,89.18,89.13,89.15,4383.0,45.0,89.151901
SO,2026-09-03 17:05:00+00:00,89.125,89.17,89.125,89.125,2777.0,42.0,89.141842
SO,2026-09-03 17:10:00+00:00,89.125,89.125,89.085,89.1,1334.0,64.0,89.099167
SO,2026-09-03 17:15:00+00:00,89.145,89.16,89.145,89.16,390.0,7.0,89.151667
SO,2026-09-03 17:20:00+00:00,89.155,89.18,89.105,89.17,6109.0,74.0,89.150526
SO,2026-09-03 17:25:00+00:00,89.175,89.2,89.155,89.175,4625.0,55.0,89.169638
SO,2026-09-03 17:30:00+00:00,89.21,89.21,89.14,89.14,1002.0,20.0,89.18
SO,2026-09-03 17:35:00+00:00,89.15,89.17,89.135,89.14,1494.0,31.0,89.153571
SO,2026-09-03 17:40:00+00:00,89.115,89.115,89.08,89.08,1203.0,25.0,89.09375
SO,2026-09-03 17:45:00+00:00,89.05,89.06,89.05,89.055,914.0,10.0,89.057059
SO,2026-09-03 17:50:00+00:00,89.045,89.07,89.04,89.04,1904.0,31.0,89.049434
SO,2026-09-03 17:55:00+00:00,89.035,89.07,89.01,89.025,2208.0,51.0,89.035
SO,2026-09-03 18:00:00+00:00,89.03,89.07,89.03,89.065,3199.0,46.0,89.055185
SO,2026-09-03 18:05:00+00:00,89.04,89.04,88.98,89.005,4102.0,64.0,89.003953
SO,2026-09-03 18:10:00+00:00,88.995,89.02,88.94,88.94,2590.0,38.0,88.976002
SO,2026-09-03 18:15:00+00:00,88.91,88.955,88.855,88.855,4146.0,43.0,88.929042
SO,2026-09-03 18:20:00+00:00,88.88,88.88,88.85,88.875,3644.0,63.0,88.867719
SO,2026-09-03 18:25:00+00:00,88.88,88.905,88.865,88.905,3415.0,38.0,88.8887
SO,2026-09-03 18:30:00+00:00,88.91,88.92,88.85,88.85,3006.0,45.0,88.892708
SO,2026-09-03 18:35:00+00:00,88.85,88.86,88.84,88.86,1761.0,32.0,88.851419
SO,2026-09-03 18:40:00+00:00,88.8,88.85,88.8,88.85,1711.0,30.0,88.816667
SO,2026-09-03 18:45:00+00:00,88.865,88.95,88.865,88.95,4395.0,58.0,88.925902
SO,2026-09-03 18:50:00+00:00,88.95,89.0,88.9,89.0,9479.0,117.0,88.938474
SO,2026-09-03 18:55:00+00:00,88.975,88.975,88.945,88.965,11120.0,90.0,88.962429
SO,2026-09-03 19:00:00+00:00,88.965,88.965,88.87,88.94,2702.0,73.0,88.904856
SO,2026-09-03 19:05:00+00:00,88.925,88.97,88.925,88.96,1353.0,24.0,88.953921
SO,2026-09-03 19:10:00+00:00,88.93,88.93,88.85,88.91,3065.0,51.0,88.887626
SO,2026-09-03 19:15:00+00:00,88.94,88.99,88.94,88.96,1544.0,25.0,88.972727
SO,2026-09-03 19:20:00+00:00,88.96,88.965,88.93,88.95,3275.0,61.0,88.955714
SO,2026-09-03 19:25:00+00:00,88.955,89.0,88.92,89.0,5248.0,56.0,88.950806
SO,2026-09-03 19:30:00+00:00,88.96,88.995,88.95,88.95,2354.0,49.0,88.964209
SO,2026-09-03 19:35:00+00:00,88.925,88.96,88.925,88.95,8083.0,90.0,88.948167
SO,2026-09-03 19:40:00+00:00,88.965,88.97,88.925,88.945,10431.0,114.0,88.947806
SO,2026-09-03 19:45:00+00:00,88.95,88.97,88.805,88.85,8478.0,112.0,88.88405
SO,2026-09-03 19:50:00+00:00,88.88,88.88,88.72,88.735,10952.0,142.0,88.814614
SO,2026-09-03 19:55:00+00:00,88.72,88.79,88.58,88.79,49372.0,575.0,88.672905
SO,2026-09-04 13:30:00+00:00,88.365,88.785,88.365,88.75,1799.0,32.0,88.611591
SO,2026-09-04 13:35:00+00:00,88.785,88.81,88.645,88.72,5144.0,79.0,88.752109
SO,2026-09-04 13:40:00+00:00,88.65,88.74,88.57,88.74,3430.0,45.0,88.649998
SO,2026-09-04 13:45:00+00:00,88.765,88.79,88.69,88.7,1838.0,26.0,88.735667
SO,2026-09-04 13:50:00+00:00,88.68,88.81,88.62,88.81,2645.0,89.0,88.705749
SO,2026-09-04 13:55:00+00:00,88.71,88.71,88.545,88.545,4363.0,114.0,88.641996
SO,2026-09-04 14:00:00+00:00,88.5,88.63,88.5,88.63,3478.0,118.0,88.575847
SO,2026-09-04 14:05:00+00:00,88.64,88.71,88.6,88.6,3975.0,95.0,88.676932
SO,2026-09-04 14:10:00+00:00,88.59,88.74,88.59,88.71,2253.0,36.0,88.654516
SO,2026-09-04 14:15:00+00:00,88.7,88.82,88.63,88.82,3611.0,53.0,88.702745
SO,2026-09-04 14:20:00+00:00,88.83,88.91,88.785,88.81,5023.0,73.0,88.838634
SO,2026-09-04 14:25:00+00:00,88.83,88.93,88.75,88.75,10411.0,84.0,88.828807
SO,2026-09-04 14:30:00+00:00,88.74,88.845,88.73,88.83,4984.0,66.0,88.764572
SO,2026-09-04 14:35:00+00:00,88.82,88.83,88.75,88.75,2750.0,45.0,88.795184
SO,2026-09-04 14:40:00+00:00,88.73,88.77,88.66,88.66,2812.0,74.0,88.690091
SO,2026-09-04 14:45:00+00:00,88.61,88.68,88.605,88.65,2235.0,45.0,88.646125
SO,2026-09-04 14:50:00+00:00,88.68,88.76,88.67,88.745,1716.0,61.0,88.719474
SO,2026-09-04 14:55:00+00:00,88.755,88.895,88.73,88.82,3318.0,70.0,88.840268
SO,2026-09-04 15:00:00+00:00,88.83,88.875,88.81,88.81,1376.0,34.0,88.840806
SO,2026-09-04 15:05:00+00:00,88.84,88.88,88.825,88.88,4425.0,54.0,88.847801
SO,2026-09-04 15:10:00+00:00,88.865,88.91,88.865,88.88,2097.0,35.0,88.883929
SO,2026-09-04 15:15:00+00:00,88.86,88.925,88.84,88.84,2826.0,41.0,88.888264
SO,2026-09-04 15:20:00+00:00,88.8,88.8,88.635,88.635,2883.0,44.0,88.693947
SO,2026-09-04 15:25:00+00:00,88.63,88.66,88.62,88.62,7294.0,86.0,88.644669
SO,2026-09-04 15:30:00+00:00,88.6,88.6,88.53,88.555,3497.0,100.0,88.55654
SO,2026-09-04 15:35:00+00:00,88.55,88.55,88.41,88.42,2845.0,31.0,88.443135
SO,2026-09-04 15:40:00+00:00,88.42,88.45,88.395,88.45,9541.0,140.0,88.423384
SO,2026-09-04 15:45:00+00:00,88.42,88.51,88.41,88.51,1454.0,30.0,88.436667
SO,2026-09-04 15:50:00+00:00,88.455,88.5,88.44,88.45,1003.0,20.0,88.463179
SO,2026-09-04 15:55:00+00:00,88.42,88.46,88.41,88.46,1219.0,27.0,88.433684
SO,2026-09-04 16:00:00+00:00,88.42,88.49,88.37,88.49,2010.0,33.0,88.423529
SO,2026-09-04 16:05:00+00:00,88.47,88.47,88.43,88.46,649.0,28.0,88.44875
SO,2026-09-04 16:10:00+00:00,88.37,88.37,88.37,88.37,100.0,1.0,88.37
SO,2026-09-04 16:15:00+00:00,88.38,88.4,88.38,88.4,953.0,20.0,88.3925
SO,2026-09-04 16:20:00+00:00,88.41,88.41,88.41,88.41,208.0,3.0,88.41
SO,2026-09-04 16:25:00+00:00,88.4,88.4,88.4,88.4,231.0,5.0,88.4
SO,2026-09-04 16:30:00+00:00,88.355,88.355,88.31,88.32,683.0,18.0,88.330504
SO,2026-09-04 16:35:00+00:00,88.325,88.345,88.215,88.215,1177.0,21.0,88.314392
SO,2026-09-04 16:40:00+00:00,88.2,88.2,88.11,88.11,2953.0,36.0,88.131255
SO,2026-09-04 16:45:00+00:00,88.11,88.23,88.09,88.23,1862.0,25.0,88.1516
SO,2026-09-04 16:50:00+00:00,88.25,88.25,88.23,88.23,334.0,4.0,88.242192
SO,2026-09-04 16:55:00+00:00,88.27,88.28,88.21,88.21,644.0,17.0,88.245556
SO,2026-09-04 17:00:00+00:00,88.19,88.215,88.185,88.2,1732.0,47.0,88.194615
SO,2026-09-04 17:05:00+00:00,88.2,88.24,88.2,88.24,559.0,14.0,88.2175
SO,2026-09-04 17:10:00+00:00,88.23,88.24,88.2,88.2,1011.0,25.0,88.2275
SO,2026-09-04 17:15:00+00:00,88.135,88.14,88.08,88.11,1608.0,34.0,88.11186
SO,2026-09-04 17:20:00+00:00,88.08,88.1,88.06,88.08,2194.0,42.0,88.081176
SO,2026-09-04 17:25:00+00:00,88.04,88.04,87.98,87.98,952.0,33.0,88.000714
SO,2026-09-04 17:30:00+00:00,87.93,87.97,87.9,87.97,3222.0,48.0,87.927222
SO,2026-09-04 17:35:00+00:00,87.96,87.97,87.96,87.97,594.0,9.0,87.9625
SO,2026-09-04 17:40:00+00:00,87.98,88.05,87.98,87.99,1100.0,29.0,88.013333
SO,2026-09-04 17:45:00+00:00,87.95,87.96,87.95,87.95,550.0,10.0,87.9525
SO,2026-09-04 17:55:00+00:00,87.99,88.02,87.97,88.015,2912.0,67.0,87.996458
SO,2026-09-04 18:00:00+00:00,88.03,88.05,87.955,87.955,2760.0,36.0,87.983346
SO,2026-09-04 18:05:00+00:00,87.96,87.99,87.95,87.955,995.0,20.0,87.964411
SO,2026-09-04 18:10:00+00:00,87.96,88.02,87.96,88.02,2065.0,22.0,87.97817
SO,2026-09-04 18:15:00+00:00,88.02,88.02,88.0,88.0,496.0,6.0,88.01
SO,2026-09-04 18:20:00+00:00,88.005,88.005,87.97,87.98,1908.0,41.0,87.975
SO,2026-09-04 18:25:00+00:00,87.975,88.02,87.975,88.01,703.0,19.0,88.0
SO,2026-09-04 18:30:00+00:00,88.01,88.015,88.005,88.015,633.0,10.0,88.009167
SO,2026-09-04 18:35:00+00:00,88.02,88.045,88.02,88.045,2415.0,35.0,88.032
SO,2026-09-04 18:40:00+00:00,88.05,88.08,88.035,88.08,800.0,16.0,88.061707
SO,2026-09-04 18:45:00+00:00,88.095,88.14,88.08,88.08,3228.0,55.0,88.116377
SO,2026-09-04 18:50:00+00:00,88.08,88.11,88.08,88.1,853.0,19.0,88.095534
SO,2026-09-04 18:55:00+00:00,88.09,88.09,88.065,88.075,372.0,11.0,88.076667
SO,2026-09-04 19:00:00+00:00,88.06,88.08,88.02,88.02,1670.0,34.0,88.051111
SO,2026-09-04 19:05:00+00:00,88.03,88.03,87.975,88.015,1266.0,24.0,88.015027
SO,2026-09-04 19:10:00+00:00,88.03,88.08,88.03,88.08,912.0,20.0,88.063333
SO,2026-09-04 19:15:00+00:00,88.07,88.08,88.045,88.055,1438.0,33.0,88.062857
SO,2026-09-04 19:20:00+00:00,88.07,88.095,88.07,88.07,1945.0,36.0,88.08
SO,2026-09-04 19:25:00+00:00,88.075,88.11,88.075,88.09,2671.0,40.0,88.088259
SO,2026-09-04 19:30:00+00:00,88.055,88.07,87.965,87.965,2530.0,35.0,88.029508
SO,2026-09-04 19:35:00+00:00,87.97,87.97,87.93,87.94,1766.0,39.0,87.943871
SO,2026-09-04 19:40:00+00:00,87.95,88.05,87.95,88.03,4714.0,64.0,88.024715
SO,2026-09-04 19:45:00+00:00,88.01,88.025,87.84,87.84,6681.0,79.0,87.951217
SO,2026-09-04 19:50:00+00:00,87.825,87.84,87.73,87.73,8919.0,118.0,87.796262
SO,2026-09-04 19:55:00+00:00,87.75,88.115,87.655,88.115,66501.0,634.0,87.925151
SO,2026-09-08 13:30:00+00:00,88.38,88.53,88.205,88.385,2440.0,36.0,88.405781
SO,2026-09-08 13:35:00+00:00,88.39,88.66,88.38,88.455,3742.0,36.0,88.541161
SO,2026-09-08 13:40:00+00:00,88.41,88.63,88.395,88.625,6867.0,55.0,88.4344
SO,2026-09-08 13:45:00+00:00,88.6,88.62,88.435,88.435,4004.0,54.0,88.517394
SO,2026-09-08 13:50:00+00:00,88.41,88.63,88.41,88.545,4894.0,70.0,88.5337
SO,2026-09-08 13:55:00+00:00,88.6,88.63,88.54,88.555,2337.0,46.0,88.583005
SO,2026-09-08 14:00:00+00:00,88.61,88.745,88.51,88.745,6214.0,75.0,88.624836
SO,2026-09-08 14:05:00+00:00,88.78,88.92,88.74,88.905,6305.0,62.0,88.850991
SO,2026-09-08 14:10:00+00:00,88.905,89.015,88.84,88.84,6878.0,88.0,88.943586
SO,2026-09-08 14:15:00+00:00,88.88,88.915,88.82,88.845,3318.0,47.0,88.878071
SO,2026-09-08 14:20:00+00:00,88.85,88.96,88.79,88.96,3657.0,52.0,88.863486
SO,2026-09-08 14:25:00+00:00,88.97,89.04,88.94,89.02,2518.0,48.0,88.992353
SO,2026-09-08 14:30:00+00:00,89.04,89.09,89.025,89.05,1953.0,40.0,89.052444
SO,2026-09-08 14:35:00+00:00,89.02,89.19,88.995,89.13,4193.0,54.0,89.077834
SO,2026-09-08 14:40:00+00:00,89.14,89.17,89.14,89.155,1285.0,20.0,89.161892
SO,2026-09-08 14:45:00+00:00,89.175,89.205,89.125,89.125,2602.0,71.0,89.174239
SO,2026-09-08 14:50:00+00:00,89.21,89.23,89.13,89.13,1854.0,56.0,89.193462
SO,2026-09-08 14:55:00+00:00,89.13,89.13,88.995,88.995,2208.0,41.0,89.0761
SO,2026-09-08 15:00:00+00:00,88.975,88.975,88.865,88.865,3948.0,82.0,88.895729
SO,2026-09-08 15:05:00+00:00,88.88,88.88,88.75,88.755,2288.0,47.0,88.812182
SO,2026-09-08 15:10:00+00:00,88.72,88.725,88.67,88.67,888.0,22.0,88.70625
SO,2026-09-08 15:15:00+00:00,88.67,88.7,88.63,88.69,2957.0,42.0,88.681429
SO,2026-09-08 15:20:00+00:00,88.69,88.79,88.66,88.68,3117.0,45.0,88.714884
SO,2026-09-08 15:25:00+00:00,88.67,88.845,88.67,88.815,2906.0,43.0,88.784878
SO,2026-09-08 15:30:00+00:00,88.82,88.96,88.82,88.91,1629.0,31.0,88.902532
SO,2026-09-08 15:35:00+00:00,88.925,88.97,88.925,88.97,1950.0,44.0,88.943521
SO,2026-09-08 15:40:00+00:00,88.98,89.05,88.98,89.01,1284.0,37.0,89.022491
SO,2026-09-08 15:45:00+00:00,89.08,89.1,88.965,88.98,10031.0,105.0,89.014088
SO,2026-09-08 15:50:00+00:00,88.945,88.99,88.865,88.885,9687.0,98.0,88.921188
SO,2026-09-08 15:55:00+00:00,88.88,88.9,88.75,88.77,8470.0,79.0,88.78528
SO,2026-09-08 16:00:00+00:00,88.765,88.82,88.745,88.78,13970.0,114.0,88.766573
SO,2026-09-08 16:05:00+00:00,88.76,88.86,88.76,88.86,6258.0,77.0,88.809331
SO,2026-09-08 16:10:00+00:00,88.845,89.0,88.845,89.0,4871.0,88.0,88.912045
SO,2026-09-08 16:15:00+00:00,89.0,89.005,88.9,88.915,13971.0,85.0,88.966059
SO,2026-09-08 16:20:00+00:00,88.91,88.965,88.88,88.92,3048.0,90.0,88.915731
SO,2026-09-08 16:25:00+00:00,88.91,88.935,88.85,88.85,2841.0,47.0,88.913474
SO,2026-09-08 16:30:00+00:00,88.77,88.88,88.75,88.88,1384.0,27.0,88.816059
SO,2026-09-08 16:35:00+00:00,88.86,88.86,88.805,88.805,1126.0,28.0,88.838125
SO,2026-09-08 16:40:00+00:00,88.785,88.795,88.755,88.755,1637.0,53.0,88.779055
SO,2026-09-08 16:45:00+00:00,88.745,88.81,88.74,88.805,2123.0,42.0,88.773439
SO,2026-09-08 16:50:00+00:00,88.84,88.895,88.83,88.855,1147.0,21.0,88.85375
SO,2026-09-08 16:55:00+00:00,88.855,88.92,88.855,88.885,2064.0,63.0,88.886923
SO,2026-09-08 17:00:00+00:00,88.89,88.91,88.855,88.9,2972.0,41.0,88.885849
SO,2026-09-08 17:05:00+00:00,88.875,88.9,88.81,88.81,2725.0,65.0,88.839748
SO,2026-09-08 17:10:00+00:00,88.805,88.805,88.785,88.79,2057.0,32.0,88.798395
SO,2026-09-08 17:15:00+00:00,88.79,88.82,88.79,88.82,753.0,22.0,88.804
SO,2026-09-08 17:20:00+00:00,88.8,88.895,88.8,88.895,821.0,36.0,88.844167
SO,2026-09-08 17:25:00+00:00,88.87,88.915,88.87,88.915,921.0,15.0,88.8975
SO,2026-09-08 17:30:00+00:00,88.915,88.915,88.895,88.895,2081.0,34.0,88.904412
SO,2026-09-08 17:35:00+00:00,88.9,88.905,88.875,88.895,2453.0,37.0,88.893235
SO,2026-09-08 17:40:00+00:00,88.91,88.91,88.81,88.815,6506.0,115.0,88.859906
SO,2026-09-08 17:45:00+00:00,88.84,88.85,88.8,88.83,1518.0,35.0,88.829104
SO,2026-09-08 17:50:00+00:00,88.825,88.925,88.82,88.895,2837.0,58.0,88.881731
SO,2026-09-08 17:55:00+00:00,88.91,88.94,88.88,88.9,2189.0,50.0,88.91125
SO,2026-09-08 18:00:00+00:00,88.92,88.975,88.92,88.965,761.0,15.0,88.959247
SO,2026-09-08 18:05:00+00:00,88.985,89.06,88.97,89.06,7946.0,82.0,89.016894
SO,2026-09-08 18:10:00+00:00,89.035,89.125,89.035,89.1,7952.0,99.0,89.071594
SO,2026-09-08 18:15:00+00:00,89.115,89.19,89.115,89.175,1394.0,35.0,89.14037
SO,2026-09-08 18:20:00+00:00,89.2,89.245,89.18,89.23,4062.0,53.0,89.219526
SO,2026-09-08 18:25:00+00:00,89.22,89.23,89.175,89.175,2239.0,75.0,89.211538
SO,2026-09-08 18:30:00+00:00,89.17,89.3,89.145,89.29,5697.0,76.0,89.22294
SO,2026-09-08 18:35:00+00:00,89.295,89.325,89.24,89.265,9249.0,65.0,89.296402
SO,2026-09-08 18:40:00+00:00,89.27,89.3,89.27,89.295,2037.0,74.0,89.282678
SO,2026-09-08 18:45:00+00:00,89.305,89.325,89.22,89.23,6613.0,140.0,89.267076
SO,2026-09-08 18:50:00+00:00,89.25,89.32,89.24,89.32,4506.0,60.0,89.273718
SO,2026-09-08 18:55:00+00:00,89.32,89.32,89.285,89.295,2491.0,47.0,89.297222
SO,2026-09-08 19:00:00+00:00,89.29,89.29,89.175,89.175,2957.0,59.0,89.231818
SO,2026-09-08 19:05:00+00:00,89.17,89.24,89.13,89.23,2801.0,68.0,89.193743
SO,2026-09-08 19:10:00+00:00,89.265,89.3,89.23,89.23,1375.0,32.0,89.26125
SO,2026-09-08 19:15:00+00:00,89.195,89.255,89.195,89.23,1815.0,39.0,89.224806
SO,2026-09-08 19:20:00+00:00,89.21,89.225,89.2,89.215,1993.0,47.0,89.210767
SO,2026-09-08 19:25:00+00:00,89.215,89.215,89.175,89.19,3249.0,71.0,89.188185
SO,2026-09-08 19:30:00+00:00,89.2,89.255,89.13,89.22,6248.0,136.0,89.204477
SO,2026-09-08 19:35:00+00:00,89.21,89.23,89.2,89.21,2490.0,64.0,89.214111
SO,2026-09-08 19:40:00+00:00,89.19,89.2,89.15,89.18,7020.0,73.0,89.176042
SO,2026-09-08 19:45:00+00:00,89.175,89.24,89.14,89.205,8537.0,142.0,89.187279
SO,2026-09-08 19:50:00+00:00,89.19,89.24,89.065,89.075,16053.0,161.0,89.122567
SO,2026-09-08 19:55:00+00:00,89.08,89.175,88.98,89.01,49221.0,671.0,89.078721
SO,2026-09-09 13:30:00+00:00,88.945,89.115,88.705,89.1,1681.0,20.0,88.870405
SO,2026-09-09 13:35:00+00:00,88.98,89.09,88.98,89.07,557.0,9.0,89.05
SO,2026-09-09 13:40:00+00:00,88.91,88.91,88.84,88.84,542.0,9.0,88.87875
SO,2026-09-09 13:45:00+00:00,88.96,88.96,88.96,88.96,634.0,12.0,88.96
SO,2026-09-09 13:50:00+00:00,88.9,88.985,88.87,88.87,983.0,14.0,88.913571
SO,2026-09-09 13:55:00+00:00,88.86,88.88,88.78,88.79,1040.0,20.0,88.82
SO,2026-09-09 14:00:00+00:00,88.99,89.12,88.95,89.1,4876.0,82.0,89.057313
SO,2026-09-09 14:05:00+00:00,89.105,89.17,89.07,89.07,2428.0,51.0,89.104333
SO,2026-09-09 14:10:00+00:00,89.04,89.05,88.95,89.0,5251.0,77.0,89.01125
SO,2026-09-09 14:15:00+00:00,88.99,88.99,88.85,88.85,4485.0,57.0,88.952942
SO,2026-09-09 14:20:00+00:00,88.89,88.92,88.775,88.78,2778.0,38.0,88.837222
SO,2026-09-09 14:25:00+00:00,88.77,88.785,88.59,88.59,2723.0,39.0,88.699186
SO,2026-09-09 14:30:00+00:00,88.68,88.74,88.66,88.685,1836.0,28.0,88.695807
SO,2026-09-09 14:35:00+00:00,88.675,88.75,88.595,88.75,3284.0,48.0,88.6728
SO,2026-09-09 14:40:00+00:00,88.72,88.72,88.61,88.625,1383.0,23.0,88.64399
SO,2026-09-09 14:45:00+00:00,88.6,88.65,88.505,88.505,2120.0,36.0,88.552903
SO,2026-09-09 14:50:00+00:00,88.5,88.525,88.445,88.46,967.0,19.0,88.478571
SO,2026-09-09 14:55:00+00:00,88.45,88.555,88.45,88.48,5082.0,66.0,88.510329
SO,2026-09-09 15:00:00+00:00,88.505,88.53,88.26,88.26,5707.0,82.0,88.421996
SO,2026-09-09 15:05:00+00:00,88.28,88.42,88.28,88.3,2032.0,55.0,88.361818
SO,2026-09-09 15:10:00+00:00,88.265,88.415,88.24,88.415,1922.0,30.0,88.31265
SO,2026-09-09 15:15:00+00:00,88.4,88.4,88.305,88.305,1524.0,24.0,88.35849
SO,2026-09-09 15:20:00+00:00,88.33,88.335,88.31,88.315,784.0,11.0,88.322143
SO,2026-09-09 15:25:00+00:00,88.295,88.345,88.295,88.345,1404.0,23.0,88.310455
SO,2026-09-09 15:30:00+00:00,88.31,88.32,88.21,88.21,676.0,19.0,88.29
SO,2026-09-09 15:35:00+00:00,88.19,88.25,88.15,88.25,1893.0,37.0,88.190813
SO,2026-09-09 15:40:00+00:00,88.23,88.265,88.175,88.175,1114.0,22.0,88.211111
SO,2026-09-09 15:45:00+00:00,88.2,88.225,88.18,88.18,843.0,17.0,88.208333
SO,2026-09-09 15:50:00+00:00,88.15,88.155,88.12,88.13,1981.0,27.0,88.134138
SO,2026-09-09 15:55:00+00:00,88.09,88.11,88.07,88.085,1170.0,23.0,88.085625
SO,2026-09-09 16:00:00+00:00,88.06,88.195,88.06,88.145,1096.0,21.0,88.126891
SO,2026-09-09 16:05:00+00:00,88.165,88.2,88.135,88.195,878.0,18.0,88.163333
SO,2026-09-09 16:10:00+00:00,88.125,88.165,88.12,88.145,1754.0,22.0,88.129655
SO,2026-09-09 16:15:00+00:00,88.15,88.22,88.15,88.15,6568.0,61.0,88.16449
SO,2026-09-09 16:20:00+00:00,88.15,88.165,88.125,88.165,4071.0,52.0,88.141177
SO,2026-09-09 16:25:00+00:00,88.22,88.245,88.185,88.2,2394.0,41.0,88.210833
SO,2026-09-09 16:30:00+00:00,88.21,88.24,88.105,88.135,2267.0,39.0,88.170882
SO,2026-09-09 16:35:00+00:00,88.115,88.12,88.08,88.12,790.0,17.0,88.104231
SO,2026-09-09 16:40:00+00:00,88.105,88.105,88.05,88.05,1113.0,18.0,88.0635
SO,2026-09-09 16:45:00+00:00,88.075,88.095,88.06,88.075,1313.0,30.0,88.072162
SO,2026-09-09 16:50:00+00:00,88.1,88.1,88.035,88.045,1372.0,36.0,88.08
SO,2026-09-09 16:55:00+00:00,88.04,88.055,88.01,88.01,2479.0,40.0,88.038458
SO,2026-09-09 17:00:00+00:00,88.03,88.165,88.03,88.165,4660.0,61.0,88.093559
SO,2026-09-09 17:05:00+00:00,88.21,88.215,88.19,88.21,771.0,19.0,88.206429
SO,2026-09-09 17:10:00+00:00,88.225,88.24,88.215,88.24,616.0,7.0,88.229606
SO,2026-09-09 17:15:00+00:00,88.225,88.24,88.11,88.11,1550.0,27.0,88.14694
SO,2026-09-09 17:20:00+00:00,88.11,88.155,88.11,88.15,847.0,11.0,88.145455
SO,2026-09-09 17:25:00+00:00,88.16,88.19,88.14,88.16,2143.0,32.0,88.166286
SO,2026-09-09 17:30:00+00:00,88.135,88.135,88.13,88.13,303.0,5.0,88.133333
SO,2026-09-09 17:35:00+00:00,88.18,88.2,88.18,88.18,806.0,10.0,88.186757
SO,2026-09-09 17:40:00+00:00,88.225,88.23,88.21,88.22,1271.0,20.0,88.219597
SO,2026-09-09 17:45:00+00:00,88.21,88.23,88.19,88.23,5127.0,51.0,88.194727
SO,2026-09-09 17:50:00+00:00,88.22,88.32,88.22,88.32,6043.0,68.0,88.283968
SO,2026-09-09 17:55:00+00:00,88.345,88.375,88.32,88.375,979.0,20.0,88.347564
SO,2026-09-09 18:00:00+00:00,88.415,88.415,88.345,88.37,1702.0,41.0,88.385
SO,2026-09-09 18:05:00+00:00,88.37,88.37,88.33,88.33,1394.0,19.0,88.356667
SO,2026-09-09 18:10:00+00:00,88.39,88.42,88.38,88.42,830.0,16.0,88.394
SO,2026-09-09 18:15:00+00:00,88.4,88.42,88.37,88.4,1172.0,24.0,88.394444
SO,2026-09-09 18:20:00+00:00,88.4,88.455,88.385,88.425,2000.0,35.0,88.41126
SO,2026-09-09 18:25:00+00:00,88.46,88.505,88.46,88.49,680.0,17.0,88.48625
SO,2026-09-09 18:30:00+00:00,88.49,88.555,88.49,88.55,2947.0,42.0,88.524572
SO,2026-09-09 18:35:00+00:00,88.53,88.56,88.53,88.56,2469.0,47.0,88.54921
SO,2026-09-09 18:40:00+00:00,88.65,88.65,88.64,88.64,453.0,5.0,88.64625
SO,2026-09-09 18:45:00+00:00,88.63,88.63,88.52,88.52,2725.0,40.0,88.558042
SO,2026-09-09 18:50:00+00:00,88.47,88.49,88.45,88.455,2568.0,38.0,88.473417
SO,2026-09-09 18:55:00+00:00,88.495,88.495,88.47,88.47,915.0,36.0,88.476667
SO,2026-09-09 19:00:00+00:00,88.48,88.51,88.48,88.5,1797.0,34.0,88.493752
SO,2026-09-09 19:05:00+00:00,88.47,88.48,88.43,88.48,1502.0,30.0,88.46037
SO,2026-09-09 19:10:00+00:00,88.485,88.52,88.485,88.495,2792.0,38.0,88.495118
SO,2026-09-09 19:15:00+00:00,88.495,88.495,88.45,88.48,2712.0,56.0,88.46676
SO,2026-09-09 19:20:00+00:00,88.49,88.49,88.48,88.48,720.0,15.0,88.488
SO,2026-09-09 19:25:00+00:00,88.48,88.48,88.44,88.45,2842.0,44.0,88.456272
SO,2026-09-09 19:30:00+00:00,88.485,88.53,88.44,88.45,3528.0,74.0,88.486554
SO,2026-09-09 19:35:00+00:00,88.46,88.51,88.45,88.455,1590.0,24.0,88.466538
SO,2026-09-09 19:40:00+00:00,88.46,88.485,88.45,88.48,2405.0,45.0,88.467484
SO,2026-09-09 19:45:00+00:00,88.43,88.5,88.395,88.395,4504.0,80.0,88.461024
SO,2026-09-09 19:50:00+00:00,88.38,88.38,88.2,88.34,16528.0,228.0,88.26652
SO,2026-09-09 19:55:00+00:00,88.35,88.42,88.29,88.345,28690.0,550.0,88.378779
SO,2026-09-10 13:30:00+00:00,88.92,89.0,88.65,88.71,2470.0,35.0,88.85741
SO,2026-09-10 13:35:00+00:00,88.6,88.68,88.6,88.66,831.0,17.0,88.65011
SO,2026-09-10 13:40:00+00:00,88.46,88.665,88.44,88.665,936.0,10.0,88.497596
SO,2026-09-10 13:45:00+00:00,88.64,88.64,88.495,88.495,2946.0,39.0,88.569675
SO,2026-09-10 13:50:00+00:00,88.465,88.48,88.42,88.475,1967.0,26.0,88.443064
SO,2026-09-10 13:55:00+00:00,88.485,88.59,88.34,88.59,2894.0,34.0,88.43078
SO,2026-09-10 14:00:00+00:00,88.575,88.59,88.43,88.45,4739.0,54.0,88.522277
SO,2026-09-10 14:05:00+00:00,88.475,88.58,88.475,88.51,2401.0,39.0,88.509038
SO,2026-09-10 14:10:00+00:00,88.505,88.745,88.505,88.65,3369.0,38.0,88.62738
SO,2026-09-10 14:15:00+00:00,88.64,88.83,88.64,88.73,3626.0,42.0,88.778104
SO,2026-09-10 14:20:00+00:00,88.73,88.745,88.54,88.54,4655.0,61.0,88.608403
SO,2026-09-10 14:25:00+00:00,88.59,88.65,88.5,88.53,3352.0,44.0,88.57129
SO,2026-09-10 14:30:00+00:00,88.52,88.59,88.47,88.59,2710.0,41.0,88.518249
SO,2026-09-10 14:35:00+00:00,88.51,88.52,88.485,88.485,700.0,11.0,88.5075
SO,2026-09-10 14:40:00+00:00,88.32,88.35,88.255,88.28,4435.0,60.0,88.300498
SO,2026-09-10 14:45:00+00:00,88.25,88.25,88.15,88.17,2709.0,38.0,88.188611
SO,2026-09-10 14:50:00+00:00,88.19,88.22,88.17,88.17,1006.0,17.0,88.194167
SO,2026-09-10 14:55:00+00:00,88.125,88.17,88.125,88.17,1864.0,23.0,88.140924
SO,2026-09-10 15:00:00+00:00,88.11,88.11,88.07,88.075,1591.0,25.0,88.089804
SO,2026-09-10 15:05:00+00:00,88.13,88.13,88.0,88.065,3564.0,35.0,88.058248
SO,2026-09-10 15:10:00+00:00,88.05,88.05,87.93,87.935,3216.0,41.0,88.003566
SO,2026-09-10 15:15:00+00:00,87.975,88.085,87.97,88.085,2176.0,28.0,88.005821
SO,2026-09-10 15:20:00+00:00,87.98,88.0,87.94,87.94,1165.0,13.0,87.959778
SO,2026-09-10 15:25:00+00:00,87.915,87.97,87.89,87.915,4533.0,51.0,87.926166
SO,2026-09-10 15:30:00+00:00,87.885,87.885,87.82,87.87,3449.0,47.0,87.84885
SO,2026-09-10 15:35:00+00:00,87.865,87.87,87.8,87.82,1895.0,29.0,87.84154
SO,2026-09-10 15:40:00+00:00,87.84,87.88,87.81,87.87,1137.0,20.0,87.840255
SO,2026-09-10 15:45:00+00:00,87.88,87.88,87.81,87.815,3822.0,39.0,87.852866
SO,2026-09-10 15:50:00+00:00,87.83,88.05,87.83,88.05,2624.0,29.0,87.983072
SO,2026-09-10 15:55:00+00:00,88.01,88.015,87.99,88.0,1155.0,17.0,88.007719
SO,2026-09-10 16:00:00+00:00,88.02,88.02,88.0,88.0,1398.0,20.0,88.008336
SO,2026-09-10 16:05:00+00:00,87.94,87.97,87.94,87.96,800.0,12.0,87.958
SO,2026-09-10 16:10:00+00:00,88.025,88.025,87.96,87.96,571.0,12.0,87.98125
SO,2026-09-10 16:15:00+00:00,87.96,88.01,87.94,87.995,3002.0,40.0,87.966987
SO,2026-09-10 16:20:00+00:00,88.01,88.01,88.0,88.01,651.0,11.0,88.005
SO,2026-09-10 16:25:00+00:00,87.95,88.08,87.95,88.055,1371.0,20.0,88.032222
SO,2026-09-10 16:30:00+00:00,87.98,87.98,87.92,87.965,1947.0,20.0,87.953729
SO,2026-09-10 16:35:00+00:00,87.94,87.99,87.92,87.99,1688.0,21.0,87.951905
SO,2026-09-10 16:40:00+00:00,87.99,88.0,87.99,88.0,798.0,15.0,87.995
SO,2026-09-10 16:45:00+00:00,87.98,88.005,87.93,87.99,2392.0,39.0,87.954983
SO,2026-09-10 16:50:00+00:00,87.96,87.96,87.9,87.9,1010.0,20.0,87.929167
SO,2026-09-10 16:55:00+00:00,87.91,87.91,87.86,87.86,1560.0,17.0,87.888333
SO,2026-09-10 17:00:00+00:00,87.86,87.95,87.86,87.9,1730.0,17.0,87.921
SO,2026-09-10 17:05:00+00:00,87.92,87.93,87.79,87.79,1794.0,26.0,87.881673
SO,2026-09-10 17:10:00+00:00,87.8,87.8,87.68,87.68,3343.0,28.0,87.735702
SO,2026-09-10 17:15:00+00:00,87.7,87.85,87.7,87.85,1984.0,24.0,87.784443
SO,2026-09-10 17:20:00+00:00,87.86,87.86,87.79,87.79,1085.0,17.0,87.826667
SO,2026-09-10 17:25:00+00:00,87.79,87.79,87.76,87.78,859.0,10.0,87.781464
SO,2026-09-10 17:30:00+00:00,87.775,87.835,87.775,87.815,2254.0,31.0,87.812686
SO,2026-09-10 17:35:00+00:00,87.86,87.91,87.86,87.89,1530.0,22.0,87.890826
SO,2026-09-10 17:40:00+00:00,87.9,87.9,87.83,87.83,635.0,11.0,87.855
SO,2026-09-10 17:50:00+00:00,87.92,87.93,87.86,87.9,1224.0,24.0,87.9
SO,2026-09-10 17:55:00+00:00,87.93,87.93,87.9,87.93,1539.0,14.0,87.904225
SO,2026-09-10 18:00:00+00:00,87.93,88.04,87.93,87.93,2472.0,30.0,87.984482
SO,2026-09-10 18:05:00+00:00,87.95,87.965,87.93,87.96,2535.0,30.0,87.954324
SO,2026-09-10 18:10:00+00:00,87.95,88.01,87.95,87.99,968.0,14.0,87.977426
SO,2026-09-10 18:15:00+00:00,87.99,88.02,87.975,87.975,1841.0,29.0,87.991154
SO,2026-09-10 18:20:00+00:00,87.985,87.985,87.96,87.98,1193.0,15.0,87.976364
SO,2026-09-10 18:25:00+00:00,87.965,87.965,87.94,87.94,430.0,9.0,87.95125
SO,2026-09-10 18:30:00+00:00,87.93,87.93,87.83,87.835,1270.0,23.0,87.858611
SO,2026-09-10 18:35:00+00:00,87.83,87.94,87.83,87.94,846.0,9.0,87.909333
SO,2026-09-10 18:40:00+00:00,87.97,87.99,87.97,87.98,724.0,7.0,87.978334
SO,2026-09-10 18:45:00+00:00,88.015,88.13,88.0,88.12,5108.0,52.0,88.070568
SO,2026-09-10 18:50:00+00:00,88.13,88.14,88.12,88.12,619.0,12.0,88.130453
SO,2026-09-10 18:55:00+00:00,88.13,88.14,88.055,88.055,2910.0,36.0,88.116097
SO,2026-09-10 19:00:00+00:00,88.03,88.03,88.03,88.03,268.0,6.0,88.03
SO,2026-09-10 19:05:00+00:00,88.045,88.115,88.045,88.11,2902.0,33.0,88.076832
SO,2026-09-10 19:10:00+00:00,88.09,88.1,88.06,88.08,3301.0,38.0,88.078958
SO,2026-09-10 19:15:00+00:00,88.08,88.08,87.955,87.99,1373.0,21.0,88.016087
SO,2026-09-10 19:20:00+00:00,87.955,87.955,87.79,87.79,21581.0,189.0,87.831217
SO,2026-09-10 19:25:00+00:00,87.84,87.925,87.84,87.92,4682.0,55.0,87.912194
SO,2026-09-10 19:30:00+00:00,87.92,87.97,87.865,87.97,3344.0,46.0,87.930664
SO,2026-09-10 19:35:00+00:00,87.99,88.07,87.99,88.05,1756.0,22.0,88.031896
SO,2026-09-10 19:40:00+00:00,88.04,88.1,88.04,88.1,2085.0,35.0,88.066398
SO,2026-09-10 19:45:00+00:00,88.1,88.11,88.02,88.05,4795.0,72.0,88.055389
SO,2026-09-10 19:50:00+00:00,88.04,88.04,87.95,87.96,6344.0,95.0,87.990067
SO,2026-09-10 19:55:00+00:00,87.95,88.015,87.73,87.75,33001.0,423.0,87.852845
SO,2026-09-11 13:30:00+00:00,88.385,88.425,88.225,88.25,3007.0,70.0,88.357611
SO,2026-09-11 13:35:00+00:00,88.18,88.2,88.07,88.11,1973.0,39.0,88.116916
SO,2026-09-11 13:40:00+00:00,88.135,88.205,88.01,88.04,2233.0,67.0,88.095923
SO,2026-09-11 13:45:00+00:00,88.21,88.31,88.21,88.31,3014.0,51.0,88.246333
SO,2026-09-11 13:50:00+00:00,88.22,88.22,88.0,88.0,2640.0,85.0,88.079676
SO,2026-09-11 13:55:00+00:00,88.03,88.15,88.03,88.07,1707.0,46.0,88.092119
SO,2026-09-11 14:00:00+00:00,88.02,88.03,87.895,87.92,7066.0,122.0,87.97048
SO,2026-09-11 14:05:00+00:00,87.92,87.96,87.87,87.87,3468.0,63.0,87.910222
SO,2026-09-11 14:10:00+00:00,87.82,87.88,87.73,87.79,4182.0,64.0,87.790628
SO,2026-09-11 14:15:00+00:00,87.81,87.94,87.81,87.89,2857.0,68.0,87.871265
SO,2026-09-11 14:20:00+00:00,87.79,87.8,87.735,87.735,1512.0,64.0,87.762857
SO,2026-09-11 14:25:00+00:00,87.77,87.86,87.74,87.86,2272.0,64.0,87.793166
SO,2026-09-11 14:30:00+00:00,87.81,87.81,87.65,87.65,1988.0,77.0,87.726267
SO,2026-09-11 14:35:00+00:00,87.63,87.74,87.62,87.74,1074.0,37.0,87.660918
SO,2026-09-11 14:40:00+00:00,87.72,87.72,87.62,87.62,1250.0,47.0,87.677785
SO,2026-09-11 14:45:00+00:00,87.68,87.715,87.65,87.65,1645.0,55.0,87.672369
SO,2026-09-11 14:50:00+00:00,87.635,87.68,87.575,87.575,2124.0,51.0,87.62966
SO,2026-09-11 14:55:00+00:00,87.56,87.605,87.56,87.6,1606.0,54.0,87.585366
SO,2026-09-11 15:00:00+00:00,87.59,87.59,87.475,87.515,2230.0,39.0,87.510358
SO,2026-09-11 15:05:00+00:00,87.535,87.56,87.51,87.51,2016.0,40.0,87.536054
SO,2026-09-11 15:10:00+00:00,87.41,87.475,87.41,87.475,687.0,32.0,87.445
SO,2026-09-11 15:15:00+00:00,87.52,87.545,87.49,87.49,1242.0,30.0,87.522174
SO,2026-09-11 15:20:00+00:00,87.49,87.62,87.49,87.62,7716.0,73.0,87.59906
SO,2026-09-11 15:25:00+00:00,87.62,87.72,87.62,87.63,1950.0,25.0,87.648624
SO,2026-09-11 15:30:00+00:00,87.64,87.68,87.62,87.68,2570.0,31.0,87.652523
SO,2026-09-11 15:35:00+00:00,87.62,87.74,87.62,87.74,1256.0,21.0,87.713571
SO,2026-09-11 15:40:00+00:00,87.725,87.865,87.725,87.84,1784.0,33.0,87.807755
SO,2026-09-11 15:45:00+00:00,87.9,87.925,87.85,87.86,2903.0,43.0,87.885098
SO,2026-09-11 15:50:00+00:00,87.86,87.86,87.79,87.815,1343.0,25.0,87.821
SO,2026-09-11 15:55:00+00:00,87.85,87.935,87.85,87.935,592.0,12.0,87.9
SO,2026-09-11 16:00:00+00:00,87.935,87.935,87.825,87.825,1693.0,28.0,87.871
SO,2026-09-11 16:05:00+00:00,87.85,87.865,87.84,87.865,1151.0,22.0,87.856818
SO,2026-09-11 16:10:00+00:00,87.87,87.87,87.83,87.84,2579.0,55.0,87.848561
SO,2026-09-11 16:15:00+00:00,87.84,87.87,87.83,87.835,1569.0,38.0,87.847273
SO,2026-09-11 16:20:00+00:00,87.845,87.845,87.81,87.84,1375.0,36.0,87.826
SO,2026-09-11 16:25:00+00:00,87.86,87.88,87.84,87.86,1235.0,38.0,87.856875
SO,2026-09-11 16:30:00+00:00,87.97,88.01,87.94,88.01,2649.0,48.0,87.962554
SO,2026-09-11 16:35:00+00:00,88.02,88.04,88.0,88.0,3359.0,48.0,88.028328
SO,2026-09-11 16:40:00+00:00,87.95,87.95,87.92,87.93,789.0,22.0,87.933636
SO,2026-09-11 16:45:00+00:00,87.93,87.97,87.93,87.97,3204.0,51.0,87.959726
SO,2026-09-11 16:50:00+00:00,87.98,87.98,87.96,87.97,1445.0,33.0,87.963608
SO,2026-09-11 16:55:00+00:00,87.99,88.0,87.95,87.96,1684.0,33.0,87.979448
SO,2026-09-11 17:00:00+00:00,87.97,88.015,87.97,87.97,1581.0,58.0,87.988333
SO,2026-09-11 17:05:00+00:00,87.97,87.975,87.94,87.95,2267.0,36.0,87.953447
SO,2026-09-11 17:10:00+00:00,87.94,87.96,87.9,87.905,1535.0,21.0,87.919363
SO,2026-09-11 17:15:00+00:00,87.92,87.96,87.92,87.94,1062.0,20.0,87.93125
SO,2026-09-11 17:20:00+00:00,88.02,88.02,88.0,88.0,1492.0,25.0,88.01765
SO,2026-09-11 17:25:00+00:00,88.0,88.0,87.98,88.0,678.0,11.0,87.996248
SO,2026-09-11 17:30:00+00:00,87.97,88.07,87.97,88.05,1254.0,20.0,88.0425
SO,2026-09-11 17:35:00+00:00,88.05,88.12,88.03,88.04,3949.0,40.0,88.086023
SO,2026-09-11 17:40:00+00:00,88.035,88.035,87.99,88.03,1286.0,31.0,88.013333
SO,2026-09-11 17:45:00+00:00,88.03,88.05,88.01,88.05,1610.0,63.0,88.02605
SO,2026-09-11 17:50:00+00:00,88.06,88.065,88.03,88.03,693.0,16.0,88.051667
SO,2026-09-11 17:55:00+00:00,87.985,88.04,87.985,88.01,1739.0,40.0,88.015935
SO,2026-09-11 18:00:00+00:00,88.05,88.07,88.03,88.03,836.0,25.0,88.05258
SO,2026-09-11 18:05:00+00:00,88.055,88.065,87.99,88.01,2245.0,33.0,88.027056
SO,2026-09-11 18:10:00+00:00,88.01,88.03,87.96,87.96,2645.0,38.0,88.004268
SO,2026-09-11 18:15:00+00:00,87.95,87.95,87.875,87.885,856.0,22.0,87.9225
SO,2026-09-11 18:20:00+00:00,87.89,87.895,87.8,87.805,3174.0,63.0,87.840009
SO,2026-09-11 18:25:00+00:00,87.785,87.79,87.71,87.71,2156.0,51.0,87.758447
SO,2026-09-11 18:30:00+00:00,87.76,87.76,87.675,87.68,2497.0,59.0,87.720592
SO,2026-09-11 18:35:00+00:00,87.675,87.7,87.64,87.64,7458.0,62.0,87.668016
SO,2026-09-11 18:40:00+00:00,87.63,87.645,87.615,87.64,4064.0,64.0,87.630098
SO,2026-09-11 18:45:00+00:00,87.64,87.64,87.6,87.6,2833.0,41.0,87.620312
SO,2026-09-11 18:50:00+00:00,87.625,87.63,87.535,87.565,3361.0,87.0,87.566875
SO,2026-09-11 18:55:00+00:00,87.56,87.58,87.535,87.545,5114.0,63.0,87.55846
SO,2026-09-11 19:00:00+00:00,87.57,87.64,87.57,87.62,4358.0,85.0,87.602718
SO,2026-09-11 19:05:00+00:00,87.62,87.625,87.56,87.57,3759.0,52.0,87.597148
SO,2026-09-11 19:10:00+00:00,87.57,87.57,87.41,87.43,6345.0,106.0,87.475505
SO,2026-09-11 19:15:00+00:00,87.395,87.43,87.24,87.26,7118.0,107.0,87.308697
SO,2026-09-11 19:20:00+00:00,87.25,87.27,87.19,87.25,6623.0,89.0,87.230443
SO,2026-09-11 19:25:00+00:00,87.235,87.24,87.19,87.21,4257.0,72.0,87.212492
SO,2026-09-11 19:30:00+00:00,87.205,87.24,87.1,87.18,5917.0,109.0,87.174915
SO,2026-09-11 19:35:00+00:00,87.15,87.165,87.115,87.16,3541.0,47.0,87.14241
SO,2026-09-11 19:40:00+00:00,87.21,87.28,87.185,87.265,4175.0,67.0,87.223452
SO,2026-09-11 19:45:00+00:00,87.25,87.27,87.15,87.15,4777.0,80.0,87.19346
SO,2026-09-11 19:50:00+00:00,87.13,87.13,86.99,87.105,12356.0,200.0,87.055317
SO,2026-09-11 19:55:00+00:00,87.13,87.37,87.13,87.2,51911.0,584.0,87.260841
SO,2026-09-14 13:30:00+00:00,87.67,87.94,87.615,87.94,1598.0,25.0,87.705455
SO,2026-09-14 13:35:00+00:00,87.87,87.905,87.765,87.81,4666.0,63.0,87.835952
SO,2026-09-14 13:40:00+00:00,87.82,87.91,87.735,87.78,4952.0,47.0,87.807302
SO,2026-09-14 13:45:00+00:00,87.73,87.75,87.56,87.575,2356.0,31.0,87.688824
SO,2026-09-14 13:50:00+00:00,87.53,87.55,87.26,87.265,2424.0,49.0,87.385506
SO,2026-09-14 13:55:00+00:00,87.21,87.29,87.185,87.23,2934.0,35.0,87.218831
SO,2026-09-14 14:00:00+00:00,87.2,87.2,86.97,87.0,2729.0,47.0,87.0391
SO,2026-09-14 14:05:00+00:00,86.975,86.99,86.88,86.98,3199.0,47.0,86.947818
SO,2026-09-14 14:10:00+00:00,86.96,87.07,86.93,87.025,1825.0,30.0,86.998199
SO,2026-09-14 14:15:00+00:00,87.025,87.18,87.0,87.17,2436.0,38.0,87.109811
SO,2026-09-14 14:20:00+00:00,87.18,87.22,87.09,87.09,1659.0,25.0,87.152907
SO,2026-09-14 14:25:00+00:00,87.1,87.1,87.03,87.05,2438.0,47.0,87.063903
SO,2026-09-14 14:30:00+00:00,87.0,87.0,86.9,86.9,1844.0,25.0,86.979583
SO,2026-09-14 14:35:00+00:00,86.96,87.14,86.96,87.14,1337.0,24.0,87.055
SO,2026-09-14 14:40:00+00:00,87.06,87.06,87.06,87.06,393.0,8.0,87.06
SO,2026-09-14 14:45:00+00:00,87.07,87.07,87.045,87.045,289.0,5.0,87.0575
SO,2026-09-14 14:50:00+00:00,86.96,86.985,86.96,86.985,418.0,9.0,86.975
SO,2026-09-14 14:55:00+00:00,87.01,87.01,86.89,86.89,1799.0,25.0,86.941212
SO,2026-09-14 15:00:00+00:00,86.89,87.105,86.88,87.08,2834.0,40.0,87.02995
SO,2026-09-14 15:05:00+00:00,87.15,87.175,87.1,87.145,4088.0,47.0,87.141507
SO,2026-09-14 15:10:00+00:00,87.2,87.2,87.09,87.11,1611.0,34.0,87.123913
SO,2026-09-14 15:15:00+00:00,86.99,86.99,86.87,86.88,2410.0,33.0,86.950885
SO,2026-09-14 15:20:00+00:00,86.865,86.92,86.82,86.84,1757.0,25.0,86.859483
SO,2026-09-14 15:25:00+00:00,86.87,86.93,86.86,86.86,2288.0,59.0,86.883125
SO,2026-09-14 15:30:00+00:00,86.9,86.9,86.84,86.88,3190.0,55.0,86.880455
SO,2026-09-14 15:35:00+00:00,86.79,86.795,86.76,86.795,1378.0,38.0,86.773889
SO,2026-09-14 15:40:00+00:00,86.805,86.88,86.79,86.88,1430.0,28.0,86.828764
SO,2026-09-14 15:45:00+00:00,86.88,86.89,86.78,86.81,2747.0,63.0,86.826179
SO,2026-09-14 15:50:00+00:00,86.78,86.88,86.77,86.79,2605.0,59.0,86.827143
SO,2026-09-14 15:55:00+00:00,86.78,86.78,86.76,86.765,824.0,34.0,86.769091
SO,2026-09-14 16:00:00+00:00,86.8,86.91,86.78,86.91,4960.0,67.0,86.809936
SO,2026-09-14 16:05:00+00:00,86.885,86.95,86.885,86.95,419.0,15.0,86.91875
SO,2026-09-14 16:10:00+00:00,87.0,87.0,86.92,86.92,608.0,37.0,86.965
SO,2026-09-14 16:15:00+00:00,86.83,86.83,86.72,86.72,307.0,11.0,86.775
SO,2026-09-14 16:20:00+00:00,86.73,86.75,86.69,86.69,477.0,22.0,86.723333
SO,2026-09-14 16:25:00+00:00,86.71,86.8,86.71,86.8,871.0,16.0,86.758333
SO,2026-09-14 16:30:00+00:00,86.81,86.845,86.81,86.83,1379.0,42.0,86.833024
SO,2026-09-14 16:35:00+00:00,86.85,86.85,86.85,86.85,127.0,9.0,86.85
SO,2026-09-14 16:40:00+00:00,86.755,86.775,86.69,86.71,708.0,30.0,86.725785
SO,2026-09-14 16:45:00+00:00,86.7,86.79,86.69,86.79,1067.0,27.0,86.705976
SO,2026-09-14 16:50:00+00:00,86.82,86.82,86.75,86.75,1120.0,25.0,86.77784
SO,2026-09-14 16:55:00+00:00,86.725,86.725,86.67,86.7,929.0,28.0,86.697576
SO,2026-09-14 17:00:00+00:00,86.78,86.78,86.72,86.72,325.0,7.0,86.744
SO,2026-09-14 17:05:00+00:00,86.75,86.75,86.67,86.67,985.0,37.0,86.712
SO,2026-09-14 17:10:00+00:00,86.72,86.785,86.72,86.785,663.0,17.0,86.735
SO,2026-09-14 17:15:00+00:00,86.79,86.79,86.77,86.77,368.0,10.0,86.776211
SO,2026-09-14 17:20:00+00:00,86.72,86.74,86.72,86.74,762.0,16.0,86.726667
SO,2026-09-14 17:25:00+00:00,86.71,86.74,86.71,86.735,947.0,32.0,86.730833
SO,2026-09-14 17:30:00+00:00,86.77,86.86,86.77,86.82,1234.0,25.0,86.825454
SO,2026-09-14 17:35:00+00:00,86.8,86.815,86.8,86.81,814.0,17.0,86.809333
SO,2026-09-14 17:40:00+00:00,86.81,86.89,86.81,86.89,403.0,14.0,86.855
SO,2026-09-14 17:45:00+00:00,86.835,86.87,86.83,86.87,1074.0,26.0,86.838125
SO,2026-09-14 17:50:00+00:00,86.9,86.9,86.9,86.9,379.0,7.0,86.9
SO,2026-09-14 17:55:00+00:00,86.96,86.96,86.86,86.86,1567.0,57.0,86.922273
SO,2026-09-14 18:00:00+00:00,86.82,86.83,86.81,86.81,1022.0,27.0,86.819412
SO,2026-09-14 18:05:00+00:00,86.74,86.795,86.74,86.795,1424.0,24.0,86.766818
SO,2026-09-14 18:10:00+00:00,86.79,86.81,86.755,86.785,853.0,23.0,86.791522
SO,2026-09-14 18:15:00+00:00,86.785,86.84,86.775,86.79,1092.0,29.0,86.797333
SO,2026-09-14 18:20:00+00:00,86.84,86.87,86.84,86.87,737.0,23.0,86.846
SO,2026-09-14 18:25:00+00:00,86.88,86.88,86.84,86.87,1093.0,31.0,86.860833
SO,2026-09-14 18:30:00+00:00,86.87,86.95,86.87,86.94,1716.0,41.0,86.905
SO,2026-09-14 18:35:00+00:00,86.95,87.0,86.9,86.92,3314.0,51.0,86.948085
SO,2026-09-14 18:40:00+00:00,86.94,86.94,86.935,86.935,851.0,22.0,86.939091
SO,2026-09-14 18:45:00+00:00,86.94,87.0,86.93,86.995,2780.0,53.0,86.976571
SO,2026-09-14 18:50:00+00:00,86.99,87.05,86.99,87.03,2085.0,41.0,87.030645
SO,2026-09-14 18:55:00+00:00,87.05,87.07,87.05,87.07,1300.0,26.0,87.0605
SO,2026-09-14 19:00:00+00:00,87.09,87.095,86.99,86.99,1767.0,25.0,87.03512
SO,2026-09-14 19:05:00+00:00,86.94,86.94,86.845,86.845,1309.0,41.0,86.879375
SO,2026-09-14 19:10:00+00:00,86.915,86.94,86.9,86.935,1808.0,44.0,86.922609
SO,2026-09-14 19:15:00+00:00,86.95,86.95,86.92,86.92,717.0,25.0,86.936667
SO,2026-09-14 19:20:00+00:00,86.955,86.96,86.905,86.905,2287.0,50.0,86.949382
SO,2026-09-14 19:25:00+00:00,86.9,86.9,86.76,86.79,3017.0,62.0,86.825091
SO,2026-09-14 19:30:00+00:00,86.8,86.85,86.8,86.83,2299.0,45.0,86.827857
SO,2026-09-14 19:35:00+00:00,86.915,86.915,86.83,86.84,2470.0,78.0,86.876574
SO,2026-09-14 19:40:00+00:00,86.8,86.815,86.745,86.745,3256.0,55.0,86.793696
SO,2026-09-14 19:45:00+00:00,86.725,86.8,86.72,86.77,3488.0,96.0,86.756942
SO,2026-09-14 19:50:00+00:00,86.68,86.795,86.67,86.735,5675.0,97.0,86.735712
SO,2026-09-14 19:55:00+00:00,86.81,87.02,86.785,87.005,23160.0,418.0,86.900024
SO,2026-09-15 13:30:00+00:00,87.04,87.04,86.9,86.945,968.0,18.0,86.95625
SO,2026-09-15 13:35:00+00:00,86.64,86.7,86.5,86.5,1895.0,28.0,86.623691
SO,2026-09-15 13:40:00+00:00,86.475,86.63,86.46,86.625,2267.0,25.0,86.532729
SO,2026-09-15 13:45:00+00:00,86.65,86.745,86.635,86.72,6454.0,61.0,86.702195
SO,2026-09-15 13:50:00+00:00,86.725,86.725,86.66,86.71,904.0,16.0,86.692993
SO,2026-09-15 13:55:00+00:00,86.79,86.81,86.705,86.72,958.0,15.0,86.772091
SO,2026-09-15 14:00:00+00:00,86.76,86.76,86.68,86.68,2205.0,29.0,86.72599
SO,2026-09-15 14:05:00+00:00,86.77,86.9,86.77,86.855,3744.0,42.0,86.857733
SO,2026-09-15 14:10:00+00:00,86.84,86.85,86.73,86.73,1627.0,23.0,86.795127
SO,2026-09-15 14:15:00+00:00,86.815,86.915,86.715,86.905,1140.0,20.0,86.8665
SO,2026-09-15 14:20:00+00:00,86.91,86.91,86.8,86.8,1603.0,23.0,86.874583
SO,2026-09-15 14:25:00+00:00,86.82,86.82,86.735,86.74,1162.0,19.0,86.764054
SO,2026-09-15 14:30:00+00:00,86.76,86.825,86.76,86.8,1663.0,25.0,86.785206
SO,2026-09-15 14:35:00+00:00,86.775,86.92,86.775,86.92,2449.0,29.0,86.883801
SO,2026-09-15 14:40:00+00:00,86.92,86.92,86.85,86.85,623.0,12.0,86.865833
SO,2026-09-15 14:45:00+00:00,86.79,86.79,86.67,86.685,3014.0,39.0,86.719919
SO,2026-09-15 14:50:00+00:00,86.69,86.715,86.675,86.69,1024.0,19.0,86.694167
SO,2026-09-15 14:55:00+00:00,86.64,86.66,86.62,86.62,2101.0,33.0,86.640625
SO,2026-09-15 15:00:00+00:00,86.61,86.61,86.535,86.535,1466.0,20.0,86.576145
SO,2026-09-15 15:05:00+00:00,86.51,86.56,86.405,86.42,8295.0,99.0,86.462566
SO,2026-09-15 15:10:00+00:00,86.415,86.44,86.37,86.38,1395.0,41.0,86.4025
SO,2026-09-15 15:15:00+00:00,86.45,86.45,86.445,86.445,224.0,5.0,86.4475
SO,2026-09-15 15:20:00+00:00,86.45,86.49,86.42,86.49,1535.0,23.0,86.451923
SO,2026-09-15 15:25:00+00:00,86.44,86.44,86.385,86.42,1225.0,15.0,86.4125
SO,2026-09-15 15:30:00+00:00,86.44,86.485,86.44,86.465,686.0,8.0,86.457084
SO,2026-09-15 15:35:00+00:00,86.51,86.55,86.46,86.55,1675.0,22.0,86.498141
SO,2026-09-15 15:40:00+00:00,86.56,86.57,86.36,86.36,3948.0,95.0,86.476776
SO,2026-09-15 15:45:00+00:00,86.365,86.4,86.34,86.38,2930.0,42.0,86.379535
SO,2026-09-15 15:50:00+00:00,86.37,86.37,86.27,86.27,1687.0,35.0,86.31125
SO,2026-09-15 15:55:00+00:00,86.24,86.24,86.2,86.23,1449.0,31.0,86.22043
SO,2026-09-15 16:00:00+00:00,86.26,86.26,86.26,86.26,270.0,7.0,86.26
SO,2026-09-15 16:05:00+00:00,86.22,86.23,86.175,86.22,1234.0,18.0,86.20767
SO,2026-09-15 16:10:00+00:00,86.21,86.25,86.21,86.215,527.0,7.0,86.222115
SO,2026-09-15 16:15:00+00:00,86.19,86.19,86.14,86.14,2505.0,50.0,86.160833
SO,2026-09-15 16:20:00+00:00,86.14,86.14,86.065,86.11,4456.0,102.0,86.10346
SO,2026-09-15 16:25:00+00:00,86.06,86.06,86.06,86.06,238.0,6.0,86.06
SO,2026-09-15 16:30:00+00:00,86.055,86.08,85.93,85.93,2511.0,34.0,86.020172
SO,2026-09-15 16:35:00+00:00,85.98,86.0,85.97,86.0,506.0,10.0,85.983333
SO,2026-09-15 16:40:00+00:00,85.965,86.02,85.95,86.01,1658.0,28.0,85.982207
SO,2026-09-15 16:45:00+00:00,85.99,86.0,85.96,85.975,1398.0,20.0,85.984546
SO,2026-09-15 16:50:00+00:00,85.97,86.08,85.96,86.055,2354.0,64.0,86.014663
SO,2026-09-15 16:55:00+00:00,86.045,86.115,86.045,86.09,3349.0,87.0,86.0766
SO,2026-09-15 17:00:00+00:00,86.09,86.15,86.09,86.115,5179.0,70.0,86.105393
SO,2026-09-15 17:05:00+00:00,86.14,86.21,86.13,86.205,851.0,32.0,86.178456
SO,2026-09-15 17:10:00+00:00,86.25,86.285,86.25,86.285,2019.0,35.0,86.26813
SO,2026-09-15 17:15:00+00:00,86.28,86.3,86.25,86.28,2293.0,60.0,86.283434
SO,2026-09-15 17:20:00+00:00,86.235,86.235,86.165,86.19,2809.0,35.0,86.207992
SO,2026-09-15 17:25:00+00:00,86.195,86.195,86.125,86.18,5986.0,107.0,86.160672
SO,2026-09-15 17:30:00+00:00,86.18,86.19,86.12,86.16,5526.0,161.0,86.158122
SO,2026-09-15 17:35:00+00:00,86.115,86.21,86.115,86.21,2714.0,60.0,86.144163
SO,2026-09-15 17:40:00+00:00,86.235,86.27,86.17,86.185,4756.0,81.0,86.215983
SO,2026-09-15 17:45:00+00:00,86.19,86.31,86.19,86.31,2277.0,23.0,86.213688
SO,2026-09-15 17:50:00+00:00,86.27,86.29,86.27,86.27,714.0,9.0,86.273241
SO,2026-09-15 17:55:00+00:00,86.23,86.23,86.16,86.21,2018.0,29.0,86.20637
SO,2026-09-15 18:00:00+00:00,86.21,86.27,86.17,86.27,2349.0,36.0,86.206781
SO,2026-09-15 18:05:00+00:00,86.25,86.25,86.2,86.2,1304.0,23.0,86.229286
SO,2026-09-15 18:10:00+00:00,86.21,86.21,86.18,86.18,524.0,10.0,86.193333
SO,2026-09-15 18:15:00+00:00,86.22,86.23,86.16,86.17,1638.0,35.0,86.209
SO,2026-09-15 18:20:00+00:00,86.13,86.16,86.12,86.15,1737.0,24.0,86.142106
SO,2026-09-15 18:25:00+00:00,86.14,86.18,86.14,86.16,1417.0,23.0,86.158235
SO,2026-09-15 18:30:00+00:00,86.15,86.15,86.065,86.08,2381.0,33.0,86.094048
SO,2026-09-15 18:35:00+00:00,86.07,86.12,86.07,86.11,1812.0,31.0,86.099567
SO,2026-09-15 18:40:00+00:00,86.12,86.17,86.11,86.145,2927.0,51.0,86.145
SO,2026-09-15 18:45:00+00:00,86.125,86.2,86.115,86.16,3024.0,46.0,86.165087
SO,2026-09-15 18:50:00+00:00,86.17,86.17,86.13,86.16,2648.0,35.0,86.153597
SO,2026-09-15 18:55:00+00:00,86.2,86.22,86.2,86.22,1500.0,22.0,86.2092
SO,2026-09-15 19:00:00+00:00,86.27,86.27,86.225,86.25,2280.0,38.0,86.254477
SO,2026-09-15 19:05:00+00:00,86.24,86.31,86.24,86.28,1977.0,73.0,86.275454
SO,2026-09-15 19:10:00+00:00,86.27,86.27,86.2,86.23,2300.0,48.0,86.248077
SO,2026-09-15 19:15:00+00:00,86.2,86.23,86.19,86.19,620.0,14.0,86.206667
SO,2026-09-15 19:20:00+00:00,86.18,86.24,86.17,86.235,2238.0,36.0,86.203306
SO,2026-09-15 19:25:00+00:00,86.225,86.225,86.13,86.13,3530.0,79.0,86.1733
SO,2026-09-15 19:30:00+00:00,86.07,86.085,86.05,86.08,3423.0,79.0,86.068286
SO,2026-09-15 19:35:00+00:00,86.1,86.2,86.1,86.16,2124.0,41.0,86.15
SO,2026-09-15 19:40:00+00:00,86.18,86.21,86.16,86.17,1571.0,35.0,86.190411
SO,2026-09-15 19:45:00+00:00,86.15,86.19,86.1,86.1,6502.0,79.0,86.148295
SO,2026-09-15 19:50:00+00:00,86.07,86.12,86.04,86.08,5583.0,131.0,86.078658
SO,2026-09-15 19:55:00+00:00,86.05,86.07,85.955,85.96,28859.0,438.0,85.998067
SO,2026-09-16 13:30:00+00:00,86.5,86.52,86.34,86.52,2321.0,14.0,86.419905
SO,2026-09-16 13:35:00+00:00,86.57,86.64,86.555,86.625,4255.0,48.0,86.589062
SO,2026-09-16 13:40:00+00:00,86.465,86.55,86.425,86.49,1982.0,28.0,86.466409
SO,2026-09-16 13:45:00+00:00,86.5,86.59,86.5,86.59,2668.0,50.0,86.555546
SO,2026-09-16 13:50:00+00:00,86.58,86.615,86.45,86.475,2012.0,30.0,86.52713
SO,2026-09-16 13:55:00+00:00,86.495,86.5,86.38,86.4,3755.0,72.0,86.447946
SO,2026-09-16 14:00:00+00:00,86.38,86.38,86.21,86.21,4651.0,102.0,86.319118
SO,2026-09-16 14:05:00+00:00,86.175,86.2,86.1,86.15,3956.0,64.0,86.155309
SO,2026-09-16 14:10:00+00:00,86.16,86.255,86.16,86.2,2457.0,44.0,86.208625
SO,2026-09-16 14:15:00+00:00,86.32,86.33,86.17,86.17,3484.0,45.0,86.279128
SO,2026-09-16 14:20:00+00:00,86.225,86.37,86.19,86.3,2658.0,40.0,86.312912
SO,2026-09-16 14:25:00+00:00,86.29,86.29,86.24,86.28,2664.0,39.0,86.269009
SO,2026-09-16 14:30:00+00:00,86.3,86.4,86.26,86.38,2183.0,61.0,86.335583
SO,2026-09-16 14:35:00+00:00,86.385,86.45,86.37,86.44,966.0,19.0,86.407302
SO,2026-09-16 14:40:00+00:00,86.44,86.44,86.4,86.4,4082.0,34.0,86.428543
SO,2026-09-16 14:45:00+00:00,86.4,86.43,86.345,86.43,680.0,13.0,86.391364
SO,2026-09-16 14:50:00+00:00,86.46,86.52,86.46,86.51,2038.0,36.0,86.494126
SO,2026-09-16 14:55:00+00:00,86.51,86.595,86.51,86.58,2537.0,72.0,86.562941
SO,2026-09-16 15:00:00+00:00,86.66,86.675,86.59,86.59,3008.0,48.0,86.631505
SO,2026-09-16 15:05:00+00:00,86.58,86.66,86.58,86.66,3664.0,42.0,86.642322
SO,2026-09-16 15:10:00+00:00,86.67,86.76,86.67,86.725,1641.0,21.0,86.723226
SO,2026-09-16 15:15:00+00:00,86.705,86.755,86.67,86.69,1497.0,23.0,86.708867
SO,2026-09-16 15:20:00+00:00,86.75,86.8,86.73,86.8,2833.0,40.0,86.766587
SO,2026-09-16 15:25:00+00:00,86.71,86.72,86.65,86.66,3971.0,98.0,86.69
SO,2026-09-16 15:30:00+00:00,86.66,86.66,86.66,86.66,129.0,2.0,86.66
SO,2026-09-16 15:35:00+00:00,86.705,86.72,86.705,86.72,258.0,4.0,86.711
SO,2026-09-16 15:40:00+00:00,86.775,86.79,86.775,86.79,858.0,18.0,86.7825
SO,2026-09-16 15:45:00+00:00,86.795,86.8,86.73,86.73,2282.0,37.0,86.771923
SO,2026-09-16 15:50:00+00:00,86.675,86.68,86.63,86.67,2082.0,40.0,86.664522
SO,2026-09-16 15:55:00+00:00,86.64,86.69,86.63,86.69,1227.0,26.0,86.662778
SO,2026-09-16 16:00:00+00:00,86.675,86.69,86.66,86.66,499.0,14.0,86.675
SO,2026-09-16 16:05:00+00:00,86.7,86.7,86.62,86.65,745.0,14.0,86.662062
SO,2026-09-16 16:10:00+00:00,86.65,86.67,86.65,86.655,1054.0,18.0,86.658333
SO,2026-09-16 16:15:00+00:00,86.63,86.63,86.57,86.6,1970.0,31.0,86.5975
SO,2026-09-16 16:20:00+00:00,86.635,86.635,86.62,86.62,346.0,6.0,86.626522
SO,2026-09-16 16:25:00+00:00,86.6,86.615,86.6,86.615,974.0,19.0,86.605333
SO,2026-09-16 16:30:00+00:00,86.66,86.66,86.66,86.66,130.0,2.0,86.66
SO,2026-09-16 16:35:00+00:00,86.515,86.515,86.51,86.51,267.0,4.0,86.5125
SO,2026-09-16 16:40:00+00:00,86.56,86.6,86.56,86.6,750.0,23.0,86.57875
SO,2026-09-16 16:45:00+00:00,86.695,86.705,86.695,86.705,206.0,4.0,86.7
SO,2026-09-16 16:50:00+00:00,86.705,86.72,86.705,86.72,420.0,10.0,86.71
SO,2026-09-16 16:55:00+00:00,86.75,86.76,86.68,86.68,3141.0,48.0,86.724167
SO,2026-09-16 17:00:00+00:00,86.69,86.69,86.605,86.605,941.0,14.0,86.65
SO,2026-09-16 17:05:00+00:00,86.56,86.58,86.56,86.58,849.0,11.0,86.569422
SO,2026-09-16 17:10:00+00:00,86.54,86.63,86.54,86.63,1935.0,36.0,86.587692
SO,2026-09-16 17:15:00+00:00,86.57,86.57,86.52,86.55,729.0,13.0,86.54
SO,2026-09-16 17:20:00+00:00,86.53,86.53,86.42,86.42,1849.0,38.0,86.4925
SO,2026-09-16 17:25:00+00:00,86.4,86.44,86.4,86.435,1341.0,19.0,86.425536
SO,2026-09-16 17:30:00+00:00,86.38,86.39,86.32,86.32,2168.0,18.0,86.37265
SO,2026-09-16 17:35:00+00:00,86.31,86.31,86.29,86.31,550.0,20.0,86.302925
SO,2026-09-16 17:40:00+00:00,86.38,86.38,86.38,86.38,541.0,4.0,86.38
SO,2026-09-16 17:45:00+00:00,86.41,86.485,86.41,86.48,609.0,14.0,86.462
SO,2026-09-16 17:50:00+00:00,86.46,86.5,86.44,86.48,1450.0,30.0,86.472043
SO,2026-09-16 17:55:00+00:00,86.485,86.49,86.485,86.49,471.0,9.0,86.4875
SO,2026-09-16 18:00:00+00:00,86.505,86.505,86.47,86.47,738.0,12.0,86.494167
SO,2026-09-16 18:05:00+00:00,86.395,86.395,86.35,86.395,1281.0,20.0,86.373631
SO,2026-09-16 18:10:00+00:00,86.405,86.54,86.4,86.5,2014.0,42.0,86.4759
SO,2026-09-16 18:15:00+00:00,86.49,86.55,86.46,86.55,2220.0,34.0,86.504707
SO,2026-09-16 18:20:00+00:00,86.495,86.54,86.475,86.54,1516.0,22.0,86.520872
SO,2026-09-16 18:25:00+00:00,86.52,86.52,86.43,86.475,2402.0,31.0,86.463452
SO,2026-09-16 18:30:00+00:00,86.495,86.495,86.195,86.21,3923.0,64.0,86.313095
SO,2026-09-16 18:35:00+00:00,86.205,86.235,86.155,86.155,1713.0,21.0,86.185759
SO,2026-09-16 18:40:00+00:00,86.19,86.23,86.16,86.16,3395.0,35.0,86.193791
SO,2026-09-16 18:45:00+00:00,86.16,86.17,86.13,86.13,963.0,17.0,86.154241
SO,2026-09-16 18:50:00+00:00,86.12,86.12,85.97,85.97,1946.0,34.0,86.042161
SO,2026-09-16 18:55:00+00:00,85.955,86.03,85.93,86.025,1989.0,37.0,85.971334
SO,2026-09-16 19:00:00+00:00,86.05,86.13,86.02,86.12,3376.0,50.0,86.093905
SO,2026-09-16 19:05:00+00:00,86.16,86.21,86.06,86.065,4092.0,66.0,86.154686
SO,2026-09-16 19:10:00+00:00,85.995,86.09,85.995,86.05,2337.0,31.0,86.057073
SO,2026-09-16 19:15:00+00:00,86.06,86.18,86.06,86.15,2681.0,67.0,86.135
SO,2026-09-16 19:20:00+00:00,86.14,86.17,86.12,86.17,3449.0,91.0,86.142036
SO,2026-09-16 19:25:00+00:00,86.16,86.18,86.12,86.125,4025.0,107.0,86.145277
SO,2026-09-16 19:30:00+00:00,86.1,86.12,85.98,86.01,9233.0,121.0,86.073655
SO,2026-09-16 19:35:00+00:00,85.97,85.99,85.91,85.99,3681.0,72.0,85.953027
SO,2026-09-16 19:40:00+00:00,85.97,86.0,85.9,85.9,4278.0,102.0,85.960909
SO,2026-09-16 19:45:00+00:00,85.87,85.945,85.87,85.93,3556.0,83.0,85.919231
SO,2026-09-16 19:50:00+00:00,85.93,86.13,85.905,86.13,9492.0,141.0,85.978452
SO,2026-09-16 19:55:00+00:00,86.19,86.29,86.17,86.23,23379.0,381.0,86.222345
SO,2026-09-17 13:30:00+00:00,86.595,86.6,86.42,86.585,1251.0,27.0,86.561379
SO,2026-09-17 13:35:00+00:00,86.77,86.77,86.52,86.52,3497.0,42.0,86.680386
SO,2026-09-17 13:40:00+00:00,86.51,86.63,86.45,86.59,3590.0,60.0,86.528461
SO,2026-09-17 13:45:00+00:00,86.54,86.57,86.49,86.52,1876.0,29.0,86.530995
SO,2026-09-17 13:50:00+00:00,86.54,86.6,86.52,86.6,1612.0,21.0,86.549252
SO,2026-09-17 13:55:00+00:00,86.51,86.55,86.5,86.545,812.0,11.0,86.52421
SO,2026-09-17 14:00:00+00:00,86.55,86.55,86.29,86.29,1949.0,26.0,86.398605
SO,2026-09-17 14:05:00+00:00,86.205,86.25,86.17,86.18,2623.0,37.0,86.214364
SO,2026-09-17 14:10:00+00:00,86.165,86.17,86.07,86.075,2060.0,54.0,86.120833
SO,2026-09-17 14:15:00+00:00,86.025,86.2,86.025,86.18,3662.0,70.0,86.120543
SO,2026-09-17 14:20:00+00:00,86.23,86.25,86.22,86.225,1181.0,24.0,86.234237
SO,2026-09-17 14:25:00+00:00,86.165,86.205,86.14,86.16,3472.0,54.0,86.160455
SO,2026-09-17 14:30:00+00:00,86.12,86.12,86.065,86.07,2880.0,56.0,86.087147
SO,2026-09-17 14:35:00+00:00,86.145,86.145,86.075,86.075,549.0,18.0,86.113333
SO,2026-09-17 14:40:00+00:00,86.175,86.21,86.175,86.18,953.0,22.0,86.191375
SO,2026-09-17 14:45:00+00:00,86.215,86.28,86.215,86.28,1652.0,36.0,86.239213
SO,2026-09-17 14:50:00+00:00,86.27,86.27,86.12,86.12,2090.0,42.0,86.20169
SO,2026-09-17 14:55:00+00:00,86.15,86.21,86.06,86.17,5290.0,110.0,86.137138
SO,2026-09-17 15:00:00+00:00,86.14,86.205,86.05,86.14,4937.0,59.0,86.132228
SO,2026-09-17 15:05:00+00:00,86.12,86.15,86.11,86.15,898.0,20.0,86.124084
SO,2026-09-17 15:10:00+00:00,86.12,86.165,86.075,86.16,1848.0,28.0,86.123333
SO,2026-09-17 15:15:00+00:00,86.17,86.22,86.13,86.2,2361.0,38.0,86.181581
SO,2026-09-17 15:20:00+00:00,86.13,86.13,86.07,86.07,1682.0,44.0,86.09699
SO,2026-09-17 15:25:00+00:00,86.09,86.1,86.075,86.08,962.0,22.0,86.084333
SO,2026-09-17 15:30:00+00:00,86.1,86.125,86.085,86.085,1404.0,64.0,86.102
SO,2026-09-17 15:35:00+00:00,86.11,86.18,86.11,86.16,1990.0,37.0,86.159155
SO,2026-09-17 15:40:00+00:00,86.21,86.28,86.21,86.25,506.0,20.0,86.246667
SO,2026-09-17 15:45:00+00:00,86.25,86.25,86.22,86.23,1012.0,30.0,86.231876
SO,2026-09-17 15:50:00+00:00,86.23,86.23,86.185,86.185,2365.0,27.0,86.208649
SO,2026-09-17 15:55:00+00:00,86.28,86.29,86.28,86.29,618.0,15.0,86.282809
SO,2026-09-17 16:00:00+00:00,86.33,86.36,86.27,86.285,4256.0,58.0,86.294194
SO,2026-09-17 16:05:00+00:00,86.32,86.33,86.26,86.26,2103.0,75.0,86.300798
SO,2026-09-17 16:10:00+00:00,86.26,86.26,86.23,86.23,878.0,24.0,86.241429
SO,2026-09-17 16:15:00+00:00,86.26,86.3,86.26,86.3,708.0,23.0,86.283016
SO,2026-09-17 16:20:00+00:00,86.31,86.38,86.31,86.36,1395.0,45.0,86.355452
SO,2026-09-17 16:25:00+00:00,86.35,86.41,86.35,86.4,1714.0,42.0,86.372692
SO,2026-09-17 16:30:00+00:00,86.4,86.4,86.285,86.285,3538.0,77.0,86.35799
SO,2026-09-17 16:35:00+00:00,86.27,86.27,86.26,86.26,1114.0,18.0,86.266
SO,2026-09-17 16:40:00+00:00,86.25,86.31,86.24,86.31,1426.0,29.0,86.281667
SO,2026-09-17 16:45:00+00:00,86.32,86.32,86.25,86.27,2869.0,31.0,86.288168
SO,2026-09-17 16:50:00+00:00,86.28,86.28,86.24,86.25,1178.0,35.0,86.261428
SO,2026-09-17 16:55:00+00:00,86.25,86.28,86.205,86.28,692.0,19.0,86.249163
SO,2026-09-17 17:00:00+00:00,86.3,86.3,86.285,86.285,1030.0,21.0,86.293333
SO,2026-09-17 17:05:00+00:00,86.29,86.29,86.28,86.28,452.0,15.0,86.285
SO,2026-09-17 17:10:00+00:00,86.27,86.3,86.24,86.3,1122.0,34.0,86.267143
SO,2026-09-17 17:15:00+00:00,86.305,86.37,86.305,86.36,5205.0,70.0,86.34625
SO,2026-09-17 17:20:00+00:00,86.35,86.355,86.325,86.335,2563.0,46.0,86.342509
SO,2026-09-17 17:25:00+00:00,86.35,86.4,86.31,86.4,1194.0,44.0,86.348333
SO,2026-09-17 17:30:00+00:00,86.44,86.455,86.38,86.415,2820.0,49.0,86.431006
SO,2026-09-17 17:35:00+00:00,86.42,86.43,86.35,86.355,2471.0,38.0,86.392572
SO,2026-09-17 17:40:00+00:00,86.355,86.38,86.35,86.36,2738.0,49.0,86.361395
SO,2026-09-17 17:45:00+00:00,86.34,86.39,86.28,86.28,1554.0,26.0,86.346986
SO,2026-09-17 17:50:00+00:00,86.32,86.36,86.32,86.34,8215.0,89.0,86.322357
SO,2026-09-17 17:55:00+00:00,86.37,86.37,86.34,86.345,719.0,22.0,86.351667
SO,2026-09-17 18:00:00+00:00,86.345,86.375,86.345,86.37,1215.0,19.0,86.368571
SO,2026-09-17 18:05:00+00:00,86.36,86.37,86.35,86.36,834.0,22.0,86.36
SO,2026-09-17 18:10:00+00:00,86.425,86.44,86.42,86.44,863.0,16.0,86.430714
SO,2026-09-17 18:15:00+00:00,86.45,86.45,86.445,86.445,586.0,12.0,86.448834
SO,2026-09-17 18:20:00+00:00,86.44,86.48,86.44,86.47,1651.0,33.0,86.460242
SO,2026-09-17 18:25:00+00:00,86.46,86.51,86.46,86.51,1244.0,26.0,86.481429
SO,2026-09-17 18:30:00+00:00,86.48,86.48,86.46,86.46,575.0,11.0,86.466667
SO,2026-09-17 18:35:00+00:00,86.45,86.46,86.45,86.46,388.0,13.0,86.455
SO,2026-09-17 18:40:00+00:00,86.48,86.5,86.48,86.48,1892.0,21.0,86.483116
SO,2026-09-17 18:45:00+00:00,86.44,86.47,86.44,86.45,658.0,10.0,86.454
SO,2026-09-17 18:50:00+00:00,86.38,86.38,86.38,86.38,210.0,4.0,86.38
SO,2026-09-17 18:55:00+00:00,86.35,86.35,86.33,86.33,768.0,12.0,86.339699
SO,2026-09-17 19:00:00+00:00,86.39,86.42,86.38,86.4,2294.0,38.0,86.400946
SO,2026-09-17 19:05:00+00:00,86.4,86.4,86.34,86.35,1527.0,16.0,86.368992
SO,2026-09-17 19:10:00+00:00,86.35,86.35,86.26,86.26,1536.0,26.0,86.31
SO,2026-09-17 19:15:00+00:00,86.28,86.31,86.28,86.305,2894.0,39.0,86.300245
SO,2026-09-17 19:20:00+00:00,86.28,86.355,86.28,86.34,4643.0,55.0,86.329704
SO,2026-09-17 19:25:00+00:00,86.38,86.41,86.38,86.405,1512.0,30.0,86.403193
SO,2026-09-17 19:30:00+00:00,86.42,86.42,86.32,86.34,2912.0,56.0,86.362029
SO,2026-09-17 19:35:00+00:00,86.345,86.44,86.345,86.43,2007.0,49.0,86.386178
SO,2026-09-17 19:40:00+00:00,86.44,86.52,86.425,86.52,2415.0,37.0,86.47425
SO,2026-09-17 19:45:00+00:00,86.48,86.59,86.48,86.53,6065.0,89.0,86.557929
SO,2026-09-17 19:50:00+00:00,86.52,86.52,86.41,86.52,5818.0,106.0,86.477398
SO,2026-09-17 19:55:00+00:00,86.6,86.73,86.59,86.715,29821.0,531.0,86.673125
SO,2026-09-18 13:25:00+00:00,87.07,87.07,87.07,87.07,613.0,1.0,87.07
SO,2026-09-18 13:30:00+00:00,86.01,86.31,86.01,86.29,3980.0,70.0,86.231282
SO,2026-09-18 13:35:00+00:00,86.065,86.15,85.94,86.04,5607.0,77.0,86.036908
SO,2026-09-18 13:40:00+00:00,86.04,86.15,86.01,86.02,2791.0,47.0,86.080462
SO,2026-09-18 13:45:00+00:00,86.01,86.01,85.88,85.89,6133.0,79.0,85.9514
SO,2026-09-18 13:50:00+00:00,85.905,85.93,85.83,85.93,5042.0,65.0,85.861394
SO,2026-09-18 13:55:00+00:00,85.91,85.96,85.905,85.915,1998.0,37.0,85.921141
SO,2026-09-18 14:00:00+00:00,85.925,86.0,85.915,86.0,4285.0,78.0,85.955997
SO,2026-09-18 14:05:00+00:00,85.99,86.0,85.92,85.98,3368.0,59.0,85.968462
SO,2026-09-18 14:10:00+00:00,85.97,86.05,85.93,86.035,1348.0,22.0,85.993745
SO,2026-09-18 14:15:00+00:00,86.09,86.09,85.9,85.9,4338.0,53.0,85.96989
SO,2026-09-18 14:20:00+00:00,85.92,85.92,85.86,85.9,1337.0,27.0,85.895
SO,2026-09-18 14:25:00+00:00,85.91,86.0,85.87,85.92,4264.0,52.0,85.938854
SO,2026-09-18 14:30:00+00:00,85.9,86.12,85.88,86.07,8600.0,60.0,86.023852
SO,2026-09-18 14:35:00+00:00,86.075,86.1,85.98,85.99,4569.0,60.0,86.033588
SO,2026-09-18 14:40:00+00:00,86.01,86.01,85.9,85.99,6335.0,92.0,85.936528
SO,2026-09-18 14:45:00+00:00,85.99,85.99,85.93,85.97,5404.0,74.0,85.950652
SO,2026-09-18 14:50:00+00:00,85.895,85.915,85.75,85.75,2207.0,34.0,85.867165
SO,2026-09-18 14:55:00+00:00,85.75,85.84,85.75,85.79,8373.0,47.0,85.771043
SO,2026-09-18 15:00:00+00:00,85.795,85.795,85.74,85.75,1613.0,18.0,85.761154
SO,2026-09-18 15:05:00+00:00,85.74,85.855,85.74,85.84,1592.0,31.0,85.797134
SO,2026-09-18 15:10:00+00:00,85.84,85.91,85.84,85.895,1758.0,33.0,85.886538
SO,2026-09-18 15:15:00+00:00,85.895,85.895,85.765,85.765,5842.0,60.0,85.810497
SO,2026-09-18 15:20:00+00:00,85.73,85.73,85.66,85.695,3982.0,59.0,85.695847
SO,2026-09-18 15:25:00+00:00,85.69,85.75,85.69,85.75,3119.0,27.0,85.722697
SO,2026-09-18 15:30:00+00:00,85.74,85.78,85.695,85.77,16089.0,117.0,85.757739
SO,2026-09-18 15:35:00+00:00,85.755,85.755,85.66,85.71,4664.0,83.0,85.70314
SO,2026-09-18 15:40:00+00:00,85.71,85.71,85.66,85.665,3335.0,52.0,85.692772
SO,2026-09-18 15:45:00+00:00,85.685,85.685,85.59,85.64,3673.0,86.0,85.623093
SO,2026-09-18 15:50:00+00:00,85.66,85.69,85.63,85.63,1755.0,26.0,85.644815
SO,2026-09-18 15:55:00+00:00,85.62,85.625,85.61,85.625,1302.0,16.0,85.614777
SO,2026-09-18 16:00:00+00:00,85.65,85.65,85.58,85.58,915.0,23.0,85.628445
SO,2026-09-18 16:05:00+00:00,85.59,85.64,85.59,85.64,2085.0,42.0,85.609651
SO,2026-09-18 16:10:00+00:00,85.655,85.75,85.655,85.75,7406.0,97.0,85.743174
SO,2026-09-18 16:15:00+00:00,85.695,85.695,85.6,85.6,1608.0,32.0,85.658209
SO,2026-09-18 16:20:00+00:00,85.62,85.63,85.57,85.58,3053.0,36.0,85.604393
SO,2026-09-18 16:25:00+00:00,85.59,85.675,85.575,85.675,1695.0,34.0,85.598518
SO,2026-09-18 16:30:00+00:00,85.665,85.71,85.62,85.62,2758.0,83.0,85.663764
SO,2026-09-18 16:35:00+00:00,85.615,85.62,85.595,85.595,1070.0,37.0,85.61
SO,2026-09-18 16:40:00+00:00,85.6,85.6,85.54,85.55,1132.0,23.0,85.564
SO,2026-09-18 16:45:00+00:00,85.54,85.59,85.51,85.59,3869.0,56.0,85.549167
SO,2026-09-18 16:50:00+00:00,85.6,85.63,85.6,85.63,486.0,12.0,85.6175
SO,2026-09-18 16:55:00+00:00,85.57,85.58,85.57,85.57,875.0,21.0,85.571818
SO,2026-09-18 17:00:00+00:00,85.62,85.62,85.6,85.6,830.0,17.0,85.606772
SO,2026-09-18 17:05:00+00:00,85.59,85.59,85.525,85.535,4213.0,42.0,85.538958
SO,2026-09-18 17:10:00+00:00,85.49,85.49,85.46,85.47,3103.0,44.0,85.472062
SO,2026-09-18 17:15:00+00:00,85.475,85.475,85.43,85.45,1337.0,19.0,85.444985
SO,2026-09-18 17:20:00+00:00,85.48,85.49,85.48,85.49,894.0,17.0,85.483333
SO,2026-09-18 17:25:00+00:00,85.485,85.555,85.485,85.55,3742.0,55.0,85.520025
SO,2026-09-18 17:30:00+00:00,85.525,85.59,85.49,85.59,5636.0,40.0,85.53018
SO,2026-09-18 17:35:00+00:00,85.58,85.645,85.575,85.645,4659.0,52.0,85.609041
SO,2026-09-18 17:40:00+00:00,85.63,85.67,85.6,85.67,5711.0,35.0,85.63691
SO,2026-09-18 17:45:00+00:00,85.67,85.68,85.655,85.665,2673.0,24.0,85.666583
SO,2026-09-18 17:50:00+00:00,85.67,85.71,85.67,85.71,2205.0,19.0,85.694762
SO,2026-09-18 17:55:00+00:00,85.72,85.81,85.72,85.8,4822.0,40.0,85.755458
SO,2026-09-18 18:00:00+00:00,85.805,85.87,85.79,85.84,2477.0,53.0,85.818333
SO,2026-09-18 18:05:00+00:00,85.79,85.81,85.785,85.785,857.0,14.0,85.795423
SO,2026-09-18 18:10:00+00:00,85.755,85.83,85.755,85.825,2114.0,80.0,85.808138
SO,2026-09-18 18:15:00+00:00,85.82,85.82,85.82,85.82,351.0,6.0,85.82
SO,2026-09-18 18:20:00+00:00,85.85,85.87,85.77,85.78,3167.0,68.0,85.8235
SO,2026-09-18 18:25:00+00:00,85.775,85.805,85.765,85.805,1222.0,48.0,85.777143
SO,2026-09-18 18:30:00+00:00,85.745,85.835,85.74,85.8,4886.0,62.0,85.801227
SO,2026-09-18 18:35:00+00:00,85.77,85.79,85.77,85.77,1295.0,23.0,85.78
SO,2026-09-18 18:40:00+00:00,85.76,85.76,85.74,85.75,1643.0,66.0,85.754633
SO,2026-09-18 18:45:00+00:00,85.76,85.82,85.725,85.725,4263.0,126.0,85.788082
SO,2026-09-18 18:50:00+00:00,85.76,85.85,85.75,85.81,2941.0,95.0,85.806512
SO,2026-09-18 18:55:00+00:00,85.79,85.795,85.74,85.74,1215.0,39.0,85.7675
SO,2026-09-18 19:00:00+00:00,85.74,85.755,85.73,85.74,3486.0,73.0,85.743654
SO,2026-09-18 19:05:00+00:00,85.77,85.84,85.745,85.8,4490.0,79.0,85.788935
SO,2026-09-18 19:10:00+00:00,85.8,85.815,85.78,85.81,5125.0,66.0,85.801114
SO,2026-09-18 19:15:00+00:00,85.77,85.82,85.745,85.8,5443.0,93.0,85.777551
SO,2026-09-18 19:20:00+00:00,85.795,85.795,85.735,85.77,8143.0,100.0,85.770075
SO,2026-09-18 19:25:00+00:00,85.77,85.78,85.73,85.755,6674.0,98.0,85.762363
SO,2026-09-18 19:30:00+00:00,85.735,85.735,85.575,85.575,3713.0,63.0,85.619478
SO,2026-09-18 19:35:00+00:00,85.6,85.63,85.57,85.63,2477.0,43.0,85.604791
SO,2026-09-18 19:40:00+00:00,85.64,85.665,85.605,85.65,2916.0,88.0,85.640323
SO,2026-09-18 19:45:00+00:00,85.655,85.68,85.58,85.61,5381.0,101.0,85.614977
SO,2026-09-18 19:50:00+00:00,85.62,85.71,85.61,85.62,8937.0,151.0,85.64537
SO,2026-09-18 19:55:00+00:00,85.64,85.65,85.45,85.5,28647.0,413.0,85.523735
