symbol,timestamp,open,high,low,close,volume,trade_count,vwap
MOS,2026-08-14 13:30:00+00:00,21.74,21.88,21.665,21.855,4900.0,65.0,21.789025
MOS,2026-08-14 13:35:00+00:00,21.88,21.94,21.72,21.76,6293.0,47.0,21.827143
MOS,2026-08-14 13:40:00+00:00,21.75,21.81,21.635,21.635,6129.0,130.0,21.725765
MOS,2026-08-14 13:45:00+00:00,21.62,21.65,21.54,21.62,7398.0,138.0,21.6
MOS,2026-08-14 13:50:00+00:00,21.635,21.69,21.61,21.65,6171.0,98.0,21.652288
MOS,2026-08-14 13:55:00+00:00,21.69,21.705,21.665,21.705,3462.0,50.0,21.680392
MOS,2026-08-14 14:00:00+00:00,21.71,21.78,21.7,21.78,5519.0,79.0,21.746417
MOS,2026-08-14 14:05:00+00:00,21.78,21.975,21.78,21.975,8598.0,126.0,21.881529
MOS,2026-08-14 14:10:00+00:00,21.98,22.015,21.83,21.835,13000.0,125.0,21.911978
MOS,2026-08-14 14:15:00+00:00,21.825,21.925,21.82,21.825,6302.0,83.0,21.867065
MOS,2026-08-14 14:20:00+00:00,21.79,21.86,21.79,21.84,5893.0,73.0,21.818407
MOS,2026-08-14 14:25:00+00:00,21.85,21.95,21.85,21.945,3297.0,40.0,21.89998
MOS,2026-08-14 14:30:00+00:00,21.95,21.95,21.91,21.95,5415.0,66.0,21.930762
MOS,2026-08-14 14:35:00+00:00,21.95,21.995,21.945,21.995,4680.0,59.0,21.967532
MOS,2026-08-14 14:40:00+00:00,21.98,21.98,21.9,21.9,3788.0,42.0,21.932534
MOS,2026-08-14 14:45:00+00:00,21.915,21.93,21.88,21.88,2888.0,41.0,21.897708
MOS,2026-08-14 14:50:00+00:00,21.885,21.89,21.855,21.855,2619.0,39.0,21.874412
MOS,2026-08-14 14:55:00+00:00,21.85,21.85,21.765,21.775,3554.0,47.0,21.805754
MOS,2026-08-14 15:00:00+00:00,21.78,21.795,21.765,21.795,3281.0,49.0,21.779038
MOS,2026-08-14 15:05:00+00:00,21.795,21.9,21.775,21.875,4001.0,48.0,21.831658
MOS,2026-08-14 15:10:00+00:00,21.885,21.925,21.885,21.915,2903.0,39.0,21.909072
MOS,2026-08-14 15:15:00+00:00,21.915,21.92,21.87,21.87,5304.0,51.0,21.905968
MOS,2026-08-14 15:20:00+00:00,21.835,21.84,21.81,21.81,2370.0,38.0,21.82925
MOS,2026-08-14 15:25:00+00:00,21.81,21.83,21.785,21.815,3062.0,49.0,21.800476
MOS,2026-08-14 15:30:00+00:00,21.815,21.835,21.81,21.835,1751.0,22.0,21.817333
MOS,2026-08-14 15:35:00+00:00,21.835,21.86,21.83,21.86,2369.0,36.0,21.836176
MOS,2026-08-14 15:40:00+00:00,21.86,21.86,21.82,21.835,3131.0,43.0,21.827333
MOS,2026-08-14 15:45:00+00:00,21.835,21.86,21.81,21.85,3984.0,44.0,21.838611
MOS,2026-08-14 15:50:00+00:00,21.84,21.84,21.78,21.81,1380.0,14.0,21.814754
MOS,2026-08-14 15:55:00+00:00,21.8,21.805,21.775,21.775,1560.0,34.0,21.785
MOS,2026-08-14 16:00:00+00:00,21.78,21.805,21.775,21.805,2980.0,49.0,21.784469
MOS,2026-08-14 16:05:00+00:00,21.785,21.795,21.775,21.795,2009.0,35.0,21.781172
MOS,2026-08-14 16:10:00+00:00,21.775,21.79,21.775,21.79,1130.0,16.0,21.785901
MOS,2026-08-14 16:15:00+00:00,21.83,21.83,21.815,21.815,1293.0,15.0,21.819834
MOS,2026-08-14 16:20:00+00:00,21.815,21.815,21.795,21.795,1592.0,23.0,21.80625
MOS,2026-08-14 16:25:00+00:00,21.795,21.855,21.795,21.855,5337.0,50.0,21.832492
MOS,2026-08-14 16:30:00+00:00,21.845,21.865,21.825,21.865,3994.0,37.0,21.840053
MOS,2026-08-14 16:35:00+00:00,21.865,21.865,21.855,21.855,810.0,16.0,21.861
MOS,2026-08-14 16:40:00+00:00,21.85,21.85,21.805,21.805,2455.0,33.0,21.832486
MOS,2026-08-14 16:45:00+00:00,21.8,21.835,21.8,21.83,2233.0,22.0,21.820055
MOS,2026-08-14 16:50:00+00:00,21.82,21.82,21.82,21.82,292.0,6.0,21.82
MOS,2026-08-14 16:55:00+00:00,21.82,21.835,21.815,21.835,2437.0,32.0,21.819714
MOS,2026-08-14 17:00:00+00:00,21.8,21.8,21.775,21.775,1880.0,31.0,21.790385
MOS,2026-08-14 17:05:00+00:00,21.77,21.77,21.745,21.745,2427.0,35.0,21.759706
MOS,2026-08-14 17:10:00+00:00,21.75,21.77,21.75,21.765,1449.0,23.0,21.76392
MOS,2026-08-14 17:15:00+00:00,21.775,21.785,21.775,21.785,1116.0,18.0,21.783571
MOS,2026-08-14 17:20:00+00:00,21.775,21.815,21.775,21.805,2152.0,38.0,21.792813
MOS,2026-08-14 17:25:00+00:00,21.81,21.81,21.785,21.79,2099.0,22.0,21.805766
MOS,2026-08-14 17:30:00+00:00,21.795,21.805,21.735,21.735,1403.0,21.0,21.7825
MOS,2026-08-14 17:35:00+00:00,21.72,21.73,21.695,21.7,1563.0,23.0,21.713662
MOS,2026-08-14 17:40:00+00:00,21.7,21.7,21.68,21.68,2931.0,33.0,21.687964
MOS,2026-08-14 17:45:00+00:00,21.67,21.67,21.655,21.67,1988.0,23.0,21.665
MOS,2026-08-14 17:50:00+00:00,21.67,21.685,21.665,21.68,2089.0,31.0,21.677581
MOS,2026-08-14 17:55:00+00:00,21.67,21.67,21.65,21.66,3246.0,48.0,21.661905
MOS,2026-08-14 18:00:00+00:00,21.68,21.755,21.67,21.72,4143.0,49.0,21.705123
MOS,2026-08-14 18:05:00+00:00,21.72,21.73,21.715,21.73,1149.0,13.0,21.723182
MOS,2026-08-14 18:10:00+00:00,21.725,21.775,21.725,21.775,1272.0,15.0,21.762041
MOS,2026-08-14 18:15:00+00:00,21.775,21.805,21.77,21.785,2569.0,32.0,21.785
MOS,2026-08-14 18:20:00+00:00,21.77,21.78,21.765,21.78,2518.0,33.0,21.773913
MOS,2026-08-14 18:25:00+00:00,21.78,21.81,21.775,21.81,1375.0,15.0,21.795021
MOS,2026-08-14 18:30:00+00:00,21.8,21.8,21.775,21.795,3056.0,36.0,21.790208
MOS,2026-08-14 18:35:00+00:00,21.8,21.805,21.795,21.8,2404.0,28.0,21.8
MOS,2026-08-14 18:40:00+00:00,21.795,21.8,21.79,21.8,1903.0,27.0,21.797304
MOS,2026-08-14 18:45:00+00:00,21.765,21.765,21.705,21.75,7636.0,72.0,21.731206
MOS,2026-08-14 18:50:00+00:00,21.76,21.76,21.665,21.665,5852.0,54.0,21.710112
MOS,2026-08-14 18:55:00+00:00,21.655,21.67,21.64,21.655,7445.0,71.0,21.653471
MOS,2026-08-14 19:00:00+00:00,21.65,21.655,21.625,21.63,6735.0,80.0,21.637269
MOS,2026-08-14 19:05:00+00:00,21.63,21.69,21.63,21.69,7073.0,65.0,21.649098
MOS,2026-08-14 19:10:00+00:00,21.705,21.71,21.675,21.675,2845.0,38.0,21.696443
MOS,2026-08-14 19:15:00+00:00,21.675,21.68,21.65,21.66,6364.0,62.0,21.662626
MOS,2026-08-14 19:20:00+00:00,21.665,21.675,21.63,21.64,1759.0,27.0,21.653706
MOS,2026-08-14 19:25:00+00:00,21.64,21.65,21.625,21.625,3595.0,47.0,21.638276
MOS,2026-08-14 19:30:00+00:00,21.62,21.63,21.575,21.575,7077.0,75.0,21.601748
MOS,2026-08-14 19:35:00+00:00,21.58,21.605,21.565,21.605,3987.0,36.0,21.57736
MOS,2026-08-14 19:40:00+00:00,21.61,21.665,21.6,21.655,6507.0,57.0,21.623629
MOS,2026-08-14 19:45:00+00:00,21.655,21.695,21.645,21.67,9429.0,83.0,21.667445
MOS,2026-08-14 19:50:00+00:00,21.67,21.675,21.635,21.635,10659.0,117.0,21.645674
MOS,2026-08-14 19:55:00+00:00,21.635,21.66,21.575,21.615,49425.0,527.0,21.608037
MOS,2026-08-17 13:30:00+00:00,21.44,21.67,21.25,21.585,6649.0,63.0,21.450939
MOS,2026-08-17 13:35:00+00:00,21.61,21.61,21.455,21.51,3564.0,50.0,21.517416
MOS,2026-08-17 13:40:00+00:00,21.53,21.545,21.46,21.46,3594.0,60.0,21.492673
MOS,2026-08-17 13:45:00+00:00,21.47,21.495,21.375,21.4,9120.0,111.0,21.408171
MOS,2026-08-17 13:50:00+00:00,21.4,21.405,21.325,21.325,6768.0,106.0,21.359594
MOS,2026-08-17 13:55:00+00:00,21.325,21.33,21.295,21.3,8619.0,114.0,21.315858
MOS,2026-08-17 14:00:00+00:00,21.275,21.275,21.13,21.16,9592.0,123.0,21.192587
MOS,2026-08-17 14:05:00+00:00,21.155,21.19,21.06,21.075,10161.0,122.0,21.127656
MOS,2026-08-17 14:10:00+00:00,21.075,21.075,20.98,21.01,13238.0,132.0,21.00556
MOS,2026-08-17 14:15:00+00:00,21.015,21.075,21.0,21.075,8602.0,95.0,21.038027
MOS,2026-08-17 14:20:00+00:00,21.06,21.075,21.035,21.075,12534.0,124.0,21.054766
MOS,2026-08-17 14:25:00+00:00,21.055,21.07,21.025,21.07,6996.0,88.0,21.036321
MOS,2026-08-17 14:30:00+00:00,21.065,21.08,21.045,21.045,5288.0,71.0,21.059715
MOS,2026-08-17 14:35:00+00:00,21.03,21.05,20.98,21.045,18573.0,133.0,20.998885
MOS,2026-08-17 14:40:00+00:00,21.065,21.08,21.055,21.075,3821.0,47.0,21.069728
MOS,2026-08-17 14:45:00+00:00,21.055,21.07,21.055,21.06,1962.0,34.0,21.062917
MOS,2026-08-17 14:50:00+00:00,21.06,21.09,21.045,21.06,4342.0,55.0,21.064779
MOS,2026-08-17 14:55:00+00:00,21.05,21.085,20.985,21.01,7325.0,75.0,21.036326
MOS,2026-08-17 15:00:00+00:00,21.005,21.04,21.005,21.035,2337.0,32.0,21.027317
MOS,2026-08-17 15:05:00+00:00,21.035,21.04,21.025,21.035,4596.0,38.0,21.030622
MOS,2026-08-17 15:10:00+00:00,21.035,21.06,21.035,21.045,2841.0,38.0,21.052779
MOS,2026-08-17 15:15:00+00:00,21.055,21.06,21.045,21.055,1917.0,30.0,21.052333
MOS,2026-08-17 15:20:00+00:00,21.03,21.035,21.025,21.025,835.0,14.0,21.030704
MOS,2026-08-17 15:25:00+00:00,21.03,21.055,21.03,21.055,2167.0,42.0,21.043182
MOS,2026-08-17 15:30:00+00:00,21.065,21.065,21.025,21.03,2882.0,37.0,21.033592
MOS,2026-08-17 15:35:00+00:00,21.03,21.03,20.995,20.995,1486.0,20.0,21.02588
MOS,2026-08-17 15:40:00+00:00,20.995,21.0,20.98,20.995,2297.0,33.0,20.994547
MOS,2026-08-17 15:45:00+00:00,21.0,21.005,20.995,21.0,2737.0,28.0,20.999767
MOS,2026-08-17 15:50:00+00:00,21.0,21.0,20.955,20.97,3924.0,48.0,20.969148
MOS,2026-08-17 15:55:00+00:00,20.965,20.97,20.845,20.85,6559.0,59.0,20.920604
MOS,2026-08-17 16:00:00+00:00,20.855,20.875,20.825,20.855,5973.0,70.0,20.849278
MOS,2026-08-17 16:05:00+00:00,20.86,20.875,20.86,20.87,1030.0,14.0,20.870625
MOS,2026-08-17 16:10:00+00:00,20.92,20.92,20.905,20.915,906.0,11.0,20.912031
MOS,2026-08-17 16:15:00+00:00,20.925,20.925,20.89,20.89,1698.0,25.0,20.904302
MOS,2026-08-17 16:20:00+00:00,20.89,20.93,20.89,20.895,3249.0,43.0,20.900833
MOS,2026-08-17 16:25:00+00:00,20.895,20.935,20.895,20.935,1117.0,22.0,20.907667
MOS,2026-08-17 16:30:00+00:00,20.94,20.96,20.925,20.96,2835.0,32.0,20.938278
MOS,2026-08-17 16:35:00+00:00,20.97,20.985,20.96,20.96,1032.0,15.0,20.965892
MOS,2026-08-17 16:40:00+00:00,20.95,20.965,20.95,20.965,2200.0,30.0,20.956372
MOS,2026-08-17 16:45:00+00:00,20.955,20.975,20.955,20.97,3124.0,34.0,20.96327
MOS,2026-08-17 16:50:00+00:00,20.975,20.975,20.965,20.975,1742.0,20.0,20.971667
MOS,2026-08-17 16:55:00+00:00,20.975,21.0,20.97,21.0,6293.0,64.0,20.981087
MOS,2026-08-17 17:00:00+00:00,21.005,21.03,21.005,21.03,1317.0,23.0,21.021735
MOS,2026-08-17 17:05:00+00:00,20.975,20.98,20.96,20.96,2141.0,28.0,20.973862
MOS,2026-08-17 17:10:00+00:00,20.965,20.995,20.965,20.995,3339.0,42.0,20.984535
MOS,2026-08-17 17:15:00+00:00,20.97,20.97,20.915,20.93,2954.0,30.0,20.927453
MOS,2026-08-17 17:20:00+00:00,20.93,20.935,20.925,20.93,1482.0,21.0,20.929375
MOS,2026-08-17 17:25:00+00:00,20.9,20.9,20.855,20.87,3761.0,43.0,20.868321
MOS,2026-08-17 17:30:00+00:00,20.88,20.92,20.875,20.915,3857.0,35.0,20.888728
MOS,2026-08-17 17:35:00+00:00,20.915,20.925,20.89,20.89,1916.0,24.0,20.90992
MOS,2026-08-17 17:40:00+00:00,20.9,20.925,20.9,20.905,2160.0,19.0,20.912778
MOS,2026-08-17 17:45:00+00:00,20.905,20.905,20.905,20.905,3077.0,40.0,20.905
MOS,2026-08-17 17:50:00+00:00,20.91,20.945,20.905,20.94,5742.0,46.0,20.923716
MOS,2026-08-17 17:55:00+00:00,20.94,20.97,20.935,20.96,7756.0,77.0,20.949941
MOS,2026-08-17 18:00:00+00:00,20.96,20.995,20.95,20.995,6961.0,63.0,20.97331
MOS,2026-08-17 18:05:00+00:00,21.005,21.07,20.99,21.06,5460.0,57.0,21.025847
MOS,2026-08-17 18:10:00+00:00,21.045,21.095,21.045,21.09,3001.0,24.0,21.071523
MOS,2026-08-17 18:15:00+00:00,21.105,21.115,21.105,21.115,2515.0,37.0,21.108684
MOS,2026-08-17 18:20:00+00:00,21.125,21.15,21.1,21.15,8322.0,74.0,21.11949
MOS,2026-08-17 18:25:00+00:00,21.16,21.23,21.16,21.22,3393.0,44.0,21.212
MOS,2026-08-17 18:30:00+00:00,21.205,21.215,21.135,21.135,7315.0,71.0,21.176441
MOS,2026-08-17 18:35:00+00:00,21.155,21.175,21.155,21.155,3650.0,37.0,21.159887
MOS,2026-08-17 18:40:00+00:00,21.155,21.16,21.135,21.145,6671.0,61.0,21.146827
MOS,2026-08-17 18:45:00+00:00,21.145,21.15,21.115,21.125,5606.0,54.0,21.131332
MOS,2026-08-17 18:50:00+00:00,21.125,21.125,21.095,21.115,4475.0,56.0,21.105614
MOS,2026-08-17 18:55:00+00:00,21.115,21.205,21.115,21.205,10216.0,91.0,21.147101
MOS,2026-08-17 19:00:00+00:00,21.205,21.205,21.185,21.195,2565.0,30.0,21.195371
MOS,2026-08-17 19:05:00+00:00,21.2,21.225,21.195,21.205,3332.0,51.0,21.208276
MOS,2026-08-17 19:10:00+00:00,21.18,21.19,21.175,21.175,2979.0,44.0,21.178799
MOS,2026-08-17 19:15:00+00:00,21.185,21.215,21.145,21.205,10756.0,88.0,21.18213
MOS,2026-08-17 19:20:00+00:00,21.195,21.2,21.185,21.185,4676.0,38.0,21.192901
MOS,2026-08-17 19:25:00+00:00,21.185,21.185,21.155,21.17,9692.0,65.0,21.170695
MOS,2026-08-17 19:30:00+00:00,21.16,21.195,21.15,21.185,13044.0,96.0,21.171159
MOS,2026-08-17 19:35:00+00:00,21.19,21.195,21.155,21.16,13675.0,91.0,21.174882
MOS,2026-08-17 19:40:00+00:00,21.16,21.19,21.145,21.185,10345.0,97.0,21.164154
MOS,2026-08-17 19:45:00+00:00,21.185,21.21,21.16,21.185,18706.0,148.0,21.183809
MOS,2026-08-17 19:50:00+00:00,21.175,21.23,21.16,21.17,25033.0,211.0,21.185268
MOS,2026-08-17 19:55:00+00:00,21.17,21.25,21.165,21.24,76603.0,590.0,21.224299
MOS,2026-08-18 13:30:00+00:00,21.315,21.4,21.225,21.225,6969.0,58.0,21.283139
MOS,2026-08-18 13:35:00+00:00,21.19,21.37,21.19,21.36,10935.0,99.0,21.284258
MOS,2026-08-18 13:40:00+00:00,21.35,21.43,21.33,21.33,4018.0,107.0,21.37681
MOS,2026-08-18 13:45:00+00:00,21.3,21.35,21.26,21.28,4024.0,86.0,21.310122
MOS,2026-08-18 13:50:00+00:00,21.25,21.28,21.185,21.28,14709.0,162.0,21.201489
MOS,2026-08-18 13:55:00+00:00,21.255,21.365,21.255,21.34,6321.0,108.0,21.318084
MOS,2026-08-18 14:00:00+00:00,21.355,21.355,21.27,21.3,6484.0,129.0,21.314757
MOS,2026-08-18 14:05:00+00:00,21.29,21.34,21.265,21.32,9061.0,132.0,21.30472
MOS,2026-08-18 14:10:00+00:00,21.31,21.31,21.205,21.235,9980.0,141.0,21.243525
MOS,2026-08-18 14:15:00+00:00,21.24,21.27,21.225,21.25,6080.0,95.0,21.256652
MOS,2026-08-18 14:20:00+00:00,21.25,21.275,21.22,21.22,3438.0,65.0,21.242954
MOS,2026-08-18 14:25:00+00:00,21.255,21.255,21.18,21.18,6266.0,84.0,21.209545
MOS,2026-08-18 14:30:00+00:00,21.19,21.22,21.185,21.21,4319.0,52.0,21.203875
MOS,2026-08-18 14:35:00+00:00,21.2,21.21,21.18,21.2,2452.0,35.0,21.199003
MOS,2026-08-18 14:40:00+00:00,21.205,21.22,21.19,21.21,3430.0,41.0,21.207616
MOS,2026-08-18 14:45:00+00:00,21.21,21.21,21.155,21.155,3095.0,58.0,21.187994
MOS,2026-08-18 14:50:00+00:00,21.155,21.24,21.155,21.165,7811.0,84.0,21.181259
MOS,2026-08-18 14:55:00+00:00,21.18,21.195,21.15,21.15,3153.0,51.0,21.176893
MOS,2026-08-18 15:00:00+00:00,21.135,21.14,21.115,21.14,3051.0,48.0,21.126087
MOS,2026-08-18 15:05:00+00:00,21.145,21.145,21.1,21.1,1935.0,34.0,21.116071
MOS,2026-08-18 15:10:00+00:00,21.095,21.125,21.095,21.115,3006.0,45.0,21.104622
MOS,2026-08-18 15:15:00+00:00,21.11,21.135,21.095,21.115,4486.0,47.0,21.121463
MOS,2026-08-18 15:20:00+00:00,21.11,21.115,21.1,21.11,3055.0,51.0,21.108776
MOS,2026-08-18 15:25:00+00:00,21.11,21.11,21.065,21.07,2704.0,50.0,21.079286
MOS,2026-08-18 15:30:00+00:00,21.1,21.11,21.07,21.11,1843.0,26.0,21.089395
MOS,2026-08-18 15:35:00+00:00,21.13,21.175,21.13,21.175,2079.0,34.0,21.149285
MOS,2026-08-18 15:40:00+00:00,21.16,21.17,21.16,21.165,1844.0,37.0,21.165176
MOS,2026-08-18 15:45:00+00:00,21.155,21.17,21.155,21.155,1192.0,20.0,21.165556
MOS,2026-08-18 15:50:00+00:00,21.155,21.205,21.155,21.185,1002.0,15.0,21.183334
MOS,2026-08-18 15:55:00+00:00,21.185,21.185,21.18,21.185,1678.0,26.0,21.182308
MOS,2026-08-18 16:00:00+00:00,21.215,21.255,21.215,21.255,1911.0,27.0,21.232222
MOS,2026-08-18 16:05:00+00:00,21.26,21.32,21.23,21.23,3650.0,49.0,21.261176
MOS,2026-08-18 16:10:00+00:00,21.23,21.23,21.185,21.215,3422.0,48.0,21.201346
MOS,2026-08-18 16:15:00+00:00,21.205,21.255,21.205,21.255,1147.0,18.0,21.231693
MOS,2026-08-18 16:20:00+00:00,21.255,21.265,21.245,21.245,380.0,5.0,21.255
MOS,2026-08-18 16:25:00+00:00,21.255,21.255,21.25,21.255,617.0,10.0,21.2525
MOS,2026-08-18 16:30:00+00:00,21.26,21.265,21.26,21.265,851.0,10.0,21.263764
MOS,2026-08-18 16:35:00+00:00,21.265,21.3,21.265,21.29,1695.0,28.0,21.292909
MOS,2026-08-18 16:40:00+00:00,21.28,21.28,21.265,21.265,205.0,4.0,21.2725
MOS,2026-08-18 16:45:00+00:00,21.285,21.315,21.28,21.285,1593.0,19.0,21.299815
MOS,2026-08-18 16:50:00+00:00,21.285,21.285,21.265,21.27,1373.0,15.0,21.274555
MOS,2026-08-18 16:55:00+00:00,21.31,21.345,21.305,21.34,3248.0,46.0,21.33244
MOS,2026-08-18 17:00:00+00:00,21.33,21.37,21.33,21.37,713.0,13.0,21.356667
MOS,2026-08-18 17:05:00+00:00,21.355,21.365,21.33,21.365,1462.0,19.0,21.34875
MOS,2026-08-18 17:10:00+00:00,21.355,21.365,21.355,21.355,1025.0,17.0,21.35875
MOS,2026-08-18 17:15:00+00:00,21.35,21.4,21.345,21.39,2463.0,31.0,21.375909
MOS,2026-08-18 17:20:00+00:00,21.385,21.385,21.36,21.375,1970.0,25.0,21.37188
MOS,2026-08-18 17:25:00+00:00,21.355,21.365,21.355,21.365,400.0,5.0,21.358333
MOS,2026-08-18 17:30:00+00:00,21.345,21.35,21.34,21.34,1920.0,35.0,21.345385
MOS,2026-08-18 17:35:00+00:00,21.345,21.355,21.31,21.31,3793.0,63.0,21.343392
MOS,2026-08-18 17:40:00+00:00,21.31,21.32,21.295,21.295,690.0,16.0,21.310258
MOS,2026-08-18 17:45:00+00:00,21.295,21.295,21.215,21.22,3627.0,55.0,21.25117
MOS,2026-08-18 17:50:00+00:00,21.22,21.22,21.155,21.155,3580.0,42.0,21.174253
MOS,2026-08-18 17:55:00+00:00,21.155,21.2,21.155,21.2,1775.0,30.0,21.172981
MOS,2026-08-18 18:00:00+00:00,21.195,21.205,21.195,21.195,1761.0,35.0,21.197424
MOS,2026-08-18 18:05:00+00:00,21.18,21.185,21.17,21.17,2073.0,24.0,21.176765
MOS,2026-08-18 18:10:00+00:00,21.175,21.225,21.175,21.225,3347.0,41.0,21.196753
MOS,2026-08-18 18:15:00+00:00,21.23,21.235,21.22,21.235,1651.0,23.0,21.228461
MOS,2026-08-18 18:20:00+00:00,21.235,21.255,21.235,21.245,1747.0,25.0,21.242381
MOS,2026-08-18 18:25:00+00:00,21.24,21.25,21.23,21.25,3870.0,61.0,21.241362
MOS,2026-08-18 18:30:00+00:00,21.255,21.26,21.245,21.245,1164.0,20.0,21.255
MOS,2026-08-18 18:35:00+00:00,21.245,21.245,21.23,21.23,646.0,16.0,21.239302
MOS,2026-08-18 18:40:00+00:00,21.225,21.225,21.195,21.205,2653.0,51.0,21.210924
MOS,2026-08-18 18:45:00+00:00,21.205,21.205,21.185,21.185,1387.0,27.0,21.18727
MOS,2026-08-18 18:50:00+00:00,21.18,21.18,21.135,21.14,9445.0,92.0,21.148583
MOS,2026-08-18 18:55:00+00:00,21.135,21.165,21.135,21.16,4108.0,48.0,21.154015
MOS,2026-08-18 19:00:00+00:00,21.165,21.165,21.155,21.16,2418.0,43.0,21.157029
MOS,2026-08-18 19:05:00+00:00,21.15,21.155,21.095,21.1,4251.0,57.0,21.118237
MOS,2026-08-18 19:10:00+00:00,21.11,21.115,21.105,21.105,2760.0,33.0,21.110929
MOS,2026-08-18 19:15:00+00:00,21.1,21.155,21.1,21.135,9205.0,77.0,21.132014
MOS,2026-08-18 19:20:00+00:00,21.13,21.145,21.115,21.135,8694.0,65.0,21.1258
MOS,2026-08-18 19:25:00+00:00,21.135,21.135,21.115,21.115,2658.0,42.0,21.124902
MOS,2026-08-18 19:30:00+00:00,21.11,21.14,21.105,21.125,6647.0,64.0,21.123907
MOS,2026-08-18 19:35:00+00:00,21.12,21.155,21.115,21.125,12209.0,97.0,21.14162
MOS,2026-08-18 19:40:00+00:00,21.12,21.125,21.1,21.125,6464.0,68.0,21.109802
MOS,2026-08-18 19:45:00+00:00,21.13,21.145,21.09,21.115,11234.0,116.0,21.11423
MOS,2026-08-18 19:50:00+00:00,21.105,21.11,21.055,21.055,12037.0,144.0,21.083819
MOS,2026-08-18 19:55:00+00:00,21.055,21.17,21.045,21.15,42161.0,446.0,21.120851
MOS,2026-08-19 13:30:00+00:00,21.6,21.86,21.6,21.845,4481.0,40.0,21.719982
MOS,2026-08-19 13:35:00+00:00,21.86,21.87,21.77,21.78,2915.0,29.0,21.812672
MOS,2026-08-19 13:40:00+00:00,21.85,21.97,21.85,21.875,7009.0,70.0,21.898291
MOS,2026-08-19 13:45:00+00:00,21.88,21.97,21.86,21.95,3168.0,52.0,21.908636
MOS,2026-08-19 13:50:00+00:00,21.97,22.065,21.96,22.05,3976.0,87.0,22.007583
MOS,2026-08-19 13:55:00+00:00,22.06,22.17,21.985,22.1,15972.0,114.0,22.095868
MOS,2026-08-19 14:00:00+00:00,22.1,22.1,22.045,22.08,3940.0,58.0,22.0718
MOS,2026-08-19 14:05:00+00:00,22.085,22.12,22.015,22.105,7489.0,91.0,22.066744
MOS,2026-08-19 14:10:00+00:00,22.11,22.125,22.075,22.09,7501.0,83.0,22.102445
MOS,2026-08-19 14:15:00+00:00,22.1,22.34,22.1,22.33,5963.0,75.0,22.23053
MOS,2026-08-19 14:20:00+00:00,22.34,22.35,22.24,22.25,8329.0,95.0,22.285432
MOS,2026-08-19 14:25:00+00:00,22.25,22.28,22.21,22.27,27585.0,234.0,22.226776
MOS,2026-08-19 14:30:00+00:00,22.255,22.365,22.245,22.355,8809.0,101.0,22.299275
MOS,2026-08-19 14:35:00+00:00,22.36,22.39,22.36,22.365,3551.0,37.0,22.377885
MOS,2026-08-19 14:40:00+00:00,22.375,22.44,22.375,22.38,5591.0,62.0,22.404863
MOS,2026-08-19 14:45:00+00:00,22.39,22.405,22.365,22.375,3653.0,48.0,22.389839
MOS,2026-08-19 14:50:00+00:00,22.385,22.43,22.335,22.365,11781.0,84.0,22.382662
MOS,2026-08-19 14:55:00+00:00,22.35,22.415,22.35,22.375,4955.0,52.0,22.394106
MOS,2026-08-19 15:00:00+00:00,22.37,22.45,22.37,22.45,6050.0,52.0,22.426725
MOS,2026-08-19 15:05:00+00:00,22.44,22.52,22.43,22.51,5944.0,51.0,22.482194
MOS,2026-08-19 15:10:00+00:00,22.5,22.51,22.485,22.505,3345.0,50.0,22.499417
MOS,2026-08-19 15:15:00+00:00,22.51,22.515,22.485,22.495,4886.0,41.0,22.49316
MOS,2026-08-19 15:20:00+00:00,22.485,22.49,22.415,22.43,3848.0,43.0,22.46233
MOS,2026-08-19 15:25:00+00:00,22.435,22.435,22.395,22.395,2917.0,40.0,22.409522
MOS,2026-08-19 15:30:00+00:00,22.385,22.4,22.385,22.39,1448.0,17.0,22.388846
MOS,2026-08-19 15:35:00+00:00,22.39,22.415,22.35,22.395,4948.0,48.0,22.374507
MOS,2026-08-19 15:40:00+00:00,22.385,22.385,22.265,22.375,9081.0,62.0,22.325268
MOS,2026-08-19 15:45:00+00:00,22.37,22.37,22.305,22.305,2148.0,24.0,22.326023
MOS,2026-08-19 15:50:00+00:00,22.33,22.33,22.275,22.275,1750.0,23.0,22.314623
MOS,2026-08-19 15:55:00+00:00,22.28,22.32,22.275,22.32,3407.0,33.0,22.298595
MOS,2026-08-19 16:00:00+00:00,22.315,22.36,22.315,22.335,2836.0,33.0,22.343281
MOS,2026-08-19 16:05:00+00:00,22.34,22.34,22.32,22.335,1748.0,22.0,22.331428
MOS,2026-08-19 16:10:00+00:00,22.34,22.34,22.315,22.33,2252.0,26.0,22.325462
MOS,2026-08-19 16:15:00+00:00,22.33,22.355,22.32,22.335,1334.0,15.0,22.337083
MOS,2026-08-19 16:20:00+00:00,22.315,22.325,22.3,22.32,3291.0,29.0,22.312414
MOS,2026-08-19 16:25:00+00:00,22.32,22.32,22.305,22.31,2437.0,27.0,22.311333
MOS,2026-08-19 16:30:00+00:00,22.31,22.31,22.26,22.285,2617.0,33.0,22.27461
MOS,2026-08-19 16:35:00+00:00,22.295,22.295,22.275,22.275,1386.0,23.0,22.284348
MOS,2026-08-19 16:40:00+00:00,22.265,22.295,22.245,22.295,2811.0,38.0,22.254381
MOS,2026-08-19 16:45:00+00:00,22.305,22.315,22.285,22.285,2580.0,29.0,22.293796
MOS,2026-08-19 16:50:00+00:00,22.285,22.305,22.285,22.305,2501.0,25.0,22.295495
MOS,2026-08-19 16:55:00+00:00,22.305,22.31,22.275,22.305,5676.0,62.0,22.292324
MOS,2026-08-19 17:00:00+00:00,22.31,22.355,22.31,22.335,5722.0,60.0,22.331075
MOS,2026-08-19 17:05:00+00:00,22.335,22.345,22.235,22.24,3741.0,42.0,22.272112
MOS,2026-08-19 17:10:00+00:00,22.245,22.245,22.205,22.225,2227.0,31.0,22.22386
MOS,2026-08-19 17:15:00+00:00,22.225,22.245,22.225,22.235,1612.0,25.0,22.2335
MOS,2026-08-19 17:20:00+00:00,22.225,22.235,22.21,22.235,2850.0,28.0,22.223497
MOS,2026-08-19 17:25:00+00:00,22.22,22.24,22.215,22.24,2470.0,28.0,22.221136
MOS,2026-08-19 17:30:00+00:00,22.23,22.23,22.205,22.225,3099.0,28.0,22.219086
MOS,2026-08-19 17:35:00+00:00,22.225,22.24,22.225,22.24,1254.0,19.0,22.2335
MOS,2026-08-19 17:40:00+00:00,22.235,22.24,22.195,22.195,3536.0,42.0,22.218712
MOS,2026-08-19 17:45:00+00:00,22.17,22.22,22.17,22.22,1914.0,34.0,22.204711
MOS,2026-08-19 17:50:00+00:00,22.215,22.215,22.175,22.185,1049.0,18.0,22.194075
MOS,2026-08-19 17:55:00+00:00,22.175,22.21,22.175,22.21,2075.0,21.0,22.189864
MOS,2026-08-19 18:00:00+00:00,22.235,22.25,22.195,22.2,1911.0,52.0,22.230932
MOS,2026-08-19 18:05:00+00:00,22.165,22.165,22.11,22.12,3363.0,48.0,22.127673
MOS,2026-08-19 18:10:00+00:00,22.11,22.155,22.08,22.145,4182.0,55.0,22.106552
MOS,2026-08-19 18:15:00+00:00,22.13,22.135,22.125,22.125,1027.0,14.0,22.130714
MOS,2026-08-19 18:20:00+00:00,22.12,22.125,22.115,22.125,577.0,7.0,22.121931
MOS,2026-08-19 18:25:00+00:00,22.13,22.14,22.13,22.14,1163.0,18.0,22.131111
MOS,2026-08-19 18:30:00+00:00,22.14,22.15,22.12,22.12,1724.0,20.0,22.143251
MOS,2026-08-19 18:35:00+00:00,22.13,22.165,22.13,22.165,1721.0,28.0,22.148734
MOS,2026-08-19 18:40:00+00:00,22.18,22.22,22.18,22.215,1779.0,21.0,22.196432
MOS,2026-08-19 18:45:00+00:00,22.22,22.26,22.205,22.255,5256.0,58.0,22.231484
MOS,2026-08-19 18:50:00+00:00,22.255,22.255,22.2,22.2,1455.0,20.0,22.218693
MOS,2026-08-19 18:55:00+00:00,22.205,22.205,22.18,22.18,1345.0,24.0,22.189958
MOS,2026-08-19 19:00:00+00:00,22.18,22.2,22.18,22.185,2275.0,31.0,22.189211
MOS,2026-08-19 19:05:00+00:00,22.205,22.25,22.205,22.235,2128.0,31.0,22.223438
MOS,2026-08-19 19:10:00+00:00,22.225,22.225,22.135,22.135,4913.0,62.0,22.181431
MOS,2026-08-19 19:15:00+00:00,22.115,22.15,22.115,22.145,2542.0,35.0,22.131389
MOS,2026-08-19 19:20:00+00:00,22.15,22.215,22.15,22.215,4393.0,51.0,22.166882
MOS,2026-08-19 19:25:00+00:00,22.21,22.27,22.19,22.27,5708.0,59.0,22.240172
MOS,2026-08-19 19:30:00+00:00,22.27,22.305,22.25,22.265,17934.0,132.0,22.279329
MOS,2026-08-19 19:35:00+00:00,22.27,22.29,22.27,22.275,3978.0,46.0,22.281045
MOS,2026-08-19 19:40:00+00:00,22.28,22.315,22.28,22.285,8095.0,73.0,22.294963
MOS,2026-08-19 19:45:00+00:00,22.275,22.275,22.23,22.26,7859.0,89.0,22.250918
MOS,2026-08-19 19:50:00+00:00,22.215,22.245,22.19,22.205,11554.0,125.0,22.226095
MOS,2026-08-19 19:55:00+00:00,22.205,22.25,22.18,22.25,43196.0,496.0,22.216628
MOS,2026-08-19 20:00:00+00:00,22.24,22.24,22.24,22.24,161.0,2.0,22.24
MOS,2026-08-20 13:30:00+00:00,22.315,22.72,22.315,22.7,2833.0,33.0,22.58924
MOS,2026-08-20 13:35:00+00:00,22.745,23.12,22.735,23.12,13017.0,139.0,23.026285
MOS,2026-08-20 13:40:00+00:00,23.11,23.225,22.96,23.02,17035.0,237.0,23.126186
MOS,2026-08-20 13:45:00+00:00,22.995,23.08,22.86,22.88,18228.0,178.0,23.010508
MOS,2026-08-20 13:50:00+00:00,22.88,23.02,22.88,22.94,25312.0,207.0,22.931312
MOS,2026-08-20 13:55:00+00:00,22.94,22.96,22.84,22.92,34110.0,256.0,22.918415
MOS,2026-08-20 14:00:00+00:00,22.915,22.945,22.76,22.76,12247.0,148.0,22.869837
MOS,2026-08-20 14:05:00+00:00,22.73,22.74,22.645,22.73,12698.0,137.0,22.692105
MOS,2026-08-20 14:10:00+00:00,22.73,22.76,22.58,22.58,5568.0,65.0,22.701404
MOS,2026-08-20 14:15:00+00:00,22.585,22.585,22.4,22.4,28538.0,163.0,22.500531
MOS,2026-08-20 14:20:00+00:00,22.395,22.465,22.39,22.42,4761.0,55.0,22.42881
MOS,2026-08-20 14:25:00+00:00,22.34,22.385,22.31,22.37,12661.0,126.0,22.352299
MOS,2026-08-20 14:30:00+00:00,22.37,22.435,22.35,22.435,13992.0,120.0,22.388806
MOS,2026-08-20 14:35:00+00:00,22.395,22.62,22.38,22.62,51016.0,321.0,22.447122
MOS,2026-08-20 14:40:00+00:00,22.62,22.8,22.5,22.77,38545.0,275.0,22.627448
MOS,2026-08-20 14:45:00+00:00,22.77,22.83,22.75,22.82,5483.0,63.0,22.781764
MOS,2026-08-20 14:50:00+00:00,22.84,23.0,22.84,22.86,10708.0,117.0,22.901131
MOS,2026-08-20 14:55:00+00:00,22.88,22.94,22.865,22.93,8736.0,77.0,22.887774
MOS,2026-08-20 15:00:00+00:00,22.92,23.01,22.9,22.93,10135.0,101.0,22.958424
MOS,2026-08-20 15:05:00+00:00,22.92,22.92,22.87,22.87,3251.0,32.0,22.896926
MOS,2026-08-20 15:10:00+00:00,22.86,22.91,22.82,22.91,4228.0,53.0,22.871302
MOS,2026-08-20 15:15:00+00:00,22.91,22.92,22.875,22.89,3723.0,30.0,22.8875
MOS,2026-08-20 15:20:00+00:00,22.895,22.895,22.805,22.815,2809.0,41.0,22.837034
MOS,2026-08-20 15:25:00+00:00,22.81,22.85,22.775,22.85,9072.0,85.0,22.793085
MOS,2026-08-20 15:30:00+00:00,22.86,22.88,22.825,22.83,4856.0,51.0,22.842436
MOS,2026-08-20 15:35:00+00:00,22.82,22.83,22.785,22.785,2815.0,30.0,22.809202
MOS,2026-08-20 15:40:00+00:00,22.78,22.8,22.745,22.745,4267.0,50.0,22.774402
MOS,2026-08-20 15:45:00+00:00,22.73,22.96,22.73,22.96,3805.0,43.0,22.805954
MOS,2026-08-20 15:50:00+00:00,22.98,23.045,22.98,23.04,1302.0,14.0,23.03125
MOS,2026-08-20 15:55:00+00:00,23.02,23.025,23.0,23.0,3430.0,32.0,23.00836
MOS,2026-08-20 16:00:00+00:00,23.02,23.095,23.005,23.065,4317.0,53.0,23.04963
MOS,2026-08-20 16:05:00+00:00,23.065,23.09,23.01,23.08,3937.0,38.0,23.054401
MOS,2026-08-20 16:10:00+00:00,23.09,23.09,23.05,23.055,3466.0,41.0,23.061368
MOS,2026-08-20 16:15:00+00:00,23.045,23.16,23.045,23.155,5331.0,52.0,23.109498
MOS,2026-08-20 16:20:00+00:00,23.145,23.2,23.145,23.175,4891.0,52.0,23.179881
MOS,2026-08-20 16:25:00+00:00,23.225,23.225,23.185,23.185,3591.0,34.0,23.194169
MOS,2026-08-20 16:30:00+00:00,23.175,23.19,23.17,23.17,3997.0,49.0,23.177122
MOS,2026-08-20 16:35:00+00:00,23.175,23.245,23.16,23.235,10831.0,74.0,23.183281
MOS,2026-08-20 16:40:00+00:00,23.235,23.24,23.17,23.17,1850.0,22.0,23.207277
MOS,2026-08-20 16:45:00+00:00,23.185,23.22,23.185,23.22,2388.0,28.0,23.204186
MOS,2026-08-20 16:50:00+00:00,23.215,23.215,23.185,23.2,2667.0,35.0,23.197035
MOS,2026-08-20 16:55:00+00:00,23.2,23.26,23.185,23.26,3052.0,36.0,23.205179
MOS,2026-08-20 17:00:00+00:00,23.33,23.335,23.28,23.305,3883.0,39.0,23.308069
MOS,2026-08-20 17:05:00+00:00,23.285,23.285,23.17,23.225,4600.0,61.0,23.229581
MOS,2026-08-20 17:10:00+00:00,23.225,23.245,23.195,23.24,2545.0,44.0,23.217454
MOS,2026-08-20 17:15:00+00:00,23.235,23.235,23.195,23.195,1624.0,17.0,23.206786
MOS,2026-08-20 17:20:00+00:00,23.21,23.215,23.145,23.15,7377.0,71.0,23.160514
MOS,2026-08-20 17:25:00+00:00,23.15,23.17,23.12,23.14,5019.0,53.0,23.1454
MOS,2026-08-20 17:30:00+00:00,23.115,23.12,23.04,23.065,11531.0,94.0,23.077689
MOS,2026-08-20 17:35:00+00:00,23.06,23.135,23.06,23.135,3765.0,34.0,23.074571
MOS,2026-08-20 17:40:00+00:00,23.12,23.12,23.065,23.065,4200.0,52.0,23.095438
MOS,2026-08-20 17:45:00+00:00,23.085,23.11,23.08,23.08,3572.0,39.0,23.096601
MOS,2026-08-20 17:50:00+00:00,23.075,23.17,23.075,23.13,5359.0,72.0,23.132109
MOS,2026-08-20 17:55:00+00:00,23.115,23.14,23.11,23.11,2625.0,35.0,23.127262
MOS,2026-08-20 18:00:00+00:00,23.11,23.17,23.095,23.155,5590.0,62.0,23.12635
MOS,2026-08-20 18:05:00+00:00,23.145,23.145,23.09,23.095,3809.0,37.0,23.111785
MOS,2026-08-20 18:10:00+00:00,23.08,23.095,23.065,23.085,4312.0,53.0,23.078828
MOS,2026-08-20 18:15:00+00:00,23.065,23.09,23.05,23.09,2209.0,30.0,23.071976
MOS,2026-08-20 18:20:00+00:00,23.09,23.15,23.09,23.09,6018.0,60.0,23.112743
MOS,2026-08-20 18:25:00+00:00,23.1,23.135,23.1,23.12,3206.0,41.0,23.120614
MOS,2026-08-20 18:30:00+00:00,23.125,23.13,23.085,23.085,3410.0,43.0,23.103366
MOS,2026-08-20 18:35:00+00:00,23.09,23.095,23.08,23.08,5016.0,57.0,23.08962
MOS,2026-08-20 18:40:00+00:00,23.075,23.095,23.06,23.095,5350.0,48.0,23.086205
MOS,2026-08-20 18:45:00+00:00,23.155,23.155,23.11,23.115,4959.0,43.0,23.135053
MOS,2026-08-20 18:50:00+00:00,23.115,23.145,23.105,23.13,5433.0,49.0,23.122584
MOS,2026-08-20 18:55:00+00:00,23.13,23.135,23.09,23.09,4601.0,48.0,23.108887
MOS,2026-08-20 19:00:00+00:00,23.1,23.145,23.1,23.145,3892.0,45.0,23.120249
MOS,2026-08-20 19:05:00+00:00,23.145,23.17,23.135,23.17,4231.0,43.0,23.150294
MOS,2026-08-20 19:10:00+00:00,23.17,23.26,23.17,23.26,5884.0,60.0,23.21089
MOS,2026-08-20 19:15:00+00:00,23.26,23.305,23.21,23.21,3620.0,44.0,23.245963
MOS,2026-08-20 19:20:00+00:00,23.21,23.27,23.21,23.25,4943.0,55.0,23.249653
MOS,2026-08-20 19:25:00+00:00,23.24,23.29,23.175,23.22,20063.0,188.0,23.230895
MOS,2026-08-20 19:30:00+00:00,23.21,23.235,23.185,23.23,16369.0,117.0,23.210047
MOS,2026-08-20 19:35:00+00:00,23.235,23.295,23.225,23.295,6363.0,74.0,23.265076
MOS,2026-08-20 19:40:00+00:00,23.295,23.295,23.245,23.275,10806.0,84.0,23.26285
MOS,2026-08-20 19:45:00+00:00,23.275,23.325,23.25,23.3,57424.0,205.0,23.280438
MOS,2026-08-20 19:50:00+00:00,23.305,23.43,23.305,23.43,13247.0,169.0,23.37056
MOS,2026-08-20 19:55:00+00:00,23.43,23.44,23.3,23.355,60161.0,608.0,23.366357
MOS,2026-08-21 13:30:00+00:00,23.88,24.12,23.58,23.58,11672.0,113.0,23.821089
MOS,2026-08-21 13:35:00+00:00,23.55,23.81,23.55,23.71,15850.0,149.0,23.718552
MOS,2026-08-21 13:40:00+00:00,23.7,23.765,23.7,23.75,8440.0,81.0,23.718125
MOS,2026-08-21 13:45:00+00:00,23.73,23.79,23.68,23.78,4674.0,86.0,23.75925
MOS,2026-08-21 13:50:00+00:00,23.79,23.88,23.76,23.81,4773.0,84.0,23.792618
MOS,2026-08-21 13:55:00+00:00,23.845,23.85,23.81,23.81,4422.0,78.0,23.826001
MOS,2026-08-21 14:00:00+00:00,23.79,24.06,23.79,24.06,6136.0,104.0,23.913872
MOS,2026-08-21 14:05:00+00:00,24.1,24.1,23.95,24.0,69428.0,300.0,24.064113
MOS,2026-08-21 14:10:00+00:00,24.0,24.1,24.0,24.1,9067.0,98.0,24.065955
MOS,2026-08-21 14:15:00+00:00,24.1,24.16,24.07,24.08,5969.0,71.0,24.106392
MOS,2026-08-21 14:20:00+00:00,24.09,24.18,24.09,24.18,3304.0,45.0,24.135459
MOS,2026-08-21 14:25:00+00:00,24.185,24.2,24.15,24.165,5910.0,69.0,24.176569
MOS,2026-08-21 14:30:00+00:00,24.15,24.185,24.14,24.185,6596.0,78.0,24.159965
MOS,2026-08-21 14:35:00+00:00,24.165,24.175,24.13,24.14,3818.0,42.0,24.159836
MOS,2026-08-21 14:40:00+00:00,24.13,24.155,24.085,24.15,6846.0,89.0,24.109954
MOS,2026-08-21 14:45:00+00:00,24.15,24.175,24.14,24.165,6953.0,67.0,24.159499
MOS,2026-08-21 14:50:00+00:00,24.165,24.315,24.16,24.28,12813.0,118.0,24.238911
MOS,2026-08-21 14:55:00+00:00,24.26,24.38,24.245,24.375,6791.0,83.0,24.30534
MOS,2026-08-21 15:00:00+00:00,24.385,24.48,24.385,24.48,6146.0,67.0,24.429792
MOS,2026-08-21 15:05:00+00:00,24.46,24.47,24.4,24.41,8952.0,95.0,24.433496
MOS,2026-08-21 15:10:00+00:00,24.415,24.47,24.415,24.42,3846.0,48.0,24.445968
MOS,2026-08-21 15:15:00+00:00,24.43,24.535,24.425,24.495,4256.0,56.0,24.494615
MOS,2026-08-21 15:20:00+00:00,24.485,24.485,24.445,24.445,2571.0,24.0,24.458113
MOS,2026-08-21 15:25:00+00:00,24.44,24.455,24.425,24.425,1454.0,22.0,24.4475
MOS,2026-08-21 15:30:00+00:00,24.455,24.455,24.36,24.37,7519.0,68.0,24.397828
MOS,2026-08-21 15:35:00+00:00,24.395,24.48,24.395,24.48,3666.0,45.0,24.437099
MOS,2026-08-21 15:40:00+00:00,24.49,24.51,24.47,24.5,7703.0,65.0,24.490608
MOS,2026-08-21 15:45:00+00:00,24.49,24.62,24.48,24.615,10737.0,89.0,24.542985
MOS,2026-08-21 15:50:00+00:00,24.61,24.685,24.61,24.685,4251.0,50.0,24.657423
MOS,2026-08-21 15:55:00+00:00,24.71,24.735,24.665,24.685,2892.0,29.0,24.7025
MOS,2026-08-21 16:00:00+00:00,24.67,24.675,24.63,24.65,5683.0,51.0,24.644354
MOS,2026-08-21 16:05:00+00:00,24.655,24.655,24.635,24.645,2584.0,21.0,24.643071
MOS,2026-08-21 16:10:00+00:00,24.645,24.645,24.59,24.625,7465.0,52.0,24.607481
MOS,2026-08-21 16:15:00+00:00,24.595,24.615,24.585,24.595,2889.0,32.0,24.598661
MOS,2026-08-21 16:20:00+00:00,24.595,24.605,24.57,24.57,3948.0,45.0,24.590252
MOS,2026-08-21 16:25:00+00:00,24.585,24.62,24.585,24.615,2221.0,36.0,24.602056
MOS,2026-08-21 16:30:00+00:00,24.605,24.615,24.575,24.575,1174.0,21.0,24.599292
MOS,2026-08-21 16:35:00+00:00,24.585,24.585,24.525,24.53,4319.0,41.0,24.532175
MOS,2026-08-21 16:40:00+00:00,24.525,24.525,24.45,24.5,5717.0,51.0,24.474749
MOS,2026-08-21 16:45:00+00:00,24.505,24.555,24.505,24.555,962.0,13.0,24.52424
MOS,2026-08-21 16:50:00+00:00,24.565,24.69,24.565,24.68,13433.0,115.0,24.65136
MOS,2026-08-21 16:55:00+00:00,24.705,24.735,24.705,24.735,7048.0,81.0,24.722521
MOS,2026-08-21 17:00:00+00:00,24.735,24.76,24.685,24.685,48233.0,222.0,24.725523
MOS,2026-08-21 17:05:00+00:00,24.685,24.725,24.655,24.675,4309.0,45.0,24.682863
MOS,2026-08-21 17:10:00+00:00,24.655,24.655,24.575,24.64,6033.0,50.0,24.613763
MOS,2026-08-21 17:15:00+00:00,24.65,24.75,24.635,24.635,6138.0,61.0,24.69683
MOS,2026-08-21 17:20:00+00:00,24.635,24.635,24.495,24.495,7161.0,73.0,24.531372
MOS,2026-08-21 17:25:00+00:00,24.5,24.54,24.485,24.515,4524.0,49.0,24.511893
MOS,2026-08-21 17:30:00+00:00,24.51,24.525,24.5,24.5,4516.0,46.0,24.510062
MOS,2026-08-21 17:35:00+00:00,24.425,24.455,24.42,24.455,4620.0,48.0,24.434869
MOS,2026-08-21 17:40:00+00:00,24.465,24.475,24.44,24.445,3123.0,37.0,24.461779
MOS,2026-08-21 17:45:00+00:00,24.435,24.47,24.43,24.47,3681.0,43.0,24.445347
MOS,2026-08-21 17:50:00+00:00,24.475,24.62,24.475,24.62,7272.0,80.0,24.566477
MOS,2026-08-21 17:55:00+00:00,24.64,24.64,24.54,24.555,6353.0,87.0,24.591247
MOS,2026-08-21 18:00:00+00:00,24.51,24.515,24.385,24.395,10348.0,88.0,24.449287
MOS,2026-08-21 18:05:00+00:00,24.4,24.495,24.395,24.495,19364.0,55.0,24.424447
MOS,2026-08-21 18:10:00+00:00,24.5,24.505,24.455,24.505,5704.0,33.0,24.464593
MOS,2026-08-21 18:15:00+00:00,24.51,24.565,24.51,24.555,6760.0,81.0,24.538212
MOS,2026-08-21 18:20:00+00:00,24.58,24.605,24.535,24.545,6612.0,84.0,24.575986
MOS,2026-08-21 18:25:00+00:00,24.545,24.565,24.465,24.485,9885.0,119.0,24.513074
MOS,2026-08-21 18:30:00+00:00,24.48,24.495,24.455,24.455,8839.0,98.0,24.470788
MOS,2026-08-21 18:35:00+00:00,24.47,24.54,24.435,24.44,9123.0,99.0,24.507011
MOS,2026-08-21 18:40:00+00:00,24.45,24.49,24.45,24.49,6125.0,74.0,24.464292
MOS,2026-08-21 18:45:00+00:00,24.495,24.56,24.475,24.545,4272.0,45.0,24.514611
MOS,2026-08-21 18:50:00+00:00,24.555,24.565,24.53,24.56,5867.0,49.0,24.548963
MOS,2026-08-21 18:55:00+00:00,24.54,24.545,24.52,24.525,4719.0,58.0,24.532969
MOS,2026-08-21 19:00:00+00:00,24.535,24.565,24.53,24.53,8125.0,91.0,24.54894
MOS,2026-08-21 19:05:00+00:00,24.53,24.545,24.49,24.54,9643.0,100.0,24.52721
MOS,2026-08-21 19:10:00+00:00,24.545,24.56,24.51,24.525,6694.0,75.0,24.54017
MOS,2026-08-21 19:15:00+00:00,24.53,24.59,24.53,24.56,9326.0,94.0,24.56458
MOS,2026-08-21 19:20:00+00:00,24.56,24.62,24.56,24.62,9429.0,100.0,24.593693
MOS,2026-08-21 19:25:00+00:00,24.63,24.63,24.575,24.575,13425.0,131.0,24.601054
MOS,2026-08-21 19:30:00+00:00,24.58,24.585,24.52,24.52,12051.0,109.0,24.563499
MOS,2026-08-21 19:35:00+00:00,24.52,24.57,24.505,24.545,14528.0,134.0,24.546647
MOS,2026-08-21 19:40:00+00:00,24.55,24.595,24.505,24.595,16004.0,161.0,24.533746
MOS,2026-08-21 19:45:00+00:00,24.59,24.675,24.59,24.64,19361.0,173.0,24.637328
MOS,2026-08-21 19:50:00+00:00,24.645,24.665,24.56,24.595,37267.0,309.0,24.606918
MOS,2026-08-21 19:55:00+00:00,24.595,24.61,24.42,24.43,127210.0,1142.0,24.527086
MOS,2026-08-24 13:30:00+00:00,24.54,24.69,24.35,24.475,8669.0,79.0,24.496943
MOS,2026-08-24 13:35:00+00:00,24.51,24.53,24.3,24.485,17855.0,121.0,24.444841
MOS,2026-08-24 13:40:00+00:00,24.49,24.64,24.435,24.64,6410.0,94.0,24.534891
MOS,2026-08-24 13:45:00+00:00,24.645,24.77,24.64,24.75,7293.0,95.0,24.714232
MOS,2026-08-24 13:50:00+00:00,24.76,24.83,24.74,24.79,8046.0,118.0,24.782623
MOS,2026-08-24 13:55:00+00:00,24.79,24.88,24.77,24.88,7925.0,108.0,24.802466
MOS,2026-08-24 14:00:00+00:00,24.875,24.94,24.84,24.885,7739.0,113.0,24.891717
MOS,2026-08-24 14:05:00+00:00,24.87,25.165,24.87,25.12,16024.0,173.0,25.002867
MOS,2026-08-24 14:10:00+00:00,25.13,25.17,25.065,25.065,10106.0,98.0,25.122871
MOS,2026-08-24 14:15:00+00:00,25.07,25.145,24.985,25.04,14334.0,153.0,25.059996
MOS,2026-08-24 14:20:00+00:00,25.07,25.175,25.07,25.13,16255.0,153.0,25.13103
MOS,2026-08-24 14:25:00+00:00,25.13,25.16,24.915,24.92,17972.0,165.0,25.064055
MOS,2026-08-24 14:30:00+00:00,24.95,24.955,24.84,24.91,11487.0,111.0,24.90922
MOS,2026-08-24 14:35:00+00:00,24.92,24.97,24.92,24.92,6259.0,70.0,24.942682
MOS,2026-08-24 14:40:00+00:00,24.91,24.935,24.855,24.855,6132.0,66.0,24.898054
MOS,2026-08-24 14:45:00+00:00,24.845,24.93,24.82,24.91,11246.0,85.0,24.872461
MOS,2026-08-24 14:50:00+00:00,24.91,24.91,24.685,24.7,29814.0,218.0,24.817247
MOS,2026-08-24 14:55:00+00:00,24.685,24.725,24.645,24.675,5902.0,69.0,24.690695
MOS,2026-08-24 15:00:00+00:00,24.66,24.66,24.55,24.55,4486.0,49.0,24.614344
MOS,2026-08-24 15:05:00+00:00,24.545,24.565,24.45,24.5,10409.0,87.0,24.502303
MOS,2026-08-24 15:10:00+00:00,24.495,24.555,24.49,24.525,8026.0,83.0,24.5261
MOS,2026-08-24 15:15:00+00:00,24.515,24.515,24.45,24.46,4057.0,45.0,24.487848
MOS,2026-08-24 15:20:00+00:00,24.445,24.475,24.39,24.435,7679.0,88.0,24.433137
MOS,2026-08-24 15:25:00+00:00,24.445,24.475,24.4,24.415,6895.0,79.0,24.447441
MOS,2026-08-24 15:30:00+00:00,24.39,24.4,24.335,24.335,7128.0,102.0,24.372647
MOS,2026-08-24 15:35:00+00:00,24.305,24.305,24.25,24.25,6489.0,76.0,24.277484
MOS,2026-08-24 15:40:00+00:00,24.25,24.3,24.19,24.21,7374.0,72.0,24.24556
MOS,2026-08-24 15:45:00+00:00,24.21,24.22,24.12,24.125,5770.0,66.0,24.16971
MOS,2026-08-24 15:50:00+00:00,24.115,24.135,23.95,23.98,5853.0,63.0,24.05434
MOS,2026-08-24 15:55:00+00:00,24.0,24.02,23.95,23.965,7138.0,67.0,23.989111
MOS,2026-08-24 16:00:00+00:00,23.97,24.01,23.96,23.985,8380.0,82.0,23.978527
MOS,2026-08-24 16:05:00+00:00,23.98,23.985,23.91,23.91,7779.0,79.0,23.938228
MOS,2026-08-24 16:10:00+00:00,23.965,23.985,23.91,23.925,2792.0,23.0,23.944287
MOS,2026-08-24 16:15:00+00:00,23.91,23.95,23.91,23.95,2759.0,27.0,23.938743
MOS,2026-08-24 16:20:00+00:00,23.97,23.995,23.915,23.915,5335.0,60.0,23.960748
MOS,2026-08-24 16:25:00+00:00,23.925,23.965,23.925,23.95,3096.0,41.0,23.938255
MOS,2026-08-24 16:30:00+00:00,23.955,23.965,23.88,23.885,4598.0,57.0,23.933271
MOS,2026-08-24 16:35:00+00:00,23.875,23.875,23.78,23.78,4556.0,56.0,23.837296
MOS,2026-08-24 16:40:00+00:00,23.795,23.81,23.725,23.725,6798.0,72.0,23.74732
MOS,2026-08-24 16:45:00+00:00,23.725,23.76,23.595,23.635,15023.0,147.0,23.684672
MOS,2026-08-24 16:50:00+00:00,23.645,23.725,23.645,23.725,7540.0,68.0,23.695204
MOS,2026-08-24 16:55:00+00:00,23.735,23.775,23.73,23.75,5342.0,78.0,23.753718
MOS,2026-08-24 17:00:00+00:00,23.735,23.735,23.68,23.69,3955.0,51.0,23.698884
MOS,2026-08-24 17:05:00+00:00,23.705,23.76,23.68,23.68,4723.0,64.0,23.729428
MOS,2026-08-24 17:10:00+00:00,23.705,23.78,23.68,23.74,5078.0,55.0,23.732476
MOS,2026-08-24 17:15:00+00:00,23.73,23.785,23.7,23.78,8058.0,66.0,23.715732
MOS,2026-08-24 17:20:00+00:00,23.785,23.785,23.725,23.76,3746.0,41.0,23.753462
MOS,2026-08-24 17:25:00+00:00,23.75,23.845,23.745,23.785,2974.0,47.0,23.7834
MOS,2026-08-24 17:30:00+00:00,23.79,23.84,23.79,23.81,3151.0,54.0,23.821875
MOS,2026-08-24 17:35:00+00:00,23.83,23.855,23.785,23.8,3653.0,38.0,23.818377
MOS,2026-08-24 17:40:00+00:00,23.8,23.82,23.76,23.76,2953.0,42.0,23.79625
MOS,2026-08-24 17:45:00+00:00,23.755,23.825,23.755,23.82,2167.0,29.0,23.796579
MOS,2026-08-24 17:50:00+00:00,23.83,23.89,23.815,23.82,4558.0,47.0,23.851766
MOS,2026-08-24 17:55:00+00:00,23.815,23.88,23.815,23.88,2439.0,34.0,23.849776
MOS,2026-08-24 18:00:00+00:00,23.88,23.89,23.845,23.865,2274.0,44.0,23.860873
MOS,2026-08-24 18:05:00+00:00,23.88,23.89,23.85,23.85,4261.0,49.0,23.861382
MOS,2026-08-24 18:10:00+00:00,23.855,23.865,23.805,23.81,3533.0,58.0,23.836242
MOS,2026-08-24 18:15:00+00:00,23.835,23.85,23.82,23.85,2177.0,25.0,23.836616
MOS,2026-08-24 18:20:00+00:00,23.86,23.91,23.83,23.88,4427.0,41.0,23.88008
MOS,2026-08-24 18:25:00+00:00,23.885,23.925,23.87,23.915,3709.0,45.0,23.896022
MOS,2026-08-24 18:30:00+00:00,23.91,23.935,23.895,23.925,6401.0,55.0,23.915932
MOS,2026-08-24 18:35:00+00:00,23.92,24.01,23.905,23.93,5409.0,48.0,23.957407
MOS,2026-08-24 18:40:00+00:00,23.925,23.935,23.86,23.86,7251.0,54.0,23.919243
MOS,2026-08-24 18:45:00+00:00,23.875,23.875,23.85,23.865,2777.0,33.0,23.863643
MOS,2026-08-24 18:50:00+00:00,23.87,23.88,23.845,23.855,3484.0,46.0,23.861647
MOS,2026-08-24 18:55:00+00:00,23.855,23.855,23.815,23.815,3198.0,45.0,23.834221
MOS,2026-08-24 19:00:00+00:00,23.815,23.825,23.79,23.805,3623.0,64.0,23.808873
MOS,2026-08-24 19:05:00+00:00,23.81,23.885,23.81,23.87,3448.0,39.0,23.856808
MOS,2026-08-24 19:10:00+00:00,23.875,23.88,23.845,23.845,2944.0,34.0,23.865724
MOS,2026-08-24 19:15:00+00:00,23.855,23.915,23.855,23.9,8229.0,82.0,23.889276
MOS,2026-08-24 19:20:00+00:00,23.9,23.91,23.865,23.88,6115.0,64.0,23.900936
MOS,2026-08-24 19:25:00+00:00,23.88,23.93,23.87,23.87,4807.0,63.0,23.89084
MOS,2026-08-24 19:30:00+00:00,23.87,23.945,23.85,23.93,8602.0,93.0,23.896656
MOS,2026-08-24 19:35:00+00:00,23.92,23.955,23.91,23.92,6039.0,82.0,23.927935
MOS,2026-08-24 19:40:00+00:00,23.915,23.96,23.91,23.945,7546.0,97.0,23.93234
MOS,2026-08-24 19:45:00+00:00,23.945,23.95,23.89,23.945,11245.0,130.0,23.915609
MOS,2026-08-24 19:50:00+00:00,23.97,24.01,23.945,23.945,16039.0,191.0,23.979451
MOS,2026-08-24 19:55:00+00:00,23.95,24.045,23.95,24.0,46582.0,548.0,24.011269
MOS,2026-08-25 13:30:00+00:00,23.91,23.91,23.735,23.775,6895.0,75.0,23.803648
MOS,2026-08-25 13:35:00+00:00,23.765,23.895,23.73,23.8,7572.0,83.0,23.768876
MOS,2026-08-25 13:40:00+00:00,23.77,24.0,23.73,24.0,59135.0,193.0,23.786882
MOS,2026-08-25 13:45:00+00:00,24.025,24.165,23.98,24.11,16759.0,195.0,24.102283
MOS,2026-08-25 13:50:00+00:00,24.1,24.1,23.94,23.97,11923.0,134.0,24.00812
MOS,2026-08-25 13:55:00+00:00,23.95,23.965,23.88,23.935,13968.0,86.0,23.921336
MOS,2026-08-25 14:00:00+00:00,23.955,24.01,23.915,24.0,16957.0,87.0,23.956848
MOS,2026-08-25 14:05:00+00:00,24.02,24.085,24.0,24.02,7042.0,82.0,24.048148
MOS,2026-08-25 14:10:00+00:00,24.02,24.02,23.875,23.885,22410.0,78.0,23.946516
MOS,2026-08-25 14:15:00+00:00,23.885,23.905,23.77,23.77,11542.0,72.0,23.851587
MOS,2026-08-25 14:20:00+00:00,23.78,23.91,23.78,23.835,16698.0,126.0,23.879599
MOS,2026-08-25 14:25:00+00:00,23.825,23.84,23.76,23.825,5911.0,75.0,23.813023
MOS,2026-08-25 14:30:00+00:00,23.8,23.89,23.76,23.86,6383.0,95.0,23.826721
MOS,2026-08-25 14:35:00+00:00,23.82,23.875,23.795,23.845,4883.0,68.0,23.842026
MOS,2026-08-25 14:40:00+00:00,23.835,23.865,23.755,23.755,5185.0,51.0,23.834662
MOS,2026-08-25 14:45:00+00:00,23.75,23.785,23.745,23.785,3212.0,36.0,23.762192
MOS,2026-08-25 14:50:00+00:00,23.815,23.815,23.76,23.765,3431.0,40.0,23.776001
MOS,2026-08-25 14:55:00+00:00,23.78,23.84,23.74,23.84,14635.0,141.0,23.770842
MOS,2026-08-25 15:00:00+00:00,23.845,23.91,23.825,23.835,3730.0,46.0,23.850595
MOS,2026-08-25 15:05:00+00:00,23.81,23.81,23.745,23.745,2483.0,27.0,23.775333
MOS,2026-08-25 15:10:00+00:00,23.755,23.775,23.66,23.665,4426.0,44.0,23.720575
MOS,2026-08-25 15:15:00+00:00,23.7,23.78,23.7,23.745,9422.0,83.0,23.743224
MOS,2026-08-25 15:20:00+00:00,23.745,23.775,23.735,23.76,1629.0,21.0,23.759717
MOS,2026-08-25 15:25:00+00:00,23.775,23.8,23.755,23.8,1922.0,24.0,23.785333
MOS,2026-08-25 15:30:00+00:00,23.8,23.93,23.755,23.88,15548.0,128.0,23.816066
MOS,2026-08-25 15:35:00+00:00,23.895,23.935,23.895,23.915,2887.0,38.0,23.913349
MOS,2026-08-25 15:40:00+00:00,23.915,23.955,23.895,23.895,3873.0,44.0,23.921692
MOS,2026-08-25 15:45:00+00:00,23.895,24.005,23.895,23.98,5829.0,80.0,23.969741
MOS,2026-08-25 15:50:00+00:00,23.99,24.015,23.975,23.99,3008.0,36.0,23.992246
MOS,2026-08-25 15:55:00+00:00,24.025,24.07,24.025,24.065,2989.0,41.0,24.04586
MOS,2026-08-25 16:00:00+00:00,24.055,24.12,24.055,24.11,5974.0,62.0,24.094828
MOS,2026-08-25 16:05:00+00:00,24.105,24.13,24.1,24.12,1551.0,21.0,24.115909
MOS,2026-08-25 16:10:00+00:00,24.15,24.15,24.075,24.075,3285.0,34.0,24.106698
MOS,2026-08-25 16:15:00+00:00,24.08,24.15,24.065,24.14,3325.0,47.0,24.103571
MOS,2026-08-25 16:20:00+00:00,24.13,24.145,24.115,24.14,4384.0,43.0,24.129822
MOS,2026-08-25 16:25:00+00:00,24.125,24.145,24.1,24.135,25220.0,149.0,24.11018
MOS,2026-08-25 16:30:00+00:00,24.16,24.205,24.16,24.205,2196.0,30.0,24.180278
MOS,2026-08-25 16:35:00+00:00,24.2,24.23,24.08,24.08,5685.0,58.0,24.160341
MOS,2026-08-25 16:40:00+00:00,24.08,24.09,24.06,24.075,5590.0,51.0,24.069332
MOS,2026-08-25 16:45:00+00:00,24.1,24.12,24.07,24.11,10042.0,96.0,24.086462
MOS,2026-08-25 16:50:00+00:00,24.095,24.1,24.075,24.075,1210.0,14.0,24.092667
MOS,2026-08-25 16:55:00+00:00,24.065,24.075,24.05,24.075,2052.0,27.0,24.068714
MOS,2026-08-25 17:00:00+00:00,24.075,24.075,24.06,24.06,457.0,9.0,24.067335
MOS,2026-08-25 17:05:00+00:00,24.065,24.065,24.055,24.055,420.0,8.0,24.062333
MOS,2026-08-25 17:10:00+00:00,24.055,24.06,24.055,24.06,1104.0,16.0,24.057
MOS,2026-08-25 17:15:00+00:00,24.065,24.08,24.065,24.08,765.0,10.0,24.070291
MOS,2026-08-25 17:20:00+00:00,24.12,24.24,24.12,24.21,14104.0,129.0,24.189929
MOS,2026-08-25 17:25:00+00:00,24.195,24.225,24.195,24.225,1169.0,17.0,24.21
MOS,2026-08-25 17:30:00+00:00,24.235,24.285,24.235,24.28,3430.0,58.0,24.265192
MOS,2026-08-25 17:35:00+00:00,24.27,24.275,24.21,24.215,1914.0,29.0,24.238189
MOS,2026-08-25 17:40:00+00:00,24.23,24.35,24.23,24.35,4196.0,45.0,24.305638
MOS,2026-08-25 17:45:00+00:00,24.315,24.33,24.26,24.26,3216.0,35.0,24.308303
MOS,2026-08-25 17:50:00+00:00,24.255,24.285,24.255,24.265,2567.0,27.0,24.271129
MOS,2026-08-25 17:55:00+00:00,24.265,24.28,24.265,24.28,2216.0,30.0,24.272926
MOS,2026-08-25 18:00:00+00:00,24.27,24.37,24.27,24.37,2039.0,28.0,24.315833
MOS,2026-08-25 18:05:00+00:00,24.325,24.39,24.32,24.39,1331.0,24.0,24.342561
MOS,2026-08-25 18:10:00+00:00,24.395,24.4,24.355,24.36,2617.0,27.0,24.371712
MOS,2026-08-25 18:15:00+00:00,24.355,24.355,24.325,24.325,2229.0,26.0,24.345
MOS,2026-08-25 18:20:00+00:00,24.295,24.325,24.295,24.325,1761.0,19.0,24.311721
MOS,2026-08-25 18:25:00+00:00,24.33,24.33,24.315,24.33,1615.0,20.0,24.324286
MOS,2026-08-25 18:30:00+00:00,24.34,24.345,24.315,24.315,3738.0,42.0,24.330156
MOS,2026-08-25 18:35:00+00:00,24.315,24.315,24.255,24.255,2233.0,32.0,24.279737
MOS,2026-08-25 18:40:00+00:00,24.255,24.27,24.23,24.25,6136.0,65.0,24.252182
MOS,2026-08-25 18:45:00+00:00,24.255,24.295,24.22,24.29,7426.0,69.0,24.260264
MOS,2026-08-25 18:50:00+00:00,24.29,24.3,24.24,24.265,4676.0,49.0,24.269462
MOS,2026-08-25 18:55:00+00:00,24.255,24.275,24.245,24.275,3333.0,33.0,24.266322
MOS,2026-08-25 19:00:00+00:00,24.265,24.27,24.225,24.225,2612.0,29.0,24.251511
MOS,2026-08-25 19:05:00+00:00,24.23,24.245,24.21,24.24,4245.0,26.0,24.226606
MOS,2026-08-25 19:10:00+00:00,24.23,24.235,24.215,24.235,3375.0,34.0,24.22812
MOS,2026-08-25 19:15:00+00:00,24.235,24.235,24.21,24.21,2853.0,29.0,24.216667
MOS,2026-08-25 19:20:00+00:00,24.22,24.225,24.195,24.225,4519.0,53.0,24.209379
MOS,2026-08-25 19:25:00+00:00,24.225,24.245,24.19,24.19,6407.0,69.0,24.22595
MOS,2026-08-25 19:30:00+00:00,24.18,24.2,24.145,24.145,5187.0,56.0,24.165
MOS,2026-08-25 19:35:00+00:00,24.145,24.15,24.12,24.145,4765.0,61.0,24.138255
MOS,2026-08-25 19:40:00+00:00,24.15,24.16,24.13,24.145,11323.0,98.0,24.141689
MOS,2026-08-25 19:45:00+00:00,24.15,24.185,24.12,24.185,12605.0,127.0,24.153703
MOS,2026-08-25 19:50:00+00:00,24.175,24.18,24.155,24.165,22026.0,203.0,24.164406
MOS,2026-08-25 19:55:00+00:00,24.175,24.315,24.175,24.265,45628.0,519.0,24.266003
MOS,2026-08-26 13:30:00+00:00,24.845,25.08,24.695,24.695,7005.0,94.0,24.828326
MOS,2026-08-26 13:35:00+00:00,24.6,24.865,24.58,24.84,6085.0,107.0,24.700059
MOS,2026-08-26 13:40:00+00:00,24.81,24.955,24.81,24.88,7108.0,112.0,24.905974
MOS,2026-08-26 13:45:00+00:00,24.86,25.17,24.85,25.085,11862.0,173.0,25.023765
MOS,2026-08-26 13:50:00+00:00,25.085,25.18,25.08,25.15,12539.0,181.0,25.151608
MOS,2026-08-26 13:55:00+00:00,25.135,25.18,25.02,25.05,5828.0,123.0,25.095507
MOS,2026-08-26 14:00:00+00:00,25.08,25.18,25.08,25.11,4445.0,86.0,25.1482
MOS,2026-08-26 14:05:00+00:00,25.11,25.2,25.11,25.11,19718.0,232.0,25.1764
MOS,2026-08-26 14:10:00+00:00,25.115,25.12,25.02,25.03,9610.0,139.0,25.060796
MOS,2026-08-26 14:15:00+00:00,25.02,25.02,24.86,24.86,8718.0,148.0,24.933389
MOS,2026-08-26 14:20:00+00:00,24.82,24.99,24.78,24.78,11904.0,180.0,24.879816
MOS,2026-08-26 14:25:00+00:00,24.765,24.78,24.69,24.74,2956.0,58.0,24.743339
MOS,2026-08-26 14:30:00+00:00,24.75,24.8,24.75,24.775,3715.0,66.0,24.779627
MOS,2026-08-26 14:35:00+00:00,24.785,24.825,24.73,24.73,7290.0,91.0,24.788652
MOS,2026-08-26 14:40:00+00:00,24.73,24.73,24.65,24.66,3595.0,60.0,24.702669
MOS,2026-08-26 14:45:00+00:00,24.65,24.65,24.52,24.52,3264.0,50.0,24.594092
MOS,2026-08-26 14:50:00+00:00,24.535,24.545,24.495,24.52,3646.0,85.0,24.521667
MOS,2026-08-26 14:55:00+00:00,24.525,24.57,24.52,24.53,5891.0,115.0,24.534634
MOS,2026-08-26 15:00:00+00:00,24.515,24.515,24.375,24.405,5918.0,125.0,24.443265
MOS,2026-08-26 15:05:00+00:00,24.395,24.515,24.395,24.48,11021.0,181.0,24.451512
MOS,2026-08-26 15:10:00+00:00,24.49,24.5,24.42,24.435,5821.0,83.0,24.45194
MOS,2026-08-26 15:15:00+00:00,24.425,24.425,24.34,24.37,5962.0,107.0,24.369015
MOS,2026-08-26 15:20:00+00:00,24.395,24.395,24.355,24.38,2283.0,38.0,24.37737
MOS,2026-08-26 15:25:00+00:00,24.39,24.39,24.28,24.31,3272.0,60.0,24.335435
MOS,2026-08-26 15:30:00+00:00,24.315,24.33,24.275,24.285,4049.0,68.0,24.308429
MOS,2026-08-26 15:35:00+00:00,24.27,24.28,24.23,24.23,3593.0,44.0,24.2635
MOS,2026-08-26 15:40:00+00:00,24.2,24.23,24.18,24.21,2651.0,35.0,24.209396
MOS,2026-08-26 15:45:00+00:00,24.21,24.21,24.165,24.165,842.0,14.0,24.18
MOS,2026-08-26 15:50:00+00:00,24.155,24.42,24.155,24.325,11908.0,165.0,24.308061
MOS,2026-08-26 15:55:00+00:00,24.31,24.47,24.28,24.415,5872.0,81.0,24.37953
MOS,2026-08-26 16:00:00+00:00,24.445,24.47,24.34,24.36,7181.0,102.0,24.412322
MOS,2026-08-26 16:05:00+00:00,24.365,24.4,24.325,24.345,4255.0,47.0,24.364521
MOS,2026-08-26 16:10:00+00:00,24.345,24.375,24.29,24.305,3639.0,45.0,24.32184
MOS,2026-08-26 16:15:00+00:00,24.32,24.405,24.305,24.39,2762.0,41.0,24.338542
MOS,2026-08-26 16:20:00+00:00,24.405,24.505,24.375,24.5,6339.0,91.0,24.427897
MOS,2026-08-26 16:25:00+00:00,24.49,24.49,24.385,24.43,4312.0,72.0,24.419286
MOS,2026-08-26 16:30:00+00:00,24.43,24.515,24.425,24.51,5545.0,78.0,24.468854
MOS,2026-08-26 16:35:00+00:00,24.515,24.61,24.47,24.475,16702.0,182.0,24.549197
MOS,2026-08-26 16:40:00+00:00,24.455,24.455,24.425,24.43,859.0,17.0,24.4375
MOS,2026-08-26 16:45:00+00:00,24.46,24.51,24.46,24.465,2706.0,57.0,24.48
MOS,2026-08-26 16:50:00+00:00,24.48,24.5,24.47,24.475,3738.0,45.0,24.481904
MOS,2026-08-26 16:55:00+00:00,24.465,24.485,24.465,24.485,2211.0,41.0,24.470616
MOS,2026-08-26 17:00:00+00:00,24.475,24.505,24.385,24.385,4517.0,70.0,24.457519
MOS,2026-08-26 17:05:00+00:00,24.385,24.415,24.385,24.405,2409.0,32.0,24.402241
MOS,2026-08-26 17:10:00+00:00,24.405,24.425,24.405,24.415,3252.0,48.0,24.412836
MOS,2026-08-26 17:15:00+00:00,24.425,24.455,24.425,24.45,2243.0,34.0,24.443889
MOS,2026-08-26 17:20:00+00:00,24.455,24.465,24.425,24.425,2467.0,39.0,24.452928
MOS,2026-08-26 17:25:00+00:00,24.41,24.435,24.41,24.425,1930.0,31.0,24.42375
MOS,2026-08-26 17:30:00+00:00,24.435,24.45,24.415,24.425,2625.0,44.0,24.434159
MOS,2026-08-26 17:35:00+00:00,24.415,24.425,24.375,24.375,2100.0,27.0,24.400132
MOS,2026-08-26 17:40:00+00:00,24.375,24.375,24.365,24.375,1966.0,37.0,24.372647
MOS,2026-08-26 17:45:00+00:00,24.375,24.455,24.375,24.455,2018.0,33.0,24.412333
MOS,2026-08-26 17:50:00+00:00,24.445,24.465,24.425,24.465,2163.0,38.0,24.449474
MOS,2026-08-26 17:55:00+00:00,24.455,24.465,24.425,24.425,1986.0,41.0,24.442879
MOS,2026-08-26 18:00:00+00:00,24.435,24.465,24.415,24.455,2797.0,44.0,24.439024
MOS,2026-08-26 18:05:00+00:00,24.455,24.455,24.39,24.39,2654.0,42.0,24.4175
MOS,2026-08-26 18:10:00+00:00,24.385,24.415,24.385,24.385,2397.0,29.0,24.396605
MOS,2026-08-26 18:15:00+00:00,24.38,24.41,24.375,24.405,3274.0,32.0,24.3885
MOS,2026-08-26 18:20:00+00:00,24.405,24.44,24.405,24.425,916.0,17.0,24.423333
MOS,2026-08-26 18:25:00+00:00,24.42,24.47,24.41,24.465,2926.0,44.0,24.4332
MOS,2026-08-26 18:30:00+00:00,24.455,24.455,24.395,24.44,3030.0,40.0,24.422593
MOS,2026-08-26 18:35:00+00:00,24.435,24.53,24.435,24.495,5415.0,62.0,24.494143
MOS,2026-08-26 18:40:00+00:00,24.485,24.525,24.485,24.51,2016.0,26.0,24.503235
MOS,2026-08-26 18:45:00+00:00,24.515,24.52,24.49,24.5,1285.0,14.0,24.507874
MOS,2026-08-26 18:50:00+00:00,24.51,24.61,24.49,24.525,15581.0,106.0,24.542492
MOS,2026-08-26 18:55:00+00:00,24.5,24.54,24.365,24.365,4724.0,50.0,24.475679
MOS,2026-08-26 19:00:00+00:00,24.355,24.38,24.35,24.35,5117.0,48.0,24.365137
MOS,2026-08-26 19:05:00+00:00,24.335,24.335,24.31,24.315,1399.0,20.0,24.325385
MOS,2026-08-26 19:10:00+00:00,24.31,24.32,24.3,24.305,3817.0,48.0,24.311652
MOS,2026-08-26 19:15:00+00:00,24.295,24.38,24.285,24.35,9562.0,91.0,24.331141
MOS,2026-08-26 19:20:00+00:00,24.34,24.34,24.24,24.255,7234.0,68.0,24.267174
MOS,2026-08-26 19:25:00+00:00,24.245,24.3,24.23,24.275,8009.0,91.0,24.261066
MOS,2026-08-26 19:30:00+00:00,24.28,24.31,24.26,24.27,6601.0,72.0,24.289221
MOS,2026-08-26 19:35:00+00:00,24.27,24.31,24.27,24.31,8887.0,107.0,24.279596
MOS,2026-08-26 19:40:00+00:00,24.345,24.375,24.265,24.3,18452.0,131.0,24.304995
MOS,2026-08-26 19:45:00+00:00,24.305,24.365,24.305,24.31,9075.0,99.0,24.333778
MOS,2026-08-26 19:50:00+00:00,24.25,24.275,24.19,24.2,11892.0,129.0,24.242335
MOS,2026-08-26 19:55:00+00:00,24.205,24.23,24.15,24.16,56429.0,595.0,24.185167
MOS,2026-08-27 13:30:00+00:00,23.93,23.93,23.5,23.5,3704.0,52.0,23.71536
MOS,2026-08-27 13:35:00+00:00,23.335,23.54,23.335,23.445,9730.0,114.0,23.508263
MOS,2026-08-27 13:40:00+00:00,23.47,23.515,23.44,23.49,28553.0,116.0,23.508391
MOS,2026-08-27 13:45:00+00:00,23.505,23.59,23.48,23.59,3877.0,49.0,23.554602
MOS,2026-08-27 13:50:00+00:00,23.6,23.64,23.405,23.405,6339.0,87.0,23.552467
MOS,2026-08-27 13:55:00+00:00,23.405,23.51,23.405,23.47,6319.0,69.0,23.455307
MOS,2026-08-27 14:00:00+00:00,23.45,23.48,23.39,23.46,3545.0,57.0,23.433032
MOS,2026-08-27 14:05:00+00:00,23.45,23.495,23.4,23.495,4817.0,62.0,23.430361
MOS,2026-08-27 14:10:00+00:00,23.51,23.515,23.41,23.42,7329.0,65.0,23.453327
MOS,2026-08-27 14:15:00+00:00,23.43,23.605,23.43,23.595,8098.0,118.0,23.504871
MOS,2026-08-27 14:20:00+00:00,23.615,23.63,23.54,23.545,2779.0,40.0,23.572174
MOS,2026-08-27 14:25:00+00:00,23.535,23.535,23.455,23.46,3716.0,64.0,23.474313
MOS,2026-08-27 14:30:00+00:00,23.48,23.485,23.455,23.485,4922.0,72.0,23.464869
MOS,2026-08-27 14:35:00+00:00,23.5,23.615,23.49,23.59,9800.0,117.0,23.56941
MOS,2026-08-27 14:40:00+00:00,23.63,23.64,23.55,23.575,6388.0,88.0,23.596262
MOS,2026-08-27 14:45:00+00:00,23.56,23.61,23.55,23.57,5512.0,67.0,23.568096
MOS,2026-08-27 14:50:00+00:00,23.56,23.56,23.485,23.52,4720.0,79.0,23.539028
MOS,2026-08-27 14:55:00+00:00,23.52,23.52,23.43,23.45,4201.0,60.0,23.471161
MOS,2026-08-27 15:00:00+00:00,23.465,23.485,23.43,23.43,2115.0,40.0,23.467462
MOS,2026-08-27 15:05:00+00:00,23.43,23.46,23.43,23.46,2385.0,50.0,23.443684
MOS,2026-08-27 15:10:00+00:00,23.48,23.5,23.46,23.5,2634.0,48.0,23.482824
MOS,2026-08-27 15:15:00+00:00,23.52,23.56,23.51,23.51,2221.0,34.0,23.521316
MOS,2026-08-27 15:20:00+00:00,23.49,23.515,23.48,23.49,3033.0,45.0,23.503441
MOS,2026-08-27 15:25:00+00:00,23.48,23.53,23.46,23.53,5974.0,89.0,23.491418
MOS,2026-08-27 15:30:00+00:00,23.51,23.565,23.51,23.565,3021.0,50.0,23.539375
MOS,2026-08-27 15:35:00+00:00,23.56,23.58,23.56,23.58,2121.0,39.0,23.568611
MOS,2026-08-27 15:40:00+00:00,23.6,23.6,23.58,23.6,2978.0,50.0,23.593497
MOS,2026-08-27 15:45:00+00:00,23.6,23.615,23.56,23.57,2452.0,42.0,23.592027
MOS,2026-08-27 15:50:00+00:00,23.56,23.59,23.555,23.565,3232.0,43.0,23.566979
MOS,2026-08-27 15:55:00+00:00,23.565,23.565,23.55,23.55,2300.0,34.0,23.557105
MOS,2026-08-27 16:00:00+00:00,23.58,23.585,23.52,23.52,1858.0,24.0,23.552742
MOS,2026-08-27 16:05:00+00:00,23.51,23.51,23.465,23.475,832.0,16.0,23.477143
MOS,2026-08-27 16:10:00+00:00,23.47,23.475,23.46,23.475,1282.0,32.0,23.468333
MOS,2026-08-27 16:15:00+00:00,23.45,23.485,23.45,23.47,1435.0,27.0,23.467308
MOS,2026-08-27 16:20:00+00:00,23.455,23.475,23.455,23.475,2037.0,43.0,23.466563
MOS,2026-08-27 16:25:00+00:00,23.455,23.46,23.415,23.43,3050.0,55.0,23.428128
MOS,2026-08-27 16:30:00+00:00,23.43,23.435,23.41,23.42,2274.0,36.0,23.42463
MOS,2026-08-27 16:35:00+00:00,23.44,23.455,23.41,23.455,4171.0,40.0,23.429189
MOS,2026-08-27 16:40:00+00:00,23.505,23.53,23.5,23.505,2191.0,43.0,23.51073
MOS,2026-08-27 16:45:00+00:00,23.49,23.545,23.49,23.54,3138.0,57.0,23.52413
MOS,2026-08-27 16:50:00+00:00,23.565,23.57,23.55,23.55,716.0,27.0,23.561667
MOS,2026-08-27 16:55:00+00:00,23.54,23.55,23.505,23.52,2993.0,56.0,23.52846
MOS,2026-08-27 17:00:00+00:00,23.53,23.565,23.53,23.53,3086.0,55.0,23.540984
MOS,2026-08-27 17:05:00+00:00,23.52,23.535,23.515,23.535,1019.0,30.0,23.521687
MOS,2026-08-27 17:10:00+00:00,23.53,23.55,23.53,23.55,1575.0,51.0,23.54
MOS,2026-08-27 17:15:00+00:00,23.55,23.56,23.54,23.555,2329.0,56.0,23.551875
MOS,2026-08-27 17:20:00+00:00,23.55,23.55,23.515,23.52,1941.0,38.0,23.532143
MOS,2026-08-27 17:25:00+00:00,23.51,23.585,23.505,23.58,2474.0,39.0,23.555124
MOS,2026-08-27 17:30:00+00:00,23.59,23.595,23.58,23.595,1711.0,43.0,23.585889
MOS,2026-08-27 17:35:00+00:00,23.585,23.615,23.58,23.615,3069.0,47.0,23.593889
MOS,2026-08-27 17:40:00+00:00,23.615,23.66,23.615,23.635,1746.0,44.0,23.63
MOS,2026-08-27 17:45:00+00:00,23.635,23.65,23.635,23.65,1706.0,33.0,23.6425
MOS,2026-08-27 17:50:00+00:00,23.65,23.695,23.65,23.695,2658.0,47.0,23.672439
MOS,2026-08-27 17:55:00+00:00,23.695,23.705,23.67,23.67,3669.0,50.0,23.687385
MOS,2026-08-27 18:00:00+00:00,23.66,23.665,23.61,23.62,2635.0,51.0,23.632552
MOS,2026-08-27 18:05:00+00:00,23.61,23.675,23.61,23.67,2654.0,56.0,23.650898
MOS,2026-08-27 18:10:00+00:00,23.66,23.685,23.66,23.68,3020.0,61.0,23.675476
MOS,2026-08-27 18:15:00+00:00,23.67,23.725,23.655,23.72,2667.0,59.0,23.695889
MOS,2026-08-27 18:20:00+00:00,23.73,23.74,23.705,23.71,2877.0,55.0,23.723294
MOS,2026-08-27 18:25:00+00:00,23.7,23.7,23.685,23.695,2347.0,50.0,23.692941
MOS,2026-08-27 18:30:00+00:00,23.675,23.675,23.66,23.665,2553.0,46.0,23.66875
MOS,2026-08-27 18:35:00+00:00,23.66,23.75,23.65,23.725,20947.0,169.0,23.727724
MOS,2026-08-27 18:40:00+00:00,23.73,23.735,23.71,23.725,12338.0,101.0,23.725659
MOS,2026-08-27 18:45:00+00:00,23.745,23.765,23.745,23.765,4602.0,39.0,23.746282
MOS,2026-08-27 18:50:00+00:00,23.755,23.77,23.755,23.76,3263.0,39.0,23.762165
MOS,2026-08-27 18:55:00+00:00,23.755,23.785,23.745,23.745,15720.0,100.0,23.766663
MOS,2026-08-27 19:00:00+00:00,23.74,23.795,23.735,23.79,1380.0,23.0,23.7675
MOS,2026-08-27 19:05:00+00:00,23.795,23.815,23.79,23.81,2896.0,47.0,23.806522
MOS,2026-08-27 19:10:00+00:00,23.835,23.835,23.79,23.79,4475.0,56.0,23.820476
MOS,2026-08-27 19:15:00+00:00,23.79,23.79,23.745,23.79,7040.0,80.0,23.759477
MOS,2026-08-27 19:20:00+00:00,23.775,23.785,23.75,23.755,16288.0,87.0,23.767679
MOS,2026-08-27 19:25:00+00:00,23.75,23.84,23.75,23.8,4411.0,54.0,23.818875
MOS,2026-08-27 19:30:00+00:00,23.8,23.815,23.745,23.75,9926.0,87.0,23.783276
MOS,2026-08-27 19:35:00+00:00,23.75,23.765,23.73,23.765,6986.0,64.0,23.755857
MOS,2026-08-27 19:40:00+00:00,23.77,23.83,23.77,23.83,5645.0,60.0,23.784468
MOS,2026-08-27 19:45:00+00:00,23.83,23.91,23.83,23.895,9447.0,102.0,23.857901
MOS,2026-08-27 19:50:00+00:00,23.89,23.94,23.86,23.875,8822.0,109.0,23.891096
MOS,2026-08-27 19:55:00+00:00,23.875,23.875,23.74,23.77,34431.0,421.0,23.792289
MOS,2026-08-28 13:30:00+00:00,24.015,24.26,23.995,24.24,6595.0,73.0,24.151216
MOS,2026-08-28 13:35:00+00:00,24.165,24.165,23.95,23.97,23295.0,141.0,24.021124
MOS,2026-08-28 13:40:00+00:00,23.97,24.08,23.93,24.04,45142.0,203.0,23.998034
MOS,2026-08-28 13:45:00+00:00,24.015,24.105,23.98,24.05,13057.0,113.0,24.055693
MOS,2026-08-28 13:50:00+00:00,24.04,24.13,24.03,24.11,24127.0,128.0,24.077642
MOS,2026-08-28 13:55:00+00:00,24.07,24.09,24.015,24.015,2301.0,36.0,24.063954
MOS,2026-08-28 14:00:00+00:00,23.95,24.02,23.83,23.835,2222.0,31.0,23.951233
MOS,2026-08-28 14:05:00+00:00,23.86,23.86,23.56,23.58,6287.0,82.0,23.656802
MOS,2026-08-28 14:10:00+00:00,23.59,23.59,23.49,23.49,3720.0,42.0,23.519308
MOS,2026-08-28 14:15:00+00:00,23.48,23.575,23.48,23.55,3551.0,37.0,23.515534
MOS,2026-08-28 14:20:00+00:00,23.535,23.545,23.48,23.51,2877.0,40.0,23.522
MOS,2026-08-28 14:25:00+00:00,23.52,23.52,23.355,23.425,8133.0,77.0,23.423468
MOS,2026-08-28 14:30:00+00:00,23.38,23.505,23.38,23.4,9160.0,108.0,23.438093
MOS,2026-08-28 14:35:00+00:00,23.41,23.53,23.395,23.53,14112.0,119.0,23.46347
MOS,2026-08-28 14:40:00+00:00,23.525,23.56,23.485,23.505,69140.0,301.0,23.532266
MOS,2026-08-28 14:45:00+00:00,23.505,23.56,23.465,23.55,10407.0,91.0,23.506445
MOS,2026-08-28 14:50:00+00:00,23.54,23.6,23.525,23.56,7592.0,79.0,23.552098
MOS,2026-08-28 14:55:00+00:00,23.57,23.62,23.55,23.57,2696.0,39.0,23.58675
MOS,2026-08-28 15:00:00+00:00,23.56,23.57,23.54,23.55,3817.0,42.0,23.5536
MOS,2026-08-28 15:05:00+00:00,23.58,23.58,23.56,23.57,1209.0,25.0,23.570714
MOS,2026-08-28 15:10:00+00:00,23.585,23.61,23.57,23.59,1532.0,32.0,23.590555
MOS,2026-08-28 15:15:00+00:00,23.57,23.59,23.55,23.59,1929.0,22.0,23.571822
MOS,2026-08-28 15:20:00+00:00,23.625,23.66,23.62,23.63,3303.0,42.0,23.636078
MOS,2026-08-28 15:25:00+00:00,23.63,23.67,23.605,23.62,5715.0,79.0,23.64322
MOS,2026-08-28 15:30:00+00:00,23.6,23.62,23.59,23.595,2627.0,42.0,23.602928
MOS,2026-08-28 15:35:00+00:00,23.6,23.6,23.56,23.56,1703.0,26.0,23.584323
MOS,2026-08-28 15:40:00+00:00,23.55,23.55,23.46,23.465,2963.0,35.0,23.515577
MOS,2026-08-28 15:45:00+00:00,23.445,23.455,23.41,23.415,2709.0,38.0,23.435717
MOS,2026-08-28 15:50:00+00:00,23.42,23.455,23.4,23.45,4154.0,59.0,23.432542
MOS,2026-08-28 15:55:00+00:00,23.45,23.45,23.365,23.37,4489.0,66.0,23.402761
MOS,2026-08-28 16:00:00+00:00,23.37,23.395,23.365,23.38,4832.0,56.0,23.374527
MOS,2026-08-28 16:05:00+00:00,23.375,23.415,23.365,23.395,4656.0,47.0,23.39065
MOS,2026-08-28 16:10:00+00:00,23.41,23.425,23.405,23.41,2024.0,33.0,23.411471
MOS,2026-08-28 16:15:00+00:00,23.395,23.395,23.365,23.365,1170.0,17.0,23.380485
MOS,2026-08-28 16:20:00+00:00,23.375,23.375,23.35,23.35,4206.0,48.0,23.362364
MOS,2026-08-28 16:25:00+00:00,23.34,23.42,23.325,23.42,3713.0,44.0,23.337167
MOS,2026-08-28 16:30:00+00:00,23.435,23.465,23.43,23.43,1259.0,21.0,23.451304
MOS,2026-08-28 16:35:00+00:00,23.43,23.475,23.43,23.47,1748.0,24.0,23.464682
MOS,2026-08-28 16:40:00+00:00,23.43,23.43,23.415,23.42,2241.0,25.0,23.421052
MOS,2026-08-28 16:45:00+00:00,23.43,23.445,23.405,23.43,16017.0,110.0,23.411098
MOS,2026-08-28 16:50:00+00:00,23.445,23.47,23.44,23.44,2222.0,32.0,23.457188
MOS,2026-08-28 16:55:00+00:00,23.435,23.435,23.39,23.39,1487.0,22.0,23.407692
MOS,2026-08-28 17:00:00+00:00,23.38,23.48,23.355,23.45,3176.0,37.0,23.40344
MOS,2026-08-28 17:05:00+00:00,23.45,23.47,23.445,23.455,1143.0,13.0,23.461434
MOS,2026-08-28 17:10:00+00:00,23.45,23.455,23.44,23.45,2356.0,30.0,23.444773
MOS,2026-08-28 17:15:00+00:00,23.45,23.475,23.45,23.475,2851.0,33.0,23.460612
MOS,2026-08-28 17:20:00+00:00,23.48,23.495,23.48,23.49,2571.0,27.0,23.485227
MOS,2026-08-28 17:25:00+00:00,23.5,23.54,23.49,23.53,3635.0,29.0,23.508286
MOS,2026-08-28 17:30:00+00:00,23.53,23.535,23.5,23.5,3326.0,33.0,23.513421
MOS,2026-08-28 17:35:00+00:00,23.5,23.5,23.48,23.49,1947.0,21.0,23.496807
MOS,2026-08-28 17:40:00+00:00,23.5,23.525,23.5,23.52,2942.0,31.0,23.514384
MOS,2026-08-28 17:45:00+00:00,23.53,23.57,23.53,23.565,2806.0,37.0,23.550263
MOS,2026-08-28 17:50:00+00:00,23.57,23.57,23.57,23.57,281.0,6.0,23.57
MOS,2026-08-28 17:55:00+00:00,23.56,23.64,23.56,23.635,3568.0,42.0,23.62175
MOS,2026-08-28 18:00:00+00:00,23.625,23.625,23.56,23.56,2909.0,45.0,23.596697
MOS,2026-08-28 18:05:00+00:00,23.56,23.57,23.54,23.565,2369.0,41.0,23.561137
MOS,2026-08-28 18:10:00+00:00,23.56,23.56,23.55,23.55,1689.0,28.0,23.55173
MOS,2026-08-28 18:15:00+00:00,23.56,23.57,23.555,23.57,1171.0,18.0,23.5655
MOS,2026-08-28 18:20:00+00:00,23.55,23.55,23.5,23.505,10112.0,88.0,23.528113
MOS,2026-08-28 18:25:00+00:00,23.525,23.535,23.525,23.535,684.0,22.0,23.530833
MOS,2026-08-28 18:30:00+00:00,23.515,23.53,23.51,23.53,4733.0,53.0,23.518758
MOS,2026-08-28 18:35:00+00:00,23.525,23.55,23.525,23.55,2102.0,32.0,23.545
MOS,2026-08-28 18:40:00+00:00,23.545,23.56,23.52,23.56,3383.0,47.0,23.543687
MOS,2026-08-28 18:45:00+00:00,23.55,23.55,23.525,23.525,1638.0,26.0,23.53532
MOS,2026-08-28 18:50:00+00:00,23.525,23.53,23.52,23.53,615.0,11.0,23.523191
MOS,2026-08-28 18:55:00+00:00,23.51,23.55,23.51,23.525,3127.0,36.0,23.530334
MOS,2026-08-28 19:00:00+00:00,23.51,23.525,23.5,23.52,5428.0,61.0,23.513815
MOS,2026-08-28 19:05:00+00:00,23.54,23.545,23.52,23.54,3396.0,35.0,23.5305
MOS,2026-08-28 19:10:00+00:00,23.54,23.545,23.485,23.5,7383.0,59.0,23.508703
MOS,2026-08-28 19:15:00+00:00,23.49,23.535,23.465,23.535,5117.0,48.0,23.492312
MOS,2026-08-28 19:20:00+00:00,23.535,23.56,23.515,23.56,3084.0,31.0,23.538893
MOS,2026-08-28 19:25:00+00:00,23.56,23.575,23.515,23.515,4368.0,60.0,23.550643
MOS,2026-08-28 19:30:00+00:00,23.52,23.555,23.51,23.555,7187.0,85.0,23.527831
MOS,2026-08-28 19:35:00+00:00,23.55,23.57,23.535,23.565,11373.0,108.0,23.551913
MOS,2026-08-28 19:40:00+00:00,23.57,23.63,23.57,23.6,7258.0,84.0,23.59523
MOS,2026-08-28 19:45:00+00:00,23.615,23.625,23.57,23.585,6250.0,93.0,23.596431
MOS,2026-08-28 19:50:00+00:00,23.585,23.625,23.585,23.625,6681.0,88.0,23.605868
MOS,2026-08-28 19:55:00+00:00,23.63,23.655,23.605,23.61,33366.0,460.0,23.631898
MOS,2026-08-31 13:30:00+00:00,23.915,24.15,23.83,24.095,15813.0,102.0,24.002534
MOS,2026-08-31 13:35:00+00:00,24.18,24.375,24.18,24.275,5625.0,156.0,24.294975
MOS,2026-08-31 13:40:00+00:00,24.32,24.4,24.23,24.33,2057.0,27.0,24.321429
MOS,2026-08-31 13:45:00+00:00,24.245,24.29,24.175,24.275,4632.0,65.0,24.237319
MOS,2026-08-31 13:50:00+00:00,24.29,24.37,24.275,24.33,8393.0,116.0,24.32258
MOS,2026-08-31 13:55:00+00:00,24.34,24.4,24.275,24.28,5541.0,112.0,24.33639
MOS,2026-08-31 14:00:00+00:00,24.27,24.27,24.13,24.21,5296.0,78.0,24.182242
MOS,2026-08-31 14:05:00+00:00,24.24,24.27,24.13,24.135,6818.0,83.0,24.202948
MOS,2026-08-31 14:10:00+00:00,24.14,24.28,24.14,24.23,6596.0,85.0,24.225161
MOS,2026-08-31 14:15:00+00:00,24.22,24.36,24.2,24.36,7883.0,90.0,24.281759
MOS,2026-08-31 14:20:00+00:00,24.365,24.51,24.295,24.51,11829.0,140.0,24.387158
MOS,2026-08-31 14:25:00+00:00,24.48,24.48,24.35,24.35,2877.0,39.0,24.420217
MOS,2026-08-31 14:30:00+00:00,24.34,24.37,24.32,24.33,1885.0,29.0,24.340714
MOS,2026-08-31 14:35:00+00:00,24.34,24.35,24.255,24.26,5685.0,85.0,24.320018
MOS,2026-08-31 14:40:00+00:00,24.25,24.325,24.25,24.28,3022.0,37.0,24.289306
MOS,2026-08-31 14:45:00+00:00,24.29,24.32,24.195,24.195,4724.0,83.0,24.242339
MOS,2026-08-31 14:50:00+00:00,24.165,24.17,24.06,24.1,4391.0,86.0,24.127059
MOS,2026-08-31 14:55:00+00:00,24.12,24.14,24.015,24.02,4210.0,92.0,24.073148
MOS,2026-08-31 15:00:00+00:00,24.04,24.06,23.94,23.94,5552.0,103.0,23.996507
MOS,2026-08-31 15:05:00+00:00,23.95,23.95,23.86,23.91,3614.0,64.0,23.890347
MOS,2026-08-31 15:10:00+00:00,23.96,24.06,23.96,24.02,4877.0,85.0,24.008472
MOS,2026-08-31 15:15:00+00:00,24.04,24.09,24.04,24.09,2001.0,36.0,24.073651
MOS,2026-08-31 15:20:00+00:00,24.09,24.14,24.03,24.03,3774.0,52.0,24.112693
MOS,2026-08-31 15:25:00+00:00,24.03,24.16,24.03,24.16,3152.0,51.0,24.10274
MOS,2026-08-31 15:30:00+00:00,24.15,24.17,24.12,24.12,4717.0,73.0,24.148226
MOS,2026-08-31 15:35:00+00:00,24.13,24.175,24.12,24.135,3618.0,46.0,24.150364
MOS,2026-08-31 15:40:00+00:00,24.13,24.175,24.13,24.17,4125.0,50.0,24.148226
MOS,2026-08-31 15:45:00+00:00,24.175,24.205,24.165,24.17,2807.0,45.0,24.183889
MOS,2026-08-31 15:50:00+00:00,24.18,24.19,24.16,24.19,2798.0,40.0,24.176
MOS,2026-08-31 15:55:00+00:00,24.19,24.2,24.14,24.14,1610.0,30.0,24.173929
MOS,2026-08-31 16:00:00+00:00,24.15,24.15,24.12,24.12,1764.0,24.0,24.141333
MOS,2026-08-31 16:05:00+00:00,24.085,24.095,24.055,24.065,1620.0,34.0,24.072559
MOS,2026-08-31 16:10:00+00:00,24.05,24.06,24.015,24.015,1853.0,37.0,24.041667
MOS,2026-08-31 16:15:00+00:00,24.005,24.005,23.89,23.95,4036.0,67.0,23.934855
MOS,2026-08-31 16:20:00+00:00,23.96,23.97,23.935,23.95,2060.0,31.0,23.956429
MOS,2026-08-31 16:25:00+00:00,23.94,23.94,23.92,23.93,1544.0,18.0,23.926296
MOS,2026-08-31 16:30:00+00:00,23.94,23.94,23.93,23.94,2432.0,36.0,23.93525
MOS,2026-08-31 16:35:00+00:00,23.94,23.945,23.925,23.925,809.0,15.0,23.939167
MOS,2026-08-31 16:40:00+00:00,23.89,23.89,23.875,23.875,1538.0,20.0,23.886786
MOS,2026-08-31 16:45:00+00:00,23.91,23.91,23.89,23.89,2057.0,27.0,23.896936
MOS,2026-08-31 16:50:00+00:00,23.88,23.955,23.88,23.95,2928.0,36.0,23.908566
MOS,2026-08-31 16:55:00+00:00,23.94,23.965,23.94,23.965,1223.0,27.0,23.951825
MOS,2026-08-31 17:00:00+00:00,23.955,24.02,23.955,24.0,1461.0,39.0,23.998669
MOS,2026-08-31 17:05:00+00:00,23.985,23.985,23.97,23.975,1981.0,26.0,23.977335
MOS,2026-08-31 17:10:00+00:00,23.99,24.02,23.98,24.02,1319.0,25.0,24.000222
MOS,2026-08-31 17:15:00+00:00,24.025,24.065,24.025,24.04,952.0,28.0,24.050833
MOS,2026-08-31 17:20:00+00:00,24.04,24.08,24.04,24.065,3077.0,45.0,24.065219
MOS,2026-08-31 17:25:00+00:00,24.02,24.025,24.01,24.01,906.0,16.0,24.018571
MOS,2026-08-31 17:30:00+00:00,24.0,24.0,23.96,23.985,2705.0,42.0,23.970971
MOS,2026-08-31 17:35:00+00:00,23.99,24.0,23.925,23.925,3078.0,30.0,23.962593
MOS,2026-08-31 17:40:00+00:00,23.92,23.945,23.92,23.945,1805.0,28.0,23.9325
MOS,2026-08-31 17:45:00+00:00,23.97,23.99,23.97,23.99,476.0,10.0,23.978333
MOS,2026-08-31 17:50:00+00:00,23.98,23.99,23.97,23.97,1580.0,24.0,23.983663
MOS,2026-08-31 17:55:00+00:00,23.955,23.995,23.94,23.94,2616.0,33.0,23.962955
MOS,2026-08-31 18:00:00+00:00,23.96,23.995,23.95,23.96,4698.0,59.0,23.9625
MOS,2026-08-31 18:05:00+00:00,23.95,23.98,23.935,23.95,4399.0,60.0,23.961324
MOS,2026-08-31 18:10:00+00:00,23.945,23.96,23.935,23.96,3589.0,42.0,23.946573
MOS,2026-08-31 18:15:00+00:00,23.965,23.97,23.93,23.945,1967.0,31.0,23.950681
MOS,2026-08-31 18:20:00+00:00,23.925,23.935,23.925,23.935,1944.0,27.0,23.930338
MOS,2026-08-31 18:25:00+00:00,23.935,23.955,23.935,23.935,2560.0,35.0,23.946121
MOS,2026-08-31 18:30:00+00:00,23.935,23.945,23.9,23.905,7887.0,71.0,23.926351
MOS,2026-08-31 18:35:00+00:00,23.9,23.915,23.885,23.895,2807.0,28.0,23.901667
MOS,2026-08-31 18:40:00+00:00,23.9,23.905,23.875,23.88,2161.0,20.0,23.895373
MOS,2026-08-31 18:45:00+00:00,23.885,23.895,23.885,23.89,1010.0,16.0,23.891454
MOS,2026-08-31 18:50:00+00:00,23.885,23.885,23.845,23.865,6568.0,80.0,23.863067
MOS,2026-08-31 18:55:00+00:00,23.86,23.865,23.815,23.865,4334.0,50.0,23.845
MOS,2026-08-31 19:00:00+00:00,23.87,23.895,23.855,23.86,5157.0,63.0,23.879422
MOS,2026-08-31 19:05:00+00:00,23.855,23.885,23.845,23.845,1916.0,32.0,23.866173
MOS,2026-08-31 19:10:00+00:00,23.85,23.855,23.835,23.84,1892.0,36.0,23.848117
MOS,2026-08-31 19:15:00+00:00,23.84,23.88,23.835,23.84,3116.0,40.0,23.853441
MOS,2026-08-31 19:20:00+00:00,23.845,23.93,23.845,23.93,5816.0,67.0,23.90404
MOS,2026-08-31 19:25:00+00:00,23.93,24.02,23.925,24.005,3402.0,67.0,23.978084
MOS,2026-08-31 19:30:00+00:00,24.005,24.04,24.005,24.04,3179.0,51.0,24.015698
MOS,2026-08-31 19:35:00+00:00,24.035,24.045,23.975,23.975,3594.0,48.0,24.020172
MOS,2026-08-31 19:40:00+00:00,23.98,24.05,23.975,24.04,6226.0,81.0,24.012103
MOS,2026-08-31 19:45:00+00:00,24.03,24.1,24.015,24.1,14067.0,144.0,24.061553
MOS,2026-08-31 19:50:00+00:00,24.1,24.135,24.065,24.13,12450.0,132.0,24.105375
MOS,2026-08-31 19:55:00+00:00,24.13,24.185,24.075,24.12,52887.0,581.0,24.143296
MOS,2026-09-01 13:30:00+00:00,23.86,24.19,23.86,23.935,2603.0,49.0,24.013784
MOS,2026-09-01 13:35:00+00:00,23.89,23.9,23.615,23.68,10506.0,133.0,23.688103
MOS,2026-09-01 13:40:00+00:00,23.58,23.6,23.44,23.45,25159.0,222.0,23.507288
MOS,2026-09-01 13:45:00+00:00,23.46,23.57,23.46,23.54,7745.0,73.0,23.500033
MOS,2026-09-01 13:50:00+00:00,23.55,23.61,23.55,23.6,6528.0,79.0,23.585
MOS,2026-09-01 13:55:00+00:00,23.63,23.63,23.56,23.61,7147.0,89.0,23.597218
MOS,2026-09-01 14:00:00+00:00,23.58,23.9,23.57,23.9,6820.0,92.0,23.786741
MOS,2026-09-01 14:05:00+00:00,23.91,24.135,23.9,24.07,12846.0,158.0,24.01627
MOS,2026-09-01 14:10:00+00:00,24.09,24.12,24.025,24.12,9349.0,120.0,24.073046
MOS,2026-09-01 14:15:00+00:00,24.16,24.16,24.06,24.06,7794.0,106.0,24.122761
MOS,2026-09-01 14:20:00+00:00,24.05,24.205,24.05,24.2,5844.0,98.0,24.154028
MOS,2026-09-01 14:25:00+00:00,24.2,24.22,24.18,24.2,3689.0,59.0,24.193889
MOS,2026-09-01 14:30:00+00:00,24.21,24.28,24.16,24.16,5285.0,76.0,24.212586
MOS,2026-09-01 14:35:00+00:00,24.17,24.22,24.12,24.145,6315.0,85.0,24.169773
MOS,2026-09-01 14:40:00+00:00,24.15,24.16,24.115,24.15,2872.0,50.0,24.138
MOS,2026-09-01 14:45:00+00:00,24.15,24.27,24.15,24.21,5671.0,82.0,24.224878
MOS,2026-09-01 14:50:00+00:00,24.17,24.42,24.17,24.42,7996.0,104.0,24.314462
MOS,2026-09-01 14:55:00+00:00,24.39,24.43,24.355,24.43,5277.0,76.0,24.39889
MOS,2026-09-01 15:00:00+00:00,24.435,24.45,24.37,24.395,10300.0,142.0,24.410385
MOS,2026-09-01 15:05:00+00:00,24.38,24.42,24.3,24.31,4502.0,66.0,24.349825
MOS,2026-09-01 15:10:00+00:00,24.325,24.4,24.325,24.37,7289.0,106.0,24.37
MOS,2026-09-01 15:15:00+00:00,24.36,24.37,24.35,24.37,1440.0,23.0,24.355556
MOS,2026-09-01 15:20:00+00:00,24.46,24.49,24.415,24.49,4084.0,53.0,24.443975
MOS,2026-09-01 15:25:00+00:00,24.525,24.62,24.51,24.595,11586.0,147.0,24.537619
MOS,2026-09-01 15:30:00+00:00,24.615,24.855,24.61,24.855,9634.0,118.0,24.715102
MOS,2026-09-01 15:35:00+00:00,24.845,25.17,24.82,25.03,69176.0,653.0,25.038322
MOS,2026-09-01 15:40:00+00:00,24.98,25.08,24.845,25.03,15570.0,150.0,24.948045
MOS,2026-09-01 15:45:00+00:00,25.035,25.18,25.035,25.08,9546.0,127.0,25.108796
MOS,2026-09-01 15:50:00+00:00,25.095,25.11,25.01,25.06,11769.0,118.0,25.055651
MOS,2026-09-01 15:55:00+00:00,25.115,25.145,25.09,25.14,7811.0,88.0,25.121192
MOS,2026-09-01 16:00:00+00:00,25.145,25.175,25.11,25.14,12855.0,135.0,25.139634
MOS,2026-09-01 16:05:00+00:00,25.135,25.135,25.03,25.06,7186.0,67.0,25.08315
MOS,2026-09-01 16:10:00+00:00,25.075,25.075,25.03,25.03,4401.0,44.0,25.053215
MOS,2026-09-01 16:15:00+00:00,25.015,25.025,24.87,24.91,17665.0,160.0,24.945785
MOS,2026-09-01 16:20:00+00:00,24.89,24.895,24.8,24.81,5450.0,71.0,24.853072
MOS,2026-09-01 16:25:00+00:00,24.79,24.855,24.785,24.855,3960.0,60.0,24.826394
MOS,2026-09-01 16:30:00+00:00,24.87,24.875,24.825,24.835,3990.0,64.0,24.850666
MOS,2026-09-01 16:35:00+00:00,24.825,24.85,24.79,24.85,2874.0,38.0,24.813473
MOS,2026-09-01 16:40:00+00:00,24.87,24.99,24.87,24.935,6265.0,77.0,24.925669
MOS,2026-09-01 16:45:00+00:00,24.925,24.925,24.89,24.89,2440.0,34.0,24.899027
MOS,2026-09-01 16:50:00+00:00,24.925,24.94,24.91,24.94,2206.0,34.0,24.928
MOS,2026-09-01 16:55:00+00:00,24.945,24.96,24.81,24.82,2762.0,44.0,24.866087
MOS,2026-09-01 17:00:00+00:00,24.82,24.885,24.74,24.74,7259.0,85.0,24.810552
MOS,2026-09-01 17:05:00+00:00,24.75,24.805,24.745,24.745,2779.0,40.0,24.771528
MOS,2026-09-01 17:10:00+00:00,24.715,24.735,24.705,24.735,2345.0,32.0,24.714286
MOS,2026-09-01 17:15:00+00:00,24.74,24.78,24.71,24.725,6232.0,63.0,24.740099
MOS,2026-09-01 17:20:00+00:00,24.74,24.745,24.72,24.745,1663.0,23.0,24.727356
MOS,2026-09-01 17:25:00+00:00,24.755,24.825,24.745,24.825,2642.0,45.0,24.7715
MOS,2026-09-01 17:30:00+00:00,24.87,24.945,24.86,24.915,4402.0,56.0,24.893506
MOS,2026-09-01 17:35:00+00:00,24.93,25.02,24.93,24.955,3571.0,38.0,24.973005
MOS,2026-09-01 17:40:00+00:00,24.94,25.02,24.9,25.02,9705.0,96.0,24.927392
MOS,2026-09-01 17:45:00+00:00,25.03,25.07,25.015,25.02,1967.0,26.0,25.037667
MOS,2026-09-01 17:50:00+00:00,25.005,25.035,24.96,24.97,3694.0,41.0,24.993641
MOS,2026-09-01 17:55:00+00:00,24.965,25.07,24.965,25.07,3238.0,37.0,24.994348
MOS,2026-09-01 18:00:00+00:00,25.085,25.11,25.03,25.07,3440.0,55.0,25.0822
MOS,2026-09-01 18:05:00+00:00,25.075,25.085,25.02,25.02,3729.0,45.0,25.051451
MOS,2026-09-01 18:10:00+00:00,25.04,25.04,25.015,25.025,2106.0,32.0,25.028136
MOS,2026-09-01 18:15:00+00:00,25.03,25.1,25.03,25.08,2936.0,37.0,25.076381
MOS,2026-09-01 18:20:00+00:00,25.06,25.06,25.02,25.025,1204.0,24.0,25.035556
MOS,2026-09-01 18:25:00+00:00,25.02,25.045,25.01,25.01,2203.0,35.0,25.029448
MOS,2026-09-01 18:30:00+00:00,24.995,25.015,24.96,24.96,3091.0,46.0,24.983
MOS,2026-09-01 18:35:00+00:00,24.955,24.955,24.915,24.915,1879.0,24.0,24.940959
MOS,2026-09-01 18:40:00+00:00,24.925,24.925,24.87,24.88,2339.0,31.0,24.905
MOS,2026-09-01 18:45:00+00:00,24.86,24.86,24.83,24.84,1747.0,23.0,24.840769
MOS,2026-09-01 18:50:00+00:00,24.8,24.835,24.785,24.825,3248.0,34.0,24.802868
MOS,2026-09-01 18:55:00+00:00,24.825,24.985,24.825,24.985,3916.0,57.0,24.901597
MOS,2026-09-01 19:00:00+00:00,25.005,25.04,25.005,25.025,3483.0,51.0,25.025
MOS,2026-09-01 19:05:00+00:00,25.025,25.125,25.025,25.065,5286.0,54.0,25.068495
MOS,2026-09-01 19:10:00+00:00,25.105,25.185,25.105,25.185,5486.0,66.0,25.130395
MOS,2026-09-01 19:15:00+00:00,25.185,25.205,25.16,25.18,8784.0,76.0,25.181075
MOS,2026-09-01 19:20:00+00:00,25.18,25.18,25.14,25.17,10927.0,111.0,25.162957
MOS,2026-09-01 19:25:00+00:00,25.17,25.185,25.075,25.08,9577.0,104.0,25.125961
MOS,2026-09-01 19:30:00+00:00,25.085,25.105,25.035,25.05,7963.0,91.0,25.064449
MOS,2026-09-01 19:35:00+00:00,25.04,25.04,24.99,25.01,10299.0,104.0,25.00635
MOS,2026-09-01 19:40:00+00:00,24.985,24.995,24.935,24.98,11486.0,120.0,24.965325
MOS,2026-09-01 19:45:00+00:00,24.98,24.985,24.895,24.925,8960.0,83.0,24.941565
MOS,2026-09-01 19:50:00+00:00,24.92,24.925,24.83,24.845,13398.0,152.0,24.879214
MOS,2026-09-01 19:55:00+00:00,24.85,24.865,24.71,24.8,74595.0,700.0,24.782619
MOS,2026-09-02 13:30:00+00:00,24.755,25.07,24.65,25.05,7411.0,57.0,24.856815
MOS,2026-09-02 13:35:00+00:00,25.06,25.145,24.86,24.89,11743.0,92.0,25.008911
MOS,2026-09-02 13:40:00+00:00,24.955,24.985,24.915,24.96,3965.0,111.0,24.94805
MOS,2026-09-02 13:45:00+00:00,24.91,24.935,24.83,24.89,3616.0,56.0,24.874307
MOS,2026-09-02 13:50:00+00:00,24.9,24.96,24.88,24.95,1735.0,26.0,24.902164
MOS,2026-09-02 13:55:00+00:00,24.98,25.045,24.97,25.04,5944.0,87.0,25.01096
MOS,2026-09-02 14:00:00+00:00,25.06,25.16,25.04,25.15,7227.0,70.0,25.125285
MOS,2026-09-02 14:05:00+00:00,25.18,25.205,25.14,25.18,18388.0,172.0,25.181978
MOS,2026-09-02 14:10:00+00:00,25.18,25.42,25.175,25.42,10681.0,138.0,25.284281
MOS,2026-09-02 14:15:00+00:00,25.43,25.45,25.3,25.41,9990.0,109.0,25.379329
MOS,2026-09-02 14:20:00+00:00,25.41,25.42,25.35,25.42,5299.0,60.0,25.38576
MOS,2026-09-02 14:25:00+00:00,25.395,25.6,25.395,25.53,6594.0,96.0,25.517759
MOS,2026-09-02 14:30:00+00:00,25.49,25.54,25.44,25.53,7116.0,107.0,25.486077
MOS,2026-09-02 14:35:00+00:00,25.515,25.625,25.49,25.59,8085.0,104.0,25.564225
MOS,2026-09-02 14:40:00+00:00,25.57,25.63,25.545,25.6,8644.0,135.0,25.598185
MOS,2026-09-02 14:45:00+00:00,25.62,25.675,25.58,25.675,7271.0,96.0,25.620758
MOS,2026-09-02 14:50:00+00:00,25.67,25.695,25.615,25.69,6666.0,92.0,25.650051
MOS,2026-09-02 14:55:00+00:00,25.705,25.715,25.625,25.67,9007.0,108.0,25.665732
MOS,2026-09-02 15:00:00+00:00,25.66,25.66,25.585,25.64,5977.0,86.0,25.62494
MOS,2026-09-02 15:05:00+00:00,25.62,25.71,25.62,25.71,3485.0,41.0,25.66691
MOS,2026-09-02 15:10:00+00:00,25.7,25.86,25.7,25.855,7313.0,95.0,25.779751
MOS,2026-09-02 15:15:00+00:00,25.86,25.92,25.825,25.835,6231.0,78.0,25.866968
MOS,2026-09-02 15:20:00+00:00,25.82,25.87,25.755,25.87,8046.0,93.0,25.807418
MOS,2026-09-02 15:25:00+00:00,25.865,25.92,25.855,25.88,4707.0,76.0,25.884796
MOS,2026-09-02 15:30:00+00:00,25.9,25.9,25.76,25.76,7557.0,88.0,25.825216
MOS,2026-09-02 15:35:00+00:00,25.735,25.755,25.535,25.535,8105.0,104.0,25.643046
MOS,2026-09-02 15:40:00+00:00,25.53,25.585,25.51,25.52,7841.0,104.0,25.536088
MOS,2026-09-02 15:45:00+00:00,25.505,25.505,25.39,25.43,6157.0,87.0,25.451558
MOS,2026-09-02 15:50:00+00:00,25.43,25.47,25.415,25.415,5461.0,76.0,25.442187
MOS,2026-09-02 15:55:00+00:00,25.405,25.495,25.4,25.49,25116.0,201.0,25.436465
MOS,2026-09-02 16:00:00+00:00,25.51,25.54,25.49,25.495,4722.0,71.0,25.523681
MOS,2026-09-02 16:05:00+00:00,25.495,25.52,25.485,25.51,1507.0,23.0,25.500909
MOS,2026-09-02 16:10:00+00:00,25.49,25.53,25.485,25.53,5527.0,69.0,25.504468
MOS,2026-09-02 16:15:00+00:00,25.555,25.65,25.545,25.65,5555.0,74.0,25.581056
MOS,2026-09-02 16:20:00+00:00,25.64,25.68,25.63,25.635,3384.0,51.0,25.652115
MOS,2026-09-02 16:25:00+00:00,25.64,25.68,25.625,25.68,2226.0,33.0,25.650902
MOS,2026-09-02 16:30:00+00:00,25.69,25.73,25.69,25.73,2297.0,42.0,25.713148
MOS,2026-09-02 16:35:00+00:00,25.69,25.735,25.68,25.695,10089.0,84.0,25.702422
MOS,2026-09-02 16:40:00+00:00,25.685,25.74,25.685,25.725,4737.0,54.0,25.721348
MOS,2026-09-02 16:45:00+00:00,25.72,25.725,25.675,25.68,4831.0,58.0,25.699654
MOS,2026-09-02 16:50:00+00:00,25.68,25.74,25.67,25.69,2562.0,44.0,25.69109
MOS,2026-09-02 16:55:00+00:00,25.77,25.79,25.71,25.71,3988.0,71.0,25.758269
MOS,2026-09-02 17:00:00+00:00,25.715,25.72,25.7,25.71,4883.0,61.0,25.712218
MOS,2026-09-02 17:05:00+00:00,25.72,25.76,25.715,25.72,3449.0,39.0,25.737139
MOS,2026-09-02 17:10:00+00:00,25.715,25.815,25.715,25.805,4479.0,54.0,25.772318
MOS,2026-09-02 17:15:00+00:00,25.775,25.79,25.765,25.765,2488.0,26.0,25.772953
MOS,2026-09-02 17:20:00+00:00,25.745,25.745,25.73,25.73,1495.0,22.0,25.737143
MOS,2026-09-02 17:25:00+00:00,25.735,25.735,25.675,25.71,4287.0,59.0,25.699846
MOS,2026-09-02 17:30:00+00:00,25.715,25.72,25.695,25.72,2730.0,35.0,25.707739
MOS,2026-09-02 17:35:00+00:00,25.715,25.715,25.69,25.69,3002.0,44.0,25.708965
MOS,2026-09-02 17:40:00+00:00,25.69,25.705,25.665,25.7,2335.0,35.0,25.68779
MOS,2026-09-02 17:45:00+00:00,25.715,25.735,25.705,25.715,3037.0,34.0,25.715
MOS,2026-09-02 17:50:00+00:00,25.71,25.725,25.675,25.68,2618.0,32.0,25.700714
MOS,2026-09-02 17:55:00+00:00,25.68,25.705,25.68,25.7,3566.0,41.0,25.692419
MOS,2026-09-02 18:00:00+00:00,25.7,25.76,25.7,25.745,2792.0,48.0,25.721316
MOS,2026-09-02 18:05:00+00:00,25.745,25.77,25.73,25.73,1415.0,25.0,25.751707
MOS,2026-09-02 18:10:00+00:00,25.735,25.755,25.735,25.755,1765.0,35.0,25.74
MOS,2026-09-02 18:15:00+00:00,25.765,25.825,25.75,25.825,3654.0,63.0,25.780319
MOS,2026-09-02 18:20:00+00:00,25.835,25.835,25.765,25.77,2640.0,26.0,25.798044
MOS,2026-09-02 18:25:00+00:00,25.755,25.78,25.745,25.78,5066.0,61.0,25.757543
MOS,2026-09-02 18:30:00+00:00,25.79,25.92,25.79,25.915,7208.0,84.0,25.850517
MOS,2026-09-02 18:35:00+00:00,25.92,25.99,25.9,25.9,4788.0,57.0,25.952733
MOS,2026-09-02 18:40:00+00:00,25.9,25.905,25.8,25.81,4392.0,64.0,25.865838
MOS,2026-09-02 18:45:00+00:00,25.83,25.86,25.805,25.85,11856.0,134.0,25.845876
MOS,2026-09-02 18:50:00+00:00,25.85,25.89,25.85,25.86,6353.0,87.0,25.866821
MOS,2026-09-02 18:55:00+00:00,25.85,25.885,25.85,25.87,5522.0,62.0,25.866224
MOS,2026-09-02 19:00:00+00:00,25.875,25.88,25.815,25.825,5206.0,75.0,25.854208
MOS,2026-09-02 19:05:00+00:00,25.83,25.91,25.82,25.89,8786.0,92.0,25.851708
MOS,2026-09-02 19:10:00+00:00,25.89,25.97,25.89,25.925,5532.0,64.0,25.925914
MOS,2026-09-02 19:15:00+00:00,25.925,25.995,25.905,25.905,9688.0,108.0,25.947651
MOS,2026-09-02 19:20:00+00:00,25.905,25.95,25.85,25.85,15285.0,157.0,25.904767
MOS,2026-09-02 19:25:00+00:00,25.86,25.86,25.765,25.79,5571.0,76.0,25.822431
MOS,2026-09-02 19:30:00+00:00,25.785,25.855,25.765,25.805,10924.0,133.0,25.804134
MOS,2026-09-02 19:35:00+00:00,25.805,25.885,25.78,25.855,11730.0,123.0,25.820841
MOS,2026-09-02 19:40:00+00:00,25.86,25.89,25.825,25.875,12072.0,154.0,25.854774
MOS,2026-09-02 19:45:00+00:00,25.865,25.91,25.845,25.905,11093.0,143.0,25.873201
MOS,2026-09-02 19:50:00+00:00,25.895,25.91,25.815,25.91,23243.0,177.0,25.861123
MOS,2026-09-02 19:55:00+00:00,25.885,25.885,25.77,25.8,75840.0,655.0,25.811148
MOS,2026-09-03 13:30:00+00:00,26.2,26.29,25.66,25.71,32029.0,190.0,26.044554
MOS,2026-09-03 13:35:00+00:00,25.745,25.745,25.555,25.61,17197.0,92.0,25.636615
MOS,2026-09-03 13:40:00+00:00,25.61,25.61,25.44,25.44,59082.0,208.0,25.548437
MOS,2026-09-03 13:45:00+00:00,25.445,25.515,25.315,25.32,18030.0,128.0,25.418466
MOS,2026-09-03 13:50:00+00:00,25.37,25.41,25.21,25.245,14583.0,151.0,25.323711
MOS,2026-09-03 13:55:00+00:00,25.25,25.465,25.205,25.465,22916.0,158.0,25.325528
MOS,2026-09-03 14:00:00+00:00,25.43,25.455,25.31,25.37,18549.0,151.0,25.398507
MOS,2026-09-03 14:05:00+00:00,25.39,25.41,25.33,25.36,29251.0,239.0,25.382078
MOS,2026-09-03 14:10:00+00:00,25.37,25.41,25.34,25.38,5348.0,62.0,25.369598
MOS,2026-09-03 14:15:00+00:00,25.425,25.47,25.38,25.385,16702.0,147.0,25.438674
MOS,2026-09-03 14:20:00+00:00,25.39,25.41,25.23,25.23,10035.0,89.0,25.296032
MOS,2026-09-03 14:25:00+00:00,25.245,25.36,25.245,25.355,5098.0,63.0,25.323421
MOS,2026-09-03 14:30:00+00:00,25.37,25.43,25.36,25.4,4721.0,64.0,25.405789
MOS,2026-09-03 14:35:00+00:00,25.405,25.47,25.405,25.45,3451.0,43.0,25.435392
MOS,2026-09-03 14:40:00+00:00,25.395,25.445,25.39,25.4,3225.0,37.0,25.409
MOS,2026-09-03 14:45:00+00:00,25.39,25.49,25.38,25.46,4752.0,51.0,25.436507
MOS,2026-09-03 14:50:00+00:00,25.46,25.495,25.435,25.49,3943.0,55.0,25.474643
MOS,2026-09-03 14:55:00+00:00,25.485,25.49,25.41,25.46,9890.0,107.0,25.442957
MOS,2026-09-03 15:00:00+00:00,25.455,25.55,25.455,25.535,7712.0,79.0,25.505811
MOS,2026-09-03 15:05:00+00:00,25.515,25.515,25.365,25.4,4604.0,48.0,25.429275
MOS,2026-09-03 15:10:00+00:00,25.375,25.375,25.28,25.325,5420.0,64.0,25.31179
MOS,2026-09-03 15:15:00+00:00,25.33,25.395,25.33,25.345,3295.0,39.0,25.359333
MOS,2026-09-03 15:20:00+00:00,25.36,25.36,25.18,25.19,3189.0,37.0,25.266062
MOS,2026-09-03 15:25:00+00:00,25.23,25.3,25.225,25.29,6122.0,56.0,25.244762
MOS,2026-09-03 15:30:00+00:00,25.24,25.28,25.17,25.28,12007.0,119.0,25.212378
MOS,2026-09-03 15:35:00+00:00,25.28,25.305,25.25,25.28,5055.0,59.0,25.272097
MOS,2026-09-03 15:40:00+00:00,25.285,25.41,25.28,25.4,4468.0,47.0,25.330658
MOS,2026-09-03 15:45:00+00:00,25.38,25.38,25.365,25.38,1110.0,14.0,25.375758
MOS,2026-09-03 15:50:00+00:00,25.35,25.35,25.32,25.32,2145.0,40.0,25.341471
MOS,2026-09-03 15:55:00+00:00,25.33,25.34,25.28,25.28,2887.0,46.0,25.304803
MOS,2026-09-03 16:00:00+00:00,25.25,25.25,25.16,25.16,2333.0,31.0,25.231948
MOS,2026-09-03 16:05:00+00:00,25.18,25.255,25.18,25.225,3535.0,57.0,25.206279
MOS,2026-09-03 16:10:00+00:00,25.21,25.245,25.2,25.24,2461.0,42.0,25.217506
MOS,2026-09-03 16:15:00+00:00,25.24,25.295,25.235,25.25,3836.0,48.0,25.253966
MOS,2026-09-03 16:20:00+00:00,25.25,25.3,25.22,25.285,6393.0,61.0,25.272079
MOS,2026-09-03 16:25:00+00:00,25.28,25.295,25.26,25.29,2993.0,57.0,25.281571
MOS,2026-09-03 16:30:00+00:00,25.3,25.3,25.255,25.26,1241.0,20.0,25.273243
MOS,2026-09-03 16:35:00+00:00,25.25,25.26,25.24,25.25,3705.0,58.0,25.248261
MOS,2026-09-03 16:40:00+00:00,25.24,25.24,25.225,25.24,867.0,15.0,25.237
MOS,2026-09-03 16:45:00+00:00,25.26,25.26,25.25,25.25,1302.0,20.0,25.255
MOS,2026-09-03 16:50:00+00:00,25.23,25.27,25.22,25.22,2787.0,36.0,25.232438
MOS,2026-09-03 16:55:00+00:00,25.2,25.215,25.185,25.21,3174.0,30.0,25.20375
MOS,2026-09-03 17:00:00+00:00,25.205,25.235,25.195,25.235,3711.0,40.0,25.218092
MOS,2026-09-03 17:05:00+00:00,25.235,25.275,25.235,25.275,3082.0,34.0,25.260607
MOS,2026-09-03 17:10:00+00:00,25.29,25.35,25.275,25.33,5500.0,58.0,25.296183
MOS,2026-09-03 17:15:00+00:00,25.33,25.37,25.325,25.345,3242.0,37.0,25.346897
MOS,2026-09-03 17:20:00+00:00,25.34,25.345,25.32,25.345,2042.0,29.0,25.333846
MOS,2026-09-03 17:25:00+00:00,25.335,25.35,25.33,25.35,2997.0,44.0,25.336305
MOS,2026-09-03 17:30:00+00:00,25.34,25.365,25.31,25.36,6644.0,65.0,25.340166
MOS,2026-09-03 17:35:00+00:00,25.36,25.38,25.34,25.375,4900.0,48.0,25.364305
MOS,2026-09-03 17:40:00+00:00,25.405,25.485,25.405,25.44,5655.0,69.0,25.442014
MOS,2026-09-03 17:45:00+00:00,25.455,25.48,25.445,25.47,2193.0,26.0,25.46617
MOS,2026-09-03 17:50:00+00:00,25.47,25.48,25.45,25.465,2636.0,38.0,25.467412
MOS,2026-09-03 17:55:00+00:00,25.46,25.47,25.39,25.39,2990.0,44.0,25.448913
MOS,2026-09-03 18:00:00+00:00,25.4,25.43,25.38,25.4,5471.0,59.0,25.406264
MOS,2026-09-03 18:05:00+00:00,25.39,25.39,25.33,25.36,3250.0,33.0,25.358507
MOS,2026-09-03 18:10:00+00:00,25.36,25.36,25.305,25.31,4629.0,42.0,25.331879
MOS,2026-09-03 18:15:00+00:00,25.32,25.34,25.305,25.34,3096.0,32.0,25.325517
MOS,2026-09-03 18:20:00+00:00,25.335,25.35,25.33,25.34,4076.0,55.0,25.338182
MOS,2026-09-03 18:25:00+00:00,25.36,25.4,25.355,25.395,5919.0,59.0,25.385132
MOS,2026-09-03 18:30:00+00:00,25.395,25.41,25.375,25.41,3662.0,41.0,25.392314
MOS,2026-09-03 18:35:00+00:00,25.41,25.435,25.4,25.425,4061.0,39.0,25.427602
MOS,2026-09-03 18:40:00+00:00,25.435,25.44,25.405,25.415,3142.0,42.0,25.4236
MOS,2026-09-03 18:45:00+00:00,25.405,25.42,25.38,25.42,3499.0,37.0,25.405184
MOS,2026-09-03 18:50:00+00:00,25.42,25.43,25.39,25.42,3502.0,49.0,25.410179
MOS,2026-09-03 18:55:00+00:00,25.43,25.445,25.375,25.375,2575.0,44.0,25.417222
MOS,2026-09-03 19:00:00+00:00,25.365,25.38,25.325,25.325,2409.0,33.0,25.355789
MOS,2026-09-03 19:05:00+00:00,25.33,25.33,25.3,25.3,4079.0,25.0,25.309375
MOS,2026-09-03 19:10:00+00:00,25.315,25.335,25.3,25.335,2515.0,35.0,25.316966
MOS,2026-09-03 19:15:00+00:00,25.315,25.34,25.295,25.34,1722.0,28.0,25.308702
MOS,2026-09-03 19:20:00+00:00,25.325,25.33,25.31,25.315,3961.0,46.0,25.314405
MOS,2026-09-03 19:25:00+00:00,25.31,25.37,25.31,25.34,12460.0,92.0,25.341712
MOS,2026-09-03 19:30:00+00:00,25.345,25.435,25.345,25.435,3773.0,58.0,25.400173
MOS,2026-09-03 19:35:00+00:00,25.43,25.47,25.43,25.46,3881.0,46.0,25.44802
MOS,2026-09-03 19:40:00+00:00,25.455,25.455,25.38,25.38,3991.0,51.0,25.423504
MOS,2026-09-03 19:45:00+00:00,25.38,25.44,25.365,25.44,5200.0,62.0,25.396455
MOS,2026-09-03 19:50:00+00:00,25.435,25.46,25.4,25.455,7544.0,98.0,25.427118
MOS,2026-09-03 19:55:00+00:00,25.47,25.58,25.45,25.505,45250.0,506.0,25.51152
MOS,2026-09-04 13:30:00+00:00,25.0,25.215,24.77,25.215,16758.0,109.0,25.019719
MOS,2026-09-04 13:35:00+00:00,25.19,25.455,25.06,25.16,16063.0,120.0,25.23326
MOS,2026-09-04 13:40:00+00:00,25.115,25.3,25.115,25.28,8674.0,61.0,25.223091
MOS,2026-09-04 13:45:00+00:00,25.28,25.38,25.28,25.35,5298.0,56.0,25.329422
MOS,2026-09-04 13:50:00+00:00,25.32,25.32,25.06,25.065,6924.0,69.0,25.212719
MOS,2026-09-04 13:55:00+00:00,25.065,25.13,25.04,25.04,5420.0,63.0,25.095314
MOS,2026-09-04 14:00:00+00:00,25.03,25.145,25.01,25.12,12363.0,125.0,25.078704
MOS,2026-09-04 14:05:00+00:00,25.09,25.18,25.09,25.17,8724.0,99.0,25.134992
MOS,2026-09-04 14:10:00+00:00,25.16,25.3,25.11,25.24,7651.0,81.0,25.219959
MOS,2026-09-04 14:15:00+00:00,25.26,25.27,25.185,25.27,6140.0,72.0,25.22978
MOS,2026-09-04 14:20:00+00:00,25.29,25.38,25.285,25.375,7510.0,72.0,25.318867
MOS,2026-09-04 14:25:00+00:00,25.375,25.415,25.355,25.4,7387.0,88.0,25.385059
MOS,2026-09-04 14:30:00+00:00,25.425,25.47,25.41,25.41,3033.0,53.0,25.444871
MOS,2026-09-04 14:35:00+00:00,25.395,25.43,25.375,25.375,4466.0,45.0,25.40395
MOS,2026-09-04 14:40:00+00:00,25.355,25.355,25.265,25.31,3234.0,43.0,25.298028
MOS,2026-09-04 14:45:00+00:00,25.31,25.495,25.3,25.47,7698.0,87.0,25.39396
MOS,2026-09-04 14:50:00+00:00,25.485,25.49,25.41,25.425,6767.0,78.0,25.445882
MOS,2026-09-04 14:55:00+00:00,25.41,25.46,25.39,25.46,7549.0,80.0,25.42926
MOS,2026-09-04 15:00:00+00:00,25.455,25.465,25.4,25.45,3086.0,39.0,25.437404
MOS,2026-09-04 15:05:00+00:00,25.435,25.55,25.43,25.495,11431.0,96.0,25.491884
MOS,2026-09-04 15:10:00+00:00,25.485,25.5,25.475,25.5,2341.0,27.0,25.485263
MOS,2026-09-04 15:15:00+00:00,25.49,25.545,25.49,25.515,6032.0,60.0,25.51086
MOS,2026-09-04 15:20:00+00:00,25.52,25.615,25.52,25.595,4316.0,45.0,25.574386
MOS,2026-09-04 15:25:00+00:00,25.57,25.68,25.57,25.66,7510.0,76.0,25.651015
MOS,2026-09-04 15:30:00+00:00,25.645,25.675,25.645,25.655,4220.0,38.0,25.660852
MOS,2026-09-04 15:35:00+00:00,25.655,25.66,25.625,25.63,5889.0,56.0,25.645147
MOS,2026-09-04 15:40:00+00:00,25.61,25.645,25.595,25.645,2468.0,35.0,25.627461
MOS,2026-09-04 15:45:00+00:00,25.64,25.675,25.635,25.675,3027.0,30.0,25.642591
MOS,2026-09-04 15:50:00+00:00,25.71,25.72,25.695,25.72,2144.0,25.0,25.712703
MOS,2026-09-04 15:55:00+00:00,25.755,25.795,25.735,25.765,6254.0,70.0,25.755959
MOS,2026-09-04 16:00:00+00:00,25.755,25.845,25.75,25.835,7902.0,70.0,25.807872
MOS,2026-09-04 16:05:00+00:00,25.835,25.88,25.83,25.86,3130.0,43.0,25.8508
MOS,2026-09-04 16:10:00+00:00,25.84,25.875,25.83,25.835,4148.0,48.0,25.857578
MOS,2026-09-04 16:15:00+00:00,25.835,25.88,25.835,25.88,4743.0,47.0,25.872551
MOS,2026-09-04 16:20:00+00:00,25.875,25.875,25.835,25.84,3007.0,32.0,25.856797
MOS,2026-09-04 16:25:00+00:00,25.83,25.975,25.83,25.875,7463.0,83.0,25.902168
MOS,2026-09-04 16:30:00+00:00,25.865,25.905,25.85,25.905,5135.0,60.0,25.868135
MOS,2026-09-04 16:35:00+00:00,25.89,25.89,25.86,25.875,3255.0,33.0,25.880581
MOS,2026-09-04 16:40:00+00:00,25.875,25.92,25.87,25.92,3223.0,41.0,25.892143
MOS,2026-09-04 16:45:00+00:00,25.925,25.935,25.885,25.89,5751.0,58.0,25.912702
MOS,2026-09-04 16:50:00+00:00,25.88,25.895,25.845,25.855,3791.0,45.0,25.868788
MOS,2026-09-04 16:55:00+00:00,25.865,25.875,25.855,25.855,4074.0,44.0,25.862717
MOS,2026-09-04 17:00:00+00:00,25.855,25.885,25.855,25.865,3619.0,52.0,25.869293
MOS,2026-09-04 17:05:00+00:00,25.825,25.835,25.805,25.805,814.0,9.0,25.824286
MOS,2026-09-04 17:10:00+00:00,25.805,25.815,25.77,25.77,2064.0,27.0,25.792847
MOS,2026-09-04 17:15:00+00:00,25.765,25.825,25.765,25.825,2684.0,30.0,25.79106
MOS,2026-09-04 17:20:00+00:00,25.815,25.815,25.785,25.79,1563.0,24.0,25.793205
MOS,2026-09-04 17:25:00+00:00,25.805,25.835,25.805,25.815,2987.0,38.0,25.815578
MOS,2026-09-04 17:30:00+00:00,25.81,25.9,25.8,25.895,5381.0,64.0,25.85594
MOS,2026-09-04 17:35:00+00:00,25.88,25.885,25.85,25.865,2977.0,33.0,25.870483
MOS,2026-09-04 17:40:00+00:00,25.875,25.875,25.855,25.86,2523.0,29.0,25.865353
MOS,2026-09-04 17:45:00+00:00,25.865,25.865,25.8,25.815,8053.0,69.0,25.833214
MOS,2026-09-04 17:50:00+00:00,25.815,25.815,25.8,25.8,2704.0,39.0,25.805807
MOS,2026-09-04 17:55:00+00:00,25.81,25.835,25.805,25.835,5059.0,57.0,25.81929
MOS,2026-09-04 18:00:00+00:00,25.835,26.04,25.835,26.02,19480.0,172.0,25.977199
MOS,2026-09-04 18:05:00+00:00,26.005,26.005,25.935,25.945,35423.0,236.0,25.959884
MOS,2026-09-04 18:10:00+00:00,25.955,25.965,25.91,25.94,13914.0,115.0,25.934041
MOS,2026-09-04 18:15:00+00:00,25.96,25.985,25.955,25.955,2099.0,44.0,25.96948
MOS,2026-09-04 18:20:00+00:00,25.965,25.97,25.89,25.895,6577.0,58.0,25.942023
MOS,2026-09-04 18:25:00+00:00,25.89,25.905,25.88,25.88,1652.0,19.0,25.889333
MOS,2026-09-04 18:30:00+00:00,25.875,25.9,25.865,25.895,2630.0,34.0,25.885932
MOS,2026-09-04 18:35:00+00:00,25.89,25.895,25.88,25.895,1987.0,19.0,25.8875
MOS,2026-09-04 18:40:00+00:00,25.895,25.905,25.885,25.905,2645.0,32.0,25.894525
MOS,2026-09-04 18:45:00+00:00,25.915,25.915,25.86,25.86,2792.0,27.0,25.89
MOS,2026-09-04 18:50:00+00:00,25.86,25.86,25.785,25.785,3393.0,33.0,25.838723
MOS,2026-09-04 18:55:00+00:00,25.785,25.785,25.74,25.74,2910.0,39.0,25.770916
MOS,2026-09-04 19:00:00+00:00,25.73,25.755,25.725,25.745,2100.0,32.0,25.738224
MOS,2026-09-04 19:05:00+00:00,25.725,25.73,25.695,25.715,3585.0,37.0,25.712462
MOS,2026-09-04 19:10:00+00:00,25.705,25.725,25.69,25.69,3618.0,44.0,25.702576
MOS,2026-09-04 19:15:00+00:00,25.695,25.7,25.665,25.665,7418.0,97.0,25.687843
MOS,2026-09-04 19:20:00+00:00,25.665,25.695,25.66,25.665,7532.0,68.0,25.670901
MOS,2026-09-04 19:25:00+00:00,25.665,25.675,25.6,25.61,12089.0,109.0,25.652029
MOS,2026-09-04 19:30:00+00:00,25.6,25.715,25.59,25.715,8214.0,75.0,25.635858
MOS,2026-09-04 19:35:00+00:00,25.715,25.73,25.645,25.645,6748.0,80.0,25.700509
MOS,2026-09-04 19:40:00+00:00,25.63,25.66,25.57,25.64,9993.0,113.0,25.642696
MOS,2026-09-04 19:45:00+00:00,25.64,25.725,25.62,25.705,18356.0,146.0,25.666972
MOS,2026-09-04 19:50:00+00:00,25.705,25.775,25.69,25.755,18413.0,167.0,25.729824
MOS,2026-09-04 19:55:00+00:00,25.77,25.86,25.755,25.855,53648.0,486.0,25.808254
MOS,2026-09-08 13:30:00+00:00,26.145,26.52,26.145,26.29,17568.0,150.0,26.402461
MOS,2026-09-08 13:35:00+00:00,26.29,26.42,26.08,26.13,11213.0,122.0,26.299737
MOS,2026-09-08 13:40:00+00:00,26.14,26.465,26.045,26.44,10606.0,116.0,26.27211
MOS,2026-09-08 13:45:00+00:00,26.455,26.54,26.345,26.51,34591.0,301.0,26.457192
MOS,2026-09-08 13:50:00+00:00,26.51,26.675,26.4,26.65,25732.0,233.0,26.542571
MOS,2026-09-08 13:55:00+00:00,26.68,26.7,26.405,26.48,58621.0,313.0,26.608126
MOS,2026-09-08 14:00:00+00:00,26.47,26.615,26.46,26.555,14690.0,152.0,26.550112
MOS,2026-09-08 14:05:00+00:00,26.55,26.55,26.435,26.465,16490.0,183.0,26.491859
MOS,2026-09-08 14:10:00+00:00,26.46,26.485,26.305,26.345,12885.0,140.0,26.416948
MOS,2026-09-08 14:15:00+00:00,26.35,26.395,26.345,26.39,8992.0,108.0,26.368488
MOS,2026-09-08 14:20:00+00:00,26.415,26.495,26.38,26.43,18848.0,174.0,26.451536
MOS,2026-09-08 14:25:00+00:00,26.435,26.63,26.435,26.555,10437.0,109.0,26.539603
MOS,2026-09-08 14:30:00+00:00,26.56,26.63,26.56,26.605,13924.0,150.0,26.603987
MOS,2026-09-08 14:35:00+00:00,26.565,26.66,26.565,26.65,11805.0,130.0,26.608102
MOS,2026-09-08 14:40:00+00:00,26.65,26.855,26.65,26.855,21156.0,210.0,26.731095
MOS,2026-09-08 14:45:00+00:00,26.845,26.87,26.745,26.8,12337.0,132.0,26.824903
MOS,2026-09-08 14:50:00+00:00,26.8,26.815,26.71,26.75,7825.0,122.0,26.761349
MOS,2026-09-08 14:55:00+00:00,26.745,26.745,26.635,26.635,7524.0,90.0,26.707269
MOS,2026-09-08 15:00:00+00:00,26.635,26.655,26.535,26.54,9886.0,117.0,26.591418
MOS,2026-09-08 15:05:00+00:00,26.535,26.565,26.5,26.56,9149.0,104.0,26.532472
MOS,2026-09-08 15:10:00+00:00,26.565,26.565,26.53,26.53,4752.0,82.0,26.551802
MOS,2026-09-08 15:15:00+00:00,26.54,26.585,26.525,26.54,7773.0,101.0,26.549636
MOS,2026-09-08 15:20:00+00:00,26.535,26.535,26.455,26.455,4089.0,59.0,26.494786
MOS,2026-09-08 15:25:00+00:00,26.435,26.515,26.43,26.465,9065.0,110.0,26.478112
MOS,2026-09-08 15:30:00+00:00,26.47,26.47,26.425,26.43,4118.0,65.0,26.450781
MOS,2026-09-08 15:35:00+00:00,26.415,26.43,26.38,26.385,5010.0,82.0,26.40375
MOS,2026-09-08 15:40:00+00:00,26.385,26.395,26.32,26.355,9791.0,123.0,26.354133
MOS,2026-09-08 15:45:00+00:00,26.36,26.36,26.3,26.3,4459.0,49.0,26.320912
MOS,2026-09-08 15:50:00+00:00,26.295,26.34,26.275,26.325,5446.0,65.0,26.306568
MOS,2026-09-08 15:55:00+00:00,26.315,26.355,26.275,26.275,5679.0,84.0,26.322931
MOS,2026-09-08 16:00:00+00:00,26.285,26.39,26.28,26.39,9133.0,102.0,26.327444
MOS,2026-09-08 16:05:00+00:00,26.405,26.45,26.35,26.355,5679.0,72.0,26.388279
MOS,2026-09-08 16:10:00+00:00,26.335,26.335,26.265,26.265,7040.0,67.0,26.313866
MOS,2026-09-08 16:15:00+00:00,26.26,26.26,26.205,26.225,6664.0,101.0,26.234271
MOS,2026-09-08 16:20:00+00:00,26.215,26.285,26.21,26.23,6536.0,81.0,26.236974
MOS,2026-09-08 16:25:00+00:00,26.265,26.32,26.255,26.315,4096.0,72.0,26.269901
MOS,2026-09-08 16:30:00+00:00,26.32,26.325,26.275,26.275,8383.0,76.0,26.30119
MOS,2026-09-08 16:35:00+00:00,26.27,26.275,26.245,26.26,5112.0,72.0,26.260761
MOS,2026-09-08 16:40:00+00:00,26.265,26.275,26.255,26.265,3796.0,54.0,26.26803
MOS,2026-09-08 16:45:00+00:00,26.295,26.34,26.28,26.34,7184.0,85.0,26.303797
MOS,2026-09-08 16:50:00+00:00,26.335,26.36,26.2,26.205,6965.0,97.0,26.293441
MOS,2026-09-08 16:55:00+00:00,26.205,26.27,26.19,26.27,9675.0,111.0,26.215939
MOS,2026-09-08 17:00:00+00:00,26.285,26.33,26.27,26.33,5414.0,65.0,26.289506
MOS,2026-09-08 17:05:00+00:00,26.365,26.37,26.305,26.355,8130.0,98.0,26.338744
MOS,2026-09-08 17:10:00+00:00,26.345,26.365,26.34,26.34,4379.0,48.0,26.349674
MOS,2026-09-08 17:15:00+00:00,26.335,26.35,26.285,26.285,5750.0,66.0,26.328436
MOS,2026-09-08 17:20:00+00:00,26.305,26.305,26.27,26.305,4910.0,60.0,26.294694
MOS,2026-09-08 17:25:00+00:00,26.3,26.36,26.29,26.36,3630.0,54.0,26.319692
MOS,2026-09-08 17:30:00+00:00,26.37,26.425,26.37,26.405,11206.0,114.0,26.399957
MOS,2026-09-08 17:35:00+00:00,26.405,26.42,26.385,26.385,3526.0,46.0,26.397824
MOS,2026-09-08 17:40:00+00:00,26.385,26.415,26.33,26.33,4472.0,67.0,26.377634
MOS,2026-09-08 17:45:00+00:00,26.33,26.36,26.33,26.36,3266.0,47.0,26.343889
MOS,2026-09-08 17:50:00+00:00,26.36,26.42,26.36,26.42,2948.0,53.0,26.384091
MOS,2026-09-08 17:55:00+00:00,26.415,26.415,26.37,26.37,6661.0,99.0,26.382071
MOS,2026-09-08 18:00:00+00:00,26.38,26.405,26.325,26.39,5553.0,81.0,26.371384
MOS,2026-09-08 18:05:00+00:00,26.37,26.405,26.37,26.405,2366.0,35.0,26.399997
MOS,2026-09-08 18:10:00+00:00,26.405,26.425,26.395,26.405,5794.0,70.0,26.411369
MOS,2026-09-08 18:15:00+00:00,26.4,26.405,26.335,26.35,4137.0,61.0,26.363518
MOS,2026-09-08 18:20:00+00:00,26.35,26.4,26.35,26.4,3209.0,47.0,26.378872
MOS,2026-09-08 18:25:00+00:00,26.41,26.42,26.365,26.385,5224.0,91.0,26.395673
MOS,2026-09-08 18:30:00+00:00,26.38,26.425,26.355,26.425,4611.0,56.0,26.374717
MOS,2026-09-08 18:35:00+00:00,26.42,26.47,26.415,26.465,4192.0,65.0,26.448484
MOS,2026-09-08 18:40:00+00:00,26.47,26.525,26.47,26.525,5517.0,80.0,26.490498
MOS,2026-09-08 18:45:00+00:00,26.53,26.56,26.515,26.52,9530.0,108.0,26.540268
MOS,2026-09-08 18:50:00+00:00,26.51,26.575,26.49,26.565,4823.0,65.0,26.532226
MOS,2026-09-08 18:55:00+00:00,26.57,26.665,26.57,26.65,7056.0,76.0,26.618746
MOS,2026-09-08 19:00:00+00:00,26.645,26.685,26.635,26.655,8455.0,115.0,26.661989
MOS,2026-09-08 19:05:00+00:00,26.64,26.68,26.64,26.64,6177.0,75.0,26.662856
MOS,2026-09-08 19:10:00+00:00,26.655,26.67,26.645,26.655,7910.0,84.0,26.655705
MOS,2026-09-08 19:15:00+00:00,26.655,26.735,26.655,26.675,12691.0,159.0,26.70357
MOS,2026-09-08 19:20:00+00:00,26.665,26.685,26.63,26.655,33473.0,220.0,26.648826
MOS,2026-09-08 19:25:00+00:00,26.66,26.69,26.63,26.63,8518.0,118.0,26.659051
MOS,2026-09-08 19:30:00+00:00,26.62,26.625,26.555,26.595,10753.0,117.0,26.599881
MOS,2026-09-08 19:35:00+00:00,26.595,26.63,26.58,26.605,12328.0,120.0,26.603738
MOS,2026-09-08 19:40:00+00:00,26.61,26.68,26.6,26.625,14301.0,149.0,26.632062
MOS,2026-09-08 19:45:00+00:00,26.63,26.635,26.555,26.555,22275.0,223.0,26.605183
MOS,2026-09-08 19:50:00+00:00,26.56,26.565,26.5,26.505,26688.0,276.0,26.540373
MOS,2026-09-08 19:55:00+00:00,26.5,26.575,26.48,26.53,101164.0,889.0,26.542029
MOS,2026-09-09 13:30:00+00:00,26.8,26.95,26.715,26.715,4626.0,44.0,26.851036
MOS,2026-09-09 13:35:00+00:00,26.7,26.7,26.51,26.51,5451.0,63.0,26.612789
MOS,2026-09-09 13:40:00+00:00,26.46,26.53,26.4,26.53,6060.0,64.0,26.469076
MOS,2026-09-09 13:45:00+00:00,26.515,26.515,26.35,26.49,7959.0,77.0,26.450619
MOS,2026-09-09 13:50:00+00:00,26.465,26.49,26.36,26.49,6212.0,60.0,26.433643
MOS,2026-09-09 13:55:00+00:00,26.5,26.51,26.34,26.4,11431.0,94.0,26.449641
MOS,2026-09-09 14:00:00+00:00,26.41,26.61,26.35,26.585,14902.0,172.0,26.502177
MOS,2026-09-09 14:05:00+00:00,26.585,26.61,26.465,26.505,6819.0,81.0,26.526704
MOS,2026-09-09 14:10:00+00:00,26.5,26.51,26.24,26.275,19812.0,185.0,26.331858
MOS,2026-09-09 14:15:00+00:00,26.275,26.36,26.24,26.35,11866.0,130.0,26.287095
MOS,2026-09-09 14:20:00+00:00,26.365,26.365,26.295,26.36,10391.0,112.0,26.341495
MOS,2026-09-09 14:25:00+00:00,26.355,26.39,26.315,26.39,7101.0,93.0,26.347869
MOS,2026-09-09 14:30:00+00:00,26.38,26.42,26.355,26.37,6556.0,71.0,26.388167
MOS,2026-09-09 14:35:00+00:00,26.355,26.36,26.27,26.32,7748.0,82.0,26.309823
MOS,2026-09-09 14:40:00+00:00,26.315,26.315,26.2,26.23,5433.0,64.0,26.24721
MOS,2026-09-09 14:45:00+00:00,26.16,26.23,26.15,26.205,13919.0,128.0,26.196143
MOS,2026-09-09 14:50:00+00:00,26.195,26.35,26.19,26.35,9639.0,103.0,26.282783
MOS,2026-09-09 14:55:00+00:00,26.32,26.325,26.23,26.24,6775.0,76.0,26.251271
MOS,2026-09-09 15:00:00+00:00,26.23,26.355,26.23,26.3,10349.0,126.0,26.310149
MOS,2026-09-09 15:05:00+00:00,26.31,26.33,26.27,26.305,6722.0,86.0,26.288833
MOS,2026-09-09 15:10:00+00:00,26.29,26.295,26.21,26.265,4346.0,54.0,26.248125
MOS,2026-09-09 15:15:00+00:00,26.24,26.255,26.195,26.22,5489.0,63.0,26.2331
MOS,2026-09-09 15:20:00+00:00,26.22,26.23,26.195,26.21,5341.0,62.0,26.205426
MOS,2026-09-09 15:25:00+00:00,26.21,26.215,26.185,26.21,5352.0,61.0,26.200293
MOS,2026-09-09 15:30:00+00:00,26.22,26.225,26.15,26.22,5664.0,65.0,26.191731
MOS,2026-09-09 15:35:00+00:00,26.24,26.28,26.23,26.275,6275.0,69.0,26.257177
MOS,2026-09-09 15:40:00+00:00,26.285,26.295,26.24,26.24,4319.0,53.0,26.273875
MOS,2026-09-09 15:45:00+00:00,26.235,26.255,26.2,26.255,3488.0,37.0,26.219063
MOS,2026-09-09 15:50:00+00:00,26.26,26.34,26.245,26.315,5198.0,57.0,26.276477
MOS,2026-09-09 15:55:00+00:00,26.325,26.325,26.285,26.315,3512.0,44.0,26.310741
MOS,2026-09-09 16:00:00+00:00,26.26,26.26,26.23,26.255,2072.0,27.0,26.247948
MOS,2026-09-09 16:05:00+00:00,26.24,26.295,26.24,26.28,2013.0,20.0,26.275428
MOS,2026-09-09 16:10:00+00:00,26.27,26.41,26.27,26.41,3769.0,39.0,26.311094
MOS,2026-09-09 16:15:00+00:00,26.41,26.44,26.37,26.38,3421.0,43.0,26.4105
MOS,2026-09-09 16:20:00+00:00,26.385,26.47,26.385,26.47,4434.0,44.0,26.438293
MOS,2026-09-09 16:25:00+00:00,26.475,26.715,26.475,26.71,10404.0,101.0,26.634361
MOS,2026-09-09 16:30:00+00:00,26.715,26.785,26.715,26.76,9603.0,82.0,26.750994
MOS,2026-09-09 16:35:00+00:00,26.775,26.775,26.6,26.63,18832.0,118.0,26.638071
MOS,2026-09-09 16:40:00+00:00,26.655,26.675,26.645,26.665,8148.0,83.0,26.659999
MOS,2026-09-09 16:45:00+00:00,26.645,26.645,26.555,26.585,5640.0,62.0,26.593197
MOS,2026-09-09 16:50:00+00:00,26.585,26.59,26.44,26.465,7601.0,75.0,26.488632
MOS,2026-09-09 16:55:00+00:00,26.455,26.495,26.44,26.495,10069.0,104.0,26.461908
MOS,2026-09-09 17:00:00+00:00,26.49,26.555,26.485,26.515,8099.0,83.0,26.53119
MOS,2026-09-09 17:05:00+00:00,26.515,26.515,26.45,26.475,8131.0,70.0,26.488744
MOS,2026-09-09 17:10:00+00:00,26.475,26.475,26.38,26.38,8440.0,81.0,26.465045
MOS,2026-09-09 17:15:00+00:00,26.38,26.385,26.345,26.345,8011.0,61.0,26.363941
MOS,2026-09-09 17:20:00+00:00,26.34,26.42,26.34,26.38,16467.0,158.0,26.379413
MOS,2026-09-09 17:25:00+00:00,26.365,26.375,26.335,26.34,5939.0,66.0,26.358691
MOS,2026-09-09 17:30:00+00:00,26.335,26.39,26.335,26.37,11627.0,105.0,26.36839
MOS,2026-09-09 17:35:00+00:00,26.36,26.385,26.335,26.385,8406.0,92.0,26.358716
MOS,2026-09-09 17:40:00+00:00,26.395,26.43,26.375,26.42,17927.0,135.0,26.4025
MOS,2026-09-09 17:45:00+00:00,26.405,26.415,26.4,26.415,10321.0,93.0,26.411584
MOS,2026-09-09 17:50:00+00:00,26.405,26.405,26.35,26.365,10662.0,92.0,26.380441
MOS,2026-09-09 17:55:00+00:00,26.365,26.375,26.335,26.335,12276.0,110.0,26.367036
MOS,2026-09-09 18:00:00+00:00,26.34,26.36,26.34,26.355,10693.0,105.0,26.351287
MOS,2026-09-09 18:05:00+00:00,26.34,26.34,26.25,26.25,9871.0,84.0,26.308488
MOS,2026-09-09 18:10:00+00:00,26.255,26.28,26.245,26.245,8540.0,89.0,26.269852
MOS,2026-09-09 18:15:00+00:00,26.245,26.265,26.245,26.265,6632.0,70.0,26.254833
MOS,2026-09-09 18:20:00+00:00,26.265,26.265,26.23,26.245,12935.0,114.0,26.249771
MOS,2026-09-09 18:25:00+00:00,26.215,26.26,26.21,26.25,10572.0,95.0,26.236205
MOS,2026-09-09 18:30:00+00:00,26.255,26.265,26.235,26.245,14715.0,126.0,26.251162
MOS,2026-09-09 18:35:00+00:00,26.245,26.245,26.18,26.19,6335.0,63.0,26.216771
MOS,2026-09-09 18:40:00+00:00,26.195,26.215,26.18,26.215,6777.0,70.0,26.20139
MOS,2026-09-09 18:45:00+00:00,26.19,26.19,26.17,26.17,2318.0,27.0,26.174841
MOS,2026-09-09 18:50:00+00:00,26.15,26.15,26.09,26.1,2721.0,36.0,26.110625
MOS,2026-09-09 18:55:00+00:00,26.125,26.13,26.115,26.13,1531.0,28.0,26.125556
MOS,2026-09-09 19:00:00+00:00,26.135,26.17,26.125,26.135,5242.0,43.0,26.143574
MOS,2026-09-09 19:05:00+00:00,26.15,26.23,26.14,26.195,16273.0,151.0,26.186333
MOS,2026-09-09 19:10:00+00:00,26.195,26.195,26.155,26.165,1396.0,21.0,26.172068
MOS,2026-09-09 19:15:00+00:00,26.17,26.19,26.15,26.165,3813.0,54.0,26.166912
MOS,2026-09-09 19:20:00+00:00,26.165,26.2,26.14,26.195,8361.0,77.0,26.171296
MOS,2026-09-09 19:25:00+00:00,26.195,26.35,26.195,26.315,12013.0,108.0,26.278418
MOS,2026-09-09 19:30:00+00:00,26.325,26.325,26.25,26.265,14101.0,119.0,26.286505
MOS,2026-09-09 19:35:00+00:00,26.265,26.3,26.23,26.23,8949.0,139.0,26.267136
MOS,2026-09-09 19:40:00+00:00,26.23,26.25,26.21,26.24,6964.0,89.0,26.231364
MOS,2026-09-09 19:45:00+00:00,26.24,26.245,26.185,26.185,11359.0,100.0,26.215794
MOS,2026-09-09 19:50:00+00:00,26.195,26.195,26.115,26.17,14614.0,133.0,26.153958
MOS,2026-09-09 19:55:00+00:00,26.185,26.27,26.165,26.21,62866.0,474.0,26.217323
MOS,2026-09-10 13:30:00+00:00,25.97,26.14,25.76,26.035,4758.0,32.0,26.011277
MOS,2026-09-10 13:35:00+00:00,26.0,26.0,25.925,25.93,3114.0,34.0,25.966538
MOS,2026-09-10 13:40:00+00:00,25.975,26.375,25.975,26.235,18281.0,128.0,26.273347
MOS,2026-09-10 13:45:00+00:00,26.22,26.29,26.17,26.26,3774.0,36.0,26.242879
MOS,2026-09-10 13:50:00+00:00,26.25,26.44,26.23,26.31,15274.0,158.0,26.354561
MOS,2026-09-10 13:55:00+00:00,26.36,26.5,26.25,26.27,21935.0,168.0,26.402941
MOS,2026-09-10 14:00:00+00:00,26.27,26.43,26.25,26.41,39379.0,246.0,26.352648
MOS,2026-09-10 14:05:00+00:00,26.41,26.42,26.12,26.22,36545.0,260.0,26.352434
MOS,2026-09-10 14:10:00+00:00,26.26,26.28,26.155,26.16,7465.0,72.0,26.232911
MOS,2026-09-10 14:15:00+00:00,26.1,26.11,25.97,26.005,9206.0,90.0,26.041823
MOS,2026-09-10 14:20:00+00:00,26.01,26.155,26.01,26.135,6396.0,70.0,26.099841
MOS,2026-09-10 14:25:00+00:00,26.155,26.18,26.11,26.12,6952.0,73.0,26.152513
MOS,2026-09-10 14:30:00+00:00,26.11,26.11,26.03,26.08,5355.0,67.0,26.079683
MOS,2026-09-10 14:35:00+00:00,26.075,26.13,26.0,26.0,3568.0,40.0,26.054063
MOS,2026-09-10 14:40:00+00:00,25.97,25.98,25.945,25.97,2608.0,33.0,25.964583
MOS,2026-09-10 14:45:00+00:00,25.99,26.02,25.945,25.955,5718.0,67.0,25.985259
MOS,2026-09-10 14:50:00+00:00,25.955,26.025,25.955,26.02,3694.0,52.0,25.991321
MOS,2026-09-10 14:55:00+00:00,26.005,26.035,25.985,25.985,4442.0,44.0,26.006208
MOS,2026-09-10 15:00:00+00:00,25.945,25.95,25.82,25.865,6180.0,50.0,25.88106
MOS,2026-09-10 15:05:00+00:00,25.86,25.92,25.86,25.86,5110.0,48.0,25.879281
MOS,2026-09-10 15:10:00+00:00,25.88,25.91,25.855,25.91,4240.0,41.0,25.871467
MOS,2026-09-10 15:15:00+00:00,25.905,25.915,25.83,25.845,5211.0,45.0,25.868624
MOS,2026-09-10 15:20:00+00:00,25.85,25.865,25.82,25.865,6918.0,78.0,25.842229
MOS,2026-09-10 15:25:00+00:00,25.875,25.93,25.87,25.87,7680.0,62.0,25.90639
MOS,2026-09-10 15:30:00+00:00,25.865,25.91,25.85,25.895,7407.0,67.0,25.867526
MOS,2026-09-10 15:35:00+00:00,25.895,26.03,25.895,25.975,3381.0,42.0,25.993269
MOS,2026-09-10 15:40:00+00:00,25.98,25.98,25.955,25.955,2777.0,32.0,25.970217
MOS,2026-09-10 15:45:00+00:00,25.97,25.995,25.87,25.905,4940.0,44.0,25.931304
MOS,2026-09-10 15:50:00+00:00,25.925,25.935,25.9,25.935,3829.0,33.0,25.917314
MOS,2026-09-10 15:55:00+00:00,25.945,25.945,25.91,25.94,2547.0,31.0,25.93275
MOS,2026-09-10 16:00:00+00:00,25.95,25.96,25.905,25.905,2984.0,36.0,25.933518
MOS,2026-09-10 16:05:00+00:00,25.9,25.9,25.87,25.88,3567.0,37.0,25.890846
MOS,2026-09-10 16:10:00+00:00,25.875,25.875,25.83,25.845,2914.0,32.0,25.842692
MOS,2026-09-10 16:15:00+00:00,25.865,25.92,25.805,25.855,6991.0,68.0,25.864784
MOS,2026-09-10 16:20:00+00:00,25.85,25.99,25.85,25.99,3135.0,33.0,25.932857
MOS,2026-09-10 16:25:00+00:00,25.965,26.06,25.965,26.05,12214.0,92.0,26.027216
MOS,2026-09-10 16:30:00+00:00,26.055,26.14,25.96,25.97,8734.0,66.0,26.015511
MOS,2026-09-10 16:35:00+00:00,25.97,25.97,25.92,25.945,5208.0,51.0,25.935104
MOS,2026-09-10 16:40:00+00:00,25.955,25.975,25.89,25.9,3638.0,35.0,25.929788
MOS,2026-09-10 16:45:00+00:00,25.885,25.925,25.82,25.83,5895.0,64.0,25.889914
MOS,2026-09-10 16:50:00+00:00,25.83,25.83,25.82,25.83,1677.0,22.0,25.826429
MOS,2026-09-10 16:55:00+00:00,25.82,25.82,25.785,25.805,2217.0,31.0,25.804412
MOS,2026-09-10 17:00:00+00:00,25.8,25.855,25.795,25.82,2295.0,27.0,25.830057
MOS,2026-09-10 17:05:00+00:00,25.82,25.835,25.805,25.815,1477.0,23.0,25.825417
MOS,2026-09-10 17:10:00+00:00,25.82,25.835,25.795,25.8,3668.0,44.0,25.809958
MOS,2026-09-10 17:15:00+00:00,25.76,25.78,25.72,25.735,4245.0,55.0,25.751691
MOS,2026-09-10 17:20:00+00:00,25.74,25.74,25.65,25.705,3815.0,40.0,25.680429
MOS,2026-09-10 17:25:00+00:00,25.71,25.755,25.635,25.635,9823.0,83.0,25.70605
MOS,2026-09-10 17:30:00+00:00,25.62,25.71,25.585,25.71,10988.0,100.0,25.643755
MOS,2026-09-10 17:35:00+00:00,25.715,25.73,25.675,25.7,5393.0,62.0,25.708775
MOS,2026-09-10 17:40:00+00:00,25.66,25.72,25.66,25.715,20603.0,141.0,25.700179
MOS,2026-09-10 17:45:00+00:00,25.72,25.73,25.66,25.66,5463.0,55.0,25.705298
MOS,2026-09-10 17:50:00+00:00,25.65,25.66,25.635,25.655,2871.0,35.0,25.646818
MOS,2026-09-10 17:55:00+00:00,25.65,25.675,25.64,25.675,4577.0,47.0,25.656906
MOS,2026-09-10 18:00:00+00:00,25.69,25.74,25.685,25.71,8495.0,82.0,25.705637
MOS,2026-09-10 18:05:00+00:00,25.715,25.775,25.71,25.71,11475.0,77.0,25.748207
MOS,2026-09-10 18:10:00+00:00,25.675,25.69,25.67,25.69,2283.0,21.0,25.679092
MOS,2026-09-10 18:15:00+00:00,25.695,25.71,25.69,25.695,2407.0,30.0,25.6945
MOS,2026-09-10 18:20:00+00:00,25.7,25.74,25.695,25.695,2888.0,30.0,25.712865
MOS,2026-09-10 18:25:00+00:00,25.71,25.71,25.63,25.63,6645.0,76.0,25.696964
MOS,2026-09-10 18:30:00+00:00,25.61,25.61,25.555,25.6,6571.0,66.0,25.589949
MOS,2026-09-10 18:35:00+00:00,25.6,25.61,25.58,25.61,3108.0,34.0,25.594444
MOS,2026-09-10 18:40:00+00:00,25.615,25.63,25.6,25.625,2583.0,27.0,25.6182
MOS,2026-09-10 18:45:00+00:00,25.635,25.64,25.62,25.63,5396.0,58.0,25.631752
MOS,2026-09-10 18:50:00+00:00,25.615,25.645,25.585,25.615,5980.0,54.0,25.615514
MOS,2026-09-10 18:55:00+00:00,25.61,25.615,25.6,25.61,2498.0,44.0,25.607099
MOS,2026-09-10 19:00:00+00:00,25.62,25.635,25.61,25.63,5032.0,48.0,25.626063
MOS,2026-09-10 19:05:00+00:00,25.625,25.65,25.61,25.635,4393.0,62.0,25.632742
MOS,2026-09-10 19:10:00+00:00,25.645,25.645,25.585,25.605,1369.0,26.0,25.602181
MOS,2026-09-10 19:15:00+00:00,25.605,25.64,25.605,25.64,4607.0,54.0,25.619877
MOS,2026-09-10 19:20:00+00:00,25.64,25.645,25.61,25.62,13524.0,125.0,25.632209
MOS,2026-09-10 19:25:00+00:00,25.62,25.655,25.62,25.63,14329.0,114.0,25.630862
MOS,2026-09-10 19:30:00+00:00,25.63,25.63,25.57,25.58,28557.0,167.0,25.607472
MOS,2026-09-10 19:35:00+00:00,25.58,25.615,25.52,25.52,9224.0,95.0,25.567253
MOS,2026-09-10 19:40:00+00:00,25.51,25.525,25.48,25.51,11325.0,85.0,25.510821
MOS,2026-09-10 19:45:00+00:00,25.51,25.575,25.5,25.535,11735.0,108.0,25.532727
MOS,2026-09-10 19:50:00+00:00,25.54,25.56,25.495,25.51,16461.0,147.0,25.520143
MOS,2026-09-10 19:55:00+00:00,25.505,25.575,25.4,25.41,76398.0,618.0,25.44872
MOS,2026-09-11 13:30:00+00:00,25.47,25.64,25.365,25.4,7270.0,60.0,25.472952
MOS,2026-09-11 13:35:00+00:00,25.34,25.4,25.34,25.4,2331.0,59.0,25.38459
MOS,2026-09-11 13:40:00+00:00,25.545,25.59,25.53,25.59,1071.0,13.0,25.547414
MOS,2026-09-11 13:45:00+00:00,25.655,25.81,25.61,25.8,2577.0,37.0,25.678953
MOS,2026-09-11 13:50:00+00:00,25.865,25.95,25.825,25.915,1415.0,32.0,25.869429
MOS,2026-09-11 13:55:00+00:00,25.915,25.97,25.89,25.89,4490.0,59.0,25.917039
MOS,2026-09-11 14:00:00+00:00,25.915,25.92,25.72,25.72,3530.0,46.0,25.863297
MOS,2026-09-11 14:05:00+00:00,25.725,25.79,25.64,25.64,3605.0,48.0,25.736186
MOS,2026-09-11 14:10:00+00:00,25.65,25.65,25.53,25.53,3315.0,42.0,25.573437
MOS,2026-09-11 14:15:00+00:00,25.54,25.66,25.52,25.65,3489.0,53.0,25.562561
MOS,2026-09-11 14:20:00+00:00,25.66,25.67,25.63,25.66,3597.0,50.0,25.653807
MOS,2026-09-11 14:25:00+00:00,25.65,25.67,25.61,25.61,4613.0,51.0,25.645485
MOS,2026-09-11 14:30:00+00:00,25.6,25.62,25.58,25.62,3220.0,46.0,25.611214
MOS,2026-09-11 14:35:00+00:00,25.57,25.67,25.57,25.67,7770.0,58.0,25.639799
MOS,2026-09-11 14:40:00+00:00,25.68,25.68,25.61,25.63,4659.0,50.0,25.646919
MOS,2026-09-11 14:45:00+00:00,25.625,25.7,25.625,25.69,27554.0,254.0,25.676768
MOS,2026-09-11 14:50:00+00:00,25.7,25.75,25.7,25.72,2008.0,31.0,25.726129
MOS,2026-09-11 14:55:00+00:00,25.67,25.68,25.665,25.67,1733.0,23.0,25.67
MOS,2026-09-11 15:00:00+00:00,25.7,25.75,25.695,25.75,1873.0,38.0,25.716604
MOS,2026-09-11 15:05:00+00:00,25.75,25.78,25.69,25.69,3994.0,53.0,25.733333
MOS,2026-09-11 15:10:00+00:00,25.68,25.68,25.51,25.52,2450.0,44.0,25.594238
MOS,2026-09-11 15:15:00+00:00,25.535,25.56,25.52,25.56,3263.0,47.0,25.544136
MOS,2026-09-11 15:20:00+00:00,25.58,25.615,25.58,25.59,3286.0,45.0,25.593547
MOS,2026-09-11 15:25:00+00:00,25.57,25.57,25.56,25.565,1046.0,17.0,25.568125
MOS,2026-09-11 15:30:00+00:00,25.53,25.53,25.44,25.44,2685.0,33.0,25.483384
MOS,2026-09-11 15:35:00+00:00,25.43,25.475,25.38,25.475,4764.0,58.0,25.414522
MOS,2026-09-11 15:40:00+00:00,25.46,25.53,25.38,25.53,5851.0,67.0,25.436124
MOS,2026-09-11 15:45:00+00:00,25.54,25.58,25.5,25.555,2638.0,50.0,25.545231
MOS,2026-09-11 15:50:00+00:00,25.555,25.56,25.54,25.555,1182.0,22.0,25.55178
MOS,2026-09-11 15:55:00+00:00,25.57,25.6,25.56,25.585,5917.0,64.0,25.577612
MOS,2026-09-11 16:00:00+00:00,25.54,25.575,25.485,25.54,3605.0,46.0,25.533976
MOS,2026-09-11 16:05:00+00:00,25.55,25.56,25.33,25.37,13371.0,80.0,25.413389
MOS,2026-09-11 16:10:00+00:00,25.37,25.37,25.27,25.27,2191.0,38.0,25.324827
MOS,2026-09-11 16:15:00+00:00,25.28,25.29,25.245,25.245,1662.0,21.0,25.273299
MOS,2026-09-11 16:20:00+00:00,25.26,25.26,25.215,25.22,1592.0,24.0,25.230164
MOS,2026-09-11 16:25:00+00:00,25.23,25.28,25.2,25.28,2093.0,41.0,25.247188
MOS,2026-09-11 16:30:00+00:00,25.25,25.295,25.25,25.28,4063.0,38.0,25.287117
MOS,2026-09-11 16:35:00+00:00,25.29,25.29,25.17,25.17,5250.0,62.0,25.225434
MOS,2026-09-11 16:40:00+00:00,25.18,25.235,25.18,25.23,5806.0,57.0,25.204619
MOS,2026-09-11 16:45:00+00:00,25.23,25.29,25.23,25.255,3838.0,52.0,25.265853
MOS,2026-09-11 16:50:00+00:00,25.25,25.295,25.25,25.295,2187.0,28.0,25.277105
MOS,2026-09-11 16:55:00+00:00,25.28,25.29,25.275,25.28,4016.0,50.0,25.285098
MOS,2026-09-11 17:00:00+00:00,25.255,25.275,25.255,25.27,664.0,17.0,25.27
MOS,2026-09-11 17:05:00+00:00,25.275,25.32,25.275,25.28,1876.0,31.0,25.286071
MOS,2026-09-11 17:10:00+00:00,25.28,25.28,25.22,25.22,2746.0,33.0,25.244524
MOS,2026-09-11 17:15:00+00:00,25.24,25.305,25.24,25.305,2028.0,34.0,25.281601
MOS,2026-09-11 17:20:00+00:00,25.315,25.35,25.31,25.33,3267.0,57.0,25.32375
MOS,2026-09-11 17:25:00+00:00,25.33,25.4,25.33,25.385,2520.0,36.0,25.375
MOS,2026-09-11 17:30:00+00:00,25.39,25.41,25.365,25.365,2635.0,40.0,25.387514
MOS,2026-09-11 17:35:00+00:00,25.37,25.38,25.31,25.31,2818.0,40.0,25.33623
MOS,2026-09-11 17:40:00+00:00,25.3,25.32,25.3,25.32,1219.0,13.0,25.311818
MOS,2026-09-11 17:45:00+00:00,25.32,25.32,25.31,25.31,1748.0,30.0,25.314634
MOS,2026-09-11 17:50:00+00:00,25.31,25.33,25.31,25.31,3550.0,47.0,25.31758
MOS,2026-09-11 17:55:00+00:00,25.31,25.31,25.24,25.24,3566.0,63.0,25.28342
MOS,2026-09-11 18:00:00+00:00,25.27,25.27,25.19,25.19,2875.0,32.0,25.249175
MOS,2026-09-11 18:05:00+00:00,25.21,25.23,25.18,25.21,4041.0,58.0,25.198652
MOS,2026-09-11 18:10:00+00:00,25.2,25.21,25.17,25.185,2540.0,18.0,25.178642
MOS,2026-09-11 18:15:00+00:00,25.19,25.205,25.185,25.2,2791.0,30.0,25.198585
MOS,2026-09-11 18:20:00+00:00,25.21,25.25,25.21,25.21,2211.0,32.0,25.228772
MOS,2026-09-11 18:25:00+00:00,25.205,25.21,25.18,25.19,859.0,14.0,25.19294
MOS,2026-09-11 18:30:00+00:00,25.21,25.21,25.15,25.17,7573.0,69.0,25.175808
MOS,2026-09-11 18:35:00+00:00,25.17,25.195,25.165,25.18,5384.0,53.0,25.184308
MOS,2026-09-11 18:40:00+00:00,25.165,25.18,25.1,25.11,7485.0,80.0,25.136595
MOS,2026-09-11 18:45:00+00:00,25.11,25.125,25.085,25.12,4107.0,52.0,25.101883
MOS,2026-09-11 18:50:00+00:00,25.115,25.13,25.11,25.12,4846.0,56.0,25.116371
MOS,2026-09-11 18:55:00+00:00,25.115,25.165,25.115,25.15,3467.0,61.0,25.141252
MOS,2026-09-11 19:00:00+00:00,25.15,25.15,25.11,25.125,4217.0,45.0,25.117141
MOS,2026-09-11 19:05:00+00:00,25.14,25.15,25.12,25.13,5828.0,50.0,25.143716
MOS,2026-09-11 19:10:00+00:00,25.115,25.115,25.055,25.105,2071.0,33.0,25.085716
MOS,2026-09-11 19:15:00+00:00,25.095,25.125,25.095,25.1,2455.0,36.0,25.111094
MOS,2026-09-11 19:20:00+00:00,25.1,25.15,25.09,25.15,4196.0,57.0,25.111532
MOS,2026-09-11 19:25:00+00:00,25.155,25.21,25.14,25.205,37459.0,140.0,25.152793
MOS,2026-09-11 19:30:00+00:00,25.205,25.29,25.205,25.29,9191.0,178.0,25.259733
MOS,2026-09-11 19:35:00+00:00,25.29,25.29,25.19,25.24,8039.0,103.0,25.233154
MOS,2026-09-11 19:40:00+00:00,25.255,25.255,25.2,25.2,12304.0,139.0,25.229164
MOS,2026-09-11 19:45:00+00:00,25.2,25.225,25.18,25.18,13615.0,126.0,25.198651
MOS,2026-09-11 19:50:00+00:00,25.19,25.235,25.18,25.195,42288.0,254.0,25.203638
MOS,2026-09-11 19:55:00+00:00,25.195,25.255,25.17,25.195,56909.0,571.0,25.20579
MOS,2026-09-14 13:30:00+00:00,24.78,24.82,24.515,24.73,4060.0,37.0,24.689107
MOS,2026-09-14 13:35:00+00:00,24.64,24.73,24.555,24.57,5340.0,58.0,24.600199
MOS,2026-09-14 13:40:00+00:00,24.76,25.085,24.74,25.01,11106.0,113.0,24.940425
MOS,2026-09-14 13:45:00+00:00,25.0,25.045,24.95,24.98,6138.0,102.0,25.001174
MOS,2026-09-14 13:50:00+00:00,24.965,24.98,24.85,24.87,3780.0,74.0,24.895486
MOS,2026-09-14 13:55:00+00:00,24.87,25.01,24.845,24.93,14168.0,165.0,24.914503
MOS,2026-09-14 14:00:00+00:00,24.94,25.13,24.9,25.07,16236.0,166.0,25.017191
MOS,2026-09-14 14:05:00+00:00,25.07,25.135,24.945,24.945,8955.0,118.0,25.069526
MOS,2026-09-14 14:10:00+00:00,24.94,25.025,24.94,24.96,3129.0,52.0,24.974375
MOS,2026-09-14 14:15:00+00:00,24.96,24.96,24.88,24.925,4162.0,52.0,24.9216
MOS,2026-09-14 14:20:00+00:00,24.9,24.9,24.72,24.74,11459.0,100.0,24.737712
MOS,2026-09-14 14:25:00+00:00,24.745,24.75,24.64,24.66,7779.0,115.0,24.676475
MOS,2026-09-14 14:30:00+00:00,24.65,24.76,24.59,24.76,7360.0,106.0,24.65687
MOS,2026-09-14 14:35:00+00:00,24.8,24.8,24.685,24.685,4878.0,64.0,24.753785
MOS,2026-09-14 14:40:00+00:00,24.7,24.77,24.67,24.74,4355.0,53.0,24.726522
MOS,2026-09-14 14:45:00+00:00,24.755,24.825,24.745,24.78,2794.0,50.0,24.779475
MOS,2026-09-14 14:50:00+00:00,24.765,24.775,24.715,24.73,3752.0,43.0,24.743696
MOS,2026-09-14 14:55:00+00:00,24.73,24.785,24.73,24.785,1934.0,31.0,24.755313
MOS,2026-09-14 15:00:00+00:00,24.76,24.795,24.74,24.78,3858.0,41.0,24.772973
MOS,2026-09-14 15:05:00+00:00,24.825,24.87,24.69,24.705,14482.0,192.0,24.770998
MOS,2026-09-14 15:10:00+00:00,24.73,24.76,24.7,24.74,3412.0,57.0,24.735789
MOS,2026-09-14 15:15:00+00:00,24.7,24.725,24.67,24.695,6901.0,78.0,24.695263
MOS,2026-09-14 15:20:00+00:00,24.68,24.725,24.68,24.7,2556.0,36.0,24.701579
MOS,2026-09-14 15:25:00+00:00,24.695,24.71,24.69,24.69,2860.0,63.0,24.69725
MOS,2026-09-14 15:30:00+00:00,24.7,24.745,24.67,24.745,3035.0,42.0,24.705191
MOS,2026-09-14 15:35:00+00:00,24.765,24.765,24.67,24.7,5461.0,72.0,24.709443
MOS,2026-09-14 15:40:00+00:00,24.695,24.72,24.69,24.72,4063.0,62.0,24.700322
MOS,2026-09-14 15:45:00+00:00,24.715,24.715,24.67,24.685,1791.0,27.0,24.689666
MOS,2026-09-14 15:50:00+00:00,24.66,24.73,24.66,24.73,1556.0,19.0,24.681334
MOS,2026-09-14 15:55:00+00:00,24.715,24.715,24.69,24.69,2167.0,27.0,24.703889
MOS,2026-09-14 16:00:00+00:00,24.715,24.725,24.705,24.705,2879.0,34.0,24.71477
MOS,2026-09-14 16:05:00+00:00,24.715,24.74,24.68,24.69,4071.0,55.0,24.704526
MOS,2026-09-14 16:10:00+00:00,24.685,24.695,24.67,24.695,2154.0,31.0,24.685
MOS,2026-09-14 16:15:00+00:00,24.695,24.72,24.69,24.72,2329.0,33.0,24.705753
MOS,2026-09-14 16:20:00+00:00,24.72,24.735,24.66,24.67,5195.0,64.0,24.700355
MOS,2026-09-14 16:25:00+00:00,24.68,24.685,24.64,24.64,5876.0,61.0,24.659705
MOS,2026-09-14 16:30:00+00:00,24.63,24.65,24.58,24.58,4724.0,51.0,24.632381
MOS,2026-09-14 16:35:00+00:00,24.58,24.59,24.53,24.565,14027.0,111.0,24.55266
MOS,2026-09-14 16:40:00+00:00,24.555,24.555,24.54,24.55,2736.0,38.0,24.543882
MOS,2026-09-14 16:45:00+00:00,24.545,24.565,24.5,24.51,6375.0,89.0,24.529451
MOS,2026-09-14 16:50:00+00:00,24.515,24.605,24.51,24.57,6372.0,73.0,24.546141
MOS,2026-09-14 16:55:00+00:00,24.565,24.575,24.535,24.555,5459.0,68.0,24.563285
MOS,2026-09-14 17:00:00+00:00,24.555,24.555,24.525,24.555,3319.0,46.0,24.541075
MOS,2026-09-14 17:05:00+00:00,24.55,24.55,24.535,24.545,1698.0,33.0,24.542083
MOS,2026-09-14 17:10:00+00:00,24.55,24.565,24.55,24.56,1199.0,24.0,24.56
MOS,2026-09-14 17:15:00+00:00,24.585,24.605,24.535,24.58,4645.0,67.0,24.571767
MOS,2026-09-14 17:20:00+00:00,24.575,24.585,24.57,24.57,1026.0,14.0,24.578862
MOS,2026-09-14 17:25:00+00:00,24.61,24.675,24.61,24.665,1878.0,27.0,24.642083
MOS,2026-09-14 17:30:00+00:00,24.67,24.685,24.625,24.625,2663.0,30.0,24.6666
MOS,2026-09-14 17:35:00+00:00,24.605,24.655,24.6,24.645,2718.0,35.0,24.627979
MOS,2026-09-14 17:40:00+00:00,24.645,24.645,24.61,24.62,1817.0,25.0,24.625579
MOS,2026-09-14 17:45:00+00:00,24.615,24.645,24.605,24.605,2390.0,33.0,24.618125
MOS,2026-09-14 17:50:00+00:00,24.6,24.615,24.58,24.615,3657.0,47.0,24.597107
MOS,2026-09-14 17:55:00+00:00,24.605,24.67,24.605,24.665,5925.0,77.0,24.633761
MOS,2026-09-14 18:00:00+00:00,24.655,24.675,24.635,24.67,3450.0,38.0,24.661172
MOS,2026-09-14 18:05:00+00:00,24.685,24.725,24.675,24.675,4473.0,55.0,24.705667
MOS,2026-09-14 18:10:00+00:00,24.68,24.725,24.68,24.685,2129.0,31.0,24.692778
MOS,2026-09-14 18:15:00+00:00,24.69,24.715,24.69,24.715,2359.0,33.0,24.706667
MOS,2026-09-14 18:20:00+00:00,24.725,24.725,24.685,24.685,4033.0,42.0,24.717103
MOS,2026-09-14 18:25:00+00:00,24.68,24.715,24.67,24.685,2908.0,33.0,24.690447
MOS,2026-09-14 18:30:00+00:00,24.685,24.695,24.68,24.68,1724.0,21.0,24.686072
MOS,2026-09-14 18:35:00+00:00,24.685,24.685,24.64,24.655,2945.0,35.0,24.660413
MOS,2026-09-14 18:40:00+00:00,24.655,24.655,24.615,24.635,2612.0,32.0,24.642508
MOS,2026-09-14 18:45:00+00:00,24.62,24.635,24.6,24.635,3905.0,34.0,24.623108
MOS,2026-09-14 18:50:00+00:00,24.635,24.635,24.58,24.595,2573.0,25.0,24.616432
MOS,2026-09-14 18:55:00+00:00,24.585,24.615,24.585,24.59,1618.0,26.0,24.59622
MOS,2026-09-14 19:00:00+00:00,24.595,24.605,24.53,24.53,2300.0,34.0,24.574321
MOS,2026-09-14 19:05:00+00:00,24.53,24.53,24.48,24.485,2502.0,28.0,24.516875
MOS,2026-09-14 19:10:00+00:00,24.49,24.55,24.49,24.55,1778.0,25.0,24.510561
MOS,2026-09-14 19:15:00+00:00,24.555,24.68,24.555,24.675,6966.0,73.0,24.612912
MOS,2026-09-14 19:20:00+00:00,24.72,24.75,24.7,24.735,5209.0,52.0,24.726595
MOS,2026-09-14 19:25:00+00:00,24.76,24.88,24.75,24.875,25293.0,164.0,24.828265
MOS,2026-09-14 19:30:00+00:00,24.87,24.905,24.82,24.86,8215.0,87.0,24.852241
MOS,2026-09-14 19:35:00+00:00,24.87,24.9,24.86,24.885,9602.0,113.0,24.883331
MOS,2026-09-14 19:40:00+00:00,24.885,24.975,24.88,24.97,5958.0,76.0,24.941642
MOS,2026-09-14 19:45:00+00:00,24.97,25.125,24.96,25.055,16586.0,167.0,25.039438
MOS,2026-09-14 19:50:00+00:00,25.05,25.08,25.045,25.045,19508.0,235.0,25.063207
MOS,2026-09-14 19:55:00+00:00,25.04,25.085,25.0,25.06,66963.0,720.0,25.052245
MOS,2026-09-15 13:30:00+00:00,24.88,24.98,24.8,24.975,13902.0,109.0,24.891273
MOS,2026-09-15 13:35:00+00:00,24.9,25.03,24.82,24.97,5826.0,72.0,24.913355
MOS,2026-09-15 13:40:00+00:00,24.97,25.05,24.935,24.99,4778.0,77.0,24.99758
MOS,2026-09-15 13:45:00+00:00,25.0,25.07,24.99,25.015,8048.0,94.0,25.028122
MOS,2026-09-15 13:50:00+00:00,25.04,25.265,25.04,25.13,16089.0,170.0,25.185635
MOS,2026-09-15 13:55:00+00:00,25.165,25.175,24.98,24.995,13998.0,140.0,25.081341
MOS,2026-09-15 14:00:00+00:00,24.97,24.995,24.9,24.955,7468.0,120.0,24.96019
MOS,2026-09-15 14:05:00+00:00,24.93,25.005,24.87,25.005,6535.0,69.0,24.930972
MOS,2026-09-15 14:10:00+00:00,24.98,25.0,24.92,24.92,5895.0,60.0,24.972123
MOS,2026-09-15 14:15:00+00:00,24.93,24.93,24.865,24.91,8668.0,131.0,24.903402
MOS,2026-09-15 14:20:00+00:00,24.905,24.91,24.83,24.87,7302.0,77.0,24.858973
MOS,2026-09-15 14:25:00+00:00,24.87,24.9,24.77,24.77,14152.0,120.0,24.870693
MOS,2026-09-15 14:30:00+00:00,24.76,24.86,24.76,24.835,6229.0,75.0,24.798845
MOS,2026-09-15 14:35:00+00:00,24.835,24.845,24.71,24.71,6478.0,60.0,24.780295
MOS,2026-09-15 14:40:00+00:00,24.7,24.72,24.655,24.655,6758.0,68.0,24.704724
MOS,2026-09-15 14:45:00+00:00,24.655,24.695,24.62,24.68,6988.0,67.0,24.661033
MOS,2026-09-15 14:50:00+00:00,24.655,24.7,24.63,24.685,16213.0,141.0,24.660048
MOS,2026-09-15 14:55:00+00:00,24.69,24.74,24.65,24.71,5008.0,50.0,24.714763
MOS,2026-09-15 15:00:00+00:00,24.72,24.76,24.685,24.705,27091.0,240.0,24.72663
MOS,2026-09-15 15:05:00+00:00,24.725,24.78,24.69,24.71,15196.0,158.0,24.740998
MOS,2026-09-15 15:10:00+00:00,24.72,24.775,24.71,24.765,6920.0,66.0,24.740794
MOS,2026-09-15 15:15:00+00:00,24.775,24.795,24.745,24.78,3343.0,47.0,24.77232
MOS,2026-09-15 15:20:00+00:00,24.78,24.885,24.74,24.875,7267.0,79.0,24.796447
MOS,2026-09-15 15:25:00+00:00,24.88,25.03,24.88,24.97,7402.0,68.0,24.96664
MOS,2026-09-15 15:30:00+00:00,24.965,24.965,24.865,24.905,5188.0,63.0,24.897379
MOS,2026-09-15 15:35:00+00:00,24.88,24.905,24.875,24.905,5327.0,45.0,24.890105
MOS,2026-09-15 15:40:00+00:00,24.91,24.99,24.885,24.99,8311.0,75.0,24.923143
MOS,2026-09-15 15:45:00+00:00,24.985,25.035,24.985,25.025,5795.0,63.0,25.015435
MOS,2026-09-15 15:50:00+00:00,25.03,25.055,24.98,24.98,7916.0,81.0,25.035727
MOS,2026-09-15 15:55:00+00:00,24.965,25.06,24.96,24.975,13137.0,139.0,25.007996
MOS,2026-09-15 16:00:00+00:00,25.025,25.06,25.005,25.005,4964.0,56.0,25.028687
MOS,2026-09-15 16:05:00+00:00,25.015,25.06,25.005,25.055,33496.0,75.0,25.054638
MOS,2026-09-15 16:10:00+00:00,25.055,25.06,24.93,24.95,30859.0,134.0,25.03843
MOS,2026-09-15 16:15:00+00:00,24.97,25.02,24.94,24.94,6549.0,71.0,24.971745
MOS,2026-09-15 16:20:00+00:00,24.96,25.08,24.95,25.075,13927.0,88.0,25.041522
MOS,2026-09-15 16:25:00+00:00,25.075,25.16,25.065,25.115,8314.0,78.0,25.123948
MOS,2026-09-15 16:30:00+00:00,25.105,25.115,25.01,25.06,7143.0,61.0,25.056435
MOS,2026-09-15 16:35:00+00:00,25.045,25.075,25.015,25.03,5419.0,55.0,25.036221
MOS,2026-09-15 16:40:00+00:00,25.035,25.135,25.03,25.135,5306.0,50.0,25.08601
MOS,2026-09-15 16:45:00+00:00,25.12,25.145,25.085,25.135,25766.0,172.0,25.125055
MOS,2026-09-15 16:50:00+00:00,25.145,25.17,25.115,25.155,4566.0,45.0,25.14218
MOS,2026-09-15 16:55:00+00:00,25.14,25.165,25.125,25.125,3283.0,39.0,25.141925
MOS,2026-09-15 17:00:00+00:00,25.115,25.145,25.065,25.09,3644.0,45.0,25.115353
MOS,2026-09-15 17:05:00+00:00,25.085,25.085,25.05,25.07,2579.0,28.0,25.064536
MOS,2026-09-15 17:10:00+00:00,25.13,25.2,25.125,25.18,5795.0,59.0,25.171424
MOS,2026-09-15 17:15:00+00:00,25.175,25.175,25.145,25.17,3014.0,37.0,25.1544
MOS,2026-09-15 17:20:00+00:00,25.14,25.18,25.125,25.165,3633.0,44.0,25.156719
MOS,2026-09-15 17:25:00+00:00,25.17,25.185,25.165,25.165,4241.0,52.0,25.177503
MOS,2026-09-15 17:30:00+00:00,25.17,25.24,25.155,25.225,7162.0,81.0,25.204427
MOS,2026-09-15 17:35:00+00:00,25.225,25.27,25.22,25.245,5668.0,60.0,25.238192
MOS,2026-09-15 17:40:00+00:00,25.265,25.325,25.21,25.325,7508.0,73.0,25.274578
MOS,2026-09-15 17:45:00+00:00,25.325,25.445,25.325,25.415,6069.0,57.0,25.381869
MOS,2026-09-15 17:50:00+00:00,25.43,25.58,25.43,25.54,13524.0,111.0,25.508388
MOS,2026-09-15 17:55:00+00:00,25.545,25.555,25.45,25.555,9198.0,104.0,25.534656
MOS,2026-09-15 18:00:00+00:00,25.555,25.555,25.475,25.51,5487.0,74.0,25.524039
MOS,2026-09-15 18:05:00+00:00,25.55,25.65,25.49,25.585,13753.0,117.0,25.576222
MOS,2026-09-15 18:10:00+00:00,25.6,25.6,25.525,25.525,7210.0,86.0,25.579512
MOS,2026-09-15 18:15:00+00:00,25.525,25.545,25.475,25.515,4748.0,48.0,25.517324
MOS,2026-09-15 18:20:00+00:00,25.54,25.6,25.535,25.555,4951.0,55.0,25.556572
MOS,2026-09-15 18:25:00+00:00,25.555,25.565,25.525,25.535,5577.0,60.0,25.545229
MOS,2026-09-15 18:30:00+00:00,25.53,25.53,25.46,25.49,4749.0,62.0,25.49392
MOS,2026-09-15 18:35:00+00:00,25.49,25.49,25.445,25.445,4615.0,50.0,25.46869
MOS,2026-09-15 18:40:00+00:00,25.435,25.51,25.425,25.485,3518.0,45.0,25.479844
MOS,2026-09-15 18:45:00+00:00,25.485,25.58,25.415,25.52,9287.0,103.0,25.509234
MOS,2026-09-15 18:50:00+00:00,25.485,25.485,25.385,25.395,6750.0,75.0,25.425294
MOS,2026-09-15 18:55:00+00:00,25.415,25.415,25.29,25.29,5000.0,59.0,25.366191
MOS,2026-09-15 19:00:00+00:00,25.295,25.365,25.27,25.29,5764.0,55.0,25.308774
MOS,2026-09-15 19:05:00+00:00,25.3,25.315,25.225,25.225,5706.0,47.0,25.255668
MOS,2026-09-15 19:10:00+00:00,25.195,25.225,25.145,25.21,6090.0,85.0,25.186733
MOS,2026-09-15 19:15:00+00:00,25.225,25.385,25.22,25.375,7049.0,86.0,25.323816
MOS,2026-09-15 19:20:00+00:00,25.375,25.395,25.275,25.275,9142.0,90.0,25.341702
MOS,2026-09-15 19:25:00+00:00,25.27,25.27,25.17,25.175,14394.0,141.0,25.214056
MOS,2026-09-15 19:30:00+00:00,25.13,25.21,25.13,25.185,7084.0,71.0,25.180875
MOS,2026-09-15 19:35:00+00:00,25.185,25.31,25.175,25.305,8304.0,93.0,25.242893
MOS,2026-09-15 19:40:00+00:00,25.3,25.3,25.21,25.22,9566.0,102.0,25.245347
MOS,2026-09-15 19:45:00+00:00,25.215,25.235,25.185,25.205,8663.0,104.0,25.210845
MOS,2026-09-15 19:50:00+00:00,25.205,25.28,25.2,25.28,20633.0,245.0,25.236933
MOS,2026-09-15 19:55:00+00:00,25.29,25.46,25.275,25.46,56800.0,683.0,25.411412
MOS,2026-09-16 13:30:00+00:00,25.255,25.305,25.195,25.3,4115.0,45.0,25.239387
MOS,2026-09-16 13:35:00+00:00,25.26,25.29,25.13,25.19,4658.0,64.0,25.196206
MOS,2026-09-16 13:40:00+00:00,25.21,25.225,24.98,25.155,5497.0,127.0,25.120243
MOS,2026-09-16 13:45:00+00:00,25.18,25.37,25.18,25.32,8806.0,82.0,25.328208
MOS,2026-09-16 13:50:00+00:00,25.32,25.365,25.16,25.18,7971.0,84.0,25.287802
MOS,2026-09-16 13:55:00+00:00,25.215,25.25,25.19,25.2,7124.0,71.0,25.230658
MOS,2026-09-16 14:00:00+00:00,25.19,25.37,25.175,25.195,7452.0,94.0,25.229824
MOS,2026-09-16 14:05:00+00:00,25.195,25.25,25.08,25.165,13275.0,159.0,25.166326
MOS,2026-09-16 14:10:00+00:00,25.165,25.245,25.16,25.195,7167.0,108.0,25.201916
MOS,2026-09-16 14:15:00+00:00,25.18,25.18,25.065,25.08,7519.0,95.0,25.095934
MOS,2026-09-16 14:20:00+00:00,25.075,25.11,25.02,25.07,8910.0,79.0,25.073719
MOS,2026-09-16 14:25:00+00:00,25.07,25.075,25.02,25.07,4875.0,61.0,25.049032
MOS,2026-09-16 14:30:00+00:00,25.07,25.07,24.97,25.02,5691.0,69.0,25.018206
MOS,2026-09-16 14:35:00+00:00,25.015,25.065,25.01,25.015,4094.0,53.0,25.030921
MOS,2026-09-16 14:40:00+00:00,25.015,25.04,24.925,24.935,4365.0,46.0,24.989878
MOS,2026-09-16 14:45:00+00:00,24.89,24.9,24.8,24.805,4949.0,87.0,24.866421
MOS,2026-09-16 14:50:00+00:00,24.805,24.82,24.76,24.76,6920.0,76.0,24.788305
MOS,2026-09-16 14:55:00+00:00,24.785,24.915,24.775,24.86,14579.0,150.0,24.876829
MOS,2026-09-16 15:00:00+00:00,24.86,24.915,24.8,24.85,16486.0,135.0,24.863937
MOS,2026-09-16 15:05:00+00:00,24.855,24.875,24.805,24.855,7542.0,73.0,24.850832
MOS,2026-09-16 15:10:00+00:00,24.88,24.915,24.835,24.885,10909.0,113.0,24.880224
MOS,2026-09-16 15:15:00+00:00,24.91,25.03,24.88,25.02,8339.0,92.0,24.952455
MOS,2026-09-16 15:20:00+00:00,25.03,25.19,25.02,25.18,6018.0,79.0,25.09921
MOS,2026-09-16 15:25:00+00:00,25.185,25.22,25.155,25.175,10874.0,116.0,25.198045
MOS,2026-09-16 15:30:00+00:00,25.15,25.165,25.11,25.13,6653.0,68.0,25.134828
MOS,2026-09-16 15:35:00+00:00,25.125,25.195,25.125,25.185,3539.0,45.0,25.161552
MOS,2026-09-16 15:40:00+00:00,25.2,25.275,25.2,25.235,2996.0,37.0,25.24898
MOS,2026-09-16 15:45:00+00:00,25.235,25.26,25.135,25.135,7129.0,103.0,25.225399
MOS,2026-09-16 15:50:00+00:00,25.135,25.145,25.02,25.145,3857.0,56.0,25.076763
MOS,2026-09-16 15:55:00+00:00,25.13,25.13,25.07,25.07,2053.0,30.0,25.112667
MOS,2026-09-16 16:00:00+00:00,25.095,25.14,25.07,25.1,2767.0,38.0,25.094737
MOS,2026-09-16 16:05:00+00:00,25.105,25.155,25.09,25.09,3038.0,37.0,25.122308
MOS,2026-09-16 16:10:00+00:00,25.09,25.09,25.03,25.04,4111.0,47.0,25.04896
MOS,2026-09-16 16:15:00+00:00,25.04,25.105,25.035,25.095,3983.0,51.0,25.067923
MOS,2026-09-16 16:20:00+00:00,25.09,25.105,24.995,24.995,7420.0,87.0,25.036198
MOS,2026-09-16 16:25:00+00:00,25.0,25.035,25.0,25.035,1620.0,26.0,25.015384
MOS,2026-09-16 16:30:00+00:00,25.055,25.055,24.99,24.995,2322.0,30.0,25.017857
MOS,2026-09-16 16:35:00+00:00,25.0,25.035,24.99,25.035,3183.0,46.0,25.0046
MOS,2026-09-16 16:40:00+00:00,25.025,25.025,24.99,24.99,1546.0,24.0,25.012904
MOS,2026-09-16 16:45:00+00:00,25.0,25.005,24.97,24.97,3294.0,39.0,24.991613
MOS,2026-09-16 16:50:00+00:00,24.98,25.035,24.98,25.035,2184.0,39.0,24.995882
MOS,2026-09-16 16:55:00+00:00,25.04,25.045,25.015,25.045,3049.0,47.0,25.030329
MOS,2026-09-16 17:00:00+00:00,25.05,25.09,25.0,25.0,7573.0,103.0,25.030263
MOS,2026-09-16 17:05:00+00:00,25.01,25.08,24.98,25.03,3354.0,51.0,25.03045
MOS,2026-09-16 17:10:00+00:00,25.055,25.105,25.03,25.105,4707.0,47.0,25.062029
MOS,2026-09-16 17:15:00+00:00,25.105,25.16,25.105,25.15,2706.0,33.0,25.138091
MOS,2026-09-16 17:20:00+00:00,25.16,25.175,25.135,25.175,2925.0,39.0,25.152298
MOS,2026-09-16 17:25:00+00:00,25.195,25.22,25.18,25.185,3318.0,45.0,25.199563
MOS,2026-09-16 17:30:00+00:00,25.175,25.185,25.11,25.11,4161.0,55.0,25.155741
MOS,2026-09-16 17:35:00+00:00,25.11,25.17,25.1,25.165,5318.0,65.0,25.130854
MOS,2026-09-16 17:40:00+00:00,25.165,25.185,25.13,25.13,3474.0,54.0,25.160227
MOS,2026-09-16 17:45:00+00:00,25.135,25.135,25.1,25.11,5350.0,75.0,25.115208
MOS,2026-09-16 17:50:00+00:00,25.115,25.145,25.115,25.145,4526.0,53.0,25.135
MOS,2026-09-16 17:55:00+00:00,25.145,25.15,25.11,25.11,4333.0,56.0,25.132361
MOS,2026-09-16 18:00:00+00:00,25.1,25.1,24.795,24.885,12739.0,178.0,24.91485
MOS,2026-09-16 18:05:00+00:00,24.875,25.06,24.87,25.05,6161.0,72.0,25.011152
MOS,2026-09-16 18:10:00+00:00,25.065,25.07,24.91,24.92,6351.0,90.0,24.966147
MOS,2026-09-16 18:15:00+00:00,24.955,24.955,24.875,24.91,3858.0,54.0,24.909844
MOS,2026-09-16 18:20:00+00:00,24.91,24.995,24.91,24.985,4737.0,60.0,24.967366
MOS,2026-09-16 18:25:00+00:00,24.93,24.995,24.93,24.97,5620.0,86.0,24.969124
MOS,2026-09-16 18:30:00+00:00,24.99,25.0,24.86,24.865,8892.0,115.0,24.902435
MOS,2026-09-16 18:35:00+00:00,24.865,24.91,24.795,24.9,8366.0,101.0,24.859922
MOS,2026-09-16 18:40:00+00:00,24.905,24.995,24.905,24.93,3602.0,47.0,24.940997
MOS,2026-09-16 18:45:00+00:00,24.9,24.94,24.84,24.845,5733.0,67.0,24.888527
MOS,2026-09-16 18:50:00+00:00,24.85,24.855,24.725,24.74,6122.0,80.0,24.771729
MOS,2026-09-16 18:55:00+00:00,24.725,24.775,24.695,24.755,6636.0,98.0,24.738636
MOS,2026-09-16 19:00:00+00:00,24.765,24.855,24.76,24.825,7956.0,100.0,24.80555
MOS,2026-09-16 19:05:00+00:00,24.825,24.85,24.78,24.81,6577.0,92.0,24.81909
MOS,2026-09-16 19:10:00+00:00,24.805,24.805,24.735,24.745,10398.0,120.0,24.769178
MOS,2026-09-16 19:15:00+00:00,24.75,24.785,24.655,24.66,7382.0,96.0,24.724083
MOS,2026-09-16 19:20:00+00:00,24.695,24.7,24.58,24.605,7569.0,109.0,24.630768
MOS,2026-09-16 19:25:00+00:00,24.625,24.625,24.375,24.395,50395.0,417.0,24.454711
MOS,2026-09-16 19:30:00+00:00,24.38,24.58,24.355,24.58,32545.0,336.0,24.458592
MOS,2026-09-16 19:35:00+00:00,24.61,24.71,24.605,24.69,9508.0,96.0,24.667805
MOS,2026-09-16 19:40:00+00:00,24.675,24.72,24.66,24.685,12847.0,117.0,24.69404
MOS,2026-09-16 19:45:00+00:00,24.68,24.74,24.675,24.73,16510.0,176.0,24.710303
MOS,2026-09-16 19:50:00+00:00,24.73,24.835,24.725,24.835,22704.0,206.0,24.767219
MOS,2026-09-16 19:55:00+00:00,24.835,24.855,24.76,24.79,59986.0,691.0,24.792703
MOS,2026-09-17 13:30:00+00:00,25.275,25.34,25.1,25.1,4892.0,47.0,25.275734
MOS,2026-09-17 13:35:00+00:00,25.02,25.13,25.0,25.05,2552.0,52.0,25.081644
MOS,2026-09-17 13:40:00+00:00,25.05,25.06,24.98,25.06,2569.0,72.0,25.023964
MOS,2026-09-17 13:45:00+00:00,25.0,25.125,24.995,25.12,3539.0,39.0,25.045606
MOS,2026-09-17 13:50:00+00:00,25.08,25.15,24.995,25.11,4394.0,57.0,25.083507
MOS,2026-09-17 13:55:00+00:00,25.115,25.12,25.08,25.115,1831.0,45.0,25.098077
MOS,2026-09-17 14:00:00+00:00,25.12,25.125,25.03,25.035,2392.0,32.0,25.070423
MOS,2026-09-17 14:05:00+00:00,25.05,25.155,25.05,25.14,4236.0,54.0,25.089379
MOS,2026-09-17 14:10:00+00:00,25.155,25.32,25.155,25.315,9122.0,105.0,25.244376
MOS,2026-09-17 14:15:00+00:00,25.31,25.55,25.31,25.54,8221.0,86.0,25.449138
MOS,2026-09-17 14:20:00+00:00,25.535,25.62,25.51,25.51,7301.0,79.0,25.556285
MOS,2026-09-17 14:25:00+00:00,25.47,25.51,25.37,25.42,7253.0,83.0,25.4431
MOS,2026-09-17 14:30:00+00:00,25.4,25.54,25.4,25.49,12651.0,133.0,25.476878
MOS,2026-09-17 14:35:00+00:00,25.48,25.58,25.45,25.52,8234.0,83.0,25.526884
MOS,2026-09-17 14:40:00+00:00,25.535,25.61,25.53,25.56,5383.0,58.0,25.561363
MOS,2026-09-17 14:45:00+00:00,25.56,25.63,25.56,25.59,3726.0,51.0,25.604077
MOS,2026-09-17 14:50:00+00:00,25.6,25.65,25.565,25.615,6215.0,77.0,25.605258
MOS,2026-09-17 14:55:00+00:00,25.615,25.66,25.58,25.63,4809.0,55.0,25.626665
MOS,2026-09-17 15:00:00+00:00,25.63,25.63,25.52,25.52,2145.0,29.0,25.592356
MOS,2026-09-17 15:05:00+00:00,25.56,25.6,25.56,25.6,2453.0,29.0,25.576667
MOS,2026-09-17 15:10:00+00:00,25.6,25.625,25.59,25.61,1880.0,40.0,25.608847
MOS,2026-09-17 15:15:00+00:00,25.59,25.625,25.58,25.61,2093.0,27.0,25.606358
MOS,2026-09-17 15:20:00+00:00,25.605,25.65,25.585,25.645,3615.0,46.0,25.622335
MOS,2026-09-17 15:25:00+00:00,25.635,25.66,25.635,25.655,1265.0,16.0,25.644333
MOS,2026-09-17 15:30:00+00:00,25.67,25.75,25.67,25.71,3883.0,46.0,25.70276
MOS,2026-09-17 15:35:00+00:00,25.625,25.625,25.6,25.6,1099.0,16.0,25.612143
MOS,2026-09-17 15:40:00+00:00,25.6,25.605,25.58,25.58,932.0,13.0,25.590517
MOS,2026-09-17 15:45:00+00:00,25.54,25.54,25.52,25.53,3254.0,44.0,25.527273
MOS,2026-09-17 15:50:00+00:00,25.54,25.575,25.525,25.525,1581.0,25.0,25.543
MOS,2026-09-17 15:55:00+00:00,25.53,25.555,25.53,25.555,1043.0,15.0,25.545583
MOS,2026-09-17 16:00:00+00:00,25.515,25.53,25.515,25.53,558.0,8.0,25.525
MOS,2026-09-17 16:05:00+00:00,25.48,25.52,25.48,25.52,1522.0,20.0,25.495
MOS,2026-09-17 16:10:00+00:00,25.52,25.53,25.52,25.53,1457.0,17.0,25.528077
MOS,2026-09-17 16:15:00+00:00,25.55,25.57,25.51,25.515,3780.0,47.0,25.545931
MOS,2026-09-17 16:20:00+00:00,25.53,25.53,25.51,25.51,889.0,14.0,25.518
MOS,2026-09-17 16:25:00+00:00,25.495,25.495,25.47,25.48,1234.0,20.0,25.480555
MOS,2026-09-17 16:30:00+00:00,25.475,25.475,25.45,25.46,1197.0,19.0,25.461111
MOS,2026-09-17 16:35:00+00:00,25.47,25.475,25.47,25.47,836.0,14.0,25.470714
MOS,2026-09-17 16:40:00+00:00,25.44,25.47,25.44,25.47,2042.0,26.0,25.457187
MOS,2026-09-17 16:45:00+00:00,25.45,25.45,25.45,25.45,158.0,2.0,25.45
MOS,2026-09-17 16:50:00+00:00,25.41,25.41,25.41,25.41,490.0,6.0,25.41
MOS,2026-09-17 16:55:00+00:00,25.41,25.45,25.41,25.45,2296.0,32.0,25.418421
MOS,2026-09-17 17:00:00+00:00,25.455,25.49,25.455,25.47,1422.0,18.0,25.475909
MOS,2026-09-17 17:05:00+00:00,25.46,25.46,25.41,25.43,2085.0,31.0,25.433667
MOS,2026-09-17 17:10:00+00:00,25.43,25.43,25.43,25.43,556.0,10.0,25.43
MOS,2026-09-17 17:15:00+00:00,25.425,25.605,25.425,25.6,19779.0,151.0,25.556133
MOS,2026-09-17 17:20:00+00:00,25.57,25.58,25.565,25.57,511.0,9.0,25.57125
MOS,2026-09-17 17:25:00+00:00,25.575,25.575,25.575,25.575,200.0,3.0,25.575
MOS,2026-09-17 17:30:00+00:00,25.58,25.585,25.58,25.585,603.0,11.0,25.583485
MOS,2026-09-17 17:35:00+00:00,25.585,25.585,25.55,25.55,935.0,18.0,25.561429
MOS,2026-09-17 17:40:00+00:00,25.55,25.55,25.495,25.535,1844.0,22.0,25.510734
MOS,2026-09-17 17:45:00+00:00,25.555,25.575,25.525,25.575,2176.0,24.0,25.54722
MOS,2026-09-17 17:50:00+00:00,25.55,25.575,25.55,25.555,1884.0,22.0,25.558517
MOS,2026-09-17 17:55:00+00:00,25.555,25.57,25.555,25.56,1882.0,27.0,25.561419
MOS,2026-09-17 18:00:00+00:00,25.555,25.56,25.54,25.56,2191.0,30.0,25.55
MOS,2026-09-17 18:05:00+00:00,25.57,25.595,25.57,25.595,1577.0,26.0,25.581939
MOS,2026-09-17 18:10:00+00:00,25.59,25.595,25.58,25.595,1047.0,16.0,25.588125
MOS,2026-09-17 18:15:00+00:00,25.595,25.595,25.54,25.54,2805.0,30.0,25.558527
MOS,2026-09-17 18:20:00+00:00,25.53,25.545,25.53,25.535,1160.0,19.0,25.535562
MOS,2026-09-17 18:25:00+00:00,25.53,25.535,25.53,25.53,891.0,13.0,25.531661
MOS,2026-09-17 18:30:00+00:00,25.53,25.53,25.5,25.5,3081.0,54.0,25.517083
MOS,2026-09-17 18:35:00+00:00,25.49,25.49,25.46,25.465,1466.0,31.0,25.465
MOS,2026-09-17 18:40:00+00:00,25.46,25.46,25.445,25.445,1072.0,14.0,25.454375
MOS,2026-09-17 18:45:00+00:00,25.44,25.44,25.415,25.415,805.0,13.0,25.433571
MOS,2026-09-17 18:50:00+00:00,25.405,25.425,25.395,25.405,4614.0,55.0,25.405782
MOS,2026-09-17 18:55:00+00:00,25.44,25.44,25.44,25.44,247.0,8.0,25.44
MOS,2026-09-17 19:00:00+00:00,25.44,25.49,25.44,25.49,1165.0,24.0,25.46
MOS,2026-09-17 19:05:00+00:00,25.505,25.59,25.49,25.57,3008.0,38.0,25.569231
MOS,2026-09-17 19:10:00+00:00,25.56,25.62,25.56,25.62,1716.0,16.0,25.596659
MOS,2026-09-17 19:15:00+00:00,25.58,25.61,25.58,25.61,3087.0,32.0,25.590355
MOS,2026-09-17 19:20:00+00:00,25.61,25.61,25.54,25.54,2381.0,27.0,25.563768
MOS,2026-09-17 19:25:00+00:00,25.54,25.585,25.54,25.56,3857.0,47.0,25.564041
MOS,2026-09-17 19:30:00+00:00,25.56,25.59,25.54,25.55,2503.0,35.0,25.56868
MOS,2026-09-17 19:35:00+00:00,25.55,25.56,25.53,25.56,4463.0,49.0,25.545244
MOS,2026-09-17 19:40:00+00:00,25.55,25.56,25.515,25.52,4532.0,48.0,25.532407
MOS,2026-09-17 19:45:00+00:00,25.51,25.515,25.42,25.42,3895.0,37.0,25.477553
MOS,2026-09-17 19:50:00+00:00,25.4,25.435,25.395,25.425,25703.0,183.0,25.411622
MOS,2026-09-17 19:55:00+00:00,25.43,25.46,25.33,25.38,37144.0,493.0,25.388513
MOS,2026-09-18 13:30:00+00:00,25.36,25.36,24.975,24.975,3195.0,60.0,25.147788
MOS,2026-09-18 13:35:00+00:00,24.87,24.98,24.85,24.94,4505.0,59.0,24.931657
MOS,2026-09-18 13:40:00+00:00,24.94,24.94,24.84,24.84,3208.0,41.0,24.896042
MOS,2026-09-18 13:45:00+00:00,24.81,24.885,24.78,24.78,2467.0,49.0,24.818246
MOS,2026-09-18 13:50:00+00:00,24.755,24.87,24.695,24.81,5853.0,72.0,24.80573
MOS,2026-09-18 13:55:00+00:00,24.775,24.82,24.735,24.82,4043.0,59.0,24.785484
MOS,2026-09-18 14:00:00+00:00,24.815,24.87,24.795,24.795,4145.0,75.0,24.824833
MOS,2026-09-18 14:05:00+00:00,24.75,24.83,24.75,24.78,5193.0,65.0,24.794774
MOS,2026-09-18 14:10:00+00:00,24.78,24.79,24.72,24.72,3930.0,49.0,24.758286
MOS,2026-09-18 14:15:00+00:00,24.74,24.845,24.72,24.835,3075.0,39.0,24.778351
MOS,2026-09-18 14:20:00+00:00,24.8,24.82,24.77,24.78,5381.0,66.0,24.801492
MOS,2026-09-18 14:25:00+00:00,24.79,24.82,24.79,24.82,3330.0,47.0,24.810201
MOS,2026-09-18 14:30:00+00:00,24.82,24.88,24.81,24.815,2681.0,41.0,24.850779
MOS,2026-09-18 14:35:00+00:00,24.84,24.91,24.81,24.905,4869.0,61.0,24.882113
MOS,2026-09-18 14:40:00+00:00,24.94,24.94,24.9,24.9,697.0,10.0,24.926667
MOS,2026-09-18 14:45:00+00:00,24.945,24.955,24.92,24.935,4088.0,47.0,24.943485
MOS,2026-09-18 14:50:00+00:00,24.93,24.96,24.865,24.865,3748.0,47.0,24.922757
MOS,2026-09-18 14:55:00+00:00,24.855,24.855,24.82,24.83,2602.0,35.0,24.830789
MOS,2026-09-18 15:00:00+00:00,24.845,24.845,24.8,24.8,2169.0,29.0,24.821517
MOS,2026-09-18 15:05:00+00:00,24.8,24.855,24.8,24.85,3159.0,43.0,24.819852
MOS,2026-09-18 15:10:00+00:00,24.905,25.03,24.905,25.03,2005.0,22.0,24.950867
MOS,2026-09-18 15:15:00+00:00,25.05,25.05,24.925,24.94,2356.0,32.0,24.978056
MOS,2026-09-18 15:20:00+00:00,24.925,24.925,24.795,24.82,3981.0,47.0,24.840443
MOS,2026-09-18 15:25:00+00:00,24.825,24.825,24.8,24.8,1195.0,17.0,24.814
MOS,2026-09-18 15:30:00+00:00,24.805,24.83,24.805,24.81,3504.0,42.0,24.814238
MOS,2026-09-18 15:35:00+00:00,24.805,24.825,24.74,24.78,5958.0,69.0,24.781466
MOS,2026-09-18 15:40:00+00:00,24.775,24.8,24.73,24.79,5432.0,60.0,24.764149
MOS,2026-09-18 15:45:00+00:00,24.79,24.81,24.79,24.805,1357.0,17.0,24.796875
MOS,2026-09-18 15:50:00+00:00,24.82,24.835,24.81,24.835,2671.0,33.0,24.822979
MOS,2026-09-18 15:55:00+00:00,24.815,24.835,24.805,24.835,2591.0,33.0,24.8225
MOS,2026-09-18 16:00:00+00:00,24.835,24.835,24.79,24.8,2350.0,28.0,24.803409
MOS,2026-09-18 16:05:00+00:00,24.83,24.835,24.82,24.82,1618.0,21.0,24.8275
MOS,2026-09-18 16:10:00+00:00,24.83,24.83,24.79,24.825,2202.0,30.0,24.810263
MOS,2026-09-18 16:15:00+00:00,24.81,24.835,24.81,24.82,2717.0,33.0,24.823721
MOS,2026-09-18 16:20:00+00:00,24.83,24.85,24.8,24.8,2391.0,31.0,24.831471
MOS,2026-09-18 16:25:00+00:00,24.79,24.795,24.785,24.785,1078.0,16.0,24.787778
MOS,2026-09-18 16:30:00+00:00,24.79,24.83,24.79,24.825,1910.0,26.0,24.81625
MOS,2026-09-18 16:35:00+00:00,24.83,24.835,24.795,24.805,965.0,15.0,24.812857
MOS,2026-09-18 16:40:00+00:00,24.79,24.79,24.775,24.79,1524.0,19.0,24.785455
MOS,2026-09-18 16:45:00+00:00,24.775,24.805,24.775,24.8,1785.0,21.0,24.792188
MOS,2026-09-18 16:50:00+00:00,24.805,24.925,24.805,24.91,3762.0,36.0,24.861682
MOS,2026-09-18 16:55:00+00:00,24.895,24.895,24.85,24.865,1271.0,21.0,24.868333
MOS,2026-09-18 17:00:00+00:00,24.86,24.89,24.835,24.835,1973.0,19.0,24.855833
MOS,2026-09-18 17:05:00+00:00,24.84,24.845,24.795,24.81,2193.0,21.0,24.823457
MOS,2026-09-18 17:10:00+00:00,24.805,24.835,24.805,24.835,2796.0,27.0,24.81344
MOS,2026-09-18 17:15:00+00:00,24.84,24.845,24.785,24.79,3954.0,47.0,24.807647
MOS,2026-09-18 17:20:00+00:00,24.795,24.86,24.795,24.855,4109.0,38.0,24.831465
MOS,2026-09-18 17:25:00+00:00,24.855,24.865,24.835,24.835,2528.0,31.0,24.85175
MOS,2026-09-18 17:30:00+00:00,24.835,24.835,24.795,24.8,2489.0,43.0,24.809813
MOS,2026-09-18 17:35:00+00:00,24.815,24.82,24.785,24.785,1624.0,29.0,24.81
MOS,2026-09-18 17:40:00+00:00,24.785,24.795,24.775,24.78,1374.0,16.0,24.780833
MOS,2026-09-18 17:45:00+00:00,24.78,24.82,24.78,24.82,1306.0,19.0,24.806374
MOS,2026-09-18 17:50:00+00:00,24.825,24.83,24.815,24.815,2704.0,39.0,24.817895
MOS,2026-09-18 17:55:00+00:00,24.805,24.825,24.805,24.825,1635.0,23.0,24.818462
MOS,2026-09-18 18:00:00+00:00,24.835,24.855,24.83,24.855,3090.0,37.0,24.846932
MOS,2026-09-18 18:05:00+00:00,24.865,24.865,24.855,24.86,1602.0,27.0,24.862083
MOS,2026-09-18 18:10:00+00:00,24.845,24.93,24.845,24.93,3993.0,40.0,24.894369
MOS,2026-09-18 18:15:00+00:00,24.935,24.95,24.91,24.95,2036.0,31.0,24.924407
MOS,2026-09-18 18:20:00+00:00,24.945,24.945,24.81,24.81,3344.0,46.0,24.864557
MOS,2026-09-18 18:25:00+00:00,24.81,24.82,24.805,24.81,2200.0,32.0,24.814333
MOS,2026-09-18 18:30:00+00:00,24.81,24.82,24.795,24.815,2892.0,34.0,24.808866
MOS,2026-09-18 18:35:00+00:00,24.805,24.805,24.765,24.775,1632.0,24.0,24.790357
MOS,2026-09-18 18:40:00+00:00,24.78,24.78,24.67,24.675,2830.0,41.0,24.71
MOS,2026-09-18 18:45:00+00:00,24.665,24.705,24.665,24.68,5011.0,68.0,24.688517
MOS,2026-09-18 18:50:00+00:00,24.69,24.705,24.69,24.705,2101.0,32.0,24.7
MOS,2026-09-18 18:55:00+00:00,24.685,24.685,24.655,24.655,1906.0,38.0,24.669167
MOS,2026-09-18 19:00:00+00:00,24.66,24.66,24.625,24.625,2837.0,38.0,24.64144
MOS,2026-09-18 19:05:00+00:00,24.625,24.625,24.555,24.56,5140.0,59.0,24.580573
MOS,2026-09-18 19:10:00+00:00,24.57,24.59,24.535,24.58,2978.0,56.0,24.560231
MOS,2026-09-18 19:15:00+00:00,24.615,24.625,24.53,24.53,5559.0,76.0,24.568133
MOS,2026-09-18 19:20:00+00:00,24.53,24.575,24.53,24.53,18864.0,215.0,24.537962
MOS,2026-09-18 19:25:00+00:00,24.53,24.58,24.52,24.54,35808.0,397.0,24.548596
MOS,2026-09-18 19:30:00+00:00,24.54,24.565,24.525,24.55,14972.0,171.0,24.539863
MOS,2026-09-18 19:35:00+00:00,24.55,24.625,24.54,24.62,9011.0,106.0,24.576785
MOS,2026-09-18 19:40:00+00:00,24.61,24.61,24.585,24.6,8109.0,117.0,24.593482
MOS,2026-09-18 19:45:00+00:00,24.595,24.68,24.56,24.66,19682.0,219.0,24.603779
MOS,2026-09-18 19:50:00+00:00,24.66,24.725,24.61,24.64,32704.0,284.0,24.667279
MOS,2026-09-18 19:55:00+00:00,24.64,24.64,24.46,24.47,66020.0,689.0,24.536903
MOS,2026-09-18 20:00:00+00:00,24.48,24.48,24.48,24.48,100.0,1.0,24.48
