symbol,timestamp,open,high,low,close,volume,trade_count,vwap
CSCO,2026-08-14 13:30:00+00:00,112.6,113.59,112.385,113.0,22325.0,306.0,112.879356
CSCO,2026-08-14 13:35:00+00:00,112.98,113.14,112.33,112.71,28219.0,395.0,112.685547
CSCO,2026-08-14 13:40:00+00:00,112.71,112.71,112.02,112.345,22224.0,287.0,112.444633
CSCO,2026-08-14 13:45:00+00:00,112.54,112.95,112.14,112.32,9269.0,179.0,112.551005
CSCO,2026-08-14 13:50:00+00:00,112.39,112.64,111.965,111.985,7600.0,166.0,112.278218
CSCO,2026-08-14 13:55:00+00:00,111.92,111.93,111.26,111.46,15802.0,303.0,111.730294
CSCO,2026-08-14 14:00:00+00:00,111.49,111.59,111.2,111.3,24897.0,256.0,111.370329
CSCO,2026-08-14 14:05:00+00:00,111.24,111.59,111.155,111.56,33374.0,147.0,111.389412
CSCO,2026-08-14 14:10:00+00:00,111.51,111.74,111.395,111.68,17560.0,221.0,111.535847
CSCO,2026-08-14 14:15:00+00:00,111.64,111.875,111.46,111.775,9461.0,158.0,111.692954
CSCO,2026-08-14 14:20:00+00:00,111.675,111.86,111.49,111.61,7419.0,204.0,111.744044
CSCO,2026-08-14 14:25:00+00:00,111.565,111.68,111.25,111.63,7239.0,199.0,111.547356
CSCO,2026-08-14 14:30:00+00:00,111.6,111.86,111.52,111.64,18789.0,263.0,111.679245
CSCO,2026-08-14 14:35:00+00:00,111.61,111.7,111.57,111.595,8085.0,166.0,111.638071
CSCO,2026-08-14 14:40:00+00:00,111.57,111.62,111.25,111.32,22685.0,219.0,111.456498
CSCO,2026-08-14 14:45:00+00:00,111.32,111.53,111.31,111.39,21179.0,224.0,111.415447
CSCO,2026-08-14 14:50:00+00:00,111.425,111.425,111.03,111.08,7034.0,141.0,111.209971
CSCO,2026-08-14 14:55:00+00:00,111.065,111.255,110.955,111.19,10139.0,226.0,111.125184
CSCO,2026-08-14 15:00:00+00:00,111.19,111.215,110.82,111.04,12145.0,214.0,110.999244
CSCO,2026-08-14 15:05:00+00:00,111.05,111.05,110.66,110.78,9636.0,166.0,110.883575
CSCO,2026-08-14 15:10:00+00:00,110.75,110.89,110.73,110.865,15542.0,229.0,110.81161
CSCO,2026-08-14 15:15:00+00:00,110.865,110.91,110.575,110.61,9145.0,195.0,110.780962
CSCO,2026-08-14 15:20:00+00:00,110.66,110.755,110.52,110.755,11098.0,186.0,110.632545
CSCO,2026-08-14 15:25:00+00:00,110.755,110.755,110.355,110.4,7585.0,189.0,110.544657
CSCO,2026-08-14 15:30:00+00:00,110.45,110.5,110.13,110.31,10903.0,289.0,110.354636
CSCO,2026-08-14 15:35:00+00:00,110.33,110.4,110.19,110.31,5650.0,141.0,110.298556
CSCO,2026-08-14 15:40:00+00:00,110.27,110.475,110.27,110.33,5766.0,127.0,110.4
CSCO,2026-08-14 15:45:00+00:00,110.34,110.37,110.09,110.17,4013.0,126.0,110.24709
CSCO,2026-08-14 15:50:00+00:00,110.17,110.19,110.06,110.15,3878.0,84.0,110.126323
CSCO,2026-08-14 15:55:00+00:00,110.14,110.49,110.12,110.47,13371.0,228.0,110.266082
CSCO,2026-08-14 16:00:00+00:00,110.48,110.7,110.47,110.69,13166.0,247.0,110.572112
CSCO,2026-08-14 16:05:00+00:00,110.67,110.78,110.61,110.77,6722.0,189.0,110.684585
CSCO,2026-08-14 16:10:00+00:00,110.755,111.02,110.745,110.82,11537.0,130.0,110.837576
CSCO,2026-08-14 16:15:00+00:00,110.815,111.045,110.815,110.96,8458.0,166.0,110.934294
CSCO,2026-08-14 16:20:00+00:00,110.95,111.04,110.94,110.97,6257.0,78.0,110.990095
CSCO,2026-08-14 16:25:00+00:00,110.91,111.26,110.91,111.16,9774.0,218.0,111.093837
CSCO,2026-08-14 16:30:00+00:00,111.15,111.24,111.15,111.215,7156.0,120.0,111.200028
CSCO,2026-08-14 16:35:00+00:00,111.17,111.24,111.115,111.19,5567.0,102.0,111.186059
CSCO,2026-08-14 16:40:00+00:00,111.18,111.18,111.12,111.15,2984.0,65.0,111.161648
CSCO,2026-08-14 16:45:00+00:00,111.155,111.24,111.155,111.18,5732.0,100.0,111.194866
CSCO,2026-08-14 16:50:00+00:00,111.19,111.22,111.14,111.19,3429.0,79.0,111.175714
CSCO,2026-08-14 16:55:00+00:00,111.21,111.24,111.18,111.22,3568.0,69.0,111.204882
CSCO,2026-08-14 17:00:00+00:00,111.2,111.24,111.175,111.2,4145.0,153.0,111.2094
CSCO,2026-08-14 17:05:00+00:00,111.2,111.2,111.145,111.16,2135.0,38.0,111.172308
CSCO,2026-08-14 17:10:00+00:00,111.17,111.23,111.17,111.23,4198.0,84.0,111.207308
CSCO,2026-08-14 17:15:00+00:00,111.24,111.265,111.195,111.22,2779.0,82.0,111.22625
CSCO,2026-08-14 17:20:00+00:00,111.23,111.565,111.23,111.55,6583.0,98.0,111.409703
CSCO,2026-08-14 17:25:00+00:00,111.56,111.655,111.56,111.655,4103.0,62.0,111.59904
CSCO,2026-08-14 17:30:00+00:00,111.66,111.72,111.48,111.65,10515.0,184.0,111.630799
CSCO,2026-08-14 17:35:00+00:00,111.65,111.805,111.615,111.79,6845.0,161.0,111.714346
CSCO,2026-08-14 17:40:00+00:00,111.77,111.8,111.605,111.72,6088.0,133.0,111.730569
CSCO,2026-08-14 17:45:00+00:00,111.72,111.87,111.72,111.82,7700.0,155.0,111.79259
CSCO,2026-08-14 17:50:00+00:00,111.87,112.17,111.865,112.165,7398.0,155.0,112.023466
CSCO,2026-08-14 17:55:00+00:00,112.195,112.22,112.02,112.21,8458.0,195.0,112.138244
CSCO,2026-08-14 18:00:00+00:00,112.21,112.24,112.095,112.095,7233.0,161.0,112.181802
CSCO,2026-08-14 18:05:00+00:00,112.095,112.095,111.595,111.62,7172.0,173.0,111.830105
CSCO,2026-08-14 18:10:00+00:00,111.625,111.84,111.6,111.69,9237.0,207.0,111.731603
CSCO,2026-08-14 18:15:00+00:00,111.745,111.75,111.6,111.67,6764.0,129.0,111.659355
CSCO,2026-08-14 18:20:00+00:00,111.71,111.78,111.66,111.665,3017.0,111.0,111.732526
CSCO,2026-08-14 18:25:00+00:00,111.68,111.75,111.655,111.655,5664.0,209.0,111.699852
CSCO,2026-08-14 18:30:00+00:00,111.66,111.68,111.43,111.47,8180.0,167.0,111.537206
CSCO,2026-08-14 18:35:00+00:00,111.45,111.54,111.41,111.54,8338.0,133.0,111.474627
CSCO,2026-08-14 18:40:00+00:00,111.515,111.6,111.44,111.57,10869.0,272.0,111.513931
CSCO,2026-08-14 18:45:00+00:00,111.525,111.73,111.495,111.7,10800.0,241.0,111.597118
CSCO,2026-08-14 18:50:00+00:00,111.695,111.935,111.65,111.91,11604.0,158.0,111.762738
CSCO,2026-08-14 18:55:00+00:00,111.905,111.94,111.73,111.87,13418.0,210.0,111.860223
CSCO,2026-08-14 19:00:00+00:00,111.87,111.89,111.745,111.815,12825.0,215.0,111.813222
CSCO,2026-08-14 19:05:00+00:00,111.805,111.89,111.745,111.875,13459.0,212.0,111.821333
CSCO,2026-08-14 19:10:00+00:00,111.9,111.91,111.59,111.63,12014.0,221.0,111.768558
CSCO,2026-08-14 19:15:00+00:00,111.63,111.88,111.6,111.675,24848.0,301.0,111.745023
CSCO,2026-08-14 19:20:00+00:00,111.675,111.77,111.48,111.755,17378.0,262.0,111.632007
CSCO,2026-08-14 19:25:00+00:00,111.76,111.76,111.635,111.7,13687.0,188.0,111.696247
CSCO,2026-08-14 19:30:00+00:00,111.68,111.88,111.5,111.7,20211.0,311.0,111.730284
CSCO,2026-08-14 19:35:00+00:00,111.8,111.82,111.605,111.715,15945.0,334.0,111.710998
CSCO,2026-08-14 19:40:00+00:00,111.74,111.875,111.655,111.71,22297.0,343.0,111.750707
CSCO,2026-08-14 19:45:00+00:00,111.71,111.9,111.705,111.825,16884.0,259.0,111.848766
CSCO,2026-08-14 19:50:00+00:00,111.83,111.98,111.525,111.91,37402.0,535.0,111.753796
CSCO,2026-08-14 19:55:00+00:00,111.895,111.95,111.46,111.68,73033.0,705.0,111.658402
CSCO,2026-08-17 13:30:00+00:00,110.88,113.575,110.88,113.575,13589.0,199.0,112.472412
CSCO,2026-08-17 13:35:00+00:00,113.55,113.55,113.12,113.3,15705.0,217.0,113.289197
CSCO,2026-08-17 13:40:00+00:00,113.285,113.34,112.745,112.86,12985.0,182.0,113.043565
CSCO,2026-08-17 13:45:00+00:00,112.86,113.52,112.63,113.42,16430.0,211.0,113.118079
CSCO,2026-08-17 13:50:00+00:00,113.45,113.46,113.19,113.285,10426.0,131.0,113.314577
CSCO,2026-08-17 13:55:00+00:00,113.33,113.59,113.305,113.42,13922.0,190.0,113.432866
CSCO,2026-08-17 14:00:00+00:00,113.43,113.605,113.26,113.5,19389.0,330.0,113.428388
CSCO,2026-08-17 14:05:00+00:00,113.515,113.515,113.28,113.49,13084.0,243.0,113.386273
CSCO,2026-08-17 14:10:00+00:00,113.485,113.54,112.94,113.04,12836.0,268.0,113.234398
CSCO,2026-08-17 14:15:00+00:00,113.1,113.15,112.85,112.85,8767.0,156.0,112.983484
CSCO,2026-08-17 14:20:00+00:00,112.845,113.035,112.845,112.935,11004.0,176.0,112.95103
CSCO,2026-08-17 14:25:00+00:00,112.965,112.98,112.81,112.895,9638.0,228.0,112.89254
CSCO,2026-08-17 14:30:00+00:00,112.87,113.2,112.81,113.2,10676.0,218.0,112.970237
CSCO,2026-08-17 14:35:00+00:00,113.22,113.28,113.015,113.18,14320.0,176.0,113.118761
CSCO,2026-08-17 14:40:00+00:00,113.16,113.72,113.16,113.67,18233.0,246.0,113.419028
CSCO,2026-08-17 14:45:00+00:00,113.68,113.8,113.47,113.57,17446.0,250.0,113.623111
CSCO,2026-08-17 14:50:00+00:00,113.56,113.735,113.56,113.61,8103.0,117.0,113.638197
CSCO,2026-08-17 14:55:00+00:00,113.67,113.69,113.37,113.46,8574.0,171.0,113.49222
CSCO,2026-08-17 15:00:00+00:00,113.455,113.455,113.05,113.05,5687.0,170.0,113.314337
CSCO,2026-08-17 15:05:00+00:00,113.05,113.1,112.74,112.79,29091.0,323.0,112.986551
CSCO,2026-08-17 15:10:00+00:00,112.78,112.815,112.545,112.545,8465.0,145.0,112.665256
CSCO,2026-08-17 15:15:00+00:00,112.53,112.58,112.44,112.53,5429.0,130.0,112.51
CSCO,2026-08-17 15:20:00+00:00,112.54,112.54,112.34,112.44,7826.0,137.0,112.421954
CSCO,2026-08-17 15:25:00+00:00,112.48,112.525,112.43,112.51,5563.0,112.0,112.473508
CSCO,2026-08-17 15:30:00+00:00,112.515,112.56,112.38,112.39,7013.0,149.0,112.4797
CSCO,2026-08-17 15:35:00+00:00,112.33,112.34,112.155,112.18,10875.0,181.0,112.267433
CSCO,2026-08-17 15:40:00+00:00,112.16,112.23,112.16,112.18,4476.0,100.0,112.186542
CSCO,2026-08-17 15:45:00+00:00,112.165,112.215,112.11,112.11,4627.0,79.0,112.171167
CSCO,2026-08-17 15:50:00+00:00,112.11,112.19,111.91,111.955,8677.0,148.0,112.011643
CSCO,2026-08-17 15:55:00+00:00,111.955,112.25,111.945,112.15,7392.0,135.0,112.115047
CSCO,2026-08-17 16:00:00+00:00,112.14,112.22,112.1,112.22,4429.0,175.0,112.142759
CSCO,2026-08-17 16:05:00+00:00,112.225,112.5,112.2,112.49,10526.0,184.0,112.319404
CSCO,2026-08-17 16:10:00+00:00,112.5,112.64,112.47,112.53,6190.0,125.0,112.546474
CSCO,2026-08-17 16:15:00+00:00,112.505,112.535,112.35,112.35,5210.0,89.0,112.477875
CSCO,2026-08-17 16:20:00+00:00,112.35,112.37,112.32,112.36,2892.0,59.0,112.344322
CSCO,2026-08-17 16:25:00+00:00,112.37,112.43,112.345,112.355,5818.0,156.0,112.383377
CSCO,2026-08-17 16:30:00+00:00,112.31,112.49,112.31,112.47,5397.0,128.0,112.427602
CSCO,2026-08-17 16:35:00+00:00,112.445,112.47,112.34,112.435,10567.0,118.0,112.387286
CSCO,2026-08-17 16:40:00+00:00,112.45,112.48,112.43,112.445,3553.0,49.0,112.44609
CSCO,2026-08-17 16:45:00+00:00,112.44,112.49,112.395,112.395,4167.0,72.0,112.458358
CSCO,2026-08-17 16:50:00+00:00,112.39,112.53,112.375,112.5,9534.0,102.0,112.470108
CSCO,2026-08-17 16:55:00+00:00,112.49,112.7,112.445,112.7,13705.0,193.0,112.513327
CSCO,2026-08-17 17:00:00+00:00,112.68,112.86,112.635,112.76,7225.0,170.0,112.780752
CSCO,2026-08-17 17:05:00+00:00,112.78,112.865,112.78,112.85,5946.0,86.0,112.822198
CSCO,2026-08-17 17:10:00+00:00,112.83,112.88,112.81,112.81,3193.0,86.0,112.844091
CSCO,2026-08-17 17:15:00+00:00,112.82,112.92,112.79,112.89,4293.0,84.0,112.849687
CSCO,2026-08-17 17:20:00+00:00,112.88,112.9,112.73,112.76,3690.0,65.0,112.80125
CSCO,2026-08-17 17:25:00+00:00,112.79,112.8,112.77,112.8,708.0,15.0,112.785
CSCO,2026-08-17 17:30:00+00:00,112.84,112.95,112.73,112.73,3620.0,89.0,112.859322
CSCO,2026-08-17 17:35:00+00:00,112.73,112.77,112.65,112.67,4186.0,83.0,112.687595
CSCO,2026-08-17 17:40:00+00:00,112.65,112.755,112.65,112.75,4679.0,59.0,112.704545
CSCO,2026-08-17 17:45:00+00:00,112.76,112.905,112.76,112.865,6910.0,86.0,112.848736
CSCO,2026-08-17 17:50:00+00:00,112.87,112.91,112.76,112.835,6110.0,97.0,112.824234
CSCO,2026-08-17 17:55:00+00:00,112.84,112.84,112.755,112.755,3867.0,69.0,112.815294
CSCO,2026-08-17 18:00:00+00:00,112.77,112.79,112.59,112.59,6148.0,82.0,112.670901
CSCO,2026-08-17 18:05:00+00:00,112.61,112.815,112.61,112.705,10415.0,140.0,112.700318
CSCO,2026-08-17 18:10:00+00:00,112.71,112.79,112.6,112.64,8166.0,124.0,112.702489
CSCO,2026-08-17 18:15:00+00:00,112.63,112.73,112.58,112.715,4328.0,70.0,112.681711
CSCO,2026-08-17 18:20:00+00:00,112.72,112.725,112.61,112.69,4637.0,96.0,112.665139
CSCO,2026-08-17 18:25:00+00:00,112.695,112.695,112.45,112.47,4546.0,61.0,112.594528
CSCO,2026-08-17 18:30:00+00:00,112.47,112.495,112.36,112.45,2981.0,66.0,112.431529
CSCO,2026-08-17 18:35:00+00:00,112.47,112.555,112.45,112.555,2858.0,39.0,112.515447
CSCO,2026-08-17 18:40:00+00:00,112.545,112.67,112.545,112.66,3233.0,47.0,112.590276
CSCO,2026-08-17 18:45:00+00:00,112.68,112.68,112.6,112.675,2220.0,36.0,112.656111
CSCO,2026-08-17 18:50:00+00:00,112.65,112.71,112.65,112.67,1891.0,34.0,112.675
CSCO,2026-08-17 18:55:00+00:00,112.615,112.69,112.615,112.64,2475.0,48.0,112.659949
CSCO,2026-08-17 19:00:00+00:00,112.66,112.675,112.6,112.6,2773.0,87.0,112.631435
CSCO,2026-08-17 19:05:00+00:00,112.585,112.695,112.585,112.67,2073.0,42.0,112.656563
CSCO,2026-08-17 19:10:00+00:00,112.66,112.67,112.59,112.63,3442.0,51.0,112.618214
CSCO,2026-08-17 19:15:00+00:00,112.63,112.835,112.63,112.785,11950.0,112.0,112.728951
CSCO,2026-08-17 19:20:00+00:00,112.785,112.87,112.73,112.84,19843.0,195.0,112.814477
CSCO,2026-08-17 19:25:00+00:00,112.8,112.96,112.8,112.94,3205.0,60.0,112.910444
CSCO,2026-08-17 19:30:00+00:00,112.965,112.965,112.87,112.91,8772.0,137.0,112.923827
CSCO,2026-08-17 19:35:00+00:00,112.9,113.08,112.9,113.005,5479.0,89.0,112.968925
CSCO,2026-08-17 19:40:00+00:00,112.995,113.06,112.895,112.91,10191.0,142.0,112.976745
CSCO,2026-08-17 19:45:00+00:00,112.98,112.98,112.895,112.92,9119.0,160.0,112.936905
CSCO,2026-08-17 19:50:00+00:00,112.92,112.935,112.695,112.91,20828.0,267.0,112.837933
CSCO,2026-08-17 19:55:00+00:00,112.88,112.98,112.735,112.935,64870.0,807.0,112.884436
CSCO,2026-08-18 13:30:00+00:00,111.83,112.73,111.81,112.31,16685.0,210.0,112.30276
CSCO,2026-08-18 13:35:00+00:00,112.48,112.655,112.3,112.385,16026.0,209.0,112.494338
CSCO,2026-08-18 13:40:00+00:00,112.385,112.475,111.64,111.675,12394.0,181.0,112.189299
CSCO,2026-08-18 13:45:00+00:00,111.755,111.88,111.44,111.515,13182.0,201.0,111.652051
CSCO,2026-08-18 13:50:00+00:00,111.5,111.705,111.49,111.63,9438.0,151.0,111.588276
CSCO,2026-08-18 13:55:00+00:00,111.625,111.66,111.415,111.66,17906.0,275.0,111.499763
CSCO,2026-08-18 14:00:00+00:00,111.65,111.79,111.57,111.68,13349.0,208.0,111.683185
CSCO,2026-08-18 14:05:00+00:00,111.68,111.81,111.58,111.58,16748.0,345.0,111.703911
CSCO,2026-08-18 14:10:00+00:00,111.55,111.57,111.26,111.285,18934.0,238.0,111.382066
CSCO,2026-08-18 14:15:00+00:00,111.265,111.325,111.12,111.12,16453.0,292.0,111.233925
CSCO,2026-08-18 14:20:00+00:00,111.08,111.23,111.045,111.09,13457.0,206.0,111.154521
CSCO,2026-08-18 14:25:00+00:00,111.12,111.28,111.07,111.19,11344.0,189.0,111.180666
CSCO,2026-08-18 14:30:00+00:00,111.18,111.27,110.96,111.1,18169.0,300.0,111.099442
CSCO,2026-08-18 14:35:00+00:00,111.02,111.2,111.02,111.075,11199.0,193.0,111.110546
CSCO,2026-08-18 14:40:00+00:00,111.1,111.185,111.06,111.07,10055.0,182.0,111.137129
CSCO,2026-08-18 14:45:00+00:00,111.065,111.105,110.915,111.01,13625.0,221.0,111.032549
CSCO,2026-08-18 14:50:00+00:00,111.025,111.13,110.99,111.005,8145.0,141.0,111.072196
CSCO,2026-08-18 14:55:00+00:00,110.98,111.0,110.635,110.65,15765.0,237.0,110.798195
CSCO,2026-08-18 15:00:00+00:00,110.66,110.77,110.6,110.74,23125.0,387.0,110.659169
CSCO,2026-08-18 15:05:00+00:00,110.76,110.76,110.37,110.38,16239.0,229.0,110.517892
CSCO,2026-08-18 15:10:00+00:00,110.38,110.46,110.36,110.455,9322.0,161.0,110.416976
CSCO,2026-08-18 15:15:00+00:00,110.45,110.545,110.425,110.53,8998.0,169.0,110.495857
CSCO,2026-08-18 15:20:00+00:00,110.54,110.675,110.495,110.675,10103.0,159.0,110.581122
CSCO,2026-08-18 15:25:00+00:00,110.68,110.825,110.66,110.825,6873.0,127.0,110.734211
CSCO,2026-08-18 15:30:00+00:00,110.85,111.06,110.85,110.965,5638.0,121.0,110.927241
CSCO,2026-08-18 15:35:00+00:00,110.95,110.99,110.86,110.9,6358.0,151.0,110.906326
CSCO,2026-08-18 15:40:00+00:00,110.89,111.03,110.86,111.03,5473.0,107.0,110.944588
CSCO,2026-08-18 15:45:00+00:00,111.03,111.31,111.03,111.265,12339.0,186.0,111.147767
CSCO,2026-08-18 15:50:00+00:00,111.28,111.36,111.215,111.35,3930.0,66.0,111.288759
CSCO,2026-08-18 15:55:00+00:00,111.34,111.34,111.15,111.24,5357.0,96.0,111.253977
CSCO,2026-08-18 16:00:00+00:00,111.22,111.3,111.19,111.265,4615.0,95.0,111.252571
CSCO,2026-08-18 16:05:00+00:00,111.295,111.36,111.185,111.295,6969.0,116.0,111.278333
CSCO,2026-08-18 16:10:00+00:00,111.32,111.38,111.27,111.295,4359.0,75.0,111.322237
CSCO,2026-08-18 16:15:00+00:00,111.32,111.33,111.25,111.26,5870.0,118.0,111.285572
CSCO,2026-08-18 16:20:00+00:00,111.28,111.39,111.27,111.31,4270.0,68.0,111.326173
CSCO,2026-08-18 16:25:00+00:00,111.36,111.43,111.34,111.43,4928.0,88.0,111.384167
CSCO,2026-08-18 16:30:00+00:00,111.435,111.45,111.37,111.4,7418.0,118.0,111.4123
CSCO,2026-08-18 16:35:00+00:00,111.41,111.52,111.39,111.52,4886.0,81.0,111.425008
CSCO,2026-08-18 16:40:00+00:00,111.49,111.51,111.45,111.46,2824.0,59.0,111.481364
CSCO,2026-08-18 16:45:00+00:00,111.485,111.64,111.47,111.63,6618.0,109.0,111.517889
CSCO,2026-08-18 16:50:00+00:00,111.61,111.635,111.56,111.58,3767.0,69.0,111.592656
CSCO,2026-08-18 16:55:00+00:00,111.57,111.68,111.53,111.68,5951.0,131.0,111.597228
CSCO,2026-08-18 17:00:00+00:00,111.69,111.695,111.585,111.66,6271.0,103.0,111.655113
CSCO,2026-08-18 17:05:00+00:00,111.65,111.67,111.635,111.64,2944.0,60.0,111.652852
CSCO,2026-08-18 17:10:00+00:00,111.64,111.68,111.59,111.66,3685.0,69.0,111.646311
CSCO,2026-08-18 17:15:00+00:00,111.62,111.62,111.54,111.565,3132.0,57.0,111.585208
CSCO,2026-08-18 17:20:00+00:00,111.57,111.57,111.4,111.415,10534.0,142.0,111.483286
CSCO,2026-08-18 17:25:00+00:00,111.42,111.55,111.41,111.51,3023.0,49.0,111.454375
CSCO,2026-08-18 17:30:00+00:00,111.51,111.51,111.41,111.41,8340.0,118.0,111.466724
CSCO,2026-08-18 17:35:00+00:00,111.415,111.42,111.32,111.37,11052.0,164.0,111.385058
CSCO,2026-08-18 17:40:00+00:00,111.365,111.365,111.26,111.36,6799.0,97.0,111.309957
CSCO,2026-08-18 17:45:00+00:00,111.37,111.44,111.32,111.32,6101.0,87.0,111.388238
CSCO,2026-08-18 17:50:00+00:00,111.32,111.4,111.32,111.36,7364.0,107.0,111.374634
CSCO,2026-08-18 17:55:00+00:00,111.33,111.385,111.315,111.34,7804.0,116.0,111.348889
CSCO,2026-08-18 18:00:00+00:00,111.34,111.635,111.34,111.63,11023.0,158.0,111.48525
CSCO,2026-08-18 18:05:00+00:00,111.64,111.645,111.54,111.62,10032.0,133.0,111.598247
CSCO,2026-08-18 18:10:00+00:00,111.62,111.79,111.6,111.74,6386.0,128.0,111.688776
CSCO,2026-08-18 18:15:00+00:00,111.71,111.86,111.71,111.835,6787.0,117.0,111.797834
CSCO,2026-08-18 18:20:00+00:00,111.85,111.91,111.815,111.9,4115.0,77.0,111.855472
CSCO,2026-08-18 18:25:00+00:00,111.945,111.96,111.88,111.96,4806.0,116.0,111.912115
CSCO,2026-08-18 18:30:00+00:00,111.96,111.99,111.88,111.89,7126.0,171.0,111.942174
CSCO,2026-08-18 18:35:00+00:00,111.91,111.935,111.85,111.92,6166.0,90.0,111.89617
CSCO,2026-08-18 18:40:00+00:00,111.92,111.995,111.895,111.99,5202.0,96.0,111.952057
CSCO,2026-08-18 18:45:00+00:00,111.96,112.045,111.96,112.025,6014.0,87.0,112.002818
CSCO,2026-08-18 18:50:00+00:00,112.025,112.07,111.97,112.02,6809.0,135.0,112.015104
CSCO,2026-08-18 18:55:00+00:00,112.01,112.12,111.92,111.92,24095.0,336.0,112.056434
CSCO,2026-08-18 19:00:00+00:00,111.895,111.91,111.835,111.84,7699.0,122.0,111.870031
CSCO,2026-08-18 19:05:00+00:00,111.815,111.825,111.75,111.76,6203.0,143.0,111.789167
CSCO,2026-08-18 19:10:00+00:00,111.78,111.79,111.695,111.77,5970.0,119.0,111.74602
CSCO,2026-08-18 19:15:00+00:00,111.76,111.82,111.69,111.74,5366.0,119.0,111.75439
CSCO,2026-08-18 19:20:00+00:00,111.755,111.755,111.635,111.7,5369.0,122.0,111.676538
CSCO,2026-08-18 19:25:00+00:00,111.7,111.715,111.63,111.66,20406.0,212.0,111.678793
CSCO,2026-08-18 19:30:00+00:00,111.655,111.74,111.65,111.66,12813.0,163.0,111.690516
CSCO,2026-08-18 19:35:00+00:00,111.66,111.66,111.56,111.63,10832.0,140.0,111.615233
CSCO,2026-08-18 19:40:00+00:00,111.62,111.655,111.54,111.63,13649.0,175.0,111.595547
CSCO,2026-08-18 19:45:00+00:00,111.65,111.69,111.51,111.57,13946.0,198.0,111.587641
CSCO,2026-08-18 19:50:00+00:00,111.59,111.67,111.4,111.57,62684.0,591.0,111.468172
CSCO,2026-08-18 19:55:00+00:00,111.6,111.71,111.55,111.62,123483.0,1440.0,111.630575
CSCO,2026-08-19 13:30:00+00:00,112.135,112.135,111.42,111.42,14027.0,175.0,111.64177
CSCO,2026-08-19 13:35:00+00:00,111.44,111.785,111.42,111.62,15183.0,170.0,111.70167
CSCO,2026-08-19 13:40:00+00:00,111.55,111.725,111.41,111.64,6088.0,127.0,111.564808
CSCO,2026-08-19 13:45:00+00:00,111.73,111.775,111.05,111.17,8116.0,157.0,111.477383
CSCO,2026-08-19 13:50:00+00:00,111.155,111.155,110.85,110.94,13156.0,241.0,110.988729
CSCO,2026-08-19 13:55:00+00:00,110.94,111.255,110.94,111.14,11542.0,209.0,111.108476
CSCO,2026-08-19 14:00:00+00:00,111.14,111.24,110.735,110.89,9143.0,292.0,110.990941
CSCO,2026-08-19 14:05:00+00:00,110.845,110.99,110.61,110.655,8550.0,179.0,110.764907
CSCO,2026-08-19 14:10:00+00:00,110.7,110.76,110.555,110.65,9422.0,187.0,110.647036
CSCO,2026-08-19 14:15:00+00:00,110.65,111.06,110.65,110.91,15835.0,306.0,110.90171
CSCO,2026-08-19 14:20:00+00:00,110.885,111.08,110.75,110.94,7004.0,226.0,110.890255
CSCO,2026-08-19 14:25:00+00:00,110.925,111.34,110.85,111.34,10966.0,222.0,111.071815
CSCO,2026-08-19 14:30:00+00:00,111.36,111.65,111.345,111.42,11301.0,236.0,111.48797
CSCO,2026-08-19 14:35:00+00:00,111.44,111.78,111.41,111.74,8368.0,178.0,111.58821
CSCO,2026-08-19 14:40:00+00:00,111.7,111.735,111.5,111.585,13219.0,259.0,111.583031
CSCO,2026-08-19 14:45:00+00:00,111.54,111.565,111.48,111.505,7520.0,145.0,111.521286
CSCO,2026-08-19 14:50:00+00:00,111.525,111.73,111.445,111.72,8158.0,175.0,111.583374
CSCO,2026-08-19 14:55:00+00:00,111.74,111.885,111.685,111.82,6699.0,153.0,111.824616
CSCO,2026-08-19 15:00:00+00:00,111.83,111.91,111.81,111.9,5544.0,163.0,111.853351
CSCO,2026-08-19 15:05:00+00:00,111.86,112.1,111.83,112.04,5270.0,105.0,111.991875
CSCO,2026-08-19 15:10:00+00:00,112.045,112.36,112.025,112.24,6727.0,152.0,112.217723
CSCO,2026-08-19 15:15:00+00:00,112.255,112.31,112.135,112.24,7142.0,201.0,112.223622
CSCO,2026-08-19 15:20:00+00:00,112.2,112.23,112.04,112.04,9572.0,261.0,112.155965
CSCO,2026-08-19 15:25:00+00:00,111.98,112.0,111.77,111.845,11591.0,195.0,111.90967
CSCO,2026-08-19 15:30:00+00:00,111.945,111.95,111.67,111.67,6581.0,106.0,111.7945
CSCO,2026-08-19 15:35:00+00:00,111.625,111.72,111.54,111.54,7994.0,149.0,111.646905
CSCO,2026-08-19 15:40:00+00:00,111.515,111.52,111.205,111.27,7795.0,189.0,111.334936
CSCO,2026-08-19 15:45:00+00:00,111.275,111.365,111.2,111.21,7418.0,129.0,111.262118
CSCO,2026-08-19 15:50:00+00:00,111.19,111.24,111.19,111.22,8541.0,89.0,111.215197
CSCO,2026-08-19 15:55:00+00:00,111.24,111.265,111.17,111.23,7133.0,187.0,111.199344
CSCO,2026-08-19 16:00:00+00:00,111.24,111.51,111.23,111.51,7143.0,131.0,111.389117
CSCO,2026-08-19 16:05:00+00:00,111.54,111.765,111.53,111.725,5674.0,121.0,111.639375
CSCO,2026-08-19 16:10:00+00:00,111.72,111.84,111.72,111.8,4768.0,90.0,111.77625
CSCO,2026-08-19 16:15:00+00:00,111.825,111.97,111.815,111.925,4976.0,130.0,111.885794
CSCO,2026-08-19 16:20:00+00:00,111.915,111.985,111.915,111.975,4310.0,72.0,111.953881
CSCO,2026-08-19 16:25:00+00:00,111.975,111.99,111.78,111.78,5979.0,118.0,111.885825
CSCO,2026-08-19 16:30:00+00:00,111.76,111.805,111.67,111.785,6978.0,119.0,111.753174
CSCO,2026-08-19 16:35:00+00:00,111.74,111.85,111.715,111.785,5987.0,118.0,111.767791
CSCO,2026-08-19 16:40:00+00:00,111.8,111.81,111.755,111.77,5034.0,87.0,111.787105
CSCO,2026-08-19 16:45:00+00:00,111.785,111.85,111.74,111.8,4982.0,96.0,111.790854
CSCO,2026-08-19 16:50:00+00:00,111.78,111.78,111.67,111.73,10984.0,195.0,111.706787
CSCO,2026-08-19 16:55:00+00:00,111.71,111.71,111.55,111.55,7642.0,167.0,111.606789
CSCO,2026-08-19 17:00:00+00:00,111.555,111.57,111.47,111.47,6017.0,114.0,111.533313
CSCO,2026-08-19 17:05:00+00:00,111.535,111.67,111.535,111.63,2631.0,83.0,111.6
CSCO,2026-08-19 17:10:00+00:00,111.62,111.83,111.62,111.83,3339.0,61.0,111.735733
CSCO,2026-08-19 17:15:00+00:00,111.83,111.95,111.83,111.95,3400.0,169.0,111.899624
CSCO,2026-08-19 17:20:00+00:00,111.96,112.04,111.92,111.98,7282.0,108.0,111.962222
CSCO,2026-08-19 17:25:00+00:00,111.97,112.03,111.955,111.965,3784.0,64.0,111.990538
CSCO,2026-08-19 17:30:00+00:00,111.965,112.055,111.94,111.97,6341.0,94.0,112.013443
CSCO,2026-08-19 17:35:00+00:00,111.95,111.95,111.84,111.88,4293.0,90.0,111.884848
CSCO,2026-08-19 17:40:00+00:00,111.88,111.895,111.83,111.85,2714.0,44.0,111.858713
CSCO,2026-08-19 17:45:00+00:00,111.84,111.895,111.84,111.855,4249.0,108.0,111.856442
CSCO,2026-08-19 17:50:00+00:00,111.85,111.85,111.75,111.75,3633.0,88.0,111.790962
CSCO,2026-08-19 17:55:00+00:00,111.75,111.75,111.625,111.635,4570.0,73.0,111.693333
CSCO,2026-08-19 18:00:00+00:00,111.67,111.78,111.645,111.71,10507.0,207.0,111.711633
CSCO,2026-08-19 18:05:00+00:00,111.66,111.69,111.48,111.54,6585.0,150.0,111.606116
CSCO,2026-08-19 18:10:00+00:00,111.52,111.64,111.52,111.57,4251.0,84.0,111.584118
CSCO,2026-08-19 18:15:00+00:00,111.545,111.695,111.54,111.695,4201.0,86.0,111.633288
CSCO,2026-08-19 18:20:00+00:00,111.685,111.75,111.66,111.69,4480.0,100.0,111.702426
CSCO,2026-08-19 18:25:00+00:00,111.69,111.73,111.685,111.73,3299.0,58.0,111.709091
CSCO,2026-08-19 18:30:00+00:00,111.73,111.91,111.73,111.905,4967.0,99.0,111.829731
CSCO,2026-08-19 18:35:00+00:00,111.885,111.885,111.76,111.78,4146.0,93.0,111.809688
CSCO,2026-08-19 18:40:00+00:00,111.72,111.995,111.7,111.935,6016.0,125.0,111.832569
CSCO,2026-08-19 18:45:00+00:00,111.89,111.89,111.74,111.745,5758.0,105.0,111.7925
CSCO,2026-08-19 18:50:00+00:00,111.75,111.765,111.655,111.72,8026.0,99.0,111.697559
CSCO,2026-08-19 18:55:00+00:00,111.75,111.79,111.61,111.675,6340.0,96.0,111.710016
CSCO,2026-08-19 19:00:00+00:00,111.66,111.75,111.64,111.72,5643.0,130.0,111.696064
CSCO,2026-08-19 19:05:00+00:00,111.68,111.73,111.64,111.69,7149.0,167.0,111.689368
CSCO,2026-08-19 19:10:00+00:00,111.7,111.7,111.625,111.695,6519.0,108.0,111.657454
CSCO,2026-08-19 19:15:00+00:00,111.715,111.745,111.675,111.74,5382.0,110.0,111.7076
CSCO,2026-08-19 19:20:00+00:00,111.75,111.84,111.66,111.84,7447.0,151.0,111.749771
CSCO,2026-08-19 19:25:00+00:00,111.83,111.83,111.6,111.64,5965.0,115.0,111.712549
CSCO,2026-08-19 19:30:00+00:00,111.69,111.69,111.53,111.62,9777.0,218.0,111.629131
CSCO,2026-08-19 19:35:00+00:00,111.62,111.62,111.395,111.395,12983.0,247.0,111.511007
CSCO,2026-08-19 19:40:00+00:00,111.39,111.44,111.2,111.2,14780.0,295.0,111.289363
CSCO,2026-08-19 19:45:00+00:00,111.2,111.305,111.13,111.16,17261.0,230.0,111.215532
CSCO,2026-08-19 19:50:00+00:00,111.12,111.2,110.98,111.115,31448.0,430.0,111.092063
CSCO,2026-08-19 19:55:00+00:00,111.09,111.09,110.51,110.55,107111.0,1212.0,110.632283
CSCO,2026-08-20 13:30:00+00:00,109.965,110.62,109.83,110.25,5611.0,116.0,110.257773
CSCO,2026-08-20 13:35:00+00:00,110.25,110.51,110.16,110.27,8459.0,108.0,110.309684
CSCO,2026-08-20 13:40:00+00:00,110.26,110.5,110.205,110.35,7463.0,93.0,110.340888
CSCO,2026-08-20 13:45:00+00:00,110.31,110.455,110.26,110.33,9331.0,130.0,110.336878
CSCO,2026-08-20 13:50:00+00:00,110.33,110.33,110.06,110.305,10095.0,143.0,110.191009
CSCO,2026-08-20 13:55:00+00:00,110.325,110.325,110.08,110.21,8701.0,113.0,110.192219
CSCO,2026-08-20 14:00:00+00:00,110.295,110.365,110.19,110.32,7108.0,92.0,110.289397
CSCO,2026-08-20 14:05:00+00:00,110.275,110.78,110.275,110.77,4823.0,80.0,110.623014
CSCO,2026-08-20 14:10:00+00:00,110.78,110.9,110.68,110.71,6715.0,97.0,110.785967
CSCO,2026-08-20 14:15:00+00:00,110.78,110.8,110.69,110.7,6373.0,106.0,110.760987
CSCO,2026-08-20 14:20:00+00:00,110.71,111.035,110.71,110.96,13812.0,183.0,110.923703
CSCO,2026-08-20 14:25:00+00:00,110.99,110.99,110.65,110.65,8913.0,189.0,110.814416
CSCO,2026-08-20 14:30:00+00:00,110.64,110.72,110.565,110.72,6151.0,111.0,110.649358
CSCO,2026-08-20 14:35:00+00:00,110.7,111.07,110.68,111.07,6466.0,92.0,110.851263
CSCO,2026-08-20 14:40:00+00:00,111.06,111.12,110.96,111.05,5824.0,96.0,111.019762
CSCO,2026-08-20 14:45:00+00:00,111.085,111.3,111.05,111.24,19523.0,198.0,111.157405
CSCO,2026-08-20 14:50:00+00:00,111.205,111.38,111.18,111.24,12483.0,231.0,111.27725
CSCO,2026-08-20 14:55:00+00:00,111.3,111.43,111.19,111.395,8058.0,166.0,111.267894
CSCO,2026-08-20 15:00:00+00:00,111.41,111.55,111.38,111.385,11900.0,201.0,111.488313
CSCO,2026-08-20 15:05:00+00:00,111.38,111.38,111.19,111.215,7819.0,122.0,111.274553
CSCO,2026-08-20 15:10:00+00:00,111.21,111.23,110.99,111.11,6614.0,102.0,111.140006
CSCO,2026-08-20 15:15:00+00:00,111.115,111.23,111.095,111.135,8924.0,115.0,111.155091
CSCO,2026-08-20 15:20:00+00:00,111.04,111.05,110.705,110.705,4296.0,101.0,110.846465
CSCO,2026-08-20 15:25:00+00:00,110.67,110.76,110.61,110.67,3844.0,122.0,110.67381
CSCO,2026-08-20 15:30:00+00:00,110.69,110.78,110.57,110.57,2422.0,43.0,110.697141
CSCO,2026-08-20 15:35:00+00:00,110.65,110.67,110.59,110.61,3917.0,71.0,110.638989
CSCO,2026-08-20 15:40:00+00:00,110.62,110.755,110.62,110.65,3943.0,68.0,110.705187
CSCO,2026-08-20 15:45:00+00:00,110.695,110.72,110.555,110.555,8408.0,124.0,110.67934
CSCO,2026-08-20 15:50:00+00:00,110.53,110.66,110.51,110.62,4647.0,130.0,110.574104
CSCO,2026-08-20 15:55:00+00:00,110.63,110.64,110.565,110.615,3218.0,60.0,110.614369
CSCO,2026-08-20 16:00:00+00:00,110.59,110.59,110.42,110.42,3594.0,108.0,110.528631
CSCO,2026-08-20 16:05:00+00:00,110.475,110.475,110.325,110.375,3931.0,77.0,110.387159
CSCO,2026-08-20 16:10:00+00:00,110.39,110.39,110.27,110.31,3542.0,48.0,110.346207
CSCO,2026-08-20 16:15:00+00:00,110.315,110.315,110.21,110.255,13036.0,135.0,110.248935
CSCO,2026-08-20 16:20:00+00:00,110.26,110.38,110.235,110.34,11968.0,144.0,110.285034
CSCO,2026-08-20 16:25:00+00:00,110.34,110.355,110.18,110.2,11043.0,136.0,110.253013
CSCO,2026-08-20 16:30:00+00:00,110.2,110.23,110.12,110.23,5254.0,74.0,110.161428
CSCO,2026-08-20 16:35:00+00:00,110.255,110.335,110.22,110.335,8983.0,97.0,110.269871
CSCO,2026-08-20 16:40:00+00:00,110.34,110.52,110.34,110.52,11743.0,185.0,110.404722
CSCO,2026-08-20 16:45:00+00:00,110.5,110.67,110.475,110.55,9624.0,177.0,110.562649
CSCO,2026-08-20 16:50:00+00:00,110.56,110.56,110.46,110.5,4475.0,64.0,110.50814
CSCO,2026-08-20 16:55:00+00:00,110.505,110.52,110.44,110.475,5532.0,131.0,110.484163
CSCO,2026-08-20 17:00:00+00:00,110.49,110.49,110.35,110.35,4964.0,99.0,110.394931
CSCO,2026-08-20 17:05:00+00:00,110.36,110.43,110.33,110.385,4384.0,69.0,110.382089
CSCO,2026-08-20 17:10:00+00:00,110.4,110.43,110.29,110.29,5531.0,112.0,110.370748
CSCO,2026-08-20 17:15:00+00:00,110.315,110.315,110.215,110.285,4381.0,69.0,110.258729
CSCO,2026-08-20 17:20:00+00:00,110.29,110.35,110.25,110.255,4707.0,115.0,110.309901
CSCO,2026-08-20 17:25:00+00:00,110.235,110.25,110.115,110.12,3665.0,65.0,110.198393
CSCO,2026-08-20 17:30:00+00:00,110.115,110.155,109.9,109.92,7108.0,103.0,110.041695
CSCO,2026-08-20 17:35:00+00:00,109.93,109.94,109.835,109.905,7837.0,97.0,109.901477
CSCO,2026-08-20 17:40:00+00:00,109.91,109.96,109.9,109.92,3517.0,47.0,109.920546
CSCO,2026-08-20 17:45:00+00:00,109.91,109.94,109.865,109.94,5946.0,53.0,109.904595
CSCO,2026-08-20 17:50:00+00:00,109.92,109.93,109.87,109.88,2837.0,56.0,109.908261
CSCO,2026-08-20 17:55:00+00:00,109.83,109.88,109.81,109.81,1985.0,99.0,109.85
CSCO,2026-08-20 18:00:00+00:00,109.76,109.77,109.62,109.64,6212.0,137.0,109.691579
CSCO,2026-08-20 18:05:00+00:00,109.64,109.64,109.51,109.51,4740.0,131.0,109.577887
CSCO,2026-08-20 18:10:00+00:00,109.52,109.52,109.43,109.45,10247.0,124.0,109.464554
CSCO,2026-08-20 18:15:00+00:00,109.45,109.45,109.355,109.38,5902.0,105.0,109.394901
CSCO,2026-08-20 18:20:00+00:00,109.39,109.41,109.27,109.27,8974.0,134.0,109.354117
CSCO,2026-08-20 18:25:00+00:00,109.25,109.41,109.24,109.39,2951.0,77.0,109.312273
CSCO,2026-08-20 18:30:00+00:00,109.39,109.47,109.355,109.36,3093.0,63.0,109.40877
CSCO,2026-08-20 18:35:00+00:00,109.4,109.53,109.4,109.53,5405.0,125.0,109.464136
CSCO,2026-08-20 18:40:00+00:00,109.52,109.53,109.455,109.51,4379.0,76.0,109.49625
CSCO,2026-08-20 18:45:00+00:00,109.505,109.52,109.46,109.465,5040.0,97.0,109.49782
CSCO,2026-08-20 18:50:00+00:00,109.48,109.48,109.415,109.415,4598.0,94.0,109.428839
CSCO,2026-08-20 18:55:00+00:00,109.425,109.46,109.395,109.41,3464.0,124.0,109.4254
CSCO,2026-08-20 19:00:00+00:00,109.395,109.555,109.395,109.525,3927.0,136.0,109.495077
CSCO,2026-08-20 19:05:00+00:00,109.51,109.625,109.49,109.61,4331.0,93.0,109.557557
CSCO,2026-08-20 19:10:00+00:00,109.615,109.635,109.565,109.61,2964.0,76.0,109.608041
CSCO,2026-08-20 19:15:00+00:00,109.61,109.73,109.61,109.69,2971.0,75.0,109.686579
CSCO,2026-08-20 19:20:00+00:00,109.7,109.7,109.54,109.545,6993.0,123.0,109.618911
CSCO,2026-08-20 19:25:00+00:00,109.465,109.615,109.465,109.54,6186.0,108.0,109.552905
CSCO,2026-08-20 19:30:00+00:00,109.56,109.69,109.53,109.61,4739.0,91.0,109.606118
CSCO,2026-08-20 19:35:00+00:00,109.62,109.725,109.61,109.71,9538.0,154.0,109.667331
CSCO,2026-08-20 19:40:00+00:00,109.71,109.84,109.71,109.77,8788.0,127.0,109.762597
CSCO,2026-08-20 19:45:00+00:00,109.77,109.785,109.73,109.74,5034.0,117.0,109.761743
CSCO,2026-08-20 19:50:00+00:00,109.76,109.82,109.69,109.74,18895.0,250.0,109.742978
CSCO,2026-08-20 19:55:00+00:00,109.745,109.8,109.52,109.57,56823.0,791.0,109.627006
CSCO,2026-08-20 20:00:00+00:00,109.69,109.69,109.69,109.69,225.0,3.0,109.69
CSCO,2026-08-21 13:30:00+00:00,110.63,110.925,110.575,110.81,11877.0,147.0,110.776016
CSCO,2026-08-21 13:35:00+00:00,111.04,111.08,110.91,110.91,4562.0,89.0,110.997945
CSCO,2026-08-21 13:40:00+00:00,110.94,110.965,110.625,110.72,9719.0,108.0,110.907618
CSCO,2026-08-21 13:45:00+00:00,110.84,111.645,110.84,111.63,9649.0,131.0,111.368325
CSCO,2026-08-21 13:50:00+00:00,111.84,111.98,111.555,111.645,9986.0,134.0,111.742328
CSCO,2026-08-21 13:55:00+00:00,111.715,111.825,111.555,111.64,3974.0,88.0,111.685635
CSCO,2026-08-21 14:00:00+00:00,111.62,111.85,111.375,111.42,9076.0,134.0,111.545501
CSCO,2026-08-21 14:05:00+00:00,111.49,111.66,111.48,111.48,5010.0,115.0,111.592176
CSCO,2026-08-21 14:10:00+00:00,111.52,111.54,111.175,111.175,2923.0,121.0,111.362239
CSCO,2026-08-21 14:15:00+00:00,111.11,111.28,110.62,110.62,10809.0,185.0,111.121184
CSCO,2026-08-21 14:20:00+00:00,110.635,110.92,110.635,110.805,5402.0,88.0,110.808225
CSCO,2026-08-21 14:25:00+00:00,110.81,111.11,110.81,110.88,5823.0,100.0,110.970183
CSCO,2026-08-21 14:30:00+00:00,110.88,111.07,110.88,110.97,11219.0,178.0,110.978582
CSCO,2026-08-21 14:35:00+00:00,110.96,111.085,110.715,110.86,12004.0,231.0,110.88391
CSCO,2026-08-21 14:40:00+00:00,110.85,110.99,110.78,110.895,22286.0,219.0,110.899147
CSCO,2026-08-21 14:45:00+00:00,110.88,111.09,110.71,110.71,9878.0,165.0,110.942042
CSCO,2026-08-21 14:50:00+00:00,110.72,110.75,110.54,110.54,12618.0,238.0,110.659821
CSCO,2026-08-21 14:55:00+00:00,110.54,110.8,110.48,110.8,9468.0,164.0,110.599812
CSCO,2026-08-21 15:00:00+00:00,110.76,110.795,110.585,110.795,6818.0,110.0,110.689747
CSCO,2026-08-21 15:05:00+00:00,110.785,111.06,110.75,111.06,3601.0,66.0,110.867542
CSCO,2026-08-21 15:10:00+00:00,111.05,111.35,111.02,111.33,5150.0,157.0,111.198131
CSCO,2026-08-21 15:15:00+00:00,111.385,111.55,111.375,111.5,10383.0,160.0,111.487073
CSCO,2026-08-21 15:20:00+00:00,111.475,111.48,111.31,111.41,5035.0,94.0,111.400479
CSCO,2026-08-21 15:25:00+00:00,111.36,111.55,111.36,111.52,4684.0,88.0,111.446487
CSCO,2026-08-21 15:30:00+00:00,111.535,111.765,111.535,111.765,5799.0,122.0,111.636621
CSCO,2026-08-21 15:35:00+00:00,111.79,111.915,111.76,111.915,7413.0,106.0,111.838319
CSCO,2026-08-21 15:40:00+00:00,111.92,112.025,111.82,111.83,7326.0,152.0,111.922407
CSCO,2026-08-21 15:45:00+00:00,111.81,111.87,111.74,111.74,4762.0,95.0,111.81853
CSCO,2026-08-21 15:50:00+00:00,111.735,111.945,111.735,111.86,7019.0,104.0,111.851371
CSCO,2026-08-21 15:55:00+00:00,111.86,111.97,111.82,111.97,6066.0,159.0,111.873948
CSCO,2026-08-21 16:00:00+00:00,111.93,112.03,111.89,111.89,4101.0,74.0,111.95368
CSCO,2026-08-21 16:05:00+00:00,111.885,111.96,111.87,111.89,5556.0,114.0,111.91233
CSCO,2026-08-21 16:10:00+00:00,111.88,111.95,111.875,111.92,4685.0,66.0,111.912683
CSCO,2026-08-21 16:15:00+00:00,111.89,112.115,111.87,111.97,4704.0,125.0,112.007972
CSCO,2026-08-21 16:20:00+00:00,111.99,112.18,111.96,112.05,5837.0,134.0,112.072992
CSCO,2026-08-21 16:25:00+00:00,112.015,112.02,111.9,111.96,5269.0,135.0,111.959544
CSCO,2026-08-21 16:30:00+00:00,111.96,111.97,111.8,111.805,14411.0,194.0,111.894442
CSCO,2026-08-21 16:35:00+00:00,111.8,111.875,111.78,111.86,9744.0,144.0,111.832285
CSCO,2026-08-21 16:40:00+00:00,111.85,111.865,111.8,111.865,2842.0,51.0,111.834048
CSCO,2026-08-21 16:45:00+00:00,111.855,111.89,111.835,111.86,4902.0,113.0,111.866638
CSCO,2026-08-21 16:50:00+00:00,111.8,111.865,111.685,111.695,6082.0,136.0,111.774224
CSCO,2026-08-21 16:55:00+00:00,111.64,111.64,111.47,111.51,7120.0,131.0,111.544403
CSCO,2026-08-21 17:00:00+00:00,111.605,111.67,111.54,111.655,3329.0,107.0,111.605
CSCO,2026-08-21 17:05:00+00:00,111.65,111.69,111.63,111.68,3916.0,106.0,111.665213
CSCO,2026-08-21 17:10:00+00:00,111.68,111.7,111.63,111.64,4522.0,127.0,111.663123
CSCO,2026-08-21 17:15:00+00:00,111.69,111.74,111.69,111.74,1073.0,48.0,111.711667
CSCO,2026-08-21 17:20:00+00:00,111.69,111.69,111.57,111.68,4925.0,191.0,111.63014
CSCO,2026-08-21 17:25:00+00:00,111.65,111.72,111.62,111.68,5151.0,139.0,111.680556
CSCO,2026-08-21 17:30:00+00:00,111.69,111.76,111.68,111.72,6059.0,150.0,111.729796
CSCO,2026-08-21 17:35:00+00:00,111.685,111.69,111.64,111.66,5165.0,124.0,111.664977
CSCO,2026-08-21 17:40:00+00:00,111.6,111.655,111.6,111.61,3694.0,72.0,111.622292
CSCO,2026-08-21 17:45:00+00:00,111.615,111.65,111.565,111.565,4331.0,129.0,111.610299
CSCO,2026-08-21 17:50:00+00:00,111.57,111.58,111.535,111.54,3995.0,76.0,111.554445
CSCO,2026-08-21 17:55:00+00:00,111.52,111.52,111.41,111.425,4961.0,101.0,111.456672
CSCO,2026-08-21 18:00:00+00:00,111.4,111.65,111.39,111.605,5138.0,136.0,111.561539
CSCO,2026-08-21 18:05:00+00:00,111.61,111.61,111.49,111.54,7079.0,125.0,111.536765
CSCO,2026-08-21 18:10:00+00:00,111.49,111.64,111.49,111.62,5240.0,111.0,111.567471
CSCO,2026-08-21 18:15:00+00:00,111.63,111.71,111.63,111.66,3833.0,60.0,111.682727
CSCO,2026-08-21 18:20:00+00:00,111.65,111.8,111.65,111.8,5119.0,126.0,111.71278
CSCO,2026-08-21 18:25:00+00:00,111.795,111.795,111.625,111.66,6187.0,93.0,111.71386
CSCO,2026-08-21 18:30:00+00:00,111.66,111.67,111.585,111.585,2524.0,110.0,111.62621
CSCO,2026-08-21 18:35:00+00:00,111.565,111.59,111.45,111.45,2442.0,67.0,111.523824
CSCO,2026-08-21 18:40:00+00:00,111.485,111.565,111.475,111.535,3352.0,59.0,111.514464
CSCO,2026-08-21 18:45:00+00:00,111.54,111.58,111.535,111.58,4535.0,65.0,111.552111
CSCO,2026-08-21 18:50:00+00:00,111.6,111.62,111.545,111.555,4264.0,103.0,111.576284
CSCO,2026-08-21 18:55:00+00:00,111.535,111.59,111.5,111.585,3447.0,60.0,111.5566
CSCO,2026-08-21 19:00:00+00:00,111.58,111.62,111.58,111.615,2036.0,50.0,111.599
CSCO,2026-08-21 19:05:00+00:00,111.595,111.63,111.555,111.585,2320.0,90.0,111.598235
CSCO,2026-08-21 19:10:00+00:00,111.56,111.59,111.545,111.575,3658.0,83.0,111.566316
CSCO,2026-08-21 19:15:00+00:00,111.58,111.66,111.55,111.595,3303.0,46.0,111.591207
CSCO,2026-08-21 19:20:00+00:00,111.57,111.605,111.28,111.29,8300.0,124.0,111.48135
CSCO,2026-08-21 19:25:00+00:00,111.28,111.31,111.165,111.265,8372.0,128.0,111.250903
CSCO,2026-08-21 19:30:00+00:00,111.28,111.42,111.215,111.41,6853.0,118.0,111.323166
CSCO,2026-08-21 19:35:00+00:00,111.425,111.48,111.375,111.46,6224.0,163.0,111.43048
CSCO,2026-08-21 19:40:00+00:00,111.51,111.57,111.5,111.57,7301.0,122.0,111.547124
CSCO,2026-08-21 19:45:00+00:00,111.55,111.65,111.46,111.565,11140.0,181.0,111.556557
CSCO,2026-08-21 19:50:00+00:00,111.59,111.59,111.12,111.185,30338.0,423.0,111.345396
CSCO,2026-08-21 19:55:00+00:00,111.12,111.21,110.87,111.05,76132.0,894.0,111.051515
CSCO,2026-08-24 13:30:00+00:00,110.11,110.98,109.83,110.525,24393.0,227.0,110.566899
CSCO,2026-08-24 13:35:00+00:00,110.44,110.62,110.05,110.105,12189.0,141.0,110.37888
CSCO,2026-08-24 13:40:00+00:00,110.15,110.16,109.645,109.645,7168.0,73.0,109.959167
CSCO,2026-08-24 13:45:00+00:00,109.63,110.005,109.39,109.5,13458.0,154.0,109.723336
CSCO,2026-08-24 13:50:00+00:00,109.48,109.93,109.31,109.8,7838.0,101.0,109.580894
CSCO,2026-08-24 13:55:00+00:00,109.865,110.14,109.78,109.78,5828.0,81.0,109.98417
CSCO,2026-08-24 14:00:00+00:00,109.77,109.77,109.41,109.455,10590.0,128.0,109.541486
CSCO,2026-08-24 14:05:00+00:00,109.455,109.69,109.455,109.53,7426.0,97.0,109.57811
CSCO,2026-08-24 14:10:00+00:00,109.605,109.68,109.49,109.645,3567.0,51.0,109.598154
CSCO,2026-08-24 14:15:00+00:00,109.67,109.92,109.625,109.845,7183.0,75.0,109.825245
CSCO,2026-08-24 14:20:00+00:00,109.87,109.97,109.865,109.91,2784.0,49.0,109.927586
CSCO,2026-08-24 14:25:00+00:00,109.96,110.06,109.86,110.02,5289.0,88.0,109.943115
CSCO,2026-08-24 14:30:00+00:00,110.015,110.59,110.015,110.59,21551.0,147.0,110.286789
CSCO,2026-08-24 14:35:00+00:00,110.58,110.59,110.3,110.38,4228.0,56.0,110.433728
CSCO,2026-08-24 14:40:00+00:00,110.36,110.51,110.22,110.22,3850.0,49.0,110.366869
CSCO,2026-08-24 14:45:00+00:00,110.225,110.36,110.22,110.36,4017.0,59.0,110.28018
CSCO,2026-08-24 14:50:00+00:00,110.36,110.64,110.36,110.61,3716.0,59.0,110.553726
CSCO,2026-08-24 14:55:00+00:00,110.575,110.67,110.51,110.535,4593.0,63.0,110.577578
CSCO,2026-08-24 15:00:00+00:00,110.53,110.53,110.31,110.395,5372.0,103.0,110.419935
CSCO,2026-08-24 15:05:00+00:00,110.4,110.4,110.22,110.375,2440.0,46.0,110.301523
CSCO,2026-08-24 15:10:00+00:00,110.34,110.43,110.265,110.32,7094.0,90.0,110.316791
CSCO,2026-08-24 15:15:00+00:00,110.31,110.37,110.235,110.235,3562.0,50.0,110.310583
CSCO,2026-08-24 15:20:00+00:00,110.23,110.42,110.22,110.42,2248.0,41.0,110.318462
CSCO,2026-08-24 15:25:00+00:00,110.44,110.57,110.375,110.545,7639.0,119.0,110.490076
CSCO,2026-08-24 15:30:00+00:00,110.545,110.7,110.48,110.7,9583.0,112.0,110.584158
CSCO,2026-08-24 15:35:00+00:00,110.69,110.915,110.69,110.9,5089.0,57.0,110.825093
CSCO,2026-08-24 15:40:00+00:00,110.85,111.14,110.85,111.03,4601.0,61.0,111.007433
CSCO,2026-08-24 15:45:00+00:00,111.05,111.21,111.045,111.045,4644.0,62.0,111.138857
CSCO,2026-08-24 15:50:00+00:00,111.01,111.01,110.865,110.88,4048.0,49.0,110.929793
CSCO,2026-08-24 15:55:00+00:00,110.86,111.03,110.73,111.03,6931.0,87.0,110.860399
CSCO,2026-08-24 16:00:00+00:00,111.01,111.045,110.855,110.88,6833.0,86.0,110.952131
CSCO,2026-08-24 16:05:00+00:00,110.86,110.86,110.78,110.81,1373.0,21.0,110.814791
CSCO,2026-08-24 16:10:00+00:00,110.715,110.82,110.6,110.82,2209.0,30.0,110.697911
CSCO,2026-08-24 16:15:00+00:00,110.84,110.85,110.76,110.8,2100.0,35.0,110.809706
CSCO,2026-08-24 16:20:00+00:00,110.765,110.855,110.71,110.72,4361.0,67.0,110.773221
CSCO,2026-08-24 16:25:00+00:00,110.73,110.73,110.67,110.68,4438.0,81.0,110.690632
CSCO,2026-08-24 16:30:00+00:00,110.695,110.735,110.62,110.66,3558.0,45.0,110.675477
CSCO,2026-08-24 16:35:00+00:00,110.67,110.82,110.67,110.8,23681.0,104.0,110.707378
CSCO,2026-08-24 16:40:00+00:00,110.8,110.84,110.765,110.835,1914.0,46.0,110.816206
CSCO,2026-08-24 16:45:00+00:00,110.83,110.88,110.805,110.88,2958.0,41.0,110.833061
CSCO,2026-08-24 16:50:00+00:00,110.88,110.98,110.865,110.94,2422.0,37.0,110.911182
CSCO,2026-08-24 16:55:00+00:00,110.94,110.97,110.89,110.89,4210.0,81.0,110.933416
CSCO,2026-08-24 17:00:00+00:00,110.855,110.855,110.78,110.805,11744.0,87.0,110.82711
CSCO,2026-08-24 17:05:00+00:00,110.82,110.95,110.805,110.93,6046.0,77.0,110.870765
CSCO,2026-08-24 17:10:00+00:00,110.965,111.045,110.96,111.015,5527.0,84.0,111.003
CSCO,2026-08-24 17:15:00+00:00,111.045,111.045,110.905,110.945,3909.0,64.0,110.953475
CSCO,2026-08-24 17:20:00+00:00,110.93,110.96,110.78,110.805,6181.0,101.0,110.866322
CSCO,2026-08-24 17:25:00+00:00,110.8,110.88,110.74,110.74,3628.0,55.0,110.809911
CSCO,2026-08-24 17:30:00+00:00,110.74,110.77,110.7,110.7,2228.0,39.0,110.733247
CSCO,2026-08-24 17:35:00+00:00,110.73,110.805,110.66,110.78,2864.0,51.0,110.728553
CSCO,2026-08-24 17:40:00+00:00,110.81,110.81,110.73,110.73,2410.0,52.0,110.780695
CSCO,2026-08-24 17:45:00+00:00,110.715,110.76,110.675,110.71,6292.0,82.0,110.716001
CSCO,2026-08-24 17:50:00+00:00,110.705,110.77,110.68,110.72,4027.0,55.0,110.716597
CSCO,2026-08-24 17:55:00+00:00,110.72,110.745,110.7,110.7,2701.0,46.0,110.719754
CSCO,2026-08-24 18:00:00+00:00,110.72,110.855,110.72,110.855,3078.0,62.0,110.783671
CSCO,2026-08-24 18:05:00+00:00,110.85,110.97,110.82,110.97,3812.0,60.0,110.903485
CSCO,2026-08-24 18:10:00+00:00,110.965,111.03,110.92,111.03,2881.0,58.0,110.955238
CSCO,2026-08-24 18:15:00+00:00,111.04,111.09,111.025,111.025,2430.0,39.0,111.063237
CSCO,2026-08-24 18:20:00+00:00,111.03,111.145,111.03,111.13,1871.0,49.0,111.085357
CSCO,2026-08-24 18:25:00+00:00,111.16,111.18,111.105,111.13,3190.0,65.0,111.145606
CSCO,2026-08-24 18:30:00+00:00,111.14,111.205,111.075,111.1,5141.0,86.0,111.11795
CSCO,2026-08-24 18:35:00+00:00,111.065,111.07,110.86,110.9,3243.0,83.0,110.947039
CSCO,2026-08-24 18:40:00+00:00,110.86,110.86,110.82,110.82,2894.0,47.0,110.8396
CSCO,2026-08-24 18:45:00+00:00,110.76,110.76,110.71,110.735,2497.0,57.0,110.733465
CSCO,2026-08-24 18:50:00+00:00,110.71,110.76,110.65,110.665,2217.0,30.0,110.722098
CSCO,2026-08-24 18:55:00+00:00,110.67,110.75,110.67,110.69,2293.0,49.0,110.710871
CSCO,2026-08-24 19:00:00+00:00,110.69,110.69,110.65,110.67,1162.0,32.0,110.669167
CSCO,2026-08-24 19:05:00+00:00,110.68,110.68,110.6,110.63,1893.0,33.0,110.638214
CSCO,2026-08-24 19:10:00+00:00,110.58,110.67,110.57,110.6,5830.0,79.0,110.625879
CSCO,2026-08-24 19:15:00+00:00,110.605,110.625,110.47,110.47,7094.0,96.0,110.5652
CSCO,2026-08-24 19:20:00+00:00,110.44,110.5,110.335,110.365,4818.0,67.0,110.409003
CSCO,2026-08-24 19:25:00+00:00,110.37,110.405,110.25,110.25,3912.0,61.0,110.332598
CSCO,2026-08-24 19:30:00+00:00,110.24,110.34,110.22,110.27,10483.0,139.0,110.292498
CSCO,2026-08-24 19:35:00+00:00,110.22,110.28,110.2,110.26,2699.0,50.0,110.240278
CSCO,2026-08-24 19:40:00+00:00,110.26,110.33,110.23,110.32,6771.0,117.0,110.295273
CSCO,2026-08-24 19:45:00+00:00,110.32,110.46,110.29,110.46,4732.0,75.0,110.374046
CSCO,2026-08-24 19:50:00+00:00,110.45,110.59,110.375,110.46,16254.0,224.0,110.452601
CSCO,2026-08-24 19:55:00+00:00,110.44,110.44,110.21,110.24,42624.0,589.0,110.267688
CSCO,2026-08-25 13:30:00+00:00,112.21,112.395,111.815,112.395,5408.0,97.0,112.17277
CSCO,2026-08-25 13:35:00+00:00,112.36,112.425,111.98,112.02,11816.0,167.0,112.205506
CSCO,2026-08-25 13:40:00+00:00,111.85,112.295,111.84,112.285,10365.0,133.0,111.984511
CSCO,2026-08-25 13:45:00+00:00,112.32,112.475,112.22,112.405,12581.0,125.0,112.342192
CSCO,2026-08-25 13:50:00+00:00,112.395,112.395,111.83,111.89,9978.0,123.0,112.053258
CSCO,2026-08-25 13:55:00+00:00,111.88,111.88,111.45,111.51,13271.0,142.0,111.579019
CSCO,2026-08-25 14:00:00+00:00,111.61,111.85,111.57,111.64,20353.0,197.0,111.701622
CSCO,2026-08-25 14:05:00+00:00,111.62,111.62,111.26,111.365,9211.0,127.0,111.435077
CSCO,2026-08-25 14:10:00+00:00,111.36,111.5,111.33,111.34,9060.0,101.0,111.406873
CSCO,2026-08-25 14:15:00+00:00,111.37,111.49,111.24,111.25,8764.0,115.0,111.382201
CSCO,2026-08-25 14:20:00+00:00,111.25,111.27,110.94,111.05,12547.0,145.0,111.051734
CSCO,2026-08-25 14:25:00+00:00,111.03,111.1,110.89,110.915,9578.0,107.0,110.980086
CSCO,2026-08-25 14:30:00+00:00,110.96,111.19,110.745,111.13,22467.0,226.0,110.892935
CSCO,2026-08-25 14:35:00+00:00,111.135,111.27,111.115,111.25,6163.0,82.0,111.196886
CSCO,2026-08-25 14:40:00+00:00,111.24,111.26,111.07,111.125,5981.0,74.0,111.156878
CSCO,2026-08-25 14:45:00+00:00,111.12,111.12,110.82,110.83,8609.0,118.0,111.008693
CSCO,2026-08-25 14:50:00+00:00,110.84,111.04,110.79,110.96,9148.0,112.0,110.917676
CSCO,2026-08-25 14:55:00+00:00,110.975,110.98,110.85,110.89,6530.0,94.0,110.91907
CSCO,2026-08-25 15:00:00+00:00,110.955,111.04,110.935,111.0,5823.0,84.0,110.987314
CSCO,2026-08-25 15:05:00+00:00,110.93,110.94,110.82,110.865,3984.0,58.0,110.902155
CSCO,2026-08-25 15:10:00+00:00,110.88,111.06,110.87,111.02,5422.0,73.0,110.977443
CSCO,2026-08-25 15:15:00+00:00,111.03,111.06,110.87,110.92,7635.0,100.0,110.962722
CSCO,2026-08-25 15:20:00+00:00,110.88,110.97,110.87,110.9,8345.0,95.0,110.914224
CSCO,2026-08-25 15:25:00+00:00,110.845,110.995,110.83,110.97,6702.0,102.0,110.901092
CSCO,2026-08-25 15:30:00+00:00,110.97,111.16,110.96,111.0,6389.0,78.0,111.023476
CSCO,2026-08-25 15:35:00+00:00,111.04,111.175,111.01,111.07,6666.0,76.0,111.101656
CSCO,2026-08-25 15:40:00+00:00,111.07,111.18,111.0,111.18,6255.0,87.0,111.075713
CSCO,2026-08-25 15:45:00+00:00,111.15,111.16,111.095,111.145,4432.0,66.0,111.136137
CSCO,2026-08-25 15:50:00+00:00,111.1,111.25,111.08,111.22,3135.0,59.0,111.143255
CSCO,2026-08-25 15:55:00+00:00,111.215,111.325,111.21,111.315,3749.0,51.0,111.283536
CSCO,2026-08-25 16:00:00+00:00,111.34,111.49,111.34,111.465,2221.0,35.0,111.425156
CSCO,2026-08-25 16:05:00+00:00,111.42,111.42,111.235,111.245,3003.0,53.0,111.330646
CSCO,2026-08-25 16:10:00+00:00,111.22,111.245,111.18,111.19,2836.0,44.0,111.215593
CSCO,2026-08-25 16:15:00+00:00,111.2,111.21,111.065,111.08,2784.0,43.0,111.125241
CSCO,2026-08-25 16:20:00+00:00,111.08,111.195,111.08,111.155,2959.0,43.0,111.133327
CSCO,2026-08-25 16:25:00+00:00,111.155,111.22,111.155,111.22,3255.0,42.0,111.19038
CSCO,2026-08-25 16:30:00+00:00,111.14,111.14,111.075,111.1,2262.0,36.0,111.099724
CSCO,2026-08-25 16:35:00+00:00,111.1,111.115,111.045,111.095,2054.0,35.0,111.079706
CSCO,2026-08-25 16:40:00+00:00,111.095,111.1,111.015,111.015,2521.0,35.0,111.071899
CSCO,2026-08-25 16:45:00+00:00,111.035,111.04,110.975,111.005,4114.0,72.0,111.018393
CSCO,2026-08-25 16:50:00+00:00,111.0,111.08,110.94,111.015,3355.0,49.0,111.014561
CSCO,2026-08-25 16:55:00+00:00,111.035,111.23,111.015,111.16,8188.0,113.0,111.106983
CSCO,2026-08-25 17:00:00+00:00,111.145,111.19,110.995,111.0,2401.0,46.0,111.106511
CSCO,2026-08-25 17:05:00+00:00,110.995,111.035,110.975,111.01,3637.0,60.0,111.006152
CSCO,2026-08-25 17:10:00+00:00,111.025,111.07,110.99,111.055,2222.0,35.0,111.029616
CSCO,2026-08-25 17:15:00+00:00,111.105,111.115,111.02,111.03,2717.0,38.0,111.068889
CSCO,2026-08-25 17:20:00+00:00,111.04,111.04,110.94,111.01,3697.0,63.0,110.977231
CSCO,2026-08-25 17:25:00+00:00,110.97,110.97,110.925,110.925,2426.0,34.0,110.9495
CSCO,2026-08-25 17:30:00+00:00,110.93,110.94,110.795,110.8,4208.0,60.0,110.876943
CSCO,2026-08-25 17:35:00+00:00,110.82,110.865,110.81,110.83,3643.0,49.0,110.834834
CSCO,2026-08-25 17:40:00+00:00,110.79,110.8,110.76,110.765,3045.0,47.0,110.777769
CSCO,2026-08-25 17:45:00+00:00,110.69,110.73,110.605,110.725,2489.0,49.0,110.67875
CSCO,2026-08-25 17:50:00+00:00,110.71,110.795,110.71,110.77,1191.0,17.0,110.763302
CSCO,2026-08-25 17:55:00+00:00,110.76,110.78,110.74,110.75,1752.0,32.0,110.760039
CSCO,2026-08-25 18:00:00+00:00,110.755,110.785,110.715,110.72,2702.0,39.0,110.739486
CSCO,2026-08-25 18:05:00+00:00,110.78,110.835,110.78,110.805,2896.0,61.0,110.811499
CSCO,2026-08-25 18:10:00+00:00,110.805,110.865,110.795,110.86,1958.0,36.0,110.832443
CSCO,2026-08-25 18:15:00+00:00,110.845,110.915,110.845,110.91,2615.0,53.0,110.879981
CSCO,2026-08-25 18:20:00+00:00,110.92,110.975,110.885,110.94,3416.0,57.0,110.932529
CSCO,2026-08-25 18:25:00+00:00,110.935,110.94,110.91,110.925,3208.0,42.0,110.917008
CSCO,2026-08-25 18:30:00+00:00,110.925,110.945,110.925,110.935,2701.0,83.0,110.933294
CSCO,2026-08-25 18:35:00+00:00,110.94,111.135,110.94,111.105,8348.0,121.0,111.054187
CSCO,2026-08-25 18:40:00+00:00,111.105,111.215,111.105,111.2,7975.0,92.0,111.17218
CSCO,2026-08-25 18:45:00+00:00,111.205,111.295,111.195,111.215,9382.0,104.0,111.256522
CSCO,2026-08-25 18:50:00+00:00,111.225,111.235,111.145,111.16,9428.0,100.0,111.196981
CSCO,2026-08-25 18:55:00+00:00,111.165,111.195,111.135,111.135,4586.0,55.0,111.176567
CSCO,2026-08-25 19:00:00+00:00,111.155,111.155,111.06,111.075,7905.0,99.0,111.108535
CSCO,2026-08-25 19:05:00+00:00,111.07,111.085,110.87,110.88,11416.0,133.0,110.993374
CSCO,2026-08-25 19:10:00+00:00,110.88,110.9,110.835,110.885,7352.0,114.0,110.87115
CSCO,2026-08-25 19:15:00+00:00,110.87,110.87,110.775,110.82,7702.0,108.0,110.823565
CSCO,2026-08-25 19:20:00+00:00,110.81,110.85,110.74,110.83,4695.0,62.0,110.791427
CSCO,2026-08-25 19:25:00+00:00,110.82,110.84,110.74,110.74,3059.0,80.0,110.800943
CSCO,2026-08-25 19:30:00+00:00,110.735,110.79,110.67,110.79,9149.0,121.0,110.741442
CSCO,2026-08-25 19:35:00+00:00,110.75,110.79,110.63,110.67,11470.0,160.0,110.703622
CSCO,2026-08-25 19:40:00+00:00,110.675,110.82,110.675,110.725,9515.0,116.0,110.760152
CSCO,2026-08-25 19:45:00+00:00,110.73,110.845,110.69,110.835,7813.0,105.0,110.738936
CSCO,2026-08-25 19:50:00+00:00,110.775,111.105,110.75,111.095,12696.0,137.0,110.865347
CSCO,2026-08-25 19:55:00+00:00,111.12,111.2,111.065,111.09,35330.0,488.0,111.14807
CSCO,2026-08-26 13:30:00+00:00,111.555,112.305,111.45,112.27,4839.0,77.0,111.878585
CSCO,2026-08-26 13:35:00+00:00,112.27,112.34,111.96,112.19,3563.0,43.0,112.149849
CSCO,2026-08-26 13:40:00+00:00,112.21,112.3,111.67,111.67,5433.0,71.0,112.058104
CSCO,2026-08-26 13:45:00+00:00,111.585,111.795,111.56,111.77,4864.0,62.0,111.620132
CSCO,2026-08-26 13:50:00+00:00,111.755,112.37,111.675,112.365,5102.0,70.0,112.028942
CSCO,2026-08-26 13:55:00+00:00,112.36,112.42,112.235,112.285,4300.0,69.0,112.327442
CSCO,2026-08-26 14:00:00+00:00,112.27,112.31,112.1,112.1,6589.0,88.0,112.212283
CSCO,2026-08-26 14:05:00+00:00,112.08,112.19,111.95,112.0,7465.0,82.0,112.043594
CSCO,2026-08-26 14:10:00+00:00,112.02,112.2,112.01,112.18,7844.0,101.0,112.073551
CSCO,2026-08-26 14:15:00+00:00,112.14,112.155,111.91,112.02,5750.0,75.0,112.038773
CSCO,2026-08-26 14:20:00+00:00,112.015,112.025,111.5,111.535,7755.0,92.0,111.727883
CSCO,2026-08-26 14:25:00+00:00,111.545,111.545,111.21,111.515,14408.0,131.0,111.331986
CSCO,2026-08-26 14:30:00+00:00,111.515,111.65,111.515,111.625,2997.0,42.0,111.587036
CSCO,2026-08-26 14:35:00+00:00,111.64,111.725,111.595,111.7,3853.0,57.0,111.666074
CSCO,2026-08-26 14:40:00+00:00,111.71,111.765,111.58,111.62,2284.0,40.0,111.669268
CSCO,2026-08-26 14:45:00+00:00,111.64,111.64,111.52,111.52,3007.0,50.0,111.569484
CSCO,2026-08-26 14:50:00+00:00,111.52,111.56,111.43,111.43,2381.0,42.0,111.491429
CSCO,2026-08-26 14:55:00+00:00,111.495,111.595,111.495,111.59,3094.0,37.0,111.557736
CSCO,2026-08-26 15:00:00+00:00,111.62,111.85,111.6,111.78,3203.0,58.0,111.715208
CSCO,2026-08-26 15:05:00+00:00,111.8,111.845,111.695,111.71,3336.0,56.0,111.774259
CSCO,2026-08-26 15:10:00+00:00,111.74,111.82,111.72,111.795,1840.0,41.0,111.777778
CSCO,2026-08-26 15:15:00+00:00,111.795,111.84,111.72,111.79,3158.0,51.0,111.766977
CSCO,2026-08-26 15:20:00+00:00,111.765,111.775,111.66,111.72,3904.0,69.0,111.719915
CSCO,2026-08-26 15:25:00+00:00,111.73,111.81,111.73,111.74,7159.0,103.0,111.761632
CSCO,2026-08-26 15:30:00+00:00,111.74,111.74,111.64,111.645,7548.0,113.0,111.676241
CSCO,2026-08-26 15:35:00+00:00,111.7,111.805,111.7,111.795,7713.0,107.0,111.740304
CSCO,2026-08-26 15:40:00+00:00,111.8,112.0,111.8,112.0,8693.0,118.0,111.930565
CSCO,2026-08-26 15:45:00+00:00,111.98,111.995,111.88,111.99,5727.0,69.0,111.942151
CSCO,2026-08-26 15:50:00+00:00,112.035,112.035,111.88,112.03,11936.0,123.0,111.973569
CSCO,2026-08-26 15:55:00+00:00,112.025,112.075,111.99,112.04,9365.0,111.0,112.030977
CSCO,2026-08-26 16:00:00+00:00,112.0,112.05,111.865,111.885,6922.0,86.0,111.942346
CSCO,2026-08-26 16:05:00+00:00,111.83,111.93,111.83,111.89,8096.0,103.0,111.891392
CSCO,2026-08-26 16:10:00+00:00,111.89,112.02,111.76,111.76,10054.0,134.0,111.941419
CSCO,2026-08-26 16:15:00+00:00,111.68,111.77,111.62,111.66,4233.0,64.0,111.68142
CSCO,2026-08-26 16:20:00+00:00,111.68,111.845,111.675,111.83,2804.0,60.0,111.756641
CSCO,2026-08-26 16:25:00+00:00,111.81,111.86,111.795,111.805,3815.0,49.0,111.82401
CSCO,2026-08-26 16:30:00+00:00,111.85,111.88,111.75,111.8,2188.0,34.0,111.818913
CSCO,2026-08-26 16:35:00+00:00,111.795,111.81,111.75,111.75,2735.0,42.0,111.776667
CSCO,2026-08-26 16:40:00+00:00,111.695,111.76,111.62,111.665,2985.0,48.0,111.707222
CSCO,2026-08-26 16:45:00+00:00,111.69,111.775,111.645,111.65,8495.0,101.0,111.709993
CSCO,2026-08-26 16:50:00+00:00,111.65,111.7,111.64,111.7,8289.0,69.0,111.668114
CSCO,2026-08-26 16:55:00+00:00,111.72,111.83,111.72,111.8,5250.0,75.0,111.8
CSCO,2026-08-26 17:00:00+00:00,111.79,111.855,111.78,111.8,3196.0,45.0,111.815401
CSCO,2026-08-26 17:05:00+00:00,111.785,111.81,111.76,111.8,3170.0,38.0,111.789423
CSCO,2026-08-26 17:10:00+00:00,111.8,111.89,111.79,111.81,4995.0,61.0,111.849551
CSCO,2026-08-26 17:15:00+00:00,111.82,111.88,111.76,111.77,5393.0,79.0,111.840656
CSCO,2026-08-26 17:20:00+00:00,111.785,111.81,111.725,111.77,4382.0,81.0,111.766613
CSCO,2026-08-26 17:25:00+00:00,111.79,111.79,111.715,111.73,3623.0,57.0,111.735635
CSCO,2026-08-26 17:30:00+00:00,111.735,111.77,111.69,111.76,3858.0,55.0,111.723665
CSCO,2026-08-26 17:35:00+00:00,111.79,111.82,111.75,111.77,2179.0,65.0,111.773667
CSCO,2026-08-26 17:40:00+00:00,111.765,111.83,111.755,111.82,2414.0,47.0,111.79
CSCO,2026-08-26 17:45:00+00:00,111.86,111.88,111.835,111.85,3448.0,59.0,111.853912
CSCO,2026-08-26 17:50:00+00:00,111.88,111.91,111.86,111.9,2064.0,78.0,111.883571
CSCO,2026-08-26 17:55:00+00:00,111.925,111.95,111.9,111.925,2094.0,39.0,111.922941
CSCO,2026-08-26 18:00:00+00:00,111.93,112.035,111.93,112.035,3523.0,65.0,111.967722
CSCO,2026-08-26 18:05:00+00:00,112.03,112.07,112.03,112.07,3209.0,44.0,112.058922
CSCO,2026-08-26 18:10:00+00:00,112.04,112.13,112.04,112.12,2319.0,34.0,112.096364
CSCO,2026-08-26 18:15:00+00:00,112.1,112.125,112.06,112.1,2392.0,43.0,112.090409
CSCO,2026-08-26 18:20:00+00:00,112.11,112.125,112.06,112.08,1923.0,32.0,112.085312
CSCO,2026-08-26 18:25:00+00:00,112.07,112.22,112.03,112.22,2570.0,41.0,112.128696
CSCO,2026-08-26 18:30:00+00:00,112.22,112.295,112.21,112.265,3451.0,44.0,112.247704
CSCO,2026-08-26 18:35:00+00:00,112.28,112.33,112.26,112.31,3495.0,60.0,112.306341
CSCO,2026-08-26 18:40:00+00:00,112.33,112.43,112.33,112.43,3218.0,61.0,112.3856
CSCO,2026-08-26 18:45:00+00:00,112.53,112.72,112.53,112.7,4727.0,64.0,112.623625
CSCO,2026-08-26 18:50:00+00:00,112.67,112.67,112.55,112.58,2887.0,52.0,112.605
CSCO,2026-08-26 18:55:00+00:00,112.58,112.6,112.535,112.55,4203.0,59.0,112.565934
CSCO,2026-08-26 19:00:00+00:00,112.555,112.68,112.55,112.67,4916.0,73.0,112.620544
CSCO,2026-08-26 19:05:00+00:00,112.655,112.665,112.58,112.605,3916.0,65.0,112.630107
CSCO,2026-08-26 19:10:00+00:00,112.61,112.645,112.57,112.62,3149.0,50.0,112.609546
CSCO,2026-08-26 19:15:00+00:00,112.65,112.88,112.64,112.87,3976.0,64.0,112.760867
CSCO,2026-08-26 19:20:00+00:00,112.865,112.88,112.775,112.82,4990.0,75.0,112.838294
CSCO,2026-08-26 19:25:00+00:00,112.84,112.845,112.82,112.83,4152.0,60.0,112.833476
CSCO,2026-08-26 19:30:00+00:00,112.86,112.905,112.82,112.87,6657.0,92.0,112.871452
CSCO,2026-08-26 19:35:00+00:00,112.9,112.9,112.805,112.86,3144.0,57.0,112.863018
CSCO,2026-08-26 19:40:00+00:00,112.88,112.88,112.805,112.84,3278.0,66.0,112.84675
CSCO,2026-08-26 19:45:00+00:00,112.84,112.93,112.83,112.915,4324.0,49.0,112.890538
CSCO,2026-08-26 19:50:00+00:00,112.9,112.9,112.47,112.485,13707.0,177.0,112.712327
CSCO,2026-08-26 19:55:00+00:00,112.47,112.49,112.285,112.345,42756.0,617.0,112.349654
CSCO,2026-08-27 13:30:00+00:00,112.06,112.555,111.95,112.125,12232.0,129.0,112.247085
CSCO,2026-08-27 13:35:00+00:00,112.285,112.34,111.7,111.83,8193.0,113.0,111.96028
CSCO,2026-08-27 13:40:00+00:00,111.85,112.44,111.85,112.215,9468.0,105.0,112.142662
CSCO,2026-08-27 13:45:00+00:00,112.245,112.315,111.98,112.055,8452.0,97.0,112.152719
CSCO,2026-08-27 13:50:00+00:00,112.12,112.56,112.12,112.36,5582.0,79.0,112.415082
CSCO,2026-08-27 13:55:00+00:00,112.4,112.4,111.88,112.17,11147.0,115.0,112.089282
CSCO,2026-08-27 14:00:00+00:00,112.17,112.38,112.11,112.13,7958.0,80.0,112.223226
CSCO,2026-08-27 14:05:00+00:00,112.12,112.13,111.84,112.02,8236.0,98.0,111.965244
CSCO,2026-08-27 14:10:00+00:00,112.0,112.39,112.0,112.26,8828.0,88.0,112.225244
CSCO,2026-08-27 14:15:00+00:00,112.26,112.26,111.965,112.12,12373.0,113.0,112.07
CSCO,2026-08-27 14:20:00+00:00,112.16,112.29,112.09,112.155,10307.0,122.0,112.199497
CSCO,2026-08-27 14:25:00+00:00,112.21,112.25,112.15,112.16,5803.0,75.0,112.194468
CSCO,2026-08-27 14:30:00+00:00,112.115,112.14,111.91,112.08,7456.0,90.0,112.013824
CSCO,2026-08-27 14:35:00+00:00,112.07,112.21,112.07,112.16,6778.0,90.0,112.151403
CSCO,2026-08-27 14:40:00+00:00,112.13,112.23,111.96,112.01,6375.0,76.0,112.152886
CSCO,2026-08-27 14:45:00+00:00,111.99,112.17,111.875,112.12,6943.0,79.0,111.958485
CSCO,2026-08-27 14:50:00+00:00,112.13,112.13,111.82,111.91,3778.0,51.0,111.953097
CSCO,2026-08-27 14:55:00+00:00,111.9,111.9,111.725,111.76,4327.0,68.0,111.778286
CSCO,2026-08-27 15:00:00+00:00,111.89,112.02,111.875,112.0,6600.0,85.0,111.943455
CSCO,2026-08-27 15:05:00+00:00,111.98,112.11,111.98,112.085,2679.0,39.0,112.067614
CSCO,2026-08-27 15:10:00+00:00,112.09,112.27,112.09,112.27,1833.0,30.0,112.148889
CSCO,2026-08-27 15:15:00+00:00,112.24,112.24,112.06,112.06,2178.0,38.0,112.125294
CSCO,2026-08-27 15:20:00+00:00,112.03,112.12,111.97,112.12,3353.0,58.0,112.0196
CSCO,2026-08-27 15:25:00+00:00,112.12,112.12,112.02,112.06,5394.0,60.0,112.073692
CSCO,2026-08-27 15:30:00+00:00,112.03,112.09,111.91,111.91,3054.0,44.0,112.022737
CSCO,2026-08-27 15:35:00+00:00,111.96,111.96,111.85,111.9,2801.0,38.0,111.887826
CSCO,2026-08-27 15:40:00+00:00,111.905,111.905,111.67,111.71,2894.0,41.0,111.736661
CSCO,2026-08-27 15:45:00+00:00,111.71,111.78,111.615,111.615,3099.0,42.0,111.714507
CSCO,2026-08-27 15:50:00+00:00,111.675,111.845,111.675,111.845,1551.0,22.0,111.745941
CSCO,2026-08-27 15:55:00+00:00,111.89,111.975,111.865,111.955,2706.0,53.0,111.925846
CSCO,2026-08-27 16:00:00+00:00,111.97,112.01,111.95,111.985,2964.0,45.0,111.982708
CSCO,2026-08-27 16:05:00+00:00,112.0,112.03,111.85,111.86,2228.0,27.0,111.961448
CSCO,2026-08-27 16:10:00+00:00,111.87,111.875,111.79,111.79,2709.0,47.0,111.82725
CSCO,2026-08-27 16:15:00+00:00,111.78,111.81,111.77,111.77,2269.0,33.0,111.791282
CSCO,2026-08-27 16:20:00+00:00,111.79,111.885,111.785,111.825,2693.0,53.0,111.847353
CSCO,2026-08-27 16:25:00+00:00,111.8,111.85,111.72,111.84,3509.0,60.0,111.789815
CSCO,2026-08-27 16:30:00+00:00,111.86,111.9,111.8,111.8,2026.0,36.0,111.85
CSCO,2026-08-27 16:35:00+00:00,111.795,111.845,111.765,111.8,3582.0,52.0,111.798578
CSCO,2026-08-27 16:40:00+00:00,111.8,111.84,111.79,111.84,2991.0,64.0,111.805953
CSCO,2026-08-27 16:45:00+00:00,111.92,112.085,111.92,112.085,2521.0,44.0,111.97375
CSCO,2026-08-27 16:50:00+00:00,112.095,112.105,112.03,112.03,2409.0,37.0,112.071538
CSCO,2026-08-27 16:55:00+00:00,112.005,112.02,111.87,111.89,5123.0,63.0,111.939399
CSCO,2026-08-27 17:00:00+00:00,111.9,112.015,111.885,112.015,3496.0,49.0,111.939193
CSCO,2026-08-27 17:05:00+00:00,112.075,112.09,111.95,112.085,3392.0,44.0,112.024153
CSCO,2026-08-27 17:10:00+00:00,112.135,112.135,112.0,112.0,1931.0,32.0,112.063571
CSCO,2026-08-27 17:15:00+00:00,111.99,112.03,111.97,112.03,3191.0,41.0,111.993148
CSCO,2026-08-27 17:20:00+00:00,112.04,112.07,111.97,112.065,2089.0,39.0,112.036471
CSCO,2026-08-27 17:25:00+00:00,112.06,112.06,111.97,111.98,4785.0,74.0,112.000364
CSCO,2026-08-27 17:30:00+00:00,111.99,112.04,111.965,111.965,3074.0,45.0,112.016855
CSCO,2026-08-27 17:35:00+00:00,111.975,111.99,111.755,111.755,3620.0,51.0,111.864828
CSCO,2026-08-27 17:40:00+00:00,111.755,111.79,111.675,111.675,8079.0,93.0,111.719416
CSCO,2026-08-27 17:45:00+00:00,111.675,111.69,111.62,111.675,2926.0,62.0,111.656667
CSCO,2026-08-27 17:50:00+00:00,111.655,111.94,111.645,111.84,9040.0,85.0,111.816107
CSCO,2026-08-27 17:55:00+00:00,111.85,111.91,111.785,111.875,3658.0,59.0,111.847333
CSCO,2026-08-27 18:00:00+00:00,111.9,111.96,111.84,111.88,4882.0,79.0,111.908052
CSCO,2026-08-27 18:05:00+00:00,111.84,111.96,111.84,111.95,2823.0,43.0,111.898085
CSCO,2026-08-27 18:10:00+00:00,111.945,112.02,111.89,112.01,3061.0,39.0,111.953889
CSCO,2026-08-27 18:15:00+00:00,112.12,112.12,112.01,112.01,1895.0,31.0,112.054667
CSCO,2026-08-27 18:20:00+00:00,112.02,112.055,111.98,111.99,2986.0,45.0,112.016346
CSCO,2026-08-27 18:25:00+00:00,112.01,112.01,111.75,111.75,4379.0,70.0,111.937557
CSCO,2026-08-27 18:30:00+00:00,111.75,111.77,111.69,111.74,3703.0,53.0,111.729565
CSCO,2026-08-27 18:35:00+00:00,111.74,111.825,111.74,111.81,3405.0,49.0,111.794821
CSCO,2026-08-27 18:40:00+00:00,111.81,111.9,111.76,111.89,2739.0,49.0,111.816364
CSCO,2026-08-27 18:45:00+00:00,111.89,111.97,111.86,111.86,3077.0,51.0,111.91587
CSCO,2026-08-27 18:50:00+00:00,111.86,111.9,111.85,111.86,2942.0,42.0,111.8704
CSCO,2026-08-27 18:55:00+00:00,111.82,111.91,111.79,111.91,2337.0,52.0,111.862
CSCO,2026-08-27 19:00:00+00:00,111.88,112.01,111.85,112.01,2785.0,46.0,111.894966
CSCO,2026-08-27 19:05:00+00:00,112.02,112.03,111.905,111.95,7140.0,108.0,111.96132
CSCO,2026-08-27 19:10:00+00:00,111.96,112.07,111.96,112.02,6276.0,82.0,112.027381
CSCO,2026-08-27 19:15:00+00:00,112.01,112.02,111.885,111.905,3809.0,60.0,111.954516
CSCO,2026-08-27 19:20:00+00:00,111.9,111.93,111.865,111.89,15626.0,135.0,111.914818
CSCO,2026-08-27 19:25:00+00:00,111.855,111.855,111.78,111.78,4544.0,99.0,111.816796
CSCO,2026-08-27 19:30:00+00:00,111.775,111.82,111.745,111.765,4445.0,66.0,111.76677
CSCO,2026-08-27 19:35:00+00:00,111.775,111.775,111.68,111.705,5465.0,72.0,111.720848
CSCO,2026-08-27 19:40:00+00:00,111.735,111.77,111.69,111.72,5733.0,83.0,111.730952
CSCO,2026-08-27 19:45:00+00:00,111.71,111.855,111.7,111.83,10478.0,149.0,111.805976
CSCO,2026-08-27 19:50:00+00:00,111.79,112.03,111.64,111.985,13495.0,192.0,111.819786
CSCO,2026-08-27 19:55:00+00:00,112.04,112.18,111.965,112.14,55538.0,661.0,112.089765
CSCO,2026-08-28 13:30:00+00:00,112.26,112.265,110.805,110.875,11352.0,136.0,111.372788
CSCO,2026-08-28 13:35:00+00:00,110.88,111.115,110.665,110.8,16654.0,174.0,110.863056
CSCO,2026-08-28 13:40:00+00:00,110.77,111.1,110.735,111.09,14154.0,157.0,110.977531
CSCO,2026-08-28 13:45:00+00:00,110.83,111.01,110.63,110.775,10825.0,78.0,110.793003
CSCO,2026-08-28 13:50:00+00:00,110.81,110.89,110.67,110.745,5630.0,61.0,110.772202
CSCO,2026-08-28 13:55:00+00:00,110.79,110.88,110.7,110.72,9027.0,88.0,110.78991
CSCO,2026-08-28 14:00:00+00:00,110.69,110.955,110.49,110.71,11522.0,118.0,110.713035
CSCO,2026-08-28 14:05:00+00:00,110.7,110.785,110.59,110.74,5275.0,63.0,110.693493
CSCO,2026-08-28 14:10:00+00:00,110.625,110.74,110.53,110.625,3363.0,46.0,110.660818
CSCO,2026-08-28 14:15:00+00:00,110.58,110.69,110.51,110.57,5256.0,76.0,110.593386
CSCO,2026-08-28 14:20:00+00:00,110.635,110.895,110.635,110.775,3988.0,59.0,110.740157
CSCO,2026-08-28 14:25:00+00:00,110.97,111.075,110.7,110.87,8683.0,111.0,110.842801
CSCO,2026-08-28 14:30:00+00:00,110.88,111.075,110.78,111.075,8070.0,96.0,110.903043
CSCO,2026-08-28 14:35:00+00:00,111.075,111.08,110.92,110.92,9855.0,107.0,110.994253
CSCO,2026-08-28 14:40:00+00:00,110.915,111.18,110.915,111.12,10387.0,122.0,111.062786
CSCO,2026-08-28 14:45:00+00:00,111.11,111.205,111.08,111.09,5833.0,76.0,111.130323
CSCO,2026-08-28 14:50:00+00:00,111.08,111.19,111.07,111.095,11429.0,169.0,111.135456
CSCO,2026-08-28 14:55:00+00:00,111.11,111.25,111.095,111.25,8123.0,101.0,111.158212
CSCO,2026-08-28 15:00:00+00:00,111.27,111.29,111.19,111.26,6666.0,89.0,111.240556
CSCO,2026-08-28 15:05:00+00:00,111.2,111.35,111.18,111.18,4976.0,79.0,111.241049
CSCO,2026-08-28 15:10:00+00:00,111.155,111.45,111.12,111.35,5853.0,81.0,111.213505
CSCO,2026-08-28 15:15:00+00:00,111.37,111.38,111.275,111.36,4780.0,65.0,111.325536
CSCO,2026-08-28 15:20:00+00:00,111.37,111.415,111.275,111.34,5928.0,68.0,111.320432
CSCO,2026-08-28 15:25:00+00:00,111.34,111.365,111.205,111.205,9657.0,119.0,111.290931
CSCO,2026-08-28 15:30:00+00:00,111.24,111.24,111.03,111.05,7746.0,85.0,111.118833
CSCO,2026-08-28 15:35:00+00:00,111.03,111.37,111.03,111.25,6593.0,74.0,111.217761
CSCO,2026-08-28 15:40:00+00:00,111.19,111.195,111.08,111.09,6091.0,70.0,111.162297
CSCO,2026-08-28 15:45:00+00:00,111.1,111.2,111.07,111.13,6823.0,86.0,111.126652
CSCO,2026-08-28 15:50:00+00:00,111.145,111.17,110.975,111.03,7423.0,80.0,111.062481
CSCO,2026-08-28 15:55:00+00:00,111.055,111.055,110.925,111.015,3932.0,54.0,111.003913
CSCO,2026-08-28 16:00:00+00:00,111.03,111.07,110.79,110.9,10288.0,123.0,110.896996
CSCO,2026-08-28 16:05:00+00:00,110.905,111.055,110.89,110.95,6120.0,83.0,110.963821
CSCO,2026-08-28 16:10:00+00:00,110.91,110.95,110.655,110.68,5987.0,82.0,110.812561
CSCO,2026-08-28 16:15:00+00:00,110.655,110.72,110.45,110.45,5546.0,80.0,110.58033
CSCO,2026-08-28 16:20:00+00:00,110.415,110.52,110.415,110.47,7040.0,94.0,110.464426
CSCO,2026-08-28 16:25:00+00:00,110.44,110.55,110.42,110.425,6898.0,83.0,110.491984
CSCO,2026-08-28 16:30:00+00:00,110.47,110.5,110.35,110.355,6122.0,77.0,110.415405
CSCO,2026-08-28 16:35:00+00:00,110.335,110.55,110.335,110.45,3979.0,56.0,110.459082
CSCO,2026-08-28 16:40:00+00:00,110.38,110.42,110.32,110.345,6915.0,93.0,110.376825
CSCO,2026-08-28 16:45:00+00:00,110.35,110.46,110.35,110.38,6372.0,76.0,110.402235
CSCO,2026-08-28 16:50:00+00:00,110.39,110.415,110.285,110.285,5219.0,64.0,110.364688
CSCO,2026-08-28 16:55:00+00:00,110.28,110.34,110.26,110.29,4496.0,61.0,110.302821
CSCO,2026-08-28 17:00:00+00:00,110.26,110.26,110.085,110.175,5044.0,64.0,110.165852
CSCO,2026-08-28 17:05:00+00:00,110.16,110.21,110.08,110.165,6068.0,81.0,110.140866
CSCO,2026-08-28 17:10:00+00:00,110.14,110.22,110.13,110.18,3486.0,48.0,110.166762
CSCO,2026-08-28 17:15:00+00:00,110.155,110.155,110.035,110.06,5971.0,74.0,110.074758
CSCO,2026-08-28 17:20:00+00:00,110.05,110.08,109.925,109.945,3745.0,60.0,109.978849
CSCO,2026-08-28 17:25:00+00:00,109.99,110.02,109.935,109.94,3781.0,51.0,109.980455
CSCO,2026-08-28 17:30:00+00:00,109.94,110.115,109.94,110.07,6300.0,81.0,110.022512
CSCO,2026-08-28 17:35:00+00:00,110.09,110.13,110.02,110.065,7261.0,94.0,110.08106
CSCO,2026-08-28 17:40:00+00:00,110.14,110.19,110.095,110.1,5218.0,68.0,110.139394
CSCO,2026-08-28 17:45:00+00:00,110.1,110.195,110.1,110.185,3635.0,51.0,110.164229
CSCO,2026-08-28 17:50:00+00:00,110.185,110.2,110.16,110.17,5265.0,63.0,110.174783
CSCO,2026-08-28 17:55:00+00:00,110.12,110.35,110.095,110.34,6021.0,81.0,110.148446
CSCO,2026-08-28 18:00:00+00:00,110.35,110.38,110.28,110.34,1741.0,34.0,110.326923
CSCO,2026-08-28 18:05:00+00:00,110.39,110.54,110.36,110.43,10218.0,112.0,110.440896
CSCO,2026-08-28 18:10:00+00:00,110.405,110.415,110.31,110.335,4274.0,61.0,110.370757
CSCO,2026-08-28 18:15:00+00:00,110.32,110.335,110.26,110.295,2585.0,41.0,110.301829
CSCO,2026-08-28 18:20:00+00:00,110.28,110.28,110.155,110.19,2617.0,48.0,110.198388
CSCO,2026-08-28 18:25:00+00:00,110.185,110.26,110.185,110.2,1647.0,34.0,110.230385
CSCO,2026-08-28 18:30:00+00:00,110.21,110.31,110.19,110.275,2921.0,39.0,110.2598
CSCO,2026-08-28 18:35:00+00:00,110.28,110.3,110.24,110.24,3203.0,50.0,110.269412
CSCO,2026-08-28 18:40:00+00:00,110.29,110.325,110.215,110.215,4847.0,68.0,110.27744
CSCO,2026-08-28 18:45:00+00:00,110.205,110.205,110.09,110.1,7335.0,98.0,110.141769
CSCO,2026-08-28 18:50:00+00:00,110.09,110.165,110.05,110.105,8849.0,99.0,110.112318
CSCO,2026-08-28 18:55:00+00:00,110.075,110.21,110.075,110.12,7225.0,92.0,110.150659
CSCO,2026-08-28 19:00:00+00:00,110.11,110.11,109.87,109.87,4451.0,70.0,109.962789
CSCO,2026-08-28 19:05:00+00:00,109.88,109.96,109.87,109.9,6542.0,86.0,109.915749
CSCO,2026-08-28 19:10:00+00:00,109.86,109.88,109.81,109.81,4471.0,65.0,109.854845
CSCO,2026-08-28 19:15:00+00:00,109.815,109.86,109.72,109.86,9352.0,115.0,109.790813
CSCO,2026-08-28 19:20:00+00:00,109.85,109.95,109.82,109.85,6690.0,87.0,109.88637
CSCO,2026-08-28 19:25:00+00:00,109.84,109.92,109.82,109.84,15646.0,156.0,109.872745
CSCO,2026-08-28 19:30:00+00:00,109.81,109.89,109.81,109.82,10077.0,110.0,109.854539
CSCO,2026-08-28 19:35:00+00:00,109.805,109.88,109.73,109.86,12656.0,151.0,109.806815
CSCO,2026-08-28 19:40:00+00:00,109.87,109.89,109.785,109.785,8378.0,142.0,109.842349
CSCO,2026-08-28 19:45:00+00:00,109.77,109.85,109.72,109.85,9672.0,160.0,109.788892
CSCO,2026-08-28 19:50:00+00:00,109.85,110.02,109.84,109.86,20151.0,312.0,109.938182
CSCO,2026-08-28 19:55:00+00:00,109.83,110.0,109.83,109.925,33963.0,548.0,109.930378
CSCO,2026-08-31 13:30:00+00:00,110.11,111.325,110.075,111.16,33381.0,294.0,110.724919
CSCO,2026-08-31 13:35:00+00:00,111.18,111.3,110.635,110.695,15659.0,181.0,110.927073
CSCO,2026-08-31 13:40:00+00:00,110.66,111.01,110.58,110.92,11399.0,130.0,110.815438
CSCO,2026-08-31 13:45:00+00:00,110.92,111.1,110.68,110.75,15926.0,189.0,110.975678
CSCO,2026-08-31 13:50:00+00:00,110.75,110.755,110.405,110.73,8491.0,96.0,110.616361
CSCO,2026-08-31 13:55:00+00:00,110.79,110.79,110.495,110.63,8601.0,116.0,110.645266
CSCO,2026-08-31 14:00:00+00:00,110.59,110.59,110.2,110.3,28225.0,207.0,110.263084
CSCO,2026-08-31 14:05:00+00:00,110.37,110.47,110.26,110.32,7348.0,77.0,110.368512
CSCO,2026-08-31 14:10:00+00:00,110.32,110.465,110.26,110.44,22286.0,146.0,110.321653
CSCO,2026-08-31 14:15:00+00:00,110.375,110.375,110.2,110.34,16964.0,164.0,110.293842
CSCO,2026-08-31 14:20:00+00:00,110.31,110.4,110.08,110.08,42477.0,314.0,110.287288
CSCO,2026-08-31 14:25:00+00:00,110.06,110.06,109.625,109.68,7238.0,102.0,109.843089
CSCO,2026-08-31 14:30:00+00:00,109.695,109.955,109.635,109.955,9495.0,114.0,109.844025
CSCO,2026-08-31 14:35:00+00:00,109.94,110.085,109.905,110.085,8377.0,90.0,109.971278
CSCO,2026-08-31 14:40:00+00:00,110.06,110.155,110.005,110.09,5826.0,66.0,110.077872
CSCO,2026-08-31 14:45:00+00:00,110.03,110.07,109.99,110.03,3632.0,51.0,110.036396
CSCO,2026-08-31 14:50:00+00:00,110.03,110.16,110.03,110.15,3798.0,54.0,110.078889
CSCO,2026-08-31 14:55:00+00:00,110.14,110.29,110.11,110.175,6612.0,95.0,110.201563
CSCO,2026-08-31 15:00:00+00:00,110.165,110.2,109.94,109.99,5993.0,82.0,110.09766
CSCO,2026-08-31 15:05:00+00:00,110.015,110.13,110.01,110.02,3150.0,50.0,110.050114
CSCO,2026-08-31 15:10:00+00:00,110.05,110.16,110.025,110.055,3260.0,41.0,110.086875
CSCO,2026-08-31 15:15:00+00:00,110.06,110.08,109.99,110.06,4527.0,69.0,110.033231
CSCO,2026-08-31 15:20:00+00:00,110.04,110.1,109.99,109.99,2572.0,34.0,110.059318
CSCO,2026-08-31 15:25:00+00:00,110.04,110.06,109.995,110.025,5014.0,67.0,110.019756
CSCO,2026-08-31 15:30:00+00:00,110.03,110.135,109.995,110.1,9382.0,106.0,110.021005
CSCO,2026-08-31 15:35:00+00:00,110.105,110.115,110.025,110.03,4201.0,53.0,110.061511
CSCO,2026-08-31 15:40:00+00:00,110.0,110.025,109.935,110.02,7144.0,70.0,109.984399
CSCO,2026-08-31 15:45:00+00:00,110.02,110.08,109.98,110.07,2994.0,34.0,110.037413
CSCO,2026-08-31 15:50:00+00:00,110.095,110.16,110.09,110.115,2778.0,36.0,110.122066
CSCO,2026-08-31 15:55:00+00:00,110.1,110.15,110.06,110.14,7522.0,80.0,110.104806
CSCO,2026-08-31 16:00:00+00:00,110.145,110.24,110.105,110.125,10740.0,124.0,110.180038
CSCO,2026-08-31 16:05:00+00:00,110.09,110.175,110.09,110.145,1824.0,30.0,110.135185
CSCO,2026-08-31 16:10:00+00:00,110.115,110.21,110.09,110.09,6025.0,71.0,110.148503
CSCO,2026-08-31 16:15:00+00:00,110.145,110.21,110.09,110.21,4377.0,70.0,110.147656
CSCO,2026-08-31 16:20:00+00:00,110.26,110.26,110.2,110.22,7581.0,111.0,110.245538
CSCO,2026-08-31 16:25:00+00:00,110.3,110.46,110.3,110.46,2652.0,38.0,110.407709
CSCO,2026-08-31 16:30:00+00:00,110.455,110.48,110.4,110.48,5159.0,92.0,110.441677
CSCO,2026-08-31 16:35:00+00:00,110.46,110.46,110.32,110.32,1828.0,39.0,110.414236
CSCO,2026-08-31 16:40:00+00:00,110.28,110.395,110.28,110.34,4198.0,60.0,110.356061
CSCO,2026-08-31 16:45:00+00:00,110.355,110.43,110.335,110.41,2003.0,37.0,110.378056
CSCO,2026-08-31 16:50:00+00:00,110.43,110.57,110.4,110.51,4828.0,63.0,110.512798
CSCO,2026-08-31 16:55:00+00:00,110.52,110.61,110.52,110.59,1134.0,34.0,110.576667
CSCO,2026-08-31 17:00:00+00:00,110.6,110.605,110.53,110.53,1842.0,33.0,110.565
CSCO,2026-08-31 17:05:00+00:00,110.55,110.55,110.475,110.52,2134.0,35.0,110.508421
CSCO,2026-08-31 17:10:00+00:00,110.54,110.565,110.49,110.49,2078.0,39.0,110.526211
CSCO,2026-08-31 17:15:00+00:00,110.49,110.545,110.47,110.51,1910.0,35.0,110.51375
CSCO,2026-08-31 17:20:00+00:00,110.485,110.55,110.47,110.53,1495.0,28.0,110.509615
CSCO,2026-08-31 17:25:00+00:00,110.54,110.545,110.44,110.44,1834.0,32.0,110.498125
CSCO,2026-08-31 17:30:00+00:00,110.45,110.495,110.435,110.44,1957.0,31.0,110.458056
CSCO,2026-08-31 17:35:00+00:00,110.44,110.475,110.415,110.475,2951.0,40.0,110.444009
CSCO,2026-08-31 17:40:00+00:00,110.485,110.63,110.46,110.63,9573.0,68.0,110.578254
CSCO,2026-08-31 17:45:00+00:00,110.59,110.59,110.54,110.54,1258.0,16.0,110.57375
CSCO,2026-08-31 17:50:00+00:00,110.52,110.67,110.52,110.615,5359.0,69.0,110.621837
CSCO,2026-08-31 17:55:00+00:00,110.615,110.62,110.445,110.54,9320.0,110.0,110.504441
CSCO,2026-08-31 18:00:00+00:00,110.53,110.675,110.53,110.6,5303.0,104.0,110.623488
CSCO,2026-08-31 18:05:00+00:00,110.59,110.66,110.59,110.64,2854.0,62.0,110.622353
CSCO,2026-08-31 18:10:00+00:00,110.64,110.645,110.6,110.6,3344.0,91.0,110.625476
CSCO,2026-08-31 18:15:00+00:00,110.62,110.63,110.59,110.59,2821.0,39.0,110.609371
CSCO,2026-08-31 18:20:00+00:00,110.645,110.665,110.615,110.66,2848.0,58.0,110.640952
CSCO,2026-08-31 18:25:00+00:00,110.66,110.71,110.635,110.7,2299.0,46.0,110.675233
CSCO,2026-08-31 18:30:00+00:00,110.715,110.785,110.715,110.74,4916.0,72.0,110.761423
CSCO,2026-08-31 18:35:00+00:00,110.725,110.725,110.59,110.63,2631.0,45.0,110.643611
CSCO,2026-08-31 18:40:00+00:00,110.6,110.615,110.545,110.615,4199.0,59.0,110.574412
CSCO,2026-08-31 18:45:00+00:00,110.63,110.705,110.58,110.67,3957.0,42.0,110.652239
CSCO,2026-08-31 18:50:00+00:00,110.67,110.685,110.605,110.62,3063.0,40.0,110.65
CSCO,2026-08-31 18:55:00+00:00,110.615,110.63,110.605,110.62,2408.0,33.0,110.616526
CSCO,2026-08-31 19:00:00+00:00,110.645,110.655,110.58,110.595,2558.0,41.0,110.613587
CSCO,2026-08-31 19:05:00+00:00,110.575,110.62,110.56,110.61,3624.0,50.0,110.590982
CSCO,2026-08-31 19:10:00+00:00,110.62,110.67,110.57,110.62,13327.0,125.0,110.603843
CSCO,2026-08-31 19:15:00+00:00,110.625,110.725,110.61,110.725,5281.0,81.0,110.662559
CSCO,2026-08-31 19:20:00+00:00,110.69,110.825,110.675,110.825,4151.0,66.0,110.741369
CSCO,2026-08-31 19:25:00+00:00,110.83,110.895,110.805,110.87,3506.0,70.0,110.846281
CSCO,2026-08-31 19:30:00+00:00,110.83,110.83,110.705,110.73,4982.0,96.0,110.775512
CSCO,2026-08-31 19:35:00+00:00,110.71,110.79,110.675,110.79,6873.0,98.0,110.731735
CSCO,2026-08-31 19:40:00+00:00,110.8,110.93,110.795,110.925,10662.0,139.0,110.858718
CSCO,2026-08-31 19:45:00+00:00,110.905,111.145,110.89,110.98,12350.0,189.0,111.005432
CSCO,2026-08-31 19:50:00+00:00,111.01,111.18,110.5,110.52,33692.0,424.0,110.984255
CSCO,2026-08-31 19:55:00+00:00,110.46,110.62,110.345,110.46,67966.0,839.0,110.484033
CSCO,2026-09-01 13:30:00+00:00,110.05,110.72,110.05,110.34,9099.0,158.0,110.339
CSCO,2026-09-01 13:35:00+00:00,110.4,110.45,109.67,109.845,9877.0,92.0,109.833868
CSCO,2026-09-01 13:40:00+00:00,109.725,109.765,109.41,109.55,7760.0,91.0,109.590547
CSCO,2026-09-01 13:45:00+00:00,109.54,109.9,109.54,109.9,5834.0,71.0,109.671863
CSCO,2026-09-01 13:50:00+00:00,109.78,109.78,109.47,109.52,4224.0,47.0,109.627415
CSCO,2026-09-01 13:55:00+00:00,109.515,109.715,109.48,109.525,10810.0,139.0,109.56648
CSCO,2026-09-01 14:00:00+00:00,109.47,109.76,109.46,109.515,11518.0,115.0,109.56281
CSCO,2026-09-01 14:05:00+00:00,109.505,109.62,109.46,109.52,6867.0,95.0,109.535144
CSCO,2026-09-01 14:10:00+00:00,109.485,109.52,109.02,109.02,9141.0,110.0,109.165238
CSCO,2026-09-01 14:15:00+00:00,109.05,109.28,109.05,109.095,10914.0,134.0,109.162414
CSCO,2026-09-01 14:20:00+00:00,109.145,109.215,108.96,109.01,8793.0,109.0,109.109715
CSCO,2026-09-01 14:25:00+00:00,109.02,109.1,108.95,108.99,5938.0,75.0,109.02579
CSCO,2026-09-01 14:30:00+00:00,109.06,109.29,109.06,109.165,9108.0,133.0,109.169939
CSCO,2026-09-01 14:35:00+00:00,109.22,109.235,109.04,109.07,6440.0,93.0,109.126778
CSCO,2026-09-01 14:40:00+00:00,109.15,109.415,109.135,109.36,10796.0,123.0,109.240638
CSCO,2026-09-01 14:45:00+00:00,109.38,109.445,109.23,109.385,10993.0,114.0,109.323906
CSCO,2026-09-01 14:50:00+00:00,109.36,109.36,109.07,109.165,9575.0,106.0,109.194379
CSCO,2026-09-01 14:55:00+00:00,109.27,109.295,109.19,109.24,4907.0,76.0,109.240852
CSCO,2026-09-01 15:00:00+00:00,109.25,109.34,109.205,109.27,3956.0,61.0,109.283161
CSCO,2026-09-01 15:05:00+00:00,109.25,109.375,109.25,109.31,3433.0,47.0,109.295333
CSCO,2026-09-01 15:10:00+00:00,109.36,109.36,109.27,109.305,4089.0,59.0,109.312996
CSCO,2026-09-01 15:15:00+00:00,109.285,109.31,109.22,109.27,3671.0,60.0,109.260741
CSCO,2026-09-01 15:20:00+00:00,109.23,109.23,109.13,109.17,3292.0,53.0,109.192984
CSCO,2026-09-01 15:25:00+00:00,109.18,109.26,109.15,109.235,5114.0,84.0,109.226118
CSCO,2026-09-01 15:30:00+00:00,109.22,109.24,109.185,109.22,2847.0,50.0,109.21487
CSCO,2026-09-01 15:35:00+00:00,109.21,109.22,109.16,109.195,1347.0,66.0,109.1925
CSCO,2026-09-01 15:40:00+00:00,109.2,109.28,109.2,109.25,1409.0,32.0,109.25
CSCO,2026-09-01 15:45:00+00:00,109.29,109.35,109.26,109.35,1623.0,41.0,109.320833
CSCO,2026-09-01 15:50:00+00:00,109.3,109.33,109.16,109.17,3045.0,61.0,109.241486
CSCO,2026-09-01 15:55:00+00:00,109.18,109.18,109.075,109.145,1190.0,18.0,109.1425
CSCO,2026-09-01 16:00:00+00:00,109.165,109.27,109.14,109.27,1288.0,32.0,109.207857
CSCO,2026-09-01 16:05:00+00:00,109.26,109.295,109.18,109.24,3756.0,59.0,109.225753
CSCO,2026-09-01 16:10:00+00:00,109.27,109.33,109.27,109.3,840.0,22.0,109.308
CSCO,2026-09-01 16:15:00+00:00,109.25,109.25,109.18,109.18,3031.0,40.0,109.22
CSCO,2026-09-01 16:20:00+00:00,109.17,109.17,109.06,109.125,1310.0,57.0,109.11
CSCO,2026-09-01 16:25:00+00:00,109.12,109.14,109.01,109.01,9555.0,121.0,109.071531
CSCO,2026-09-01 16:30:00+00:00,109.065,109.13,109.055,109.095,28749.0,317.0,109.072328
CSCO,2026-09-01 16:35:00+00:00,109.12,109.155,109.1,109.13,1752.0,37.0,109.134177
CSCO,2026-09-01 16:40:00+00:00,109.135,109.21,109.11,109.2,3155.0,50.0,109.168835
CSCO,2026-09-01 16:45:00+00:00,109.2,109.25,109.19,109.25,4013.0,79.0,109.229474
CSCO,2026-09-01 16:50:00+00:00,109.24,109.265,109.17,109.2,2769.0,45.0,109.202632
CSCO,2026-09-01 16:55:00+00:00,109.24,109.41,109.24,109.41,3291.0,83.0,109.358947
CSCO,2026-09-01 17:00:00+00:00,109.34,109.42,109.34,109.42,3066.0,42.0,109.372559
CSCO,2026-09-01 17:05:00+00:00,109.37,109.37,109.255,109.28,1794.0,28.0,109.326
CSCO,2026-09-01 17:10:00+00:00,109.31,109.31,109.17,109.19,2240.0,76.0,109.229643
CSCO,2026-09-01 17:15:00+00:00,109.19,109.24,109.17,109.205,2253.0,40.0,109.203056
CSCO,2026-09-01 17:20:00+00:00,109.25,109.25,109.23,109.24,765.0,15.0,109.235454
CSCO,2026-09-01 17:25:00+00:00,109.25,109.25,109.14,109.225,2926.0,43.0,109.191037
CSCO,2026-09-01 17:30:00+00:00,109.37,109.425,109.35,109.35,2552.0,43.0,109.389971
CSCO,2026-09-01 17:35:00+00:00,109.39,109.425,109.39,109.415,2457.0,27.0,109.419797
CSCO,2026-09-01 17:40:00+00:00,109.43,109.47,109.41,109.41,2242.0,56.0,109.435882
CSCO,2026-09-01 17:45:00+00:00,109.385,109.385,109.29,109.29,869.0,22.0,109.318
CSCO,2026-09-01 17:50:00+00:00,109.27,109.3,109.23,109.28,2256.0,42.0,109.268125
CSCO,2026-09-01 17:55:00+00:00,109.27,109.44,109.27,109.44,1929.0,36.0,109.344
CSCO,2026-09-01 18:00:00+00:00,109.5,109.52,109.46,109.48,3435.0,60.0,109.500217
CSCO,2026-09-01 18:05:00+00:00,109.45,109.45,109.36,109.36,2829.0,51.0,109.397727
CSCO,2026-09-01 18:10:00+00:00,109.42,109.43,109.36,109.36,1272.0,22.0,109.406429
CSCO,2026-09-01 18:15:00+00:00,109.32,109.505,109.32,109.505,1049.0,27.0,109.430625
CSCO,2026-09-01 18:20:00+00:00,109.495,109.53,109.49,109.515,2607.0,42.0,109.505
CSCO,2026-09-01 18:25:00+00:00,109.5,109.5,109.46,109.46,1231.0,20.0,109.495833
CSCO,2026-09-01 18:30:00+00:00,109.47,109.5,109.28,109.28,10146.0,135.0,109.399447
CSCO,2026-09-01 18:35:00+00:00,109.35,109.375,109.33,109.375,1870.0,38.0,109.35
CSCO,2026-09-01 18:40:00+00:00,109.39,109.39,109.25,109.25,2368.0,52.0,109.352333
CSCO,2026-09-01 18:45:00+00:00,109.195,109.36,109.195,109.35,4384.0,88.0,109.257538
CSCO,2026-09-01 18:50:00+00:00,109.34,109.395,109.34,109.38,3563.0,70.0,109.363158
CSCO,2026-09-01 18:55:00+00:00,109.4,109.49,109.4,109.48,2532.0,52.0,109.452895
CSCO,2026-09-01 19:00:00+00:00,109.47,109.73,109.47,109.73,2530.0,52.0,109.610391
CSCO,2026-09-01 19:05:00+00:00,109.725,109.725,109.57,109.59,4067.0,69.0,109.617171
CSCO,2026-09-01 19:10:00+00:00,109.61,109.61,109.56,109.595,3138.0,46.0,109.584053
CSCO,2026-09-01 19:15:00+00:00,109.585,109.6,109.525,109.55,2063.0,39.0,109.562
CSCO,2026-09-01 19:20:00+00:00,109.57,109.625,109.555,109.585,2689.0,50.0,109.585589
CSCO,2026-09-01 19:25:00+00:00,109.58,109.59,109.54,109.59,5771.0,72.0,109.575375
CSCO,2026-09-01 19:30:00+00:00,109.59,109.78,109.59,109.75,15251.0,217.0,109.699095
CSCO,2026-09-01 19:35:00+00:00,109.74,109.745,109.66,109.68,4685.0,94.0,109.696843
CSCO,2026-09-01 19:40:00+00:00,109.64,109.81,109.64,109.76,6186.0,152.0,109.71522
CSCO,2026-09-01 19:45:00+00:00,109.73,109.87,109.72,109.815,10556.0,240.0,109.791573
CSCO,2026-09-01 19:50:00+00:00,109.75,109.8,109.545,109.69,30728.0,414.0,109.693733
CSCO,2026-09-01 19:55:00+00:00,109.71,109.78,109.535,109.73,83576.0,998.0,109.64316
CSCO,2026-09-02 13:30:00+00:00,110.2,110.485,109.66,109.755,10701.0,173.0,109.913939
CSCO,2026-09-02 13:35:00+00:00,109.74,110.2,109.435,110.02,10059.0,131.0,109.796567
CSCO,2026-09-02 13:40:00+00:00,109.97,110.23,109.54,109.715,6014.0,84.0,109.983352
CSCO,2026-09-02 13:45:00+00:00,109.76,109.83,109.11,109.11,6305.0,103.0,109.613394
CSCO,2026-09-02 13:50:00+00:00,109.1,109.11,108.7,108.735,8225.0,115.0,108.910968
CSCO,2026-09-02 13:55:00+00:00,108.7,108.88,108.65,108.76,7682.0,105.0,108.754987
CSCO,2026-09-02 14:00:00+00:00,108.765,108.95,108.6,108.95,9165.0,123.0,108.757518
CSCO,2026-09-02 14:05:00+00:00,109.02,109.21,109.02,109.16,3353.0,66.0,109.105909
CSCO,2026-09-02 14:10:00+00:00,109.15,109.26,108.81,108.95,6137.0,91.0,108.953022
CSCO,2026-09-02 14:15:00+00:00,108.99,109.435,108.97,109.42,4327.0,57.0,109.206432
CSCO,2026-09-02 14:20:00+00:00,109.42,109.545,109.41,109.46,4298.0,70.0,109.486341
CSCO,2026-09-02 14:25:00+00:00,109.49,109.545,109.35,109.39,3883.0,68.0,109.4417
CSCO,2026-09-02 14:30:00+00:00,109.36,109.36,109.125,109.24,3214.0,72.0,109.211923
CSCO,2026-09-02 14:35:00+00:00,109.31,109.46,109.31,109.37,3347.0,47.0,109.374922
CSCO,2026-09-02 14:40:00+00:00,109.37,109.42,109.2,109.32,12773.0,149.0,109.285638
CSCO,2026-09-02 14:45:00+00:00,109.33,109.39,109.29,109.3,6807.0,75.0,109.336386
CSCO,2026-09-02 14:50:00+00:00,109.28,109.31,109.21,109.245,6596.0,99.0,109.264952
CSCO,2026-09-02 14:55:00+00:00,109.31,109.32,109.06,109.06,4336.0,55.0,109.229049
CSCO,2026-09-02 15:00:00+00:00,109.05,109.15,109.03,109.03,4711.0,66.0,109.084646
CSCO,2026-09-02 15:05:00+00:00,109.1,109.13,109.06,109.06,3000.0,39.0,109.106304
CSCO,2026-09-02 15:10:00+00:00,109.08,109.08,108.94,109.04,6805.0,90.0,109.01625
CSCO,2026-09-02 15:15:00+00:00,109.06,109.08,108.97,108.975,3438.0,48.0,109.042732
CSCO,2026-09-02 15:20:00+00:00,108.97,109.04,108.97,109.03,2623.0,45.0,109.013428
CSCO,2026-09-02 15:25:00+00:00,109.02,109.12,109.02,109.07,5031.0,84.0,109.086753
CSCO,2026-09-02 15:30:00+00:00,109.105,109.255,109.105,109.22,8088.0,110.0,109.183227
CSCO,2026-09-02 15:35:00+00:00,109.24,109.36,109.24,109.295,3068.0,55.0,109.301304
CSCO,2026-09-02 15:40:00+00:00,109.21,109.215,109.17,109.17,2296.0,79.0,109.196786
CSCO,2026-09-02 15:45:00+00:00,109.13,109.175,108.915,108.915,6118.0,116.0,109.009305
CSCO,2026-09-02 15:50:00+00:00,108.96,109.025,108.87,108.91,6264.0,109.0,108.941732
CSCO,2026-09-02 15:55:00+00:00,108.91,108.93,108.84,108.88,2775.0,46.0,108.8652
CSCO,2026-09-02 16:00:00+00:00,108.88,108.97,108.82,108.91,3750.0,47.0,108.890873
CSCO,2026-09-02 16:05:00+00:00,108.91,109.025,108.9,109.025,1530.0,25.0,108.96125
CSCO,2026-09-02 16:10:00+00:00,109.01,109.01,108.795,108.815,5104.0,64.0,108.904768
CSCO,2026-09-02 16:15:00+00:00,108.83,108.83,108.73,108.75,2877.0,43.0,108.757727
CSCO,2026-09-02 16:20:00+00:00,108.74,108.81,108.695,108.71,4229.0,49.0,108.750526
CSCO,2026-09-02 16:25:00+00:00,108.71,108.72,108.61,108.65,2508.0,71.0,108.66455
CSCO,2026-09-02 16:30:00+00:00,108.65,108.68,108.535,108.535,4060.0,67.0,108.575
CSCO,2026-09-02 16:35:00+00:00,108.58,108.7,108.58,108.66,3882.0,50.0,108.640574
CSCO,2026-09-02 16:40:00+00:00,108.665,108.665,108.595,108.605,3800.0,63.0,108.62559
CSCO,2026-09-02 16:45:00+00:00,108.665,108.665,108.57,108.57,3348.0,45.0,108.638585
CSCO,2026-09-02 16:50:00+00:00,108.55,108.55,108.41,108.48,7945.0,136.0,108.48544
CSCO,2026-09-02 16:55:00+00:00,108.5,108.53,108.5,108.52,4364.0,63.0,108.51195
CSCO,2026-09-02 17:00:00+00:00,108.53,108.7,108.53,108.64,4767.0,75.0,108.631587
CSCO,2026-09-02 17:05:00+00:00,108.61,108.675,108.57,108.675,2046.0,35.0,108.62
CSCO,2026-09-02 17:10:00+00:00,108.67,108.82,108.67,108.82,1285.0,33.0,108.718982
CSCO,2026-09-02 17:15:00+00:00,108.83,108.9,108.83,108.87,1803.0,28.0,108.864134
CSCO,2026-09-02 17:20:00+00:00,108.87,108.95,108.86,108.95,2183.0,42.0,108.888798
CSCO,2026-09-02 17:25:00+00:00,108.87,108.87,108.78,108.78,4914.0,60.0,108.840516
CSCO,2026-09-02 17:30:00+00:00,108.83,108.83,108.765,108.81,1907.0,37.0,108.786844
CSCO,2026-09-02 17:35:00+00:00,108.795,108.795,108.74,108.77,1689.0,35.0,108.772609
CSCO,2026-09-02 17:40:00+00:00,108.73,108.76,108.67,108.725,3913.0,64.0,108.724388
CSCO,2026-09-02 17:45:00+00:00,108.77,108.81,108.77,108.79,1847.0,36.0,108.787391
CSCO,2026-09-02 17:50:00+00:00,108.73,108.75,108.69,108.69,2088.0,50.0,108.716765
CSCO,2026-09-02 17:55:00+00:00,108.71,108.77,108.71,108.77,2038.0,34.0,108.733333
CSCO,2026-09-02 18:00:00+00:00,108.76,108.77,108.695,108.77,2451.0,85.0,108.745
CSCO,2026-09-02 18:05:00+00:00,108.81,108.87,108.81,108.84,3319.0,62.0,108.843273
CSCO,2026-09-02 18:10:00+00:00,108.88,109.135,108.88,109.115,2717.0,48.0,109.048243
CSCO,2026-09-02 18:15:00+00:00,109.11,109.24,109.07,109.155,5694.0,79.0,109.144923
CSCO,2026-09-02 18:20:00+00:00,109.15,109.17,109.09,109.09,2977.0,57.0,109.129884
CSCO,2026-09-02 18:25:00+00:00,109.17,109.255,109.17,109.24,3332.0,49.0,109.212431
CSCO,2026-09-02 18:30:00+00:00,109.23,109.27,109.22,109.24,4575.0,90.0,109.248907
CSCO,2026-09-02 18:35:00+00:00,109.17,109.22,108.96,109.01,5034.0,103.0,109.122608
CSCO,2026-09-02 18:40:00+00:00,109.01,109.08,108.97,109.08,1831.0,32.0,109.018462
CSCO,2026-09-02 18:45:00+00:00,109.08,109.195,109.08,109.19,3972.0,76.0,109.14993
CSCO,2026-09-02 18:50:00+00:00,109.13,109.18,109.13,109.175,3578.0,97.0,109.150992
CSCO,2026-09-02 18:55:00+00:00,109.2,109.215,109.16,109.19,6024.0,83.0,109.19144
CSCO,2026-09-02 19:00:00+00:00,109.19,109.28,109.19,109.275,4373.0,91.0,109.222834
CSCO,2026-09-02 19:05:00+00:00,109.29,109.43,109.26,109.37,5249.0,109.0,109.336623
CSCO,2026-09-02 19:10:00+00:00,109.385,109.4,109.31,109.31,3591.0,58.0,109.370357
CSCO,2026-09-02 19:15:00+00:00,109.31,109.34,109.2,109.34,5440.0,159.0,109.258134
CSCO,2026-09-02 19:20:00+00:00,109.31,109.49,109.3,109.43,2484.0,74.0,109.416471
CSCO,2026-09-02 19:25:00+00:00,109.445,109.46,109.42,109.42,4879.0,71.0,109.4448
CSCO,2026-09-02 19:30:00+00:00,109.42,109.485,109.33,109.485,7809.0,110.0,109.404211
CSCO,2026-09-02 19:35:00+00:00,109.49,109.585,109.42,109.54,5377.0,132.0,109.524317
CSCO,2026-09-02 19:40:00+00:00,109.48,109.48,109.42,109.48,5562.0,103.0,109.451319
CSCO,2026-09-02 19:45:00+00:00,109.455,109.49,109.405,109.435,4728.0,106.0,109.439098
CSCO,2026-09-02 19:50:00+00:00,109.45,109.48,109.36,109.46,10255.0,162.0,109.410864
CSCO,2026-09-02 19:55:00+00:00,109.39,109.48,109.38,109.47,36137.0,569.0,109.431961
CSCO,2026-09-03 13:30:00+00:00,108.49,109.16,108.06,108.315,8856.0,147.0,108.461878
CSCO,2026-09-03 13:35:00+00:00,108.35,108.78,107.87,108.78,10785.0,136.0,108.3021
CSCO,2026-09-03 13:40:00+00:00,108.81,108.9,108.295,108.49,6747.0,88.0,108.545523
CSCO,2026-09-03 13:45:00+00:00,108.45,108.51,107.97,108.13,14233.0,162.0,108.259436
CSCO,2026-09-03 13:50:00+00:00,108.15,108.15,107.94,108.12,5800.0,87.0,108.049044
CSCO,2026-09-03 13:55:00+00:00,108.125,108.24,108.05,108.225,4432.0,69.0,108.157992
CSCO,2026-09-03 14:00:00+00:00,108.245,108.245,107.68,107.78,13937.0,137.0,107.854154
CSCO,2026-09-03 14:05:00+00:00,107.95,108.015,107.78,107.78,6645.0,79.0,107.87839
CSCO,2026-09-03 14:10:00+00:00,107.93,108.27,107.93,108.12,4863.0,79.0,108.149068
CSCO,2026-09-03 14:15:00+00:00,108.08,108.835,108.075,108.835,9619.0,113.0,108.289005
CSCO,2026-09-03 14:20:00+00:00,108.87,108.88,108.555,108.88,8303.0,116.0,108.752686
CSCO,2026-09-03 14:25:00+00:00,108.855,109.065,108.825,109.03,9033.0,99.0,108.903039
CSCO,2026-09-03 14:30:00+00:00,109.03,109.03,108.79,108.83,8542.0,87.0,108.89661
CSCO,2026-09-03 14:35:00+00:00,108.705,108.77,108.6,108.645,7121.0,96.0,108.694942
CSCO,2026-09-03 14:40:00+00:00,108.655,108.71,108.56,108.575,2914.0,42.0,108.634327
CSCO,2026-09-03 14:45:00+00:00,108.525,108.615,108.415,108.605,5101.0,64.0,108.516331
CSCO,2026-09-03 14:50:00+00:00,108.65,108.72,108.525,108.53,3207.0,50.0,108.631276
CSCO,2026-09-03 14:55:00+00:00,108.59,109.065,108.305,109.065,17482.0,240.0,108.616864
CSCO,2026-09-03 15:00:00+00:00,109.07,109.35,109.07,109.33,7703.0,106.0,109.247275
CSCO,2026-09-03 15:05:00+00:00,109.34,109.36,109.215,109.24,3052.0,41.0,109.257341
CSCO,2026-09-03 15:10:00+00:00,109.26,109.44,109.25,109.44,5374.0,81.0,109.327132
CSCO,2026-09-03 15:15:00+00:00,109.4,109.45,109.335,109.42,6958.0,82.0,109.405486
CSCO,2026-09-03 15:20:00+00:00,109.36,109.38,109.24,109.38,5673.0,75.0,109.30287
CSCO,2026-09-03 15:25:00+00:00,109.38,109.51,109.365,109.47,5307.0,77.0,109.420114
CSCO,2026-09-03 15:30:00+00:00,109.46,109.515,109.425,109.47,4411.0,65.0,109.463239
CSCO,2026-09-03 15:35:00+00:00,109.505,109.515,109.395,109.445,5042.0,126.0,109.455
CSCO,2026-09-03 15:40:00+00:00,109.47,109.54,109.44,109.44,2449.0,42.0,109.470896
CSCO,2026-09-03 15:45:00+00:00,109.465,109.55,109.44,109.48,4592.0,67.0,109.503818
CSCO,2026-09-03 15:50:00+00:00,109.465,109.49,109.31,109.32,3883.0,71.0,109.35597
CSCO,2026-09-03 15:55:00+00:00,109.3,109.325,109.265,109.315,3839.0,68.0,109.29871
CSCO,2026-09-03 16:00:00+00:00,109.32,109.42,109.25,109.42,3800.0,66.0,109.333599
CSCO,2026-09-03 16:05:00+00:00,109.4,109.44,109.34,109.35,3269.0,73.0,109.392322
CSCO,2026-09-03 16:10:00+00:00,109.37,109.47,109.34,109.45,3138.0,38.0,109.435454
CSCO,2026-09-03 16:15:00+00:00,109.46,109.475,109.37,109.4,4794.0,97.0,109.440145
CSCO,2026-09-03 16:20:00+00:00,109.41,109.46,109.375,109.41,3034.0,60.0,109.415714
CSCO,2026-09-03 16:25:00+00:00,109.4,109.445,109.395,109.43,2336.0,56.0,109.417333
CSCO,2026-09-03 16:30:00+00:00,109.45,109.58,109.42,109.51,5265.0,77.0,109.49468
CSCO,2026-09-03 16:35:00+00:00,109.515,109.67,109.515,109.64,5769.0,90.0,109.587525
CSCO,2026-09-03 16:40:00+00:00,109.64,109.64,109.43,109.47,5072.0,96.0,109.474368
CSCO,2026-09-03 16:45:00+00:00,109.495,109.495,109.43,109.46,2558.0,59.0,109.467369
CSCO,2026-09-03 16:50:00+00:00,109.42,109.45,109.4,109.45,2392.0,36.0,109.427412
CSCO,2026-09-03 16:55:00+00:00,109.4,109.4,109.33,109.335,3951.0,100.0,109.355246
CSCO,2026-09-03 17:00:00+00:00,109.34,109.35,109.09,109.09,5307.0,125.0,109.206873
CSCO,2026-09-03 17:05:00+00:00,109.12,109.12,109.06,109.09,6351.0,87.0,109.084392
CSCO,2026-09-03 17:10:00+00:00,109.05,109.09,109.025,109.04,2863.0,46.0,109.059757
CSCO,2026-09-03 17:15:00+00:00,109.01,109.04,108.93,109.04,3646.0,60.0,108.971422
CSCO,2026-09-03 17:20:00+00:00,108.975,109.025,108.93,109.025,3366.0,50.0,108.972679
CSCO,2026-09-03 17:25:00+00:00,109.0,109.06,108.97,109.025,3440.0,56.0,109.030347
CSCO,2026-09-03 17:30:00+00:00,109.02,109.03,108.98,109.01,1884.0,28.0,108.997333
CSCO,2026-09-03 17:35:00+00:00,108.99,108.99,108.87,108.87,3240.0,46.0,108.912771
CSCO,2026-09-03 17:40:00+00:00,108.88,108.91,108.845,108.855,2687.0,38.0,108.8808
CSCO,2026-09-03 17:45:00+00:00,108.87,108.93,108.85,108.93,2470.0,39.0,108.888721
CSCO,2026-09-03 17:50:00+00:00,108.93,109.01,108.93,109.005,1749.0,41.0,108.984709
CSCO,2026-09-03 17:55:00+00:00,109.0,109.015,108.97,108.99,4372.0,68.0,108.997969
CSCO,2026-09-03 18:00:00+00:00,108.975,109.13,108.97,109.045,7013.0,128.0,109.051015
CSCO,2026-09-03 18:05:00+00:00,109.02,109.04,108.91,108.91,4009.0,56.0,108.957005
CSCO,2026-09-03 18:10:00+00:00,108.9,108.945,108.85,108.85,7613.0,84.0,108.886538
CSCO,2026-09-03 18:15:00+00:00,108.86,108.92,108.78,108.785,7557.0,125.0,108.859706
CSCO,2026-09-03 18:20:00+00:00,108.785,108.87,108.78,108.86,8311.0,96.0,108.838416
CSCO,2026-09-03 18:25:00+00:00,108.87,108.94,108.84,108.855,4191.0,75.0,108.888788
CSCO,2026-09-03 18:30:00+00:00,108.89,108.93,108.87,108.92,10487.0,112.0,108.888834
CSCO,2026-09-03 18:35:00+00:00,108.925,108.96,108.88,108.92,5899.0,69.0,108.906916
CSCO,2026-09-03 18:40:00+00:00,108.915,108.94,108.905,108.93,7564.0,77.0,108.924638
CSCO,2026-09-03 18:45:00+00:00,108.965,108.965,108.835,108.88,7362.0,63.0,108.878255
CSCO,2026-09-03 18:50:00+00:00,108.865,108.875,108.8,108.865,6482.0,78.0,108.833351
CSCO,2026-09-03 18:55:00+00:00,108.865,108.9,108.805,108.9,8175.0,100.0,108.84441
CSCO,2026-09-03 19:00:00+00:00,108.91,108.915,108.77,108.85,7293.0,94.0,108.809323
CSCO,2026-09-03 19:05:00+00:00,108.8,108.9,108.78,108.84,6989.0,85.0,108.849549
CSCO,2026-09-03 19:10:00+00:00,108.83,108.865,108.795,108.85,10840.0,158.0,108.834177
CSCO,2026-09-03 19:15:00+00:00,108.84,108.965,108.84,108.96,5283.0,98.0,108.903761
CSCO,2026-09-03 19:20:00+00:00,108.9,108.915,108.85,108.86,5814.0,124.0,108.880208
CSCO,2026-09-03 19:25:00+00:00,108.84,108.875,108.665,108.665,8603.0,117.0,108.785896
CSCO,2026-09-03 19:30:00+00:00,108.67,108.87,108.61,108.78,14525.0,230.0,108.766365
CSCO,2026-09-03 19:35:00+00:00,108.72,108.85,108.72,108.82,3444.0,76.0,108.78047
CSCO,2026-09-03 19:40:00+00:00,108.79,108.79,108.69,108.77,8477.0,131.0,108.739886
CSCO,2026-09-03 19:45:00+00:00,108.75,108.75,108.525,108.58,16585.0,235.0,108.58462
CSCO,2026-09-03 19:50:00+00:00,108.62,108.69,108.0,108.325,37019.0,526.0,108.34308
CSCO,2026-09-03 19:55:00+00:00,108.28,108.695,108.28,108.68,48169.0,726.0,108.615116
CSCO,2026-09-04 13:30:00+00:00,109.63,109.855,109.32,109.49,10792.0,139.0,109.638359
CSCO,2026-09-04 13:35:00+00:00,109.445,109.57,109.265,109.56,10455.0,177.0,109.416664
CSCO,2026-09-04 13:40:00+00:00,109.54,109.9,109.3,109.78,11431.0,236.0,109.593234
CSCO,2026-09-04 13:45:00+00:00,109.875,110.12,109.83,110.07,11382.0,176.0,109.995238
CSCO,2026-09-04 13:50:00+00:00,110.185,110.305,110.03,110.04,6606.0,135.0,110.153448
CSCO,2026-09-04 13:55:00+00:00,110.07,110.22,109.985,110.16,12932.0,223.0,110.132283
CSCO,2026-09-04 14:00:00+00:00,110.15,110.35,109.785,109.85,13713.0,222.0,110.151493
CSCO,2026-09-04 14:05:00+00:00,109.86,109.92,109.635,109.635,5945.0,107.0,109.831142
CSCO,2026-09-04 14:10:00+00:00,109.65,109.695,109.54,109.61,9075.0,162.0,109.618672
CSCO,2026-09-04 14:15:00+00:00,109.615,109.82,109.58,109.63,8592.0,140.0,109.674153
CSCO,2026-09-04 14:20:00+00:00,109.635,109.685,109.54,109.54,7130.0,136.0,109.615228
CSCO,2026-09-04 14:25:00+00:00,109.57,109.65,109.55,109.65,5738.0,183.0,109.599524
CSCO,2026-09-04 14:30:00+00:00,109.66,109.66,109.54,109.57,5183.0,122.0,109.607271
CSCO,2026-09-04 14:35:00+00:00,109.595,109.695,109.57,109.685,4939.0,222.0,109.636735
CSCO,2026-09-04 14:40:00+00:00,109.71,109.71,109.55,109.595,8233.0,313.0,109.624942
CSCO,2026-09-04 14:45:00+00:00,109.59,109.59,109.44,109.49,5551.0,121.0,109.496857
CSCO,2026-09-04 14:50:00+00:00,109.5,109.52,109.37,109.37,3047.0,63.0,109.458056
CSCO,2026-09-04 14:55:00+00:00,109.39,109.48,109.35,109.395,5429.0,68.0,109.404883
CSCO,2026-09-04 15:00:00+00:00,109.36,109.475,109.34,109.355,5308.0,92.0,109.394505
CSCO,2026-09-04 15:05:00+00:00,109.34,109.385,109.3,109.34,3579.0,55.0,109.344773
CSCO,2026-09-04 15:10:00+00:00,109.39,109.675,109.39,109.675,4794.0,78.0,109.529939
CSCO,2026-09-04 15:15:00+00:00,109.65,109.71,109.35,109.35,8296.0,163.0,109.483163
CSCO,2026-09-04 15:20:00+00:00,109.27,109.275,109.11,109.135,8777.0,128.0,109.182496
CSCO,2026-09-04 15:25:00+00:00,109.12,109.175,109.12,109.16,5815.0,110.0,109.144634
CSCO,2026-09-04 15:30:00+00:00,109.155,109.17,109.125,109.17,6695.0,109.0,109.151889
CSCO,2026-09-04 15:35:00+00:00,109.2,109.39,109.2,109.39,6202.0,102.0,109.273942
CSCO,2026-09-04 15:40:00+00:00,109.385,109.465,109.385,109.41,5724.0,82.0,109.419091
CSCO,2026-09-04 15:45:00+00:00,109.365,109.375,109.325,109.375,5368.0,70.0,109.355521
CSCO,2026-09-04 15:50:00+00:00,109.365,109.48,109.33,109.48,6893.0,103.0,109.377886
CSCO,2026-09-04 15:55:00+00:00,109.48,109.52,109.43,109.52,6000.0,115.0,109.471162
CSCO,2026-09-04 16:00:00+00:00,109.51,109.515,109.43,109.505,7479.0,173.0,109.464345
CSCO,2026-09-04 16:05:00+00:00,109.52,109.55,109.455,109.485,6333.0,124.0,109.508854
CSCO,2026-09-04 16:10:00+00:00,109.475,109.505,109.445,109.47,7853.0,155.0,109.475403
CSCO,2026-09-04 16:15:00+00:00,109.465,109.53,109.455,109.53,4927.0,69.0,109.483929
CSCO,2026-09-04 16:20:00+00:00,109.54,109.54,109.31,109.325,6877.0,113.0,109.41717
CSCO,2026-09-04 16:25:00+00:00,109.34,109.39,109.305,109.33,9200.0,156.0,109.351183
CSCO,2026-09-04 16:30:00+00:00,109.33,109.42,109.31,109.38,6695.0,109.0,109.372823
CSCO,2026-09-04 16:35:00+00:00,109.375,109.38,109.31,109.36,7783.0,103.0,109.349429
CSCO,2026-09-04 16:40:00+00:00,109.325,109.38,109.32,109.37,6974.0,109.0,109.35179
CSCO,2026-09-04 16:45:00+00:00,109.38,109.49,109.36,109.45,6880.0,97.0,109.416356
CSCO,2026-09-04 16:50:00+00:00,109.43,109.55,109.425,109.49,8702.0,144.0,109.48394
CSCO,2026-09-04 16:55:00+00:00,109.5,109.51,109.47,109.475,7987.0,140.0,109.482201
CSCO,2026-09-04 17:00:00+00:00,109.435,109.47,109.34,109.355,8718.0,115.0,109.411131
CSCO,2026-09-04 17:05:00+00:00,109.35,109.46,109.335,109.4,7518.0,94.0,109.382966
CSCO,2026-09-04 17:10:00+00:00,109.425,109.47,109.4,109.455,5889.0,142.0,109.427738
CSCO,2026-09-04 17:15:00+00:00,109.45,109.51,109.4,109.48,12116.0,242.0,109.462242
CSCO,2026-09-04 17:20:00+00:00,109.485,109.5,109.44,109.46,9068.0,158.0,109.468271
CSCO,2026-09-04 17:25:00+00:00,109.46,109.46,109.3,109.32,11691.0,216.0,109.371852
CSCO,2026-09-04 17:30:00+00:00,109.325,109.33,109.22,109.23,10202.0,193.0,109.279598
CSCO,2026-09-04 17:35:00+00:00,109.26,109.27,109.165,109.2,12745.0,173.0,109.206991
CSCO,2026-09-04 17:40:00+00:00,109.195,109.215,109.125,109.165,5645.0,83.0,109.174773
CSCO,2026-09-04 17:45:00+00:00,109.165,109.255,109.14,109.19,7213.0,99.0,109.202812
CSCO,2026-09-04 17:50:00+00:00,109.185,109.22,109.14,109.22,6441.0,88.0,109.194165
CSCO,2026-09-04 17:55:00+00:00,109.215,109.28,109.185,109.28,6682.0,79.0,109.227931
CSCO,2026-09-04 18:00:00+00:00,109.28,109.3,109.15,109.16,8005.0,106.0,109.199571
CSCO,2026-09-04 18:05:00+00:00,109.155,109.25,109.14,109.23,8750.0,126.0,109.203243
CSCO,2026-09-04 18:10:00+00:00,109.245,109.26,109.175,109.19,5537.0,127.0,109.21527
CSCO,2026-09-04 18:15:00+00:00,109.15,109.17,109.105,109.15,4856.0,67.0,109.138824
CSCO,2026-09-04 18:20:00+00:00,109.18,109.22,109.155,109.21,5244.0,99.0,109.18125
CSCO,2026-09-04 18:25:00+00:00,109.21,109.22,109.15,109.175,6206.0,79.0,109.174041
CSCO,2026-09-04 18:30:00+00:00,109.175,109.2,109.14,109.14,6198.0,83.0,109.171758
CSCO,2026-09-04 18:35:00+00:00,109.14,109.145,109.075,109.1,5813.0,111.0,109.106087
CSCO,2026-09-04 18:40:00+00:00,109.095,109.12,109.075,109.105,7605.0,107.0,109.098807
CSCO,2026-09-04 18:45:00+00:00,109.105,109.215,109.1,109.19,7368.0,118.0,109.168019
CSCO,2026-09-04 18:50:00+00:00,109.21,109.4,109.175,109.4,9470.0,123.0,109.254084
CSCO,2026-09-04 18:55:00+00:00,109.38,109.38,109.275,109.275,3161.0,93.0,109.342955
CSCO,2026-09-04 19:00:00+00:00,109.275,109.28,109.19,109.21,3088.0,68.0,109.211791
CSCO,2026-09-04 19:05:00+00:00,109.22,109.28,109.17,109.28,4822.0,70.0,109.236625
CSCO,2026-09-04 19:10:00+00:00,109.27,109.325,109.27,109.3,5047.0,92.0,109.301655
CSCO,2026-09-04 19:15:00+00:00,109.31,109.36,109.26,109.26,2141.0,28.0,109.316111
CSCO,2026-09-04 19:20:00+00:00,109.19,109.3,109.18,109.285,4927.0,98.0,109.223975
CSCO,2026-09-04 19:25:00+00:00,109.26,109.32,109.25,109.3,2854.0,52.0,109.293044
CSCO,2026-09-04 19:30:00+00:00,109.32,109.39,109.285,109.3,5081.0,42.0,109.350909
CSCO,2026-09-04 19:35:00+00:00,109.285,109.35,109.285,109.32,5377.0,89.0,109.321446
CSCO,2026-09-04 19:40:00+00:00,109.28,109.315,109.21,109.255,9217.0,120.0,109.267949
CSCO,2026-09-04 19:45:00+00:00,109.265,109.3,109.22,109.24,8810.0,175.0,109.256276
CSCO,2026-09-04 19:50:00+00:00,109.24,109.385,109.21,109.21,13424.0,233.0,109.329495
CSCO,2026-09-04 19:55:00+00:00,109.075,109.26,109.075,109.15,59659.0,763.0,109.184402
CSCO,2026-09-08 13:30:00+00:00,109.34,109.49,108.695,108.895,10179.0,142.0,109.051003
CSCO,2026-09-08 13:35:00+00:00,108.87,109.555,108.87,108.995,7962.0,96.0,109.24963
CSCO,2026-09-08 13:40:00+00:00,108.81,109.03,108.61,108.61,4533.0,64.0,108.902295
CSCO,2026-09-08 13:45:00+00:00,108.67,109.11,108.665,109.02,6725.0,87.0,108.934019
CSCO,2026-09-08 13:50:00+00:00,109.07,109.115,108.54,108.61,5459.0,71.0,108.755968
CSCO,2026-09-08 13:55:00+00:00,108.635,108.75,108.575,108.72,4410.0,66.0,108.671267
CSCO,2026-09-08 14:00:00+00:00,108.78,108.78,108.555,108.68,6305.0,87.0,108.643774
CSCO,2026-09-08 14:05:00+00:00,108.735,108.74,108.54,108.665,7239.0,98.0,108.645122
CSCO,2026-09-08 14:10:00+00:00,108.615,108.79,108.615,108.79,3941.0,69.0,108.673421
CSCO,2026-09-08 14:15:00+00:00,108.76,109.05,108.76,109.05,6881.0,89.0,108.932599
CSCO,2026-09-08 14:20:00+00:00,109.05,109.205,109.0,109.18,9399.0,120.0,109.134729
CSCO,2026-09-08 14:25:00+00:00,109.165,109.17,108.99,109.13,10997.0,156.0,109.094185
CSCO,2026-09-08 14:30:00+00:00,109.14,109.42,109.05,109.42,13833.0,162.0,109.172951
CSCO,2026-09-08 14:35:00+00:00,109.39,109.48,109.325,109.375,4886.0,72.0,109.412979
CSCO,2026-09-08 14:40:00+00:00,109.34,109.43,108.98,108.98,8777.0,110.0,109.207881
CSCO,2026-09-08 14:45:00+00:00,108.985,109.135,108.915,109.13,3072.0,46.0,109.051539
CSCO,2026-09-08 14:50:00+00:00,109.12,109.31,109.105,109.275,4695.0,62.0,109.209111
CSCO,2026-09-08 14:55:00+00:00,109.32,109.37,109.24,109.28,6818.0,85.0,109.304591
CSCO,2026-09-08 15:00:00+00:00,109.27,109.38,109.25,109.26,4759.0,79.0,109.290502
CSCO,2026-09-08 15:05:00+00:00,109.235,109.235,109.14,109.15,5768.0,93.0,109.176429
CSCO,2026-09-08 15:10:00+00:00,109.2,109.56,109.19,109.545,11489.0,194.0,109.425725
CSCO,2026-09-08 15:15:00+00:00,109.53,109.63,109.5,109.52,9517.0,120.0,109.548742
CSCO,2026-09-08 15:20:00+00:00,109.5,109.5,109.255,109.41,4375.0,73.0,109.3775
CSCO,2026-09-08 15:25:00+00:00,109.4,109.43,109.28,109.28,5948.0,97.0,109.379127
CSCO,2026-09-08 15:30:00+00:00,109.36,109.395,109.33,109.36,5838.0,84.0,109.360114
CSCO,2026-09-08 15:35:00+00:00,109.37,109.39,109.26,109.32,7921.0,105.0,109.324805
CSCO,2026-09-08 15:40:00+00:00,109.35,109.45,109.35,109.43,5479.0,79.0,109.411741
CSCO,2026-09-08 15:45:00+00:00,109.46,109.49,109.26,109.26,4943.0,78.0,109.401923
CSCO,2026-09-08 15:50:00+00:00,109.24,109.27,109.145,109.145,4075.0,82.0,109.2043
CSCO,2026-09-08 15:55:00+00:00,109.13,109.13,108.87,108.87,3974.0,84.0,109.015344
CSCO,2026-09-08 16:00:00+00:00,108.87,109.185,108.87,109.075,6102.0,104.0,109.020904
CSCO,2026-09-08 16:05:00+00:00,109.085,109.085,108.9,108.9,3258.0,58.0,108.98375
CSCO,2026-09-08 16:10:00+00:00,108.9,108.9,108.77,108.885,3269.0,52.0,108.839602
CSCO,2026-09-08 16:15:00+00:00,108.87,108.88,108.74,108.76,3974.0,53.0,108.802281
CSCO,2026-09-08 16:20:00+00:00,108.76,108.9,108.76,108.88,3316.0,57.0,108.855
CSCO,2026-09-08 16:25:00+00:00,108.91,108.96,108.85,108.87,3059.0,56.0,108.891087
CSCO,2026-09-08 16:30:00+00:00,108.85,108.955,108.81,108.84,5311.0,109.0,108.863727
CSCO,2026-09-08 16:35:00+00:00,108.885,108.89,108.815,108.815,2321.0,41.0,108.862269
CSCO,2026-09-08 16:40:00+00:00,108.795,108.81,108.75,108.77,2082.0,36.0,108.783501
CSCO,2026-09-08 16:45:00+00:00,108.785,108.82,108.77,108.79,1459.0,28.0,108.7965
CSCO,2026-09-08 16:50:00+00:00,108.79,108.85,108.75,108.83,4169.0,65.0,108.802461
CSCO,2026-09-08 16:55:00+00:00,108.855,108.855,108.75,108.81,6043.0,94.0,108.797926
CSCO,2026-09-08 17:00:00+00:00,108.91,109.115,108.91,109.08,6856.0,103.0,108.996818
CSCO,2026-09-08 17:05:00+00:00,109.09,109.13,108.995,109.005,4398.0,79.0,109.069868
CSCO,2026-09-08 17:10:00+00:00,108.98,108.99,108.94,108.96,1112.0,23.0,108.962143
CSCO,2026-09-08 17:15:00+00:00,108.97,109.015,108.97,109.01,2705.0,44.0,108.993438
CSCO,2026-09-08 17:20:00+00:00,109.01,109.12,109.01,109.1,4651.0,63.0,109.072958
CSCO,2026-09-08 17:25:00+00:00,109.06,109.06,108.98,108.98,3441.0,73.0,109.0134
CSCO,2026-09-08 17:30:00+00:00,109.005,109.08,109.005,109.08,4738.0,68.0,109.061173
CSCO,2026-09-08 17:35:00+00:00,109.06,109.08,109.02,109.07,3518.0,47.0,109.053823
CSCO,2026-09-08 17:40:00+00:00,109.03,109.07,108.91,108.91,8369.0,140.0,108.999146
CSCO,2026-09-08 17:45:00+00:00,108.92,108.94,108.86,108.91,3578.0,47.0,108.900094
CSCO,2026-09-08 17:50:00+00:00,108.93,108.955,108.865,108.88,19975.0,220.0,108.906126
CSCO,2026-09-08 17:55:00+00:00,108.835,108.885,108.83,108.83,2259.0,58.0,108.858571
CSCO,2026-09-08 18:00:00+00:00,108.81,108.81,108.64,108.64,1341.0,33.0,108.750556
CSCO,2026-09-08 18:05:00+00:00,108.6,108.73,108.59,108.73,4182.0,59.0,108.65875
CSCO,2026-09-08 18:10:00+00:00,108.75,108.86,108.75,108.83,9577.0,114.0,108.814539
CSCO,2026-09-08 18:15:00+00:00,108.845,108.845,108.78,108.79,7505.0,101.0,108.820864
CSCO,2026-09-08 18:20:00+00:00,108.82,108.83,108.73,108.73,5289.0,140.0,108.796435
CSCO,2026-09-08 18:25:00+00:00,108.73,108.81,108.73,108.78,3192.0,51.0,108.771471
CSCO,2026-09-08 18:30:00+00:00,108.785,109.01,108.775,108.93,9782.0,137.0,108.921371
CSCO,2026-09-08 18:35:00+00:00,108.915,109.09,108.85,108.96,41792.0,341.0,108.973505
CSCO,2026-09-08 18:40:00+00:00,108.965,109.035,108.89,108.93,11657.0,151.0,108.963595
CSCO,2026-09-08 18:45:00+00:00,108.975,109.51,108.66,108.74,55173.0,555.0,109.133745
CSCO,2026-09-08 18:50:00+00:00,108.835,109.31,108.835,109.23,16741.0,174.0,109.128371
CSCO,2026-09-08 18:55:00+00:00,109.28,109.39,109.28,109.34,7095.0,98.0,109.34037
CSCO,2026-09-08 19:00:00+00:00,109.35,109.36,109.055,109.055,5064.0,69.0,109.216341
CSCO,2026-09-08 19:05:00+00:00,109.07,109.17,109.05,109.15,2127.0,46.0,109.122083
CSCO,2026-09-08 19:10:00+00:00,109.18,109.32,109.18,109.255,3516.0,62.0,109.285912
CSCO,2026-09-08 19:15:00+00:00,109.27,109.35,109.27,109.27,4296.0,61.0,109.307295
CSCO,2026-09-08 19:20:00+00:00,109.275,109.28,109.175,109.175,2916.0,48.0,109.225963
CSCO,2026-09-08 19:25:00+00:00,109.14,109.22,109.12,109.2,3472.0,56.0,109.167607
CSCO,2026-09-08 19:30:00+00:00,109.18,109.23,109.1,109.13,10595.0,128.0,109.183474
CSCO,2026-09-08 19:35:00+00:00,109.11,109.15,109.04,109.13,7999.0,150.0,109.087564
CSCO,2026-09-08 19:40:00+00:00,109.13,109.205,109.12,109.15,7007.0,163.0,109.160808
CSCO,2026-09-08 19:45:00+00:00,109.13,109.13,108.91,109.03,11575.0,160.0,108.990265
CSCO,2026-09-08 19:50:00+00:00,109.035,109.09,108.73,108.75,24484.0,304.0,108.927067
CSCO,2026-09-08 19:55:00+00:00,108.76,109.23,108.76,109.17,56680.0,836.0,109.085469
CSCO,2026-09-09 13:30:00+00:00,109.44,110.19,109.39,109.93,9890.0,123.0,109.81273
CSCO,2026-09-09 13:35:00+00:00,110.065,110.07,109.445,109.45,8966.0,122.0,109.752395
CSCO,2026-09-09 13:40:00+00:00,109.435,109.7,109.265,109.49,11251.0,127.0,109.49109
CSCO,2026-09-09 13:45:00+00:00,109.52,110.02,109.42,109.84,13905.0,152.0,109.703951
CSCO,2026-09-09 13:50:00+00:00,109.935,110.07,109.85,110.07,11391.0,132.0,109.921365
CSCO,2026-09-09 13:55:00+00:00,110.08,110.25,110.04,110.25,10644.0,120.0,110.159341
CSCO,2026-09-09 14:00:00+00:00,110.25,110.41,110.15,110.27,13717.0,169.0,110.254041
CSCO,2026-09-09 14:05:00+00:00,110.3,110.39,110.24,110.31,5624.0,78.0,110.321272
CSCO,2026-09-09 14:10:00+00:00,110.32,110.32,109.75,109.75,11585.0,131.0,110.064955
CSCO,2026-09-09 14:15:00+00:00,109.68,109.68,109.31,109.31,7384.0,93.0,109.516923
CSCO,2026-09-09 14:20:00+00:00,109.31,109.785,109.31,109.62,8882.0,109.0,109.583871
CSCO,2026-09-09 14:25:00+00:00,109.535,109.78,109.455,109.715,3002.0,51.0,109.620143
CSCO,2026-09-09 14:30:00+00:00,109.715,109.725,109.52,109.625,3340.0,51.0,109.608333
CSCO,2026-09-09 14:35:00+00:00,109.66,109.74,109.585,109.62,4651.0,56.0,109.670446
CSCO,2026-09-09 14:40:00+00:00,109.67,109.85,109.67,109.85,3409.0,58.0,109.744285
CSCO,2026-09-09 14:45:00+00:00,109.87,109.905,109.78,109.78,2902.0,48.0,109.836414
CSCO,2026-09-09 14:50:00+00:00,109.82,109.87,109.76,109.83,12531.0,119.0,109.808161
CSCO,2026-09-09 14:55:00+00:00,109.855,109.95,109.855,109.91,3513.0,60.0,109.907924
CSCO,2026-09-09 15:00:00+00:00,109.93,110.11,109.78,109.82,6135.0,100.0,109.919278
CSCO,2026-09-09 15:05:00+00:00,109.83,109.835,109.565,109.58,7740.0,95.0,109.675263
CSCO,2026-09-09 15:10:00+00:00,109.59,109.615,109.445,109.615,7676.0,98.0,109.526308
CSCO,2026-09-09 15:15:00+00:00,109.645,109.65,109.51,109.515,6929.0,84.0,109.58809
CSCO,2026-09-09 15:20:00+00:00,109.49,109.54,109.31,109.4,9413.0,113.0,109.465465
CSCO,2026-09-09 15:25:00+00:00,109.415,109.51,109.405,109.495,7067.0,99.0,109.462618
CSCO,2026-09-09 15:30:00+00:00,109.54,109.56,109.44,109.46,9422.0,115.0,109.510689
CSCO,2026-09-09 15:35:00+00:00,109.415,109.62,109.36,109.62,9450.0,114.0,109.440641
CSCO,2026-09-09 15:40:00+00:00,109.57,109.58,109.47,109.485,8094.0,86.0,109.517381
CSCO,2026-09-09 15:45:00+00:00,109.485,109.5,109.39,109.41,8124.0,87.0,109.426744
CSCO,2026-09-09 15:50:00+00:00,109.47,109.49,109.375,109.45,10565.0,105.0,109.418776
CSCO,2026-09-09 15:55:00+00:00,109.495,109.495,109.385,109.48,4205.0,61.0,109.442941
CSCO,2026-09-09 16:00:00+00:00,109.48,109.51,109.41,109.51,6070.0,77.0,109.45965
CSCO,2026-09-09 16:05:00+00:00,109.52,109.52,109.41,109.45,8167.0,87.0,109.446617
CSCO,2026-09-09 16:10:00+00:00,109.43,109.46,109.39,109.455,9725.0,109.0,109.416363
CSCO,2026-09-09 16:15:00+00:00,109.41,109.41,109.23,109.23,5991.0,72.0,109.365657
CSCO,2026-09-09 16:20:00+00:00,109.21,109.305,109.13,109.305,7053.0,107.0,109.224488
CSCO,2026-09-09 16:25:00+00:00,109.295,109.295,109.2,109.28,8367.0,94.0,109.25451
CSCO,2026-09-09 16:30:00+00:00,109.32,109.44,109.32,109.425,6888.0,99.0,109.366959
CSCO,2026-09-09 16:35:00+00:00,109.43,109.52,109.41,109.51,8453.0,136.0,109.446081
CSCO,2026-09-09 16:40:00+00:00,109.51,109.6,109.47,109.6,7245.0,120.0,109.526653
CSCO,2026-09-09 16:45:00+00:00,109.59,109.71,109.58,109.71,2938.0,44.0,109.623958
CSCO,2026-09-09 16:50:00+00:00,109.725,109.89,109.725,109.875,2443.0,39.0,109.807465
CSCO,2026-09-09 16:55:00+00:00,109.855,109.94,109.82,109.94,3650.0,71.0,109.880435
CSCO,2026-09-09 17:00:00+00:00,109.88,109.96,109.79,109.8,3791.0,58.0,109.871122
CSCO,2026-09-09 17:05:00+00:00,109.79,109.88,109.78,109.78,2065.0,35.0,109.823077
CSCO,2026-09-09 17:10:00+00:00,109.79,109.81,109.76,109.79,3161.0,61.0,109.7866
CSCO,2026-09-09 17:15:00+00:00,109.745,109.76,109.685,109.7,3201.0,64.0,109.71463
CSCO,2026-09-09 17:20:00+00:00,109.69,109.74,109.69,109.69,3013.0,52.0,109.7134
CSCO,2026-09-09 17:25:00+00:00,109.695,109.7,109.67,109.7,2199.0,129.0,109.690769
CSCO,2026-09-09 17:30:00+00:00,109.69,109.79,109.69,109.735,3654.0,66.0,109.736166
CSCO,2026-09-09 17:35:00+00:00,109.71,109.76,109.685,109.69,2901.0,58.0,109.714634
CSCO,2026-09-09 17:40:00+00:00,109.705,109.8,109.705,109.71,2606.0,49.0,109.756
CSCO,2026-09-09 17:45:00+00:00,109.7,109.78,109.7,109.75,3226.0,69.0,109.732381
CSCO,2026-09-09 17:50:00+00:00,109.75,109.83,109.72,109.81,2697.0,40.0,109.768689
CSCO,2026-09-09 17:55:00+00:00,109.785,109.8,109.71,109.73,3175.0,57.0,109.754318
CSCO,2026-09-09 18:00:00+00:00,109.76,109.8,109.625,109.66,3902.0,66.0,109.703689
CSCO,2026-09-09 18:05:00+00:00,109.66,109.695,109.58,109.58,4253.0,64.0,109.626143
CSCO,2026-09-09 18:10:00+00:00,109.605,109.605,109.46,109.465,4901.0,107.0,109.524079
CSCO,2026-09-09 18:15:00+00:00,109.45,109.475,109.22,109.31,14850.0,185.0,109.310267
CSCO,2026-09-09 18:20:00+00:00,109.32,109.385,109.32,109.35,4428.0,67.0,109.352571
CSCO,2026-09-09 18:25:00+00:00,109.38,109.415,109.34,109.35,3107.0,47.0,109.3808
CSCO,2026-09-09 18:30:00+00:00,109.31,109.38,109.31,109.34,2739.0,55.0,109.344745
CSCO,2026-09-09 18:35:00+00:00,109.39,109.44,109.345,109.345,3841.0,83.0,109.396154
CSCO,2026-09-09 18:40:00+00:00,109.37,109.37,109.305,109.315,5636.0,79.0,109.341046
CSCO,2026-09-09 18:45:00+00:00,109.315,109.325,109.2,109.2,4820.0,107.0,109.247143
CSCO,2026-09-09 18:50:00+00:00,109.205,109.235,109.18,109.23,3644.0,61.0,109.212308
CSCO,2026-09-09 18:55:00+00:00,109.215,109.23,109.15,109.15,4426.0,88.0,109.189265
CSCO,2026-09-09 19:00:00+00:00,109.17,109.22,109.17,109.2,3506.0,61.0,109.196688
CSCO,2026-09-09 19:05:00+00:00,109.22,109.24,109.185,109.24,2623.0,75.0,109.216842
CSCO,2026-09-09 19:10:00+00:00,109.245,109.31,109.23,109.275,6388.0,102.0,109.273138
CSCO,2026-09-09 19:15:00+00:00,109.245,109.335,109.235,109.3,5537.0,93.0,109.292559
CSCO,2026-09-09 19:20:00+00:00,109.29,109.31,109.22,109.24,3638.0,53.0,109.27489
CSCO,2026-09-09 19:25:00+00:00,109.255,109.31,109.24,109.28,3919.0,63.0,109.27004
CSCO,2026-09-09 19:30:00+00:00,109.28,109.305,109.24,109.3,5455.0,87.0,109.275634
CSCO,2026-09-09 19:35:00+00:00,109.29,109.29,109.245,109.255,6082.0,88.0,109.263962
CSCO,2026-09-09 19:40:00+00:00,109.27,109.385,109.26,109.37,4160.0,71.0,109.297264
CSCO,2026-09-09 19:45:00+00:00,109.36,109.365,109.255,109.36,7160.0,123.0,109.291536
CSCO,2026-09-09 19:50:00+00:00,109.39,109.45,109.34,109.37,11591.0,232.0,109.408895
CSCO,2026-09-09 19:55:00+00:00,109.36,109.46,109.315,109.45,39956.0,598.0,109.388642
CSCO,2026-09-10 13:30:00+00:00,109.0,109.21,108.57,109.21,8965.0,136.0,108.822965
CSCO,2026-09-10 13:35:00+00:00,109.24,109.54,109.24,109.46,10066.0,150.0,109.357088
CSCO,2026-09-10 13:40:00+00:00,109.485,109.745,109.47,109.57,7679.0,105.0,109.611319
CSCO,2026-09-10 13:45:00+00:00,109.54,109.875,109.53,109.62,6011.0,84.0,109.658029
CSCO,2026-09-10 13:50:00+00:00,109.62,109.62,109.14,109.245,6337.0,74.0,109.325278
CSCO,2026-09-10 13:55:00+00:00,109.225,109.255,108.96,109.0,3853.0,53.0,109.056596
CSCO,2026-09-10 14:00:00+00:00,109.045,109.28,109.02,109.02,2955.0,49.0,109.143775
CSCO,2026-09-10 14:05:00+00:00,109.02,109.145,108.93,109.03,7695.0,108.0,109.045422
CSCO,2026-09-10 14:10:00+00:00,109.13,109.13,108.96,108.96,2806.0,58.0,109.0405
CSCO,2026-09-10 14:15:00+00:00,108.93,109.05,108.88,109.005,3170.0,52.0,108.931795
CSCO,2026-09-10 14:20:00+00:00,109.0,109.24,108.8,109.07,6979.0,93.0,109.018308
CSCO,2026-09-10 14:25:00+00:00,109.16,109.2,108.88,109.005,6567.0,78.0,108.988506
CSCO,2026-09-10 14:30:00+00:00,108.94,109.08,108.86,109.0,5543.0,75.0,108.989377
CSCO,2026-09-10 14:35:00+00:00,109.01,109.105,108.97,109.04,3974.0,64.0,109.04178
CSCO,2026-09-10 14:40:00+00:00,109.02,109.05,108.94,108.98,1801.0,55.0,109.000385
CSCO,2026-09-10 14:45:00+00:00,108.99,109.01,108.89,108.92,3424.0,55.0,108.968427
CSCO,2026-09-10 14:50:00+00:00,108.94,109.0,108.86,108.965,2242.0,43.0,108.947941
CSCO,2026-09-10 14:55:00+00:00,108.89,109.04,108.89,108.97,3916.0,66.0,108.969923
CSCO,2026-09-10 15:00:00+00:00,108.965,108.99,108.87,108.91,5535.0,77.0,108.930756
CSCO,2026-09-10 15:05:00+00:00,108.93,109.095,108.915,109.035,2590.0,43.0,108.995818
CSCO,2026-09-10 15:10:00+00:00,108.985,109.01,108.86,108.88,2936.0,47.0,108.958228
CSCO,2026-09-10 15:15:00+00:00,108.865,108.865,108.79,108.84,5581.0,95.0,108.821806
CSCO,2026-09-10 15:20:00+00:00,108.875,108.88,108.8,108.88,2584.0,67.0,108.841667
CSCO,2026-09-10 15:25:00+00:00,108.885,108.9,108.83,108.84,4590.0,57.0,108.862285
CSCO,2026-09-10 15:30:00+00:00,108.85,109.03,108.85,108.98,5403.0,106.0,108.925568
CSCO,2026-09-10 15:35:00+00:00,108.98,109.025,108.87,108.87,1576.0,24.0,108.951364
CSCO,2026-09-10 15:40:00+00:00,108.93,108.93,108.86,108.9,2098.0,37.0,108.910625
CSCO,2026-09-10 15:45:00+00:00,108.9,108.92,108.835,108.88,2671.0,44.0,108.867826
CSCO,2026-09-10 15:50:00+00:00,108.86,108.91,108.82,108.83,3012.0,50.0,108.856274
CSCO,2026-09-10 15:55:00+00:00,108.8,108.82,108.72,108.78,3546.0,58.0,108.760943
CSCO,2026-09-10 16:00:00+00:00,108.725,108.865,108.615,108.645,8840.0,160.0,108.721006
CSCO,2026-09-10 16:05:00+00:00,108.63,108.67,108.565,108.565,4366.0,56.0,108.619079
CSCO,2026-09-10 16:10:00+00:00,108.53,108.575,108.45,108.46,4763.0,74.0,108.509762
CSCO,2026-09-10 16:15:00+00:00,108.47,108.54,108.36,108.43,4013.0,76.0,108.43744
CSCO,2026-09-10 16:20:00+00:00,108.41,108.48,108.38,108.47,2323.0,79.0,108.430968
CSCO,2026-09-10 16:25:00+00:00,108.42,108.42,108.35,108.405,3758.0,63.0,108.382167
CSCO,2026-09-10 16:30:00+00:00,108.42,108.46,108.13,108.24,5202.0,80.0,108.276468
CSCO,2026-09-10 16:35:00+00:00,108.14,108.2,108.11,108.16,2756.0,50.0,108.160833
CSCO,2026-09-10 16:40:00+00:00,108.185,108.26,108.185,108.22,2499.0,40.0,108.223509
CSCO,2026-09-10 16:45:00+00:00,108.245,108.36,108.2,108.34,3212.0,67.0,108.281389
CSCO,2026-09-10 16:50:00+00:00,108.37,108.54,108.365,108.54,3503.0,70.0,108.442174
CSCO,2026-09-10 16:55:00+00:00,108.565,108.6,108.51,108.51,2654.0,41.0,108.56491
CSCO,2026-09-10 17:00:00+00:00,108.495,108.63,108.445,108.445,5648.0,61.0,108.562057
CSCO,2026-09-10 17:05:00+00:00,108.45,108.47,108.4,108.41,2244.0,41.0,108.437048
CSCO,2026-09-10 17:10:00+00:00,108.4,108.43,108.39,108.39,1914.0,36.0,108.414839
CSCO,2026-09-10 17:15:00+00:00,108.37,108.39,108.305,108.31,2497.0,67.0,108.358171
CSCO,2026-09-10 17:20:00+00:00,108.33,108.38,108.25,108.25,1673.0,44.0,108.329091
CSCO,2026-09-10 17:25:00+00:00,108.225,108.25,108.21,108.21,2766.0,49.0,108.235
CSCO,2026-09-10 17:30:00+00:00,108.2,108.2,108.11,108.135,3712.0,53.0,108.159
CSCO,2026-09-10 17:35:00+00:00,108.15,108.195,108.145,108.145,2372.0,41.0,108.166107
CSCO,2026-09-10 17:40:00+00:00,108.11,108.14,108.1,108.14,1534.0,33.0,108.116111
CSCO,2026-09-10 17:45:00+00:00,108.165,108.165,108.09,108.09,2488.0,44.0,108.138485
CSCO,2026-09-10 17:50:00+00:00,108.13,108.14,108.04,108.07,2713.0,68.0,108.076053
CSCO,2026-09-10 17:55:00+00:00,108.05,108.09,107.995,108.05,4420.0,71.0,108.039688
CSCO,2026-09-10 18:00:00+00:00,108.06,108.12,107.99,107.995,2496.0,77.0,108.042553
CSCO,2026-09-10 18:05:00+00:00,108.0,108.03,107.985,108.01,2019.0,42.0,108.014863
CSCO,2026-09-10 18:10:00+00:00,107.955,108.08,107.945,108.08,2905.0,47.0,108.011884
CSCO,2026-09-10 18:15:00+00:00,108.04,108.08,108.035,108.045,2651.0,72.0,108.054722
CSCO,2026-09-10 18:20:00+00:00,108.08,108.15,108.08,108.15,2317.0,74.0,108.119129
CSCO,2026-09-10 18:25:00+00:00,108.135,108.145,108.075,108.12,3302.0,68.0,108.113131
CSCO,2026-09-10 18:30:00+00:00,108.06,108.1,108.06,108.09,4046.0,57.0,108.072292
CSCO,2026-09-10 18:35:00+00:00,108.2,108.28,108.2,108.28,3834.0,74.0,108.251864
CSCO,2026-09-10 18:40:00+00:00,108.27,108.28,108.24,108.25,2222.0,62.0,108.255882
CSCO,2026-09-10 18:45:00+00:00,108.25,108.29,108.2,108.25,7286.0,110.0,108.257274
CSCO,2026-09-10 18:50:00+00:00,108.26,108.31,108.19,108.25,4869.0,109.0,108.269221
CSCO,2026-09-10 18:55:00+00:00,108.27,108.3,108.24,108.24,2305.0,49.0,108.26875
CSCO,2026-09-10 19:00:00+00:00,108.22,108.32,108.22,108.32,5236.0,97.0,108.262955
CSCO,2026-09-10 19:05:00+00:00,108.315,108.315,108.2,108.23,7292.0,139.0,108.239214
CSCO,2026-09-10 19:10:00+00:00,108.2,108.215,108.135,108.135,2922.0,54.0,108.180972
CSCO,2026-09-10 19:15:00+00:00,108.095,108.13,108.03,108.04,5664.0,79.0,108.061771
CSCO,2026-09-10 19:20:00+00:00,108.03,108.08,108.03,108.04,2992.0,67.0,108.05561
CSCO,2026-09-10 19:25:00+00:00,108.02,108.055,108.0,108.04,9406.0,118.0,108.035975
CSCO,2026-09-10 19:30:00+00:00,108.03,108.03,107.775,107.885,22604.0,302.0,107.859388
CSCO,2026-09-10 19:35:00+00:00,107.89,107.9,107.83,107.84,7770.0,181.0,107.862027
CSCO,2026-09-10 19:40:00+00:00,107.83,107.97,107.82,107.9,11163.0,257.0,107.879939
CSCO,2026-09-10 19:45:00+00:00,107.91,107.955,107.87,107.905,10511.0,219.0,107.910105
CSCO,2026-09-10 19:50:00+00:00,107.86,107.89,107.68,107.725,27080.0,396.0,107.763287
CSCO,2026-09-10 19:55:00+00:00,107.7,107.73,107.36,107.43,51927.0,754.0,107.501202
CSCO,2026-09-11 13:30:00+00:00,108.75,109.58,108.75,109.09,8875.0,98.0,109.234586
CSCO,2026-09-11 13:35:00+00:00,109.22,109.86,109.22,109.78,6483.0,84.0,109.539177
CSCO,2026-09-11 13:40:00+00:00,109.76,110.26,109.64,110.26,5203.0,91.0,109.919883
CSCO,2026-09-11 13:45:00+00:00,110.21,110.3,110.0,110.115,11208.0,122.0,110.172729
CSCO,2026-09-11 13:50:00+00:00,110.09,110.155,109.805,110.11,5893.0,87.0,109.974
CSCO,2026-09-11 13:55:00+00:00,110.15,110.18,109.96,110.11,10512.0,108.0,110.066919
CSCO,2026-09-11 14:00:00+00:00,110.08,110.2,110.01,110.12,6106.0,81.0,110.094725
CSCO,2026-09-11 14:05:00+00:00,110.135,110.25,110.05,110.17,10046.0,128.0,110.157245
CSCO,2026-09-11 14:10:00+00:00,110.16,110.265,110.06,110.06,7163.0,78.0,110.159852
CSCO,2026-09-11 14:15:00+00:00,110.06,110.24,109.9,110.24,9829.0,113.0,110.093541
CSCO,2026-09-11 14:20:00+00:00,110.24,110.55,110.22,110.44,7498.0,99.0,110.413905
CSCO,2026-09-11 14:25:00+00:00,110.5,110.96,110.475,110.69,12537.0,181.0,110.790964
CSCO,2026-09-11 14:30:00+00:00,110.7,110.9,110.605,110.79,8572.0,104.0,110.781514
CSCO,2026-09-11 14:35:00+00:00,110.785,110.95,110.745,110.91,5233.0,70.0,110.861745
CSCO,2026-09-11 14:40:00+00:00,110.98,111.15,110.98,111.13,4793.0,69.0,111.076709
CSCO,2026-09-11 14:45:00+00:00,111.18,111.18,110.78,110.88,8871.0,118.0,110.94464
CSCO,2026-09-11 14:50:00+00:00,110.96,111.17,110.89,111.105,4864.0,69.0,111.045646
CSCO,2026-09-11 14:55:00+00:00,111.04,111.09,110.91,111.04,3708.0,57.0,111.017759
CSCO,2026-09-11 15:00:00+00:00,110.99,111.27,110.985,111.27,7106.0,87.0,111.068855
CSCO,2026-09-11 15:05:00+00:00,111.27,111.34,111.24,111.28,4764.0,76.0,111.29011
CSCO,2026-09-11 15:10:00+00:00,111.295,111.3,111.05,111.06,5016.0,73.0,111.189397
CSCO,2026-09-11 15:15:00+00:00,111.11,111.24,111.11,111.14,5896.0,73.0,111.190598
CSCO,2026-09-11 15:20:00+00:00,111.13,111.31,111.11,111.31,6302.0,82.0,111.225669
CSCO,2026-09-11 15:25:00+00:00,111.305,111.53,111.27,111.52,9161.0,116.0,111.425854
CSCO,2026-09-11 15:30:00+00:00,111.54,111.93,111.54,111.9,10702.0,143.0,111.701201
CSCO,2026-09-11 15:35:00+00:00,111.84,111.88,111.76,111.785,6843.0,105.0,111.815963
CSCO,2026-09-11 15:40:00+00:00,111.69,111.77,111.63,111.69,4172.0,56.0,111.711388
CSCO,2026-09-11 15:45:00+00:00,111.67,111.68,111.55,111.55,4124.0,55.0,111.632656
CSCO,2026-09-11 15:50:00+00:00,111.53,111.53,111.15,111.2,10197.0,98.0,111.365661
CSCO,2026-09-11 15:55:00+00:00,111.22,111.24,111.14,111.24,5388.0,75.0,111.211932
CSCO,2026-09-11 16:00:00+00:00,111.255,111.49,111.255,111.47,6008.0,76.0,111.405138
CSCO,2026-09-11 16:05:00+00:00,111.475,111.48,111.36,111.39,8432.0,81.0,111.395051
CSCO,2026-09-11 16:10:00+00:00,111.4,111.49,111.39,111.425,5636.0,59.0,111.412437
CSCO,2026-09-11 16:15:00+00:00,111.345,111.45,111.345,111.445,3363.0,55.0,111.408717
CSCO,2026-09-11 16:20:00+00:00,111.46,111.565,111.41,111.55,4550.0,60.0,111.476716
CSCO,2026-09-11 16:25:00+00:00,111.55,111.58,111.49,111.49,4226.0,64.0,111.540227
CSCO,2026-09-11 16:30:00+00:00,111.475,111.6,111.475,111.6,5339.0,78.0,111.5377
CSCO,2026-09-11 16:35:00+00:00,111.585,111.595,111.495,111.54,11764.0,96.0,111.531324
CSCO,2026-09-11 16:40:00+00:00,111.52,111.575,111.415,111.5,6447.0,135.0,111.480697
CSCO,2026-09-11 16:45:00+00:00,111.48,111.54,111.35,111.42,6035.0,94.0,111.470202
CSCO,2026-09-11 16:50:00+00:00,111.49,111.52,111.42,111.5,2665.0,41.0,111.466591
CSCO,2026-09-11 16:55:00+00:00,111.5,111.59,111.48,111.58,3546.0,53.0,111.529016
CSCO,2026-09-11 17:00:00+00:00,111.585,111.64,111.58,111.58,1793.0,31.0,111.612881
CSCO,2026-09-11 17:05:00+00:00,111.57,111.69,111.57,111.6,3365.0,55.0,111.619889
CSCO,2026-09-11 17:10:00+00:00,111.55,111.58,111.44,111.485,4132.0,96.0,111.520625
CSCO,2026-09-11 17:15:00+00:00,111.54,111.655,111.53,111.59,8216.0,108.0,111.571695
CSCO,2026-09-11 17:20:00+00:00,111.585,111.72,111.585,111.72,3695.0,43.0,111.631747
CSCO,2026-09-11 17:25:00+00:00,111.71,111.74,111.52,111.52,3698.0,48.0,111.636825
CSCO,2026-09-11 17:30:00+00:00,111.54,111.64,111.54,111.64,2383.0,29.0,111.591825
CSCO,2026-09-11 17:35:00+00:00,111.595,111.67,111.55,111.67,3536.0,44.0,111.617907
CSCO,2026-09-11 17:40:00+00:00,111.68,111.7,111.65,111.7,2715.0,52.0,111.667105
CSCO,2026-09-11 17:45:00+00:00,111.685,111.685,111.6,111.655,8440.0,102.0,111.637964
CSCO,2026-09-11 17:50:00+00:00,111.645,111.72,111.635,111.68,7137.0,83.0,111.667233
CSCO,2026-09-11 17:55:00+00:00,111.675,111.69,111.635,111.68,3480.0,75.0,111.66431
CSCO,2026-09-11 18:00:00+00:00,111.73,111.94,111.71,111.92,5783.0,83.0,111.831327
CSCO,2026-09-11 18:05:00+00:00,111.895,111.915,111.855,111.88,5419.0,93.0,111.889737
CSCO,2026-09-11 18:10:00+00:00,111.84,111.86,111.81,111.81,2918.0,57.0,111.829353
CSCO,2026-09-11 18:15:00+00:00,111.82,111.84,111.76,111.78,5141.0,87.0,111.803779
CSCO,2026-09-11 18:20:00+00:00,111.78,111.8,111.715,111.75,5623.0,76.0,111.758005
CSCO,2026-09-11 18:25:00+00:00,111.75,111.89,111.75,111.845,3622.0,63.0,111.8024
CSCO,2026-09-11 18:30:00+00:00,111.87,111.87,111.765,111.81,5387.0,66.0,111.808918
CSCO,2026-09-11 18:35:00+00:00,111.815,111.87,111.81,111.86,5426.0,114.0,111.839187
CSCO,2026-09-11 18:40:00+00:00,111.87,111.89,111.84,111.89,5930.0,93.0,111.873542
CSCO,2026-09-11 18:45:00+00:00,111.89,111.955,111.83,111.865,6496.0,83.0,111.86834
CSCO,2026-09-11 18:50:00+00:00,111.89,111.89,111.84,111.865,2440.0,42.0,111.869306
CSCO,2026-09-11 18:55:00+00:00,111.84,111.84,111.715,111.775,7050.0,94.0,111.775194
CSCO,2026-09-11 19:00:00+00:00,111.79,111.795,111.645,111.72,7529.0,97.0,111.735879
CSCO,2026-09-11 19:05:00+00:00,111.73,111.83,111.7,111.83,4067.0,43.0,111.784726
CSCO,2026-09-11 19:10:00+00:00,111.77,111.77,111.53,111.53,4561.0,65.0,111.652039
CSCO,2026-09-11 19:15:00+00:00,111.525,111.575,111.38,111.38,5139.0,74.0,111.51
CSCO,2026-09-11 19:20:00+00:00,111.38,111.505,111.38,111.505,3930.0,42.0,111.449683
CSCO,2026-09-11 19:25:00+00:00,111.565,111.58,111.495,111.58,5012.0,89.0,111.543817
CSCO,2026-09-11 19:30:00+00:00,111.605,111.695,111.58,111.615,9456.0,146.0,111.625402
CSCO,2026-09-11 19:35:00+00:00,111.63,111.655,111.565,111.565,7445.0,108.0,111.609588
CSCO,2026-09-11 19:40:00+00:00,111.525,111.665,111.52,111.665,7548.0,136.0,111.590978
CSCO,2026-09-11 19:45:00+00:00,111.665,111.75,111.655,111.75,7279.0,93.0,111.688247
CSCO,2026-09-11 19:50:00+00:00,111.74,111.94,111.715,111.875,19421.0,237.0,111.827331
CSCO,2026-09-11 19:55:00+00:00,111.88,112.205,111.88,112.19,70624.0,927.0,112.055893
CSCO,2026-09-14 13:30:00+00:00,109.7,110.445,109.58,109.99,11467.0,168.0,109.965012
CSCO,2026-09-14 13:35:00+00:00,109.935,110.14,109.77,109.805,10818.0,157.0,110.005026
CSCO,2026-09-14 13:40:00+00:00,109.69,110.37,109.69,110.29,7970.0,101.0,109.938326
CSCO,2026-09-14 13:45:00+00:00,110.325,110.4,110.08,110.22,8718.0,169.0,110.253797
CSCO,2026-09-14 13:50:00+00:00,110.26,110.41,110.18,110.395,12222.0,175.0,110.273097
CSCO,2026-09-14 13:55:00+00:00,110.455,110.475,110.265,110.36,5657.0,112.0,110.375228
CSCO,2026-09-14 14:00:00+00:00,110.425,110.615,110.35,110.43,8750.0,152.0,110.467242
CSCO,2026-09-14 14:05:00+00:00,110.48,110.69,110.48,110.54,3231.0,63.0,110.550722
CSCO,2026-09-14 14:10:00+00:00,110.57,110.7,110.35,110.56,6314.0,98.0,110.548961
CSCO,2026-09-14 14:15:00+00:00,110.61,110.89,110.61,110.76,8023.0,123.0,110.78614
CSCO,2026-09-14 14:20:00+00:00,110.75,110.82,110.62,110.785,4837.0,69.0,110.72549
CSCO,2026-09-14 14:25:00+00:00,110.73,110.91,110.695,110.85,5657.0,85.0,110.754023
CSCO,2026-09-14 14:30:00+00:00,110.86,110.915,110.78,110.905,3710.0,63.0,110.865134
CSCO,2026-09-14 14:35:00+00:00,110.92,110.92,110.595,110.65,5441.0,78.0,110.699694
CSCO,2026-09-14 14:40:00+00:00,110.64,110.64,110.48,110.64,3554.0,54.0,110.559212
CSCO,2026-09-14 14:45:00+00:00,110.64,110.705,110.45,110.455,3655.0,93.0,110.587971
CSCO,2026-09-14 14:50:00+00:00,110.44,110.53,110.4,110.465,3604.0,73.0,110.449184
CSCO,2026-09-14 14:55:00+00:00,110.4,110.41,110.34,110.39,3507.0,73.0,110.388055
CSCO,2026-09-14 15:00:00+00:00,110.395,110.43,110.25,110.25,3725.0,109.0,110.364593
CSCO,2026-09-14 15:05:00+00:00,110.21,110.48,110.12,110.18,5576.0,104.0,110.298488
CSCO,2026-09-14 15:10:00+00:00,110.225,110.35,110.225,110.32,5454.0,104.0,110.289624
CSCO,2026-09-14 15:15:00+00:00,110.3,110.79,110.3,110.78,3203.0,65.0,110.553298
CSCO,2026-09-14 15:20:00+00:00,110.86,111.035,110.85,110.87,6254.0,98.0,110.954084
CSCO,2026-09-14 15:25:00+00:00,110.8,110.86,110.675,110.675,2429.0,56.0,110.782325
CSCO,2026-09-14 15:30:00+00:00,110.68,111.0,110.675,110.96,8481.0,95.0,110.874743
CSCO,2026-09-14 15:35:00+00:00,110.94,110.99,110.9,110.97,6431.0,69.0,110.930272
CSCO,2026-09-14 15:40:00+00:00,111.07,111.25,111.07,111.16,4407.0,88.0,111.179427
CSCO,2026-09-14 15:45:00+00:00,111.16,111.185,111.08,111.105,6466.0,123.0,111.101387
CSCO,2026-09-14 15:50:00+00:00,111.095,111.13,111.03,111.12,2743.0,49.0,111.0915
CSCO,2026-09-14 15:55:00+00:00,111.09,111.18,111.09,111.16,3079.0,45.0,111.127217
CSCO,2026-09-14 16:00:00+00:00,111.14,111.15,111.09,111.11,2392.0,42.0,111.11762
CSCO,2026-09-14 16:05:00+00:00,111.07,111.11,111.02,111.055,5904.0,74.0,111.087226
CSCO,2026-09-14 16:10:00+00:00,111.13,111.18,111.12,111.16,2053.0,31.0,111.139412
CSCO,2026-09-14 16:15:00+00:00,111.19,111.335,111.185,111.21,5488.0,77.0,111.245699
CSCO,2026-09-14 16:20:00+00:00,111.18,111.18,110.99,111.02,2480.0,34.0,111.04804
CSCO,2026-09-14 16:25:00+00:00,111.045,111.045,110.97,111.0,1914.0,38.0,110.996562
CSCO,2026-09-14 16:30:00+00:00,110.975,110.975,110.89,110.94,3613.0,44.0,110.918288
CSCO,2026-09-14 16:35:00+00:00,110.92,110.945,110.9,110.9,559.0,14.0,110.9175
CSCO,2026-09-14 16:40:00+00:00,110.88,111.03,110.88,110.97,3287.0,55.0,110.964357
CSCO,2026-09-14 16:45:00+00:00,111.03,111.44,110.99,111.44,5994.0,91.0,111.220121
CSCO,2026-09-14 16:50:00+00:00,111.415,111.44,111.41,111.43,834.0,24.0,111.426
CSCO,2026-09-14 16:55:00+00:00,111.41,111.51,111.41,111.49,3540.0,60.0,111.470818
CSCO,2026-09-14 17:00:00+00:00,111.52,111.61,111.52,111.54,3334.0,36.0,111.541525
CSCO,2026-09-14 17:05:00+00:00,111.575,111.685,111.575,111.685,638.0,17.0,111.629
CSCO,2026-09-14 17:10:00+00:00,111.71,111.73,111.63,111.68,9729.0,100.0,111.68793
CSCO,2026-09-14 17:15:00+00:00,111.67,111.705,111.37,111.485,3966.0,84.0,111.558898
CSCO,2026-09-14 17:20:00+00:00,111.465,111.5,111.45,111.48,1236.0,31.0,111.47625
CSCO,2026-09-14 17:25:00+00:00,111.43,111.46,111.42,111.46,1415.0,25.0,111.439545
CSCO,2026-09-14 17:30:00+00:00,111.455,111.5,111.4,111.41,3868.0,62.0,111.458061
CSCO,2026-09-14 17:35:00+00:00,111.415,111.49,111.35,111.45,5431.0,76.0,111.401537
CSCO,2026-09-14 17:40:00+00:00,111.44,111.46,111.4,111.46,3609.0,76.0,111.431258
CSCO,2026-09-14 17:45:00+00:00,111.46,111.46,111.31,111.31,2324.0,51.0,111.391111
CSCO,2026-09-14 17:50:00+00:00,111.36,111.36,111.25,111.25,2948.0,48.0,111.311305
CSCO,2026-09-14 17:55:00+00:00,111.27,111.31,111.22,111.23,4139.0,56.0,111.244232
CSCO,2026-09-14 18:00:00+00:00,111.255,111.3,111.07,111.095,3046.0,55.0,111.202021
CSCO,2026-09-14 18:05:00+00:00,111.09,111.09,110.71,110.87,8775.0,109.0,110.865874
CSCO,2026-09-14 18:10:00+00:00,110.765,110.95,110.76,110.95,1683.0,31.0,110.871364
CSCO,2026-09-14 18:15:00+00:00,110.96,111.05,110.96,111.0,3642.0,55.0,111.024162
CSCO,2026-09-14 18:20:00+00:00,111.055,111.065,110.93,111.05,2523.0,37.0,110.993026
CSCO,2026-09-14 18:25:00+00:00,111.085,111.085,111.0,111.04,2436.0,27.0,111.041146
CSCO,2026-09-14 18:30:00+00:00,111.07,111.11,111.06,111.07,4631.0,58.0,111.077621
CSCO,2026-09-14 18:35:00+00:00,111.06,111.13,111.06,111.12,1858.0,28.0,111.095926
CSCO,2026-09-14 18:40:00+00:00,111.17,111.23,111.16,111.23,2314.0,39.0,111.188214
CSCO,2026-09-14 18:45:00+00:00,111.23,111.275,111.21,111.26,3750.0,54.0,111.244909
CSCO,2026-09-14 18:50:00+00:00,111.27,111.31,111.255,111.29,4011.0,52.0,111.286429
CSCO,2026-09-14 18:55:00+00:00,111.29,111.29,111.035,111.08,6503.0,88.0,111.132386
CSCO,2026-09-14 19:00:00+00:00,111.06,111.14,111.02,111.13,7223.0,94.0,111.094043
CSCO,2026-09-14 19:05:00+00:00,111.12,111.135,110.89,110.89,4482.0,71.0,111.025527
CSCO,2026-09-14 19:10:00+00:00,110.91,110.91,110.78,110.86,5579.0,75.0,110.84251
CSCO,2026-09-14 19:15:00+00:00,110.79,110.835,110.755,110.755,3765.0,81.0,110.779433
CSCO,2026-09-14 19:20:00+00:00,110.765,110.765,110.6,110.64,5183.0,72.0,110.676679
CSCO,2026-09-14 19:25:00+00:00,110.66,110.7,110.575,110.575,3894.0,58.0,110.647281
CSCO,2026-09-14 19:30:00+00:00,110.57,110.605,110.43,110.51,12427.0,164.0,110.524205
CSCO,2026-09-14 19:35:00+00:00,110.485,110.555,110.3,110.36,12674.0,175.0,110.429624
CSCO,2026-09-14 19:40:00+00:00,110.35,110.4,110.21,110.31,14910.0,227.0,110.31713
CSCO,2026-09-14 19:45:00+00:00,110.29,110.315,110.215,110.24,4983.0,75.0,110.260767
CSCO,2026-09-14 19:50:00+00:00,110.215,110.215,110.01,110.075,20308.0,286.0,110.066767
CSCO,2026-09-14 19:55:00+00:00,110.06,110.18,110.0,110.07,84879.0,1181.0,110.08298
CSCO,2026-09-15 12:55:00+00:00,110.02,110.02,110.02,110.02,100.0,1.0,110.02
CSCO,2026-09-15 13:30:00+00:00,110.915,111.275,110.77,110.84,16775.0,217.0,110.963041
CSCO,2026-09-15 13:35:00+00:00,110.95,111.12,110.81,110.81,9439.0,96.0,110.975899
CSCO,2026-09-15 13:40:00+00:00,110.895,110.98,110.625,110.775,8208.0,90.0,110.803679
CSCO,2026-09-15 13:45:00+00:00,110.9,111.035,110.66,110.66,4289.0,59.0,110.888683
CSCO,2026-09-15 13:50:00+00:00,110.61,111.04,110.51,111.0,6974.0,70.0,110.700353
CSCO,2026-09-15 13:55:00+00:00,111.06,111.28,111.06,111.28,7959.0,95.0,111.180843
CSCO,2026-09-15 14:00:00+00:00,111.28,111.67,111.19,111.52,10865.0,128.0,111.459187
CSCO,2026-09-15 14:05:00+00:00,111.49,111.64,111.49,111.56,3691.0,64.0,111.587627
CSCO,2026-09-15 14:10:00+00:00,111.6,111.63,111.18,111.18,3108.0,56.0,111.429457
CSCO,2026-09-15 14:15:00+00:00,111.18,111.375,111.18,111.35,2676.0,51.0,111.274865
CSCO,2026-09-15 14:20:00+00:00,111.38,111.43,111.12,111.19,4000.0,62.0,111.268942
CSCO,2026-09-15 14:25:00+00:00,111.1,111.13,111.015,111.07,3274.0,72.0,111.055632
CSCO,2026-09-15 14:30:00+00:00,111.03,111.2,110.635,110.65,16652.0,165.0,110.929658
CSCO,2026-09-15 14:35:00+00:00,110.715,110.725,110.57,110.65,4741.0,60.0,110.654102
CSCO,2026-09-15 14:40:00+00:00,110.65,110.75,110.58,110.615,5123.0,80.0,110.64
CSCO,2026-09-15 14:45:00+00:00,110.62,110.92,110.62,110.8,8046.0,118.0,110.811412
CSCO,2026-09-15 14:50:00+00:00,110.72,110.78,110.48,110.575,8667.0,183.0,110.614048
CSCO,2026-09-15 14:55:00+00:00,110.54,110.67,110.5,110.5,2968.0,48.0,110.621896
CSCO,2026-09-15 15:00:00+00:00,110.56,110.82,110.56,110.775,4532.0,80.0,110.718897
CSCO,2026-09-15 15:05:00+00:00,110.79,110.79,110.61,110.61,4027.0,55.0,110.736362
CSCO,2026-09-15 15:10:00+00:00,110.645,110.68,110.55,110.68,4423.0,61.0,110.59898
CSCO,2026-09-15 15:15:00+00:00,110.66,110.88,110.66,110.81,4041.0,65.0,110.750772
CSCO,2026-09-15 15:20:00+00:00,110.825,110.88,110.71,110.85,4536.0,60.0,110.810447
CSCO,2026-09-15 15:25:00+00:00,110.86,111.065,110.86,111.045,8742.0,101.0,110.989472
CSCO,2026-09-15 15:30:00+00:00,111.07,111.07,110.74,110.82,8313.0,129.0,110.866831
CSCO,2026-09-15 15:35:00+00:00,110.85,110.86,110.75,110.76,2896.0,46.0,110.822984
CSCO,2026-09-15 15:40:00+00:00,110.795,110.81,110.72,110.745,2142.0,44.0,110.776
CSCO,2026-09-15 15:45:00+00:00,110.74,110.84,110.705,110.715,3785.0,71.0,110.766977
CSCO,2026-09-15 15:50:00+00:00,110.74,110.82,110.61,110.625,3461.0,54.0,110.721835
CSCO,2026-09-15 15:55:00+00:00,110.585,110.72,110.58,110.61,3986.0,67.0,110.643032
CSCO,2026-09-15 16:00:00+00:00,110.6,110.68,110.59,110.645,3089.0,40.0,110.636296
CSCO,2026-09-15 16:05:00+00:00,110.675,110.71,110.53,110.53,3858.0,69.0,110.629555
CSCO,2026-09-15 16:10:00+00:00,110.52,110.55,110.51,110.53,2578.0,36.0,110.529893
CSCO,2026-09-15 16:15:00+00:00,110.515,110.57,110.51,110.57,3639.0,83.0,110.539973
CSCO,2026-09-15 16:20:00+00:00,110.54,110.54,110.43,110.445,7873.0,96.0,110.476982
CSCO,2026-09-15 16:25:00+00:00,110.45,110.46,110.37,110.44,3741.0,54.0,110.427927
CSCO,2026-09-15 16:30:00+00:00,110.36,110.385,110.25,110.25,5503.0,94.0,110.330308
CSCO,2026-09-15 16:35:00+00:00,110.33,110.33,110.13,110.13,4496.0,64.0,110.251449
CSCO,2026-09-15 16:40:00+00:00,110.1,110.2,110.01,110.145,8982.0,116.0,110.100268
CSCO,2026-09-15 16:45:00+00:00,110.12,110.24,110.12,110.15,7196.0,213.0,110.175645
CSCO,2026-09-15 16:50:00+00:00,110.17,110.21,110.12,110.21,8300.0,242.0,110.160496
CSCO,2026-09-15 16:55:00+00:00,110.205,110.215,109.95,110.03,8160.0,253.0,110.061033
CSCO,2026-09-15 17:00:00+00:00,110.0,110.03,109.935,109.935,4236.0,78.0,110.010645
CSCO,2026-09-15 17:05:00+00:00,109.935,110.1,109.935,110.08,5994.0,130.0,110.021072
CSCO,2026-09-15 17:10:00+00:00,110.05,110.12,110.015,110.03,12465.0,265.0,110.072048
CSCO,2026-09-15 17:15:00+00:00,109.955,109.99,109.89,109.94,7546.0,186.0,109.94529
CSCO,2026-09-15 17:20:00+00:00,109.95,110.17,109.92,110.12,17673.0,270.0,110.079749
CSCO,2026-09-15 17:25:00+00:00,110.14,110.24,110.11,110.21,4701.0,66.0,110.161981
CSCO,2026-09-15 17:30:00+00:00,110.22,110.375,110.18,110.19,16028.0,73.0,110.223215
CSCO,2026-09-15 17:35:00+00:00,110.12,110.14,109.97,109.97,4780.0,55.0,110.057533
CSCO,2026-09-15 17:40:00+00:00,109.94,109.97,109.835,109.87,2477.0,47.0,109.891246
CSCO,2026-09-15 17:45:00+00:00,109.89,109.9,109.8,109.84,3884.0,52.0,109.859981
CSCO,2026-09-15 17:50:00+00:00,109.845,109.845,109.66,109.705,4492.0,82.0,109.745613
CSCO,2026-09-15 17:55:00+00:00,109.71,109.81,109.67,109.67,7063.0,120.0,109.733034
CSCO,2026-09-15 18:00:00+00:00,109.67,109.8,109.65,109.8,4720.0,98.0,109.720653
CSCO,2026-09-15 18:05:00+00:00,109.805,109.93,109.785,109.93,5414.0,97.0,109.851372
CSCO,2026-09-15 18:10:00+00:00,109.92,110.07,109.895,110.04,11722.0,161.0,109.995984
CSCO,2026-09-15 18:15:00+00:00,109.97,109.97,109.87,109.87,4564.0,83.0,109.920065
CSCO,2026-09-15 18:20:00+00:00,109.9,110.03,109.9,109.95,3200.0,45.0,109.9627
CSCO,2026-09-15 18:25:00+00:00,109.95,109.98,109.91,109.91,4724.0,73.0,109.947954
CSCO,2026-09-15 18:30:00+00:00,109.91,109.93,109.84,109.905,4651.0,64.0,109.88404
CSCO,2026-09-15 18:35:00+00:00,109.94,109.95,109.8,109.825,5034.0,65.0,109.897063
CSCO,2026-09-15 18:40:00+00:00,109.85,109.95,109.815,109.94,10082.0,152.0,109.921161
CSCO,2026-09-15 18:45:00+00:00,109.95,110.04,109.95,109.96,5567.0,156.0,109.99151
CSCO,2026-09-15 18:50:00+00:00,109.96,110.025,109.89,109.9,7180.0,89.0,109.961038
CSCO,2026-09-15 18:55:00+00:00,109.915,110.015,109.895,110.015,6038.0,100.0,109.923422
CSCO,2026-09-15 19:00:00+00:00,110.015,110.09,109.99,109.995,5795.0,82.0,110.026164
CSCO,2026-09-15 19:05:00+00:00,110.005,110.065,109.975,110.015,4652.0,68.0,110.028313
CSCO,2026-09-15 19:10:00+00:00,109.99,110.11,109.95,110.11,7073.0,118.0,110.04032
CSCO,2026-09-15 19:15:00+00:00,110.155,110.16,110.115,110.16,5180.0,62.0,110.136232
CSCO,2026-09-15 19:20:00+00:00,110.195,110.25,110.175,110.205,4840.0,67.0,110.216097
CSCO,2026-09-15 19:25:00+00:00,110.205,110.23,110.145,110.175,5307.0,73.0,110.191976
CSCO,2026-09-15 19:30:00+00:00,110.17,110.18,109.99,109.99,9141.0,183.0,110.11952
CSCO,2026-09-15 19:35:00+00:00,110.005,110.04,109.95,109.995,9678.0,142.0,110.012598
CSCO,2026-09-15 19:40:00+00:00,109.995,110.06,109.99,109.995,9112.0,145.0,110.026198
CSCO,2026-09-15 19:45:00+00:00,109.97,110.0,109.885,109.9,29188.0,321.0,109.927421
CSCO,2026-09-15 19:50:00+00:00,109.79,110.0,109.79,109.98,37083.0,445.0,109.911076
CSCO,2026-09-15 19:55:00+00:00,110.05,110.115,109.935,110.115,97431.0,1048.0,109.997708
CSCO,2026-09-16 13:30:00+00:00,110.48,110.875,110.235,110.33,7759.0,129.0,110.577635
CSCO,2026-09-16 13:35:00+00:00,110.3,110.71,110.3,110.49,9104.0,114.0,110.54253
CSCO,2026-09-16 13:40:00+00:00,110.55,110.91,110.48,110.91,8047.0,162.0,110.653961
CSCO,2026-09-16 13:45:00+00:00,110.815,110.85,110.605,110.83,10347.0,166.0,110.780992
CSCO,2026-09-16 13:50:00+00:00,110.75,110.95,110.75,110.83,2885.0,67.0,110.860658
CSCO,2026-09-16 13:55:00+00:00,110.82,110.82,110.35,110.43,9612.0,153.0,110.580983
CSCO,2026-09-16 14:00:00+00:00,110.39,110.66,110.33,110.415,14434.0,189.0,110.484454
CSCO,2026-09-16 14:05:00+00:00,110.59,110.96,110.58,110.95,6657.0,77.0,110.779928
CSCO,2026-09-16 14:10:00+00:00,110.94,110.99,110.67,110.725,6269.0,107.0,110.782064
CSCO,2026-09-16 14:15:00+00:00,110.755,110.88,110.635,110.72,6466.0,85.0,110.725823
CSCO,2026-09-16 14:20:00+00:00,110.72,110.765,110.375,110.405,6751.0,118.0,110.552954
CSCO,2026-09-16 14:25:00+00:00,110.37,110.37,110.185,110.19,5903.0,105.0,110.239812
CSCO,2026-09-16 14:30:00+00:00,110.16,110.165,109.93,109.95,12482.0,149.0,110.044939
CSCO,2026-09-16 14:35:00+00:00,109.925,110.13,109.925,110.05,5171.0,59.0,110.056455
CSCO,2026-09-16 14:40:00+00:00,110.09,110.18,110.04,110.15,5696.0,81.0,110.095971
CSCO,2026-09-16 14:45:00+00:00,110.17,110.25,110.12,110.21,4834.0,74.0,110.180902
CSCO,2026-09-16 14:50:00+00:00,110.235,110.28,110.165,110.27,5096.0,77.0,110.221851
CSCO,2026-09-16 14:55:00+00:00,110.27,110.41,110.26,110.41,6009.0,97.0,110.320488
CSCO,2026-09-16 15:00:00+00:00,110.47,110.48,110.33,110.395,6277.0,126.0,110.394324
CSCO,2026-09-16 15:05:00+00:00,110.34,110.38,110.26,110.28,8904.0,93.0,110.306479
CSCO,2026-09-16 15:10:00+00:00,110.28,110.45,110.25,110.45,8813.0,112.0,110.328896
CSCO,2026-09-16 15:15:00+00:00,110.4,110.48,110.34,110.45,5975.0,79.0,110.391473
CSCO,2026-09-16 15:20:00+00:00,110.45,110.51,110.335,110.51,10149.0,159.0,110.430575
CSCO,2026-09-16 15:25:00+00:00,110.51,110.565,110.425,110.565,8760.0,126.0,110.51111
CSCO,2026-09-16 15:30:00+00:00,110.56,110.575,110.455,110.525,8030.0,113.0,110.538143
CSCO,2026-09-16 15:35:00+00:00,110.545,110.66,110.51,110.645,5997.0,84.0,110.562858
CSCO,2026-09-16 15:40:00+00:00,110.605,110.765,110.605,110.765,7175.0,103.0,110.706255
CSCO,2026-09-16 15:45:00+00:00,110.765,110.97,110.735,110.775,11627.0,152.0,110.842496
CSCO,2026-09-16 15:50:00+00:00,110.78,110.81,110.64,110.75,5585.0,88.0,110.73489
CSCO,2026-09-16 15:55:00+00:00,110.675,110.77,110.675,110.76,5346.0,83.0,110.712899
CSCO,2026-09-16 16:00:00+00:00,110.75,110.755,110.63,110.63,5924.0,89.0,110.685585
CSCO,2026-09-16 16:05:00+00:00,110.62,110.67,110.58,110.58,6040.0,97.0,110.628796
CSCO,2026-09-16 16:10:00+00:00,110.57,110.635,110.565,110.635,8579.0,119.0,110.598639
CSCO,2026-09-16 16:15:00+00:00,110.625,110.7,110.625,110.7,9628.0,133.0,110.6728
CSCO,2026-09-16 16:20:00+00:00,110.66,110.695,110.61,110.65,5035.0,114.0,110.645855
CSCO,2026-09-16 16:25:00+00:00,110.64,110.68,110.615,110.65,7015.0,118.0,110.637342
CSCO,2026-09-16 16:30:00+00:00,110.66,110.67,110.53,110.53,5372.0,97.0,110.60902
CSCO,2026-09-16 16:35:00+00:00,110.54,110.605,110.54,110.605,7034.0,105.0,110.573526
CSCO,2026-09-16 16:40:00+00:00,110.61,110.665,110.59,110.64,4503.0,102.0,110.630117
CSCO,2026-09-16 16:45:00+00:00,110.66,110.685,110.6,110.63,6564.0,101.0,110.646695
CSCO,2026-09-16 16:50:00+00:00,110.65,110.65,110.45,110.46,5846.0,138.0,110.528488
CSCO,2026-09-16 16:55:00+00:00,110.51,110.545,110.48,110.48,5294.0,82.0,110.511802
CSCO,2026-09-16 17:00:00+00:00,110.49,110.49,110.37,110.41,6117.0,88.0,110.409605
CSCO,2026-09-16 17:05:00+00:00,110.44,110.515,110.44,110.515,6134.0,76.0,110.482611
CSCO,2026-09-16 17:10:00+00:00,110.53,110.55,110.505,110.535,5120.0,60.0,110.534064
CSCO,2026-09-16 17:15:00+00:00,110.545,110.55,110.375,110.405,4727.0,68.0,110.453066
CSCO,2026-09-16 17:20:00+00:00,110.405,110.53,110.405,110.505,6758.0,82.0,110.456884
CSCO,2026-09-16 17:25:00+00:00,110.485,110.67,110.485,110.655,5790.0,126.0,110.606112
CSCO,2026-09-16 17:30:00+00:00,110.615,110.645,110.56,110.635,5780.0,70.0,110.612776
CSCO,2026-09-16 17:35:00+00:00,110.63,110.78,110.63,110.735,9376.0,118.0,110.723318
CSCO,2026-09-16 17:40:00+00:00,110.735,110.75,110.595,110.61,7833.0,100.0,110.703482
CSCO,2026-09-16 17:45:00+00:00,110.54,110.61,110.52,110.545,11879.0,107.0,110.561434
CSCO,2026-09-16 17:50:00+00:00,110.56,110.61,110.44,110.51,10273.0,126.0,110.522807
CSCO,2026-09-16 17:55:00+00:00,110.56,110.65,110.5,110.58,6879.0,90.0,110.599847
CSCO,2026-09-16 18:00:00+00:00,110.615,110.865,110.435,110.845,10165.0,120.0,110.622733
CSCO,2026-09-16 18:05:00+00:00,110.78,110.79,110.425,110.425,12611.0,151.0,110.597917
CSCO,2026-09-16 18:10:00+00:00,110.38,110.53,110.305,110.44,9535.0,148.0,110.404552
CSCO,2026-09-16 18:15:00+00:00,110.36,110.39,110.22,110.23,5642.0,80.0,110.295654
CSCO,2026-09-16 18:20:00+00:00,110.195,110.265,110.17,110.265,4283.0,58.0,110.215085
CSCO,2026-09-16 18:25:00+00:00,110.02,110.07,109.765,109.95,6151.0,86.0,109.901984
CSCO,2026-09-16 18:30:00+00:00,109.96,109.99,109.57,109.62,11194.0,91.0,109.824163
CSCO,2026-09-16 18:35:00+00:00,109.59,109.64,109.39,109.585,7666.0,109.0,109.503513
CSCO,2026-09-16 18:40:00+00:00,109.625,109.97,109.625,109.745,8955.0,114.0,109.805595
CSCO,2026-09-16 18:45:00+00:00,109.71,109.8,109.36,109.39,9741.0,115.0,109.616416
CSCO,2026-09-16 18:50:00+00:00,109.345,109.5,109.26,109.26,9129.0,114.0,109.357689
CSCO,2026-09-16 18:55:00+00:00,109.28,109.29,109.085,109.18,8921.0,120.0,109.183052
CSCO,2026-09-16 19:00:00+00:00,109.2,109.28,108.945,109.0,13832.0,174.0,109.116643
CSCO,2026-09-16 19:05:00+00:00,108.85,108.88,108.6,108.635,10082.0,122.0,108.756502
CSCO,2026-09-16 19:10:00+00:00,108.64,108.66,108.11,108.185,15442.0,166.0,108.288118
CSCO,2026-09-16 19:15:00+00:00,108.205,108.33,108.02,108.135,22657.0,211.0,108.175001
CSCO,2026-09-16 19:20:00+00:00,108.14,108.22,107.71,107.74,22965.0,262.0,107.892478
CSCO,2026-09-16 19:25:00+00:00,107.74,107.85,107.57,107.85,21608.0,267.0,107.74305
CSCO,2026-09-16 19:30:00+00:00,107.88,108.05,107.77,108.0,45006.0,396.0,107.933936
CSCO,2026-09-16 19:35:00+00:00,107.99,108.03,107.725,107.83,41086.0,409.0,107.85304
CSCO,2026-09-16 19:40:00+00:00,107.835,108.035,107.79,107.84,75631.0,611.0,107.909121
CSCO,2026-09-16 19:45:00+00:00,107.81,107.98,107.81,107.965,83393.0,649.0,107.92707
CSCO,2026-09-16 19:50:00+00:00,108.01,108.01,107.66,107.67,71522.0,696.0,107.795526
CSCO,2026-09-16 19:55:00+00:00,107.68,107.8,107.67,107.72,223465.0,1945.0,107.733856
CSCO,2026-09-17 13:30:00+00:00,109.69,110.25,109.35,109.67,15133.0,194.0,109.96344
CSCO,2026-09-17 13:35:00+00:00,109.47,109.85,109.41,109.66,9935.0,134.0,109.652286
CSCO,2026-09-17 13:40:00+00:00,109.65,109.89,109.49,109.75,24498.0,267.0,109.693426
CSCO,2026-09-17 13:45:00+00:00,109.71,110.06,109.705,109.955,25989.0,247.0,109.89478
CSCO,2026-09-17 13:50:00+00:00,109.96,110.0,109.72,109.78,16611.0,157.0,109.873914
CSCO,2026-09-17 13:55:00+00:00,109.785,109.785,109.57,109.67,12189.0,175.0,109.700436
CSCO,2026-09-17 14:00:00+00:00,109.65,109.865,109.56,109.82,15883.0,213.0,109.673429
CSCO,2026-09-17 14:05:00+00:00,109.86,110.295,109.79,110.16,23788.0,239.0,110.111277
CSCO,2026-09-17 14:10:00+00:00,110.21,110.96,110.175,110.96,16784.0,204.0,110.498757
CSCO,2026-09-17 14:15:00+00:00,110.96,111.26,110.84,111.26,13081.0,139.0,111.006223
CSCO,2026-09-17 14:20:00+00:00,111.27,111.34,111.065,111.34,12023.0,165.0,111.183448
CSCO,2026-09-17 14:25:00+00:00,111.31,111.435,111.26,111.34,6869.0,109.0,111.356072
CSCO,2026-09-17 14:30:00+00:00,111.35,111.36,111.23,111.27,10041.0,193.0,111.28882
CSCO,2026-09-17 14:35:00+00:00,111.27,111.295,111.14,111.28,8382.0,109.0,111.237618
CSCO,2026-09-17 14:40:00+00:00,111.225,111.31,111.12,111.255,14247.0,183.0,111.237181
CSCO,2026-09-17 14:45:00+00:00,111.23,111.31,111.13,111.13,11402.0,128.0,111.247657
CSCO,2026-09-17 14:50:00+00:00,111.125,111.19,110.9,110.97,7995.0,118.0,111.076204
CSCO,2026-09-17 14:55:00+00:00,110.985,111.01,110.87,110.89,6893.0,100.0,110.934581
CSCO,2026-09-17 15:00:00+00:00,110.95,111.2,110.95,111.06,10239.0,125.0,111.045839
CSCO,2026-09-17 15:05:00+00:00,111.06,111.17,110.975,111.13,8270.0,123.0,111.109775
CSCO,2026-09-17 15:10:00+00:00,111.14,111.19,111.06,111.11,5945.0,137.0,111.134379
CSCO,2026-09-17 15:15:00+00:00,111.08,111.11,110.99,111.01,8217.0,207.0,111.049704
CSCO,2026-09-17 15:20:00+00:00,110.95,110.995,110.83,110.98,8810.0,119.0,110.910615
CSCO,2026-09-17 15:25:00+00:00,111.01,111.18,111.0,111.06,3224.0,51.0,111.057349
CSCO,2026-09-17 15:30:00+00:00,111.01,111.03,110.97,110.99,4491.0,67.0,111.011613
CSCO,2026-09-17 15:35:00+00:00,110.96,110.96,110.88,110.885,3016.0,62.0,110.919643
CSCO,2026-09-17 15:40:00+00:00,110.875,110.975,110.86,110.965,4808.0,91.0,110.909775
CSCO,2026-09-17 15:45:00+00:00,110.97,110.98,110.835,110.84,5041.0,76.0,110.914872
CSCO,2026-09-17 15:50:00+00:00,110.85,110.86,110.81,110.83,2877.0,31.0,110.835389
CSCO,2026-09-17 15:55:00+00:00,110.875,110.935,110.82,110.85,3130.0,49.0,110.874796
CSCO,2026-09-17 16:00:00+00:00,110.88,110.88,110.76,110.81,2605.0,46.0,110.811552
CSCO,2026-09-17 16:05:00+00:00,110.77,110.82,110.72,110.75,3634.0,59.0,110.764766
CSCO,2026-09-17 16:10:00+00:00,110.705,110.84,110.695,110.84,4971.0,99.0,110.746231
CSCO,2026-09-17 16:15:00+00:00,110.87,110.87,110.78,110.78,3832.0,88.0,110.820891
CSCO,2026-09-17 16:20:00+00:00,110.805,110.805,110.69,110.775,5800.0,104.0,110.733163
CSCO,2026-09-17 16:25:00+00:00,110.79,110.815,110.79,110.805,2738.0,58.0,110.803947
CSCO,2026-09-17 16:30:00+00:00,110.83,110.83,110.6,110.6,8913.0,135.0,110.761028
CSCO,2026-09-17 16:35:00+00:00,110.59,110.675,110.56,110.675,3110.0,49.0,110.61773
CSCO,2026-09-17 16:40:00+00:00,110.63,110.75,110.625,110.75,2490.0,54.0,110.680278
CSCO,2026-09-17 16:45:00+00:00,110.745,110.745,110.65,110.675,4497.0,65.0,110.688333
CSCO,2026-09-17 16:50:00+00:00,110.68,110.81,110.68,110.76,3674.0,79.0,110.745576
CSCO,2026-09-17 16:55:00+00:00,110.7,110.73,110.64,110.73,4310.0,105.0,110.697
CSCO,2026-09-17 17:00:00+00:00,110.75,110.82,110.745,110.8,3310.0,95.0,110.780988
CSCO,2026-09-17 17:05:00+00:00,110.81,110.86,110.75,110.76,3244.0,114.0,110.805694
CSCO,2026-09-17 17:10:00+00:00,110.74,110.74,110.68,110.71,4128.0,86.0,110.71431
CSCO,2026-09-17 17:15:00+00:00,110.67,110.71,110.67,110.71,1444.0,29.0,110.696905
CSCO,2026-09-17 17:20:00+00:00,110.65,110.67,110.59,110.59,1577.0,34.0,110.650767
CSCO,2026-09-17 17:25:00+00:00,110.59,110.6,110.48,110.6,4202.0,100.0,110.548439
CSCO,2026-09-17 17:30:00+00:00,110.62,110.62,110.35,110.37,8529.0,171.0,110.433766
CSCO,2026-09-17 17:35:00+00:00,110.405,110.42,110.355,110.39,5938.0,99.0,110.391776
CSCO,2026-09-17 17:40:00+00:00,110.41,110.41,110.21,110.22,7015.0,122.0,110.312273
CSCO,2026-09-17 17:45:00+00:00,110.24,110.29,110.11,110.195,12678.0,171.0,110.19867
CSCO,2026-09-17 17:50:00+00:00,110.17,110.18,110.095,110.16,4584.0,97.0,110.138575
CSCO,2026-09-17 17:55:00+00:00,110.09,110.16,110.075,110.11,4900.0,64.0,110.109403
CSCO,2026-09-17 18:00:00+00:00,110.125,110.14,110.07,110.07,3068.0,77.0,110.105261
CSCO,2026-09-17 18:05:00+00:00,110.07,110.1,110.01,110.1,6352.0,123.0,110.043836
CSCO,2026-09-17 18:10:00+00:00,110.13,110.275,110.07,110.215,6943.0,99.0,110.189325
CSCO,2026-09-17 18:15:00+00:00,110.215,110.295,110.215,110.25,5397.0,64.0,110.242292
CSCO,2026-09-17 18:20:00+00:00,110.275,110.275,110.13,110.2,6277.0,86.0,110.172792
CSCO,2026-09-17 18:25:00+00:00,110.155,110.24,110.15,110.24,6755.0,83.0,110.203283
CSCO,2026-09-17 18:30:00+00:00,110.25,110.25,110.14,110.175,5207.0,76.0,110.19717
CSCO,2026-09-17 18:35:00+00:00,110.17,110.17,110.13,110.135,5444.0,89.0,110.151053
CSCO,2026-09-17 18:40:00+00:00,110.12,110.23,110.11,110.215,8127.0,127.0,110.149765
CSCO,2026-09-17 18:45:00+00:00,110.2,110.205,110.155,110.2,6444.0,131.0,110.181947
CSCO,2026-09-17 18:50:00+00:00,110.19,110.19,110.11,110.14,6140.0,111.0,110.16239
CSCO,2026-09-17 18:55:00+00:00,110.14,110.225,110.085,110.165,7698.0,135.0,110.145021
CSCO,2026-09-17 19:00:00+00:00,110.175,110.22,110.125,110.145,5282.0,106.0,110.175046
CSCO,2026-09-17 19:05:00+00:00,110.15,110.27,110.14,110.23,9870.0,143.0,110.202757
CSCO,2026-09-17 19:10:00+00:00,110.225,110.46,110.205,110.37,11907.0,180.0,110.342029
CSCO,2026-09-17 19:15:00+00:00,110.365,110.37,110.22,110.22,10640.0,145.0,110.288043
CSCO,2026-09-17 19:20:00+00:00,110.215,110.245,110.16,110.17,9428.0,126.0,110.201565
CSCO,2026-09-17 19:25:00+00:00,110.19,110.36,110.19,110.35,12747.0,186.0,110.261166
CSCO,2026-09-17 19:30:00+00:00,110.32,110.41,110.24,110.29,15660.0,233.0,110.336566
CSCO,2026-09-17 19:35:00+00:00,110.3,110.325,110.175,110.195,10782.0,199.0,110.263361
CSCO,2026-09-17 19:40:00+00:00,110.21,110.25,110.02,110.09,22850.0,334.0,110.154611
CSCO,2026-09-17 19:45:00+00:00,110.08,110.14,110.03,110.075,19663.0,312.0,110.079815
CSCO,2026-09-17 19:50:00+00:00,110.1,110.3,110.08,110.235,31286.0,488.0,110.187292
CSCO,2026-09-17 19:55:00+00:00,110.23,110.3,110.145,110.195,68869.0,995.0,110.214089
CSCO,2026-09-18 13:30:00+00:00,110.715,110.75,110.4,110.5,8771.0,125.0,110.591089
CSCO,2026-09-18 13:35:00+00:00,110.55,110.57,110.335,110.42,10962.0,117.0,110.448722
CSCO,2026-09-18 13:40:00+00:00,110.44,110.52,110.2,110.48,8552.0,124.0,110.348758
CSCO,2026-09-18 13:45:00+00:00,110.5,110.51,110.36,110.36,7770.0,98.0,110.460648
CSCO,2026-09-18 13:50:00+00:00,110.35,110.36,110.0,110.01,5427.0,85.0,110.173106
CSCO,2026-09-18 13:55:00+00:00,109.975,110.0,109.86,109.915,5764.0,87.0,109.926825
CSCO,2026-09-18 14:00:00+00:00,109.92,109.92,109.46,109.46,6822.0,97.0,109.639335
CSCO,2026-09-18 14:05:00+00:00,109.43,109.46,109.13,109.16,8362.0,109.0,109.276221
CSCO,2026-09-18 14:10:00+00:00,109.2,109.355,109.0,109.09,9425.0,116.0,109.150215
CSCO,2026-09-18 14:15:00+00:00,109.12,109.22,109.08,109.1,3749.0,58.0,109.156871
CSCO,2026-09-18 14:20:00+00:00,109.17,109.18,109.05,109.12,3316.0,47.0,109.1375
CSCO,2026-09-18 14:25:00+00:00,109.13,109.36,109.13,109.21,6257.0,79.0,109.28162
CSCO,2026-09-18 14:30:00+00:00,109.2,109.255,109.11,109.125,4088.0,59.0,109.199481
CSCO,2026-09-18 14:35:00+00:00,109.03,109.05,108.78,108.965,10248.0,116.0,108.907263
CSCO,2026-09-18 14:40:00+00:00,108.97,108.985,108.71,108.8,8694.0,111.0,108.849103
CSCO,2026-09-18 14:45:00+00:00,108.87,108.99,108.84,108.85,3309.0,52.0,108.883291
CSCO,2026-09-18 14:50:00+00:00,108.835,108.835,108.7,108.725,4717.0,68.0,108.760054
CSCO,2026-09-18 14:55:00+00:00,108.715,108.715,108.51,108.56,3844.0,70.0,108.56871
CSCO,2026-09-18 15:00:00+00:00,108.52,108.58,108.5,108.56,2905.0,61.0,108.533374
CSCO,2026-09-18 15:05:00+00:00,108.57,108.7,108.57,108.64,5197.0,116.0,108.637667
CSCO,2026-09-18 15:10:00+00:00,108.68,108.75,108.68,108.75,7651.0,80.0,108.716877
CSCO,2026-09-18 15:15:00+00:00,108.69,108.69,108.6,108.63,3197.0,51.0,108.633462
CSCO,2026-09-18 15:20:00+00:00,108.53,108.58,108.46,108.55,3412.0,59.0,108.533269
CSCO,2026-09-18 15:25:00+00:00,108.53,108.68,108.53,108.68,3604.0,62.0,108.599242
CSCO,2026-09-18 15:30:00+00:00,108.67,108.74,108.565,108.7,5944.0,81.0,108.651067
CSCO,2026-09-18 15:35:00+00:00,108.675,108.71,108.52,108.53,4999.0,74.0,108.602667
CSCO,2026-09-18 15:40:00+00:00,108.48,108.59,108.48,108.57,4503.0,58.0,108.546897
CSCO,2026-09-18 15:45:00+00:00,108.57,108.57,108.445,108.48,4490.0,71.0,108.48696
CSCO,2026-09-18 15:50:00+00:00,108.47,108.51,108.37,108.37,5427.0,110.0,108.421299
CSCO,2026-09-18 15:55:00+00:00,108.36,108.53,108.36,108.51,6232.0,76.0,108.436852
CSCO,2026-09-18 16:00:00+00:00,108.53,108.53,108.435,108.47,3254.0,46.0,108.472127
CSCO,2026-09-18 16:05:00+00:00,108.48,108.48,108.44,108.44,1226.0,38.0,108.467013
CSCO,2026-09-18 16:10:00+00:00,108.44,108.49,108.38,108.41,3825.0,73.0,108.42
CSCO,2026-09-18 16:15:00+00:00,108.37,108.405,108.33,108.36,1775.0,33.0,108.36375
CSCO,2026-09-18 16:20:00+00:00,108.34,108.41,108.24,108.28,3070.0,45.0,108.326727
CSCO,2026-09-18 16:25:00+00:00,108.205,108.28,108.18,108.2,5390.0,93.0,108.223548
CSCO,2026-09-18 16:30:00+00:00,108.18,108.23,108.1,108.23,5445.0,78.0,108.151348
CSCO,2026-09-18 16:35:00+00:00,108.205,108.27,108.2,108.27,4001.0,86.0,108.223298
CSCO,2026-09-18 16:40:00+00:00,108.27,108.275,108.205,108.275,4186.0,62.0,108.23739
CSCO,2026-09-18 16:45:00+00:00,108.29,108.41,108.29,108.41,3788.0,71.0,108.323053
CSCO,2026-09-18 16:50:00+00:00,108.45,108.52,108.425,108.435,4215.0,66.0,108.471954
CSCO,2026-09-18 16:55:00+00:00,108.44,108.63,108.435,108.625,7149.0,102.0,108.555641
CSCO,2026-09-18 17:00:00+00:00,108.59,108.835,108.59,108.79,3597.0,49.0,108.723782
CSCO,2026-09-18 17:05:00+00:00,108.76,108.885,108.76,108.78,4077.0,63.0,108.822321
CSCO,2026-09-18 17:10:00+00:00,108.73,108.76,108.72,108.73,2765.0,71.0,108.730263
CSCO,2026-09-18 17:15:00+00:00,108.69,108.77,108.69,108.69,2185.0,38.0,108.704444
CSCO,2026-09-18 17:20:00+00:00,108.71,108.82,108.705,108.81,3199.0,55.0,108.770911
CSCO,2026-09-18 17:25:00+00:00,108.76,108.77,108.74,108.74,2597.0,40.0,108.758049
CSCO,2026-09-18 17:30:00+00:00,108.73,108.81,108.73,108.81,3805.0,61.0,108.773019
CSCO,2026-09-18 17:35:00+00:00,108.82,108.91,108.82,108.89,3304.0,56.0,108.87963
CSCO,2026-09-18 17:40:00+00:00,108.89,108.89,108.87,108.88,773.0,16.0,108.879
CSCO,2026-09-18 17:45:00+00:00,108.87,108.87,108.83,108.83,361.0,8.0,108.856667
CSCO,2026-09-18 17:50:00+00:00,108.81,108.86,108.81,108.86,886.0,18.0,108.848796
CSCO,2026-09-18 17:55:00+00:00,108.83,108.85,108.825,108.825,951.0,24.0,108.838571
CSCO,2026-09-18 18:00:00+00:00,108.92,108.94,108.76,108.76,6119.0,102.0,108.870095
CSCO,2026-09-18 18:05:00+00:00,108.75,108.92,108.74,108.92,2591.0,47.0,108.803846
CSCO,2026-09-18 18:10:00+00:00,108.925,108.99,108.89,108.99,12030.0,175.0,108.947512
CSCO,2026-09-18 18:15:00+00:00,108.99,109.04,108.985,108.985,3589.0,71.0,109.001667
CSCO,2026-09-18 18:20:00+00:00,108.99,109.0,108.97,108.97,1412.0,35.0,108.987607
CSCO,2026-09-18 18:25:00+00:00,108.97,108.97,108.88,108.88,2405.0,92.0,108.915143
CSCO,2026-09-18 18:30:00+00:00,108.9,108.9,108.8,108.82,5875.0,97.0,108.830309
CSCO,2026-09-18 18:35:00+00:00,108.82,108.84,108.77,108.795,3963.0,71.0,108.800235
CSCO,2026-09-18 18:40:00+00:00,108.79,108.83,108.79,108.83,1368.0,32.0,108.817447
CSCO,2026-09-18 18:45:00+00:00,108.87,108.92,108.83,108.88,6335.0,127.0,108.891326
CSCO,2026-09-18 18:50:00+00:00,108.885,108.98,108.875,108.885,8795.0,117.0,108.923049
CSCO,2026-09-18 18:55:00+00:00,108.88,108.945,108.85,108.94,4136.0,91.0,108.89146
CSCO,2026-09-18 19:00:00+00:00,108.94,108.97,108.925,108.96,1692.0,74.0,108.948334
CSCO,2026-09-18 19:05:00+00:00,108.955,109.03,108.945,109.03,3647.0,60.0,108.973385
CSCO,2026-09-18 19:10:00+00:00,109.04,109.04,108.84,108.84,5492.0,81.0,108.961009
CSCO,2026-09-18 19:15:00+00:00,108.85,108.905,108.78,108.78,7297.0,199.0,108.833416
CSCO,2026-09-18 19:20:00+00:00,108.77,108.83,108.74,108.8,5115.0,90.0,108.798454
CSCO,2026-09-18 19:25:00+00:00,108.84,108.92,108.84,108.85,5607.0,167.0,108.871364
CSCO,2026-09-18 19:30:00+00:00,108.88,108.91,108.77,108.81,7779.0,105.0,108.81998
CSCO,2026-09-18 19:35:00+00:00,108.76,108.795,108.67,108.795,11471.0,184.0,108.723367
CSCO,2026-09-18 19:40:00+00:00,108.865,108.89,108.785,108.845,9216.0,142.0,108.826545
CSCO,2026-09-18 19:45:00+00:00,108.84,108.86,108.73,108.73,18190.0,235.0,108.782948
CSCO,2026-09-18 19:50:00+00:00,108.8,109.7,108.8,109.13,68126.0,579.0,109.340659
CSCO,2026-09-18 19:55:00+00:00,109.17,109.85,109.17,109.51,120306.0,1365.0,109.622418
