symbol,timestamp,open,high,low,close,volume,trade_count,vwap
AEP,2026-08-14 13:30:00+00:00,124.91,124.91,124.91,124.91,510.0,4.0,124.91
AEP,2026-08-14 13:35:00+00:00,125.65,125.65,125.65,125.65,100.0,1.0,125.65
AEP,2026-08-14 13:40:00+00:00,125.655,125.655,125.655,125.655,164.0,4.0,125.655
AEP,2026-08-14 13:50:00+00:00,125.765,125.765,125.765,125.765,363.0,8.0,125.765
AEP,2026-08-14 14:00:00+00:00,125.515,125.515,125.515,125.515,355.0,12.0,125.515
AEP,2026-08-14 14:10:00+00:00,124.93,125.13,124.93,125.13,1060.0,18.0,125.033509
AEP,2026-08-14 14:15:00+00:00,125.03,125.25,125.03,125.25,1220.0,26.0,125.10455
AEP,2026-08-14 14:25:00+00:00,125.215,125.215,125.2,125.2,370.0,11.0,125.2075
AEP,2026-08-14 14:30:00+00:00,125.08,125.08,124.97,125.0,585.0,31.0,125.013966
AEP,2026-08-14 14:35:00+00:00,125.055,125.08,125.055,125.08,335.0,19.0,125.0675
AEP,2026-08-14 14:40:00+00:00,124.95,125.07,124.95,125.07,1115.0,20.0,125.00985
AEP,2026-08-14 14:45:00+00:00,125.04,125.055,124.98,125.01,1338.0,36.0,125.019
AEP,2026-08-14 14:50:00+00:00,125.0,125.0,124.96,124.985,1755.0,58.0,124.985833
AEP,2026-08-14 14:55:00+00:00,125.03,125.095,124.98,125.095,15111.0,110.0,125.049816
AEP,2026-08-14 15:00:00+00:00,125.055,125.195,125.055,125.195,7965.0,104.0,125.082849
AEP,2026-08-14 15:05:00+00:00,125.11,125.11,125.11,125.11,277.0,20.0,125.11
AEP,2026-08-14 15:10:00+00:00,125.07,125.13,124.99,124.99,1492.0,50.0,125.0775
AEP,2026-08-14 15:15:00+00:00,125.03,125.09,124.99,125.01,2794.0,59.0,125.039524
AEP,2026-08-14 15:20:00+00:00,124.89,124.915,124.89,124.915,1092.0,24.0,124.903164
AEP,2026-08-14 15:25:00+00:00,125.09,125.09,124.99,125.04,610.0,34.0,125.04
AEP,2026-08-14 15:30:00+00:00,125.15,125.28,125.15,125.27,2254.0,85.0,125.2295
AEP,2026-08-14 15:35:00+00:00,125.27,125.27,125.24,125.25,599.0,26.0,125.254
AEP,2026-08-14 15:40:00+00:00,125.35,125.59,125.35,125.58,2054.0,68.0,125.478788
AEP,2026-08-14 15:45:00+00:00,125.54,125.54,125.54,125.54,184.0,7.0,125.54
AEP,2026-08-14 15:50:00+00:00,125.53,125.55,125.53,125.55,442.0,23.0,125.54
AEP,2026-08-14 16:00:00+00:00,125.43,125.43,125.43,125.43,123.0,5.0,125.43
AEP,2026-08-14 16:05:00+00:00,125.48,125.49,125.35,125.41,1725.0,49.0,125.417273
AEP,2026-08-14 16:10:00+00:00,125.39,125.45,125.39,125.44,906.0,22.0,125.436
AEP,2026-08-14 16:15:00+00:00,125.5,125.57,125.5,125.57,774.0,26.0,125.52125
AEP,2026-08-14 16:20:00+00:00,125.56,125.65,125.56,125.63,1267.0,48.0,125.607641
AEP,2026-08-14 16:25:00+00:00,125.67,125.68,125.59,125.59,1148.0,40.0,125.649167
AEP,2026-08-14 16:30:00+00:00,125.58,125.645,125.5,125.645,3507.0,56.0,125.568162
AEP,2026-08-14 16:35:00+00:00,125.63,125.69,125.63,125.65,822.0,26.0,125.6575
AEP,2026-08-14 16:40:00+00:00,125.67,125.68,125.59,125.59,980.0,25.0,125.633333
AEP,2026-08-14 16:45:00+00:00,125.62,125.645,125.62,125.645,404.0,12.0,125.6325
AEP,2026-08-14 16:50:00+00:00,125.67,125.67,125.52,125.54,833.0,19.0,125.581
AEP,2026-08-14 16:55:00+00:00,125.595,125.595,125.565,125.565,790.0,21.0,125.582
AEP,2026-08-14 17:00:00+00:00,125.61,125.615,125.555,125.555,891.0,15.0,125.592143
AEP,2026-08-14 17:05:00+00:00,125.58,125.69,125.58,125.69,1467.0,33.0,125.645
AEP,2026-08-14 17:10:00+00:00,125.73,125.81,125.73,125.81,1072.0,23.0,125.77375
AEP,2026-08-14 17:15:00+00:00,125.88,125.88,125.83,125.85,1106.0,45.0,125.85875
AEP,2026-08-14 17:20:00+00:00,125.83,125.96,125.83,125.96,1673.0,38.0,125.9145
AEP,2026-08-14 17:30:00+00:00,125.85,125.86,125.85,125.86,411.0,18.0,125.856667
AEP,2026-08-14 17:35:00+00:00,125.85,125.85,125.83,125.83,222.0,5.0,125.84
AEP,2026-08-14 17:40:00+00:00,125.76,125.77,125.76,125.77,236.0,13.0,125.765
AEP,2026-08-14 17:45:00+00:00,125.795,125.8,125.78,125.78,655.0,13.0,125.791667
AEP,2026-08-14 18:05:00+00:00,125.8,125.815,125.8,125.815,9383.0,123.0,125.814261
AEP,2026-08-14 18:10:00+00:00,125.84,125.88,125.84,125.85,1168.0,35.0,125.856
AEP,2026-08-14 18:15:00+00:00,125.81,125.86,125.81,125.86,809.0,20.0,125.836
AEP,2026-08-14 18:20:00+00:00,125.85,125.91,125.83,125.875,1425.0,54.0,125.879005
AEP,2026-08-14 18:25:00+00:00,125.86,125.95,125.86,125.935,1387.0,46.0,125.9055
AEP,2026-08-14 18:30:00+00:00,125.87,125.9,125.84,125.84,1827.0,46.0,125.869091
AEP,2026-08-14 18:35:00+00:00,125.78,125.885,125.78,125.85,1238.0,23.0,125.830909
AEP,2026-08-14 18:40:00+00:00,125.855,125.86,125.79,125.82,1078.0,38.0,125.836091
AEP,2026-08-14 18:45:00+00:00,125.835,125.87,125.835,125.85,609.0,33.0,125.85375
AEP,2026-08-14 18:50:00+00:00,125.825,125.855,125.825,125.855,2233.0,21.0,125.849639
AEP,2026-08-14 18:55:00+00:00,125.895,125.94,125.895,125.91,1169.0,42.0,125.917143
AEP,2026-08-14 19:00:00+00:00,125.955,125.955,125.83,125.87,2351.0,71.0,125.894231
AEP,2026-08-14 19:05:00+00:00,125.875,125.92,125.83,125.89,3084.0,58.0,125.86809
AEP,2026-08-14 19:10:00+00:00,125.905,125.99,125.905,125.93,4800.0,99.0,125.936551
AEP,2026-08-14 19:15:00+00:00,125.89,125.93,125.88,125.93,2021.0,48.0,125.904808
AEP,2026-08-14 19:20:00+00:00,125.835,125.9,125.835,125.85,2797.0,51.0,125.87595
AEP,2026-08-14 19:25:00+00:00,125.755,125.8,125.735,125.735,1749.0,66.0,125.780176
AEP,2026-08-14 19:30:00+00:00,125.655,125.72,125.655,125.72,1533.0,41.0,125.6808
AEP,2026-08-14 19:35:00+00:00,125.685,125.685,125.52,125.61,1759.0,51.0,125.575857
AEP,2026-08-14 19:40:00+00:00,125.63,125.64,125.56,125.615,1639.0,79.0,125.6025
AEP,2026-08-14 19:45:00+00:00,125.625,125.645,125.535,125.6,3428.0,89.0,125.59629
AEP,2026-08-14 19:50:00+00:00,125.65,125.655,125.38,125.435,3642.0,105.0,125.606007
AEP,2026-08-14 19:55:00+00:00,125.49,125.615,125.46,125.56,20042.0,363.0,125.545755
AEP,2026-08-17 13:30:00+00:00,125.0,125.11,125.0,125.11,530.0,10.0,125.050691
AEP,2026-08-17 13:35:00+00:00,125.14,125.355,125.14,125.285,575.0,11.0,125.237561
AEP,2026-08-17 13:40:00+00:00,125.495,125.495,125.32,125.32,1219.0,30.0,125.433333
AEP,2026-08-17 13:45:00+00:00,125.41,125.41,125.275,125.275,817.0,14.0,125.323544
AEP,2026-08-17 13:50:00+00:00,125.2,125.2,125.2,125.2,238.0,5.0,125.2
AEP,2026-08-17 13:55:00+00:00,125.16,125.16,125.14,125.14,432.0,7.0,125.153266
AEP,2026-08-17 14:00:00+00:00,125.4,125.655,125.4,125.655,1011.0,22.0,125.53625
AEP,2026-08-17 14:05:00+00:00,125.625,125.625,125.625,125.625,108.0,2.0,125.625
AEP,2026-08-17 14:10:00+00:00,125.475,125.62,125.475,125.62,600.0,17.0,125.551667
AEP,2026-08-17 14:25:00+00:00,125.72,125.845,125.72,125.845,425.0,10.0,125.761667
AEP,2026-08-17 14:30:00+00:00,125.81,125.81,125.75,125.75,229.0,4.0,125.78
AEP,2026-08-17 14:35:00+00:00,125.62,125.68,125.55,125.56,1590.0,31.0,125.59375
AEP,2026-08-17 14:40:00+00:00,125.48,125.515,125.36,125.42,3487.0,45.0,125.445833
AEP,2026-08-17 14:45:00+00:00,125.45,125.7,125.45,125.63,1438.0,21.0,125.6105
AEP,2026-08-17 14:50:00+00:00,125.75,125.75,125.63,125.63,853.0,14.0,125.686636
AEP,2026-08-17 14:55:00+00:00,125.66,125.66,125.66,125.66,529.0,13.0,125.66
AEP,2026-08-17 15:00:00+00:00,125.46,125.485,125.44,125.485,599.0,10.0,125.462941
AEP,2026-08-17 15:05:00+00:00,125.4,125.43,125.395,125.43,883.0,22.0,125.413073
AEP,2026-08-17 15:10:00+00:00,125.38,125.38,125.29,125.29,422.0,7.0,125.35
AEP,2026-08-17 15:15:00+00:00,125.205,125.205,125.125,125.14,735.0,11.0,125.151667
AEP,2026-08-17 15:20:00+00:00,125.16,125.16,125.085,125.135,1592.0,26.0,125.123153
AEP,2026-08-17 15:25:00+00:00,125.29,125.34,125.2,125.34,2617.0,52.0,125.286452
AEP,2026-08-17 15:30:00+00:00,125.31,125.39,125.31,125.36,1951.0,50.0,125.355475
AEP,2026-08-17 15:35:00+00:00,125.355,125.355,125.255,125.285,1561.0,29.0,125.283855
AEP,2026-08-17 15:40:00+00:00,125.3,125.505,125.3,125.34,2487.0,65.0,125.424553
AEP,2026-08-17 15:45:00+00:00,125.37,125.37,125.37,125.37,173.0,4.0,125.37
AEP,2026-08-17 15:50:00+00:00,125.455,125.455,125.45,125.45,368.0,5.0,125.4525
AEP,2026-08-17 15:55:00+00:00,125.38,125.66,125.38,125.595,1828.0,42.0,125.52262
AEP,2026-08-17 16:00:00+00:00,125.615,125.71,125.585,125.71,1733.0,37.0,125.612393
AEP,2026-08-17 16:05:00+00:00,125.59,125.72,125.57,125.72,1336.0,31.0,125.608
AEP,2026-08-17 16:10:00+00:00,125.81,125.81,125.71,125.76,1711.0,32.0,125.773045
AEP,2026-08-17 16:15:00+00:00,125.73,125.845,125.73,125.845,4635.0,35.0,125.809444
AEP,2026-08-17 16:20:00+00:00,125.825,126.01,125.825,125.96,3215.0,64.0,125.928443
AEP,2026-08-17 16:25:00+00:00,125.94,126.045,125.905,126.045,9849.0,120.0,126.004423
AEP,2026-08-17 16:30:00+00:00,125.9,125.975,125.85,125.975,3365.0,49.0,125.8988
AEP,2026-08-17 16:35:00+00:00,126.0,126.07,126.0,126.07,514.0,13.0,126.035
AEP,2026-08-17 16:40:00+00:00,126.03,126.13,126.03,126.08,472.0,28.0,126.08
AEP,2026-08-17 16:45:00+00:00,126.04,126.11,126.04,126.11,274.0,5.0,126.075
AEP,2026-08-17 16:50:00+00:00,126.055,126.055,126.055,126.055,214.0,3.0,126.055
AEP,2026-08-17 17:00:00+00:00,126.0,126.01,125.97,125.97,324.0,10.0,125.993333
AEP,2026-08-17 17:05:00+00:00,125.955,125.955,125.92,125.955,1133.0,68.0,125.947038
AEP,2026-08-17 17:10:00+00:00,126.07,126.07,126.07,126.07,273.0,7.0,126.07
AEP,2026-08-17 17:15:00+00:00,126.24,126.24,126.21,126.23,1849.0,28.0,126.229634
AEP,2026-08-17 17:20:00+00:00,126.21,126.27,126.21,126.27,494.0,9.0,126.24493
AEP,2026-08-17 17:25:00+00:00,126.18,126.18,126.155,126.155,550.0,7.0,126.174118
AEP,2026-08-17 17:30:00+00:00,126.16,126.265,126.16,126.265,570.0,13.0,126.2125
AEP,2026-08-17 17:35:00+00:00,126.17,126.205,126.165,126.165,840.0,19.0,126.18
AEP,2026-08-17 17:40:00+00:00,126.27,126.34,126.27,126.34,722.0,14.0,126.308566
AEP,2026-08-17 17:45:00+00:00,126.315,126.315,126.315,126.315,232.0,8.0,126.315
AEP,2026-08-17 17:50:00+00:00,126.37,126.395,126.37,126.395,695.0,18.0,126.3825
AEP,2026-08-17 17:55:00+00:00,126.35,126.39,126.35,126.38,497.0,10.0,126.373333
AEP,2026-08-17 18:00:00+00:00,126.445,126.445,126.445,126.445,508.0,12.0,126.445
AEP,2026-08-17 18:05:00+00:00,126.45,126.52,126.45,126.52,9370.0,86.0,126.480345
AEP,2026-08-17 18:10:00+00:00,126.5,126.555,126.48,126.555,1790.0,41.0,126.507939
AEP,2026-08-17 18:15:00+00:00,126.58,126.66,126.57,126.61,1734.0,52.0,126.606148
AEP,2026-08-17 18:20:00+00:00,126.615,126.63,126.58,126.63,1601.0,50.0,126.6
AEP,2026-08-17 18:25:00+00:00,126.57,126.59,126.51,126.51,3262.0,72.0,126.557291
AEP,2026-08-17 18:30:00+00:00,126.48,126.53,126.47,126.5,1204.0,29.0,126.489517
AEP,2026-08-17 18:35:00+00:00,126.53,126.54,126.53,126.54,899.0,9.0,126.53875
AEP,2026-08-17 18:40:00+00:00,126.39,126.465,126.39,126.46,1070.0,28.0,126.428125
AEP,2026-08-17 18:45:00+00:00,126.45,126.52,126.41,126.45,3057.0,86.0,126.432078
AEP,2026-08-17 18:50:00+00:00,126.45,126.45,126.28,126.28,1664.0,41.0,126.33955
AEP,2026-08-17 18:55:00+00:00,126.305,126.36,126.305,126.36,736.0,29.0,126.338333
AEP,2026-08-17 19:00:00+00:00,126.32,126.32,126.26,126.28,2039.0,36.0,126.300015
AEP,2026-08-17 19:05:00+00:00,126.32,126.36,126.315,126.35,1272.0,22.0,126.329143
AEP,2026-08-17 19:10:00+00:00,126.37,126.49,126.37,126.47,2784.0,51.0,126.446667
AEP,2026-08-17 19:15:00+00:00,126.46,126.46,126.34,126.34,1432.0,26.0,126.359975
AEP,2026-08-17 19:20:00+00:00,126.35,126.35,126.33,126.335,586.0,17.0,126.336887
AEP,2026-08-17 19:25:00+00:00,126.27,126.3,126.24,126.3,2340.0,33.0,126.269537
AEP,2026-08-17 19:30:00+00:00,126.24,126.27,126.17,126.27,2474.0,54.0,126.220931
AEP,2026-08-17 19:35:00+00:00,126.4,126.455,126.4,126.455,1007.0,23.0,126.421127
AEP,2026-08-17 19:40:00+00:00,126.49,126.49,126.31,126.34,896.0,27.0,126.362789
AEP,2026-08-17 19:45:00+00:00,126.325,126.425,126.325,126.425,1607.0,43.0,126.378795
AEP,2026-08-17 19:50:00+00:00,126.51,126.51,126.33,126.33,4063.0,88.0,126.400847
AEP,2026-08-17 19:55:00+00:00,126.36,126.6,126.36,126.54,9090.0,185.0,126.519581
AEP,2026-08-18 13:30:00+00:00,128.1,128.57,127.99,128.57,5139.0,28.0,128.144778
AEP,2026-08-18 13:40:00+00:00,127.5,127.5,127.5,127.5,281.0,5.0,127.5
AEP,2026-08-18 13:45:00+00:00,128.2,128.2,128.15,128.15,239.0,4.0,128.175
AEP,2026-08-18 13:50:00+00:00,128.025,128.2,128.01,128.2,782.0,25.0,128.077475
AEP,2026-08-18 13:55:00+00:00,128.16,128.16,128.07,128.11,1503.0,25.0,128.113889
AEP,2026-08-18 14:00:00+00:00,127.72,127.72,127.54,127.54,677.0,9.0,127.611579
AEP,2026-08-18 14:05:00+00:00,127.54,127.54,127.47,127.47,441.0,8.0,127.505
AEP,2026-08-18 14:10:00+00:00,127.465,127.57,127.465,127.51,573.0,16.0,127.52625
AEP,2026-08-18 14:15:00+00:00,127.49,127.49,127.44,127.44,495.0,19.0,127.465
AEP,2026-08-18 14:20:00+00:00,127.35,127.4,127.17,127.17,1152.0,46.0,127.2825
AEP,2026-08-18 14:25:00+00:00,127.14,127.14,127.05,127.05,358.0,20.0,127.095
AEP,2026-08-18 14:30:00+00:00,127.1,127.17,127.08,127.13,1655.0,51.0,127.117143
AEP,2026-08-18 14:35:00+00:00,127.0,127.16,127.0,127.16,1295.0,36.0,127.042857
AEP,2026-08-18 14:40:00+00:00,127.225,127.4,127.17,127.38,3859.0,116.0,127.327353
AEP,2026-08-18 14:45:00+00:00,127.37,127.37,127.1,127.1,1282.0,44.0,127.278
AEP,2026-08-18 14:50:00+00:00,127.15,127.23,127.13,127.23,1017.0,45.0,127.1625
AEP,2026-08-18 14:55:00+00:00,127.3,127.3,127.25,127.28,920.0,33.0,127.276667
AEP,2026-08-18 15:00:00+00:00,127.27,127.29,127.205,127.21,1409.0,46.0,127.262778
AEP,2026-08-18 15:05:00+00:00,127.23,127.44,127.23,127.44,1770.0,48.0,127.359286
AEP,2026-08-18 15:10:00+00:00,127.265,127.28,127.01,127.01,1522.0,68.0,127.200833
AEP,2026-08-18 15:25:00+00:00,126.97,127.01,126.92,127.01,467.0,20.0,126.966667
AEP,2026-08-18 15:30:00+00:00,127.0,127.1,127.0,127.01,2373.0,72.0,127.05
AEP,2026-08-18 15:35:00+00:00,126.94,126.99,126.94,126.99,449.0,18.0,126.965
AEP,2026-08-18 15:40:00+00:00,126.9,126.92,126.89,126.9,881.0,31.0,126.9
AEP,2026-08-18 15:45:00+00:00,126.84,126.91,126.84,126.84,1179.0,26.0,126.850227
AEP,2026-08-18 16:00:00+00:00,126.77,126.8,126.75,126.75,703.0,20.0,126.7675
AEP,2026-08-18 16:05:00+00:00,126.71,126.71,126.695,126.695,351.0,13.0,126.7025
AEP,2026-08-18 16:10:00+00:00,126.695,126.74,126.695,126.74,355.0,10.0,126.7175
AEP,2026-08-18 16:30:00+00:00,126.9,126.94,126.9,126.94,383.0,14.0,126.92
AEP,2026-08-18 16:35:00+00:00,126.94,126.95,126.91,126.91,1084.0,31.0,126.938572
AEP,2026-08-18 16:40:00+00:00,126.84,126.84,126.75,126.75,614.0,24.0,126.8
AEP,2026-08-18 16:45:00+00:00,126.69,126.69,126.65,126.69,1458.0,57.0,126.674375
AEP,2026-08-18 16:50:00+00:00,126.71,126.71,126.65,126.65,319.0,7.0,126.68
AEP,2026-08-18 16:55:00+00:00,126.64,126.64,126.63,126.64,426.0,10.0,126.636667
AEP,2026-08-18 17:00:00+00:00,126.72,126.75,126.65,126.65,1162.0,29.0,126.725714
AEP,2026-08-18 17:05:00+00:00,126.71,126.87,126.71,126.87,1274.0,52.0,126.8225
AEP,2026-08-18 17:10:00+00:00,126.8,126.97,126.8,126.97,1416.0,50.0,126.91625
AEP,2026-08-18 17:15:00+00:00,126.93,126.98,126.93,126.98,331.0,10.0,126.955
AEP,2026-08-18 17:20:00+00:00,126.98,126.98,126.96,126.98,400.0,9.0,126.973333
AEP,2026-08-18 17:25:00+00:00,126.92,126.92,126.835,126.835,909.0,33.0,126.8975
AEP,2026-08-18 17:30:00+00:00,126.88,126.88,126.85,126.85,1156.0,42.0,126.864
AEP,2026-08-18 17:35:00+00:00,126.91,126.97,126.91,126.95,961.0,17.0,126.954286
AEP,2026-08-18 17:40:00+00:00,126.97,126.97,126.96,126.96,511.0,7.0,126.966
AEP,2026-08-18 17:45:00+00:00,126.93,126.93,126.93,126.93,158.0,7.0,126.93
AEP,2026-08-18 17:50:00+00:00,126.63,126.72,126.61,126.72,1824.0,77.0,126.6525
AEP,2026-08-18 17:55:00+00:00,126.46,126.61,126.45,126.58,1881.0,29.0,126.564286
AEP,2026-08-18 18:00:00+00:00,126.66,126.66,126.54,126.55,831.0,32.0,126.59
AEP,2026-08-18 18:05:00+00:00,126.51,126.56,126.495,126.495,643.0,17.0,126.530716
AEP,2026-08-18 18:10:00+00:00,126.51,126.53,126.43,126.43,1172.0,31.0,126.496667
AEP,2026-08-18 18:15:00+00:00,126.455,126.53,126.44,126.47,911.0,37.0,126.471
AEP,2026-08-18 18:20:00+00:00,126.35,126.38,126.345,126.38,1098.0,25.0,126.36375
AEP,2026-08-18 18:25:00+00:00,126.39,126.42,126.39,126.42,476.0,18.0,126.406667
AEP,2026-08-18 18:30:00+00:00,126.4,126.4,126.4,126.4,231.0,9.0,126.4
AEP,2026-08-18 18:35:00+00:00,126.37,126.37,126.28,126.36,769.0,24.0,126.336667
AEP,2026-08-18 18:40:00+00:00,126.22,126.27,126.22,126.26,861.0,16.0,126.251
AEP,2026-08-18 18:45:00+00:00,126.27,126.27,126.22,126.22,325.0,14.0,126.245
AEP,2026-08-18 18:50:00+00:00,126.27,126.27,126.27,126.27,500.0,5.0,126.27
AEP,2026-08-18 18:55:00+00:00,126.23,126.23,126.23,126.23,100.0,1.0,126.23
AEP,2026-08-18 19:00:00+00:00,126.365,126.365,126.365,126.365,139.0,10.0,126.365
AEP,2026-08-18 19:05:00+00:00,126.465,126.62,126.465,126.495,1623.0,56.0,126.524945
AEP,2026-08-18 19:10:00+00:00,126.495,126.51,126.46,126.51,1858.0,34.0,126.49434
AEP,2026-08-18 19:15:00+00:00,126.47,126.47,126.47,126.47,409.0,9.0,126.47
AEP,2026-08-18 19:20:00+00:00,126.57,126.67,126.57,126.67,834.0,27.0,126.616667
AEP,2026-08-18 19:25:00+00:00,126.6,126.6,126.5,126.5,1142.0,52.0,126.540503
AEP,2026-08-18 19:30:00+00:00,126.42,126.55,126.42,126.55,1433.0,66.0,126.479787
AEP,2026-08-18 19:35:00+00:00,126.6,126.6,126.5,126.555,734.0,28.0,126.551667
AEP,2026-08-18 19:40:00+00:00,126.64,126.64,126.595,126.595,746.0,28.0,126.625
AEP,2026-08-18 19:45:00+00:00,126.62,126.62,126.495,126.56,1083.0,38.0,126.561
AEP,2026-08-18 19:50:00+00:00,126.37,126.53,126.36,126.53,1046.0,53.0,126.453334
AEP,2026-08-18 19:55:00+00:00,126.5,126.54,126.35,126.365,10235.0,194.0,126.411224
AEP,2026-08-19 13:30:00+00:00,127.005,127.065,126.68,126.68,1996.0,26.0,126.976205
AEP,2026-08-19 13:35:00+00:00,127.085,127.26,127.03,127.26,993.0,33.0,127.1175
AEP,2026-08-19 13:40:00+00:00,127.31,127.31,127.23,127.23,772.0,17.0,127.281
AEP,2026-08-19 13:45:00+00:00,127.13,127.26,127.13,127.26,886.0,19.0,127.194167
AEP,2026-08-19 13:50:00+00:00,127.25,127.25,127.09,127.105,1414.0,35.0,127.1475
AEP,2026-08-19 13:55:00+00:00,127.095,127.095,126.56,126.56,924.0,26.0,126.81125
AEP,2026-08-19 14:00:00+00:00,126.57,126.61,126.5,126.61,594.0,22.0,126.56
AEP,2026-08-19 14:05:00+00:00,126.3,126.495,126.21,126.495,2426.0,52.0,126.332043
AEP,2026-08-19 14:10:00+00:00,126.67,126.755,126.67,126.755,1726.0,58.0,126.722143
AEP,2026-08-19 14:15:00+00:00,126.63,126.69,126.63,126.685,1423.0,32.0,126.662778
AEP,2026-08-19 14:20:00+00:00,126.57,126.875,126.57,126.665,1313.0,36.0,126.755
AEP,2026-08-19 14:25:00+00:00,126.3,126.3,126.16,126.16,1672.0,52.0,126.23
AEP,2026-08-19 14:30:00+00:00,126.03,126.115,126.03,126.115,805.0,22.0,126.073802
AEP,2026-08-19 14:35:00+00:00,126.04,126.04,125.89,125.89,404.0,14.0,125.956667
AEP,2026-08-19 14:40:00+00:00,125.91,125.96,125.85,125.93,1830.0,42.0,125.907
AEP,2026-08-19 14:45:00+00:00,125.965,126.02,125.83,125.84,1823.0,51.0,125.919286
AEP,2026-08-19 14:50:00+00:00,125.84,125.85,125.705,125.705,470.0,18.0,125.798333
AEP,2026-08-19 14:55:00+00:00,125.635,126.02,125.635,126.02,1048.0,36.0,125.83375
AEP,2026-08-19 15:00:00+00:00,125.91,126.22,125.91,126.22,1550.0,37.0,126.051538
AEP,2026-08-19 15:05:00+00:00,126.18,126.18,126.15,126.15,237.0,5.0,126.165
AEP,2026-08-19 15:10:00+00:00,126.03,126.03,125.765,125.765,760.0,14.0,125.914
AEP,2026-08-19 15:15:00+00:00,125.725,125.78,125.62,125.78,1378.0,39.0,125.684869
AEP,2026-08-19 15:20:00+00:00,125.565,125.565,125.43,125.49,1018.0,14.0,125.491845
AEP,2026-08-19 15:25:00+00:00,125.485,125.57,125.445,125.57,1372.0,32.0,125.495
AEP,2026-08-19 15:30:00+00:00,125.45,125.45,125.4,125.45,1486.0,20.0,125.44
AEP,2026-08-19 15:35:00+00:00,125.485,125.55,125.485,125.505,678.0,12.0,125.504
AEP,2026-08-19 15:40:00+00:00,125.485,125.485,125.485,125.485,100.0,1.0,125.485
AEP,2026-08-19 15:45:00+00:00,125.33,125.355,125.33,125.355,1164.0,21.0,125.337362
AEP,2026-08-19 15:50:00+00:00,125.35,125.45,125.35,125.45,965.0,26.0,125.427857
AEP,2026-08-19 15:55:00+00:00,125.485,125.57,125.485,125.57,455.0,12.0,125.52
AEP,2026-08-19 16:00:00+00:00,125.59,125.59,125.495,125.495,210.0,5.0,125.5425
AEP,2026-08-19 16:05:00+00:00,125.34,125.34,125.34,125.34,230.0,8.0,125.34
AEP,2026-08-19 16:10:00+00:00,125.36,125.36,125.36,125.36,102.0,3.0,125.36
AEP,2026-08-19 16:15:00+00:00,125.34,125.34,125.34,125.34,445.0,9.0,125.34
AEP,2026-08-19 16:20:00+00:00,125.48,125.48,125.43,125.43,717.0,8.0,125.469899
AEP,2026-08-19 16:25:00+00:00,125.485,125.58,125.485,125.58,478.0,14.0,125.5325
AEP,2026-08-19 16:30:00+00:00,125.66,125.685,125.595,125.6,1017.0,22.0,125.635834
AEP,2026-08-19 16:35:00+00:00,125.72,125.96,125.72,125.96,954.0,15.0,125.823889
AEP,2026-08-19 16:40:00+00:00,125.95,125.95,125.87,125.87,525.0,11.0,125.916
AEP,2026-08-19 16:45:00+00:00,125.87,125.94,125.87,125.94,663.0,14.0,125.904689
AEP,2026-08-19 16:50:00+00:00,125.93,125.95,125.84,125.91,2315.0,39.0,125.87267
AEP,2026-08-19 16:55:00+00:00,125.86,125.86,125.78,125.78,376.0,6.0,125.817829
AEP,2026-08-19 17:00:00+00:00,125.935,125.935,125.935,125.935,231.0,8.0,125.935
AEP,2026-08-19 17:05:00+00:00,125.77,125.77,125.56,125.56,999.0,26.0,125.665
AEP,2026-08-19 17:10:00+00:00,125.65,125.67,125.65,125.67,1095.0,17.0,125.655
AEP,2026-08-19 17:15:00+00:00,125.835,125.91,125.835,125.91,430.0,8.0,125.881667
AEP,2026-08-19 17:20:00+00:00,125.92,125.97,125.92,125.97,368.0,9.0,125.945
AEP,2026-08-19 17:25:00+00:00,125.99,126.01,125.99,126.01,700.0,19.0,125.996667
AEP,2026-08-19 17:30:00+00:00,125.975,125.975,125.97,125.97,337.0,7.0,125.9725
AEP,2026-08-19 17:35:00+00:00,125.98,125.98,125.98,125.98,198.0,5.0,125.98
AEP,2026-08-19 17:40:00+00:00,126.0,126.0,126.0,126.0,122.0,7.0,126.0
AEP,2026-08-19 17:45:00+00:00,126.075,126.115,126.01,126.115,1213.0,21.0,126.08125
AEP,2026-08-19 17:50:00+00:00,126.095,126.1,126.08,126.08,1471.0,24.0,126.087727
AEP,2026-08-19 17:55:00+00:00,126.09,126.09,126.09,126.09,196.0,6.0,126.09
AEP,2026-08-19 18:00:00+00:00,126.12,126.17,126.12,126.13,1948.0,35.0,126.14
AEP,2026-08-19 18:05:00+00:00,126.2,126.27,126.19,126.27,727.0,13.0,126.21
AEP,2026-08-19 18:10:00+00:00,126.27,126.32,126.27,126.32,569.0,7.0,126.31
AEP,2026-08-19 18:15:00+00:00,126.32,126.32,126.29,126.29,568.0,16.0,126.30875
AEP,2026-08-19 18:20:00+00:00,126.245,126.3,126.245,126.27,814.0,23.0,126.271667
AEP,2026-08-19 18:25:00+00:00,126.24,126.24,126.24,126.24,456.0,7.0,126.24
AEP,2026-08-19 18:30:00+00:00,126.27,126.27,126.155,126.155,2315.0,39.0,126.219661
AEP,2026-08-19 18:35:00+00:00,126.29,126.35,126.29,126.35,776.0,37.0,126.3225
AEP,2026-08-19 18:40:00+00:00,126.42,126.44,126.28,126.28,1266.0,36.0,126.36125
AEP,2026-08-19 18:45:00+00:00,126.235,126.37,126.235,126.29,755.0,21.0,126.305045
AEP,2026-08-19 18:50:00+00:00,126.27,126.3,126.21,126.3,2337.0,50.0,126.27
AEP,2026-08-19 18:55:00+00:00,126.245,126.31,126.205,126.21,2333.0,46.0,126.243993
AEP,2026-08-19 19:00:00+00:00,126.2,126.26,126.185,126.26,1130.0,24.0,126.20375
AEP,2026-08-19 19:05:00+00:00,126.255,126.255,126.17,126.17,334.0,27.0,126.2125
AEP,2026-08-19 19:10:00+00:00,126.14,126.16,126.125,126.125,440.0,10.0,126.141667
AEP,2026-08-19 19:15:00+00:00,126.095,126.13,126.095,126.13,476.0,32.0,126.111667
AEP,2026-08-19 19:20:00+00:00,126.11,126.16,126.09,126.12,2858.0,48.0,126.119021
AEP,2026-08-19 19:25:00+00:00,126.115,126.12,126.03,126.12,580.0,10.0,126.065
AEP,2026-08-19 19:30:00+00:00,126.17,126.33,126.17,126.32,1409.0,21.0,126.278636
AEP,2026-08-19 19:35:00+00:00,126.29,126.32,126.29,126.32,1182.0,23.0,126.29375
AEP,2026-08-19 19:40:00+00:00,126.37,126.46,126.37,126.46,3257.0,65.0,126.42588
AEP,2026-08-19 19:45:00+00:00,126.37,126.45,126.37,126.45,4025.0,93.0,126.41677
AEP,2026-08-19 19:50:00+00:00,126.355,126.505,126.355,126.355,2284.0,87.0,126.396128
AEP,2026-08-19 19:55:00+00:00,126.48,126.48,126.24,126.295,12679.0,304.0,126.318753
AEP,2026-08-20 13:30:00+00:00,126.335,126.335,126.18,126.18,581.0,7.0,126.273
AEP,2026-08-20 13:35:00+00:00,126.355,126.865,126.355,126.81,2051.0,71.0,126.682857
AEP,2026-08-20 13:40:00+00:00,127.09,127.09,127.02,127.02,407.0,9.0,127.055
AEP,2026-08-20 13:45:00+00:00,127.09,127.205,126.98,126.98,2366.0,54.0,127.083333
AEP,2026-08-20 13:50:00+00:00,127.2,127.2,127.2,127.2,315.0,11.0,127.2
AEP,2026-08-20 13:55:00+00:00,127.135,127.22,127.01,127.11,2051.0,52.0,127.144169
AEP,2026-08-20 14:00:00+00:00,127.06,127.325,127.045,127.275,3026.0,33.0,127.132927
AEP,2026-08-20 14:10:00+00:00,127.135,127.15,127.135,127.15,424.0,10.0,127.1425
AEP,2026-08-20 14:15:00+00:00,127.25,127.25,127.15,127.15,562.0,9.0,127.2
AEP,2026-08-20 14:20:00+00:00,127.145,127.145,127.145,127.145,245.0,6.0,127.145
AEP,2026-08-20 14:25:00+00:00,127.005,127.03,127.005,127.03,528.0,10.0,127.0175
AEP,2026-08-20 14:30:00+00:00,126.81,126.995,126.81,126.995,710.0,13.0,126.911301
AEP,2026-08-20 14:35:00+00:00,127.06,127.095,127.06,127.095,738.0,16.0,127.081667
AEP,2026-08-20 14:40:00+00:00,126.94,126.94,126.94,126.94,100.0,1.0,126.94
AEP,2026-08-20 14:45:00+00:00,127.04,127.04,127.04,127.04,227.0,3.0,127.04
AEP,2026-08-20 14:50:00+00:00,126.925,127.175,126.925,127.175,784.0,18.0,127.05
AEP,2026-08-20 14:55:00+00:00,127.03,127.06,127.03,127.06,668.0,15.0,127.045
AEP,2026-08-20 15:00:00+00:00,127.21,127.275,127.18,127.275,1974.0,49.0,127.22375
AEP,2026-08-20 15:05:00+00:00,127.445,127.445,127.3,127.34,1000.0,17.0,127.357
AEP,2026-08-20 15:15:00+00:00,127.325,127.325,127.325,127.325,250.0,6.0,127.325
AEP,2026-08-20 15:20:00+00:00,127.34,127.34,127.28,127.28,420.0,10.0,127.31
AEP,2026-08-20 15:25:00+00:00,127.115,127.135,127.115,127.135,291.0,10.0,127.125
AEP,2026-08-20 15:30:00+00:00,127.205,127.205,127.035,127.08,456.0,7.0,127.128099
AEP,2026-08-20 15:40:00+00:00,127.22,127.22,127.22,127.22,142.0,3.0,127.22
AEP,2026-08-20 15:50:00+00:00,127.08,127.105,127.08,127.105,360.0,11.0,127.0925
AEP,2026-08-20 15:55:00+00:00,126.98,126.98,126.965,126.97,447.0,10.0,126.9725
AEP,2026-08-20 16:00:00+00:00,126.88,126.88,126.795,126.795,402.0,8.0,126.8375
AEP,2026-08-20 16:05:00+00:00,126.695,126.7,126.695,126.7,348.0,6.0,126.6975
AEP,2026-08-20 16:10:00+00:00,126.735,126.735,126.705,126.705,200.0,2.0,126.72
AEP,2026-08-20 16:15:00+00:00,126.74,126.74,126.71,126.71,631.0,16.0,126.725
AEP,2026-08-20 16:20:00+00:00,126.76,126.76,126.76,126.76,301.0,14.0,126.76
AEP,2026-08-20 16:35:00+00:00,126.4,126.4,126.36,126.38,577.0,10.0,126.38
AEP,2026-08-20 16:45:00+00:00,126.33,126.33,126.33,126.33,127.0,3.0,126.33
AEP,2026-08-20 16:55:00+00:00,126.125,126.125,126.125,126.125,251.0,7.0,126.125
AEP,2026-08-20 17:00:00+00:00,126.08,126.12,126.055,126.12,1286.0,21.0,126.075
AEP,2026-08-20 17:05:00+00:00,126.205,126.24,126.17,126.17,795.0,13.0,126.205714
AEP,2026-08-20 17:10:00+00:00,126.195,126.195,126.165,126.185,694.0,13.0,126.181667
AEP,2026-08-20 17:15:00+00:00,126.305,126.305,126.285,126.285,400.0,5.0,126.293333
AEP,2026-08-20 17:20:00+00:00,126.36,126.36,126.36,126.36,101.0,2.0,126.36
AEP,2026-08-20 17:25:00+00:00,126.25,126.25,126.25,126.25,114.0,3.0,126.25
AEP,2026-08-20 17:35:00+00:00,126.36,126.36,126.36,126.36,101.0,2.0,126.36
AEP,2026-08-20 17:40:00+00:00,126.345,126.345,126.345,126.345,340.0,4.0,126.345
AEP,2026-08-20 17:50:00+00:00,126.4,126.4,126.375,126.375,305.0,14.0,126.388208
AEP,2026-08-20 17:55:00+00:00,126.325,126.325,126.26,126.26,382.0,19.0,126.2925
AEP,2026-08-20 18:00:00+00:00,126.38,126.38,126.38,126.38,278.0,9.0,126.38
AEP,2026-08-20 18:05:00+00:00,126.3,126.395,126.3,126.395,1552.0,54.0,126.340292
AEP,2026-08-20 18:10:00+00:00,126.265,126.265,126.265,126.265,102.0,2.0,126.265
AEP,2026-08-20 18:15:00+00:00,126.345,126.38,126.245,126.245,687.0,26.0,126.332475
AEP,2026-08-20 18:20:00+00:00,126.245,126.26,126.245,126.25,440.0,8.0,126.251377
AEP,2026-08-20 18:25:00+00:00,126.32,126.33,126.27,126.275,1278.0,36.0,126.302778
AEP,2026-08-20 18:30:00+00:00,126.22,126.255,126.22,126.255,518.0,18.0,126.23875
AEP,2026-08-20 18:35:00+00:00,126.27,126.32,126.22,126.32,1344.0,47.0,126.265833
AEP,2026-08-20 18:40:00+00:00,126.315,126.355,126.315,126.34,1686.0,22.0,126.336852
AEP,2026-08-20 18:45:00+00:00,126.35,126.35,126.16,126.16,2434.0,46.0,126.22929
AEP,2026-08-20 18:50:00+00:00,126.13,126.13,126.065,126.08,1732.0,44.0,126.08697
AEP,2026-08-20 18:55:00+00:00,126.045,126.085,126.045,126.055,1838.0,52.0,126.065455
AEP,2026-08-20 19:00:00+00:00,126.035,126.065,126.01,126.065,1638.0,40.0,126.037222
AEP,2026-08-20 19:05:00+00:00,126.05,126.125,126.025,126.1,2659.0,59.0,126.066944
AEP,2026-08-20 19:10:00+00:00,126.04,126.065,125.995,126.03,1585.0,30.0,126.028636
AEP,2026-08-20 19:15:00+00:00,126.04,126.05,125.935,126.02,3923.0,70.0,126.003759
AEP,2026-08-20 19:20:00+00:00,125.915,125.915,125.83,125.84,1882.0,41.0,125.85119
AEP,2026-08-20 19:25:00+00:00,125.84,125.86,125.785,125.785,1806.0,37.0,125.83834
AEP,2026-08-20 19:30:00+00:00,125.78,125.865,125.78,125.85,1439.0,36.0,125.829375
AEP,2026-08-20 19:35:00+00:00,125.87,126.06,125.87,126.025,3318.0,75.0,126.006553
AEP,2026-08-20 19:40:00+00:00,125.965,126.06,125.965,126.005,2029.0,35.0,126.015714
AEP,2026-08-20 19:45:00+00:00,126.04,126.04,125.865,125.96,2285.0,47.0,125.966697
AEP,2026-08-20 19:50:00+00:00,125.76,125.98,125.76,125.95,3781.0,116.0,125.879019
AEP,2026-08-20 19:55:00+00:00,126.0,126.0,125.72,125.72,5119.0,190.0,125.810088
AEP,2026-08-21 13:30:00+00:00,126.11,126.17,123.9,123.975,4501.0,53.0,125.487432
AEP,2026-08-21 13:35:00+00:00,123.67,124.275,123.67,123.96,3247.0,62.0,124.113539
AEP,2026-08-21 13:40:00+00:00,124.05,124.05,123.16,123.63,10218.0,67.0,123.516701
AEP,2026-08-21 13:45:00+00:00,123.53,123.57,123.33,123.5,2496.0,43.0,123.482308
AEP,2026-08-21 13:50:00+00:00,123.355,124.44,123.355,124.215,4228.0,51.0,124.063738
AEP,2026-08-21 13:55:00+00:00,124.06,124.185,124.06,124.16,2436.0,23.0,124.110434
AEP,2026-08-21 14:00:00+00:00,124.2,124.39,124.2,124.32,4060.0,98.0,124.302533
AEP,2026-08-21 14:05:00+00:00,124.31,124.44,124.31,124.44,587.0,10.0,124.363003
AEP,2026-08-21 14:10:00+00:00,124.465,124.465,124.195,124.3,3172.0,76.0,124.37538
AEP,2026-08-21 14:15:00+00:00,124.13,124.21,124.08,124.21,1909.0,31.0,124.138432
AEP,2026-08-21 14:20:00+00:00,124.27,124.35,124.07,124.07,1286.0,28.0,124.287192
AEP,2026-08-21 14:25:00+00:00,123.82,123.83,123.535,123.665,1868.0,49.0,123.676494
AEP,2026-08-21 14:30:00+00:00,123.57,123.57,123.39,123.41,3741.0,92.0,123.47326
AEP,2026-08-21 14:35:00+00:00,123.25,123.3,122.965,123.05,5863.0,109.0,123.124508
AEP,2026-08-21 14:40:00+00:00,122.96,122.96,122.54,122.54,1312.0,46.0,122.760543
AEP,2026-08-21 14:45:00+00:00,122.6,122.76,122.455,122.76,2511.0,63.0,122.562616
AEP,2026-08-21 14:50:00+00:00,122.7,122.75,122.645,122.645,1576.0,54.0,122.693
AEP,2026-08-21 14:55:00+00:00,122.565,122.845,122.565,122.845,1048.0,38.0,122.6625
AEP,2026-08-21 15:00:00+00:00,122.78,122.78,122.54,122.595,2976.0,94.0,122.597626
AEP,2026-08-21 15:05:00+00:00,122.56,122.77,122.56,122.635,1241.0,23.0,122.644709
AEP,2026-08-21 15:10:00+00:00,122.535,122.78,122.42,122.45,3920.0,108.0,122.626667
AEP,2026-08-21 15:15:00+00:00,122.345,122.58,122.345,122.58,1840.0,35.0,122.405965
AEP,2026-08-21 15:20:00+00:00,122.415,122.415,122.01,122.01,2466.0,52.0,122.206209
AEP,2026-08-21 15:25:00+00:00,122.06,122.07,122.06,122.07,417.0,15.0,122.065
AEP,2026-08-21 15:30:00+00:00,122.04,122.04,121.83,121.86,4744.0,54.0,121.866945
AEP,2026-08-21 15:35:00+00:00,121.795,121.94,121.77,121.94,5610.0,79.0,121.835561
AEP,2026-08-21 15:40:00+00:00,121.965,122.0,121.945,121.95,2439.0,56.0,121.980221
AEP,2026-08-21 15:45:00+00:00,122.21,122.3,122.21,122.3,8394.0,31.0,122.220817
AEP,2026-08-21 15:50:00+00:00,122.18,122.18,121.835,121.835,1078.0,29.0,121.965363
AEP,2026-08-21 15:55:00+00:00,121.935,122.01,121.935,122.01,5305.0,14.0,121.938788
AEP,2026-08-21 16:00:00+00:00,122.02,122.14,122.02,122.12,2856.0,44.0,122.099839
AEP,2026-08-21 16:05:00+00:00,121.99,122.05,121.99,122.05,1412.0,15.0,122.027083
AEP,2026-08-21 16:10:00+00:00,122.075,122.12,122.075,122.12,380.0,10.0,122.0975
AEP,2026-08-21 16:15:00+00:00,122.13,122.13,122.13,122.13,171.0,12.0,122.13
AEP,2026-08-21 16:25:00+00:00,122.16,122.3,122.12,122.15,1291.0,33.0,122.165378
AEP,2026-08-21 16:30:00+00:00,122.16,122.18,122.14,122.14,512.0,17.0,122.16
AEP,2026-08-21 16:35:00+00:00,122.14,122.14,122.14,122.14,143.0,6.0,122.14
AEP,2026-08-21 16:45:00+00:00,122.12,122.21,122.12,122.19,893.0,22.0,122.178333
AEP,2026-08-21 16:50:00+00:00,122.07,122.07,122.05,122.05,807.0,16.0,122.058
AEP,2026-08-21 16:55:00+00:00,122.0,122.0,121.865,121.865,1108.0,26.0,121.90625
AEP,2026-08-21 17:00:00+00:00,121.75,121.77,121.72,121.735,885.0,25.0,121.741839
AEP,2026-08-21 17:05:00+00:00,121.84,121.84,121.84,121.84,1128.0,17.0,121.84
AEP,2026-08-21 17:10:00+00:00,121.99,122.09,121.99,122.09,577.0,17.0,122.031667
AEP,2026-08-21 17:15:00+00:00,122.085,122.085,121.985,121.985,1002.0,22.0,122.026
AEP,2026-08-21 17:20:00+00:00,121.93,121.95,121.895,121.95,2301.0,37.0,121.919932
AEP,2026-08-21 17:25:00+00:00,121.925,121.925,121.925,121.925,468.0,11.0,121.925
AEP,2026-08-21 17:30:00+00:00,121.99,121.99,121.955,121.955,287.0,6.0,121.974716
AEP,2026-08-21 17:35:00+00:00,121.945,121.945,121.945,121.945,521.0,12.0,121.945
AEP,2026-08-21 17:40:00+00:00,122.055,122.055,121.96,121.96,603.0,15.0,121.997109
AEP,2026-08-21 17:45:00+00:00,121.955,122.01,121.9,121.91,1114.0,24.0,121.931009
AEP,2026-08-21 17:50:00+00:00,121.75,121.755,121.32,121.32,4439.0,70.0,121.590322
AEP,2026-08-21 17:55:00+00:00,121.3,121.39,121.1,121.39,4845.0,98.0,121.251636
AEP,2026-08-21 18:00:00+00:00,121.44,121.445,121.22,121.22,3359.0,57.0,121.368533
AEP,2026-08-21 18:05:00+00:00,121.19,121.45,121.18,121.375,2394.0,47.0,121.298571
AEP,2026-08-21 18:10:00+00:00,121.395,121.415,121.33,121.36,2884.0,42.0,121.374233
AEP,2026-08-21 18:15:00+00:00,121.41,121.545,121.4,121.54,1767.0,31.0,121.488889
AEP,2026-08-21 18:20:00+00:00,121.58,121.69,121.56,121.56,1956.0,40.0,121.589062
AEP,2026-08-21 18:25:00+00:00,121.505,121.525,121.505,121.505,2672.0,34.0,121.514188
AEP,2026-08-21 18:30:00+00:00,121.505,121.69,121.505,121.665,4377.0,75.0,121.584853
AEP,2026-08-21 18:35:00+00:00,121.6,121.69,121.59,121.65,2942.0,47.0,121.641522
AEP,2026-08-21 18:40:00+00:00,121.67,121.77,121.67,121.73,1144.0,25.0,121.703333
AEP,2026-08-21 18:45:00+00:00,121.735,121.75,121.495,121.495,2330.0,45.0,121.658214
AEP,2026-08-21 18:50:00+00:00,121.45,121.45,121.265,121.27,2581.0,34.0,121.314655
AEP,2026-08-21 18:55:00+00:00,121.225,121.235,121.18,121.22,3504.0,51.0,121.200685
AEP,2026-08-21 19:00:00+00:00,121.23,121.25,120.97,121.055,2966.0,41.0,121.154765
AEP,2026-08-21 19:05:00+00:00,121.07,121.12,121.045,121.06,1818.0,30.0,121.085714
AEP,2026-08-21 19:10:00+00:00,121.04,121.05,121.04,121.05,669.0,17.0,121.04641
AEP,2026-08-21 19:15:00+00:00,121.02,121.04,120.9,120.9,1896.0,48.0,120.982857
AEP,2026-08-21 19:20:00+00:00,120.885,120.92,120.79,120.79,2478.0,58.0,120.8725
AEP,2026-08-21 19:25:00+00:00,120.75,120.75,120.55,120.58,12505.0,173.0,120.646561
AEP,2026-08-21 19:30:00+00:00,120.57,120.9,120.57,120.86,3721.0,65.0,120.72399
AEP,2026-08-21 19:35:00+00:00,120.83,121.01,120.83,120.95,2359.0,54.0,120.938266
AEP,2026-08-21 19:40:00+00:00,120.99,121.23,120.885,121.23,2479.0,51.0,121.069423
AEP,2026-08-21 19:45:00+00:00,121.26,121.31,121.07,121.07,1925.0,40.0,121.160543
AEP,2026-08-21 19:50:00+00:00,121.09,121.41,121.09,121.335,6793.0,97.0,121.239323
AEP,2026-08-21 19:55:00+00:00,121.3,121.46,120.87,120.87,15293.0,307.0,121.113271
AEP,2026-08-24 13:30:00+00:00,121.29,121.29,120.725,120.725,633.0,16.0,121.105
AEP,2026-08-24 13:35:00+00:00,120.705,120.705,120.3,120.39,1247.0,20.0,120.465
AEP,2026-08-24 13:40:00+00:00,120.4,120.56,120.27,120.56,1606.0,38.0,120.411334
AEP,2026-08-24 13:45:00+00:00,120.64,120.64,120.535,120.6,1467.0,27.0,120.554374
AEP,2026-08-24 13:50:00+00:00,120.6,121.16,120.6,121.16,2597.0,34.0,120.894085
AEP,2026-08-24 13:55:00+00:00,120.925,121.005,120.895,121.005,491.0,7.0,120.941667
AEP,2026-08-24 14:00:00+00:00,120.81,120.81,120.575,120.575,687.0,14.0,120.681667
AEP,2026-08-24 14:05:00+00:00,120.615,120.795,120.585,120.785,6061.0,73.0,120.742597
AEP,2026-08-24 14:10:00+00:00,120.795,120.84,120.6,120.675,3496.0,40.0,120.718866
AEP,2026-08-24 14:15:00+00:00,120.48,120.63,120.48,120.54,2788.0,34.0,120.540577
AEP,2026-08-24 14:20:00+00:00,120.45,120.5,120.385,120.5,1897.0,27.0,120.422941
AEP,2026-08-24 14:25:00+00:00,120.57,120.58,120.345,120.345,1553.0,29.0,120.478333
AEP,2026-08-24 14:30:00+00:00,120.345,120.49,120.325,120.37,4288.0,60.0,120.405412
AEP,2026-08-24 14:35:00+00:00,120.37,120.49,120.37,120.46,1607.0,38.0,120.447778
AEP,2026-08-24 14:40:00+00:00,120.32,120.545,120.255,120.52,4117.0,42.0,120.434319
AEP,2026-08-24 14:45:00+00:00,120.565,120.565,120.565,120.565,199.0,3.0,120.565
AEP,2026-08-24 14:50:00+00:00,120.38,120.485,120.38,120.485,352.0,7.0,120.418333
AEP,2026-08-24 14:55:00+00:00,120.45,120.48,120.45,120.48,322.0,8.0,120.465
AEP,2026-08-24 15:00:00+00:00,120.2,120.56,120.18,120.54,2499.0,37.0,120.385953
AEP,2026-08-24 15:05:00+00:00,120.48,120.5,120.455,120.455,967.0,14.0,120.487857
AEP,2026-08-24 15:10:00+00:00,120.24,120.325,120.24,120.325,410.0,13.0,120.2825
AEP,2026-08-24 15:15:00+00:00,120.28,120.38,120.15,120.15,1530.0,47.0,120.31
AEP,2026-08-24 15:20:00+00:00,120.115,120.31,120.115,120.31,2256.0,58.0,120.2015
AEP,2026-08-24 15:25:00+00:00,120.25,120.55,120.25,120.505,2035.0,48.0,120.398077
AEP,2026-08-24 15:30:00+00:00,120.57,120.815,120.57,120.815,2092.0,22.0,120.660278
AEP,2026-08-24 15:35:00+00:00,120.89,120.89,120.79,120.805,1251.0,12.0,120.8715
AEP,2026-08-24 15:40:00+00:00,120.74,120.8,120.64,120.64,2524.0,31.0,120.7
AEP,2026-08-24 15:45:00+00:00,120.71,120.82,120.71,120.735,1365.0,30.0,120.783387
AEP,2026-08-24 15:50:00+00:00,120.72,120.72,120.72,120.72,136.0,4.0,120.72
AEP,2026-08-24 15:55:00+00:00,120.87,120.88,120.87,120.88,1188.0,7.0,120.879091
AEP,2026-08-24 16:00:00+00:00,120.89,120.97,120.855,120.97,1752.0,34.0,120.881341
AEP,2026-08-24 16:05:00+00:00,120.955,121.06,120.955,121.02,1444.0,17.0,121.017727
AEP,2026-08-24 16:10:00+00:00,121.125,121.16,121.125,121.16,946.0,7.0,121.129217
AEP,2026-08-24 16:15:00+00:00,121.095,121.115,121.095,121.115,609.0,12.0,121.105
AEP,2026-08-24 16:20:00+00:00,121.105,121.2,121.105,121.2,1982.0,29.0,121.181293
AEP,2026-08-24 16:25:00+00:00,121.235,121.33,121.235,121.33,2923.0,67.0,121.27924
AEP,2026-08-24 16:30:00+00:00,121.32,121.39,121.29,121.39,2409.0,43.0,121.334661
AEP,2026-08-24 16:35:00+00:00,121.385,121.385,121.365,121.365,589.0,7.0,121.37
AEP,2026-08-24 16:40:00+00:00,121.375,121.42,121.31,121.335,1278.0,41.0,121.336111
AEP,2026-08-24 16:50:00+00:00,121.21,121.27,121.21,121.265,456.0,8.0,121.248333
AEP,2026-08-24 16:55:00+00:00,121.26,121.36,121.26,121.36,344.0,4.0,121.31
AEP,2026-08-24 17:00:00+00:00,121.31,121.385,121.31,121.385,734.0,22.0,121.3475
AEP,2026-08-24 17:05:00+00:00,121.36,121.41,121.36,121.41,1565.0,18.0,121.402151
AEP,2026-08-24 17:10:00+00:00,121.39,121.49,121.39,121.49,845.0,16.0,121.462
AEP,2026-08-24 17:15:00+00:00,121.455,121.55,121.39,121.55,820.0,20.0,121.4625
AEP,2026-08-24 17:20:00+00:00,121.58,121.63,121.58,121.63,1070.0,4.0,121.59
AEP,2026-08-24 17:25:00+00:00,121.46,121.46,121.46,121.46,340.0,13.0,121.46
AEP,2026-08-24 17:30:00+00:00,121.385,121.385,121.325,121.36,1426.0,25.0,121.352143
AEP,2026-08-24 17:35:00+00:00,121.3,121.45,121.3,121.45,401.0,9.0,121.4
AEP,2026-08-24 17:40:00+00:00,121.475,121.475,121.475,121.475,177.0,6.0,121.475
AEP,2026-08-24 17:45:00+00:00,121.53,121.53,121.53,121.53,108.0,2.0,121.53
AEP,2026-08-24 17:50:00+00:00,121.54,121.57,121.5,121.565,2481.0,36.0,121.539
AEP,2026-08-24 17:55:00+00:00,121.68,121.74,121.675,121.74,2159.0,37.0,121.724118
AEP,2026-08-24 18:00:00+00:00,121.81,121.81,121.69,121.765,1540.0,41.0,121.741667
AEP,2026-08-24 18:05:00+00:00,121.83,121.865,121.83,121.855,1318.0,20.0,121.849286
AEP,2026-08-24 18:10:00+00:00,121.89,121.93,121.86,121.925,1357.0,34.0,121.893182
AEP,2026-08-24 18:15:00+00:00,121.93,121.93,121.915,121.915,486.0,10.0,121.9225
AEP,2026-08-24 18:20:00+00:00,121.92,121.92,121.89,121.89,998.0,21.0,121.906667
AEP,2026-08-24 18:30:00+00:00,121.96,121.96,121.96,121.96,459.0,13.0,121.96
AEP,2026-08-24 18:35:00+00:00,121.91,121.91,121.91,121.91,301.0,6.0,121.91
AEP,2026-08-24 18:40:00+00:00,121.98,122.095,121.98,122.08,441.0,17.0,122.051667
AEP,2026-08-24 18:45:00+00:00,122.085,122.09,122.085,122.09,836.0,25.0,122.089
AEP,2026-08-24 18:50:00+00:00,122.1,122.11,122.1,122.11,479.0,10.0,122.105
AEP,2026-08-24 18:55:00+00:00,122.16,122.16,122.11,122.11,438.0,9.0,122.133333
AEP,2026-08-24 19:00:00+00:00,121.92,121.92,121.92,121.92,324.0,11.0,121.92
AEP,2026-08-24 19:05:00+00:00,121.89,121.89,121.86,121.86,301.0,5.0,121.875
AEP,2026-08-24 19:10:00+00:00,121.94,121.98,121.93,121.965,2737.0,47.0,121.953543
AEP,2026-08-24 19:15:00+00:00,121.98,122.06,121.98,122.05,841.0,17.0,122.03
AEP,2026-08-24 19:20:00+00:00,122.035,122.07,122.005,122.005,453.0,12.0,122.035645
AEP,2026-08-24 19:25:00+00:00,122.045,122.05,122.0,122.0,715.0,17.0,122.0325
AEP,2026-08-24 19:30:00+00:00,121.92,121.99,121.92,121.99,795.0,20.0,121.95625
AEP,2026-08-24 19:35:00+00:00,122.05,122.13,122.01,122.115,1569.0,40.0,122.059151
AEP,2026-08-24 19:40:00+00:00,122.09,122.15,122.07,122.15,1240.0,35.0,122.102
AEP,2026-08-24 19:45:00+00:00,122.15,122.17,122.13,122.13,1328.0,44.0,122.15
AEP,2026-08-24 19:50:00+00:00,122.22,122.22,122.0,122.0,4443.0,116.0,122.064619
AEP,2026-08-24 19:55:00+00:00,121.95,122.1,121.845,121.98,10976.0,271.0,121.996331
AEP,2026-08-25 13:30:00+00:00,122.09,122.19,122.04,122.06,722.0,17.0,122.095
AEP,2026-08-25 13:35:00+00:00,122.52,122.52,122.06,122.06,992.0,23.0,122.275
AEP,2026-08-25 13:40:00+00:00,121.855,122.09,121.855,122.03,1026.0,18.0,122.031
AEP,2026-08-25 13:45:00+00:00,122.02,122.08,122.0,122.08,2430.0,48.0,122.044583
AEP,2026-08-25 13:50:00+00:00,121.95,122.16,121.95,122.16,1704.0,33.0,122.039928
AEP,2026-08-25 13:55:00+00:00,122.19,122.25,122.14,122.21,2433.0,48.0,122.201111
AEP,2026-08-25 14:00:00+00:00,122.155,122.59,122.155,122.59,4979.0,70.0,122.414286
AEP,2026-08-25 14:10:00+00:00,122.2,122.25,122.15,122.25,1149.0,22.0,122.205614
AEP,2026-08-25 14:15:00+00:00,122.23,122.395,122.23,122.26,2150.0,42.0,122.31
AEP,2026-08-25 14:20:00+00:00,122.3,122.3,122.3,122.3,295.0,4.0,122.3
AEP,2026-08-25 14:25:00+00:00,122.205,122.33,122.15,122.33,1621.0,36.0,122.24
AEP,2026-08-25 14:30:00+00:00,122.305,122.35,122.18,122.29,1686.0,39.0,122.277222
AEP,2026-08-25 14:35:00+00:00,122.365,122.395,122.185,122.19,2430.0,46.0,122.276071
AEP,2026-08-25 14:40:00+00:00,122.24,122.31,122.19,122.22,1247.0,23.0,122.230625
AEP,2026-08-25 14:45:00+00:00,122.31,122.31,122.275,122.275,200.0,2.0,122.2925
AEP,2026-08-25 14:50:00+00:00,122.2,122.2,122.145,122.145,335.0,11.0,122.1725
AEP,2026-08-25 14:55:00+00:00,122.25,122.25,122.25,122.25,114.0,6.0,122.25
AEP,2026-08-25 15:00:00+00:00,122.255,122.375,122.255,122.375,422.0,8.0,122.295
AEP,2026-08-25 15:05:00+00:00,122.37,122.37,122.14,122.14,450.0,9.0,122.255
AEP,2026-08-25 15:10:00+00:00,122.27,122.27,122.2,122.2,1411.0,31.0,122.227857
AEP,2026-08-25 15:15:00+00:00,122.24,122.38,122.24,122.38,532.0,11.0,122.321667
AEP,2026-08-25 15:20:00+00:00,122.27,122.27,122.21,122.23,1302.0,25.0,122.24
AEP,2026-08-25 15:25:00+00:00,122.31,122.35,122.31,122.35,633.0,11.0,122.33
AEP,2026-08-25 15:30:00+00:00,122.39,122.39,122.37,122.37,377.0,12.0,122.38
AEP,2026-08-25 15:35:00+00:00,122.31,122.375,122.31,122.375,2892.0,62.0,122.346211
AEP,2026-08-25 15:40:00+00:00,122.325,122.325,122.235,122.235,716.0,24.0,122.27
AEP,2026-08-25 15:45:00+00:00,122.3,122.33,122.3,122.33,355.0,7.0,122.31
AEP,2026-08-25 15:50:00+00:00,122.33,122.38,122.33,122.38,338.0,11.0,122.355
AEP,2026-08-25 15:55:00+00:00,122.35,122.35,122.245,122.265,1213.0,23.0,122.292
AEP,2026-08-25 16:00:00+00:00,122.24,122.25,122.14,122.14,1842.0,37.0,122.173182
AEP,2026-08-25 16:05:00+00:00,122.125,122.145,122.09,122.1,799.0,14.0,122.113571
AEP,2026-08-25 16:10:00+00:00,122.115,122.225,122.115,122.115,1253.0,27.0,122.155714
AEP,2026-08-25 16:15:00+00:00,122.19,122.19,122.12,122.16,1891.0,45.0,122.159
AEP,2026-08-25 16:20:00+00:00,122.16,122.17,122.105,122.14,530.0,10.0,122.143
AEP,2026-08-25 16:25:00+00:00,122.105,122.165,122.105,122.165,846.0,13.0,122.151875
AEP,2026-08-25 16:30:00+00:00,122.15,122.16,122.065,122.085,2986.0,37.0,122.128478
AEP,2026-08-25 16:35:00+00:00,122.055,122.055,121.98,122.04,1483.0,20.0,122.013636
AEP,2026-08-25 16:40:00+00:00,122.04,122.085,122.02,122.02,883.0,17.0,122.056667
AEP,2026-08-25 16:45:00+00:00,122.01,122.075,122.01,122.075,422.0,8.0,122.05625
AEP,2026-08-25 16:50:00+00:00,122.005,122.005,122.005,122.005,200.0,3.0,122.005
AEP,2026-08-25 16:55:00+00:00,122.17,122.17,122.17,122.17,438.0,16.0,122.17
AEP,2026-08-25 17:00:00+00:00,122.175,122.2,122.175,122.19,454.0,13.0,122.185
AEP,2026-08-25 17:05:00+00:00,122.23,122.23,122.155,122.17,1614.0,37.0,122.194444
AEP,2026-08-25 17:10:00+00:00,122.16,122.265,122.15,122.26,1633.0,32.0,122.209545
AEP,2026-08-25 17:15:00+00:00,122.28,122.31,122.235,122.235,1388.0,22.0,122.277
AEP,2026-08-25 17:20:00+00:00,122.235,122.235,122.175,122.175,434.0,8.0,122.2125
AEP,2026-08-25 17:25:00+00:00,122.385,122.385,122.385,122.385,436.0,8.0,122.385
AEP,2026-08-25 17:30:00+00:00,122.37,122.465,122.37,122.44,1634.0,31.0,122.43625
AEP,2026-08-25 17:35:00+00:00,122.47,122.56,122.47,122.535,756.0,16.0,122.524706
AEP,2026-08-25 17:40:00+00:00,122.57,122.775,122.57,122.775,1007.0,14.0,122.646111
AEP,2026-08-25 17:45:00+00:00,122.71,122.71,122.7,122.7,385.0,6.0,122.705
AEP,2026-08-25 17:50:00+00:00,122.695,122.695,122.695,122.695,221.0,5.0,122.695
AEP,2026-08-25 17:55:00+00:00,122.715,122.715,122.62,122.65,1408.0,30.0,122.664699
AEP,2026-08-25 18:00:00+00:00,122.66,122.79,122.66,122.785,1163.0,23.0,122.738889
AEP,2026-08-25 18:05:00+00:00,122.815,122.98,122.8,122.98,1530.0,43.0,122.907778
AEP,2026-08-25 18:10:00+00:00,123.08,123.125,123.08,123.125,492.0,25.0,123.1025
AEP,2026-08-25 18:15:00+00:00,123.035,123.035,122.935,122.935,1783.0,16.0,122.995806
AEP,2026-08-25 18:20:00+00:00,122.925,122.925,122.84,122.87,1154.0,26.0,122.88125
AEP,2026-08-25 18:25:00+00:00,122.875,122.875,122.78,122.785,1882.0,31.0,122.838846
AEP,2026-08-25 18:30:00+00:00,122.83,122.83,122.785,122.82,1698.0,28.0,122.815012
AEP,2026-08-25 18:35:00+00:00,122.815,122.905,122.815,122.895,2462.0,53.0,122.854399
AEP,2026-08-25 18:40:00+00:00,122.985,123.05,122.95,123.05,1568.0,31.0,122.991875
AEP,2026-08-25 18:45:00+00:00,122.96,122.96,122.83,122.88,1027.0,19.0,122.909011
AEP,2026-08-25 18:50:00+00:00,122.89,122.89,122.79,122.86,1299.0,22.0,122.845625
AEP,2026-08-25 18:55:00+00:00,122.88,122.99,122.88,122.99,1585.0,35.0,122.9275
AEP,2026-08-25 19:00:00+00:00,122.995,123.055,122.97,123.02,1757.0,26.0,123.000385
AEP,2026-08-25 19:05:00+00:00,123.045,123.045,122.99,122.99,1010.0,20.0,123.016271
AEP,2026-08-25 19:10:00+00:00,122.96,123.08,122.96,123.025,1162.0,18.0,123.016429
AEP,2026-08-25 19:15:00+00:00,123.04,123.065,122.985,123.035,1775.0,37.0,123.031114
AEP,2026-08-25 19:20:00+00:00,123.035,123.12,123.035,123.095,3152.0,66.0,123.08724
AEP,2026-08-25 19:25:00+00:00,123.065,123.08,122.97,122.97,2755.0,62.0,123.051579
AEP,2026-08-25 19:30:00+00:00,122.92,123.05,122.92,122.94,2888.0,67.0,122.958062
AEP,2026-08-25 19:35:00+00:00,122.885,122.95,122.885,122.95,1188.0,29.0,122.915764
AEP,2026-08-25 19:40:00+00:00,123.015,123.06,122.995,123.02,1942.0,45.0,123.034544
AEP,2026-08-25 19:45:00+00:00,123.1,123.1,122.88,123.05,2790.0,60.0,122.987749
AEP,2026-08-25 19:50:00+00:00,123.14,123.14,122.87,122.87,6909.0,123.0,122.962201
AEP,2026-08-25 19:55:00+00:00,122.92,123.0,122.76,122.79,11265.0,222.0,122.837348
AEP,2026-08-26 13:30:00+00:00,122.865,122.97,122.8,122.85,3090.0,39.0,122.899
AEP,2026-08-26 13:35:00+00:00,123.28,123.32,123.21,123.32,824.0,16.0,123.270785
AEP,2026-08-26 13:40:00+00:00,123.185,123.325,123.185,123.325,496.0,14.0,123.255
AEP,2026-08-26 13:50:00+00:00,123.2,123.38,123.2,123.38,860.0,18.0,123.333
AEP,2026-08-26 13:55:00+00:00,123.085,123.13,123.0,123.07,1290.0,38.0,123.07
AEP,2026-08-26 14:00:00+00:00,123.18,123.18,123.18,123.18,150.0,3.0,123.18
AEP,2026-08-26 14:10:00+00:00,123.59,123.93,123.59,123.89,1119.0,27.0,123.790164
AEP,2026-08-26 14:15:00+00:00,123.91,123.99,123.845,123.94,1688.0,23.0,123.903334
AEP,2026-08-26 14:20:00+00:00,123.85,123.93,123.85,123.9,879.0,18.0,123.890311
AEP,2026-08-26 14:25:00+00:00,123.97,123.97,123.91,123.91,324.0,10.0,123.94
AEP,2026-08-26 14:30:00+00:00,123.74,123.775,123.74,123.775,911.0,23.0,123.763333
AEP,2026-08-26 14:35:00+00:00,123.61,123.61,123.61,123.61,125.0,2.0,123.61
AEP,2026-08-26 14:40:00+00:00,123.46,123.46,123.35,123.38,819.0,28.0,123.396667
AEP,2026-08-26 14:45:00+00:00,123.15,123.15,123.04,123.15,395.0,12.0,123.113333
AEP,2026-08-26 14:50:00+00:00,123.09,123.09,123.08,123.08,358.0,8.0,123.085
AEP,2026-08-26 14:55:00+00:00,123.03,123.105,122.975,123.105,1194.0,40.0,123.0325
AEP,2026-08-26 15:00:00+00:00,123.305,123.42,123.305,123.35,511.0,18.0,123.358333
AEP,2026-08-26 15:05:00+00:00,123.375,123.58,123.375,123.55,909.0,18.0,123.449167
AEP,2026-08-26 15:10:00+00:00,123.57,123.57,123.555,123.565,744.0,15.0,123.563
AEP,2026-08-26 15:15:00+00:00,123.57,123.59,123.485,123.58,1432.0,22.0,123.555455
AEP,2026-08-26 15:20:00+00:00,123.59,123.69,123.575,123.575,300.0,3.0,123.618333
AEP,2026-08-26 15:25:00+00:00,123.57,123.58,123.48,123.48,371.0,12.0,123.543333
AEP,2026-08-26 15:30:00+00:00,123.55,123.585,123.55,123.585,565.0,8.0,123.563333
AEP,2026-08-26 15:35:00+00:00,123.555,123.58,123.5,123.535,3080.0,71.0,123.536
AEP,2026-08-26 15:40:00+00:00,123.53,123.54,123.33,123.33,700.0,13.0,123.493141
AEP,2026-08-26 15:45:00+00:00,123.41,123.52,123.41,123.52,707.0,11.0,123.481894
AEP,2026-08-26 15:50:00+00:00,123.4,123.415,123.4,123.415,335.0,11.0,123.4075
AEP,2026-08-26 15:55:00+00:00,123.355,123.45,123.355,123.45,701.0,11.0,123.3925
AEP,2026-08-26 16:00:00+00:00,123.38,123.38,123.38,123.38,119.0,5.0,123.38
AEP,2026-08-26 16:10:00+00:00,123.24,123.25,123.24,123.25,381.0,20.0,123.245
AEP,2026-08-26 16:15:00+00:00,123.4,123.4,123.3,123.3,888.0,20.0,123.34875
AEP,2026-08-26 16:20:00+00:00,123.3,123.3,123.3,123.3,225.0,7.0,123.3
AEP,2026-08-26 16:30:00+00:00,123.35,123.35,123.35,123.35,322.0,7.0,123.35
AEP,2026-08-26 16:35:00+00:00,123.33,123.33,123.305,123.305,264.0,10.0,123.3175
AEP,2026-08-26 16:40:00+00:00,123.33,123.4,123.33,123.37,659.0,20.0,123.3575
AEP,2026-08-26 16:45:00+00:00,123.38,123.415,123.38,123.41,4035.0,51.0,123.392785
AEP,2026-08-26 16:50:00+00:00,123.405,123.41,123.29,123.39,17719.0,147.0,123.376816
AEP,2026-08-26 16:55:00+00:00,123.4,123.46,123.395,123.425,7946.0,40.0,123.453484
AEP,2026-08-26 17:00:00+00:00,123.46,123.46,123.43,123.455,1352.0,13.0,123.45104
AEP,2026-08-26 17:10:00+00:00,123.37,123.38,123.37,123.38,257.0,6.0,123.375
AEP,2026-08-26 17:15:00+00:00,123.34,123.34,123.26,123.26,225.0,6.0,123.3
AEP,2026-08-26 17:20:00+00:00,123.215,123.275,123.2,123.275,645.0,15.0,123.2325
AEP,2026-08-26 17:25:00+00:00,123.35,123.35,123.27,123.305,629.0,10.0,123.309
AEP,2026-08-26 17:30:00+00:00,123.28,123.3,123.27,123.27,567.0,10.0,123.285
AEP,2026-08-26 17:35:00+00:00,123.25,123.25,123.245,123.245,211.0,3.0,123.2475
AEP,2026-08-26 17:40:00+00:00,123.16,123.275,123.16,123.275,940.0,23.0,123.219
AEP,2026-08-26 17:45:00+00:00,123.24,123.345,123.24,123.345,432.0,11.0,123.2925
AEP,2026-08-26 17:50:00+00:00,123.325,123.325,123.265,123.265,296.0,10.0,123.295
AEP,2026-08-26 17:55:00+00:00,123.44,123.44,123.345,123.4,2262.0,36.0,123.397333
AEP,2026-08-26 18:00:00+00:00,123.41,123.41,123.325,123.325,696.0,18.0,123.37125
AEP,2026-08-26 18:10:00+00:00,123.42,123.42,123.355,123.355,871.0,19.0,123.391
AEP,2026-08-26 18:15:00+00:00,123.375,123.375,123.375,123.375,103.0,2.0,123.375
AEP,2026-08-26 18:20:00+00:00,123.43,123.43,123.38,123.385,603.0,8.0,123.400834
AEP,2026-08-26 18:25:00+00:00,123.33,123.36,123.33,123.36,756.0,13.0,123.3525
AEP,2026-08-26 18:30:00+00:00,123.32,123.4,123.32,123.4,415.0,3.0,123.38
AEP,2026-08-26 18:35:00+00:00,123.38,123.38,123.38,123.38,110.0,2.0,123.38
AEP,2026-08-26 18:40:00+00:00,123.34,123.34,123.275,123.275,619.0,13.0,123.31
AEP,2026-08-26 18:45:00+00:00,123.23,123.23,123.23,123.23,102.0,2.0,123.23
AEP,2026-08-26 18:55:00+00:00,123.18,123.245,123.18,123.24,714.0,18.0,123.221667
AEP,2026-08-26 19:00:00+00:00,123.2,123.2,123.2,123.2,239.0,4.0,123.2
AEP,2026-08-26 19:05:00+00:00,123.075,123.075,123.075,123.075,199.0,5.0,123.075
AEP,2026-08-26 19:10:00+00:00,123.05,123.08,123.02,123.08,610.0,12.0,123.044017
AEP,2026-08-26 19:15:00+00:00,123.005,123.015,123.005,123.015,236.0,6.0,123.01
AEP,2026-08-26 19:25:00+00:00,123.255,123.255,123.255,123.255,184.0,4.0,123.255
AEP,2026-08-26 19:30:00+00:00,123.34,123.36,123.29,123.3,1977.0,43.0,123.318392
AEP,2026-08-26 19:35:00+00:00,123.25,123.355,123.25,123.34,2301.0,53.0,123.294115
AEP,2026-08-26 19:40:00+00:00,123.45,123.485,123.45,123.465,1562.0,41.0,123.468182
AEP,2026-08-26 19:45:00+00:00,123.465,123.48,123.325,123.355,1957.0,37.0,123.408333
AEP,2026-08-26 19:50:00+00:00,123.29,123.365,123.24,123.24,2783.0,76.0,123.31012
AEP,2026-08-26 19:55:00+00:00,123.53,123.53,123.32,123.32,10433.0,215.0,123.43809
AEP,2026-08-27 13:30:00+00:00,122.465,122.465,122.105,122.105,1092.0,15.0,122.258889
AEP,2026-08-27 13:35:00+00:00,121.95,121.95,121.95,121.95,352.0,9.0,121.95
AEP,2026-08-27 13:40:00+00:00,121.775,121.775,121.72,121.72,586.0,6.0,121.741739
AEP,2026-08-27 13:45:00+00:00,121.73,122.13,121.73,122.13,1061.0,22.0,121.9675
AEP,2026-08-27 13:50:00+00:00,122.015,122.03,121.92,122.03,733.0,15.0,121.983
AEP,2026-08-27 13:55:00+00:00,122.12,122.18,122.12,122.18,360.0,10.0,122.15
AEP,2026-08-27 14:00:00+00:00,122.145,122.36,122.145,122.36,536.0,12.0,122.266667
AEP,2026-08-27 14:05:00+00:00,122.53,122.53,122.44,122.44,342.0,8.0,122.49
AEP,2026-08-27 14:10:00+00:00,122.44,122.465,122.19,122.22,4014.0,56.0,122.367811
AEP,2026-08-27 14:15:00+00:00,122.24,122.69,122.205,122.69,5502.0,60.0,122.433543
AEP,2026-08-27 14:20:00+00:00,122.765,122.81,122.765,122.78,1721.0,31.0,122.785805
AEP,2026-08-27 14:25:00+00:00,122.925,122.95,122.9,122.95,1640.0,29.0,122.923111
AEP,2026-08-27 14:35:00+00:00,122.81,122.81,122.81,122.81,295.0,4.0,122.81
AEP,2026-08-27 14:40:00+00:00,122.64,122.64,122.64,122.64,322.0,7.0,122.64
AEP,2026-08-27 14:45:00+00:00,122.76,122.79,122.74,122.79,1099.0,29.0,122.763
AEP,2026-08-27 14:50:00+00:00,122.7,122.7,122.7,122.7,127.0,4.0,122.7
AEP,2026-08-27 14:55:00+00:00,122.44,122.44,122.41,122.41,996.0,16.0,122.42875
AEP,2026-08-27 15:05:00+00:00,122.51,122.71,122.51,122.565,1084.0,27.0,122.63
AEP,2026-08-27 15:10:00+00:00,122.6,122.6,122.6,122.6,201.0,3.0,122.6
AEP,2026-08-27 15:15:00+00:00,122.52,122.52,122.355,122.355,756.0,15.0,122.395
AEP,2026-08-27 15:20:00+00:00,122.405,122.41,122.405,122.41,657.0,20.0,122.406667
AEP,2026-08-27 15:25:00+00:00,122.565,122.565,122.51,122.52,4680.0,78.0,122.540553
AEP,2026-08-27 15:30:00+00:00,122.47,122.47,122.34,122.345,2193.0,38.0,122.403793
AEP,2026-08-27 15:35:00+00:00,122.335,122.335,122.335,122.335,300.0,3.0,122.335
AEP,2026-08-27 15:40:00+00:00,122.46,122.46,122.43,122.46,746.0,12.0,122.4525
AEP,2026-08-27 15:45:00+00:00,122.425,122.47,122.35,122.47,1005.0,25.0,122.42875
AEP,2026-08-27 15:50:00+00:00,122.43,122.43,122.43,122.43,109.0,3.0,122.43
AEP,2026-08-27 15:55:00+00:00,122.345,122.39,122.345,122.39,309.0,6.0,122.3675
AEP,2026-08-27 16:00:00+00:00,122.37,122.46,122.33,122.45,781.0,18.0,122.414
AEP,2026-08-27 16:05:00+00:00,122.46,122.46,122.36,122.36,1035.0,18.0,122.410625
AEP,2026-08-27 16:10:00+00:00,122.305,122.4,122.305,122.375,2178.0,34.0,122.364167
AEP,2026-08-27 16:15:00+00:00,122.33,122.525,122.33,122.525,1431.0,27.0,122.4455
AEP,2026-08-27 16:20:00+00:00,122.525,122.525,122.525,122.525,225.0,5.0,122.525
AEP,2026-08-27 16:25:00+00:00,122.545,122.545,122.525,122.525,250.0,3.0,122.535
AEP,2026-08-27 16:35:00+00:00,122.665,122.69,122.665,122.69,323.0,9.0,122.6775
AEP,2026-08-27 16:40:00+00:00,122.83,122.84,122.83,122.84,305.0,4.0,122.836667
AEP,2026-08-27 16:45:00+00:00,122.81,122.81,122.81,122.81,341.0,9.0,122.81
AEP,2026-08-27 16:55:00+00:00,122.8,122.8,122.77,122.77,377.0,11.0,122.785
AEP,2026-08-27 17:00:00+00:00,122.84,122.84,122.75,122.75,826.0,17.0,122.8025
AEP,2026-08-27 17:10:00+00:00,122.65,122.71,122.65,122.71,464.0,8.0,122.68
AEP,2026-08-27 17:15:00+00:00,122.745,122.745,122.7,122.7,386.0,6.0,122.7225
AEP,2026-08-27 17:20:00+00:00,122.62,122.62,122.62,122.62,281.0,4.0,122.62
AEP,2026-08-27 17:25:00+00:00,122.72,122.76,122.72,122.76,351.0,5.0,122.733333
AEP,2026-08-27 17:30:00+00:00,122.78,122.78,122.78,122.78,104.0,3.0,122.78
AEP,2026-08-27 17:35:00+00:00,122.73,122.73,122.73,122.73,340.0,4.0,122.73
AEP,2026-08-27 17:40:00+00:00,122.76,122.81,122.76,122.77,514.0,17.0,122.78
AEP,2026-08-27 17:45:00+00:00,122.77,122.77,122.77,122.77,200.0,8.0,122.77
AEP,2026-08-27 17:50:00+00:00,122.805,122.82,122.805,122.82,998.0,14.0,122.81625
AEP,2026-08-27 17:55:00+00:00,122.825,122.85,122.825,122.85,453.0,14.0,122.835
AEP,2026-08-27 18:00:00+00:00,122.82,122.82,122.82,122.82,118.0,2.0,122.82
AEP,2026-08-27 18:05:00+00:00,122.84,122.84,122.84,122.84,276.0,5.0,122.84
AEP,2026-08-27 18:15:00+00:00,122.86,122.86,122.86,122.86,235.0,7.0,122.86
AEP,2026-08-27 18:20:00+00:00,122.85,122.87,122.85,122.87,519.0,13.0,122.86
AEP,2026-08-27 18:25:00+00:00,122.86,122.89,122.835,122.835,681.0,24.0,122.857
AEP,2026-08-27 18:30:00+00:00,122.83,122.89,122.83,122.87,962.0,19.0,122.865
AEP,2026-08-27 18:35:00+00:00,122.87,122.87,122.85,122.85,461.0,9.0,122.86
AEP,2026-08-27 18:40:00+00:00,122.83,122.83,122.83,122.83,278.0,6.0,122.83
AEP,2026-08-27 18:45:00+00:00,122.88,122.88,122.88,122.88,140.0,2.0,122.88
AEP,2026-08-27 18:50:00+00:00,122.8,122.8,122.8,122.8,543.0,11.0,122.8
AEP,2026-08-27 19:00:00+00:00,122.58,122.65,122.56,122.565,990.0,25.0,122.588571
AEP,2026-08-27 19:05:00+00:00,122.565,122.58,122.565,122.58,211.0,5.0,122.5725
AEP,2026-08-27 19:10:00+00:00,122.66,122.68,122.66,122.66,443.0,8.0,122.666667
AEP,2026-08-27 19:15:00+00:00,122.63,122.71,122.61,122.71,763.0,23.0,122.634
AEP,2026-08-27 19:20:00+00:00,122.67,122.67,122.64,122.64,1384.0,29.0,122.6475
AEP,2026-08-27 19:25:00+00:00,122.61,122.67,122.61,122.67,1228.0,25.0,122.653333
AEP,2026-08-27 19:30:00+00:00,122.71,122.79,122.71,122.775,1682.0,34.0,122.7525
AEP,2026-08-27 19:35:00+00:00,122.81,122.84,122.775,122.79,1713.0,27.0,122.805
AEP,2026-08-27 19:40:00+00:00,122.82,122.88,122.81,122.82,1595.0,36.0,122.835714
AEP,2026-08-27 19:45:00+00:00,122.94,122.94,122.895,122.895,1831.0,29.0,122.913936
AEP,2026-08-27 19:50:00+00:00,122.89,122.99,122.89,122.96,6826.0,120.0,122.942266
AEP,2026-08-27 19:55:00+00:00,122.9,122.91,122.64,122.715,9050.0,200.0,122.714723
AEP,2026-08-28 13:30:00+00:00,123.23,123.23,123.1,123.1,936.0,24.0,123.157857
AEP,2026-08-28 13:35:00+00:00,123.17,123.17,123.17,123.17,138.0,2.0,123.17
AEP,2026-08-28 13:45:00+00:00,123.27,123.27,123.27,123.27,417.0,10.0,123.27
AEP,2026-08-28 13:55:00+00:00,123.34,123.34,123.34,123.34,220.0,5.0,123.34
AEP,2026-08-28 14:00:00+00:00,123.03,123.03,123.03,123.03,101.0,2.0,123.03
AEP,2026-08-28 14:05:00+00:00,123.105,123.285,123.105,123.23,1424.0,22.0,123.160396
AEP,2026-08-28 14:10:00+00:00,123.43,123.43,123.43,123.43,170.0,6.0,123.43
AEP,2026-08-28 14:15:00+00:00,123.515,123.605,123.46,123.46,2035.0,25.0,123.573506
AEP,2026-08-28 14:20:00+00:00,123.4,123.4,123.3,123.305,1192.0,19.0,123.323125
AEP,2026-08-28 14:25:00+00:00,123.29,123.29,123.29,123.29,100.0,1.0,123.29
AEP,2026-08-28 14:30:00+00:00,123.28,123.43,123.28,123.43,383.0,8.0,123.363333
AEP,2026-08-28 14:35:00+00:00,123.45,123.49,123.27,123.27,1920.0,35.0,123.38
AEP,2026-08-28 14:40:00+00:00,123.33,123.33,123.28,123.28,268.0,5.0,123.305
AEP,2026-08-28 14:45:00+00:00,123.315,123.315,123.03,123.03,1264.0,20.0,123.165559
AEP,2026-08-28 14:50:00+00:00,123.08,123.08,123.035,123.035,340.0,5.0,123.051667
AEP,2026-08-28 14:55:00+00:00,123.12,123.12,122.99,122.99,634.0,14.0,123.054
AEP,2026-08-28 15:00:00+00:00,123.04,123.095,123.03,123.095,927.0,21.0,123.062
AEP,2026-08-28 15:10:00+00:00,122.97,122.97,122.845,122.855,1292.0,23.0,122.904
AEP,2026-08-28 15:15:00+00:00,122.73,122.8,122.73,122.735,1635.0,35.0,122.759167
AEP,2026-08-28 15:20:00+00:00,122.745,122.745,122.63,122.64,735.0,13.0,122.659
AEP,2026-08-28 15:25:00+00:00,122.685,122.715,122.675,122.675,1047.0,36.0,122.68875
AEP,2026-08-28 15:30:00+00:00,122.58,122.58,122.51,122.51,1229.0,29.0,122.567013
AEP,2026-08-28 15:35:00+00:00,122.51,122.51,122.47,122.48,1722.0,29.0,122.490523
AEP,2026-08-28 15:40:00+00:00,122.48,122.48,122.42,122.42,460.0,7.0,122.44
AEP,2026-08-28 15:45:00+00:00,122.51,122.51,122.45,122.45,755.0,16.0,122.47625
AEP,2026-08-28 15:50:00+00:00,122.37,122.49,122.34,122.49,562.0,14.0,122.4
AEP,2026-08-28 15:55:00+00:00,122.53,122.53,122.49,122.49,1146.0,20.0,122.516506
AEP,2026-08-28 16:00:00+00:00,122.48,122.55,122.48,122.52,536.0,19.0,122.516667
AEP,2026-08-28 16:05:00+00:00,122.435,122.435,122.39,122.39,319.0,9.0,122.4125
AEP,2026-08-28 16:10:00+00:00,122.335,122.335,122.215,122.25,1713.0,42.0,122.253539
AEP,2026-08-28 16:15:00+00:00,122.265,122.6,122.265,122.6,5282.0,134.0,122.38375
AEP,2026-08-28 16:20:00+00:00,122.57,122.63,122.33,122.37,2198.0,46.0,122.451747
AEP,2026-08-28 16:25:00+00:00,122.36,122.47,122.36,122.47,394.0,11.0,122.396667
AEP,2026-08-28 16:30:00+00:00,122.47,122.5,122.43,122.45,1409.0,25.0,122.446149
AEP,2026-08-28 16:35:00+00:00,122.47,122.47,122.33,122.33,651.0,16.0,122.381414
AEP,2026-08-28 16:40:00+00:00,122.34,122.34,122.23,122.25,861.0,16.0,122.2625
AEP,2026-08-28 16:45:00+00:00,122.275,122.275,122.175,122.175,4306.0,66.0,122.218459
AEP,2026-08-28 16:50:00+00:00,122.15,122.18,121.995,121.995,1667.0,26.0,122.117083
AEP,2026-08-28 16:55:00+00:00,122.04,122.06,121.955,121.97,1917.0,42.0,122.004717
AEP,2026-08-28 17:00:00+00:00,121.89,122.11,121.89,121.94,3727.0,76.0,122.005625
AEP,2026-08-28 17:05:00+00:00,122.13,122.18,122.08,122.08,1102.0,29.0,122.130834
AEP,2026-08-28 17:10:00+00:00,122.17,122.17,122.08,122.08,1612.0,31.0,122.138232
AEP,2026-08-28 17:15:00+00:00,122.11,122.11,122.01,122.01,1489.0,25.0,122.054499
AEP,2026-08-28 17:20:00+00:00,121.97,121.97,121.945,121.95,353.0,5.0,121.955
AEP,2026-08-28 17:25:00+00:00,122.28,122.28,122.21,122.21,894.0,19.0,122.238
AEP,2026-08-28 17:30:00+00:00,122.3,122.3,122.23,122.24,1068.0,23.0,122.26
AEP,2026-08-28 17:35:00+00:00,122.09,122.125,122.04,122.04,1194.0,31.0,122.085
AEP,2026-08-28 17:40:00+00:00,121.99,122.06,121.97,122.05,1530.0,36.0,122.018889
AEP,2026-08-28 17:45:00+00:00,122.06,122.06,122.02,122.02,571.0,18.0,122.036667
AEP,2026-08-28 17:50:00+00:00,122.05,122.05,122.05,122.05,245.0,5.0,122.05
AEP,2026-08-28 17:55:00+00:00,122.04,122.09,122.04,122.09,420.0,11.0,122.065
AEP,2026-08-28 18:00:00+00:00,122.11,122.11,122.07,122.07,1212.0,20.0,122.080718
AEP,2026-08-28 18:05:00+00:00,122.1,122.23,122.1,122.21,1069.0,30.0,122.16
AEP,2026-08-28 18:10:00+00:00,122.19,122.23,122.17,122.21,1170.0,20.0,122.19625
AEP,2026-08-28 18:15:00+00:00,122.19,122.19,122.1,122.12,1721.0,32.0,122.127
AEP,2026-08-28 18:20:00+00:00,122.05,122.07,122.0,122.07,591.0,19.0,122.0475
AEP,2026-08-28 18:25:00+00:00,122.14,122.15,122.07,122.07,653.0,13.0,122.1125
AEP,2026-08-28 18:30:00+00:00,122.115,122.115,122.1,122.1,593.0,14.0,122.1075
AEP,2026-08-28 18:35:00+00:00,122.13,122.19,122.13,122.18,986.0,17.0,122.159375
AEP,2026-08-28 18:40:00+00:00,122.19,122.24,122.17,122.24,878.0,12.0,122.194927
AEP,2026-08-28 18:45:00+00:00,122.18,122.18,122.14,122.14,831.0,12.0,122.156812
AEP,2026-08-28 18:50:00+00:00,122.11,122.145,122.08,122.08,864.0,16.0,122.1075
AEP,2026-08-28 18:55:00+00:00,122.06,122.11,122.06,122.11,606.0,15.0,122.09
AEP,2026-08-28 19:00:00+00:00,121.97,122.04,121.97,122.02,916.0,22.0,122.01
AEP,2026-08-28 19:05:00+00:00,122.03,122.03,121.955,121.955,1052.0,14.0,122.01
AEP,2026-08-28 19:10:00+00:00,121.97,122.05,121.97,122.05,1078.0,22.0,122.00253
AEP,2026-08-28 19:15:00+00:00,122.1,122.1,122.065,122.08,1429.0,42.0,122.08
AEP,2026-08-28 19:20:00+00:00,122.05,122.15,122.05,122.15,948.0,23.0,122.097157
AEP,2026-08-28 19:25:00+00:00,122.22,122.22,122.18,122.18,1190.0,21.0,122.19625
AEP,2026-08-28 19:30:00+00:00,122.14,122.31,122.14,122.25,3929.0,69.0,122.220768
AEP,2026-08-28 19:35:00+00:00,122.25,122.265,122.23,122.23,801.0,14.0,122.24875
AEP,2026-08-28 19:40:00+00:00,122.19,122.23,122.19,122.23,1749.0,29.0,122.203
AEP,2026-08-28 19:45:00+00:00,122.27,122.305,122.135,122.175,3551.0,67.0,122.215436
AEP,2026-08-28 19:50:00+00:00,122.01,122.13,121.95,122.08,4855.0,114.0,122.056285
AEP,2026-08-28 19:55:00+00:00,122.17,122.31,122.095,122.29,13171.0,280.0,122.216589
AEP,2026-08-31 13:30:00+00:00,121.745,121.89,121.74,121.825,830.0,14.0,121.83
AEP,2026-08-31 13:35:00+00:00,121.89,121.9,121.82,121.82,1054.0,21.0,121.862939
AEP,2026-08-31 13:40:00+00:00,121.74,121.96,121.74,121.88,1081.0,19.0,121.870625
AEP,2026-08-31 13:45:00+00:00,121.98,122.04,121.98,122.04,1704.0,30.0,121.9925
AEP,2026-08-31 13:50:00+00:00,121.92,121.945,121.87,121.87,4965.0,64.0,121.923957
AEP,2026-08-31 13:55:00+00:00,121.885,121.92,121.71,121.8,5892.0,99.0,121.77692
AEP,2026-08-31 14:00:00+00:00,121.76,121.89,121.64,121.68,5593.0,119.0,121.791111
AEP,2026-08-31 14:05:00+00:00,121.69,121.69,121.58,121.58,272.0,7.0,121.635
AEP,2026-08-31 14:10:00+00:00,121.79,121.8,121.75,121.8,995.0,14.0,121.784181
AEP,2026-08-31 14:15:00+00:00,121.72,121.72,121.53,121.61,3599.0,67.0,121.624828
AEP,2026-08-31 14:20:00+00:00,121.635,121.66,121.61,121.615,1221.0,24.0,121.625991
AEP,2026-08-31 14:25:00+00:00,121.695,121.695,121.595,121.595,1738.0,28.0,121.63625
AEP,2026-08-31 14:30:00+00:00,121.61,121.73,121.56,121.73,1331.0,25.0,121.62254
AEP,2026-08-31 14:35:00+00:00,121.67,121.95,121.67,121.95,608.0,16.0,121.75
AEP,2026-08-31 14:40:00+00:00,122.0,122.0,121.915,121.92,1481.0,34.0,121.960625
AEP,2026-08-31 14:50:00+00:00,122.13,122.27,122.13,122.27,416.0,8.0,122.221667
AEP,2026-08-31 14:55:00+00:00,122.3,122.3,122.3,122.3,164.0,4.0,122.3
AEP,2026-08-31 15:00:00+00:00,122.325,122.42,122.325,122.42,506.0,24.0,122.34875
AEP,2026-08-31 15:05:00+00:00,122.31,122.31,122.285,122.285,547.0,13.0,122.295
AEP,2026-08-31 15:10:00+00:00,122.24,122.315,122.24,122.315,981.0,18.0,122.2775
AEP,2026-08-31 15:15:00+00:00,122.315,122.325,122.28,122.31,2404.0,37.0,122.305417
AEP,2026-08-31 15:25:00+00:00,122.37,122.43,122.34,122.4,1115.0,22.0,122.379773
AEP,2026-08-31 15:30:00+00:00,122.58,122.58,122.58,122.58,300.0,8.0,122.58
AEP,2026-08-31 15:35:00+00:00,122.55,122.57,122.48,122.48,774.0,15.0,122.544694
AEP,2026-08-31 15:40:00+00:00,122.455,122.455,122.43,122.43,392.0,16.0,122.438333
AEP,2026-08-31 15:45:00+00:00,122.45,122.51,122.45,122.51,875.0,10.0,122.501429
AEP,2026-08-31 15:50:00+00:00,122.53,122.58,122.5,122.58,782.0,13.0,122.5475
AEP,2026-08-31 15:55:00+00:00,122.6,122.6,122.56,122.56,586.0,13.0,122.585
AEP,2026-08-31 16:10:00+00:00,122.53,122.53,122.53,122.53,171.0,3.0,122.53
AEP,2026-08-31 16:15:00+00:00,122.42,122.42,122.415,122.415,456.0,12.0,122.4175
AEP,2026-08-31 16:20:00+00:00,122.43,122.43,122.35,122.35,807.0,16.0,122.394
AEP,2026-08-31 16:25:00+00:00,122.32,122.33,122.26,122.26,1104.0,37.0,122.2975
AEP,2026-08-31 16:30:00+00:00,122.34,122.34,122.32,122.33,420.0,10.0,122.33
AEP,2026-08-31 16:35:00+00:00,122.29,122.29,122.2,122.2,228.0,8.0,122.245
AEP,2026-08-31 16:40:00+00:00,122.3,122.3,122.3,122.3,209.0,7.0,122.3
AEP,2026-08-31 16:45:00+00:00,122.32,122.32,122.27,122.27,348.0,6.0,122.293333
AEP,2026-08-31 16:50:00+00:00,122.3,122.3,122.14,122.14,2803.0,60.0,122.23846
AEP,2026-08-31 16:55:00+00:00,122.03,122.03,121.98,121.985,1152.0,22.0,121.995237
AEP,2026-08-31 17:00:00+00:00,121.99,122.055,121.99,122.04,1440.0,32.0,122.029031
AEP,2026-08-31 17:10:00+00:00,122.235,122.235,122.235,122.235,120.0,2.0,122.235
AEP,2026-08-31 17:20:00+00:00,122.14,122.145,122.11,122.145,460.0,10.0,122.131667
AEP,2026-08-31 17:25:00+00:00,122.13,122.13,122.13,122.13,111.0,3.0,122.13
AEP,2026-08-31 17:30:00+00:00,122.18,122.18,122.18,122.18,267.0,5.0,122.18
AEP,2026-08-31 17:35:00+00:00,122.07,122.14,122.05,122.135,1258.0,21.0,122.0875
AEP,2026-08-31 17:45:00+00:00,122.27,122.27,122.27,122.27,520.0,9.0,122.27
AEP,2026-08-31 17:50:00+00:00,122.28,122.28,122.28,122.28,256.0,7.0,122.28
AEP,2026-08-31 17:55:00+00:00,122.36,122.36,122.265,122.265,315.0,7.0,122.3125
AEP,2026-08-31 18:00:00+00:00,122.36,122.36,122.36,122.36,193.0,5.0,122.36
AEP,2026-08-31 18:05:00+00:00,122.34,122.34,122.275,122.28,401.0,7.0,122.298333
AEP,2026-08-31 18:10:00+00:00,122.25,122.265,122.25,122.265,310.0,6.0,122.255
AEP,2026-08-31 18:20:00+00:00,122.185,122.185,122.185,122.185,314.0,5.0,122.185
AEP,2026-08-31 18:25:00+00:00,122.17,122.245,122.17,122.245,824.0,20.0,122.216667
AEP,2026-08-31 18:30:00+00:00,122.25,122.29,122.24,122.24,821.0,16.0,122.26125
AEP,2026-08-31 18:35:00+00:00,122.215,122.215,122.215,122.215,286.0,8.0,122.215
AEP,2026-08-31 18:40:00+00:00,122.24,122.24,122.18,122.23,1123.0,22.0,122.207
AEP,2026-08-31 18:45:00+00:00,122.18,122.18,122.18,122.18,100.0,1.0,122.18
AEP,2026-08-31 18:50:00+00:00,122.17,122.21,122.17,122.21,589.0,17.0,122.195
AEP,2026-08-31 18:55:00+00:00,122.245,122.245,122.245,122.245,219.0,9.0,122.245
AEP,2026-08-31 19:00:00+00:00,122.14,122.14,122.14,122.14,178.0,4.0,122.14
AEP,2026-08-31 19:05:00+00:00,122.23,122.23,122.18,122.18,573.0,9.0,122.205
AEP,2026-08-31 19:10:00+00:00,122.18,122.21,122.18,122.21,646.0,10.0,122.200099
AEP,2026-08-31 19:15:00+00:00,122.22,122.22,122.13,122.13,969.0,25.0,122.166
AEP,2026-08-31 19:20:00+00:00,122.16,122.215,122.16,122.215,323.0,5.0,122.196667
AEP,2026-08-31 19:25:00+00:00,122.21,122.21,122.185,122.185,556.0,15.0,122.192962
AEP,2026-08-31 19:30:00+00:00,122.17,122.23,122.15,122.23,2286.0,35.0,122.176875
AEP,2026-08-31 19:35:00+00:00,122.235,122.28,122.235,122.25,2803.0,37.0,122.2543
AEP,2026-08-31 19:40:00+00:00,122.25,122.26,122.25,122.25,695.0,16.0,122.253333
AEP,2026-08-31 19:45:00+00:00,122.22,122.245,122.18,122.195,1834.0,46.0,122.215561
AEP,2026-08-31 19:50:00+00:00,122.17,122.45,122.14,122.45,9739.0,150.0,122.235341
AEP,2026-08-31 19:55:00+00:00,122.42,122.57,122.4,122.44,12417.0,316.0,122.486018
AEP,2026-09-01 13:30:00+00:00,122.96,123.44,122.96,123.07,1750.0,18.0,123.326429
AEP,2026-09-01 13:35:00+00:00,123.34,123.34,122.7,122.7,928.0,18.0,122.99375
AEP,2026-09-01 13:40:00+00:00,122.41,122.41,122.41,122.41,281.0,8.0,122.41
AEP,2026-09-01 13:50:00+00:00,122.48,122.535,122.48,122.535,397.0,8.0,122.498333
AEP,2026-09-01 13:55:00+00:00,122.56,122.62,122.56,122.6,626.0,11.0,122.599048
AEP,2026-09-01 14:00:00+00:00,122.94,122.975,122.94,122.95,646.0,13.0,122.955
AEP,2026-09-01 14:05:00+00:00,122.935,122.935,122.875,122.9,2079.0,11.0,122.904429
AEP,2026-09-01 14:10:00+00:00,122.56,122.645,122.56,122.645,1592.0,13.0,122.6025
AEP,2026-09-01 14:15:00+00:00,122.485,122.485,122.485,122.485,148.0,3.0,122.485
AEP,2026-09-01 14:25:00+00:00,122.61,122.77,122.61,122.77,874.0,17.0,122.686667
AEP,2026-09-01 14:30:00+00:00,122.925,122.925,122.925,122.925,138.0,3.0,122.925
AEP,2026-09-01 14:35:00+00:00,122.85,122.88,122.835,122.835,637.0,14.0,122.855
AEP,2026-09-01 14:40:00+00:00,122.76,122.82,122.76,122.82,255.0,6.0,122.79
AEP,2026-09-01 14:45:00+00:00,122.83,122.83,122.705,122.72,434.0,9.0,122.751667
AEP,2026-09-01 14:50:00+00:00,122.695,122.82,122.695,122.82,978.0,18.0,122.75
AEP,2026-09-01 14:55:00+00:00,122.835,122.84,122.835,122.84,397.0,7.0,122.8375
AEP,2026-09-01 15:00:00+00:00,122.86,123.06,122.86,123.06,1357.0,31.0,122.964
AEP,2026-09-01 15:05:00+00:00,123.23,123.27,123.23,123.27,440.0,10.0,123.25
AEP,2026-09-01 15:10:00+00:00,123.18,123.18,123.14,123.14,265.0,7.0,123.16
AEP,2026-09-01 15:15:00+00:00,123.1,123.1,123.1,123.1,140.0,2.0,123.1
AEP,2026-09-01 15:20:00+00:00,123.02,123.09,123.02,123.09,556.0,11.0,123.055
AEP,2026-09-01 15:25:00+00:00,123.045,123.045,122.95,122.95,425.0,13.0,122.981667
AEP,2026-09-01 15:30:00+00:00,122.86,122.86,122.86,122.86,448.0,9.0,122.86
AEP,2026-09-01 15:35:00+00:00,122.86,122.86,122.81,122.825,991.0,18.0,122.843
AEP,2026-09-01 15:40:00+00:00,122.86,122.87,122.85,122.85,1032.0,23.0,122.8625
AEP,2026-09-01 15:45:00+00:00,122.8,122.8,122.785,122.785,873.0,13.0,122.797857
AEP,2026-09-01 15:50:00+00:00,122.72,122.72,122.72,122.72,176.0,3.0,122.72
AEP,2026-09-01 15:55:00+00:00,122.72,122.76,122.695,122.76,1816.0,32.0,122.726111
AEP,2026-09-01 16:00:00+00:00,122.83,122.83,122.77,122.77,383.0,9.0,122.8
AEP,2026-09-01 16:10:00+00:00,122.93,122.93,122.865,122.865,627.0,10.0,122.895
AEP,2026-09-01 16:15:00+00:00,122.92,122.92,122.875,122.875,459.0,10.0,122.8975
AEP,2026-09-01 16:20:00+00:00,122.79,122.79,122.79,122.79,202.0,4.0,122.79
AEP,2026-09-01 16:25:00+00:00,122.75,122.78,122.75,122.78,393.0,18.0,122.765
AEP,2026-09-01 16:35:00+00:00,122.655,122.665,122.655,122.665,441.0,9.0,122.658333
AEP,2026-09-01 16:40:00+00:00,122.73,122.73,122.73,122.73,105.0,2.0,122.73
AEP,2026-09-01 16:45:00+00:00,122.755,122.755,122.755,122.755,170.0,2.0,122.755
AEP,2026-09-01 16:50:00+00:00,122.595,122.6,122.56,122.56,334.0,8.0,122.585
AEP,2026-09-01 16:55:00+00:00,122.43,122.43,122.43,122.43,110.0,8.0,122.43
AEP,2026-09-01 17:00:00+00:00,122.39,122.39,122.38,122.38,557.0,10.0,122.385
AEP,2026-09-01 17:05:00+00:00,122.375,122.375,122.375,122.375,782.0,17.0,122.375
AEP,2026-09-01 17:10:00+00:00,122.48,122.495,122.48,122.48,747.0,16.0,122.485
AEP,2026-09-01 17:15:00+00:00,122.52,122.52,122.485,122.485,758.0,15.0,122.508333
AEP,2026-09-01 17:25:00+00:00,122.545,122.545,122.545,122.545,378.0,7.0,122.545
AEP,2026-09-01 17:30:00+00:00,122.455,122.46,122.455,122.46,967.0,21.0,122.458333
AEP,2026-09-01 17:35:00+00:00,122.435,122.53,122.435,122.53,1071.0,25.0,122.48
AEP,2026-09-01 17:40:00+00:00,122.54,122.55,122.51,122.51,1007.0,24.0,122.538
AEP,2026-09-01 17:45:00+00:00,122.545,122.56,122.545,122.55,617.0,11.0,122.551667
AEP,2026-09-01 17:50:00+00:00,122.52,122.55,122.51,122.55,736.0,16.0,122.526667
AEP,2026-09-01 17:55:00+00:00,122.43,122.44,122.43,122.435,492.0,7.0,122.435
AEP,2026-09-01 18:00:00+00:00,122.49,122.49,122.385,122.385,716.0,14.0,122.4375
AEP,2026-09-01 18:05:00+00:00,122.41,122.435,122.41,122.435,480.0,13.0,122.425
AEP,2026-09-01 18:10:00+00:00,122.38,122.52,122.38,122.51,1629.0,30.0,122.45875
AEP,2026-09-01 18:15:00+00:00,122.58,122.77,122.58,122.67,1430.0,33.0,122.671429
AEP,2026-09-01 18:20:00+00:00,122.49,122.49,122.49,122.49,234.0,8.0,122.49
AEP,2026-09-01 18:25:00+00:00,122.23,122.23,122.2,122.21,1564.0,39.0,122.2125
AEP,2026-09-01 18:35:00+00:00,122.36,122.36,122.36,122.36,361.0,7.0,122.36
AEP,2026-09-01 18:45:00+00:00,122.46,122.48,122.45,122.45,594.0,12.0,122.46
AEP,2026-09-01 18:55:00+00:00,122.49,122.49,122.49,122.49,102.0,3.0,122.49
AEP,2026-09-01 19:00:00+00:00,122.47,122.47,122.47,122.47,320.0,7.0,122.47
AEP,2026-09-01 19:05:00+00:00,122.575,122.625,122.575,122.625,375.0,10.0,122.6
AEP,2026-09-01 19:10:00+00:00,122.77,122.77,122.7,122.7,440.0,17.0,122.735
AEP,2026-09-01 19:15:00+00:00,122.73,122.75,122.7,122.7,789.0,19.0,122.726667
AEP,2026-09-01 19:20:00+00:00,122.7,122.7,122.67,122.69,501.0,11.0,122.6875
AEP,2026-09-01 19:25:00+00:00,122.735,122.735,122.72,122.72,339.0,9.0,122.728478
AEP,2026-09-01 19:30:00+00:00,122.77,122.89,122.77,122.89,1421.0,38.0,122.835
AEP,2026-09-01 19:35:00+00:00,122.86,122.9,122.81,122.82,1450.0,39.0,122.848571
AEP,2026-09-01 19:40:00+00:00,122.855,122.855,122.85,122.85,691.0,18.0,122.8525
AEP,2026-09-01 19:45:00+00:00,122.81,122.87,122.81,122.865,1070.0,29.0,122.843
AEP,2026-09-01 19:50:00+00:00,122.88,122.965,122.865,122.865,4598.0,63.0,122.940588
AEP,2026-09-01 19:55:00+00:00,122.89,123.0,122.72,123.0,9661.0,187.0,122.905595
AEP,2026-09-02 13:30:00+00:00,122.85,122.85,121.97,121.97,552.0,8.0,122.19
AEP,2026-09-02 13:35:00+00:00,121.94,121.94,121.94,121.94,208.0,3.0,121.94
AEP,2026-09-02 13:45:00+00:00,121.86,121.86,121.54,121.54,2074.0,41.0,121.653636
AEP,2026-09-02 13:50:00+00:00,121.61,121.65,121.61,121.65,348.0,9.0,121.63
AEP,2026-09-02 13:55:00+00:00,121.83,121.83,121.64,121.64,384.0,9.0,121.735
AEP,2026-09-02 14:00:00+00:00,121.885,121.98,121.885,121.975,769.0,13.0,121.958
AEP,2026-09-02 14:05:00+00:00,122.165,122.19,122.04,122.12,3501.0,48.0,122.121073
AEP,2026-09-02 14:10:00+00:00,121.97,122.75,121.97,122.695,4109.0,60.0,122.309649
AEP,2026-09-02 14:15:00+00:00,122.725,122.81,122.7,122.81,1200.0,38.0,122.7375
AEP,2026-09-02 14:20:00+00:00,122.73,122.76,122.56,122.56,868.0,14.0,122.657143
AEP,2026-09-02 14:25:00+00:00,122.595,122.595,122.575,122.575,1076.0,19.0,122.5825
AEP,2026-09-02 14:30:00+00:00,122.48,122.485,122.41,122.475,1575.0,30.0,122.467857
AEP,2026-09-02 14:35:00+00:00,122.4,122.64,122.38,122.64,788.0,14.0,122.494265
AEP,2026-09-02 14:40:00+00:00,122.64,122.64,122.45,122.45,888.0,20.0,122.548
AEP,2026-09-02 14:45:00+00:00,122.36,122.36,122.23,122.23,984.0,18.0,122.3175
AEP,2026-09-02 14:50:00+00:00,122.46,122.71,122.445,122.71,780.0,14.0,122.564
AEP,2026-09-02 14:55:00+00:00,122.8,122.9,122.77,122.81,1448.0,36.0,122.825714
AEP,2026-09-02 15:00:00+00:00,122.815,122.815,122.645,122.645,854.0,16.0,122.7325
AEP,2026-09-02 15:05:00+00:00,122.69,122.885,122.69,122.885,1243.0,25.0,122.792691
AEP,2026-09-02 15:10:00+00:00,122.88,122.93,122.85,122.85,1287.0,19.0,122.8675
AEP,2026-09-02 15:15:00+00:00,122.87,122.895,122.87,122.895,227.0,6.0,122.882864
AEP,2026-09-02 15:20:00+00:00,123.07,123.07,123.07,123.07,373.0,6.0,123.07
AEP,2026-09-02 15:25:00+00:00,123.145,123.23,123.145,123.23,621.0,24.0,123.18
AEP,2026-09-02 15:30:00+00:00,123.345,123.345,123.33,123.33,323.0,11.0,123.3375
AEP,2026-09-02 15:35:00+00:00,123.24,123.24,123.17,123.2,894.0,15.0,123.207528
AEP,2026-09-02 15:40:00+00:00,123.14,123.14,123.14,123.14,221.0,5.0,123.14
AEP,2026-09-02 15:50:00+00:00,123.145,123.145,123.13,123.13,437.0,8.0,123.1375
AEP,2026-09-02 15:55:00+00:00,123.09,123.09,123.09,123.09,753.0,14.0,123.09
AEP,2026-09-02 16:05:00+00:00,123.24,123.275,123.24,123.26,819.0,13.0,123.259195
AEP,2026-09-02 16:10:00+00:00,123.245,123.245,123.245,123.245,506.0,2.0,123.245
AEP,2026-09-02 16:15:00+00:00,123.24,123.24,123.24,123.24,226.0,4.0,123.24
AEP,2026-09-02 16:20:00+00:00,123.325,123.33,123.275,123.275,870.0,14.0,123.31375
AEP,2026-09-02 16:25:00+00:00,123.34,123.355,123.34,123.355,367.0,9.0,123.3475
AEP,2026-09-02 16:30:00+00:00,123.32,123.335,123.32,123.325,621.0,17.0,123.326667
AEP,2026-09-02 16:35:00+00:00,123.33,123.33,123.17,123.2,1246.0,24.0,123.231147
AEP,2026-09-02 16:40:00+00:00,123.24,123.24,123.155,123.18,1347.0,36.0,123.200455
AEP,2026-09-02 16:45:00+00:00,123.14,123.2,123.14,123.2,1376.0,27.0,123.163144
AEP,2026-09-02 16:50:00+00:00,123.2,123.21,123.08,123.08,796.0,16.0,123.17125
AEP,2026-09-02 16:55:00+00:00,123.12,123.13,123.12,123.12,621.0,16.0,123.123333
AEP,2026-09-02 17:00:00+00:00,123.1,123.16,123.1,123.12,2913.0,50.0,123.126071
AEP,2026-09-02 17:05:00+00:00,123.145,123.3,123.145,123.3,620.0,13.0,123.215
AEP,2026-09-02 17:10:00+00:00,123.34,123.34,123.34,123.34,323.0,6.0,123.34
AEP,2026-09-02 17:15:00+00:00,123.37,123.375,123.36,123.375,357.0,6.0,123.368333
AEP,2026-09-02 17:20:00+00:00,123.33,123.38,123.33,123.33,911.0,15.0,123.349
AEP,2026-09-02 17:25:00+00:00,123.37,123.445,123.36,123.415,1227.0,26.0,123.385714
AEP,2026-09-02 17:30:00+00:00,123.51,123.51,123.49,123.49,947.0,20.0,123.5
AEP,2026-09-02 17:35:00+00:00,123.5,123.52,123.5,123.52,661.0,10.0,123.512
AEP,2026-09-02 17:40:00+00:00,123.46,123.555,123.46,123.555,870.0,13.0,123.519
AEP,2026-09-02 17:45:00+00:00,123.55,123.55,123.545,123.545,428.0,9.0,123.5475
AEP,2026-09-02 17:50:00+00:00,123.56,123.56,123.49,123.49,551.0,16.0,123.519126
AEP,2026-09-02 17:55:00+00:00,123.38,123.38,123.38,123.38,282.0,7.0,123.38
AEP,2026-09-02 18:00:00+00:00,123.41,123.415,123.41,123.415,344.0,6.0,123.4125
AEP,2026-09-02 18:05:00+00:00,123.475,123.475,123.45,123.45,512.0,10.0,123.465
AEP,2026-09-02 18:10:00+00:00,123.48,123.58,123.48,123.58,1446.0,39.0,123.558125
AEP,2026-09-02 18:15:00+00:00,123.62,123.62,123.595,123.595,417.0,7.0,123.6075
AEP,2026-09-02 18:20:00+00:00,123.7,123.805,123.7,123.775,3024.0,16.0,123.718704
AEP,2026-09-02 18:25:00+00:00,123.75,123.75,123.75,123.75,422.0,13.0,123.75
AEP,2026-09-02 18:30:00+00:00,123.735,123.8,123.725,123.745,1001.0,20.0,123.742341
AEP,2026-09-02 18:35:00+00:00,123.845,123.85,123.805,123.85,1044.0,32.0,123.83375
AEP,2026-09-02 18:40:00+00:00,123.88,123.88,123.85,123.88,1331.0,34.0,123.868889
AEP,2026-09-02 18:45:00+00:00,123.86,123.885,123.76,123.76,2469.0,35.0,123.841905
AEP,2026-09-02 18:50:00+00:00,123.74,123.8,123.74,123.78,877.0,19.0,123.782935
AEP,2026-09-02 18:55:00+00:00,123.755,123.77,123.695,123.72,1406.0,20.0,123.7325
AEP,2026-09-02 19:00:00+00:00,123.72,123.72,123.66,123.69,1040.0,18.0,123.7025
AEP,2026-09-02 19:05:00+00:00,123.65,123.65,123.6,123.62,1364.0,22.0,123.616667
AEP,2026-09-02 19:10:00+00:00,123.7,123.7,123.7,123.7,107.0,3.0,123.7
AEP,2026-09-02 19:15:00+00:00,123.675,123.675,123.59,123.59,688.0,15.0,123.635
AEP,2026-09-02 19:20:00+00:00,123.53,123.55,123.53,123.55,304.0,11.0,123.54
AEP,2026-09-02 19:25:00+00:00,123.6,123.69,123.6,123.69,1963.0,28.0,123.657527
AEP,2026-09-02 19:30:00+00:00,123.8,123.84,123.76,123.76,2079.0,43.0,123.787896
AEP,2026-09-02 19:35:00+00:00,123.84,123.89,123.815,123.815,2817.0,35.0,123.859474
AEP,2026-09-02 19:40:00+00:00,123.8,123.86,123.75,123.86,2654.0,41.0,123.811214
AEP,2026-09-02 19:45:00+00:00,123.86,123.86,123.63,123.63,1833.0,39.0,123.712857
AEP,2026-09-02 19:50:00+00:00,123.54,123.775,123.54,123.64,6546.0,96.0,123.676909
AEP,2026-09-02 19:55:00+00:00,123.63,123.735,123.46,123.54,13896.0,311.0,123.562225
AEP,2026-09-03 13:30:00+00:00,123.95,123.95,123.69,123.905,841.0,9.0,123.842652
AEP,2026-09-03 13:35:00+00:00,123.73,123.95,123.715,123.885,6217.0,101.0,123.773395
AEP,2026-09-03 13:40:00+00:00,123.775,124.15,123.775,124.035,5107.0,76.0,123.978492
AEP,2026-09-03 13:45:00+00:00,123.795,123.855,123.795,123.855,529.0,7.0,123.843
AEP,2026-09-03 13:50:00+00:00,123.88,123.88,123.88,123.88,2201.0,24.0,123.88
AEP,2026-09-03 13:55:00+00:00,123.955,123.955,123.955,123.955,195.0,3.0,123.955
AEP,2026-09-03 14:00:00+00:00,123.935,123.935,123.78,123.78,369.0,7.0,123.8575
AEP,2026-09-03 14:10:00+00:00,124.07,124.085,124.07,124.085,803.0,17.0,124.078902
AEP,2026-09-03 14:20:00+00:00,123.99,123.99,123.99,123.99,382.0,4.0,123.99
AEP,2026-09-03 14:25:00+00:00,124.11,124.17,123.96,123.96,546.0,13.0,124.075348
AEP,2026-09-03 14:35:00+00:00,124.16,124.17,124.16,124.17,698.0,15.0,124.165
AEP,2026-09-03 14:40:00+00:00,124.18,124.44,124.18,124.44,1112.0,26.0,124.341667
AEP,2026-09-03 14:45:00+00:00,124.31,124.4,124.31,124.4,804.0,13.0,124.355
AEP,2026-09-03 14:55:00+00:00,124.275,124.275,124.24,124.24,512.0,10.0,124.261667
AEP,2026-09-03 15:00:00+00:00,124.29,124.29,124.29,124.29,286.0,5.0,124.29
AEP,2026-09-03 15:05:00+00:00,124.4,124.44,124.34,124.4,1134.0,21.0,124.383738
AEP,2026-09-03 15:10:00+00:00,124.385,124.455,124.34,124.455,924.0,18.0,124.40875
AEP,2026-09-03 15:15:00+00:00,124.435,124.435,124.435,124.435,328.0,7.0,124.435
AEP,2026-09-03 15:20:00+00:00,124.615,124.615,124.615,124.615,200.0,2.0,124.615
AEP,2026-09-03 15:25:00+00:00,124.62,124.64,124.58,124.64,1374.0,37.0,124.607
AEP,2026-09-03 15:30:00+00:00,124.82,124.82,124.82,124.82,479.0,8.0,124.82
AEP,2026-09-03 15:35:00+00:00,124.775,124.81,124.74,124.81,875.0,19.0,124.787
AEP,2026-09-03 15:40:00+00:00,124.845,124.875,124.845,124.85,1014.0,16.0,124.855
AEP,2026-09-03 15:45:00+00:00,124.88,124.88,124.88,124.88,170.0,2.0,124.88
AEP,2026-09-03 15:50:00+00:00,124.95,124.99,124.94,124.955,3683.0,38.0,124.966175
AEP,2026-09-03 16:00:00+00:00,124.89,124.89,124.89,124.89,655.0,15.0,124.89
AEP,2026-09-03 16:05:00+00:00,124.915,124.95,124.915,124.95,525.0,12.0,124.9325
AEP,2026-09-03 16:10:00+00:00,124.97,124.97,124.97,124.97,136.0,3.0,124.97
AEP,2026-09-03 16:20:00+00:00,124.93,124.93,124.93,124.93,204.0,4.0,124.93
AEP,2026-09-03 16:25:00+00:00,124.875,124.93,124.855,124.93,777.0,13.0,124.878
AEP,2026-09-03 16:30:00+00:00,124.94,125.03,124.935,125.03,880.0,21.0,124.957
AEP,2026-09-03 16:35:00+00:00,125.12,125.12,125.12,125.12,218.0,4.0,125.12
AEP,2026-09-03 16:40:00+00:00,125.18,125.18,125.18,125.18,197.0,6.0,125.18
AEP,2026-09-03 16:55:00+00:00,125.14,125.14,125.05,125.05,997.0,24.0,125.098
AEP,2026-09-03 17:05:00+00:00,124.9,124.905,124.84,124.905,746.0,18.0,124.88
AEP,2026-09-03 17:10:00+00:00,124.84,124.84,124.84,124.84,432.0,10.0,124.84
AEP,2026-09-03 17:20:00+00:00,125.03,125.03,125.03,125.03,265.0,7.0,125.03
AEP,2026-09-03 17:25:00+00:00,125.04,125.04,125.04,125.04,130.0,3.0,125.04
AEP,2026-09-03 17:30:00+00:00,125.01,125.01,125.01,125.01,289.0,9.0,125.01
AEP,2026-09-03 17:35:00+00:00,124.98,125.035,124.98,125.02,491.0,9.0,125.011667
AEP,2026-09-03 17:40:00+00:00,124.93,124.93,124.91,124.91,438.0,7.0,124.916667
AEP,2026-09-03 17:45:00+00:00,124.885,124.93,124.885,124.92,647.0,15.0,124.911667
AEP,2026-09-03 17:50:00+00:00,124.85,124.85,124.85,124.85,310.0,6.0,124.85
AEP,2026-09-03 17:55:00+00:00,124.88,124.88,124.865,124.865,333.0,6.0,124.8725
AEP,2026-09-03 18:00:00+00:00,124.89,124.93,124.89,124.93,585.0,15.0,124.913333
AEP,2026-09-03 18:05:00+00:00,124.91,124.91,124.8,124.8,525.0,15.0,124.84
AEP,2026-09-03 18:20:00+00:00,124.71,124.71,124.71,124.71,294.0,7.0,124.71
AEP,2026-09-03 18:30:00+00:00,124.67,124.67,124.67,124.67,246.0,3.0,124.67
AEP,2026-09-03 18:35:00+00:00,124.61,124.61,124.57,124.57,459.0,8.0,124.59
AEP,2026-09-03 18:40:00+00:00,124.51,124.54,124.51,124.54,834.0,16.0,124.522121
AEP,2026-09-03 18:45:00+00:00,124.6,124.67,124.6,124.67,1021.0,24.0,124.648544
AEP,2026-09-03 18:50:00+00:00,124.71,124.72,124.71,124.72,1510.0,25.0,124.715321
AEP,2026-09-03 18:55:00+00:00,124.74,124.74,124.74,124.74,131.0,2.0,124.74
AEP,2026-09-03 19:05:00+00:00,124.78,124.78,124.78,124.78,100.0,1.0,124.78
AEP,2026-09-03 19:10:00+00:00,124.685,124.685,124.56,124.635,1693.0,42.0,124.628333
AEP,2026-09-03 19:15:00+00:00,124.725,124.85,124.725,124.82,945.0,17.0,124.811642
AEP,2026-09-03 19:20:00+00:00,124.765,124.84,124.74,124.81,1193.0,24.0,124.793892
AEP,2026-09-03 19:25:00+00:00,124.79,124.82,124.785,124.82,995.0,14.0,124.799061
AEP,2026-09-03 19:30:00+00:00,124.825,124.84,124.81,124.84,713.0,15.0,124.824
AEP,2026-09-03 19:35:00+00:00,124.78,124.86,124.78,124.86,1300.0,30.0,124.824706
AEP,2026-09-03 19:40:00+00:00,124.805,124.815,124.745,124.745,1435.0,29.0,124.773333
AEP,2026-09-03 19:45:00+00:00,124.745,124.79,124.69,124.79,1875.0,42.0,124.726875
AEP,2026-09-03 19:50:00+00:00,124.72,124.75,124.595,124.645,3475.0,89.0,124.678334
AEP,2026-09-03 19:55:00+00:00,124.49,124.735,124.47,124.7,11468.0,259.0,124.611686
AEP,2026-09-04 13:30:00+00:00,124.61,125.115,124.61,125.115,323.0,6.0,124.8625
AEP,2026-09-04 13:35:00+00:00,125.04,125.07,125.04,125.07,1120.0,8.0,125.053083
AEP,2026-09-04 13:40:00+00:00,125.145,125.145,125.145,125.145,206.0,5.0,125.145
AEP,2026-09-04 13:45:00+00:00,125.29,125.385,125.285,125.31,560.0,9.0,125.3175
AEP,2026-09-04 14:00:00+00:00,125.04,125.04,125.04,125.04,200.0,3.0,125.04
AEP,2026-09-04 14:10:00+00:00,125.25,125.425,125.25,125.27,11242.0,236.0,125.365296
AEP,2026-09-04 14:15:00+00:00,125.285,125.38,125.27,125.28,5688.0,42.0,125.285916
AEP,2026-09-04 14:20:00+00:00,125.38,125.38,125.22,125.27,930.0,18.0,125.302
AEP,2026-09-04 14:25:00+00:00,125.36,125.45,125.36,125.45,340.0,10.0,125.405
AEP,2026-09-04 14:30:00+00:00,125.36,125.43,125.36,125.43,1492.0,34.0,125.378229
AEP,2026-09-04 14:35:00+00:00,125.34,125.34,125.325,125.33,642.0,10.0,125.329914
AEP,2026-09-04 14:40:00+00:00,125.27,125.27,125.13,125.13,311.0,10.0,125.2
AEP,2026-09-04 14:55:00+00:00,125.195,125.315,125.195,125.3,1355.0,32.0,125.248333
AEP,2026-09-04 15:00:00+00:00,125.32,125.32,125.32,125.32,420.0,13.0,125.32
AEP,2026-09-04 15:05:00+00:00,125.315,125.315,125.255,125.255,395.0,10.0,125.285
AEP,2026-09-04 15:10:00+00:00,125.32,125.32,125.32,125.32,205.0,4.0,125.32
AEP,2026-09-04 15:15:00+00:00,125.27,125.27,125.27,125.27,226.0,5.0,125.27
AEP,2026-09-04 15:20:00+00:00,125.15,125.15,125.15,125.15,465.0,10.0,125.15
AEP,2026-09-04 15:25:00+00:00,125.08,125.08,125.08,125.08,142.0,5.0,125.08
AEP,2026-09-04 15:35:00+00:00,124.93,124.93,124.805,124.805,352.0,9.0,124.8675
AEP,2026-09-04 15:45:00+00:00,124.88,125.0,124.88,125.0,243.0,5.0,124.94
AEP,2026-09-04 15:50:00+00:00,124.98,124.98,124.865,124.865,693.0,19.0,124.9225
AEP,2026-09-04 15:55:00+00:00,124.875,124.875,124.83,124.85,1286.0,32.0,124.861428
AEP,2026-09-04 16:00:00+00:00,124.94,124.94,124.94,124.94,450.0,25.0,124.94
AEP,2026-09-04 16:05:00+00:00,124.86,124.86,124.86,124.86,276.0,7.0,124.86
AEP,2026-09-04 16:20:00+00:00,124.93,124.95,124.93,124.95,557.0,25.0,124.94
AEP,2026-09-04 16:25:00+00:00,124.885,124.885,124.86,124.86,364.0,6.0,124.8725
AEP,2026-09-04 16:30:00+00:00,124.865,124.865,124.855,124.855,319.0,6.0,124.86
AEP,2026-09-04 16:35:00+00:00,124.8,124.82,124.65,124.695,2557.0,44.0,124.704346
AEP,2026-09-04 16:50:00+00:00,124.63,124.63,124.63,124.63,102.0,2.0,124.63
AEP,2026-09-04 17:10:00+00:00,124.65,124.65,124.65,124.65,100.0,1.0,124.65
AEP,2026-09-04 17:15:00+00:00,124.55,124.55,124.475,124.475,622.0,14.0,124.526779
AEP,2026-09-04 17:25:00+00:00,124.2,124.2,124.19,124.19,668.0,16.0,124.195
AEP,2026-09-04 17:30:00+00:00,124.03,124.03,124.01,124.01,523.0,9.0,124.018333
AEP,2026-09-04 17:35:00+00:00,124.08,124.08,124.08,124.08,152.0,3.0,124.08
AEP,2026-09-04 17:40:00+00:00,124.12,124.195,124.12,124.195,886.0,14.0,124.161667
AEP,2026-09-04 17:45:00+00:00,124.11,124.11,124.11,124.11,269.0,6.0,124.11
AEP,2026-09-04 17:50:00+00:00,124.14,124.15,124.14,124.15,504.0,9.0,124.145
AEP,2026-09-04 17:55:00+00:00,124.205,124.245,124.205,124.245,889.0,19.0,124.225
AEP,2026-09-04 18:00:00+00:00,124.21,124.26,124.21,124.26,350.0,5.0,124.235
AEP,2026-09-04 18:05:00+00:00,124.235,124.24,124.235,124.24,476.0,10.0,124.2375
AEP,2026-09-04 18:10:00+00:00,124.24,124.24,124.225,124.225,615.0,15.0,124.2325
AEP,2026-09-04 18:30:00+00:00,124.2,124.22,124.2,124.22,539.0,21.0,124.21
AEP,2026-09-04 18:40:00+00:00,124.22,124.22,124.22,124.22,298.0,10.0,124.22
AEP,2026-09-04 18:50:00+00:00,124.36,124.36,124.36,124.36,127.0,4.0,124.36
AEP,2026-09-04 18:55:00+00:00,124.4,124.4,124.4,124.4,649.0,10.0,124.4
AEP,2026-09-04 19:00:00+00:00,124.39,124.44,124.39,124.4,656.0,15.0,124.41
AEP,2026-09-04 19:05:00+00:00,124.41,124.41,124.41,124.41,173.0,5.0,124.41
AEP,2026-09-04 19:10:00+00:00,124.46,124.465,124.46,124.465,410.0,15.0,124.4625
AEP,2026-09-04 19:15:00+00:00,124.5,124.5,124.5,124.5,320.0,11.0,124.5
AEP,2026-09-04 19:20:00+00:00,124.61,124.61,124.61,124.61,531.0,19.0,124.61
AEP,2026-09-04 19:25:00+00:00,124.69,124.725,124.69,124.725,854.0,20.0,124.716617
AEP,2026-09-04 19:30:00+00:00,124.66,124.66,124.62,124.62,603.0,14.0,124.64
AEP,2026-09-04 19:40:00+00:00,124.475,124.635,124.475,124.62,2566.0,63.0,124.582018
AEP,2026-09-04 19:45:00+00:00,124.6,124.6,124.455,124.455,1945.0,35.0,124.5475
AEP,2026-09-04 19:50:00+00:00,124.67,124.67,124.375,124.41,5483.0,60.0,124.542243
AEP,2026-09-04 19:55:00+00:00,124.39,124.56,124.35,124.47,18580.0,363.0,124.454614
AEP,2026-09-08 13:30:00+00:00,124.47,125.215,124.47,125.215,2121.0,31.0,124.897015
AEP,2026-09-08 13:35:00+00:00,125.375,125.375,125.06,125.065,1503.0,33.0,125.21
AEP,2026-09-08 13:40:00+00:00,125.0,125.34,125.0,125.34,294.0,5.0,125.17
AEP,2026-09-08 13:45:00+00:00,125.41,125.41,125.34,125.4,660.0,8.0,125.37367
AEP,2026-09-08 13:50:00+00:00,125.535,125.535,125.515,125.515,310.0,7.0,125.525
AEP,2026-09-08 13:55:00+00:00,125.48,125.52,125.415,125.415,1023.0,14.0,125.462257
AEP,2026-09-08 14:00:00+00:00,125.37,125.37,125.19,125.19,816.0,20.0,125.295
AEP,2026-09-08 14:05:00+00:00,125.42,125.62,125.42,125.62,752.0,12.0,125.548623
AEP,2026-09-08 14:10:00+00:00,125.745,125.75,125.745,125.75,420.0,10.0,125.7475
AEP,2026-09-08 14:15:00+00:00,125.56,125.56,125.56,125.56,204.0,4.0,125.56
AEP,2026-09-08 14:20:00+00:00,125.56,125.625,125.56,125.625,393.0,8.0,125.5925
AEP,2026-09-08 14:25:00+00:00,125.8,125.905,125.8,125.84,1502.0,26.0,125.864375
AEP,2026-09-08 14:30:00+00:00,125.915,125.975,125.915,125.975,441.0,12.0,125.943333
AEP,2026-09-08 14:35:00+00:00,126.065,126.265,126.065,126.26,744.0,13.0,126.131884
AEP,2026-09-08 14:40:00+00:00,126.165,126.315,126.165,126.21,1292.0,29.0,126.245625
AEP,2026-09-08 14:45:00+00:00,126.3,126.3,126.12,126.12,675.0,16.0,126.226667
AEP,2026-09-08 14:50:00+00:00,126.15,126.225,126.035,126.035,1325.0,37.0,126.11125
AEP,2026-09-08 14:55:00+00:00,125.83,125.885,125.75,125.83,1734.0,60.0,125.824454
AEP,2026-09-08 15:00:00+00:00,125.78,125.78,125.54,125.54,1706.0,41.0,125.64
AEP,2026-09-08 15:10:00+00:00,125.28,125.28,125.28,125.28,108.0,5.0,125.28
AEP,2026-09-08 15:20:00+00:00,125.445,125.445,125.36,125.36,238.0,3.0,125.4025
AEP,2026-09-08 15:25:00+00:00,125.49,125.49,125.475,125.475,325.0,5.0,125.4825
AEP,2026-09-08 15:30:00+00:00,125.66,125.66,125.64,125.64,398.0,8.0,125.65
AEP,2026-09-08 15:35:00+00:00,125.595,125.73,125.58,125.73,663.0,13.0,125.635
AEP,2026-09-08 15:40:00+00:00,125.81,125.81,125.71,125.71,648.0,27.0,125.76625
AEP,2026-09-08 15:45:00+00:00,125.78,125.81,125.765,125.765,1493.0,40.0,125.77559
AEP,2026-09-08 15:50:00+00:00,125.7,125.7,125.695,125.695,513.0,13.0,125.6975
AEP,2026-09-08 15:55:00+00:00,125.745,125.745,125.68,125.68,821.0,15.0,125.7075
AEP,2026-09-08 16:00:00+00:00,125.585,125.64,125.56,125.64,408.0,11.0,125.595298
AEP,2026-09-08 16:05:00+00:00,125.63,125.63,125.63,125.63,157.0,3.0,125.63
AEP,2026-09-08 16:10:00+00:00,125.69,125.855,125.67,125.855,763.0,16.0,125.735225
AEP,2026-09-08 16:15:00+00:00,125.785,125.785,125.625,125.71,3841.0,76.0,125.687659
AEP,2026-09-08 16:20:00+00:00,125.7,125.72,125.69,125.72,3074.0,82.0,125.698125
AEP,2026-09-08 16:30:00+00:00,125.5,125.51,125.48,125.51,443.0,7.0,125.496667
AEP,2026-09-08 16:35:00+00:00,125.615,125.615,125.56,125.565,785.0,11.0,125.576667
AEP,2026-09-08 16:45:00+00:00,125.42,125.42,125.42,125.42,111.0,2.0,125.42
AEP,2026-09-08 16:55:00+00:00,125.49,125.49,125.49,125.49,102.0,2.0,125.49
AEP,2026-09-08 17:00:00+00:00,125.505,125.505,125.505,125.505,194.0,4.0,125.505
AEP,2026-09-08 17:05:00+00:00,125.535,125.535,125.44,125.44,398.0,7.0,125.481667
AEP,2026-09-08 17:10:00+00:00,125.47,125.47,125.47,125.47,273.0,6.0,125.47
AEP,2026-09-08 17:15:00+00:00,125.415,125.48,125.415,125.48,571.0,9.0,125.436667
AEP,2026-09-08 17:20:00+00:00,125.48,125.61,125.48,125.61,297.0,10.0,125.545961
AEP,2026-09-08 17:25:00+00:00,125.665,125.665,125.665,125.665,417.0,17.0,125.665
AEP,2026-09-08 17:30:00+00:00,125.665,125.665,125.59,125.62,976.0,34.0,125.633
AEP,2026-09-08 17:40:00+00:00,125.45,125.45,125.45,125.45,390.0,23.0,125.45
AEP,2026-09-08 17:45:00+00:00,125.46,125.46,125.46,125.46,396.0,9.0,125.46
AEP,2026-09-08 17:50:00+00:00,125.42,125.54,125.42,125.54,528.0,8.0,125.4675
AEP,2026-09-08 17:55:00+00:00,125.52,125.585,125.52,125.585,236.0,5.0,125.5525
AEP,2026-09-08 18:05:00+00:00,125.71,125.75,125.635,125.635,596.0,11.0,125.71
AEP,2026-09-08 18:15:00+00:00,125.73,125.73,125.73,125.73,270.0,8.0,125.73
AEP,2026-09-08 18:20:00+00:00,125.89,125.89,125.88,125.88,382.0,11.0,125.886667
AEP,2026-09-08 18:25:00+00:00,125.89,125.89,125.885,125.885,576.0,13.0,125.888333
AEP,2026-09-08 18:30:00+00:00,125.81,125.97,125.81,125.97,315.0,8.0,125.89
AEP,2026-09-08 18:35:00+00:00,125.95,125.95,125.925,125.925,888.0,12.0,125.940112
AEP,2026-09-08 18:40:00+00:00,125.935,125.97,125.93,125.96,1561.0,26.0,125.940893
AEP,2026-09-08 18:45:00+00:00,125.99,126.04,125.85,125.85,950.0,24.0,125.94375
AEP,2026-09-08 18:50:00+00:00,125.88,125.95,125.88,125.95,637.0,12.0,125.903333
AEP,2026-09-08 18:55:00+00:00,125.9,125.9,125.9,125.9,277.0,6.0,125.9
AEP,2026-09-08 19:00:00+00:00,125.76,125.76,125.76,125.76,268.0,11.0,125.76
AEP,2026-09-08 19:05:00+00:00,125.82,125.92,125.78,125.92,690.0,18.0,125.817916
AEP,2026-09-08 19:10:00+00:00,126.01,126.01,125.965,125.965,756.0,18.0,125.9875
AEP,2026-09-08 19:15:00+00:00,125.91,125.91,125.91,125.91,170.0,5.0,125.91
AEP,2026-09-08 19:20:00+00:00,125.84,125.84,125.84,125.84,184.0,6.0,125.84
AEP,2026-09-08 19:25:00+00:00,125.8,125.8,125.74,125.75,2598.0,57.0,125.756658
AEP,2026-09-08 19:30:00+00:00,125.865,125.865,125.81,125.81,1162.0,12.0,125.833636
AEP,2026-09-08 19:35:00+00:00,125.8,125.8,125.8,125.8,103.0,3.0,125.8
AEP,2026-09-08 19:40:00+00:00,125.87,125.87,125.78,125.83,776.0,18.0,125.815
AEP,2026-09-08 19:45:00+00:00,125.81,125.92,125.73,125.805,3794.0,47.0,125.816269
AEP,2026-09-08 19:50:00+00:00,125.74,125.76,125.51,125.52,5747.0,70.0,125.677229
AEP,2026-09-08 19:55:00+00:00,125.37,125.53,125.355,125.445,14235.0,316.0,125.448233
AEP,2026-09-09 13:30:00+00:00,125.28,126.14,125.28,126.01,1396.0,29.0,125.809218
AEP,2026-09-09 13:35:00+00:00,126.01,126.01,125.76,125.76,641.0,13.0,125.851667
AEP,2026-09-09 13:40:00+00:00,125.43,125.43,125.43,125.43,107.0,2.0,125.43
AEP,2026-09-09 13:45:00+00:00,125.565,125.7,125.52,125.7,989.0,27.0,125.595
AEP,2026-09-09 13:50:00+00:00,125.605,125.69,125.605,125.69,535.0,10.0,125.6475
AEP,2026-09-09 13:55:00+00:00,125.445,125.49,125.235,125.235,717.0,16.0,125.409363
AEP,2026-09-09 14:00:00+00:00,125.43,125.5,125.43,125.5,488.0,12.0,125.465
AEP,2026-09-09 14:05:00+00:00,125.43,125.43,125.355,125.355,547.0,27.0,125.387751
AEP,2026-09-09 14:10:00+00:00,125.34,125.34,125.305,125.305,487.0,15.0,125.328333
AEP,2026-09-09 14:15:00+00:00,125.155,125.155,125.155,125.155,296.0,10.0,125.155
AEP,2026-09-09 14:20:00+00:00,125.225,125.32,125.205,125.205,1301.0,30.0,125.2375
AEP,2026-09-09 14:25:00+00:00,125.105,125.105,124.86,124.86,872.0,21.0,124.98125
AEP,2026-09-09 14:30:00+00:00,124.82,124.99,124.82,124.99,1603.0,38.0,124.91125
AEP,2026-09-09 14:35:00+00:00,125.02,125.04,124.905,125.04,1399.0,29.0,124.969
AEP,2026-09-09 14:40:00+00:00,125.05,125.05,124.99,124.99,496.0,14.0,125.02
AEP,2026-09-09 14:45:00+00:00,124.86,124.86,124.86,124.86,161.0,7.0,124.86
AEP,2026-09-09 14:50:00+00:00,124.8,124.8,124.74,124.74,658.0,11.0,124.763333
AEP,2026-09-09 14:55:00+00:00,124.74,124.765,124.715,124.765,921.0,17.0,124.73375
AEP,2026-09-09 15:00:00+00:00,124.76,124.79,124.44,124.44,1275.0,41.0,124.691064
AEP,2026-09-09 15:05:00+00:00,124.62,124.64,124.49,124.49,994.0,23.0,124.5825
AEP,2026-09-09 15:10:00+00:00,124.38,124.52,124.38,124.52,717.0,17.0,124.426667
AEP,2026-09-09 15:20:00+00:00,124.46,124.46,124.405,124.405,466.0,9.0,124.4325
AEP,2026-09-09 15:30:00+00:00,124.41,124.41,124.41,124.41,287.0,6.0,124.41
AEP,2026-09-09 15:40:00+00:00,124.27,124.27,124.27,124.27,650.0,13.0,124.27
AEP,2026-09-09 15:45:00+00:00,124.205,124.205,124.16,124.16,468.0,9.0,124.1825
AEP,2026-09-09 15:55:00+00:00,124.14,124.17,124.135,124.135,1191.0,26.0,124.15375
AEP,2026-09-09 16:00:00+00:00,124.13,124.215,124.13,124.215,1149.0,24.0,124.168333
AEP,2026-09-09 16:05:00+00:00,124.27,124.38,124.27,124.38,860.0,14.0,124.306667
AEP,2026-09-09 16:15:00+00:00,124.43,124.47,124.35,124.35,809.0,15.0,124.425
AEP,2026-09-09 16:20:00+00:00,124.365,124.365,124.365,124.365,482.0,13.0,124.365
AEP,2026-09-09 16:25:00+00:00,124.35,124.35,124.35,124.35,101.0,2.0,124.35
AEP,2026-09-09 16:30:00+00:00,124.245,124.245,124.245,124.245,210.0,6.0,124.245
AEP,2026-09-09 16:35:00+00:00,124.25,124.25,124.21,124.21,871.0,14.0,124.2275
AEP,2026-09-09 16:40:00+00:00,124.17,124.17,124.17,124.17,214.0,4.0,124.17
AEP,2026-09-09 16:45:00+00:00,124.165,124.165,124.045,124.045,249.0,4.0,124.105
AEP,2026-09-09 16:55:00+00:00,123.99,123.99,123.98,123.98,445.0,9.0,123.985238
AEP,2026-09-09 17:00:00+00:00,124.03,124.035,124.03,124.035,316.0,7.0,124.0325
AEP,2026-09-09 17:05:00+00:00,124.185,124.2,124.185,124.2,281.0,4.0,124.193304
AEP,2026-09-09 17:10:00+00:00,124.26,124.26,124.26,124.26,255.0,7.0,124.26
AEP,2026-09-09 17:20:00+00:00,124.09,124.09,124.09,124.09,135.0,2.0,124.09
AEP,2026-09-09 17:30:00+00:00,124.175,124.175,124.175,124.175,387.0,7.0,124.175
AEP,2026-09-09 17:35:00+00:00,124.25,124.25,124.25,124.25,370.0,5.0,124.25
AEP,2026-09-09 17:40:00+00:00,124.27,124.295,124.27,124.295,231.0,7.0,124.2825
AEP,2026-09-09 17:45:00+00:00,124.38,124.38,124.38,124.38,160.0,3.0,124.38
AEP,2026-09-09 17:50:00+00:00,124.385,124.515,124.385,124.515,994.0,33.0,124.472608
AEP,2026-09-09 17:55:00+00:00,124.575,124.575,124.545,124.545,586.0,17.0,124.557146
AEP,2026-09-09 18:00:00+00:00,124.57,124.64,124.57,124.595,1149.0,27.0,124.603693
AEP,2026-09-09 18:05:00+00:00,124.63,124.63,124.63,124.63,353.0,8.0,124.63
AEP,2026-09-09 18:10:00+00:00,124.76,124.76,124.7,124.7,651.0,13.0,124.735
AEP,2026-09-09 18:15:00+00:00,124.755,124.79,124.755,124.79,695.0,22.0,124.7725
AEP,2026-09-09 18:20:00+00:00,124.78,124.865,124.78,124.83,1243.0,32.0,124.820561
AEP,2026-09-09 18:25:00+00:00,124.83,124.86,124.82,124.82,418.0,9.0,124.8325
AEP,2026-09-09 18:30:00+00:00,124.855,124.855,124.855,124.855,830.0,19.0,124.855
AEP,2026-09-09 18:35:00+00:00,124.77,124.77,124.73,124.75,762.0,15.0,124.7525
AEP,2026-09-09 18:40:00+00:00,124.84,124.84,124.81,124.84,566.0,10.0,124.83
AEP,2026-09-09 18:45:00+00:00,124.845,124.845,124.78,124.78,374.0,7.0,124.808333
AEP,2026-09-09 18:50:00+00:00,124.6,124.62,124.595,124.62,495.0,11.0,124.6025
AEP,2026-09-09 18:55:00+00:00,124.66,124.66,124.65,124.65,473.0,8.0,124.655
AEP,2026-09-09 19:00:00+00:00,124.71,124.75,124.71,124.75,534.0,16.0,124.723333
AEP,2026-09-09 19:25:00+00:00,124.75,124.78,124.65,124.66,3898.0,58.0,124.741
AEP,2026-09-09 19:30:00+00:00,124.64,124.64,124.64,124.64,653.0,13.0,124.64
AEP,2026-09-09 19:35:00+00:00,124.58,124.695,124.58,124.655,1656.0,38.0,124.657314
AEP,2026-09-09 19:40:00+00:00,124.67,124.72,124.66,124.72,1290.0,36.0,124.6775
AEP,2026-09-09 19:45:00+00:00,124.75,124.765,124.68,124.68,2496.0,88.0,124.735714
AEP,2026-09-09 19:50:00+00:00,124.72,124.76,124.61,124.73,4249.0,146.0,124.685
AEP,2026-09-09 19:55:00+00:00,124.7,124.77,124.65,124.68,14227.0,270.0,124.697664
AEP,2026-09-10 13:30:00+00:00,125.3,125.64,125.3,125.48,1861.0,33.0,125.440318
AEP,2026-09-10 13:35:00+00:00,125.53,125.53,124.985,124.985,1519.0,19.0,125.307285
AEP,2026-09-10 13:40:00+00:00,125.12,125.44,125.12,125.44,1077.0,21.0,125.251667
AEP,2026-09-10 13:45:00+00:00,125.245,125.245,125.055,125.15,1504.0,13.0,125.175714
AEP,2026-09-10 13:50:00+00:00,124.9,124.9,124.78,124.78,724.0,12.0,124.810023
AEP,2026-09-10 13:55:00+00:00,124.525,124.59,124.36,124.48,715.0,18.0,124.463
AEP,2026-09-10 14:00:00+00:00,124.57,124.57,124.57,124.57,929.0,18.0,124.57
AEP,2026-09-10 14:05:00+00:00,124.59,124.68,124.545,124.67,1007.0,15.0,124.607
AEP,2026-09-10 14:10:00+00:00,124.87,124.88,124.87,124.88,502.0,14.0,124.875
AEP,2026-09-10 14:15:00+00:00,125.07,125.305,125.07,125.305,6347.0,86.0,125.264423
AEP,2026-09-10 14:20:00+00:00,125.18,125.18,124.93,124.93,652.0,13.0,125.0925
AEP,2026-09-10 14:25:00+00:00,125.07,125.07,124.88,124.88,518.0,8.0,124.952519
AEP,2026-09-10 14:30:00+00:00,124.865,124.865,124.805,124.805,862.0,13.0,124.847
AEP,2026-09-10 14:35:00+00:00,124.935,124.965,124.825,124.825,1232.0,20.0,124.904167
AEP,2026-09-10 14:40:00+00:00,124.56,124.56,124.34,124.34,1958.0,31.0,124.413691
AEP,2026-09-10 14:45:00+00:00,124.325,124.325,124.185,124.27,2147.0,38.0,124.210816
AEP,2026-09-10 14:55:00+00:00,124.295,124.325,124.26,124.26,491.0,15.0,124.293333
AEP,2026-09-10 15:00:00+00:00,124.26,124.26,124.235,124.235,419.0,9.0,124.2475
AEP,2026-09-10 15:05:00+00:00,124.24,124.24,124.24,124.24,130.0,2.0,124.24
AEP,2026-09-10 15:10:00+00:00,124.0,124.02,123.92,123.92,2025.0,38.0,123.9715
AEP,2026-09-10 15:15:00+00:00,123.985,124.1,123.985,124.09,605.0,13.0,124.06
AEP,2026-09-10 15:20:00+00:00,124.04,124.04,123.87,123.87,4199.0,40.0,123.954282
AEP,2026-09-10 15:25:00+00:00,123.88,123.94,123.79,123.85,2207.0,40.0,123.878936
AEP,2026-09-10 15:30:00+00:00,123.7,123.79,123.7,123.79,459.0,9.0,123.755
AEP,2026-09-10 15:35:00+00:00,123.77,123.77,123.73,123.73,1091.0,13.0,123.7375
AEP,2026-09-10 15:40:00+00:00,123.735,123.815,123.725,123.815,1730.0,22.0,123.776297
AEP,2026-09-10 15:45:00+00:00,123.84,123.84,123.73,123.73,1431.0,20.0,123.770196
AEP,2026-09-10 15:50:00+00:00,123.695,124.02,123.695,124.01,2311.0,25.0,123.967105
AEP,2026-09-10 15:55:00+00:00,123.99,124.06,123.99,124.06,834.0,17.0,124.02
AEP,2026-09-10 16:00:00+00:00,124.02,124.02,123.97,123.97,794.0,21.0,123.9975
AEP,2026-09-10 16:05:00+00:00,123.81,123.81,123.81,123.81,201.0,7.0,123.81
AEP,2026-09-10 16:10:00+00:00,123.79,123.82,123.79,123.81,776.0,16.0,123.806667
AEP,2026-09-10 16:15:00+00:00,123.8,123.905,123.8,123.88,1040.0,16.0,123.855556
AEP,2026-09-10 16:20:00+00:00,123.9,123.92,123.84,123.92,1751.0,22.0,123.883674
AEP,2026-09-10 16:25:00+00:00,123.89,123.915,123.86,123.915,661.0,10.0,123.889167
AEP,2026-09-10 16:30:00+00:00,123.97,123.97,123.78,123.78,1584.0,30.0,123.846621
AEP,2026-09-10 16:35:00+00:00,123.715,123.715,123.715,123.715,176.0,3.0,123.715
AEP,2026-09-10 16:40:00+00:00,123.86,123.86,123.83,123.83,213.0,4.0,123.845
AEP,2026-09-10 16:50:00+00:00,123.84,123.84,123.74,123.74,815.0,14.0,123.788248
AEP,2026-09-10 16:55:00+00:00,123.73,123.73,123.6,123.6,864.0,18.0,123.694286
AEP,2026-09-10 17:00:00+00:00,123.695,123.76,123.69,123.69,758.0,18.0,123.713
AEP,2026-09-10 17:05:00+00:00,123.7,123.72,123.65,123.65,1135.0,27.0,123.687167
AEP,2026-09-10 17:15:00+00:00,123.56,123.59,123.56,123.59,308.0,9.0,123.575
AEP,2026-09-10 17:20:00+00:00,123.73,123.73,123.615,123.615,1425.0,15.0,123.661507
AEP,2026-09-10 17:25:00+00:00,123.605,123.605,123.605,123.605,100.0,1.0,123.605
AEP,2026-09-10 17:30:00+00:00,123.655,123.75,123.655,123.75,408.0,8.0,123.695
AEP,2026-09-10 17:35:00+00:00,123.86,123.935,123.83,123.83,1632.0,19.0,123.872199
AEP,2026-09-10 17:40:00+00:00,123.76,123.84,123.76,123.84,705.0,16.0,123.802601
AEP,2026-09-10 17:45:00+00:00,123.9,123.9,123.9,123.9,100.0,1.0,123.9
AEP,2026-09-10 17:50:00+00:00,123.85,123.86,123.83,123.86,1317.0,21.0,123.840861
AEP,2026-09-10 17:55:00+00:00,123.86,123.86,123.86,123.86,405.0,7.0,123.86
AEP,2026-09-10 18:00:00+00:00,123.95,124.03,123.92,123.92,1646.0,22.0,123.956
AEP,2026-09-10 18:05:00+00:00,123.91,123.91,123.91,123.91,110.0,2.0,123.91
AEP,2026-09-10 18:10:00+00:00,123.91,123.975,123.895,123.975,1304.0,20.0,123.928571
AEP,2026-09-10 18:15:00+00:00,124.04,124.045,124.01,124.01,562.0,8.0,124.027959
AEP,2026-09-10 18:20:00+00:00,123.98,124.0,123.98,124.0,461.0,6.0,123.987562
AEP,2026-09-10 18:25:00+00:00,123.96,123.99,123.96,123.99,964.0,19.0,123.97367
AEP,2026-09-10 18:30:00+00:00,123.925,123.93,123.87,123.87,602.0,9.0,123.90875
AEP,2026-09-10 18:35:00+00:00,123.9,123.97,123.9,123.97,878.0,31.0,123.959884
AEP,2026-09-10 18:40:00+00:00,123.975,124.005,123.96,124.005,667.0,11.0,123.97875
AEP,2026-09-10 18:45:00+00:00,124.02,124.055,124.02,124.05,1627.0,24.0,124.039545
AEP,2026-09-10 18:50:00+00:00,124.05,124.06,124.02,124.03,2452.0,30.0,124.038252
AEP,2026-09-10 18:55:00+00:00,124.02,124.02,124.0,124.0,813.0,18.0,124.012114
AEP,2026-09-10 19:00:00+00:00,123.93,123.95,123.93,123.94,594.0,19.0,123.94
AEP,2026-09-10 19:05:00+00:00,123.98,123.98,123.885,123.93,1787.0,51.0,123.928651
AEP,2026-09-10 19:10:00+00:00,123.92,123.93,123.85,123.9,3943.0,52.0,123.892037
AEP,2026-09-10 19:15:00+00:00,123.87,123.87,123.77,123.77,5772.0,81.0,123.840565
AEP,2026-09-10 19:20:00+00:00,123.79,123.79,123.67,123.67,889.0,29.0,123.708126
AEP,2026-09-10 19:25:00+00:00,123.705,123.75,123.705,123.75,412.0,14.0,123.728333
AEP,2026-09-10 19:30:00+00:00,123.79,123.79,123.72,123.72,568.0,19.0,123.758889
AEP,2026-09-10 19:35:00+00:00,123.86,123.91,123.83,123.91,2054.0,43.0,123.846364
AEP,2026-09-10 19:40:00+00:00,123.81,123.94,123.81,123.94,1859.0,49.0,123.866875
AEP,2026-09-10 19:45:00+00:00,123.885,123.885,123.78,123.815,1343.0,36.0,123.817229
AEP,2026-09-10 19:50:00+00:00,123.73,123.73,123.605,123.68,6558.0,124.0,123.684729
AEP,2026-09-10 19:55:00+00:00,123.65,123.7,123.4,123.47,14581.0,297.0,123.602404
AEP,2026-09-11 13:30:00+00:00,124.22,124.22,124.22,124.22,220.0,4.0,124.22
AEP,2026-09-11 13:35:00+00:00,124.13,124.185,124.06,124.06,612.0,11.0,124.125
AEP,2026-09-11 13:40:00+00:00,124.18,124.18,124.07,124.08,1025.0,19.0,124.098489
AEP,2026-09-11 13:45:00+00:00,124.18,124.43,124.18,124.37,1706.0,26.0,124.307681
AEP,2026-09-11 13:50:00+00:00,124.24,124.24,124.01,124.01,998.0,15.0,124.158333
AEP,2026-09-11 13:55:00+00:00,124.155,124.155,124.085,124.09,901.0,11.0,124.105
AEP,2026-09-11 14:00:00+00:00,124.04,124.08,124.025,124.04,1041.0,19.0,124.04625
AEP,2026-09-11 14:05:00+00:00,124.06,124.06,123.94,123.94,1412.0,25.0,124.000025
AEP,2026-09-11 14:10:00+00:00,123.915,123.935,123.8,123.8,584.0,9.0,123.89125
AEP,2026-09-11 14:15:00+00:00,124.005,124.1,124.005,124.08,704.0,10.0,124.041
AEP,2026-09-11 14:20:00+00:00,123.97,123.99,123.97,123.99,542.0,10.0,123.98
AEP,2026-09-11 14:25:00+00:00,123.84,123.895,123.78,123.895,1059.0,12.0,123.808889
AEP,2026-09-11 14:30:00+00:00,123.76,123.76,123.69,123.74,1077.0,18.0,123.740821
AEP,2026-09-11 14:35:00+00:00,123.6,123.68,123.59,123.68,783.0,17.0,123.62003
AEP,2026-09-11 14:40:00+00:00,123.59,123.59,123.59,123.59,405.0,2.0,123.59
AEP,2026-09-11 14:45:00+00:00,123.59,123.695,123.59,123.695,579.0,16.0,123.6425
AEP,2026-09-11 14:50:00+00:00,123.56,123.66,123.54,123.54,1720.0,23.0,123.57745
AEP,2026-09-11 14:55:00+00:00,123.45,123.54,123.41,123.54,1670.0,30.0,123.445625
AEP,2026-09-11 15:00:00+00:00,123.36,123.42,123.35,123.42,963.0,6.0,123.3841
AEP,2026-09-11 15:05:00+00:00,123.41,123.41,123.41,123.41,461.0,8.0,123.41
AEP,2026-09-11 15:10:00+00:00,123.34,123.34,123.23,123.23,1331.0,9.0,123.303904
AEP,2026-09-11 15:15:00+00:00,123.29,123.35,123.15,123.15,1779.0,21.0,123.259275
AEP,2026-09-11 15:20:00+00:00,123.28,123.28,123.28,123.28,125.0,3.0,123.28
AEP,2026-09-11 15:25:00+00:00,123.44,123.58,123.44,123.5,1908.0,35.0,123.508356
AEP,2026-09-11 15:30:00+00:00,123.51,123.53,123.51,123.53,370.0,5.0,123.52
AEP,2026-09-11 15:35:00+00:00,123.48,123.48,123.48,123.48,493.0,8.0,123.48
AEP,2026-09-11 15:40:00+00:00,123.55,123.67,123.48,123.67,1450.0,18.0,123.611364
AEP,2026-09-11 15:45:00+00:00,123.73,123.78,123.72,123.78,460.0,4.0,123.741238
AEP,2026-09-11 15:50:00+00:00,123.72,123.72,123.66,123.69,1243.0,14.0,123.681818
AEP,2026-09-11 15:55:00+00:00,123.7,123.7,123.68,123.68,1204.0,16.0,123.694216
AEP,2026-09-11 16:00:00+00:00,123.73,123.73,123.69,123.69,500.0,8.0,123.718636
AEP,2026-09-11 16:05:00+00:00,123.65,123.65,123.65,123.65,239.0,2.0,123.65
AEP,2026-09-11 16:10:00+00:00,123.7,123.7,123.57,123.575,2735.0,32.0,123.646549
AEP,2026-09-11 16:15:00+00:00,123.5,123.5,123.5,123.5,483.0,6.0,123.5
AEP,2026-09-11 16:20:00+00:00,123.56,123.56,123.56,123.56,519.0,6.0,123.56
AEP,2026-09-11 16:25:00+00:00,123.585,123.64,123.585,123.64,458.0,7.0,123.611497
AEP,2026-09-11 16:30:00+00:00,123.78,123.79,123.78,123.79,577.0,11.0,123.788
AEP,2026-09-11 16:35:00+00:00,123.8,123.81,123.8,123.8,651.0,12.0,123.8025
AEP,2026-09-11 16:40:00+00:00,123.745,123.75,123.63,123.63,2074.0,14.0,123.713305
AEP,2026-09-11 16:45:00+00:00,123.69,123.69,123.69,123.69,100.0,1.0,123.69
AEP,2026-09-11 16:50:00+00:00,123.7,123.72,123.69,123.71,1963.0,48.0,123.71267
AEP,2026-09-11 16:55:00+00:00,123.71,123.71,123.71,123.71,368.0,21.0,123.71
AEP,2026-09-11 17:00:00+00:00,123.79,123.8,123.74,123.74,729.0,11.0,123.776667
AEP,2026-09-11 17:05:00+00:00,123.65,123.69,123.63,123.69,1486.0,17.0,123.671258
AEP,2026-09-11 17:10:00+00:00,123.78,123.78,123.72,123.72,2176.0,24.0,123.732334
AEP,2026-09-11 17:15:00+00:00,123.79,123.79,123.79,123.79,750.0,23.0,123.79
AEP,2026-09-11 17:20:00+00:00,123.88,123.9,123.855,123.855,3143.0,47.0,123.87645
AEP,2026-09-11 17:25:00+00:00,123.86,123.86,123.83,123.83,1340.0,37.0,123.851419
AEP,2026-09-11 17:30:00+00:00,123.86,123.92,123.81,123.9,1695.0,33.0,123.88712
AEP,2026-09-11 17:35:00+00:00,123.92,123.92,123.91,123.92,839.0,8.0,123.917903
AEP,2026-09-11 17:40:00+00:00,123.9,123.92,123.9,123.91,313.0,3.0,123.910415
AEP,2026-09-11 17:45:00+00:00,123.9,123.94,123.9,123.94,1093.0,9.0,123.917131
AEP,2026-09-11 17:50:00+00:00,123.98,124.0,123.95,123.95,1972.0,22.0,123.987472
AEP,2026-09-11 17:55:00+00:00,123.9,123.98,123.9,123.97,1492.0,12.0,123.942412
AEP,2026-09-11 18:00:00+00:00,124.01,124.06,124.0,124.0,2239.0,30.0,124.033626
AEP,2026-09-11 18:05:00+00:00,124.07,124.07,124.04,124.055,1539.0,23.0,124.062219
AEP,2026-09-11 18:10:00+00:00,124.08,124.08,124.04,124.04,1188.0,15.0,124.072096
AEP,2026-09-11 18:15:00+00:00,124.02,124.03,123.94,123.97,2627.0,24.0,123.99375
AEP,2026-09-11 18:20:00+00:00,124.02,124.02,123.87,123.88,2907.0,38.0,123.978242
AEP,2026-09-11 18:25:00+00:00,123.9,123.9,123.76,123.76,1753.0,25.0,123.815396
AEP,2026-09-11 18:30:00+00:00,123.81,123.81,123.765,123.765,1564.0,25.0,123.795035
AEP,2026-09-11 18:35:00+00:00,123.71,123.71,123.66,123.68,2163.0,25.0,123.667435
AEP,2026-09-11 18:40:00+00:00,123.68,123.68,123.68,123.68,1137.0,13.0,123.68
AEP,2026-09-11 18:45:00+00:00,123.7,123.73,123.67,123.71,2174.0,26.0,123.69672
AEP,2026-09-11 18:50:00+00:00,123.66,123.66,123.54,123.54,437.0,6.0,123.603396
AEP,2026-09-11 18:55:00+00:00,123.56,123.565,123.56,123.565,337.0,4.0,123.563333
AEP,2026-09-11 19:00:00+00:00,123.65,123.65,123.64,123.64,345.0,10.0,123.643257
AEP,2026-09-11 19:05:00+00:00,123.66,123.68,123.61,123.61,1637.0,18.0,123.669978
AEP,2026-09-11 19:10:00+00:00,123.56,123.56,123.51,123.51,1764.0,29.0,123.533846
AEP,2026-09-11 19:15:00+00:00,123.53,123.53,123.46,123.46,805.0,19.0,123.482461
AEP,2026-09-11 19:20:00+00:00,123.4,123.4,123.39,123.39,665.0,11.0,123.396024
AEP,2026-09-11 19:25:00+00:00,123.375,123.375,123.32,123.37,1580.0,44.0,123.34735
AEP,2026-09-11 19:30:00+00:00,123.37,123.39,123.34,123.39,1629.0,39.0,123.361926
AEP,2026-09-11 19:35:00+00:00,123.31,123.32,123.27,123.28,2197.0,31.0,123.300332
AEP,2026-09-11 19:40:00+00:00,123.3,123.37,123.28,123.37,2440.0,48.0,123.314517
AEP,2026-09-11 19:45:00+00:00,123.36,123.36,123.215,123.23,3966.0,58.0,123.270288
AEP,2026-09-11 19:50:00+00:00,123.05,123.21,122.925,123.15,10783.0,155.0,123.062594
AEP,2026-09-11 19:55:00+00:00,123.29,123.46,123.29,123.38,6981.0,175.0,123.37226
AEP,2026-09-14 13:30:00+00:00,123.45,123.71,123.39,123.71,614.0,14.0,123.53
AEP,2026-09-14 13:40:00+00:00,123.73,123.73,123.73,123.73,242.0,4.0,123.73
AEP,2026-09-14 13:45:00+00:00,123.495,123.54,123.305,123.48,1457.0,25.0,123.429286
AEP,2026-09-14 13:50:00+00:00,123.36,123.36,123.33,123.33,290.0,5.0,123.345714
AEP,2026-09-14 13:55:00+00:00,122.845,122.845,122.845,122.845,659.0,12.0,122.845
AEP,2026-09-14 14:00:00+00:00,122.365,122.37,122.365,122.37,707.0,8.0,122.367857
AEP,2026-09-14 14:05:00+00:00,122.24,122.24,122.02,122.02,446.0,11.0,122.102408
AEP,2026-09-14 14:10:00+00:00,122.17,122.17,122.17,122.17,179.0,4.0,122.17
AEP,2026-09-14 14:15:00+00:00,122.57,122.57,122.57,122.57,187.0,6.0,122.57
AEP,2026-09-14 14:20:00+00:00,122.605,122.605,122.54,122.54,667.0,10.0,122.58875
AEP,2026-09-14 14:25:00+00:00,122.35,122.38,122.35,122.38,727.0,10.0,122.3575
AEP,2026-09-14 14:30:00+00:00,122.105,122.105,122.105,122.105,502.0,8.0,122.105
AEP,2026-09-14 14:35:00+00:00,122.04,122.04,122.04,122.04,239.0,7.0,122.04
AEP,2026-09-14 14:45:00+00:00,121.85,121.85,121.85,121.85,195.0,4.0,121.85
AEP,2026-09-14 15:00:00+00:00,121.87,121.87,121.87,121.87,236.0,8.0,121.87
AEP,2026-09-14 15:05:00+00:00,122.215,122.24,122.215,122.24,586.0,13.0,122.228333
AEP,2026-09-14 15:25:00+00:00,122.15,122.15,122.025,122.035,1276.0,32.0,122.065
AEP,2026-09-14 15:30:00+00:00,122.095,122.12,122.07,122.12,1011.0,31.0,122.099488
AEP,2026-09-14 15:40:00+00:00,122.11,122.16,122.11,122.15,464.0,11.0,122.14
AEP,2026-09-14 15:45:00+00:00,122.285,122.29,122.285,122.29,346.0,12.0,122.2875
AEP,2026-09-14 15:50:00+00:00,122.15,122.23,122.15,122.23,400.0,6.0,122.203333
AEP,2026-09-14 16:00:00+00:00,122.415,122.415,122.415,122.415,336.0,4.0,122.415
AEP,2026-09-14 16:25:00+00:00,122.16,122.2,122.16,122.2,1254.0,25.0,122.185
AEP,2026-09-14 16:40:00+00:00,122.27,122.27,122.27,122.27,103.0,2.0,122.27
AEP,2026-09-14 16:45:00+00:00,122.25,122.25,122.25,122.25,124.0,3.0,122.25
AEP,2026-09-14 16:50:00+00:00,122.32,122.35,122.285,122.3,1372.0,11.0,122.29973
AEP,2026-09-14 17:05:00+00:00,122.3,122.3,122.26,122.26,869.0,13.0,122.293333
AEP,2026-09-14 17:10:00+00:00,122.28,122.28,122.265,122.265,970.0,4.0,122.275
AEP,2026-09-14 17:20:00+00:00,122.195,122.195,122.08,122.08,2606.0,19.0,122.175
AEP,2026-09-14 17:25:00+00:00,122.09,122.09,122.09,122.09,140.0,5.0,122.09
AEP,2026-09-14 17:30:00+00:00,122.18,122.22,122.18,122.22,360.0,6.0,122.202609
AEP,2026-09-14 17:35:00+00:00,122.18,122.205,122.18,122.205,362.0,8.0,122.196667
AEP,2026-09-14 17:55:00+00:00,122.36,122.425,122.36,122.425,885.0,18.0,122.409815
AEP,2026-09-14 18:00:00+00:00,122.175,122.175,122.175,122.175,138.0,2.0,122.175
AEP,2026-09-14 18:05:00+00:00,122.11,122.11,122.11,122.11,114.0,3.0,122.11
AEP,2026-09-14 18:15:00+00:00,122.14,122.16,122.11,122.11,320.0,7.0,122.136667
AEP,2026-09-14 18:20:00+00:00,122.12,122.175,122.12,122.175,464.0,8.0,122.144123
AEP,2026-09-14 18:25:00+00:00,122.22,122.27,122.22,122.27,506.0,16.0,122.253333
AEP,2026-09-14 18:30:00+00:00,122.345,122.44,122.345,122.44,1109.0,30.0,122.371875
AEP,2026-09-14 18:35:00+00:00,122.49,122.52,122.49,122.52,896.0,31.0,122.51
AEP,2026-09-14 18:40:00+00:00,122.54,122.62,122.54,122.62,1404.0,22.0,122.58375
AEP,2026-09-14 18:45:00+00:00,122.66,122.78,122.66,122.78,557.0,8.0,122.7175
AEP,2026-09-14 18:50:00+00:00,122.755,122.77,122.755,122.77,969.0,21.0,122.757857
AEP,2026-09-14 18:55:00+00:00,122.81,122.82,122.81,122.82,784.0,18.0,122.816667
AEP,2026-09-14 19:00:00+00:00,122.795,122.81,122.585,122.605,1684.0,31.0,122.708772
AEP,2026-09-14 19:05:00+00:00,122.57,122.57,122.525,122.525,1063.0,27.0,122.5425
AEP,2026-09-14 19:10:00+00:00,122.545,122.59,122.545,122.59,1371.0,36.0,122.573
AEP,2026-09-14 19:15:00+00:00,122.63,122.66,122.56,122.56,1098.0,25.0,122.612
AEP,2026-09-14 19:20:00+00:00,122.54,122.555,122.53,122.53,1186.0,23.0,122.535573
AEP,2026-09-14 19:30:00+00:00,122.36,122.48,122.31,122.45,2083.0,73.0,122.406945
AEP,2026-09-14 19:35:00+00:00,122.48,122.49,122.295,122.295,2352.0,37.0,122.40024
AEP,2026-09-14 19:40:00+00:00,122.345,122.345,122.21,122.21,2449.0,55.0,122.253157
AEP,2026-09-14 19:45:00+00:00,122.23,122.35,122.23,122.35,2599.0,55.0,122.288
AEP,2026-09-14 19:50:00+00:00,122.2,122.34,122.12,122.325,4699.0,139.0,122.246818
AEP,2026-09-14 19:55:00+00:00,122.36,122.375,122.19,122.24,13316.0,279.0,122.289942
AEP,2026-09-15 13:30:00+00:00,122.17,122.17,121.78,121.915,1074.0,22.0,121.926667
AEP,2026-09-15 13:35:00+00:00,121.495,121.5,121.24,121.24,783.0,12.0,121.403883
AEP,2026-09-15 13:40:00+00:00,121.31,121.31,121.25,121.25,383.0,13.0,121.269169
AEP,2026-09-15 13:45:00+00:00,121.37,121.455,121.37,121.455,270.0,3.0,121.4125
AEP,2026-09-15 13:50:00+00:00,121.36,121.525,121.36,121.5,615.0,12.0,121.437
AEP,2026-09-15 13:55:00+00:00,121.51,121.51,121.42,121.42,524.0,9.0,121.440785
AEP,2026-09-15 14:00:00+00:00,121.42,121.42,121.33,121.33,468.0,11.0,121.363333
AEP,2026-09-15 14:05:00+00:00,121.48,121.65,121.48,121.65,556.0,11.0,121.56
AEP,2026-09-15 14:10:00+00:00,121.57,121.57,121.39,121.39,543.0,11.0,121.48
AEP,2026-09-15 14:15:00+00:00,121.46,121.71,121.46,121.63,989.0,20.0,121.614286
AEP,2026-09-15 14:20:00+00:00,121.48,121.51,121.47,121.47,572.0,13.0,121.486667
AEP,2026-09-15 14:25:00+00:00,121.42,121.46,121.38,121.38,643.0,12.0,121.419
AEP,2026-09-15 14:30:00+00:00,121.44,121.485,121.44,121.44,979.0,27.0,121.455
AEP,2026-09-15 14:35:00+00:00,121.44,121.62,121.44,121.62,566.0,10.0,121.52625
AEP,2026-09-15 14:40:00+00:00,121.555,121.555,121.47,121.47,378.0,9.0,121.515
AEP,2026-09-15 14:45:00+00:00,121.465,121.475,121.4,121.475,893.0,21.0,121.442
AEP,2026-09-15 14:50:00+00:00,121.495,121.585,121.495,121.52,550.0,11.0,121.5375
AEP,2026-09-15 14:55:00+00:00,121.485,121.485,121.395,121.465,361.0,6.0,121.448333
AEP,2026-09-15 15:00:00+00:00,121.32,121.35,121.11,121.11,2012.0,33.0,121.229166
AEP,2026-09-15 15:05:00+00:00,121.11,121.11,120.975,121.01,977.0,18.0,121.0275
AEP,2026-09-15 15:10:00+00:00,121.09,121.09,121.045,121.045,425.0,3.0,121.07875
AEP,2026-09-15 15:15:00+00:00,121.13,121.21,121.13,121.21,301.0,6.0,121.17
AEP,2026-09-15 15:20:00+00:00,121.25,121.34,121.25,121.34,609.0,18.0,121.3075
AEP,2026-09-15 15:25:00+00:00,121.29,121.29,121.18,121.21,888.0,19.0,121.226667
AEP,2026-09-15 15:30:00+00:00,121.24,121.28,121.23,121.28,825.0,19.0,121.254
AEP,2026-09-15 15:35:00+00:00,121.28,121.28,121.255,121.255,499.0,9.0,121.2675
AEP,2026-09-15 15:40:00+00:00,121.29,121.29,121.16,121.16,504.0,16.0,121.245
AEP,2026-09-15 15:45:00+00:00,120.99,120.995,120.99,120.995,336.0,7.0,120.9925
AEP,2026-09-15 15:50:00+00:00,120.96,120.98,120.85,120.85,733.0,16.0,120.927
AEP,2026-09-15 15:55:00+00:00,120.87,120.89,120.77,120.78,1512.0,27.0,120.83
AEP,2026-09-15 16:00:00+00:00,120.8,120.84,120.79,120.82,1164.0,31.0,120.803125
AEP,2026-09-15 16:05:00+00:00,120.9,120.9,120.9,120.9,100.0,1.0,120.9
AEP,2026-09-15 16:10:00+00:00,120.92,120.93,120.92,120.93,404.0,7.0,120.926667
AEP,2026-09-15 16:15:00+00:00,120.92,120.92,120.78,120.78,431.0,8.0,120.84625
AEP,2026-09-15 16:20:00+00:00,120.72,120.8,120.69,120.78,1312.0,25.0,120.741027
AEP,2026-09-15 16:25:00+00:00,120.63,120.63,120.61,120.61,605.0,20.0,120.62
AEP,2026-09-15 16:30:00+00:00,120.57,120.57,120.44,120.44,614.0,10.0,120.51
AEP,2026-09-15 16:40:00+00:00,120.48,120.48,120.43,120.46,387.0,7.0,120.456667
AEP,2026-09-15 16:45:00+00:00,120.54,120.54,120.46,120.48,674.0,11.0,120.511667
AEP,2026-09-15 16:50:00+00:00,120.51,120.63,120.51,120.63,581.0,12.0,120.59
AEP,2026-09-15 16:55:00+00:00,120.63,120.67,120.625,120.625,766.0,16.0,120.647
AEP,2026-09-15 17:00:00+00:00,120.65,120.73,120.635,120.73,661.0,17.0,120.681
AEP,2026-09-15 17:05:00+00:00,120.695,120.84,120.67,120.84,1408.0,22.0,120.763637
AEP,2026-09-15 17:10:00+00:00,120.87,120.87,120.835,120.835,571.0,13.0,120.8525
AEP,2026-09-15 17:15:00+00:00,120.85,120.85,120.77,120.81,904.0,14.0,120.809346
AEP,2026-09-15 17:20:00+00:00,120.7,120.7,120.62,120.635,809.0,13.0,120.659167
AEP,2026-09-15 17:25:00+00:00,120.63,120.64,120.62,120.64,322.0,4.0,120.63
AEP,2026-09-15 17:30:00+00:00,120.8,120.87,120.785,120.87,1245.0,24.0,120.811571
AEP,2026-09-15 17:35:00+00:00,120.93,120.93,120.93,120.93,248.0,11.0,120.93
AEP,2026-09-15 17:40:00+00:00,120.94,120.95,120.8,120.82,1277.0,42.0,120.8725
AEP,2026-09-15 17:45:00+00:00,120.77,120.965,120.77,120.965,2966.0,40.0,120.854059
AEP,2026-09-15 17:50:00+00:00,120.945,120.945,120.87,120.89,460.0,7.0,120.90625
AEP,2026-09-15 17:55:00+00:00,120.895,120.91,120.895,120.91,379.0,7.0,120.904275
AEP,2026-09-15 18:00:00+00:00,120.92,120.92,120.86,120.9,593.0,17.0,120.89
AEP,2026-09-15 18:05:00+00:00,120.96,120.96,120.91,120.95,572.0,12.0,120.93875
AEP,2026-09-15 18:10:00+00:00,120.96,120.965,120.91,120.91,546.0,8.0,120.94875
AEP,2026-09-15 18:15:00+00:00,120.95,120.99,120.94,120.99,786.0,15.0,120.965008
AEP,2026-09-15 18:20:00+00:00,120.925,120.925,120.835,120.88,951.0,20.0,120.905714
AEP,2026-09-15 18:25:00+00:00,120.87,120.92,120.87,120.9,1851.0,29.0,120.898922
AEP,2026-09-15 18:30:00+00:00,120.77,120.78,120.765,120.78,313.0,4.0,120.771667
AEP,2026-09-15 18:35:00+00:00,120.79,120.8,120.79,120.8,325.0,7.0,120.795
AEP,2026-09-15 18:40:00+00:00,120.73,120.73,120.64,120.64,1546.0,29.0,120.695909
AEP,2026-09-15 18:45:00+00:00,120.69,120.74,120.69,120.74,964.0,19.0,120.711667
AEP,2026-09-15 18:50:00+00:00,120.7,120.74,120.7,120.74,450.0,6.0,120.72625
AEP,2026-09-15 18:55:00+00:00,120.77,120.77,120.77,120.77,392.0,7.0,120.77
AEP,2026-09-15 19:00:00+00:00,120.84,120.84,120.75,120.75,396.0,10.0,120.795
AEP,2026-09-15 19:05:00+00:00,120.78,120.84,120.77,120.84,1825.0,31.0,120.808774
AEP,2026-09-15 19:10:00+00:00,120.76,120.86,120.76,120.835,3393.0,44.0,120.852231
AEP,2026-09-15 19:15:00+00:00,120.845,120.845,120.75,120.75,1024.0,28.0,120.824
AEP,2026-09-15 19:20:00+00:00,120.77,120.8,120.76,120.76,774.0,13.0,120.78443
AEP,2026-09-15 19:25:00+00:00,120.77,120.77,120.735,120.735,569.0,10.0,120.746667
AEP,2026-09-15 19:30:00+00:00,120.64,120.7,120.64,120.7,370.0,9.0,120.67
AEP,2026-09-15 19:35:00+00:00,120.85,120.91,120.85,120.91,752.0,17.0,120.885769
AEP,2026-09-15 19:40:00+00:00,120.96,120.97,120.92,120.95,1694.0,34.0,120.946312
AEP,2026-09-15 19:45:00+00:00,120.865,120.91,120.71,120.71,1504.0,41.0,120.814242
AEP,2026-09-15 19:50:00+00:00,120.63,120.72,120.59,120.65,6981.0,136.0,120.654382
AEP,2026-09-15 19:55:00+00:00,120.55,120.62,120.51,120.615,9178.0,174.0,120.557497
AEP,2026-09-16 13:30:00+00:00,120.855,121.435,120.855,121.435,1660.0,27.0,121.102503
AEP,2026-09-16 13:35:00+00:00,121.41,121.41,121.28,121.38,931.0,21.0,121.342977
AEP,2026-09-16 13:40:00+00:00,121.31,121.31,121.23,121.23,514.0,15.0,121.27
AEP,2026-09-16 13:45:00+00:00,121.4,121.4,121.4,121.4,499.0,15.0,121.4
AEP,2026-09-16 13:50:00+00:00,121.32,121.32,121.3,121.3,342.0,11.0,121.31
AEP,2026-09-16 14:00:00+00:00,121.25,121.25,120.93,120.93,1243.0,14.0,121.067161
AEP,2026-09-16 14:05:00+00:00,120.9,120.93,120.8,120.84,1502.0,27.0,120.868333
AEP,2026-09-16 14:10:00+00:00,120.84,120.93,120.84,120.865,719.0,14.0,120.88
AEP,2026-09-16 14:15:00+00:00,121.055,121.11,120.91,120.91,2082.0,32.0,121.05
AEP,2026-09-16 14:20:00+00:00,121.04,121.125,121.03,121.125,387.0,6.0,121.065
AEP,2026-09-16 14:25:00+00:00,120.915,121.015,120.915,121.015,480.0,8.0,120.981667
AEP,2026-09-16 14:30:00+00:00,120.955,120.955,120.955,120.955,133.0,5.0,120.955
AEP,2026-09-16 14:35:00+00:00,121.185,121.185,121.185,121.185,104.0,2.0,121.185
AEP,2026-09-16 14:40:00+00:00,121.18,121.26,121.14,121.26,400.0,4.0,121.185
AEP,2026-09-16 14:45:00+00:00,121.105,121.115,121.095,121.1,564.0,9.0,121.10375
AEP,2026-09-16 14:50:00+00:00,121.26,121.395,121.26,121.39,1034.0,19.0,121.334305
AEP,2026-09-16 14:55:00+00:00,121.4,121.4,121.35,121.35,930.0,15.0,121.382857
AEP,2026-09-16 15:00:00+00:00,121.52,121.53,121.475,121.475,801.0,22.0,121.50875
AEP,2026-09-16 15:10:00+00:00,121.41,121.47,121.41,121.445,985.0,19.0,121.435319
AEP,2026-09-16 15:15:00+00:00,121.43,121.46,121.43,121.46,314.0,8.0,121.44
AEP,2026-09-16 15:20:00+00:00,121.57,121.57,121.515,121.515,795.0,20.0,121.55
AEP,2026-09-16 15:25:00+00:00,121.525,121.55,121.525,121.55,310.0,5.0,121.541667
AEP,2026-09-16 15:30:00+00:00,121.53,121.53,121.5,121.52,427.0,12.0,121.516667
AEP,2026-09-16 15:35:00+00:00,121.61,121.61,121.59,121.59,777.0,16.0,121.6
AEP,2026-09-16 15:45:00+00:00,121.65,121.65,121.515,121.53,867.0,15.0,121.5825
AEP,2026-09-16 15:50:00+00:00,121.45,121.51,121.45,121.51,782.0,19.0,121.49
AEP,2026-09-16 15:55:00+00:00,121.455,121.46,121.455,121.455,554.0,9.0,121.45625
AEP,2026-09-16 16:00:00+00:00,121.495,121.495,121.495,121.495,452.0,11.0,121.495
AEP,2026-09-16 16:05:00+00:00,121.365,121.39,121.365,121.39,332.0,8.0,121.381667
AEP,2026-09-16 16:15:00+00:00,121.36,121.36,121.34,121.34,1339.0,21.0,121.351287
AEP,2026-09-16 16:20:00+00:00,121.36,121.365,121.36,121.365,410.0,9.0,121.3625
AEP,2026-09-16 16:25:00+00:00,121.4,121.41,121.4,121.41,305.0,5.0,121.405
AEP,2026-09-16 16:30:00+00:00,121.49,121.49,121.415,121.415,223.0,7.0,121.4525
AEP,2026-09-16 16:35:00+00:00,121.36,121.36,121.36,121.36,266.0,5.0,121.36
AEP,2026-09-16 16:40:00+00:00,121.335,121.335,121.335,121.335,106.0,2.0,121.335
AEP,2026-09-16 16:50:00+00:00,121.555,121.635,121.555,121.635,200.0,2.0,121.595
AEP,2026-09-16 16:55:00+00:00,121.635,121.635,121.525,121.525,259.0,16.0,121.58
AEP,2026-09-16 17:00:00+00:00,121.42,121.42,121.36,121.36,313.0,6.0,121.39
AEP,2026-09-16 17:05:00+00:00,121.31,121.31,121.31,121.31,500.0,1.0,121.31
AEP,2026-09-16 17:10:00+00:00,121.355,121.37,121.355,121.37,343.0,14.0,121.3625
AEP,2026-09-16 17:20:00+00:00,121.19,121.19,121.19,121.19,162.0,2.0,121.19
AEP,2026-09-16 17:25:00+00:00,121.085,121.085,121.085,121.085,104.0,2.0,121.085
AEP,2026-09-16 17:30:00+00:00,121.075,121.1,121.035,121.035,1093.0,28.0,121.063657
AEP,2026-09-16 17:40:00+00:00,121.075,121.09,121.055,121.055,442.0,11.0,121.073333
AEP,2026-09-16 17:45:00+00:00,121.07,121.14,121.07,121.14,400.0,5.0,121.1
AEP,2026-09-16 17:50:00+00:00,121.16,121.19,121.16,121.19,364.0,9.0,121.175
AEP,2026-09-16 17:55:00+00:00,121.21,121.265,121.21,121.265,284.0,4.0,121.2375
AEP,2026-09-16 18:00:00+00:00,121.24,121.285,121.24,121.28,1220.0,23.0,121.259286
AEP,2026-09-16 18:05:00+00:00,121.055,121.055,120.985,121.01,1011.0,23.0,121.016667
AEP,2026-09-16 18:10:00+00:00,121.08,121.16,121.08,121.16,394.0,13.0,121.12
AEP,2026-09-16 18:15:00+00:00,121.105,121.28,121.105,121.28,509.0,16.0,121.1925
AEP,2026-09-16 18:20:00+00:00,121.15,121.15,121.15,121.15,348.0,6.0,121.15
AEP,2026-09-16 18:25:00+00:00,121.15,121.16,121.15,121.16,864.0,23.0,121.155
AEP,2026-09-16 18:30:00+00:00,121.14,121.14,120.795,120.795,1437.0,23.0,121.048125
AEP,2026-09-16 18:35:00+00:00,120.86,120.86,120.81,120.81,1231.0,12.0,120.853961
AEP,2026-09-16 18:40:00+00:00,120.78,120.81,120.73,120.73,1677.0,33.0,120.795556
AEP,2026-09-16 18:45:00+00:00,120.71,120.73,120.62,120.62,1659.0,30.0,120.706098
AEP,2026-09-16 18:50:00+00:00,120.56,120.56,120.26,120.26,1339.0,32.0,120.393333
AEP,2026-09-16 18:55:00+00:00,120.12,120.28,120.08,120.28,2034.0,44.0,120.125912
AEP,2026-09-16 19:00:00+00:00,120.21,120.3,120.21,120.3,1169.0,21.0,120.267123
AEP,2026-09-16 19:05:00+00:00,120.42,120.445,120.33,120.355,757.0,17.0,120.381
AEP,2026-09-16 19:10:00+00:00,120.28,120.28,120.21,120.265,710.0,11.0,120.251667
AEP,2026-09-16 19:15:00+00:00,120.305,120.36,120.24,120.28,1842.0,37.0,120.2905
AEP,2026-09-16 19:20:00+00:00,120.33,120.35,120.27,120.3,1867.0,40.0,120.310093
AEP,2026-09-16 19:25:00+00:00,120.34,120.34,120.265,120.34,879.0,19.0,120.311
AEP,2026-09-16 19:30:00+00:00,120.27,120.28,120.25,120.28,2210.0,59.0,120.266652
AEP,2026-09-16 19:40:00+00:00,120.28,120.3,120.2,120.21,1635.0,44.0,120.256223
AEP,2026-09-16 19:45:00+00:00,120.2,120.24,120.2,120.24,1439.0,37.0,120.218628
AEP,2026-09-16 19:50:00+00:00,120.23,120.37,120.22,120.315,5501.0,131.0,120.310178
AEP,2026-09-16 19:55:00+00:00,120.67,120.78,120.615,120.715,9042.0,224.0,120.702501
AEP,2026-09-17 13:30:00+00:00,121.25,121.45,120.97,121.45,527.0,14.0,121.226316
AEP,2026-09-17 13:35:00+00:00,121.47,121.49,121.34,121.34,1473.0,22.0,121.409128
AEP,2026-09-17 13:40:00+00:00,121.02,121.05,121.02,121.05,1137.0,12.0,121.023
AEP,2026-09-17 13:45:00+00:00,120.91,120.98,120.86,120.92,1371.0,26.0,120.930849
AEP,2026-09-17 13:50:00+00:00,120.8,120.87,120.8,120.87,468.0,7.0,120.840064
AEP,2026-09-17 13:55:00+00:00,120.86,120.9,120.86,120.9,361.0,4.0,120.876129
AEP,2026-09-17 14:00:00+00:00,120.945,120.945,120.68,120.68,1284.0,20.0,120.754286
AEP,2026-09-17 14:05:00+00:00,120.69,120.765,120.635,120.64,12888.0,158.0,120.692728
AEP,2026-09-17 14:10:00+00:00,120.605,120.65,120.57,120.57,605.0,13.0,120.607941
AEP,2026-09-17 14:15:00+00:00,120.44,120.805,120.44,120.805,374.0,8.0,120.625
AEP,2026-09-17 14:20:00+00:00,120.75,120.75,120.75,120.75,239.0,4.0,120.75
AEP,2026-09-17 14:25:00+00:00,120.76,120.91,120.76,120.87,831.0,16.0,120.819167
AEP,2026-09-17 14:30:00+00:00,120.805,120.83,120.805,120.805,763.0,17.0,120.813
AEP,2026-09-17 14:35:00+00:00,120.85,120.85,120.85,120.85,104.0,2.0,120.85
AEP,2026-09-17 14:40:00+00:00,120.91,120.93,120.91,120.93,250.0,3.0,120.92
AEP,2026-09-17 14:45:00+00:00,120.93,121.17,120.93,121.115,1161.0,29.0,121.090212
AEP,2026-09-17 14:50:00+00:00,121.04,121.08,121.04,121.04,543.0,17.0,121.05
AEP,2026-09-17 14:55:00+00:00,120.99,120.99,120.99,120.99,151.0,7.0,120.99
AEP,2026-09-17 15:00:00+00:00,120.905,121.075,120.905,121.03,515.0,16.0,120.990507
AEP,2026-09-17 15:05:00+00:00,121.06,121.16,121.06,121.12,1169.0,32.0,121.123571
AEP,2026-09-17 15:10:00+00:00,121.105,121.17,121.1,121.16,1366.0,34.0,121.139445
AEP,2026-09-17 15:15:00+00:00,121.26,121.34,121.24,121.295,5030.0,40.0,121.312484
AEP,2026-09-17 15:20:00+00:00,121.34,121.34,121.23,121.23,1133.0,17.0,121.311667
AEP,2026-09-17 15:25:00+00:00,121.09,121.09,121.045,121.045,1076.0,24.0,121.065455
AEP,2026-09-17 15:30:00+00:00,121.045,121.105,121.045,121.07,1934.0,31.0,121.055168
AEP,2026-09-17 15:35:00+00:00,121.125,121.19,121.125,121.19,547.0,11.0,121.162138
AEP,2026-09-17 15:40:00+00:00,121.34,121.34,121.29,121.29,287.0,9.0,121.315
AEP,2026-09-17 15:45:00+00:00,121.34,121.34,121.34,121.34,280.0,4.0,121.34
AEP,2026-09-17 15:50:00+00:00,121.38,121.38,121.38,121.38,195.0,4.0,121.38
AEP,2026-09-17 15:55:00+00:00,121.5,121.5,121.49,121.49,870.0,19.0,121.493333
AEP,2026-09-17 16:00:00+00:00,121.6,121.61,121.59,121.61,1039.0,29.0,121.6025
AEP,2026-09-17 16:05:00+00:00,121.67,121.67,121.58,121.58,337.0,12.0,121.625
AEP,2026-09-17 16:10:00+00:00,121.52,121.58,121.52,121.56,518.0,13.0,121.5575
AEP,2026-09-17 16:15:00+00:00,121.575,121.63,121.575,121.6,712.0,20.0,121.6
AEP,2026-09-17 16:20:00+00:00,121.63,121.63,121.63,121.63,114.0,3.0,121.63
AEP,2026-09-17 16:25:00+00:00,121.64,121.64,121.62,121.62,438.0,18.0,121.63
AEP,2026-09-17 16:30:00+00:00,121.625,121.625,121.625,121.625,172.0,3.0,121.625
AEP,2026-09-17 16:35:00+00:00,121.5,121.51,121.48,121.48,423.0,7.0,121.496667
AEP,2026-09-17 16:40:00+00:00,121.46,121.47,121.46,121.47,404.0,13.0,121.465
AEP,2026-09-17 16:45:00+00:00,121.49,121.495,121.48,121.495,1282.0,68.0,121.487857
AEP,2026-09-17 16:50:00+00:00,121.55,121.55,121.45,121.45,782.0,15.0,121.4975
AEP,2026-09-17 16:55:00+00:00,121.455,121.455,121.41,121.435,541.0,8.0,121.434299
AEP,2026-09-17 17:05:00+00:00,121.485,121.485,121.485,121.485,135.0,4.0,121.485
AEP,2026-09-17 17:10:00+00:00,121.46,121.46,121.46,121.46,221.0,7.0,121.46
AEP,2026-09-17 17:20:00+00:00,121.54,121.55,121.52,121.52,526.0,10.0,121.5325
AEP,2026-09-17 17:25:00+00:00,121.59,121.59,121.59,121.59,255.0,6.0,121.59
AEP,2026-09-17 17:30:00+00:00,121.56,121.585,121.56,121.585,532.0,13.0,121.568224
AEP,2026-09-17 17:35:00+00:00,121.56,121.56,121.51,121.51,610.0,13.0,121.536667
AEP,2026-09-17 17:40:00+00:00,121.34,121.34,121.34,121.34,162.0,4.0,121.34
AEP,2026-09-17 17:45:00+00:00,121.33,121.33,121.285,121.285,387.0,8.0,121.3075
AEP,2026-09-17 17:50:00+00:00,121.375,121.375,121.33,121.33,603.0,13.0,121.3525
AEP,2026-09-17 17:55:00+00:00,121.375,121.39,121.34,121.34,636.0,12.0,121.370833
AEP,2026-09-17 18:05:00+00:00,121.35,121.35,121.3,121.3,1007.0,26.0,121.334
AEP,2026-09-17 18:10:00+00:00,121.375,121.375,121.37,121.37,439.0,6.0,121.371667
AEP,2026-09-17 18:15:00+00:00,121.36,121.41,121.36,121.41,316.0,9.0,121.383333
AEP,2026-09-17 18:20:00+00:00,121.4,121.42,121.4,121.42,711.0,11.0,121.403333
AEP,2026-09-17 18:25:00+00:00,121.47,121.49,121.45,121.45,2620.0,123.0,121.472778
AEP,2026-09-17 18:30:00+00:00,121.45,121.48,121.43,121.43,1791.0,27.0,121.444055
AEP,2026-09-17 18:35:00+00:00,121.42,121.42,121.42,121.42,185.0,4.0,121.42
AEP,2026-09-17 18:40:00+00:00,121.395,121.43,121.395,121.43,459.0,10.0,121.415
AEP,2026-09-17 18:45:00+00:00,121.435,121.435,121.435,121.435,174.0,3.0,121.435
AEP,2026-09-17 18:50:00+00:00,121.41,121.41,121.31,121.31,387.0,11.0,121.36
AEP,2026-09-17 18:55:00+00:00,121.29,121.29,121.27,121.27,202.0,3.0,121.28
AEP,2026-09-17 19:00:00+00:00,121.385,121.385,121.385,121.385,107.0,2.0,121.385
AEP,2026-09-17 19:05:00+00:00,121.38,121.38,121.35,121.35,220.0,6.0,121.365
AEP,2026-09-17 19:10:00+00:00,121.38,121.38,121.38,121.38,106.0,3.0,121.38
AEP,2026-09-17 19:15:00+00:00,121.29,121.37,121.29,121.37,887.0,15.0,121.3375
AEP,2026-09-17 19:20:00+00:00,121.4,121.405,121.4,121.4,646.0,15.0,121.402283
AEP,2026-09-17 19:30:00+00:00,121.495,121.495,121.385,121.39,2740.0,83.0,121.43237
AEP,2026-09-17 19:35:00+00:00,121.43,121.44,121.39,121.43,1450.0,48.0,121.425294
AEP,2026-09-17 19:40:00+00:00,121.46,121.46,121.45,121.45,1251.0,36.0,121.454902
AEP,2026-09-17 19:45:00+00:00,121.48,121.575,121.48,121.52,3281.0,84.0,121.544156
AEP,2026-09-17 19:50:00+00:00,121.48,121.62,121.46,121.585,6757.0,138.0,121.536189
AEP,2026-09-17 19:55:00+00:00,121.6,121.7,121.58,121.59,13794.0,293.0,121.629956
AEP,2026-09-18 13:30:00+00:00,120.87,120.87,120.87,120.87,604.0,9.0,120.87
AEP,2026-09-18 13:35:00+00:00,120.71,120.71,120.71,120.71,404.0,12.0,120.71
AEP,2026-09-18 13:40:00+00:00,120.55,120.55,120.44,120.44,1036.0,15.0,120.534286
AEP,2026-09-18 13:45:00+00:00,120.285,120.285,120.0,120.0,1057.0,28.0,120.132857
AEP,2026-09-18 13:50:00+00:00,120.005,120.01,119.93,120.01,3262.0,43.0,119.985041
AEP,2026-09-18 13:55:00+00:00,119.95,120.0,119.95,119.97,1251.0,27.0,119.968297
AEP,2026-09-18 14:00:00+00:00,120.1,120.13,120.1,120.13,501.0,11.0,120.115
AEP,2026-09-18 14:05:00+00:00,120.28,120.355,120.28,120.285,2372.0,34.0,120.290141
AEP,2026-09-18 14:10:00+00:00,120.285,120.33,120.17,120.33,3679.0,57.0,120.247093
AEP,2026-09-18 14:15:00+00:00,120.33,120.42,120.2,120.2,3665.0,61.0,120.318705
AEP,2026-09-18 14:20:00+00:00,120.23,120.27,120.19,120.22,2800.0,41.0,120.216076
AEP,2026-09-18 14:25:00+00:00,120.24,120.365,120.22,120.31,4587.0,70.0,120.243595
AEP,2026-09-18 14:30:00+00:00,120.3,120.425,120.3,120.425,815.0,19.0,120.34625
AEP,2026-09-18 14:35:00+00:00,120.535,120.535,120.47,120.47,3177.0,61.0,120.51063
AEP,2026-09-18 14:40:00+00:00,120.46,120.595,120.45,120.595,9189.0,75.0,120.510047
AEP,2026-09-18 14:45:00+00:00,120.52,120.625,120.52,120.55,582.0,11.0,120.565
AEP,2026-09-18 14:50:00+00:00,120.5,120.5,120.275,120.275,11360.0,70.0,120.444498
AEP,2026-09-18 14:55:00+00:00,120.23,120.31,120.215,120.31,845.0,25.0,120.26375
AEP,2026-09-18 15:00:00+00:00,120.3,120.3,120.28,120.28,2737.0,22.0,120.289032
AEP,2026-09-18 15:05:00+00:00,120.285,120.31,120.285,120.3,945.0,8.0,120.305625
AEP,2026-09-18 15:10:00+00:00,120.48,120.48,120.48,120.48,239.0,4.0,120.48
AEP,2026-09-18 15:15:00+00:00,120.545,120.545,120.45,120.45,2067.0,23.0,120.489839
AEP,2026-09-18 15:20:00+00:00,120.335,120.365,120.295,120.33,4450.0,58.0,120.332148
AEP,2026-09-18 15:25:00+00:00,120.35,120.35,120.31,120.31,221.0,3.0,120.33
AEP,2026-09-18 15:30:00+00:00,120.33,120.405,120.32,120.405,687.0,11.0,120.347536
AEP,2026-09-18 15:35:00+00:00,120.445,120.445,120.24,120.24,4451.0,41.0,120.346501
AEP,2026-09-18 15:40:00+00:00,120.255,120.255,120.255,120.255,100.0,1.0,120.255
AEP,2026-09-18 15:45:00+00:00,120.235,120.235,120.13,120.13,1829.0,16.0,120.170548
AEP,2026-09-18 15:50:00+00:00,120.14,120.2,120.125,120.125,1350.0,15.0,120.155909
AEP,2026-09-18 15:55:00+00:00,120.16,120.22,120.14,120.22,4368.0,22.0,120.167156
AEP,2026-09-18 16:00:00+00:00,120.2,120.2,120.04,120.07,2693.0,36.0,120.111129
AEP,2026-09-18 16:05:00+00:00,120.07,120.07,120.07,120.07,255.0,5.0,120.07
AEP,2026-09-18 16:15:00+00:00,120.27,120.27,120.255,120.255,340.0,4.0,120.260769
AEP,2026-09-18 16:20:00+00:00,120.13,120.16,120.12,120.12,1126.0,13.0,120.125
AEP,2026-09-18 16:25:00+00:00,120.125,120.13,120.1,120.13,1016.0,19.0,120.116745
AEP,2026-09-18 16:30:00+00:00,120.215,120.215,120.15,120.15,362.0,7.0,120.185
AEP,2026-09-18 16:35:00+00:00,120.085,120.085,120.085,120.085,223.0,5.0,120.085
AEP,2026-09-18 16:40:00+00:00,120.04,120.04,120.04,120.04,100.0,1.0,120.04
AEP,2026-09-18 16:50:00+00:00,120.08,120.14,120.08,120.125,1880.0,35.0,120.120242
AEP,2026-09-18 16:55:00+00:00,120.055,120.15,120.055,120.12,1530.0,33.0,120.129539
AEP,2026-09-18 17:00:00+00:00,120.145,120.15,120.145,120.15,644.0,14.0,120.147147
AEP,2026-09-18 17:05:00+00:00,120.145,120.15,120.12,120.12,4760.0,40.0,120.13689
AEP,2026-09-18 17:10:00+00:00,120.1,120.18,120.1,120.18,1277.0,27.0,120.141827
AEP,2026-09-18 17:15:00+00:00,120.16,120.16,120.1,120.1,4529.0,51.0,120.122057
AEP,2026-09-18 17:20:00+00:00,120.14,120.14,120.14,120.14,100.0,1.0,120.14
AEP,2026-09-18 17:25:00+00:00,120.09,120.15,120.09,120.15,660.0,19.0,120.12
AEP,2026-09-18 17:30:00+00:00,120.18,120.18,120.18,120.18,226.0,5.0,120.18
AEP,2026-09-18 17:35:00+00:00,120.24,120.34,120.24,120.26,1091.0,19.0,120.277372
AEP,2026-09-18 17:40:00+00:00,120.32,120.32,120.32,120.32,171.0,6.0,120.32
AEP,2026-09-18 17:45:00+00:00,120.29,120.295,120.29,120.295,561.0,9.0,120.29125
AEP,2026-09-18 17:50:00+00:00,120.32,120.325,120.31,120.325,530.0,7.0,120.315995
AEP,2026-09-18 17:55:00+00:00,120.34,120.365,120.31,120.365,835.0,17.0,120.34
AEP,2026-09-18 18:00:00+00:00,120.32,120.32,120.32,120.32,214.0,4.0,120.32
AEP,2026-09-18 18:10:00+00:00,120.29,120.31,120.27,120.27,366.0,4.0,120.29
AEP,2026-09-18 18:15:00+00:00,120.265,120.27,120.25,120.25,576.0,13.0,120.261667
AEP,2026-09-18 18:20:00+00:00,120.265,120.265,120.225,120.225,504.0,8.0,120.25
AEP,2026-09-18 18:25:00+00:00,120.24,120.24,120.24,120.24,506.0,2.0,120.24
AEP,2026-09-18 18:30:00+00:00,120.24,120.24,120.205,120.205,1025.0,15.0,120.226429
AEP,2026-09-18 18:50:00+00:00,120.23,120.3,120.23,120.3,585.0,13.0,120.25625
AEP,2026-09-18 19:00:00+00:00,120.21,120.25,120.21,120.25,604.0,6.0,120.233904
AEP,2026-09-18 19:10:00+00:00,120.21,120.21,120.17,120.21,842.0,18.0,120.199762
AEP,2026-09-18 19:15:00+00:00,120.175,120.24,120.175,120.24,1065.0,30.0,120.213
AEP,2026-09-18 19:20:00+00:00,120.175,120.23,120.16,120.19,2084.0,35.0,120.180454
AEP,2026-09-18 19:25:00+00:00,120.29,120.3,120.21,120.21,2887.0,31.0,120.271533
AEP,2026-09-18 19:30:00+00:00,120.06,120.06,119.965,120.01,1125.0,20.0,120.00125
AEP,2026-09-18 19:35:00+00:00,120.03,120.095,120.01,120.095,2763.0,43.0,120.040618
AEP,2026-09-18 19:40:00+00:00,120.11,120.11,120.04,120.04,7044.0,97.0,120.081661
AEP,2026-09-18 19:45:00+00:00,120.01,120.01,119.73,119.73,11157.0,199.0,119.890142
AEP,2026-09-18 19:50:00+00:00,119.815,120.12,119.815,119.97,23758.0,242.0,119.89182
AEP,2026-09-18 19:55:00+00:00,120.03,120.13,119.835,119.975,34244.0,521.0,119.945165
