symbol,timestamp,open,high,low,close,volume,trade_count,vwap
CLX,2026-08-14 13:30:00+00:00,105.865,105.865,105.71,105.71,663.0,19.0,105.813333
CLX,2026-08-14 13:35:00+00:00,105.67,105.67,104.97,105.29,733.0,16.0,105.4
CLX,2026-08-14 13:40:00+00:00,105.27,105.79,105.195,105.34,1460.0,23.0,105.493333
CLX,2026-08-14 13:45:00+00:00,105.19,105.25,105.185,105.25,500.0,5.0,105.225
CLX,2026-08-14 13:50:00+00:00,105.375,105.55,105.37,105.375,1041.0,22.0,105.445714
CLX,2026-08-14 13:55:00+00:00,105.35,105.465,105.13,105.13,1042.0,28.0,105.335
CLX,2026-08-14 14:00:00+00:00,105.205,105.275,104.89,104.89,1376.0,27.0,105.035
CLX,2026-08-14 14:05:00+00:00,104.885,104.885,104.825,104.855,935.0,19.0,104.859286
CLX,2026-08-14 14:10:00+00:00,104.855,104.855,104.74,104.74,736.0,10.0,104.812765
CLX,2026-08-14 14:15:00+00:00,104.83,105.13,104.77,105.08,2341.0,37.0,104.962632
CLX,2026-08-14 14:20:00+00:00,105.07,105.2,104.885,105.11,1413.0,24.0,105.041818
CLX,2026-08-14 14:25:00+00:00,105.185,105.26,105.0,105.16,1048.0,27.0,105.123708
CLX,2026-08-14 14:30:00+00:00,105.33,105.37,105.005,105.03,1503.0,23.0,105.246923
CLX,2026-08-14 14:35:00+00:00,105.085,105.085,105.07,105.07,700.0,14.0,105.076667
CLX,2026-08-14 14:40:00+00:00,104.96,105.0,104.9,105.0,401.0,5.0,104.9625
CLX,2026-08-14 14:45:00+00:00,105.04,105.06,105.015,105.06,808.0,15.0,105.038333
CLX,2026-08-14 14:50:00+00:00,105.105,105.13,105.095,105.095,526.0,7.0,105.113
CLX,2026-08-14 14:55:00+00:00,105.07,105.195,105.07,105.195,622.0,14.0,105.14125
CLX,2026-08-14 15:05:00+00:00,105.345,105.345,105.255,105.255,633.0,9.0,105.297075
CLX,2026-08-14 15:10:00+00:00,105.34,105.34,105.28,105.295,873.0,17.0,105.297447
CLX,2026-08-14 15:15:00+00:00,105.205,105.24,105.1,105.235,1465.0,23.0,105.2125
CLX,2026-08-14 15:20:00+00:00,105.26,105.26,105.255,105.255,684.0,9.0,105.2575
CLX,2026-08-14 15:25:00+00:00,105.215,105.425,105.215,105.37,944.0,15.0,105.37125
CLX,2026-08-14 15:30:00+00:00,105.475,105.57,105.475,105.565,8491.0,66.0,105.557277
CLX,2026-08-14 15:35:00+00:00,105.48,105.49,105.48,105.49,300.0,3.0,105.483333
CLX,2026-08-14 15:40:00+00:00,105.98,106.0,105.975,105.975,862.0,7.0,105.97875
CLX,2026-08-14 15:45:00+00:00,105.97,106.05,105.965,106.05,1861.0,18.0,106.025882
CLX,2026-08-14 15:50:00+00:00,105.955,105.955,105.815,105.865,622.0,8.0,105.86625
CLX,2026-08-14 15:55:00+00:00,105.905,105.905,105.8,105.8,1314.0,11.0,105.866538
CLX,2026-08-14 16:00:00+00:00,105.78,105.78,105.5,105.515,526.0,6.0,105.564
CLX,2026-08-14 16:05:00+00:00,105.535,105.61,105.53,105.61,446.0,8.0,105.57125
CLX,2026-08-14 16:10:00+00:00,105.445,105.445,105.44,105.44,247.0,4.0,105.4425
CLX,2026-08-14 16:15:00+00:00,105.11,105.135,105.11,105.135,221.0,5.0,105.1225
CLX,2026-08-14 16:20:00+00:00,105.105,105.105,105.08,105.08,357.0,8.0,105.088333
CLX,2026-08-14 16:25:00+00:00,105.015,105.06,105.015,105.06,665.0,13.0,105.044266
CLX,2026-08-14 16:40:00+00:00,105.08,105.08,104.91,104.91,586.0,13.0,104.996667
CLX,2026-08-14 16:45:00+00:00,104.77,104.775,104.77,104.775,210.0,6.0,104.7725
CLX,2026-08-14 16:50:00+00:00,104.69,104.83,104.69,104.78,1475.0,22.0,104.751111
CLX,2026-08-14 16:55:00+00:00,104.775,104.775,104.775,104.775,232.0,9.0,104.775
CLX,2026-08-14 17:00:00+00:00,104.77,104.77,104.77,104.77,100.0,1.0,104.77
CLX,2026-08-14 17:10:00+00:00,104.87,104.87,104.845,104.845,349.0,8.0,104.8575
CLX,2026-08-14 17:15:00+00:00,104.82,104.82,104.78,104.81,496.0,10.0,104.8075
CLX,2026-08-14 17:25:00+00:00,104.98,105.0,104.93,104.93,746.0,13.0,104.975192
CLX,2026-08-14 17:30:00+00:00,104.83,104.92,104.83,104.92,532.0,14.0,104.88
CLX,2026-08-14 17:35:00+00:00,105.11,105.11,105.11,105.11,362.0,4.0,105.11
CLX,2026-08-14 17:40:00+00:00,105.02,105.03,105.02,105.03,315.0,9.0,105.025
CLX,2026-08-14 17:45:00+00:00,104.87,104.87,104.87,104.87,100.0,1.0,104.87
CLX,2026-08-14 17:50:00+00:00,104.815,104.815,104.815,104.815,186.0,6.0,104.815
CLX,2026-08-14 17:55:00+00:00,104.92,104.92,104.88,104.88,571.0,8.0,104.912495
CLX,2026-08-14 18:00:00+00:00,104.94,104.94,104.85,104.865,610.0,10.0,104.88125
CLX,2026-08-14 18:05:00+00:00,104.85,104.85,104.795,104.795,348.0,6.0,104.831667
CLX,2026-08-14 18:10:00+00:00,104.76,104.87,104.76,104.87,685.0,11.0,104.816
CLX,2026-08-14 18:15:00+00:00,104.945,104.945,104.93,104.93,201.0,3.0,104.9375
CLX,2026-08-14 18:20:00+00:00,105.085,105.24,105.085,105.225,3409.0,36.0,105.225511
CLX,2026-08-14 18:25:00+00:00,105.225,105.225,105.135,105.135,4432.0,53.0,105.209621
CLX,2026-08-14 18:35:00+00:00,105.42,105.42,105.42,105.42,318.0,7.0,105.42
CLX,2026-08-14 18:40:00+00:00,105.56,105.56,105.56,105.56,101.0,2.0,105.56
CLX,2026-08-14 18:45:00+00:00,105.5,105.6,105.5,105.525,413.0,7.0,105.53375
CLX,2026-08-14 18:50:00+00:00,105.505,105.52,105.505,105.51,673.0,10.0,105.511667
CLX,2026-08-14 18:55:00+00:00,105.465,105.465,105.44,105.44,358.0,8.0,105.448333
CLX,2026-08-14 19:00:00+00:00,105.39,105.39,105.295,105.31,650.0,15.0,105.333
CLX,2026-08-14 19:05:00+00:00,105.33,105.33,105.33,105.33,100.0,1.0,105.33
CLX,2026-08-14 19:10:00+00:00,105.395,105.42,105.39,105.42,739.0,11.0,105.408739
CLX,2026-08-14 19:15:00+00:00,105.4,105.4,105.295,105.36,442.0,10.0,105.351667
CLX,2026-08-14 19:20:00+00:00,105.3,105.3,105.26,105.26,614.0,8.0,105.2825
CLX,2026-08-14 19:25:00+00:00,105.11,105.2,105.11,105.15,1918.0,27.0,105.148
CLX,2026-08-14 19:30:00+00:00,105.21,105.39,105.21,105.39,784.0,20.0,105.315
CLX,2026-08-14 19:35:00+00:00,105.38,105.41,105.34,105.35,1303.0,19.0,105.38051
CLX,2026-08-14 19:40:00+00:00,105.37,105.65,105.37,105.65,1565.0,27.0,105.450258
CLX,2026-08-14 19:45:00+00:00,105.56,105.56,105.38,105.405,4140.0,64.0,105.502657
CLX,2026-08-14 19:50:00+00:00,105.19,105.47,105.19,105.44,3235.0,47.0,105.353819
CLX,2026-08-14 19:55:00+00:00,105.52,105.91,105.48,105.71,21760.0,321.0,105.698857
CLX,2026-08-17 13:30:00+00:00,105.145,105.145,104.595,104.605,9487.0,44.0,104.940158
CLX,2026-08-17 13:35:00+00:00,104.77,105.31,104.77,105.26,1535.0,17.0,104.958214
CLX,2026-08-17 13:40:00+00:00,105.975,106.19,105.89,105.89,1485.0,27.0,105.981321
CLX,2026-08-17 13:45:00+00:00,105.86,105.86,105.205,105.205,940.0,13.0,105.450434
CLX,2026-08-17 13:50:00+00:00,105.65,105.65,105.3,105.36,596.0,20.0,105.425
CLX,2026-08-17 13:55:00+00:00,105.28,105.69,105.28,105.47,6425.0,20.0,105.470491
CLX,2026-08-17 14:00:00+00:00,105.67,105.86,105.57,105.66,1396.0,38.0,105.727143
CLX,2026-08-17 14:05:00+00:00,105.78,106.11,105.78,106.11,1021.0,37.0,105.897647
CLX,2026-08-17 14:10:00+00:00,106.12,106.12,105.79,105.87,615.0,14.0,105.949
CLX,2026-08-17 14:15:00+00:00,105.875,106.025,105.85,105.85,1167.0,27.0,105.945625
CLX,2026-08-17 14:20:00+00:00,105.95,105.95,105.71,105.71,1447.0,33.0,105.789488
CLX,2026-08-17 14:25:00+00:00,106.05,106.06,105.79,105.79,3343.0,37.0,105.936064
CLX,2026-08-17 14:30:00+00:00,105.86,106.82,105.86,106.75,3769.0,72.0,106.6602
CLX,2026-08-17 14:35:00+00:00,106.42,106.64,106.42,106.425,2337.0,52.0,106.535667
CLX,2026-08-17 14:40:00+00:00,106.55,106.69,106.435,106.475,1353.0,26.0,106.49625
CLX,2026-08-17 14:45:00+00:00,106.825,106.825,106.785,106.785,953.0,13.0,106.819565
CLX,2026-08-17 14:50:00+00:00,106.935,107.09,106.865,107.01,1656.0,25.0,106.956192
CLX,2026-08-17 14:55:00+00:00,106.7,106.7,106.66,106.66,395.0,10.0,106.68
CLX,2026-08-17 15:00:00+00:00,106.895,106.925,106.71,106.71,2730.0,43.0,106.819838
CLX,2026-08-17 15:05:00+00:00,106.69,106.69,106.035,106.035,591.0,12.0,106.46125
CLX,2026-08-17 15:10:00+00:00,105.9,105.9,105.69,105.69,408.0,7.0,105.816335
CLX,2026-08-17 15:15:00+00:00,105.56,105.59,105.46,105.47,11354.0,164.0,105.560923
CLX,2026-08-17 15:20:00+00:00,105.33,105.33,104.815,104.815,1865.0,29.0,105.121562
CLX,2026-08-17 15:25:00+00:00,104.72,104.85,104.72,104.805,759.0,20.0,104.774377
CLX,2026-08-17 15:30:00+00:00,104.895,105.12,104.86,104.86,1753.0,26.0,104.981818
CLX,2026-08-17 15:35:00+00:00,104.955,104.955,104.92,104.92,472.0,11.0,104.934478
CLX,2026-08-17 15:40:00+00:00,104.95,104.96,104.83,104.83,805.0,13.0,104.916429
CLX,2026-08-17 15:45:00+00:00,104.845,104.845,104.54,104.7,1410.0,38.0,104.700121
CLX,2026-08-17 15:50:00+00:00,104.64,104.695,104.64,104.695,911.0,13.0,104.6625
CLX,2026-08-17 15:55:00+00:00,104.82,104.82,104.7,104.7,1413.0,43.0,104.754167
CLX,2026-08-17 16:00:00+00:00,104.74,105.125,104.74,105.115,1340.0,29.0,104.855
CLX,2026-08-17 16:05:00+00:00,105.105,105.29,105.1,105.1,945.0,11.0,105.168183
CLX,2026-08-17 16:15:00+00:00,105.36,105.415,105.355,105.415,519.0,10.0,105.38125
CLX,2026-08-17 16:20:00+00:00,105.475,105.565,105.475,105.565,310.0,4.0,105.535
CLX,2026-08-17 16:25:00+00:00,105.46,105.46,105.455,105.455,318.0,5.0,105.456667
CLX,2026-08-17 16:30:00+00:00,105.565,105.565,105.51,105.51,712.0,13.0,105.543
CLX,2026-08-17 16:35:00+00:00,105.645,105.735,105.645,105.735,363.0,9.0,105.675
CLX,2026-08-17 16:40:00+00:00,105.805,105.915,105.805,105.85,1069.0,14.0,105.827076
CLX,2026-08-17 16:45:00+00:00,105.82,105.88,105.82,105.88,410.0,5.0,105.835
CLX,2026-08-17 16:50:00+00:00,105.915,105.985,105.9,105.9,1105.0,12.0,105.962769
CLX,2026-08-17 16:55:00+00:00,105.82,105.82,105.71,105.74,1290.0,22.0,105.789689
CLX,2026-08-17 17:00:00+00:00,105.73,106.03,105.73,105.99,1326.0,19.0,105.935319
CLX,2026-08-17 17:05:00+00:00,106.14,106.145,105.95,105.95,802.0,14.0,106.067
CLX,2026-08-17 17:10:00+00:00,106.14,106.14,106.1,106.1,600.0,5.0,106.126667
CLX,2026-08-17 17:15:00+00:00,106.1,106.22,106.04,106.19,3535.0,48.0,106.156995
CLX,2026-08-17 17:20:00+00:00,106.29,106.29,106.22,106.29,659.0,18.0,106.275
CLX,2026-08-17 17:25:00+00:00,106.21,106.215,106.11,106.135,464.0,11.0,106.1675
CLX,2026-08-17 17:30:00+00:00,106.165,106.18,106.08,106.165,1655.0,33.0,106.138182
CLX,2026-08-17 17:35:00+00:00,106.07,106.14,106.03,106.04,1834.0,30.0,106.063819
CLX,2026-08-17 17:40:00+00:00,106.04,106.04,106.04,106.04,115.0,3.0,106.04
CLX,2026-08-17 17:45:00+00:00,105.9,106.05,105.895,105.98,1271.0,22.0,105.9875
CLX,2026-08-17 17:50:00+00:00,105.98,105.98,105.98,105.98,198.0,5.0,105.98
CLX,2026-08-17 17:55:00+00:00,105.92,106.015,105.92,105.92,611.0,15.0,105.95375
CLX,2026-08-17 18:00:00+00:00,106.12,106.34,106.12,106.34,1487.0,32.0,106.222638
CLX,2026-08-17 18:05:00+00:00,106.485,106.73,106.485,106.715,6102.0,90.0,106.567006
CLX,2026-08-17 18:10:00+00:00,106.715,106.78,106.705,106.705,788.0,12.0,106.739167
CLX,2026-08-17 18:15:00+00:00,106.69,106.71,106.645,106.71,680.0,16.0,106.6725
CLX,2026-08-17 18:20:00+00:00,106.67,106.765,106.67,106.755,2311.0,42.0,106.704667
CLX,2026-08-17 18:25:00+00:00,106.68,106.72,106.63,106.72,1856.0,32.0,106.686681
CLX,2026-08-17 18:30:00+00:00,106.725,106.725,106.68,106.695,1306.0,26.0,106.693889
CLX,2026-08-17 18:35:00+00:00,106.71,106.71,106.55,106.55,3050.0,31.0,106.653269
CLX,2026-08-17 18:40:00+00:00,106.49,106.49,106.265,106.265,1217.0,18.0,106.402702
CLX,2026-08-17 18:45:00+00:00,106.27,106.405,106.27,106.405,762.0,21.0,106.351
CLX,2026-08-17 18:50:00+00:00,106.4,106.43,106.4,106.43,685.0,11.0,106.41125
CLX,2026-08-17 18:55:00+00:00,106.4,106.4,106.25,106.25,4196.0,36.0,106.326275
CLX,2026-08-17 19:00:00+00:00,106.2,106.27,106.145,106.215,6211.0,91.0,106.189509
CLX,2026-08-17 19:05:00+00:00,106.13,106.15,106.01,106.15,2563.0,38.0,106.09486
CLX,2026-08-17 19:10:00+00:00,106.17,106.17,105.99,105.99,1775.0,29.0,106.115556
CLX,2026-08-17 19:15:00+00:00,106.05,106.195,106.01,106.165,2465.0,39.0,106.122706
CLX,2026-08-17 19:20:00+00:00,106.27,106.39,106.24,106.28,8182.0,80.0,106.262546
CLX,2026-08-17 19:25:00+00:00,106.26,106.26,106.15,106.15,2324.0,41.0,106.204261
CLX,2026-08-17 19:30:00+00:00,106.09,106.175,105.975,105.975,1663.0,30.0,106.0885
CLX,2026-08-17 19:35:00+00:00,106.05,106.05,105.85,105.85,2814.0,55.0,105.962384
CLX,2026-08-17 19:40:00+00:00,105.72,105.73,105.6,105.72,2714.0,49.0,105.676017
CLX,2026-08-17 19:45:00+00:00,105.78,106.03,105.78,106.005,2221.0,54.0,105.912667
CLX,2026-08-17 19:50:00+00:00,106.0,106.015,105.79,105.825,9331.0,135.0,105.955378
CLX,2026-08-17 19:55:00+00:00,105.83,106.03,105.79,105.97,21195.0,385.0,105.911491
CLX,2026-08-18 13:30:00+00:00,106.59,106.59,106.0,106.39,1318.0,18.0,106.372593
CLX,2026-08-18 13:35:00+00:00,106.375,106.555,105.645,106.555,1388.0,13.0,106.190034
CLX,2026-08-18 13:40:00+00:00,106.335,106.86,106.335,106.85,806.0,13.0,106.630714
CLX,2026-08-18 13:45:00+00:00,107.66,107.73,107.47,107.47,1662.0,27.0,107.581364
CLX,2026-08-18 13:50:00+00:00,107.235,107.235,107.235,107.235,100.0,1.0,107.235
CLX,2026-08-18 13:55:00+00:00,107.28,107.28,107.03,107.28,961.0,24.0,107.204
CLX,2026-08-18 14:00:00+00:00,107.28,107.585,107.28,107.4,2635.0,61.0,107.519333
CLX,2026-08-18 14:05:00+00:00,107.415,107.525,107.27,107.525,2844.0,52.0,107.372916
CLX,2026-08-18 14:10:00+00:00,107.45,107.49,107.16,107.42,3649.0,57.0,107.337859
CLX,2026-08-18 14:15:00+00:00,107.5,107.705,107.43,107.705,4912.0,81.0,107.547851
CLX,2026-08-18 14:20:00+00:00,107.67,107.765,107.66,107.74,2219.0,41.0,107.727308
CLX,2026-08-18 14:25:00+00:00,107.74,107.74,107.43,107.495,2526.0,41.0,107.561842
CLX,2026-08-18 14:30:00+00:00,107.37,107.455,107.36,107.415,1509.0,33.0,107.415
CLX,2026-08-18 14:35:00+00:00,107.4,107.4,107.33,107.4,762.0,21.0,107.376667
CLX,2026-08-18 14:40:00+00:00,107.65,107.705,107.49,107.49,2034.0,40.0,107.602308
CLX,2026-08-18 14:45:00+00:00,107.55,107.7,107.4,107.42,2311.0,41.0,107.498171
CLX,2026-08-18 14:50:00+00:00,107.38,107.485,107.295,107.295,3522.0,41.0,107.400415
CLX,2026-08-18 14:55:00+00:00,107.32,107.54,107.2,107.49,1922.0,36.0,107.406154
CLX,2026-08-18 15:00:00+00:00,107.49,107.625,107.45,107.45,1552.0,33.0,107.4875
CLX,2026-08-18 15:05:00+00:00,107.395,107.52,107.395,107.52,1674.0,25.0,107.450665
CLX,2026-08-18 15:10:00+00:00,107.57,107.61,107.525,107.575,3038.0,42.0,107.572846
CLX,2026-08-18 15:15:00+00:00,107.47,107.47,107.325,107.435,1960.0,30.0,107.42398
CLX,2026-08-18 15:20:00+00:00,107.41,107.41,107.055,107.055,1845.0,32.0,107.307308
CLX,2026-08-18 15:25:00+00:00,106.995,107.04,106.97,107.02,1957.0,41.0,107.004093
CLX,2026-08-18 15:30:00+00:00,107.02,107.02,106.4,106.6,1948.0,41.0,106.67
CLX,2026-08-18 15:35:00+00:00,106.79,106.99,106.79,106.86,1151.0,20.0,106.895
CLX,2026-08-18 15:40:00+00:00,106.87,106.87,106.85,106.855,558.0,7.0,106.857
CLX,2026-08-18 15:45:00+00:00,106.7,106.91,106.7,106.87,2427.0,43.0,106.773072
CLX,2026-08-18 15:50:00+00:00,106.88,106.98,106.865,106.875,2344.0,34.0,106.897055
CLX,2026-08-18 15:55:00+00:00,106.875,106.91,106.705,106.705,2424.0,47.0,106.853843
CLX,2026-08-18 16:00:00+00:00,106.6,106.6,106.55,106.55,589.0,7.0,106.575
CLX,2026-08-18 16:05:00+00:00,106.58,106.59,106.58,106.59,562.0,17.0,106.583333
CLX,2026-08-18 16:10:00+00:00,106.68,106.68,106.68,106.68,183.0,1.0,106.68
CLX,2026-08-18 16:15:00+00:00,106.75,106.84,106.71,106.84,2272.0,29.0,106.766218
CLX,2026-08-18 16:20:00+00:00,106.86,107.05,106.86,106.945,2456.0,42.0,106.974812
CLX,2026-08-18 16:25:00+00:00,106.865,106.925,106.86,106.905,1886.0,21.0,106.905294
CLX,2026-08-18 16:30:00+00:00,106.905,106.905,106.805,106.875,1163.0,16.0,106.861262
CLX,2026-08-18 16:35:00+00:00,106.875,106.89,106.825,106.865,1827.0,29.0,106.867857
CLX,2026-08-18 16:40:00+00:00,106.825,106.825,106.585,106.585,1080.0,20.0,106.758431
CLX,2026-08-18 16:45:00+00:00,106.785,106.785,106.715,106.735,1146.0,14.0,106.749545
CLX,2026-08-18 16:50:00+00:00,106.715,106.715,106.625,106.635,810.0,11.0,106.662857
CLX,2026-08-18 16:55:00+00:00,106.64,106.66,106.63,106.63,953.0,16.0,106.640489
CLX,2026-08-18 17:00:00+00:00,106.635,106.71,106.635,106.65,1412.0,27.0,106.65375
CLX,2026-08-18 17:05:00+00:00,106.66,106.76,106.66,106.675,1110.0,15.0,106.694411
CLX,2026-08-18 17:10:00+00:00,106.685,106.77,106.66,106.77,1728.0,30.0,106.689444
CLX,2026-08-18 17:15:00+00:00,106.775,106.805,106.77,106.795,1154.0,16.0,106.781885
CLX,2026-08-18 17:20:00+00:00,106.795,106.795,106.65,106.675,1406.0,22.0,106.710833
CLX,2026-08-18 17:25:00+00:00,106.66,106.665,106.605,106.605,800.0,8.0,106.634375
CLX,2026-08-18 17:30:00+00:00,106.6,106.6,106.45,106.45,1476.0,28.0,106.5525
CLX,2026-08-18 17:35:00+00:00,106.355,106.475,106.355,106.475,1580.0,28.0,106.397707
CLX,2026-08-18 17:40:00+00:00,106.5,106.525,106.415,106.415,2076.0,33.0,106.504512
CLX,2026-08-18 17:45:00+00:00,106.37,106.445,106.37,106.445,1002.0,13.0,106.419444
CLX,2026-08-18 17:50:00+00:00,106.435,106.46,106.435,106.455,1317.0,20.0,106.451667
CLX,2026-08-18 17:55:00+00:00,106.47,106.645,106.47,106.645,1209.0,28.0,106.566841
CLX,2026-08-18 18:00:00+00:00,106.705,106.73,106.67,106.73,732.0,18.0,106.704
CLX,2026-08-18 18:05:00+00:00,106.785,106.885,106.785,106.81,1883.0,25.0,106.844646
CLX,2026-08-18 18:10:00+00:00,106.79,106.79,106.73,106.73,919.0,12.0,106.75
CLX,2026-08-18 18:15:00+00:00,106.73,106.73,106.68,106.69,834.0,13.0,106.705714
CLX,2026-08-18 18:20:00+00:00,106.53,106.54,106.5,106.5,408.0,6.0,106.5275
CLX,2026-08-18 18:25:00+00:00,106.505,106.505,106.275,106.275,975.0,15.0,106.41375
CLX,2026-08-18 18:30:00+00:00,106.27,106.27,106.14,106.14,571.0,7.0,106.218
CLX,2026-08-18 18:35:00+00:00,106.215,106.24,106.17,106.22,1895.0,32.0,106.209167
CLX,2026-08-18 18:40:00+00:00,106.22,106.36,106.22,106.32,1345.0,21.0,106.285192
CLX,2026-08-18 18:45:00+00:00,106.295,106.295,106.205,106.205,880.0,12.0,106.243571
CLX,2026-08-18 18:50:00+00:00,106.15,106.15,105.92,105.95,2479.0,30.0,106.000269
CLX,2026-08-18 18:55:00+00:00,105.95,106.08,105.94,106.08,2261.0,41.0,106.008748
CLX,2026-08-18 19:00:00+00:00,106.11,106.14,106.085,106.14,1564.0,25.0,106.102083
CLX,2026-08-18 19:05:00+00:00,106.13,106.13,106.07,106.07,1477.0,22.0,106.081364
CLX,2026-08-18 19:10:00+00:00,106.15,106.15,105.99,105.99,2052.0,27.0,106.063
CLX,2026-08-18 19:15:00+00:00,105.83,105.995,105.815,105.995,1857.0,32.0,105.89
CLX,2026-08-18 19:20:00+00:00,106.04,106.1,105.965,105.965,2367.0,37.0,106.034808
CLX,2026-08-18 19:25:00+00:00,105.965,105.965,105.595,105.595,3915.0,76.0,105.803392
CLX,2026-08-18 19:30:00+00:00,105.66,105.685,105.615,105.63,5277.0,65.0,105.649221
CLX,2026-08-18 19:35:00+00:00,105.635,105.635,105.43,105.43,3807.0,65.0,105.50625
CLX,2026-08-18 19:40:00+00:00,105.43,105.44,105.35,105.44,6238.0,100.0,105.410108
CLX,2026-08-18 19:45:00+00:00,105.42,105.46,105.35,105.435,6971.0,113.0,105.391575
CLX,2026-08-18 19:50:00+00:00,105.5,106.02,105.5,105.985,4116.0,71.0,105.705427
CLX,2026-08-18 19:55:00+00:00,106.035,106.07,105.51,105.51,17590.0,338.0,105.887005
CLX,2026-08-19 13:30:00+00:00,106.725,107.69,106.725,107.69,1282.0,21.0,107.043333
CLX,2026-08-19 13:35:00+00:00,107.69,107.77,107.56,107.56,944.0,14.0,107.67
CLX,2026-08-19 13:40:00+00:00,107.345,107.925,107.345,107.925,844.0,14.0,107.67
CLX,2026-08-19 13:45:00+00:00,108.36,108.36,108.36,108.36,114.0,4.0,108.36
CLX,2026-08-19 13:50:00+00:00,108.42,108.42,108.01,108.01,418.0,13.0,108.243333
CLX,2026-08-19 13:55:00+00:00,107.98,107.98,107.84,107.84,270.0,9.0,107.91
CLX,2026-08-19 14:00:00+00:00,107.8,107.805,107.31,107.33,474.0,10.0,107.56125
CLX,2026-08-19 14:05:00+00:00,107.21,107.545,107.21,107.545,1034.0,28.0,107.305
CLX,2026-08-19 14:10:00+00:00,107.83,108.1,107.79,108.1,1201.0,27.0,107.962
CLX,2026-08-19 14:15:00+00:00,107.72,107.835,107.72,107.835,300.0,3.0,107.796667
CLX,2026-08-19 14:20:00+00:00,107.89,108.1,107.86,108.075,615.0,12.0,107.98125
CLX,2026-08-19 14:25:00+00:00,107.555,107.555,107.555,107.555,120.0,6.0,107.555
CLX,2026-08-19 14:30:00+00:00,107.485,107.55,107.485,107.55,713.0,20.0,107.5175
CLX,2026-08-19 14:40:00+00:00,107.1,107.1,106.73,106.89,638.0,17.0,106.906667
CLX,2026-08-19 14:45:00+00:00,107.135,107.16,107.135,107.16,380.0,9.0,107.1475
CLX,2026-08-19 14:50:00+00:00,107.06,107.06,106.82,106.82,426.0,9.0,106.903333
CLX,2026-08-19 14:55:00+00:00,106.88,106.88,106.82,106.83,640.0,12.0,106.846
CLX,2026-08-19 15:00:00+00:00,106.84,107.21,106.84,107.21,4310.0,46.0,106.901813
CLX,2026-08-19 15:05:00+00:00,107.23,107.23,106.99,106.99,546.0,15.0,107.11
CLX,2026-08-19 15:10:00+00:00,107.48,107.56,107.48,107.515,588.0,11.0,107.515377
CLX,2026-08-19 15:15:00+00:00,107.42,107.44,107.24,107.33,3142.0,36.0,107.348912
CLX,2026-08-19 15:20:00+00:00,107.34,107.34,107.22,107.24,532.0,10.0,107.25625
CLX,2026-08-19 15:25:00+00:00,107.31,107.31,107.265,107.265,464.0,9.0,107.278317
CLX,2026-08-19 15:30:00+00:00,107.36,107.36,107.32,107.32,542.0,12.0,107.333333
CLX,2026-08-19 15:35:00+00:00,107.36,107.385,107.36,107.37,784.0,13.0,107.375833
CLX,2026-08-19 15:40:00+00:00,107.265,107.59,107.265,107.59,629.0,11.0,107.3575
CLX,2026-08-19 15:45:00+00:00,107.4,107.4,107.31,107.34,2795.0,47.0,107.385
CLX,2026-08-19 15:50:00+00:00,107.32,107.43,107.315,107.43,2262.0,30.0,107.414014
CLX,2026-08-19 15:55:00+00:00,107.445,107.475,107.445,107.475,482.0,13.0,107.465
CLX,2026-08-19 16:00:00+00:00,107.44,107.5,107.41,107.46,5103.0,53.0,107.474047
CLX,2026-08-19 16:05:00+00:00,107.53,107.53,107.305,107.33,1575.0,35.0,107.425385
CLX,2026-08-19 16:10:00+00:00,107.145,107.145,106.8,106.815,586.0,11.0,106.92
CLX,2026-08-19 16:15:00+00:00,106.935,106.99,106.935,106.99,557.0,13.0,106.949031
CLX,2026-08-19 16:20:00+00:00,106.93,106.945,106.93,106.945,479.0,10.0,106.938333
CLX,2026-08-19 16:25:00+00:00,106.84,106.84,106.84,106.84,122.0,4.0,106.84
CLX,2026-08-19 16:30:00+00:00,106.64,106.64,106.64,106.64,100.0,1.0,106.64
CLX,2026-08-19 16:35:00+00:00,106.795,106.795,106.795,106.795,127.0,3.0,106.795
CLX,2026-08-19 16:40:00+00:00,106.6,106.6,106.45,106.45,514.0,19.0,106.505
CLX,2026-08-19 16:45:00+00:00,106.695,106.7,106.69,106.7,511.0,11.0,106.695
CLX,2026-08-19 16:50:00+00:00,106.72,106.72,106.72,106.72,100.0,1.0,106.72
CLX,2026-08-19 17:00:00+00:00,106.735,106.735,106.73,106.73,342.0,10.0,106.7325
CLX,2026-08-19 17:05:00+00:00,106.595,106.595,106.595,106.595,646.0,13.0,106.595
CLX,2026-08-19 17:10:00+00:00,106.595,106.6,106.59,106.6,664.0,10.0,106.595
CLX,2026-08-19 17:15:00+00:00,106.685,106.76,106.685,106.76,473.0,9.0,106.72375
CLX,2026-08-19 17:20:00+00:00,106.9,106.9,106.9,106.9,100.0,1.0,106.9
CLX,2026-08-19 17:25:00+00:00,106.81,106.845,106.81,106.845,412.0,6.0,106.8275
CLX,2026-08-19 17:30:00+00:00,106.855,106.92,106.855,106.92,516.0,16.0,106.878333
CLX,2026-08-19 17:35:00+00:00,106.92,106.99,106.92,106.99,443.0,10.0,106.943333
CLX,2026-08-19 17:40:00+00:00,107.0,107.015,106.97,107.015,549.0,17.0,106.99625
CLX,2026-08-19 17:45:00+00:00,107.065,107.065,107.04,107.05,467.0,9.0,107.049412
CLX,2026-08-19 17:50:00+00:00,107.15,107.15,107.09,107.1,1467.0,9.0,107.097872
CLX,2026-08-19 18:00:00+00:00,107.015,107.085,107.015,107.085,561.0,11.0,107.054
CLX,2026-08-19 18:05:00+00:00,107.13,107.33,107.13,107.33,692.0,19.0,107.26
CLX,2026-08-19 18:10:00+00:00,107.395,107.395,107.395,107.395,253.0,5.0,107.395
CLX,2026-08-19 18:15:00+00:00,107.41,107.41,107.41,107.41,100.0,1.0,107.41
CLX,2026-08-19 18:20:00+00:00,107.31,107.31,107.19,107.19,533.0,19.0,107.25
CLX,2026-08-19 18:25:00+00:00,107.265,107.265,107.265,107.265,140.0,4.0,107.265
CLX,2026-08-19 18:30:00+00:00,107.34,107.34,107.265,107.27,658.0,14.0,107.285
CLX,2026-08-19 18:35:00+00:00,107.485,107.485,107.485,107.485,102.0,2.0,107.485
CLX,2026-08-19 18:40:00+00:00,107.47,107.47,107.3,107.3,410.0,13.0,107.41
CLX,2026-08-19 18:45:00+00:00,107.27,107.27,107.25,107.25,356.0,5.0,107.259901
CLX,2026-08-19 18:50:00+00:00,107.255,107.32,107.255,107.32,278.0,6.0,107.2875
CLX,2026-08-19 18:55:00+00:00,107.41,107.62,107.38,107.56,579.0,14.0,107.4925
CLX,2026-08-19 19:00:00+00:00,107.685,107.85,107.655,107.735,1851.0,31.0,107.758334
CLX,2026-08-19 19:05:00+00:00,107.65,107.775,107.615,107.775,1305.0,25.0,107.654444
CLX,2026-08-19 19:10:00+00:00,107.96,108.36,107.96,108.23,4635.0,85.0,108.17389
CLX,2026-08-19 19:15:00+00:00,108.15,108.45,108.15,108.45,10637.0,82.0,108.372622
CLX,2026-08-19 19:20:00+00:00,108.53,108.65,108.375,108.46,4280.0,97.0,108.436731
CLX,2026-08-19 19:25:00+00:00,108.2,108.655,108.2,108.51,2000.0,36.0,108.442917
CLX,2026-08-19 19:30:00+00:00,108.52,108.605,108.46,108.46,3160.0,53.0,108.513655
CLX,2026-08-19 19:35:00+00:00,108.54,108.62,108.5,108.5,3461.0,58.0,108.56796
CLX,2026-08-19 19:40:00+00:00,108.52,108.6,108.335,108.6,2176.0,44.0,108.470734
CLX,2026-08-19 19:45:00+00:00,108.48,108.48,108.145,108.145,2262.0,44.0,108.318478
CLX,2026-08-19 19:50:00+00:00,108.01,108.035,107.43,107.445,5103.0,86.0,107.736562
CLX,2026-08-19 19:55:00+00:00,107.455,108.145,107.37,107.94,14581.0,240.0,107.785335
CLX,2026-08-20 13:30:00+00:00,106.645,107.89,106.645,107.89,2256.0,29.0,107.358889
CLX,2026-08-20 13:35:00+00:00,108.79,108.91,108.29,108.29,1130.0,21.0,108.588333
CLX,2026-08-20 13:40:00+00:00,107.965,107.965,107.965,107.965,748.0,10.0,107.965
CLX,2026-08-20 13:45:00+00:00,108.295,108.535,108.295,108.535,301.0,7.0,108.415
CLX,2026-08-20 13:50:00+00:00,108.6,108.75,108.54,108.64,2085.0,34.0,108.619167
CLX,2026-08-20 13:55:00+00:00,108.66,108.66,108.27,108.27,851.0,21.0,108.382069
CLX,2026-08-20 14:00:00+00:00,107.71,107.83,107.71,107.75,1508.0,21.0,107.781843
CLX,2026-08-20 14:05:00+00:00,107.32,107.37,107.31,107.37,604.0,7.0,107.328333
CLX,2026-08-20 14:10:00+00:00,107.23,107.23,107.23,107.23,111.0,2.0,107.23
CLX,2026-08-20 14:15:00+00:00,107.0,107.33,107.0,107.33,688.0,12.0,107.21
CLX,2026-08-20 14:20:00+00:00,107.31,107.31,107.31,107.31,304.0,5.0,107.31
CLX,2026-08-20 14:25:00+00:00,106.87,106.91,106.75,106.75,419.0,6.0,106.8375
CLX,2026-08-20 14:30:00+00:00,106.205,106.205,106.205,106.205,365.0,11.0,106.205
CLX,2026-08-20 14:35:00+00:00,106.3,106.3,106.17,106.18,359.0,6.0,106.216667
CLX,2026-08-20 14:40:00+00:00,106.05,106.08,106.05,106.08,473.0,17.0,106.063953
CLX,2026-08-20 14:45:00+00:00,106.035,106.33,106.035,106.33,833.0,13.0,106.142222
CLX,2026-08-20 14:50:00+00:00,105.95,105.95,105.95,105.95,158.0,4.0,105.95
CLX,2026-08-20 14:55:00+00:00,105.84,105.95,105.84,105.95,794.0,24.0,105.89
CLX,2026-08-20 15:00:00+00:00,106.11,106.19,106.11,106.17,1112.0,13.0,106.160824
CLX,2026-08-20 15:05:00+00:00,106.33,106.35,106.33,106.35,324.0,5.0,106.336667
CLX,2026-08-20 15:10:00+00:00,106.57,106.57,106.57,106.57,196.0,6.0,106.57
CLX,2026-08-20 15:15:00+00:00,106.91,106.96,106.91,106.96,399.0,7.0,106.935
CLX,2026-08-20 15:20:00+00:00,107.03,107.03,106.96,106.96,255.0,6.0,106.995
CLX,2026-08-20 15:25:00+00:00,107.1,107.1,107.065,107.065,305.0,7.0,107.0825
CLX,2026-08-20 15:30:00+00:00,107.06,107.06,107.06,107.06,325.0,7.0,107.06
CLX,2026-08-20 15:35:00+00:00,107.12,107.12,107.12,107.12,101.0,2.0,107.12
CLX,2026-08-20 15:45:00+00:00,107.085,107.085,107.085,107.085,117.0,4.0,107.085
CLX,2026-08-20 15:50:00+00:00,107.135,107.135,107.135,107.135,251.0,8.0,107.135
CLX,2026-08-20 15:55:00+00:00,107.19,107.19,107.19,107.19,371.0,3.0,107.19
CLX,2026-08-20 16:00:00+00:00,107.13,107.2,107.06,107.2,881.0,17.0,107.138125
CLX,2026-08-20 16:05:00+00:00,107.185,107.4,107.185,107.325,851.0,16.0,107.295
CLX,2026-08-20 16:10:00+00:00,107.405,107.48,107.405,107.48,602.0,13.0,107.435
CLX,2026-08-20 16:15:00+00:00,107.485,107.51,107.41,107.5,706.0,13.0,107.465728
CLX,2026-08-20 16:20:00+00:00,107.54,107.54,107.43,107.43,760.0,12.0,107.466
CLX,2026-08-20 16:25:00+00:00,107.36,107.36,107.36,107.36,195.0,4.0,107.36
CLX,2026-08-20 16:35:00+00:00,107.32,107.34,107.19,107.195,873.0,17.0,107.241429
CLX,2026-08-20 16:40:00+00:00,107.19,107.205,107.19,107.205,224.0,5.0,107.1975
CLX,2026-08-20 16:45:00+00:00,107.01,107.01,107.01,107.01,100.0,1.0,107.01
CLX,2026-08-20 16:50:00+00:00,107.1,107.32,107.1,107.29,877.0,13.0,107.225
CLX,2026-08-20 17:00:00+00:00,107.24,107.24,107.24,107.24,100.0,1.0,107.24
CLX,2026-08-20 17:05:00+00:00,107.25,107.3,107.25,107.3,286.0,7.0,107.275
CLX,2026-08-20 17:10:00+00:00,107.39,107.425,107.39,107.425,326.0,5.0,107.4075
CLX,2026-08-20 17:25:00+00:00,107.21,107.31,107.21,107.31,651.0,20.0,107.28
CLX,2026-08-20 17:30:00+00:00,107.3,107.3,107.3,107.3,101.0,2.0,107.3
CLX,2026-08-20 17:35:00+00:00,107.27,107.345,107.25,107.345,413.0,7.0,107.288333
CLX,2026-08-20 17:40:00+00:00,107.275,107.34,107.25,107.25,1141.0,22.0,107.279286
CLX,2026-08-20 17:45:00+00:00,107.39,107.39,107.39,107.39,242.0,5.0,107.39
CLX,2026-08-20 17:55:00+00:00,107.605,107.605,107.58,107.58,268.0,9.0,107.5925
CLX,2026-08-20 18:00:00+00:00,107.525,107.64,107.525,107.635,775.0,21.0,107.5875
CLX,2026-08-20 18:05:00+00:00,107.68,107.68,107.55,107.67,871.0,17.0,107.635
CLX,2026-08-20 18:10:00+00:00,107.49,107.49,107.41,107.46,593.0,21.0,107.453333
CLX,2026-08-20 18:15:00+00:00,107.46,107.46,107.31,107.31,509.0,14.0,107.38
CLX,2026-08-20 18:20:00+00:00,107.4,107.455,107.375,107.455,467.0,15.0,107.41
CLX,2026-08-20 18:25:00+00:00,107.37,107.37,107.37,107.37,253.0,6.0,107.37
CLX,2026-08-20 18:30:00+00:00,107.32,107.32,107.31,107.315,549.0,12.0,107.31625
CLX,2026-08-20 18:35:00+00:00,107.34,107.34,107.32,107.32,423.0,13.0,107.33
CLX,2026-08-20 18:40:00+00:00,107.24,107.24,107.17,107.17,331.0,7.0,107.21
CLX,2026-08-20 18:45:00+00:00,107.23,107.31,107.23,107.31,368.0,10.0,107.261667
CLX,2026-08-20 18:50:00+00:00,107.4,107.4,107.39,107.39,462.0,5.0,107.392591
CLX,2026-08-20 18:55:00+00:00,107.345,107.345,107.345,107.345,103.0,3.0,107.345
CLX,2026-08-20 19:00:00+00:00,107.175,107.21,107.175,107.19,840.0,14.0,107.186429
CLX,2026-08-20 19:05:00+00:00,107.355,107.375,107.32,107.32,598.0,17.0,107.3425
CLX,2026-08-20 19:10:00+00:00,107.39,107.39,107.25,107.255,1625.0,15.0,107.358214
CLX,2026-08-20 19:15:00+00:00,107.06,107.06,106.91,106.91,901.0,3.0,106.926667
CLX,2026-08-20 19:20:00+00:00,107.01,107.37,107.0,107.305,1292.0,28.0,107.239
CLX,2026-08-20 19:25:00+00:00,107.22,107.22,107.08,107.08,805.0,27.0,107.151667
CLX,2026-08-20 19:30:00+00:00,106.86,106.92,106.61,106.62,2215.0,28.0,106.712968
CLX,2026-08-20 19:35:00+00:00,106.625,106.74,106.6,106.73,2222.0,45.0,106.672
CLX,2026-08-20 19:40:00+00:00,106.68,106.77,106.675,106.77,1043.0,21.0,106.71875
CLX,2026-08-20 19:45:00+00:00,106.66,106.66,106.425,106.425,2952.0,60.0,106.575769
CLX,2026-08-20 19:50:00+00:00,106.49,106.59,106.445,106.455,3893.0,93.0,106.52386
CLX,2026-08-20 19:55:00+00:00,106.44,106.48,105.99,106.04,20869.0,389.0,106.135999
CLX,2026-08-21 13:30:00+00:00,105.81,105.81,104.85,104.85,398.0,5.0,105.33
CLX,2026-08-21 13:35:00+00:00,105.51,105.66,105.465,105.66,707.0,12.0,105.523537
CLX,2026-08-21 13:40:00+00:00,105.665,105.88,105.59,105.88,754.0,8.0,105.767511
CLX,2026-08-21 13:45:00+00:00,105.73,105.73,105.245,105.35,983.0,18.0,105.376196
CLX,2026-08-21 13:50:00+00:00,105.25,105.49,105.25,105.49,723.0,24.0,105.38
CLX,2026-08-21 14:00:00+00:00,105.275,105.56,105.275,105.56,1091.0,22.0,105.427427
CLX,2026-08-21 14:05:00+00:00,105.885,105.885,105.38,105.38,1227.0,28.0,105.662222
CLX,2026-08-21 14:10:00+00:00,105.43,105.435,105.32,105.41,2241.0,46.0,105.389375
CLX,2026-08-21 14:15:00+00:00,105.5,105.5,105.16,105.16,1287.0,27.0,105.2575
CLX,2026-08-21 14:20:00+00:00,105.49,105.495,105.375,105.375,644.0,16.0,105.456059
CLX,2026-08-21 14:25:00+00:00,105.65,105.65,105.65,105.65,812.0,26.0,105.65
CLX,2026-08-21 14:30:00+00:00,105.85,106.05,105.58,105.9,2638.0,62.0,105.860257
CLX,2026-08-21 14:35:00+00:00,105.87,105.87,105.8,105.83,758.0,11.0,105.850833
CLX,2026-08-21 14:40:00+00:00,105.89,106.0,105.795,105.99,18636.0,171.0,105.992805
CLX,2026-08-21 14:45:00+00:00,105.995,106.64,105.985,106.64,1886.0,30.0,106.180333
CLX,2026-08-21 14:50:00+00:00,106.705,106.81,106.705,106.71,956.0,23.0,106.744167
CLX,2026-08-21 14:55:00+00:00,106.71,107.03,106.7,107.02,1421.0,27.0,106.899583
CLX,2026-08-21 15:00:00+00:00,107.03,107.09,106.965,107.05,1223.0,25.0,107.044322
CLX,2026-08-21 15:05:00+00:00,107.205,107.205,106.995,106.995,1043.0,13.0,107.0815
CLX,2026-08-21 15:10:00+00:00,106.965,106.975,106.65,106.65,2262.0,32.0,106.834722
CLX,2026-08-21 15:15:00+00:00,106.635,106.635,106.375,106.375,1504.0,29.0,106.494444
CLX,2026-08-21 15:20:00+00:00,106.48,106.48,106.4,106.4,901.0,16.0,106.436471
CLX,2026-08-21 15:25:00+00:00,106.55,106.59,106.53,106.55,1130.0,23.0,106.551111
CLX,2026-08-21 15:30:00+00:00,106.405,106.49,106.405,106.48,706.0,8.0,106.456428
CLX,2026-08-21 15:35:00+00:00,106.49,106.505,106.49,106.505,401.0,5.0,106.49875
CLX,2026-08-21 15:40:00+00:00,106.505,106.555,106.455,106.555,679.0,16.0,106.505
CLX,2026-08-21 15:45:00+00:00,106.655,106.68,106.435,106.435,1025.0,24.0,106.601
CLX,2026-08-21 15:50:00+00:00,106.51,106.51,106.44,106.44,742.0,12.0,106.471667
CLX,2026-08-21 15:55:00+00:00,106.64,106.665,106.59,106.665,571.0,13.0,106.629
CLX,2026-08-21 16:00:00+00:00,106.75,106.775,106.685,106.685,409.0,11.0,106.74
CLX,2026-08-21 16:05:00+00:00,106.63,106.765,106.63,106.765,468.0,7.0,106.66875
CLX,2026-08-21 16:10:00+00:00,106.785,106.8,106.785,106.8,316.0,7.0,106.795
CLX,2026-08-21 16:15:00+00:00,106.745,106.745,106.71,106.715,571.0,9.0,106.722
CLX,2026-08-21 16:20:00+00:00,106.615,106.66,106.615,106.66,317.0,5.0,106.64
CLX,2026-08-21 16:25:00+00:00,106.72,106.755,106.72,106.755,674.0,12.0,106.729
CLX,2026-08-21 16:30:00+00:00,106.69,106.69,106.64,106.64,202.0,4.0,106.665
CLX,2026-08-21 16:35:00+00:00,106.78,106.85,106.76,106.83,789.0,16.0,106.807143
CLX,2026-08-21 16:40:00+00:00,106.77,106.77,106.77,106.77,339.0,6.0,106.77
CLX,2026-08-21 16:45:00+00:00,106.96,107.04,106.96,107.04,231.0,5.0,107.0
CLX,2026-08-21 16:50:00+00:00,107.04,107.15,107.04,107.15,612.0,7.0,107.101667
CLX,2026-08-21 16:55:00+00:00,107.125,107.15,107.125,107.15,578.0,8.0,107.139
CLX,2026-08-21 17:00:00+00:00,107.17,107.185,106.93,106.935,1048.0,17.0,107.041667
CLX,2026-08-21 17:05:00+00:00,107.04,107.1,107.01,107.01,1270.0,17.0,107.072727
CLX,2026-08-21 17:10:00+00:00,107.01,107.03,107.01,107.03,200.0,2.0,107.02
CLX,2026-08-21 17:15:00+00:00,106.885,106.975,106.88,106.91,954.0,16.0,106.899375
CLX,2026-08-21 17:20:00+00:00,106.905,107.05,106.9,107.05,943.0,15.0,106.974375
CLX,2026-08-21 17:25:00+00:00,107.05,107.05,107.05,107.05,100.0,1.0,107.05
CLX,2026-08-21 17:30:00+00:00,106.88,106.98,106.85,106.925,2625.0,38.0,106.877826
CLX,2026-08-21 17:35:00+00:00,106.91,106.98,106.9,106.955,684.0,15.0,106.929
CLX,2026-08-21 17:40:00+00:00,106.925,106.925,106.905,106.905,431.0,12.0,106.911667
CLX,2026-08-21 17:45:00+00:00,106.905,107.05,106.905,107.05,820.0,17.0,106.954
CLX,2026-08-21 17:50:00+00:00,107.01,107.09,107.01,107.02,1117.0,26.0,107.043334
CLX,2026-08-21 17:55:00+00:00,107.015,107.09,107.015,107.09,775.0,24.0,107.06
CLX,2026-08-21 18:00:00+00:00,107.035,107.035,107.035,107.035,117.0,2.0,107.035
CLX,2026-08-21 18:05:00+00:00,107.095,107.095,107.095,107.095,103.0,2.0,107.095
CLX,2026-08-21 18:10:00+00:00,107.12,107.215,107.12,107.215,1079.0,13.0,107.150104
CLX,2026-08-21 18:15:00+00:00,107.23,107.265,107.23,107.265,738.0,15.0,107.248333
CLX,2026-08-21 18:20:00+00:00,107.265,107.32,107.265,107.275,1345.0,22.0,107.283902
CLX,2026-08-21 18:25:00+00:00,107.27,107.27,107.205,107.22,519.0,11.0,107.234
CLX,2026-08-21 18:30:00+00:00,107.22,107.295,107.215,107.215,679.0,17.0,107.23625
CLX,2026-08-21 18:35:00+00:00,107.24,107.255,107.2,107.255,726.0,13.0,107.232857
CLX,2026-08-21 18:40:00+00:00,107.25,107.25,107.22,107.22,508.0,11.0,107.23
CLX,2026-08-21 18:45:00+00:00,107.235,107.235,107.195,107.23,537.0,13.0,107.216
CLX,2026-08-21 18:50:00+00:00,107.27,107.27,107.16,107.16,727.0,21.0,107.248333
CLX,2026-08-21 18:55:00+00:00,107.18,107.19,107.095,107.165,1807.0,32.0,107.13201
CLX,2026-08-21 19:00:00+00:00,107.23,107.23,107.17,107.175,525.0,10.0,107.191667
CLX,2026-08-21 19:05:00+00:00,107.2,107.28,107.195,107.265,1580.0,41.0,107.241584
CLX,2026-08-21 19:10:00+00:00,107.3,107.3,107.28,107.28,203.0,4.0,107.29
CLX,2026-08-21 19:15:00+00:00,107.125,107.2,107.125,107.135,1208.0,25.0,107.154286
CLX,2026-08-21 19:20:00+00:00,107.075,107.11,107.02,107.11,600.0,11.0,107.079
CLX,2026-08-21 19:25:00+00:00,107.13,107.14,107.115,107.135,1436.0,33.0,107.1275
CLX,2026-08-21 19:30:00+00:00,107.02,107.055,106.93,106.93,2226.0,43.0,106.999615
CLX,2026-08-21 19:35:00+00:00,106.67,106.73,106.52,106.73,3357.0,65.0,106.615094
CLX,2026-08-21 19:40:00+00:00,106.735,106.98,106.71,106.98,3091.0,52.0,106.821042
CLX,2026-08-21 19:45:00+00:00,106.89,106.89,106.77,106.805,5451.0,97.0,106.853677
CLX,2026-08-21 19:50:00+00:00,106.685,106.765,106.54,106.575,5616.0,97.0,106.614955
CLX,2026-08-21 19:55:00+00:00,106.575,107.04,106.56,106.66,14756.0,324.0,106.877138
CLX,2026-08-24 13:30:00+00:00,107.32,107.32,107.32,107.32,100.0,1.0,107.32
CLX,2026-08-24 13:35:00+00:00,107.92,108.01,107.87,108.01,583.0,10.0,107.955626
CLX,2026-08-24 13:40:00+00:00,108.53,108.67,108.53,108.67,219.0,6.0,108.6
CLX,2026-08-24 13:45:00+00:00,108.91,108.91,108.91,108.91,561.0,12.0,108.91
CLX,2026-08-24 13:50:00+00:00,108.68,108.68,108.68,108.68,236.0,6.0,108.68
CLX,2026-08-24 13:55:00+00:00,108.615,108.615,108.615,108.615,200.0,3.0,108.615
CLX,2026-08-24 14:05:00+00:00,108.92,108.99,108.92,108.99,436.0,8.0,108.943333
CLX,2026-08-24 14:10:00+00:00,109.13,109.14,109.13,109.14,429.0,19.0,109.135
CLX,2026-08-24 14:15:00+00:00,109.36,109.36,109.36,109.36,224.0,6.0,109.36
CLX,2026-08-24 14:20:00+00:00,108.99,108.99,108.99,108.99,289.0,3.0,108.99
CLX,2026-08-24 14:25:00+00:00,108.95,108.95,108.95,108.95,119.0,5.0,108.95
CLX,2026-08-24 14:30:00+00:00,108.905,108.97,108.72,108.72,777.0,21.0,108.865
CLX,2026-08-24 14:35:00+00:00,108.69,108.69,108.61,108.61,545.0,14.0,108.65
CLX,2026-08-24 14:55:00+00:00,108.79,108.79,108.79,108.79,242.0,2.0,108.79
CLX,2026-08-24 15:00:00+00:00,108.7,108.7,108.7,108.7,171.0,4.0,108.7
CLX,2026-08-24 15:10:00+00:00,108.53,108.53,108.53,108.53,110.0,2.0,108.53
CLX,2026-08-24 15:15:00+00:00,108.66,108.665,108.66,108.665,261.0,7.0,108.662415
CLX,2026-08-24 15:20:00+00:00,108.65,108.65,108.65,108.65,366.0,8.0,108.65
CLX,2026-08-24 15:25:00+00:00,108.47,108.47,108.47,108.47,214.0,7.0,108.47
CLX,2026-08-24 15:30:00+00:00,108.64,108.64,108.63,108.63,395.0,11.0,108.635
CLX,2026-08-24 15:40:00+00:00,108.33,108.33,108.26,108.26,330.0,9.0,108.295
CLX,2026-08-24 15:45:00+00:00,108.27,108.28,108.27,108.28,340.0,4.0,108.276835
CLX,2026-08-24 15:50:00+00:00,108.16,108.16,108.16,108.16,100.0,1.0,108.16
CLX,2026-08-24 16:10:00+00:00,108.41,108.41,108.41,108.41,100.0,1.0,108.41
CLX,2026-08-24 16:15:00+00:00,108.49,108.49,108.42,108.42,355.0,11.0,108.45271
CLX,2026-08-24 16:20:00+00:00,108.595,108.595,108.59,108.59,200.0,2.0,108.5925
CLX,2026-08-24 16:30:00+00:00,108.4,108.4,108.4,108.4,135.0,2.0,108.4
CLX,2026-08-24 16:40:00+00:00,108.09,108.11,108.09,108.11,611.0,12.0,108.1
CLX,2026-08-24 16:45:00+00:00,108.17,108.17,108.06,108.06,380.0,12.0,108.096667
CLX,2026-08-24 16:50:00+00:00,107.9,107.9,107.89,107.89,530.0,8.0,107.895
CLX,2026-08-24 16:55:00+00:00,107.9,107.9,107.745,107.745,200.0,2.0,107.8225
CLX,2026-08-24 17:00:00+00:00,107.61,107.61,107.61,107.61,293.0,8.0,107.61
CLX,2026-08-24 17:05:00+00:00,107.505,107.66,107.505,107.55,856.0,25.0,107.6
CLX,2026-08-24 17:10:00+00:00,107.63,107.63,107.49,107.49,547.0,8.0,107.59
CLX,2026-08-24 17:15:00+00:00,107.515,107.515,107.515,107.515,104.0,2.0,107.515
CLX,2026-08-24 17:25:00+00:00,107.34,107.34,107.34,107.34,100.0,1.0,107.34
CLX,2026-08-24 17:30:00+00:00,107.5,107.82,107.5,107.82,710.0,20.0,107.6725
CLX,2026-08-24 17:35:00+00:00,107.87,107.87,107.775,107.8,343.0,7.0,107.819231
CLX,2026-08-24 17:40:00+00:00,107.95,107.95,107.95,107.95,216.0,4.0,107.95
CLX,2026-08-24 17:45:00+00:00,107.88,107.88,107.835,107.835,909.0,17.0,107.86625
CLX,2026-08-24 17:50:00+00:00,107.9,108.1,107.9,108.1,426.0,10.0,108.028571
CLX,2026-08-24 17:55:00+00:00,108.12,108.14,108.12,108.14,554.0,11.0,108.13
CLX,2026-08-24 18:00:00+00:00,108.17,108.185,108.08,108.08,764.0,21.0,108.147183
CLX,2026-08-24 18:05:00+00:00,108.19,108.19,108.14,108.14,346.0,7.0,108.165
CLX,2026-08-24 18:10:00+00:00,108.0,108.0,108.0,108.0,348.0,9.0,108.0
CLX,2026-08-24 18:20:00+00:00,108.02,108.02,107.97,107.97,423.0,11.0,107.99
CLX,2026-08-24 18:25:00+00:00,107.9,108.035,107.9,107.98,776.0,20.0,107.96875
CLX,2026-08-24 18:30:00+00:00,107.99,107.99,107.99,107.99,100.0,1.0,107.99
CLX,2026-08-24 18:35:00+00:00,107.98,107.98,107.98,107.98,100.0,1.0,107.98
CLX,2026-08-24 18:45:00+00:00,108.02,108.02,108.02,108.02,238.0,7.0,108.02
CLX,2026-08-24 18:50:00+00:00,108.1,108.1,108.1,108.1,254.0,9.0,108.1
CLX,2026-08-24 19:00:00+00:00,108.18,108.18,108.17,108.175,492.0,9.0,108.175
CLX,2026-08-24 19:05:00+00:00,108.18,108.18,107.865,107.865,714.0,23.0,108.061667
CLX,2026-08-24 19:10:00+00:00,107.835,107.885,107.72,107.88,2758.0,30.0,107.782376
CLX,2026-08-24 19:15:00+00:00,107.93,108.02,107.93,108.02,649.0,18.0,107.985
CLX,2026-08-24 19:25:00+00:00,107.625,107.64,107.625,107.64,209.0,5.0,107.6325
CLX,2026-08-24 19:30:00+00:00,107.56,107.56,107.5,107.5,614.0,21.0,107.54
CLX,2026-08-24 19:35:00+00:00,107.54,107.63,107.54,107.62,2103.0,38.0,107.575199
CLX,2026-08-24 19:40:00+00:00,107.72,107.73,107.59,107.59,2475.0,55.0,107.685086
CLX,2026-08-24 19:45:00+00:00,107.7,107.7,107.43,107.43,4633.0,82.0,107.582082
CLX,2026-08-24 19:50:00+00:00,107.46,107.55,107.41,107.55,4658.0,91.0,107.503498
CLX,2026-08-24 19:55:00+00:00,107.59,107.59,107.145,107.19,15613.0,265.0,107.400675
CLX,2026-08-25 13:30:00+00:00,106.09,106.24,105.785,106.24,1508.0,18.0,105.974615
CLX,2026-08-25 13:35:00+00:00,106.035,106.04,106.035,106.04,305.0,7.0,106.0375
CLX,2026-08-25 13:40:00+00:00,106.005,106.005,106.005,106.005,313.0,7.0,106.005
CLX,2026-08-25 13:45:00+00:00,105.49,105.49,105.49,105.49,218.0,5.0,105.49
CLX,2026-08-25 13:50:00+00:00,105.66,105.66,105.655,105.655,392.0,10.0,105.6575
CLX,2026-08-25 13:55:00+00:00,105.845,105.845,105.845,105.845,144.0,3.0,105.845
CLX,2026-08-25 14:00:00+00:00,105.81,105.905,105.81,105.905,702.0,13.0,105.87625
CLX,2026-08-25 14:05:00+00:00,106.08,106.08,106.08,106.08,471.0,9.0,106.08
CLX,2026-08-25 14:10:00+00:00,106.285,106.285,106.095,106.095,452.0,9.0,106.19
CLX,2026-08-25 14:20:00+00:00,106.13,106.13,105.92,105.92,393.0,8.0,106.006667
CLX,2026-08-25 14:25:00+00:00,105.85,105.96,105.85,105.96,204.0,3.0,105.905
CLX,2026-08-25 14:30:00+00:00,106.13,106.315,106.13,106.315,516.0,17.0,106.2225
CLX,2026-08-25 14:40:00+00:00,106.36,106.36,106.36,106.36,200.0,2.0,106.36
CLX,2026-08-25 14:45:00+00:00,106.2,106.2,106.2,106.2,153.0,8.0,106.2
CLX,2026-08-25 14:50:00+00:00,106.14,106.14,106.14,106.14,185.0,3.0,106.14
CLX,2026-08-25 14:55:00+00:00,106.12,106.12,106.12,106.12,100.0,1.0,106.12
CLX,2026-08-25 15:00:00+00:00,106.325,106.325,106.19,106.19,627.0,15.0,106.28
CLX,2026-08-25 15:05:00+00:00,106.17,106.17,106.17,106.17,145.0,2.0,106.17
CLX,2026-08-25 15:10:00+00:00,106.09,106.09,106.09,106.09,158.0,4.0,106.09
CLX,2026-08-25 15:20:00+00:00,105.955,106.1,105.955,106.1,310.0,8.0,106.0275
CLX,2026-08-25 15:25:00+00:00,106.03,106.03,106.03,106.03,244.0,4.0,106.03
CLX,2026-08-25 15:30:00+00:00,106.13,106.16,106.13,106.16,257.0,5.0,106.145
CLX,2026-08-25 15:40:00+00:00,106.205,106.205,106.205,106.205,100.0,1.0,106.205
CLX,2026-08-25 15:45:00+00:00,106.07,106.07,106.02,106.02,516.0,9.0,106.045
CLX,2026-08-25 15:50:00+00:00,105.9,105.95,105.89,105.89,597.0,11.0,105.91375
CLX,2026-08-25 15:55:00+00:00,105.885,105.885,105.885,105.885,116.0,4.0,105.885
CLX,2026-08-25 16:00:00+00:00,105.83,105.83,105.83,105.83,361.0,10.0,105.83
CLX,2026-08-25 16:05:00+00:00,105.77,105.77,105.615,105.615,283.0,6.0,105.6925
CLX,2026-08-25 16:10:00+00:00,105.7,105.7,105.7,105.7,122.0,4.0,105.7
CLX,2026-08-25 16:15:00+00:00,105.585,105.585,105.585,105.585,189.0,3.0,105.585
CLX,2026-08-25 16:20:00+00:00,105.33,105.33,104.92,104.94,942.0,19.0,105.100833
CLX,2026-08-25 16:25:00+00:00,104.945,105.24,104.915,105.24,2270.0,57.0,105.073333
CLX,2026-08-25 16:30:00+00:00,105.34,105.39,105.34,105.39,532.0,9.0,105.365
CLX,2026-08-25 16:40:00+00:00,105.24,105.24,105.205,105.205,352.0,5.0,105.2225
CLX,2026-08-25 16:50:00+00:00,105.12,105.12,105.12,105.12,228.0,5.0,105.12
CLX,2026-08-25 16:55:00+00:00,105.04,105.04,105.035,105.035,932.0,20.0,105.03625
CLX,2026-08-25 17:00:00+00:00,104.9,104.9,104.88,104.88,412.0,13.0,104.89
CLX,2026-08-25 17:05:00+00:00,104.78,104.78,104.75,104.75,531.0,9.0,104.76
CLX,2026-08-25 17:10:00+00:00,104.73,104.73,104.73,104.73,330.0,6.0,104.73
CLX,2026-08-25 17:15:00+00:00,104.825,104.86,104.825,104.86,255.0,3.0,104.8425
CLX,2026-08-25 17:20:00+00:00,104.81,104.81,104.81,104.81,348.0,8.0,104.81
CLX,2026-08-25 17:25:00+00:00,104.59,104.59,104.59,104.59,285.0,6.0,104.59
CLX,2026-08-25 17:35:00+00:00,104.735,104.735,104.735,104.735,286.0,9.0,104.735
CLX,2026-08-25 17:55:00+00:00,104.94,104.94,104.94,104.94,424.0,17.0,104.94
CLX,2026-08-25 18:05:00+00:00,105.05,105.05,105.02,105.02,376.0,8.0,105.035
CLX,2026-08-25 18:10:00+00:00,104.95,105.02,104.95,105.02,650.0,18.0,104.983333
CLX,2026-08-25 18:15:00+00:00,104.88,104.9,104.87,104.9,1126.0,32.0,104.884848
CLX,2026-08-25 18:20:00+00:00,104.835,104.885,104.835,104.85,1010.0,28.0,104.867
CLX,2026-08-25 18:30:00+00:00,104.815,104.88,104.815,104.88,608.0,7.0,104.830799
CLX,2026-08-25 18:40:00+00:00,104.87,104.88,104.78,104.78,1152.0,25.0,104.8575
CLX,2026-08-25 18:45:00+00:00,104.76,104.78,104.74,104.78,1067.0,24.0,104.756727
CLX,2026-08-25 18:50:00+00:00,104.775,104.82,104.62,104.62,1176.0,24.0,104.732857
CLX,2026-08-25 18:55:00+00:00,104.61,104.61,104.525,104.525,1111.0,26.0,104.560714
CLX,2026-08-25 19:00:00+00:00,104.56,104.68,104.56,104.68,1040.0,24.0,104.621667
CLX,2026-08-25 19:05:00+00:00,104.685,104.685,104.61,104.61,620.0,11.0,104.64125
CLX,2026-08-25 19:10:00+00:00,104.615,104.65,104.475,104.475,3339.0,24.0,104.561649
CLX,2026-08-25 19:15:00+00:00,104.44,104.44,104.44,104.44,623.0,21.0,104.44
CLX,2026-08-25 19:20:00+00:00,104.7,104.7,104.57,104.57,1669.0,35.0,104.646111
CLX,2026-08-25 19:25:00+00:00,104.505,104.59,104.505,104.59,1540.0,24.0,104.536048
CLX,2026-08-25 19:30:00+00:00,104.565,104.665,104.51,104.665,2674.0,58.0,104.55414
CLX,2026-08-25 19:35:00+00:00,104.65,104.68,104.6,104.68,1694.0,36.0,104.64875
CLX,2026-08-25 19:40:00+00:00,104.665,104.725,104.54,104.605,2127.0,63.0,104.641875
CLX,2026-08-25 19:45:00+00:00,104.545,104.585,104.49,104.585,2223.0,50.0,104.539643
CLX,2026-08-25 19:50:00+00:00,104.55,104.85,104.52,104.75,3924.0,69.0,104.653985
CLX,2026-08-25 19:55:00+00:00,104.755,105.17,104.705,104.915,24745.0,448.0,104.965329
CLX,2026-08-26 13:30:00+00:00,105.25,105.25,105.03,105.03,276.0,4.0,105.14
CLX,2026-08-26 13:35:00+00:00,105.04,105.13,104.76,104.81,1531.0,26.0,105.014545
CLX,2026-08-26 13:40:00+00:00,104.865,105.25,104.7,105.25,1190.0,23.0,104.953333
CLX,2026-08-26 13:45:00+00:00,105.285,105.285,105.185,105.185,782.0,19.0,105.248636
CLX,2026-08-26 13:50:00+00:00,104.785,104.785,104.785,104.785,126.0,3.0,104.785
CLX,2026-08-26 13:55:00+00:00,104.89,104.92,104.71,104.71,1082.0,21.0,104.85875
CLX,2026-08-26 14:00:00+00:00,104.75,104.75,104.75,104.75,178.0,4.0,104.75
CLX,2026-08-26 14:05:00+00:00,104.76,104.87,104.76,104.87,922.0,12.0,104.803333
CLX,2026-08-26 14:10:00+00:00,104.96,105.03,104.96,105.03,354.0,6.0,104.995
CLX,2026-08-26 14:15:00+00:00,104.985,105.05,104.985,105.045,881.0,14.0,105.036667
CLX,2026-08-26 14:20:00+00:00,105.095,105.16,105.095,105.16,200.0,2.0,105.1275
CLX,2026-08-26 14:25:00+00:00,105.26,105.26,105.26,105.26,154.0,3.0,105.26
CLX,2026-08-26 14:30:00+00:00,104.945,105.09,104.85,105.09,758.0,13.0,104.955833
CLX,2026-08-26 14:35:00+00:00,104.97,104.97,104.79,104.79,459.0,10.0,104.888724
CLX,2026-08-26 14:45:00+00:00,104.66,104.66,104.59,104.59,269.0,5.0,104.625
CLX,2026-08-26 14:50:00+00:00,104.635,104.635,104.635,104.635,102.0,3.0,104.635
CLX,2026-08-26 14:55:00+00:00,104.62,104.62,104.62,104.62,101.0,2.0,104.62
CLX,2026-08-26 15:00:00+00:00,104.49,104.49,104.49,104.49,101.0,2.0,104.49
CLX,2026-08-26 15:05:00+00:00,104.69,104.69,104.59,104.59,265.0,6.0,104.64
CLX,2026-08-26 15:15:00+00:00,104.33,104.33,104.33,104.33,108.0,3.0,104.33
CLX,2026-08-26 15:20:00+00:00,104.445,104.445,104.445,104.445,101.0,2.0,104.445
CLX,2026-08-26 15:25:00+00:00,104.465,104.465,104.335,104.46,935.0,15.0,104.415
CLX,2026-08-26 15:30:00+00:00,104.625,104.625,104.605,104.605,200.0,2.0,104.615
CLX,2026-08-26 15:40:00+00:00,104.73,104.73,104.71,104.71,313.0,7.0,104.723333
CLX,2026-08-26 15:50:00+00:00,104.54,104.58,104.54,104.58,205.0,4.0,104.56
CLX,2026-08-26 16:05:00+00:00,104.35,104.355,104.31,104.31,776.0,13.0,104.346667
CLX,2026-08-26 16:10:00+00:00,104.39,104.42,104.39,104.42,484.0,9.0,104.39875
CLX,2026-08-26 16:15:00+00:00,104.45,104.46,104.44,104.44,819.0,14.0,104.451938
CLX,2026-08-26 16:20:00+00:00,104.32,104.32,104.32,104.32,340.0,7.0,104.32
CLX,2026-08-26 16:25:00+00:00,104.24,104.25,104.24,104.245,686.0,10.0,104.245833
CLX,2026-08-26 16:30:00+00:00,104.185,104.23,104.185,104.23,563.0,8.0,104.208093
CLX,2026-08-26 16:35:00+00:00,104.25,104.25,104.155,104.155,362.0,7.0,104.218333
CLX,2026-08-26 16:45:00+00:00,104.19,104.26,104.19,104.26,394.0,14.0,104.216667
CLX,2026-08-26 17:00:00+00:00,104.22,104.51,104.22,104.51,1008.0,23.0,104.321502
CLX,2026-08-26 17:15:00+00:00,104.29,104.29,104.29,104.29,313.0,6.0,104.29
CLX,2026-08-26 17:20:00+00:00,104.395,104.395,104.395,104.395,200.0,2.0,104.395
CLX,2026-08-26 17:25:00+00:00,104.415,104.415,104.415,104.415,268.0,8.0,104.415
CLX,2026-08-26 17:30:00+00:00,104.35,104.48,104.35,104.48,659.0,22.0,104.41875
CLX,2026-08-26 17:35:00+00:00,104.45,104.45,104.4,104.4,304.0,4.0,104.433333
CLX,2026-08-26 17:40:00+00:00,104.355,104.445,104.355,104.445,935.0,15.0,104.421875
CLX,2026-08-26 17:45:00+00:00,104.47,104.47,104.46,104.46,249.0,7.0,104.464831
CLX,2026-08-26 17:55:00+00:00,104.43,104.43,104.325,104.325,398.0,10.0,104.3775
CLX,2026-08-26 18:00:00+00:00,104.35,104.38,104.35,104.38,404.0,9.0,104.363333
CLX,2026-08-26 18:15:00+00:00,104.3,104.315,104.3,104.305,597.0,12.0,104.304
CLX,2026-08-26 18:20:00+00:00,104.3,104.34,104.16,104.16,1971.0,40.0,104.2725
CLX,2026-08-26 18:25:00+00:00,104.13,104.215,104.12,104.215,1662.0,39.0,104.164286
CLX,2026-08-26 18:35:00+00:00,104.32,104.36,104.32,104.36,310.0,8.0,104.34
CLX,2026-08-26 18:45:00+00:00,104.49,104.705,104.42,104.705,576.0,16.0,104.57375
CLX,2026-08-26 18:55:00+00:00,104.39,104.46,104.38,104.455,1092.0,25.0,104.422076
CLX,2026-08-26 19:00:00+00:00,104.5,104.51,104.46,104.46,598.0,9.0,104.486
CLX,2026-08-26 19:05:00+00:00,104.51,104.51,104.51,104.51,102.0,3.0,104.51
CLX,2026-08-26 19:10:00+00:00,104.48,104.53,104.48,104.53,403.0,7.0,104.5
CLX,2026-08-26 19:15:00+00:00,104.5,104.5,104.5,104.5,368.0,7.0,104.5
CLX,2026-08-26 19:20:00+00:00,104.49,104.49,104.49,104.49,168.0,9.0,104.49
CLX,2026-08-26 19:25:00+00:00,104.495,104.59,104.495,104.52,1851.0,51.0,104.542755
CLX,2026-08-26 19:30:00+00:00,104.545,104.565,104.4,104.4,1290.0,34.0,104.494019
CLX,2026-08-26 19:35:00+00:00,104.4,104.43,104.275,104.35,1653.0,34.0,104.357701
CLX,2026-08-26 19:40:00+00:00,104.36,104.395,104.36,104.395,652.0,17.0,104.388
CLX,2026-08-26 19:45:00+00:00,104.4,104.655,104.4,104.64,2922.0,50.0,104.520433
CLX,2026-08-26 19:50:00+00:00,104.59,104.67,104.57,104.57,4330.0,64.0,104.62828
CLX,2026-08-26 19:55:00+00:00,104.54,104.54,104.2,104.23,9063.0,160.0,104.350222
CLX,2026-08-27 13:30:00+00:00,103.05,103.05,102.905,102.905,375.0,5.0,103.001667
CLX,2026-08-27 13:35:00+00:00,103.26,103.54,103.135,103.54,885.0,16.0,103.246667
CLX,2026-08-27 13:40:00+00:00,103.39,103.39,102.83,102.86,734.0,11.0,103.003333
CLX,2026-08-27 13:45:00+00:00,102.8,103.09,102.65,103.02,1916.0,32.0,102.849615
CLX,2026-08-27 13:50:00+00:00,102.655,102.695,102.64,102.695,700.0,16.0,102.66875
CLX,2026-08-27 13:55:00+00:00,102.665,102.81,102.665,102.71,1290.0,27.0,102.765
CLX,2026-08-27 14:00:00+00:00,102.68,102.83,102.665,102.715,2376.0,54.0,102.769577
CLX,2026-08-27 14:05:00+00:00,102.815,102.93,102.75,102.8,1714.0,32.0,102.813333
CLX,2026-08-27 14:10:00+00:00,102.78,102.78,102.53,102.53,591.0,13.0,102.648333
CLX,2026-08-27 14:15:00+00:00,102.56,102.87,102.56,102.865,536.0,10.0,102.762303
CLX,2026-08-27 14:20:00+00:00,102.86,102.93,102.86,102.93,494.0,5.0,102.89
CLX,2026-08-27 14:25:00+00:00,103.07,103.4,103.055,103.32,1267.0,22.0,103.225
CLX,2026-08-27 14:30:00+00:00,103.4,103.48,103.4,103.48,710.0,17.0,103.4375
CLX,2026-08-27 14:35:00+00:00,103.49,103.49,103.49,103.49,246.0,7.0,103.49
CLX,2026-08-27 14:40:00+00:00,103.535,103.535,103.535,103.535,205.0,3.0,103.535
CLX,2026-08-27 14:45:00+00:00,103.59,103.895,103.55,103.79,1042.0,17.0,103.68
CLX,2026-08-27 14:50:00+00:00,103.69,103.695,103.59,103.59,358.0,11.0,103.658333
CLX,2026-08-27 14:55:00+00:00,103.53,103.89,103.53,103.89,705.0,16.0,103.6625
CLX,2026-08-27 15:00:00+00:00,104.15,104.27,104.11,104.2,625.0,14.0,104.1825
CLX,2026-08-27 15:05:00+00:00,104.12,104.12,104.055,104.055,866.0,15.0,104.085
CLX,2026-08-27 15:10:00+00:00,103.98,104.29,103.98,104.29,1765.0,36.0,104.129
CLX,2026-08-27 15:15:00+00:00,104.28,104.32,104.28,104.32,319.0,5.0,104.292862
CLX,2026-08-27 15:25:00+00:00,104.54,104.635,104.5,104.6,1041.0,14.0,104.560421
CLX,2026-08-27 15:30:00+00:00,104.69,104.88,104.69,104.865,1066.0,22.0,104.847857
CLX,2026-08-27 15:35:00+00:00,104.68,104.68,104.68,104.68,100.0,1.0,104.68
CLX,2026-08-27 15:40:00+00:00,104.77,104.77,104.77,104.77,483.0,8.0,104.77
CLX,2026-08-27 15:45:00+00:00,104.81,104.84,104.81,104.84,349.0,5.0,104.825
CLX,2026-08-27 15:50:00+00:00,104.84,104.84,104.525,104.525,445.0,10.0,104.705
CLX,2026-08-27 16:00:00+00:00,104.61,104.61,104.61,104.61,125.0,5.0,104.61
CLX,2026-08-27 16:05:00+00:00,104.51,104.51,104.51,104.51,152.0,6.0,104.51
CLX,2026-08-27 16:10:00+00:00,104.495,104.495,104.495,104.495,216.0,7.0,104.495
CLX,2026-08-27 16:15:00+00:00,104.43,104.47,104.43,104.47,316.0,5.0,104.443333
CLX,2026-08-27 16:20:00+00:00,104.3,104.3,104.3,104.3,136.0,5.0,104.3
CLX,2026-08-27 16:30:00+00:00,104.365,104.365,104.365,104.365,289.0,5.0,104.365
CLX,2026-08-27 16:40:00+00:00,104.195,104.195,104.195,104.195,170.0,2.0,104.195
CLX,2026-08-27 16:45:00+00:00,104.18,104.27,104.18,104.27,457.0,12.0,104.225
CLX,2026-08-27 16:50:00+00:00,104.28,104.28,104.26,104.26,570.0,7.0,104.275
CLX,2026-08-27 17:00:00+00:00,104.26,104.26,104.2,104.225,503.0,11.0,104.228333
CLX,2026-08-27 17:05:00+00:00,104.2,104.2,104.2,104.2,204.0,3.0,104.2
CLX,2026-08-27 17:15:00+00:00,104.4,104.4,104.39,104.39,380.0,4.0,104.396667
CLX,2026-08-27 17:20:00+00:00,104.205,104.23,104.205,104.23,396.0,6.0,104.218688
CLX,2026-08-27 17:30:00+00:00,104.23,104.24,104.23,104.24,1468.0,28.0,104.238
CLX,2026-08-27 17:35:00+00:00,104.045,104.045,104.045,104.045,104.0,2.0,104.045
CLX,2026-08-27 17:40:00+00:00,104.055,104.055,103.985,103.985,350.0,5.0,104.02
CLX,2026-08-27 17:45:00+00:00,103.98,103.98,103.98,103.98,200.0,2.0,103.98
CLX,2026-08-27 17:50:00+00:00,104.08,104.08,104.08,104.08,200.0,2.0,104.08
CLX,2026-08-27 17:55:00+00:00,103.945,104.0,103.94,104.0,594.0,11.0,103.95625
CLX,2026-08-27 18:00:00+00:00,103.94,103.94,103.94,103.94,105.0,2.0,103.94
CLX,2026-08-27 18:05:00+00:00,104.0,104.0,103.94,103.95,369.0,8.0,103.963333
CLX,2026-08-27 18:10:00+00:00,103.9,103.9,103.9,103.9,316.0,4.0,103.9
CLX,2026-08-27 18:15:00+00:00,103.795,103.83,103.795,103.83,287.0,7.0,103.8125
CLX,2026-08-27 18:20:00+00:00,103.875,103.875,103.875,103.875,111.0,3.0,103.875
CLX,2026-08-27 18:25:00+00:00,103.79,103.79,103.68,103.68,476.0,10.0,103.74875
CLX,2026-08-27 18:30:00+00:00,103.63,103.76,103.63,103.75,444.0,6.0,103.697948
CLX,2026-08-27 18:35:00+00:00,103.67,103.67,103.67,103.67,208.0,5.0,103.67
CLX,2026-08-27 18:40:00+00:00,103.66,103.66,103.61,103.61,299.0,8.0,103.636077
CLX,2026-08-27 18:45:00+00:00,103.63,103.63,103.59,103.59,496.0,16.0,103.61
CLX,2026-08-27 18:55:00+00:00,103.72,103.72,103.72,103.72,223.0,5.0,103.72
CLX,2026-08-27 19:00:00+00:00,103.68,103.68,103.68,103.68,139.0,6.0,103.68
CLX,2026-08-27 19:05:00+00:00,103.72,103.72,103.72,103.72,218.0,6.0,103.72
CLX,2026-08-27 19:15:00+00:00,103.65,103.65,103.65,103.65,214.0,8.0,103.65
CLX,2026-08-27 19:20:00+00:00,103.64,103.75,103.63,103.75,445.0,12.0,103.6925
CLX,2026-08-27 19:30:00+00:00,103.72,103.81,103.7,103.7,803.0,22.0,103.743333
CLX,2026-08-27 19:35:00+00:00,103.735,103.735,103.7,103.7,511.0,11.0,103.711667
CLX,2026-08-27 19:40:00+00:00,103.72,103.72,103.57,103.66,1944.0,33.0,103.663667
CLX,2026-08-27 19:45:00+00:00,103.75,103.775,103.65,103.65,1370.0,25.0,103.726111
CLX,2026-08-27 19:50:00+00:00,103.56,103.57,103.29,103.57,4819.0,73.0,103.405311
CLX,2026-08-27 19:55:00+00:00,103.53,103.68,103.45,103.6,5630.0,140.0,103.539277
CLX,2026-08-28 13:30:00+00:00,104.13,104.535,104.075,104.535,1087.0,13.0,104.434652
CLX,2026-08-28 13:35:00+00:00,104.29,104.84,104.29,104.34,1624.0,25.0,104.605455
CLX,2026-08-28 13:40:00+00:00,103.85,104.16,103.85,103.995,1442.0,26.0,103.998
CLX,2026-08-28 13:45:00+00:00,103.785,104.11,103.785,104.11,523.0,11.0,103.98375
CLX,2026-08-28 13:50:00+00:00,104.145,104.37,104.145,104.37,263.0,8.0,104.2575
CLX,2026-08-28 13:55:00+00:00,104.165,104.165,104.075,104.075,377.0,7.0,104.105
CLX,2026-08-28 14:00:00+00:00,104.125,104.15,104.04,104.04,796.0,19.0,104.108
CLX,2026-08-28 14:05:00+00:00,103.95,104.35,103.95,104.345,2139.0,30.0,104.248235
CLX,2026-08-28 14:10:00+00:00,104.32,104.32,104.025,104.025,2649.0,37.0,104.164824
CLX,2026-08-28 14:15:00+00:00,103.94,104.17,103.92,104.135,1026.0,17.0,104.045625
CLX,2026-08-28 14:20:00+00:00,104.15,104.15,103.94,103.94,688.0,11.0,103.996667
CLX,2026-08-28 14:25:00+00:00,103.99,104.01,103.67,103.67,1151.0,23.0,103.862222
CLX,2026-08-28 14:30:00+00:00,103.78,103.78,103.58,103.615,1085.0,21.0,103.68209
CLX,2026-08-28 14:35:00+00:00,103.53,103.56,103.36,103.36,1189.0,32.0,103.483506
CLX,2026-08-28 14:40:00+00:00,103.28,103.33,103.26,103.33,1122.0,29.0,103.291429
CLX,2026-08-28 14:45:00+00:00,103.31,103.32,103.18,103.265,747.0,24.0,103.254
CLX,2026-08-28 14:50:00+00:00,103.245,103.35,103.245,103.35,410.0,13.0,103.295
CLX,2026-08-28 14:55:00+00:00,103.36,103.36,103.285,103.285,512.0,13.0,103.31625
CLX,2026-08-28 15:00:00+00:00,103.18,103.18,102.85,102.85,624.0,18.0,103.06625
CLX,2026-08-28 15:05:00+00:00,102.87,102.87,102.87,102.87,145.0,5.0,102.87
CLX,2026-08-28 15:10:00+00:00,102.805,102.805,102.65,102.65,1032.0,21.0,102.73
CLX,2026-08-28 15:15:00+00:00,102.61,102.69,102.61,102.69,1368.0,24.0,102.62392
CLX,2026-08-28 15:20:00+00:00,102.75,102.79,102.73,102.73,644.0,10.0,102.752
CLX,2026-08-28 15:25:00+00:00,102.5,102.6,102.5,102.6,309.0,4.0,102.563333
CLX,2026-08-28 15:30:00+00:00,102.56,102.56,102.56,102.56,215.0,7.0,102.56
CLX,2026-08-28 15:35:00+00:00,102.485,102.57,102.485,102.57,544.0,13.0,102.541667
CLX,2026-08-28 15:40:00+00:00,102.56,102.56,102.56,102.56,531.0,8.0,102.56
CLX,2026-08-28 15:45:00+00:00,102.64,102.64,102.62,102.62,359.0,9.0,102.626667
CLX,2026-08-28 15:50:00+00:00,102.7,102.7,102.615,102.615,449.0,7.0,102.658333
CLX,2026-08-28 15:55:00+00:00,102.6,102.6,102.56,102.57,972.0,22.0,102.578
CLX,2026-08-28 16:00:00+00:00,102.69,102.72,102.69,102.71,878.0,17.0,102.713333
CLX,2026-08-28 16:05:00+00:00,102.65,102.65,102.61,102.61,305.0,3.0,102.636667
CLX,2026-08-28 16:10:00+00:00,102.53,102.62,102.53,102.62,841.0,18.0,102.56
CLX,2026-08-28 16:15:00+00:00,102.645,102.675,102.6,102.675,653.0,11.0,102.63
CLX,2026-08-28 16:20:00+00:00,102.73,102.73,102.365,102.365,431.0,10.0,102.6
CLX,2026-08-28 16:25:00+00:00,102.32,102.32,102.29,102.29,346.0,8.0,102.305
CLX,2026-08-28 16:30:00+00:00,102.295,102.305,102.295,102.305,740.0,15.0,102.297
CLX,2026-08-28 16:35:00+00:00,102.37,102.52,102.37,102.46,1168.0,27.0,102.444589
CLX,2026-08-28 16:40:00+00:00,102.4,102.415,102.4,102.415,333.0,8.0,102.4075
CLX,2026-08-28 16:45:00+00:00,102.4,102.4,102.4,102.4,100.0,1.0,102.4
CLX,2026-08-28 16:50:00+00:00,102.425,102.59,102.425,102.59,372.0,7.0,102.5075
CLX,2026-08-28 17:00:00+00:00,102.7,102.7,102.68,102.685,787.0,13.0,102.685833
CLX,2026-08-28 17:05:00+00:00,102.7,102.7,102.7,102.7,215.0,5.0,102.7
CLX,2026-08-28 17:10:00+00:00,102.785,102.785,102.785,102.785,230.0,7.0,102.785
CLX,2026-08-28 17:15:00+00:00,102.82,102.82,102.82,102.82,199.0,8.0,102.82
CLX,2026-08-28 17:30:00+00:00,102.65,102.65,102.59,102.64,682.0,23.0,102.612
CLX,2026-08-28 17:35:00+00:00,102.68,102.745,102.68,102.745,465.0,7.0,102.69625
CLX,2026-08-28 17:45:00+00:00,102.795,102.795,102.795,102.795,262.0,7.0,102.795
CLX,2026-08-28 17:50:00+00:00,102.71,102.71,102.71,102.71,100.0,1.0,102.71
CLX,2026-08-28 17:55:00+00:00,102.73,102.74,102.73,102.74,613.0,7.0,102.735747
CLX,2026-08-28 18:00:00+00:00,102.795,102.9,102.795,102.86,323.0,12.0,102.851667
CLX,2026-08-28 18:05:00+00:00,102.905,102.905,102.79,102.79,832.0,21.0,102.850833
CLX,2026-08-28 18:15:00+00:00,102.67,102.725,102.67,102.725,376.0,16.0,102.6975
CLX,2026-08-28 18:20:00+00:00,102.68,102.68,102.68,102.68,174.0,4.0,102.68
CLX,2026-08-28 18:30:00+00:00,102.72,102.72,102.65,102.65,718.0,14.0,102.70175
CLX,2026-08-28 18:35:00+00:00,102.63,102.63,102.62,102.625,518.0,14.0,102.62625
CLX,2026-08-28 18:40:00+00:00,102.45,102.45,102.41,102.43,583.0,15.0,102.4275
CLX,2026-08-28 18:45:00+00:00,102.44,102.44,102.44,102.44,175.0,8.0,102.44
CLX,2026-08-28 18:50:00+00:00,102.395,102.6,102.395,102.6,986.0,35.0,102.502857
CLX,2026-08-28 18:55:00+00:00,102.695,102.81,102.695,102.81,661.0,16.0,102.7625
CLX,2026-08-28 19:00:00+00:00,102.88,102.88,102.78,102.78,514.0,10.0,102.81
CLX,2026-08-28 19:05:00+00:00,102.72,102.75,102.65,102.7,1500.0,36.0,102.722461
CLX,2026-08-28 19:10:00+00:00,102.735,102.775,102.735,102.77,643.0,19.0,102.755
CLX,2026-08-28 19:15:00+00:00,102.855,102.87,102.84,102.84,797.0,24.0,102.855294
CLX,2026-08-28 19:20:00+00:00,102.9,102.95,102.84,102.935,1419.0,59.0,102.904286
CLX,2026-08-28 19:25:00+00:00,102.89,102.89,102.89,102.89,290.0,8.0,102.89
CLX,2026-08-28 19:30:00+00:00,102.8,102.81,102.71,102.755,1273.0,22.0,102.75
CLX,2026-08-28 19:35:00+00:00,102.65,102.76,102.65,102.76,1387.0,26.0,102.723837
CLX,2026-08-28 19:40:00+00:00,102.79,102.81,102.74,102.76,2404.0,55.0,102.767727
CLX,2026-08-28 19:45:00+00:00,102.76,102.76,102.58,102.62,2711.0,67.0,102.677148
CLX,2026-08-28 19:50:00+00:00,102.59,102.785,102.53,102.785,5563.0,99.0,102.636136
CLX,2026-08-28 19:55:00+00:00,102.795,102.795,102.435,102.575,24317.0,371.0,102.595752
CLX,2026-08-31 13:30:00+00:00,101.73,101.73,98.775,98.775,3030.0,50.0,99.430796
CLX,2026-08-31 13:35:00+00:00,98.73,99.81,98.69,99.81,4700.0,88.0,98.980417
CLX,2026-08-31 13:40:00+00:00,99.63,99.63,99.27,99.295,858.0,16.0,99.365127
CLX,2026-08-31 13:45:00+00:00,99.2,99.25,99.07,99.205,1352.0,35.0,99.189192
CLX,2026-08-31 13:50:00+00:00,99.09,99.125,99.04,99.065,921.0,21.0,99.091429
CLX,2026-08-31 13:55:00+00:00,99.0,99.25,99.0,99.25,2768.0,45.0,99.126359
CLX,2026-08-31 14:00:00+00:00,99.31,99.525,99.31,99.525,1264.0,31.0,99.393251
CLX,2026-08-31 14:05:00+00:00,99.455,99.49,99.435,99.49,850.0,18.0,99.461202
CLX,2026-08-31 14:10:00+00:00,99.2,99.2,99.12,99.12,371.0,11.0,99.16
CLX,2026-08-31 14:15:00+00:00,99.0,99.115,98.94,98.94,2350.0,33.0,99.005191
CLX,2026-08-31 14:20:00+00:00,98.8,98.89,98.645,98.68,2343.0,48.0,98.793756
CLX,2026-08-31 14:25:00+00:00,98.65,98.65,98.455,98.54,2912.0,73.0,98.558746
CLX,2026-08-31 14:30:00+00:00,98.68,98.69,98.485,98.505,1694.0,42.0,98.586667
CLX,2026-08-31 14:35:00+00:00,98.56,98.56,98.5,98.54,2298.0,57.0,98.523333
CLX,2026-08-31 14:40:00+00:00,98.55,98.76,98.45,98.75,2849.0,45.0,98.58039
CLX,2026-08-31 14:45:00+00:00,98.61,98.65,98.42,98.59,2044.0,49.0,98.565
CLX,2026-08-31 14:50:00+00:00,98.59,98.86,98.57,98.86,1140.0,23.0,98.70375
CLX,2026-08-31 14:55:00+00:00,98.855,98.855,98.615,98.615,1569.0,48.0,98.732273
CLX,2026-08-31 15:00:00+00:00,98.67,99.08,98.67,99.035,4242.0,62.0,98.968819
CLX,2026-08-31 15:05:00+00:00,98.99,98.99,98.74,98.785,925.0,23.0,98.825
CLX,2026-08-31 15:10:00+00:00,98.755,98.9,98.755,98.83,1566.0,45.0,98.825
CLX,2026-08-31 15:15:00+00:00,98.81,98.81,98.495,98.5,2950.0,59.0,98.600559
CLX,2026-08-31 15:20:00+00:00,98.55,98.68,98.475,98.635,2368.0,43.0,98.560158
CLX,2026-08-31 15:25:00+00:00,98.64,98.705,98.64,98.705,1607.0,35.0,98.6695
CLX,2026-08-31 15:30:00+00:00,98.5,98.575,98.5,98.52,1511.0,38.0,98.54625
CLX,2026-08-31 15:35:00+00:00,98.23,98.28,98.125,98.21,3899.0,63.0,98.205794
CLX,2026-08-31 15:40:00+00:00,98.255,98.29,98.11,98.11,1925.0,35.0,98.217692
CLX,2026-08-31 15:45:00+00:00,98.09,98.29,98.065,98.29,1814.0,32.0,98.1424
CLX,2026-08-31 15:50:00+00:00,98.3,98.56,98.3,98.445,4048.0,63.0,98.466178
CLX,2026-08-31 15:55:00+00:00,98.45,98.48,98.4,98.405,1911.0,30.0,98.43841
CLX,2026-08-31 16:00:00+00:00,98.54,98.745,98.535,98.745,3530.0,26.0,98.650006
CLX,2026-08-31 16:05:00+00:00,98.815,98.85,98.81,98.825,5428.0,31.0,98.819813
CLX,2026-08-31 16:10:00+00:00,98.745,98.77,98.49,98.49,3639.0,44.0,98.712321
CLX,2026-08-31 16:15:00+00:00,98.37,98.55,98.33,98.525,2648.0,54.0,98.439
CLX,2026-08-31 16:20:00+00:00,98.52,98.52,98.29,98.435,4615.0,45.0,98.461395
CLX,2026-08-31 16:25:00+00:00,98.46,98.525,98.38,98.405,3762.0,49.0,98.463042
CLX,2026-08-31 16:30:00+00:00,98.41,98.41,98.25,98.25,2761.0,28.0,98.396139
CLX,2026-08-31 16:35:00+00:00,98.235,98.24,98.19,98.22,2817.0,47.0,98.214953
CLX,2026-08-31 16:40:00+00:00,98.22,98.315,98.185,98.315,3954.0,41.0,98.201765
CLX,2026-08-31 16:45:00+00:00,98.255,98.255,98.24,98.245,1264.0,28.0,98.245714
CLX,2026-08-31 16:50:00+00:00,98.24,98.28,98.105,98.11,2628.0,36.0,98.201087
CLX,2026-08-31 16:55:00+00:00,98.12,98.12,97.98,98.09,1744.0,35.0,98.07625
CLX,2026-08-31 17:00:00+00:00,98.08,98.08,97.99,97.99,407.0,9.0,98.043333
CLX,2026-08-31 17:05:00+00:00,98.015,98.015,97.96,97.97,1477.0,23.0,97.983889
CLX,2026-08-31 17:10:00+00:00,97.97,98.0,97.965,98.0,1428.0,42.0,97.973333
CLX,2026-08-31 17:15:00+00:00,97.98,98.06,97.98,98.06,953.0,17.0,98.022
CLX,2026-08-31 17:20:00+00:00,98.05,98.135,98.05,98.135,1155.0,24.0,98.10625
CLX,2026-08-31 17:25:00+00:00,98.155,98.215,98.065,98.215,3738.0,61.0,98.124697
CLX,2026-08-31 17:30:00+00:00,98.2,98.22,98.15,98.22,1000.0,23.0,98.196667
CLX,2026-08-31 17:35:00+00:00,98.235,98.235,98.17,98.19,2460.0,28.0,98.199032
CLX,2026-08-31 17:40:00+00:00,98.185,98.245,98.13,98.245,3983.0,48.0,98.151939
CLX,2026-08-31 17:45:00+00:00,98.26,98.29,98.145,98.15,5128.0,53.0,98.205556
CLX,2026-08-31 17:50:00+00:00,98.15,98.25,98.125,98.17,1934.0,27.0,98.173235
CLX,2026-08-31 17:55:00+00:00,98.17,98.25,98.135,98.25,2684.0,54.0,98.167902
CLX,2026-08-31 18:00:00+00:00,98.275,98.275,97.92,97.92,3389.0,47.0,98.098292
CLX,2026-08-31 18:05:00+00:00,97.93,98.04,97.8,97.82,3593.0,48.0,97.961667
CLX,2026-08-31 18:10:00+00:00,97.79,98.11,97.75,98.11,2433.0,37.0,97.953055
CLX,2026-08-31 18:15:00+00:00,98.1,98.1,97.965,97.985,2263.0,36.0,97.998862
CLX,2026-08-31 18:20:00+00:00,97.985,98.025,97.75,97.75,4556.0,57.0,97.967125
CLX,2026-08-31 18:25:00+00:00,97.79,97.95,97.79,97.91,1759.0,33.0,97.875909
CLX,2026-08-31 18:30:00+00:00,97.88,98.13,97.88,98.02,1532.0,33.0,97.994286
CLX,2026-08-31 18:35:00+00:00,98.005,98.005,97.785,97.99,1532.0,31.0,97.930909
CLX,2026-08-31 18:40:00+00:00,97.995,98.065,97.81,97.81,2574.0,45.0,97.931428
CLX,2026-08-31 18:45:00+00:00,97.72,97.78,97.63,97.665,8374.0,130.0,97.696433
CLX,2026-08-31 18:50:00+00:00,97.7,97.91,97.7,97.87,4857.0,107.0,97.791481
CLX,2026-08-31 18:55:00+00:00,97.83,97.9,97.795,97.9,2267.0,53.0,97.849669
CLX,2026-08-31 19:00:00+00:00,97.805,97.81,97.755,97.8,3729.0,43.0,97.789671
CLX,2026-08-31 19:05:00+00:00,97.785,97.785,97.645,97.77,2797.0,51.0,97.729063
CLX,2026-08-31 19:10:00+00:00,97.69,97.74,97.64,97.72,3992.0,68.0,97.695204
CLX,2026-08-31 19:15:00+00:00,97.64,97.64,97.37,97.37,5255.0,83.0,97.484172
CLX,2026-08-31 19:20:00+00:00,97.36,97.48,97.27,97.3,4006.0,67.0,97.379268
CLX,2026-08-31 19:25:00+00:00,97.35,97.685,97.35,97.505,7538.0,127.0,97.529486
CLX,2026-08-31 19:30:00+00:00,97.46,97.71,97.41,97.44,9166.0,138.0,97.530103
CLX,2026-08-31 19:35:00+00:00,97.37,97.4,96.98,96.98,6959.0,112.0,97.238331
CLX,2026-08-31 19:40:00+00:00,97.01,97.12,96.785,97.12,7258.0,111.0,96.929249
CLX,2026-08-31 19:45:00+00:00,97.17,97.41,97.12,97.35,6944.0,123.0,97.247984
CLX,2026-08-31 19:50:00+00:00,96.98,97.63,96.98,97.505,14736.0,173.0,97.37551
CLX,2026-08-31 19:55:00+00:00,97.51,98.26,97.495,97.75,33703.0,551.0,97.886421
CLX,2026-09-01 13:30:00+00:00,97.745,98.735,97.49,98.235,3386.0,82.0,98.289677
CLX,2026-09-01 13:35:00+00:00,97.94,97.98,97.76,97.76,8871.0,190.0,97.906667
CLX,2026-09-01 13:40:00+00:00,97.51,98.45,97.465,98.18,3492.0,51.0,97.900074
CLX,2026-09-01 13:45:00+00:00,98.18,98.18,97.54,97.78,3244.0,86.0,97.795185
CLX,2026-09-01 13:50:00+00:00,97.72,98.03,97.72,98.03,1264.0,39.0,97.830833
CLX,2026-09-01 14:00:00+00:00,98.03,98.09,97.95,98.02,1772.0,42.0,98.053889
CLX,2026-09-01 14:05:00+00:00,97.75,97.81,97.63,97.81,2041.0,64.0,97.730682
CLX,2026-09-01 14:10:00+00:00,97.76,97.975,97.76,97.975,1202.0,35.0,97.878464
CLX,2026-09-01 14:15:00+00:00,97.94,98.015,97.765,98.015,2456.0,61.0,97.893243
CLX,2026-09-01 14:20:00+00:00,98.01,98.01,97.7,97.7,1197.0,26.0,97.863295
CLX,2026-09-01 14:25:00+00:00,97.645,98.185,97.615,98.185,10085.0,139.0,97.961797
CLX,2026-09-01 14:30:00+00:00,98.04,98.17,97.98,97.98,2024.0,35.0,98.089333
CLX,2026-09-01 14:35:00+00:00,97.93,97.935,97.93,97.93,491.0,11.0,97.9325
CLX,2026-09-01 14:40:00+00:00,97.87,97.87,97.575,97.61,6081.0,90.0,97.78124
CLX,2026-09-01 14:45:00+00:00,97.36,97.4,97.32,97.33,1533.0,35.0,97.355667
CLX,2026-09-01 14:50:00+00:00,97.29,97.29,97.18,97.18,804.0,20.0,97.211
CLX,2026-09-01 14:55:00+00:00,97.245,97.465,97.23,97.465,4330.0,75.0,97.38553
CLX,2026-09-01 15:00:00+00:00,97.47,97.79,97.45,97.685,4608.0,89.0,97.647494
CLX,2026-09-01 15:05:00+00:00,97.83,97.92,97.64,97.655,5441.0,85.0,97.744866
CLX,2026-09-01 15:10:00+00:00,97.645,97.725,97.555,97.63,7596.0,82.0,97.678643
CLX,2026-09-01 15:15:00+00:00,97.595,97.915,97.595,97.915,2238.0,34.0,97.708077
CLX,2026-09-01 15:20:00+00:00,97.83,97.91,97.83,97.91,1884.0,44.0,97.863022
CLX,2026-09-01 15:25:00+00:00,97.885,98.09,97.85,98.04,2968.0,59.0,97.966818
CLX,2026-09-01 15:30:00+00:00,98.1,98.2,98.055,98.17,1291.0,26.0,98.134375
CLX,2026-09-01 15:35:00+00:00,98.24,98.27,98.14,98.15,1001.0,17.0,98.225016
CLX,2026-09-01 15:40:00+00:00,98.14,98.22,98.14,98.165,757.0,12.0,98.172718
CLX,2026-09-01 15:45:00+00:00,98.1,98.12,98.1,98.12,265.0,7.0,98.11
CLX,2026-09-01 15:50:00+00:00,98.04,98.04,97.665,97.665,1774.0,31.0,97.890258
CLX,2026-09-01 15:55:00+00:00,97.67,97.7,97.58,97.595,1666.0,25.0,97.651154
CLX,2026-09-01 16:00:00+00:00,97.63,97.655,97.62,97.655,793.0,14.0,97.638333
CLX,2026-09-01 16:05:00+00:00,97.44,97.45,97.29,97.3,808.0,11.0,97.3375
CLX,2026-09-01 16:10:00+00:00,97.22,97.265,97.0,97.05,3038.0,40.0,97.173261
CLX,2026-09-01 16:15:00+00:00,96.96,97.05,96.93,96.93,2135.0,45.0,96.98509
CLX,2026-09-01 16:20:00+00:00,96.9,96.92,96.74,96.765,1583.0,28.0,96.811364
CLX,2026-09-01 16:25:00+00:00,96.77,96.81,96.63,96.76,1690.0,25.0,96.7125
CLX,2026-09-01 16:30:00+00:00,96.855,96.9,96.79,96.79,1362.0,27.0,96.862857
CLX,2026-09-01 16:35:00+00:00,96.84,96.85,96.73,96.76,1940.0,26.0,96.776071
CLX,2026-09-01 16:40:00+00:00,96.74,96.78,96.73,96.73,1229.0,22.0,96.744
CLX,2026-09-01 16:45:00+00:00,96.735,96.78,96.73,96.73,1789.0,29.0,96.745909
CLX,2026-09-01 16:50:00+00:00,96.68,96.68,96.525,96.525,3765.0,60.0,96.619551
CLX,2026-09-01 16:55:00+00:00,96.54,96.54,96.34,96.505,2740.0,48.0,96.484539
CLX,2026-09-01 17:00:00+00:00,96.445,96.48,96.425,96.48,913.0,14.0,96.441429
CLX,2026-09-01 17:05:00+00:00,96.43,96.44,96.4,96.44,1411.0,30.0,96.417857
CLX,2026-09-01 17:10:00+00:00,96.37,96.49,96.37,96.49,4039.0,71.0,96.4198
CLX,2026-09-01 17:15:00+00:00,96.51,96.65,96.51,96.65,1923.0,30.0,96.547917
CLX,2026-09-01 17:20:00+00:00,96.48,96.485,96.48,96.485,652.0,14.0,96.483
CLX,2026-09-01 17:25:00+00:00,96.495,96.52,96.47,96.52,1521.0,28.0,96.501363
CLX,2026-09-01 17:30:00+00:00,96.49,96.51,96.32,96.355,1705.0,30.0,96.426429
CLX,2026-09-01 17:35:00+00:00,96.38,96.415,96.315,96.315,2331.0,44.0,96.36508
CLX,2026-09-01 17:40:00+00:00,96.35,96.47,96.35,96.445,1172.0,17.0,96.413983
CLX,2026-09-01 17:45:00+00:00,96.56,96.56,96.43,96.52,1321.0,32.0,96.490833
CLX,2026-09-01 17:50:00+00:00,96.45,96.46,96.395,96.4,2286.0,36.0,96.428506
CLX,2026-09-01 17:55:00+00:00,96.46,96.47,96.385,96.405,2335.0,43.0,96.429444
CLX,2026-09-01 18:00:00+00:00,96.45,96.475,96.375,96.475,1815.0,28.0,96.407143
CLX,2026-09-01 18:05:00+00:00,96.475,96.48,96.475,96.48,602.0,7.0,96.476667
CLX,2026-09-01 18:10:00+00:00,96.43,96.48,96.43,96.455,1505.0,28.0,96.468125
CLX,2026-09-01 18:15:00+00:00,96.465,96.51,96.45,96.45,2174.0,28.0,96.483143
CLX,2026-09-01 18:20:00+00:00,96.255,96.255,96.155,96.17,1155.0,17.0,96.204444
CLX,2026-09-01 18:25:00+00:00,96.175,96.195,96.05,96.07,3710.0,46.0,96.157488
CLX,2026-09-01 18:30:00+00:00,96.07,96.11,95.975,95.995,2263.0,43.0,96.034706
CLX,2026-09-01 18:35:00+00:00,96.01,96.03,95.945,96.03,2283.0,37.0,95.988773
CLX,2026-09-01 18:40:00+00:00,95.965,95.965,95.91,95.91,650.0,14.0,95.95125
CLX,2026-09-01 18:45:00+00:00,95.87,95.88,95.76,95.8,1483.0,38.0,95.818333
CLX,2026-09-01 18:50:00+00:00,95.685,95.72,95.68,95.69,1323.0,21.0,95.693
CLX,2026-09-01 18:55:00+00:00,95.6,95.625,95.55,95.55,1496.0,33.0,95.576667
CLX,2026-09-01 19:00:00+00:00,95.565,95.575,95.495,95.575,2518.0,41.0,95.537211
CLX,2026-09-01 19:05:00+00:00,95.575,95.575,95.49,95.54,1113.0,16.0,95.533125
CLX,2026-09-01 19:10:00+00:00,95.53,95.55,95.46,95.5,1719.0,31.0,95.494722
CLX,2026-09-01 19:15:00+00:00,95.33,95.36,95.1,95.1,2229.0,35.0,95.193889
CLX,2026-09-01 19:20:00+00:00,95.13,95.16,95.09,95.16,1063.0,17.0,95.124286
CLX,2026-09-01 19:25:00+00:00,95.08,95.17,95.075,95.17,4002.0,57.0,95.118584
CLX,2026-09-01 19:30:00+00:00,95.185,95.185,95.015,95.11,3864.0,64.0,95.126826
CLX,2026-09-01 19:35:00+00:00,95.23,95.23,94.94,94.995,3520.0,63.0,95.058142
CLX,2026-09-01 19:40:00+00:00,95.03,95.1,95.03,95.1,1874.0,47.0,95.068785
CLX,2026-09-01 19:45:00+00:00,95.08,95.08,94.94,94.94,3300.0,68.0,95.019211
CLX,2026-09-01 19:50:00+00:00,94.995,95.22,94.97,95.21,4676.0,87.0,95.111593
CLX,2026-09-01 19:55:00+00:00,95.17,95.17,94.9,94.92,14553.0,282.0,94.989773
CLX,2026-09-02 13:30:00+00:00,95.72,95.78,95.44,95.78,3040.0,31.0,95.755
CLX,2026-09-02 13:35:00+00:00,96.01,96.01,95.83,95.85,1702.0,22.0,95.887039
CLX,2026-09-02 13:40:00+00:00,95.915,96.5,95.91,96.5,586.0,11.0,96.13375
CLX,2026-09-02 13:45:00+00:00,96.34,96.34,95.925,96.2,1845.0,29.0,96.193929
CLX,2026-09-02 13:50:00+00:00,96.31,96.47,96.22,96.47,436.0,7.0,96.3275
CLX,2026-09-02 13:55:00+00:00,96.5,96.5,96.16,96.18,1728.0,32.0,96.25
CLX,2026-09-02 14:00:00+00:00,96.14,96.16,96.095,96.095,2679.0,55.0,96.127276
CLX,2026-09-02 14:05:00+00:00,96.01,96.07,95.78,95.78,1213.0,27.0,95.9445
CLX,2026-09-02 14:10:00+00:00,95.405,95.42,95.25,95.25,726.0,14.0,95.335954
CLX,2026-09-02 14:15:00+00:00,95.0,95.04,95.0,95.04,774.0,37.0,95.01125
CLX,2026-09-02 14:20:00+00:00,94.955,95.19,94.955,95.16,7360.0,64.0,95.152817
CLX,2026-09-02 14:25:00+00:00,95.19,95.33,95.19,95.25,890.0,14.0,95.266429
CLX,2026-09-02 14:30:00+00:00,95.195,95.295,95.15,95.15,1104.0,20.0,95.209943
CLX,2026-09-02 14:35:00+00:00,95.15,95.15,95.14,95.14,440.0,4.0,95.1475
CLX,2026-09-02 14:40:00+00:00,95.265,95.33,95.265,95.33,313.0,7.0,95.2975
CLX,2026-09-02 14:45:00+00:00,95.425,95.55,95.425,95.55,1420.0,20.0,95.482532
CLX,2026-09-02 14:50:00+00:00,95.74,95.895,95.74,95.895,673.0,13.0,95.801
CLX,2026-09-02 14:55:00+00:00,95.92,95.995,95.92,95.94,520.0,11.0,95.949235
CLX,2026-09-02 15:00:00+00:00,96.06,96.06,96.015,96.035,1044.0,19.0,96.04
CLX,2026-09-02 15:05:00+00:00,96.07,96.07,95.715,95.72,921.0,22.0,95.89375
CLX,2026-09-02 15:10:00+00:00,95.9,95.9,95.9,95.9,250.0,2.0,95.9
CLX,2026-09-02 15:15:00+00:00,95.94,96.03,95.92,95.92,885.0,22.0,95.9475
CLX,2026-09-02 15:20:00+00:00,95.66,95.69,95.66,95.66,812.0,18.0,95.674
CLX,2026-09-02 15:25:00+00:00,95.62,95.75,95.62,95.75,1163.0,27.0,95.695714
CLX,2026-09-02 15:30:00+00:00,95.56,95.56,95.32,95.355,1700.0,30.0,95.425074
CLX,2026-09-02 15:35:00+00:00,95.5,95.585,95.5,95.565,913.0,14.0,95.560455
CLX,2026-09-02 15:40:00+00:00,95.4,95.58,95.33,95.33,3060.0,50.0,95.526346
CLX,2026-09-02 15:45:00+00:00,95.26,95.27,95.26,95.27,629.0,12.0,95.267463
CLX,2026-09-02 15:50:00+00:00,95.26,95.26,95.195,95.195,225.0,5.0,95.2275
CLX,2026-09-02 15:55:00+00:00,95.23,95.3,95.21,95.3,830.0,16.0,95.25209
CLX,2026-09-02 16:00:00+00:00,95.305,95.305,95.27,95.285,305.0,4.0,95.286667
CLX,2026-09-02 16:05:00+00:00,95.45,95.45,95.45,95.45,259.0,4.0,95.45
CLX,2026-09-02 16:10:00+00:00,95.6,95.715,95.6,95.715,518.0,11.0,95.68
CLX,2026-09-02 16:15:00+00:00,95.62,95.67,95.61,95.67,594.0,8.0,95.646
CLX,2026-09-02 16:20:00+00:00,95.7,95.77,95.69,95.69,1244.0,20.0,95.7175
CLX,2026-09-02 16:25:00+00:00,95.73,95.81,95.73,95.81,618.0,10.0,95.775
CLX,2026-09-02 16:30:00+00:00,95.76,95.76,95.76,95.76,115.0,4.0,95.76
CLX,2026-09-02 16:35:00+00:00,95.65,95.65,95.59,95.59,777.0,13.0,95.614
CLX,2026-09-02 16:40:00+00:00,95.54,95.58,95.54,95.58,527.0,11.0,95.566
CLX,2026-09-02 16:45:00+00:00,95.535,95.535,95.52,95.525,521.0,10.0,95.526667
CLX,2026-09-02 16:50:00+00:00,95.57,95.575,95.57,95.575,405.0,7.0,95.573333
CLX,2026-09-02 16:55:00+00:00,95.62,95.62,95.62,95.62,155.0,7.0,95.62
CLX,2026-09-02 17:00:00+00:00,95.51,95.64,95.51,95.64,253.0,7.0,95.575
CLX,2026-09-02 17:15:00+00:00,95.45,95.45,95.365,95.365,284.0,5.0,95.4075
CLX,2026-09-02 17:20:00+00:00,95.3,95.3,95.25,95.25,329.0,10.0,95.275
CLX,2026-09-02 17:25:00+00:00,95.15,95.15,95.1,95.1,820.0,14.0,95.128571
CLX,2026-09-02 17:30:00+00:00,95.03,95.06,95.01,95.03,1265.0,34.0,95.031765
CLX,2026-09-02 17:35:00+00:00,94.995,95.0,94.96,94.965,1195.0,20.0,94.971875
CLX,2026-09-02 17:40:00+00:00,95.025,95.025,94.89,94.9,1692.0,22.0,94.966587
CLX,2026-09-02 17:45:00+00:00,94.985,94.985,94.92,94.945,630.0,14.0,94.952291
CLX,2026-09-02 17:50:00+00:00,94.855,94.855,94.84,94.845,1076.0,19.0,94.845
CLX,2026-09-02 17:55:00+00:00,94.9,95.01,94.9,95.01,1089.0,16.0,94.9855
CLX,2026-09-02 18:00:00+00:00,95.05,95.075,95.025,95.05,1630.0,35.0,95.042071
CLX,2026-09-02 18:05:00+00:00,94.88,94.89,94.845,94.845,1258.0,20.0,94.868636
CLX,2026-09-02 18:10:00+00:00,94.845,94.94,94.845,94.885,1240.0,21.0,94.887727
CLX,2026-09-02 18:15:00+00:00,94.885,95.01,94.885,94.92,3392.0,49.0,94.963774
CLX,2026-09-02 18:25:00+00:00,94.775,94.815,94.775,94.795,878.0,15.0,94.8
CLX,2026-09-02 18:30:00+00:00,94.825,94.825,94.66,94.66,595.0,16.0,94.7325
CLX,2026-09-02 18:35:00+00:00,94.72,94.82,94.72,94.725,1280.0,30.0,94.761875
CLX,2026-09-02 18:40:00+00:00,94.695,94.695,94.58,94.58,729.0,12.0,94.656667
CLX,2026-09-02 18:45:00+00:00,94.53,94.53,94.4,94.4,1364.0,23.0,94.43
CLX,2026-09-02 18:50:00+00:00,94.42,94.46,94.42,94.46,960.0,15.0,94.439286
CLX,2026-09-02 18:55:00+00:00,94.36,94.36,94.29,94.29,380.0,12.0,94.325
CLX,2026-09-02 19:00:00+00:00,94.21,94.23,94.145,94.23,2380.0,40.0,94.174666
CLX,2026-09-02 19:05:00+00:00,94.23,94.23,94.125,94.13,400.0,4.0,94.15375
CLX,2026-09-02 19:10:00+00:00,94.055,94.125,94.02,94.125,2477.0,41.0,94.036053
CLX,2026-09-02 19:15:00+00:00,94.125,94.155,94.125,94.155,525.0,11.0,94.13375
CLX,2026-09-02 19:20:00+00:00,94.035,94.065,93.995,94.035,1472.0,35.0,94.036
CLX,2026-09-02 19:25:00+00:00,94.045,94.06,94.0,94.06,1951.0,41.0,94.045
CLX,2026-09-02 19:30:00+00:00,94.065,94.12,94.0,94.06,3347.0,63.0,94.04109
CLX,2026-09-02 19:35:00+00:00,94.175,94.175,94.12,94.145,2071.0,32.0,94.14375
CLX,2026-09-02 19:40:00+00:00,94.135,94.5,94.135,94.44,4202.0,89.0,94.320781
CLX,2026-09-02 19:45:00+00:00,94.44,94.5,94.435,94.5,4799.0,71.0,94.489881
CLX,2026-09-02 19:50:00+00:00,94.38,94.61,94.28,94.585,13760.0,189.0,94.388201
CLX,2026-09-02 19:55:00+00:00,94.615,94.655,94.305,94.305,25392.0,406.0,94.488833
CLX,2026-09-03 13:30:00+00:00,94.24,94.48,94.14,94.48,1642.0,41.0,94.343102
CLX,2026-09-03 13:35:00+00:00,94.115,94.2,94.095,94.2,5544.0,160.0,94.159091
CLX,2026-09-03 13:40:00+00:00,94.12,94.76,94.12,94.76,7855.0,50.0,94.138955
CLX,2026-09-03 13:45:00+00:00,94.51,94.51,93.77,93.825,3130.0,51.0,93.974874
CLX,2026-09-03 13:50:00+00:00,93.89,93.89,93.665,93.665,751.0,22.0,93.777
CLX,2026-09-03 13:55:00+00:00,93.57,94.005,93.57,94.005,1874.0,36.0,93.632692
CLX,2026-09-03 14:00:00+00:00,93.97,94.275,93.965,94.27,1122.0,23.0,94.124286
CLX,2026-09-03 14:05:00+00:00,94.31,94.365,94.2,94.2,1247.0,36.0,94.310714
CLX,2026-09-03 14:10:00+00:00,94.065,94.065,93.88,93.88,840.0,18.0,93.974286
CLX,2026-09-03 14:15:00+00:00,93.8,93.8,93.79,93.79,658.0,13.0,93.795
CLX,2026-09-03 14:20:00+00:00,93.45,93.475,93.445,93.445,817.0,19.0,93.46125
CLX,2026-09-03 14:25:00+00:00,93.41,93.5,93.395,93.44,1121.0,16.0,93.4555
CLX,2026-09-03 14:30:00+00:00,93.495,93.495,93.345,93.345,477.0,9.0,93.431305
CLX,2026-09-03 14:35:00+00:00,93.37,93.37,93.37,93.37,274.0,6.0,93.37
CLX,2026-09-03 14:40:00+00:00,93.455,93.6,93.455,93.6,787.0,25.0,93.503333
CLX,2026-09-03 14:45:00+00:00,93.8,94.045,93.8,94.015,1230.0,25.0,93.959286
CLX,2026-09-03 14:50:00+00:00,93.97,93.97,93.865,93.865,453.0,9.0,93.9
CLX,2026-09-03 14:55:00+00:00,93.91,94.26,93.88,94.14,2242.0,48.0,94.127353
CLX,2026-09-03 15:05:00+00:00,94.065,94.065,94.065,94.065,160.0,4.0,94.065
CLX,2026-09-03 15:10:00+00:00,94.215,94.215,94.095,94.095,727.0,17.0,94.146667
CLX,2026-09-03 15:15:00+00:00,94.0,94.005,93.975,94.0,879.0,18.0,93.991
CLX,2026-09-03 15:20:00+00:00,93.95,93.95,93.95,93.95,244.0,14.0,93.95
CLX,2026-09-03 15:25:00+00:00,93.995,94.035,93.995,94.035,1114.0,25.0,94.00875
CLX,2026-09-03 15:30:00+00:00,94.135,94.35,94.135,94.32,2994.0,63.0,94.201888
CLX,2026-09-03 15:35:00+00:00,94.205,94.27,94.205,94.265,943.0,19.0,94.24875
CLX,2026-09-03 15:40:00+00:00,94.165,94.165,94.165,94.165,112.0,2.0,94.165
CLX,2026-09-03 15:45:00+00:00,94.37,94.56,94.37,94.52,2977.0,48.0,94.508349
CLX,2026-09-03 15:55:00+00:00,94.6,94.6,94.565,94.565,326.0,11.0,94.5825
CLX,2026-09-03 16:00:00+00:00,94.585,94.585,94.435,94.435,552.0,18.0,94.535
CLX,2026-09-03 16:05:00+00:00,94.25,94.25,94.25,94.25,404.0,14.0,94.25
CLX,2026-09-03 16:10:00+00:00,94.37,94.37,94.35,94.35,664.0,17.0,94.36375
CLX,2026-09-03 16:15:00+00:00,94.39,94.39,94.27,94.27,734.0,14.0,94.353538
CLX,2026-09-03 16:20:00+00:00,94.38,94.395,94.38,94.395,619.0,10.0,94.385
CLX,2026-09-03 16:25:00+00:00,94.46,94.52,94.46,94.52,632.0,13.0,94.49
CLX,2026-09-03 16:30:00+00:00,94.525,94.525,94.48,94.48,546.0,8.0,94.510201
CLX,2026-09-03 16:35:00+00:00,94.535,94.57,94.535,94.57,817.0,20.0,94.558333
CLX,2026-09-03 16:40:00+00:00,94.575,94.58,94.51,94.575,940.0,12.0,94.5675
CLX,2026-09-03 17:00:00+00:00,94.61,94.61,94.61,94.61,392.0,10.0,94.61
CLX,2026-09-03 17:05:00+00:00,94.615,94.65,94.61,94.61,812.0,19.0,94.62375
CLX,2026-09-03 17:10:00+00:00,94.6,94.62,94.6,94.62,286.0,4.0,94.61
CLX,2026-09-03 17:15:00+00:00,94.47,94.5,94.47,94.5,308.0,11.0,94.485
CLX,2026-09-03 17:20:00+00:00,94.485,94.53,94.485,94.53,329.0,8.0,94.5075
CLX,2026-09-03 17:30:00+00:00,94.47,94.52,94.47,94.52,721.0,12.0,94.495
CLX,2026-09-03 17:35:00+00:00,94.61,94.615,94.45,94.45,662.0,16.0,94.547346
CLX,2026-09-03 17:50:00+00:00,94.34,94.35,94.34,94.35,822.0,17.0,94.347222
CLX,2026-09-03 17:55:00+00:00,94.33,94.42,94.33,94.42,439.0,14.0,94.36
CLX,2026-09-03 18:00:00+00:00,94.34,94.34,94.32,94.32,528.0,13.0,94.33
CLX,2026-09-03 18:05:00+00:00,94.26,94.49,94.26,94.49,1345.0,32.0,94.358333
CLX,2026-09-03 18:10:00+00:00,94.465,94.52,94.43,94.43,1812.0,41.0,94.470036
CLX,2026-09-03 18:15:00+00:00,94.455,94.47,94.455,94.47,526.0,9.0,94.45875
CLX,2026-09-03 18:20:00+00:00,94.525,94.525,94.45,94.465,657.0,17.0,94.475822
CLX,2026-09-03 18:25:00+00:00,94.565,94.58,94.565,94.58,552.0,17.0,94.5725
CLX,2026-09-03 18:30:00+00:00,94.64,94.665,94.64,94.66,773.0,33.0,94.655
CLX,2026-09-03 18:35:00+00:00,94.64,94.7,94.64,94.645,1989.0,37.0,94.663651
CLX,2026-09-03 18:40:00+00:00,94.65,94.65,94.61,94.62,1314.0,21.0,94.633161
CLX,2026-09-03 18:45:00+00:00,94.64,94.75,94.64,94.75,1206.0,26.0,94.72
CLX,2026-09-03 18:50:00+00:00,94.74,94.88,94.74,94.83,895.0,18.0,94.82625
CLX,2026-09-03 18:55:00+00:00,94.85,94.85,94.85,94.85,357.0,7.0,94.85
CLX,2026-09-03 19:00:00+00:00,94.88,94.89,94.855,94.855,781.0,18.0,94.87625
CLX,2026-09-03 19:05:00+00:00,94.91,94.92,94.9,94.9,511.0,11.0,94.91
CLX,2026-09-03 19:10:00+00:00,94.96,95.025,94.94,94.94,1997.0,52.0,94.9925
CLX,2026-09-03 19:15:00+00:00,94.965,94.965,94.78,94.78,954.0,21.0,94.8625
CLX,2026-09-03 19:20:00+00:00,94.695,94.695,94.5,94.5,939.0,16.0,94.6075
CLX,2026-09-03 19:25:00+00:00,94.59,94.625,94.49,94.53,1559.0,43.0,94.558125
CLX,2026-09-03 19:30:00+00:00,94.53,94.53,94.41,94.48,2318.0,39.0,94.461977
CLX,2026-09-03 19:35:00+00:00,94.435,94.58,94.43,94.53,1675.0,40.0,94.503571
CLX,2026-09-03 19:40:00+00:00,94.475,94.57,94.475,94.555,1362.0,36.0,94.532143
CLX,2026-09-03 19:45:00+00:00,94.55,94.555,94.495,94.535,1532.0,48.0,94.523333
CLX,2026-09-03 19:50:00+00:00,94.49,94.55,94.395,94.425,8618.0,131.0,94.451482
CLX,2026-09-03 19:55:00+00:00,94.37,94.37,94.22,94.22,13182.0,320.0,94.239838
CLX,2026-09-04 13:30:00+00:00,93.56,93.56,93.32,93.32,1824.0,76.0,93.428125
CLX,2026-09-04 13:35:00+00:00,93.64,93.65,93.62,93.62,710.0,16.0,93.638506
CLX,2026-09-04 13:40:00+00:00,93.41,93.54,93.41,93.54,399.0,13.0,93.475
CLX,2026-09-04 13:45:00+00:00,93.22,93.29,93.22,93.29,1117.0,33.0,93.237
CLX,2026-09-04 13:50:00+00:00,93.24,93.24,93.18,93.18,438.0,8.0,93.21
CLX,2026-09-04 13:55:00+00:00,92.935,92.935,92.69,92.69,379.0,13.0,92.8125
CLX,2026-09-04 14:00:00+00:00,92.93,93.09,92.9,93.07,797.0,16.0,92.968571
CLX,2026-09-04 14:05:00+00:00,93.135,93.415,93.135,93.3,1127.0,27.0,93.316054
CLX,2026-09-04 14:10:00+00:00,93.455,93.455,93.455,93.455,117.0,2.0,93.455
CLX,2026-09-04 14:15:00+00:00,93.455,93.455,93.455,93.455,125.0,2.0,93.455
CLX,2026-09-04 14:20:00+00:00,93.66,93.66,93.66,93.66,116.0,4.0,93.66
CLX,2026-09-04 14:25:00+00:00,93.71,93.71,93.71,93.71,187.0,7.0,93.71
CLX,2026-09-04 14:30:00+00:00,93.69,93.69,93.39,93.39,2693.0,37.0,93.51959
CLX,2026-09-04 14:35:00+00:00,93.1,93.1,92.98,92.98,1859.0,40.0,93.060614
CLX,2026-09-04 14:40:00+00:00,92.885,92.99,92.885,92.99,1421.0,44.0,92.940714
CLX,2026-09-04 14:45:00+00:00,93.08,93.08,93.08,93.08,306.0,12.0,93.08
CLX,2026-09-04 14:50:00+00:00,93.115,93.35,93.115,93.35,810.0,35.0,93.258333
CLX,2026-09-04 14:55:00+00:00,93.405,93.53,93.405,93.53,1177.0,47.0,93.461824
CLX,2026-09-04 15:00:00+00:00,93.535,93.625,93.535,93.625,1076.0,46.0,93.562947
CLX,2026-09-04 15:05:00+00:00,93.7,93.775,93.7,93.775,1266.0,34.0,93.721498
CLX,2026-09-04 15:10:00+00:00,93.78,93.78,93.78,93.78,491.0,14.0,93.78
CLX,2026-09-04 15:15:00+00:00,93.76,93.88,93.76,93.88,1198.0,33.0,93.815331
CLX,2026-09-04 15:20:00+00:00,93.79,93.79,93.79,93.79,637.0,32.0,93.79
CLX,2026-09-04 15:25:00+00:00,93.73,93.73,93.73,93.73,350.0,11.0,93.73
CLX,2026-09-04 15:30:00+00:00,93.76,93.76,93.76,93.76,251.0,8.0,93.76
CLX,2026-09-04 15:35:00+00:00,93.71,93.72,93.71,93.72,1548.0,49.0,93.718066
CLX,2026-09-04 15:40:00+00:00,93.74,93.81,93.74,93.81,1021.0,24.0,93.758339
CLX,2026-09-04 15:45:00+00:00,93.84,93.88,93.84,93.88,868.0,20.0,93.868333
CLX,2026-09-04 15:50:00+00:00,93.85,93.95,93.85,93.88,2616.0,43.0,93.922667
CLX,2026-09-04 15:55:00+00:00,93.935,93.935,93.935,93.935,414.0,7.0,93.935
CLX,2026-09-04 16:00:00+00:00,93.96,93.98,93.96,93.965,1109.0,29.0,93.966629
CLX,2026-09-04 16:05:00+00:00,93.935,94.17,93.935,94.17,1831.0,32.0,94.030454
CLX,2026-09-04 16:10:00+00:00,94.14,94.18,94.14,94.18,1085.0,20.0,94.166211
CLX,2026-09-04 16:20:00+00:00,94.11,94.11,94.055,94.09,3010.0,41.0,94.077818
CLX,2026-09-04 16:30:00+00:00,93.95,93.95,93.93,93.95,2978.0,47.0,93.943898
CLX,2026-09-04 16:35:00+00:00,93.99,94.035,93.99,94.03,1140.0,32.0,94.024722
CLX,2026-09-04 16:45:00+00:00,93.97,94.03,93.97,94.03,1541.0,37.0,93.983641
CLX,2026-09-04 16:50:00+00:00,93.96,94.0,93.96,94.0,2022.0,14.0,93.962394
CLX,2026-09-04 16:55:00+00:00,94.0,94.0,93.965,93.98,1133.0,27.0,93.984375
CLX,2026-09-04 17:00:00+00:00,93.97,93.97,93.89,93.91,1335.0,26.0,93.922931
CLX,2026-09-04 17:05:00+00:00,93.895,93.91,93.89,93.89,1453.0,21.0,93.898026
CLX,2026-09-04 17:10:00+00:00,93.905,93.91,93.88,93.88,726.0,14.0,93.903333
CLX,2026-09-04 17:15:00+00:00,93.8,93.86,93.8,93.82,1479.0,37.0,93.826
CLX,2026-09-04 17:20:00+00:00,93.74,93.74,93.74,93.74,541.0,16.0,93.74
CLX,2026-09-04 17:25:00+00:00,93.55,93.55,93.55,93.55,213.0,6.0,93.55
CLX,2026-09-04 17:30:00+00:00,93.555,93.605,93.555,93.605,2256.0,88.0,93.5775
CLX,2026-09-04 17:35:00+00:00,93.58,93.58,93.44,93.44,1531.0,51.0,93.496129
CLX,2026-09-04 17:40:00+00:00,93.44,93.44,93.44,93.44,241.0,6.0,93.44
CLX,2026-09-04 17:45:00+00:00,93.4,93.49,93.4,93.485,1294.0,45.0,93.458919
CLX,2026-09-04 17:50:00+00:00,93.39,93.4,93.39,93.4,1851.0,30.0,93.39917
CLX,2026-09-04 17:55:00+00:00,93.455,93.46,93.455,93.46,1480.0,35.0,93.459291
CLX,2026-09-04 18:00:00+00:00,93.45,93.53,93.45,93.51,1664.0,42.0,93.498395
CLX,2026-09-04 18:05:00+00:00,93.57,93.57,93.55,93.55,364.0,8.0,93.559346
CLX,2026-09-04 18:10:00+00:00,93.59,93.59,93.59,93.59,544.0,14.0,93.59
CLX,2026-09-04 18:20:00+00:00,93.54,93.57,93.44,93.44,2531.0,39.0,93.528169
CLX,2026-09-04 18:25:00+00:00,93.405,93.405,93.405,93.405,693.0,33.0,93.405
CLX,2026-09-04 18:35:00+00:00,93.42,93.42,93.42,93.42,746.0,35.0,93.42
CLX,2026-09-04 18:40:00+00:00,93.38,93.38,93.38,93.38,365.0,21.0,93.38
CLX,2026-09-04 18:45:00+00:00,93.365,93.45,93.365,93.45,1151.0,45.0,93.379167
CLX,2026-09-04 18:50:00+00:00,93.43,93.45,93.43,93.45,1423.0,67.0,93.441667
CLX,2026-09-04 18:55:00+00:00,93.45,93.52,93.45,93.48,1003.0,31.0,93.494
CLX,2026-09-04 19:00:00+00:00,93.49,93.515,93.49,93.49,1355.0,26.0,93.502
CLX,2026-09-04 19:05:00+00:00,93.415,93.415,93.39,93.39,906.0,43.0,93.4025
CLX,2026-09-04 19:10:00+00:00,93.42,93.42,93.41,93.41,2046.0,36.0,93.418418
CLX,2026-09-04 19:15:00+00:00,93.37,93.37,93.285,93.285,2187.0,78.0,93.345
CLX,2026-09-04 19:20:00+00:00,93.34,93.34,93.305,93.305,1765.0,75.0,93.31875
CLX,2026-09-04 19:25:00+00:00,93.36,93.36,93.31,93.31,1508.0,65.0,93.337857
CLX,2026-09-04 19:30:00+00:00,93.32,93.34,93.28,93.34,1168.0,44.0,93.303571
CLX,2026-09-04 19:35:00+00:00,93.325,93.325,93.22,93.3,2292.0,86.0,93.260573
CLX,2026-09-04 19:40:00+00:00,93.32,93.4,93.32,93.39,3370.0,106.0,93.349383
CLX,2026-09-04 19:45:00+00:00,93.38,93.43,93.265,93.42,4909.0,124.0,93.351037
CLX,2026-09-04 19:50:00+00:00,93.47,93.48,93.225,93.26,8802.0,210.0,93.384227
CLX,2026-09-04 19:55:00+00:00,93.215,93.22,93.015,93.05,22475.0,445.0,93.080181
CLX,2026-09-08 13:30:00+00:00,92.5,93.095,92.5,92.82,3717.0,73.0,92.75196
CLX,2026-09-08 13:35:00+00:00,92.63,92.63,92.22,92.22,882.0,17.0,92.435833
CLX,2026-09-08 13:40:00+00:00,92.15,92.41,91.9,92.295,3356.0,44.0,92.163899
CLX,2026-09-08 13:45:00+00:00,92.275,92.34,91.795,91.795,3156.0,47.0,91.997012
CLX,2026-09-08 13:50:00+00:00,91.845,92.11,91.845,91.91,1396.0,17.0,91.956154
CLX,2026-09-08 13:55:00+00:00,91.75,91.75,91.75,91.75,205.0,5.0,91.75
CLX,2026-09-08 14:00:00+00:00,91.82,92.0,91.82,91.995,752.0,15.0,91.889286
CLX,2026-09-08 14:05:00+00:00,92.19,92.51,92.145,92.46,1289.0,17.0,92.272778
CLX,2026-09-08 14:10:00+00:00,92.585,93.34,92.585,93.32,1908.0,34.0,92.963547
CLX,2026-09-08 14:15:00+00:00,93.38,93.51,93.3,93.34,3037.0,42.0,93.419729
CLX,2026-09-08 14:20:00+00:00,93.405,93.405,93.405,93.405,100.0,1.0,93.405
CLX,2026-09-08 14:25:00+00:00,93.37,93.405,93.37,93.405,731.0,14.0,93.390588
CLX,2026-09-08 14:30:00+00:00,93.3,93.3,93.11,93.11,1011.0,30.0,93.177391
CLX,2026-09-08 14:35:00+00:00,93.355,93.6,93.355,93.525,1769.0,56.0,93.471429
CLX,2026-09-08 14:45:00+00:00,93.7,93.765,93.7,93.765,604.0,22.0,93.7325
CLX,2026-09-08 14:50:00+00:00,93.77,93.77,93.535,93.585,1253.0,20.0,93.634167
CLX,2026-09-08 14:55:00+00:00,93.47,93.47,93.27,93.36,1255.0,26.0,93.338125
CLX,2026-09-08 15:00:00+00:00,93.17,93.605,93.1,93.605,2793.0,54.0,93.187927
CLX,2026-09-08 15:05:00+00:00,93.57,93.735,93.57,93.735,718.0,17.0,93.675
CLX,2026-09-08 15:10:00+00:00,93.64,93.64,93.64,93.64,300.0,5.0,93.64
CLX,2026-09-08 15:15:00+00:00,93.245,93.295,93.12,93.135,1193.0,24.0,93.191
CLX,2026-09-08 15:20:00+00:00,93.17,93.2,93.08,93.08,765.0,17.0,93.1575
CLX,2026-09-08 15:25:00+00:00,93.13,93.265,92.84,92.84,1805.0,30.0,93.069467
CLX,2026-09-08 15:30:00+00:00,92.82,93.11,92.81,93.11,2345.0,38.0,92.964757
CLX,2026-09-08 15:35:00+00:00,93.245,93.28,93.245,93.27,1433.0,25.0,93.26513
CLX,2026-09-08 15:40:00+00:00,93.14,93.14,93.08,93.105,1214.0,26.0,93.11125
CLX,2026-09-08 15:45:00+00:00,93.05,93.05,92.785,92.855,1807.0,32.0,92.902273
CLX,2026-09-08 15:50:00+00:00,92.97,92.97,92.97,92.97,115.0,3.0,92.97
CLX,2026-09-08 15:55:00+00:00,93.025,93.095,93.025,93.095,544.0,12.0,93.06625
CLX,2026-09-08 16:00:00+00:00,92.9,93.225,92.88,93.225,2252.0,46.0,93.043977
CLX,2026-09-08 16:05:00+00:00,93.3,93.34,93.3,93.34,433.0,10.0,93.326667
CLX,2026-09-08 16:10:00+00:00,93.27,93.27,93.105,93.15,1242.0,21.0,93.177273
CLX,2026-09-08 16:15:00+00:00,93.175,93.21,93.16,93.16,1279.0,25.0,93.185625
CLX,2026-09-08 16:20:00+00:00,93.195,93.195,93.065,93.095,1234.0,21.0,93.09359
CLX,2026-09-08 16:25:00+00:00,93.095,93.15,93.07,93.07,687.0,11.0,93.108685
CLX,2026-09-08 16:30:00+00:00,93.06,93.235,93.06,93.235,609.0,13.0,93.191
CLX,2026-09-08 16:35:00+00:00,93.21,93.21,93.21,93.21,100.0,1.0,93.21
CLX,2026-09-08 16:40:00+00:00,93.21,93.27,93.17,93.17,692.0,9.0,93.214
CLX,2026-09-08 16:50:00+00:00,93.17,93.185,93.06,93.06,2141.0,40.0,93.122333
CLX,2026-09-08 16:55:00+00:00,93.0,93.03,92.895,93.0,2153.0,36.0,92.980882
CLX,2026-09-08 17:00:00+00:00,92.755,92.82,92.695,92.82,1033.0,19.0,92.743
CLX,2026-09-08 17:05:00+00:00,92.84,92.91,92.75,92.91,989.0,22.0,92.854954
CLX,2026-09-08 17:10:00+00:00,92.9,92.9,92.895,92.895,425.0,11.0,92.8975
CLX,2026-09-08 17:15:00+00:00,93.03,93.03,93.03,93.03,348.0,6.0,93.03
CLX,2026-09-08 17:20:00+00:00,92.89,92.89,92.89,92.89,179.0,5.0,92.89
CLX,2026-09-08 17:25:00+00:00,92.86,92.86,92.85,92.85,444.0,12.0,92.855
CLX,2026-09-08 17:30:00+00:00,92.94,92.94,92.87,92.89,664.0,14.0,92.9025
CLX,2026-09-08 17:35:00+00:00,92.92,92.92,92.905,92.905,561.0,9.0,92.916073
CLX,2026-09-08 17:40:00+00:00,92.815,92.86,92.8,92.82,5699.0,52.0,92.811493
CLX,2026-09-08 17:45:00+00:00,92.79,92.79,92.705,92.705,640.0,23.0,92.744
CLX,2026-09-08 17:50:00+00:00,92.74,92.74,92.68,92.68,635.0,19.0,92.703333
CLX,2026-09-08 17:55:00+00:00,92.7,92.7,92.675,92.675,361.0,9.0,92.6875
CLX,2026-09-08 18:00:00+00:00,92.62,92.625,92.46,92.5,3151.0,56.0,92.531111
CLX,2026-09-08 18:05:00+00:00,92.49,92.67,92.47,92.62,2648.0,57.0,92.614185
CLX,2026-09-08 18:10:00+00:00,92.64,92.67,92.63,92.67,1404.0,17.0,92.644214
CLX,2026-09-08 18:15:00+00:00,92.495,92.54,92.48,92.54,936.0,17.0,92.5175
CLX,2026-09-08 18:20:00+00:00,92.555,92.57,92.53,92.545,1172.0,19.0,92.55
CLX,2026-09-08 18:25:00+00:00,92.61,92.61,92.56,92.56,345.0,11.0,92.585
CLX,2026-09-08 18:30:00+00:00,92.46,92.46,92.375,92.39,1610.0,23.0,92.410406
CLX,2026-09-08 18:35:00+00:00,92.38,92.41,92.355,92.4,1561.0,27.0,92.385833
CLX,2026-09-08 18:40:00+00:00,92.43,92.43,92.36,92.395,1452.0,22.0,92.4035
CLX,2026-09-08 18:45:00+00:00,92.24,92.24,92.195,92.23,631.0,12.0,92.221667
CLX,2026-09-08 18:50:00+00:00,92.15,92.32,92.15,92.32,725.0,10.0,92.226
CLX,2026-09-08 18:55:00+00:00,92.35,92.35,92.35,92.35,414.0,7.0,92.35
CLX,2026-09-08 19:00:00+00:00,91.91,92.01,91.91,92.01,1199.0,32.0,91.945833
CLX,2026-09-08 19:05:00+00:00,92.13,92.23,92.07,92.07,562.0,14.0,92.1275
CLX,2026-09-08 19:10:00+00:00,92.33,92.33,92.145,92.18,480.0,9.0,92.218333
CLX,2026-09-08 19:15:00+00:00,92.105,92.105,92.035,92.035,1465.0,24.0,92.073889
CLX,2026-09-08 19:20:00+00:00,92.035,92.045,91.99,92.045,1099.0,22.0,92.018125
CLX,2026-09-08 19:25:00+00:00,92.03,92.13,92.03,92.12,1137.0,28.0,92.088036
CLX,2026-09-08 19:30:00+00:00,92.0,92.15,92.0,92.15,1626.0,33.0,92.063333
CLX,2026-09-08 19:35:00+00:00,92.08,92.095,92.01,92.01,1723.0,50.0,92.062288
CLX,2026-09-08 19:40:00+00:00,92.03,92.12,91.97,91.97,2195.0,40.0,92.026138
CLX,2026-09-08 19:45:00+00:00,91.96,91.96,91.825,91.845,2673.0,48.0,91.857194
CLX,2026-09-08 19:50:00+00:00,91.79,91.87,91.77,91.87,2984.0,55.0,91.827647
CLX,2026-09-08 19:55:00+00:00,91.84,91.84,91.615,91.615,9348.0,210.0,91.716865
CLX,2026-09-09 13:30:00+00:00,90.365,90.43,89.87,89.895,1286.0,29.0,90.219286
CLX,2026-09-09 13:35:00+00:00,89.76,89.76,89.76,89.76,195.0,6.0,89.76
CLX,2026-09-09 13:40:00+00:00,89.4,89.63,89.4,89.63,1392.0,21.0,89.515834
CLX,2026-09-09 13:45:00+00:00,89.59,89.645,89.48,89.5,1035.0,19.0,89.54625
CLX,2026-09-09 13:50:00+00:00,89.405,89.405,89.32,89.32,1079.0,18.0,89.347222
CLX,2026-09-09 13:55:00+00:00,89.36,89.41,89.36,89.4,994.0,25.0,89.382
CLX,2026-09-09 14:00:00+00:00,89.55,90.15,89.55,90.15,926.0,19.0,89.762857
CLX,2026-09-09 14:10:00+00:00,89.67,89.67,89.67,89.67,349.0,10.0,89.67
CLX,2026-09-09 14:15:00+00:00,89.695,89.7,89.69,89.7,366.0,6.0,89.695
CLX,2026-09-09 14:20:00+00:00,89.77,89.77,89.7,89.76,765.0,20.0,89.754
CLX,2026-09-09 14:25:00+00:00,89.78,89.88,89.78,89.87,698.0,16.0,89.843333
CLX,2026-09-09 14:30:00+00:00,89.8,89.8,89.8,89.8,163.0,6.0,89.8
CLX,2026-09-09 14:35:00+00:00,89.82,89.82,89.71,89.71,233.0,6.0,89.765
CLX,2026-09-09 14:40:00+00:00,89.95,89.95,89.95,89.95,159.0,4.0,89.95
CLX,2026-09-09 14:45:00+00:00,89.905,90.04,89.905,90.02,1084.0,17.0,89.982143
CLX,2026-09-09 14:50:00+00:00,89.96,89.96,89.96,89.96,245.0,3.0,89.96
CLX,2026-09-09 14:55:00+00:00,89.88,89.88,89.79,89.79,435.0,9.0,89.82
CLX,2026-09-09 15:00:00+00:00,89.76,89.76,89.76,89.76,454.0,12.0,89.76
CLX,2026-09-09 15:05:00+00:00,89.645,89.645,89.6,89.6,420.0,11.0,89.618333
CLX,2026-09-09 15:10:00+00:00,89.55,89.645,89.55,89.645,227.0,15.0,89.5975
CLX,2026-09-09 15:15:00+00:00,89.525,89.525,89.45,89.455,347.0,10.0,89.476667
CLX,2026-09-09 15:20:00+00:00,89.43,89.45,89.43,89.45,757.0,17.0,89.435
CLX,2026-09-09 15:25:00+00:00,89.6,89.6,89.6,89.6,272.0,11.0,89.6
CLX,2026-09-09 15:30:00+00:00,89.54,89.54,89.54,89.54,125.0,2.0,89.54
CLX,2026-09-09 15:35:00+00:00,89.615,89.64,89.615,89.64,227.0,4.0,89.6275
CLX,2026-09-09 15:45:00+00:00,89.55,89.55,89.55,89.55,132.0,4.0,89.55
CLX,2026-09-09 15:50:00+00:00,89.62,89.68,89.595,89.68,3969.0,41.0,89.67131
CLX,2026-09-09 15:55:00+00:00,89.72,89.785,89.655,89.655,2690.0,39.0,89.74062
CLX,2026-09-09 16:00:00+00:00,89.7,89.735,89.69,89.735,736.0,22.0,89.710833
CLX,2026-09-09 16:05:00+00:00,89.68,89.68,89.68,89.68,297.0,9.0,89.68
CLX,2026-09-09 16:10:00+00:00,89.77,89.77,89.735,89.735,532.0,17.0,89.7525
CLX,2026-09-09 16:15:00+00:00,89.645,89.655,89.645,89.655,342.0,9.0,89.65
CLX,2026-09-09 16:20:00+00:00,89.62,89.62,89.62,89.62,104.0,2.0,89.62
CLX,2026-09-09 16:25:00+00:00,89.72,89.72,89.72,89.72,240.0,11.0,89.72
CLX,2026-09-09 16:30:00+00:00,89.725,89.75,89.7,89.75,776.0,19.0,89.728841
CLX,2026-09-09 16:35:00+00:00,89.7,89.7,89.7,89.7,110.0,2.0,89.7
CLX,2026-09-09 16:40:00+00:00,89.76,89.76,89.72,89.72,512.0,12.0,89.75
CLX,2026-09-09 16:45:00+00:00,89.695,89.78,89.695,89.78,425.0,7.0,89.723333
CLX,2026-09-09 16:50:00+00:00,89.75,89.75,89.725,89.725,420.0,8.0,89.7375
CLX,2026-09-09 16:55:00+00:00,89.71,89.71,89.63,89.67,1294.0,26.0,89.663466
CLX,2026-09-09 17:05:00+00:00,89.665,89.665,89.63,89.635,728.0,16.0,89.646
CLX,2026-09-09 17:10:00+00:00,89.7,89.705,89.64,89.64,813.0,19.0,89.675452
CLX,2026-09-09 17:15:00+00:00,89.65,89.905,89.65,89.905,824.0,17.0,89.782857
CLX,2026-09-09 17:20:00+00:00,89.95,89.95,89.93,89.93,204.0,4.0,89.94
CLX,2026-09-09 17:25:00+00:00,89.96,89.96,89.96,89.96,684.0,9.0,89.96
CLX,2026-09-09 17:30:00+00:00,89.86,89.86,89.86,89.86,204.0,3.0,89.86
CLX,2026-09-09 17:35:00+00:00,89.76,89.76,89.69,89.69,348.0,7.0,89.736667
CLX,2026-09-09 17:40:00+00:00,89.7,89.7,89.645,89.655,1080.0,29.0,89.665
CLX,2026-09-09 17:45:00+00:00,89.685,89.72,89.685,89.69,625.0,21.0,89.698333
CLX,2026-09-09 17:50:00+00:00,89.7,89.76,89.67,89.76,1267.0,31.0,89.706667
CLX,2026-09-09 17:55:00+00:00,89.72,89.855,89.72,89.855,436.0,11.0,89.788168
CLX,2026-09-09 18:00:00+00:00,89.92,90.01,89.92,90.01,255.0,8.0,89.965
CLX,2026-09-09 18:05:00+00:00,90.02,90.04,89.93,89.98,1128.0,26.0,89.990813
CLX,2026-09-09 18:15:00+00:00,90.08,90.13,90.08,90.13,315.0,9.0,90.105
CLX,2026-09-09 18:20:00+00:00,90.1,90.205,90.1,90.205,630.0,19.0,90.16375
CLX,2026-09-09 18:25:00+00:00,90.225,90.44,90.22,90.4,1933.0,49.0,90.339091
CLX,2026-09-09 18:30:00+00:00,90.41,90.46,90.41,90.44,2884.0,52.0,90.44
CLX,2026-09-09 18:35:00+00:00,90.37,90.37,90.37,90.37,521.0,17.0,90.37
CLX,2026-09-09 18:40:00+00:00,90.48,90.48,90.41,90.43,413.0,5.0,90.4325
CLX,2026-09-09 18:45:00+00:00,90.33,90.33,90.33,90.33,146.0,6.0,90.33
CLX,2026-09-09 18:50:00+00:00,90.24,90.26,90.24,90.25,905.0,16.0,90.248261
CLX,2026-09-09 18:55:00+00:00,90.255,90.34,90.25,90.275,1076.0,29.0,90.2875
CLX,2026-09-09 19:00:00+00:00,90.22,90.22,90.165,90.165,603.0,15.0,90.2025
CLX,2026-09-09 19:05:00+00:00,90.155,90.155,90.105,90.105,303.0,5.0,90.121667
CLX,2026-09-09 19:10:00+00:00,90.14,90.18,90.14,90.18,409.0,16.0,90.16
CLX,2026-09-09 19:20:00+00:00,90.03,90.17,89.925,90.17,2481.0,56.0,90.038965
CLX,2026-09-09 19:25:00+00:00,90.14,90.14,89.96,89.96,1016.0,17.0,90.0325
CLX,2026-09-09 19:30:00+00:00,89.855,89.86,89.73,89.735,1181.0,30.0,89.776667
CLX,2026-09-09 19:35:00+00:00,89.8,89.805,89.73,89.73,1191.0,24.0,89.767
CLX,2026-09-09 19:40:00+00:00,89.725,89.84,89.725,89.79,1174.0,27.0,89.789
CLX,2026-09-09 19:45:00+00:00,89.88,89.89,89.74,89.75,2709.0,81.0,89.813004
CLX,2026-09-09 19:50:00+00:00,89.61,89.65,89.465,89.635,12225.0,201.0,89.553567
CLX,2026-09-09 19:55:00+00:00,89.62,89.68,89.53,89.57,13883.0,322.0,89.614552
CLX,2026-09-10 13:30:00+00:00,89.46,89.585,89.39,89.39,1086.0,28.0,89.487857
CLX,2026-09-10 13:35:00+00:00,89.445,89.445,89.34,89.34,1227.0,35.0,89.384
CLX,2026-09-10 13:40:00+00:00,89.19,89.265,89.12,89.265,1331.0,8.0,89.190567
CLX,2026-09-10 13:45:00+00:00,89.13,89.13,89.05,89.11,741.0,8.0,89.106667
CLX,2026-09-10 13:50:00+00:00,89.48,89.5,89.43,89.43,833.0,15.0,89.482143
CLX,2026-09-10 13:55:00+00:00,89.19,89.215,89.19,89.215,486.0,11.0,89.198333
CLX,2026-09-10 14:00:00+00:00,89.19,89.19,89.02,89.08,2902.0,48.0,89.085245
CLX,2026-09-10 14:05:00+00:00,89.07,89.07,88.92,89.01,810.0,18.0,88.986468
CLX,2026-09-10 14:10:00+00:00,89.0,89.0,88.99,88.99,200.0,2.0,88.995
CLX,2026-09-10 14:15:00+00:00,89.435,89.54,89.37,89.43,1398.0,23.0,89.460833
CLX,2026-09-10 14:20:00+00:00,89.41,89.52,89.39,89.52,757.0,13.0,89.45
CLX,2026-09-10 14:25:00+00:00,89.475,89.475,89.32,89.32,551.0,16.0,89.41875
CLX,2026-09-10 14:30:00+00:00,89.25,89.25,89.1,89.15,791.0,15.0,89.143333
CLX,2026-09-10 14:35:00+00:00,89.14,89.19,89.14,89.18,1240.0,14.0,89.169
CLX,2026-09-10 14:40:00+00:00,89.21,89.3,89.21,89.3,393.0,6.0,89.256098
CLX,2026-09-10 14:45:00+00:00,89.18,89.265,89.12,89.265,1658.0,33.0,89.202143
CLX,2026-09-10 14:50:00+00:00,89.34,89.35,89.34,89.35,421.0,11.0,89.345
CLX,2026-09-10 14:55:00+00:00,89.07,89.085,89.05,89.085,874.0,19.0,89.069
CLX,2026-09-10 15:00:00+00:00,89.04,89.045,88.9,88.9,1583.0,24.0,88.9555
CLX,2026-09-10 15:05:00+00:00,89.005,89.005,88.87,88.87,405.0,7.0,88.955
CLX,2026-09-10 15:10:00+00:00,88.925,88.975,88.89,88.975,620.0,14.0,88.941
CLX,2026-09-10 15:15:00+00:00,88.92,89.025,88.92,89.025,228.0,4.0,88.9725
CLX,2026-09-10 15:20:00+00:00,89.02,89.02,88.94,88.94,669.0,13.0,88.989
CLX,2026-09-10 15:25:00+00:00,88.89,88.89,88.89,88.89,163.0,6.0,88.89
CLX,2026-09-10 15:30:00+00:00,88.935,88.935,88.935,88.935,331.0,9.0,88.935
CLX,2026-09-10 15:35:00+00:00,88.92,88.92,88.92,88.92,159.0,4.0,88.92
CLX,2026-09-10 15:40:00+00:00,88.99,88.99,88.99,88.99,127.0,6.0,88.99
CLX,2026-09-10 15:45:00+00:00,89.025,89.04,89.025,89.04,260.0,6.0,89.0325
CLX,2026-09-10 16:00:00+00:00,89.12,89.2,89.12,89.2,621.0,24.0,89.15202
CLX,2026-09-10 16:10:00+00:00,89.485,89.485,89.485,89.485,125.0,6.0,89.485
CLX,2026-09-10 16:15:00+00:00,89.38,89.41,89.38,89.41,283.0,3.0,89.395
CLX,2026-09-10 16:20:00+00:00,89.395,89.45,89.395,89.45,758.0,21.0,89.431667
CLX,2026-09-10 16:30:00+00:00,89.275,89.3,89.275,89.3,601.0,11.0,89.293298
CLX,2026-09-10 16:35:00+00:00,89.32,89.42,89.32,89.42,637.0,21.0,89.387532
CLX,2026-09-10 16:45:00+00:00,89.31,89.31,89.31,89.31,143.0,9.0,89.31
CLX,2026-09-10 16:50:00+00:00,89.33,89.33,89.33,89.33,170.0,10.0,89.33
CLX,2026-09-10 16:55:00+00:00,89.395,89.395,89.395,89.395,347.0,16.0,89.395
CLX,2026-09-10 17:00:00+00:00,89.39,89.39,89.39,89.39,157.0,6.0,89.39
CLX,2026-09-10 17:05:00+00:00,89.27,89.27,89.27,89.27,111.0,2.0,89.27
CLX,2026-09-10 17:10:00+00:00,89.275,89.3,89.275,89.3,426.0,16.0,89.283333
CLX,2026-09-10 17:15:00+00:00,89.35,89.36,89.35,89.36,314.0,5.0,89.353333
CLX,2026-09-10 17:20:00+00:00,89.36,89.36,89.25,89.28,1004.0,21.0,89.32828
CLX,2026-09-10 17:25:00+00:00,89.275,89.3,89.275,89.3,616.0,21.0,89.285
CLX,2026-09-10 17:30:00+00:00,89.24,89.26,89.205,89.205,973.0,34.0,89.24
CLX,2026-09-10 17:35:00+00:00,89.16,89.175,89.16,89.175,367.0,10.0,89.1675
CLX,2026-09-10 17:40:00+00:00,89.19,89.19,89.07,89.07,499.0,15.0,89.15
CLX,2026-09-10 17:45:00+00:00,89.175,89.175,89.13,89.13,1073.0,10.0,89.135
CLX,2026-09-10 17:55:00+00:00,89.155,89.16,89.155,89.16,718.0,10.0,89.155833
CLX,2026-09-10 18:00:00+00:00,89.235,89.235,89.11,89.11,713.0,20.0,89.18375
CLX,2026-09-10 18:05:00+00:00,88.92,88.92,88.89,88.91,346.0,8.0,88.906667
CLX,2026-09-10 18:10:00+00:00,88.88,88.88,88.88,88.88,381.0,13.0,88.88
CLX,2026-09-10 18:15:00+00:00,88.79,88.82,88.765,88.765,1936.0,45.0,88.787222
CLX,2026-09-10 18:20:00+00:00,88.75,88.775,88.73,88.73,1217.0,19.0,88.74998
CLX,2026-09-10 18:25:00+00:00,88.76,88.76,88.705,88.705,491.0,24.0,88.7325
CLX,2026-09-10 18:30:00+00:00,88.71,88.77,88.71,88.77,864.0,34.0,88.745
CLX,2026-09-10 18:35:00+00:00,88.83,88.83,88.81,88.81,286.0,10.0,88.82
CLX,2026-09-10 18:40:00+00:00,88.79,88.8,88.61,88.61,969.0,23.0,88.725
CLX,2026-09-10 18:45:00+00:00,88.56,88.56,88.47,88.47,704.0,11.0,88.54
CLX,2026-09-10 18:50:00+00:00,88.57,88.73,88.525,88.73,2778.0,48.0,88.597783
CLX,2026-09-10 18:55:00+00:00,88.74,88.98,88.725,88.98,3218.0,46.0,88.887734
CLX,2026-09-10 19:00:00+00:00,88.88,88.895,88.86,88.86,6844.0,94.0,88.88353
CLX,2026-09-10 19:10:00+00:00,88.83,88.84,88.75,88.75,558.0,9.0,88.806667
CLX,2026-09-10 19:15:00+00:00,88.66,88.66,88.62,88.62,698.0,10.0,88.63
CLX,2026-09-10 19:20:00+00:00,88.58,88.685,88.58,88.685,543.0,11.0,88.60875
CLX,2026-09-10 19:25:00+00:00,88.74,88.86,88.68,88.86,4798.0,75.0,88.788931
CLX,2026-09-10 19:30:00+00:00,88.89,88.95,88.81,88.83,5324.0,62.0,88.881435
CLX,2026-09-10 19:35:00+00:00,88.805,88.855,88.77,88.78,3351.0,42.0,88.811173
CLX,2026-09-10 19:40:00+00:00,88.785,88.82,88.77,88.79,4246.0,61.0,88.785898
CLX,2026-09-10 19:45:00+00:00,88.805,88.84,88.755,88.77,2768.0,30.0,88.784167
CLX,2026-09-10 19:50:00+00:00,88.81,88.885,88.75,88.85,2819.0,49.0,88.835476
CLX,2026-09-10 19:55:00+00:00,88.87,88.87,88.6,88.77,17406.0,322.0,88.793708
CLX,2026-09-11 13:30:00+00:00,89.5,89.5,86.34,86.66,8481.0,128.0,88.198111
CLX,2026-09-11 13:35:00+00:00,86.675,87.68,86.675,86.92,5000.0,91.0,87.311026
CLX,2026-09-11 13:40:00+00:00,86.97,86.97,86.65,86.91,2480.0,54.0,86.835651
CLX,2026-09-11 13:45:00+00:00,86.775,86.935,86.64,86.88,2189.0,40.0,86.786603
CLX,2026-09-11 13:50:00+00:00,86.79,86.82,86.19,86.24,4987.0,64.0,86.387613
CLX,2026-09-11 13:55:00+00:00,86.21,86.31,85.945,85.995,11060.0,101.0,86.121596
CLX,2026-09-11 14:00:00+00:00,85.92,85.925,85.745,85.825,5806.0,95.0,85.854535
CLX,2026-09-11 14:05:00+00:00,85.91,86.25,85.81,86.035,7095.0,93.0,85.890604
CLX,2026-09-11 14:10:00+00:00,85.995,86.02,85.75,86.015,4292.0,88.0,85.894139
CLX,2026-09-11 14:15:00+00:00,86.04,86.13,85.99,86.02,6700.0,92.0,86.06066
CLX,2026-09-11 14:20:00+00:00,85.935,86.03,85.93,85.98,6350.0,92.0,85.965408
CLX,2026-09-11 14:25:00+00:00,86.04,86.07,85.95,86.04,3518.0,42.0,86.019944
CLX,2026-09-11 14:30:00+00:00,86.05,86.17,85.985,86.025,3033.0,60.0,86.109245
CLX,2026-09-11 14:35:00+00:00,86.115,86.16,86.04,86.16,2013.0,36.0,86.077774
CLX,2026-09-11 14:40:00+00:00,86.19,86.415,86.16,86.415,3855.0,57.0,86.287681
CLX,2026-09-11 14:45:00+00:00,86.435,86.57,86.31,86.555,5377.0,70.0,86.413532
CLX,2026-09-11 14:50:00+00:00,86.48,86.58,86.425,86.45,7237.0,37.0,86.49019
CLX,2026-09-11 14:55:00+00:00,86.385,86.385,85.98,85.99,3520.0,70.0,86.169603
CLX,2026-09-11 15:00:00+00:00,86.04,86.06,85.9,85.925,2294.0,40.0,85.980587
CLX,2026-09-11 15:05:00+00:00,85.84,85.98,85.83,85.935,1903.0,27.0,85.881291
CLX,2026-09-11 15:10:00+00:00,85.935,85.97,85.86,85.92,2782.0,37.0,85.905227
CLX,2026-09-11 15:15:00+00:00,85.84,85.95,85.84,85.95,715.0,12.0,85.879
CLX,2026-09-11 15:20:00+00:00,85.975,85.975,85.89,85.975,1103.0,23.0,85.938333
CLX,2026-09-11 15:25:00+00:00,85.945,86.18,85.945,86.11,2953.0,61.0,86.084778
CLX,2026-09-11 15:30:00+00:00,86.01,86.06,86.0,86.045,1784.0,45.0,86.019752
CLX,2026-09-11 15:35:00+00:00,86.05,86.05,85.96,86.0,1282.0,34.0,86.015
CLX,2026-09-11 15:40:00+00:00,86.115,86.31,86.115,86.26,2850.0,53.0,86.229186
CLX,2026-09-11 15:45:00+00:00,86.295,86.43,86.29,86.43,2620.0,40.0,86.345965
CLX,2026-09-11 15:50:00+00:00,86.32,86.34,86.27,86.32,1512.0,22.0,86.303012
CLX,2026-09-11 15:55:00+00:00,86.32,86.32,86.32,86.32,484.0,12.0,86.32
CLX,2026-09-11 16:00:00+00:00,86.17,86.34,86.17,86.34,2325.0,29.0,86.244788
CLX,2026-09-11 16:05:00+00:00,86.39,86.44,86.39,86.44,758.0,15.0,86.415944
CLX,2026-09-11 16:10:00+00:00,86.42,86.54,86.42,86.54,1774.0,42.0,86.48599
CLX,2026-09-11 16:15:00+00:00,86.57,86.78,86.56,86.78,1270.0,33.0,86.636784
CLX,2026-09-11 16:20:00+00:00,86.745,86.745,86.67,86.73,830.0,31.0,86.715
CLX,2026-09-11 16:25:00+00:00,86.64,86.8,86.64,86.8,2920.0,70.0,86.694969
CLX,2026-09-11 16:30:00+00:00,86.765,86.89,86.765,86.855,854.0,27.0,86.833
CLX,2026-09-11 16:35:00+00:00,86.92,86.94,86.805,86.85,1769.0,24.0,86.891074
CLX,2026-09-11 16:40:00+00:00,87.03,87.055,86.88,86.88,1144.0,29.0,86.959119
CLX,2026-09-11 16:45:00+00:00,86.95,87.04,86.95,87.01,1234.0,28.0,87.007078
CLX,2026-09-11 16:50:00+00:00,87.01,87.135,87.01,87.1,1736.0,25.0,87.089163
CLX,2026-09-11 16:55:00+00:00,87.12,87.325,87.12,87.14,2642.0,61.0,87.236274
CLX,2026-09-11 17:00:00+00:00,87.35,87.35,87.32,87.32,684.0,16.0,87.335
CLX,2026-09-11 17:05:00+00:00,87.39,87.525,87.39,87.525,2787.0,109.0,87.45435
CLX,2026-09-11 17:10:00+00:00,87.435,87.44,87.3,87.3,4330.0,161.0,87.325522
CLX,2026-09-11 17:15:00+00:00,87.33,87.48,87.33,87.47,1349.0,44.0,87.405944
CLX,2026-09-11 17:20:00+00:00,87.44,87.44,87.44,87.44,130.0,3.0,87.44
CLX,2026-09-11 17:25:00+00:00,87.52,87.535,87.52,87.535,531.0,8.0,87.53125
CLX,2026-09-11 17:30:00+00:00,87.69,87.705,87.585,87.585,2982.0,53.0,87.651198
CLX,2026-09-11 17:35:00+00:00,87.57,87.63,87.52,87.52,1867.0,31.0,87.578462
CLX,2026-09-11 17:40:00+00:00,87.495,87.55,87.485,87.55,4445.0,39.0,87.502113
CLX,2026-09-11 17:45:00+00:00,87.54,87.655,87.54,87.63,1237.0,26.0,87.614444
CLX,2026-09-11 17:50:00+00:00,87.68,87.735,87.68,87.735,1492.0,31.0,87.716875
CLX,2026-09-11 17:55:00+00:00,87.705,87.73,87.69,87.73,605.0,16.0,87.705
CLX,2026-09-11 18:00:00+00:00,87.78,87.78,87.76,87.78,678.0,11.0,87.775901
CLX,2026-09-11 18:05:00+00:00,87.78,87.78,87.78,87.78,178.0,5.0,87.78
CLX,2026-09-11 18:10:00+00:00,87.81,87.81,87.81,87.81,400.0,9.0,87.81
CLX,2026-09-11 18:15:00+00:00,87.81,87.89,87.765,87.89,1618.0,26.0,87.835713
CLX,2026-09-11 18:20:00+00:00,87.82,88.015,87.82,87.84,1803.0,39.0,87.917332
CLX,2026-09-11 18:25:00+00:00,87.69,87.735,87.685,87.71,3876.0,32.0,87.692653
CLX,2026-09-11 18:35:00+00:00,87.78,87.88,87.78,87.88,1287.0,29.0,87.829286
CLX,2026-09-11 18:40:00+00:00,87.89,87.91,87.67,87.695,4109.0,62.0,87.790407
CLX,2026-09-11 18:45:00+00:00,87.71,87.765,87.71,87.765,1562.0,27.0,87.72875
CLX,2026-09-11 18:50:00+00:00,87.765,87.765,87.71,87.76,5422.0,45.0,87.718124
CLX,2026-09-11 18:55:00+00:00,87.8,87.805,87.73,87.79,4856.0,50.0,87.744983
CLX,2026-09-11 19:00:00+00:00,87.815,87.83,87.7,87.7,2884.0,39.0,87.750818
CLX,2026-09-11 19:05:00+00:00,87.73,87.76,87.7,87.72,6336.0,58.0,87.727831
CLX,2026-09-11 19:10:00+00:00,87.7,87.72,87.545,87.545,4748.0,53.0,87.638846
CLX,2026-09-11 19:15:00+00:00,87.555,87.81,87.535,87.81,5058.0,86.0,87.602887
CLX,2026-09-11 19:20:00+00:00,87.8,87.82,87.715,87.715,1475.0,26.0,87.772223
CLX,2026-09-11 19:25:00+00:00,87.79,87.83,87.775,87.81,2163.0,56.0,87.803255
CLX,2026-09-11 19:30:00+00:00,87.81,87.85,87.725,87.815,3549.0,79.0,87.78709
CLX,2026-09-11 19:35:00+00:00,87.815,87.875,87.77,87.855,3945.0,66.0,87.823086
CLX,2026-09-11 19:40:00+00:00,87.86,87.95,87.86,87.91,4896.0,64.0,87.887237
CLX,2026-09-11 19:45:00+00:00,87.86,87.86,87.315,87.315,8139.0,127.0,87.710949
CLX,2026-09-11 19:50:00+00:00,87.32,87.41,87.305,87.385,5381.0,95.0,87.38251
CLX,2026-09-11 19:55:00+00:00,87.52,87.875,87.49,87.795,29548.0,431.0,87.776231
CLX,2026-09-14 13:30:00+00:00,89.265,89.745,89.09,89.745,1948.0,21.0,89.366027
CLX,2026-09-14 13:35:00+00:00,89.61,89.84,89.485,89.8,1875.0,27.0,89.715667
CLX,2026-09-14 13:40:00+00:00,89.8,89.8,89.185,89.21,690.0,10.0,89.442
CLX,2026-09-14 13:45:00+00:00,88.895,89.16,88.895,89.145,922.0,11.0,89.068333
CLX,2026-09-14 13:50:00+00:00,89.265,89.31,89.07,89.07,741.0,21.0,89.205
CLX,2026-09-14 13:55:00+00:00,88.855,88.91,88.64,88.71,2893.0,40.0,88.76771
CLX,2026-09-14 14:00:00+00:00,88.745,88.94,88.745,88.94,784.0,14.0,88.875834
CLX,2026-09-14 14:05:00+00:00,88.8,88.86,88.655,88.78,2060.0,30.0,88.790629
CLX,2026-09-14 14:10:00+00:00,88.73,88.75,88.73,88.75,516.0,7.0,88.735
CLX,2026-09-14 14:15:00+00:00,88.585,88.84,88.585,88.84,976.0,9.0,88.703333
CLX,2026-09-14 14:20:00+00:00,88.84,88.95,88.84,88.915,1006.0,18.0,88.9175
CLX,2026-09-14 14:25:00+00:00,88.86,88.86,88.76,88.76,793.0,14.0,88.782
CLX,2026-09-14 14:30:00+00:00,88.74,88.74,88.74,88.74,1074.0,20.0,88.74
CLX,2026-09-14 14:35:00+00:00,88.86,89.06,88.86,89.06,978.0,18.0,88.965
CLX,2026-09-14 14:40:00+00:00,89.04,89.14,88.87,88.885,2525.0,42.0,89.015264
CLX,2026-09-14 14:45:00+00:00,88.81,88.895,88.805,88.84,1820.0,39.0,88.828
CLX,2026-09-14 14:50:00+00:00,88.76,88.76,88.59,88.59,521.0,8.0,88.656
CLX,2026-09-14 14:55:00+00:00,88.755,88.805,88.72,88.795,979.0,16.0,88.77
CLX,2026-09-14 15:00:00+00:00,88.815,88.885,88.725,88.885,1854.0,30.0,88.788641
CLX,2026-09-14 15:05:00+00:00,89.02,89.51,89.02,89.48,3369.0,45.0,89.250476
CLX,2026-09-14 15:10:00+00:00,89.47,89.47,89.215,89.22,1138.0,22.0,89.358889
CLX,2026-09-14 15:15:00+00:00,88.87,88.87,88.78,88.78,548.0,14.0,88.825
CLX,2026-09-14 15:20:00+00:00,88.79,88.79,88.79,88.79,500.0,10.0,88.79
CLX,2026-09-14 15:25:00+00:00,88.82,88.865,88.82,88.865,583.0,17.0,88.849
CLX,2026-09-14 15:30:00+00:00,88.86,89.0,88.85,89.0,689.0,11.0,88.91625
CLX,2026-09-14 15:35:00+00:00,89.07,89.07,88.985,88.985,1198.0,20.0,89.005625
CLX,2026-09-14 15:40:00+00:00,88.85,89.13,88.85,89.13,610.0,8.0,88.951
CLX,2026-09-14 15:45:00+00:00,89.18,89.195,89.12,89.12,836.0,15.0,89.1725
CLX,2026-09-14 15:50:00+00:00,88.945,88.96,88.945,88.96,519.0,9.0,88.955
CLX,2026-09-14 15:55:00+00:00,88.99,89.19,88.99,89.16,1032.0,24.0,89.104286
CLX,2026-09-14 16:00:00+00:00,89.18,89.2,89.13,89.13,959.0,21.0,89.171
CLX,2026-09-14 16:05:00+00:00,89.39,89.39,89.39,89.39,206.0,8.0,89.39
CLX,2026-09-14 16:10:00+00:00,89.455,89.46,89.455,89.46,639.0,18.0,89.45875
CLX,2026-09-14 16:15:00+00:00,89.38,89.41,89.365,89.41,563.0,10.0,89.387
CLX,2026-09-14 16:20:00+00:00,89.48,89.55,89.46,89.55,811.0,21.0,89.498
CLX,2026-09-14 16:25:00+00:00,89.535,89.58,89.515,89.58,632.0,21.0,89.543333
CLX,2026-09-14 16:30:00+00:00,89.56,89.56,89.55,89.55,658.0,15.0,89.555
CLX,2026-09-14 16:35:00+00:00,89.635,89.635,89.6,89.6,604.0,17.0,89.60875
CLX,2026-09-14 16:40:00+00:00,89.595,89.655,89.535,89.655,1327.0,32.0,89.597504
CLX,2026-09-14 16:45:00+00:00,89.655,89.875,89.655,89.875,1353.0,37.0,89.779286
CLX,2026-09-14 16:50:00+00:00,89.89,89.89,89.89,89.89,127.0,3.0,89.89
CLX,2026-09-14 17:00:00+00:00,89.765,89.765,89.69,89.725,967.0,15.0,89.725625
CLX,2026-09-14 17:05:00+00:00,89.7,89.7,89.7,89.7,312.0,4.0,89.7
CLX,2026-09-14 17:10:00+00:00,89.65,89.65,89.61,89.63,840.0,10.0,89.63125
CLX,2026-09-14 17:15:00+00:00,89.68,89.68,89.605,89.605,289.0,7.0,89.6425
CLX,2026-09-14 17:20:00+00:00,89.545,89.715,89.53,89.715,1174.0,20.0,89.567717
CLX,2026-09-14 17:25:00+00:00,89.67,89.83,89.67,89.81,1634.0,32.0,89.793125
CLX,2026-09-14 17:30:00+00:00,89.76,89.84,89.65,89.7,3129.0,54.0,89.733958
CLX,2026-09-14 17:35:00+00:00,89.73,89.73,89.71,89.71,317.0,6.0,89.72
CLX,2026-09-14 17:40:00+00:00,89.62,89.735,89.62,89.735,614.0,11.0,89.676
CLX,2026-09-14 17:45:00+00:00,89.69,89.82,89.69,89.82,461.0,12.0,89.77125
CLX,2026-09-14 17:50:00+00:00,89.775,89.81,89.765,89.79,1054.0,20.0,89.795
CLX,2026-09-14 17:55:00+00:00,89.67,89.685,89.635,89.635,1221.0,24.0,89.670625
CLX,2026-09-14 18:00:00+00:00,89.675,89.675,89.35,89.35,871.0,10.0,89.519779
CLX,2026-09-14 18:05:00+00:00,89.285,89.3,89.28,89.28,692.0,10.0,89.284167
CLX,2026-09-14 18:10:00+00:00,89.29,89.29,89.25,89.25,944.0,18.0,89.269375
CLX,2026-09-14 18:15:00+00:00,89.395,89.395,89.37,89.37,330.0,4.0,89.3825
CLX,2026-09-14 18:20:00+00:00,89.33,89.39,89.3,89.3,700.0,18.0,89.3375
CLX,2026-09-14 18:25:00+00:00,89.3,89.3,89.26,89.26,309.0,5.0,89.286667
CLX,2026-09-14 18:30:00+00:00,89.29,89.345,89.29,89.345,1257.0,22.0,89.31
CLX,2026-09-14 18:35:00+00:00,89.345,89.345,89.28,89.28,604.0,10.0,89.325
CLX,2026-09-14 18:40:00+00:00,89.295,89.295,89.25,89.255,671.0,16.0,89.2675
CLX,2026-09-14 18:45:00+00:00,89.42,89.42,89.42,89.42,322.0,6.0,89.42
CLX,2026-09-14 18:50:00+00:00,89.535,89.54,89.52,89.53,1148.0,16.0,89.532117
CLX,2026-09-14 18:55:00+00:00,89.62,89.645,89.62,89.645,365.0,6.0,89.631667
CLX,2026-09-14 19:00:00+00:00,89.68,89.71,89.68,89.71,321.0,9.0,89.695
CLX,2026-09-14 19:05:00+00:00,89.69,89.705,89.645,89.645,942.0,19.0,89.684167
CLX,2026-09-14 19:10:00+00:00,89.73,89.785,89.73,89.785,585.0,12.0,89.7575
CLX,2026-09-14 19:15:00+00:00,89.66,89.66,89.64,89.64,420.0,8.0,89.65
CLX,2026-09-14 19:20:00+00:00,89.61,89.64,89.51,89.55,1220.0,16.0,89.591818
CLX,2026-09-14 19:25:00+00:00,89.54,89.575,89.5,89.5,1154.0,30.0,89.533
CLX,2026-09-14 19:30:00+00:00,89.55,89.575,89.455,89.455,1065.0,31.0,89.530833
CLX,2026-09-14 19:35:00+00:00,89.38,89.45,89.26,89.26,2388.0,47.0,89.372353
CLX,2026-09-14 19:40:00+00:00,89.26,89.385,89.26,89.37,1933.0,50.0,89.332679
CLX,2026-09-14 19:45:00+00:00,89.37,89.425,89.34,89.34,1540.0,30.0,89.39
CLX,2026-09-14 19:50:00+00:00,89.325,89.44,89.275,89.335,3933.0,106.0,89.329301
CLX,2026-09-14 19:55:00+00:00,89.4,89.495,89.3,89.31,18904.0,405.0,89.374736
CLX,2026-09-15 13:30:00+00:00,88.4,88.62,88.3,88.3,586.0,9.0,88.424
CLX,2026-09-15 13:35:00+00:00,88.19,88.19,88.06,88.12,7147.0,45.0,88.137706
CLX,2026-09-15 13:40:00+00:00,88.4,88.54,88.3,88.53,2307.0,36.0,88.382117
CLX,2026-09-15 13:45:00+00:00,88.44,88.44,88.14,88.14,916.0,17.0,88.281429
CLX,2026-09-15 13:50:00+00:00,88.17,88.33,88.16,88.23,1402.0,24.0,88.2225
CLX,2026-09-15 13:55:00+00:00,87.92,87.92,87.67,87.74,1444.0,29.0,87.768333
CLX,2026-09-15 14:00:00+00:00,87.78,87.78,87.46,87.46,1503.0,24.0,87.604545
CLX,2026-09-15 14:05:00+00:00,87.54,87.77,87.48,87.77,2156.0,24.0,87.662066
CLX,2026-09-15 14:10:00+00:00,87.8,87.835,87.77,87.77,770.0,11.0,87.803333
CLX,2026-09-15 14:15:00+00:00,87.73,87.86,87.73,87.86,1518.0,22.0,87.781269
CLX,2026-09-15 14:20:00+00:00,87.86,87.94,87.86,87.94,1719.0,35.0,87.89875
CLX,2026-09-15 14:25:00+00:00,87.81,87.81,87.65,87.71,749.0,21.0,87.705357
CLX,2026-09-15 14:30:00+00:00,87.67,87.96,87.63,87.96,3148.0,49.0,87.740962
CLX,2026-09-15 14:35:00+00:00,87.97,88.39,87.96,88.39,1312.0,35.0,88.07
CLX,2026-09-15 14:40:00+00:00,88.395,88.51,88.395,88.495,924.0,22.0,88.455
CLX,2026-09-15 14:45:00+00:00,88.38,88.47,88.38,88.44,519.0,8.0,88.42
CLX,2026-09-15 14:50:00+00:00,88.55,88.55,88.49,88.49,665.0,19.0,88.505
CLX,2026-09-15 14:55:00+00:00,88.42,88.42,88.105,88.105,1361.0,20.0,88.302825
CLX,2026-09-15 15:00:00+00:00,88.115,88.115,88.065,88.065,358.0,9.0,88.09
CLX,2026-09-15 15:05:00+00:00,88.165,88.21,88.125,88.17,1176.0,23.0,88.171143
CLX,2026-09-15 15:10:00+00:00,88.24,88.28,88.195,88.21,1256.0,28.0,88.242723
CLX,2026-09-15 15:15:00+00:00,88.17,88.39,88.17,88.285,1711.0,34.0,88.2925
CLX,2026-09-15 15:20:00+00:00,88.27,88.3,88.27,88.295,1041.0,24.0,88.285714
CLX,2026-09-15 15:25:00+00:00,88.25,88.25,88.135,88.135,322.0,14.0,88.1925
CLX,2026-09-15 15:30:00+00:00,88.145,88.335,88.145,88.335,1730.0,22.0,88.192486
CLX,2026-09-15 15:35:00+00:00,88.24,88.395,88.24,88.38,1604.0,30.0,88.332857
CLX,2026-09-15 15:40:00+00:00,88.37,88.37,88.235,88.28,759.0,11.0,88.324286
CLX,2026-09-15 15:45:00+00:00,88.29,88.29,88.22,88.22,955.0,20.0,88.256667
CLX,2026-09-15 15:50:00+00:00,88.3,88.37,88.3,88.37,979.0,21.0,88.336667
CLX,2026-09-15 15:55:00+00:00,88.305,88.31,88.28,88.29,604.0,8.0,88.297
CLX,2026-09-15 16:00:00+00:00,88.32,88.43,88.32,88.33,1866.0,41.0,88.388462
CLX,2026-09-15 16:05:00+00:00,88.32,88.32,88.295,88.295,457.0,7.0,88.305
CLX,2026-09-15 16:10:00+00:00,88.26,88.305,88.235,88.3,797.0,17.0,88.273096
CLX,2026-09-15 16:15:00+00:00,88.275,88.28,88.27,88.275,2818.0,29.0,88.276918
CLX,2026-09-15 16:20:00+00:00,88.265,88.275,88.13,88.135,12047.0,112.0,88.178904
CLX,2026-09-15 16:25:00+00:00,88.14,88.31,88.135,88.22,5530.0,58.0,88.152647
CLX,2026-09-15 16:30:00+00:00,88.245,88.245,88.2,88.2,346.0,11.0,88.2225
CLX,2026-09-15 16:35:00+00:00,88.12,88.12,88.06,88.06,735.0,17.0,88.09
CLX,2026-09-15 16:40:00+00:00,88.03,88.03,87.98,88.015,1164.0,13.0,88.000923
CLX,2026-09-15 16:45:00+00:00,88.01,88.01,87.835,87.835,503.0,8.0,87.937
CLX,2026-09-15 16:50:00+00:00,87.77,87.78,87.69,87.715,2770.0,31.0,87.728261
CLX,2026-09-15 16:55:00+00:00,87.745,87.88,87.66,87.75,2919.0,31.0,87.708853
CLX,2026-09-15 17:00:00+00:00,87.89,87.89,87.725,87.725,591.0,9.0,87.775
CLX,2026-09-15 17:05:00+00:00,87.655,87.81,87.57,87.81,924.0,21.0,87.650833
CLX,2026-09-15 17:10:00+00:00,87.76,87.86,87.705,87.705,1240.0,19.0,87.789545
CLX,2026-09-15 17:15:00+00:00,87.665,87.73,87.6,87.6,723.0,9.0,87.682143
CLX,2026-09-15 17:20:00+00:00,87.66,87.66,87.51,87.58,2018.0,36.0,87.563438
CLX,2026-09-15 17:25:00+00:00,87.53,87.55,87.5,87.55,1211.0,15.0,87.534444
CLX,2026-09-15 17:30:00+00:00,87.56,87.67,87.56,87.6,1428.0,21.0,87.620862
CLX,2026-09-15 17:35:00+00:00,87.62,87.63,87.54,87.6,1514.0,25.0,87.573462
CLX,2026-09-15 17:40:00+00:00,87.62,87.62,87.62,87.62,200.0,3.0,87.62
CLX,2026-09-15 17:45:00+00:00,87.59,87.59,87.53,87.57,1166.0,27.0,87.563571
CLX,2026-09-15 17:50:00+00:00,87.61,87.64,87.6,87.625,2621.0,17.0,87.612708
CLX,2026-09-15 17:55:00+00:00,87.57,87.61,87.57,87.6,869.0,10.0,87.5925
CLX,2026-09-15 18:00:00+00:00,87.59,87.62,87.57,87.62,1023.0,13.0,87.59375
CLX,2026-09-15 18:05:00+00:00,87.61,87.775,87.61,87.775,213.0,7.0,87.6925
CLX,2026-09-15 18:10:00+00:00,87.72,87.72,87.72,87.72,200.0,5.0,87.72
CLX,2026-09-15 18:15:00+00:00,87.66,87.68,87.6,87.63,967.0,12.0,87.623611
CLX,2026-09-15 18:20:00+00:00,87.575,87.575,87.575,87.575,100.0,1.0,87.575
CLX,2026-09-15 18:25:00+00:00,87.595,87.595,87.595,87.595,100.0,1.0,87.595
CLX,2026-09-15 18:30:00+00:00,87.7,87.7,87.58,87.58,230.0,4.0,87.64
CLX,2026-09-15 18:35:00+00:00,87.56,87.57,87.5,87.52,672.0,10.0,87.547759
CLX,2026-09-15 18:40:00+00:00,87.58,87.58,87.58,87.58,184.0,6.0,87.58
CLX,2026-09-15 18:45:00+00:00,87.625,87.625,87.62,87.62,250.0,3.0,87.6225
CLX,2026-09-15 18:50:00+00:00,87.62,87.7,87.62,87.7,789.0,12.0,87.6575
CLX,2026-09-15 18:55:00+00:00,87.675,87.715,87.675,87.68,1217.0,24.0,87.6885
CLX,2026-09-15 19:00:00+00:00,87.67,87.725,87.635,87.725,2264.0,31.0,87.681064
CLX,2026-09-15 19:05:00+00:00,87.735,87.745,87.715,87.715,933.0,15.0,87.73125
CLX,2026-09-15 19:10:00+00:00,87.635,87.66,87.56,87.575,3348.0,44.0,87.609828
CLX,2026-09-15 19:15:00+00:00,87.555,87.59,87.53,87.555,2382.0,37.0,87.569198
CLX,2026-09-15 19:20:00+00:00,87.505,87.51,87.36,87.36,4416.0,37.0,87.438061
CLX,2026-09-15 19:25:00+00:00,87.335,87.45,87.335,87.43,3020.0,23.0,87.408036
CLX,2026-09-15 19:30:00+00:00,87.41,87.41,87.28,87.28,1230.0,12.0,87.321818
CLX,2026-09-15 19:35:00+00:00,87.3,87.36,87.3,87.36,1448.0,16.0,87.32474
CLX,2026-09-15 19:40:00+00:00,87.38,87.38,87.3,87.325,3292.0,38.0,87.350033
CLX,2026-09-15 19:45:00+00:00,87.315,87.335,87.19,87.29,5599.0,72.0,87.25358
CLX,2026-09-15 19:50:00+00:00,87.34,87.35,87.22,87.33,5427.0,108.0,87.315039
CLX,2026-09-15 19:55:00+00:00,87.23,87.23,87.08,87.13,17274.0,337.0,87.141141
CLX,2026-09-16 13:30:00+00:00,87.23,87.245,86.58,86.665,2121.0,40.0,86.92
CLX,2026-09-16 13:35:00+00:00,86.69,86.71,86.5,86.51,2190.0,30.0,86.582895
CLX,2026-09-16 13:40:00+00:00,86.3,86.3,86.205,86.27,793.0,19.0,86.264986
CLX,2026-09-16 13:45:00+00:00,86.68,86.68,86.455,86.505,884.0,13.0,86.525
CLX,2026-09-16 13:50:00+00:00,86.47,86.47,86.47,86.47,150.0,2.0,86.47
CLX,2026-09-16 13:55:00+00:00,86.36,86.505,86.33,86.33,801.0,16.0,86.4225
CLX,2026-09-16 14:00:00+00:00,86.38,86.38,86.38,86.38,257.0,7.0,86.38
CLX,2026-09-16 14:05:00+00:00,86.31,86.495,86.31,86.495,1512.0,38.0,86.432143
CLX,2026-09-16 14:10:00+00:00,86.37,86.37,86.2,86.25,1333.0,17.0,86.267528
CLX,2026-09-16 14:15:00+00:00,86.265,86.265,86.165,86.165,423.0,11.0,86.23
CLX,2026-09-16 14:20:00+00:00,86.1,86.25,86.1,86.2,1290.0,26.0,86.20654
CLX,2026-09-16 14:25:00+00:00,86.18,86.25,86.18,86.25,1409.0,13.0,86.237596
CLX,2026-09-16 14:30:00+00:00,86.215,86.415,86.215,86.415,2841.0,56.0,86.270937
CLX,2026-09-16 14:35:00+00:00,86.35,86.425,86.335,86.41,2194.0,27.0,86.375403
CLX,2026-09-16 14:40:00+00:00,86.41,86.415,86.39,86.415,754.0,13.0,86.406836
CLX,2026-09-16 14:45:00+00:00,86.54,86.54,86.43,86.455,1639.0,31.0,86.463889
CLX,2026-09-16 14:50:00+00:00,86.465,86.57,86.465,86.505,2667.0,45.0,86.525294
CLX,2026-09-16 14:55:00+00:00,86.39,86.39,86.32,86.32,446.0,10.0,86.355
CLX,2026-09-16 15:00:00+00:00,86.34,86.34,86.32,86.32,218.0,4.0,86.33
CLX,2026-09-16 15:05:00+00:00,86.32,86.33,86.185,86.185,1194.0,17.0,86.30375
CLX,2026-09-16 15:10:00+00:00,86.2,86.285,86.16,86.285,1820.0,27.0,86.205784
CLX,2026-09-16 15:15:00+00:00,86.19,86.31,86.19,86.29,1041.0,14.0,86.248333
CLX,2026-09-16 15:20:00+00:00,86.33,86.44,86.33,86.42,532.0,5.0,86.381692
CLX,2026-09-16 15:25:00+00:00,86.445,86.445,86.37,86.445,1083.0,21.0,86.42125
CLX,2026-09-16 15:30:00+00:00,86.46,86.635,86.46,86.625,1088.0,23.0,86.573333
CLX,2026-09-16 15:35:00+00:00,86.62,86.69,86.61,86.69,511.0,9.0,86.6399
CLX,2026-09-16 15:40:00+00:00,86.705,86.775,86.68,86.775,835.0,8.0,86.725621
CLX,2026-09-16 15:45:00+00:00,86.78,86.97,86.78,86.965,403.0,5.0,86.9175
CLX,2026-09-16 15:50:00+00:00,86.845,86.905,86.845,86.905,965.0,16.0,86.874835
CLX,2026-09-16 15:55:00+00:00,86.765,86.88,86.765,86.865,680.0,9.0,86.835
CLX,2026-09-16 16:00:00+00:00,86.925,86.965,86.835,86.91,2441.0,34.0,86.8975
CLX,2026-09-16 16:05:00+00:00,86.85,86.85,86.82,86.82,2870.0,37.0,86.844358
CLX,2026-09-16 16:10:00+00:00,86.945,86.945,86.8,86.8,1335.0,23.0,86.824167
CLX,2026-09-16 16:15:00+00:00,86.56,86.6,86.56,86.6,202.0,3.0,86.58
CLX,2026-09-16 16:20:00+00:00,86.465,86.465,86.42,86.42,200.0,2.0,86.4425
CLX,2026-09-16 16:25:00+00:00,86.44,86.44,86.39,86.4,348.0,5.0,86.41
CLX,2026-09-16 16:35:00+00:00,86.45,86.45,86.45,86.45,173.0,3.0,86.45
CLX,2026-09-16 16:40:00+00:00,86.395,86.395,86.38,86.38,200.0,2.0,86.3875
CLX,2026-09-16 16:45:00+00:00,86.41,86.41,86.385,86.385,489.0,7.0,86.399865
CLX,2026-09-16 16:50:00+00:00,86.4,86.4,86.4,86.4,130.0,4.0,86.4
CLX,2026-09-16 17:00:00+00:00,86.52,86.52,86.39,86.39,612.0,9.0,86.422
CLX,2026-09-16 17:05:00+00:00,86.36,86.38,86.35,86.38,957.0,13.0,86.371875
CLX,2026-09-16 17:10:00+00:00,86.35,86.375,86.345,86.345,600.0,11.0,86.36125
CLX,2026-09-16 17:20:00+00:00,86.305,86.32,86.305,86.32,282.0,5.0,86.312537
CLX,2026-09-16 17:25:00+00:00,86.29,86.29,86.22,86.28,1348.0,18.0,86.274275
CLX,2026-09-16 17:30:00+00:00,86.28,86.335,86.28,86.335,1122.0,16.0,86.303712
CLX,2026-09-16 17:35:00+00:00,86.32,86.32,86.29,86.29,724.0,9.0,86.301667
CLX,2026-09-16 17:40:00+00:00,86.14,86.22,86.14,86.2,1249.0,20.0,86.187778
CLX,2026-09-16 17:50:00+00:00,86.18,86.18,86.12,86.145,708.0,10.0,86.159197
CLX,2026-09-16 17:55:00+00:00,86.12,86.145,86.12,86.14,755.0,15.0,86.135
CLX,2026-09-16 18:00:00+00:00,86.085,86.12,85.84,85.885,3198.0,53.0,85.99
CLX,2026-09-16 18:05:00+00:00,85.93,85.96,85.93,85.96,1157.0,17.0,85.941532
CLX,2026-09-16 18:10:00+00:00,86.06,86.06,86.035,86.035,408.0,9.0,86.0475
CLX,2026-09-16 18:15:00+00:00,85.945,85.985,85.89,85.955,1187.0,23.0,85.935625
CLX,2026-09-16 18:20:00+00:00,85.94,85.96,85.925,85.96,1121.0,15.0,85.943125
CLX,2026-09-16 18:25:00+00:00,85.94,85.97,85.94,85.96,763.0,14.0,85.957952
CLX,2026-09-16 18:30:00+00:00,85.95,85.95,85.72,85.72,1180.0,27.0,85.831667
CLX,2026-09-16 18:35:00+00:00,85.655,85.68,85.63,85.68,1841.0,31.0,85.658334
CLX,2026-09-16 18:40:00+00:00,85.655,85.71,85.65,85.65,1703.0,30.0,85.691111
CLX,2026-09-16 18:45:00+00:00,85.54,85.57,85.535,85.55,1062.0,19.0,85.554375
CLX,2026-09-16 18:50:00+00:00,85.54,85.54,85.35,85.35,921.0,24.0,85.473
CLX,2026-09-16 18:55:00+00:00,85.28,85.375,85.27,85.36,4853.0,44.0,85.303368
CLX,2026-09-16 19:00:00+00:00,85.29,85.68,85.21,85.68,3135.0,64.0,85.427143
CLX,2026-09-16 19:05:00+00:00,85.83,85.85,85.72,85.73,556.0,8.0,85.7825
CLX,2026-09-16 19:10:00+00:00,85.56,85.59,85.495,85.59,1495.0,28.0,85.545
CLX,2026-09-16 19:15:00+00:00,85.45,85.45,85.03,85.04,2710.0,52.0,85.204643
CLX,2026-09-16 19:20:00+00:00,85.12,85.16,84.845,84.85,2360.0,61.0,84.967143
CLX,2026-09-16 19:25:00+00:00,84.85,85.02,84.8,84.98,2018.0,39.0,84.881538
CLX,2026-09-16 19:30:00+00:00,85.02,85.02,84.93,84.93,1098.0,27.0,84.99
CLX,2026-09-16 19:35:00+00:00,84.915,85.025,84.91,85.025,1882.0,44.0,84.967778
CLX,2026-09-16 19:40:00+00:00,84.97,85.03,84.97,85.03,1017.0,28.0,84.993972
CLX,2026-09-16 19:45:00+00:00,84.98,85.09,84.955,84.98,2558.0,41.0,85.028409
CLX,2026-09-16 19:50:00+00:00,85.04,85.18,85.04,85.12,1758.0,36.0,85.139684
CLX,2026-09-16 19:55:00+00:00,85.105,85.145,84.91,84.92,25285.0,424.0,84.994513
CLX,2026-09-17 13:30:00+00:00,85.865,85.865,85.695,85.695,559.0,11.0,85.78
CLX,2026-09-17 13:35:00+00:00,85.03,85.03,85.03,85.03,420.0,12.0,85.03
CLX,2026-09-17 13:40:00+00:00,84.895,84.94,84.74,84.74,855.0,12.0,84.866429
CLX,2026-09-17 13:45:00+00:00,84.98,85.005,84.875,85.005,486.0,6.0,84.955831
CLX,2026-09-17 13:50:00+00:00,84.89,84.89,84.89,84.89,119.0,5.0,84.89
CLX,2026-09-17 13:55:00+00:00,84.88,84.97,84.88,84.97,401.0,10.0,84.913333
CLX,2026-09-17 14:00:00+00:00,84.8,84.81,84.8,84.81,585.0,9.0,84.806667
CLX,2026-09-17 14:05:00+00:00,84.81,84.81,84.81,84.81,391.0,9.0,84.81
CLX,2026-09-17 14:15:00+00:00,84.8,84.92,84.8,84.92,992.0,13.0,84.876429
CLX,2026-09-17 14:20:00+00:00,84.915,85.0,84.87,84.87,1204.0,7.0,84.957359
CLX,2026-09-17 14:25:00+00:00,84.73,84.73,84.49,84.49,1080.0,21.0,84.64696
CLX,2026-09-17 14:30:00+00:00,84.445,84.51,83.945,83.945,2715.0,48.0,84.22
CLX,2026-09-17 14:35:00+00:00,84.07,84.07,83.83,83.83,1097.0,16.0,83.89875
CLX,2026-09-17 14:40:00+00:00,83.855,83.95,83.845,83.95,1261.0,17.0,83.896512
CLX,2026-09-17 14:45:00+00:00,83.93,84.065,83.925,84.065,1039.0,25.0,83.955
CLX,2026-09-17 14:50:00+00:00,84.12,84.12,83.98,83.98,233.0,4.0,84.05
CLX,2026-09-17 14:55:00+00:00,83.85,83.88,83.85,83.88,514.0,8.0,83.86
CLX,2026-09-17 15:00:00+00:00,83.885,83.885,83.84,83.845,1735.0,25.0,83.864532
CLX,2026-09-17 15:05:00+00:00,83.855,83.89,83.79,83.8,1404.0,24.0,83.831667
CLX,2026-09-17 15:10:00+00:00,83.815,83.95,83.805,83.805,825.0,16.0,83.873333
CLX,2026-09-17 15:15:00+00:00,83.87,83.88,83.825,83.88,525.0,15.0,83.858333
CLX,2026-09-17 15:20:00+00:00,83.9,83.93,83.885,83.93,869.0,18.0,83.9025
CLX,2026-09-17 15:25:00+00:00,83.955,84.05,83.955,84.05,1566.0,20.0,83.972308
CLX,2026-09-17 15:30:00+00:00,83.99,84.14,83.99,84.14,929.0,17.0,84.040886
CLX,2026-09-17 15:35:00+00:00,84.115,84.12,84.07,84.085,1326.0,19.0,84.096818
CLX,2026-09-17 15:40:00+00:00,84.105,84.14,84.075,84.14,979.0,23.0,84.104286
CLX,2026-09-17 15:45:00+00:00,84.09,84.13,84.06,84.06,1112.0,27.0,84.085
CLX,2026-09-17 15:50:00+00:00,84.1,84.11,84.09,84.11,1631.0,12.0,84.096429
CLX,2026-09-17 15:55:00+00:00,84.13,84.145,84.09,84.145,1582.0,20.0,84.1075
CLX,2026-09-17 16:00:00+00:00,84.19,84.19,84.12,84.12,883.0,27.0,84.1625
CLX,2026-09-17 16:05:00+00:00,84.08,84.1,84.07,84.1,1365.0,33.0,84.0905
CLX,2026-09-17 16:10:00+00:00,84.085,84.12,83.97,83.97,2374.0,32.0,84.050682
CLX,2026-09-17 16:15:00+00:00,83.99,84.095,83.99,84.09,2663.0,28.0,84.086667
CLX,2026-09-17 16:20:00+00:00,84.15,84.305,84.12,84.305,2176.0,31.0,84.198333
CLX,2026-09-17 16:25:00+00:00,84.26,84.42,84.255,84.42,1513.0,24.0,84.3495
CLX,2026-09-17 16:30:00+00:00,84.41,84.41,84.29,84.29,200.0,2.0,84.35
CLX,2026-09-17 16:35:00+00:00,84.345,84.365,84.345,84.365,798.0,16.0,84.355476
CLX,2026-09-17 16:40:00+00:00,84.33,84.41,84.33,84.41,384.0,6.0,84.376667
CLX,2026-09-17 16:45:00+00:00,84.44,84.48,84.43,84.48,817.0,17.0,84.4475
CLX,2026-09-17 16:50:00+00:00,84.38,84.4,84.36,84.4,831.0,22.0,84.373333
CLX,2026-09-17 16:55:00+00:00,84.41,84.41,84.355,84.355,502.0,8.0,84.38125
CLX,2026-09-17 17:00:00+00:00,84.41,84.42,84.41,84.42,301.0,5.0,84.415
CLX,2026-09-17 17:05:00+00:00,84.43,84.43,84.42,84.43,492.0,10.0,84.426667
CLX,2026-09-17 17:10:00+00:00,84.44,84.46,84.44,84.46,3718.0,40.0,84.445104
CLX,2026-09-17 17:15:00+00:00,84.41,84.45,84.4,84.425,1143.0,19.0,84.428333
CLX,2026-09-17 17:20:00+00:00,84.35,84.35,84.35,84.35,400.0,2.0,84.35
CLX,2026-09-17 17:25:00+00:00,84.355,84.535,84.345,84.535,1160.0,18.0,84.400909
CLX,2026-09-17 17:30:00+00:00,84.55,84.61,84.55,84.56,811.0,14.0,84.569167
CLX,2026-09-17 17:35:00+00:00,84.59,84.59,84.52,84.535,1614.0,23.0,84.559441
CLX,2026-09-17 17:40:00+00:00,84.56,84.58,84.53,84.53,710.0,13.0,84.557531
CLX,2026-09-17 17:45:00+00:00,84.525,84.725,84.525,84.67,1010.0,15.0,84.668889
CLX,2026-09-17 17:50:00+00:00,84.715,84.73,84.705,84.73,581.0,12.0,84.716
CLX,2026-09-17 17:55:00+00:00,84.76,84.9,84.76,84.87,1631.0,21.0,84.843462
CLX,2026-09-17 18:00:00+00:00,84.88,84.915,84.84,84.84,1189.0,17.0,84.888182
CLX,2026-09-17 18:05:00+00:00,84.925,84.94,84.77,84.77,1830.0,31.0,84.86125
CLX,2026-09-17 18:10:00+00:00,84.825,84.83,84.77,84.77,1211.0,17.0,84.803
CLX,2026-09-17 18:15:00+00:00,84.925,84.97,84.84,84.84,1533.0,24.0,84.915417
CLX,2026-09-17 18:20:00+00:00,84.845,84.86,84.835,84.85,1075.0,14.0,84.848571
CLX,2026-09-17 18:25:00+00:00,84.815,84.95,84.815,84.91,2232.0,43.0,84.88
CLX,2026-09-17 18:30:00+00:00,84.87,84.945,84.78,84.78,1879.0,27.0,84.880938
CLX,2026-09-17 18:35:00+00:00,84.81,84.84,84.77,84.77,1982.0,33.0,84.811667
CLX,2026-09-17 18:40:00+00:00,84.815,84.875,84.805,84.85,1692.0,23.0,84.83875
CLX,2026-09-17 18:45:00+00:00,84.87,85.06,84.87,85.06,2809.0,25.0,84.989058
CLX,2026-09-17 18:50:00+00:00,85.09,85.105,85.07,85.09,1188.0,18.0,85.085455
CLX,2026-09-17 18:55:00+00:00,85.1,85.15,85.09,85.145,3086.0,39.0,85.121681
CLX,2026-09-17 19:00:00+00:00,85.185,85.23,85.13,85.13,1472.0,23.0,85.15375
CLX,2026-09-17 19:05:00+00:00,85.18,85.185,85.06,85.06,3202.0,58.0,85.135238
CLX,2026-09-17 19:10:00+00:00,85.04,85.185,85.04,85.115,1459.0,32.0,85.106
CLX,2026-09-17 19:15:00+00:00,85.04,85.215,85.0,85.215,4433.0,35.0,85.127927
CLX,2026-09-17 19:20:00+00:00,85.215,85.23,85.135,85.185,6145.0,47.0,85.181968
CLX,2026-09-17 19:25:00+00:00,85.185,85.325,85.16,85.295,3857.0,34.0,85.219559
CLX,2026-09-17 19:30:00+00:00,85.295,85.3,85.15,85.15,6936.0,107.0,85.2165
CLX,2026-09-17 19:35:00+00:00,85.17,85.18,85.13,85.15,2813.0,43.0,85.151842
CLX,2026-09-17 19:40:00+00:00,85.065,85.11,85.02,85.02,3756.0,58.0,85.072316
CLX,2026-09-17 19:45:00+00:00,85.04,85.125,85.03,85.07,5404.0,74.0,85.074358
CLX,2026-09-17 19:50:00+00:00,85.06,85.185,85.06,85.185,7973.0,118.0,85.118224
CLX,2026-09-17 19:55:00+00:00,85.205,85.22,84.95,84.99,30219.0,460.0,85.050484
CLX,2026-09-18 13:30:00+00:00,84.01,84.18,84.01,84.18,884.0,27.0,84.121781
CLX,2026-09-18 13:40:00+00:00,84.43,84.43,84.34,84.415,1028.0,17.0,84.391522
CLX,2026-09-18 13:45:00+00:00,84.22,84.22,84.15,84.15,922.0,47.0,84.18
CLX,2026-09-18 13:50:00+00:00,84.03,84.095,84.01,84.095,1699.0,32.0,84.050455
CLX,2026-09-18 13:55:00+00:00,84.06,84.1,83.91,83.91,2210.0,68.0,84.061991
CLX,2026-09-18 14:00:00+00:00,83.83,83.885,83.715,83.88,3985.0,54.0,83.797367
CLX,2026-09-18 14:05:00+00:00,83.82,83.84,83.79,83.84,626.0,17.0,83.816667
CLX,2026-09-18 14:10:00+00:00,83.785,83.82,83.785,83.82,330.0,6.0,83.8025
CLX,2026-09-18 14:15:00+00:00,83.755,83.84,83.72,83.84,4669.0,62.0,83.791451
CLX,2026-09-18 14:25:00+00:00,84.12,84.23,84.12,84.23,353.0,7.0,84.175
CLX,2026-09-18 14:30:00+00:00,84.24,84.3,84.19,84.3,2523.0,49.0,84.220363
CLX,2026-09-18 14:35:00+00:00,84.27,84.27,84.065,84.165,4042.0,72.0,84.157717
CLX,2026-09-18 14:40:00+00:00,84.19,84.195,84.19,84.195,308.0,7.0,84.1925
CLX,2026-09-18 14:45:00+00:00,84.105,84.13,84.05,84.08,897.0,14.0,84.089286
CLX,2026-09-18 14:50:00+00:00,84.12,84.12,84.085,84.12,640.0,11.0,84.1
CLX,2026-09-18 14:55:00+00:00,84.025,84.025,83.97,83.97,895.0,23.0,83.993334
CLX,2026-09-18 15:00:00+00:00,83.95,83.95,83.84,83.86,2247.0,43.0,83.8825
CLX,2026-09-18 15:05:00+00:00,83.87,83.87,83.745,83.795,836.0,16.0,83.819286
CLX,2026-09-18 15:10:00+00:00,83.965,84.005,83.965,84.005,306.0,6.0,83.985
CLX,2026-09-18 15:15:00+00:00,84.03,84.06,83.98,83.98,993.0,18.0,84.022
CLX,2026-09-18 15:20:00+00:00,84.07,84.07,84.01,84.01,372.0,10.0,84.033333
CLX,2026-09-18 15:30:00+00:00,83.735,83.82,83.72,83.82,1623.0,52.0,83.753333
CLX,2026-09-18 15:35:00+00:00,83.765,83.775,83.695,83.695,631.0,15.0,83.741154
CLX,2026-09-18 15:40:00+00:00,83.695,83.695,83.565,83.59,3140.0,68.0,83.622158
CLX,2026-09-18 15:45:00+00:00,83.54,83.575,83.515,83.575,1238.0,23.0,83.54
CLX,2026-09-18 15:50:00+00:00,83.59,83.59,83.54,83.57,1641.0,27.0,83.565501
CLX,2026-09-18 15:55:00+00:00,83.5,83.5,83.5,83.5,131.0,6.0,83.5
CLX,2026-09-18 16:00:00+00:00,83.5,83.585,83.5,83.54,1025.0,20.0,83.530833
CLX,2026-09-18 16:05:00+00:00,83.61,83.61,83.575,83.59,1420.0,31.0,83.583333
CLX,2026-09-18 16:10:00+00:00,83.59,83.8,83.59,83.8,1492.0,46.0,83.673334
CLX,2026-09-18 16:15:00+00:00,83.73,83.73,83.69,83.72,588.0,13.0,83.710676
CLX,2026-09-18 16:20:00+00:00,83.625,83.665,83.595,83.645,2755.0,55.0,83.625472
CLX,2026-09-18 16:25:00+00:00,83.73,83.73,83.71,83.71,380.0,11.0,83.72
CLX,2026-09-18 16:30:00+00:00,83.73,83.805,83.73,83.805,1637.0,38.0,83.791429
CLX,2026-09-18 16:35:00+00:00,83.78,83.855,83.78,83.855,610.0,17.0,83.82125
CLX,2026-09-18 16:40:00+00:00,83.875,83.875,83.85,83.85,1017.0,19.0,83.867503
CLX,2026-09-18 16:45:00+00:00,83.83,83.83,83.83,83.83,279.0,4.0,83.83
CLX,2026-09-18 16:50:00+00:00,83.875,83.89,83.865,83.89,712.0,14.0,83.875
CLX,2026-09-18 16:55:00+00:00,83.845,83.845,83.845,83.845,658.0,16.0,83.845
CLX,2026-09-18 17:00:00+00:00,83.83,83.83,83.75,83.755,1975.0,63.0,83.794286
CLX,2026-09-18 17:05:00+00:00,83.74,83.77,83.725,83.725,1704.0,24.0,83.751617
CLX,2026-09-18 17:10:00+00:00,83.745,83.745,83.745,83.745,307.0,5.0,83.745
CLX,2026-09-18 17:15:00+00:00,83.605,83.71,83.605,83.71,3053.0,48.0,83.6426
CLX,2026-09-18 17:20:00+00:00,83.72,83.75,83.71,83.75,1777.0,54.0,83.7215
CLX,2026-09-18 17:25:00+00:00,83.75,83.77,83.735,83.77,2280.0,51.0,83.755714
CLX,2026-09-18 17:30:00+00:00,83.8,83.87,83.79,83.87,1792.0,35.0,83.810846
CLX,2026-09-18 17:35:00+00:00,83.89,83.89,83.89,83.89,246.0,7.0,83.89
CLX,2026-09-18 17:40:00+00:00,83.89,83.895,83.815,83.895,1705.0,42.0,83.861
CLX,2026-09-18 17:45:00+00:00,83.9,83.965,83.9,83.965,636.0,12.0,83.937037
CLX,2026-09-18 17:50:00+00:00,83.94,83.94,83.9,83.9,1727.0,31.0,83.915417
CLX,2026-09-18 17:55:00+00:00,83.91,83.91,83.82,83.88,2743.0,60.0,83.859192
CLX,2026-09-18 18:00:00+00:00,83.87,83.87,83.77,83.77,3306.0,51.0,83.803138
CLX,2026-09-18 18:05:00+00:00,83.735,83.745,83.735,83.74,1326.0,30.0,83.74
CLX,2026-09-18 18:10:00+00:00,83.615,83.695,83.615,83.67,1228.0,31.0,83.646884
CLX,2026-09-18 18:15:00+00:00,83.58,83.645,83.58,83.63,892.0,21.0,83.617442
CLX,2026-09-18 18:20:00+00:00,83.64,83.73,83.64,83.73,1123.0,27.0,83.676875
CLX,2026-09-18 18:25:00+00:00,83.75,83.75,83.72,83.74,1381.0,28.0,83.73237
CLX,2026-09-18 18:30:00+00:00,83.7,83.7,83.655,83.695,1135.0,27.0,83.670143
CLX,2026-09-18 18:35:00+00:00,83.78,83.865,83.78,83.865,1639.0,29.0,83.8175
CLX,2026-09-18 18:40:00+00:00,83.89,83.91,83.88,83.88,1233.0,32.0,83.904444
CLX,2026-09-18 18:45:00+00:00,83.87,83.9,83.87,83.9,901.0,11.0,83.895
CLX,2026-09-18 18:50:00+00:00,83.87,83.98,83.87,83.96,1630.0,27.0,83.939196
CLX,2026-09-18 18:55:00+00:00,83.93,83.955,83.9,83.955,1446.0,13.0,83.913333
CLX,2026-09-18 19:00:00+00:00,83.94,83.94,83.89,83.9,1476.0,15.0,83.917083
CLX,2026-09-18 19:05:00+00:00,83.91,83.965,83.88,83.96,832.0,15.0,83.926405
CLX,2026-09-18 19:10:00+00:00,83.93,83.97,83.93,83.955,1261.0,28.0,83.950662
CLX,2026-09-18 19:15:00+00:00,83.945,83.945,83.885,83.885,1026.0,22.0,83.908
CLX,2026-09-18 19:20:00+00:00,83.885,83.93,83.885,83.93,1762.0,30.0,83.909108
CLX,2026-09-18 19:25:00+00:00,84.02,84.065,83.97,83.97,2226.0,36.0,84.012035
CLX,2026-09-18 19:30:00+00:00,83.84,83.85,83.72,83.81,3934.0,64.0,83.797037
CLX,2026-09-18 19:35:00+00:00,83.85,83.89,83.84,83.865,2356.0,30.0,83.857161
CLX,2026-09-18 19:40:00+00:00,83.83,83.84,83.77,83.795,3536.0,53.0,83.807137
CLX,2026-09-18 19:45:00+00:00,83.68,83.71,83.45,83.46,5260.0,84.0,83.576629
CLX,2026-09-18 19:50:00+00:00,83.46,83.48,83.34,83.34,9351.0,153.0,83.387603
CLX,2026-09-18 19:55:00+00:00,83.3,83.3,83.1,83.115,34776.0,535.0,83.172026
