symbol,timestamp,open,high,low,close,volume,trade_count,vwap
PYPL,2026-08-14 13:30:00+00:00,60.52,60.61,60.32,60.61,11187.0,83.0,60.486476
PYPL,2026-08-14 13:35:00+00:00,60.535,60.545,60.18,60.25,10224.0,85.0,60.29412
PYPL,2026-08-14 13:40:00+00:00,60.23,60.315,60.105,60.11,9436.0,83.0,60.224785
PYPL,2026-08-14 13:45:00+00:00,60.125,60.14,59.97,59.995,14685.0,161.0,60.066997
PYPL,2026-08-14 13:50:00+00:00,59.95,60.005,59.89,59.925,18217.0,193.0,59.95364
PYPL,2026-08-14 13:55:00+00:00,59.93,60.035,59.83,60.035,12472.0,119.0,59.921139
PYPL,2026-08-14 14:00:00+00:00,60.105,60.16,60.045,60.085,5178.0,88.0,60.109657
PYPL,2026-08-14 14:05:00+00:00,60.09,60.145,59.98,60.01,7784.0,147.0,60.044732
PYPL,2026-08-14 14:10:00+00:00,60.03,60.09,59.995,59.995,8239.0,130.0,60.060807
PYPL,2026-08-14 14:15:00+00:00,60.01,60.12,60.01,60.07,5938.0,90.0,60.088951
PYPL,2026-08-14 14:20:00+00:00,60.07,60.09,59.97,60.04,3938.0,74.0,60.046212
PYPL,2026-08-14 14:25:00+00:00,60.03,60.055,59.97,60.0,3378.0,80.0,60.022044
PYPL,2026-08-14 14:30:00+00:00,60.01,60.035,59.88,59.88,6052.0,125.0,59.966821
PYPL,2026-08-14 14:35:00+00:00,59.875,59.955,59.855,59.915,5551.0,85.0,59.890096
PYPL,2026-08-14 14:40:00+00:00,59.91,59.91,59.82,59.82,5131.0,88.0,59.867574
PYPL,2026-08-14 14:45:00+00:00,59.855,59.92,59.855,59.87,4475.0,82.0,59.881179
PYPL,2026-08-14 14:50:00+00:00,59.85,59.89,59.78,59.795,4430.0,104.0,59.827357
PYPL,2026-08-14 14:55:00+00:00,59.78,59.785,59.72,59.775,3617.0,67.0,59.769468
PYPL,2026-08-14 15:00:00+00:00,59.795,59.88,59.775,59.825,8070.0,116.0,59.830032
PYPL,2026-08-14 15:05:00+00:00,59.83,59.885,59.825,59.85,5682.0,70.0,59.852403
PYPL,2026-08-14 15:10:00+00:00,59.865,59.885,59.86,59.885,2522.0,42.0,59.870997
PYPL,2026-08-14 15:15:00+00:00,59.84,59.85,59.825,59.84,2157.0,33.0,59.841471
PYPL,2026-08-14 15:20:00+00:00,59.835,59.875,59.82,59.87,3239.0,56.0,59.84587
PYPL,2026-08-14 15:25:00+00:00,59.85,59.89,59.85,59.86,3519.0,44.0,59.870183
PYPL,2026-08-14 15:30:00+00:00,59.86,59.89,59.86,59.86,3076.0,32.0,59.873112
PYPL,2026-08-14 15:35:00+00:00,59.82,59.87,59.82,59.87,2252.0,44.0,59.850572
PYPL,2026-08-14 15:40:00+00:00,59.87,59.99,59.87,59.95,4090.0,42.0,59.9147
PYPL,2026-08-14 15:45:00+00:00,59.975,59.995,59.97,59.98,2343.0,33.0,59.980454
PYPL,2026-08-14 15:50:00+00:00,59.965,59.965,59.94,59.95,2070.0,37.0,59.948333
PYPL,2026-08-14 15:55:00+00:00,59.94,59.945,59.905,59.925,1983.0,42.0,59.925
PYPL,2026-08-14 16:00:00+00:00,59.93,59.97,59.91,59.93,2347.0,35.0,59.941174
PYPL,2026-08-14 16:05:00+00:00,59.93,59.94,59.88,59.92,4794.0,62.0,59.904475
PYPL,2026-08-14 16:10:00+00:00,59.945,59.945,59.905,59.925,959.0,25.0,59.930714
PYPL,2026-08-14 16:15:00+00:00,59.91,59.915,59.825,59.825,3400.0,43.0,59.86711
PYPL,2026-08-14 16:20:00+00:00,59.83,59.845,59.81,59.845,4738.0,51.0,59.826293
PYPL,2026-08-14 16:25:00+00:00,59.83,59.88,59.83,59.85,2031.0,37.0,59.855031
PYPL,2026-08-14 16:30:00+00:00,59.87,59.885,59.825,59.875,2409.0,31.0,59.85233
PYPL,2026-08-14 16:35:00+00:00,59.885,59.905,59.855,59.885,1388.0,24.0,59.878478
PYPL,2026-08-14 16:40:00+00:00,59.91,59.91,59.865,59.865,1429.0,28.0,59.8903
PYPL,2026-08-14 16:45:00+00:00,59.855,59.88,59.85,59.86,2397.0,35.0,59.861317
PYPL,2026-08-14 16:50:00+00:00,59.84,59.895,59.84,59.89,2850.0,31.0,59.86006
PYPL,2026-08-14 16:55:00+00:00,59.89,59.935,59.885,59.885,2047.0,39.0,59.912569
PYPL,2026-08-14 17:00:00+00:00,59.89,59.91,59.89,59.91,850.0,21.0,59.8975
PYPL,2026-08-14 17:05:00+00:00,59.89,59.925,59.89,59.9,1977.0,17.0,59.90625
PYPL,2026-08-14 17:10:00+00:00,59.935,59.935,59.91,59.92,1125.0,28.0,59.920625
PYPL,2026-08-14 17:15:00+00:00,59.93,59.93,59.92,59.92,1239.0,19.0,59.923636
PYPL,2026-08-14 17:20:00+00:00,59.925,60.015,59.91,59.985,5276.0,51.0,59.957619
PYPL,2026-08-14 17:25:00+00:00,59.96,59.96,59.93,59.95,2988.0,32.0,59.944452
PYPL,2026-08-14 17:30:00+00:00,59.97,59.97,59.89,59.89,4121.0,33.0,59.922686
PYPL,2026-08-14 17:35:00+00:00,59.875,59.875,59.835,59.85,873.0,20.0,59.857516
PYPL,2026-08-14 17:40:00+00:00,59.935,59.935,59.93,59.93,1043.0,11.0,59.932
PYPL,2026-08-14 17:45:00+00:00,59.93,59.93,59.9,59.93,1097.0,21.0,59.92
PYPL,2026-08-14 17:50:00+00:00,59.93,59.97,59.93,59.96,2373.0,32.0,59.952051
PYPL,2026-08-14 17:55:00+00:00,59.945,59.97,59.945,59.965,1731.0,36.0,59.959545
PYPL,2026-08-14 18:00:00+00:00,59.98,60.015,59.975,59.985,1581.0,17.0,59.990292
PYPL,2026-08-14 18:05:00+00:00,59.98,59.99,59.95,59.95,2335.0,30.0,59.965
PYPL,2026-08-14 18:10:00+00:00,59.95,60.015,59.94,60.015,2326.0,35.0,59.980278
PYPL,2026-08-14 18:15:00+00:00,60.015,60.05,59.995,60.05,3821.0,33.0,60.014728
PYPL,2026-08-14 18:20:00+00:00,60.035,60.07,60.03,60.065,2832.0,36.0,60.043216
PYPL,2026-08-14 18:25:00+00:00,60.065,60.065,59.985,59.99,5219.0,48.0,60.01587
PYPL,2026-08-14 18:30:00+00:00,60.005,60.005,59.985,59.99,3105.0,21.0,59.988004
PYPL,2026-08-14 18:35:00+00:00,60.0,60.045,60.0,60.035,5388.0,65.0,60.031805
PYPL,2026-08-14 18:40:00+00:00,60.025,60.095,60.025,60.065,3184.0,40.0,60.058049
PYPL,2026-08-14 18:45:00+00:00,60.075,60.085,60.05,60.085,7137.0,59.0,60.066461
PYPL,2026-08-14 18:50:00+00:00,60.105,60.105,60.065,60.065,5341.0,50.0,60.0866
PYPL,2026-08-14 18:55:00+00:00,60.05,60.05,60.035,60.035,2118.0,36.0,60.046237
PYPL,2026-08-14 19:00:00+00:00,60.035,60.04,59.975,59.975,4922.0,60.0,60.012737
PYPL,2026-08-14 19:05:00+00:00,59.955,59.955,59.915,59.925,3536.0,46.0,59.935984
PYPL,2026-08-14 19:10:00+00:00,59.925,59.94,59.885,59.93,3578.0,48.0,59.926313
PYPL,2026-08-14 19:15:00+00:00,59.925,59.93,59.91,59.93,1222.0,15.0,59.922364
PYPL,2026-08-14 19:20:00+00:00,59.935,59.945,59.91,59.935,2944.0,38.0,59.929835
PYPL,2026-08-14 19:25:00+00:00,59.94,59.94,59.905,59.905,1999.0,35.0,59.926097
PYPL,2026-08-14 19:30:00+00:00,59.93,59.975,59.93,59.955,4740.0,54.0,59.94783
PYPL,2026-08-14 19:35:00+00:00,59.95,59.95,59.895,59.895,3862.0,54.0,59.933352
PYPL,2026-08-14 19:40:00+00:00,59.88,62.14,59.54,62.08,20783.0,300.0,60.786572
PYPL,2026-08-14 19:45:00+00:00,61.97,62.14,60.76,61.8,78176.0,635.0,61.544579
PYPL,2026-08-14 19:50:00+00:00,61.81,61.99,61.535,61.76,79032.0,671.0,61.781227
PYPL,2026-08-14 19:55:00+00:00,61.73,61.855,61.52,61.64,141021.0,1442.0,61.669789
PYPL,2026-08-17 13:30:00+00:00,61.07,61.07,60.16,60.555,12681.0,138.0,60.595158
PYPL,2026-08-17 13:35:00+00:00,60.56,60.765,60.42,60.7,8284.0,74.0,60.575929
PYPL,2026-08-17 13:40:00+00:00,60.7,60.8,60.56,60.56,8412.0,85.0,60.676177
PYPL,2026-08-17 13:45:00+00:00,60.68,60.7,60.45,60.68,7862.0,79.0,60.560182
PYPL,2026-08-17 13:50:00+00:00,60.67,60.78,60.56,60.67,13210.0,121.0,60.647298
PYPL,2026-08-17 13:55:00+00:00,60.67,60.78,60.49,60.52,16431.0,191.0,60.601507
PYPL,2026-08-17 14:00:00+00:00,60.525,60.86,60.49,60.845,11411.0,197.0,60.600906
PYPL,2026-08-17 14:05:00+00:00,60.83,60.86,60.65,60.69,9461.0,169.0,60.746742
PYPL,2026-08-17 14:10:00+00:00,60.73,60.8,60.65,60.7,10777.0,160.0,60.715804
PYPL,2026-08-17 14:15:00+00:00,60.69,60.8,60.645,60.65,9260.0,104.0,60.725564
PYPL,2026-08-17 14:20:00+00:00,60.665,60.755,60.65,60.71,5680.0,98.0,60.696495
PYPL,2026-08-17 14:25:00+00:00,60.715,60.91,60.71,60.91,5383.0,86.0,60.778276
PYPL,2026-08-17 14:30:00+00:00,60.905,61.09,60.885,61.01,10427.0,214.0,61.020113
PYPL,2026-08-17 14:35:00+00:00,60.96,60.98,60.8,60.83,11528.0,183.0,60.923893
PYPL,2026-08-17 14:40:00+00:00,60.835,60.925,60.83,60.88,1905.0,43.0,60.87125
PYPL,2026-08-17 14:45:00+00:00,60.9,60.9,60.75,60.78,6744.0,114.0,60.799114
PYPL,2026-08-17 14:50:00+00:00,60.775,60.775,60.645,60.765,6405.0,86.0,60.708561
PYPL,2026-08-17 14:55:00+00:00,60.75,60.84,60.75,60.84,4660.0,116.0,60.780843
PYPL,2026-08-17 15:00:00+00:00,60.83,60.99,60.82,60.94,4269.0,110.0,60.930226
PYPL,2026-08-17 15:05:00+00:00,60.94,60.97,60.85,60.9,3590.0,71.0,60.914776
PYPL,2026-08-17 15:10:00+00:00,60.89,60.89,60.85,60.87,2305.0,24.0,60.86287
PYPL,2026-08-17 15:15:00+00:00,60.86,60.96,60.52,60.52,24483.0,232.0,60.774843
PYPL,2026-08-17 15:20:00+00:00,60.475,60.49,60.28,60.3,19950.0,197.0,60.396593
PYPL,2026-08-17 15:25:00+00:00,60.29,60.385,60.285,60.385,10687.0,122.0,60.320866
PYPL,2026-08-17 15:30:00+00:00,60.395,60.4,60.31,60.32,3398.0,46.0,60.363741
PYPL,2026-08-17 15:35:00+00:00,60.31,60.32,60.26,60.32,3966.0,42.0,60.293686
PYPL,2026-08-17 15:40:00+00:00,60.33,60.345,60.28,60.315,2073.0,37.0,60.316945
PYPL,2026-08-17 15:45:00+00:00,60.33,60.335,60.245,60.315,5490.0,48.0,60.291717
PYPL,2026-08-17 15:50:00+00:00,60.315,60.5,60.315,60.41,8575.0,132.0,60.45767
PYPL,2026-08-17 15:55:00+00:00,60.41,60.455,60.37,60.4,4682.0,57.0,60.418245
PYPL,2026-08-17 16:00:00+00:00,60.38,60.47,60.36,60.39,2644.0,43.0,60.411695
PYPL,2026-08-17 16:05:00+00:00,60.43,60.46,60.395,60.45,4582.0,52.0,60.426448
PYPL,2026-08-17 16:10:00+00:00,60.48,60.52,60.46,60.505,3462.0,37.0,60.478028
PYPL,2026-08-17 16:15:00+00:00,60.5,60.51,60.435,60.435,2970.0,32.0,60.4816
PYPL,2026-08-17 16:20:00+00:00,60.43,60.43,60.345,60.36,3039.0,33.0,60.395067
PYPL,2026-08-17 16:25:00+00:00,60.36,60.37,60.335,60.34,2414.0,39.0,60.351905
PYPL,2026-08-17 16:30:00+00:00,60.38,60.385,60.315,60.335,2336.0,28.0,60.358255
PYPL,2026-08-17 16:35:00+00:00,60.33,60.385,60.33,60.38,1462.0,19.0,60.372284
PYPL,2026-08-17 16:40:00+00:00,60.375,60.375,60.355,60.37,1171.0,15.0,60.362381
PYPL,2026-08-17 16:45:00+00:00,60.39,60.41,60.38,60.4,1932.0,24.0,60.39304
PYPL,2026-08-17 16:50:00+00:00,60.38,60.38,60.325,60.325,1245.0,16.0,60.358198
PYPL,2026-08-17 16:55:00+00:00,60.35,60.355,60.3,60.355,1809.0,21.0,60.322567
PYPL,2026-08-17 17:00:00+00:00,60.355,60.37,60.335,60.37,2883.0,33.0,60.352251
PYPL,2026-08-17 17:05:00+00:00,60.38,60.38,60.365,60.365,2527.0,19.0,60.378991
PYPL,2026-08-17 17:10:00+00:00,60.365,60.38,60.365,60.365,775.0,9.0,60.37
PYPL,2026-08-17 17:15:00+00:00,60.385,60.39,60.355,60.385,1169.0,15.0,60.367
PYPL,2026-08-17 17:20:00+00:00,60.405,60.42,60.385,60.39,1416.0,20.0,60.399883
PYPL,2026-08-17 17:25:00+00:00,60.365,60.6,60.34,60.405,16297.0,167.0,60.480281
PYPL,2026-08-17 17:30:00+00:00,60.425,60.485,60.415,60.485,1570.0,19.0,60.449
PYPL,2026-08-17 17:35:00+00:00,60.475,60.54,60.475,60.53,3868.0,38.0,60.507808
PYPL,2026-08-17 17:40:00+00:00,60.5,60.515,60.49,60.505,2960.0,36.0,60.501914
PYPL,2026-08-17 17:45:00+00:00,60.52,60.52,60.47,60.47,2177.0,20.0,60.507141
PYPL,2026-08-17 17:50:00+00:00,60.47,60.47,60.44,60.45,1082.0,19.0,60.452105
PYPL,2026-08-17 17:55:00+00:00,60.46,60.465,60.45,60.465,505.0,6.0,60.455
PYPL,2026-08-17 18:00:00+00:00,60.48,60.505,60.48,60.495,2396.0,25.0,60.489222
PYPL,2026-08-17 18:05:00+00:00,60.49,60.57,60.49,60.56,1246.0,17.0,60.524091
PYPL,2026-08-17 18:10:00+00:00,60.525,60.56,60.525,60.54,2184.0,23.0,60.534629
PYPL,2026-08-17 18:15:00+00:00,60.535,60.565,60.505,60.505,1911.0,24.0,60.540541
PYPL,2026-08-17 18:20:00+00:00,60.48,60.54,60.48,60.505,2819.0,35.0,60.51004
PYPL,2026-08-17 18:25:00+00:00,60.535,60.535,60.505,60.535,2380.0,25.0,60.526595
PYPL,2026-08-17 18:30:00+00:00,60.58,60.58,60.555,60.575,1234.0,29.0,60.565
PYPL,2026-08-17 18:35:00+00:00,60.63,60.68,60.6,60.61,9853.0,69.0,60.649547
PYPL,2026-08-17 18:40:00+00:00,60.57,60.57,60.445,60.45,4158.0,36.0,60.519661
PYPL,2026-08-17 18:45:00+00:00,60.45,60.47,60.39,60.39,5700.0,52.0,60.444206
PYPL,2026-08-17 18:50:00+00:00,60.445,60.46,60.445,60.46,721.0,11.0,60.457297
PYPL,2026-08-17 18:55:00+00:00,60.44,60.445,60.41,60.43,1520.0,30.0,60.428385
PYPL,2026-08-17 19:00:00+00:00,60.46,60.48,60.44,60.455,3459.0,42.0,60.455596
PYPL,2026-08-17 19:05:00+00:00,60.455,60.47,60.45,60.47,3249.0,24.0,60.456935
PYPL,2026-08-17 19:10:00+00:00,60.47,60.47,60.435,60.46,3756.0,34.0,60.456703
PYPL,2026-08-17 19:15:00+00:00,60.475,60.475,60.415,60.435,3125.0,31.0,60.439656
PYPL,2026-08-17 19:20:00+00:00,60.43,60.46,60.43,60.435,5481.0,55.0,60.446503
PYPL,2026-08-17 19:25:00+00:00,60.455,60.455,60.39,60.45,6082.0,72.0,60.425658
PYPL,2026-08-17 19:30:00+00:00,60.475,60.48,60.36,60.36,13849.0,125.0,60.401748
PYPL,2026-08-17 19:35:00+00:00,60.36,60.39,60.31,60.315,18484.0,159.0,60.358898
PYPL,2026-08-17 19:40:00+00:00,60.315,60.465,60.315,60.41,13412.0,130.0,60.412638
PYPL,2026-08-17 19:45:00+00:00,60.4,60.455,60.375,60.435,6992.0,88.0,60.414216
PYPL,2026-08-17 19:50:00+00:00,60.45,60.485,60.37,60.39,11045.0,125.0,60.428352
PYPL,2026-08-17 19:55:00+00:00,60.44,60.52,60.42,60.48,74986.0,826.0,60.469269
PYPL,2026-08-18 13:30:00+00:00,60.17,60.66,59.995,60.64,7745.0,68.0,60.274696
PYPL,2026-08-18 13:35:00+00:00,60.625,61.1,60.565,61.1,12463.0,117.0,60.918868
PYPL,2026-08-18 13:40:00+00:00,61.185,61.28,61.17,61.28,6827.0,67.0,61.22811
PYPL,2026-08-18 13:45:00+00:00,61.29,61.3,61.11,61.15,5162.0,58.0,61.181047
PYPL,2026-08-18 13:50:00+00:00,61.19,61.465,61.17,61.46,9091.0,89.0,61.347362
PYPL,2026-08-18 13:55:00+00:00,61.46,61.5,61.29,61.29,9190.0,139.0,61.402983
PYPL,2026-08-18 14:00:00+00:00,61.29,61.48,61.29,61.46,13567.0,147.0,61.424699
PYPL,2026-08-18 14:05:00+00:00,61.505,61.56,61.445,61.52,7748.0,122.0,61.478754
PYPL,2026-08-18 14:10:00+00:00,61.5,61.58,61.46,61.47,4874.0,103.0,61.499834
PYPL,2026-08-18 14:15:00+00:00,61.49,61.49,61.375,61.39,4515.0,162.0,61.450145
PYPL,2026-08-18 14:20:00+00:00,61.41,61.5,61.36,61.5,9269.0,103.0,61.419148
PYPL,2026-08-18 14:25:00+00:00,61.485,61.52,61.3,61.3,6173.0,130.0,61.393385
PYPL,2026-08-18 14:30:00+00:00,61.33,61.385,61.31,61.32,7997.0,136.0,61.348642
PYPL,2026-08-18 14:35:00+00:00,61.35,61.395,61.29,61.33,7559.0,88.0,61.3324
PYPL,2026-08-18 14:40:00+00:00,61.36,61.405,61.34,61.4,4009.0,51.0,61.382706
PYPL,2026-08-18 14:45:00+00:00,61.405,61.5,61.405,61.48,5200.0,69.0,61.471301
PYPL,2026-08-18 14:50:00+00:00,61.52,61.52,61.365,61.365,7197.0,89.0,61.471347
PYPL,2026-08-18 14:55:00+00:00,61.34,61.465,61.33,61.435,5805.0,110.0,61.427539
PYPL,2026-08-18 15:00:00+00:00,61.41,61.425,61.19,61.19,11007.0,117.0,61.307403
PYPL,2026-08-18 15:05:00+00:00,61.185,61.28,61.185,61.28,4514.0,56.0,61.233529
PYPL,2026-08-18 15:10:00+00:00,61.3,61.3,61.14,61.17,10724.0,135.0,61.196107
PYPL,2026-08-18 15:15:00+00:00,61.17,61.25,61.125,61.14,10370.0,97.0,61.171274
PYPL,2026-08-18 15:20:00+00:00,61.135,61.165,61.03,61.06,9966.0,92.0,61.070336
PYPL,2026-08-18 15:25:00+00:00,61.06,61.13,61.04,61.09,8481.0,82.0,61.085223
PYPL,2026-08-18 15:30:00+00:00,61.095,61.095,60.96,61.04,13729.0,122.0,61.018866
PYPL,2026-08-18 15:35:00+00:00,61.045,61.135,61.02,61.135,9120.0,91.0,61.069739
PYPL,2026-08-18 15:40:00+00:00,61.125,61.14,61.07,61.1,5367.0,57.0,61.113471
PYPL,2026-08-18 15:45:00+00:00,61.11,61.145,61.02,61.02,5360.0,63.0,61.089187
PYPL,2026-08-18 15:50:00+00:00,61.03,61.08,61.03,61.045,5692.0,74.0,61.049662
PYPL,2026-08-18 15:55:00+00:00,61.035,61.09,61.01,61.08,5900.0,71.0,61.040382
PYPL,2026-08-18 16:00:00+00:00,61.08,61.08,60.985,60.985,8330.0,79.0,61.039294
PYPL,2026-08-18 16:05:00+00:00,60.975,61.08,60.975,61.08,7363.0,83.0,61.020014
PYPL,2026-08-18 16:10:00+00:00,61.085,61.095,61.045,61.075,7452.0,77.0,61.069305
PYPL,2026-08-18 16:15:00+00:00,61.07,61.07,60.97,61.03,10988.0,110.0,61.016917
PYPL,2026-08-18 16:20:00+00:00,61.035,61.08,61.015,61.055,7864.0,80.0,61.041502
PYPL,2026-08-18 16:25:00+00:00,61.055,61.055,61.015,61.055,6469.0,64.0,61.037098
PYPL,2026-08-18 16:30:00+00:00,61.045,61.075,61.03,61.04,2822.0,43.0,61.046363
PYPL,2026-08-18 16:35:00+00:00,61.065,61.09,61.045,61.07,4328.0,54.0,61.06676
PYPL,2026-08-18 16:40:00+00:00,61.06,61.235,61.06,61.225,7289.0,82.0,61.150191
PYPL,2026-08-18 16:45:00+00:00,61.21,61.265,61.205,61.205,4828.0,57.0,61.232283
PYPL,2026-08-18 16:50:00+00:00,61.185,61.21,61.185,61.195,1632.0,23.0,61.195965
PYPL,2026-08-18 16:55:00+00:00,61.2,61.235,61.2,61.21,5405.0,56.0,61.213359
PYPL,2026-08-18 17:00:00+00:00,61.175,61.175,61.14,61.15,5235.0,54.0,61.152783
PYPL,2026-08-18 17:05:00+00:00,61.145,61.175,61.08,61.175,18307.0,140.0,61.120959
PYPL,2026-08-18 17:10:00+00:00,61.175,61.175,61.15,61.175,2149.0,27.0,61.161144
PYPL,2026-08-18 17:15:00+00:00,61.16,61.16,61.13,61.135,1576.0,19.0,61.14881
PYPL,2026-08-18 17:20:00+00:00,61.16,61.195,61.16,61.175,2787.0,32.0,61.181412
PYPL,2026-08-18 17:25:00+00:00,61.145,61.15,61.135,61.15,1532.0,34.0,61.141364
PYPL,2026-08-18 17:30:00+00:00,61.155,61.16,61.09,61.095,3476.0,39.0,61.122184
PYPL,2026-08-18 17:35:00+00:00,61.095,61.115,61.065,61.09,4470.0,39.0,61.08082
PYPL,2026-08-18 17:40:00+00:00,61.095,61.1,61.055,61.085,2182.0,34.0,61.079252
PYPL,2026-08-18 17:45:00+00:00,61.115,61.115,61.065,61.075,1963.0,33.0,61.100349
PYPL,2026-08-18 17:50:00+00:00,61.085,61.09,61.015,61.025,4441.0,52.0,61.053597
PYPL,2026-08-18 17:55:00+00:00,61.035,61.035,61.005,61.015,1878.0,42.0,61.019643
PYPL,2026-08-18 18:00:00+00:00,60.985,60.985,60.46,60.72,37654.0,422.0,60.714477
PYPL,2026-08-18 18:05:00+00:00,60.76,60.98,60.695,60.94,14065.0,179.0,60.809053
PYPL,2026-08-18 18:10:00+00:00,60.92,60.94,60.86,60.88,2557.0,56.0,60.899091
PYPL,2026-08-18 18:15:00+00:00,60.89,60.895,60.75,60.795,5632.0,82.0,60.81069
PYPL,2026-08-18 18:20:00+00:00,60.81,60.81,60.745,60.765,7653.0,79.0,60.773814
PYPL,2026-08-18 18:25:00+00:00,60.75,60.78,60.67,60.755,7033.0,90.0,60.717056
PYPL,2026-08-18 18:30:00+00:00,60.75,60.76,60.72,60.745,5344.0,67.0,60.739025
PYPL,2026-08-18 18:35:00+00:00,60.735,60.77,60.685,60.69,9124.0,64.0,60.721324
PYPL,2026-08-18 18:40:00+00:00,60.695,60.745,60.69,60.69,4280.0,74.0,60.712854
PYPL,2026-08-18 18:45:00+00:00,60.68,60.68,60.63,60.67,4664.0,64.0,60.651861
PYPL,2026-08-18 18:50:00+00:00,60.695,60.75,60.67,60.735,5454.0,82.0,60.703455
PYPL,2026-08-18 18:55:00+00:00,60.74,60.755,60.72,60.72,1948.0,39.0,60.734118
PYPL,2026-08-18 19:00:00+00:00,60.745,60.79,60.74,60.77,5187.0,90.0,60.756268
PYPL,2026-08-18 19:05:00+00:00,60.765,60.77,60.735,60.735,3685.0,56.0,60.753447
PYPL,2026-08-18 19:10:00+00:00,60.735,60.76,60.725,60.725,2681.0,49.0,60.734155
PYPL,2026-08-18 19:15:00+00:00,60.75,60.8,60.75,60.78,4739.0,75.0,60.7768
PYPL,2026-08-18 19:20:00+00:00,60.79,60.875,60.775,60.865,4255.0,63.0,60.813258
PYPL,2026-08-18 19:25:00+00:00,60.87,60.875,60.85,60.85,4377.0,81.0,60.86343
PYPL,2026-08-18 19:30:00+00:00,60.865,60.93,60.86,60.885,8164.0,99.0,60.897668
PYPL,2026-08-18 19:35:00+00:00,60.88,60.9,60.805,60.815,6905.0,73.0,60.859861
PYPL,2026-08-18 19:40:00+00:00,60.82,60.82,60.69,60.72,6231.0,110.0,60.753411
PYPL,2026-08-18 19:45:00+00:00,60.71,60.72,60.63,60.65,9153.0,106.0,60.677415
PYPL,2026-08-18 19:50:00+00:00,60.67,60.71,60.58,60.66,14731.0,224.0,60.648979
PYPL,2026-08-18 19:55:00+00:00,60.65,60.65,60.38,60.415,51876.0,553.0,60.476024
PYPL,2026-08-19 13:30:00+00:00,60.585,61.54,60.585,61.54,9316.0,62.0,61.143629
PYPL,2026-08-19 13:35:00+00:00,61.595,61.6,61.43,61.595,11249.0,82.0,61.527137
PYPL,2026-08-19 13:40:00+00:00,61.6,61.65,61.41,61.44,4450.0,49.0,61.547423
PYPL,2026-08-19 13:45:00+00:00,61.505,61.63,61.41,61.565,16282.0,206.0,61.499264
PYPL,2026-08-19 13:50:00+00:00,61.54,61.72,61.51,61.72,22953.0,246.0,61.594014
PYPL,2026-08-19 13:55:00+00:00,61.69,61.74,61.38,61.595,15218.0,189.0,61.58426
PYPL,2026-08-19 14:00:00+00:00,61.58,61.685,61.52,61.52,11256.0,193.0,61.58582
PYPL,2026-08-19 14:05:00+00:00,61.515,61.615,61.445,61.61,12312.0,149.0,61.526385
PYPL,2026-08-19 14:10:00+00:00,61.6,61.605,61.45,61.45,11422.0,169.0,61.551038
PYPL,2026-08-19 14:15:00+00:00,61.44,61.685,61.44,61.645,13287.0,189.0,61.553988
PYPL,2026-08-19 14:20:00+00:00,61.66,61.68,61.405,61.42,15225.0,170.0,61.519667
PYPL,2026-08-19 14:25:00+00:00,61.39,61.585,61.37,61.5,11337.0,145.0,61.455196
PYPL,2026-08-19 14:30:00+00:00,61.48,61.635,61.48,61.62,12909.0,173.0,61.557538
PYPL,2026-08-19 14:35:00+00:00,61.62,61.68,61.535,61.535,6451.0,91.0,61.628246
PYPL,2026-08-19 14:40:00+00:00,61.535,61.625,61.495,61.545,12967.0,129.0,61.565471
PYPL,2026-08-19 14:45:00+00:00,61.545,61.785,61.545,61.77,12432.0,131.0,61.695302
PYPL,2026-08-19 14:50:00+00:00,61.77,61.83,61.645,61.665,6421.0,103.0,61.76315
PYPL,2026-08-19 14:55:00+00:00,61.615,61.64,61.54,61.62,8687.0,107.0,61.602429
PYPL,2026-08-19 15:00:00+00:00,61.66,61.68,61.62,61.655,23398.0,208.0,61.654726
PYPL,2026-08-19 15:05:00+00:00,61.66,61.71,61.62,61.65,8650.0,93.0,61.66267
PYPL,2026-08-19 15:10:00+00:00,61.645,61.69,61.56,61.635,6861.0,105.0,61.640972
PYPL,2026-08-19 15:15:00+00:00,61.65,61.665,61.555,61.56,5838.0,75.0,61.628653
PYPL,2026-08-19 15:20:00+00:00,61.525,61.57,61.475,61.55,5912.0,75.0,61.527141
PYPL,2026-08-19 15:25:00+00:00,61.565,61.59,61.5,61.54,3784.0,71.0,61.55168
PYPL,2026-08-19 15:30:00+00:00,61.555,61.63,61.555,61.575,4923.0,52.0,61.595752
PYPL,2026-08-19 15:35:00+00:00,61.57,61.57,61.495,61.505,4286.0,42.0,61.51828
PYPL,2026-08-19 15:40:00+00:00,61.515,61.58,61.47,61.495,4899.0,65.0,61.51557
PYPL,2026-08-19 15:45:00+00:00,61.51,61.51,61.465,61.51,5497.0,55.0,61.489432
PYPL,2026-08-19 15:50:00+00:00,61.515,61.545,61.455,61.46,5247.0,50.0,61.484329
PYPL,2026-08-19 15:55:00+00:00,61.435,61.505,61.435,61.49,6092.0,84.0,61.469344
PYPL,2026-08-19 16:00:00+00:00,61.44,61.465,61.385,61.45,5806.0,76.0,61.429073
PYPL,2026-08-19 16:05:00+00:00,61.455,61.475,61.335,61.36,3924.0,41.0,61.419857
PYPL,2026-08-19 16:10:00+00:00,61.36,61.42,61.275,61.42,11651.0,112.0,61.330289
PYPL,2026-08-19 16:15:00+00:00,61.415,61.475,61.405,61.475,6323.0,71.0,61.424981
PYPL,2026-08-19 16:20:00+00:00,61.465,61.465,61.38,61.42,7695.0,56.0,61.417075
PYPL,2026-08-19 16:25:00+00:00,61.415,61.445,61.395,61.41,7299.0,84.0,61.421146
PYPL,2026-08-19 16:30:00+00:00,61.39,61.415,61.325,61.355,6517.0,64.0,61.374129
PYPL,2026-08-19 16:35:00+00:00,61.355,61.375,61.31,61.31,5938.0,66.0,61.346482
PYPL,2026-08-19 16:40:00+00:00,61.29,61.335,61.275,61.305,2817.0,31.0,61.304095
PYPL,2026-08-19 16:45:00+00:00,61.295,61.295,61.21,61.235,3448.0,40.0,61.240567
PYPL,2026-08-19 16:50:00+00:00,61.235,61.245,61.18,61.18,6833.0,59.0,61.220308
PYPL,2026-08-19 16:55:00+00:00,61.175,61.185,61.165,61.17,2261.0,28.0,61.177727
PYPL,2026-08-19 17:00:00+00:00,61.175,61.175,60.91,60.91,10476.0,119.0,61.06917
PYPL,2026-08-19 17:05:00+00:00,60.92,61.08,60.885,60.985,12798.0,131.0,60.984024
PYPL,2026-08-19 17:10:00+00:00,60.995,61.0,60.925,60.925,9651.0,101.0,60.9666
PYPL,2026-08-19 17:15:00+00:00,60.925,60.925,60.84,60.885,6244.0,67.0,60.875258
PYPL,2026-08-19 17:20:00+00:00,60.895,60.895,60.835,60.87,4588.0,48.0,60.863063
PYPL,2026-08-19 17:25:00+00:00,60.88,60.925,60.875,60.91,4217.0,53.0,60.901544
PYPL,2026-08-19 17:30:00+00:00,60.915,60.925,60.89,60.91,7497.0,80.0,60.903348
PYPL,2026-08-19 17:35:00+00:00,60.915,60.925,60.915,60.92,4088.0,39.0,60.920135
PYPL,2026-08-19 17:40:00+00:00,60.925,60.955,60.915,60.955,5975.0,63.0,60.94115
PYPL,2026-08-19 17:45:00+00:00,60.935,61.005,60.935,60.965,5685.0,62.0,60.97504
PYPL,2026-08-19 17:50:00+00:00,60.98,61.045,60.98,61.045,3755.0,46.0,61.018333
PYPL,2026-08-19 17:55:00+00:00,61.015,61.11,61.015,61.09,4757.0,71.0,61.060151
PYPL,2026-08-19 18:00:00+00:00,61.08,61.14,61.08,61.12,7571.0,118.0,61.107192
PYPL,2026-08-19 18:05:00+00:00,61.105,61.115,61.07,61.08,2121.0,31.0,61.094139
PYPL,2026-08-19 18:10:00+00:00,61.085,61.12,61.085,61.115,2776.0,27.0,61.105278
PYPL,2026-08-19 18:15:00+00:00,61.1,61.115,61.07,61.07,4185.0,54.0,61.102787
PYPL,2026-08-19 18:20:00+00:00,61.065,61.065,61.04,61.045,3822.0,51.0,61.0576
PYPL,2026-08-19 18:25:00+00:00,61.05,61.075,61.05,61.065,2244.0,39.0,61.06525
PYPL,2026-08-19 18:30:00+00:00,61.065,61.075,60.975,61.0,6670.0,78.0,61.014966
PYPL,2026-08-19 18:35:00+00:00,60.995,61.065,60.995,61.06,5707.0,63.0,61.032758
PYPL,2026-08-19 18:40:00+00:00,61.075,61.075,61.01,61.015,2534.0,31.0,61.039638
PYPL,2026-08-19 18:45:00+00:00,61.035,61.28,61.035,61.28,11455.0,124.0,61.176037
PYPL,2026-08-19 18:50:00+00:00,61.275,61.345,61.255,61.31,5821.0,69.0,61.300273
PYPL,2026-08-19 18:55:00+00:00,61.305,61.355,61.305,61.325,9326.0,100.0,61.323636
PYPL,2026-08-19 19:00:00+00:00,61.315,61.36,61.315,61.34,9510.0,88.0,61.336391
PYPL,2026-08-19 19:05:00+00:00,61.365,61.405,61.335,61.375,9728.0,81.0,61.373686
PYPL,2026-08-19 19:10:00+00:00,61.375,61.405,61.31,61.33,9341.0,76.0,61.376547
PYPL,2026-08-19 19:15:00+00:00,61.325,61.375,61.325,61.335,9627.0,82.0,61.344604
PYPL,2026-08-19 19:20:00+00:00,61.315,61.325,61.265,61.285,8728.0,82.0,61.296511
PYPL,2026-08-19 19:25:00+00:00,61.295,61.325,61.235,61.325,6694.0,65.0,61.268952
PYPL,2026-08-19 19:30:00+00:00,61.345,61.36,61.275,61.275,9704.0,107.0,61.327251
PYPL,2026-08-19 19:35:00+00:00,61.285,61.32,61.275,61.285,14303.0,116.0,61.296754
PYPL,2026-08-19 19:40:00+00:00,61.275,61.35,61.255,61.335,16160.0,139.0,61.313761
PYPL,2026-08-19 19:45:00+00:00,61.36,61.36,61.22,61.265,12572.0,134.0,61.264475
PYPL,2026-08-19 19:50:00+00:00,61.24,61.24,61.145,61.165,25998.0,183.0,61.166712
PYPL,2026-08-19 19:55:00+00:00,61.17,61.27,61.17,61.27,77104.0,782.0,61.217231
PYPL,2026-08-20 13:30:00+00:00,61.11,61.26,61.015,61.16,3653.0,51.0,61.117149
PYPL,2026-08-20 13:35:00+00:00,61.185,61.32,61.12,61.185,2646.0,31.0,61.216577
PYPL,2026-08-20 13:40:00+00:00,61.165,61.56,61.165,61.56,1509.0,23.0,61.449167
PYPL,2026-08-20 13:45:00+00:00,61.56,61.715,61.555,61.66,5791.0,54.0,61.639901
PYPL,2026-08-20 13:50:00+00:00,61.67,61.73,61.57,61.59,5742.0,115.0,61.659064
PYPL,2026-08-20 13:55:00+00:00,61.57,61.75,61.57,61.75,5729.0,89.0,61.693924
PYPL,2026-08-20 14:00:00+00:00,61.795,61.85,61.74,61.8,6649.0,170.0,61.804647
PYPL,2026-08-20 14:05:00+00:00,61.8,61.82,61.64,61.68,3506.0,56.0,61.753434
PYPL,2026-08-20 14:10:00+00:00,61.63,61.69,61.605,61.63,1928.0,31.0,61.63981
PYPL,2026-08-20 14:15:00+00:00,61.66,61.75,61.63,61.7,4609.0,86.0,61.68986
PYPL,2026-08-20 14:20:00+00:00,61.72,61.75,61.61,61.61,8214.0,123.0,61.675177
PYPL,2026-08-20 14:25:00+00:00,61.62,61.66,61.58,61.66,4565.0,126.0,61.613356
PYPL,2026-08-20 14:30:00+00:00,61.65,61.77,61.615,61.66,6056.0,123.0,61.691636
PYPL,2026-08-20 14:35:00+00:00,61.71,61.785,61.69,61.7,6868.0,138.0,61.733191
PYPL,2026-08-20 14:40:00+00:00,61.7,61.72,61.61,61.655,2909.0,74.0,61.672444
PYPL,2026-08-20 14:45:00+00:00,61.69,61.72,61.61,61.69,8771.0,102.0,61.653662
PYPL,2026-08-20 14:50:00+00:00,61.695,61.825,61.695,61.78,11273.0,156.0,61.768959
PYPL,2026-08-20 14:55:00+00:00,61.77,61.87,61.75,61.87,4207.0,65.0,61.811718
PYPL,2026-08-20 15:00:00+00:00,61.84,62.0,61.83,61.97,7829.0,100.0,61.935945
PYPL,2026-08-20 15:05:00+00:00,61.99,62.025,61.94,61.94,2888.0,55.0,61.985303
PYPL,2026-08-20 15:10:00+00:00,61.96,61.96,61.89,61.91,7401.0,69.0,61.936067
PYPL,2026-08-20 15:15:00+00:00,61.94,61.955,61.89,61.945,6258.0,101.0,61.915622
PYPL,2026-08-20 15:20:00+00:00,61.96,61.99,61.88,61.99,4673.0,54.0,61.922441
PYPL,2026-08-20 15:25:00+00:00,61.98,62.02,61.93,62.0,5627.0,68.0,61.976335
PYPL,2026-08-20 15:30:00+00:00,62.01,62.03,61.97,61.98,2364.0,37.0,61.98589
PYPL,2026-08-20 15:35:00+00:00,61.975,61.975,61.905,61.945,3686.0,53.0,61.929002
PYPL,2026-08-20 15:40:00+00:00,61.945,61.945,61.845,61.88,1313.0,29.0,61.879771
PYPL,2026-08-20 15:45:00+00:00,61.85,61.885,61.84,61.86,2501.0,42.0,61.854633
PYPL,2026-08-20 15:50:00+00:00,61.86,61.87,61.84,61.85,2863.0,41.0,61.856788
PYPL,2026-08-20 15:55:00+00:00,61.855,61.87,61.795,61.795,3145.0,42.0,61.821037
PYPL,2026-08-20 16:00:00+00:00,61.795,61.9,61.78,61.88,4080.0,56.0,61.864571
PYPL,2026-08-20 16:05:00+00:00,61.905,61.955,61.87,61.915,4340.0,43.0,61.914488
PYPL,2026-08-20 16:10:00+00:00,61.915,61.94,61.885,61.9,2802.0,42.0,61.907407
PYPL,2026-08-20 16:15:00+00:00,61.865,61.865,61.805,61.825,4150.0,39.0,61.827305
PYPL,2026-08-20 16:20:00+00:00,61.81,61.81,61.75,61.78,4436.0,53.0,61.784431
PYPL,2026-08-20 16:25:00+00:00,61.78,61.87,61.78,61.87,2700.0,31.0,61.816356
PYPL,2026-08-20 16:30:00+00:00,61.84,61.87,61.84,61.87,1970.0,39.0,61.856526
PYPL,2026-08-20 16:35:00+00:00,61.87,61.89,61.85,61.885,2183.0,26.0,61.865263
PYPL,2026-08-20 16:40:00+00:00,61.9,61.955,61.9,61.955,1965.0,20.0,61.937197
PYPL,2026-08-20 16:45:00+00:00,61.97,61.99,61.96,61.96,3199.0,44.0,61.967524
PYPL,2026-08-20 16:50:00+00:00,61.97,62.005,61.96,62.005,2311.0,24.0,61.987135
PYPL,2026-08-20 16:55:00+00:00,62.01,62.14,62.0,62.14,8372.0,82.0,62.050991
PYPL,2026-08-20 17:00:00+00:00,62.115,62.23,60.98,61.18,94264.0,906.0,61.694303
PYPL,2026-08-20 17:05:00+00:00,61.13,61.71,61.13,61.54,41558.0,396.0,61.426081
PYPL,2026-08-20 17:10:00+00:00,61.51,61.635,61.32,61.39,20649.0,208.0,61.498598
PYPL,2026-08-20 17:15:00+00:00,61.515,61.62,61.475,61.51,13157.0,139.0,61.540069
PYPL,2026-08-20 17:20:00+00:00,61.505,61.505,61.37,61.49,10382.0,115.0,61.415996
PYPL,2026-08-20 17:25:00+00:00,61.47,61.66,61.46,61.66,13538.0,139.0,61.540997
PYPL,2026-08-20 17:30:00+00:00,61.65,61.89,61.65,61.86,8234.0,92.0,61.802657
PYPL,2026-08-20 17:35:00+00:00,61.855,61.855,61.79,61.85,7426.0,99.0,61.81034
PYPL,2026-08-20 17:40:00+00:00,61.8,61.81,61.77,61.79,1098.0,39.0,61.793472
PYPL,2026-08-20 17:45:00+00:00,61.78,61.835,61.77,61.79,3392.0,38.0,61.800601
PYPL,2026-08-20 17:50:00+00:00,61.785,61.8,61.75,61.78,5453.0,96.0,61.779782
PYPL,2026-08-20 17:55:00+00:00,61.755,61.89,61.73,61.88,4679.0,66.0,61.807526
PYPL,2026-08-20 18:00:00+00:00,61.84,61.84,61.765,61.795,3556.0,64.0,61.795021
PYPL,2026-08-20 18:05:00+00:00,61.8,61.82,61.77,61.82,2487.0,28.0,61.794658
PYPL,2026-08-20 18:10:00+00:00,61.805,61.99,61.78,61.965,6508.0,56.0,61.924372
PYPL,2026-08-20 18:15:00+00:00,61.99,62.13,61.99,62.13,7812.0,70.0,62.059771
PYPL,2026-08-20 18:20:00+00:00,62.14,62.17,62.09,62.11,3184.0,42.0,62.136679
PYPL,2026-08-20 18:25:00+00:00,62.085,62.185,62.085,62.17,4637.0,64.0,62.137442
PYPL,2026-08-20 18:30:00+00:00,62.17,62.17,62.1,62.105,2207.0,30.0,62.121498
PYPL,2026-08-20 18:35:00+00:00,62.105,62.13,62.085,62.105,7230.0,84.0,62.106126
PYPL,2026-08-20 18:40:00+00:00,62.14,62.245,62.115,62.185,7107.0,68.0,62.180507
PYPL,2026-08-20 18:45:00+00:00,62.175,62.33,62.175,62.31,7525.0,77.0,62.262931
PYPL,2026-08-20 18:50:00+00:00,62.31,62.57,62.31,62.565,19906.0,192.0,62.457382
PYPL,2026-08-20 18:55:00+00:00,62.54,62.73,62.54,62.66,11490.0,115.0,62.631659
PYPL,2026-08-20 19:00:00+00:00,62.665,62.665,62.54,62.56,7344.0,86.0,62.584739
PYPL,2026-08-20 19:05:00+00:00,62.56,62.585,62.465,62.48,7563.0,96.0,62.527202
PYPL,2026-08-20 19:10:00+00:00,62.49,62.505,62.42,62.47,5147.0,63.0,62.460819
PYPL,2026-08-20 19:15:00+00:00,62.465,62.47,62.38,62.395,8943.0,82.0,62.43428
PYPL,2026-08-20 19:20:00+00:00,62.39,62.475,62.35,62.465,7872.0,94.0,62.433105
PYPL,2026-08-20 19:25:00+00:00,62.485,62.59,62.46,62.46,11414.0,114.0,62.517147
PYPL,2026-08-20 19:30:00+00:00,62.505,62.625,62.475,62.615,11858.0,133.0,62.561504
PYPL,2026-08-20 19:35:00+00:00,62.65,62.68,62.61,62.67,10235.0,108.0,62.646295
PYPL,2026-08-20 19:40:00+00:00,62.675,62.685,62.615,62.67,12889.0,128.0,62.649236
PYPL,2026-08-20 19:45:00+00:00,62.67,62.69,62.4,62.485,26570.0,231.0,62.572508
PYPL,2026-08-20 19:50:00+00:00,62.5,62.62,62.42,62.46,28360.0,335.0,62.509927
PYPL,2026-08-20 19:55:00+00:00,62.5,62.5,62.27,62.29,90954.0,885.0,62.361438
PYPL,2026-08-21 13:30:00+00:00,62.44,62.44,62.095,62.175,8748.0,124.0,62.272074
PYPL,2026-08-21 13:35:00+00:00,62.165,62.315,61.92,62.315,7113.0,99.0,62.197369
PYPL,2026-08-21 13:40:00+00:00,62.345,62.345,62.17,62.285,4425.0,81.0,62.231059
PYPL,2026-08-21 13:45:00+00:00,62.34,62.345,62.13,62.14,3850.0,72.0,62.223594
PYPL,2026-08-21 13:50:00+00:00,62.17,62.26,62.16,62.17,6311.0,104.0,62.194273
PYPL,2026-08-21 13:55:00+00:00,62.16,62.27,62.08,62.08,3959.0,107.0,62.15288
PYPL,2026-08-21 14:00:00+00:00,62.075,62.445,62.075,62.445,8398.0,130.0,62.276057
PYPL,2026-08-21 14:05:00+00:00,62.475,62.555,62.36,62.39,17109.0,263.0,62.468834
PYPL,2026-08-21 14:10:00+00:00,62.42,62.55,62.42,62.425,11249.0,161.0,62.47696
PYPL,2026-08-21 14:15:00+00:00,62.44,62.44,62.27,62.305,4454.0,82.0,62.344167
PYPL,2026-08-21 14:20:00+00:00,62.3,62.42,62.22,62.38,15533.0,177.0,62.369213
PYPL,2026-08-21 14:25:00+00:00,62.39,62.43,62.32,62.41,28014.0,240.0,62.386239
PYPL,2026-08-21 14:30:00+00:00,62.41,62.53,62.375,62.515,15008.0,206.0,62.43368
PYPL,2026-08-21 14:35:00+00:00,62.535,62.595,62.46,62.46,7347.0,138.0,62.541503
PYPL,2026-08-21 14:40:00+00:00,62.445,62.49,62.435,62.49,3586.0,81.0,62.455293
PYPL,2026-08-21 14:45:00+00:00,62.48,62.64,62.37,62.64,5664.0,125.0,62.474537
PYPL,2026-08-21 14:50:00+00:00,62.625,62.665,62.55,62.605,6744.0,129.0,62.615425
PYPL,2026-08-21 14:55:00+00:00,62.59,62.635,62.59,62.61,3973.0,69.0,62.608947
PYPL,2026-08-21 15:00:00+00:00,62.595,62.595,62.475,62.505,4669.0,96.0,62.527937
PYPL,2026-08-21 15:05:00+00:00,62.51,62.53,62.32,62.32,3430.0,92.0,62.415881
PYPL,2026-08-21 15:10:00+00:00,62.31,62.33,62.195,62.2,3884.0,74.0,62.267686
PYPL,2026-08-21 15:15:00+00:00,62.185,62.215,62.115,62.13,3837.0,90.0,62.154331
PYPL,2026-08-21 15:20:00+00:00,62.115,62.17,62.075,62.17,4633.0,73.0,62.125792
PYPL,2026-08-21 15:25:00+00:00,62.135,62.16,62.115,62.13,3403.0,77.0,62.132352
PYPL,2026-08-21 15:30:00+00:00,62.115,62.18,62.065,62.145,4409.0,102.0,62.140604
PYPL,2026-08-21 15:35:00+00:00,62.145,62.225,62.12,62.165,6215.0,112.0,62.163222
PYPL,2026-08-21 15:40:00+00:00,62.18,62.185,62.125,62.13,3553.0,63.0,62.149373
PYPL,2026-08-21 15:45:00+00:00,62.14,62.14,62.1,62.1,1101.0,30.0,62.111
PYPL,2026-08-21 15:50:00+00:00,62.11,62.165,62.11,62.165,1871.0,44.0,62.139692
PYPL,2026-08-21 15:55:00+00:00,62.14,62.18,62.11,62.145,6216.0,91.0,62.149816
PYPL,2026-08-21 16:00:00+00:00,62.155,62.155,62.105,62.105,3102.0,56.0,62.133037
PYPL,2026-08-21 16:05:00+00:00,62.08,62.085,62.0,62.02,5483.0,94.0,62.038516
PYPL,2026-08-21 16:10:00+00:00,62.02,62.08,62.01,62.055,4610.0,96.0,62.053498
PYPL,2026-08-21 16:15:00+00:00,62.055,62.065,62.03,62.035,3217.0,50.0,62.04813
PYPL,2026-08-21 16:20:00+00:00,62.01,62.02,61.94,61.94,9290.0,65.0,61.988978
PYPL,2026-08-21 16:25:00+00:00,61.94,61.94,61.84,61.84,2513.0,37.0,61.908103
PYPL,2026-08-21 16:30:00+00:00,61.83,61.925,61.83,61.925,3641.0,63.0,61.883175
PYPL,2026-08-21 16:35:00+00:00,61.91,61.955,61.895,61.945,4515.0,63.0,61.930068
PYPL,2026-08-21 16:40:00+00:00,61.935,61.945,61.89,61.935,3040.0,55.0,61.923611
PYPL,2026-08-21 16:45:00+00:00,61.935,61.95,61.92,61.95,5170.0,56.0,61.943712
PYPL,2026-08-21 16:50:00+00:00,61.95,61.97,61.885,61.93,8930.0,72.0,61.938262
PYPL,2026-08-21 16:55:00+00:00,61.925,61.965,61.925,61.945,7446.0,43.0,61.946501
PYPL,2026-08-21 17:00:00+00:00,61.915,61.915,61.865,61.905,6471.0,65.0,61.884741
PYPL,2026-08-21 17:05:00+00:00,61.895,61.955,61.895,61.93,4306.0,47.0,61.932203
PYPL,2026-08-21 17:10:00+00:00,61.915,61.925,61.88,61.88,1391.0,26.0,61.917529
PYPL,2026-08-21 17:15:00+00:00,61.865,61.895,61.85,61.895,3554.0,55.0,61.877553
PYPL,2026-08-21 17:20:00+00:00,61.9,61.915,61.875,61.875,4383.0,62.0,61.898181
PYPL,2026-08-21 17:25:00+00:00,61.905,61.91,61.88,61.91,3887.0,58.0,61.889131
PYPL,2026-08-21 17:30:00+00:00,61.89,61.94,61.89,61.915,4244.0,57.0,61.922129
PYPL,2026-08-21 17:35:00+00:00,61.9,61.9,61.83,61.83,4013.0,78.0,61.866309
PYPL,2026-08-21 17:40:00+00:00,61.815,61.815,61.74,61.775,2621.0,73.0,61.774586
PYPL,2026-08-21 17:45:00+00:00,61.785,61.785,61.735,61.78,1861.0,33.0,61.767667
PYPL,2026-08-21 17:50:00+00:00,61.79,61.79,61.73,61.73,3242.0,48.0,61.760128
PYPL,2026-08-21 17:55:00+00:00,61.73,61.74,61.725,61.725,1664.0,19.0,61.729326
PYPL,2026-08-21 18:00:00+00:00,61.725,61.73,61.695,61.7,5929.0,72.0,61.707963
PYPL,2026-08-21 18:05:00+00:00,61.705,61.705,61.645,61.655,8948.0,95.0,61.661731
PYPL,2026-08-21 18:10:00+00:00,61.655,61.66,61.61,61.62,4930.0,64.0,61.643164
PYPL,2026-08-21 18:15:00+00:00,61.615,61.65,61.615,61.645,2278.0,45.0,61.63
PYPL,2026-08-21 18:20:00+00:00,61.645,61.65,61.625,61.635,3028.0,52.0,61.636492
PYPL,2026-08-21 18:25:00+00:00,61.645,61.675,61.64,61.65,2005.0,37.0,61.657011
PYPL,2026-08-21 18:30:00+00:00,61.655,61.685,61.63,61.685,3876.0,63.0,61.653272
PYPL,2026-08-21 18:35:00+00:00,61.665,61.665,61.655,61.655,1176.0,38.0,61.662143
PYPL,2026-08-21 18:40:00+00:00,61.68,61.695,61.66,61.675,3153.0,43.0,61.6754
PYPL,2026-08-21 18:45:00+00:00,61.66,61.715,61.645,61.71,3345.0,61.0,61.675882
PYPL,2026-08-21 18:50:00+00:00,61.74,61.745,61.735,61.745,2195.0,49.0,61.740734
PYPL,2026-08-21 18:55:00+00:00,61.735,61.755,61.715,61.72,5085.0,91.0,61.732713
PYPL,2026-08-21 19:00:00+00:00,61.73,61.775,61.665,61.675,10079.0,108.0,61.719735
PYPL,2026-08-21 19:05:00+00:00,61.655,61.695,61.655,61.695,2917.0,67.0,61.680714
PYPL,2026-08-21 19:10:00+00:00,61.705,61.72,61.675,61.72,5968.0,79.0,61.698865
PYPL,2026-08-21 19:15:00+00:00,61.705,61.705,61.645,61.665,5811.0,96.0,61.661074
PYPL,2026-08-21 19:20:00+00:00,61.67,61.67,61.575,61.595,6106.0,105.0,61.609952
PYPL,2026-08-21 19:25:00+00:00,61.585,61.59,61.55,61.57,12449.0,120.0,61.564045
PYPL,2026-08-21 19:30:00+00:00,61.58,61.62,61.57,61.615,11176.0,125.0,61.598615
PYPL,2026-08-21 19:35:00+00:00,61.605,61.68,61.605,61.63,11705.0,115.0,61.642292
PYPL,2026-08-21 19:40:00+00:00,61.625,61.635,61.55,61.55,20694.0,210.0,61.568588
PYPL,2026-08-21 19:45:00+00:00,61.55,61.655,61.55,61.615,48117.0,234.0,61.606315
PYPL,2026-08-21 19:50:00+00:00,61.61,61.67,61.48,61.485,42323.0,340.0,61.585054
PYPL,2026-08-21 19:55:00+00:00,61.5,61.63,61.5,61.56,97541.0,967.0,61.581372
PYPL,2026-08-24 13:30:00+00:00,61.605,61.98,61.605,61.69,5038.0,66.0,61.805087
PYPL,2026-08-24 13:35:00+00:00,61.815,61.96,61.65,61.855,4495.0,56.0,61.845812
PYPL,2026-08-24 13:40:00+00:00,61.945,62.1,61.67,61.67,5586.0,65.0,62.006068
PYPL,2026-08-24 13:45:00+00:00,61.62,61.83,61.58,61.83,7225.0,79.0,61.673697
PYPL,2026-08-24 13:50:00+00:00,61.89,62.115,61.89,62.07,4065.0,51.0,62.038242
PYPL,2026-08-24 13:55:00+00:00,62.02,62.04,61.935,61.935,2232.0,34.0,61.97567
PYPL,2026-08-24 14:00:00+00:00,61.985,62.01,61.92,61.96,4097.0,54.0,61.977857
PYPL,2026-08-24 14:05:00+00:00,61.98,61.99,61.92,61.98,2981.0,48.0,61.949955
PYPL,2026-08-24 14:10:00+00:00,61.99,62.05,61.955,62.04,5636.0,68.0,62.012053
PYPL,2026-08-24 14:15:00+00:00,62.085,62.11,62.03,62.085,3037.0,45.0,62.069815
PYPL,2026-08-24 14:20:00+00:00,62.1,62.17,62.05,62.05,3576.0,45.0,62.114845
PYPL,2026-08-24 14:25:00+00:00,62.06,62.06,61.98,62.035,5327.0,62.0,62.023299
PYPL,2026-08-24 14:30:00+00:00,61.99,62.005,61.96,61.96,2733.0,37.0,61.980914
PYPL,2026-08-24 14:35:00+00:00,61.97,62.065,61.97,62.065,4329.0,36.0,62.03651
PYPL,2026-08-24 14:40:00+00:00,62.04,62.11,62.0,62.045,5306.0,75.0,62.059979
PYPL,2026-08-24 14:45:00+00:00,62.09,62.145,62.035,62.035,3532.0,71.0,62.104742
PYPL,2026-08-24 14:50:00+00:00,62.01,62.03,61.97,62.0,4175.0,53.0,62.0054
PYPL,2026-08-24 14:55:00+00:00,61.985,62.12,61.94,62.12,2845.0,74.0,62.041506
PYPL,2026-08-24 15:00:00+00:00,62.1,62.115,62.045,62.055,5256.0,76.0,62.090169
PYPL,2026-08-24 15:05:00+00:00,62.065,62.135,62.02,62.075,3958.0,99.0,62.090337
PYPL,2026-08-24 15:10:00+00:00,62.07,62.07,61.825,61.845,6700.0,121.0,61.928691
PYPL,2026-08-24 15:15:00+00:00,61.85,61.92,61.81,61.92,2861.0,40.0,61.858542
PYPL,2026-08-24 15:20:00+00:00,61.955,61.995,61.955,61.985,3226.0,47.0,61.973953
PYPL,2026-08-24 15:25:00+00:00,62.025,62.07,62.02,62.065,4540.0,70.0,62.03973
PYPL,2026-08-24 15:30:00+00:00,62.04,62.05,61.96,61.98,3270.0,46.0,61.998856
PYPL,2026-08-24 15:35:00+00:00,62.0,62.015,61.95,61.975,6331.0,83.0,61.987056
PYPL,2026-08-24 15:40:00+00:00,61.93,62.01,61.93,61.98,3246.0,41.0,61.975975
PYPL,2026-08-24 15:45:00+00:00,61.98,61.98,61.93,61.94,2292.0,34.0,61.944737
PYPL,2026-08-24 15:50:00+00:00,61.955,62.005,61.95,61.955,3865.0,59.0,61.96397
PYPL,2026-08-24 15:55:00+00:00,61.945,61.975,61.945,61.975,2220.0,28.0,61.96275
PYPL,2026-08-24 16:00:00+00:00,62.06,62.18,62.04,62.16,8269.0,90.0,62.128767
PYPL,2026-08-24 16:05:00+00:00,62.14,62.14,62.05,62.05,3353.0,102.0,62.098532
PYPL,2026-08-24 16:10:00+00:00,62.04,62.05,61.945,61.945,3874.0,71.0,62.001619
PYPL,2026-08-24 16:15:00+00:00,61.945,61.99,61.925,61.955,3364.0,40.0,61.958448
PYPL,2026-08-24 16:20:00+00:00,61.94,61.95,61.86,61.875,3868.0,47.0,61.891259
PYPL,2026-08-24 16:25:00+00:00,61.89,61.93,61.88,61.93,3945.0,52.0,61.892293
PYPL,2026-08-24 16:30:00+00:00,61.9,61.96,61.895,61.935,4313.0,50.0,61.928456
PYPL,2026-08-24 16:35:00+00:00,61.935,61.935,61.875,61.895,2579.0,30.0,61.904334
PYPL,2026-08-24 16:40:00+00:00,61.865,61.915,61.865,61.9,2784.0,43.0,61.89413
PYPL,2026-08-24 16:45:00+00:00,61.905,61.955,61.9,61.935,1946.0,31.0,61.939118
PYPL,2026-08-24 16:50:00+00:00,61.93,61.945,61.86,61.865,2354.0,31.0,61.901842
PYPL,2026-08-24 16:55:00+00:00,61.865,61.895,61.865,61.875,2536.0,27.0,61.875618
PYPL,2026-08-24 17:00:00+00:00,61.87,61.87,61.8,61.84,2683.0,37.0,61.838037
PYPL,2026-08-24 17:05:00+00:00,61.845,61.91,61.845,61.88,2045.0,21.0,61.883998
PYPL,2026-08-24 17:10:00+00:00,61.885,61.935,61.885,61.89,2477.0,46.0,61.903025
PYPL,2026-08-24 17:15:00+00:00,61.875,61.895,61.855,61.89,1624.0,20.0,61.878077
PYPL,2026-08-24 17:20:00+00:00,61.885,61.89,61.795,61.795,1379.0,32.0,61.856818
PYPL,2026-08-24 17:25:00+00:00,61.82,61.82,61.79,61.795,1817.0,26.0,61.806364
PYPL,2026-08-24 17:30:00+00:00,61.805,61.82,61.775,61.775,840.0,14.0,61.808333
PYPL,2026-08-24 17:35:00+00:00,61.805,61.825,61.785,61.785,1697.0,23.0,61.803667
PYPL,2026-08-24 17:40:00+00:00,61.81,61.81,61.795,61.805,1130.0,12.0,61.802712
PYPL,2026-08-24 17:45:00+00:00,61.77,61.78,61.74,61.74,2675.0,37.0,61.76057
PYPL,2026-08-24 17:50:00+00:00,61.735,61.745,61.71,61.745,1337.0,20.0,61.73125
PYPL,2026-08-24 17:55:00+00:00,61.76,61.76,61.735,61.755,704.0,9.0,61.746536
PYPL,2026-08-24 18:00:00+00:00,61.735,61.745,61.7,61.725,1646.0,27.0,61.72591
PYPL,2026-08-24 18:05:00+00:00,61.705,61.705,61.665,61.695,1159.0,18.0,61.687727
PYPL,2026-08-24 18:10:00+00:00,61.7,61.7,61.64,61.645,6403.0,58.0,61.653209
PYPL,2026-08-24 18:15:00+00:00,61.635,61.685,61.635,61.675,1656.0,24.0,61.657857
PYPL,2026-08-24 18:20:00+00:00,61.635,61.655,61.635,61.655,1912.0,25.0,61.651765
PYPL,2026-08-24 18:25:00+00:00,61.655,61.69,61.655,61.69,2711.0,52.0,61.676
PYPL,2026-08-24 18:30:00+00:00,61.705,61.705,61.67,61.67,3646.0,91.0,61.693907
PYPL,2026-08-24 18:35:00+00:00,61.685,61.685,61.66,61.66,1546.0,19.0,61.674226
PYPL,2026-08-24 18:40:00+00:00,61.665,61.665,61.65,61.655,1251.0,24.0,61.66
PYPL,2026-08-24 18:45:00+00:00,61.675,61.715,61.675,61.715,1785.0,23.0,61.696176
PYPL,2026-08-24 18:50:00+00:00,61.725,61.745,61.65,61.67,4370.0,48.0,61.704598
PYPL,2026-08-24 18:55:00+00:00,61.675,61.68,61.66,61.675,2404.0,30.0,61.672522
PYPL,2026-08-24 19:00:00+00:00,61.68,61.735,61.625,61.625,2216.0,31.0,61.667895
PYPL,2026-08-24 19:05:00+00:00,61.635,61.715,61.635,61.705,1715.0,33.0,61.67875
PYPL,2026-08-24 19:10:00+00:00,61.69,61.725,61.605,61.615,9190.0,86.0,61.676397
PYPL,2026-08-24 19:15:00+00:00,61.635,61.705,61.63,61.69,3099.0,35.0,61.669138
PYPL,2026-08-24 19:20:00+00:00,61.645,61.685,61.645,61.66,2835.0,41.0,61.664468
PYPL,2026-08-24 19:25:00+00:00,61.665,61.695,61.665,61.695,2066.0,41.0,61.686782
PYPL,2026-08-24 19:30:00+00:00,61.67,61.675,61.62,61.645,2240.0,57.0,61.646569
PYPL,2026-08-24 19:35:00+00:00,61.715,61.72,61.695,61.695,2134.0,60.0,61.712
PYPL,2026-08-24 19:40:00+00:00,61.68,61.685,61.645,61.655,3465.0,62.0,61.662886
PYPL,2026-08-24 19:45:00+00:00,61.65,61.65,61.605,61.65,8464.0,114.0,61.631729
PYPL,2026-08-24 19:50:00+00:00,61.67,61.84,61.67,61.745,20119.0,203.0,61.772444
PYPL,2026-08-24 19:55:00+00:00,61.77,61.82,61.66,61.68,63675.0,707.0,61.708127
PYPL,2026-08-25 13:30:00+00:00,61.23,61.3,61.085,61.25,3778.0,45.0,61.19386
PYPL,2026-08-25 13:35:00+00:00,61.28,61.595,61.28,61.595,4077.0,43.0,61.412868
PYPL,2026-08-25 13:40:00+00:00,61.59,61.59,61.33,61.33,3150.0,29.0,61.466628
PYPL,2026-08-25 13:45:00+00:00,61.33,61.4,61.15,61.2,3961.0,47.0,61.290636
PYPL,2026-08-25 13:50:00+00:00,61.29,61.33,61.19,61.24,6474.0,53.0,61.24287
PYPL,2026-08-25 13:55:00+00:00,61.315,61.4,61.3,61.34,2554.0,29.0,61.348031
PYPL,2026-08-25 14:00:00+00:00,61.46,61.47,61.4,61.42,1392.0,25.0,61.432609
PYPL,2026-08-25 14:05:00+00:00,61.57,61.72,61.52,61.72,2330.0,21.0,61.637597
PYPL,2026-08-25 14:10:00+00:00,61.71,61.84,61.7,61.8,2664.0,29.0,61.766962
PYPL,2026-08-25 14:15:00+00:00,61.75,61.77,61.7,61.75,1539.0,22.0,61.731437
PYPL,2026-08-25 14:20:00+00:00,61.73,61.89,61.7,61.88,1460.0,18.0,61.79699
PYPL,2026-08-25 14:25:00+00:00,61.94,61.96,61.9,61.96,1922.0,36.0,61.933214
PYPL,2026-08-25 14:30:00+00:00,61.96,61.965,61.825,61.94,3477.0,37.0,61.910539
PYPL,2026-08-25 14:35:00+00:00,61.92,62.07,61.9,62.07,1417.0,15.0,61.978909
PYPL,2026-08-25 14:40:00+00:00,62.075,62.075,61.94,61.97,1580.0,23.0,61.996786
PYPL,2026-08-25 14:45:00+00:00,61.95,62.01,61.94,62.0,4082.0,63.0,61.969196
PYPL,2026-08-25 14:50:00+00:00,62.005,62.025,61.955,62.025,4963.0,60.0,61.983398
PYPL,2026-08-25 14:55:00+00:00,62.025,62.115,62.025,62.04,2969.0,45.0,62.075577
PYPL,2026-08-25 15:00:00+00:00,62.04,62.14,62.04,62.09,1890.0,51.0,62.099334
PYPL,2026-08-25 15:05:00+00:00,62.135,62.135,62.06,62.11,2952.0,68.0,62.099787
PYPL,2026-08-25 15:10:00+00:00,62.11,62.135,62.06,62.06,17368.0,160.0,62.115835
PYPL,2026-08-25 15:15:00+00:00,62.06,62.07,62.0,62.07,3173.0,84.0,62.044838
PYPL,2026-08-25 15:20:00+00:00,62.06,62.06,62.01,62.01,1969.0,78.0,62.04
PYPL,2026-08-25 15:25:00+00:00,62.025,62.04,61.965,61.965,2186.0,44.0,62.01175
PYPL,2026-08-25 15:30:00+00:00,61.98,62.185,61.98,62.18,12249.0,127.0,62.112706
PYPL,2026-08-25 15:35:00+00:00,62.2,62.35,62.2,62.32,13803.0,145.0,62.294714
PYPL,2026-08-25 15:40:00+00:00,62.275,62.315,62.245,62.315,11176.0,118.0,62.300685
PYPL,2026-08-25 15:45:00+00:00,62.345,62.375,62.15,62.18,5114.0,68.0,62.244699
PYPL,2026-08-25 15:50:00+00:00,62.2,62.23,62.17,62.225,4465.0,68.0,62.197968
PYPL,2026-08-25 15:55:00+00:00,62.255,62.27,62.2,62.2,5460.0,81.0,62.230949
PYPL,2026-08-25 16:00:00+00:00,62.21,62.24,62.09,62.09,9257.0,100.0,62.154978
PYPL,2026-08-25 16:05:00+00:00,62.07,62.125,62.06,62.075,6733.0,81.0,62.097652
PYPL,2026-08-25 16:10:00+00:00,62.085,62.12,62.085,62.11,4355.0,55.0,62.099003
PYPL,2026-08-25 16:15:00+00:00,62.115,62.12,62.06,62.065,3201.0,58.0,62.091023
PYPL,2026-08-25 16:20:00+00:00,62.07,62.19,62.065,62.19,3357.0,78.0,62.10736
PYPL,2026-08-25 16:25:00+00:00,62.18,62.2,62.14,62.18,4151.0,85.0,62.170273
PYPL,2026-08-25 16:30:00+00:00,62.195,62.225,62.195,62.22,9104.0,90.0,62.221292
PYPL,2026-08-25 16:35:00+00:00,62.225,62.295,62.225,62.285,9244.0,104.0,62.24029
PYPL,2026-08-25 16:40:00+00:00,62.285,62.29,62.26,62.29,2650.0,55.0,62.271769
PYPL,2026-08-25 16:45:00+00:00,62.275,62.29,62.235,62.235,2944.0,54.0,62.269136
PYPL,2026-08-25 16:50:00+00:00,62.21,62.215,62.15,62.155,2800.0,58.0,62.184118
PYPL,2026-08-25 16:55:00+00:00,62.16,62.16,62.14,62.14,2273.0,58.0,62.151358
PYPL,2026-08-25 17:00:00+00:00,62.125,62.23,62.125,62.205,4822.0,96.0,62.177134
PYPL,2026-08-25 17:05:00+00:00,62.19,62.19,62.105,62.12,3708.0,73.0,62.142864
PYPL,2026-08-25 17:10:00+00:00,62.095,62.125,62.095,62.125,1867.0,36.0,62.1075
PYPL,2026-08-25 17:15:00+00:00,62.1,62.145,62.1,62.145,1149.0,35.0,62.12119
PYPL,2026-08-25 17:20:00+00:00,62.165,62.165,62.105,62.145,1375.0,43.0,62.137222
PYPL,2026-08-25 17:25:00+00:00,62.15,62.15,62.13,62.13,993.0,40.0,62.14
PYPL,2026-08-25 17:30:00+00:00,62.145,62.18,62.14,62.15,1524.0,32.0,62.151726
PYPL,2026-08-25 17:35:00+00:00,62.13,62.14,62.115,62.125,1274.0,35.0,62.1275
PYPL,2026-08-25 17:40:00+00:00,62.13,62.235,62.13,62.19,6023.0,96.0,62.198206
PYPL,2026-08-25 17:45:00+00:00,62.19,62.215,62.12,62.12,8934.0,119.0,62.196595
PYPL,2026-08-25 17:50:00+00:00,62.15,62.15,62.095,62.095,1771.0,38.0,62.120833
PYPL,2026-08-25 17:55:00+00:00,62.09,62.1,62.075,62.08,3669.0,59.0,62.086352
PYPL,2026-08-25 18:00:00+00:00,62.105,62.165,62.105,62.155,2257.0,38.0,62.14811
PYPL,2026-08-25 18:05:00+00:00,62.145,62.145,62.08,62.08,843.0,19.0,62.117
PYPL,2026-08-25 18:10:00+00:00,62.09,62.1,62.09,62.1,1067.0,18.0,62.092681
PYPL,2026-08-25 18:15:00+00:00,62.08,62.08,62.05,62.055,3975.0,53.0,62.064511
PYPL,2026-08-25 18:20:00+00:00,62.045,62.065,62.02,62.02,6921.0,73.0,62.051281
PYPL,2026-08-25 18:25:00+00:00,62.01,62.06,62.005,62.05,3475.0,54.0,62.014548
PYPL,2026-08-25 18:30:00+00:00,62.06,62.12,62.055,62.12,2203.0,72.0,62.083509
PYPL,2026-08-25 18:35:00+00:00,62.115,62.115,62.05,62.11,2264.0,46.0,62.095391
PYPL,2026-08-25 18:40:00+00:00,62.12,62.125,62.12,62.125,1028.0,23.0,62.123505
PYPL,2026-08-25 18:45:00+00:00,62.125,62.135,62.105,62.125,25672.0,188.0,62.125036
PYPL,2026-08-25 18:50:00+00:00,62.125,62.13,62.115,62.115,8284.0,65.0,62.12377
PYPL,2026-08-25 18:55:00+00:00,62.115,62.175,62.105,62.175,3033.0,61.0,62.142245
PYPL,2026-08-25 19:00:00+00:00,62.175,62.18,62.14,62.14,4994.0,79.0,62.165567
PYPL,2026-08-25 19:05:00+00:00,62.16,62.185,62.16,62.17,13800.0,112.0,62.172734
PYPL,2026-08-25 19:10:00+00:00,62.17,62.18,62.17,62.18,670.0,28.0,62.1775
PYPL,2026-08-25 19:15:00+00:00,62.24,62.3,62.23,62.27,4087.0,68.0,62.269006
PYPL,2026-08-25 19:20:00+00:00,62.27,62.38,62.27,62.34,3131.0,76.0,62.314415
PYPL,2026-08-25 19:25:00+00:00,62.31,62.325,62.22,62.22,4378.0,77.0,62.292144
PYPL,2026-08-25 19:30:00+00:00,62.265,62.275,62.185,62.185,21228.0,182.0,62.261635
PYPL,2026-08-25 19:35:00+00:00,62.195,62.195,62.115,62.115,5501.0,93.0,62.138946
PYPL,2026-08-25 19:40:00+00:00,62.105,62.12,62.03,62.03,3729.0,55.0,62.07667
PYPL,2026-08-25 19:45:00+00:00,62.03,62.2,62.03,62.19,10345.0,130.0,62.105567
PYPL,2026-08-25 19:50:00+00:00,62.18,62.25,62.17,62.22,21239.0,235.0,62.201235
PYPL,2026-08-25 19:55:00+00:00,62.23,62.365,62.23,62.25,53847.0,632.0,62.297243
PYPL,2026-08-26 13:30:00+00:00,61.825,61.86,61.695,61.78,19832.0,131.0,61.765835
PYPL,2026-08-26 13:35:00+00:00,61.805,61.815,61.56,61.62,15344.0,126.0,61.695497
PYPL,2026-08-26 13:40:00+00:00,61.57,61.62,61.47,61.49,13221.0,114.0,61.541733
PYPL,2026-08-26 13:45:00+00:00,61.5,61.52,61.41,61.45,8310.0,81.0,61.457365
PYPL,2026-08-26 13:50:00+00:00,61.445,61.5,61.28,61.37,12442.0,106.0,61.414505
PYPL,2026-08-26 13:55:00+00:00,61.38,61.51,61.38,61.44,12237.0,126.0,61.438516
PYPL,2026-08-26 14:00:00+00:00,61.44,61.54,61.43,61.51,9548.0,90.0,61.479658
PYPL,2026-08-26 14:05:00+00:00,61.48,61.57,61.48,61.56,7869.0,87.0,61.537627
PYPL,2026-08-26 14:10:00+00:00,61.56,61.65,61.56,61.63,13129.0,167.0,61.615457
PYPL,2026-08-26 14:15:00+00:00,61.67,61.97,61.67,61.97,15221.0,216.0,61.795752
PYPL,2026-08-26 14:20:00+00:00,61.96,62.035,61.75,61.75,11359.0,131.0,61.901433
PYPL,2026-08-26 14:25:00+00:00,61.74,61.745,61.7,61.71,8962.0,107.0,61.724117
PYPL,2026-08-26 14:30:00+00:00,61.7,61.81,61.66,61.765,12052.0,137.0,61.741013
PYPL,2026-08-26 14:35:00+00:00,61.75,61.775,61.7,61.71,5949.0,72.0,61.742342
PYPL,2026-08-26 14:40:00+00:00,61.725,61.805,61.705,61.775,6203.0,71.0,61.744052
PYPL,2026-08-26 14:45:00+00:00,61.77,61.77,61.68,61.705,6483.0,90.0,61.726081
PYPL,2026-08-26 14:50:00+00:00,61.7,61.75,61.65,61.65,9568.0,119.0,61.706987
PYPL,2026-08-26 14:55:00+00:00,61.655,61.8,61.65,61.77,8337.0,104.0,61.728639
PYPL,2026-08-26 15:00:00+00:00,61.77,61.77,61.705,61.72,5647.0,58.0,61.743776
PYPL,2026-08-26 15:05:00+00:00,61.715,61.83,61.715,61.755,7202.0,66.0,61.769632
PYPL,2026-08-26 15:10:00+00:00,61.75,61.785,61.74,61.785,7620.0,91.0,61.762555
PYPL,2026-08-26 15:15:00+00:00,61.79,61.81,61.705,61.715,6029.0,125.0,61.74256
PYPL,2026-08-26 15:20:00+00:00,61.71,61.8,61.71,61.79,7609.0,75.0,61.75521
PYPL,2026-08-26 15:25:00+00:00,61.795,61.825,61.765,61.795,8334.0,97.0,61.787229
PYPL,2026-08-26 15:30:00+00:00,61.79,61.835,61.74,61.835,8458.0,77.0,61.786724
PYPL,2026-08-26 15:35:00+00:00,61.83,61.91,61.83,61.895,5986.0,84.0,61.873275
PYPL,2026-08-26 15:40:00+00:00,61.89,61.89,61.805,61.89,8197.0,104.0,61.859473
PYPL,2026-08-26 15:45:00+00:00,61.905,61.91,61.86,61.885,4641.0,62.0,61.883214
PYPL,2026-08-26 15:50:00+00:00,61.895,61.925,61.845,61.855,5570.0,71.0,61.887637
PYPL,2026-08-26 15:55:00+00:00,61.87,61.875,61.82,61.82,3240.0,43.0,61.852439
PYPL,2026-08-26 16:00:00+00:00,61.805,61.815,61.795,61.815,5189.0,46.0,61.808994
PYPL,2026-08-26 16:05:00+00:00,61.795,61.87,61.795,61.845,5726.0,54.0,61.837464
PYPL,2026-08-26 16:10:00+00:00,61.835,61.86,61.77,61.775,5785.0,63.0,61.811267
PYPL,2026-08-26 16:15:00+00:00,61.785,61.815,61.755,61.805,6437.0,74.0,61.782817
PYPL,2026-08-26 16:20:00+00:00,61.8,61.88,61.71,61.785,18015.0,218.0,61.765359
PYPL,2026-08-26 16:25:00+00:00,61.78,61.81,61.77,61.77,1841.0,45.0,61.787083
PYPL,2026-08-26 16:30:00+00:00,61.75,61.88,61.75,61.84,4241.0,55.0,61.829676
PYPL,2026-08-26 16:35:00+00:00,61.87,61.885,61.82,61.84,9404.0,111.0,61.853474
PYPL,2026-08-26 16:40:00+00:00,61.82,61.825,61.725,61.725,2331.0,56.0,61.770625
PYPL,2026-08-26 16:45:00+00:00,61.755,61.805,61.755,61.805,2260.0,41.0,61.783529
PYPL,2026-08-26 16:50:00+00:00,61.8,61.8,61.765,61.8,3394.0,51.0,61.778524
PYPL,2026-08-26 16:55:00+00:00,61.795,61.82,61.79,61.8,4738.0,65.0,61.802747
PYPL,2026-08-26 17:00:00+00:00,61.795,61.82,61.795,61.81,2860.0,40.0,61.809131
PYPL,2026-08-26 17:05:00+00:00,61.825,61.89,61.825,61.86,6988.0,98.0,61.862085
PYPL,2026-08-26 17:10:00+00:00,61.875,61.875,61.855,61.855,1306.0,18.0,61.864583
PYPL,2026-08-26 17:15:00+00:00,61.835,61.92,61.835,61.895,5072.0,67.0,61.885159
PYPL,2026-08-26 17:20:00+00:00,61.87,61.91,61.87,61.885,3275.0,48.0,61.894263
PYPL,2026-08-26 17:25:00+00:00,61.86,61.86,61.825,61.845,3257.0,59.0,61.838005
PYPL,2026-08-26 17:30:00+00:00,61.845,61.85,61.8,61.835,3946.0,58.0,61.837833
PYPL,2026-08-26 17:35:00+00:00,61.825,61.83,61.77,61.795,4008.0,51.0,61.806509
PYPL,2026-08-26 17:40:00+00:00,61.785,61.805,61.76,61.76,1885.0,36.0,61.785
PYPL,2026-08-26 17:45:00+00:00,61.77,61.77,61.72,61.745,1563.0,30.0,61.75061
PYPL,2026-08-26 17:50:00+00:00,61.745,61.84,61.74,61.84,2446.0,33.0,61.806139
PYPL,2026-08-26 17:55:00+00:00,61.85,61.89,61.835,61.85,3581.0,66.0,61.852398
PYPL,2026-08-26 18:00:00+00:00,61.855,61.89,61.85,61.88,4056.0,55.0,61.879682
PYPL,2026-08-26 18:05:00+00:00,61.885,61.97,61.885,61.92,2797.0,39.0,61.918761
PYPL,2026-08-26 18:10:00+00:00,61.91,61.96,61.91,61.915,2356.0,26.0,61.922481
PYPL,2026-08-26 18:15:00+00:00,61.945,61.98,61.945,61.98,1145.0,28.0,61.959286
PYPL,2026-08-26 18:20:00+00:00,61.975,62.01,61.95,61.95,5402.0,61.0,61.974087
PYPL,2026-08-26 18:25:00+00:00,61.97,61.975,61.9,61.92,3870.0,50.0,61.927006
PYPL,2026-08-26 18:30:00+00:00,61.92,61.97,61.92,61.94,2549.0,42.0,61.9425
PYPL,2026-08-26 18:35:00+00:00,61.93,61.935,61.85,61.86,3935.0,55.0,61.877254
PYPL,2026-08-26 18:40:00+00:00,61.86,61.915,61.855,61.915,1649.0,21.0,61.884549
PYPL,2026-08-26 18:45:00+00:00,61.93,61.96,61.92,61.94,1656.0,28.0,61.943277
PYPL,2026-08-26 18:50:00+00:00,61.95,61.995,61.95,61.995,1188.0,25.0,61.975725
PYPL,2026-08-26 18:55:00+00:00,62.025,62.025,61.925,61.94,4439.0,55.0,61.971268
PYPL,2026-08-26 19:00:00+00:00,61.92,61.97,61.92,61.96,3061.0,47.0,61.945022
PYPL,2026-08-26 19:05:00+00:00,61.95,61.97,61.94,61.97,1746.0,30.0,61.955
PYPL,2026-08-26 19:10:00+00:00,61.96,61.98,61.95,61.965,1860.0,37.0,61.965763
PYPL,2026-08-26 19:15:00+00:00,61.975,61.985,61.955,61.965,2200.0,32.0,61.968729
PYPL,2026-08-26 19:20:00+00:00,61.99,61.99,61.945,61.945,3205.0,64.0,61.959545
PYPL,2026-08-26 19:25:00+00:00,61.94,62.04,61.935,61.975,5881.0,68.0,62.002658
PYPL,2026-08-26 19:30:00+00:00,61.95,61.96,61.895,61.895,5874.0,90.0,61.921207
PYPL,2026-08-26 19:35:00+00:00,61.885,61.935,61.88,61.915,4421.0,42.0,61.90834
PYPL,2026-08-26 19:40:00+00:00,61.915,61.955,61.895,61.955,4768.0,66.0,61.923
PYPL,2026-08-26 19:45:00+00:00,61.94,61.965,61.895,61.965,4676.0,57.0,61.939116
PYPL,2026-08-26 19:50:00+00:00,61.98,62.06,61.975,61.995,14405.0,168.0,62.018301
PYPL,2026-08-26 19:55:00+00:00,61.97,61.97,61.81,61.82,31008.0,393.0,61.856904
PYPL,2026-08-27 13:30:00+00:00,61.99,62.255,61.955,62.125,2211.0,37.0,62.131136
PYPL,2026-08-27 13:35:00+00:00,62.09,62.22,62.04,62.2,11604.0,134.0,62.172303
PYPL,2026-08-27 13:40:00+00:00,62.18,62.18,62.04,62.12,4260.0,59.0,62.089582
PYPL,2026-08-27 13:45:00+00:00,62.13,62.175,61.985,62.06,5608.0,73.0,62.091219
PYPL,2026-08-27 13:50:00+00:00,62.04,62.14,62.005,62.09,1807.0,33.0,62.076894
PYPL,2026-08-27 13:55:00+00:00,62.1,62.28,62.1,62.28,4550.0,46.0,62.258465
PYPL,2026-08-27 14:00:00+00:00,62.27,62.27,62.14,62.19,2954.0,44.0,62.209764
PYPL,2026-08-27 14:05:00+00:00,62.19,62.19,62.11,62.11,1018.0,28.0,62.145
PYPL,2026-08-27 14:10:00+00:00,62.03,62.03,61.87,61.895,2380.0,49.0,61.972233
PYPL,2026-08-27 14:15:00+00:00,61.93,61.945,61.9,61.9,1385.0,29.0,61.927
PYPL,2026-08-27 14:20:00+00:00,61.93,61.93,61.87,61.93,1494.0,25.0,61.9
PYPL,2026-08-27 14:25:00+00:00,61.92,61.93,61.67,61.67,2104.0,33.0,61.811171
PYPL,2026-08-27 14:30:00+00:00,61.63,61.81,61.63,61.81,3066.0,49.0,61.740263
PYPL,2026-08-27 14:35:00+00:00,61.88,62.02,61.88,61.965,1931.0,37.0,61.965257
PYPL,2026-08-27 14:40:00+00:00,61.97,62.07,61.97,62.02,3567.0,37.0,62.031225
PYPL,2026-08-27 14:45:00+00:00,61.99,61.99,61.92,61.99,5049.0,63.0,61.972915
PYPL,2026-08-27 14:50:00+00:00,61.99,62.04,61.975,61.995,4718.0,60.0,62.007411
PYPL,2026-08-27 14:55:00+00:00,61.975,62.035,61.94,61.94,3759.0,60.0,61.99682
PYPL,2026-08-27 15:00:00+00:00,61.94,61.94,61.9,61.905,2705.0,42.0,61.921173
PYPL,2026-08-27 15:05:00+00:00,61.895,61.9,61.85,61.865,2040.0,54.0,61.875
PYPL,2026-08-27 15:10:00+00:00,61.88,61.99,61.88,61.935,2993.0,50.0,61.947174
PYPL,2026-08-27 15:15:00+00:00,61.915,61.975,61.915,61.975,1887.0,29.0,61.945551
PYPL,2026-08-27 15:20:00+00:00,61.97,62.07,61.835,61.84,5158.0,89.0,61.971709
PYPL,2026-08-27 15:25:00+00:00,61.81,61.845,61.775,61.775,3452.0,80.0,61.814805
PYPL,2026-08-27 15:30:00+00:00,61.78,61.815,61.74,61.815,3332.0,94.0,61.768482
PYPL,2026-08-27 15:35:00+00:00,61.81,61.85,61.78,61.78,3466.0,52.0,61.82281
PYPL,2026-08-27 15:40:00+00:00,61.77,61.85,61.77,61.78,3031.0,77.0,61.800905
PYPL,2026-08-27 15:45:00+00:00,61.79,61.81,61.785,61.805,2334.0,37.0,61.801689
PYPL,2026-08-27 15:50:00+00:00,61.78,61.78,61.66,61.66,2055.0,39.0,61.711107
PYPL,2026-08-27 15:55:00+00:00,61.635,61.685,61.635,61.68,1812.0,45.0,61.665591
PYPL,2026-08-27 16:00:00+00:00,61.68,61.71,61.67,61.71,2532.0,66.0,61.69619
PYPL,2026-08-27 16:05:00+00:00,61.69,61.69,61.69,61.69,1000.0,21.0,61.69
PYPL,2026-08-27 16:10:00+00:00,61.66,61.675,61.66,61.675,1045.0,11.0,61.662647
PYPL,2026-08-27 16:15:00+00:00,61.655,61.685,61.615,61.62,3871.0,60.0,61.653249
PYPL,2026-08-27 16:20:00+00:00,61.61,61.64,61.59,61.64,3385.0,53.0,61.609522
PYPL,2026-08-27 16:25:00+00:00,61.61,61.63,61.6,61.61,2314.0,56.0,61.613684
PYPL,2026-08-27 16:30:00+00:00,61.62,61.695,61.62,61.695,2737.0,37.0,61.664617
PYPL,2026-08-27 16:35:00+00:00,61.71,61.71,61.59,61.62,1402.0,25.0,61.6335
PYPL,2026-08-27 16:40:00+00:00,61.585,61.605,61.585,61.6,1273.0,25.0,61.599286
PYPL,2026-08-27 16:45:00+00:00,61.61,61.61,61.575,61.575,1385.0,28.0,61.595714
PYPL,2026-08-27 16:50:00+00:00,61.59,61.62,61.585,61.59,2879.0,41.0,61.600616
PYPL,2026-08-27 16:55:00+00:00,61.575,61.6,61.575,61.595,1232.0,21.0,61.587778
PYPL,2026-08-27 17:00:00+00:00,61.61,61.615,61.595,61.615,2030.0,35.0,61.605
PYPL,2026-08-27 17:05:00+00:00,61.625,61.675,61.625,61.675,886.0,16.0,61.659286
PYPL,2026-08-27 17:10:00+00:00,61.66,61.66,61.61,61.61,935.0,17.0,61.63625
PYPL,2026-08-27 17:15:00+00:00,61.58,61.58,61.575,61.58,929.0,29.0,61.577
PYPL,2026-08-27 17:20:00+00:00,61.6,61.6,61.57,61.58,2088.0,31.0,61.584412
PYPL,2026-08-27 17:25:00+00:00,61.6,61.61,61.585,61.61,2293.0,35.0,61.600038
PYPL,2026-08-27 17:30:00+00:00,61.6,61.64,61.595,61.605,2166.0,22.0,61.609223
PYPL,2026-08-27 17:35:00+00:00,61.57,61.61,61.525,61.525,2914.0,52.0,61.5675
PYPL,2026-08-27 17:40:00+00:00,61.55,61.55,61.515,61.53,1933.0,34.0,61.529688
PYPL,2026-08-27 17:45:00+00:00,61.54,61.55,61.475,61.5,4359.0,66.0,61.509038
PYPL,2026-08-27 17:50:00+00:00,61.49,61.49,61.46,61.46,1285.0,19.0,61.478928
PYPL,2026-08-27 17:55:00+00:00,61.415,61.44,61.395,61.43,1725.0,30.0,61.422606
PYPL,2026-08-27 18:00:00+00:00,61.43,61.47,61.415,61.46,2185.0,28.0,61.449276
PYPL,2026-08-27 18:05:00+00:00,61.43,61.435,61.405,61.425,927.0,21.0,61.424028
PYPL,2026-08-27 18:10:00+00:00,61.44,61.455,61.415,61.415,506.0,6.0,61.435
PYPL,2026-08-27 18:15:00+00:00,61.425,61.455,61.425,61.455,1472.0,32.0,61.43625
PYPL,2026-08-27 18:20:00+00:00,61.46,61.49,61.445,61.49,2250.0,34.0,61.47682
PYPL,2026-08-27 18:25:00+00:00,61.485,61.49,61.45,61.465,2604.0,40.0,61.459468
PYPL,2026-08-27 18:30:00+00:00,61.45,61.46,61.43,61.43,1391.0,25.0,61.444
PYPL,2026-08-27 18:35:00+00:00,61.405,61.42,61.4,61.42,2056.0,30.0,61.414186
PYPL,2026-08-27 18:40:00+00:00,61.41,61.415,61.385,61.385,1800.0,33.0,61.39985
PYPL,2026-08-27 18:45:00+00:00,61.38,61.4,61.375,61.39,1664.0,31.0,61.388462
PYPL,2026-08-27 18:50:00+00:00,61.37,61.43,61.37,61.395,3373.0,61.0,61.407391
PYPL,2026-08-27 18:55:00+00:00,61.4,61.43,61.395,61.43,1677.0,42.0,61.413026
PYPL,2026-08-27 19:00:00+00:00,61.44,61.49,61.43,61.485,1759.0,25.0,61.47
PYPL,2026-08-27 19:05:00+00:00,61.495,61.5,61.465,61.5,2405.0,44.0,61.482181
PYPL,2026-08-27 19:10:00+00:00,61.515,61.535,61.495,61.53,1813.0,29.0,61.521701
PYPL,2026-08-27 19:15:00+00:00,61.52,61.585,61.52,61.58,3648.0,83.0,61.566081
PYPL,2026-08-27 19:20:00+00:00,61.57,61.575,61.495,61.495,3120.0,41.0,61.557134
PYPL,2026-08-27 19:25:00+00:00,61.47,61.5,61.47,61.5,2781.0,45.0,61.485989
PYPL,2026-08-27 19:30:00+00:00,61.485,61.54,61.46,61.535,3525.0,51.0,61.504453
PYPL,2026-08-27 19:35:00+00:00,61.525,61.54,61.49,61.5,5032.0,86.0,61.51873
PYPL,2026-08-27 19:40:00+00:00,61.505,61.545,61.485,61.535,5704.0,83.0,61.518902
PYPL,2026-08-27 19:45:00+00:00,61.52,61.52,61.46,61.48,3937.0,65.0,61.49918
PYPL,2026-08-27 19:50:00+00:00,61.455,61.61,61.435,61.595,9202.0,167.0,61.518409
PYPL,2026-08-27 19:55:00+00:00,61.62,61.655,61.44,61.445,30017.0,444.0,61.523703
PYPL,2026-08-28 13:30:00+00:00,53.75,53.87,52.725,53.36,57256.0,644.0,53.216265
PYPL,2026-08-28 13:35:00+00:00,53.32,53.96,53.29,53.825,36253.0,346.0,53.714408
PYPL,2026-08-28 13:40:00+00:00,53.855,54.355,53.63,54.085,40970.0,374.0,54.004898
PYPL,2026-08-28 13:45:00+00:00,54.155,54.38,54.1,54.31,15098.0,158.0,54.26255
PYPL,2026-08-28 13:50:00+00:00,54.315,54.54,54.26,54.49,20068.0,232.0,54.416598
PYPL,2026-08-28 13:55:00+00:00,54.495,54.685,54.35,54.685,24133.0,278.0,54.483103
PYPL,2026-08-28 14:00:00+00:00,54.61,54.74,54.345,54.42,16287.0,190.0,54.569012
PYPL,2026-08-28 14:05:00+00:00,54.43,54.55,54.32,54.44,16780.0,249.0,54.417103
PYPL,2026-08-28 14:10:00+00:00,54.45,54.53,54.27,54.295,14852.0,200.0,54.406199
PYPL,2026-08-28 14:15:00+00:00,54.305,54.315,54.205,54.255,24783.0,317.0,54.255407
PYPL,2026-08-28 14:20:00+00:00,54.285,54.51,54.285,54.3,18682.0,224.0,54.401136
PYPL,2026-08-28 14:25:00+00:00,54.315,54.5,54.27,54.46,21462.0,270.0,54.427682
PYPL,2026-08-28 14:30:00+00:00,54.48,54.6,54.335,54.335,19492.0,273.0,54.468087
PYPL,2026-08-28 14:35:00+00:00,54.335,54.535,54.255,54.36,16853.0,219.0,54.415899
PYPL,2026-08-28 14:40:00+00:00,54.255,54.26,54.01,54.12,19064.0,245.0,54.153786
PYPL,2026-08-28 14:45:00+00:00,54.155,54.21,54.095,54.145,12350.0,158.0,54.150072
PYPL,2026-08-28 14:50:00+00:00,54.17,54.34,54.13,54.34,9694.0,118.0,54.206375
PYPL,2026-08-28 14:55:00+00:00,54.315,54.41,54.065,54.17,13213.0,184.0,54.266873
PYPL,2026-08-28 15:00:00+00:00,54.155,54.155,53.96,54.0,27668.0,324.0,54.076361
PYPL,2026-08-28 15:05:00+00:00,54.02,54.165,54.02,54.035,14355.0,216.0,54.105049
PYPL,2026-08-28 15:10:00+00:00,54.015,54.46,53.985,54.38,18746.0,230.0,54.185337
PYPL,2026-08-28 15:15:00+00:00,54.375,54.415,54.245,54.245,17807.0,229.0,54.369769
PYPL,2026-08-28 15:20:00+00:00,54.265,54.355,54.215,54.355,11300.0,160.0,54.291061
PYPL,2026-08-28 15:25:00+00:00,54.385,54.42,54.305,54.42,12757.0,178.0,54.359587
PYPL,2026-08-28 15:30:00+00:00,54.42,54.54,54.405,54.52,16526.0,252.0,54.463559
PYPL,2026-08-28 15:35:00+00:00,54.525,54.525,54.315,54.365,19773.0,197.0,54.455825
PYPL,2026-08-28 15:40:00+00:00,54.37,54.425,54.32,54.32,24704.0,230.0,54.404173
PYPL,2026-08-28 15:45:00+00:00,54.325,54.39,54.265,54.34,6583.0,109.0,54.32189
PYPL,2026-08-28 15:50:00+00:00,54.4,54.445,54.37,54.37,11358.0,144.0,54.406002
PYPL,2026-08-28 15:55:00+00:00,54.33,54.33,54.215,54.27,4835.0,81.0,54.272425
PYPL,2026-08-28 16:00:00+00:00,54.25,54.28,54.165,54.19,7196.0,122.0,54.223747
PYPL,2026-08-28 16:05:00+00:00,54.205,54.225,54.155,54.18,3782.0,68.0,54.194216
PYPL,2026-08-28 16:10:00+00:00,54.165,54.165,53.92,53.93,13689.0,165.0,53.982579
PYPL,2026-08-28 16:15:00+00:00,53.94,54.065,53.94,53.965,6631.0,117.0,53.977023
PYPL,2026-08-28 16:20:00+00:00,53.965,53.995,53.815,53.825,6242.0,110.0,53.887573
PYPL,2026-08-28 16:25:00+00:00,53.805,53.87,53.79,53.795,5421.0,102.0,53.808893
PYPL,2026-08-28 16:30:00+00:00,53.795,53.96,53.795,53.895,10863.0,187.0,53.901775
PYPL,2026-08-28 16:35:00+00:00,53.895,54.205,53.895,54.09,15375.0,223.0,54.089455
PYPL,2026-08-28 16:40:00+00:00,54.11,54.12,53.97,53.985,16440.0,188.0,54.071579
PYPL,2026-08-28 16:45:00+00:00,53.96,53.97,53.865,53.97,10528.0,164.0,53.914956
PYPL,2026-08-28 16:50:00+00:00,53.965,54.035,53.91,53.925,6016.0,113.0,53.987612
PYPL,2026-08-28 16:55:00+00:00,53.915,54.04,53.905,53.955,7439.0,121.0,53.972459
PYPL,2026-08-28 17:00:00+00:00,53.935,54.03,53.865,54.02,6678.0,109.0,53.927778
PYPL,2026-08-28 17:05:00+00:00,54.03,54.125,54.01,54.07,6038.0,104.0,54.053611
PYPL,2026-08-28 17:10:00+00:00,54.07,54.14,54.04,54.14,5521.0,90.0,54.088728
PYPL,2026-08-28 17:15:00+00:00,54.135,54.135,54.045,54.12,4699.0,81.0,54.084626
PYPL,2026-08-28 17:20:00+00:00,54.055,54.055,53.995,54.025,3418.0,53.0,54.002525
PYPL,2026-08-28 17:25:00+00:00,54.025,54.06,53.995,54.0,5199.0,84.0,54.017807
PYPL,2026-08-28 17:30:00+00:00,53.975,54.06,53.93,53.945,5932.0,115.0,53.979522
PYPL,2026-08-28 17:35:00+00:00,53.925,53.975,53.88,53.89,10626.0,149.0,53.934025
PYPL,2026-08-28 17:40:00+00:00,53.9,53.915,53.88,53.9,2794.0,49.0,53.89871
PYPL,2026-08-28 17:45:00+00:00,53.865,53.875,53.775,53.805,5484.0,99.0,53.830561
PYPL,2026-08-28 17:50:00+00:00,53.84,53.845,53.79,53.8,6062.0,110.0,53.818913
PYPL,2026-08-28 17:55:00+00:00,53.825,53.905,53.805,53.9,7900.0,117.0,53.839546
PYPL,2026-08-28 18:00:00+00:00,53.875,53.875,53.835,53.835,3401.0,83.0,53.844011
PYPL,2026-08-28 18:05:00+00:00,53.815,53.9,53.81,53.89,7963.0,112.0,53.854658
PYPL,2026-08-28 18:10:00+00:00,53.89,53.895,53.805,53.87,5644.0,84.0,53.848964
PYPL,2026-08-28 18:15:00+00:00,53.855,53.86,53.815,53.825,4508.0,75.0,53.83642
PYPL,2026-08-28 18:20:00+00:00,53.8,53.8,53.755,53.765,6801.0,106.0,53.770899
PYPL,2026-08-28 18:25:00+00:00,53.765,53.785,53.715,53.785,7119.0,94.0,53.76142
PYPL,2026-08-28 18:30:00+00:00,53.755,53.79,53.68,53.79,6018.0,111.0,53.733243
PYPL,2026-08-28 18:35:00+00:00,53.77,53.885,53.77,53.865,5436.0,107.0,53.82764
PYPL,2026-08-28 18:40:00+00:00,53.835,53.835,53.765,53.775,4747.0,93.0,53.80239
PYPL,2026-08-28 18:45:00+00:00,53.75,53.755,53.675,53.68,6605.0,112.0,53.695218
PYPL,2026-08-28 18:50:00+00:00,53.725,53.725,53.695,53.695,4160.0,70.0,53.714265
PYPL,2026-08-28 18:55:00+00:00,53.665,53.75,53.665,53.735,6844.0,91.0,53.710496
PYPL,2026-08-28 19:00:00+00:00,53.74,53.755,53.67,53.675,7228.0,95.0,53.703863
PYPL,2026-08-28 19:05:00+00:00,53.67,53.67,53.62,53.63,9942.0,149.0,53.640925
PYPL,2026-08-28 19:10:00+00:00,53.635,53.675,53.57,53.675,11235.0,140.0,53.635287
PYPL,2026-08-28 19:15:00+00:00,53.635,53.7,53.61,53.685,11053.0,141.0,53.654374
PYPL,2026-08-28 19:20:00+00:00,53.68,53.785,53.675,53.785,12467.0,207.0,53.734409
PYPL,2026-08-28 19:25:00+00:00,53.78,53.855,53.705,53.855,14916.0,182.0,53.788843
PYPL,2026-08-28 19:30:00+00:00,53.84,53.93,53.825,53.85,11786.0,151.0,53.874312
PYPL,2026-08-28 19:35:00+00:00,53.835,53.835,53.695,53.745,18890.0,206.0,53.76338
PYPL,2026-08-28 19:40:00+00:00,53.745,53.745,53.625,53.735,15404.0,176.0,53.674014
PYPL,2026-08-28 19:45:00+00:00,53.725,53.765,53.645,53.765,17021.0,204.0,53.699129
PYPL,2026-08-28 19:50:00+00:00,53.78,53.885,53.66,53.705,32435.0,302.0,53.78439
PYPL,2026-08-28 19:55:00+00:00,53.71,53.71,53.6,53.655,92585.0,891.0,53.66903
PYPL,2026-08-31 13:30:00+00:00,53.33,53.58,52.785,52.805,17845.0,182.0,53.088733
PYPL,2026-08-31 13:35:00+00:00,52.78,52.81,52.375,52.395,19797.0,208.0,52.601281
PYPL,2026-08-31 13:40:00+00:00,52.36,52.365,51.94,51.97,12764.0,155.0,52.133596
PYPL,2026-08-31 13:45:00+00:00,51.97,52.385,51.97,52.26,14423.0,175.0,52.160966
PYPL,2026-08-31 13:50:00+00:00,52.32,52.44,52.175,52.225,16280.0,188.0,52.291316
PYPL,2026-08-31 13:55:00+00:00,52.245,52.34,52.18,52.22,14245.0,188.0,52.244159
PYPL,2026-08-31 14:00:00+00:00,52.225,52.49,52.19,52.37,12840.0,162.0,52.328961
PYPL,2026-08-31 14:05:00+00:00,52.375,52.665,52.375,52.66,14900.0,219.0,52.538548
PYPL,2026-08-31 14:10:00+00:00,52.695,52.745,52.56,52.605,8388.0,115.0,52.641268
PYPL,2026-08-31 14:15:00+00:00,52.595,52.695,52.545,52.695,5425.0,103.0,52.590333
PYPL,2026-08-31 14:20:00+00:00,52.7,52.72,52.595,52.66,7652.0,114.0,52.655835
PYPL,2026-08-31 14:25:00+00:00,52.605,52.605,52.54,52.58,3794.0,117.0,52.571428
PYPL,2026-08-31 14:30:00+00:00,52.625,52.8,52.6,52.73,9885.0,137.0,52.69097
PYPL,2026-08-31 14:35:00+00:00,52.75,52.95,52.75,52.9,13539.0,189.0,52.875232
PYPL,2026-08-31 14:40:00+00:00,52.86,52.985,52.86,52.95,11131.0,176.0,52.915625
PYPL,2026-08-31 14:45:00+00:00,52.955,53.31,52.94,53.31,10879.0,147.0,53.154356
PYPL,2026-08-31 14:50:00+00:00,53.3,53.34,53.215,53.27,7427.0,91.0,53.285197
PYPL,2026-08-31 14:55:00+00:00,53.265,53.375,53.265,53.315,5371.0,115.0,53.322222
PYPL,2026-08-31 15:00:00+00:00,53.33,53.38,53.295,53.33,3885.0,84.0,53.345842
PYPL,2026-08-31 15:05:00+00:00,53.33,53.345,53.235,53.275,4082.0,73.0,53.286176
PYPL,2026-08-31 15:10:00+00:00,53.265,53.27,53.215,53.265,2977.0,80.0,53.240227
PYPL,2026-08-31 15:15:00+00:00,53.22,53.315,53.17,53.315,2833.0,47.0,53.215869
PYPL,2026-08-31 15:20:00+00:00,53.325,53.56,53.325,53.545,5527.0,69.0,53.471416
PYPL,2026-08-31 15:25:00+00:00,53.555,53.655,53.55,53.64,2396.0,34.0,53.60801
PYPL,2026-08-31 15:30:00+00:00,53.635,53.635,53.515,53.52,3100.0,51.0,53.565204
PYPL,2026-08-31 15:35:00+00:00,53.52,53.535,53.505,53.51,4409.0,55.0,53.520411
PYPL,2026-08-31 15:40:00+00:00,53.56,53.56,53.5,53.515,2228.0,29.0,53.530595
PYPL,2026-08-31 15:45:00+00:00,53.565,53.62,53.55,53.62,1785.0,26.0,53.578333
PYPL,2026-08-31 15:50:00+00:00,53.61,53.66,53.61,53.635,2013.0,26.0,53.641902
PYPL,2026-08-31 15:55:00+00:00,53.625,53.635,53.565,53.585,13880.0,202.0,53.591148
PYPL,2026-08-31 16:00:00+00:00,53.59,53.63,53.535,53.57,5008.0,83.0,53.581072
PYPL,2026-08-31 16:05:00+00:00,53.57,53.58,53.46,53.46,5224.0,64.0,53.524944
PYPL,2026-08-31 16:10:00+00:00,53.47,53.505,53.315,53.385,5275.0,58.0,53.400802
PYPL,2026-08-31 16:15:00+00:00,53.375,53.42,53.355,53.42,4390.0,53.0,53.382027
PYPL,2026-08-31 16:20:00+00:00,53.42,53.48,53.4,53.46,8284.0,98.0,53.431864
PYPL,2026-08-31 16:25:00+00:00,53.455,53.455,53.39,53.425,3179.0,43.0,53.407
PYPL,2026-08-31 16:30:00+00:00,53.415,53.435,53.355,53.355,3906.0,54.0,53.40569
PYPL,2026-08-31 16:35:00+00:00,53.35,53.365,53.315,53.315,4501.0,73.0,53.335256
PYPL,2026-08-31 16:40:00+00:00,53.295,53.345,53.29,53.315,3518.0,50.0,53.318333
PYPL,2026-08-31 16:45:00+00:00,53.315,53.365,53.31,53.335,4091.0,52.0,53.332015
PYPL,2026-08-31 16:50:00+00:00,53.335,53.345,53.315,53.315,3446.0,39.0,53.32685
PYPL,2026-08-31 16:55:00+00:00,53.29,53.31,53.27,53.305,3190.0,45.0,53.293518
PYPL,2026-08-31 17:00:00+00:00,53.3,53.31,53.28,53.29,2690.0,42.0,53.298532
PYPL,2026-08-31 17:05:00+00:00,53.255,53.3,53.25,53.27,2878.0,38.0,53.276602
PYPL,2026-08-31 17:10:00+00:00,53.255,53.295,53.255,53.285,3616.0,38.0,53.277697
PYPL,2026-08-31 17:15:00+00:00,53.295,53.295,53.24,53.265,2356.0,37.0,53.267368
PYPL,2026-08-31 17:20:00+00:00,53.265,53.275,53.175,53.21,4107.0,71.0,53.207424
PYPL,2026-08-31 17:25:00+00:00,53.19,53.2,53.185,53.195,1665.0,23.0,53.191563
PYPL,2026-08-31 17:30:00+00:00,53.205,53.25,53.195,53.24,8730.0,94.0,53.223339
PYPL,2026-08-31 17:35:00+00:00,53.245,53.245,53.185,53.23,4761.0,71.0,53.214959
PYPL,2026-08-31 17:40:00+00:00,53.255,53.255,53.235,53.235,3573.0,55.0,53.238448
PYPL,2026-08-31 17:45:00+00:00,53.245,53.28,53.235,53.28,6679.0,88.0,53.248
PYPL,2026-08-31 17:50:00+00:00,53.27,53.285,53.205,53.225,4838.0,64.0,53.263573
PYPL,2026-08-31 17:55:00+00:00,53.235,53.245,53.205,53.215,8917.0,103.0,53.232945
PYPL,2026-08-31 18:00:00+00:00,53.21,53.34,53.21,53.285,8096.0,100.0,53.268078
PYPL,2026-08-31 18:05:00+00:00,53.285,53.31,53.275,53.305,5993.0,72.0,53.28817
PYPL,2026-08-31 18:10:00+00:00,53.305,53.305,53.235,53.255,4369.0,48.0,53.254789
PYPL,2026-08-31 18:15:00+00:00,53.255,53.275,53.215,53.22,4255.0,61.0,53.246571
PYPL,2026-08-31 18:20:00+00:00,53.2,53.2,53.14,53.14,4840.0,65.0,53.163603
PYPL,2026-08-31 18:25:00+00:00,53.15,53.2,53.145,53.2,3716.0,48.0,53.156861
PYPL,2026-08-31 18:30:00+00:00,53.19,53.235,53.175,53.215,3335.0,43.0,53.196
PYPL,2026-08-31 18:35:00+00:00,53.205,53.275,53.205,53.26,4434.0,60.0,53.236184
PYPL,2026-08-31 18:40:00+00:00,53.275,53.275,53.255,53.26,4433.0,52.0,53.265978
PYPL,2026-08-31 18:45:00+00:00,53.265,53.265,53.215,53.255,4005.0,54.0,53.230469
PYPL,2026-08-31 18:50:00+00:00,53.255,53.285,53.245,53.265,5064.0,72.0,53.253637
PYPL,2026-08-31 18:55:00+00:00,53.265,53.29,53.245,53.285,5863.0,69.0,53.266896
PYPL,2026-08-31 19:00:00+00:00,53.285,53.295,53.22,53.245,7222.0,88.0,53.248697
PYPL,2026-08-31 19:05:00+00:00,53.245,53.275,53.245,53.26,3874.0,63.0,53.266382
PYPL,2026-08-31 19:10:00+00:00,53.25,53.26,53.175,53.22,15380.0,120.0,53.223163
PYPL,2026-08-31 19:15:00+00:00,53.215,53.22,53.105,53.105,12042.0,136.0,53.184061
PYPL,2026-08-31 19:20:00+00:00,53.105,53.135,53.075,53.11,14316.0,159.0,53.107272
PYPL,2026-08-31 19:25:00+00:00,53.105,53.115,53.005,53.005,13391.0,158.0,53.085019
PYPL,2026-08-31 19:30:00+00:00,53.005,53.015,52.845,52.845,22855.0,248.0,52.930774
PYPL,2026-08-31 19:35:00+00:00,52.835,52.94,52.785,52.935,33134.0,322.0,52.838323
PYPL,2026-08-31 19:40:00+00:00,52.935,53.025,52.895,52.975,29605.0,336.0,52.969542
PYPL,2026-08-31 19:45:00+00:00,52.965,52.985,52.87,52.905,19851.0,242.0,52.93164
PYPL,2026-08-31 19:50:00+00:00,52.88,52.88,52.695,52.7,43690.0,444.0,52.786065
PYPL,2026-08-31 19:55:00+00:00,52.7,52.765,52.565,52.665,111082.0,1097.0,52.660473
PYPL,2026-09-01 13:30:00+00:00,52.39,52.79,52.39,52.68,21033.0,205.0,52.589664
PYPL,2026-09-01 13:35:00+00:00,52.69,52.8,52.585,52.635,6786.0,81.0,52.693292
PYPL,2026-09-01 13:40:00+00:00,52.7,52.7,52.43,52.43,3424.0,40.0,52.549068
PYPL,2026-09-01 13:45:00+00:00,52.47,52.805,52.47,52.74,6261.0,83.0,52.712063
PYPL,2026-09-01 13:50:00+00:00,52.81,52.84,52.69,52.69,4093.0,63.0,52.771768
PYPL,2026-09-01 13:55:00+00:00,52.7,52.785,52.7,52.785,5656.0,69.0,52.739847
PYPL,2026-09-01 14:00:00+00:00,52.71,52.71,52.47,52.5,6470.0,85.0,52.58609
PYPL,2026-09-01 14:05:00+00:00,52.53,52.575,52.46,52.56,4927.0,49.0,52.525325
PYPL,2026-09-01 14:10:00+00:00,52.57,52.69,52.525,52.69,5162.0,69.0,52.584381
PYPL,2026-09-01 14:15:00+00:00,52.68,52.7,52.585,52.62,3973.0,63.0,52.626846
PYPL,2026-09-01 14:20:00+00:00,52.65,52.755,52.64,52.71,4275.0,52.0,52.704276
PYPL,2026-09-01 14:25:00+00:00,52.76,52.78,52.68,52.78,4158.0,64.0,52.730644
PYPL,2026-09-01 14:30:00+00:00,52.795,52.8,52.695,52.74,7285.0,131.0,52.741774
PYPL,2026-09-01 14:35:00+00:00,52.75,52.755,52.675,52.72,4038.0,54.0,52.727068
PYPL,2026-09-01 14:40:00+00:00,52.715,52.725,52.62,52.685,8337.0,85.0,52.663011
PYPL,2026-09-01 14:45:00+00:00,52.705,52.82,52.685,52.705,8430.0,106.0,52.738213
PYPL,2026-09-01 14:50:00+00:00,52.695,52.765,52.69,52.765,3625.0,77.0,52.718772
PYPL,2026-09-01 14:55:00+00:00,52.755,52.755,52.66,52.665,3006.0,33.0,52.696786
PYPL,2026-09-01 15:00:00+00:00,52.66,52.665,52.535,52.555,6505.0,57.0,52.566705
PYPL,2026-09-01 15:05:00+00:00,52.555,52.575,52.495,52.55,2041.0,37.0,52.539
PYPL,2026-09-01 15:10:00+00:00,52.545,52.58,52.52,52.52,3439.0,44.0,52.546786
PYPL,2026-09-01 15:15:00+00:00,52.53,52.575,52.525,52.57,2837.0,41.0,52.540787
PYPL,2026-09-01 15:20:00+00:00,52.575,52.58,52.55,52.56,1319.0,27.0,52.566626
PYPL,2026-09-01 15:25:00+00:00,52.535,52.685,52.515,52.685,7678.0,94.0,52.583757
PYPL,2026-09-01 15:30:00+00:00,52.68,52.715,52.65,52.695,5681.0,72.0,52.681343
PYPL,2026-09-01 15:35:00+00:00,52.685,52.725,52.68,52.72,2224.0,38.0,52.701751
PYPL,2026-09-01 15:40:00+00:00,52.725,52.755,52.685,52.755,2483.0,27.0,52.719118
PYPL,2026-09-01 15:45:00+00:00,52.735,52.735,52.725,52.735,1903.0,31.0,52.732857
PYPL,2026-09-01 15:50:00+00:00,52.7,52.765,52.625,52.645,11145.0,135.0,52.693459
PYPL,2026-09-01 15:55:00+00:00,52.65,52.73,52.65,52.7,3831.0,53.0,52.691224
PYPL,2026-09-01 16:00:00+00:00,52.7,52.76,52.675,52.68,4451.0,49.0,52.721397
PYPL,2026-09-01 16:05:00+00:00,52.68,52.785,52.655,52.78,4639.0,81.0,52.740385
PYPL,2026-09-01 16:10:00+00:00,52.765,52.88,52.765,52.8,2007.0,43.0,52.819205
PYPL,2026-09-01 16:15:00+00:00,52.755,52.795,52.725,52.775,3906.0,41.0,52.762843
PYPL,2026-09-01 16:20:00+00:00,52.77,52.77,52.695,52.695,2163.0,26.0,52.719762
PYPL,2026-09-01 16:25:00+00:00,52.69,52.7,52.69,52.7,1680.0,18.0,52.696333
PYPL,2026-09-01 16:30:00+00:00,52.68,52.69,52.645,52.69,1757.0,25.0,52.669941
PYPL,2026-09-01 16:35:00+00:00,52.7,52.725,52.64,52.67,2659.0,33.0,52.684882
PYPL,2026-09-01 16:40:00+00:00,52.675,52.68,52.635,52.645,2686.0,30.0,52.652888
PYPL,2026-09-01 16:45:00+00:00,52.645,52.67,52.63,52.645,2496.0,34.0,52.642235
PYPL,2026-09-01 16:50:00+00:00,52.64,52.64,52.635,52.635,1345.0,17.0,52.637616
PYPL,2026-09-01 16:55:00+00:00,52.59,52.61,52.585,52.6,1225.0,19.0,52.594445
PYPL,2026-09-01 17:00:00+00:00,52.6,52.73,52.585,52.645,4128.0,49.0,52.673694
PYPL,2026-09-01 17:05:00+00:00,52.63,52.65,52.62,52.65,1773.0,35.0,52.633385
PYPL,2026-09-01 17:10:00+00:00,52.675,52.705,52.65,52.655,2938.0,40.0,52.681067
PYPL,2026-09-01 17:15:00+00:00,52.655,52.7,52.635,52.68,3197.0,42.0,52.674062
PYPL,2026-09-01 17:20:00+00:00,52.655,52.67,52.595,52.61,5384.0,53.0,52.651965
PYPL,2026-09-01 17:25:00+00:00,52.595,52.79,52.595,52.66,48170.0,362.0,52.695295
PYPL,2026-09-01 17:30:00+00:00,52.675,52.71,52.675,52.7,5686.0,47.0,52.69999
PYPL,2026-09-01 17:35:00+00:00,52.74,52.905,52.74,52.9,5471.0,70.0,52.817343
PYPL,2026-09-01 17:40:00+00:00,52.88,52.92,52.84,52.895,7235.0,101.0,52.879746
PYPL,2026-09-01 17:45:00+00:00,52.87,52.88,52.815,52.815,8845.0,95.0,52.845113
PYPL,2026-09-01 17:50:00+00:00,52.81,52.83,52.76,52.78,4861.0,53.0,52.807482
PYPL,2026-09-01 17:55:00+00:00,52.765,52.805,52.765,52.785,6196.0,71.0,52.786459
PYPL,2026-09-01 18:00:00+00:00,52.77,52.77,52.66,52.68,7532.0,81.0,52.690136
PYPL,2026-09-01 18:05:00+00:00,52.705,52.735,52.69,52.715,3091.0,37.0,52.70374
PYPL,2026-09-01 18:10:00+00:00,52.765,52.81,52.715,52.72,2938.0,40.0,52.751458
PYPL,2026-09-01 18:15:00+00:00,52.73,52.745,52.7,52.7,5402.0,85.0,52.733847
PYPL,2026-09-01 18:20:00+00:00,52.73,52.73,52.685,52.725,3390.0,43.0,52.708363
PYPL,2026-09-01 18:25:00+00:00,52.705,52.705,52.67,52.67,2356.0,35.0,52.680677
PYPL,2026-09-01 18:30:00+00:00,52.615,52.625,52.585,52.62,2347.0,39.0,52.605432
PYPL,2026-09-01 18:35:00+00:00,52.615,52.655,52.61,52.65,3808.0,51.0,52.635156
PYPL,2026-09-01 18:40:00+00:00,52.64,52.66,52.62,52.62,2103.0,38.0,52.639063
PYPL,2026-09-01 18:45:00+00:00,52.59,52.68,52.575,52.68,4268.0,65.0,52.60938
PYPL,2026-09-01 18:50:00+00:00,52.69,52.7,52.59,52.605,5002.0,54.0,52.660926
PYPL,2026-09-01 18:55:00+00:00,52.59,52.615,52.53,52.53,4082.0,67.0,52.591277
PYPL,2026-09-01 19:00:00+00:00,52.52,52.555,52.45,52.45,22998.0,92.0,52.525515
PYPL,2026-09-01 19:05:00+00:00,52.46,52.5,52.455,52.485,6696.0,65.0,52.476239
PYPL,2026-09-01 19:10:00+00:00,52.495,52.525,52.485,52.49,5369.0,66.0,52.502182
PYPL,2026-09-01 19:15:00+00:00,52.49,52.505,52.47,52.475,5155.0,90.0,52.489891
PYPL,2026-09-01 19:20:00+00:00,52.495,52.525,52.405,52.435,8407.0,96.0,52.457115
PYPL,2026-09-01 19:25:00+00:00,52.445,52.455,52.365,52.375,6925.0,85.0,52.416718
PYPL,2026-09-01 19:30:00+00:00,52.385,52.385,52.285,52.33,12038.0,132.0,52.333117
PYPL,2026-09-01 19:35:00+00:00,52.33,52.405,52.33,52.405,9234.0,109.0,52.363951
PYPL,2026-09-01 19:40:00+00:00,52.395,52.425,52.285,52.325,8210.0,88.0,52.357557
PYPL,2026-09-01 19:45:00+00:00,52.31,52.375,52.31,52.345,8096.0,101.0,52.338733
PYPL,2026-09-01 19:50:00+00:00,52.35,52.4,52.3,52.375,21611.0,231.0,52.360192
PYPL,2026-09-01 19:55:00+00:00,52.38,52.43,52.305,52.43,78102.0,852.0,52.354044
PYPL,2026-09-02 13:30:00+00:00,52.57,52.75,52.4,52.735,6432.0,85.0,52.548278
PYPL,2026-09-02 13:35:00+00:00,52.6,52.64,52.415,52.595,5106.0,60.0,52.542108
PYPL,2026-09-02 13:40:00+00:00,52.57,52.79,52.57,52.77,8821.0,106.0,52.665971
PYPL,2026-09-02 13:45:00+00:00,52.76,53.095,52.76,53.09,10011.0,123.0,52.913524
PYPL,2026-09-02 13:50:00+00:00,53.14,53.405,53.135,53.405,6646.0,98.0,53.255704
PYPL,2026-09-02 13:55:00+00:00,53.46,53.61,53.46,53.58,7980.0,128.0,53.539383
PYPL,2026-09-02 14:00:00+00:00,53.575,53.655,53.53,53.575,8512.0,125.0,53.591547
PYPL,2026-09-02 14:05:00+00:00,53.58,53.66,53.515,53.515,8666.0,188.0,53.602012
PYPL,2026-09-02 14:10:00+00:00,53.515,53.63,53.5,53.61,9778.0,117.0,53.578373
PYPL,2026-09-02 14:15:00+00:00,53.59,53.6,53.44,53.44,8198.0,129.0,53.505879
PYPL,2026-09-02 14:20:00+00:00,53.44,53.58,53.405,53.575,6344.0,108.0,53.485899
PYPL,2026-09-02 14:25:00+00:00,53.525,53.75,53.525,53.685,7821.0,138.0,53.688489
PYPL,2026-09-02 14:30:00+00:00,53.665,53.87,53.64,53.84,8004.0,108.0,53.775823
PYPL,2026-09-02 14:35:00+00:00,53.84,54.005,53.84,53.985,11549.0,110.0,53.929537
PYPL,2026-09-02 14:40:00+00:00,53.97,54.105,53.97,54.1,9747.0,94.0,54.037795
PYPL,2026-09-02 14:45:00+00:00,54.08,54.19,54.01,54.17,6646.0,97.0,54.094199
PYPL,2026-09-02 14:50:00+00:00,54.17,54.23,54.14,54.21,4635.0,94.0,54.189027
PYPL,2026-09-02 14:55:00+00:00,54.185,54.205,54.03,54.07,5309.0,119.0,54.133798
PYPL,2026-09-02 15:00:00+00:00,54.045,54.11,53.985,54.015,4403.0,100.0,54.037453
PYPL,2026-09-02 15:05:00+00:00,53.985,53.99,53.9,53.905,6271.0,85.0,53.959873
PYPL,2026-09-02 15:10:00+00:00,53.91,54.075,53.885,54.075,7893.0,154.0,53.96441
PYPL,2026-09-02 15:15:00+00:00,54.065,54.15,54.06,54.135,3973.0,54.0,54.116846
PYPL,2026-09-02 15:20:00+00:00,54.14,54.15,54.105,54.15,4867.0,70.0,54.128231
PYPL,2026-09-02 15:25:00+00:00,54.16,54.215,54.11,54.13,4663.0,63.0,54.178786
PYPL,2026-09-02 15:30:00+00:00,54.12,54.12,53.985,53.985,3835.0,41.0,54.089418
PYPL,2026-09-02 15:35:00+00:00,54.01,54.06,54.005,54.05,2753.0,42.0,54.031789
PYPL,2026-09-02 15:40:00+00:00,54.05,54.125,54.03,54.08,2452.0,42.0,54.092
PYPL,2026-09-02 15:45:00+00:00,54.005,54.09,54.005,54.04,4074.0,70.0,54.036677
PYPL,2026-09-02 15:50:00+00:00,54.1,54.135,54.05,54.07,6146.0,67.0,54.079053
PYPL,2026-09-02 15:55:00+00:00,54.05,54.12,54.05,54.115,4607.0,76.0,54.084572
PYPL,2026-09-02 16:00:00+00:00,54.11,54.18,54.075,54.18,4063.0,55.0,54.146599
PYPL,2026-09-02 16:05:00+00:00,54.155,54.205,54.14,54.18,5911.0,88.0,54.187412
PYPL,2026-09-02 16:10:00+00:00,54.18,54.27,54.115,54.255,5793.0,91.0,54.217602
PYPL,2026-09-02 16:15:00+00:00,54.23,54.25,54.06,54.12,17552.0,239.0,54.155057
PYPL,2026-09-02 16:20:00+00:00,54.15,54.17,54.11,54.11,2959.0,68.0,54.132311
PYPL,2026-09-02 16:25:00+00:00,54.12,54.14,54.055,54.09,3353.0,74.0,54.100623
PYPL,2026-09-02 16:30:00+00:00,54.085,54.115,54.08,54.1,1434.0,52.0,54.098335
PYPL,2026-09-02 16:35:00+00:00,54.095,54.145,54.09,54.105,3059.0,65.0,54.118642
PYPL,2026-09-02 16:40:00+00:00,54.1,54.17,54.09,54.12,3961.0,51.0,54.126841
PYPL,2026-09-02 16:45:00+00:00,54.13,54.185,54.13,54.185,4715.0,63.0,54.168511
PYPL,2026-09-02 16:50:00+00:00,54.16,54.235,54.14,54.21,5841.0,72.0,54.187326
PYPL,2026-09-02 16:55:00+00:00,54.21,54.225,54.195,54.215,4227.0,49.0,54.213446
PYPL,2026-09-02 17:00:00+00:00,54.23,54.265,54.23,54.255,5897.0,70.0,54.245489
PYPL,2026-09-02 17:05:00+00:00,54.26,54.345,54.24,54.24,5255.0,119.0,54.302646
PYPL,2026-09-02 17:10:00+00:00,54.25,54.275,54.24,54.24,3019.0,56.0,54.258118
PYPL,2026-09-02 17:15:00+00:00,54.24,54.27,54.225,54.225,2013.0,45.0,54.248611
PYPL,2026-09-02 17:20:00+00:00,54.185,54.22,54.185,54.22,5163.0,69.0,54.202253
PYPL,2026-09-02 17:25:00+00:00,54.24,54.26,54.22,54.26,3417.0,41.0,54.236429
PYPL,2026-09-02 17:30:00+00:00,54.23,54.245,54.2,54.21,2746.0,34.0,54.226905
PYPL,2026-09-02 17:35:00+00:00,54.21,54.21,54.155,54.2,3220.0,44.0,54.1875
PYPL,2026-09-02 17:40:00+00:00,54.22,54.265,54.22,54.265,1661.0,26.0,54.228977
PYPL,2026-09-02 17:45:00+00:00,54.29,54.29,54.23,54.245,2216.0,39.0,54.264177
PYPL,2026-09-02 17:50:00+00:00,54.23,54.24,54.22,54.24,2972.0,38.0,54.231436
PYPL,2026-09-02 17:55:00+00:00,54.24,54.285,54.24,54.265,3373.0,53.0,54.260818
PYPL,2026-09-02 18:00:00+00:00,54.26,54.295,54.205,54.295,3159.0,50.0,54.235345
PYPL,2026-09-02 18:05:00+00:00,54.305,54.33,54.25,54.3,4097.0,66.0,54.284058
PYPL,2026-09-02 18:10:00+00:00,54.28,54.31,54.265,54.265,2467.0,20.0,54.281667
PYPL,2026-09-02 18:15:00+00:00,54.275,54.295,54.225,54.275,3613.0,50.0,54.260361
PYPL,2026-09-02 18:20:00+00:00,54.28,54.29,54.24,54.24,3028.0,55.0,54.260918
PYPL,2026-09-02 18:25:00+00:00,54.23,54.245,54.225,54.24,2526.0,32.0,54.235435
PYPL,2026-09-02 18:30:00+00:00,54.24,54.24,54.12,54.14,2821.0,45.0,54.171613
PYPL,2026-09-02 18:35:00+00:00,54.14,54.17,54.14,54.16,2121.0,36.0,54.160714
PYPL,2026-09-02 18:40:00+00:00,54.17,54.205,54.16,54.16,3025.0,44.0,54.184651
PYPL,2026-09-02 18:45:00+00:00,54.17,54.21,54.16,54.185,3131.0,50.0,54.186174
PYPL,2026-09-02 18:50:00+00:00,54.185,54.185,54.17,54.18,4281.0,57.0,54.180398
PYPL,2026-09-02 18:55:00+00:00,54.165,54.195,54.135,54.135,4053.0,48.0,54.167739
PYPL,2026-09-02 19:00:00+00:00,54.155,54.185,54.145,54.18,3017.0,51.0,54.164522
PYPL,2026-09-02 19:05:00+00:00,54.165,54.225,54.165,54.2,5818.0,84.0,54.207788
PYPL,2026-09-02 19:10:00+00:00,54.235,54.235,54.205,54.225,2179.0,31.0,54.220354
PYPL,2026-09-02 19:15:00+00:00,54.215,54.235,54.19,54.21,5426.0,75.0,54.202211
PYPL,2026-09-02 19:20:00+00:00,54.21,54.21,54.14,54.17,7900.0,74.0,54.162682
PYPL,2026-09-02 19:25:00+00:00,54.18,54.285,54.18,54.285,6801.0,91.0,54.237112
PYPL,2026-09-02 19:30:00+00:00,54.28,55.18,54.265,54.51,98187.0,845.0,54.72733
PYPL,2026-09-02 19:35:00+00:00,54.46,54.565,54.38,54.44,11563.0,97.0,54.475431
PYPL,2026-09-02 19:40:00+00:00,54.44,54.58,54.44,54.55,12829.0,139.0,54.522538
PYPL,2026-09-02 19:45:00+00:00,54.53,54.53,54.3,54.31,13436.0,134.0,54.385316
PYPL,2026-09-02 19:50:00+00:00,54.33,54.5,54.24,54.5,20299.0,260.0,54.313501
PYPL,2026-09-02 19:55:00+00:00,54.515,54.73,54.515,54.65,98128.0,1028.0,54.672248
PYPL,2026-09-03 13:30:00+00:00,54.78,55.13,54.75,55.01,3618.0,78.0,54.968446
PYPL,2026-09-03 13:35:00+00:00,54.94,55.055,54.875,54.88,5882.0,64.0,54.98007
PYPL,2026-09-03 13:40:00+00:00,54.9,54.925,54.7,54.72,11919.0,115.0,54.746774
PYPL,2026-09-03 13:45:00+00:00,54.81,54.83,54.47,54.51,10942.0,121.0,54.670778
PYPL,2026-09-03 13:50:00+00:00,54.52,54.61,54.455,54.52,8021.0,84.0,54.52603
PYPL,2026-09-03 13:55:00+00:00,54.54,54.54,54.44,54.51,5420.0,83.0,54.494803
PYPL,2026-09-03 14:00:00+00:00,54.5,54.5,54.38,54.43,7580.0,93.0,54.44522
PYPL,2026-09-03 14:05:00+00:00,54.42,54.45,54.32,54.405,7913.0,84.0,54.398197
PYPL,2026-09-03 14:10:00+00:00,54.4,54.42,54.315,54.38,9347.0,152.0,54.365952
PYPL,2026-09-03 14:15:00+00:00,54.35,54.35,54.08,54.18,13355.0,134.0,54.146362
PYPL,2026-09-03 14:20:00+00:00,54.15,54.205,54.12,54.185,8215.0,89.0,54.147127
PYPL,2026-09-03 14:25:00+00:00,54.15,54.25,54.15,54.22,3304.0,61.0,54.211011
PYPL,2026-09-03 14:30:00+00:00,54.21,54.29,54.18,54.18,4736.0,70.0,54.241437
PYPL,2026-09-03 14:35:00+00:00,54.19,54.215,54.03,54.05,4593.0,143.0,54.151967
PYPL,2026-09-03 14:40:00+00:00,54.055,54.3,54.01,54.3,7950.0,94.0,54.143739
PYPL,2026-09-03 14:45:00+00:00,54.305,54.92,54.305,54.9,59003.0,485.0,54.706785
PYPL,2026-09-03 14:50:00+00:00,54.915,55.39,54.835,55.11,87984.0,662.0,55.127237
PYPL,2026-09-03 14:55:00+00:00,55.12,55.37,55.0,55.14,8935.0,134.0,55.188169
PYPL,2026-09-03 15:00:00+00:00,55.105,55.3,54.89,55.245,9725.0,101.0,55.103535
PYPL,2026-09-03 15:05:00+00:00,55.27,55.47,55.2,55.27,27812.0,217.0,55.255999
PYPL,2026-09-03 15:10:00+00:00,55.28,55.41,55.28,55.38,8356.0,99.0,55.348591
PYPL,2026-09-03 15:15:00+00:00,55.27,55.49,55.24,55.44,8252.0,91.0,55.369
PYPL,2026-09-03 15:20:00+00:00,55.44,55.53,55.44,55.47,4590.0,57.0,55.473949
PYPL,2026-09-03 15:25:00+00:00,55.47,55.55,55.46,55.54,4336.0,72.0,55.508026
PYPL,2026-09-03 15:30:00+00:00,55.55,55.65,55.51,55.59,9852.0,137.0,55.565573
PYPL,2026-09-03 15:35:00+00:00,55.605,55.68,55.43,55.6,10958.0,117.0,55.559018
PYPL,2026-09-03 15:40:00+00:00,55.6,55.68,55.56,55.65,9753.0,96.0,55.629955
PYPL,2026-09-03 15:45:00+00:00,55.66,55.665,55.5,55.64,9287.0,87.0,55.571513
PYPL,2026-09-03 15:50:00+00:00,55.63,55.765,55.63,55.74,6404.0,68.0,55.714574
PYPL,2026-09-03 15:55:00+00:00,55.745,55.795,55.68,55.79,7127.0,86.0,55.724208
PYPL,2026-09-03 16:00:00+00:00,55.77,55.805,55.615,55.66,9105.0,149.0,55.718997
PYPL,2026-09-03 16:05:00+00:00,55.65,55.685,55.63,55.665,4898.0,70.0,55.662138
PYPL,2026-09-03 16:10:00+00:00,55.66,55.75,55.65,55.72,8596.0,70.0,55.696771
PYPL,2026-09-03 16:15:00+00:00,55.68,55.73,55.68,55.72,1989.0,21.0,55.708851
PYPL,2026-09-03 16:20:00+00:00,55.66,55.72,55.66,55.71,2532.0,38.0,55.692045
PYPL,2026-09-03 16:25:00+00:00,55.68,55.685,55.625,55.665,1745.0,43.0,55.650769
PYPL,2026-09-03 16:30:00+00:00,55.65,55.67,55.63,55.635,4021.0,58.0,55.641734
PYPL,2026-09-03 16:35:00+00:00,55.625,55.625,55.505,55.52,15648.0,147.0,55.54402
PYPL,2026-09-03 16:40:00+00:00,55.51,55.555,55.5,55.5,1910.0,33.0,55.527
PYPL,2026-09-03 16:45:00+00:00,55.52,55.52,55.48,55.495,1458.0,30.0,55.503253
PYPL,2026-09-03 16:50:00+00:00,55.48,55.62,55.48,55.575,3627.0,56.0,55.543207
PYPL,2026-09-03 16:55:00+00:00,55.595,55.605,55.57,55.59,3105.0,38.0,55.581756
PYPL,2026-09-03 17:00:00+00:00,55.595,55.6,55.575,55.585,2895.0,33.0,55.586689
PYPL,2026-09-03 17:05:00+00:00,55.6,55.625,55.59,55.625,2567.0,33.0,55.600968
PYPL,2026-09-03 17:10:00+00:00,55.615,55.65,55.6,55.65,2807.0,40.0,55.624178
PYPL,2026-09-03 17:15:00+00:00,55.65,55.71,55.64,55.695,4153.0,47.0,55.680541
PYPL,2026-09-03 17:20:00+00:00,55.71,55.8,55.71,55.795,3692.0,52.0,55.762656
PYPL,2026-09-03 17:25:00+00:00,55.79,56.055,55.79,56.05,9175.0,96.0,55.933765
PYPL,2026-09-03 17:30:00+00:00,56.075,56.2,56.03,56.2,11906.0,117.0,56.130494
PYPL,2026-09-03 17:35:00+00:00,56.19,56.445,56.18,56.405,10358.0,111.0,56.328897
PYPL,2026-09-03 17:40:00+00:00,56.42,56.5,56.35,56.44,5936.0,78.0,56.41294
PYPL,2026-09-03 17:45:00+00:00,56.465,56.465,56.28,56.315,4038.0,95.0,56.322123
PYPL,2026-09-03 17:50:00+00:00,56.34,56.43,56.32,56.43,3522.0,40.0,56.353346
PYPL,2026-09-03 17:55:00+00:00,56.42,56.43,56.385,56.39,3831.0,46.0,56.410784
PYPL,2026-09-03 18:00:00+00:00,56.39,56.565,56.39,56.55,9884.0,130.0,56.510953
PYPL,2026-09-03 18:05:00+00:00,56.575,56.76,56.56,56.695,11774.0,138.0,56.649033
PYPL,2026-09-03 18:10:00+00:00,56.69,56.85,56.68,56.77,15330.0,143.0,56.74924
PYPL,2026-09-03 18:15:00+00:00,56.76,56.8,56.71,56.78,7844.0,52.0,56.764127
PYPL,2026-09-03 18:20:00+00:00,56.835,56.835,56.78,56.8,4188.0,54.0,56.808384
PYPL,2026-09-03 18:25:00+00:00,56.78,56.78,56.675,56.745,5583.0,60.0,56.718866
PYPL,2026-09-03 18:30:00+00:00,56.74,56.915,56.73,56.88,6468.0,112.0,56.816442
PYPL,2026-09-03 18:35:00+00:00,56.88,56.95,56.84,56.9,3734.0,69.0,56.894168
PYPL,2026-09-03 18:40:00+00:00,56.92,56.96,56.68,56.735,8129.0,79.0,56.788892
PYPL,2026-09-03 18:45:00+00:00,56.74,56.74,56.59,56.59,6256.0,132.0,56.670882
PYPL,2026-09-03 18:50:00+00:00,56.585,56.745,56.585,56.69,5085.0,86.0,56.674083
PYPL,2026-09-03 18:55:00+00:00,56.675,56.675,56.63,56.65,4687.0,50.0,56.647025
PYPL,2026-09-03 19:00:00+00:00,56.64,56.65,56.58,56.62,4588.0,49.0,56.616179
PYPL,2026-09-03 19:05:00+00:00,56.595,56.605,56.54,56.59,6387.0,67.0,56.577152
PYPL,2026-09-03 19:10:00+00:00,56.585,56.64,56.58,56.635,4426.0,55.0,56.602076
PYPL,2026-09-03 19:15:00+00:00,56.595,56.61,56.57,56.57,3989.0,56.0,56.588649
PYPL,2026-09-03 19:20:00+00:00,56.57,56.595,56.52,56.535,9640.0,97.0,56.549993
PYPL,2026-09-03 19:25:00+00:00,56.575,56.68,56.565,56.68,5113.0,62.0,56.623411
PYPL,2026-09-03 19:30:00+00:00,56.705,56.75,56.565,56.6,12976.0,164.0,56.673777
PYPL,2026-09-03 19:35:00+00:00,56.61,56.64,56.56,56.62,10291.0,137.0,56.600228
PYPL,2026-09-03 19:40:00+00:00,56.62,56.765,56.605,56.74,13387.0,161.0,56.674816
PYPL,2026-09-03 19:45:00+00:00,56.74,56.77,56.675,56.695,18768.0,182.0,56.709087
PYPL,2026-09-03 19:50:00+00:00,56.71,56.76,56.66,56.69,34573.0,346.0,56.711536
PYPL,2026-09-03 19:55:00+00:00,56.7,56.885,56.7,56.83,78870.0,847.0,56.792671
PYPL,2026-09-04 13:30:00+00:00,56.125,56.14,55.26,55.32,8780.0,76.0,55.844473
PYPL,2026-09-04 13:35:00+00:00,55.32,55.455,55.07,55.07,11273.0,112.0,55.327214
PYPL,2026-09-04 13:40:00+00:00,55.09,55.19,55.065,55.15,8180.0,91.0,55.127737
PYPL,2026-09-04 13:45:00+00:00,55.15,55.15,54.91,55.13,5095.0,71.0,55.059205
PYPL,2026-09-04 13:50:00+00:00,55.09,55.145,54.86,55.14,10640.0,132.0,55.028097
PYPL,2026-09-04 13:55:00+00:00,55.16,55.31,55.16,55.24,11431.0,209.0,55.242127
PYPL,2026-09-04 14:00:00+00:00,55.19,55.535,55.19,55.535,12361.0,156.0,55.364822
PYPL,2026-09-04 14:05:00+00:00,55.53,55.53,55.21,55.225,9401.0,121.0,55.383325
PYPL,2026-09-04 14:10:00+00:00,55.195,55.29,55.1,55.135,7784.0,90.0,55.190949
PYPL,2026-09-04 14:15:00+00:00,55.135,55.18,55.03,55.1,7765.0,107.0,55.090473
PYPL,2026-09-04 14:20:00+00:00,55.12,55.13,55.01,55.09,5665.0,118.0,55.061714
PYPL,2026-09-04 14:25:00+00:00,55.05,55.125,55.02,55.105,6322.0,95.0,55.070364
PYPL,2026-09-04 14:30:00+00:00,55.11,55.165,55.01,55.01,4448.0,66.0,55.111365
PYPL,2026-09-04 14:35:00+00:00,55.01,55.01,54.9,54.98,4983.0,75.0,54.954535
PYPL,2026-09-04 14:40:00+00:00,55.01,55.01,54.78,54.89,5344.0,104.0,54.891015
PYPL,2026-09-04 14:45:00+00:00,54.95,55.03,54.865,54.91,8219.0,182.0,54.953604
PYPL,2026-09-04 14:50:00+00:00,54.91,54.92,54.84,54.88,2936.0,56.0,54.892951
PYPL,2026-09-04 14:55:00+00:00,54.885,54.925,54.85,54.89,8009.0,95.0,54.881501
PYPL,2026-09-04 15:00:00+00:00,54.91,54.97,54.885,54.97,9102.0,98.0,54.916437
PYPL,2026-09-04 15:05:00+00:00,54.96,54.96,54.93,54.93,4534.0,48.0,54.946757
PYPL,2026-09-04 15:10:00+00:00,54.93,54.93,54.9,54.92,4806.0,36.0,54.911707
PYPL,2026-09-04 15:15:00+00:00,54.91,54.91,54.78,54.825,8457.0,81.0,54.853292
PYPL,2026-09-04 15:20:00+00:00,54.81,54.9,54.77,54.77,2970.0,47.0,54.854679
PYPL,2026-09-04 15:25:00+00:00,54.78,54.805,54.58,54.7,14163.0,200.0,54.674756
PYPL,2026-09-04 15:30:00+00:00,54.66,54.74,54.6,54.635,16101.0,226.0,54.650505
PYPL,2026-09-04 15:35:00+00:00,54.67,54.73,54.585,54.72,12467.0,195.0,54.659771
PYPL,2026-09-04 15:40:00+00:00,54.71,54.815,54.69,54.815,4820.0,51.0,54.74474
PYPL,2026-09-04 15:45:00+00:00,54.815,54.845,54.74,54.785,1952.0,38.0,54.783889
PYPL,2026-09-04 15:50:00+00:00,54.79,54.81,54.76,54.81,4007.0,103.0,54.785903
PYPL,2026-09-04 15:55:00+00:00,54.81,54.82,54.77,54.78,1484.0,39.0,54.7965
PYPL,2026-09-04 16:00:00+00:00,54.79,54.81,54.765,54.78,1509.0,20.0,54.780181
PYPL,2026-09-04 16:05:00+00:00,54.79,54.81,54.73,54.775,2609.0,40.0,54.776029
PYPL,2026-09-04 16:10:00+00:00,54.775,54.815,54.76,54.815,3652.0,50.0,54.786005
PYPL,2026-09-04 16:15:00+00:00,54.82,54.84,54.74,54.84,4303.0,97.0,54.794686
PYPL,2026-09-04 16:20:00+00:00,54.855,54.855,54.755,54.765,2420.0,38.0,54.81686
PYPL,2026-09-04 16:25:00+00:00,54.77,54.77,54.52,54.55,9877.0,124.0,54.582976
PYPL,2026-09-04 16:30:00+00:00,54.54,54.63,54.54,54.62,7309.0,93.0,54.611371
PYPL,2026-09-04 16:35:00+00:00,54.625,54.7,54.62,54.69,3435.0,61.0,54.671034
PYPL,2026-09-04 16:40:00+00:00,54.685,54.71,54.68,54.68,2314.0,67.0,54.695574
PYPL,2026-09-04 16:45:00+00:00,54.675,54.68,54.6,54.62,2077.0,37.0,54.644275
PYPL,2026-09-04 16:50:00+00:00,54.625,54.645,54.6,54.6,3260.0,37.0,54.627987
PYPL,2026-09-04 16:55:00+00:00,54.57,54.58,54.55,54.57,3961.0,61.0,54.564482
PYPL,2026-09-04 17:00:00+00:00,54.555,54.64,54.555,54.625,3301.0,47.0,54.616681
PYPL,2026-09-04 17:05:00+00:00,54.62,54.68,54.58,54.61,4753.0,60.0,54.639858
PYPL,2026-09-04 17:10:00+00:00,54.62,54.655,54.615,54.64,1566.0,21.0,54.638462
PYPL,2026-09-04 17:15:00+00:00,54.65,54.65,54.625,54.635,2694.0,39.0,54.639118
PYPL,2026-09-04 17:20:00+00:00,54.635,54.66,54.595,54.595,1792.0,23.0,54.643441
PYPL,2026-09-04 17:25:00+00:00,54.6,54.655,54.6,54.62,4743.0,50.0,54.636385
PYPL,2026-09-04 17:30:00+00:00,54.62,54.645,54.62,54.645,4110.0,49.0,54.630534
PYPL,2026-09-04 17:35:00+00:00,54.645,54.645,54.615,54.645,1813.0,38.0,54.634
PYPL,2026-09-04 17:40:00+00:00,54.64,54.64,54.58,54.58,3104.0,51.0,54.6042
PYPL,2026-09-04 17:45:00+00:00,54.58,54.61,54.54,54.58,2113.0,41.0,54.585435
PYPL,2026-09-04 17:50:00+00:00,54.59,54.705,54.59,54.7,8348.0,85.0,54.645121
PYPL,2026-09-04 17:55:00+00:00,54.695,54.705,54.675,54.69,2732.0,27.0,54.690389
PYPL,2026-09-04 18:00:00+00:00,54.705,54.81,54.705,54.81,3404.0,45.0,54.760566
PYPL,2026-09-04 18:05:00+00:00,54.81,54.855,54.805,54.835,6871.0,98.0,54.831243
PYPL,2026-09-04 18:10:00+00:00,54.84,54.84,54.76,54.76,3171.0,42.0,54.808095
PYPL,2026-09-04 18:15:00+00:00,54.75,54.765,54.715,54.76,3239.0,41.0,54.735882
PYPL,2026-09-04 18:20:00+00:00,54.755,54.765,54.74,54.745,2754.0,34.0,54.754546
PYPL,2026-09-04 18:25:00+00:00,54.745,54.77,54.745,54.77,2948.0,44.0,54.762885
PYPL,2026-09-04 18:30:00+00:00,54.795,54.795,54.755,54.79,3274.0,44.0,54.780487
PYPL,2026-09-04 18:35:00+00:00,54.795,54.82,54.78,54.795,3374.0,65.0,54.800131
PYPL,2026-09-04 18:40:00+00:00,54.78,54.78,54.74,54.77,2888.0,39.0,54.762246
PYPL,2026-09-04 18:45:00+00:00,54.76,54.775,54.74,54.755,3015.0,51.0,54.758715
PYPL,2026-09-04 18:50:00+00:00,54.755,54.795,54.75,54.765,4108.0,56.0,54.777189
PYPL,2026-09-04 18:55:00+00:00,54.755,54.78,54.75,54.77,2063.0,16.0,54.759963
PYPL,2026-09-04 19:00:00+00:00,54.77,54.79,54.71,54.72,4884.0,57.0,54.754357
PYPL,2026-09-04 19:05:00+00:00,54.695,54.725,54.685,54.72,3332.0,32.0,54.703285
PYPL,2026-09-04 19:10:00+00:00,54.71,54.71,54.63,54.635,2699.0,31.0,54.664879
PYPL,2026-09-04 19:15:00+00:00,54.63,54.645,54.61,54.61,5766.0,95.0,54.621803
PYPL,2026-09-04 19:20:00+00:00,54.61,54.71,54.61,54.705,5571.0,76.0,54.671484
PYPL,2026-09-04 19:25:00+00:00,54.72,54.725,54.655,54.66,4583.0,56.0,54.670949
PYPL,2026-09-04 19:30:00+00:00,54.655,54.815,54.645,54.78,14190.0,144.0,54.721974
PYPL,2026-09-04 19:35:00+00:00,54.77,54.775,54.71,54.75,8572.0,98.0,54.742169
PYPL,2026-09-04 19:40:00+00:00,54.76,54.78,54.69,54.69,6879.0,80.0,54.739391
PYPL,2026-09-04 19:45:00+00:00,54.69,54.87,54.675,54.865,11732.0,156.0,54.777162
PYPL,2026-09-04 19:50:00+00:00,54.88,54.915,54.72,54.745,25841.0,221.0,54.822139
PYPL,2026-09-04 19:55:00+00:00,54.77,54.965,54.77,54.955,90591.0,916.0,54.919705
PYPL,2026-09-08 13:30:00+00:00,54.405,54.51,54.11,54.11,5432.0,69.0,54.330353
PYPL,2026-09-08 13:35:00+00:00,54.105,54.21,53.725,53.73,14878.0,151.0,53.948082
PYPL,2026-09-08 13:40:00+00:00,53.64,53.7,53.54,53.605,10404.0,114.0,53.620911
PYPL,2026-09-08 13:45:00+00:00,53.585,53.68,53.43,53.55,14132.0,148.0,53.595185
PYPL,2026-09-08 13:50:00+00:00,53.53,53.7,53.515,53.7,7440.0,125.0,53.619403
PYPL,2026-09-08 13:55:00+00:00,53.675,53.77,53.66,53.75,8229.0,133.0,53.721159
PYPL,2026-09-08 14:00:00+00:00,53.78,53.91,53.75,53.78,8226.0,124.0,53.840509
PYPL,2026-09-08 14:05:00+00:00,53.82,53.85,53.7,53.835,8069.0,114.0,53.785502
PYPL,2026-09-08 14:10:00+00:00,53.835,53.885,53.695,53.72,21851.0,251.0,53.776995
PYPL,2026-09-08 14:15:00+00:00,53.715,53.8,53.705,53.78,11679.0,113.0,53.759546
PYPL,2026-09-08 14:20:00+00:00,53.755,53.815,53.625,53.65,6819.0,75.0,53.727682
PYPL,2026-09-08 14:25:00+00:00,53.66,53.66,53.485,53.49,9266.0,93.0,53.546056
PYPL,2026-09-08 14:30:00+00:00,53.505,53.57,53.425,53.455,12531.0,164.0,53.484984
PYPL,2026-09-08 14:35:00+00:00,53.49,53.51,53.29,53.29,12434.0,172.0,53.390121
PYPL,2026-09-08 14:40:00+00:00,53.28,53.335,53.25,53.315,12962.0,162.0,53.300084
PYPL,2026-09-08 14:45:00+00:00,53.295,53.405,53.295,53.305,7219.0,87.0,53.358153
PYPL,2026-09-08 14:50:00+00:00,53.305,53.335,53.205,53.23,8966.0,108.0,53.284979
PYPL,2026-09-08 14:55:00+00:00,53.24,53.285,53.2,53.2,4478.0,51.0,53.229375
PYPL,2026-09-08 15:00:00+00:00,53.21,53.27,53.2,53.24,8173.0,95.0,53.240857
PYPL,2026-09-08 15:05:00+00:00,53.225,53.275,53.22,53.26,5840.0,75.0,53.245769
PYPL,2026-09-08 15:10:00+00:00,53.24,53.33,53.24,53.325,5339.0,70.0,53.285135
PYPL,2026-09-08 15:15:00+00:00,53.335,53.355,53.27,53.27,5172.0,65.0,53.312574
PYPL,2026-09-08 15:20:00+00:00,53.26,53.27,53.165,53.22,7691.0,85.0,53.205834
PYPL,2026-09-08 15:25:00+00:00,53.23,53.255,53.16,53.2,5953.0,76.0,53.210122
PYPL,2026-09-08 15:30:00+00:00,53.21,53.265,53.17,53.185,6909.0,100.0,53.206232
PYPL,2026-09-08 15:35:00+00:00,53.18,53.18,53.11,53.175,4217.0,58.0,53.140139
PYPL,2026-09-08 15:40:00+00:00,53.15,53.17,53.125,53.125,2754.0,45.0,53.145575
PYPL,2026-09-08 15:45:00+00:00,53.1,53.1,53.075,53.08,3886.0,47.0,53.084483
PYPL,2026-09-08 15:50:00+00:00,53.075,53.125,53.065,53.1,6299.0,73.0,53.100012
PYPL,2026-09-08 15:55:00+00:00,53.08,53.17,53.06,53.08,11922.0,127.0,53.112035
PYPL,2026-09-08 16:00:00+00:00,53.06,53.175,53.06,53.17,5452.0,67.0,53.093294
PYPL,2026-09-08 16:05:00+00:00,53.155,53.4,53.155,53.39,8321.0,122.0,53.272849
PYPL,2026-09-08 16:10:00+00:00,53.375,53.38,53.29,53.29,5935.0,82.0,53.331395
PYPL,2026-09-08 16:15:00+00:00,53.26,53.285,53.235,53.235,3751.0,58.0,53.26328
PYPL,2026-09-08 16:20:00+00:00,53.26,53.295,53.24,53.24,4212.0,54.0,53.277793
PYPL,2026-09-08 16:25:00+00:00,53.26,53.3,53.26,53.275,1385.0,28.0,53.283334
PYPL,2026-09-08 16:30:00+00:00,53.3,53.3,53.275,53.29,2023.0,34.0,53.287143
PYPL,2026-09-08 16:35:00+00:00,53.285,53.33,53.275,53.33,4403.0,54.0,53.305356
PYPL,2026-09-08 16:40:00+00:00,53.335,53.345,53.29,53.31,5072.0,59.0,53.325666
PYPL,2026-09-08 16:45:00+00:00,53.3,53.33,53.3,53.3,1516.0,23.0,53.31125
PYPL,2026-09-08 16:50:00+00:00,53.295,53.31,53.275,53.275,3746.0,60.0,53.294231
PYPL,2026-09-08 16:55:00+00:00,53.27,53.285,53.25,53.27,5294.0,74.0,53.266187
PYPL,2026-09-08 17:00:00+00:00,53.275,53.335,53.275,53.33,4175.0,54.0,53.310992
PYPL,2026-09-08 17:05:00+00:00,53.34,53.37,53.315,53.345,4978.0,52.0,53.341383
PYPL,2026-09-08 17:10:00+00:00,53.36,53.415,53.36,53.395,4189.0,55.0,53.392631
PYPL,2026-09-08 17:15:00+00:00,53.405,53.425,53.39,53.4,8103.0,74.0,53.405145
PYPL,2026-09-08 17:20:00+00:00,53.395,53.415,53.35,53.355,4619.0,57.0,53.393288
PYPL,2026-09-08 17:25:00+00:00,53.345,53.42,53.33,53.375,3817.0,49.0,53.387778
PYPL,2026-09-08 17:30:00+00:00,53.375,53.465,53.375,53.435,3755.0,56.0,53.419278
PYPL,2026-09-08 17:35:00+00:00,53.415,53.42,53.36,53.365,3953.0,63.0,53.393846
PYPL,2026-09-08 17:40:00+00:00,53.375,53.375,53.29,53.29,2695.0,43.0,53.338556
PYPL,2026-09-08 17:45:00+00:00,53.29,53.31,53.27,53.285,5771.0,84.0,53.285916
PYPL,2026-09-08 17:50:00+00:00,53.3,53.345,53.28,53.335,4817.0,55.0,53.316885
PYPL,2026-09-08 17:55:00+00:00,53.34,53.34,53.25,53.26,1723.0,26.0,53.278214
PYPL,2026-09-08 18:00:00+00:00,53.255,53.34,53.255,53.32,3191.0,36.0,53.312018
PYPL,2026-09-08 18:05:00+00:00,53.32,53.32,53.295,53.31,2946.0,34.0,53.308874
PYPL,2026-09-08 18:10:00+00:00,53.31,53.345,53.255,53.26,3360.0,42.0,53.301824
PYPL,2026-09-08 18:15:00+00:00,53.275,53.285,53.245,53.27,3638.0,41.0,53.263601
PYPL,2026-09-08 18:20:00+00:00,53.285,53.285,53.23,53.23,3617.0,45.0,53.250347
PYPL,2026-09-08 18:25:00+00:00,53.24,53.255,53.22,53.255,4436.0,51.0,53.232793
PYPL,2026-09-08 18:30:00+00:00,53.255,53.255,53.205,53.245,3013.0,38.0,53.226903
PYPL,2026-09-08 18:35:00+00:00,53.215,53.245,53.195,53.235,2955.0,50.0,53.223043
PYPL,2026-09-08 18:40:00+00:00,53.235,53.255,53.225,53.225,5012.0,67.0,53.237475
PYPL,2026-09-08 18:45:00+00:00,53.195,53.22,53.06,53.07,4807.0,63.0,53.139355
PYPL,2026-09-08 18:50:00+00:00,53.065,53.105,53.065,53.085,3286.0,48.0,53.086667
PYPL,2026-09-08 18:55:00+00:00,53.105,53.105,53.055,53.065,3638.0,44.0,53.068
PYPL,2026-09-08 19:00:00+00:00,53.06,53.08,53.035,53.08,3171.0,42.0,53.061482
PYPL,2026-09-08 19:05:00+00:00,53.085,53.11,53.06,53.105,1863.0,31.0,53.090357
PYPL,2026-09-08 19:10:00+00:00,53.1,53.145,53.095,53.13,2888.0,34.0,53.12077
PYPL,2026-09-08 19:15:00+00:00,53.135,53.26,53.135,53.235,12532.0,113.0,53.178099
PYPL,2026-09-08 19:20:00+00:00,53.245,53.28,53.18,53.185,5428.0,65.0,53.24207
PYPL,2026-09-08 19:25:00+00:00,53.185,53.25,53.185,53.24,4037.0,63.0,53.206386
PYPL,2026-09-08 19:30:00+00:00,53.245,53.335,53.245,53.335,11284.0,126.0,53.277091
PYPL,2026-09-08 19:35:00+00:00,53.345,53.395,53.295,53.375,8013.0,83.0,53.336713
PYPL,2026-09-08 19:40:00+00:00,53.375,53.43,53.275,53.285,16636.0,159.0,53.360873
PYPL,2026-09-08 19:45:00+00:00,53.275,53.355,53.275,53.335,9689.0,111.0,53.309382
PYPL,2026-09-08 19:50:00+00:00,53.32,53.32,53.225,53.235,19462.0,202.0,53.256793
PYPL,2026-09-08 19:55:00+00:00,53.22,53.24,53.12,53.2,72067.0,853.0,53.170697
PYPL,2026-09-09 13:30:00+00:00,52.98,53.09,52.34,52.34,12591.0,117.0,52.698909
PYPL,2026-09-09 13:35:00+00:00,52.31,52.525,52.17,52.525,9678.0,107.0,52.307288
PYPL,2026-09-09 13:40:00+00:00,52.535,52.71,52.535,52.69,4814.0,51.0,52.651586
PYPL,2026-09-09 13:45:00+00:00,52.75,52.82,52.67,52.775,3700.0,49.0,52.741035
PYPL,2026-09-09 13:50:00+00:00,52.805,52.91,52.715,52.72,5037.0,49.0,52.788841
PYPL,2026-09-09 13:55:00+00:00,52.67,52.72,52.61,52.69,5820.0,68.0,52.650328
PYPL,2026-09-09 14:00:00+00:00,52.75,53.12,52.75,53.11,7078.0,82.0,52.934621
PYPL,2026-09-09 14:05:00+00:00,53.135,53.195,53.07,53.07,7087.0,94.0,53.119362
PYPL,2026-09-09 14:10:00+00:00,53.05,53.17,53.035,53.09,9396.0,191.0,53.111822
PYPL,2026-09-09 14:15:00+00:00,53.1,53.11,52.975,53.03,9578.0,156.0,53.04106
PYPL,2026-09-09 14:20:00+00:00,53.025,53.06,52.99,52.995,6322.0,83.0,53.027869
PYPL,2026-09-09 14:25:00+00:00,52.99,53.075,52.95,53.05,9533.0,114.0,53.004904
PYPL,2026-09-09 14:30:00+00:00,53.05,53.07,53.02,53.025,9790.0,113.0,53.044455
PYPL,2026-09-09 14:35:00+00:00,53.02,53.075,53.02,53.035,7606.0,102.0,53.039313
PYPL,2026-09-09 14:40:00+00:00,53.035,53.1,53.0,53.02,7784.0,100.0,53.043219
PYPL,2026-09-09 14:45:00+00:00,53.0,53.02,52.965,53.01,7518.0,92.0,52.996259
PYPL,2026-09-09 14:50:00+00:00,52.99,52.995,52.97,52.99,5432.0,84.0,52.981876
PYPL,2026-09-09 14:55:00+00:00,52.985,52.99,52.81,52.81,9349.0,131.0,52.912313
PYPL,2026-09-09 15:00:00+00:00,52.82,52.86,52.65,52.66,5007.0,73.0,52.741972
PYPL,2026-09-09 15:05:00+00:00,52.66,52.68,52.6,52.66,5508.0,69.0,52.630965
PYPL,2026-09-09 15:10:00+00:00,52.63,52.695,52.59,52.675,4122.0,66.0,52.650029
PYPL,2026-09-09 15:15:00+00:00,52.68,52.74,52.68,52.68,3217.0,36.0,52.711385
PYPL,2026-09-09 15:20:00+00:00,52.65,52.735,52.65,52.65,1706.0,23.0,52.692334
PYPL,2026-09-09 15:25:00+00:00,52.63,52.7,52.63,52.695,3354.0,39.0,52.670513
PYPL,2026-09-09 15:30:00+00:00,52.71,52.73,52.695,52.72,4854.0,45.0,52.710415
PYPL,2026-09-09 15:35:00+00:00,52.73,52.8,52.7,52.8,5442.0,67.0,52.748416
PYPL,2026-09-09 15:40:00+00:00,52.81,52.81,52.71,52.71,5213.0,72.0,52.757517
PYPL,2026-09-09 15:45:00+00:00,52.695,52.7,52.665,52.69,1434.0,25.0,52.686667
PYPL,2026-09-09 15:50:00+00:00,52.69,52.69,52.64,52.645,2362.0,33.0,52.672807
PYPL,2026-09-09 15:55:00+00:00,52.625,52.625,52.585,52.605,2867.0,45.0,52.598559
PYPL,2026-09-09 16:00:00+00:00,52.605,52.645,52.58,52.645,3018.0,41.0,52.609104
PYPL,2026-09-09 16:05:00+00:00,52.645,52.68,52.585,52.585,4214.0,55.0,52.652248
PYPL,2026-09-09 16:10:00+00:00,52.595,52.675,52.595,52.675,1722.0,28.0,52.628648
PYPL,2026-09-09 16:15:00+00:00,52.655,52.66,52.605,52.605,3364.0,40.0,52.636365
PYPL,2026-09-09 16:20:00+00:00,52.61,52.64,52.61,52.63,3406.0,53.0,52.623711
PYPL,2026-09-09 16:25:00+00:00,52.67,52.73,52.665,52.73,3039.0,53.0,52.689584
PYPL,2026-09-09 16:30:00+00:00,52.77,52.785,52.76,52.775,2098.0,28.0,52.773046
PYPL,2026-09-09 16:35:00+00:00,52.775,52.78,52.755,52.76,1425.0,22.0,52.770369
PYPL,2026-09-09 16:40:00+00:00,52.765,52.765,52.75,52.76,1150.0,14.0,52.75634
PYPL,2026-09-09 16:45:00+00:00,52.76,52.77,52.755,52.755,2427.0,32.0,52.764242
PYPL,2026-09-09 16:50:00+00:00,52.79,52.805,52.78,52.79,1979.0,24.0,52.791449
PYPL,2026-09-09 16:55:00+00:00,52.775,52.78,52.755,52.765,2999.0,37.0,52.76703
PYPL,2026-09-09 17:00:00+00:00,52.76,52.76,52.72,52.75,4247.0,48.0,52.744103
PYPL,2026-09-09 17:05:00+00:00,52.735,52.75,52.725,52.735,1253.0,16.0,52.738636
PYPL,2026-09-09 17:10:00+00:00,52.735,52.805,52.735,52.8,1896.0,20.0,52.780882
PYPL,2026-09-09 17:15:00+00:00,52.8,52.82,52.78,52.8,3860.0,44.0,52.797034
PYPL,2026-09-09 17:20:00+00:00,52.795,52.81,52.795,52.81,2011.0,24.0,52.806014
PYPL,2026-09-09 17:25:00+00:00,52.815,52.825,52.79,52.815,2669.0,35.0,52.804565
PYPL,2026-09-09 17:30:00+00:00,52.81,52.82,52.785,52.8,3319.0,49.0,52.803621
PYPL,2026-09-09 17:35:00+00:00,52.815,52.85,52.8,52.83,2563.0,35.0,52.824491
PYPL,2026-09-09 17:40:00+00:00,52.83,52.88,52.825,52.865,5446.0,57.0,52.854479
PYPL,2026-09-09 17:45:00+00:00,52.85,52.855,52.77,52.79,3726.0,39.0,52.816794
PYPL,2026-09-09 17:50:00+00:00,52.82,52.82,52.775,52.79,1560.0,19.0,52.79534
PYPL,2026-09-09 17:55:00+00:00,52.795,52.795,52.765,52.765,2053.0,20.0,52.779492
PYPL,2026-09-09 18:00:00+00:00,52.765,52.775,52.76,52.765,2119.0,32.0,52.767091
PYPL,2026-09-09 18:05:00+00:00,52.77,52.775,52.68,52.69,6310.0,70.0,52.710024
PYPL,2026-09-09 18:10:00+00:00,52.675,52.675,52.66,52.66,2189.0,32.0,52.666667
PYPL,2026-09-09 18:15:00+00:00,52.665,52.71,52.645,52.68,5352.0,62.0,52.6696
PYPL,2026-09-09 18:20:00+00:00,52.695,52.705,52.685,52.685,1633.0,18.0,52.693667
PYPL,2026-09-09 18:25:00+00:00,52.7,52.775,52.7,52.77,2748.0,28.0,52.734629
PYPL,2026-09-09 18:30:00+00:00,52.755,52.755,52.68,52.695,3756.0,44.0,52.712794
PYPL,2026-09-09 18:35:00+00:00,52.705,52.705,52.5,52.55,10474.0,115.0,52.568757
PYPL,2026-09-09 18:40:00+00:00,52.535,52.59,52.515,52.57,7991.0,100.0,52.554394
PYPL,2026-09-09 18:45:00+00:00,52.56,52.57,52.51,52.545,3608.0,39.0,52.538376
PYPL,2026-09-09 18:50:00+00:00,52.535,52.545,52.52,52.545,2993.0,33.0,52.531154
PYPL,2026-09-09 18:55:00+00:00,52.525,52.545,52.525,52.54,3380.0,46.0,52.531754
PYPL,2026-09-09 19:00:00+00:00,52.545,52.6,52.545,52.585,2235.0,36.0,52.576626
PYPL,2026-09-09 19:05:00+00:00,52.58,52.58,52.55,52.555,5764.0,47.0,52.555949
PYPL,2026-09-09 19:10:00+00:00,52.55,52.6,52.55,52.6,2701.0,33.0,52.579953
PYPL,2026-09-09 19:15:00+00:00,52.56,52.58,52.51,52.525,4352.0,61.0,52.536748
PYPL,2026-09-09 19:20:00+00:00,52.53,52.55,52.425,52.525,11602.0,105.0,52.486717
PYPL,2026-09-09 19:25:00+00:00,52.55,52.56,52.435,52.45,8990.0,109.0,52.502137
PYPL,2026-09-09 19:30:00+00:00,52.44,52.475,52.415,52.455,8062.0,126.0,52.443001
PYPL,2026-09-09 19:35:00+00:00,52.445,52.45,52.375,52.385,10712.0,124.0,52.414594
PYPL,2026-09-09 19:40:00+00:00,52.38,52.4,52.28,52.285,14543.0,189.0,52.351567
PYPL,2026-09-09 19:45:00+00:00,52.275,52.29,52.13,52.165,21878.0,253.0,52.19398
PYPL,2026-09-09 19:50:00+00:00,52.18,52.2,52.145,52.175,20592.0,253.0,52.175871
PYPL,2026-09-09 19:55:00+00:00,52.15,52.23,52.145,52.2,76461.0,909.0,52.179584
PYPL,2026-09-10 13:30:00+00:00,50.96,51.95,50.96,51.76,14273.0,200.0,51.582678
PYPL,2026-09-10 13:35:00+00:00,51.78,51.94,51.73,51.87,33875.0,201.0,51.828776
PYPL,2026-09-10 13:40:00+00:00,51.87,51.9,51.76,51.895,11876.0,165.0,51.837032
PYPL,2026-09-10 13:45:00+00:00,51.905,52.11,51.89,52.09,12942.0,182.0,52.034401
PYPL,2026-09-10 13:50:00+00:00,52.09,52.39,52.06,52.24,18282.0,282.0,52.272224
PYPL,2026-09-10 13:55:00+00:00,52.28,52.325,52.26,52.3,5312.0,56.0,52.28954
PYPL,2026-09-10 14:00:00+00:00,52.32,52.385,52.12,52.19,24924.0,202.0,52.310973
PYPL,2026-09-10 14:05:00+00:00,52.19,52.305,52.08,52.25,9939.0,122.0,52.174232
PYPL,2026-09-10 14:10:00+00:00,52.255,52.32,52.14,52.32,11820.0,173.0,52.236124
PYPL,2026-09-10 14:15:00+00:00,52.315,52.375,52.295,52.33,8518.0,121.0,52.332843
PYPL,2026-09-10 14:20:00+00:00,52.32,52.4,52.275,52.335,8501.0,130.0,52.326913
PYPL,2026-09-10 14:25:00+00:00,52.35,52.41,52.32,52.395,6879.0,107.0,52.372201
PYPL,2026-09-10 14:30:00+00:00,52.41,52.41,52.28,52.285,30920.0,301.0,52.348809
PYPL,2026-09-10 14:35:00+00:00,52.275,52.295,52.24,52.26,5658.0,99.0,52.268783
PYPL,2026-09-10 14:40:00+00:00,52.275,52.385,52.26,52.36,8181.0,127.0,52.304767
PYPL,2026-09-10 14:45:00+00:00,52.38,52.575,52.37,52.54,44779.0,298.0,52.520074
PYPL,2026-09-10 14:50:00+00:00,52.555,52.61,52.47,52.485,27491.0,253.0,52.571111
PYPL,2026-09-10 14:55:00+00:00,52.485,52.68,52.485,52.645,16909.0,206.0,52.596291
PYPL,2026-09-10 15:00:00+00:00,52.64,52.64,52.47,52.52,20107.0,153.0,52.51017
PYPL,2026-09-10 15:05:00+00:00,52.535,52.68,52.535,52.63,10041.0,132.0,52.585246
PYPL,2026-09-10 15:10:00+00:00,52.645,52.785,52.64,52.78,12716.0,223.0,52.711172
PYPL,2026-09-10 15:15:00+00:00,52.775,52.855,52.775,52.855,11324.0,143.0,52.819956
PYPL,2026-09-10 15:20:00+00:00,52.84,53.05,52.81,53.035,12692.0,140.0,52.918778
PYPL,2026-09-10 15:25:00+00:00,53.03,53.1,53.025,53.045,14128.0,174.0,53.059641
PYPL,2026-09-10 15:30:00+00:00,53.055,53.16,53.025,53.065,14749.0,237.0,53.083215
PYPL,2026-09-10 15:35:00+00:00,53.065,53.19,53.065,53.095,9038.0,150.0,53.135114
PYPL,2026-09-10 15:40:00+00:00,53.11,53.135,53.08,53.08,10401.0,158.0,53.111319
PYPL,2026-09-10 15:45:00+00:00,53.1,53.18,53.09,53.18,7816.0,123.0,53.125703
PYPL,2026-09-10 15:50:00+00:00,53.175,53.175,53.115,53.125,7158.0,106.0,53.14422
PYPL,2026-09-10 15:55:00+00:00,53.115,53.125,53.075,53.075,5667.0,88.0,53.106896
PYPL,2026-09-10 16:00:00+00:00,53.125,53.18,53.11,53.175,6549.0,119.0,53.1485
PYPL,2026-09-10 16:05:00+00:00,53.17,53.245,53.17,53.24,4667.0,66.0,53.216383
PYPL,2026-09-10 16:10:00+00:00,53.245,53.32,53.215,53.28,4364.0,73.0,53.260428
PYPL,2026-09-10 16:15:00+00:00,53.27,53.325,53.265,53.325,4672.0,61.0,53.292407
PYPL,2026-09-10 16:20:00+00:00,53.315,53.375,53.185,53.235,14540.0,183.0,53.281738
PYPL,2026-09-10 16:25:00+00:00,53.225,53.225,53.175,53.21,4907.0,82.0,53.208518
PYPL,2026-09-10 16:30:00+00:00,53.205,53.245,53.2,53.21,5465.0,96.0,53.213959
PYPL,2026-09-10 16:35:00+00:00,53.19,53.255,53.165,53.25,4065.0,52.0,53.216729
PYPL,2026-09-10 16:40:00+00:00,53.2,53.25,53.19,53.235,4316.0,68.0,53.218324
PYPL,2026-09-10 16:45:00+00:00,53.235,53.24,53.205,53.225,5838.0,77.0,53.226907
PYPL,2026-09-10 16:50:00+00:00,53.215,53.295,53.21,53.295,4547.0,64.0,53.24188
PYPL,2026-09-10 16:55:00+00:00,53.29,53.295,53.26,53.27,5755.0,67.0,53.282189
PYPL,2026-09-10 17:00:00+00:00,53.26,53.305,53.26,53.265,3129.0,31.0,53.27483
PYPL,2026-09-10 17:05:00+00:00,53.3,53.34,53.225,53.235,4890.0,73.0,53.306399
PYPL,2026-09-10 17:10:00+00:00,53.25,53.295,53.23,53.275,5010.0,82.0,53.25576
PYPL,2026-09-10 17:15:00+00:00,53.275,53.305,53.2,53.21,6925.0,94.0,53.255104
PYPL,2026-09-10 17:20:00+00:00,53.225,53.29,53.22,53.29,3609.0,58.0,53.253996
PYPL,2026-09-10 17:25:00+00:00,53.275,53.28,53.145,53.145,6384.0,86.0,53.20261
PYPL,2026-09-10 17:30:00+00:00,53.165,53.185,53.13,53.18,8592.0,107.0,53.15811
PYPL,2026-09-10 17:35:00+00:00,53.18,53.205,53.17,53.195,4691.0,81.0,53.180864
PYPL,2026-09-10 17:40:00+00:00,53.17,53.175,53.14,53.15,4930.0,76.0,53.154125
PYPL,2026-09-10 17:45:00+00:00,53.165,53.18,53.14,53.15,6202.0,92.0,53.158976
PYPL,2026-09-10 17:50:00+00:00,53.15,53.17,53.14,53.17,4053.0,58.0,53.156515
PYPL,2026-09-10 17:55:00+00:00,53.16,53.16,53.115,53.125,1713.0,26.0,53.141022
PYPL,2026-09-10 18:00:00+00:00,53.14,53.155,53.08,53.09,4287.0,53.0,53.111291
PYPL,2026-09-10 18:05:00+00:00,53.085,53.085,53.0,53.0,3561.0,63.0,53.039114
PYPL,2026-09-10 18:10:00+00:00,53.005,53.01,52.92,52.93,3939.0,48.0,52.955789
PYPL,2026-09-10 18:15:00+00:00,52.925,52.945,52.905,52.94,4341.0,58.0,52.931782
PYPL,2026-09-10 18:20:00+00:00,52.94,52.995,52.93,52.975,4975.0,66.0,52.969031
PYPL,2026-09-10 18:25:00+00:00,52.945,52.965,52.9,52.925,7115.0,83.0,52.934633
PYPL,2026-09-10 18:30:00+00:00,52.92,52.97,52.915,52.955,2884.0,41.0,52.941333
PYPL,2026-09-10 18:35:00+00:00,52.955,52.965,52.94,52.94,4560.0,69.0,52.953277
PYPL,2026-09-10 18:40:00+00:00,52.95,52.975,52.94,52.955,3887.0,46.0,52.956733
PYPL,2026-09-10 18:45:00+00:00,52.94,52.985,52.935,52.965,3134.0,43.0,52.951958
PYPL,2026-09-10 18:50:00+00:00,52.96,53.005,52.955,52.985,9458.0,111.0,52.980463
PYPL,2026-09-10 18:55:00+00:00,52.985,53.03,52.985,53.005,5671.0,85.0,53.011286
PYPL,2026-09-10 19:00:00+00:00,53.01,53.07,53.0,53.035,7483.0,86.0,53.038695
PYPL,2026-09-10 19:05:00+00:00,53.04,53.135,53.04,53.135,6456.0,82.0,53.077622
PYPL,2026-09-10 19:10:00+00:00,53.13,53.135,53.1,53.115,4264.0,69.0,53.117792
PYPL,2026-09-10 19:15:00+00:00,53.125,53.13,53.015,53.055,7168.0,78.0,53.063914
PYPL,2026-09-10 19:20:00+00:00,53.055,53.085,53.045,53.07,6194.0,78.0,53.060678
PYPL,2026-09-10 19:25:00+00:00,53.065,53.09,53.01,53.09,8470.0,92.0,53.045889
PYPL,2026-09-10 19:30:00+00:00,53.09,53.2,53.07,53.16,13093.0,161.0,53.152032
PYPL,2026-09-10 19:35:00+00:00,53.17,53.305,53.17,53.305,12982.0,122.0,53.232854
PYPL,2026-09-10 19:40:00+00:00,53.31,53.31,53.17,53.185,15461.0,171.0,53.240816
PYPL,2026-09-10 19:45:00+00:00,53.17,53.18,53.115,53.145,15936.0,173.0,53.147903
PYPL,2026-09-10 19:50:00+00:00,53.13,53.205,53.1,53.185,41935.0,456.0,53.149426
PYPL,2026-09-10 19:55:00+00:00,53.2,53.325,53.2,53.32,93166.0,1032.0,53.281659
PYPL,2026-09-11 13:30:00+00:00,53.54,53.745,53.49,53.62,4240.0,48.0,53.625052
PYPL,2026-09-11 13:35:00+00:00,53.73,53.73,53.49,53.49,2482.0,67.0,53.614191
PYPL,2026-09-11 13:40:00+00:00,53.53,53.81,53.53,53.8,1163.0,39.0,53.71
PYPL,2026-09-11 13:45:00+00:00,53.79,53.79,53.66,53.74,1384.0,32.0,53.715714
PYPL,2026-09-11 13:50:00+00:00,53.725,53.745,53.535,53.635,6339.0,79.0,53.633402
PYPL,2026-09-11 13:55:00+00:00,53.69,53.81,53.66,53.79,11789.0,167.0,53.737834
PYPL,2026-09-11 14:00:00+00:00,53.805,53.83,53.585,53.645,17589.0,189.0,53.679304
PYPL,2026-09-11 14:05:00+00:00,53.64,53.75,53.58,53.68,16174.0,176.0,53.65361
PYPL,2026-09-11 14:10:00+00:00,53.69,53.75,53.605,53.72,8474.0,119.0,53.684218
PYPL,2026-09-11 14:15:00+00:00,53.755,53.825,53.735,53.82,5324.0,103.0,53.785864
PYPL,2026-09-11 14:20:00+00:00,53.81,53.87,53.805,53.835,5962.0,73.0,53.840435
PYPL,2026-09-11 14:25:00+00:00,53.825,53.84,53.805,53.825,4595.0,67.0,53.822887
PYPL,2026-09-11 14:30:00+00:00,53.82,53.91,53.82,53.9,5671.0,75.0,53.882659
PYPL,2026-09-11 14:35:00+00:00,53.86,53.915,53.835,53.905,4958.0,65.0,53.878053
PYPL,2026-09-11 14:40:00+00:00,53.9,54.04,53.9,54.03,6972.0,74.0,53.980509
PYPL,2026-09-11 14:45:00+00:00,54.085,54.17,54.03,54.17,8179.0,112.0,54.103768
PYPL,2026-09-11 14:50:00+00:00,54.16,54.18,54.09,54.09,3325.0,46.0,54.141079
PYPL,2026-09-11 14:55:00+00:00,54.08,54.155,54.075,54.145,3722.0,58.0,54.112258
PYPL,2026-09-11 15:00:00+00:00,54.145,54.145,54.065,54.09,5935.0,91.0,54.099046
PYPL,2026-09-11 15:05:00+00:00,54.085,54.195,54.085,54.185,3365.0,41.0,54.134796
PYPL,2026-09-11 15:10:00+00:00,54.205,54.28,54.175,54.28,3137.0,56.0,54.2118
PYPL,2026-09-11 15:15:00+00:00,54.285,54.36,54.225,54.355,3508.0,39.0,54.283283
PYPL,2026-09-11 15:20:00+00:00,54.355,54.39,54.31,54.34,4197.0,61.0,54.348
PYPL,2026-09-11 15:25:00+00:00,54.31,54.31,54.275,54.28,3567.0,51.0,54.292504
PYPL,2026-09-11 15:30:00+00:00,54.28,54.325,54.255,54.305,3298.0,49.0,54.3
PYPL,2026-09-11 15:35:00+00:00,54.32,54.34,54.295,54.32,3206.0,54.0,54.321396
PYPL,2026-09-11 15:40:00+00:00,54.325,54.34,54.315,54.315,4916.0,60.0,54.323293
PYPL,2026-09-11 15:45:00+00:00,54.3,54.31,54.215,54.215,11020.0,108.0,54.269776
PYPL,2026-09-11 15:50:00+00:00,54.195,54.215,54.155,54.155,1594.0,27.0,54.178115
PYPL,2026-09-11 15:55:00+00:00,54.14,54.165,54.14,54.145,2680.0,39.0,54.153947
PYPL,2026-09-11 16:00:00+00:00,54.195,54.215,54.17,54.205,1697.0,32.0,54.193077
PYPL,2026-09-11 16:05:00+00:00,54.215,54.215,53.565,53.86,49723.0,512.0,53.820178
PYPL,2026-09-11 16:10:00+00:00,53.85,54.03,53.64,53.89,20065.0,194.0,53.877643
PYPL,2026-09-11 16:15:00+00:00,53.94,54.08,53.94,54.08,7119.0,80.0,54.028452
PYPL,2026-09-11 16:20:00+00:00,54.06,54.07,53.98,54.03,4988.0,65.0,54.031854
PYPL,2026-09-11 16:25:00+00:00,54.045,54.045,53.905,53.945,5716.0,74.0,53.981461
PYPL,2026-09-11 16:30:00+00:00,53.94,53.96,53.795,53.885,8917.0,142.0,53.888228
PYPL,2026-09-11 16:35:00+00:00,53.885,53.915,53.82,53.82,5701.0,90.0,53.858842
PYPL,2026-09-11 16:40:00+00:00,53.8,53.83,53.79,53.805,3648.0,50.0,53.797895
PYPL,2026-09-11 16:45:00+00:00,53.815,53.93,53.815,53.9,5368.0,70.0,53.892639
PYPL,2026-09-11 16:50:00+00:00,53.92,53.945,53.9,53.945,2836.0,33.0,53.913315
PYPL,2026-09-11 16:55:00+00:00,53.955,53.97,53.935,53.97,3603.0,39.0,53.944995
PYPL,2026-09-11 17:00:00+00:00,54.005,54.02,53.975,53.975,3577.0,61.0,54.000667
PYPL,2026-09-11 17:05:00+00:00,53.98,53.98,53.92,53.93,4647.0,57.0,53.938352
PYPL,2026-09-11 17:10:00+00:00,53.925,53.945,53.925,53.925,3506.0,56.0,53.931404
PYPL,2026-09-11 17:15:00+00:00,53.915,53.995,53.905,53.975,5711.0,84.0,53.953589
PYPL,2026-09-11 17:20:00+00:00,53.98,53.98,53.935,53.96,3154.0,46.0,53.959822
PYPL,2026-09-11 17:25:00+00:00,53.955,53.97,53.905,53.905,4223.0,66.0,53.945131
PYPL,2026-09-11 17:30:00+00:00,53.91,53.92,53.86,53.885,3868.0,49.0,53.899652
PYPL,2026-09-11 17:35:00+00:00,53.88,53.89,53.86,53.86,988.0,18.0,53.878333
PYPL,2026-09-11 17:40:00+00:00,53.84,53.84,53.82,53.82,1519.0,29.0,53.829706
PYPL,2026-09-11 17:45:00+00:00,53.8,53.81,53.77,53.785,4076.0,79.0,53.796656
PYPL,2026-09-11 17:50:00+00:00,53.795,53.835,53.795,53.825,2542.0,41.0,53.812735
PYPL,2026-09-11 17:55:00+00:00,53.825,53.825,53.79,53.8,2059.0,43.0,53.804583
PYPL,2026-09-11 18:00:00+00:00,53.775,53.775,53.735,53.765,2804.0,41.0,53.763324
PYPL,2026-09-11 18:05:00+00:00,53.785,53.795,53.76,53.79,3256.0,46.0,53.775555
PYPL,2026-09-11 18:10:00+00:00,53.785,53.785,53.77,53.78,1716.0,25.0,53.777308
PYPL,2026-09-11 18:15:00+00:00,53.76,53.795,53.76,53.785,3080.0,45.0,53.774773
PYPL,2026-09-11 18:20:00+00:00,53.8,53.8,53.78,53.79,2884.0,57.0,53.786842
PYPL,2026-09-11 18:25:00+00:00,53.805,53.805,53.76,53.76,2913.0,44.0,53.77357
PYPL,2026-09-11 18:30:00+00:00,53.735,53.79,53.735,53.745,4338.0,55.0,53.758919
PYPL,2026-09-11 18:35:00+00:00,53.75,53.775,53.66,53.665,10256.0,107.0,53.730577
PYPL,2026-09-11 18:40:00+00:00,53.67,53.68,53.655,53.655,2054.0,43.0,53.669534
PYPL,2026-09-11 18:45:00+00:00,53.675,53.685,53.67,53.67,3579.0,64.0,53.678128
PYPL,2026-09-11 18:50:00+00:00,53.67,53.735,53.665,53.71,9321.0,123.0,53.713584
PYPL,2026-09-11 18:55:00+00:00,53.715,53.74,53.7,53.715,6045.0,78.0,53.717832
PYPL,2026-09-11 19:00:00+00:00,53.71,53.75,53.71,53.745,1647.0,23.0,53.729074
PYPL,2026-09-11 19:05:00+00:00,53.74,53.755,53.73,53.73,3054.0,52.0,53.742885
PYPL,2026-09-11 19:10:00+00:00,53.72,53.75,53.695,53.73,3378.0,55.0,53.721731
PYPL,2026-09-11 19:15:00+00:00,53.745,53.775,53.725,53.745,3341.0,58.0,53.746542
PYPL,2026-09-11 19:20:00+00:00,53.74,53.79,53.74,53.77,2133.0,33.0,53.768148
PYPL,2026-09-11 19:25:00+00:00,53.78,53.84,53.78,53.83,6046.0,94.0,53.818333
PYPL,2026-09-11 19:30:00+00:00,53.83,53.835,53.745,53.77,11352.0,150.0,53.78009
PYPL,2026-09-11 19:35:00+00:00,53.775,53.815,53.735,53.75,13236.0,182.0,53.783743
PYPL,2026-09-11 19:40:00+00:00,53.67,53.745,53.605,53.73,7559.0,82.0,53.681689
PYPL,2026-09-11 19:45:00+00:00,53.74,53.76,53.7,53.725,8914.0,98.0,53.734304
PYPL,2026-09-11 19:50:00+00:00,53.75,53.81,53.66,53.75,22279.0,349.0,53.740616
PYPL,2026-09-11 19:55:00+00:00,53.77,53.805,53.69,53.695,63946.0,722.0,53.727827
PYPL,2026-09-14 13:30:00+00:00,54.365,54.555,54.07,54.16,9281.0,95.0,54.392439
PYPL,2026-09-14 13:35:00+00:00,54.12,54.145,54.01,54.145,3033.0,39.0,54.089876
PYPL,2026-09-14 13:40:00+00:00,54.1,54.16,53.79,53.79,3610.0,66.0,54.005743
PYPL,2026-09-14 13:45:00+00:00,53.81,53.885,53.77,53.8,4065.0,61.0,53.822214
PYPL,2026-09-14 13:50:00+00:00,53.84,54.16,53.84,53.99,8511.0,180.0,54.032188
PYPL,2026-09-14 13:55:00+00:00,53.96,53.97,53.795,53.885,6948.0,86.0,53.866125
PYPL,2026-09-14 14:00:00+00:00,53.83,53.84,53.765,53.765,3163.0,29.0,53.802665
PYPL,2026-09-14 14:05:00+00:00,53.78,53.79,53.7,53.7,4969.0,58.0,53.753642
PYPL,2026-09-14 14:10:00+00:00,53.665,53.7,53.63,53.685,1859.0,31.0,53.673341
PYPL,2026-09-14 14:15:00+00:00,53.655,53.69,53.56,53.67,4391.0,49.0,53.634253
PYPL,2026-09-14 14:20:00+00:00,53.675,53.795,53.675,53.73,943.0,12.0,53.735
PYPL,2026-09-14 14:25:00+00:00,53.69,53.69,53.63,53.65,1673.0,22.0,53.668606
PYPL,2026-09-14 14:30:00+00:00,53.62,53.84,53.61,53.84,3830.0,69.0,53.716364
PYPL,2026-09-14 14:35:00+00:00,53.825,53.955,53.81,53.88,4857.0,121.0,53.872364
PYPL,2026-09-14 14:40:00+00:00,53.89,53.965,53.835,53.835,3012.0,52.0,53.91313
PYPL,2026-09-14 14:45:00+00:00,53.875,53.955,53.875,53.95,4034.0,61.0,53.89746
PYPL,2026-09-14 14:50:00+00:00,53.95,53.95,53.8,53.8,3173.0,60.0,53.856489
PYPL,2026-09-14 14:55:00+00:00,53.8,53.88,53.79,53.87,1837.0,21.0,53.833476
PYPL,2026-09-14 15:00:00+00:00,53.86,53.94,53.84,53.92,3064.0,37.0,53.887467
PYPL,2026-09-14 15:05:00+00:00,53.92,54.005,53.92,54.005,3997.0,63.0,53.975843
PYPL,2026-09-14 15:10:00+00:00,53.97,53.975,53.89,53.925,1840.0,53.0,53.91669
PYPL,2026-09-14 15:15:00+00:00,53.88,53.88,53.825,53.85,1372.0,17.0,53.852083
PYPL,2026-09-14 15:20:00+00:00,53.82,53.89,53.81,53.885,2571.0,42.0,53.838701
PYPL,2026-09-14 15:25:00+00:00,53.89,53.93,53.86,53.92,6818.0,68.0,53.897983
PYPL,2026-09-14 15:30:00+00:00,53.905,54.02,53.905,54.0,2885.0,43.0,53.962611
PYPL,2026-09-14 15:35:00+00:00,53.95,54.035,53.935,54.015,2465.0,99.0,53.983441
PYPL,2026-09-14 15:40:00+00:00,54.01,54.07,53.97,54.07,6015.0,45.0,54.001681
PYPL,2026-09-14 15:45:00+00:00,54.075,54.15,54.05,54.115,4668.0,72.0,54.11767
PYPL,2026-09-14 15:50:00+00:00,54.11,54.17,54.11,54.17,2340.0,24.0,54.147592
PYPL,2026-09-14 15:55:00+00:00,54.16,54.18,54.125,54.13,2539.0,29.0,54.148447
PYPL,2026-09-14 16:00:00+00:00,54.14,54.14,54.095,54.125,1680.0,30.0,54.117273
PYPL,2026-09-14 16:05:00+00:00,54.14,54.165,54.14,54.165,302.0,4.0,54.148333
PYPL,2026-09-14 16:10:00+00:00,54.19,54.285,54.19,54.27,1298.0,23.0,54.224153
PYPL,2026-09-14 16:15:00+00:00,54.26,54.27,54.25,54.26,1315.0,19.0,54.259511
PYPL,2026-09-14 16:20:00+00:00,54.26,54.315,54.26,54.3,1350.0,28.0,54.296859
PYPL,2026-09-14 16:25:00+00:00,54.28,54.295,54.265,54.295,1495.0,42.0,54.2785
PYPL,2026-09-14 16:30:00+00:00,54.29,54.29,54.25,54.25,3115.0,47.0,54.273475
PYPL,2026-09-14 16:35:00+00:00,54.235,54.27,54.235,54.27,1584.0,15.0,54.266307
PYPL,2026-09-14 16:40:00+00:00,54.285,54.29,54.285,54.29,1023.0,15.0,54.288513
PYPL,2026-09-14 16:45:00+00:00,54.29,54.46,54.29,54.46,4631.0,70.0,54.377687
PYPL,2026-09-14 16:50:00+00:00,54.43,54.43,54.38,54.4,1808.0,19.0,54.403359
PYPL,2026-09-14 16:55:00+00:00,54.37,54.375,54.29,54.3,4100.0,52.0,54.331728
PYPL,2026-09-14 17:00:00+00:00,54.29,54.3,54.26,54.29,3528.0,52.0,54.280948
PYPL,2026-09-14 17:05:00+00:00,54.23,54.25,54.18,54.18,1215.0,34.0,54.213125
PYPL,2026-09-14 17:10:00+00:00,54.18,54.215,54.175,54.195,1765.0,24.0,54.189502
PYPL,2026-09-14 17:15:00+00:00,54.21,54.27,54.21,54.25,2474.0,35.0,54.242143
PYPL,2026-09-14 17:20:00+00:00,54.245,54.265,54.24,54.265,1625.0,28.0,54.246921
PYPL,2026-09-14 17:25:00+00:00,54.27,54.3,54.27,54.29,2066.0,29.0,54.288996
PYPL,2026-09-14 17:30:00+00:00,54.28,54.29,54.18,54.18,2049.0,28.0,54.222
PYPL,2026-09-14 17:35:00+00:00,54.205,54.205,54.18,54.18,1650.0,26.0,54.190714
PYPL,2026-09-14 17:40:00+00:00,54.18,54.18,54.12,54.12,760.0,16.0,54.1364
PYPL,2026-09-14 17:45:00+00:00,54.1,54.155,54.1,54.13,818.0,25.0,54.131651
PYPL,2026-09-14 17:50:00+00:00,54.13,54.17,54.07,54.105,2988.0,40.0,54.128268
PYPL,2026-09-14 17:55:00+00:00,54.1,54.105,54.01,54.02,1657.0,25.0,54.064215
PYPL,2026-09-14 18:00:00+00:00,54.045,54.08,54.02,54.045,2683.0,34.0,54.052347
PYPL,2026-09-14 18:05:00+00:00,54.1,54.1,54.04,54.07,1364.0,39.0,54.059697
PYPL,2026-09-14 18:10:00+00:00,54.08,54.135,54.03,54.05,2014.0,28.0,54.082353
PYPL,2026-09-14 18:15:00+00:00,54.04,54.05,53.93,53.955,3345.0,47.0,53.961449
PYPL,2026-09-14 18:20:00+00:00,53.95,53.99,53.94,53.97,1605.0,31.0,53.962084
PYPL,2026-09-14 18:25:00+00:00,54.0,54.0,53.955,53.955,2088.0,30.0,53.983287
PYPL,2026-09-14 18:30:00+00:00,53.98,54.0,53.96,53.97,925.0,26.0,53.981429
PYPL,2026-09-14 18:35:00+00:00,53.96,54.0,53.96,53.99,1026.0,16.0,53.991429
PYPL,2026-09-14 18:40:00+00:00,53.98,54.01,53.98,54.01,1280.0,23.0,54.0005
PYPL,2026-09-14 18:45:00+00:00,53.975,54.06,53.975,54.06,1565.0,25.0,54.005369
PYPL,2026-09-14 18:50:00+00:00,54.07,54.085,54.06,54.06,2154.0,34.0,54.068824
PYPL,2026-09-14 18:55:00+00:00,54.09,54.09,53.98,53.98,2606.0,34.0,54.027619
PYPL,2026-09-14 19:00:00+00:00,53.965,54.02,53.965,54.02,3098.0,35.0,53.999931
PYPL,2026-09-14 19:05:00+00:00,54.01,54.06,54.0,54.06,2371.0,29.0,54.033564
PYPL,2026-09-14 19:10:00+00:00,54.05,54.14,54.05,54.11,1277.0,21.0,54.116111
PYPL,2026-09-14 19:15:00+00:00,54.11,54.11,54.08,54.08,1902.0,23.0,54.09544
PYPL,2026-09-14 19:20:00+00:00,54.03,54.05,53.98,54.05,2969.0,30.0,54.017598
PYPL,2026-09-14 19:25:00+00:00,54.06,54.09,54.06,54.09,1492.0,27.0,54.080769
PYPL,2026-09-14 19:30:00+00:00,54.12,54.25,54.12,54.22,3022.0,56.0,54.20133
PYPL,2026-09-14 19:35:00+00:00,54.16,54.19,54.14,54.16,4311.0,72.0,54.160014
PYPL,2026-09-14 19:40:00+00:00,54.14,54.14,54.065,54.105,4936.0,63.0,54.091276
PYPL,2026-09-14 19:45:00+00:00,54.105,54.12,54.05,54.05,7192.0,103.0,54.09481
PYPL,2026-09-14 19:50:00+00:00,54.08,54.13,54.08,54.13,8292.0,80.0,54.108284
PYPL,2026-09-14 19:55:00+00:00,54.11,54.11,53.99,54.02,64382.0,775.0,54.042662
PYPL,2026-09-15 13:30:00+00:00,54.2,54.2,53.91,53.975,4408.0,71.0,54.038834
PYPL,2026-09-15 13:35:00+00:00,53.995,54.1,53.915,54.06,5957.0,70.0,54.01844
PYPL,2026-09-15 13:40:00+00:00,53.975,54.02,53.83,53.875,5156.0,70.0,53.931052
PYPL,2026-09-15 13:45:00+00:00,53.85,53.93,53.785,53.91,4783.0,65.0,53.847286
PYPL,2026-09-15 13:50:00+00:00,53.925,54.015,53.91,53.95,3192.0,37.0,53.951697
PYPL,2026-09-15 13:55:00+00:00,53.91,54.01,53.91,54.005,4291.0,61.0,53.976093
PYPL,2026-09-15 14:00:00+00:00,53.98,53.995,53.93,53.93,3066.0,43.0,53.954023
PYPL,2026-09-15 14:05:00+00:00,53.895,53.935,53.855,53.88,4025.0,55.0,53.889107
PYPL,2026-09-15 14:10:00+00:00,53.845,53.85,53.67,53.685,3722.0,61.0,53.734078
PYPL,2026-09-15 14:15:00+00:00,53.67,53.745,53.635,53.67,5847.0,86.0,53.66622
PYPL,2026-09-15 14:20:00+00:00,53.685,53.71,53.64,53.66,4482.0,57.0,53.680145
PYPL,2026-09-15 14:25:00+00:00,53.61,53.61,53.52,53.54,4418.0,65.0,53.564154
PYPL,2026-09-15 14:30:00+00:00,53.565,53.565,53.505,53.535,4480.0,69.0,53.527397
PYPL,2026-09-15 14:35:00+00:00,53.54,53.57,53.495,53.51,2927.0,65.0,53.535558
PYPL,2026-09-15 14:40:00+00:00,53.51,53.57,53.51,53.57,2044.0,34.0,53.542059
PYPL,2026-09-15 14:45:00+00:00,53.53,53.56,53.505,53.56,4237.0,58.0,53.533085
PYPL,2026-09-15 14:50:00+00:00,53.53,53.54,53.385,53.41,5013.0,72.0,53.466154
PYPL,2026-09-15 14:55:00+00:00,53.41,53.56,53.41,53.56,3403.0,74.0,53.497292
PYPL,2026-09-15 15:00:00+00:00,53.555,53.62,53.51,53.61,4392.0,61.0,53.558556
PYPL,2026-09-15 15:05:00+00:00,53.625,53.625,53.58,53.58,5301.0,72.0,53.599808
PYPL,2026-09-15 15:10:00+00:00,53.595,53.64,53.59,53.635,3370.0,48.0,53.616964
PYPL,2026-09-15 15:15:00+00:00,53.63,53.635,53.6,53.6,3854.0,50.0,53.624623
PYPL,2026-09-15 15:20:00+00:00,53.62,53.62,53.55,53.56,2236.0,46.0,53.584062
PYPL,2026-09-15 15:25:00+00:00,53.565,53.58,53.53,53.54,5951.0,65.0,53.55317
PYPL,2026-09-15 15:30:00+00:00,53.54,53.575,53.53,53.53,5340.0,59.0,53.551073
PYPL,2026-09-15 15:35:00+00:00,53.54,53.64,53.51,53.64,4723.0,54.0,53.553293
PYPL,2026-09-15 15:40:00+00:00,53.65,53.73,53.65,53.715,1276.0,25.0,53.683495
PYPL,2026-09-15 15:45:00+00:00,53.715,53.73,53.63,53.63,3727.0,56.0,53.698648
PYPL,2026-09-15 15:50:00+00:00,53.63,53.695,53.63,53.635,4216.0,56.0,53.667085
PYPL,2026-09-15 15:55:00+00:00,53.62,53.67,53.61,53.64,2037.0,29.0,53.643355
PYPL,2026-09-15 16:00:00+00:00,53.645,53.7,53.645,53.675,1750.0,23.0,53.681367
PYPL,2026-09-15 16:05:00+00:00,53.68,53.685,53.64,53.655,1217.0,20.0,53.6615
PYPL,2026-09-15 16:10:00+00:00,53.67,53.685,53.655,53.675,1341.0,18.0,53.666627
PYPL,2026-09-15 16:15:00+00:00,53.66,53.71,53.66,53.705,1464.0,24.0,53.684486
PYPL,2026-09-15 16:20:00+00:00,53.69,53.74,53.69,53.735,1724.0,14.0,53.696372
PYPL,2026-09-15 16:25:00+00:00,53.73,53.78,53.73,53.77,635.0,11.0,53.761
PYPL,2026-09-15 16:30:00+00:00,53.78,53.78,53.75,53.765,2360.0,27.0,53.763838
PYPL,2026-09-15 16:35:00+00:00,53.81,53.81,53.76,53.76,467.0,8.0,53.79125
PYPL,2026-09-15 16:40:00+00:00,53.77,53.77,53.76,53.76,1353.0,13.0,53.769199
PYPL,2026-09-15 16:45:00+00:00,53.75,53.775,53.745,53.775,2036.0,26.0,53.757702
PYPL,2026-09-15 16:50:00+00:00,53.78,53.835,53.78,53.835,1375.0,18.0,53.808889
PYPL,2026-09-15 16:55:00+00:00,53.835,53.845,53.82,53.83,3143.0,40.0,53.827364
PYPL,2026-09-15 17:00:00+00:00,53.825,53.865,53.82,53.865,2665.0,35.0,53.840201
PYPL,2026-09-15 17:05:00+00:00,53.845,53.85,53.81,53.85,2468.0,38.0,53.825
PYPL,2026-09-15 17:10:00+00:00,53.845,53.855,53.805,53.825,2664.0,28.0,53.830221
PYPL,2026-09-15 17:15:00+00:00,53.815,53.85,53.81,53.82,3505.0,27.0,53.837299
PYPL,2026-09-15 17:20:00+00:00,53.815,53.875,53.785,53.875,4669.0,58.0,53.830898
PYPL,2026-09-15 17:25:00+00:00,53.84,53.84,53.81,53.82,1033.0,17.0,53.828356
PYPL,2026-09-15 17:30:00+00:00,53.835,53.92,53.835,53.9,3086.0,45.0,53.887451
PYPL,2026-09-15 17:35:00+00:00,53.915,53.915,53.84,53.85,3445.0,38.0,53.879832
PYPL,2026-09-15 17:40:00+00:00,53.855,53.855,53.8,53.8,7052.0,77.0,53.833987
PYPL,2026-09-15 17:45:00+00:00,53.82,53.82,53.775,53.775,2170.0,30.0,53.800625
PYPL,2026-09-15 17:50:00+00:00,53.81,53.81,53.8,53.8,1475.0,21.0,53.802273
PYPL,2026-09-15 17:55:00+00:00,53.83,53.84,53.82,53.84,3834.0,51.0,53.830325
PYPL,2026-09-15 18:00:00+00:00,53.84,53.86,53.805,53.84,4938.0,38.0,53.82351
PYPL,2026-09-15 18:05:00+00:00,53.84,53.9,53.84,53.885,8989.0,93.0,53.888845
PYPL,2026-09-15 18:10:00+00:00,53.89,53.91,53.875,53.875,3607.0,54.0,53.893934
PYPL,2026-09-15 18:15:00+00:00,53.875,53.915,53.845,53.915,1796.0,24.0,53.869667
PYPL,2026-09-15 18:20:00+00:00,53.94,53.955,53.85,53.85,2971.0,47.0,53.924755
PYPL,2026-09-15 18:25:00+00:00,53.855,53.935,53.85,53.93,3353.0,30.0,53.888397
PYPL,2026-09-15 18:30:00+00:00,53.885,53.915,53.87,53.91,2901.0,35.0,53.89154
PYPL,2026-09-15 18:35:00+00:00,53.9,53.9,53.86,53.895,2364.0,25.0,53.891768
PYPL,2026-09-15 18:40:00+00:00,53.87,53.91,53.87,53.88,4307.0,39.0,53.890281
PYPL,2026-09-15 18:45:00+00:00,53.86,53.89,53.85,53.86,2944.0,43.0,53.862273
PYPL,2026-09-15 18:50:00+00:00,53.875,53.895,53.855,53.89,2927.0,35.0,53.877023
PYPL,2026-09-15 18:55:00+00:00,53.875,53.915,53.875,53.915,2394.0,40.0,53.895522
PYPL,2026-09-15 19:00:00+00:00,53.915,53.96,53.9,53.96,3774.0,39.0,53.924805
PYPL,2026-09-15 19:05:00+00:00,53.95,53.96,53.93,53.96,1449.0,24.0,53.944375
PYPL,2026-09-15 19:10:00+00:00,53.945,54.015,53.945,54.015,2422.0,31.0,53.966663
PYPL,2026-09-15 19:15:00+00:00,54.02,54.06,53.99,53.99,3482.0,54.0,54.020652
PYPL,2026-09-15 19:20:00+00:00,53.96,53.98,53.915,53.925,3425.0,42.0,53.940718
PYPL,2026-09-15 19:25:00+00:00,53.915,53.935,53.895,53.91,2931.0,45.0,53.909856
PYPL,2026-09-15 19:30:00+00:00,53.88,53.97,53.88,53.97,8602.0,101.0,53.925548
PYPL,2026-09-15 19:35:00+00:00,53.99,53.995,53.97,53.975,5533.0,67.0,53.984727
PYPL,2026-09-15 19:40:00+00:00,53.965,53.965,53.895,53.905,5359.0,59.0,53.921147
PYPL,2026-09-15 19:45:00+00:00,53.92,53.925,53.83,53.915,4086.0,66.0,53.871452
PYPL,2026-09-15 19:50:00+00:00,53.89,53.89,53.81,53.83,6475.0,90.0,53.839104
PYPL,2026-09-15 19:55:00+00:00,53.8,53.82,53.77,53.82,60133.0,747.0,53.789137
PYPL,2026-09-16 13:30:00+00:00,53.585,53.8,53.51,53.6,4610.0,74.0,53.6178
PYPL,2026-09-16 13:35:00+00:00,53.43,53.43,53.06,53.08,6146.0,70.0,53.28727
PYPL,2026-09-16 13:40:00+00:00,53.075,53.42,53.05,53.41,6332.0,63.0,53.245241
PYPL,2026-09-16 13:45:00+00:00,53.445,53.65,53.42,53.61,5187.0,68.0,53.551402
PYPL,2026-09-16 13:50:00+00:00,53.59,53.645,53.54,53.645,2510.0,51.0,53.582527
PYPL,2026-09-16 13:55:00+00:00,53.62,53.62,53.58,53.58,1474.0,27.0,53.603088
PYPL,2026-09-16 14:00:00+00:00,53.575,53.67,53.56,53.605,4604.0,65.0,53.603531
PYPL,2026-09-16 14:05:00+00:00,53.62,53.74,53.62,53.7,3528.0,50.0,53.6925
PYPL,2026-09-16 14:10:00+00:00,53.685,53.71,53.61,53.63,6483.0,124.0,53.677285
PYPL,2026-09-16 14:15:00+00:00,53.585,53.615,53.5,53.505,4724.0,100.0,53.558537
PYPL,2026-09-16 14:20:00+00:00,53.5,53.58,53.48,53.48,3432.0,87.0,53.534898
PYPL,2026-09-16 14:25:00+00:00,53.48,53.48,53.415,53.47,2993.0,55.0,53.451474
PYPL,2026-09-16 14:30:00+00:00,53.45,53.47,53.395,53.4,4933.0,110.0,53.437282
PYPL,2026-09-16 14:35:00+00:00,53.41,53.415,53.36,53.415,3019.0,62.0,53.38175
PYPL,2026-09-16 14:40:00+00:00,53.39,53.455,53.375,53.44,2698.0,51.0,53.418076
PYPL,2026-09-16 14:45:00+00:00,53.485,53.505,53.465,53.49,4911.0,65.0,53.484089
PYPL,2026-09-16 14:50:00+00:00,53.46,53.46,53.42,53.44,2837.0,37.0,53.441304
PYPL,2026-09-16 14:55:00+00:00,53.43,53.43,53.335,53.39,5950.0,79.0,53.367357
PYPL,2026-09-16 15:00:00+00:00,53.41,53.45,53.4,53.445,4024.0,65.0,53.423304
PYPL,2026-09-16 15:05:00+00:00,53.47,53.52,53.455,53.515,3821.0,88.0,53.491385
PYPL,2026-09-16 15:10:00+00:00,53.5,53.565,53.5,53.54,4736.0,86.0,53.532703
PYPL,2026-09-16 15:15:00+00:00,53.53,53.535,53.49,53.515,4605.0,53.0,53.51236
PYPL,2026-09-16 15:20:00+00:00,53.53,53.555,53.53,53.54,2115.0,36.0,53.544375
PYPL,2026-09-16 15:25:00+00:00,53.545,53.545,53.48,53.48,2355.0,35.0,53.493947
PYPL,2026-09-16 15:30:00+00:00,53.485,53.485,53.375,53.425,3528.0,56.0,53.439591
PYPL,2026-09-16 15:35:00+00:00,53.43,53.43,53.36,53.36,3227.0,40.0,53.406833
PYPL,2026-09-16 15:40:00+00:00,53.355,53.36,53.295,53.32,3943.0,70.0,53.341504
PYPL,2026-09-16 15:45:00+00:00,53.28,53.38,53.26,53.35,3069.0,69.0,53.328107
PYPL,2026-09-16 15:50:00+00:00,53.36,53.385,53.34,53.385,1655.0,29.0,53.354313
PYPL,2026-09-16 15:55:00+00:00,53.38,53.395,53.36,53.36,4140.0,58.0,53.379204
PYPL,2026-09-16 16:00:00+00:00,53.34,53.34,53.29,53.31,2413.0,46.0,53.310385
PYPL,2026-09-16 16:05:00+00:00,53.32,53.33,53.31,53.32,2795.0,36.0,53.320434
PYPL,2026-09-16 16:10:00+00:00,53.32,53.32,53.295,53.31,2192.0,37.0,53.313139
PYPL,2026-09-16 16:15:00+00:00,53.31,53.31,53.25,53.25,1949.0,37.0,53.280089
PYPL,2026-09-16 16:20:00+00:00,53.27,53.29,53.25,53.285,2284.0,37.0,53.272508
PYPL,2026-09-16 16:25:00+00:00,53.27,53.27,53.255,53.26,1920.0,32.0,53.26
PYPL,2026-09-16 16:30:00+00:00,53.27,53.27,53.23,53.23,2631.0,34.0,53.24538
PYPL,2026-09-16 16:35:00+00:00,53.305,53.305,53.28,53.305,1792.0,37.0,53.292017
PYPL,2026-09-16 16:40:00+00:00,53.31,53.31,53.26,53.26,2082.0,24.0,53.282205
PYPL,2026-09-16 16:45:00+00:00,53.27,53.275,53.26,53.26,2165.0,36.0,53.265887
PYPL,2026-09-16 16:50:00+00:00,53.27,53.27,53.24,53.245,2047.0,28.0,53.256788
PYPL,2026-09-16 16:55:00+00:00,53.25,53.295,53.235,53.28,2503.0,46.0,53.255952
PYPL,2026-09-16 17:00:00+00:00,53.28,53.29,53.24,53.255,2677.0,35.0,53.276219
PYPL,2026-09-16 17:05:00+00:00,53.265,53.265,53.24,53.24,1161.0,24.0,53.2525
PYPL,2026-09-16 17:10:00+00:00,53.24,53.295,53.24,53.295,1648.0,28.0,53.26875
PYPL,2026-09-16 17:15:00+00:00,53.315,53.375,53.305,53.375,2095.0,32.0,53.353056
PYPL,2026-09-16 17:20:00+00:00,53.39,53.415,53.375,53.375,1324.0,30.0,53.392857
PYPL,2026-09-16 17:25:00+00:00,53.37,53.385,53.355,53.355,2416.0,49.0,53.365948
PYPL,2026-09-16 17:30:00+00:00,53.365,53.365,53.25,53.26,8648.0,182.0,53.29967
PYPL,2026-09-16 17:35:00+00:00,53.255,53.29,53.22,53.23,6064.0,85.0,53.24666
PYPL,2026-09-16 17:40:00+00:00,53.24,53.25,53.19,53.21,8149.0,92.0,53.23322
PYPL,2026-09-16 17:45:00+00:00,53.2,53.21,53.07,53.07,5621.0,67.0,53.134389
PYPL,2026-09-16 17:50:00+00:00,53.07,53.235,53.06,53.195,6234.0,74.0,53.124102
PYPL,2026-09-16 17:55:00+00:00,53.18,53.18,53.11,53.13,4060.0,52.0,53.134818
PYPL,2026-09-16 18:00:00+00:00,53.13,53.13,52.895,52.9,10658.0,125.0,52.985989
PYPL,2026-09-16 18:05:00+00:00,52.915,53.22,52.915,53.22,1904.0,29.0,53.103571
PYPL,2026-09-16 18:10:00+00:00,53.24,53.24,53.01,53.01,5626.0,70.0,53.086274
PYPL,2026-09-16 18:15:00+00:00,53.01,53.03,52.975,53.02,5535.0,82.0,53.004476
PYPL,2026-09-16 18:20:00+00:00,53.01,53.05,53.01,53.05,2084.0,29.0,53.030906
PYPL,2026-09-16 18:25:00+00:00,53.055,53.08,53.04,53.08,2116.0,29.0,53.055833
PYPL,2026-09-16 18:30:00+00:00,53.085,53.085,52.96,52.96,9589.0,168.0,53.024777
PYPL,2026-09-16 18:35:00+00:00,52.88,52.96,52.87,52.96,3523.0,72.0,52.916739
PYPL,2026-09-16 18:40:00+00:00,52.96,53.185,52.945,53.085,4717.0,77.0,53.090785
PYPL,2026-09-16 18:45:00+00:00,53.08,53.115,52.97,52.975,8323.0,92.0,53.029266
PYPL,2026-09-16 18:50:00+00:00,52.99,53.01,52.72,52.73,13054.0,108.0,52.947864
PYPL,2026-09-16 18:55:00+00:00,52.72,52.75,52.6,52.6,9708.0,81.0,52.722681
PYPL,2026-09-16 19:00:00+00:00,52.61,52.71,52.575,52.71,5100.0,90.0,52.657593
PYPL,2026-09-16 19:05:00+00:00,52.72,52.76,52.67,52.685,4205.0,49.0,52.716629
PYPL,2026-09-16 19:10:00+00:00,52.675,52.675,52.6,52.62,6145.0,88.0,52.645737
PYPL,2026-09-16 19:15:00+00:00,52.605,52.61,52.465,52.465,10595.0,123.0,52.523285
PYPL,2026-09-16 19:20:00+00:00,52.51,52.53,52.36,52.415,16643.0,127.0,52.402669
PYPL,2026-09-16 19:25:00+00:00,52.435,52.54,52.39,52.54,5069.0,65.0,52.463976
PYPL,2026-09-16 19:30:00+00:00,52.525,52.65,52.525,52.61,10497.0,168.0,52.593957
PYPL,2026-09-16 19:35:00+00:00,52.615,52.63,52.51,52.59,7813.0,83.0,52.588711
PYPL,2026-09-16 19:40:00+00:00,52.58,52.595,52.56,52.585,6081.0,91.0,52.580544
PYPL,2026-09-16 19:45:00+00:00,52.585,52.745,52.585,52.735,6472.0,122.0,52.690624
PYPL,2026-09-16 19:50:00+00:00,52.73,52.805,52.715,52.805,11950.0,191.0,52.767611
PYPL,2026-09-16 19:55:00+00:00,52.78,52.78,52.665,52.73,60976.0,827.0,52.700127
PYPL,2026-09-17 13:30:00+00:00,52.82,53.005,52.79,52.79,3977.0,78.0,52.885105
PYPL,2026-09-17 13:35:00+00:00,52.775,52.965,52.735,52.87,6804.0,96.0,52.833723
PYPL,2026-09-17 13:40:00+00:00,52.89,52.89,52.79,52.82,3411.0,42.0,52.845131
PYPL,2026-09-17 13:45:00+00:00,52.82,52.895,52.745,52.765,3872.0,79.0,52.789926
PYPL,2026-09-17 13:50:00+00:00,52.8,52.95,52.72,52.845,3714.0,74.0,52.838025
PYPL,2026-09-17 13:55:00+00:00,52.85,52.93,52.84,52.93,2697.0,42.0,52.859039
PYPL,2026-09-17 14:00:00+00:00,52.97,52.98,52.89,52.92,4953.0,63.0,52.935167
PYPL,2026-09-17 14:05:00+00:00,52.92,52.99,52.87,52.99,5168.0,58.0,52.921681
PYPL,2026-09-17 14:10:00+00:00,52.99,53.1,52.955,53.075,2695.0,40.0,53.013065
PYPL,2026-09-17 14:15:00+00:00,53.09,53.13,53.04,53.095,3438.0,47.0,53.08705
PYPL,2026-09-17 14:20:00+00:00,53.14,53.14,53.11,53.125,1521.0,18.0,53.121143
PYPL,2026-09-17 14:25:00+00:00,53.11,53.175,53.05,53.05,3829.0,46.0,53.103079
PYPL,2026-09-17 14:30:00+00:00,53.065,53.105,53.03,53.07,5117.0,69.0,53.060998
PYPL,2026-09-17 14:35:00+00:00,53.08,53.12,53.075,53.075,3271.0,58.0,53.096838
PYPL,2026-09-17 14:40:00+00:00,53.065,53.12,53.065,53.12,3547.0,50.0,53.101154
PYPL,2026-09-17 14:45:00+00:00,53.13,53.13,53.05,53.05,3752.0,50.0,53.082085
PYPL,2026-09-17 14:50:00+00:00,53.02,53.2,53.02,53.2,4017.0,74.0,53.114504
PYPL,2026-09-17 14:55:00+00:00,53.185,53.19,53.135,53.135,4439.0,69.0,53.169662
PYPL,2026-09-17 15:00:00+00:00,53.13,53.155,53.07,53.13,5721.0,68.0,53.11923
PYPL,2026-09-17 15:05:00+00:00,53.125,53.17,53.095,53.16,4007.0,76.0,53.128333
PYPL,2026-09-17 15:10:00+00:00,53.135,53.255,53.135,53.255,3970.0,47.0,53.186718
PYPL,2026-09-17 15:15:00+00:00,53.245,53.3,53.24,53.3,2210.0,32.0,53.271709
PYPL,2026-09-17 15:20:00+00:00,53.28,53.295,53.27,53.275,3101.0,30.0,53.275481
PYPL,2026-09-17 15:25:00+00:00,53.305,53.33,53.285,53.31,1741.0,25.0,53.312532
PYPL,2026-09-17 15:30:00+00:00,53.31,53.34,53.305,53.325,3562.0,46.0,53.315534
PYPL,2026-09-17 15:35:00+00:00,53.37,53.375,53.345,53.35,1197.0,26.0,53.365
PYPL,2026-09-17 15:40:00+00:00,53.385,53.395,53.285,53.35,4939.0,107.0,53.330981
PYPL,2026-09-17 15:45:00+00:00,53.3,53.335,53.265,53.31,6118.0,87.0,53.301736
PYPL,2026-09-17 15:50:00+00:00,53.315,53.315,53.295,53.295,2673.0,38.0,53.30629
PYPL,2026-09-17 15:55:00+00:00,53.29,53.29,53.255,53.285,4051.0,67.0,53.274452
PYPL,2026-09-17 16:00:00+00:00,53.28,53.285,53.265,53.275,3905.0,40.0,53.277775
PYPL,2026-09-17 16:05:00+00:00,53.295,53.335,53.285,53.335,3487.0,51.0,53.300208
PYPL,2026-09-17 16:10:00+00:00,53.33,53.345,53.305,53.33,2526.0,45.0,53.326973
PYPL,2026-09-17 16:15:00+00:00,53.335,53.335,53.315,53.325,1723.0,25.0,53.324583
PYPL,2026-09-17 16:20:00+00:00,53.345,53.355,53.31,53.31,1775.0,19.0,53.343021
PYPL,2026-09-17 16:25:00+00:00,53.31,53.34,53.31,53.325,3090.0,39.0,53.327273
PYPL,2026-09-17 16:30:00+00:00,53.315,53.32,53.275,53.305,4301.0,56.0,53.300694
PYPL,2026-09-17 16:35:00+00:00,53.285,53.29,53.28,53.28,777.0,18.0,53.285
PYPL,2026-09-17 16:40:00+00:00,53.275,53.275,53.25,53.26,2366.0,31.0,53.261716
PYPL,2026-09-17 16:45:00+00:00,53.27,53.295,53.245,53.295,2321.0,42.0,53.279274
PYPL,2026-09-17 16:50:00+00:00,53.29,53.32,53.28,53.31,3823.0,52.0,53.302004
PYPL,2026-09-17 16:55:00+00:00,53.32,53.345,53.3,53.34,2757.0,50.0,53.318649
PYPL,2026-09-17 17:00:00+00:00,53.35,53.35,53.305,53.32,2340.0,33.0,53.31645
PYPL,2026-09-17 17:05:00+00:00,53.32,53.32,53.31,53.31,1289.0,27.0,53.317881
PYPL,2026-09-17 17:10:00+00:00,53.305,53.305,53.305,53.305,739.0,15.0,53.305
PYPL,2026-09-17 17:15:00+00:00,53.29,53.295,53.265,53.27,3061.0,41.0,53.282505
PYPL,2026-09-17 17:20:00+00:00,53.25,53.265,53.24,53.255,2944.0,46.0,53.251808
PYPL,2026-09-17 17:25:00+00:00,53.28,53.3,53.275,53.3,2790.0,52.0,53.287188
PYPL,2026-09-17 17:30:00+00:00,53.305,53.31,53.275,53.275,3462.0,50.0,53.299542
PYPL,2026-09-17 17:35:00+00:00,53.275,53.275,53.205,53.21,2502.0,40.0,53.229753
PYPL,2026-09-17 17:40:00+00:00,53.215,53.25,53.215,53.235,3134.0,64.0,53.236543
PYPL,2026-09-17 17:45:00+00:00,53.23,53.24,53.215,53.24,2237.0,36.0,53.231025
PYPL,2026-09-17 17:50:00+00:00,53.24,53.255,53.24,53.255,1047.0,19.0,53.24375
PYPL,2026-09-17 17:55:00+00:00,53.27,53.285,53.26,53.28,2791.0,42.0,53.272319
PYPL,2026-09-17 18:00:00+00:00,53.31,53.345,53.295,53.345,2087.0,38.0,53.312162
PYPL,2026-09-17 18:05:00+00:00,53.335,53.34,53.32,53.34,2764.0,46.0,53.32709
PYPL,2026-09-17 18:10:00+00:00,53.29,53.32,53.29,53.32,1140.0,24.0,53.305
PYPL,2026-09-17 18:15:00+00:00,53.325,53.325,53.305,53.31,2590.0,28.0,53.313609
PYPL,2026-09-17 18:20:00+00:00,53.31,53.31,53.265,53.265,1838.0,30.0,53.293333
PYPL,2026-09-17 18:25:00+00:00,53.245,53.265,53.245,53.265,1334.0,22.0,53.259286
PYPL,2026-09-17 18:30:00+00:00,53.275,53.275,53.255,53.27,1433.0,18.0,53.268805
PYPL,2026-09-17 18:35:00+00:00,53.22,53.22,53.195,53.215,3189.0,51.0,53.208656
PYPL,2026-09-17 18:40:00+00:00,53.205,53.225,53.205,53.225,2179.0,40.0,53.215909
PYPL,2026-09-17 18:45:00+00:00,53.23,53.25,53.22,53.24,2479.0,34.0,53.234448
PYPL,2026-09-17 18:50:00+00:00,53.24,53.245,53.23,53.23,1829.0,28.0,53.235614
PYPL,2026-09-17 18:55:00+00:00,53.22,53.23,53.205,53.23,2446.0,45.0,53.217222
PYPL,2026-09-17 19:00:00+00:00,53.245,53.29,53.24,53.265,1587.0,22.0,53.251927
PYPL,2026-09-17 19:05:00+00:00,53.195,53.255,53.15,53.19,7093.0,88.0,53.197213
PYPL,2026-09-17 19:10:00+00:00,53.19,53.21,53.18,53.195,2071.0,38.0,53.196154
PYPL,2026-09-17 19:15:00+00:00,53.19,53.19,53.17,53.175,4138.0,56.0,53.179868
PYPL,2026-09-17 19:20:00+00:00,53.185,53.195,53.18,53.19,2546.0,24.0,53.187465
PYPL,2026-09-17 19:25:00+00:00,53.15,53.18,53.11,53.11,3057.0,57.0,53.150202
PYPL,2026-09-17 19:30:00+00:00,53.105,53.175,53.105,53.13,5488.0,74.0,53.148528
PYPL,2026-09-17 19:35:00+00:00,53.13,53.165,53.12,53.12,5386.0,71.0,53.148377
PYPL,2026-09-17 19:40:00+00:00,53.12,53.12,53.035,53.045,4826.0,84.0,53.08735
PYPL,2026-09-17 19:45:00+00:00,53.05,53.05,52.98,52.995,3304.0,52.0,53.000991
PYPL,2026-09-17 19:50:00+00:00,52.995,53.015,52.96,52.965,5863.0,85.0,52.988515
PYPL,2026-09-17 19:55:00+00:00,52.96,52.975,52.905,52.92,36226.0,594.0,52.934008
PYPL,2026-09-18 13:30:00+00:00,52.775,52.775,52.33,52.47,5487.0,79.0,52.522373
PYPL,2026-09-18 13:35:00+00:00,52.32,52.47,52.27,52.43,6861.0,97.0,52.381485
PYPL,2026-09-18 13:40:00+00:00,52.395,52.48,52.355,52.46,4835.0,62.0,52.418312
PYPL,2026-09-18 13:45:00+00:00,52.485,52.77,52.485,52.76,4506.0,114.0,52.600697
PYPL,2026-09-18 13:50:00+00:00,52.77,52.79,52.68,52.68,10888.0,78.0,52.765818
PYPL,2026-09-18 13:55:00+00:00,52.68,52.74,52.62,52.7,13343.0,84.0,52.694344
PYPL,2026-09-18 14:00:00+00:00,52.69,52.72,52.61,52.68,19442.0,73.0,52.661698
PYPL,2026-09-18 14:05:00+00:00,52.69,52.8,52.69,52.75,3444.0,49.0,52.736304
PYPL,2026-09-18 14:10:00+00:00,52.785,52.805,52.715,52.715,4362.0,53.0,52.766406
PYPL,2026-09-18 14:15:00+00:00,52.7,52.775,52.66,52.775,46645.0,275.0,52.715083
PYPL,2026-09-18 14:20:00+00:00,52.79,52.84,52.74,52.77,7077.0,80.0,52.785524
PYPL,2026-09-18 14:25:00+00:00,52.765,52.795,52.67,52.69,4271.0,66.0,52.737592
PYPL,2026-09-18 14:30:00+00:00,52.715,52.77,52.71,52.765,3371.0,65.0,52.734071
PYPL,2026-09-18 14:35:00+00:00,52.77,52.81,52.71,52.73,6174.0,99.0,52.762531
PYPL,2026-09-18 14:40:00+00:00,52.74,52.79,52.74,52.765,2107.0,36.0,52.760553
PYPL,2026-09-18 14:45:00+00:00,52.765,52.765,52.715,52.74,2680.0,53.0,52.732537
PYPL,2026-09-18 14:50:00+00:00,52.755,52.845,52.755,52.845,3323.0,59.0,52.779643
PYPL,2026-09-18 14:55:00+00:00,52.835,52.86,52.82,52.85,2015.0,48.0,52.833024
PYPL,2026-09-18 15:00:00+00:00,52.84,52.84,52.745,52.745,6308.0,95.0,52.813101
PYPL,2026-09-18 15:05:00+00:00,52.73,52.73,52.685,52.71,3365.0,69.0,52.707328
PYPL,2026-09-18 15:10:00+00:00,52.725,52.745,52.675,52.735,2129.0,36.0,52.695882
PYPL,2026-09-18 15:15:00+00:00,52.73,52.775,52.71,52.775,2177.0,35.0,52.745077
PYPL,2026-09-18 15:20:00+00:00,52.78,52.78,52.73,52.74,3479.0,61.0,52.756786
PYPL,2026-09-18 15:25:00+00:00,52.74,52.83,52.74,52.825,2832.0,46.0,52.812819
PYPL,2026-09-18 15:30:00+00:00,52.83,52.83,52.775,52.78,3205.0,44.0,52.805669
PYPL,2026-09-18 15:35:00+00:00,52.805,52.805,52.775,52.775,3271.0,58.0,52.792321
PYPL,2026-09-18 15:40:00+00:00,52.775,52.79,52.715,52.715,2712.0,48.0,52.762392
PYPL,2026-09-18 15:45:00+00:00,52.725,52.745,52.64,52.65,1749.0,32.0,52.700196
PYPL,2026-09-18 15:50:00+00:00,52.64,52.66,52.635,52.65,3394.0,48.0,52.645421
PYPL,2026-09-18 15:55:00+00:00,52.635,52.71,52.635,52.68,3820.0,61.0,52.67393
PYPL,2026-09-18 16:00:00+00:00,52.67,52.67,52.64,52.66,1346.0,21.0,52.656364
PYPL,2026-09-18 16:05:00+00:00,52.66,52.705,52.655,52.705,1004.0,27.0,52.68
PYPL,2026-09-18 16:10:00+00:00,52.73,52.75,52.7,52.73,2605.0,47.0,52.725351
PYPL,2026-09-18 16:15:00+00:00,52.71,52.76,52.71,52.745,2228.0,30.0,52.743728
PYPL,2026-09-18 16:20:00+00:00,52.725,52.735,52.68,52.705,3251.0,52.0,52.708077
PYPL,2026-09-18 16:25:00+00:00,52.7,52.77,52.685,52.755,2775.0,42.0,52.722253
PYPL,2026-09-18 16:30:00+00:00,52.74,52.8,52.735,52.8,2045.0,50.0,52.761887
PYPL,2026-09-18 16:35:00+00:00,52.79,52.79,52.765,52.765,1327.0,34.0,52.7735
PYPL,2026-09-18 16:40:00+00:00,52.78,52.81,52.745,52.745,3550.0,62.0,52.787979
PYPL,2026-09-18 16:45:00+00:00,52.715,52.72,52.69,52.72,1912.0,46.0,52.70625
PYPL,2026-09-18 16:50:00+00:00,52.7,52.725,52.695,52.725,1052.0,20.0,52.704286
PYPL,2026-09-18 16:55:00+00:00,52.75,52.765,52.745,52.76,1610.0,36.0,52.752137
PYPL,2026-09-18 17:00:00+00:00,52.72,52.74,52.655,52.66,1902.0,44.0,52.708846
PYPL,2026-09-18 17:05:00+00:00,52.67,52.69,52.67,52.675,842.0,26.0,52.679
PYPL,2026-09-18 17:10:00+00:00,52.68,52.7,52.68,52.695,2075.0,26.0,52.691373
PYPL,2026-09-18 17:15:00+00:00,52.7,52.73,52.7,52.725,1575.0,42.0,52.716157
PYPL,2026-09-18 17:20:00+00:00,52.735,52.76,52.735,52.755,2584.0,32.0,52.750882
PYPL,2026-09-18 17:25:00+00:00,52.755,52.77,52.735,52.735,2619.0,47.0,52.746063
PYPL,2026-09-18 17:30:00+00:00,52.74,52.74,52.68,52.725,3936.0,63.0,52.704626
PYPL,2026-09-18 17:35:00+00:00,52.75,52.75,52.74,52.745,1217.0,29.0,52.745339
PYPL,2026-09-18 17:40:00+00:00,52.715,52.72,52.695,52.695,1908.0,25.0,52.710419
PYPL,2026-09-18 17:45:00+00:00,52.695,52.695,52.63,52.64,2386.0,42.0,52.661111
PYPL,2026-09-18 17:50:00+00:00,52.645,52.695,52.645,52.695,2012.0,26.0,52.679722
PYPL,2026-09-18 17:55:00+00:00,52.685,52.705,52.685,52.7,2607.0,44.0,52.697108
PYPL,2026-09-18 18:00:00+00:00,52.69,52.77,52.69,52.735,2608.0,36.0,52.728688
PYPL,2026-09-18 18:05:00+00:00,52.72,52.72,52.635,52.64,3777.0,58.0,52.689174
PYPL,2026-09-18 18:10:00+00:00,52.635,52.665,52.635,52.65,748.0,12.0,52.655
PYPL,2026-09-18 18:15:00+00:00,52.6,52.6,52.505,52.54,7100.0,90.0,52.539486
PYPL,2026-09-18 18:20:00+00:00,52.56,52.595,52.54,52.54,4072.0,63.0,52.580812
PYPL,2026-09-18 18:25:00+00:00,52.545,52.555,52.485,52.5,10446.0,61.0,52.51121
PYPL,2026-09-18 18:30:00+00:00,52.49,52.5,52.425,52.465,15400.0,149.0,52.450154
PYPL,2026-09-18 18:35:00+00:00,52.495,52.525,52.495,52.515,2309.0,34.0,52.508239
PYPL,2026-09-18 18:40:00+00:00,52.485,52.5,52.465,52.465,3149.0,32.0,52.487923
PYPL,2026-09-18 18:45:00+00:00,52.465,52.53,52.465,52.495,5386.0,78.0,52.500676
PYPL,2026-09-18 18:50:00+00:00,52.495,52.55,52.495,52.52,3966.0,48.0,52.519219
PYPL,2026-09-18 18:55:00+00:00,52.5,52.6,52.49,52.6,4735.0,78.0,52.535593
PYPL,2026-09-18 19:00:00+00:00,52.59,52.59,52.53,52.535,3414.0,39.0,52.553145
PYPL,2026-09-18 19:05:00+00:00,52.535,52.535,52.43,52.435,7523.0,96.0,52.470092
PYPL,2026-09-18 19:10:00+00:00,52.455,52.455,52.415,52.425,3694.0,56.0,52.427988
PYPL,2026-09-18 19:15:00+00:00,52.385,52.395,52.37,52.38,5488.0,66.0,52.380335
PYPL,2026-09-18 19:20:00+00:00,52.385,52.405,52.375,52.395,2330.0,26.0,52.388571
PYPL,2026-09-18 19:25:00+00:00,52.41,52.41,52.37,52.38,3953.0,62.0,52.387062
PYPL,2026-09-18 19:30:00+00:00,52.385,52.45,52.37,52.395,6286.0,71.0,52.405276
PYPL,2026-09-18 19:35:00+00:00,52.395,52.43,52.395,52.415,4310.0,58.0,52.416619
PYPL,2026-09-18 19:40:00+00:00,52.43,52.445,52.425,52.425,5186.0,77.0,52.43451
PYPL,2026-09-18 19:45:00+00:00,52.425,52.43,52.395,52.4,10379.0,131.0,52.419726
PYPL,2026-09-18 19:50:00+00:00,52.42,52.6,52.4,52.45,28772.0,294.0,52.490245
PYPL,2026-09-18 19:55:00+00:00,52.43,52.43,52.28,52.42,119341.0,1121.0,52.396739
