symbol,timestamp,open,high,low,close,volume,trade_count,vwap
AMT,2026-08-14 13:25:00+00:00,174.65,174.65,174.65,174.65,380.0,4.0,174.65
AMT,2026-08-14 13:30:00+00:00,174.26,174.78,174.0,174.2,51112.0,653.0,174.307073
AMT,2026-08-14 13:35:00+00:00,174.43,174.59,173.77,174.275,13282.0,334.0,174.266389
AMT,2026-08-14 13:40:00+00:00,174.2683,175.39,174.25,175.255,24301.0,424.0,175.015393
AMT,2026-08-14 13:45:00+00:00,175.19,175.95,174.8501,175.115,25445.0,436.0,175.473574
AMT,2026-08-14 13:50:00+00:00,175.11,175.53,175.07,175.2325,9291.0,267.0,175.280348
AMT,2026-08-14 13:55:00+00:00,175.225,175.79,175.225,175.6951,10090.0,350.0,175.534174
AMT,2026-08-14 14:00:00+00:00,175.7805,176.04,175.5,175.85,18063.0,553.0,175.763001
AMT,2026-08-14 14:05:00+00:00,175.87,175.98,175.02,175.31,25757.0,572.0,175.498482
AMT,2026-08-14 14:10:00+00:00,175.43,175.44,175.07,175.255,14791.0,324.0,175.224915
AMT,2026-08-14 14:15:00+00:00,175.255,175.915,175.235,175.845,14022.0,474.0,175.643185
AMT,2026-08-14 14:20:00+00:00,175.95,176.28,175.84,176.14,13809.0,400.0,176.055573
AMT,2026-08-14 14:25:00+00:00,176.12,176.59,176.12,176.335,33206.0,619.0,176.44723
AMT,2026-08-14 14:30:00+00:00,176.325,176.33,175.52,175.52,16314.0,465.0,175.996909
AMT,2026-08-14 14:35:00+00:00,175.585,176.07,175.48,175.94,18012.0,489.0,175.873786
AMT,2026-08-14 14:40:00+00:00,175.94,175.94,175.495,175.615,15876.0,438.0,175.638333
AMT,2026-08-14 14:45:00+00:00,175.615,176.039,175.585,175.64,29047.0,403.0,175.839755
AMT,2026-08-14 14:50:00+00:00,175.7148,175.84,175.53,175.7899,20170.0,453.0,175.75689
AMT,2026-08-14 14:55:00+00:00,175.695,175.83,175.51,175.64,28602.0,696.0,175.674027
AMT,2026-08-14 15:00:00+00:00,175.65,175.9954,175.65,175.755,18601.0,478.0,175.773223
AMT,2026-08-14 15:05:00+00:00,175.755,176.1199,175.755,175.96,25440.0,600.0,175.970991
AMT,2026-08-14 15:10:00+00:00,175.93,176.2399,175.81,175.99,22312.0,488.0,176.055494
AMT,2026-08-14 15:15:00+00:00,176.0771,176.25,175.89,176.05,18917.0,401.0,176.113976
AMT,2026-08-14 15:20:00+00:00,175.925,176.1099,175.85,176.1099,14044.0,393.0,175.9867
AMT,2026-08-14 15:25:00+00:00,176.005,176.1099,175.87,175.95,17084.0,497.0,175.984036
AMT,2026-08-14 15:30:00+00:00,176.0399,176.23,175.79,176.09,31055.0,611.0,176.032538
AMT,2026-08-14 15:35:00+00:00,176.09,176.34,176.024,176.23,26008.0,595.0,176.175298
AMT,2026-08-14 15:40:00+00:00,176.23,176.43,176.15,176.3,24552.0,636.0,176.320529
AMT,2026-08-14 15:45:00+00:00,176.26,176.26,175.7558,176.075,14879.0,498.0,176.130519
AMT,2026-08-14 15:50:00+00:00,176.0,176.085,175.85,176.07,5380.0,243.0,175.998106
AMT,2026-08-14 15:55:00+00:00,175.98,176.075,175.7,175.7,5834.0,268.0,175.893253
AMT,2026-08-14 16:00:00+00:00,175.78,175.88,175.7001,175.72,8178.0,352.0,175.764642
AMT,2026-08-14 16:05:00+00:00,175.74,175.87,175.69,175.7,4748.0,201.0,175.774375
AMT,2026-08-14 16:10:00+00:00,175.7,176.08,175.6404,176.08,10996.0,367.0,175.805587
AMT,2026-08-14 16:15:00+00:00,176.08,176.2,175.92,176.0525,11678.0,364.0,176.056017
AMT,2026-08-14 16:20:00+00:00,176.0,176.12,175.82,175.96,8439.0,242.0,175.949245
AMT,2026-08-14 16:25:00+00:00,176.0,176.02,175.84,175.91,10145.0,264.0,175.93473
AMT,2026-08-14 16:30:00+00:00,175.92,175.96,175.755,175.77,7750.0,279.0,175.841037
AMT,2026-08-14 16:35:00+00:00,175.84,175.96,175.795,175.82,8432.0,328.0,175.863858
AMT,2026-08-14 16:40:00+00:00,175.815,175.91,175.75,175.75,5252.0,190.0,175.816181
AMT,2026-08-14 16:45:00+00:00,175.75,175.82,175.75,175.82,2863.0,99.0,175.777538
AMT,2026-08-14 16:50:00+00:00,175.75,175.84,175.665,175.785,7153.0,238.0,175.752744
AMT,2026-08-14 16:55:00+00:00,175.78,175.805,175.56,175.56,7519.0,290.0,175.746107
AMT,2026-08-14 17:00:00+00:00,175.57,175.63,175.52,175.58,3890.0,191.0,175.572336
AMT,2026-08-14 17:05:00+00:00,175.65,175.695,175.53,175.695,5296.0,231.0,175.638936
AMT,2026-08-14 17:10:00+00:00,175.74,175.79,175.64,175.64,5729.0,251.0,175.735414
AMT,2026-08-14 17:15:00+00:00,175.75,175.815,175.725,175.7251,6057.0,249.0,175.766464
AMT,2026-08-14 17:20:00+00:00,175.83,175.9,175.8,175.83,8056.0,252.0,175.83089
AMT,2026-08-14 17:25:00+00:00,175.79,175.8899,175.7041,175.79,5542.0,250.0,175.813822
AMT,2026-08-14 17:30:00+00:00,175.81,175.815,175.6701,175.73,5949.0,275.0,175.752543
AMT,2026-08-14 17:35:00+00:00,175.78,175.78,175.58,175.73,8349.0,301.0,175.704917
AMT,2026-08-14 17:40:00+00:00,175.77,175.89,175.4782,175.6325,8413.0,289.0,175.73494
AMT,2026-08-14 17:45:00+00:00,175.6,175.64,175.4041,175.435,4349.0,223.0,175.558187
AMT,2026-08-14 17:50:00+00:00,175.36,175.47,175.3433,175.3433,4416.0,191.0,175.395636
AMT,2026-08-14 17:55:00+00:00,175.29,175.46,175.28,175.46,18508.0,447.0,175.381969
AMT,2026-08-14 18:00:00+00:00,175.435,175.54,175.31,175.385,8108.0,272.0,175.43975
AMT,2026-08-14 18:05:00+00:00,175.51,175.55,175.3601,175.43,12601.0,256.0,175.451684
AMT,2026-08-14 18:10:00+00:00,175.39,175.78,175.39,175.72,10755.0,428.0,175.567402
AMT,2026-08-14 18:15:00+00:00,175.74,175.74,175.655,175.695,5099.0,197.0,175.700063
AMT,2026-08-14 18:20:00+00:00,175.69,175.7,175.56,175.56,8541.0,333.0,175.653966
AMT,2026-08-14 18:25:00+00:00,175.56,175.6,175.47,175.47,4920.0,272.0,175.539751
AMT,2026-08-14 18:30:00+00:00,175.5399,175.54,175.41,175.4652,6238.0,269.0,175.460132
AMT,2026-08-14 18:35:00+00:00,175.485,175.58,175.39,175.515,12489.0,360.0,175.47527
AMT,2026-08-14 18:40:00+00:00,175.57,175.74,175.38,175.71,8318.0,310.0,175.626274
AMT,2026-08-14 18:45:00+00:00,175.79,175.79,175.56,175.687,21670.0,457.0,175.718033
AMT,2026-08-14 18:50:00+00:00,175.7,175.7899,175.64,175.685,13564.0,303.0,175.714621
AMT,2026-08-14 18:55:00+00:00,175.64,175.72,175.54,175.555,11970.0,383.0,175.619368
AMT,2026-08-14 19:00:00+00:00,175.56,175.61,175.43,175.49,8764.0,272.0,175.521158
AMT,2026-08-14 19:05:00+00:00,175.55,175.77,175.495,175.7,10205.0,426.0,175.667655
AMT,2026-08-14 19:10:00+00:00,175.76,175.81,175.58,175.62,7272.0,304.0,175.726827
AMT,2026-08-14 19:15:00+00:00,175.7,175.78,175.58,175.74,10323.0,358.0,175.679785
AMT,2026-08-14 19:20:00+00:00,175.76,175.815,175.67,175.67,9568.0,345.0,175.764333
AMT,2026-08-14 19:25:00+00:00,175.7,175.78,175.67,175.7,12028.0,413.0,175.704301
AMT,2026-08-14 19:30:00+00:00,175.67,175.69,175.38,175.59,18744.0,685.0,175.560592
AMT,2026-08-14 19:35:00+00:00,175.63,175.63,175.385,175.385,23209.0,581.0,175.47415
AMT,2026-08-14 19:40:00+00:00,175.365,175.4854,174.865,175.09,34401.0,822.0,175.156563
AMT,2026-08-14 19:45:00+00:00,175.01,175.18,174.955,175.115,20699.0,604.0,175.048734
AMT,2026-08-14 19:50:00+00:00,175.115,175.52,175.1128,175.42,25194.0,818.0,175.316722
AMT,2026-08-14 19:55:00+00:00,175.35,175.74,175.2,175.6,130570.0,3649.0,175.524401
AMT,2026-08-14 20:00:00+00:00,175.58,175.58,175.58,175.58,621699.0,93.0,175.58
AMT,2026-08-17 11:05:00+00:00,173.6906,173.6906,173.6906,173.6906,110.0,2.0,173.6906
AMT,2026-08-17 13:30:00+00:00,174.92,175.16,174.5,175.045,19456.0,390.0,174.928025
AMT,2026-08-17 13:35:00+00:00,174.85,175.22,174.61,174.94,13225.0,352.0,174.929942
AMT,2026-08-17 13:40:00+00:00,174.8874,175.08,174.74,174.74,9793.0,250.0,174.955829
AMT,2026-08-17 13:45:00+00:00,174.74,174.76,173.7,174.04,11811.0,383.0,174.102695
AMT,2026-08-17 13:50:00+00:00,174.04,174.295,174.02,174.11,8840.0,266.0,174.18665
AMT,2026-08-17 13:55:00+00:00,173.785,173.99,173.7,173.9,9357.0,235.0,173.826694
AMT,2026-08-17 14:00:00+00:00,173.905,173.95,173.665,173.715,17205.0,418.0,173.819579
AMT,2026-08-17 14:05:00+00:00,173.67,173.97,173.65,173.95,7535.0,281.0,173.797251
AMT,2026-08-17 14:10:00+00:00,174.02,174.29,173.98,174.14,22619.0,318.0,174.218143
AMT,2026-08-17 14:15:00+00:00,174.14,174.15,173.755,174.09,6571.0,246.0,173.953265
AMT,2026-08-17 14:20:00+00:00,174.0,174.17,173.95,174.055,11628.0,286.0,174.123932
AMT,2026-08-17 14:25:00+00:00,174.06,174.35,174.06,174.35,7971.0,372.0,174.17236
AMT,2026-08-17 14:30:00+00:00,174.38,174.38,174.11,174.26,12219.0,297.0,174.223391
AMT,2026-08-17 14:35:00+00:00,174.21,174.25,173.45,173.475,18351.0,424.0,173.832807
AMT,2026-08-17 14:40:00+00:00,173.475,173.6,173.38,173.465,14624.0,353.0,173.497083
AMT,2026-08-17 14:45:00+00:00,173.465,173.65,173.37,173.635,15977.0,438.0,173.526417
AMT,2026-08-17 14:50:00+00:00,173.5835,173.79,173.46,173.755,13891.0,359.0,173.634754
AMT,2026-08-17 14:55:00+00:00,173.79,173.915,173.17,173.39,22129.0,458.0,173.488143
AMT,2026-08-17 15:00:00+00:00,173.2,173.2,172.9001,172.99,8152.0,314.0,173.094069
AMT,2026-08-17 15:05:00+00:00,172.97,173.055,172.805,172.855,7498.0,269.0,172.901232
AMT,2026-08-17 15:10:00+00:00,172.91,172.91,172.62,172.7301,5244.0,251.0,172.747352
AMT,2026-08-17 15:15:00+00:00,172.73,172.84,172.625,172.78,14578.0,459.0,172.74889
AMT,2026-08-17 15:20:00+00:00,173.015,173.06,172.89,173.06,8761.0,297.0,172.96852
AMT,2026-08-17 15:25:00+00:00,173.05,173.4707,173.05,173.4707,9483.0,338.0,173.237205
AMT,2026-08-17 15:30:00+00:00,173.36,173.365,172.96,172.98,6977.0,264.0,173.247957
AMT,2026-08-17 15:35:00+00:00,173.01,173.16,172.84,172.85,9145.0,323.0,173.042691
AMT,2026-08-17 15:40:00+00:00,172.83,173.1299,172.79,173.015,6815.0,203.0,172.933022
AMT,2026-08-17 15:45:00+00:00,173.1,173.2,173.07,173.2,4620.0,191.0,173.127634
AMT,2026-08-17 15:50:00+00:00,173.2,173.22,173.04,173.14,4344.0,178.0,173.142632
AMT,2026-08-17 15:55:00+00:00,173.19,173.32,173.105,173.25,6032.0,214.0,173.219482
AMT,2026-08-17 16:00:00+00:00,173.275,173.32,173.1301,173.19,8783.0,290.0,173.239907
AMT,2026-08-17 16:05:00+00:00,173.17,173.17,173.06,173.11,5177.0,201.0,173.118203
AMT,2026-08-17 16:10:00+00:00,173.12,173.4,173.12,173.38,9680.0,352.0,173.277919
AMT,2026-08-17 16:15:00+00:00,173.4,173.53,173.4,173.46,9168.0,259.0,173.468511
AMT,2026-08-17 16:20:00+00:00,173.455,173.7,173.41,173.7,5574.0,274.0,173.587985
AMT,2026-08-17 16:25:00+00:00,173.75,173.76,173.55,173.6472,9211.0,305.0,173.65928
AMT,2026-08-17 16:30:00+00:00,173.615,173.73,173.54,173.705,9728.0,278.0,173.618207
AMT,2026-08-17 16:35:00+00:00,173.74,173.835,173.68,173.835,6401.0,234.0,173.731549
AMT,2026-08-17 16:40:00+00:00,173.835,173.92,173.72,173.72,8512.0,214.0,173.875384
AMT,2026-08-17 16:45:00+00:00,173.83,173.84,173.72,173.7618,7557.0,259.0,173.787659
AMT,2026-08-17 16:50:00+00:00,173.81,173.81,173.67,173.67,9656.0,229.0,173.786999
AMT,2026-08-17 16:55:00+00:00,173.67,173.73,173.62,173.66,7816.0,315.0,173.688386
AMT,2026-08-17 17:00:00+00:00,173.665,173.73,173.665,173.67,7913.0,283.0,173.697045
AMT,2026-08-17 17:05:00+00:00,173.65,173.78,173.62,173.78,7699.0,281.0,173.674698
AMT,2026-08-17 17:10:00+00:00,173.76,173.8499,173.6,173.8489,13011.0,285.0,173.766284
AMT,2026-08-17 17:15:00+00:00,173.795,173.7951,173.59,173.59,14892.0,309.0,173.721859
AMT,2026-08-17 17:20:00+00:00,173.65,173.8,173.61,173.775,8534.0,289.0,173.69693
AMT,2026-08-17 17:25:00+00:00,173.72,173.72,173.6,173.6,5309.0,151.0,173.660366
AMT,2026-08-17 17:30:00+00:00,173.73,173.8,173.7,173.8,8479.0,274.0,173.752453
AMT,2026-08-17 17:35:00+00:00,173.79,173.89,173.75,173.89,19617.0,327.0,173.828001
AMT,2026-08-17 17:40:00+00:00,173.85,173.95,173.83,173.95,6999.0,276.0,173.865098
AMT,2026-08-17 17:45:00+00:00,173.95,173.99,173.85,173.89,6064.0,263.0,173.927289
AMT,2026-08-17 17:50:00+00:00,173.865,173.96,173.865,173.9,6794.0,272.0,173.915531
AMT,2026-08-17 17:55:00+00:00,173.91,174.07,173.91,174.05,8283.0,340.0,173.97947
AMT,2026-08-17 18:00:00+00:00,174.08,174.29,173.94,173.94,8868.0,347.0,174.13479
AMT,2026-08-17 18:05:00+00:00,173.97,174.07,173.94,173.94,7824.0,304.0,174.011733
AMT,2026-08-17 18:10:00+00:00,173.845,174.03,173.845,174.03,4962.0,223.0,173.922673
AMT,2026-08-17 18:15:00+00:00,174.01,174.08,173.7343,173.755,7687.0,237.0,173.939536
AMT,2026-08-17 18:20:00+00:00,173.745,173.745,173.45,173.62,9372.0,247.0,173.608348
AMT,2026-08-17 18:25:00+00:00,173.44,173.54,173.26,173.38,10719.0,341.0,173.434572
AMT,2026-08-17 18:30:00+00:00,173.39,173.42,173.145,173.24,8399.0,294.0,173.277954
AMT,2026-08-17 18:35:00+00:00,173.29,173.34,173.25,173.34,6373.0,274.0,173.298625
AMT,2026-08-17 18:40:00+00:00,173.295,173.3099,173.135,173.15,12474.0,348.0,173.219672
AMT,2026-08-17 18:45:00+00:00,173.16,173.19,172.95,172.95,11346.0,383.0,173.106563
AMT,2026-08-17 18:50:00+00:00,172.99,173.06,172.89,173.03,11894.0,320.0,173.0021
AMT,2026-08-17 18:55:00+00:00,173.01,173.2,173.01,173.175,10366.0,350.0,173.135076
AMT,2026-08-17 19:00:00+00:00,173.165,173.17,173.0405,173.07,107263.0,342.0,173.071859
AMT,2026-08-17 19:05:00+00:00,173.07,173.1,172.89,172.89,12220.0,365.0,173.02504
AMT,2026-08-17 19:10:00+00:00,172.89,172.93,172.0699,172.07,58543.0,1105.0,172.300297
AMT,2026-08-17 19:15:00+00:00,172.01,172.43,171.3213,171.34,180380.0,1788.0,171.834378
AMT,2026-08-17 19:20:00+00:00,171.35,171.52,170.42,170.42,127970.0,1481.0,171.079687
AMT,2026-08-17 19:25:00+00:00,170.42,171.27,170.15,171.26,110887.0,1429.0,170.527554
AMT,2026-08-17 19:30:00+00:00,171.26,171.4859,171.17,171.335,46112.0,807.0,171.282169
AMT,2026-08-17 19:35:00+00:00,171.305,171.7,171.1201,171.695,34820.0,914.0,171.418688
AMT,2026-08-17 19:40:00+00:00,171.627,171.6486,171.24,171.4075,29425.0,763.0,171.426567
AMT,2026-08-17 19:45:00+00:00,171.36,172.29,171.36,172.24,45717.0,1099.0,171.864377
AMT,2026-08-17 19:50:00+00:00,172.32,172.4,171.89,172.05,65287.0,1805.0,172.144759
AMT,2026-08-17 19:55:00+00:00,172.06,172.28,171.85,172.23,198312.0,4542.0,172.099612
AMT,2026-08-17 20:00:00+00:00,172.23,172.23,171.75,171.75,816627.0,70.0,172.22994
AMT,2026-08-18 12:10:00+00:00,172.98,172.98,172.98,172.98,212.0,15.0,172.98
AMT,2026-08-18 12:25:00+00:00,173.04,173.04,173.04,173.04,102.0,2.0,173.04
AMT,2026-08-18 13:25:00+00:00,173.97,173.97,173.97,173.97,325.0,14.0,173.97
AMT,2026-08-18 13:30:00+00:00,174.86,175.05,174.0,174.59,28356.0,353.0,174.812261
AMT,2026-08-18 13:35:00+00:00,174.2,174.55,173.87,174.03,14924.0,376.0,174.097904
AMT,2026-08-18 13:40:00+00:00,173.9375,174.14,173.4538,173.78,15949.0,368.0,173.840614
AMT,2026-08-18 13:45:00+00:00,173.86,174.496,173.62,174.0,12571.0,332.0,174.106555
AMT,2026-08-18 13:50:00+00:00,173.8188,174.2,173.26,173.48,14296.0,372.0,173.687698
AMT,2026-08-18 13:55:00+00:00,173.48,173.82,173.39,173.47,7792.0,292.0,173.53675
AMT,2026-08-18 14:00:00+00:00,173.37,173.96,173.36,173.96,32521.0,640.0,173.688184
AMT,2026-08-18 14:05:00+00:00,173.915,174.11,173.69,174.11,26467.0,495.0,173.848861
AMT,2026-08-18 14:10:00+00:00,174.11,174.13,173.71,174.07,36918.0,563.0,173.89574
AMT,2026-08-18 14:15:00+00:00,173.98,174.47,173.925,173.925,19118.0,472.0,174.238185
AMT,2026-08-18 14:20:00+00:00,173.98,174.14,173.81,173.91,13985.0,479.0,173.95234
AMT,2026-08-18 14:25:00+00:00,173.91,173.97,173.6701,173.815,13141.0,365.0,173.850014
AMT,2026-08-18 14:30:00+00:00,173.9,174.07,173.7,173.965,26670.0,620.0,173.853448
AMT,2026-08-18 14:35:00+00:00,173.95,173.98,173.7,173.76,19079.0,487.0,173.780207
AMT,2026-08-18 14:40:00+00:00,173.79,174.22,173.79,174.21,14349.0,409.0,174.070103
AMT,2026-08-18 14:45:00+00:00,174.27,174.465,173.885,173.94,13394.0,455.0,174.278098
AMT,2026-08-18 14:50:00+00:00,174.04,174.37,173.9575,174.34,24934.0,537.0,174.198067
AMT,2026-08-18 14:55:00+00:00,174.25,174.79,174.25,174.72,47659.0,792.0,174.481315
AMT,2026-08-18 15:00:00+00:00,174.66,174.67,174.15,174.35,21359.0,541.0,174.339541
AMT,2026-08-18 15:05:00+00:00,174.32,174.52,174.24,174.3949,13681.0,453.0,174.373504
AMT,2026-08-18 15:10:00+00:00,174.455,174.4628,174.165,174.26,14629.0,505.0,174.313073
AMT,2026-08-18 15:15:00+00:00,174.23,174.54,174.14,174.54,14198.0,419.0,174.30829
AMT,2026-08-18 15:20:00+00:00,174.52,174.53,174.11,174.12,16445.0,470.0,174.340424
AMT,2026-08-18 15:25:00+00:00,174.105,174.36,174.04,174.04,29954.0,546.0,174.178843
AMT,2026-08-18 15:30:00+00:00,174.07,174.07,173.6302,173.89,22939.0,539.0,173.778018
AMT,2026-08-18 15:35:00+00:00,173.845,174.07,173.75,174.07,12929.0,393.0,173.919996
AMT,2026-08-18 15:40:00+00:00,174.04,174.21,174.04,174.21,9514.0,303.0,174.156504
AMT,2026-08-18 15:45:00+00:00,174.185,174.185,173.9975,173.9975,14978.0,402.0,174.092518
AMT,2026-08-18 15:50:00+00:00,174.08,174.31,174.08,174.19,9170.0,395.0,174.207981
AMT,2026-08-18 15:55:00+00:00,174.14,174.15,173.98,173.99,10582.0,336.0,174.064512
AMT,2026-08-18 16:00:00+00:00,174.0625,174.31,174.0625,174.265,9499.0,348.0,174.192891
AMT,2026-08-18 16:05:00+00:00,174.2168,174.56,174.18,174.5475,17287.0,417.0,174.317347
AMT,2026-08-18 16:10:00+00:00,174.565,174.64,174.435,174.59,11476.0,405.0,174.538944
AMT,2026-08-18 16:15:00+00:00,174.648,174.7,174.55,174.7,6065.0,306.0,174.630302
AMT,2026-08-18 16:20:00+00:00,174.77,175.3,174.77,175.27,18414.0,519.0,175.107488
AMT,2026-08-18 16:25:00+00:00,175.225,175.26,175.015,175.18,10841.0,358.0,175.155017
AMT,2026-08-18 16:30:00+00:00,175.19,175.23,175.0,175.22,16772.0,376.0,175.113539
AMT,2026-08-18 16:35:00+00:00,175.22,175.33,175.06,175.06,13952.0,350.0,175.235616
AMT,2026-08-18 16:40:00+00:00,175.11,175.215,175.0579,175.1,11552.0,331.0,175.143156
AMT,2026-08-18 16:45:00+00:00,175.07,175.07,174.96,174.975,6473.0,164.0,175.017474
AMT,2026-08-18 16:50:00+00:00,175.04,175.04,174.895,174.91,6695.0,231.0,174.938488
AMT,2026-08-18 16:55:00+00:00,174.92,175.2,174.92,175.2,16233.0,410.0,175.049501
AMT,2026-08-18 17:00:00+00:00,175.16,175.18,175.0,175.04,9862.0,321.0,175.100245
AMT,2026-08-18 17:05:00+00:00,175.09,175.31,175.07,175.14,20837.0,502.0,175.190388
AMT,2026-08-18 17:10:00+00:00,175.095,175.13,175.02,175.105,9515.0,290.0,175.085333
AMT,2026-08-18 17:15:00+00:00,175.11,175.15,175.03,175.12,10513.0,317.0,175.112966
AMT,2026-08-18 17:20:00+00:00,175.1,175.26,175.09,175.11,11507.0,373.0,175.172915
AMT,2026-08-18 17:25:00+00:00,175.085,175.12,174.9,174.91,9460.0,325.0,175.032985
AMT,2026-08-18 17:30:00+00:00,174.895,174.895,174.77,174.83,13013.0,407.0,174.838455
AMT,2026-08-18 17:35:00+00:00,174.8,174.82,174.7176,174.792,9384.0,326.0,174.773842
AMT,2026-08-18 17:40:00+00:00,174.83,174.83,174.67,174.6867,11303.0,385.0,174.745799
AMT,2026-08-18 17:45:00+00:00,174.68,174.72,174.511,174.511,6597.0,296.0,174.64807
AMT,2026-08-18 17:50:00+00:00,174.57,174.69,174.43,174.515,8912.0,288.0,174.538858
AMT,2026-08-18 17:55:00+00:00,174.61,174.74,174.56,174.72,9979.0,378.0,174.680118
AMT,2026-08-18 18:00:00+00:00,174.685,174.81,174.685,174.81,11465.0,302.0,174.737522
AMT,2026-08-18 18:05:00+00:00,174.76,174.88,174.705,174.84,11695.0,359.0,174.780018
AMT,2026-08-18 18:10:00+00:00,174.84,174.98,174.7256,174.805,16265.0,467.0,174.873224
AMT,2026-08-18 18:15:00+00:00,174.885,174.9,174.61,174.63,9472.0,334.0,174.743865
AMT,2026-08-18 18:20:00+00:00,174.525,174.64,174.445,174.54,8798.0,308.0,174.528834
AMT,2026-08-18 18:25:00+00:00,174.59,174.63,174.37,174.38,11428.0,364.0,174.466367
AMT,2026-08-18 18:30:00+00:00,174.28,174.44,174.24,174.415,14389.0,454.0,174.351423
AMT,2026-08-18 18:35:00+00:00,174.35,174.38,174.285,174.335,7639.0,286.0,174.33424
AMT,2026-08-18 18:40:00+00:00,174.37,174.4,174.21,174.23,14056.0,406.0,174.302045
AMT,2026-08-18 18:45:00+00:00,174.115,174.115,173.93,173.98,13686.0,392.0,173.996625
AMT,2026-08-18 18:50:00+00:00,173.98,174.02,173.89,173.96,17205.0,391.0,173.963396
AMT,2026-08-18 18:55:00+00:00,173.92,173.96,173.755,173.95,14639.0,447.0,173.86835
AMT,2026-08-18 19:00:00+00:00,173.92,174.0019,173.73,173.7684,15338.0,405.0,173.902279
AMT,2026-08-18 19:05:00+00:00,173.78,173.9,173.72,173.805,20531.0,480.0,173.780424
AMT,2026-08-18 19:10:00+00:00,173.8297,173.9,173.02,173.04,44399.0,589.0,173.593371
AMT,2026-08-18 19:15:00+00:00,173.0,173.1899,172.885,173.1375,17751.0,494.0,173.032793
AMT,2026-08-18 19:20:00+00:00,173.135,173.22,173.03,173.13,17938.0,558.0,173.127548
AMT,2026-08-18 19:25:00+00:00,173.14,173.19,172.99,173.0,15850.0,515.0,173.097755
AMT,2026-08-18 19:30:00+00:00,173.01,173.16,172.96,172.96,37123.0,830.0,173.032429
AMT,2026-08-18 19:35:00+00:00,173.02,173.3,172.97,173.1,28859.0,714.0,173.115252
AMT,2026-08-18 19:40:00+00:00,173.08,173.14,172.9,173.14,28137.0,787.0,173.029475
AMT,2026-08-18 19:45:00+00:00,173.12,173.16,172.905,172.95,38535.0,924.0,173.017238
AMT,2026-08-18 19:50:00+00:00,172.9,172.92,172.63,172.77,49125.0,1401.0,172.800335
AMT,2026-08-18 19:55:00+00:00,172.705,172.77,172.245,172.38,159480.0,4070.0,172.506832
AMT,2026-08-18 20:00:00+00:00,172.33,172.33,172.33,172.33,389276.0,71.0,172.33
AMT,2026-08-18 20:15:00+00:00,172.33,172.33,172.33,172.33,2019.0,5.0,172.33
AMT,2026-08-18 20:25:00+00:00,172.58,172.58,172.58,172.58,101.0,2.0,172.58
AMT,2026-08-18 21:25:00+00:00,172.56,172.56,172.56,172.56,100.0,1.0,172.56
AMT,2026-08-18 22:40:00+00:00,173.0,173.0,173.0,173.0,100.0,1.0,173.0
AMT,2026-08-18 23:20:00+00:00,172.55,172.55,172.55,172.55,118.0,3.0,172.55
AMT,2026-08-19 08:25:00+00:00,172.35,172.35,172.34,172.34,217.0,3.0,172.34537
AMT,2026-08-19 13:05:00+00:00,173.26,173.26,173.26,173.26,292.0,5.0,173.26
AMT,2026-08-19 13:30:00+00:00,173.0,174.07,173.0,173.925,34988.0,396.0,173.225003
AMT,2026-08-19 13:35:00+00:00,173.98,174.34,173.77,173.77,8720.0,283.0,174.08966
AMT,2026-08-19 13:40:00+00:00,174.185,174.185,173.58,173.8,15680.0,367.0,173.788086
AMT,2026-08-19 13:45:00+00:00,173.825,175.25,173.5,175.0,14985.0,434.0,174.003669
AMT,2026-08-19 13:50:00+00:00,174.97,175.295,174.7,175.07,20009.0,496.0,174.958478
AMT,2026-08-19 13:55:00+00:00,175.0,175.035,174.515,174.645,11313.0,415.0,174.852799
AMT,2026-08-19 14:00:00+00:00,174.645,174.77,174.36,174.36,12479.0,421.0,174.570499
AMT,2026-08-19 14:05:00+00:00,174.4,175.14,174.4,175.095,15610.0,402.0,174.778972
AMT,2026-08-19 14:10:00+00:00,175.145,175.3899,174.93,175.19,13930.0,429.0,175.174881
AMT,2026-08-19 14:15:00+00:00,175.18,175.76,175.18,175.65,20742.0,488.0,175.558111
AMT,2026-08-19 14:20:00+00:00,175.72,175.72,175.24,175.24,13343.0,437.0,175.487326
AMT,2026-08-19 14:25:00+00:00,175.21,175.21,174.54,174.54,23846.0,481.0,174.854468
AMT,2026-08-19 14:30:00+00:00,174.485,174.485,174.04,174.15,14918.0,539.0,174.201352
AMT,2026-08-19 14:35:00+00:00,174.05,174.1,173.7,173.7,10958.0,403.0,173.925142
AMT,2026-08-19 14:40:00+00:00,173.74,174.02,173.56,173.64,9809.0,326.0,173.851524
AMT,2026-08-19 14:45:00+00:00,173.605,173.97,173.6,173.74,7854.0,240.0,173.780142
AMT,2026-08-19 14:50:00+00:00,173.79,173.87,173.62,173.82,10411.0,342.0,173.767859
AMT,2026-08-19 14:55:00+00:00,174.01,174.57,174.01,174.52,11561.0,361.0,174.320491
AMT,2026-08-19 15:00:00+00:00,174.49,174.86,174.4,174.53,9576.0,322.0,174.591766
AMT,2026-08-19 15:05:00+00:00,174.605,174.72,174.47,174.47,8326.0,273.0,174.629145
AMT,2026-08-19 15:10:00+00:00,174.39,174.42,173.935,173.935,7664.0,279.0,174.120524
AMT,2026-08-19 15:15:00+00:00,173.97,174.035,173.42,173.64,9534.0,389.0,173.729883
AMT,2026-08-19 15:20:00+00:00,173.5,173.575,173.12,173.34,13177.0,390.0,173.328644
AMT,2026-08-19 15:25:00+00:00,173.325,173.36,173.07,173.2,9454.0,304.0,173.242459
AMT,2026-08-19 15:30:00+00:00,173.2,173.325,173.11,173.24,18668.0,433.0,173.23409
AMT,2026-08-19 15:35:00+00:00,173.215,173.215,172.94,173.0075,22591.0,411.0,173.061265
AMT,2026-08-19 15:40:00+00:00,173.0,173.09,172.9,173.0,10187.0,329.0,173.016917
AMT,2026-08-19 15:45:00+00:00,173.02,173.02,172.615,172.7,12750.0,471.0,172.745075
AMT,2026-08-19 15:50:00+00:00,172.86,173.0777,172.85,173.01,8588.0,293.0,172.928222
AMT,2026-08-19 15:55:00+00:00,172.99,173.43,172.94,173.43,8705.0,256.0,173.186951
AMT,2026-08-19 16:00:00+00:00,173.445,173.5,173.415,173.48,13957.0,403.0,173.448439
AMT,2026-08-19 16:05:00+00:00,173.5,173.675,173.375,173.505,42611.0,638.0,173.524162
AMT,2026-08-19 16:10:00+00:00,173.57,173.57,173.31,173.56,12799.0,416.0,173.428862
AMT,2026-08-19 16:15:00+00:00,173.61,173.61,173.44,173.475,5574.0,240.0,173.499305
AMT,2026-08-19 16:20:00+00:00,173.41,173.51,173.34,173.34,5888.0,215.0,173.437693
AMT,2026-08-19 16:25:00+00:00,173.44,173.49,173.38,173.38,4500.0,163.0,173.453433
AMT,2026-08-19 16:30:00+00:00,173.355,173.6,173.35,173.6,7405.0,244.0,173.421049
AMT,2026-08-19 16:35:00+00:00,173.705,173.765,173.63,173.655,4465.0,135.0,173.683654
AMT,2026-08-19 16:40:00+00:00,173.77,173.86,173.64,173.86,8237.0,262.0,173.775675
AMT,2026-08-19 16:45:00+00:00,173.78,173.93,173.735,173.86,7077.0,203.0,173.81877
AMT,2026-08-19 16:50:00+00:00,173.95,173.97,173.81,173.85,9123.0,225.0,173.901589
AMT,2026-08-19 16:55:00+00:00,173.85,174.02,173.755,173.76,7413.0,255.0,173.884654
AMT,2026-08-19 17:00:00+00:00,173.86,173.87,173.6,173.6,6111.0,203.0,173.780457
AMT,2026-08-19 17:05:00+00:00,173.61,173.63,173.288,173.3,6166.0,267.0,173.460055
AMT,2026-08-19 17:10:00+00:00,173.16,173.33,173.16,173.1975,16907.0,370.0,173.242446
AMT,2026-08-19 17:15:00+00:00,173.23,173.25,173.155,173.1654,7360.0,262.0,173.199404
AMT,2026-08-19 17:20:00+00:00,173.21,173.31,173.2,173.24,5869.0,198.0,173.251161
AMT,2026-08-19 17:25:00+00:00,173.245,173.245,173.07,173.12,6973.0,185.0,173.187589
AMT,2026-08-19 17:30:00+00:00,173.14,173.14,172.875,172.96,11055.0,308.0,172.994653
AMT,2026-08-19 17:35:00+00:00,172.93,173.24,172.91,173.215,9043.0,309.0,173.084015
AMT,2026-08-19 17:40:00+00:00,173.215,173.48,173.215,173.44,6541.0,227.0,173.315092
AMT,2026-08-19 17:45:00+00:00,173.45,173.7,173.44,173.63,11668.0,343.0,173.603325
AMT,2026-08-19 17:50:00+00:00,173.565,173.68,173.565,173.68,10590.0,296.0,173.624129
AMT,2026-08-19 17:55:00+00:00,173.54,173.645,173.425,173.64,12200.0,302.0,173.519475
AMT,2026-08-19 18:00:00+00:00,173.5901,173.8,173.5901,173.715,10538.0,341.0,173.712235
AMT,2026-08-19 18:05:00+00:00,173.82,173.85,173.74,173.74,8197.0,265.0,173.824394
AMT,2026-08-19 18:10:00+00:00,173.84,173.95,173.73,173.77,9115.0,290.0,173.842692
AMT,2026-08-19 18:15:00+00:00,173.805,173.91,173.8,173.8029,7170.0,256.0,173.843929
AMT,2026-08-19 18:20:00+00:00,173.73,173.75,173.61,173.7,3265.0,124.0,173.690386
AMT,2026-08-19 18:25:00+00:00,173.71,173.78,173.67,173.77,4918.0,207.0,173.731379
AMT,2026-08-19 18:30:00+00:00,173.8205,173.8205,173.545,173.605,7229.0,281.0,173.646605
AMT,2026-08-19 18:35:00+00:00,173.61,174.0,173.61,173.97,9557.0,307.0,173.835507
AMT,2026-08-19 18:40:00+00:00,173.93,173.93,173.78,173.79,8641.0,285.0,173.863287
AMT,2026-08-19 18:45:00+00:00,173.8251,174.01,173.8251,174.0,13651.0,269.0,173.930584
AMT,2026-08-19 18:50:00+00:00,173.985,174.03,173.8499,174.01,12033.0,296.0,173.946566
AMT,2026-08-19 18:55:00+00:00,174.01,174.1299,173.97,174.035,10958.0,322.0,174.049637
AMT,2026-08-19 19:00:00+00:00,173.97,174.125,173.86,174.09,12189.0,407.0,173.968588
AMT,2026-08-19 19:05:00+00:00,174.07,174.2,173.9,173.915,7033.0,241.0,174.080597
AMT,2026-08-19 19:10:00+00:00,174.02,174.03,173.87,173.87,10160.0,289.0,173.96981
AMT,2026-08-19 19:15:00+00:00,173.925,174.11,173.92,174.065,10364.0,300.0,174.028665
AMT,2026-08-19 19:20:00+00:00,174.01,174.01,173.75,173.75,10584.0,368.0,173.900756
AMT,2026-08-19 19:25:00+00:00,173.79,173.89,173.71,173.88,12182.0,404.0,173.781671
AMT,2026-08-19 19:30:00+00:00,173.95,174.24,173.95,174.205,15925.0,522.0,174.04004
AMT,2026-08-19 19:35:00+00:00,174.28,174.59,174.07,174.43,21342.0,590.0,174.353133
AMT,2026-08-19 19:40:00+00:00,174.51,174.6,174.44,174.46,17106.0,489.0,174.500847
AMT,2026-08-19 19:45:00+00:00,174.46,174.55,174.33,174.46,20824.0,616.0,174.454204
AMT,2026-08-19 19:50:00+00:00,174.4,174.46,174.01,174.24,31649.0,992.0,174.15284
AMT,2026-08-19 19:55:00+00:00,174.24,174.65,174.15,174.5,110508.0,3041.0,174.456324
AMT,2026-08-19 20:00:00+00:00,174.49,174.49,174.49,174.49,371758.0,83.0,174.49
AMT,2026-08-20 08:00:00+00:00,175.36,176.28,175.12,176.0,2230.0,37.0,175.817916
AMT,2026-08-20 08:20:00+00:00,175.96,175.99,175.96,175.99,596.0,12.0,175.978544
AMT,2026-08-20 10:20:00+00:00,176.33,176.33,176.33,176.33,258.0,10.0,176.33
AMT,2026-08-20 10:25:00+00:00,176.68,176.9,176.68,176.88,940.0,13.0,176.813774
AMT,2026-08-20 10:30:00+00:00,176.94,177.0,176.94,177.0,835.0,11.0,176.987904
AMT,2026-08-20 11:00:00+00:00,177.0,177.22,177.0,177.22,755.0,25.0,177.062147
AMT,2026-08-20 11:15:00+00:00,178.2171,178.2171,178.2171,178.2171,418.0,7.0,178.2171
AMT,2026-08-20 12:15:00+00:00,177.45,177.45,177.45,177.45,460.0,10.0,177.45
AMT,2026-08-20 12:20:00+00:00,177.63,177.63,177.63,177.63,404.0,5.0,177.63
AMT,2026-08-20 12:25:00+00:00,177.6,177.6,177.6,177.6,462.0,6.0,177.6
AMT,2026-08-20 12:35:00+00:00,177.44,177.44,177.44,177.44,450.0,3.0,177.44
AMT,2026-08-20 13:05:00+00:00,177.54,177.54,177.01,177.01,1069.0,120.0,177.422222
AMT,2026-08-20 13:30:00+00:00,177.035,177.18,174.96,176.09,71016.0,651.0,176.640414
AMT,2026-08-20 13:35:00+00:00,176.08,177.91,176.08,177.625,22149.0,491.0,177.159466
AMT,2026-08-20 13:40:00+00:00,177.5646,177.75,176.66,177.18,13231.0,326.0,176.99837
AMT,2026-08-20 13:45:00+00:00,177.42,177.42,176.77,176.97,19348.0,350.0,177.1317
AMT,2026-08-20 13:50:00+00:00,177.005,177.34,176.36,176.49,10941.0,330.0,176.846569
AMT,2026-08-20 13:55:00+00:00,176.5,176.645,176.07,176.45,32736.0,590.0,176.4115
AMT,2026-08-20 14:00:00+00:00,176.26,176.565,176.05,176.3,24995.0,476.0,176.38852
AMT,2026-08-20 14:05:00+00:00,176.315,176.978,176.315,176.68,49603.0,531.0,176.622047
AMT,2026-08-20 14:10:00+00:00,176.675,176.7558,176.18,176.37,8811.0,284.0,176.551366
AMT,2026-08-20 14:15:00+00:00,176.56,176.955,176.44,176.68,22913.0,442.0,176.589931
AMT,2026-08-20 14:20:00+00:00,176.775,177.1,176.45,176.45,16937.0,450.0,176.79036
AMT,2026-08-20 14:25:00+00:00,176.52,176.56,176.23,176.23,11396.0,319.0,176.393217
AMT,2026-08-20 14:30:00+00:00,176.03,176.44,175.9864,175.995,10699.0,429.0,176.173438
AMT,2026-08-20 14:35:00+00:00,175.88,176.04,175.63,176.04,7470.0,215.0,175.931744
AMT,2026-08-20 14:40:00+00:00,176.01,176.01,175.4801,175.72,15653.0,404.0,175.618621
AMT,2026-08-20 14:45:00+00:00,175.78,176.175,175.71,175.805,10244.0,369.0,175.916774
AMT,2026-08-20 14:50:00+00:00,175.81,175.97,175.585,175.71,7603.0,249.0,175.805456
AMT,2026-08-20 14:55:00+00:00,175.6,175.9599,175.57,175.69,11540.0,383.0,175.771326
AMT,2026-08-20 15:00:00+00:00,175.67,175.77,175.52,175.67,10175.0,341.0,175.662383
AMT,2026-08-20 15:05:00+00:00,175.72,176.04,175.72,175.88,15850.0,461.0,175.919851
AMT,2026-08-20 15:10:00+00:00,175.905,176.38,175.86,176.38,12298.0,377.0,176.051356
AMT,2026-08-20 15:15:00+00:00,176.4,176.985,176.34,176.82,39185.0,702.0,176.609702
AMT,2026-08-20 15:20:00+00:00,176.82,176.88,176.59,176.85,10822.0,329.0,176.727184
AMT,2026-08-20 15:25:00+00:00,176.875,177.135,176.875,177.13,8668.0,345.0,176.976273
AMT,2026-08-20 15:30:00+00:00,177.09,177.31,176.99,177.17,21831.0,464.0,177.159454
AMT,2026-08-20 15:35:00+00:00,177.145,177.1634,176.81,177.0306,31065.0,424.0,176.996739
AMT,2026-08-20 15:40:00+00:00,176.925,177.08,176.6,177.065,33174.0,441.0,176.734133
AMT,2026-08-20 15:45:00+00:00,177.12,177.12,176.77,176.89,20420.0,398.0,176.967036
AMT,2026-08-20 15:50:00+00:00,177.16,177.249,176.87,177.14,10816.0,320.0,176.988158
AMT,2026-08-20 15:55:00+00:00,177.03,177.095,176.64,176.73,6231.0,263.0,176.911736
AMT,2026-08-20 16:00:00+00:00,176.76,176.77,176.5,176.74,6405.0,295.0,176.656781
AMT,2026-08-20 16:05:00+00:00,176.79,176.92,176.745,176.76,8598.0,253.0,176.858798
AMT,2026-08-20 16:10:00+00:00,176.76,176.82,176.72,176.77,4473.0,146.0,176.760979
AMT,2026-08-20 16:15:00+00:00,176.67,176.765,176.615,176.62,6247.0,235.0,176.670558
AMT,2026-08-20 16:20:00+00:00,176.635,176.635,176.175,176.29,7452.0,290.0,176.455196
AMT,2026-08-20 16:25:00+00:00,176.41,176.41,176.2628,176.28,3167.0,167.0,176.29637
AMT,2026-08-20 16:30:00+00:00,176.26,176.275,175.92,175.92,3461.0,193.0,176.11754
AMT,2026-08-20 16:35:00+00:00,175.915,176.2,175.915,176.2,7800.0,274.0,176.089301
AMT,2026-08-20 16:40:00+00:00,176.2,176.315,176.14,176.235,11691.0,343.0,176.202693
AMT,2026-08-20 16:45:00+00:00,176.24,176.55,176.24,176.46,7328.0,243.0,176.348924
AMT,2026-08-20 16:50:00+00:00,176.5,176.66,176.445,176.62,4220.0,166.0,176.549048
AMT,2026-08-20 16:55:00+00:00,176.66,176.98,176.62,176.98,10121.0,330.0,176.836301
AMT,2026-08-20 17:00:00+00:00,177.12,177.12,176.747,176.8,7580.0,227.0,176.958506
AMT,2026-08-20 17:05:00+00:00,176.765,176.965,176.675,176.915,9270.0,305.0,176.809423
AMT,2026-08-20 17:10:00+00:00,176.86,176.95,176.75,176.95,7201.0,243.0,176.878243
AMT,2026-08-20 17:15:00+00:00,177.015,177.13,176.995,177.13,10325.0,342.0,177.072542
AMT,2026-08-20 17:20:00+00:00,177.11,177.14,176.75,176.795,5785.0,190.0,177.021257
AMT,2026-08-20 17:25:00+00:00,176.9,177.4299,176.845,177.41,20926.0,364.0,177.28722
AMT,2026-08-20 17:30:00+00:00,177.29,177.31,177.1,177.13,16494.0,315.0,177.215567
AMT,2026-08-20 17:35:00+00:00,177.165,177.165,176.68,176.745,10932.0,266.0,176.998458
AMT,2026-08-20 17:40:00+00:00,176.89,177.079,176.79,177.04,7460.0,244.0,176.89823
AMT,2026-08-20 17:45:00+00:00,177.01,177.22,177.01,177.1743,10297.0,319.0,177.161568
AMT,2026-08-20 17:50:00+00:00,177.28,177.3,177.14,177.14,5183.0,234.0,177.223277
AMT,2026-08-20 17:55:00+00:00,177.14,177.22,177.025,177.19,12384.0,320.0,177.145553
AMT,2026-08-20 18:00:00+00:00,177.19,177.19,177.02,177.085,13888.0,343.0,177.088359
AMT,2026-08-20 18:05:00+00:00,177.07,177.16,177.0,177.11,8316.0,335.0,177.092913
AMT,2026-08-20 18:10:00+00:00,177.15,177.2,177.12,177.16,5952.0,266.0,177.162218
AMT,2026-08-20 18:15:00+00:00,177.14,177.22,176.825,176.89,9083.0,317.0,177.107535
AMT,2026-08-20 18:20:00+00:00,176.825,176.9385,176.7101,176.84,6873.0,215.0,176.862999
AMT,2026-08-20 18:25:00+00:00,176.89,177.11,176.8,177.11,15582.0,417.0,176.879203
AMT,2026-08-20 18:30:00+00:00,177.13,177.13,176.97,177.09,10063.0,291.0,177.044365
AMT,2026-08-20 18:35:00+00:00,177.06,177.14,177.02,177.1,8746.0,386.0,177.083298
AMT,2026-08-20 18:40:00+00:00,177.19,177.22,176.81,177.07,8317.0,419.0,176.96222
AMT,2026-08-20 18:45:00+00:00,177.06,177.07,176.59,176.91,28999.0,590.0,176.880655
AMT,2026-08-20 18:50:00+00:00,176.93,176.94,176.705,176.865,11266.0,309.0,176.821133
AMT,2026-08-20 18:55:00+00:00,176.94,177.1326,176.9319,177.04,12321.0,401.0,177.018689
AMT,2026-08-20 19:00:00+00:00,177.045,177.08,176.725,176.83,10705.0,349.0,176.921868
AMT,2026-08-20 19:05:00+00:00,176.9,176.94,176.76,176.76,8101.0,312.0,176.870063
AMT,2026-08-20 19:10:00+00:00,176.89,176.91,176.7357,176.825,11367.0,361.0,176.809299
AMT,2026-08-20 19:15:00+00:00,176.88,176.88,176.615,176.72,15434.0,442.0,176.715609
AMT,2026-08-20 19:20:00+00:00,176.76,176.98,176.5,176.875,21015.0,685.0,176.667788
AMT,2026-08-20 19:25:00+00:00,176.9098,176.9098,176.54,176.7,17380.0,528.0,176.713526
AMT,2026-08-20 19:30:00+00:00,176.66,176.81,176.54,176.71,25278.0,605.0,176.649108
AMT,2026-08-20 19:35:00+00:00,176.7,176.78,176.34,176.44,49225.0,815.0,176.562469
AMT,2026-08-20 19:40:00+00:00,176.44,176.4784,175.97,176.1675,30114.0,774.0,176.145679
AMT,2026-08-20 19:45:00+00:00,176.23,176.23,175.905,175.905,32243.0,804.0,176.084828
AMT,2026-08-20 19:50:00+00:00,175.905,176.3201,175.6,176.21,41220.0,1225.0,176.072866
AMT,2026-08-20 19:55:00+00:00,176.21,176.3,175.68,175.71,131605.0,3625.0,175.929367
AMT,2026-08-20 20:00:00+00:00,175.72,175.72,175.72,175.72,404038.0,90.0,175.72
AMT,2026-08-21 09:40:00+00:00,175.72,175.72,175.72,175.72,100.0,1.0,175.72
AMT,2026-08-21 11:30:00+00:00,176.6199,176.6199,176.6199,176.6199,500.0,1.0,176.6199
AMT,2026-08-21 13:25:00+00:00,175.85,175.85,175.85,175.85,103.0,3.0,175.85
AMT,2026-08-21 13:30:00+00:00,175.96,176.0,174.415,175.5675,189583.0,448.0,175.936863
AMT,2026-08-21 13:35:00+00:00,175.83,177.29,175.83,176.495,15540.0,342.0,176.707467
AMT,2026-08-21 13:40:00+00:00,176.74,176.81,176.24,176.68,24956.0,438.0,176.527315
AMT,2026-08-21 13:45:00+00:00,176.56,177.265,176.56,177.265,32364.0,502.0,176.97142
AMT,2026-08-21 13:50:00+00:00,177.27,177.575,177.0019,177.28,13833.0,371.0,177.327177
AMT,2026-08-21 13:55:00+00:00,177.28,177.48,176.82,176.875,15457.0,306.0,177.226753
AMT,2026-08-21 14:00:00+00:00,176.8698,177.11,176.6703,176.6703,13955.0,301.0,177.02115
AMT,2026-08-21 14:05:00+00:00,176.88,177.42,176.88,177.4,8199.0,245.0,177.256149
AMT,2026-08-21 14:10:00+00:00,177.31,177.65,177.22,177.63,13475.0,373.0,177.450253
AMT,2026-08-21 14:15:00+00:00,177.71,177.72,177.41,177.42,9324.0,320.0,177.581645
AMT,2026-08-21 14:20:00+00:00,177.61,177.7,177.41,177.63,26474.0,458.0,177.579518
AMT,2026-08-21 14:25:00+00:00,177.625,177.7,177.12,177.23,13502.0,404.0,177.369086
AMT,2026-08-21 14:30:00+00:00,177.114,177.37,176.8,176.86,8700.0,826.0,177.143719
AMT,2026-08-21 14:35:00+00:00,176.86,177.23,176.84,176.96,7384.0,269.0,177.016724
AMT,2026-08-21 14:40:00+00:00,176.865,176.99,176.75,176.83,6459.0,281.0,176.905602
AMT,2026-08-21 14:45:00+00:00,176.92,177.51,176.92,177.5,9784.0,323.0,177.270989
AMT,2026-08-21 14:50:00+00:00,177.6,177.92,177.5,177.92,7785.0,343.0,177.657349
AMT,2026-08-21 14:55:00+00:00,177.86,178.02,177.75,177.88,24292.0,528.0,177.916616
AMT,2026-08-21 15:00:00+00:00,177.88,177.94,177.5,177.66,8813.0,350.0,177.788502
AMT,2026-08-21 15:05:00+00:00,177.52,177.7499,177.33,177.33,8241.0,310.0,177.526973
AMT,2026-08-21 15:10:00+00:00,177.26,177.36,176.93,176.93,4698.0,238.0,177.236923
AMT,2026-08-21 15:15:00+00:00,177.0,177.015,176.35,176.505,30920.0,466.0,176.544636
AMT,2026-08-21 15:20:00+00:00,176.43,176.58,176.0601,176.23,6285.0,251.0,176.299913
AMT,2026-08-21 15:25:00+00:00,176.17,176.4,176.105,176.215,9035.0,305.0,176.277273
AMT,2026-08-21 15:30:00+00:00,176.12,176.45,176.09,176.38,12719.0,387.0,176.322063
AMT,2026-08-21 15:35:00+00:00,176.31,176.43,176.1764,176.43,5958.0,278.0,176.325427
AMT,2026-08-21 15:40:00+00:00,176.54,176.65,176.48,176.55,7574.0,293.0,176.598694
AMT,2026-08-21 15:45:00+00:00,176.605,176.73,176.58,176.665,10337.0,310.0,176.65574
AMT,2026-08-21 15:50:00+00:00,176.665,176.75,176.52,176.66,7402.0,258.0,176.628616
AMT,2026-08-21 15:55:00+00:00,176.59,176.87,176.49,176.745,17124.0,322.0,176.713656
AMT,2026-08-21 16:00:00+00:00,176.735,176.735,176.32,176.32,5304.0,216.0,176.528077
AMT,2026-08-21 16:05:00+00:00,176.25,176.43,176.16,176.42,10093.0,297.0,176.365333
AMT,2026-08-21 16:10:00+00:00,176.43,176.435,176.3,176.32,6341.0,204.0,176.387006
AMT,2026-08-21 16:15:00+00:00,176.34,176.75,176.32,176.74,9775.0,288.0,176.518857
AMT,2026-08-21 16:20:00+00:00,176.71,176.77,176.6,176.62,6638.0,236.0,176.666557
AMT,2026-08-21 16:25:00+00:00,176.65,176.74,176.57,176.6427,7698.0,190.0,176.678967
AMT,2026-08-21 16:30:00+00:00,176.635,176.68,176.335,176.42,9023.0,281.0,176.48172
AMT,2026-08-21 16:35:00+00:00,176.445,176.72,176.3752,176.64,11027.0,296.0,176.547058
AMT,2026-08-21 16:40:00+00:00,176.64,176.6699,176.57,176.65,5879.0,194.0,176.612152
AMT,2026-08-21 16:45:00+00:00,176.65,176.765,176.6071,176.66,6718.0,236.0,176.709014
AMT,2026-08-21 16:50:00+00:00,176.55,176.71,176.4822,176.49,5155.0,203.0,176.614147
AMT,2026-08-21 16:55:00+00:00,176.4658,176.53,176.32,176.32,8233.0,266.0,176.4106
AMT,2026-08-21 17:00:00+00:00,176.295,176.295,176.0599,176.0599,3476.0,126.0,176.142284
AMT,2026-08-21 17:05:00+00:00,176.095,176.225,176.07,176.15,10119.0,241.0,176.171897
AMT,2026-08-21 17:10:00+00:00,176.19,176.2,176.1,176.1,4692.0,141.0,176.154182
AMT,2026-08-21 17:15:00+00:00,176.1,176.29,176.02,176.03,10679.0,269.0,176.161342
AMT,2026-08-21 17:20:00+00:00,176.215,176.22,176.15,176.19,4222.0,160.0,176.182381
AMT,2026-08-21 17:25:00+00:00,176.24,176.32,176.17,176.17,11231.0,340.0,176.261684
AMT,2026-08-21 17:30:00+00:00,176.0701,176.24,176.0,176.0001,7324.0,238.0,176.104067
AMT,2026-08-21 17:35:00+00:00,176.06,176.1,176.0,176.095,5133.0,222.0,176.067917
AMT,2026-08-21 17:40:00+00:00,176.11,176.11,176.0,176.11,5776.0,199.0,176.049102
AMT,2026-08-21 17:45:00+00:00,176.13,176.13,175.919,175.919,3816.0,171.0,176.002037
AMT,2026-08-21 17:50:00+00:00,175.88,175.9,175.66,175.66,2840.0,156.0,175.756895
AMT,2026-08-21 17:55:00+00:00,175.655,175.725,175.6,175.7225,5674.0,283.0,175.683296
AMT,2026-08-21 18:00:00+00:00,175.75,175.81,175.605,175.74,7818.0,247.0,175.729418
AMT,2026-08-21 18:05:00+00:00,175.74,175.86,175.7,175.7,5393.0,228.0,175.767271
AMT,2026-08-21 18:10:00+00:00,175.71,176.0,175.59,175.86,10953.0,327.0,175.770151
AMT,2026-08-21 18:15:00+00:00,175.8125,175.99,175.81,175.99,4542.0,176.0,175.896747
AMT,2026-08-21 18:20:00+00:00,176.11,176.155,176.08,176.115,7935.0,238.0,176.111044
AMT,2026-08-21 18:25:00+00:00,176.11,176.35,176.08,176.265,6377.0,235.0,176.263382
AMT,2026-08-21 18:30:00+00:00,176.29,176.34,176.105,176.105,4534.0,201.0,176.224492
AMT,2026-08-21 18:35:00+00:00,176.0196,176.24,176.0196,176.235,5015.0,227.0,176.171472
AMT,2026-08-21 18:40:00+00:00,176.24,176.41,176.24,176.41,6799.0,249.0,176.308157
AMT,2026-08-21 18:45:00+00:00,176.43,176.52,176.4,176.52,5952.0,241.0,176.47488
AMT,2026-08-21 18:50:00+00:00,176.465,176.6,176.395,176.5525,9175.0,335.0,176.553606
AMT,2026-08-21 18:55:00+00:00,176.58,176.675,176.57,176.57,8269.0,237.0,176.599072
AMT,2026-08-21 19:00:00+00:00,176.63,176.75,176.5101,176.59,9164.0,326.0,176.65117
AMT,2026-08-21 19:05:00+00:00,176.49,176.715,176.43,176.61,7391.0,290.0,176.579395
AMT,2026-08-21 19:10:00+00:00,176.68,176.75,176.54,176.54,9031.0,363.0,176.651178
AMT,2026-08-21 19:15:00+00:00,176.66,176.66,176.335,176.51,10861.0,398.0,176.458166
AMT,2026-08-21 19:20:00+00:00,176.5,176.54,176.32,176.51,25692.0,613.0,176.396441
AMT,2026-08-21 19:25:00+00:00,176.51,176.54,176.12,176.13,11254.0,414.0,176.292488
AMT,2026-08-21 19:30:00+00:00,176.155,176.155,175.96,176.015,25260.0,643.0,176.077937
AMT,2026-08-21 19:35:00+00:00,176.015,176.45,175.98,176.25,41848.0,784.0,176.237752
AMT,2026-08-21 19:40:00+00:00,176.23,176.57,176.14,176.56,17545.0,508.0,176.271443
AMT,2026-08-21 19:45:00+00:00,176.56,176.59,176.36,176.52,22179.0,557.0,176.464729
AMT,2026-08-21 19:50:00+00:00,176.52,176.52,176.035,176.09,36152.0,853.0,176.257748
AMT,2026-08-21 19:55:00+00:00,176.09,176.43,175.67,175.76,147170.0,3232.0,176.085584
AMT,2026-08-21 20:00:00+00:00,175.8,175.8,175.8,175.8,433738.0,105.0,175.8
AMT,2026-08-24 09:15:00+00:00,177.1,177.1,177.1,177.1,149.0,12.0,177.1
AMT,2026-08-24 12:05:00+00:00,179.83,179.83,179.83,179.83,100.0,1.0,179.83
AMT,2026-08-24 12:50:00+00:00,178.77,178.77,178.77,178.77,100.0,1.0,178.77
AMT,2026-08-24 13:30:00+00:00,176.46,177.16,176.19,176.19,26400.0,539.0,176.489482
AMT,2026-08-24 13:35:00+00:00,176.35,176.82,175.9,176.67,9610.0,284.0,176.313205
AMT,2026-08-24 13:40:00+00:00,176.7679,177.77,176.67,177.67,15330.0,385.0,177.322088
AMT,2026-08-24 13:45:00+00:00,177.56,177.94,177.13,177.16,11829.0,358.0,177.37558
AMT,2026-08-24 13:50:00+00:00,177.46,177.97,177.355,177.61,13023.0,375.0,177.597161
AMT,2026-08-24 13:55:00+00:00,177.62,177.62,177.405,177.44,9218.0,312.0,177.517566
AMT,2026-08-24 14:00:00+00:00,177.505,177.505,176.795,176.84,14254.0,471.0,177.168422
AMT,2026-08-24 14:05:00+00:00,176.83,177.5,176.83,177.45,8496.0,324.0,177.150532
AMT,2026-08-24 14:10:00+00:00,177.47,177.515,177.04,177.04,10504.0,342.0,177.29808
AMT,2026-08-24 14:15:00+00:00,176.93,177.13,176.62,176.9,14018.0,460.0,176.909904
AMT,2026-08-24 14:20:00+00:00,176.985,177.04,176.715,176.73,18002.0,314.0,176.814687
AMT,2026-08-24 14:25:00+00:00,176.855,177.29,176.855,177.07,31110.0,381.0,177.099252
AMT,2026-08-24 14:30:00+00:00,176.985,177.2799,176.9674,176.9674,9076.0,310.0,177.096664
AMT,2026-08-24 14:35:00+00:00,177.06,177.46,177.04,177.13,14403.0,483.0,177.276134
AMT,2026-08-24 14:40:00+00:00,177.175,177.175,176.745,176.745,10654.0,354.0,176.958243
AMT,2026-08-24 14:45:00+00:00,176.745,176.92,176.2078,176.49,13052.0,392.0,176.658127
AMT,2026-08-24 14:50:00+00:00,176.57,176.76,176.4,176.745,12187.0,365.0,176.566947
AMT,2026-08-24 14:55:00+00:00,176.78,177.2,176.745,177.03,10815.0,302.0,176.967004
AMT,2026-08-24 15:00:00+00:00,177.11,177.5425,176.98,177.325,13651.0,375.0,177.219615
AMT,2026-08-24 15:05:00+00:00,177.38,177.5,177.26,177.26,11288.0,322.0,177.399662
AMT,2026-08-24 15:10:00+00:00,177.43,177.525,176.915,177.24,7591.0,350.0,177.295504
AMT,2026-08-24 15:15:00+00:00,177.18,177.305,176.85,177.025,7904.0,318.0,177.159747
AMT,2026-08-24 15:20:00+00:00,177.14,177.14,176.88,176.88,7652.0,337.0,177.069139
AMT,2026-08-24 15:25:00+00:00,176.82,177.11,176.82,176.9,5907.0,263.0,176.936383
AMT,2026-08-24 15:30:00+00:00,176.9,177.14,176.82,176.95,14405.0,461.0,176.986054
AMT,2026-08-24 15:35:00+00:00,176.96,177.53,176.96,177.445,11678.0,388.0,177.315884
AMT,2026-08-24 15:40:00+00:00,177.52,178.0,177.46,177.87,50814.0,677.0,177.717253
AMT,2026-08-24 15:45:00+00:00,177.92,178.295,177.86,178.24,8941.0,360.0,178.168713
AMT,2026-08-24 15:50:00+00:00,178.13,178.16,177.87,178.0,11651.0,413.0,178.030269
AMT,2026-08-24 15:55:00+00:00,177.8675,178.505,177.8675,178.235,18957.0,553.0,178.29324
AMT,2026-08-24 16:00:00+00:00,178.235,178.83,178.2015,178.62,18489.0,525.0,178.568813
AMT,2026-08-24 16:05:00+00:00,178.71,178.8,178.39,178.59,8408.0,288.0,178.580241
AMT,2026-08-24 16:10:00+00:00,178.64,178.76,178.4,178.4,13847.0,418.0,178.60421
AMT,2026-08-24 16:15:00+00:00,178.475,178.63,178.37,178.63,12650.0,319.0,178.480801
AMT,2026-08-24 16:20:00+00:00,178.61,178.69,178.395,178.42,9281.0,260.0,178.530857
AMT,2026-08-24 16:25:00+00:00,178.49,178.56,178.19,178.51,8550.0,266.0,178.405232
AMT,2026-08-24 16:30:00+00:00,178.55,178.72,178.455,178.525,9779.0,310.0,178.598136
AMT,2026-08-24 16:35:00+00:00,178.53,178.605,178.37,178.52,9088.0,243.0,178.473583
AMT,2026-08-24 16:40:00+00:00,178.485,178.55,178.165,178.43,6514.0,298.0,178.381444
AMT,2026-08-24 16:45:00+00:00,178.35,178.57,178.35,178.38,5621.0,236.0,178.466599
AMT,2026-08-24 16:50:00+00:00,178.335,178.36,178.08,178.22,7119.0,315.0,178.228806
AMT,2026-08-24 16:55:00+00:00,178.27,178.375,178.18,178.285,7379.0,270.0,178.29139
AMT,2026-08-24 17:00:00+00:00,178.49,178.49,178.205,178.275,10679.0,278.0,178.330812
AMT,2026-08-24 17:05:00+00:00,178.4,178.5,178.305,178.48,6474.0,281.0,178.404697
AMT,2026-08-24 17:10:00+00:00,178.43,178.58,178.41,178.41,7139.0,260.0,178.5083
AMT,2026-08-24 17:15:00+00:00,178.475,178.49,178.39,178.48,6996.0,270.0,178.434002
AMT,2026-08-24 17:20:00+00:00,178.56,178.665,178.33,178.375,8404.0,270.0,178.537533
AMT,2026-08-24 17:25:00+00:00,178.23,178.5399,178.23,178.425,6838.0,268.0,178.394682
AMT,2026-08-24 17:30:00+00:00,178.37,178.58,178.36,178.49,16220.0,344.0,178.490709
AMT,2026-08-24 17:35:00+00:00,178.495,178.495,178.24,178.43,10505.0,298.0,178.362418
AMT,2026-08-24 17:40:00+00:00,178.3901,178.43,178.14,178.265,7847.0,279.0,178.29874
AMT,2026-08-24 17:45:00+00:00,178.23,178.23,177.855,177.94,10809.0,376.0,177.943304
AMT,2026-08-24 17:50:00+00:00,178.04,178.3999,178.005,178.34,20813.0,355.0,178.129682
AMT,2026-08-24 17:55:00+00:00,178.22,178.35,178.22,178.35,5155.0,209.0,178.284729
AMT,2026-08-24 18:00:00+00:00,178.26,178.38,178.26,178.37,10010.0,377.0,178.308893
AMT,2026-08-24 18:05:00+00:00,178.39,178.425,178.1701,178.235,7677.0,244.0,178.281841
AMT,2026-08-24 18:10:00+00:00,178.18,178.37,178.07,178.31,11746.0,307.0,178.239294
AMT,2026-08-24 18:15:00+00:00,178.305,178.305,178.1775,178.22,6655.0,280.0,178.2388
AMT,2026-08-24 18:20:00+00:00,178.16,178.24,178.03,178.11,8365.0,324.0,178.139286
AMT,2026-08-24 18:25:00+00:00,178.12,178.21,178.01,178.075,7875.0,293.0,178.11977
AMT,2026-08-24 18:30:00+00:00,178.205,178.23,177.96,177.96,10426.0,359.0,178.128596
AMT,2026-08-24 18:35:00+00:00,177.96,178.11,177.95,178.005,10116.0,268.0,178.062314
AMT,2026-08-24 18:40:00+00:00,178.11,178.25,178.01,178.01,9004.0,368.0,178.133428
AMT,2026-08-24 18:45:00+00:00,178.01,178.18,177.92,178.115,10524.0,321.0,178.064991
AMT,2026-08-24 18:50:00+00:00,178.17,178.23,178.06,178.18,13850.0,375.0,178.147939
AMT,2026-08-24 18:55:00+00:00,178.18,178.3045,178.125,178.28,11503.0,432.0,178.18871
AMT,2026-08-24 19:00:00+00:00,178.21,178.24,178.1,178.16,13221.0,333.0,178.15693
AMT,2026-08-24 19:05:00+00:00,178.17,178.2299,178.06,178.06,11917.0,374.0,178.122944
AMT,2026-08-24 19:10:00+00:00,178.12,178.2503,178.045,178.045,11857.0,397.0,178.162588
AMT,2026-08-24 19:15:00+00:00,178.045,178.225,177.98,177.98,17528.0,480.0,178.114851
AMT,2026-08-24 19:20:00+00:00,177.91,178.095,177.8501,178.0425,15932.0,453.0,178.002395
AMT,2026-08-24 19:25:00+00:00,178.14,178.14,177.72,177.82,15911.0,513.0,177.946035
AMT,2026-08-24 19:30:00+00:00,177.78,177.935,177.66,177.935,16879.0,566.0,177.813557
AMT,2026-08-24 19:35:00+00:00,177.99,178.055,177.8,177.81,17220.0,548.0,177.926371
AMT,2026-08-24 19:40:00+00:00,177.85,177.86,177.6275,177.65,17424.0,591.0,177.72306
AMT,2026-08-24 19:45:00+00:00,177.63,177.815,177.49,177.745,20876.0,649.0,177.631112
AMT,2026-08-24 19:50:00+00:00,177.74,177.94,177.605,177.855,35635.0,957.0,177.796501
AMT,2026-08-24 19:55:00+00:00,177.89,178.86,177.885,178.365,133494.0,3283.0,178.538624
AMT,2026-08-24 20:00:00+00:00,178.39,178.39,178.39,178.39,381292.0,77.0,178.39
AMT,2026-08-24 20:25:00+00:00,178.16,178.16,177.706,177.706,336.0,4.0,177.933
AMT,2026-08-25 13:25:00+00:00,178.39,178.39,178.39,178.39,851.0,11.0,178.39
AMT,2026-08-25 13:30:00+00:00,177.845,178.51,177.2,178.25,45504.0,552.0,177.69807
AMT,2026-08-25 13:35:00+00:00,178.27,178.74,178.07,178.24,13085.0,299.0,178.368499
AMT,2026-08-25 13:40:00+00:00,178.1362,178.245,177.28,177.28,42312.0,344.0,177.602909
AMT,2026-08-25 13:45:00+00:00,177.23,177.54,177.23,177.3851,13443.0,332.0,177.43378
AMT,2026-08-25 13:50:00+00:00,177.3575,177.525,177.06,177.525,15317.0,273.0,177.291113
AMT,2026-08-25 13:55:00+00:00,177.55,177.6425,177.28,177.34,11807.0,223.0,177.498282
AMT,2026-08-25 14:00:00+00:00,177.355,177.525,177.16,177.41,14894.0,464.0,177.322883
AMT,2026-08-25 14:05:00+00:00,177.52,177.8107,177.43,177.525,11564.0,312.0,177.600336
AMT,2026-08-25 14:10:00+00:00,177.42,177.42,177.15,177.35,10892.0,279.0,177.338375
AMT,2026-08-25 14:15:00+00:00,177.36,177.755,177.31,177.755,15905.0,284.0,177.610714
AMT,2026-08-25 14:20:00+00:00,177.755,178.35,177.7295,178.22,42111.0,635.0,177.967542
AMT,2026-08-25 14:25:00+00:00,178.145,178.595,177.92,178.595,12774.0,470.0,178.249784
AMT,2026-08-25 14:30:00+00:00,178.695,178.695,178.13,178.265,19342.0,574.0,178.296443
AMT,2026-08-25 14:35:00+00:00,178.28,178.3918,177.72,177.72,10408.0,358.0,178.097862
AMT,2026-08-25 14:40:00+00:00,177.87,178.3,177.72,178.0635,12484.0,359.0,178.056231
AMT,2026-08-25 14:45:00+00:00,178.19,178.5,178.14,178.16,15772.0,398.0,178.338523
AMT,2026-08-25 14:50:00+00:00,178.22,178.22,177.85,178.1,11190.0,322.0,178.06662
AMT,2026-08-25 14:55:00+00:00,178.16,178.48,178.1565,178.48,7844.0,279.0,178.305543
AMT,2026-08-25 15:00:00+00:00,178.4,178.6,178.0,178.0,12115.0,373.0,178.43992
AMT,2026-08-25 15:05:00+00:00,177.98,178.2899,177.96,178.13,6763.0,240.0,178.081725
AMT,2026-08-25 15:10:00+00:00,178.05,178.05,177.51,177.53,35232.0,406.0,177.633513
AMT,2026-08-25 15:15:00+00:00,177.6,178.05,177.505,177.91,18054.0,396.0,177.719479
AMT,2026-08-25 15:20:00+00:00,177.89,177.99,177.84,177.99,4727.0,181.0,177.894467
AMT,2026-08-25 15:25:00+00:00,177.96,177.975,177.88,177.92,6723.0,251.0,177.943241
AMT,2026-08-25 15:30:00+00:00,177.94,178.03,177.74,177.74,11785.0,377.0,177.917631
AMT,2026-08-25 15:35:00+00:00,177.72,178.0225,177.68,177.925,10634.0,369.0,177.895195
AMT,2026-08-25 15:40:00+00:00,177.94,178.005,177.91,177.97,4943.0,205.0,177.94807
AMT,2026-08-25 15:45:00+00:00,177.96,178.005,177.8201,178.005,7366.0,265.0,177.917455
AMT,2026-08-25 15:50:00+00:00,177.985,177.985,177.91,177.91,5940.0,228.0,177.968034
AMT,2026-08-25 15:55:00+00:00,177.935,177.97,177.83,177.83,6190.0,266.0,177.901016
AMT,2026-08-25 16:00:00+00:00,177.83,177.93,177.8,177.83,8239.0,276.0,177.88514
AMT,2026-08-25 16:05:00+00:00,177.8,177.89,177.68,177.765,8773.0,280.0,177.788383
AMT,2026-08-25 16:10:00+00:00,177.765,177.83,177.35,177.49,7170.0,244.0,177.579206
AMT,2026-08-25 16:15:00+00:00,177.465,177.61,177.385,177.49,4713.0,169.0,177.548353
AMT,2026-08-25 16:20:00+00:00,177.52,177.67,177.365,177.395,6540.0,241.0,177.514321
AMT,2026-08-25 16:25:00+00:00,177.41,177.7,177.41,177.65,5123.0,224.0,177.622046
AMT,2026-08-25 16:30:00+00:00,177.74,177.8,177.65,177.72,7936.0,221.0,177.71825
AMT,2026-08-25 16:35:00+00:00,177.79,177.97,177.69,177.9,10433.0,279.0,177.859534
AMT,2026-08-25 16:40:00+00:00,177.83,177.895,177.745,177.85,7260.0,275.0,177.818299
AMT,2026-08-25 16:45:00+00:00,177.85,178.05,177.83,178.04,6165.0,280.0,177.928171
AMT,2026-08-25 16:50:00+00:00,178.05,178.1999,177.96,178.02,10080.0,349.0,178.057489
AMT,2026-08-25 16:55:00+00:00,178.09,178.09,177.865,177.89,11942.0,347.0,177.930996
AMT,2026-08-25 17:00:00+00:00,177.89,177.94,177.83,177.84,7377.0,262.0,177.880783
AMT,2026-08-25 17:05:00+00:00,177.83,177.955,177.83,177.91,5202.0,211.0,177.885722
AMT,2026-08-25 17:10:00+00:00,177.89,178.23,177.89,178.19,13562.0,393.0,178.000367
AMT,2026-08-25 17:15:00+00:00,178.21,178.24,178.16,178.24,6805.0,257.0,178.184926
AMT,2026-08-25 17:20:00+00:00,178.26,178.31,178.2,178.26,6101.0,183.0,178.258301
AMT,2026-08-25 17:25:00+00:00,178.2999,178.4,178.2775,178.29,9698.0,280.0,178.327355
AMT,2026-08-25 17:30:00+00:00,178.36,178.36,178.24,178.295,8410.0,271.0,178.305458
AMT,2026-08-25 17:35:00+00:00,178.26,178.31,178.21,178.28,5138.0,138.0,178.268885
AMT,2026-08-25 17:40:00+00:00,178.285,178.43,178.241,178.27,6265.0,225.0,178.299066
AMT,2026-08-25 17:45:00+00:00,178.37,178.385,177.94,177.94,20485.0,498.0,178.122577
AMT,2026-08-25 17:50:00+00:00,177.93,178.12,177.82,177.99,29138.0,592.0,177.962492
AMT,2026-08-25 17:55:00+00:00,178.015,178.015,177.86,177.9525,10561.0,285.0,177.927555
AMT,2026-08-25 18:00:00+00:00,177.97,178.31,177.97,178.23,10306.0,361.0,178.19307
AMT,2026-08-25 18:05:00+00:00,178.235,178.235,178.05,178.05,5958.0,197.0,178.132932
AMT,2026-08-25 18:10:00+00:00,178.08,178.13,178.03,178.03,4888.0,197.0,178.094549
AMT,2026-08-25 18:15:00+00:00,178.0,178.0,177.855,177.945,8180.0,288.0,177.916656
AMT,2026-08-25 18:20:00+00:00,177.95,177.97,177.92,177.925,5901.0,199.0,177.937739
AMT,2026-08-25 18:25:00+00:00,177.93,178.13,177.89,178.05,9238.0,323.0,177.952408
AMT,2026-08-25 18:30:00+00:00,178.09,178.415,178.09,178.38,9005.0,347.0,178.261956
AMT,2026-08-25 18:35:00+00:00,178.32,178.5,178.32,178.465,7768.0,281.0,178.439472
AMT,2026-08-25 18:40:00+00:00,178.42,178.71,178.42,178.63,11616.0,401.0,178.520847
AMT,2026-08-25 18:45:00+00:00,178.64,178.66,178.52,178.63,10211.0,298.0,178.578317
AMT,2026-08-25 18:50:00+00:00,178.51,178.6545,178.45,178.595,7579.0,276.0,178.54781
AMT,2026-08-25 18:55:00+00:00,178.585,178.6397,178.51,178.5606,3319.0,135.0,178.59164
AMT,2026-08-25 19:00:00+00:00,178.61,178.74,178.525,178.74,13393.0,404.0,178.657851
AMT,2026-08-25 19:05:00+00:00,178.81,178.83,178.68,178.72,12949.0,358.0,178.755172
AMT,2026-08-25 19:10:00+00:00,178.72,178.8899,178.61,178.8899,15487.0,414.0,178.721243
AMT,2026-08-25 19:15:00+00:00,178.8201,178.89,178.75,178.84,9457.0,307.0,178.813521
AMT,2026-08-25 19:20:00+00:00,178.83,178.87,178.6401,178.755,12326.0,387.0,178.771956
AMT,2026-08-25 19:25:00+00:00,178.7575,178.86,178.7,178.71,11924.0,443.0,178.759516
AMT,2026-08-25 19:30:00+00:00,178.735,178.86,178.6343,178.65,12678.0,463.0,178.772682
AMT,2026-08-25 19:35:00+00:00,178.6,178.8,178.535,178.8,24302.0,543.0,178.67019
AMT,2026-08-25 19:40:00+00:00,178.78,178.84,178.615,178.745,18206.0,541.0,178.716904
AMT,2026-08-25 19:45:00+00:00,178.735,178.84,178.63,178.77,20614.0,642.0,178.753003
AMT,2026-08-25 19:50:00+00:00,178.84,179.0,178.7,178.85,42919.0,1013.0,178.854328
AMT,2026-08-25 19:55:00+00:00,178.85,178.9525,178.47,178.64,100820.0,2217.0,178.616394
AMT,2026-08-25 20:00:00+00:00,178.64,178.64,178.03,178.03,317833.0,96.0,178.570142
AMT,2026-08-25 20:20:00+00:00,178.81,179.83,178.81,179.83,1471.0,31.0,179.646
AMT,2026-08-25 20:25:00+00:00,178.79,178.79,178.69,178.73,2301.0,6.0,178.698696
AMT,2026-08-25 22:00:00+00:00,178.91,178.91,178.91,178.91,200.0,3.0,178.91
AMT,2026-08-26 10:50:00+00:00,178.61,178.61,178.61,178.61,133.0,2.0,178.61
AMT,2026-08-26 13:15:00+00:00,179.77,179.97,179.77,179.97,831.0,30.0,179.881215
AMT,2026-08-26 13:20:00+00:00,180.26,180.51,180.17,180.51,1259.0,5.0,180.207538
AMT,2026-08-26 13:30:00+00:00,180.0,180.98,179.51,180.5,63887.0,687.0,180.103082
AMT,2026-08-26 13:35:00+00:00,180.48,180.75,179.85,180.085,23892.0,482.0,180.261739
AMT,2026-08-26 13:40:00+00:00,180.03,180.065,179.215,179.63,15966.0,347.0,179.489082
AMT,2026-08-26 13:45:00+00:00,179.63,179.9814,179.605,179.635,13045.0,359.0,179.712288
AMT,2026-08-26 13:50:00+00:00,179.42,179.64,178.93,179.11,10605.0,286.0,179.211598
AMT,2026-08-26 13:55:00+00:00,178.99,179.0,178.66,179.0,13460.0,220.0,178.884467
AMT,2026-08-26 14:00:00+00:00,178.72,178.8451,178.3094,178.44,16832.0,391.0,178.638555
AMT,2026-08-26 14:05:00+00:00,178.44,178.7,178.3,178.49,12683.0,332.0,178.588304
AMT,2026-08-26 14:10:00+00:00,178.575,178.96,178.51,178.72,12499.0,352.0,178.746792
AMT,2026-08-26 14:15:00+00:00,178.72,178.9851,178.5015,178.63,14985.0,352.0,178.794483
AMT,2026-08-26 14:20:00+00:00,178.63,178.73,178.165,178.22,12914.0,361.0,178.485825
AMT,2026-08-26 14:25:00+00:00,178.15,178.21,177.795,177.805,19358.0,459.0,178.009622
AMT,2026-08-26 14:30:00+00:00,177.805,178.23,177.74,178.02,19842.0,600.0,178.006504
AMT,2026-08-26 14:35:00+00:00,178.08,178.1,177.85,177.86,12906.0,390.0,177.996705
AMT,2026-08-26 14:40:00+00:00,177.8,178.14,177.755,178.01,11680.0,381.0,177.914762
AMT,2026-08-26 14:45:00+00:00,178.0,178.11,177.25,177.555,28065.0,672.0,177.664778
AMT,2026-08-26 14:50:00+00:00,177.705,177.78,177.56,177.73,11567.0,316.0,177.654064
AMT,2026-08-26 14:55:00+00:00,177.73,178.0,177.72,177.895,25345.0,526.0,177.83449
AMT,2026-08-26 15:00:00+00:00,177.916,177.99,177.661,177.88,46721.0,449.0,177.778409
AMT,2026-08-26 15:05:00+00:00,177.87,178.3874,177.805,178.25,14807.0,481.0,178.080138
AMT,2026-08-26 15:10:00+00:00,178.275,178.445,178.1,178.16,10044.0,321.0,178.232645
AMT,2026-08-26 15:15:00+00:00,178.24,178.41,178.13,178.1964,12897.0,382.0,178.256769
AMT,2026-08-26 15:20:00+00:00,178.165,178.21,177.91,178.005,9851.0,351.0,178.064406
AMT,2026-08-26 15:25:00+00:00,178.06,178.06,177.75,177.83,12100.0,334.0,177.915032
AMT,2026-08-26 15:30:00+00:00,177.85,177.85,177.69,177.72,8703.0,283.0,177.76974
AMT,2026-08-26 15:35:00+00:00,177.73,177.91,177.71,177.86,12476.0,385.0,177.823172
AMT,2026-08-26 15:40:00+00:00,177.81,177.825,177.64,177.78,12177.0,383.0,177.723785
AMT,2026-08-26 15:45:00+00:00,177.79,177.99,177.6,177.675,11493.0,387.0,177.742068
AMT,2026-08-26 15:50:00+00:00,177.68,177.83,177.47,177.83,14421.0,413.0,177.581345
AMT,2026-08-26 15:55:00+00:00,177.76,177.83,177.62,177.75,7619.0,275.0,177.699194
AMT,2026-08-26 16:00:00+00:00,177.73,177.875,177.655,177.73,10923.0,347.0,177.782983
AMT,2026-08-26 16:05:00+00:00,177.73,177.73,177.23,177.23,11115.0,353.0,177.539686
AMT,2026-08-26 16:10:00+00:00,177.21,177.305,177.06,177.305,12071.0,384.0,177.174381
AMT,2026-08-26 16:15:00+00:00,177.355,177.54,177.3315,177.54,8581.0,283.0,177.414619
AMT,2026-08-26 16:20:00+00:00,177.46,177.525,177.34,177.46,7733.0,293.0,177.438226
AMT,2026-08-26 16:25:00+00:00,177.37,177.47,176.94,176.95,11039.0,372.0,177.297673
AMT,2026-08-26 16:30:00+00:00,177.13,177.13,176.795,176.905,9236.0,311.0,176.94292
AMT,2026-08-26 16:35:00+00:00,176.915,177.0588,176.44,176.7148,27393.0,483.0,176.691978
AMT,2026-08-26 16:40:00+00:00,176.85,176.85,176.15,176.205,38343.0,698.0,176.445644
AMT,2026-08-26 16:45:00+00:00,176.28,176.47,176.28,176.36,8266.0,240.0,176.398502
AMT,2026-08-26 16:50:00+00:00,176.44,176.46,176.26,176.46,10896.0,382.0,176.323403
AMT,2026-08-26 16:55:00+00:00,176.465,176.62,176.3201,176.5115,15934.0,408.0,176.482383
AMT,2026-08-26 17:00:00+00:00,176.46,176.51,176.21,176.375,13675.0,350.0,176.311792
AMT,2026-08-26 17:05:00+00:00,176.43,176.665,176.32,176.6,11398.0,303.0,176.500855
AMT,2026-08-26 17:10:00+00:00,176.74,176.74,176.51,176.64,9369.0,256.0,176.625841
AMT,2026-08-26 17:15:00+00:00,176.61,176.695,176.59,176.63,8519.0,262.0,176.64031
AMT,2026-08-26 17:20:00+00:00,176.61,176.67,176.52,176.5875,6453.0,250.0,176.588002
AMT,2026-08-26 17:25:00+00:00,176.65,176.65,176.45,176.57,5822.0,266.0,176.510796
AMT,2026-08-26 17:30:00+00:00,176.531,176.64,176.49,176.58,7292.0,286.0,176.542254
AMT,2026-08-26 17:35:00+00:00,176.65,176.73,176.55,176.6,11173.0,333.0,176.654721
AMT,2026-08-26 17:40:00+00:00,176.59,176.64,176.49,176.52,7299.0,266.0,176.563652
AMT,2026-08-26 17:45:00+00:00,176.5,176.5,176.01,176.09,26503.0,686.0,176.252322
AMT,2026-08-26 17:50:00+00:00,176.09,176.2899,176.04,176.22,11095.0,320.0,176.149213
AMT,2026-08-26 17:55:00+00:00,176.14,176.2389,176.11,176.12,7058.0,250.0,176.151344
AMT,2026-08-26 18:00:00+00:00,176.29,176.29,175.69,175.78,23286.0,528.0,175.947334
AMT,2026-08-26 18:05:00+00:00,175.52,175.875,175.375,175.76,29788.0,615.0,175.570199
AMT,2026-08-26 18:10:00+00:00,175.76,175.82,175.58,175.675,15978.0,384.0,175.711974
AMT,2026-08-26 18:15:00+00:00,175.675,175.87,175.61,175.87,11302.0,345.0,175.730084
AMT,2026-08-26 18:20:00+00:00,175.88,176.03,175.77,175.77,13209.0,394.0,175.872521
AMT,2026-08-26 18:25:00+00:00,175.755,175.8592,175.545,175.61,20100.0,478.0,175.683455
AMT,2026-08-26 18:30:00+00:00,175.69,175.89,175.64,175.805,7347.0,279.0,175.802883
AMT,2026-08-26 18:35:00+00:00,175.805,175.805,175.4345,175.605,17848.0,448.0,175.619914
AMT,2026-08-26 18:40:00+00:00,175.6,175.71,175.36,175.4125,18960.0,445.0,175.575742
AMT,2026-08-26 18:45:00+00:00,175.42,175.57,175.4,175.41,15310.0,356.0,175.486196
AMT,2026-08-26 18:50:00+00:00,175.4357,175.56,175.35,175.5,14955.0,382.0,175.44252
AMT,2026-08-26 18:55:00+00:00,175.465,175.66,175.465,175.53,9327.0,359.0,175.570529
AMT,2026-08-26 19:00:00+00:00,175.5,175.635,175.395,175.455,17622.0,463.0,175.507161
AMT,2026-08-26 19:05:00+00:00,175.56,175.82,175.51,175.68,13556.0,383.0,175.661771
AMT,2026-08-26 19:10:00+00:00,175.69,175.95,175.65,175.94,13965.0,465.0,175.786778
AMT,2026-08-26 19:15:00+00:00,175.83,175.9,175.725,175.775,22811.0,668.0,175.79417
AMT,2026-08-26 19:20:00+00:00,175.7975,175.85,175.505,175.565,25655.0,732.0,175.671705
AMT,2026-08-26 19:25:00+00:00,175.6,175.69,175.5,175.57,22702.0,608.0,175.611002
AMT,2026-08-26 19:30:00+00:00,175.66,175.83,175.58,175.73,28518.0,727.0,175.728573
AMT,2026-08-26 19:35:00+00:00,175.71,175.955,175.58,175.925,25142.0,769.0,175.727593
AMT,2026-08-26 19:40:00+00:00,175.925,176.11,175.925,176.025,18770.0,624.0,176.002088
AMT,2026-08-26 19:45:00+00:00,175.97,176.27,175.96,176.1,27252.0,689.0,176.151724
AMT,2026-08-26 19:50:00+00:00,176.06,176.255,175.81,175.92,38977.0,1216.0,176.008593
AMT,2026-08-26 19:55:00+00:00,175.935,176.15,175.57,175.73,126801.0,3217.0,175.819127
AMT,2026-08-26 20:00:00+00:00,175.73,175.73,175.73,175.73,607686.0,83.0,175.73
AMT,2026-08-26 20:05:00+00:00,175.73,175.73,175.73,175.73,172.0,3.0,175.73
AMT,2026-08-26 21:25:00+00:00,175.1169,175.1169,175.1169,175.1169,201.0,1.0,175.1169
AMT,2026-08-27 13:30:00+00:00,174.19,176.11,173.5,176.07,32572.0,469.0,174.5849
AMT,2026-08-27 13:35:00+00:00,175.755,175.755,174.84,175.305,27063.0,377.0,175.355615
AMT,2026-08-27 13:40:00+00:00,175.31,175.44,174.975,175.25,18982.0,367.0,175.15921
AMT,2026-08-27 13:45:00+00:00,175.245,175.995,175.11,175.985,12089.0,370.0,175.648051
AMT,2026-08-27 13:50:00+00:00,175.87,175.88,174.49,174.49,17455.0,408.0,175.17544
AMT,2026-08-27 13:55:00+00:00,174.49,174.67,174.0981,174.52,12883.0,273.0,174.486511
AMT,2026-08-27 14:00:00+00:00,174.42,174.8704,174.1001,174.645,11560.0,360.0,174.550203
AMT,2026-08-27 14:05:00+00:00,174.57,174.81,174.45,174.74,9977.0,314.0,174.626609
AMT,2026-08-27 14:10:00+00:00,174.735,174.735,174.15,174.28,14349.0,363.0,174.44067
AMT,2026-08-27 14:15:00+00:00,174.35,175.01,174.28,174.94,16892.0,312.0,174.414903
AMT,2026-08-27 14:20:00+00:00,174.955,175.52,174.95,175.27,11201.0,307.0,175.248037
AMT,2026-08-27 14:25:00+00:00,175.17,175.295,174.88,175.135,6802.0,263.0,175.087474
AMT,2026-08-27 14:30:00+00:00,175.395,175.69,175.0,175.17,10636.0,378.0,175.311853
AMT,2026-08-27 14:35:00+00:00,175.28,175.405,175.095,175.29,19251.0,405.0,175.257322
AMT,2026-08-27 14:40:00+00:00,175.17,175.19,174.94,175.0675,8951.0,248.0,175.072869
AMT,2026-08-27 14:45:00+00:00,175.06,175.39,174.9886,175.08,10275.0,284.0,175.196949
AMT,2026-08-27 14:50:00+00:00,175.075,175.125,174.54,174.73,10598.0,307.0,174.877939
AMT,2026-08-27 14:55:00+00:00,174.59,174.625,174.235,174.535,21648.0,268.0,174.511922
AMT,2026-08-27 15:00:00+00:00,174.5,174.595,174.31,174.43,16393.0,395.0,174.397875
AMT,2026-08-27 15:05:00+00:00,174.36,174.78,174.33,174.78,15147.0,334.0,174.525966
AMT,2026-08-27 15:10:00+00:00,174.99,175.18,174.935,175.14,8350.0,274.0,175.073034
AMT,2026-08-27 15:15:00+00:00,175.14,175.34,175.06,175.06,15167.0,392.0,175.193357
AMT,2026-08-27 15:20:00+00:00,175.04,175.07,174.69,175.04,9713.0,303.0,174.878818
AMT,2026-08-27 15:25:00+00:00,174.97,175.04,174.81,174.83,12543.0,407.0,174.890823
AMT,2026-08-27 15:30:00+00:00,174.83,175.09,174.76,175.04,10774.0,273.0,174.874955
AMT,2026-08-27 15:35:00+00:00,175.025,175.11,174.89,174.95,10528.0,340.0,175.010758
AMT,2026-08-27 15:40:00+00:00,174.975,175.41,174.975,175.275,7908.0,220.0,175.202051
AMT,2026-08-27 15:45:00+00:00,175.26,175.43,175.26,175.43,3996.0,182.0,175.314134
AMT,2026-08-27 15:50:00+00:00,175.4,175.43,174.86,174.9799,10175.0,389.0,175.130537
AMT,2026-08-27 15:55:00+00:00,174.86,174.99,174.815,174.86,6164.0,248.0,174.873616
AMT,2026-08-27 16:00:00+00:00,174.86,175.045,174.86,174.97,7292.0,241.0,174.952013
AMT,2026-08-27 16:05:00+00:00,174.95,175.06,174.89,174.94,8136.0,263.0,174.961461
AMT,2026-08-27 16:10:00+00:00,174.94,174.94,174.755,174.85,9135.0,295.0,174.843074
AMT,2026-08-27 16:15:00+00:00,174.8,174.83,174.62,174.7319,7160.0,216.0,174.751137
AMT,2026-08-27 16:20:00+00:00,174.71,174.83,174.7,174.785,6456.0,190.0,174.760189
AMT,2026-08-27 16:25:00+00:00,174.805,174.83,174.75,174.825,9272.0,230.0,174.782482
AMT,2026-08-27 16:30:00+00:00,174.795,174.825,174.665,174.745,9623.0,309.0,174.745698
AMT,2026-08-27 16:35:00+00:00,174.7,174.73,174.56,174.56,5786.0,232.0,174.671567
AMT,2026-08-27 16:40:00+00:00,174.61,174.68,174.56,174.64,5615.0,157.0,174.611021
AMT,2026-08-27 16:45:00+00:00,174.685,174.77,174.649,174.755,11451.0,321.0,174.710743
AMT,2026-08-27 16:50:00+00:00,174.8,174.8899,174.65,174.67,7431.0,232.0,174.779638
AMT,2026-08-27 16:55:00+00:00,174.66,174.83,174.62,174.83,4779.0,184.0,174.707817
AMT,2026-08-27 17:00:00+00:00,174.83,174.9,174.695,174.695,17038.0,450.0,174.792296
AMT,2026-08-27 17:05:00+00:00,174.75,174.85,174.695,174.85,5914.0,164.0,174.757646
AMT,2026-08-27 17:10:00+00:00,174.815,174.88,174.78,174.79,6934.0,214.0,174.827782
AMT,2026-08-27 17:15:00+00:00,174.76,174.9,174.73,174.815,9120.0,240.0,174.830204
AMT,2026-08-27 17:20:00+00:00,174.78,174.83,174.72,174.7601,6156.0,204.0,174.78073
AMT,2026-08-27 17:25:00+00:00,174.71,174.93,174.7,174.75,10021.0,342.0,174.812915
AMT,2026-08-27 17:30:00+00:00,174.8,174.81,174.73,174.76,3691.0,178.0,174.783631
AMT,2026-08-27 17:35:00+00:00,174.79,174.81,174.76,174.81,5143.0,167.0,174.782937
AMT,2026-08-27 17:40:00+00:00,174.76,174.76,174.63,174.63,6116.0,208.0,174.683282
AMT,2026-08-27 17:45:00+00:00,174.63,174.6379,174.505,174.54,6815.0,235.0,174.55909
AMT,2026-08-27 17:50:00+00:00,174.61,174.6886,174.48,174.545,7996.0,256.0,174.620145
AMT,2026-08-27 17:55:00+00:00,174.53,174.61,174.475,174.58,7702.0,232.0,174.545353
AMT,2026-08-27 18:00:00+00:00,174.59,174.64,174.5,174.54,9186.0,277.0,174.574407
AMT,2026-08-27 18:05:00+00:00,174.48,174.61,174.48,174.61,5725.0,213.0,174.530643
AMT,2026-08-27 18:10:00+00:00,174.64,174.64,174.46,174.495,7317.0,307.0,174.548568
AMT,2026-08-27 18:15:00+00:00,174.505,174.54,174.46,174.54,8050.0,253.0,174.500309
AMT,2026-08-27 18:20:00+00:00,174.48,174.535,174.47,174.535,5210.0,159.0,174.508141
AMT,2026-08-27 18:25:00+00:00,174.525,174.59,174.51,174.54,8641.0,266.0,174.547925
AMT,2026-08-27 18:30:00+00:00,174.565,174.64,174.49,174.63,10419.0,330.0,174.556468
AMT,2026-08-27 18:35:00+00:00,174.64,174.69,174.55,174.55,9151.0,265.0,174.623139
AMT,2026-08-27 18:40:00+00:00,174.5583,174.5583,174.49,174.51,6744.0,266.0,174.517283
AMT,2026-08-27 18:45:00+00:00,174.535,174.6351,174.51,174.6,7228.0,250.0,174.549818
AMT,2026-08-27 18:50:00+00:00,174.61,174.615,174.485,174.55,7444.0,312.0,174.533099
AMT,2026-08-27 18:55:00+00:00,174.54,174.54,174.31,174.36,11863.0,350.0,174.413421
AMT,2026-08-27 19:00:00+00:00,174.34,174.5099,174.25,174.295,18940.0,352.0,174.400605
AMT,2026-08-27 19:05:00+00:00,174.26,174.3275,174.16,174.26,11264.0,359.0,174.267153
AMT,2026-08-27 19:10:00+00:00,174.31,174.36,174.22,174.34,10371.0,325.0,174.274036
AMT,2026-08-27 19:15:00+00:00,174.285,174.66,174.285,174.635,11802.0,384.0,174.542125
AMT,2026-08-27 19:20:00+00:00,174.635,174.6799,174.18,174.18,18689.0,641.0,174.528738
AMT,2026-08-27 19:25:00+00:00,174.145,174.28,174.145,174.225,12153.0,372.0,174.220174
AMT,2026-08-27 19:30:00+00:00,174.225,174.54,174.17,174.45,31139.0,552.0,174.420238
AMT,2026-08-27 19:35:00+00:00,174.43,174.79,174.395,174.66,20571.0,682.0,174.561337
AMT,2026-08-27 19:40:00+00:00,174.69,174.84,174.69,174.76,22959.0,708.0,174.759431
AMT,2026-08-27 19:45:00+00:00,174.75,174.8,174.41,174.41,37156.0,1026.0,174.592037
AMT,2026-08-27 19:50:00+00:00,174.39,174.4,174.13,174.34,35910.0,1039.0,174.311879
AMT,2026-08-27 19:55:00+00:00,174.46,174.635,174.08,174.15,132869.0,3283.0,174.252861
AMT,2026-08-27 20:00:00+00:00,174.16,174.16,174.16,174.16,528111.0,85.0,174.16
AMT,2026-08-27 20:10:00+00:00,174.16,174.16,174.16,174.16,150548.0,1.0,174.16
AMT,2026-08-27 20:50:00+00:00,174.16,174.16,174.16,174.16,8416.0,2.0,174.16
AMT,2026-08-28 13:30:00+00:00,174.54,175.725,174.215,174.795,32784.0,488.0,174.971219
AMT,2026-08-28 13:35:00+00:00,174.74,175.65,174.28,175.65,17530.0,400.0,174.719666
AMT,2026-08-28 13:40:00+00:00,175.71,175.81,175.33,175.67,13478.0,331.0,175.587051
AMT,2026-08-28 13:45:00+00:00,175.76,176.385,175.76,176.13,12659.0,398.0,175.991387
AMT,2026-08-28 13:50:00+00:00,176.205,176.61,176.2,176.42,7750.0,264.0,176.448457
AMT,2026-08-28 13:55:00+00:00,176.42,176.98,176.42,176.91,12360.0,260.0,176.762505
AMT,2026-08-28 14:00:00+00:00,176.98,177.14,176.53,176.6075,16124.0,471.0,176.902372
AMT,2026-08-28 14:05:00+00:00,176.8,177.32,176.555,177.09,17433.0,385.0,176.832195
AMT,2026-08-28 14:10:00+00:00,176.965,177.08,176.45,176.715,20637.0,459.0,176.78697
AMT,2026-08-28 14:15:00+00:00,176.76,177.015,176.45,177.015,21812.0,462.0,176.771394
AMT,2026-08-28 14:20:00+00:00,176.91,177.25,176.5,176.53,67849.0,843.0,176.885214
AMT,2026-08-28 14:25:00+00:00,176.535,176.64,176.47,176.64,11983.0,211.0,176.549126
AMT,2026-08-28 14:30:00+00:00,176.59,176.68,176.4,176.615,36947.0,690.0,176.478694
AMT,2026-08-28 14:35:00+00:00,176.73,176.9825,176.5,176.5,13108.0,334.0,176.739747
AMT,2026-08-28 14:40:00+00:00,176.445,176.46,176.12,176.3025,16596.0,415.0,176.322529
AMT,2026-08-28 14:45:00+00:00,176.2501,176.665,176.2501,176.285,8460.0,335.0,176.444625
AMT,2026-08-28 14:50:00+00:00,176.28,176.48,176.15,176.48,9924.0,214.0,176.250233
AMT,2026-08-28 14:55:00+00:00,176.455,176.6296,176.37,176.6296,10140.0,382.0,176.480623
AMT,2026-08-28 15:00:00+00:00,176.515,176.65,176.35,176.46,14022.0,382.0,176.522586
AMT,2026-08-28 15:05:00+00:00,176.4459,176.5,176.17,176.17,7783.0,287.0,176.385288
AMT,2026-08-28 15:10:00+00:00,176.19,176.21,176.075,176.14,12051.0,252.0,176.133347
AMT,2026-08-28 15:15:00+00:00,176.11,176.195,175.99,176.11,10501.0,285.0,176.098007
AMT,2026-08-28 15:20:00+00:00,176.06,176.18,176.0,176.04,11197.0,282.0,176.08228
AMT,2026-08-28 15:25:00+00:00,175.95,175.95,175.65,175.82,7463.0,299.0,175.765627
AMT,2026-08-28 15:30:00+00:00,175.87,175.9899,175.68,175.9899,12871.0,371.0,175.888146
AMT,2026-08-28 15:35:00+00:00,175.885,175.885,175.71,175.81,9221.0,356.0,175.790166
AMT,2026-08-28 15:40:00+00:00,175.87,176.14,175.783,175.92,9935.0,310.0,175.992832
AMT,2026-08-28 15:45:00+00:00,175.885,176.02,175.85,175.94,8153.0,305.0,175.947245
AMT,2026-08-28 15:50:00+00:00,176.05,176.1,175.935,176.03,5288.0,219.0,176.031116
AMT,2026-08-28 15:55:00+00:00,175.94,176.05,175.88,175.9672,7724.0,275.0,175.954975
AMT,2026-08-28 16:00:00+00:00,175.99,176.145,175.98,176.09,7832.0,322.0,176.052812
AMT,2026-08-28 16:05:00+00:00,175.96,176.08,175.92,175.96,8308.0,280.0,175.95911
AMT,2026-08-28 16:10:00+00:00,175.965,175.99,175.465,175.465,32931.0,546.0,175.872441
AMT,2026-08-28 16:15:00+00:00,175.57,175.69,175.38,175.38,20028.0,299.0,175.529537
AMT,2026-08-28 16:20:00+00:00,175.24,175.37,174.79,174.79,10727.0,310.0,175.102305
AMT,2026-08-28 16:25:00+00:00,174.8,175.04,174.8,174.962,9718.0,199.0,174.928083
AMT,2026-08-28 16:30:00+00:00,174.945,175.06,174.89,174.955,6084.0,239.0,174.965527
AMT,2026-08-28 16:35:00+00:00,174.95,175.215,174.95,175.18,6279.0,231.0,175.160076
AMT,2026-08-28 16:40:00+00:00,175.11,175.18,174.99,175.11,7321.0,254.0,175.108182
AMT,2026-08-28 16:45:00+00:00,175.14,175.15,175.08,175.115,8926.0,256.0,175.118941
AMT,2026-08-28 16:50:00+00:00,175.07,175.14,175.01,175.02,19995.0,385.0,175.073226
AMT,2026-08-28 16:55:00+00:00,175.035,175.2,174.93,174.995,31275.0,448.0,175.077226
AMT,2026-08-28 17:00:00+00:00,175.0,175.18,174.95,175.15,12186.0,287.0,175.095951
AMT,2026-08-28 17:05:00+00:00,175.2,175.245,175.02,175.02,7327.0,266.0,175.141452
AMT,2026-08-28 17:10:00+00:00,174.98,175.09,174.89,174.99,15527.0,297.0,175.008221
AMT,2026-08-28 17:15:00+00:00,174.99,175.05,174.93,175.04,5471.0,220.0,175.016136
AMT,2026-08-28 17:20:00+00:00,175.0,175.13,174.91,175.01,10285.0,283.0,175.055517
AMT,2026-08-28 17:25:00+00:00,175.0,175.14,174.89,174.89,23624.0,372.0,174.992493
AMT,2026-08-28 17:30:00+00:00,174.89,175.14,174.87,175.135,13441.0,310.0,175.013448
AMT,2026-08-28 17:35:00+00:00,175.165,175.22,175.06,175.06,12612.0,312.0,175.125156
AMT,2026-08-28 17:40:00+00:00,175.08,175.205,175.01,175.205,9847.0,231.0,175.076662
AMT,2026-08-28 17:45:00+00:00,175.215,175.38,175.215,175.24,6548.0,251.0,175.30906
AMT,2026-08-28 17:50:00+00:00,175.23,175.3,175.14,175.14,6757.0,312.0,175.22363
AMT,2026-08-28 17:55:00+00:00,175.13,175.61,175.08,175.5,11616.0,282.0,175.308302
AMT,2026-08-28 18:00:00+00:00,175.4,175.685,175.4,175.655,21948.0,304.0,175.559242
AMT,2026-08-28 18:05:00+00:00,175.66,175.84,175.66,175.84,10826.0,290.0,175.760749
AMT,2026-08-28 18:10:00+00:00,175.76,175.93,175.74,175.83,8761.0,281.0,175.829035
AMT,2026-08-28 18:15:00+00:00,175.84,176.13,175.84,175.97,7295.0,230.0,176.000506
AMT,2026-08-28 18:20:00+00:00,175.995,176.13,175.97,176.13,12120.0,216.0,176.021531
AMT,2026-08-28 18:25:00+00:00,176.095,176.2,175.975,175.98,6975.0,234.0,176.081351
AMT,2026-08-28 18:30:00+00:00,176.02,176.07,175.95,175.97,8925.0,300.0,176.011793
AMT,2026-08-28 18:35:00+00:00,175.995,176.03,175.91,175.97,7353.0,252.0,175.984435
AMT,2026-08-28 18:40:00+00:00,175.97,176.11,175.955,176.105,7766.0,244.0,176.028861
AMT,2026-08-28 18:45:00+00:00,176.17,176.17,175.98,176.09,12897.0,357.0,176.073606
AMT,2026-08-28 18:50:00+00:00,175.99,176.015,175.76,175.765,10385.0,322.0,175.851903
AMT,2026-08-28 18:55:00+00:00,175.765,175.765,175.505,175.63,16245.0,406.0,175.651426
AMT,2026-08-28 19:00:00+00:00,175.68,175.83,175.68,175.78,9910.0,311.0,175.766884
AMT,2026-08-28 19:05:00+00:00,175.8,175.85,175.615,175.79,14339.0,432.0,175.737008
AMT,2026-08-28 19:10:00+00:00,175.73,175.9,175.73,175.89,10209.0,324.0,175.856517
AMT,2026-08-28 19:15:00+00:00,175.84,175.84,175.53,175.66,13565.0,467.0,175.688901
AMT,2026-08-28 19:20:00+00:00,175.72,175.76,175.52,175.64,17086.0,458.0,175.659115
AMT,2026-08-28 19:25:00+00:00,175.64,175.89,175.6,175.825,22022.0,545.0,175.73177
AMT,2026-08-28 19:30:00+00:00,175.825,175.87,175.65,175.79,26924.0,624.0,175.771127
AMT,2026-08-28 19:35:00+00:00,175.825,175.875,175.64,175.875,28280.0,682.0,175.751414
AMT,2026-08-28 19:40:00+00:00,175.84,176.08,175.84,176.08,26392.0,771.0,175.980511
AMT,2026-08-28 19:45:00+00:00,176.07,176.18,175.92,176.08,44761.0,863.0,176.07226
AMT,2026-08-28 19:50:00+00:00,176.05,176.33,176.03,176.21,37948.0,914.0,176.167187
AMT,2026-08-28 19:55:00+00:00,176.26,176.57,176.16,176.22,120567.0,3025.0,176.257594
AMT,2026-08-28 20:00:00+00:00,176.22,176.23,176.22,176.23,315424.0,82.0,176.229863
AMT,2026-08-31 13:30:00+00:00,175.9,175.9,174.48,175.055,21950.0,473.0,175.408531
AMT,2026-08-31 13:35:00+00:00,175.25,175.28,174.29,174.465,18389.0,520.0,174.689764
AMT,2026-08-31 13:40:00+00:00,174.28,174.58,173.59,174.325,12102.0,387.0,174.094918
AMT,2026-08-31 13:45:00+00:00,174.325,174.64,174.06,174.2,16170.0,386.0,174.284551
AMT,2026-08-31 13:50:00+00:00,174.15,174.15,173.39,173.7,14284.0,440.0,173.678674
AMT,2026-08-31 13:55:00+00:00,173.695,174.31,173.695,174.175,13587.0,310.0,174.07545
AMT,2026-08-31 14:00:00+00:00,174.04,174.195,173.7,173.86,8846.0,335.0,174.000057
AMT,2026-08-31 14:05:00+00:00,173.75,174.325,173.73,174.135,21286.0,463.0,174.131121
AMT,2026-08-31 14:10:00+00:00,173.94,174.14,173.9,174.14,16119.0,406.0,174.013952
AMT,2026-08-31 14:15:00+00:00,174.14,174.45,174.14,174.275,21721.0,406.0,174.385154
AMT,2026-08-31 14:20:00+00:00,174.13,174.425,174.125,174.31,6910.0,327.0,174.285442
AMT,2026-08-31 14:25:00+00:00,174.38,174.38,174.1,174.33,6451.0,261.0,174.226549
AMT,2026-08-31 14:30:00+00:00,174.33,174.33,174.08,174.11,7451.0,285.0,174.20536
AMT,2026-08-31 14:35:00+00:00,174.1001,174.305,174.07,174.245,7819.0,396.0,174.191476
AMT,2026-08-31 14:40:00+00:00,174.305,174.66,174.305,174.5,15083.0,355.0,174.496953
AMT,2026-08-31 14:45:00+00:00,174.48,174.56,174.41,174.55,7261.0,309.0,174.475963
AMT,2026-08-31 14:50:00+00:00,174.53,174.86,174.45,174.86,9673.0,350.0,174.706201
AMT,2026-08-31 14:55:00+00:00,174.89,175.25,174.89,175.12,15285.0,421.0,175.14051
AMT,2026-08-31 15:00:00+00:00,175.28,175.76,175.26,175.76,6957.0,285.0,175.421748
AMT,2026-08-31 15:05:00+00:00,175.66,175.66,175.27,175.535,9032.0,357.0,175.474796
AMT,2026-08-31 15:10:00+00:00,175.65,175.65,175.42,175.445,12622.0,368.0,175.545507
AMT,2026-08-31 15:15:00+00:00,175.445,175.56,175.405,175.465,10321.0,367.0,175.497034
AMT,2026-08-31 15:20:00+00:00,175.4,175.41,175.1001,175.1001,13312.0,389.0,175.257073
AMT,2026-08-31 15:25:00+00:00,175.3,175.565,175.2,175.52,13710.0,392.0,175.483428
AMT,2026-08-31 15:30:00+00:00,175.6097,175.675,175.5,175.675,11969.0,401.0,175.599935
AMT,2026-08-31 15:35:00+00:00,175.65,175.84,175.45,175.45,10348.0,380.0,175.727546
AMT,2026-08-31 15:40:00+00:00,175.475,175.69,175.37,175.5,5694.0,191.0,175.496643
AMT,2026-08-31 15:45:00+00:00,175.425,175.6,175.41,175.58,6820.0,244.0,175.506376
AMT,2026-08-31 15:50:00+00:00,175.45,175.66,175.45,175.625,6650.0,186.0,175.589834
AMT,2026-08-31 15:55:00+00:00,175.59,175.75,175.59,175.75,8003.0,293.0,175.658007
AMT,2026-08-31 16:00:00+00:00,175.68,175.89,175.59,175.89,11850.0,282.0,175.715789
AMT,2026-08-31 16:05:00+00:00,175.935,175.935,175.715,175.72,9394.0,272.0,175.798816
AMT,2026-08-31 16:10:00+00:00,175.68,175.75,175.62,175.62,7002.0,243.0,175.70703
AMT,2026-08-31 16:15:00+00:00,175.83,175.83,175.68,175.79,6781.0,246.0,175.75608
AMT,2026-08-31 16:20:00+00:00,175.78,175.78,175.575,175.68,5610.0,247.0,175.648452
AMT,2026-08-31 16:25:00+00:00,175.63,175.6401,175.55,175.55,7300.0,255.0,175.594695
AMT,2026-08-31 16:30:00+00:00,175.66,175.75,175.555,175.61,6040.0,273.0,175.64839
AMT,2026-08-31 16:35:00+00:00,175.69,175.75,175.61,175.64,7980.0,289.0,175.697829
AMT,2026-08-31 16:40:00+00:00,175.69,175.85,175.67,175.68,16325.0,362.0,175.780209
AMT,2026-08-31 16:45:00+00:00,175.61,175.6728,175.51,175.51,5147.0,197.0,175.611042
AMT,2026-08-31 16:50:00+00:00,175.511,175.65,175.21,175.24,5402.0,231.0,175.459799
AMT,2026-08-31 16:55:00+00:00,175.22,175.26,175.17,175.17,5247.0,256.0,175.231543
AMT,2026-08-31 17:00:00+00:00,175.09,175.31,175.09,175.205,7015.0,255.0,175.197776
AMT,2026-08-31 17:05:00+00:00,175.27,175.38,175.13,175.338805,18520.0,381.0,175.242278
AMT,2026-08-31 17:10:00+00:00,175.4,175.65,175.4,175.56,10506.0,260.0,175.513462
AMT,2026-08-31 17:15:00+00:00,175.56,175.56,175.37,175.37,9552.0,208.0,175.518222
AMT,2026-08-31 17:20:00+00:00,175.41,175.62,175.41,175.62,7154.0,257.0,175.478572
AMT,2026-08-31 17:25:00+00:00,175.56,175.73,175.54,175.73,8333.0,291.0,175.623877
AMT,2026-08-31 17:30:00+00:00,175.77,175.92,175.65,175.76,7166.0,214.0,175.788832
AMT,2026-08-31 17:35:00+00:00,175.805,175.93,175.8,175.8551,9210.0,298.0,175.865902
AMT,2026-08-31 17:40:00+00:00,175.88,176.07,175.88,176.0,6893.0,242.0,175.969526
AMT,2026-08-31 17:45:00+00:00,175.95,175.99,175.8801,175.97,6107.0,215.0,175.947613
AMT,2026-08-31 17:50:00+00:00,175.96,176.1618,175.96,176.1,11811.0,325.0,176.063183
AMT,2026-08-31 17:55:00+00:00,176.135,176.3675,176.135,176.27,13108.0,286.0,176.227141
AMT,2026-08-31 18:00:00+00:00,176.35,176.57,176.29,176.47,14893.0,379.0,176.480317
AMT,2026-08-31 18:05:00+00:00,176.5281,176.56,176.185,176.185,18961.0,489.0,176.345158
AMT,2026-08-31 18:10:00+00:00,176.19,176.42,176.19,176.38,8157.0,323.0,176.334616
AMT,2026-08-31 18:15:00+00:00,176.38,176.4,176.2,176.22,8024.0,338.0,176.271792
AMT,2026-08-31 18:20:00+00:00,176.29,176.47,176.18,176.18,12594.0,307.0,176.294836
AMT,2026-08-31 18:25:00+00:00,176.22,176.34,176.17,176.26,12731.0,394.0,176.241221
AMT,2026-08-31 18:30:00+00:00,176.26,176.29,176.12,176.13,10993.0,388.0,176.208505
AMT,2026-08-31 18:35:00+00:00,176.15,176.15,176.0,176.06,24383.0,689.0,176.099053
AMT,2026-08-31 18:40:00+00:00,176.045,176.25,176.01,176.01,12048.0,413.0,176.118359
AMT,2026-08-31 18:45:00+00:00,176.0,176.0,175.8746,175.99,9773.0,327.0,175.94371
AMT,2026-08-31 18:50:00+00:00,176.03,176.07,175.84,175.85,15959.0,384.0,175.89756
AMT,2026-08-31 18:55:00+00:00,175.89,176.09,175.89,176.075,11871.0,413.0,175.991923
AMT,2026-08-31 19:00:00+00:00,176.04,176.08,175.89,175.925,14186.0,410.0,175.996666
AMT,2026-08-31 19:05:00+00:00,175.96,176.19,175.96,176.05,11870.0,496.0,176.070071
AMT,2026-08-31 19:10:00+00:00,176.04,176.28,176.015,176.28,18416.0,460.0,176.103275
AMT,2026-08-31 19:15:00+00:00,176.28,176.4551,176.18,176.35,19867.0,553.0,176.320381
AMT,2026-08-31 19:20:00+00:00,176.43,176.7,176.43,176.655,24669.0,625.0,176.578981
AMT,2026-08-31 19:25:00+00:00,176.669,176.87,176.66,176.77,24384.0,576.0,176.756717
AMT,2026-08-31 19:30:00+00:00,176.72,176.735,176.47,176.665,32859.0,759.0,176.629943
AMT,2026-08-31 19:35:00+00:00,176.665,176.85,176.48,176.485,33141.0,832.0,176.682354
AMT,2026-08-31 19:40:00+00:00,176.53,176.62,176.28,176.36,43364.0,1068.0,176.43456
AMT,2026-08-31 19:45:00+00:00,176.31,176.31,175.46,175.76,53359.0,1145.0,175.853422
AMT,2026-08-31 19:50:00+00:00,175.86,175.875,175.43,175.43,72525.0,1667.0,175.660253
AMT,2026-08-31 19:55:00+00:00,175.48,176.18,175.405,175.71,174813.0,3924.0,175.88872
AMT,2026-08-31 20:00:00+00:00,175.7,175.7,175.6972,175.7,1311643.0,74.0,175.699988
AMT,2026-09-01 12:30:00+00:00,173.1069,175.4,173.1069,175.4,486.0,3.0,173.645897
AMT,2026-09-01 12:50:00+00:00,175.01,175.01,175.01,175.01,139.0,4.0,175.01
AMT,2026-09-01 13:15:00+00:00,176.0,176.0,176.0,176.0,1007.0,4.0,176.0
AMT,2026-09-01 13:30:00+00:00,175.9,178.06,175.9,178.06,37507.0,710.0,176.4232
AMT,2026-09-01 13:35:00+00:00,178.035,178.235,177.19,177.19,28927.0,820.0,177.960102
AMT,2026-09-01 13:40:00+00:00,177.163,177.365,176.985,177.28,17765.0,554.0,177.17056
AMT,2026-09-01 13:45:00+00:00,177.09,177.48,176.5901,177.0925,18199.0,511.0,177.061737
AMT,2026-09-01 13:50:00+00:00,176.96,177.33,176.6,176.6,11259.0,467.0,176.983686
AMT,2026-09-01 13:55:00+00:00,176.57,176.69,176.33,176.69,13072.0,511.0,176.524061
AMT,2026-09-01 14:00:00+00:00,176.43,176.97,176.21,176.21,20914.0,634.0,176.674421
AMT,2026-09-01 14:05:00+00:00,176.17,176.17,175.08,175.185,20501.0,525.0,175.611844
AMT,2026-09-01 14:10:00+00:00,175.07,175.22,174.84,175.22,24079.0,537.0,175.071766
AMT,2026-09-01 14:15:00+00:00,175.22,175.35,175.0575,175.08,20338.0,596.0,175.147098
AMT,2026-09-01 14:20:00+00:00,175.18,175.77,175.18,175.365,22296.0,584.0,175.511777
AMT,2026-09-01 14:25:00+00:00,175.37,175.53,175.31,175.51,15869.0,440.0,175.414898
AMT,2026-09-01 14:30:00+00:00,175.54,175.69,175.1505,175.205,23443.0,946.0,175.451335
AMT,2026-09-01 14:35:00+00:00,175.13,175.19,174.8,175.16,19388.0,550.0,175.004403
AMT,2026-09-01 14:40:00+00:00,175.195,175.47,175.11,175.33,21885.0,506.0,175.256718
AMT,2026-09-01 14:45:00+00:00,175.26,175.37,175.0,175.0,13936.0,325.0,175.203864
AMT,2026-09-01 14:50:00+00:00,174.955,175.2082,174.8489,175.2082,16761.0,455.0,175.059375
AMT,2026-09-01 14:55:00+00:00,175.185,175.35,174.82,174.845,15095.0,451.0,175.079326
AMT,2026-09-01 15:00:00+00:00,174.81,174.85,174.62,174.85,11676.0,426.0,174.756937
AMT,2026-09-01 15:05:00+00:00,174.93,175.535,174.885,175.39,13611.0,484.0,175.271423
AMT,2026-09-01 15:10:00+00:00,175.39,175.51,175.1,175.1,14714.0,398.0,175.310401
AMT,2026-09-01 15:15:00+00:00,175.07,175.6701,174.8937,175.645,18032.0,555.0,175.08304
AMT,2026-09-01 15:20:00+00:00,175.63,175.63,175.29,175.29,13328.0,426.0,175.453828
AMT,2026-09-01 15:25:00+00:00,175.18,175.255,175.06,175.195,9881.0,372.0,175.141436
AMT,2026-09-01 15:30:00+00:00,175.16,175.4899,175.14,175.3963,23505.0,584.0,175.356399
AMT,2026-09-01 15:35:00+00:00,175.34,175.385,175.1101,175.21,16251.0,470.0,175.23625
AMT,2026-09-01 15:40:00+00:00,175.2,175.38,175.2,175.33,17765.0,498.0,175.292203
AMT,2026-09-01 15:45:00+00:00,175.37,175.43,175.26,175.3,17618.0,509.0,175.354502
AMT,2026-09-01 15:50:00+00:00,175.24,175.35,175.21,175.26,29831.0,529.0,175.248751
AMT,2026-09-01 15:55:00+00:00,175.26,175.365,175.09,175.155,31339.0,590.0,175.192015
AMT,2026-09-01 16:00:00+00:00,175.21,175.32,175.11,175.13,25088.0,489.0,175.223047
AMT,2026-09-01 16:05:00+00:00,175.21,175.3,175.04,175.095,20107.0,434.0,175.202951
AMT,2026-09-01 16:10:00+00:00,175.095,175.26,175.03,175.055,14197.0,319.0,175.169186
AMT,2026-09-01 16:15:00+00:00,175.11,175.21,174.77,174.97,18335.0,437.0,174.977654
AMT,2026-09-01 16:20:00+00:00,174.965,174.965,174.76,174.89,15961.0,416.0,174.874038
AMT,2026-09-01 16:25:00+00:00,174.85,174.93,174.62,174.93,31307.0,480.0,174.706357
AMT,2026-09-01 16:30:00+00:00,174.93,175.31,174.93,175.04,11963.0,389.0,175.107033
AMT,2026-09-01 16:35:00+00:00,175.035,175.47,175.035,175.45,20114.0,471.0,175.30472
AMT,2026-09-01 16:40:00+00:00,175.45,175.76,175.395,175.395,27110.0,605.0,175.652472
AMT,2026-09-01 16:45:00+00:00,175.41,175.54,175.31,175.375,11607.0,287.0,175.430879
AMT,2026-09-01 16:50:00+00:00,175.395,175.85,175.395,175.55,25457.0,697.0,175.694574
AMT,2026-09-01 16:55:00+00:00,175.6102,175.6499,175.51,175.53,8362.0,314.0,175.561255
AMT,2026-09-01 17:00:00+00:00,175.515,175.56,175.45,175.49,12786.0,422.0,175.510847
AMT,2026-09-01 17:05:00+00:00,175.56,175.825,175.475,175.72,10907.0,387.0,175.611062
AMT,2026-09-01 17:10:00+00:00,175.71,175.855,175.69,175.85,5518.0,204.0,175.774425
AMT,2026-09-01 17:15:00+00:00,175.845,175.99,175.81,175.885,11462.0,338.0,175.870576
AMT,2026-09-01 17:20:00+00:00,175.885,175.885,175.675,175.78,7205.0,231.0,175.773135
AMT,2026-09-01 17:25:00+00:00,175.77,175.9,175.735,175.735,10991.0,322.0,175.805971
AMT,2026-09-01 17:30:00+00:00,175.735,175.735,175.46,175.49,7829.0,340.0,175.594019
AMT,2026-09-01 17:35:00+00:00,175.485,175.485,175.23,175.3,10009.0,342.0,175.370842
AMT,2026-09-01 17:40:00+00:00,175.25,175.595,175.25,175.465,18526.0,423.0,175.417451
AMT,2026-09-01 17:45:00+00:00,175.52,175.54,175.2,175.2,11902.0,375.0,175.367143
AMT,2026-09-01 17:50:00+00:00,175.175,175.265,175.145,175.2,9328.0,291.0,175.219951
AMT,2026-09-01 17:55:00+00:00,175.19,175.41,175.1038,175.3399,24870.0,587.0,175.241566
AMT,2026-09-01 18:00:00+00:00,175.285,175.495,175.17,175.395,11580.0,395.0,175.268388
AMT,2026-09-01 18:05:00+00:00,175.3,175.49,175.29,175.48,14295.0,356.0,175.367683
AMT,2026-09-01 18:10:00+00:00,175.41,175.54,175.36,175.445,10567.0,338.0,175.462944
AMT,2026-09-01 18:15:00+00:00,175.445,175.55,175.3915,175.49,7730.0,280.0,175.486952
AMT,2026-09-01 18:20:00+00:00,175.45,175.45,175.28,175.395,12718.0,349.0,175.352096
AMT,2026-09-01 18:25:00+00:00,175.38,175.92,175.38,175.91,26180.0,505.0,175.685625
AMT,2026-09-01 18:30:00+00:00,175.95,175.95,175.415,175.435,18758.0,568.0,175.634903
AMT,2026-09-01 18:35:00+00:00,175.43,175.64,175.4043,175.605,17000.0,344.0,175.541721
AMT,2026-09-01 18:40:00+00:00,175.56,175.56,175.255,175.28,18282.0,427.0,175.424078
AMT,2026-09-01 18:45:00+00:00,175.245,175.245,175.09,175.1579,8662.0,311.0,175.167655
AMT,2026-09-01 18:50:00+00:00,175.07,175.23,175.07,175.23,17258.0,393.0,175.157482
AMT,2026-09-01 18:55:00+00:00,175.24,175.28,175.17,175.26,14274.0,449.0,175.22192
AMT,2026-09-01 19:00:00+00:00,175.22,175.29,175.0714,175.14,14890.0,377.0,175.206197
AMT,2026-09-01 19:05:00+00:00,175.09,175.12,174.94,174.94,18120.0,497.0,175.006052
AMT,2026-09-01 19:10:00+00:00,174.975,175.2,174.94,175.185,17976.0,444.0,175.071454
AMT,2026-09-01 19:15:00+00:00,175.17,175.39,174.965,175.285,22417.0,565.0,175.216341
AMT,2026-09-01 19:20:00+00:00,175.275,175.4096,175.22,175.375,13213.0,444.0,175.323582
AMT,2026-09-01 19:25:00+00:00,175.43,175.74,175.4,175.659,20798.0,614.0,175.627615
AMT,2026-09-01 19:30:00+00:00,175.58,175.685,175.37,175.43,22278.0,670.0,175.575616
AMT,2026-09-01 19:35:00+00:00,175.475,175.7,175.475,175.5727,33776.0,809.0,175.578825
AMT,2026-09-01 19:40:00+00:00,175.61,175.67,175.37,175.37,23606.0,664.0,175.518739
AMT,2026-09-01 19:45:00+00:00,175.375,175.51,175.24,175.29,32225.0,873.0,175.377963
AMT,2026-09-01 19:50:00+00:00,175.32,175.59,175.3,175.59,45693.0,1226.0,175.460282
AMT,2026-09-01 19:55:00+00:00,175.62,176.14,175.48,175.93,183686.0,3704.0,175.889671
AMT,2026-09-01 20:00:00+00:00,176.02,176.02,176.02,176.02,748960.0,80.0,176.02
AMT,2026-09-01 20:05:00+00:00,180.0,180.0,180.0,180.0,100.0,1.0,180.0
AMT,2026-09-02 13:30:00+00:00,175.9,176.385,172.77,173.44,56808.0,534.0,174.900863
AMT,2026-09-02 13:35:00+00:00,173.11,173.4,172.3,173.05,16012.0,443.0,172.843262
AMT,2026-09-02 13:40:00+00:00,172.9993,174.3,172.9993,173.825,29232.0,432.0,173.928103
AMT,2026-09-02 13:45:00+00:00,173.83,174.18,173.575,174.0425,11040.0,306.0,173.860249
AMT,2026-09-02 13:50:00+00:00,174.055,174.315,173.9,174.31,41542.0,434.0,174.054576
AMT,2026-09-02 13:55:00+00:00,174.1401,174.45,173.775,174.11,40441.0,481.0,174.178526
AMT,2026-09-02 14:00:00+00:00,174.05,174.05,173.58,173.74,26210.0,574.0,173.779121
AMT,2026-09-02 14:05:00+00:00,173.81,173.81,173.31,173.31,21414.0,522.0,173.601103
AMT,2026-09-02 14:10:00+00:00,173.3,173.69,173.175,173.52,10874.0,331.0,173.442989
AMT,2026-09-02 14:15:00+00:00,173.58,173.88,173.12,173.88,22214.0,494.0,173.566522
AMT,2026-09-02 14:20:00+00:00,173.88,174.255,173.88,174.14,26481.0,515.0,174.099677
AMT,2026-09-02 14:25:00+00:00,174.05,174.115,173.65,173.75,20701.0,526.0,173.888787
AMT,2026-09-02 14:30:00+00:00,173.64,173.745,173.26,173.38,20002.0,636.0,173.412788
AMT,2026-09-02 14:35:00+00:00,173.39,173.42,173.095,173.095,13226.0,445.0,173.261627
AMT,2026-09-02 14:40:00+00:00,173.02,173.315,173.02,173.16,22836.0,678.0,173.191788
AMT,2026-09-02 14:45:00+00:00,173.2299,173.285,172.83,173.2125,17524.0,447.0,173.048415
AMT,2026-09-02 14:50:00+00:00,173.195,173.68,173.195,173.3792,26482.0,552.0,173.459237
AMT,2026-09-02 14:55:00+00:00,173.595,173.85,173.55,173.795,13838.0,384.0,173.696617
AMT,2026-09-02 15:00:00+00:00,173.8,173.81,173.36,173.67,9849.0,390.0,173.61149
AMT,2026-09-02 15:05:00+00:00,173.59,173.7,173.29,173.355,12281.0,376.0,173.522177
AMT,2026-09-02 15:10:00+00:00,173.29,173.6627,173.29,173.55,8437.0,300.0,173.477564
AMT,2026-09-02 15:15:00+00:00,173.58,174.13,173.58,174.0863,14884.0,411.0,173.799051
AMT,2026-09-02 15:20:00+00:00,174.2,174.355,174.2,174.31,6757.0,259.0,174.299686
AMT,2026-09-02 15:25:00+00:00,174.27,174.5,174.27,174.33,12254.0,348.0,174.383142
AMT,2026-09-02 15:30:00+00:00,174.29,174.29,173.8054,173.8054,10403.0,348.0,174.066258
AMT,2026-09-02 15:35:00+00:00,174.0,174.12,173.89,174.0,9671.0,308.0,174.013613
AMT,2026-09-02 15:40:00+00:00,173.93,173.93,173.87,173.87,3517.0,151.0,173.891778
AMT,2026-09-02 15:45:00+00:00,173.84,173.855,173.5507,173.6165,15910.0,354.0,173.722363
AMT,2026-09-02 15:50:00+00:00,173.64,173.9,173.64,173.74,8795.0,259.0,173.737765
AMT,2026-09-02 15:55:00+00:00,173.79,174.2,173.745,174.165,15214.0,363.0,173.966008
AMT,2026-09-02 16:00:00+00:00,174.07,174.615,174.06,174.24,30994.0,522.0,174.313726
AMT,2026-09-02 16:05:00+00:00,174.295,174.37,174.22,174.31,7928.0,227.0,174.303091
AMT,2026-09-02 16:10:00+00:00,174.37,174.38,173.385,173.39,35718.0,547.0,173.6834
AMT,2026-09-02 16:15:00+00:00,173.4,173.71,173.39,173.39,16301.0,382.0,173.502573
AMT,2026-09-02 16:20:00+00:00,173.395,173.395,172.76,172.9,22886.0,532.0,173.058432
AMT,2026-09-02 16:25:00+00:00,172.895,173.0,172.58,172.71,15484.0,446.0,172.842025
AMT,2026-09-02 16:30:00+00:00,172.775,172.775,172.43,172.43,13040.0,444.0,172.529535
AMT,2026-09-02 16:35:00+00:00,172.51,172.565,172.45,172.5,7770.0,280.0,172.505406
AMT,2026-09-02 16:40:00+00:00,172.51,172.51,171.86,172.05,20824.0,602.0,172.085
AMT,2026-09-02 16:45:00+00:00,171.94,172.295,171.83,172.23,40942.0,562.0,171.997841
AMT,2026-09-02 16:50:00+00:00,172.1701,172.27,171.98,172.23,21748.0,566.0,172.110778
AMT,2026-09-02 16:55:00+00:00,172.21,172.21,171.7268,171.8,37037.0,549.0,171.931867
AMT,2026-09-02 17:00:00+00:00,171.8025,172.18,171.75,172.18,16702.0,413.0,171.943067
AMT,2026-09-02 17:05:00+00:00,172.15,172.2897,171.9644,172.215,24094.0,428.0,172.136085
AMT,2026-09-02 17:10:00+00:00,172.215,172.3599,171.88,171.88,16258.0,338.0,172.069917
AMT,2026-09-02 17:15:00+00:00,171.81,172.25,171.81,172.19,14302.0,283.0,171.948897
AMT,2026-09-02 17:20:00+00:00,172.19,172.2,171.98,172.145,13393.0,386.0,172.087484
AMT,2026-09-02 17:25:00+00:00,172.165,172.165,171.935,172.05,12661.0,347.0,172.062241
AMT,2026-09-02 17:30:00+00:00,172.095,172.31,172.01,172.27,11839.0,373.0,172.17374
AMT,2026-09-02 17:35:00+00:00,172.27,172.625,172.15,172.625,12333.0,310.0,172.238421
AMT,2026-09-02 17:40:00+00:00,172.52,172.56,172.45,172.495,9778.0,304.0,172.498979
AMT,2026-09-02 17:45:00+00:00,172.53,172.69,172.44,172.54,12986.0,373.0,172.563211
AMT,2026-09-02 17:50:00+00:00,172.555,172.56,172.19,172.31,8735.0,387.0,172.338809
AMT,2026-09-02 17:55:00+00:00,172.33,172.4,172.04,172.16,21684.0,431.0,172.188605
AMT,2026-09-02 18:00:00+00:00,172.185,172.185,171.86,172.0,20166.0,507.0,172.014211
AMT,2026-09-02 18:05:00+00:00,171.92,172.1,171.92,172.0,11800.0,341.0,172.032448
AMT,2026-09-02 18:10:00+00:00,171.95,172.125,171.85,171.975,18803.0,465.0,171.960563
AMT,2026-09-02 18:15:00+00:00,171.911,172.045,171.911,172.015,17774.0,426.0,171.980609
AMT,2026-09-02 18:20:00+00:00,171.94,172.09,171.8425,172.01,20051.0,456.0,171.965241
AMT,2026-09-02 18:25:00+00:00,172.0,172.51,172.0,172.51,33398.0,506.0,172.193072
AMT,2026-09-02 18:30:00+00:00,172.51,173.19,172.36,173.135,43509.0,565.0,172.764627
AMT,2026-09-02 18:35:00+00:00,173.135,173.415,173.135,173.37,19238.0,404.0,173.346876
AMT,2026-09-02 18:40:00+00:00,173.37,173.62,173.37,173.41,18652.0,525.0,173.469968
AMT,2026-09-02 18:45:00+00:00,173.425,173.425,173.16,173.31,19627.0,476.0,173.286445
AMT,2026-09-02 18:50:00+00:00,173.31,173.42,173.19,173.26,14026.0,427.0,173.315047
AMT,2026-09-02 18:55:00+00:00,173.275,173.465,173.13,173.36,22339.0,443.0,173.287239
AMT,2026-09-02 19:00:00+00:00,173.46,173.55,173.42,173.495,13413.0,356.0,173.479908
AMT,2026-09-02 19:05:00+00:00,173.55,173.7315,173.43,173.59,19739.0,470.0,173.538513
AMT,2026-09-02 19:10:00+00:00,173.56,173.67,173.27,173.28,21814.0,615.0,173.495372
AMT,2026-09-02 19:15:00+00:00,173.28,173.34,172.55,172.7,48417.0,963.0,172.946903
AMT,2026-09-02 19:20:00+00:00,172.715,172.92,172.455,172.8801,41519.0,885.0,172.637726
AMT,2026-09-02 19:25:00+00:00,172.88,173.11,172.7675,173.05,30381.0,638.0,172.911433
AMT,2026-09-02 19:30:00+00:00,173.1,173.2,172.935,173.2,48818.0,986.0,173.106535
AMT,2026-09-02 19:35:00+00:00,173.185,173.37,173.17,173.3005,38746.0,851.0,173.279028
AMT,2026-09-02 19:40:00+00:00,173.32,173.48,173.2,173.4,36474.0,739.0,173.35698
AMT,2026-09-02 19:45:00+00:00,173.43,173.46,172.95,173.21,46776.0,900.0,173.196712
AMT,2026-09-02 19:50:00+00:00,173.205,173.28,173.06,173.195,58619.0,1226.0,173.173715
AMT,2026-09-02 19:55:00+00:00,173.15,173.28,172.74,172.91,208290.0,3828.0,173.001131
AMT,2026-09-02 20:00:00+00:00,173.0,173.0,172.92,172.92,664343.0,126.0,172.920014
AMT,2026-09-02 23:10:00+00:00,172.98,172.98,172.98,172.98,193.0,1.0,172.98
AMT,2026-09-03 10:45:00+00:00,172.5,172.5,172.5,172.5,1000.0,13.0,172.5
AMT,2026-09-03 12:45:00+00:00,175.0,175.0,175.0,175.0,106.0,3.0,175.0
AMT,2026-09-03 13:25:00+00:00,172.71,172.71,172.71,172.71,158.0,13.0,172.71
AMT,2026-09-03 13:30:00+00:00,174.93,176.35,174.885,176.35,42167.0,641.0,175.125387
AMT,2026-09-03 13:35:00+00:00,176.09,176.69,175.255,175.265,54138.0,690.0,176.358882
AMT,2026-09-03 13:40:00+00:00,175.1883,175.915,175.1883,175.495,15780.0,395.0,175.579151
AMT,2026-09-03 13:45:00+00:00,175.6,176.543,175.585,175.775,17476.0,389.0,176.269424
AMT,2026-09-03 13:50:00+00:00,175.82,176.1898,175.72,175.98,8212.0,272.0,175.945017
AMT,2026-09-03 13:55:00+00:00,175.98,176.6,175.945,176.6,9436.0,359.0,176.336514
AMT,2026-09-03 14:00:00+00:00,176.59,176.59,175.84,175.93,28970.0,580.0,176.136817
AMT,2026-09-03 14:05:00+00:00,176.0,176.31,175.91,176.18,11376.0,341.0,176.065667
AMT,2026-09-03 14:10:00+00:00,176.185,176.56,175.97,176.21,24419.0,518.0,176.263936
AMT,2026-09-03 14:15:00+00:00,176.2279,176.37,175.9077,176.27,34983.0,497.0,176.171746
AMT,2026-09-03 14:20:00+00:00,176.34,176.385,176.055,176.3035,17393.0,417.0,176.217877
AMT,2026-09-03 14:25:00+00:00,176.385,176.98,176.3,176.55,22492.0,529.0,176.74667
AMT,2026-09-03 14:30:00+00:00,176.58,176.77,176.5184,176.57,11928.0,393.0,176.696465
AMT,2026-09-03 14:35:00+00:00,176.505,176.7,176.32,176.635,17765.0,417.0,176.50285
AMT,2026-09-03 14:40:00+00:00,176.555,177.13,176.503,177.05,11708.0,372.0,176.838797
AMT,2026-09-03 14:45:00+00:00,177.11,177.47,177.11,177.36,16108.0,392.0,177.300388
AMT,2026-09-03 14:50:00+00:00,177.41,177.425,176.69,176.82,24362.0,453.0,177.186654
AMT,2026-09-03 14:55:00+00:00,176.82,177.14,176.44,176.95,50094.0,775.0,176.809675
AMT,2026-09-03 15:00:00+00:00,176.92,177.19,176.8,177.19,11655.0,321.0,176.996216
AMT,2026-09-03 15:05:00+00:00,177.22,177.43,177.2,177.42,12199.0,363.0,177.328238
AMT,2026-09-03 15:10:00+00:00,177.42,177.42,177.04,177.04,10275.0,396.0,177.209281
AMT,2026-09-03 15:15:00+00:00,177.11,177.355,177.1,177.335,9066.0,272.0,177.171644
AMT,2026-09-03 15:20:00+00:00,177.375,177.42,177.21,177.29,14532.0,405.0,177.315656
AMT,2026-09-03 15:25:00+00:00,177.25,177.51,177.19,177.51,14974.0,449.0,177.321677
AMT,2026-09-03 15:30:00+00:00,177.53,177.76,177.53,177.6952,13336.0,321.0,177.647141
AMT,2026-09-03 15:35:00+00:00,177.69,177.69,177.52,177.555,14158.0,380.0,177.583854
AMT,2026-09-03 15:40:00+00:00,177.56,177.69,177.5,177.69,11574.0,382.0,177.588723
AMT,2026-09-03 15:45:00+00:00,177.695,177.99,177.69,177.9,11759.0,352.0,177.83311
AMT,2026-09-03 15:50:00+00:00,177.89,178.106,177.84,177.995,10775.0,307.0,177.968526
AMT,2026-09-03 15:55:00+00:00,177.95,177.95,177.75,177.87,9510.0,347.0,177.826667
AMT,2026-09-03 16:00:00+00:00,177.85,177.995,177.81,177.955,15531.0,480.0,177.927089
AMT,2026-09-03 16:05:00+00:00,178.0199,178.0199,177.7,177.7,8283.0,344.0,177.783288
AMT,2026-09-03 16:10:00+00:00,177.63,177.81,177.525,177.67,13330.0,409.0,177.660221
AMT,2026-09-03 16:15:00+00:00,177.66,177.77,177.61,177.75,5447.0,209.0,177.688486
AMT,2026-09-03 16:20:00+00:00,177.75,177.9,177.72,177.74,11967.0,360.0,177.823425
AMT,2026-09-03 16:25:00+00:00,177.79,177.86,177.765,177.79,8444.0,295.0,177.807509
AMT,2026-09-03 16:30:00+00:00,177.76,177.83,177.72,177.77,6163.0,240.0,177.792553
AMT,2026-09-03 16:35:00+00:00,177.83,177.86,177.67,177.74,9094.0,263.0,177.764989
AMT,2026-09-03 16:40:00+00:00,177.77,177.82,177.73,177.775,5449.0,198.0,177.763416
AMT,2026-09-03 16:45:00+00:00,177.74,177.93,177.74,177.925,8076.0,310.0,177.828025
AMT,2026-09-03 16:50:00+00:00,177.94,178.03,177.925,177.95,6662.0,239.0,177.971582
AMT,2026-09-03 16:55:00+00:00,177.975,178.015,177.82,177.82,8555.0,299.0,177.930039
AMT,2026-09-03 17:00:00+00:00,177.82,177.82,177.72,177.745,10671.0,330.0,177.766012
AMT,2026-09-03 17:05:00+00:00,177.71,177.81,177.67,177.7901,9503.0,345.0,177.758682
AMT,2026-09-03 17:10:00+00:00,177.79,177.8,177.58,177.73,16266.0,432.0,177.715549
AMT,2026-09-03 17:15:00+00:00,177.795,177.86,177.73,177.86,7005.0,227.0,177.787911
AMT,2026-09-03 17:20:00+00:00,177.7791,177.7791,177.63,177.675,4859.0,241.0,177.698736
AMT,2026-09-03 17:25:00+00:00,177.67,177.68,177.61,177.66,9273.0,309.0,177.642727
AMT,2026-09-03 17:30:00+00:00,177.74,177.8286,177.65,177.74,10509.0,338.0,177.745652
AMT,2026-09-03 17:35:00+00:00,177.76,178.19,177.76,178.055,9930.0,372.0,178.01227
AMT,2026-09-03 17:40:00+00:00,178.055,178.055,177.95,177.995,8064.0,302.0,177.996722
AMT,2026-09-03 17:45:00+00:00,178.0,178.17,177.95,178.17,10695.0,351.0,178.07378
AMT,2026-09-03 17:50:00+00:00,178.11,178.16,178.02,178.14,11084.0,408.0,178.055629
AMT,2026-09-03 17:55:00+00:00,178.08,178.16,178.02,178.12,8074.0,302.0,178.068355
AMT,2026-09-03 18:00:00+00:00,178.16,178.24,177.865,178.03,11250.0,401.0,178.091889
AMT,2026-09-03 18:05:00+00:00,178.09,178.665,178.035,178.665,16609.0,445.0,178.331303
AMT,2026-09-03 18:10:00+00:00,178.665,178.94,178.665,178.72,16310.0,441.0,178.835758
AMT,2026-09-03 18:15:00+00:00,178.77,178.89,178.7533,178.835,11238.0,350.0,178.815962
AMT,2026-09-03 18:20:00+00:00,178.95,178.96,178.725,178.96,11373.0,359.0,178.84977
AMT,2026-09-03 18:25:00+00:00,178.96,178.96,178.59,178.7,12740.0,409.0,178.742901
AMT,2026-09-03 18:30:00+00:00,178.68,178.83,178.6,178.795,13280.0,395.0,178.674474
AMT,2026-09-03 18:35:00+00:00,178.795,178.8955,178.7,178.83,12414.0,352.0,178.775149
AMT,2026-09-03 18:40:00+00:00,178.825,178.91,178.72,178.87,16286.0,462.0,178.789639
AMT,2026-09-03 18:45:00+00:00,178.91,179.05,178.91,178.99,14831.0,400.0,178.993088
AMT,2026-09-03 18:50:00+00:00,178.99,179.05,178.8,178.8,14259.0,457.0,178.970382
AMT,2026-09-03 18:55:00+00:00,178.77,178.8,178.36,178.36,24731.0,552.0,178.596024
AMT,2026-09-03 19:00:00+00:00,178.31,178.45,178.225,178.35,23720.0,585.0,178.339724
AMT,2026-09-03 19:05:00+00:00,178.38,178.47,178.12,178.35,16048.0,503.0,178.308027
AMT,2026-09-03 19:10:00+00:00,178.3,178.4,178.24,178.34,19286.0,555.0,178.303207
AMT,2026-09-03 19:15:00+00:00,178.34,178.44,178.22,178.42,16296.0,497.0,178.327924
AMT,2026-09-03 19:20:00+00:00,178.355,178.355,178.11,178.11,14014.0,519.0,178.251409
AMT,2026-09-03 19:25:00+00:00,178.1,178.11,177.86,178.01,29783.0,769.0,177.98217
AMT,2026-09-03 19:30:00+00:00,178.01,178.125,177.92,177.965,31234.0,746.0,178.03591
AMT,2026-09-03 19:35:00+00:00,177.91,177.96,177.83,177.85,24554.0,655.0,177.904899
AMT,2026-09-03 19:40:00+00:00,177.865,177.87,177.7,177.705,23578.0,715.0,177.787986
AMT,2026-09-03 19:45:00+00:00,177.73,178.13,177.705,178.13,51082.0,817.0,178.001668
AMT,2026-09-03 19:50:00+00:00,177.97,178.06,177.6,177.66,46162.0,1249.0,177.836026
AMT,2026-09-03 19:55:00+00:00,177.61,177.75,177.24,177.74,128784.0,3181.0,177.505704
AMT,2026-09-03 20:00:00+00:00,177.75,177.75,177.75,177.75,468589.0,121.0,177.75
AMT,2026-09-03 20:05:00+00:00,177.98,178.01,177.75,177.75,1418.0,13.0,177.786704
AMT,2026-09-03 23:15:00+00:00,178.26,178.26,178.26,178.26,100.0,1.0,178.26
AMT,2026-09-03 23:20:00+00:00,178.0,178.0,178.0,178.0,100.0,1.0,178.0
AMT,2026-09-04 08:30:00+00:00,177.01,177.01,177.01,177.01,100.0,1.0,177.01
AMT,2026-09-04 10:55:00+00:00,176.98,176.98,176.98,176.98,102.0,2.0,176.98
AMT,2026-09-04 11:30:00+00:00,176.99,176.99,176.99,176.99,125.0,1.0,176.99
AMT,2026-09-04 13:20:00+00:00,175.01,175.01,175.01,175.01,100.0,1.0,175.01
AMT,2026-09-04 13:30:00+00:00,176.39,179.1,176.39,179.1,40049.0,495.0,176.907192
AMT,2026-09-04 13:35:00+00:00,179.25,179.39,177.515,177.66,14711.0,415.0,178.485431
AMT,2026-09-04 13:40:00+00:00,177.6335,177.84,177.18,177.44,10993.0,334.0,177.452976
AMT,2026-09-04 13:45:00+00:00,177.45,177.465,176.91,176.97,18690.0,482.0,177.139518
AMT,2026-09-04 13:50:00+00:00,176.86,177.12,176.8,176.81,10238.0,321.0,176.892081
AMT,2026-09-04 13:55:00+00:00,176.81,176.9,176.22,176.335,15123.0,329.0,176.65064
AMT,2026-09-04 14:00:00+00:00,176.453,176.46,175.505,176.05,30112.0,570.0,175.99387
AMT,2026-09-04 14:05:00+00:00,176.15,176.17,175.66,175.795,19363.0,555.0,175.970336
AMT,2026-09-04 14:10:00+00:00,175.7,176.27,175.58,176.07,29347.0,464.0,175.97443
AMT,2026-09-04 14:15:00+00:00,176.0,176.24,175.76,175.79,32272.0,628.0,175.995482
AMT,2026-09-04 14:20:00+00:00,175.73,176.53,175.73,176.53,27125.0,715.0,176.188874
AMT,2026-09-04 14:25:00+00:00,176.5,176.6,176.35,176.36,16304.0,481.0,176.441745
AMT,2026-09-04 14:30:00+00:00,176.44,176.56,175.83,175.83,41998.0,804.0,175.995779
AMT,2026-09-04 14:35:00+00:00,175.86,176.09,175.67,175.71,27716.0,555.0,175.887563
AMT,2026-09-04 14:40:00+00:00,175.7,175.89,175.35,175.45,14910.0,359.0,175.635609
AMT,2026-09-04 14:45:00+00:00,175.5,175.875,175.39,175.71,14937.0,445.0,175.619568
AMT,2026-09-04 14:50:00+00:00,175.71,175.96,175.55,175.655,12628.0,374.0,175.766114
AMT,2026-09-04 14:55:00+00:00,175.55,176.16,175.55,175.93,29195.0,601.0,175.954788
AMT,2026-09-04 15:00:00+00:00,175.91,176.06,175.61,175.76,14861.0,435.0,175.830462
AMT,2026-09-04 15:05:00+00:00,175.82,176.06,175.65,175.72,14828.0,502.0,175.835758
AMT,2026-09-04 15:10:00+00:00,175.72,175.87,175.52,175.595,17273.0,411.0,175.668104
AMT,2026-09-04 15:15:00+00:00,175.68,176.07,175.605,175.86,18519.0,536.0,175.804944
AMT,2026-09-04 15:20:00+00:00,175.82,176.02,175.74,175.9182,11124.0,474.0,175.895934
AMT,2026-09-04 15:25:00+00:00,175.8,175.99,175.77,175.86,18943.0,476.0,175.883612
AMT,2026-09-04 15:30:00+00:00,175.86,175.86,175.625,175.66,15162.0,455.0,175.770815
AMT,2026-09-04 15:35:00+00:00,175.665,175.835,175.63,175.8,16382.0,469.0,175.736501
AMT,2026-09-04 15:40:00+00:00,175.83,176.44,175.82,176.32,31613.0,579.0,175.997769
AMT,2026-09-04 15:45:00+00:00,176.37,176.37,176.02,176.21,27259.0,483.0,176.240572
AMT,2026-09-04 15:50:00+00:00,176.22,176.3278,176.19,176.27,17382.0,355.0,176.272712
AMT,2026-09-04 15:55:00+00:00,176.17,176.3,176.08,176.24,11673.0,340.0,176.188646
AMT,2026-09-04 16:00:00+00:00,176.2623,176.44,176.015,176.285,25923.0,496.0,176.290687
AMT,2026-09-04 16:05:00+00:00,176.25,176.44,176.23,176.32,21540.0,335.0,176.352175
AMT,2026-09-04 16:10:00+00:00,176.31,176.57,176.3,176.45,9476.0,324.0,176.380637
AMT,2026-09-04 16:15:00+00:00,176.48,176.77,176.46,176.58,24781.0,457.0,176.595193
AMT,2026-09-04 16:20:00+00:00,176.67,176.77,176.46,176.74,21734.0,503.0,176.610343
AMT,2026-09-04 16:25:00+00:00,176.88,176.93,176.58,176.58,12017.0,317.0,176.811711
AMT,2026-09-04 16:30:00+00:00,176.6,176.7284,176.34,176.51,9028.0,354.0,176.501351
AMT,2026-09-04 16:35:00+00:00,176.62,176.64,176.3401,176.42,10882.0,279.0,176.467496
AMT,2026-09-04 16:40:00+00:00,176.42,176.61,176.415,176.46,13185.0,304.0,176.492295
AMT,2026-09-04 16:45:00+00:00,176.515,176.59,176.44,176.58,14096.0,384.0,176.507828
AMT,2026-09-04 16:50:00+00:00,176.64,176.68,176.465,176.59,9026.0,316.0,176.593297
AMT,2026-09-04 16:55:00+00:00,176.62,176.685,176.51,176.535,8914.0,291.0,176.60112
AMT,2026-09-04 17:00:00+00:00,176.51,176.53,176.3066,176.39,10040.0,335.0,176.444542
AMT,2026-09-04 17:05:00+00:00,176.42,176.53,176.3,176.45,7992.0,336.0,176.454971
AMT,2026-09-04 17:10:00+00:00,176.47,176.7,176.43,176.52,10788.0,362.0,176.569907
AMT,2026-09-04 17:15:00+00:00,176.495,176.53,176.13,176.24,47004.0,496.0,176.2084
AMT,2026-09-04 17:20:00+00:00,176.285,176.37,176.19,176.285,8020.0,284.0,176.294944
AMT,2026-09-04 17:25:00+00:00,176.23,176.37,176.2061,176.245,8877.0,323.0,176.273132
AMT,2026-09-04 17:30:00+00:00,176.24,176.24,175.58,175.655,18745.0,404.0,176.029156
AMT,2026-09-04 17:35:00+00:00,175.66,175.8541,175.6,175.63,11701.0,383.0,175.716013
AMT,2026-09-04 17:40:00+00:00,175.6,175.89,175.6,175.69,20463.0,460.0,175.719259
AMT,2026-09-04 17:45:00+00:00,175.75,175.795,175.53,175.55,13746.0,308.0,175.635211
AMT,2026-09-04 17:50:00+00:00,175.56,175.81,175.56,175.775,8901.0,340.0,175.653868
AMT,2026-09-04 17:55:00+00:00,175.78,175.78,175.59,175.6,17763.0,432.0,175.683434
AMT,2026-09-04 18:00:00+00:00,175.64,175.78,175.64,175.78,9401.0,312.0,175.718374
AMT,2026-09-04 18:05:00+00:00,175.735,175.9,175.73,175.785,6449.0,296.0,175.802784
AMT,2026-09-04 18:10:00+00:00,175.86,175.96,175.76,175.92,7017.0,284.0,175.848434
AMT,2026-09-04 18:15:00+00:00,175.865,175.97,175.8,175.89,7937.0,286.0,175.878082
AMT,2026-09-04 18:20:00+00:00,175.84,175.97,175.73,175.75,11081.0,384.0,175.867312
AMT,2026-09-04 18:25:00+00:00,175.71,175.71,175.56,175.625,11768.0,471.0,175.653674
AMT,2026-09-04 18:30:00+00:00,175.67,175.76,175.58,175.5825,13087.0,426.0,175.650687
AMT,2026-09-04 18:35:00+00:00,175.56,175.665,175.48,175.665,12933.0,492.0,175.56902
AMT,2026-09-04 18:40:00+00:00,175.72,175.74,175.6,175.74,11412.0,388.0,175.676087
AMT,2026-09-04 18:45:00+00:00,175.73,175.96,175.73,175.84,15419.0,467.0,175.874391
AMT,2026-09-04 18:50:00+00:00,175.8,175.84,175.69,175.725,9765.0,350.0,175.797094
AMT,2026-09-04 18:55:00+00:00,175.69,176.09,175.64,176.025,24387.0,500.0,175.806911
AMT,2026-09-04 19:00:00+00:00,176.025,176.12,175.765,175.765,21185.0,490.0,175.938986
AMT,2026-09-04 19:05:00+00:00,175.76,175.83,175.685,175.775,13583.0,389.0,175.752181
AMT,2026-09-04 19:10:00+00:00,175.775,176.06,175.655,176.06,16746.0,544.0,175.780488
AMT,2026-09-04 19:15:00+00:00,176.08,176.08,175.68,175.74,24688.0,569.0,175.935597
AMT,2026-09-04 19:20:00+00:00,175.73,175.98,175.62,175.89,15365.0,434.0,175.823499
AMT,2026-09-04 19:25:00+00:00,175.85,176.02,175.79,176.0,15513.0,574.0,175.911046
AMT,2026-09-04 19:30:00+00:00,175.985,176.03,175.7399,175.8061,21025.0,554.0,175.89076
AMT,2026-09-04 19:35:00+00:00,175.76,176.02,175.76,175.855,33258.0,782.0,175.908175
AMT,2026-09-04 19:40:00+00:00,175.84,176.22,175.83,176.22,31994.0,719.0,175.980912
AMT,2026-09-04 19:45:00+00:00,176.18,176.19,175.985,175.985,28134.0,751.0,176.104669
AMT,2026-09-04 19:50:00+00:00,176.0,176.0,175.42,175.46,66002.0,1377.0,175.770913
AMT,2026-09-04 19:55:00+00:00,175.45,175.88,175.42,175.84,114612.0,3064.0,175.696576
AMT,2026-09-04 20:00:00+00:00,175.8,175.85,175.8,175.85,397103.0,114.0,175.849986
AMT,2026-09-04 20:15:00+00:00,175.98,175.98,175.85,175.86,1643.0,19.0,175.865972
AMT,2026-09-08 13:30:00+00:00,178.34,178.34,174.7775,175.165,42208.0,558.0,175.408669
AMT,2026-09-08 13:35:00+00:00,175.1301,175.59,174.64,174.64,8651.0,326.0,175.185143
AMT,2026-09-08 13:40:00+00:00,174.7743,175.97,174.225,175.8,10431.0,435.0,174.890291
AMT,2026-09-08 13:45:00+00:00,175.96,176.19,175.675,176.05,13122.0,389.0,175.911455
AMT,2026-09-08 13:50:00+00:00,176.08,176.8862,175.98,176.18,10266.0,410.0,176.431928
AMT,2026-09-08 13:55:00+00:00,176.315,177.0,176.13,176.755,11723.0,327.0,176.661815
AMT,2026-09-08 14:00:00+00:00,176.755,177.135,176.57,176.72,15636.0,439.0,176.927207
AMT,2026-09-08 14:05:00+00:00,176.5,176.92,176.5,176.815,9983.0,332.0,176.667296
AMT,2026-09-08 14:10:00+00:00,176.73,176.85,176.48,176.57,10214.0,394.0,176.63418
AMT,2026-09-08 14:15:00+00:00,176.8,177.2946,176.73,177.23,32839.0,564.0,177.176274
AMT,2026-09-08 14:20:00+00:00,177.14,177.47,177.05,177.44,18310.0,541.0,177.252838
AMT,2026-09-08 14:25:00+00:00,177.34,177.67,177.24,177.565,11063.0,397.0,177.437547
AMT,2026-09-08 14:30:00+00:00,177.735,178.06,177.555,177.95,12308.0,606.0,177.806987
AMT,2026-09-08 14:35:00+00:00,177.98,178.42,177.955,178.26,34891.0,871.0,178.132366
AMT,2026-09-08 14:40:00+00:00,178.27,178.73,178.27,178.73,15651.0,485.0,178.5042
AMT,2026-09-08 14:45:00+00:00,178.6701,178.909,178.49,178.625,27523.0,538.0,178.744877
AMT,2026-09-08 14:50:00+00:00,178.66,179.19,178.66,178.99,16338.0,518.0,178.943676
AMT,2026-09-08 14:55:00+00:00,178.9092,178.96,178.21,178.34,14226.0,550.0,178.57652
AMT,2026-09-08 15:00:00+00:00,178.43,178.43,177.845,177.9625,27688.0,553.0,178.06395
AMT,2026-09-08 15:05:00+00:00,177.94,178.3,177.86,177.97,13339.0,428.0,178.053775
AMT,2026-09-08 15:10:00+00:00,178.045,178.07,177.355,177.41,21259.0,518.0,177.832696
AMT,2026-09-08 15:15:00+00:00,177.38,177.7,177.37,177.545,14749.0,440.0,177.534939
AMT,2026-09-08 15:20:00+00:00,177.69,177.72,177.3,177.37,10497.0,362.0,177.473972
AMT,2026-09-08 15:25:00+00:00,177.47,177.66,177.44,177.565,7777.0,351.0,177.556837
AMT,2026-09-08 15:30:00+00:00,177.51,177.78,177.45,177.59,15442.0,531.0,177.617719
AMT,2026-09-08 15:35:00+00:00,177.6701,177.71,177.0,177.13,16089.0,533.0,177.405031
AMT,2026-09-08 15:40:00+00:00,177.13,177.71,177.095,177.54,11268.0,369.0,177.463453
AMT,2026-09-08 15:45:00+00:00,177.49,177.73,177.49,177.56,6693.0,235.0,177.602715
AMT,2026-09-08 15:50:00+00:00,177.6,177.66,177.35,177.42,9751.0,277.0,177.51343
AMT,2026-09-08 15:55:00+00:00,177.375,177.58,177.36,177.45,10421.0,345.0,177.457527
AMT,2026-09-08 16:00:00+00:00,177.55,177.58,177.17,177.42,11791.0,376.0,177.369106
AMT,2026-09-08 16:05:00+00:00,177.3207,177.81,177.3207,177.72,8677.0,336.0,177.480988
AMT,2026-09-08 16:10:00+00:00,177.68,177.75,177.63,177.74,7718.0,290.0,177.678666
AMT,2026-09-08 16:15:00+00:00,177.85,177.875,177.57,177.64,6194.0,228.0,177.749426
AMT,2026-09-08 16:20:00+00:00,177.57,178.05,177.54,178.05,6643.0,298.0,177.882774
AMT,2026-09-08 16:25:00+00:00,177.97,177.9852,177.77,177.77,12245.0,183.0,177.96917
AMT,2026-09-08 16:30:00+00:00,177.74,177.74,177.3,177.3,8461.0,288.0,177.473765
AMT,2026-09-08 16:35:00+00:00,177.3,177.69,177.23,177.68,9988.0,318.0,177.466178
AMT,2026-09-08 16:40:00+00:00,177.615,177.73,177.55,177.665,8631.0,275.0,177.618384
AMT,2026-09-08 16:45:00+00:00,177.71,177.84,177.61,177.64,7281.0,310.0,177.695087
AMT,2026-09-08 16:50:00+00:00,177.655,177.69,177.52,177.52,5335.0,230.0,177.610192
AMT,2026-09-08 16:55:00+00:00,177.55,177.68,177.55,177.655,7109.0,267.0,177.641081
AMT,2026-09-08 17:00:00+00:00,177.66,177.689,177.44,177.56,9174.0,280.0,177.545263
AMT,2026-09-08 17:05:00+00:00,177.56,177.575,177.18,177.32,9908.0,294.0,177.353719
AMT,2026-09-08 17:10:00+00:00,177.24,177.4,177.0401,177.05,7345.0,272.0,177.205888
AMT,2026-09-08 17:15:00+00:00,177.15,177.21,177.08,177.09,6723.0,215.0,177.160335
AMT,2026-09-08 17:20:00+00:00,177.11,177.155,177.065,177.08,5038.0,209.0,177.105667
AMT,2026-09-08 17:25:00+00:00,177.08,177.13,177.03,177.12,5702.0,222.0,177.087881
AMT,2026-09-08 17:30:00+00:00,177.12,177.12,176.98,176.98,7097.0,257.0,177.04134
AMT,2026-09-08 17:35:00+00:00,176.99,177.05,176.87,176.87,5901.0,245.0,176.970098
AMT,2026-09-08 17:40:00+00:00,176.85,176.878,176.56,176.59,17984.0,422.0,176.681598
AMT,2026-09-08 17:45:00+00:00,176.625,176.82,176.61,176.7878,9118.0,494.0,176.73155
AMT,2026-09-08 17:50:00+00:00,176.75,176.94,176.68,176.875,6999.0,292.0,176.866096
AMT,2026-09-08 17:55:00+00:00,176.93,176.93,176.74,176.79,12754.0,347.0,176.840134
AMT,2026-09-08 18:00:00+00:00,176.7301,177.18,176.7301,177.0,7281.0,302.0,176.986318
AMT,2026-09-08 18:05:00+00:00,176.97,177.26,176.97,177.26,8639.0,268.0,177.131898
AMT,2026-09-08 18:10:00+00:00,177.29,177.395,177.2548,177.39,7141.0,271.0,177.325782
AMT,2026-09-08 18:15:00+00:00,177.34,177.42,177.32,177.325,20488.0,271.0,177.333508
AMT,2026-09-08 18:20:00+00:00,177.34,177.375,177.26,177.3,9119.0,291.0,177.336378
AMT,2026-09-08 18:25:00+00:00,177.29,177.29,177.075,177.13,8437.0,318.0,177.176899
AMT,2026-09-08 18:30:00+00:00,177.005,177.33,177.005,177.27,8517.0,305.0,177.206406
AMT,2026-09-08 18:35:00+00:00,177.13,177.13,176.15,176.83,33229.0,796.0,176.43957
AMT,2026-09-08 18:40:00+00:00,176.73,176.755,176.2,176.36,13952.0,340.0,176.476513
AMT,2026-09-08 18:45:00+00:00,176.36,176.36,175.51,175.59,17680.0,416.0,175.90641
AMT,2026-09-08 18:50:00+00:00,175.74,176.23,175.65,176.205,24187.0,495.0,175.868481
AMT,2026-09-08 18:55:00+00:00,176.205,176.205,175.91,175.98,9023.0,273.0,176.088254
AMT,2026-09-08 19:00:00+00:00,176.065,176.065,175.78,175.885,15480.0,361.0,175.907821
AMT,2026-09-08 19:05:00+00:00,175.93,176.31,175.83,176.2682,19187.0,399.0,176.007399
AMT,2026-09-08 19:10:00+00:00,176.2197,176.52,176.2197,176.27,14465.0,401.0,176.380432
AMT,2026-09-08 19:15:00+00:00,176.3,176.37,176.05,176.055,16948.0,465.0,176.194123
AMT,2026-09-08 19:20:00+00:00,176.05,176.06,175.77,176.01,18317.0,468.0,175.959894
AMT,2026-09-08 19:25:00+00:00,175.97,176.06,175.9401,176.045,17193.0,495.0,175.997243
AMT,2026-09-08 19:30:00+00:00,176.045,176.52,176.045,176.455,42433.0,958.0,176.277754
AMT,2026-09-08 19:35:00+00:00,176.455,176.54,176.34,176.35,34112.0,751.0,176.434323
AMT,2026-09-08 19:40:00+00:00,176.35,176.49,176.265,176.44,20740.0,677.0,176.397005
AMT,2026-09-08 19:45:00+00:00,176.44,176.44,176.165,176.26,22921.0,677.0,176.328092
AMT,2026-09-08 19:50:00+00:00,176.275,176.275,175.945,176.105,29919.0,908.0,176.114728
AMT,2026-09-08 19:55:00+00:00,176.04,176.22,175.7,175.76,123009.0,2921.0,175.916256
AMT,2026-09-08 20:00:00+00:00,175.73,175.9015,175.73,175.9015,663044.0,143.0,175.730223
AMT,2026-09-08 20:05:00+00:00,175.73,175.73,175.73,175.73,27572.0,1.0,175.73
AMT,2026-09-09 11:35:00+00:00,175.75,175.75,175.75,175.75,101.0,2.0,175.75
AMT,2026-09-09 12:55:00+00:00,175.81,175.81,175.79,175.79,301.0,5.0,175.8
AMT,2026-09-09 13:30:00+00:00,175.48,176.045,175.1,175.51,31096.0,423.0,175.397005
AMT,2026-09-09 13:35:00+00:00,175.515,175.82,175.15,175.18,5170.0,211.0,175.522405
AMT,2026-09-09 13:40:00+00:00,175.4114,175.98,175.01,175.9,30270.0,542.0,175.661688
AMT,2026-09-09 13:45:00+00:00,175.9,176.35,175.56,176.08,15272.0,299.0,176.006972
AMT,2026-09-09 13:50:00+00:00,176.32,176.44,175.92,176.395,9666.0,333.0,176.2675
AMT,2026-09-09 13:55:00+00:00,176.395,176.45,175.8,175.94,19693.0,308.0,176.00688
AMT,2026-09-09 14:00:00+00:00,176.01,176.285,175.76,175.76,20282.0,325.0,175.974999
AMT,2026-09-09 14:05:00+00:00,175.775,175.78,175.16,175.16,14996.0,513.0,175.629704
AMT,2026-09-09 14:10:00+00:00,175.14,175.485,175.14,175.445,8856.0,384.0,175.386168
AMT,2026-09-09 14:15:00+00:00,175.445,175.54,175.25,175.335,16844.0,470.0,175.397754
AMT,2026-09-09 14:20:00+00:00,175.26,175.485,175.17,175.31,13717.0,428.0,175.326262
AMT,2026-09-09 14:25:00+00:00,175.28,175.28,175.07,175.07,11886.0,418.0,175.145145
AMT,2026-09-09 14:30:00+00:00,175.13,175.42,174.885,174.885,17755.0,563.0,175.184036
AMT,2026-09-09 14:35:00+00:00,174.905,175.235,174.905,175.235,8608.0,343.0,175.07232
AMT,2026-09-09 14:40:00+00:00,175.17,175.375,175.06,175.285,9802.0,338.0,175.232681
AMT,2026-09-09 14:45:00+00:00,175.28,175.48,175.06,175.25,10103.0,368.0,175.265273
AMT,2026-09-09 14:50:00+00:00,175.26,175.53,175.26,175.46,12253.0,389.0,175.401153
AMT,2026-09-09 14:55:00+00:00,175.47,175.77,175.44,175.755,22121.0,556.0,175.65196
AMT,2026-09-09 15:00:00+00:00,175.885,176.055,175.63,175.69,11770.0,421.0,175.894822
AMT,2026-09-09 15:05:00+00:00,175.63,175.65,174.9,174.95,16736.0,529.0,175.227138
AMT,2026-09-09 15:10:00+00:00,174.945,174.9695,174.75,174.75,10759.0,361.0,174.900457
AMT,2026-09-09 15:15:00+00:00,174.83,174.91,174.605,174.91,14581.0,475.0,174.771228
AMT,2026-09-09 15:20:00+00:00,174.81,174.98,174.6044,174.885,12646.0,393.0,174.817203
AMT,2026-09-09 15:25:00+00:00,174.905,174.9055,174.745,174.745,10358.0,273.0,174.824866
AMT,2026-09-09 15:30:00+00:00,174.745,174.83,174.61,174.755,13580.0,411.0,174.725302
AMT,2026-09-09 15:35:00+00:00,174.745,174.77,174.65,174.77,16173.0,391.0,174.702304
AMT,2026-09-09 15:40:00+00:00,174.84,175.2099,174.76,175.05,11689.0,375.0,174.967163
AMT,2026-09-09 15:45:00+00:00,175.06,175.06,174.63,174.68,9305.0,308.0,174.902529
AMT,2026-09-09 15:50:00+00:00,174.72,175.02,174.72,174.88,8656.0,310.0,174.877648
AMT,2026-09-09 15:55:00+00:00,174.92,174.98,174.84,174.84,8707.0,317.0,174.901218
AMT,2026-09-09 16:00:00+00:00,174.905,175.035,174.83,174.99,9472.0,342.0,174.977018
AMT,2026-09-09 16:05:00+00:00,175.015,175.15,174.925,174.925,17790.0,438.0,175.086202
AMT,2026-09-09 16:10:00+00:00,174.925,175.055,174.75,175.055,11412.0,348.0,174.894489
AMT,2026-09-09 16:15:00+00:00,175.055,175.055,174.75,174.75,13754.0,403.0,174.938677
AMT,2026-09-09 16:20:00+00:00,174.81,174.96,174.6201,174.96,9789.0,325.0,174.753222
AMT,2026-09-09 16:25:00+00:00,174.945,175.055,174.87,174.94,7521.0,285.0,174.956726
AMT,2026-09-09 16:30:00+00:00,175.0,175.155,174.99,175.155,8559.0,293.0,175.074685
AMT,2026-09-09 16:35:00+00:00,175.07,175.12,175.0,175.06,6237.0,269.0,175.055522
AMT,2026-09-09 16:40:00+00:00,175.1,175.11,174.985,175.05,8026.0,267.0,175.036556
AMT,2026-09-09 16:45:00+00:00,175.1,175.1,174.985,175.09,10926.0,275.0,175.043099
AMT,2026-09-09 16:50:00+00:00,175.085,175.135,174.96,174.96,7259.0,266.0,175.063399
AMT,2026-09-09 16:55:00+00:00,174.96,175.13,174.93,175.06,13898.0,349.0,175.066133
AMT,2026-09-09 17:00:00+00:00,175.04,175.25,175.04,175.2201,6774.0,268.0,175.176426
AMT,2026-09-09 17:05:00+00:00,175.35,175.535,175.315,175.46,11137.0,328.0,175.444282
AMT,2026-09-09 17:10:00+00:00,175.47,175.575,175.42,175.48,8153.0,260.0,175.505727
AMT,2026-09-09 17:15:00+00:00,175.44,175.57,175.395,175.47,7063.0,194.0,175.435663
AMT,2026-09-09 17:20:00+00:00,175.465,175.645,175.435,175.57,9396.0,263.0,175.531948
AMT,2026-09-09 17:25:00+00:00,175.5401,175.585,175.41,175.52,13913.0,318.0,175.507192
AMT,2026-09-09 17:30:00+00:00,175.52,175.71,175.44,175.44,21929.0,524.0,175.554599
AMT,2026-09-09 17:35:00+00:00,175.52,175.65,175.44,175.44,11707.0,346.0,175.541956
AMT,2026-09-09 17:40:00+00:00,175.5499,175.5499,175.43,175.455,8388.0,290.0,175.472121
AMT,2026-09-09 17:45:00+00:00,175.455,175.545,175.39,175.39,8122.0,295.0,175.473691
AMT,2026-09-09 17:50:00+00:00,175.395,175.62,175.395,175.54,6444.0,275.0,175.534617
AMT,2026-09-09 17:55:00+00:00,175.62,175.76,175.49,175.67,6187.0,248.0,175.65259
AMT,2026-09-09 18:00:00+00:00,175.74,175.765,175.56,175.67,17376.0,272.0,175.701347
AMT,2026-09-09 18:05:00+00:00,175.77,175.79,175.56,175.6,9016.0,285.0,175.675867
AMT,2026-09-09 18:10:00+00:00,175.6,175.6,175.35,175.35,13490.0,391.0,175.433402
AMT,2026-09-09 18:15:00+00:00,175.23,175.4295,175.23,175.39,7428.0,226.0,175.282206
AMT,2026-09-09 18:20:00+00:00,175.39,175.45,175.36,175.37,12231.0,310.0,175.403354
AMT,2026-09-09 18:25:00+00:00,175.36,175.39,175.28,175.37,9347.0,263.0,175.350812
AMT,2026-09-09 18:30:00+00:00,175.3202,175.46,175.28,175.4,14307.0,443.0,175.355886
AMT,2026-09-09 18:35:00+00:00,175.4,175.54,175.31,175.475,7836.0,268.0,175.431721
AMT,2026-09-09 18:40:00+00:00,175.475,175.58,175.475,175.5175,6529.0,262.0,175.54968
AMT,2026-09-09 18:45:00+00:00,175.59,175.62,175.45,175.61,22361.0,524.0,175.524181
AMT,2026-09-09 18:50:00+00:00,175.6,175.685,175.52,175.57,11275.0,383.0,175.605669
AMT,2026-09-09 18:55:00+00:00,175.53,175.6,175.46,175.6,8278.0,326.0,175.546604
AMT,2026-09-09 19:00:00+00:00,175.63,175.82,175.63,175.755,14362.0,462.0,175.76196
AMT,2026-09-09 19:05:00+00:00,175.75,175.84,175.56,175.56,14421.0,532.0,175.658258
AMT,2026-09-09 19:10:00+00:00,175.76,175.81,175.7,175.71,11211.0,455.0,175.745501
AMT,2026-09-09 19:15:00+00:00,175.74,175.77,175.39,175.46,37940.0,683.0,175.606905
AMT,2026-09-09 19:20:00+00:00,175.48,175.8,175.48,175.63,25339.0,720.0,175.697606
AMT,2026-09-09 19:25:00+00:00,175.64,175.69,175.46,175.495,16466.0,518.0,175.574844
AMT,2026-09-09 19:30:00+00:00,175.5,175.72,175.41,175.48,24611.0,878.0,175.565642
AMT,2026-09-09 19:35:00+00:00,175.48,175.48,174.93,175.065,28933.0,841.0,175.218091
AMT,2026-09-09 19:40:00+00:00,175.03,175.4,175.01,175.18,25779.0,791.0,175.229405
AMT,2026-09-09 19:45:00+00:00,175.28,175.44,175.23,175.36,27361.0,856.0,175.305666
AMT,2026-09-09 19:50:00+00:00,175.39,175.63,175.22,175.61,44747.0,1367.0,175.384448
AMT,2026-09-09 19:55:00+00:00,175.67,175.84,175.45,175.53,157055.0,3583.0,175.586828
AMT,2026-09-09 20:00:00+00:00,175.43,175.43,175.43,175.43,577295.0,93.0,175.43
AMT,2026-09-09 20:15:00+00:00,175.51,175.51,175.51,175.51,200.0,3.0,175.51
AMT,2026-09-09 22:35:00+00:00,175.4,175.5771,175.306,175.5771,1200.0,7.0,175.529345
AMT,2026-09-09 22:40:00+00:00,175.55,175.5725,175.2,175.2,1976.0,52.0,175.457516
AMT,2026-09-10 11:00:00+00:00,175.0,175.0,175.0,175.0,626.0,18.0,175.0
AMT,2026-09-10 13:05:00+00:00,175.0,175.0,175.0,175.0,100.0,1.0,175.0
AMT,2026-09-10 13:15:00+00:00,174.61,174.61,174.61,174.61,100.0,1.0,174.61
AMT,2026-09-10 13:30:00+00:00,174.95,176.845,174.7,174.7,53932.0,642.0,175.862501
AMT,2026-09-10 13:35:00+00:00,174.7,175.02,173.64,174.33,33777.0,768.0,174.228681
AMT,2026-09-10 13:40:00+00:00,174.2311,174.855,174.165,174.305,24546.0,524.0,174.470517
AMT,2026-09-10 13:45:00+00:00,174.295,175.05,174.065,174.9,23297.0,535.0,174.566114
AMT,2026-09-10 13:50:00+00:00,174.8725,174.8725,174.24,174.42,33765.0,489.0,174.427677
AMT,2026-09-10 13:55:00+00:00,174.31,174.41,173.65,174.025,35395.0,624.0,174.112165
AMT,2026-09-10 14:00:00+00:00,174.01,174.4921,173.59,174.07,25014.0,556.0,173.871715
AMT,2026-09-10 14:05:00+00:00,174.235,174.34,173.875,174.005,26959.0,607.0,174.091147
AMT,2026-09-10 14:10:00+00:00,174.13,174.41,173.67,173.73,20033.0,507.0,174.084721
AMT,2026-09-10 14:15:00+00:00,173.83,174.6852,173.73,174.32,21960.0,490.0,174.255575
AMT,2026-09-10 14:20:00+00:00,174.28,175.195,174.28,175.18,32861.0,509.0,174.695843
AMT,2026-09-10 14:25:00+00:00,175.18,175.23,174.705,174.99,19638.0,496.0,174.980509
AMT,2026-09-10 14:30:00+00:00,174.81,174.95,174.15,174.47,18717.0,511.0,174.500489
AMT,2026-09-10 14:35:00+00:00,174.36,174.86,174.35,174.405,17208.0,479.0,174.668795
AMT,2026-09-10 14:40:00+00:00,174.455,174.58,174.24,174.24,15373.0,383.0,174.41666
AMT,2026-09-10 14:45:00+00:00,174.24,174.3,173.59,173.97,26520.0,521.0,173.846028
AMT,2026-09-10 14:50:00+00:00,174.065,174.065,173.435,173.55,27015.0,540.0,173.794006
AMT,2026-09-10 14:55:00+00:00,173.46,173.75,173.325,173.385,27604.0,577.0,173.575172
AMT,2026-09-10 15:00:00+00:00,173.46,173.7,173.35,173.45,35962.0,681.0,173.501321
AMT,2026-09-10 15:05:00+00:00,173.49,173.9,173.285,173.835,21076.0,551.0,173.546227
AMT,2026-09-10 15:10:00+00:00,173.76,173.83,173.245,173.39,22987.0,583.0,173.582992
AMT,2026-09-10 15:15:00+00:00,173.43,173.56,173.16,173.2978,14650.0,460.0,173.400148
AMT,2026-09-10 15:20:00+00:00,173.26,173.32,172.725,173.01,15375.0,526.0,172.987527
AMT,2026-09-10 15:25:00+00:00,173.14,173.28,173.09,173.17,13981.0,372.0,173.15416
AMT,2026-09-10 15:30:00+00:00,173.1414,173.21,173.03,173.08,15648.0,356.0,173.13685
AMT,2026-09-10 15:35:00+00:00,173.1,173.18,172.72,172.86,13506.0,410.0,172.960607
AMT,2026-09-10 15:40:00+00:00,172.89,173.03,172.8,172.86,14575.0,414.0,172.927741
AMT,2026-09-10 15:45:00+00:00,172.88,173.0,172.565,172.5908,15679.0,434.0,172.751817
AMT,2026-09-10 15:50:00+00:00,172.63,172.96,172.63,172.75,14232.0,396.0,172.771336
AMT,2026-09-10 15:55:00+00:00,172.79,173.08,172.79,172.93,15141.0,361.0,173.006028
AMT,2026-09-10 16:00:00+00:00,173.02,173.15,172.89,173.0,16980.0,429.0,173.025552
AMT,2026-09-10 16:05:00+00:00,173.05,173.05,172.81,172.94,16261.0,405.0,172.914311
AMT,2026-09-10 16:10:00+00:00,172.86,173.07,172.66,172.665,24025.0,468.0,172.840016
AMT,2026-09-10 16:15:00+00:00,172.68,172.86,172.53,172.81,13566.0,388.0,172.731082
AMT,2026-09-10 16:20:00+00:00,172.78,173.17,172.78,173.1699,19042.0,518.0,173.022998
AMT,2026-09-10 16:25:00+00:00,173.13,173.38,173.04,173.34,19079.0,443.0,173.201869
AMT,2026-09-10 16:30:00+00:00,173.34,173.37,173.225,173.33,17260.0,408.0,173.322502
AMT,2026-09-10 16:35:00+00:00,173.3296,173.39,173.165,173.275,13081.0,335.0,173.288303
AMT,2026-09-10 16:40:00+00:00,173.275,173.275,173.065,173.075,16877.0,406.0,173.180978
AMT,2026-09-10 16:45:00+00:00,173.02,173.2,172.9601,173.19,22357.0,467.0,173.069676
AMT,2026-09-10 16:50:00+00:00,173.215,173.29,173.09,173.145,13851.0,257.0,173.230453
AMT,2026-09-10 16:55:00+00:00,173.21,173.26,173.02,173.02,11942.0,325.0,173.143467
AMT,2026-09-10 17:00:00+00:00,173.06,173.145,172.95,172.95,10935.0,324.0,173.068581
AMT,2026-09-10 17:05:00+00:00,173.0,173.08,172.79,173.07,22621.0,363.0,173.006766
AMT,2026-09-10 17:10:00+00:00,173.07,173.17,172.98,173.08,10395.0,273.0,173.08134
AMT,2026-09-10 17:15:00+00:00,173.02,173.1,172.78,172.83,18413.0,509.0,172.97033
AMT,2026-09-10 17:20:00+00:00,172.75,172.84,172.6,172.63,15097.0,303.0,172.722865
AMT,2026-09-10 17:25:00+00:00,172.72,172.84,172.61,172.77,22977.0,484.0,172.759006
AMT,2026-09-10 17:30:00+00:00,172.76,172.93,172.58,172.86,11327.0,366.0,172.819753
AMT,2026-09-10 17:35:00+00:00,172.86,172.96,172.64,172.64,10254.0,364.0,172.831297
AMT,2026-09-10 17:40:00+00:00,172.6425,172.75,172.51,172.53,13384.0,386.0,172.638226
AMT,2026-09-10 17:45:00+00:00,172.53,172.75,172.51,172.75,11055.0,368.0,172.650472
AMT,2026-09-10 17:50:00+00:00,172.74,172.9,172.655,172.655,14214.0,374.0,172.810401
AMT,2026-09-10 17:55:00+00:00,172.72,172.82,172.67,172.745,9369.0,287.0,172.754401
AMT,2026-09-10 18:00:00+00:00,172.745,172.87,172.4562,172.4562,23595.0,392.0,172.627728
AMT,2026-09-10 18:05:00+00:00,172.54,172.57,172.44,172.48,10147.0,316.0,172.498893
AMT,2026-09-10 18:10:00+00:00,172.515,172.57,172.36,172.545,16633.0,402.0,172.460703
AMT,2026-09-10 18:15:00+00:00,172.52,172.57,172.36,172.37,17798.0,433.0,172.47503
AMT,2026-09-10 18:20:00+00:00,172.37,172.45,172.27,172.39,13104.0,346.0,172.359918
AMT,2026-09-10 18:25:00+00:00,172.33,172.62,172.325,172.37,28399.0,613.0,172.433426
AMT,2026-09-10 18:30:00+00:00,172.355,172.49,172.34,172.37,20452.0,440.0,172.407666
AMT,2026-09-10 18:35:00+00:00,172.37,172.4,171.75,171.76,26526.0,592.0,171.962208
AMT,2026-09-10 18:40:00+00:00,171.85,172.27,171.82,172.09,16642.0,441.0,172.06997
AMT,2026-09-10 18:45:00+00:00,172.15,172.35,171.99,172.35,17813.0,440.0,172.140287
AMT,2026-09-10 18:50:00+00:00,172.35,172.41,172.15,172.285,20171.0,509.0,172.302291
AMT,2026-09-10 18:55:00+00:00,172.29,172.47,172.22,172.405,25405.0,514.0,172.356334
AMT,2026-09-10 19:00:00+00:00,172.45,172.6,172.38,172.565,17589.0,479.0,172.510259
AMT,2026-09-10 19:05:00+00:00,172.6,172.82,172.53,172.78,26181.0,565.0,172.716629
AMT,2026-09-10 19:10:00+00:00,172.78,172.81,172.52,172.685,18413.0,501.0,172.709871
AMT,2026-09-10 19:15:00+00:00,172.685,172.685,172.1597,172.27,36601.0,774.0,172.372335
AMT,2026-09-10 19:20:00+00:00,172.28,172.38,172.135,172.26,27204.0,624.0,172.262896
AMT,2026-09-10 19:25:00+00:00,172.29,172.43,172.2,172.405,24865.0,585.0,172.335828
AMT,2026-09-10 19:30:00+00:00,172.34,172.6,172.31,172.475,31368.0,737.0,172.436007
AMT,2026-09-10 19:35:00+00:00,172.475,172.79,172.44,172.58,33058.0,761.0,172.574493
AMT,2026-09-10 19:40:00+00:00,172.6,172.68,172.44,172.52,34151.0,782.0,172.590463
AMT,2026-09-10 19:45:00+00:00,172.58,172.67,172.34,172.67,41168.0,965.0,172.497431
AMT,2026-09-10 19:50:00+00:00,172.71,172.83,172.48,172.75,65196.0,1360.0,172.655675
AMT,2026-09-10 19:55:00+00:00,172.71,173.05,172.51,172.98,144692.0,3039.0,172.755631
AMT,2026-09-10 20:00:00+00:00,172.98,172.98,172.98,172.98,406893.0,87.0,172.98
AMT,2026-09-10 21:00:00+00:00,172.98,172.98,172.98,172.98,504.0,1.0,172.98
AMT,2026-09-10 22:15:00+00:00,175.0331,175.0331,175.0331,175.0331,199.0,1.0,175.0331
AMT,2026-09-10 22:20:00+00:00,175.9748,175.9748,175.9748,175.9748,132.0,5.0,175.9748
AMT,2026-09-10 23:25:00+00:00,172.5,172.5,172.5,172.5,400.0,1.0,172.5
AMT,2026-09-11 11:10:00+00:00,173.47,173.47,173.47,173.47,242.0,14.0,173.47
AMT,2026-09-11 12:25:00+00:00,174.31,174.31,174.31,174.31,101.0,2.0,174.31
AMT,2026-09-11 13:30:00+00:00,174.59,176.21,174.3401,175.36,31430.0,356.0,174.833414
AMT,2026-09-11 13:35:00+00:00,175.35,176.725,175.1,176.63,33588.0,698.0,175.891074
AMT,2026-09-11 13:40:00+00:00,176.5477,176.745,176.24,176.67,10183.0,256.0,176.556193
AMT,2026-09-11 13:45:00+00:00,176.545,177.185,176.545,176.895,18979.0,463.0,176.888508
AMT,2026-09-11 13:50:00+00:00,176.98,177.65,176.915,177.395,14118.0,478.0,177.233277
AMT,2026-09-11 13:55:00+00:00,177.63,177.63,176.87,177.25,10754.0,301.0,177.042985
AMT,2026-09-11 14:00:00+00:00,177.325,177.325,176.485,176.98,15185.0,390.0,176.755398
AMT,2026-09-11 14:05:00+00:00,176.84,177.26,176.84,177.07,13547.0,442.0,177.060013
AMT,2026-09-11 14:10:00+00:00,177.1,177.575,176.7201,177.4,15863.0,482.0,177.019482
AMT,2026-09-11 14:15:00+00:00,177.4,178.0,177.4,178.0,12618.0,410.0,177.595375
AMT,2026-09-11 14:20:00+00:00,178.035,178.035,177.645,177.67,11057.0,341.0,177.835017
AMT,2026-09-11 14:25:00+00:00,177.71,177.9,177.4181,177.86,31002.0,531.0,177.56706
AMT,2026-09-11 14:30:00+00:00,177.895,178.1,177.8,178.07,11994.0,568.0,177.938741
AMT,2026-09-11 14:35:00+00:00,177.9,177.93,177.65,177.7551,13322.0,392.0,177.813196
AMT,2026-09-11 14:40:00+00:00,177.71,177.93,177.47,177.89,12758.0,406.0,177.697672
AMT,2026-09-11 14:45:00+00:00,177.9,178.075,177.8901,177.98,16181.0,442.0,177.98086
AMT,2026-09-11 14:50:00+00:00,177.89,178.045,177.73,177.73,9456.0,321.0,177.854187
AMT,2026-09-11 14:55:00+00:00,177.7,177.79,177.64,177.68,14118.0,311.0,177.721991
AMT,2026-09-11 15:00:00+00:00,177.6,177.72,177.4508,177.62,13823.0,418.0,177.600208
AMT,2026-09-11 15:05:00+00:00,177.76,178.15,177.72,178.12,16398.0,471.0,177.931654
AMT,2026-09-11 15:10:00+00:00,177.99,178.1,177.91,177.98,10138.0,326.0,178.000988
AMT,2026-09-11 15:15:00+00:00,178.09,178.09,177.87,177.945,9646.0,336.0,177.940765
AMT,2026-09-11 15:20:00+00:00,177.965,178.02,177.741,177.99,12239.0,350.0,177.940093
AMT,2026-09-11 15:25:00+00:00,178.05,178.2,177.99,178.2,13895.0,378.0,178.116054
AMT,2026-09-11 15:30:00+00:00,178.165,178.35,178.1,178.285,15910.0,441.0,178.232645
AMT,2026-09-11 15:35:00+00:00,178.33,178.335,178.25,178.29,9991.0,306.0,178.297926
AMT,2026-09-11 15:40:00+00:00,178.3,178.52,178.232,178.44,10975.0,354.0,178.387784
AMT,2026-09-11 15:45:00+00:00,178.41,178.43,178.285,178.335,11227.0,350.0,178.349764
AMT,2026-09-11 15:50:00+00:00,178.34,178.34,177.83,177.83,20559.0,371.0,178.078569
AMT,2026-09-11 15:55:00+00:00,177.825,178.015,177.64,177.83,25324.0,410.0,177.802121
AMT,2026-09-11 16:00:00+00:00,177.82,178.11,177.82,178.0144,10435.0,296.0,177.966803
AMT,2026-09-11 16:05:00+00:00,178.015,178.1,177.87,177.955,10657.0,290.0,177.991627
AMT,2026-09-11 16:10:00+00:00,177.96,177.99,177.74,177.79,8614.0,308.0,177.864122
AMT,2026-09-11 16:15:00+00:00,177.841,177.9,177.78,177.82,9051.0,290.0,177.84966
AMT,2026-09-11 16:20:00+00:00,177.865,177.865,177.51,177.65,11228.0,365.0,177.659537
AMT,2026-09-11 16:25:00+00:00,177.65,177.7699,177.5901,177.68,9678.0,273.0,177.698094
AMT,2026-09-11 16:30:00+00:00,177.68,177.88,177.68,177.8686,7827.0,321.0,177.771779
AMT,2026-09-11 16:35:00+00:00,177.88,177.88,177.68,177.73,8249.0,287.0,177.790104
AMT,2026-09-11 16:40:00+00:00,177.725,177.73,177.6,177.65,9522.0,301.0,177.656438
AMT,2026-09-11 16:45:00+00:00,177.62,177.89,177.62,177.89,9072.0,348.0,177.753209
AMT,2026-09-11 16:50:00+00:00,177.95,177.98,177.81,177.85,8348.0,360.0,177.902949
AMT,2026-09-11 16:55:00+00:00,177.94,178.14,177.94,178.085,9484.0,385.0,178.017256
AMT,2026-09-11 17:00:00+00:00,178.11,178.22,178.1,178.145,11078.0,316.0,178.159642
AMT,2026-09-11 17:05:00+00:00,178.1301,178.165,178.0,178.075,10246.0,343.0,178.074857
AMT,2026-09-11 17:10:00+00:00,178.02,178.12,177.955,178.02,6162.0,320.0,178.047178
AMT,2026-09-11 17:15:00+00:00,178.1,178.145,178.01,178.09,9377.0,335.0,178.060678
AMT,2026-09-11 17:20:00+00:00,178.09,178.27,178.04,178.2309,8035.0,325.0,178.179309
AMT,2026-09-11 17:25:00+00:00,178.28,178.37,178.26,178.31,10438.0,374.0,178.310481
AMT,2026-09-11 17:30:00+00:00,178.295,178.53,178.17,178.47,18971.0,458.0,178.260299
AMT,2026-09-11 17:35:00+00:00,178.475,178.475,178.235,178.235,22083.0,440.0,178.363192
AMT,2026-09-11 17:40:00+00:00,178.25,178.54,178.2,178.54,20692.0,453.0,178.316664
AMT,2026-09-11 17:45:00+00:00,178.445,178.52,178.26,178.265,12493.0,349.0,178.38025
AMT,2026-09-11 17:50:00+00:00,178.22,178.36,178.22,178.25,7635.0,270.0,178.30559
AMT,2026-09-11 17:55:00+00:00,178.34,178.34,178.195,178.195,6714.0,323.0,178.266174
AMT,2026-09-11 18:00:00+00:00,178.195,178.5,178.13,178.13,24316.0,401.0,178.387106
AMT,2026-09-11 18:05:00+00:00,178.15,178.22,178.02,178.07,9148.0,321.0,178.137258
AMT,2026-09-11 18:10:00+00:00,178.05,178.12,177.975,178.1,10850.0,357.0,178.032025
AMT,2026-09-11 18:15:00+00:00,178.11,178.13,177.95,178.06,19229.0,433.0,178.038109
AMT,2026-09-11 18:20:00+00:00,178.05,178.05,177.87,177.895,18715.0,512.0,177.96288
AMT,2026-09-11 18:25:00+00:00,177.97,178.05,177.8075,178.0,14400.0,500.0,177.915463
AMT,2026-09-11 18:30:00+00:00,177.985,178.25,177.9,178.14,30163.0,578.0,178.016303
AMT,2026-09-11 18:35:00+00:00,178.0,178.09,177.85,178.0404,13288.0,351.0,177.977589
AMT,2026-09-11 18:40:00+00:00,178.07,178.2,177.825,177.825,25416.0,600.0,178.07063
AMT,2026-09-11 18:45:00+00:00,177.805,178.02,177.805,177.94,12224.0,471.0,177.893134
AMT,2026-09-11 18:50:00+00:00,177.94,178.02,177.8,177.8101,12266.0,386.0,177.942451
AMT,2026-09-11 18:55:00+00:00,178.02,178.09,177.87,178.05,22037.0,633.0,178.014899
AMT,2026-09-11 19:00:00+00:00,178.09,178.09,177.88,178.06,18021.0,468.0,178.017986
AMT,2026-09-11 19:05:00+00:00,178.13,178.18,178.03,178.135,14414.0,411.0,178.110985
AMT,2026-09-11 19:10:00+00:00,178.14,178.17,177.91,177.91,21118.0,502.0,178.081303
AMT,2026-09-11 19:15:00+00:00,177.905,177.94,177.73,177.78,14420.0,403.0,177.841428
AMT,2026-09-11 19:20:00+00:00,177.78,178.03,177.62,177.845,18464.0,548.0,177.806264
AMT,2026-09-11 19:25:00+00:00,177.8,177.9,177.7066,177.82,16993.0,543.0,177.81061
AMT,2026-09-11 19:30:00+00:00,177.84,178.05,177.8,177.8825,36280.0,855.0,177.958347
AMT,2026-09-11 19:35:00+00:00,177.875,178.18,177.875,178.085,24744.0,680.0,178.047044
AMT,2026-09-11 19:40:00+00:00,178.085,178.19,177.94,178.11,29778.0,792.0,178.073432
AMT,2026-09-11 19:45:00+00:00,178.135,178.46,178.1,178.19,47871.0,1041.0,178.256856
AMT,2026-09-11 19:50:00+00:00,178.21,178.275,178.03,178.15,47108.0,1141.0,178.15433
AMT,2026-09-11 19:55:00+00:00,178.18,178.52,177.84,177.9,155174.0,3565.0,178.216243
AMT,2026-09-11 20:00:00+00:00,177.85,177.85,177.85,177.85,454894.0,114.0,177.85
AMT,2026-09-11 20:10:00+00:00,177.85,177.85,177.85,177.85,2879.0,9.0,177.85
AMT,2026-09-14 08:00:00+00:00,176.8,176.8,176.8,176.8,102.0,2.0,176.8
AMT,2026-09-14 11:00:00+00:00,178.82,178.82,178.82,178.82,135.0,4.0,178.82
AMT,2026-09-14 11:15:00+00:00,178.77,178.77,178.77,178.77,829.0,12.0,178.77
AMT,2026-09-14 11:30:00+00:00,178.77,178.77,178.77,178.77,300.0,1.0,178.77
AMT,2026-09-14 12:20:00+00:00,178.27,178.27,178.27,178.27,101.0,2.0,178.27
AMT,2026-09-14 12:45:00+00:00,178.73,178.73,178.73,178.73,302.0,3.0,178.73
AMT,2026-09-14 13:15:00+00:00,178.73,178.73,178.72,178.72,500.0,8.0,178.72705
AMT,2026-09-14 13:20:00+00:00,178.77,178.77,178.77,178.77,300.0,1.0,178.77
AMT,2026-09-14 13:30:00+00:00,179.13,179.47,177.01,177.72,37554.0,618.0,178.759315
AMT,2026-09-14 13:35:00+00:00,177.73,177.73,176.7,177.11,12563.0,286.0,177.221747
AMT,2026-09-14 13:40:00+00:00,177.395,177.455,176.57,177.05,13184.0,316.0,177.026658
AMT,2026-09-14 13:45:00+00:00,176.89,177.075,176.335,176.41,14954.0,279.0,176.61999
AMT,2026-09-14 13:50:00+00:00,176.47,176.67,175.49,175.705,18611.0,546.0,176.07718
AMT,2026-09-14 13:55:00+00:00,175.57,175.57,175.0,175.52,24094.0,505.0,175.307338
AMT,2026-09-14 14:00:00+00:00,175.32,175.58,175.0,175.275,22149.0,577.0,175.313181
AMT,2026-09-14 14:05:00+00:00,175.47,175.62,175.06,175.4579,22989.0,551.0,175.34612
AMT,2026-09-14 14:10:00+00:00,175.51,175.67,175.24,175.4,21106.0,525.0,175.454961
AMT,2026-09-14 14:15:00+00:00,175.39,175.82,175.33,175.815,22136.0,391.0,175.616317
AMT,2026-09-14 14:20:00+00:00,175.82,175.86,175.51,175.51,14830.0,401.0,175.742906
AMT,2026-09-14 14:25:00+00:00,175.54,175.6325,175.01,175.23,9116.0,373.0,175.345571
AMT,2026-09-14 14:30:00+00:00,175.23,175.36,174.92,175.01,12586.0,400.0,175.12809
AMT,2026-09-14 14:35:00+00:00,175.17,175.245,174.85,175.23,9374.0,306.0,175.112361
AMT,2026-09-14 14:40:00+00:00,175.26,175.47,175.05,175.23,10208.0,335.0,175.304173
AMT,2026-09-14 14:45:00+00:00,175.24,175.735,175.14,175.575,12384.0,402.0,175.449025
AMT,2026-09-14 14:50:00+00:00,175.45,175.76,175.31,175.61,13442.0,416.0,175.49676
AMT,2026-09-14 14:55:00+00:00,175.635,175.635,175.41,175.58,19299.0,487.0,175.514702
AMT,2026-09-14 15:00:00+00:00,175.48,176.0,175.47,175.97,25703.0,686.0,175.829297
AMT,2026-09-14 15:05:00+00:00,175.97,176.77,175.97,176.53,14673.0,479.0,176.398113
AMT,2026-09-14 15:10:00+00:00,176.59,176.8,176.475,176.62,13078.0,450.0,176.653122
AMT,2026-09-14 15:15:00+00:00,176.58,176.67,176.385,176.6452,10419.0,338.0,176.556151
AMT,2026-09-14 15:20:00+00:00,176.62,176.9,176.59,176.71,9017.0,320.0,176.723227
AMT,2026-09-14 15:25:00+00:00,176.685,176.8099,176.685,176.71,13120.0,411.0,176.73328
AMT,2026-09-14 15:30:00+00:00,176.68,177.105,176.56,176.995,36059.0,835.0,176.882838
AMT,2026-09-14 15:35:00+00:00,176.8946,177.435,176.8946,177.22,14839.0,423.0,177.242318
AMT,2026-09-14 15:40:00+00:00,177.21,177.75,177.21,177.68,11806.0,336.0,177.577147
AMT,2026-09-14 15:45:00+00:00,177.71,178.075,177.55,177.69,18834.0,543.0,177.765819
AMT,2026-09-14 15:50:00+00:00,177.705,178.0,177.6,178.0,8041.0,273.0,177.803178
AMT,2026-09-14 15:55:00+00:00,177.9775,177.99,177.71,177.93,6185.0,231.0,177.8705
AMT,2026-09-14 16:00:00+00:00,177.955,178.02,177.6,177.65,20253.0,432.0,177.925697
AMT,2026-09-14 16:05:00+00:00,177.65,177.78,177.65,177.65,6367.0,205.0,177.697408
AMT,2026-09-14 16:10:00+00:00,177.72,177.85,177.525,177.525,21792.0,395.0,177.646772
AMT,2026-09-14 16:15:00+00:00,177.52,177.75,177.49,177.61,20626.0,452.0,177.59872
AMT,2026-09-14 16:20:00+00:00,177.565,177.85,177.525,177.85,9015.0,253.0,177.680102
AMT,2026-09-14 16:25:00+00:00,177.86,177.91,177.66,177.855,14908.0,401.0,177.81902
AMT,2026-09-14 16:30:00+00:00,177.83,177.91,177.65,177.76,12966.0,329.0,177.810193
AMT,2026-09-14 16:35:00+00:00,177.8,177.86,177.5008,177.73,24462.0,352.0,177.594193
AMT,2026-09-14 16:40:00+00:00,177.74,177.74,177.38,177.44,10457.0,313.0,177.539166
AMT,2026-09-14 16:45:00+00:00,177.465,177.72,177.465,177.67,16065.0,433.0,177.631375
AMT,2026-09-14 16:50:00+00:00,177.6812,177.86,177.175,177.39,29163.0,591.0,177.620904
AMT,2026-09-14 16:55:00+00:00,177.31,177.405,177.105,177.14,14438.0,379.0,177.272663
AMT,2026-09-14 17:00:00+00:00,177.175,177.28,177.06,177.25,9928.0,282.0,177.173096
AMT,2026-09-14 17:05:00+00:00,177.185,177.27,177.04,177.215,11885.0,343.0,177.175676
AMT,2026-09-14 17:10:00+00:00,177.16,177.42,177.16,177.41,8517.0,224.0,177.392997
AMT,2026-09-14 17:15:00+00:00,177.37,177.44,177.2101,177.305,8504.0,252.0,177.341102
AMT,2026-09-14 17:20:00+00:00,177.305,177.305,176.94,177.05,5744.0,267.0,177.096266
AMT,2026-09-14 17:25:00+00:00,177.125,177.125,176.955,177.02,7540.0,253.0,177.036241
AMT,2026-09-14 17:30:00+00:00,177.07,177.1,176.64,176.725,14244.0,434.0,176.857929
AMT,2026-09-14 17:35:00+00:00,176.79,177.2204,176.7675,177.2,22644.0,480.0,177.096606
AMT,2026-09-14 17:40:00+00:00,177.2,177.36,177.11,177.36,10319.0,337.0,177.195673
AMT,2026-09-14 17:45:00+00:00,177.38,177.57,177.375,177.47,12368.0,369.0,177.469313
AMT,2026-09-14 17:50:00+00:00,177.395,177.84,177.39,177.76,10482.0,365.0,177.688683
AMT,2026-09-14 17:55:00+00:00,177.775,177.81,177.705,177.72,10435.0,386.0,177.741451
AMT,2026-09-14 18:00:00+00:00,177.7,177.955,177.64,177.94,18883.0,485.0,177.765601
AMT,2026-09-14 18:05:00+00:00,177.94,178.33,177.87,177.97,29892.0,526.0,178.077644
AMT,2026-09-14 18:10:00+00:00,178.04,178.1,177.935,178.1,12007.0,378.0,178.018028
AMT,2026-09-14 18:15:00+00:00,178.085,178.18,178.03,178.125,18623.0,261.0,178.084309
AMT,2026-09-14 18:20:00+00:00,178.18,178.295,177.96,178.01,16217.0,493.0,178.159204
AMT,2026-09-14 18:25:00+00:00,178.01,178.155,177.92,178.15,16424.0,426.0,178.038465
AMT,2026-09-14 18:30:00+00:00,178.2,178.41,178.18,178.32,17926.0,533.0,178.30365
AMT,2026-09-14 18:35:00+00:00,178.33,178.43,178.285,178.38,8617.0,329.0,178.342952
AMT,2026-09-14 18:40:00+00:00,178.365,178.42,178.11,178.18,17584.0,441.0,178.234693
AMT,2026-09-14 18:45:00+00:00,178.15,178.505,178.09,178.47,14570.0,441.0,178.24211
AMT,2026-09-14 18:50:00+00:00,178.46,178.52,178.39,178.42,13528.0,403.0,178.453353
AMT,2026-09-14 18:55:00+00:00,178.41,178.55,178.37,178.415,12407.0,404.0,178.46876
AMT,2026-09-14 19:00:00+00:00,178.45,178.54,178.38,178.39,13832.0,413.0,178.461354
AMT,2026-09-14 19:05:00+00:00,178.35,178.525,178.3209,178.36,13295.0,386.0,178.448633
AMT,2026-09-14 19:10:00+00:00,178.36,178.515,178.3496,178.39,18204.0,565.0,178.433924
AMT,2026-09-14 19:15:00+00:00,178.395,178.44,178.1325,178.1325,17156.0,508.0,178.339511
AMT,2026-09-14 19:20:00+00:00,178.135,178.3,178.09,178.25,23750.0,540.0,178.234305
AMT,2026-09-14 19:25:00+00:00,178.25,178.25,177.88,177.88,24005.0,668.0,178.104936
AMT,2026-09-14 19:30:00+00:00,177.895,177.95,177.39,177.4,29646.0,710.0,177.703202
AMT,2026-09-14 19:35:00+00:00,177.46,177.56,177.085,177.11,37318.0,816.0,177.339027
AMT,2026-09-14 19:40:00+00:00,177.07,177.11,176.94,176.94,27912.0,736.0,177.041294
AMT,2026-09-14 19:45:00+00:00,176.93,177.07,176.91,176.97,26582.0,741.0,176.981417
AMT,2026-09-14 19:50:00+00:00,176.9,177.055,176.645,176.82,51769.0,1580.0,176.812933
AMT,2026-09-14 19:55:00+00:00,176.905,177.07,176.53,177.07,158087.0,3964.0,176.835956
AMT,2026-09-14 20:00:00+00:00,176.94,176.94,176.94,176.94,823428.0,92.0,176.94
AMT,2026-09-14 20:40:00+00:00,175.7021,175.7021,175.7021,175.7021,170.0,1.0,175.7021
AMT,2026-09-15 13:30:00+00:00,176.09,176.54,174.83,174.91,28211.0,449.0,175.738635
AMT,2026-09-15 13:35:00+00:00,174.86,176.57,174.685,176.475,34527.0,446.0,175.484337
AMT,2026-09-15 13:40:00+00:00,176.4469,177.54,176.43,177.07,32567.0,546.0,177.00987
AMT,2026-09-15 13:45:00+00:00,176.92,177.17,176.42,176.945,21203.0,448.0,176.827222
AMT,2026-09-15 13:50:00+00:00,176.945,176.95,176.31,176.93,28445.0,547.0,176.641884
AMT,2026-09-15 13:55:00+00:00,176.935,176.935,176.22,176.65,19019.0,287.0,176.677755
AMT,2026-09-15 14:00:00+00:00,176.545,176.585,176.06,176.09,34798.0,611.0,176.311009
AMT,2026-09-15 14:05:00+00:00,176.2,176.4801,176.01,176.26,9473.0,372.0,176.268129
AMT,2026-09-15 14:10:00+00:00,176.385,176.67,176.27,176.595,25875.0,492.0,176.475487
AMT,2026-09-15 14:15:00+00:00,176.63,177.0,176.45,176.83,13223.0,387.0,176.701148
AMT,2026-09-15 14:20:00+00:00,176.96,177.075,176.18,176.22,67864.0,719.0,176.673713
AMT,2026-09-15 14:25:00+00:00,176.125,176.14,175.61,176.13,16342.0,540.0,175.984785
AMT,2026-09-15 14:30:00+00:00,176.15,176.485,176.14,176.4425,63194.0,797.0,176.316737
AMT,2026-09-15 14:35:00+00:00,176.55,177.19,176.55,177.08,27967.0,425.0,176.940633
AMT,2026-09-15 14:40:00+00:00,177.09,177.19,176.84,177.12,12758.0,400.0,177.064052
AMT,2026-09-15 14:45:00+00:00,177.1098,177.535,177.105,177.46,13965.0,373.0,177.413986
AMT,2026-09-15 14:50:00+00:00,177.51,177.55,177.2445,177.2445,11556.0,310.0,177.427144
AMT,2026-09-15 14:55:00+00:00,177.23,177.89,177.04,177.89,15084.0,461.0,177.48449
AMT,2026-09-15 15:00:00+00:00,177.82,178.31,177.783,178.31,30724.0,669.0,178.114461
AMT,2026-09-15 15:05:00+00:00,178.324,178.51,177.955,178.115,24759.0,503.0,178.228309
AMT,2026-09-15 15:10:00+00:00,178.115,178.27,178.01,178.09,10508.0,384.0,178.124123
AMT,2026-09-15 15:15:00+00:00,178.215,178.48,178.03,178.14,17480.0,408.0,178.212909
AMT,2026-09-15 15:20:00+00:00,178.13,178.23,177.97,178.205,20388.0,435.0,178.096163
AMT,2026-09-15 15:25:00+00:00,178.295,178.45,177.99,178.43,24612.0,564.0,178.243377
AMT,2026-09-15 15:30:00+00:00,178.34,178.64,178.32,178.625,50129.0,763.0,178.516356
AMT,2026-09-15 15:35:00+00:00,178.59,178.7,178.37,178.37,30985.0,621.0,178.61178
AMT,2026-09-15 15:40:00+00:00,178.38,178.635,178.115,178.115,14158.0,388.0,178.480604
AMT,2026-09-15 15:45:00+00:00,178.0,178.14,177.93,177.97,17713.0,537.0,178.025491
AMT,2026-09-15 15:50:00+00:00,177.97,178.095,177.375,177.525,15354.0,465.0,177.810991
AMT,2026-09-15 15:55:00+00:00,177.4719,177.74,177.28,177.4,13833.0,382.0,177.520949
AMT,2026-09-15 16:00:00+00:00,177.43,177.43,177.175,177.255,14402.0,372.0,177.290577
AMT,2026-09-15 16:05:00+00:00,177.26,177.295,176.77,176.97,15007.0,371.0,177.034877
AMT,2026-09-15 16:10:00+00:00,176.93,177.11,176.86,177.07,12969.0,319.0,176.971722
AMT,2026-09-15 16:15:00+00:00,177.12,177.23,177.005,177.02,9845.0,251.0,177.11632
AMT,2026-09-15 16:20:00+00:00,177.02,177.27,176.97,177.21,12604.0,336.0,177.120328
AMT,2026-09-15 16:25:00+00:00,177.22,177.55,177.22,177.525,16227.0,385.0,177.429359
AMT,2026-09-15 16:30:00+00:00,177.54,177.75,177.51,177.55,10779.0,339.0,177.64563
AMT,2026-09-15 16:35:00+00:00,177.55,177.7,177.55,177.665,6463.0,194.0,177.643767
AMT,2026-09-15 16:40:00+00:00,177.61,177.645,177.475,177.525,6698.0,246.0,177.552297
AMT,2026-09-15 16:45:00+00:00,177.53,177.585,177.395,177.47,8728.0,257.0,177.50295
AMT,2026-09-15 16:50:00+00:00,177.42,177.685,177.325,177.39,14674.0,398.0,177.545618
AMT,2026-09-15 16:55:00+00:00,177.35,177.455,177.34,177.36,8672.0,228.0,177.381355
AMT,2026-09-15 17:00:00+00:00,177.38,177.495,177.16,177.305,8389.0,260.0,177.339785
AMT,2026-09-15 17:05:00+00:00,177.34,177.34,177.13,177.275,6421.0,202.0,177.252308
AMT,2026-09-15 17:10:00+00:00,177.3,177.3,177.051,177.11,7126.0,205.0,177.1531
AMT,2026-09-15 17:15:00+00:00,177.11,177.11,176.77,176.77,8391.0,237.0,176.987588
AMT,2026-09-15 17:20:00+00:00,176.76,176.775,176.52,176.58,9663.0,327.0,176.616878
AMT,2026-09-15 17:25:00+00:00,176.585,176.65,176.42,176.64,8911.0,314.0,176.572925
AMT,2026-09-15 17:30:00+00:00,176.64,176.895,176.59,176.895,17357.0,322.0,176.697904
AMT,2026-09-15 17:35:00+00:00,177.02,177.02,176.73,177.015,9076.0,304.0,176.887108
AMT,2026-09-15 17:40:00+00:00,177.02,177.3,177.02,177.15,7492.0,248.0,177.20934
AMT,2026-09-15 17:45:00+00:00,177.26,177.27,177.11,177.11,9463.0,331.0,177.239164
AMT,2026-09-15 17:50:00+00:00,177.185,177.185,177.06,177.06,7079.0,264.0,177.123447
AMT,2026-09-15 17:55:00+00:00,177.14,177.245,177.14,177.24,10197.0,318.0,177.195147
AMT,2026-09-15 18:00:00+00:00,177.29,177.29,176.91,176.97,18257.0,391.0,177.051401
AMT,2026-09-15 18:05:00+00:00,177.015,177.1,176.92,176.96,18893.0,364.0,177.012134
AMT,2026-09-15 18:10:00+00:00,176.96,177.005,176.757,176.76,20436.0,375.0,176.92094
AMT,2026-09-15 18:15:00+00:00,176.69,176.72,176.49,176.615,13227.0,350.0,176.619344
AMT,2026-09-15 18:20:00+00:00,176.62,176.62,176.45,176.46,11347.0,343.0,176.527879
AMT,2026-09-15 18:25:00+00:00,176.39,177.37,176.38,177.37,29570.0,884.0,176.846582
AMT,2026-09-15 18:30:00+00:00,177.37,177.41,177.0,177.3,15036.0,437.0,177.243976
AMT,2026-09-15 18:35:00+00:00,177.18,177.45,177.15,177.38,13894.0,376.0,177.345373
AMT,2026-09-15 18:40:00+00:00,177.35,177.48,177.28,177.28,9324.0,312.0,177.368516
AMT,2026-09-15 18:45:00+00:00,177.33,177.33,177.13,177.13,15110.0,427.0,177.248064
AMT,2026-09-15 18:50:00+00:00,177.13,177.275,176.995,177.24,12890.0,370.0,177.106601
AMT,2026-09-15 18:55:00+00:00,177.24,177.645,177.19,177.53,19491.0,465.0,177.446852
AMT,2026-09-15 19:00:00+00:00,177.53,177.675,177.38,177.43,12538.0,364.0,177.495002
AMT,2026-09-15 19:05:00+00:00,177.42,177.54,177.32,177.34,19713.0,509.0,177.436815
AMT,2026-09-15 19:10:00+00:00,177.345,177.585,177.27,177.585,14649.0,456.0,177.474104
AMT,2026-09-15 19:15:00+00:00,177.585,177.94,177.45,177.94,22104.0,514.0,177.669313
AMT,2026-09-15 19:20:00+00:00,177.895,178.15,177.84,178.12,24578.0,612.0,178.012214
AMT,2026-09-15 19:25:00+00:00,178.12,178.2212,177.88,177.965,19494.0,602.0,178.068374
AMT,2026-09-15 19:30:00+00:00,177.97,178.0,177.6,177.64,44759.0,833.0,177.815071
AMT,2026-09-15 19:35:00+00:00,177.64,177.83,177.64,177.7833,20554.0,564.0,177.74933
AMT,2026-09-15 19:40:00+00:00,177.755,177.96,177.6801,177.9,24213.0,694.0,177.799804
AMT,2026-09-15 19:45:00+00:00,177.9,178.22,177.9,178.17,34217.0,866.0,178.044139
AMT,2026-09-15 19:50:00+00:00,178.1,178.18,177.85,178.06,45531.0,1113.0,178.002699
AMT,2026-09-15 19:55:00+00:00,178.06,178.18,177.365,177.69,159153.0,3968.0,177.64035
AMT,2026-09-15 20:00:00+00:00,177.74,177.74,177.71,177.71,511226.0,118.0,177.710033
AMT,2026-09-15 21:05:00+00:00,178.1,178.1,178.1,178.1,190.0,4.0,178.1
AMT,2026-09-16 13:30:00+00:00,177.39,178.69,177.39,178.38,27669.0,483.0,177.717621
AMT,2026-09-16 13:35:00+00:00,178.47,179.04,178.47,178.51,26439.0,399.0,178.915509
AMT,2026-09-16 13:40:00+00:00,178.5437,178.615,177.874,178.415,9028.0,316.0,178.201359
AMT,2026-09-16 13:45:00+00:00,178.415,178.99,178.16,178.93,18781.0,442.0,178.662379
AMT,2026-09-16 13:50:00+00:00,178.97,179.37,178.78,178.89,56303.0,579.0,179.046325
AMT,2026-09-16 13:55:00+00:00,178.89,179.37,178.89,179.345,56180.0,614.0,179.028697
AMT,2026-09-16 14:00:00+00:00,179.315,179.58,178.9901,179.45,27870.0,477.0,179.305635
AMT,2026-09-16 14:05:00+00:00,179.45,179.47,179.22,179.47,15506.0,401.0,179.357338
AMT,2026-09-16 14:10:00+00:00,179.49,179.74,179.2,179.61,58166.0,827.0,179.311503
AMT,2026-09-16 14:15:00+00:00,179.63,179.8,178.92,179.03,57125.0,780.0,179.415635
AMT,2026-09-16 14:20:00+00:00,179.0,179.2531,178.63,178.63,44964.0,713.0,178.879743
AMT,2026-09-16 14:25:00+00:00,178.54,178.5445,177.88,178.14,20424.0,553.0,178.126901
AMT,2026-09-16 14:30:00+00:00,178.145,178.23,177.92,177.955,16795.0,614.0,178.051103
AMT,2026-09-16 14:35:00+00:00,177.975,178.05,177.835,178.05,14473.0,448.0,177.952922
AMT,2026-09-16 14:40:00+00:00,178.035,178.495,178.035,178.24,36991.0,489.0,178.129607
AMT,2026-09-16 14:45:00+00:00,178.24,178.37,178.12,178.305,9380.0,264.0,178.247497
AMT,2026-09-16 14:50:00+00:00,178.305,178.49,178.26,178.29,20282.0,507.0,178.375912
AMT,2026-09-16 14:55:00+00:00,178.4,178.505,178.28,178.505,8200.0,288.0,178.342912
AMT,2026-09-16 15:00:00+00:00,178.57,178.67,178.32,178.61,12298.0,391.0,178.512223
AMT,2026-09-16 15:05:00+00:00,178.61,178.97,178.605,178.97,25250.0,459.0,178.69902
AMT,2026-09-16 15:10:00+00:00,178.94,179.75,178.8,179.75,24935.0,612.0,179.128326
AMT,2026-09-16 15:15:00+00:00,179.675,179.75,179.4,179.4475,13140.0,391.0,179.556482
AMT,2026-09-16 15:20:00+00:00,179.42,179.61,179.38,179.6,12600.0,460.0,179.494232
AMT,2026-09-16 15:25:00+00:00,179.6,179.6,179.11,179.28,14623.0,397.0,179.362833
AMT,2026-09-16 15:30:00+00:00,179.21,179.27,179.05,179.07,14170.0,400.0,179.144663
AMT,2026-09-16 15:35:00+00:00,179.025,179.14,179.025,179.105,10033.0,364.0,179.08038
AMT,2026-09-16 15:40:00+00:00,179.16,179.56,179.105,179.43,16293.0,471.0,179.34979
AMT,2026-09-16 15:45:00+00:00,179.36,179.4,179.24,179.32,9924.0,358.0,179.33199
AMT,2026-09-16 15:50:00+00:00,179.32,179.485,179.22,179.31,9920.0,311.0,179.323963
AMT,2026-09-16 15:55:00+00:00,179.31,179.52,179.31,179.52,7660.0,301.0,179.400391
AMT,2026-09-16 16:00:00+00:00,179.51,179.51,179.26,179.38,10252.0,296.0,179.374559
AMT,2026-09-16 16:05:00+00:00,179.4136,179.4136,179.2,179.305,11365.0,324.0,179.292351
AMT,2026-09-16 16:10:00+00:00,179.245,179.455,179.195,179.455,10223.0,284.0,179.344135
AMT,2026-09-16 16:15:00+00:00,179.4647,179.61,179.3903,179.6,7777.0,233.0,179.522735
AMT,2026-09-16 16:20:00+00:00,179.62,179.66,179.47,179.51,6802.0,233.0,179.560265
AMT,2026-09-16 16:25:00+00:00,179.51,179.55,179.395,179.55,10134.0,282.0,179.475287
AMT,2026-09-16 16:30:00+00:00,179.57,179.57,179.31,179.31,8474.0,220.0,179.472011
AMT,2026-09-16 16:35:00+00:00,179.3,179.385,179.2,179.2,9655.0,249.0,179.306878
AMT,2026-09-16 16:40:00+00:00,179.19,179.37,179.16,179.34,5709.0,196.0,179.269093
AMT,2026-09-16 16:45:00+00:00,179.29,179.445,179.24,179.4,9233.0,280.0,179.313848
AMT,2026-09-16 16:50:00+00:00,179.545,179.57,179.45,179.49,5959.0,201.0,179.500267
AMT,2026-09-16 16:55:00+00:00,179.535,179.62,179.53,179.53,11075.0,273.0,179.580659
AMT,2026-09-16 17:00:00+00:00,179.55,179.55,179.27,179.28,5994.0,227.0,179.408819
AMT,2026-09-16 17:05:00+00:00,179.275,179.37,179.2201,179.33,7919.0,246.0,179.314965
AMT,2026-09-16 17:10:00+00:00,179.32,179.38,179.27,179.2781,7924.0,265.0,179.314492
AMT,2026-09-16 17:15:00+00:00,179.26,179.36,179.26,179.305,10724.0,317.0,179.30681
AMT,2026-09-16 17:20:00+00:00,179.32,179.32,178.69,178.88,26456.0,527.0,178.96479
AMT,2026-09-16 17:25:00+00:00,178.955,179.08,178.86,179.015,9637.0,287.0,178.968682
AMT,2026-09-16 17:30:00+00:00,179.02,179.02,178.4,178.4,12248.0,390.0,178.825184
AMT,2026-09-16 17:35:00+00:00,178.31,178.585,178.31,178.46,12020.0,354.0,178.440864
AMT,2026-09-16 17:40:00+00:00,178.505,178.53,178.38,178.4,14949.0,378.0,178.444102
AMT,2026-09-16 17:45:00+00:00,178.4,178.8499,178.4,178.69,15584.0,348.0,178.655021
AMT,2026-09-16 17:50:00+00:00,178.69,178.92,178.68,178.92,8857.0,323.0,178.780729
AMT,2026-09-16 17:55:00+00:00,178.8,179.02,178.7811,178.95,15689.0,419.0,178.914784
AMT,2026-09-16 18:00:00+00:00,178.9571,179.12,178.81,178.96,20684.0,526.0,178.939006
AMT,2026-09-16 18:05:00+00:00,179.0,179.18,178.77,179.165,24043.0,528.0,178.987541
AMT,2026-09-16 18:10:00+00:00,179.14,179.415,179.09,179.3,26148.0,614.0,179.203088
AMT,2026-09-16 18:15:00+00:00,179.35,179.35,179.0301,179.175,15895.0,388.0,179.239465
AMT,2026-09-16 18:20:00+00:00,179.145,179.35,179.0801,179.3,14096.0,383.0,179.191599
AMT,2026-09-16 18:25:00+00:00,179.32,179.5,179.27,179.4,27113.0,540.0,179.380397
AMT,2026-09-16 18:30:00+00:00,179.46,179.49,178.77,178.91,21719.0,517.0,179.169431
AMT,2026-09-16 18:35:00+00:00,178.9,178.92,178.145,178.145,26608.0,633.0,178.512655
AMT,2026-09-16 18:40:00+00:00,178.145,178.62,178.145,178.53,23535.0,548.0,178.439741
AMT,2026-09-16 18:45:00+00:00,178.4503,178.54,177.94,177.94,18198.0,474.0,178.270515
AMT,2026-09-16 18:50:00+00:00,177.96,178.03,177.12,177.15,25392.0,601.0,177.622834
AMT,2026-09-16 18:55:00+00:00,177.13,177.295,177.085,177.115,19463.0,542.0,177.166569
AMT,2026-09-16 19:00:00+00:00,177.13,177.695,177.04,177.65,19123.0,583.0,177.256661
AMT,2026-09-16 19:05:00+00:00,177.7,177.85,177.455,177.535,15601.0,414.0,177.690993
AMT,2026-09-16 19:10:00+00:00,177.505,177.505,177.145,177.2,19436.0,543.0,177.268734
AMT,2026-09-16 19:15:00+00:00,177.2,177.33,176.99,177.14,19893.0,606.0,177.151487
AMT,2026-09-16 19:20:00+00:00,177.2,177.28,176.835,176.93,19567.0,564.0,177.056996
AMT,2026-09-16 19:25:00+00:00,176.93,176.93,176.58,176.76,24419.0,620.0,176.760522
AMT,2026-09-16 19:30:00+00:00,176.78,176.92,176.63,176.84,29405.0,695.0,176.799399
AMT,2026-09-16 19:35:00+00:00,176.87,176.87,176.555,176.695,28378.0,701.0,176.70636
AMT,2026-09-16 19:40:00+00:00,176.7,176.76,176.42,176.715,31868.0,865.0,176.557968
AMT,2026-09-16 19:45:00+00:00,176.68,176.91,176.6501,176.76,75726.0,934.0,176.723837
AMT,2026-09-16 19:50:00+00:00,176.73,176.73,176.38,176.52,52203.0,1360.0,176.556191
AMT,2026-09-16 19:55:00+00:00,176.735,176.775,176.34,176.46,170663.0,3924.0,176.533335
AMT,2026-09-16 20:00:00+00:00,176.39,176.39,176.39,176.39,624763.0,80.0,176.39
AMT,2026-09-16 20:20:00+00:00,176.39,176.39,175.4106,175.4106,783.0,23.0,175.6573
AMT,2026-09-17 08:00:00+00:00,176.2,176.2,176.2,176.2,250.0,1.0,176.2
AMT,2026-09-17 13:25:00+00:00,176.92,176.92,176.92,176.92,121.0,4.0,176.92
AMT,2026-09-17 13:30:00+00:00,177.38,177.38,175.75,176.03,43386.0,533.0,176.799439
AMT,2026-09-17 13:35:00+00:00,176.18,176.38,175.34,175.68,36214.0,569.0,175.787403
AMT,2026-09-17 13:40:00+00:00,175.52,175.685,175.24,175.48,36326.0,628.0,175.489563
AMT,2026-09-17 13:45:00+00:00,175.48,176.035,175.36,175.93,26207.0,424.0,175.663368
AMT,2026-09-17 13:50:00+00:00,175.935,175.935,175.0,175.0,19842.0,464.0,175.570591
AMT,2026-09-17 13:55:00+00:00,175.02,175.84,174.98,175.52,71813.0,543.0,175.458391
AMT,2026-09-17 14:00:00+00:00,175.52,175.8,174.815,174.885,18809.0,462.0,175.409199
AMT,2026-09-17 14:05:00+00:00,174.86,175.44,174.77,175.3,34308.0,580.0,175.076257
AMT,2026-09-17 14:10:00+00:00,175.3,175.38,174.89,175.09,23485.0,458.0,175.189268
AMT,2026-09-17 14:15:00+00:00,175.18,175.36,174.99,175.3,36637.0,518.0,175.204058
AMT,2026-09-17 14:20:00+00:00,175.28,175.425,175.035,175.19,28729.0,550.0,175.25368
AMT,2026-09-17 14:25:00+00:00,175.19,175.38,175.145,175.215,14862.0,363.0,175.244457
AMT,2026-09-17 14:30:00+00:00,175.15,175.15,174.75,175.05,22330.0,602.0,174.976297
AMT,2026-09-17 14:35:00+00:00,175.05,175.435,175.0,175.24,36924.0,644.0,175.197164
AMT,2026-09-17 14:40:00+00:00,175.3784,175.52,175.22,175.42,29948.0,581.0,175.394889
AMT,2026-09-17 14:45:00+00:00,175.42,175.6854,175.35,175.35,33117.0,599.0,175.544604
AMT,2026-09-17 14:50:00+00:00,175.345,175.64,175.23,175.64,29162.0,530.0,175.328443
AMT,2026-09-17 14:55:00+00:00,175.64,176.295,175.475,176.115,52021.0,677.0,175.785141
AMT,2026-09-17 15:00:00+00:00,176.115,176.19,175.65,175.835,48367.0,650.0,175.763403
AMT,2026-09-17 15:05:00+00:00,175.75,175.9775,175.66,175.97,41146.0,582.0,175.801648
AMT,2026-09-17 15:10:00+00:00,176.005,176.155,175.89,176.12,13996.0,360.0,176.033236
AMT,2026-09-17 15:15:00+00:00,176.11,176.625,176.11,176.625,23860.0,524.0,176.311838
AMT,2026-09-17 15:20:00+00:00,176.6,176.68,176.46,176.485,16662.0,444.0,176.566137
AMT,2026-09-17 15:25:00+00:00,176.535,176.68,176.4001,176.5,25190.0,527.0,176.568896
AMT,2026-09-17 15:30:00+00:00,176.5,176.63,176.4,176.41,21910.0,456.0,176.517608
AMT,2026-09-17 15:35:00+00:00,176.4067,176.57,176.3801,176.425,18352.0,411.0,176.466934
AMT,2026-09-17 15:40:00+00:00,176.46,176.69,176.45,176.595,18828.0,507.0,176.578132
AMT,2026-09-17 15:45:00+00:00,176.595,176.74,176.57,176.74,10589.0,323.0,176.625752
AMT,2026-09-17 15:50:00+00:00,176.74,176.895,176.72,176.855,12440.0,321.0,176.811466
AMT,2026-09-17 15:55:00+00:00,176.83,176.88,176.64,176.87,17959.0,377.0,176.776639
AMT,2026-09-17 16:00:00+00:00,176.83,176.83,176.54,176.565,15393.0,409.0,176.658265
AMT,2026-09-17 16:05:00+00:00,176.565,176.68,176.52,176.53,21041.0,421.0,176.59821
AMT,2026-09-17 16:10:00+00:00,176.52,176.6499,176.33,176.625,14749.0,352.0,176.451031
AMT,2026-09-17 16:15:00+00:00,176.65,176.74,176.61,176.71,9577.0,275.0,176.670626
AMT,2026-09-17 16:20:00+00:00,176.71,176.87,176.63,176.8,21148.0,423.0,176.753505
AMT,2026-09-17 16:25:00+00:00,176.775,176.875,176.675,176.8,8684.0,266.0,176.796781
AMT,2026-09-17 16:30:00+00:00,176.78,176.785,176.42,176.505,12291.0,348.0,176.651236
AMT,2026-09-17 16:35:00+00:00,176.505,176.6499,176.42,176.61,12330.0,265.0,176.543509
AMT,2026-09-17 16:40:00+00:00,176.665,176.7,176.5,176.5,13226.0,379.0,176.588517
AMT,2026-09-17 16:45:00+00:00,176.48,176.48,176.17,176.21,11860.0,320.0,176.346412
AMT,2026-09-17 16:50:00+00:00,176.205,176.37,176.205,176.3,10977.0,266.0,176.285552
AMT,2026-09-17 16:55:00+00:00,176.31,176.37,176.21,176.32,9048.0,250.0,176.30242
AMT,2026-09-17 17:00:00+00:00,176.36,176.5,176.35,176.5,11972.0,345.0,176.422352
AMT,2026-09-17 17:05:00+00:00,176.44,176.44,176.26,176.31,12327.0,310.0,176.303779
AMT,2026-09-17 17:10:00+00:00,176.305,176.365,175.99,176.055,9868.0,284.0,176.210988
AMT,2026-09-17 17:15:00+00:00,176.0501,176.245,175.89,176.22,21567.0,352.0,176.007411
AMT,2026-09-17 17:20:00+00:00,176.17,176.295,176.08,176.295,10043.0,280.0,176.177506
AMT,2026-09-17 17:25:00+00:00,176.19,176.305,176.12,176.235,7548.0,263.0,176.195974
AMT,2026-09-17 17:30:00+00:00,176.21,176.385,176.1225,176.27,13972.0,377.0,176.300145
AMT,2026-09-17 17:35:00+00:00,176.28,176.29,176.18,176.235,8338.0,272.0,176.234749
AMT,2026-09-17 17:40:00+00:00,176.21,176.3,175.9,175.9,14055.0,364.0,176.143679
AMT,2026-09-17 17:45:00+00:00,175.85,176.25,175.85,176.07,15488.0,292.0,176.013914
AMT,2026-09-17 17:50:00+00:00,176.135,176.3699,176.0,176.31,14078.0,328.0,176.181069
AMT,2026-09-17 17:55:00+00:00,176.315,176.5,176.26,176.5,9733.0,289.0,176.374359
AMT,2026-09-17 18:00:00+00:00,176.5,176.66,176.22,176.26,44112.0,583.0,176.49059
AMT,2026-09-17 18:05:00+00:00,176.25,176.31,175.99,176.07,17852.0,400.0,176.202003
AMT,2026-09-17 18:10:00+00:00,176.09,176.31,176.07,176.245,10422.0,343.0,176.209204
AMT,2026-09-17 18:15:00+00:00,176.31,176.59,176.245,176.5125,120343.0,451.0,176.264387
AMT,2026-09-17 18:20:00+00:00,176.59,176.78,176.59,176.695,21884.0,324.0,176.681297
AMT,2026-09-17 18:25:00+00:00,176.7499,176.7499,176.58,176.59,17735.0,386.0,176.657309
AMT,2026-09-17 18:30:00+00:00,176.63,176.63,176.23,176.265,21164.0,462.0,176.516813
AMT,2026-09-17 18:35:00+00:00,176.2425,176.41,176.23,176.34,13849.0,395.0,176.298392
AMT,2026-09-17 18:40:00+00:00,176.27,176.27,176.0901,176.16,9108.0,284.0,176.158647
AMT,2026-09-17 18:45:00+00:00,176.165,176.24,176.13,176.215,7628.0,305.0,176.181864
AMT,2026-09-17 18:50:00+00:00,176.22,176.31,176.151,176.31,15052.0,458.0,176.225337
AMT,2026-09-17 18:55:00+00:00,176.31,176.41,176.23,176.355,16741.0,404.0,176.32002
AMT,2026-09-17 19:00:00+00:00,176.3374,176.45,176.285,176.31,27655.0,609.0,176.371605
AMT,2026-09-17 19:05:00+00:00,176.31,176.37,175.895,175.895,35513.0,512.0,176.107312
AMT,2026-09-17 19:10:00+00:00,175.895,175.97,175.69,175.6905,34699.0,590.0,175.817672
AMT,2026-09-17 19:15:00+00:00,175.7525,175.84,175.65,175.72,16751.0,408.0,175.734917
AMT,2026-09-17 19:20:00+00:00,175.69,175.955,175.5,175.88,45336.0,705.0,175.785038
AMT,2026-09-17 19:25:00+00:00,175.93,176.02,175.59,175.705,44818.0,621.0,175.929104
AMT,2026-09-17 19:30:00+00:00,175.7,175.82,175.55,175.55,30478.0,583.0,175.730023
AMT,2026-09-17 19:35:00+00:00,175.64,175.84,175.51,175.735,96167.0,1145.0,175.683081
AMT,2026-09-17 19:40:00+00:00,175.735,176.07,175.735,176.015,58644.0,815.0,175.893493
AMT,2026-09-17 19:45:00+00:00,175.96,176.16,175.7,175.7,27158.0,692.0,175.902087
AMT,2026-09-17 19:50:00+00:00,175.815,176.215,175.73,176.215,34769.0,909.0,175.981935
AMT,2026-09-17 19:55:00+00:00,176.19,176.3,175.51,175.65,184825.0,3761.0,175.726742
AMT,2026-09-17 20:00:00+00:00,175.65,175.65,175.58,175.58,467305.0,112.0,175.580155
AMT,2026-09-17 20:10:00+00:00,175.69,175.69,175.67,175.67,200.0,2.0,175.68
AMT,2026-09-18 09:15:00+00:00,175.01,175.01,175.01,175.01,248.0,23.0,175.01
AMT,2026-09-18 13:05:00+00:00,175.0,175.0,175.0,175.0,211.0,3.0,175.0
AMT,2026-09-18 13:30:00+00:00,173.2,174.16,172.92,174.145,503860.0,596.0,173.214254
AMT,2026-09-18 13:35:00+00:00,173.8925,174.42,173.77,174.16,12110.0,394.0,174.094224
AMT,2026-09-18 13:40:00+00:00,174.0793,174.25,173.78,173.78,14836.0,416.0,174.070179
AMT,2026-09-18 13:45:00+00:00,173.77,174.12,173.1601,174.12,16492.0,465.0,173.667238
AMT,2026-09-18 13:50:00+00:00,174.0,174.1299,173.67,173.84,11479.0,414.0,173.986399
AMT,2026-09-18 13:55:00+00:00,173.78,173.87,173.305,173.47,24923.0,412.0,173.66979
AMT,2026-09-18 14:00:00+00:00,173.49,173.5606,173.05,173.37,42589.0,793.0,173.255518
AMT,2026-09-18 14:05:00+00:00,173.37,173.53,173.1114,173.38,16941.0,492.0,173.346825
AMT,2026-09-18 14:10:00+00:00,173.3,173.68,173.185,173.185,30084.0,638.0,173.461438
AMT,2026-09-18 14:15:00+00:00,173.1,173.22,172.822,173.005,20004.0,521.0,172.986003
AMT,2026-09-18 14:20:00+00:00,173.1,173.45,173.09,173.41,17596.0,454.0,173.258544
AMT,2026-09-18 14:25:00+00:00,173.46,173.78,173.26,173.39,41773.0,495.0,173.534416
AMT,2026-09-18 14:30:00+00:00,173.39,174.15,173.37,174.13,10092.0,424.0,173.780246
AMT,2026-09-18 14:35:00+00:00,174.135,174.135,173.75,173.885,16180.0,481.0,173.926907
AMT,2026-09-18 14:40:00+00:00,173.885,174.06,173.8809,173.97,12480.0,435.0,173.976785
AMT,2026-09-18 14:45:00+00:00,173.985,174.51,173.86,174.51,27212.0,528.0,174.015619
AMT,2026-09-18 14:50:00+00:00,174.4,174.545,174.34,174.395,9417.0,354.0,174.439726
AMT,2026-09-18 14:55:00+00:00,174.395,174.395,174.23,174.365,12408.0,434.0,174.321189
AMT,2026-09-18 15:00:00+00:00,174.42,174.42,174.115,174.15,17127.0,456.0,174.266828
AMT,2026-09-18 15:05:00+00:00,174.15,174.37,174.15,174.36,15435.0,337.0,174.252385
AMT,2026-09-18 15:10:00+00:00,174.345,174.375,173.96,174.155,13934.0,408.0,174.199915
AMT,2026-09-18 15:15:00+00:00,174.16,174.65,174.11,174.525,21110.0,450.0,174.331285
AMT,2026-09-18 15:20:00+00:00,174.44,174.74,174.44,174.67,29260.0,392.0,174.62729
AMT,2026-09-18 15:25:00+00:00,174.7,174.96,174.68,174.68,24155.0,443.0,174.806833
AMT,2026-09-18 15:30:00+00:00,174.685,174.965,174.49,174.94,18173.0,445.0,174.667547
AMT,2026-09-18 15:35:00+00:00,174.94,175.0,174.82,174.96,13500.0,330.0,174.907168
AMT,2026-09-18 15:40:00+00:00,174.965,175.31,174.88,175.255,6937.0,268.0,175.157919
AMT,2026-09-18 15:45:00+00:00,175.255,175.47,175.14,175.42,7956.0,282.0,175.373618
AMT,2026-09-18 15:50:00+00:00,175.435,175.435,175.315,175.315,8008.0,285.0,175.382561
AMT,2026-09-18 15:55:00+00:00,175.28,175.3,175.16,175.195,8296.0,303.0,175.223621
AMT,2026-09-18 16:00:00+00:00,175.16,175.215,175.04,175.0575,8663.0,331.0,175.137129
AMT,2026-09-18 16:05:00+00:00,175.14,175.38,175.135,175.265,8658.0,284.0,175.259019
AMT,2026-09-18 16:10:00+00:00,175.27,175.5,175.269,175.49,9978.0,313.0,175.378721
AMT,2026-09-18 16:15:00+00:00,175.505,175.505,175.3,175.31,6805.0,225.0,175.394198
AMT,2026-09-18 16:20:00+00:00,175.26,175.26,175.04,175.05,29538.0,372.0,175.137941
AMT,2026-09-18 16:25:00+00:00,175.055,175.055,174.73,174.84,13419.0,329.0,174.837622
AMT,2026-09-18 16:30:00+00:00,174.965,175.09,174.86,174.87,11552.0,306.0,174.9998
AMT,2026-09-18 16:35:00+00:00,174.83,174.87,174.82,174.855,5806.0,195.0,174.837828
AMT,2026-09-18 16:40:00+00:00,174.855,175.04,174.855,175.0,12158.0,313.0,174.95885
AMT,2026-09-18 16:45:00+00:00,174.98,175.07,174.96,174.98,5038.0,173.0,174.982908
AMT,2026-09-18 16:50:00+00:00,175.015,175.13,175.015,175.11,6727.0,235.0,175.088167
AMT,2026-09-18 16:55:00+00:00,175.11,175.14,175.06,175.13,9277.0,311.0,175.100465
AMT,2026-09-18 17:00:00+00:00,175.13,175.13,175.0,175.0,6254.0,239.0,175.094115
AMT,2026-09-18 17:05:00+00:00,175.0,175.04,174.95,174.97,7299.0,268.0,174.987022
AMT,2026-09-18 17:10:00+00:00,174.985,175.0852,174.92,175.08,9334.0,304.0,174.994267
AMT,2026-09-18 17:15:00+00:00,175.06,175.06,174.955,174.98,5109.0,188.0,175.005144
AMT,2026-09-18 17:20:00+00:00,174.99,175.15,174.985,175.115,11578.0,273.0,175.041702
AMT,2026-09-18 17:25:00+00:00,175.115,175.3,175.04,175.28,9153.0,319.0,175.174698
AMT,2026-09-18 17:30:00+00:00,175.235,175.27,175.16,175.215,12648.0,385.0,175.222742
AMT,2026-09-18 17:35:00+00:00,175.28,175.4199,175.11,175.1423,21791.0,436.0,175.240097
AMT,2026-09-18 17:40:00+00:00,175.115,175.115,174.965,175.015,10063.0,240.0,175.02551
AMT,2026-09-18 17:45:00+00:00,175.01,175.01,174.926,174.99,6774.0,257.0,174.983485
AMT,2026-09-18 17:50:00+00:00,175.0,175.02,174.77,174.77,7166.0,275.0,174.963402
AMT,2026-09-18 17:55:00+00:00,174.8551,175.115,174.855,175.115,14558.0,366.0,174.947532
AMT,2026-09-18 18:00:00+00:00,175.115,175.18,174.96,174.97,24019.0,397.0,175.073892
AMT,2026-09-18 18:05:00+00:00,175.0,175.04,174.83,174.91,12750.0,298.0,174.957931
AMT,2026-09-18 18:10:00+00:00,174.915,175.09,174.915,175.065,10032.0,271.0,175.022751
AMT,2026-09-18 18:15:00+00:00,175.07,175.295,175.07,175.295,9366.0,277.0,175.156165
AMT,2026-09-18 18:20:00+00:00,175.29,175.365,175.195,175.2275,13953.0,269.0,175.291743
AMT,2026-09-18 18:25:00+00:00,175.23,175.345,175.13,175.31,7465.0,277.0,175.256098
AMT,2026-09-18 18:30:00+00:00,175.275,175.275,175.0701,175.185,21439.0,438.0,175.172399
AMT,2026-09-18 18:35:00+00:00,175.2298,175.2298,175.115,175.175,10019.0,304.0,175.181029
AMT,2026-09-18 18:40:00+00:00,175.175,175.26,175.095,175.24,22023.0,467.0,175.159366
AMT,2026-09-18 18:45:00+00:00,175.3,175.48,175.3,175.39,16450.0,469.0,175.381788
AMT,2026-09-18 18:50:00+00:00,175.41,175.5685,175.36,175.37,15506.0,382.0,175.487407
AMT,2026-09-18 18:55:00+00:00,175.355,175.36,175.27,175.295,9802.0,346.0,175.318299
AMT,2026-09-18 19:00:00+00:00,175.31,175.4913,175.2501,175.465,22751.0,459.0,175.338019
AMT,2026-09-18 19:05:00+00:00,175.47,175.47,175.26,175.37,12753.0,429.0,175.342254
AMT,2026-09-18 19:10:00+00:00,175.32,175.55,175.32,175.5,20501.0,514.0,175.445941
AMT,2026-09-18 19:15:00+00:00,175.43,175.49,175.34,175.4,15085.0,414.0,175.426268
AMT,2026-09-18 19:20:00+00:00,175.37,175.44,175.1,175.145,17440.0,492.0,175.288486
AMT,2026-09-18 19:25:00+00:00,175.14,175.165,175.03,175.1,16036.0,423.0,175.122921
AMT,2026-09-18 19:30:00+00:00,175.095,175.1299,174.75,174.865,20947.0,691.0,174.944302
AMT,2026-09-18 19:35:00+00:00,174.91,174.98,174.68,174.955,18314.0,585.0,174.87844
AMT,2026-09-18 19:40:00+00:00,175.01,175.02,174.76,174.76,22562.0,692.0,174.898423
AMT,2026-09-18 19:45:00+00:00,174.75,175.005,174.71,174.79,35253.0,896.0,174.858373
AMT,2026-09-18 19:50:00+00:00,174.86,174.86,174.23,174.39,46882.0,1199.0,174.461604
AMT,2026-09-18 19:55:00+00:00,174.345,174.57,173.9,173.99,170823.0,3563.0,174.103288
AMT,2026-09-18 20:00:00+00:00,173.98,173.98,173.9261,173.98,1565863.0,114.0,173.979949
