symbol,timestamp,open,high,low,close,volume,trade_count,vwap
SO,2026-08-14 08:00:00+00:00,92.89,92.89,92.89,92.89,304.0,7.0,92.89
SO,2026-08-14 11:00:00+00:00,92.9,92.9,92.9,92.9,183.0,4.0,92.9
SO,2026-08-14 11:05:00+00:00,92.8376,92.8376,92.8376,92.8376,100.0,1.0,92.8376
SO,2026-08-14 11:35:00+00:00,92.75,92.75,92.75,92.75,203.0,4.0,92.75
SO,2026-08-14 12:20:00+00:00,92.8683,92.8683,92.8683,92.8683,452.0,2.0,92.8683
SO,2026-08-14 12:55:00+00:00,92.89,92.89,92.89,92.89,261.0,12.0,92.89
SO,2026-08-14 13:10:00+00:00,92.9,92.9,92.9,92.9,1000.0,2.0,92.9
SO,2026-08-14 13:30:00+00:00,92.59,92.95,92.59,92.925,39630.0,287.0,92.692245
SO,2026-08-14 13:35:00+00:00,92.8866,93.02,92.82,92.825,30801.0,338.0,92.886702
SO,2026-08-14 13:40:00+00:00,92.8283,93.01,92.825,92.9,13052.0,276.0,92.953842
SO,2026-08-14 13:45:00+00:00,92.92,92.945,92.655,92.74,17711.0,395.0,92.818943
SO,2026-08-14 13:50:00+00:00,92.84,93.1,92.84,93.005,40833.0,443.0,93.002977
SO,2026-08-14 13:55:00+00:00,92.96,92.96,92.84,92.84,23590.0,391.0,92.912102
SO,2026-08-14 14:00:00+00:00,92.82,92.86,92.63,92.725,44506.0,729.0,92.750254
SO,2026-08-14 14:05:00+00:00,92.72,92.72,92.54,92.595,46635.0,558.0,92.638403
SO,2026-08-14 14:10:00+00:00,92.575,92.65,92.5415,92.57,34868.0,616.0,92.592096
SO,2026-08-14 14:15:00+00:00,92.58,92.78,92.57,92.76,34108.0,497.0,92.652571
SO,2026-08-14 14:20:00+00:00,92.76,92.86,92.72,92.8,12828.0,370.0,92.770822
SO,2026-08-14 14:25:00+00:00,92.8,92.8,92.68,92.68,26731.0,606.0,92.73455
SO,2026-08-14 14:30:00+00:00,92.68,92.74,92.58,92.655,54313.0,1058.0,92.668112
SO,2026-08-14 14:35:00+00:00,92.67,92.83,92.665,92.75,51107.0,763.0,92.750029
SO,2026-08-14 14:40:00+00:00,92.7305,92.805,92.71,92.75,15942.0,485.0,92.758836
SO,2026-08-14 14:45:00+00:00,92.76,92.855,92.725,92.78,23336.0,477.0,92.777576
SO,2026-08-14 14:50:00+00:00,92.8,92.82,92.75,92.77,12461.0,383.0,92.768807
SO,2026-08-14 14:55:00+00:00,92.765,92.87,92.75,92.87,19247.0,481.0,92.813084
SO,2026-08-14 15:00:00+00:00,92.88,92.98,92.85,92.955,21238.0,426.0,92.915273
SO,2026-08-14 15:05:00+00:00,92.94,93.025,92.93,92.985,19607.0,469.0,92.974543
SO,2026-08-14 15:10:00+00:00,93.01,93.03,92.89,92.89,18106.0,506.0,92.971024
SO,2026-08-14 15:15:00+00:00,92.91,92.97,92.91,92.93,18126.0,462.0,92.94328
SO,2026-08-14 15:20:00+00:00,92.885,93.02,92.86,93.02,29079.0,564.0,92.894281
SO,2026-08-14 15:25:00+00:00,93.02,93.04,92.9,92.91,22137.0,578.0,92.993805
SO,2026-08-14 15:30:00+00:00,92.93,93.07,92.93,93.055,24422.0,489.0,93.020662
SO,2026-08-14 15:35:00+00:00,93.04,93.09,93.02,93.05,21833.0,495.0,93.053343
SO,2026-08-14 15:40:00+00:00,93.05,93.1862,93.03,93.165,21410.0,570.0,93.10061
SO,2026-08-14 15:45:00+00:00,93.16,93.2,93.1404,93.16,46085.0,810.0,93.174519
SO,2026-08-14 15:50:00+00:00,93.145,93.175,93.07,93.1,18636.0,520.0,93.129341
SO,2026-08-14 15:55:00+00:00,93.12,93.12,93.03,93.04,25440.0,611.0,93.076454
SO,2026-08-14 16:00:00+00:00,93.01,93.125,93.01,93.125,16650.0,443.0,93.044641
SO,2026-08-14 16:05:00+00:00,93.12,93.12,93.03,93.05,25987.0,465.0,93.066311
SO,2026-08-14 16:10:00+00:00,93.055,93.12,93.04,93.12,16150.0,428.0,93.081881
SO,2026-08-14 16:15:00+00:00,93.12,93.16,93.1,93.14,15831.0,382.0,93.135528
SO,2026-08-14 16:20:00+00:00,93.13,93.21,93.13,93.21,13205.0,426.0,93.168811
SO,2026-08-14 16:25:00+00:00,93.19,93.225,93.115,93.12,26183.0,556.0,93.143281
SO,2026-08-14 16:30:00+00:00,93.13,93.17,93.09,93.17,25328.0,458.0,93.141398
SO,2026-08-14 16:35:00+00:00,93.16,93.1799,93.1,93.16,17717.0,414.0,93.149817
SO,2026-08-14 16:40:00+00:00,93.14,93.1862,93.0875,93.0875,17067.0,447.0,93.132733
SO,2026-08-14 16:45:00+00:00,93.08,93.185,93.07,93.185,28805.0,441.0,93.13711
SO,2026-08-14 16:50:00+00:00,93.19,93.2,93.08,93.15,24202.0,446.0,93.117886
SO,2026-08-14 16:55:00+00:00,93.15,93.17,93.11,93.125,34535.0,634.0,93.134538
SO,2026-08-14 17:00:00+00:00,93.13,93.1699,93.1,93.1,13900.0,413.0,93.132184
SO,2026-08-14 17:05:00+00:00,93.1,93.19,93.09,93.185,97154.0,630.0,93.129651
SO,2026-08-14 17:10:00+00:00,93.18,93.285,93.18,93.27,15782.0,400.0,93.24908
SO,2026-08-14 17:15:00+00:00,93.28,93.34,93.28,93.33,29004.0,410.0,93.32462
SO,2026-08-14 17:20:00+00:00,93.31,93.37,93.27,93.36,14373.0,445.0,93.321953
SO,2026-08-14 17:25:00+00:00,93.37,93.3851,93.3,93.3051,28314.0,629.0,93.330289
SO,2026-08-14 17:30:00+00:00,93.3118,93.37,93.3,93.315,19079.0,543.0,93.32987
SO,2026-08-14 17:35:00+00:00,93.31,93.38,93.26,93.34,27992.0,606.0,93.322613
SO,2026-08-14 17:40:00+00:00,93.3481,93.3481,93.29,93.31,33139.0,519.0,93.315715
SO,2026-08-14 17:45:00+00:00,93.31,93.33,93.28,93.28,19949.0,493.0,93.307938
SO,2026-08-14 17:50:00+00:00,93.27,93.29,93.26,93.27,14485.0,479.0,93.270519
SO,2026-08-14 17:55:00+00:00,93.26,93.26,93.22,93.22,12329.0,456.0,93.250599
SO,2026-08-14 18:00:00+00:00,93.235,93.29,93.215,93.245,25457.0,653.0,93.253515
SO,2026-08-14 18:05:00+00:00,93.23,93.2821,93.2,93.28,21026.0,592.0,93.237795
SO,2026-08-14 18:10:00+00:00,93.275,93.3,93.255,93.285,14472.0,424.0,93.28333
SO,2026-08-14 18:15:00+00:00,93.28,93.29,93.23,93.28,18226.0,581.0,93.257216
SO,2026-08-14 18:20:00+00:00,93.275,93.3,93.26,93.28,12479.0,454.0,93.278626
SO,2026-08-14 18:25:00+00:00,93.28,93.325,93.27,93.28,17178.0,546.0,93.283759
SO,2026-08-14 18:30:00+00:00,93.285,93.302,93.19,93.195,72161.0,559.0,93.265804
SO,2026-08-14 18:35:00+00:00,93.19,93.25,93.19,93.23,20038.0,502.0,93.214666
SO,2026-08-14 18:40:00+00:00,93.24,93.26,93.2,93.26,19004.0,570.0,93.232186
SO,2026-08-14 18:45:00+00:00,93.26,93.32,93.26,93.29,38383.0,612.0,93.294273
SO,2026-08-14 18:50:00+00:00,93.3,93.32,93.28,93.3001,21654.0,602.0,93.302042
SO,2026-08-14 18:55:00+00:00,93.31,93.3452,93.3,93.335,18232.0,556.0,93.318312
SO,2026-08-14 19:00:00+00:00,93.34,93.35,93.27,93.3,91803.0,808.0,93.30066
SO,2026-08-14 19:05:00+00:00,93.31,93.31,93.22,93.245,50409.0,884.0,93.255755
SO,2026-08-14 19:10:00+00:00,93.26,93.3075,93.26,93.2791,24764.0,551.0,93.282566
SO,2026-08-14 19:15:00+00:00,93.275,93.28,93.2,93.2,43069.0,820.0,93.252591
SO,2026-08-14 19:20:00+00:00,93.19,93.215,93.16,93.1801,34377.0,622.0,93.192545
SO,2026-08-14 19:25:00+00:00,93.18,93.18,93.095,93.1,47238.0,819.0,93.154785
SO,2026-08-14 19:30:00+00:00,93.09,93.11,93.01,93.06,54971.0,869.0,93.05931
SO,2026-08-14 19:35:00+00:00,93.05,93.06,92.94,93.03,86121.0,1123.0,93.008444
SO,2026-08-14 19:40:00+00:00,93.03,93.05,92.95,93.03,64845.0,1015.0,93.002972
SO,2026-08-14 19:45:00+00:00,93.03,93.06,92.85,92.94,99871.0,1269.0,92.969465
SO,2026-08-14 19:50:00+00:00,92.95,92.995,92.88,92.9,201537.0,2334.0,92.918379
SO,2026-08-14 19:55:00+00:00,92.89,92.92,92.77,92.79,506358.0,5849.0,92.823433
SO,2026-08-14 20:00:00+00:00,92.8,92.8,92.8,92.8,1084968.0,80.0,92.8
SO,2026-08-14 21:20:00+00:00,93.0,93.0,93.0,93.0,500.0,1.0,93.0
SO,2026-08-17 11:00:00+00:00,92.0,92.0,92.0,92.0,177.0,13.0,92.0
SO,2026-08-17 11:25:00+00:00,92.0,92.0,92.0,92.0,505.0,2.0,92.0
SO,2026-08-17 11:30:00+00:00,91.95,91.95,91.95,91.95,200.0,1.0,91.95
SO,2026-08-17 11:50:00+00:00,91.95,91.95,91.95,91.95,100.0,1.0,91.95
SO,2026-08-17 12:15:00+00:00,91.87,91.87,91.8,91.8,1335.0,20.0,91.816004
SO,2026-08-17 12:55:00+00:00,92.2255,92.2255,92.2255,92.2255,100.0,1.0,92.2255
SO,2026-08-17 13:25:00+00:00,91.76,91.76,91.76,91.76,152.0,5.0,91.76
SO,2026-08-17 13:30:00+00:00,91.6,91.94,91.6,91.895,43007.0,594.0,91.672543
SO,2026-08-17 13:35:00+00:00,91.89,91.945,91.59,91.935,118496.0,1156.0,91.779869
SO,2026-08-17 13:40:00+00:00,91.9437,92.06,91.92,92.06,28572.0,551.0,91.978733
SO,2026-08-17 13:45:00+00:00,92.01,92.04,91.74,91.74,23044.0,522.0,91.885521
SO,2026-08-17 13:50:00+00:00,91.75,91.86,91.665,91.68,26902.0,665.0,91.76402
SO,2026-08-17 13:55:00+00:00,91.65,91.77,91.57,91.695,22287.0,525.0,91.681544
SO,2026-08-17 14:00:00+00:00,91.67,91.99,91.67,91.9,32155.0,570.0,91.88075
SO,2026-08-17 14:05:00+00:00,91.88,92.01,91.85,91.905,25992.0,691.0,91.954366
SO,2026-08-17 14:10:00+00:00,91.885,92.015,91.83,91.995,22535.0,627.0,91.894466
SO,2026-08-17 14:15:00+00:00,91.98,92.03,91.89,91.99,28336.0,775.0,91.94985
SO,2026-08-17 14:20:00+00:00,92.02,92.04,91.93,91.95,24945.0,637.0,91.982992
SO,2026-08-17 14:25:00+00:00,91.955,92.01,91.9,92.01,28654.0,691.0,91.952
SO,2026-08-17 14:30:00+00:00,92.02,92.1,92.005,92.06,25285.0,648.0,92.055312
SO,2026-08-17 14:35:00+00:00,92.1,92.1,91.895,91.895,41672.0,813.0,91.990135
SO,2026-08-17 14:40:00+00:00,91.89,91.95,91.83,91.85,25239.0,670.0,91.889638
SO,2026-08-17 14:45:00+00:00,91.89,92.015,91.875,92.015,22088.0,548.0,91.963263
SO,2026-08-17 14:50:00+00:00,92.01,92.05,91.98,92.01,22655.0,571.0,92.017171
SO,2026-08-17 14:55:00+00:00,91.995,92.06,91.88,91.93,33138.0,657.0,91.976214
SO,2026-08-17 15:00:00+00:00,91.92,91.935,91.85,91.885,21908.0,564.0,91.892587
SO,2026-08-17 15:05:00+00:00,91.91,91.91,91.765,91.81,24791.0,531.0,91.81095
SO,2026-08-17 15:10:00+00:00,91.81,91.87,91.69,91.74,83915.0,993.0,91.767435
SO,2026-08-17 15:15:00+00:00,91.74,91.76,91.6,91.63,181610.0,885.0,91.648919
SO,2026-08-17 15:20:00+00:00,91.63,91.7,91.58,91.68,49548.0,853.0,91.634093
SO,2026-08-17 15:25:00+00:00,91.7,91.83,91.6701,91.79,38387.0,736.0,91.758301
SO,2026-08-17 15:30:00+00:00,91.79,91.89,91.79,91.8499,36050.0,724.0,91.839838
SO,2026-08-17 15:35:00+00:00,91.83,91.83,91.75,91.8,60616.0,560.0,91.80497
SO,2026-08-17 15:40:00+00:00,91.81,91.94,91.79,91.87,48566.0,903.0,91.852642
SO,2026-08-17 15:45:00+00:00,91.875,91.94,91.87,91.92,15618.0,489.0,91.900898
SO,2026-08-17 15:50:00+00:00,91.925,91.98,91.9,91.91,17646.0,568.0,91.932849
SO,2026-08-17 15:55:00+00:00,91.9,92.03,91.9,91.985,19042.0,535.0,91.990277
SO,2026-08-17 16:00:00+00:00,91.97,92.04,91.905,92.0,36710.0,576.0,91.97928
SO,2026-08-17 16:05:00+00:00,91.97,92.07,91.94,92.07,18050.0,555.0,91.99425
SO,2026-08-17 16:10:00+00:00,92.05,92.1199,92.05,92.09,40330.0,634.0,92.087267
SO,2026-08-17 16:15:00+00:00,92.11,92.145,92.1,92.105,33270.0,443.0,92.109959
SO,2026-08-17 16:20:00+00:00,92.105,92.17,92.1,92.16,26999.0,626.0,92.134449
SO,2026-08-17 16:25:00+00:00,92.18,92.19,92.09,92.15,21350.0,580.0,92.132226
SO,2026-08-17 16:30:00+00:00,92.14,92.14,92.075,92.14,25246.0,634.0,92.104014
SO,2026-08-17 16:35:00+00:00,92.17,92.17,92.13,92.145,13781.0,424.0,92.151766
SO,2026-08-17 16:40:00+00:00,92.15,92.2,92.14,92.14,15542.0,447.0,92.170349
SO,2026-08-17 16:45:00+00:00,92.13,92.185,92.13,92.13,18118.0,419.0,92.146348
SO,2026-08-17 16:50:00+00:00,92.12,92.22,92.12,92.15,20053.0,577.0,92.175174
SO,2026-08-17 16:55:00+00:00,92.15,92.205,92.15,92.17,15514.0,568.0,92.172846
SO,2026-08-17 17:00:00+00:00,92.18,92.2,92.105,92.14,22595.0,480.0,92.156907
SO,2026-08-17 17:05:00+00:00,92.13,92.18,92.1,92.175,36087.0,499.0,92.134492
SO,2026-08-17 17:10:00+00:00,92.19,92.33,92.18,92.33,28815.0,618.0,92.226712
SO,2026-08-17 17:15:00+00:00,92.34,92.34,92.27,92.285,23571.0,570.0,92.305826
SO,2026-08-17 17:20:00+00:00,92.28,92.335,92.25,92.29,29453.0,664.0,92.29673
SO,2026-08-17 17:25:00+00:00,92.28,92.28,92.18,92.27,17680.0,440.0,92.22968
SO,2026-08-17 17:30:00+00:00,92.28,92.325,92.25,92.31,22838.0,661.0,92.284485
SO,2026-08-17 17:35:00+00:00,92.31,92.31,92.25,92.29,52535.0,727.0,92.279639
SO,2026-08-17 17:40:00+00:00,92.29,92.34,92.29,92.34,10182.0,351.0,92.314207
SO,2026-08-17 17:45:00+00:00,92.344,92.38,92.31,92.35,19413.0,631.0,92.339958
SO,2026-08-17 17:50:00+00:00,92.37,92.42,92.365,92.42,13749.0,397.0,92.381639
SO,2026-08-17 17:55:00+00:00,92.415,92.465,92.4,92.4601,23982.0,521.0,92.424885
SO,2026-08-17 18:00:00+00:00,92.47,92.54,92.47,92.5367,31970.0,621.0,92.501085
SO,2026-08-17 18:05:00+00:00,92.54,92.61,92.54,92.58,30578.0,637.0,92.572438
SO,2026-08-17 18:10:00+00:00,92.59,92.64,92.565,92.63,32601.0,652.0,92.587432
SO,2026-08-17 18:15:00+00:00,92.635,92.635,92.59,92.615,26963.0,616.0,92.609049
SO,2026-08-17 18:20:00+00:00,92.615,92.63,92.56,92.61,43525.0,771.0,92.588917
SO,2026-08-17 18:25:00+00:00,92.61,92.61,92.535,92.55,23406.0,518.0,92.576615
SO,2026-08-17 18:30:00+00:00,92.555,92.555,92.51,92.53,19259.0,572.0,92.53436
SO,2026-08-17 18:35:00+00:00,92.54,92.56,92.505,92.509,20963.0,536.0,92.529494
SO,2026-08-17 18:40:00+00:00,92.51,92.54,92.5,92.535,35181.0,632.0,92.512457
SO,2026-08-17 18:45:00+00:00,92.53,92.535,92.46,92.48,62523.0,869.0,92.506802
SO,2026-08-17 18:50:00+00:00,92.48,92.4899,92.36,92.38,73541.0,811.0,92.428171
SO,2026-08-17 18:55:00+00:00,92.375,92.44,92.36,92.435,19626.0,511.0,92.416596
SO,2026-08-17 19:00:00+00:00,92.435,92.45,92.36,92.39,40228.0,749.0,92.408657
SO,2026-08-17 19:05:00+00:00,92.4,92.435,92.38,92.43,19464.0,541.0,92.407188
SO,2026-08-17 19:10:00+00:00,92.425,92.51,92.425,92.49,23132.0,599.0,92.470201
SO,2026-08-17 19:15:00+00:00,92.495,92.5,92.4,92.45,39851.0,767.0,92.464765
SO,2026-08-17 19:20:00+00:00,92.455,92.47,92.4,92.405,31958.0,708.0,92.451722
SO,2026-08-17 19:25:00+00:00,92.405,92.415,92.33,92.39,34122.0,709.0,92.37092
SO,2026-08-17 19:30:00+00:00,92.385,92.41,92.305,92.4,64353.0,1088.0,92.35808
SO,2026-08-17 19:35:00+00:00,92.4,92.465,92.39,92.45,89426.0,1237.0,92.417572
SO,2026-08-17 19:40:00+00:00,92.45,92.52,92.36,92.43,80650.0,1350.0,92.443754
SO,2026-08-17 19:45:00+00:00,92.43,92.56,92.43,92.48,103784.0,1581.0,92.483534
SO,2026-08-17 19:50:00+00:00,92.49,92.53,92.44,92.46,125578.0,1886.0,92.480963
SO,2026-08-17 19:55:00+00:00,92.455,92.585,92.27,92.3,570580.0,7574.0,92.417615
SO,2026-08-17 20:00:00+00:00,92.31,92.31,92.29,92.29,959178.0,103.0,92.290024
SO,2026-08-18 09:50:00+00:00,92.74,92.74,92.74,92.74,239.0,8.0,92.74
SO,2026-08-18 10:05:00+00:00,92.8,92.8,92.8,92.8,1331.0,6.0,92.8
SO,2026-08-18 11:00:00+00:00,92.48,92.48,92.48,92.48,146.0,3.0,92.48
SO,2026-08-18 11:35:00+00:00,92.425,92.425,92.4,92.4,209.0,11.0,92.4125
SO,2026-08-18 12:20:00+00:00,92.89,92.89,92.89,92.89,500.0,1.0,92.89
SO,2026-08-18 13:20:00+00:00,92.93,92.93,92.93,92.93,623.0,10.0,92.93
SO,2026-08-18 13:25:00+00:00,93.0,93.0,93.0,93.0,520.0,18.0,93.0
SO,2026-08-18 13:30:00+00:00,93.16,93.475,92.25,93.135,168632.0,1447.0,93.366088
SO,2026-08-18 13:35:00+00:00,93.11,93.11,92.68,92.685,79124.0,1163.0,92.928719
SO,2026-08-18 13:40:00+00:00,92.67,93.0,92.635,92.985,48124.0,853.0,92.852535
SO,2026-08-18 13:45:00+00:00,92.9601,93.36,92.9601,93.27,58535.0,947.0,93.194045
SO,2026-08-18 13:50:00+00:00,93.29,93.32,93.18,93.235,42218.0,648.0,93.229303
SO,2026-08-18 13:55:00+00:00,93.24,93.27,92.96,92.98,32248.0,719.0,93.160435
SO,2026-08-18 14:00:00+00:00,92.96,92.96,92.59,92.66,57894.0,1110.0,92.793673
SO,2026-08-18 14:05:00+00:00,92.665,92.73,92.62,92.72,38894.0,992.0,92.669828
SO,2026-08-18 14:10:00+00:00,92.74,92.745,92.52,92.565,61048.0,1301.0,92.593471
SO,2026-08-18 14:15:00+00:00,92.57,92.619,92.52,92.57,39986.0,1133.0,92.571389
SO,2026-08-18 14:20:00+00:00,92.59,92.59,92.44,92.49,39828.0,978.0,92.539697
SO,2026-08-18 14:25:00+00:00,92.48,92.5,92.25,92.31,49568.0,849.0,92.319794
SO,2026-08-18 14:30:00+00:00,92.31,92.405,92.275,92.405,47108.0,952.0,92.344236
SO,2026-08-18 14:35:00+00:00,92.4,92.5,92.295,92.47,44508.0,900.0,92.427818
SO,2026-08-18 14:40:00+00:00,92.51,92.658,92.5016,92.61,92636.0,964.0,92.592109
SO,2026-08-18 14:45:00+00:00,92.62,92.65,92.48,92.505,20445.0,556.0,92.535164
SO,2026-08-18 14:50:00+00:00,92.52,92.71,92.48,92.69,32145.0,849.0,92.616618
SO,2026-08-18 14:55:00+00:00,92.69,92.71,92.61,92.71,42267.0,713.0,92.644613
SO,2026-08-18 15:00:00+00:00,92.665,92.67,92.57,92.595,27465.0,672.0,92.623119
SO,2026-08-18 15:05:00+00:00,92.6,92.755,92.6,92.71,39410.0,869.0,92.689117
SO,2026-08-18 15:10:00+00:00,92.71,92.725,92.43,92.43,28400.0,779.0,92.590208
SO,2026-08-18 15:15:00+00:00,92.3775,92.59,92.34,92.59,25824.0,775.0,92.423068
SO,2026-08-18 15:20:00+00:00,92.58,92.59,92.395,92.4,29343.0,604.0,92.458652
SO,2026-08-18 15:25:00+00:00,92.39,92.4301,92.35,92.41,18905.0,564.0,92.390678
SO,2026-08-18 15:30:00+00:00,92.41,92.46,92.39,92.41,35124.0,705.0,92.420068
SO,2026-08-18 15:35:00+00:00,92.39,92.42,92.35,92.39,27625.0,648.0,92.382214
SO,2026-08-18 15:40:00+00:00,92.395,92.43,92.36,92.37,32380.0,737.0,92.392655
SO,2026-08-18 15:45:00+00:00,92.36,92.435,92.32,92.37,39703.0,680.0,92.369605
SO,2026-08-18 15:50:00+00:00,92.35,92.47,92.35,92.4,21002.0,565.0,92.435028
SO,2026-08-18 15:55:00+00:00,92.41,92.4101,92.305,92.325,21381.0,530.0,92.36161
SO,2026-08-18 16:00:00+00:00,92.34,92.365,92.29,92.33,20569.0,516.0,92.327937
SO,2026-08-18 16:05:00+00:00,92.32,92.33,92.26,92.31,19319.0,531.0,92.30898
SO,2026-08-18 16:10:00+00:00,92.315,92.35,92.295,92.33,15330.0,412.0,92.31692
SO,2026-08-18 16:15:00+00:00,92.32,92.48,92.32,92.48,24082.0,518.0,92.414704
SO,2026-08-18 16:20:00+00:00,92.46,92.485,92.385,92.43,22116.0,551.0,92.43036
SO,2026-08-18 16:25:00+00:00,92.42,92.51,92.4,92.46,20118.0,508.0,92.4599
SO,2026-08-18 16:30:00+00:00,92.44,92.495,92.43,92.47,16753.0,473.0,92.45934
SO,2026-08-18 16:35:00+00:00,92.46,92.495,92.45,92.455,17923.0,456.0,92.467259
SO,2026-08-18 16:40:00+00:00,92.44,92.44,92.31,92.315,13969.0,542.0,92.384785
SO,2026-08-18 16:45:00+00:00,92.32,92.36,92.3,92.32,22161.0,522.0,92.319763
SO,2026-08-18 16:50:00+00:00,92.335,92.37,92.2712,92.275,36893.0,669.0,92.322434
SO,2026-08-18 16:55:00+00:00,92.275,92.36,92.275,92.36,22296.0,537.0,92.320032
SO,2026-08-18 17:00:00+00:00,92.37,92.41,92.3201,92.325,18298.0,507.0,92.36981
SO,2026-08-18 17:05:00+00:00,92.33,92.5,92.33,92.48,24342.0,584.0,92.410032
SO,2026-08-18 17:10:00+00:00,92.48,92.545,92.45,92.54,29918.0,572.0,92.495261
SO,2026-08-18 17:15:00+00:00,92.53,92.62,92.53,92.585,26540.0,466.0,92.592552
SO,2026-08-18 17:20:00+00:00,92.6,92.61,92.57,92.595,19270.0,493.0,92.588725
SO,2026-08-18 17:25:00+00:00,92.59,92.6,92.49,92.49,23103.0,516.0,92.537404
SO,2026-08-18 17:30:00+00:00,92.5,92.53,92.47,92.515,46465.0,739.0,92.494126
SO,2026-08-18 17:35:00+00:00,92.52,92.63,92.52,92.6,23135.0,594.0,92.582573
SO,2026-08-18 17:40:00+00:00,92.6,92.619,92.56,92.575,18566.0,497.0,92.582171
SO,2026-08-18 17:45:00+00:00,92.57,92.57,92.41,92.43,35722.0,704.0,92.491243
SO,2026-08-18 17:50:00+00:00,92.43,92.46,92.41,92.45,16086.0,593.0,92.431752
SO,2026-08-18 17:55:00+00:00,92.45,92.45,92.33,92.38,24022.0,617.0,92.386195
SO,2026-08-18 18:00:00+00:00,92.39,92.42,92.31,92.34,38966.0,824.0,92.350748
SO,2026-08-18 18:05:00+00:00,92.32,92.42,92.275,92.39,37072.0,832.0,92.348302
SO,2026-08-18 18:10:00+00:00,92.42,92.44,92.35,92.37,22623.0,710.0,92.395948
SO,2026-08-18 18:15:00+00:00,92.37,92.405,92.31,92.33,19856.0,523.0,92.360259
SO,2026-08-18 18:20:00+00:00,92.32,92.325,92.27,92.275,20015.0,488.0,92.297515
SO,2026-08-18 18:25:00+00:00,92.28,92.33,92.2699,92.315,18516.0,550.0,92.302862
SO,2026-08-18 18:30:00+00:00,92.32,92.385,92.28,92.3,23874.0,598.0,92.317377
SO,2026-08-18 18:35:00+00:00,92.3,92.31,92.23,92.235,19907.0,563.0,92.258283
SO,2026-08-18 18:40:00+00:00,92.23,92.24,92.17,92.18,19116.0,574.0,92.20515
SO,2026-08-18 18:45:00+00:00,92.16,92.19,92.13,92.18,21093.0,687.0,92.168947
SO,2026-08-18 18:50:00+00:00,92.18,92.23,92.1,92.13,21598.0,556.0,92.158327
SO,2026-08-18 18:55:00+00:00,92.15,92.19,92.105,92.14,22528.0,597.0,92.136349
SO,2026-08-18 19:00:00+00:00,92.15,92.26,92.15,92.2,37557.0,829.0,92.211662
SO,2026-08-18 19:05:00+00:00,92.215,92.28,92.18,92.19,42652.0,696.0,92.234926
SO,2026-08-18 19:10:00+00:00,92.185,92.2099,92.09,92.09,51533.0,803.0,92.160844
SO,2026-08-18 19:15:00+00:00,92.08,92.185,92.0751,92.18,26252.0,783.0,92.12574
SO,2026-08-18 19:20:00+00:00,92.18,92.285,92.17,92.24,30238.0,836.0,92.221492
SO,2026-08-18 19:25:00+00:00,92.245,92.25,92.13,92.15,31059.0,808.0,92.174466
SO,2026-08-18 19:30:00+00:00,92.14,92.19,92.1,92.15,75905.0,1218.0,92.14718
SO,2026-08-18 19:35:00+00:00,92.13,92.26,92.115,92.19,53297.0,965.0,92.186693
SO,2026-08-18 19:40:00+00:00,92.19,92.24,92.16,92.22,50773.0,1205.0,92.195708
SO,2026-08-18 19:45:00+00:00,92.21,92.26,92.13,92.2,94190.0,1461.0,92.194019
SO,2026-08-18 19:50:00+00:00,92.19,92.24,92.04,92.21,106663.0,2262.0,92.136314
SO,2026-08-18 19:55:00+00:00,92.2,92.22,92.01,92.07,385614.0,5938.0,92.118303
SO,2026-08-18 20:00:00+00:00,92.08,92.08,92.07,92.07,985358.0,100.0,92.070001
SO,2026-08-19 12:45:00+00:00,92.46,92.5,92.46,92.5,750.0,2.0,92.494667
SO,2026-08-19 12:50:00+00:00,92.5,92.5,92.5,92.5,860.0,4.0,92.5
SO,2026-08-19 13:30:00+00:00,92.56,92.56,92.07,92.445,51787.0,501.0,92.481541
SO,2026-08-19 13:35:00+00:00,92.52,92.71,92.45,92.625,36288.0,478.0,92.570352
SO,2026-08-19 13:40:00+00:00,92.586,92.73,92.5,92.59,20276.0,369.0,92.614346
SO,2026-08-19 13:45:00+00:00,92.61,92.77,92.5,92.6459,31702.0,558.0,92.621968
SO,2026-08-19 13:50:00+00:00,92.64,92.92,92.595,92.84,42266.0,977.0,92.810813
SO,2026-08-19 13:55:00+00:00,92.84,92.845,92.455,92.47,35668.0,767.0,92.661561
SO,2026-08-19 14:00:00+00:00,92.46,92.5,92.32,92.34,35462.0,701.0,92.425799
SO,2026-08-19 14:05:00+00:00,92.33,92.47,92.245,92.47,25453.0,560.0,92.308732
SO,2026-08-19 14:10:00+00:00,92.48,92.685,92.48,92.605,23985.0,691.0,92.621337
SO,2026-08-19 14:15:00+00:00,92.585,92.69,92.56,92.63,39096.0,742.0,92.602744
SO,2026-08-19 14:20:00+00:00,92.64,92.73,92.5,92.6,27037.0,575.0,92.60539
SO,2026-08-19 14:25:00+00:00,92.6,92.63,92.25,92.26,22563.0,580.0,92.429496
SO,2026-08-19 14:30:00+00:00,92.22,92.3501,92.165,92.31,27471.0,776.0,92.245645
SO,2026-08-19 14:35:00+00:00,92.3,92.315,92.1,92.15,23950.0,730.0,92.183202
SO,2026-08-19 14:40:00+00:00,92.11,92.22,92.0948,92.21,20302.0,640.0,92.153289
SO,2026-08-19 14:45:00+00:00,92.2,92.29,92.125,92.17,21234.0,567.0,92.203751
SO,2026-08-19 14:50:00+00:00,92.185,92.185,92.03,92.065,29239.0,646.0,92.102503
SO,2026-08-19 14:55:00+00:00,92.045,92.355,92.045,92.34,27171.0,690.0,92.235373
SO,2026-08-19 15:00:00+00:00,92.335,92.36,92.19,92.36,36899.0,730.0,92.250867
SO,2026-08-19 15:05:00+00:00,92.365,92.39,92.23,92.31,29705.0,610.0,92.295019
SO,2026-08-19 15:10:00+00:00,92.28,92.28,92.065,92.065,21930.0,550.0,92.165021
SO,2026-08-19 15:15:00+00:00,92.07,92.075,91.945,91.975,25184.0,741.0,91.993473
SO,2026-08-19 15:20:00+00:00,91.97,92.01,91.855,91.865,25481.0,618.0,91.927378
SO,2026-08-19 15:25:00+00:00,91.86,91.93,91.82,91.905,23767.0,583.0,91.871643
SO,2026-08-19 15:30:00+00:00,91.89,91.92,91.74,91.78,39726.0,675.0,91.801035
SO,2026-08-19 15:35:00+00:00,91.7799,91.79,91.725,91.74,18482.0,456.0,91.757292
SO,2026-08-19 15:40:00+00:00,91.74,91.76,91.64,91.665,41015.0,661.0,91.711949
SO,2026-08-19 15:45:00+00:00,91.67,91.71,91.5941,91.65,56028.0,831.0,91.65084
SO,2026-08-19 15:50:00+00:00,91.65,91.75,91.61,91.745,25359.0,598.0,91.695572
SO,2026-08-19 15:55:00+00:00,91.74,91.78,91.73,91.74,16062.0,506.0,91.754497
SO,2026-08-19 16:00:00+00:00,91.76,91.79,91.63,91.64,25426.0,587.0,91.709689
SO,2026-08-19 16:05:00+00:00,91.63,91.7,91.58,91.62,23820.0,545.0,91.638134
SO,2026-08-19 16:10:00+00:00,91.64,91.68,91.59,91.68,15637.0,469.0,91.633645
SO,2026-08-19 16:15:00+00:00,91.69,91.8,91.63,91.775,129496.0,1026.0,91.698756
SO,2026-08-19 16:20:00+00:00,91.78,91.8,91.72,91.77,21882.0,603.0,91.769581
SO,2026-08-19 16:25:00+00:00,91.77,91.91,91.77,91.86,36958.0,610.0,91.851545
SO,2026-08-19 16:30:00+00:00,91.855,91.92,91.84,91.91,15566.0,426.0,91.878063
SO,2026-08-19 16:35:00+00:00,91.9,92.04,91.87,92.04,15988.0,490.0,91.969596
SO,2026-08-19 16:40:00+00:00,92.03,92.03,91.91,91.93,14639.0,438.0,91.943857
SO,2026-08-19 16:45:00+00:00,91.94,92.005,91.94,91.97,16237.0,486.0,91.976488
SO,2026-08-19 16:50:00+00:00,91.98,91.98,91.89,91.94,17267.0,527.0,91.934497
SO,2026-08-19 16:55:00+00:00,91.9453,91.95,91.85,91.89,44982.0,466.0,91.897411
SO,2026-08-19 17:00:00+00:00,91.88,92.01,91.88,91.93,17804.0,571.0,91.943734
SO,2026-08-19 17:05:00+00:00,91.91,91.9399,91.835,91.85,18267.0,486.0,91.889055
SO,2026-08-19 17:10:00+00:00,91.84,91.92,91.84,91.9,30095.0,604.0,91.872244
SO,2026-08-19 17:15:00+00:00,91.91,92.065,91.91,92.04,14989.0,495.0,91.990507
SO,2026-08-19 17:20:00+00:00,92.055,92.12,92.0301,92.12,15026.0,473.0,92.067247
SO,2026-08-19 17:25:00+00:00,92.11,92.14,92.09,92.12,19574.0,421.0,92.115704
SO,2026-08-19 17:30:00+00:00,92.1281,92.1555,92.07,92.0803,24150.0,555.0,92.121754
SO,2026-08-19 17:35:00+00:00,92.07,92.135,92.04,92.1201,17666.0,453.0,92.090729
SO,2026-08-19 17:40:00+00:00,92.125,92.2,92.125,92.18,19048.0,416.0,92.165833
SO,2026-08-19 17:45:00+00:00,92.175,92.23,92.15,92.2,17120.0,441.0,92.193673
SO,2026-08-19 17:50:00+00:00,92.205,92.265,92.2,92.26,14343.0,517.0,92.229025
SO,2026-08-19 17:55:00+00:00,92.27,92.275,92.245,92.25,19800.0,463.0,92.262714
SO,2026-08-19 18:00:00+00:00,92.25,92.32,92.25,92.285,21167.0,622.0,92.29035
SO,2026-08-19 18:05:00+00:00,92.285,92.41,92.285,92.41,37571.0,805.0,92.366468
SO,2026-08-19 18:10:00+00:00,92.41,92.445,92.395,92.44,19733.0,544.0,92.414008
SO,2026-08-19 18:15:00+00:00,92.44,92.46,92.38,92.38,16457.0,475.0,92.426031
SO,2026-08-19 18:20:00+00:00,92.395,92.41,92.35,92.39,22337.0,536.0,92.377096
SO,2026-08-19 18:25:00+00:00,92.39,92.4,92.36,92.385,19608.0,467.0,92.37492
SO,2026-08-19 18:30:00+00:00,92.37,92.38,92.29,92.34,17252.0,557.0,92.346863
SO,2026-08-19 18:35:00+00:00,92.34,92.44,92.34,92.44,15663.0,398.0,92.391598
SO,2026-08-19 18:40:00+00:00,92.43,92.46,92.35,92.35,18663.0,445.0,92.420985
SO,2026-08-19 18:45:00+00:00,92.34,92.41,92.315,92.32,15950.0,483.0,92.361164
SO,2026-08-19 18:50:00+00:00,92.32,92.345,92.265,92.305,25332.0,544.0,92.31941
SO,2026-08-19 18:55:00+00:00,92.31,92.33,92.2401,92.25,14811.0,475.0,92.293801
SO,2026-08-19 19:00:00+00:00,92.245,92.325,92.24,92.32,29425.0,613.0,92.27385
SO,2026-08-19 19:05:00+00:00,92.32,92.33,92.26,92.285,32179.0,650.0,92.300909
SO,2026-08-19 19:10:00+00:00,92.29,92.3,92.19,92.205,28419.0,649.0,92.228433
SO,2026-08-19 19:15:00+00:00,92.19,92.22,92.18,92.21,34754.0,621.0,92.198994
SO,2026-08-19 19:20:00+00:00,92.195,92.195,92.11,92.1697,27668.0,672.0,92.161729
SO,2026-08-19 19:25:00+00:00,92.16,92.165,92.075,92.165,32265.0,767.0,92.118465
SO,2026-08-19 19:30:00+00:00,92.19,92.3,92.17,92.25,50499.0,979.0,92.215108
SO,2026-08-19 19:35:00+00:00,92.25,92.33,92.225,92.31,36173.0,941.0,92.286679
SO,2026-08-19 19:40:00+00:00,92.315,92.36,92.27,92.27,39486.0,1099.0,92.315767
SO,2026-08-19 19:45:00+00:00,92.26,92.3254,92.19,92.3,68442.0,1369.0,92.254998
SO,2026-08-19 19:50:00+00:00,92.31,92.37,92.19,92.325,124725.0,2960.0,92.306542
SO,2026-08-19 19:55:00+00:00,92.33,92.38,92.17,92.21,634083.0,8592.0,92.229904
SO,2026-08-19 20:00:00+00:00,92.19,92.19,92.19,92.19,1304062.0,87.0,92.19
SO,2026-08-19 23:15:00+00:00,92.25,92.25,92.25,92.25,222.0,3.0,92.25
SO,2026-08-20 11:00:00+00:00,92.25,92.25,92.25,92.25,509.0,4.0,92.25
SO,2026-08-20 11:10:00+00:00,92.79,92.79,92.79,92.79,101.0,2.0,92.79
SO,2026-08-20 13:25:00+00:00,91.75,91.75,91.75,91.75,184.0,3.0,91.75
SO,2026-08-20 13:30:00+00:00,91.75,92.17,91.65,92.17,86016.0,627.0,91.853105
SO,2026-08-20 13:35:00+00:00,92.25,92.58,92.18,92.58,35660.0,481.0,92.335228
SO,2026-08-20 13:40:00+00:00,92.5811,92.5811,92.31,92.385,31671.0,518.0,92.434085
SO,2026-08-20 13:45:00+00:00,92.37,92.65,92.35,92.465,41366.0,654.0,92.495167
SO,2026-08-20 13:50:00+00:00,92.495,92.62,92.38,92.43,43603.0,744.0,92.49958
SO,2026-08-20 13:55:00+00:00,92.41,92.46,92.26,92.3,162595.0,759.0,92.338577
SO,2026-08-20 14:00:00+00:00,92.26,92.35,92.18,92.27,22315.0,615.0,92.238959
SO,2026-08-20 14:05:00+00:00,92.25,92.395,92.21,92.21,52724.0,728.0,92.309634
SO,2026-08-20 14:10:00+00:00,92.2,92.3309,92.18,92.22,38877.0,548.0,92.250829
SO,2026-08-20 14:15:00+00:00,92.2313,92.36,92.185,92.36,107263.0,1035.0,92.287164
SO,2026-08-20 14:20:00+00:00,92.405,92.405,92.11,92.11,129647.0,717.0,92.334072
SO,2026-08-20 14:25:00+00:00,92.13,92.15,92.04,92.04,23457.0,579.0,92.108679
SO,2026-08-20 14:30:00+00:00,92.04,92.1,91.985,92.07,17458.0,546.0,92.039209
SO,2026-08-20 14:35:00+00:00,92.09,92.11,91.97,92.085,39919.0,643.0,92.078713
SO,2026-08-20 14:40:00+00:00,92.02,92.07,91.94,92.0677,73298.0,956.0,91.996257
SO,2026-08-20 14:45:00+00:00,92.07,92.21,92.02,92.16,90451.0,1220.0,92.108892
SO,2026-08-20 14:50:00+00:00,92.18,92.18,92.035,92.05,31063.0,637.0,92.118906
SO,2026-08-20 14:55:00+00:00,92.04,92.15,91.98,92.13,44306.0,852.0,92.031829
SO,2026-08-20 15:00:00+00:00,92.13,92.23,92.11,92.19,48966.0,711.0,92.160492
SO,2026-08-20 15:05:00+00:00,92.19,92.38,92.19,92.355,48442.0,941.0,92.275112
SO,2026-08-20 15:10:00+00:00,92.35,92.45,92.34,92.4,47605.0,524.0,92.377325
SO,2026-08-20 15:15:00+00:00,92.41,92.53,92.385,92.46,62088.0,598.0,92.461273
SO,2026-08-20 15:20:00+00:00,92.44,92.49,92.15,92.17,46542.0,915.0,92.384513
SO,2026-08-20 15:25:00+00:00,92.165,92.29,92.165,92.27,16941.0,522.0,92.234363
SO,2026-08-20 15:30:00+00:00,92.27,92.29,92.165,92.22,27705.0,612.0,92.217874
SO,2026-08-20 15:35:00+00:00,92.235,92.29,92.185,92.28,30662.0,525.0,92.251786
SO,2026-08-20 15:40:00+00:00,92.265,92.36,92.22,92.35,44700.0,664.0,92.273669
SO,2026-08-20 15:45:00+00:00,92.36,92.36,92.25,92.28,18904.0,553.0,92.297375
SO,2026-08-20 15:50:00+00:00,92.27,92.365,92.24,92.3,72528.0,878.0,92.305945
SO,2026-08-20 15:55:00+00:00,92.32,92.33,92.18,92.2004,25963.0,544.0,92.285894
SO,2026-08-20 16:00:00+00:00,92.1787,92.18,92.02,92.11,19158.0,469.0,92.10407
SO,2026-08-20 16:05:00+00:00,92.12,92.165,92.08,92.11,43148.0,593.0,92.130124
SO,2026-08-20 16:10:00+00:00,92.1,92.155,92.085,92.1,27741.0,599.0,92.118546
SO,2026-08-20 16:15:00+00:00,92.08,92.16,92.07,92.09,54690.0,649.0,92.12942
SO,2026-08-20 16:20:00+00:00,92.055,92.09,91.99,91.99,20493.0,597.0,92.062873
SO,2026-08-20 16:25:00+00:00,91.985,92.04,91.865,91.88,30527.0,613.0,91.954796
SO,2026-08-20 16:30:00+00:00,91.89,91.97,91.75,91.78,30124.0,597.0,91.881967
SO,2026-08-20 16:35:00+00:00,91.785,91.815,91.75,91.765,27163.0,478.0,91.778309
SO,2026-08-20 16:40:00+00:00,91.78,91.8,91.7101,91.73,22101.0,530.0,91.743994
SO,2026-08-20 16:45:00+00:00,91.725,91.76,91.71,91.73,29202.0,533.0,91.730172
SO,2026-08-20 16:50:00+00:00,91.7392,91.74,91.625,91.64,24737.0,494.0,91.695547
SO,2026-08-20 16:55:00+00:00,91.62,91.67,91.6,91.61,32245.0,522.0,91.629046
SO,2026-08-20 17:00:00+00:00,91.61,91.71,91.59,91.6,29895.0,728.0,91.64097
SO,2026-08-20 17:05:00+00:00,91.58,91.65,91.58,91.59,31593.0,649.0,91.610664
SO,2026-08-20 17:10:00+00:00,91.595,91.695,91.59,91.695,39916.0,589.0,91.629857
SO,2026-08-20 17:15:00+00:00,91.71,91.74,91.65,91.68,50050.0,664.0,91.691304
SO,2026-08-20 17:20:00+00:00,91.68,91.73,91.62,91.63,24709.0,681.0,91.670432
SO,2026-08-20 17:25:00+00:00,91.64,91.67,91.575,91.66,25893.0,651.0,91.628165
SO,2026-08-20 17:30:00+00:00,91.665,91.755,91.65,91.72,35574.0,753.0,91.704611
SO,2026-08-20 17:35:00+00:00,91.73,91.79,91.725,91.745,32873.0,745.0,91.762464
SO,2026-08-20 17:40:00+00:00,91.745,91.79,91.705,91.78,30627.0,583.0,91.748803
SO,2026-08-20 17:45:00+00:00,91.78,91.8,91.735,91.79,25920.0,664.0,91.763237
SO,2026-08-20 17:50:00+00:00,91.79,91.88,91.79,91.865,24061.0,677.0,91.833099
SO,2026-08-20 17:55:00+00:00,91.87,91.87,91.78,91.84,23357.0,806.0,91.831456
SO,2026-08-20 18:00:00+00:00,91.85,91.86,91.785,91.82,23637.0,742.0,91.825717
SO,2026-08-20 18:05:00+00:00,91.835,91.91,91.83,91.89,33711.0,691.0,91.87559
SO,2026-08-20 18:10:00+00:00,91.89,91.92,91.83,91.89,70134.0,820.0,91.847726
SO,2026-08-20 18:15:00+00:00,91.88,91.97,91.85,91.88,28193.0,877.0,91.905354
SO,2026-08-20 18:20:00+00:00,91.87,91.97,91.86,91.97,29427.0,810.0,91.906159
SO,2026-08-20 18:25:00+00:00,91.96,91.99,91.94,91.96,25486.0,770.0,91.963569
SO,2026-08-20 18:30:00+00:00,91.94,91.94,91.875,91.91,28570.0,777.0,91.903443
SO,2026-08-20 18:35:00+00:00,91.915,92.0,91.9,92.0,26323.0,768.0,91.936601
SO,2026-08-20 18:40:00+00:00,92.0,92.05,91.96,92.03,33473.0,764.0,92.014307
SO,2026-08-20 18:45:00+00:00,92.03,92.03,91.85,91.86,52256.0,986.0,91.924506
SO,2026-08-20 18:50:00+00:00,91.83,91.87,91.753,91.87,44962.0,1017.0,91.808982
SO,2026-08-20 18:55:00+00:00,91.86,91.86,91.8,91.81,18831.0,539.0,91.82604
SO,2026-08-20 19:00:00+00:00,91.8,91.81,91.71,91.72,30641.0,787.0,91.771486
SO,2026-08-20 19:05:00+00:00,91.72,91.8,91.7,91.76,36994.0,950.0,91.740013
SO,2026-08-20 19:10:00+00:00,91.76,91.78,91.68,91.72,24559.0,701.0,91.721254
SO,2026-08-20 19:15:00+00:00,91.72,91.74,91.625,91.65,30913.0,829.0,91.678735
SO,2026-08-20 19:20:00+00:00,91.648,91.65,91.545,91.58,29313.0,784.0,91.590601
SO,2026-08-20 19:25:00+00:00,91.57,91.64,91.57,91.6,30269.0,800.0,91.601283
SO,2026-08-20 19:30:00+00:00,91.59,91.6799,91.585,91.66,41014.0,1054.0,91.63038
SO,2026-08-20 19:35:00+00:00,91.66,91.7699,91.6,91.71,47128.0,1154.0,91.706791
SO,2026-08-20 19:40:00+00:00,91.711,91.78,91.665,91.74,35586.0,928.0,91.72398
SO,2026-08-20 19:45:00+00:00,91.74,91.765,91.65,91.72,91005.0,1533.0,91.720905
SO,2026-08-20 19:50:00+00:00,91.68,91.7,91.58,91.64,79620.0,1948.0,91.647116
SO,2026-08-20 19:55:00+00:00,91.66,91.67,91.41,91.48,386127.0,6441.0,91.473365
SO,2026-08-20 20:00:00+00:00,91.43,91.43,91.43,91.43,65062.0,71.0,91.43
SO,2026-08-20 20:20:00+00:00,91.51,91.51,91.51,91.51,480.0,36.0,91.51
SO,2026-08-21 12:40:00+00:00,91.8,91.8,91.8,91.8,101.0,2.0,91.8
SO,2026-08-21 13:25:00+00:00,91.35,91.67,91.35,91.67,719.0,16.0,91.579008
SO,2026-08-21 13:30:00+00:00,91.48,91.65,91.07,91.095,443687.0,919.0,91.437854
SO,2026-08-21 13:35:00+00:00,91.05,91.23,90.81,90.81,108489.0,1232.0,91.056828
SO,2026-08-21 13:40:00+00:00,90.82,91.09,90.81,91.01,24089.0,612.0,90.939057
SO,2026-08-21 13:45:00+00:00,90.98,91.1,90.9,90.99,123989.0,1273.0,90.96522
SO,2026-08-21 13:50:00+00:00,91.06,91.29,91.06,91.12,71199.0,955.0,91.20554
SO,2026-08-21 13:55:00+00:00,91.09,91.23,91.055,91.055,26805.0,562.0,91.139521
SO,2026-08-21 14:00:00+00:00,91.07,91.17,91.0,91.03,90205.0,700.0,91.05863
SO,2026-08-21 14:05:00+00:00,91.04,91.19,91.04,91.11,20018.0,550.0,91.118805
SO,2026-08-21 14:10:00+00:00,91.12,91.12,90.92,91.01,46956.0,931.0,91.007188
SO,2026-08-21 14:15:00+00:00,91.02,91.02,90.8475,90.965,55529.0,784.0,90.904879
SO,2026-08-21 14:20:00+00:00,90.985,91.04,90.84,90.85,31956.0,639.0,90.9735
SO,2026-08-21 14:25:00+00:00,90.86,90.86,90.62,90.62,32205.0,791.0,90.737669
SO,2026-08-21 14:30:00+00:00,90.635,90.66,90.4588,90.62,42905.0,1159.0,90.538727
SO,2026-08-21 14:35:00+00:00,90.6,90.6,90.35,90.36,37807.0,944.0,90.442235
SO,2026-08-21 14:40:00+00:00,90.35,90.42,90.17,90.19,60339.0,1340.0,90.322505
SO,2026-08-21 14:45:00+00:00,90.17,90.34,90.152,90.225,41968.0,933.0,90.216047
SO,2026-08-21 14:50:00+00:00,90.225,90.27,90.16,90.17,28977.0,786.0,90.224002
SO,2026-08-21 14:55:00+00:00,90.17,90.28,90.135,90.28,33432.0,942.0,90.190033
SO,2026-08-21 15:00:00+00:00,90.27,90.27,90.18,90.23,43578.0,1000.0,90.208896
SO,2026-08-21 15:05:00+00:00,90.225,90.365,90.16,90.16,34841.0,834.0,90.246819
SO,2026-08-21 15:10:00+00:00,90.17,90.26,90.04,90.05,75917.0,1358.0,90.134885
SO,2026-08-21 15:15:00+00:00,90.06,90.12,90.02,90.12,40136.0,890.0,90.059828
SO,2026-08-21 15:20:00+00:00,90.12,90.14,89.87,89.9,119971.0,1668.0,89.978647
SO,2026-08-21 15:25:00+00:00,89.9,90.04,89.88,89.94,77614.0,1200.0,89.962182
SO,2026-08-21 15:30:00+00:00,89.93,89.97,89.89,89.96,45584.0,861.0,89.933222
SO,2026-08-21 15:35:00+00:00,89.97,89.98,89.86,89.94,40573.0,870.0,89.901183
SO,2026-08-21 15:40:00+00:00,89.97,90.0775,89.92,90.075,40006.0,803.0,89.971306
SO,2026-08-21 15:45:00+00:00,90.07,90.2594,90.07,90.205,25709.0,672.0,90.191518
SO,2026-08-21 15:50:00+00:00,90.21,90.22,90.08,90.095,43275.0,880.0,90.117776
SO,2026-08-21 15:55:00+00:00,90.095,90.21,90.09,90.2,26264.0,714.0,90.159683
SO,2026-08-21 16:00:00+00:00,90.2,90.26,90.17,90.185,29209.0,718.0,90.208016
SO,2026-08-21 16:05:00+00:00,90.15,90.17,90.1,90.17,16015.0,508.0,90.134198
SO,2026-08-21 16:10:00+00:00,90.165,90.165,90.1,90.14,26727.0,529.0,90.12493
SO,2026-08-21 16:15:00+00:00,90.14,90.15,90.095,90.12,26702.0,640.0,90.119425
SO,2026-08-21 16:20:00+00:00,90.11,90.2,90.08,90.1999,24685.0,648.0,90.122802
SO,2026-08-21 16:25:00+00:00,90.185,90.29,90.185,90.2,21722.0,568.0,90.230608
SO,2026-08-21 16:30:00+00:00,90.22,90.22,90.085,90.1527,24538.0,498.0,90.133411
SO,2026-08-21 16:35:00+00:00,90.155,90.22,90.13,90.21,11829.0,376.0,90.190784
SO,2026-08-21 16:40:00+00:00,90.2,90.2,90.14,90.14,15394.0,475.0,90.17641
SO,2026-08-21 16:45:00+00:00,90.14,90.16,90.11,90.16,14334.0,415.0,90.141678
SO,2026-08-21 16:50:00+00:00,90.15,90.16,90.12,90.14,24230.0,573.0,90.144678
SO,2026-08-21 16:55:00+00:00,90.12,90.14,90.0,90.005,92535.0,1157.0,90.07716
SO,2026-08-21 17:00:00+00:00,90.0,90.03,89.945,89.95,33880.0,743.0,89.988104
SO,2026-08-21 17:05:00+00:00,89.975,89.99,89.9,89.99,26007.0,711.0,89.930683
SO,2026-08-21 17:10:00+00:00,90.0,90.09,89.99,90.04,77470.0,522.0,90.031534
SO,2026-08-21 17:15:00+00:00,90.06,90.065,90.01,90.04,19903.0,503.0,90.035928
SO,2026-08-21 17:20:00+00:00,90.045,90.045,89.94,89.95,17016.0,541.0,89.981797
SO,2026-08-21 17:25:00+00:00,89.96,90.0,89.94,89.97,19403.0,571.0,89.965561
SO,2026-08-21 17:30:00+00:00,89.97,90.06,89.92,89.92,30466.0,716.0,89.993349
SO,2026-08-21 17:35:00+00:00,89.92,90.0,89.92,89.98,21272.0,593.0,89.955489
SO,2026-08-21 17:40:00+00:00,90.0173,90.105,90.015,90.045,16790.0,531.0,90.062878
SO,2026-08-21 17:45:00+00:00,90.045,90.06,89.985,90.0,20337.0,541.0,90.023601
SO,2026-08-21 17:50:00+00:00,90.0,90.0,89.8464,89.8464,60638.0,1029.0,89.913658
SO,2026-08-21 17:55:00+00:00,89.845,89.91,89.805,89.9,76741.0,989.0,89.851088
SO,2026-08-21 18:00:00+00:00,89.9,89.96,89.84,89.86,103222.0,771.0,89.885063
SO,2026-08-21 18:05:00+00:00,89.8403,89.93,89.835,89.8999,60326.0,597.0,89.91046
SO,2026-08-21 18:10:00+00:00,89.89,89.915,89.84,89.89,40380.0,878.0,89.875489
SO,2026-08-21 18:15:00+00:00,89.8801,89.92,89.865,89.89,21144.0,531.0,89.887508
SO,2026-08-21 18:20:00+00:00,89.89,89.95,89.885,89.91,19651.0,628.0,89.917149
SO,2026-08-21 18:25:00+00:00,89.9,89.915,89.88,89.905,22842.0,681.0,89.897518
SO,2026-08-21 18:30:00+00:00,89.9,89.91,89.8243,89.8243,23256.0,741.0,89.865874
SO,2026-08-21 18:35:00+00:00,89.825,89.84,89.76,89.7712,58595.0,1058.0,89.801706
SO,2026-08-21 18:40:00+00:00,89.77,89.81,89.7525,89.79,48219.0,1062.0,89.776353
SO,2026-08-21 18:45:00+00:00,89.79,89.8,89.6703,89.69,45362.0,902.0,89.726132
SO,2026-08-21 18:50:00+00:00,89.68,89.68,89.58,89.59,29434.0,803.0,89.634034
SO,2026-08-21 18:55:00+00:00,89.59,89.59,89.5101,89.535,38997.0,932.0,89.547716
SO,2026-08-21 19:00:00+00:00,89.54,89.55,89.46,89.49,49737.0,1067.0,89.504649
SO,2026-08-21 19:05:00+00:00,89.49,89.545,89.485,89.53,45635.0,806.0,89.506303
SO,2026-08-21 19:10:00+00:00,89.52,89.525,89.355,89.39,79233.0,1195.0,89.44219
SO,2026-08-21 19:15:00+00:00,89.395,89.405,89.28,89.3,49124.0,1120.0,89.365029
SO,2026-08-21 19:20:00+00:00,89.29,89.33,89.25,89.265,86013.0,1463.0,89.292106
SO,2026-08-21 19:25:00+00:00,89.25,89.25,89.18,89.22,70986.0,1510.0,89.21141
SO,2026-08-21 19:30:00+00:00,89.21,89.275,89.165,89.21,78575.0,1616.0,89.229571
SO,2026-08-21 19:35:00+00:00,89.205,89.24,89.13,89.15,101810.0,1396.0,89.178992
SO,2026-08-21 19:40:00+00:00,89.15,89.37,89.09,89.37,103418.0,1659.0,89.229927
SO,2026-08-21 19:45:00+00:00,89.36,89.39,89.15,89.15,131867.0,2063.0,89.257622
SO,2026-08-21 19:50:00+00:00,89.2,89.2,89.06,89.13,156924.0,2671.0,89.105445
SO,2026-08-21 19:55:00+00:00,89.13,89.19,88.91,88.97,481798.0,7005.0,89.052931
SO,2026-08-21 20:00:00+00:00,88.98,88.98,88.94,88.94,1868615.0,115.0,88.940326
SO,2026-08-21 20:05:00+00:00,88.95,88.95,88.95,88.95,1000.0,1.0,88.95
SO,2026-08-21 20:45:00+00:00,89.06,89.06,89.06,89.06,199.0,2.0,89.06
SO,2026-08-21 22:25:00+00:00,89.26,89.26,89.25,89.25,442.0,3.0,89.254785
SO,2026-08-21 22:45:00+00:00,89.27,89.27,89.26,89.26,200.0,2.0,89.265
SO,2026-08-21 23:05:00+00:00,89.67,89.67,89.67,89.67,146.0,1.0,89.67
SO,2026-08-24 11:00:00+00:00,89.5,89.5,89.5,89.5,357.0,8.0,89.5
SO,2026-08-24 13:05:00+00:00,89.38,89.38,89.38,89.38,13501.0,2.0,89.38
SO,2026-08-24 13:20:00+00:00,89.47,89.47,89.47,89.47,100.0,1.0,89.47
SO,2026-08-24 13:25:00+00:00,89.26,89.26,89.0,89.0,1387.0,54.0,89.06105
SO,2026-08-24 13:30:00+00:00,89.06,89.5697,89.055,89.31,139209.0,1216.0,89.208846
SO,2026-08-24 13:35:00+00:00,89.29,89.37,89.055,89.17,75047.0,1113.0,89.262886
SO,2026-08-24 13:40:00+00:00,89.18,89.57,89.18,89.49,49062.0,824.0,89.404837
SO,2026-08-24 13:45:00+00:00,89.49,89.65,89.46,89.65,59127.0,1068.0,89.56539
SO,2026-08-24 13:50:00+00:00,89.665,89.74,89.53,89.69,49519.0,991.0,89.671293
SO,2026-08-24 13:55:00+00:00,89.71,89.8,89.56,89.6,28916.0,532.0,89.689282
SO,2026-08-24 14:00:00+00:00,89.585,89.5852,89.425,89.45,36063.0,795.0,89.53066
SO,2026-08-24 14:05:00+00:00,89.47,89.74,89.455,89.69,124254.0,961.0,89.597563
SO,2026-08-24 14:10:00+00:00,89.7,89.7,89.6,89.61,85278.0,1193.0,89.653875
SO,2026-08-24 14:15:00+00:00,89.6,89.6,89.395,89.535,66495.0,1035.0,89.555691
SO,2026-08-24 14:20:00+00:00,89.545,89.545,89.285,89.36,44385.0,825.0,89.376943
SO,2026-08-24 14:25:00+00:00,89.345,89.46,89.3,89.3,87326.0,1064.0,89.369347
SO,2026-08-24 14:30:00+00:00,89.3,89.37,89.245,89.3,96894.0,1092.0,89.308955
SO,2026-08-24 14:35:00+00:00,89.3,89.405,89.29,89.34,57829.0,945.0,89.363582
SO,2026-08-24 14:40:00+00:00,89.3495,89.54,89.185,89.495,32197.0,705.0,89.358276
SO,2026-08-24 14:45:00+00:00,89.515,89.5399,89.4,89.43,29858.0,557.0,89.481958
SO,2026-08-24 14:50:00+00:00,89.42,89.49,89.32,89.45,27321.0,657.0,89.411798
SO,2026-08-24 14:55:00+00:00,89.45,89.56,89.42,89.425,42330.0,852.0,89.481058
SO,2026-08-24 15:00:00+00:00,89.43,89.565,89.38,89.525,27029.0,565.0,89.471076
SO,2026-08-24 15:05:00+00:00,89.54,89.55,89.385,89.41,27826.0,598.0,89.480009
SO,2026-08-24 15:10:00+00:00,89.42,89.49,89.365,89.49,28668.0,596.0,89.407188
SO,2026-08-24 15:15:00+00:00,89.49,89.49,89.39,89.405,39387.0,761.0,89.421677
SO,2026-08-24 15:20:00+00:00,89.4,89.54,89.365,89.45,27345.0,645.0,89.41834
SO,2026-08-24 15:25:00+00:00,89.46,89.55,89.395,89.465,26822.0,628.0,89.473109
SO,2026-08-24 15:30:00+00:00,89.45,89.6,89.43,89.57,43564.0,862.0,89.523354
SO,2026-08-24 15:35:00+00:00,89.565,89.5899,89.51,89.57,33126.0,713.0,89.553088
SO,2026-08-24 15:40:00+00:00,89.575,89.63,89.47,89.4859,43779.0,812.0,89.56026
SO,2026-08-24 15:45:00+00:00,89.48,89.59,89.475,89.55,26304.0,613.0,89.538043
SO,2026-08-24 15:50:00+00:00,89.54,89.55,89.48,89.505,30225.0,604.0,89.50812
SO,2026-08-24 15:55:00+00:00,89.52,89.76,89.515,89.74,35085.0,794.0,89.653139
SO,2026-08-24 16:00:00+00:00,89.73,89.79,89.67,89.75,28842.0,746.0,89.713521
SO,2026-08-24 16:05:00+00:00,89.74,89.81,89.74,89.77,34231.0,686.0,89.759374
SO,2026-08-24 16:10:00+00:00,89.76,89.97,89.7232,89.91,44548.0,786.0,89.878697
SO,2026-08-24 16:15:00+00:00,89.9,89.91,89.855,89.88,31371.0,549.0,89.87929
SO,2026-08-24 16:20:00+00:00,89.88,89.945,89.84,89.89,150767.0,788.0,89.906115
SO,2026-08-24 16:25:00+00:00,89.9,89.99,89.87,89.97,146907.0,962.0,89.926927
SO,2026-08-24 16:30:00+00:00,89.95,90.03,89.925,90.02,51006.0,855.0,89.980636
SO,2026-08-24 16:35:00+00:00,90.03,90.1,90.025,90.1,38013.0,611.0,90.059601
SO,2026-08-24 16:40:00+00:00,90.1,90.13,90.05,90.09,96448.0,723.0,90.092658
SO,2026-08-24 16:45:00+00:00,90.06,90.135,90.05,90.1,33258.0,524.0,90.094202
SO,2026-08-24 16:50:00+00:00,90.1,90.16,90.0664,90.125,93540.0,734.0,90.107877
SO,2026-08-24 16:55:00+00:00,90.125,90.28,90.11,90.25,144051.0,954.0,90.210114
SO,2026-08-24 17:00:00+00:00,90.25,90.345,90.245,90.295,43439.0,781.0,90.287536
SO,2026-08-24 17:05:00+00:00,90.3,90.355,90.295,90.325,41988.0,737.0,90.329181
SO,2026-08-24 17:10:00+00:00,90.32,90.39,90.285,90.355,33335.0,662.0,90.350287
SO,2026-08-24 17:15:00+00:00,90.355,90.41,90.305,90.385,31760.0,635.0,90.353168
SO,2026-08-24 17:20:00+00:00,90.4062,90.435,90.25,90.25,621759.0,1175.0,90.259424
SO,2026-08-24 17:25:00+00:00,90.24,90.3,90.2,90.25,126066.0,1112.0,90.22321
SO,2026-08-24 17:30:00+00:00,90.24,90.24,90.08,90.08,65671.0,1210.0,90.179315
SO,2026-08-24 17:35:00+00:00,90.085,90.2109,90.06,90.21,40683.0,844.0,90.113892
SO,2026-08-24 17:40:00+00:00,90.21,90.26,90.2,90.2419,31607.0,612.0,90.230391
SO,2026-08-24 17:45:00+00:00,90.25,90.25,90.145,90.15,58242.0,918.0,90.194556
SO,2026-08-24 17:50:00+00:00,90.15,90.19,90.04,90.135,140347.0,1444.0,90.116464
SO,2026-08-24 17:55:00+00:00,90.135,90.27,90.135,90.255,60827.0,861.0,90.219775
SO,2026-08-24 18:00:00+00:00,90.255,90.275,90.18,90.205,32954.0,753.0,90.222973
SO,2026-08-24 18:05:00+00:00,90.21,90.26,90.195,90.255,39285.0,741.0,90.229898
SO,2026-08-24 18:10:00+00:00,90.26,90.305,90.24,90.285,61166.0,981.0,90.269217
SO,2026-08-24 18:15:00+00:00,90.28,90.3199,90.245,90.2999,50491.0,757.0,90.283236
SO,2026-08-24 18:20:00+00:00,90.295,90.33,90.26,90.33,61583.0,957.0,90.293062
SO,2026-08-24 18:25:00+00:00,90.32,90.33,90.27,90.325,45198.0,743.0,90.310646
SO,2026-08-24 18:30:00+00:00,90.335,90.3495,90.2619,90.29,66671.0,923.0,90.315642
SO,2026-08-24 18:35:00+00:00,90.29,90.35,90.285,90.345,59669.0,867.0,90.317497
SO,2026-08-24 18:40:00+00:00,90.345,90.39,90.325,90.355,104524.0,1134.0,90.357036
SO,2026-08-24 18:45:00+00:00,90.3537,90.435,90.3537,90.42,48154.0,862.0,90.401472
SO,2026-08-24 18:50:00+00:00,90.42,90.47,90.395,90.425,71132.0,1004.0,90.436734
SO,2026-08-24 18:55:00+00:00,90.43,90.46,90.395,90.395,36515.0,760.0,90.431528
SO,2026-08-24 19:00:00+00:00,90.38,90.385,90.24,90.29,52571.0,1172.0,90.284775
SO,2026-08-24 19:05:00+00:00,90.295,90.32,90.18,90.32,103819.0,1209.0,90.251371
SO,2026-08-24 19:10:00+00:00,90.32,90.35,90.225,90.26,169126.0,1593.0,90.279785
SO,2026-08-24 19:15:00+00:00,90.255,90.27,90.19,90.2101,126195.0,1609.0,90.213551
SO,2026-08-24 19:20:00+00:00,90.215,90.25,90.02,90.24,585542.0,1629.0,90.036697
SO,2026-08-24 19:25:00+00:00,90.23,90.23,90.055,90.08,88072.0,1389.0,90.148608
SO,2026-08-24 19:30:00+00:00,90.07,90.165,90.045,90.11,68232.0,1293.0,90.124203
SO,2026-08-24 19:35:00+00:00,90.12,90.21,90.06,90.2,153383.0,1711.0,90.135958
SO,2026-08-24 19:40:00+00:00,90.21,90.24,90.125,90.235,136168.0,1843.0,90.197245
SO,2026-08-24 19:45:00+00:00,90.23,90.265,90.195,90.215,270106.0,2269.0,90.225852
SO,2026-08-24 19:50:00+00:00,90.215,90.24,90.11,90.115,411545.0,3890.0,90.174132
SO,2026-08-24 19:55:00+00:00,90.115,90.3,90.06,90.1,946558.0,10025.0,90.159308
SO,2026-08-24 20:00:00+00:00,90.1,90.1,90.1,90.1,936024.0,76.0,90.1
SO,2026-08-24 23:00:00+00:00,90.1,90.1,90.1,90.1,200.0,5.0,90.1
SO,2026-08-25 11:20:00+00:00,90.06,90.06,90.01,90.01,1226.0,6.0,90.039099
SO,2026-08-25 11:25:00+00:00,90.1117,90.1117,89.99,89.99,1840.0,9.0,90.006711
SO,2026-08-25 13:30:00+00:00,90.0,90.4466,89.92,90.28,160767.0,1452.0,90.235203
SO,2026-08-25 13:35:00+00:00,90.38,90.425,89.99,90.02,45414.0,904.0,90.230511
SO,2026-08-25 13:40:00+00:00,89.98,90.02,89.88,89.92,99890.0,1034.0,89.953706
SO,2026-08-25 13:45:00+00:00,89.92,90.01,89.88,89.97,94246.0,929.0,89.922594
SO,2026-08-25 13:50:00+00:00,89.92,90.11,89.81,90.1,96236.0,1255.0,89.931048
SO,2026-08-25 13:55:00+00:00,90.095,90.21,90.06,90.08,77695.0,843.0,90.153437
SO,2026-08-25 14:00:00+00:00,90.07,90.42,90.04,90.36,54040.0,919.0,90.155449
SO,2026-08-25 14:05:00+00:00,90.37,90.378,90.25,90.275,141737.0,907.0,90.274637
SO,2026-08-25 14:10:00+00:00,90.26,90.31,90.2,90.3,40280.0,739.0,90.248191
SO,2026-08-25 14:15:00+00:00,90.34,90.37,90.22,90.3,28119.0,673.0,90.292207
SO,2026-08-25 14:20:00+00:00,90.32,90.36,90.22,90.235,34981.0,883.0,90.29138
SO,2026-08-25 14:25:00+00:00,90.23,90.29,90.17,90.255,33420.0,775.0,90.216058
SO,2026-08-25 14:30:00+00:00,90.27,90.28,90.18,90.27,53726.0,1509.0,90.217573
SO,2026-08-25 14:35:00+00:00,90.275,90.275,90.13,90.21,36939.0,728.0,90.211851
SO,2026-08-25 14:40:00+00:00,90.215,90.36,90.17,90.3,59724.0,975.0,90.250527
SO,2026-08-25 14:45:00+00:00,90.305,90.41,90.21,90.28,44200.0,920.0,90.288871
SO,2026-08-25 14:50:00+00:00,90.27,90.35,90.21,90.325,26606.0,708.0,90.284331
SO,2026-08-25 14:55:00+00:00,90.32,90.43,90.315,90.375,43480.0,613.0,90.346175
SO,2026-08-25 15:00:00+00:00,90.39,90.535,90.34,90.53,72371.0,898.0,90.418663
SO,2026-08-25 15:05:00+00:00,90.525,90.54,90.415,90.425,44255.0,620.0,90.50654
SO,2026-08-25 15:10:00+00:00,90.41,90.48,90.38,90.38,37025.0,658.0,90.420762
SO,2026-08-25 15:15:00+00:00,90.38,90.495,90.365,90.47,47132.0,601.0,90.41959
SO,2026-08-25 15:20:00+00:00,90.465,90.465,90.34,90.46,25852.0,608.0,90.4056
SO,2026-08-25 15:25:00+00:00,90.46,90.46,90.38,90.41,39498.0,688.0,90.421349
SO,2026-08-25 15:30:00+00:00,90.425,90.46,90.355,90.39,35892.0,868.0,90.403851
SO,2026-08-25 15:35:00+00:00,90.39,90.44,90.35,90.35,76315.0,842.0,90.396033
SO,2026-08-25 15:40:00+00:00,90.34,90.36,90.255,90.3,31139.0,522.0,90.314434
SO,2026-08-25 15:45:00+00:00,90.31,90.34,90.27,90.3351,19459.0,486.0,90.31013
SO,2026-08-25 15:50:00+00:00,90.33,90.33,90.265,90.295,20409.0,581.0,90.297081
SO,2026-08-25 15:55:00+00:00,90.28,90.295,90.205,90.22,24493.0,534.0,90.229161
SO,2026-08-25 16:00:00+00:00,90.2,90.235,90.18,90.21,24682.0,519.0,90.207121
SO,2026-08-25 16:05:00+00:00,90.22,90.23,90.15,90.15,25526.0,609.0,90.188993
SO,2026-08-25 16:10:00+00:00,90.17,90.2,90.065,90.09,51039.0,703.0,90.144372
SO,2026-08-25 16:15:00+00:00,90.09,90.09,89.96,89.96,32193.0,644.0,90.031803
SO,2026-08-25 16:20:00+00:00,89.955,90.02,89.93,89.96,19355.0,524.0,89.978968
SO,2026-08-25 16:25:00+00:00,89.95,89.95,89.84,89.87,99713.0,1052.0,89.869117
SO,2026-08-25 16:30:00+00:00,89.875,89.875,89.775,89.795,52922.0,1045.0,89.831716
SO,2026-08-25 16:35:00+00:00,89.795,89.8,89.71,89.78,52555.0,1076.0,89.759685
SO,2026-08-25 16:40:00+00:00,89.79,89.81,89.765,89.795,42348.0,903.0,89.78921
SO,2026-08-25 16:45:00+00:00,89.795,89.865,89.785,89.81,39364.0,673.0,89.818963
SO,2026-08-25 16:50:00+00:00,89.81,89.93,89.795,89.915,44971.0,706.0,89.857619
SO,2026-08-25 16:55:00+00:00,89.91,89.94,89.865,89.865,54437.0,847.0,89.906329
SO,2026-08-25 17:00:00+00:00,89.86,89.92,89.86,89.9,33604.0,765.0,89.893987
SO,2026-08-25 17:05:00+00:00,89.89,89.905,89.795,89.795,29712.0,843.0,89.842906
SO,2026-08-25 17:10:00+00:00,89.805,89.94,89.805,89.915,31387.0,883.0,89.882207
SO,2026-08-25 17:15:00+00:00,89.92,89.95,89.89,89.895,34150.0,803.0,89.916286
SO,2026-08-25 17:20:00+00:00,89.895,89.895,89.765,89.825,53812.0,1029.0,89.816322
SO,2026-08-25 17:25:00+00:00,89.8212,89.86,89.805,89.85,27739.0,653.0,89.834615
SO,2026-08-25 17:30:00+00:00,89.85,89.92,89.84,89.87,41949.0,830.0,89.867179
SO,2026-08-25 17:35:00+00:00,89.875,89.9901,89.875,89.945,56252.0,993.0,89.930132
SO,2026-08-25 17:40:00+00:00,89.94,90.09,89.935,90.06,48427.0,808.0,90.011258
SO,2026-08-25 17:45:00+00:00,90.06,90.085,89.99,90.02,40189.0,839.0,90.0382
SO,2026-08-25 17:50:00+00:00,90.015,90.14,90.005,90.13,29563.0,850.0,90.07894
SO,2026-08-25 17:55:00+00:00,90.14,90.145,90.07,90.09,29727.0,680.0,90.094292
SO,2026-08-25 18:00:00+00:00,90.09,90.19,90.09,90.18,26748.0,662.0,90.127882
SO,2026-08-25 18:05:00+00:00,90.18,90.3125,90.18,90.275,23105.0,633.0,90.242687
SO,2026-08-25 18:10:00+00:00,90.275,90.37,90.275,90.35,38392.0,519.0,90.319055
SO,2026-08-25 18:15:00+00:00,90.355,90.355,90.245,90.245,20724.0,522.0,90.297683
SO,2026-08-25 18:20:00+00:00,90.245,90.25,90.19,90.24,30312.0,742.0,90.214864
SO,2026-08-25 18:25:00+00:00,90.245,90.26,90.18,90.2,30857.0,787.0,90.214405
SO,2026-08-25 18:30:00+00:00,90.21,90.245,90.19,90.205,20762.0,495.0,90.215903
SO,2026-08-25 18:35:00+00:00,90.2,90.28,90.195,90.28,21429.0,529.0,90.241978
SO,2026-08-25 18:40:00+00:00,90.27,90.3372,90.26,90.32,23233.0,562.0,90.30808
SO,2026-08-25 18:45:00+00:00,90.3,90.33,90.19,90.2,49973.0,895.0,90.269958
SO,2026-08-25 18:50:00+00:00,90.22,90.22,90.115,90.185,37937.0,825.0,90.160732
SO,2026-08-25 18:55:00+00:00,90.19,90.21,90.15,90.2,21522.0,514.0,90.184227
SO,2026-08-25 19:00:00+00:00,90.2,90.24,90.16,90.235,36314.0,910.0,90.206651
SO,2026-08-25 19:05:00+00:00,90.235,90.24,90.155,90.225,38391.0,768.0,90.205473
SO,2026-08-25 19:10:00+00:00,90.23,90.295,90.22,90.23,34682.0,747.0,90.259118
SO,2026-08-25 19:15:00+00:00,90.22,90.2499,90.165,90.225,70640.0,1083.0,90.202305
SO,2026-08-25 19:20:00+00:00,90.225,90.31,90.225,90.305,26287.0,663.0,90.275204
SO,2026-08-25 19:25:00+00:00,90.31,90.35,90.28,90.2835,53697.0,853.0,90.315113
SO,2026-08-25 19:30:00+00:00,90.28,90.31,90.2,90.205,59511.0,1250.0,90.261787
SO,2026-08-25 19:35:00+00:00,90.2,90.28,90.175,90.275,59833.0,1187.0,90.22211
SO,2026-08-25 19:40:00+00:00,90.27,90.32,90.255,90.31,50865.0,966.0,90.285128
SO,2026-08-25 19:45:00+00:00,90.3,90.31,90.13,90.19,89816.0,1703.0,90.199836
SO,2026-08-25 19:50:00+00:00,90.2,90.22,89.99,90.02,154364.0,2611.0,90.07617
SO,2026-08-25 19:55:00+00:00,90.01,90.055,89.92,89.96,387681.0,6286.0,89.976409
SO,2026-08-25 20:00:00+00:00,89.96,90.36,89.96,89.97,891436.0,164.0,89.976395
SO,2026-08-25 20:05:00+00:00,89.97,89.97,89.97,89.97,12600.0,2.0,89.97
SO,2026-08-25 20:50:00+00:00,90.05,90.05,90.05,90.05,140.0,2.0,90.05
SO,2026-08-26 11:20:00+00:00,89.92,89.92,89.92,89.92,314.0,4.0,89.92
SO,2026-08-26 11:35:00+00:00,90.01,90.01,90.01,90.01,3501.0,3.0,90.01
SO,2026-08-26 12:40:00+00:00,90.15,90.15,90.15,90.15,560.0,1.0,90.15
SO,2026-08-26 13:25:00+00:00,90.12,90.12,89.92,89.92,50932.0,11.0,90.119166
SO,2026-08-26 13:30:00+00:00,89.92,90.46,89.92,90.385,174833.0,410.0,89.95703
SO,2026-08-26 13:35:00+00:00,90.43,90.52,90.25,90.45,42621.0,702.0,90.421238
SO,2026-08-26 13:40:00+00:00,90.4876,90.4876,90.16,90.195,90980.0,582.0,90.305843
SO,2026-08-26 13:45:00+00:00,90.19,90.19,90.0,90.03,37255.0,737.0,90.059163
SO,2026-08-26 13:50:00+00:00,90.02,90.1,89.9,90.045,24312.0,487.0,90.015781
SO,2026-08-26 13:55:00+00:00,90.03,90.03,89.87,89.9,39204.0,608.0,89.984966
SO,2026-08-26 14:00:00+00:00,89.905,90.18,89.905,90.115,43392.0,617.0,90.098826
SO,2026-08-26 14:05:00+00:00,90.11,90.33,90.08,90.31,62788.0,792.0,90.197753
SO,2026-08-26 14:10:00+00:00,90.3325,90.56,90.3325,90.5,36119.0,724.0,90.451548
SO,2026-08-26 14:15:00+00:00,90.515,90.58,90.47,90.57,84911.0,669.0,90.52043
SO,2026-08-26 14:20:00+00:00,90.57,90.58,90.45,90.48,51999.0,726.0,90.495182
SO,2026-08-26 14:25:00+00:00,90.48,90.48,90.39,90.39,34484.0,557.0,90.44138
SO,2026-08-26 14:30:00+00:00,90.38,90.405,90.33,90.36,26978.0,780.0,90.363453
SO,2026-08-26 14:35:00+00:00,90.34,90.34,90.125,90.13,34222.0,667.0,90.224386
SO,2026-08-26 14:40:00+00:00,90.135,90.135,90.025,90.04,24520.0,540.0,90.061092
SO,2026-08-26 14:45:00+00:00,90.02,90.05,89.85,89.93,21357.0,607.0,89.977281
SO,2026-08-26 14:50:00+00:00,89.93,89.93,89.88,89.92,16945.0,486.0,89.911507
SO,2026-08-26 14:55:00+00:00,89.92,89.995,89.85,89.995,35051.0,535.0,89.885612
SO,2026-08-26 15:00:00+00:00,90.01,90.12,90.005,90.11,30319.0,531.0,90.053778
SO,2026-08-26 15:05:00+00:00,90.09,90.25,90.08,90.12,17896.0,484.0,90.15176
SO,2026-08-26 15:10:00+00:00,90.11,90.16,90.1,90.13,34279.0,684.0,90.126489
SO,2026-08-26 15:15:00+00:00,90.125,90.1662,90.08,90.14,23804.0,541.0,90.115978
SO,2026-08-26 15:20:00+00:00,90.14,90.2,90.05,90.05,20732.0,450.0,90.124116
SO,2026-08-26 15:25:00+00:00,90.05,90.07,89.97,90.0,24362.0,530.0,90.025941
SO,2026-08-26 15:30:00+00:00,90.01,90.15,90.01,90.14,28435.0,434.0,90.085546
SO,2026-08-26 15:35:00+00:00,90.125,90.15,90.0781,90.14,13026.0,362.0,90.105078
SO,2026-08-26 15:40:00+00:00,90.14,90.14,90.04,90.065,42146.0,616.0,90.074025
SO,2026-08-26 15:45:00+00:00,90.07,90.17,90.07,90.15,21035.0,513.0,90.121929
SO,2026-08-26 15:50:00+00:00,90.13,90.13,89.98,90.04,26787.0,582.0,90.053012
SO,2026-08-26 15:55:00+00:00,90.0306,90.115,90.0,90.06,22888.0,603.0,90.061643
SO,2026-08-26 16:00:00+00:00,90.07,90.1,90.02,90.035,16959.0,401.0,90.059337
SO,2026-08-26 16:05:00+00:00,90.05,90.105,90.03,90.03,21452.0,404.0,90.075565
SO,2026-08-26 16:10:00+00:00,90.0275,90.08,89.98,90.07,22134.0,498.0,90.017314
SO,2026-08-26 16:15:00+00:00,90.08,90.13,90.065,90.125,25651.0,525.0,90.088785
SO,2026-08-26 16:20:00+00:00,90.125,90.13,90.025,90.07,17592.0,543.0,90.084131
SO,2026-08-26 16:25:00+00:00,90.07,90.09,90.04,90.08,15147.0,380.0,90.062613
SO,2026-08-26 16:30:00+00:00,90.07,90.11,90.035,90.08,19411.0,456.0,90.067419
SO,2026-08-26 16:35:00+00:00,90.055,90.07,90.01,90.0281,26597.0,519.0,90.04329
SO,2026-08-26 16:40:00+00:00,90.02,90.1,90.02,90.095,12648.0,433.0,90.080284
SO,2026-08-26 16:45:00+00:00,90.09,90.16,90.08,90.14,17796.0,443.0,90.123861
SO,2026-08-26 16:50:00+00:00,90.145,90.2,90.08,90.18,22376.0,511.0,90.142905
SO,2026-08-26 16:55:00+00:00,90.16,90.19,90.15,90.18,19158.0,545.0,90.165397
SO,2026-08-26 17:00:00+00:00,90.175,90.2,90.12,90.175,22651.0,544.0,90.154483
SO,2026-08-26 17:05:00+00:00,90.175,90.175,90.115,90.14,17881.0,483.0,90.135902
SO,2026-08-26 17:10:00+00:00,90.14,90.15,90.0819,90.105,12528.0,435.0,90.115847
SO,2026-08-26 17:15:00+00:00,90.1,90.1,89.98,89.98,18022.0,505.0,90.030455
SO,2026-08-26 17:20:00+00:00,89.98,90.0501,89.97,90.05,15717.0,453.0,90.005385
SO,2026-08-26 17:25:00+00:00,90.05,90.0598,90.01,90.055,16703.0,482.0,90.034357
SO,2026-08-26 17:30:00+00:00,90.03,90.06,89.95,90.01,19049.0,594.0,90.00561
SO,2026-08-26 17:35:00+00:00,90.001,90.001,89.9232,89.945,21895.0,458.0,89.948699
SO,2026-08-26 17:40:00+00:00,89.93,89.935,89.87,89.89,29821.0,557.0,89.898003
SO,2026-08-26 17:45:00+00:00,89.9,89.945,89.89,89.925,49183.0,625.0,89.920549
SO,2026-08-26 17:50:00+00:00,89.92,89.95,89.85,89.94,136233.0,987.0,89.886781
SO,2026-08-26 17:55:00+00:00,89.935,90.005,89.93,89.98,27639.0,609.0,89.967646
SO,2026-08-26 18:00:00+00:00,89.98,89.98,89.87,89.885,19602.0,584.0,89.929466
SO,2026-08-26 18:05:00+00:00,89.88,89.93,89.87,89.9175,23509.0,541.0,89.904028
SO,2026-08-26 18:10:00+00:00,89.93,89.97,89.91,89.9508,16617.0,498.0,89.947956
SO,2026-08-26 18:15:00+00:00,89.96,90.0462,89.96,90.01,20772.0,490.0,89.991699
SO,2026-08-26 18:20:00+00:00,90.0,90.02,89.89,89.895,24342.0,667.0,89.957294
SO,2026-08-26 18:25:00+00:00,89.9,89.9291,89.895,89.895,43701.0,504.0,89.911443
SO,2026-08-26 18:30:00+00:00,89.895,89.95,89.885,89.92,20992.0,572.0,89.914621
SO,2026-08-26 18:35:00+00:00,89.91,89.93,89.84,89.88,16013.0,534.0,89.891342
SO,2026-08-26 18:40:00+00:00,89.875,89.92,89.83,89.83,24653.0,597.0,89.875726
SO,2026-08-26 18:45:00+00:00,89.83,89.85,89.71,89.74,40141.0,716.0,89.75998
SO,2026-08-26 18:50:00+00:00,89.75,89.795,89.685,89.79,110485.0,927.0,89.722635
SO,2026-08-26 18:55:00+00:00,89.78,89.84,89.76,89.8,62274.0,592.0,89.783345
SO,2026-08-26 19:00:00+00:00,89.8,89.83,89.77,89.775,33325.0,807.0,89.795978
SO,2026-08-26 19:05:00+00:00,89.765,89.765,89.685,89.695,64363.0,694.0,89.734167
SO,2026-08-26 19:10:00+00:00,89.695,89.795,89.67,89.775,30285.0,802.0,89.731335
SO,2026-08-26 19:15:00+00:00,89.77,89.83,89.75,89.825,49074.0,945.0,89.783748
SO,2026-08-26 19:20:00+00:00,89.825,89.905,89.805,89.905,58950.0,952.0,89.82786
SO,2026-08-26 19:25:00+00:00,89.89,89.9199,89.855,89.9198,45776.0,882.0,89.88231
SO,2026-08-26 19:30:00+00:00,89.915,89.96,89.89,89.9,63030.0,1271.0,89.913525
SO,2026-08-26 19:35:00+00:00,89.89,89.98,89.85,89.98,79207.0,1401.0,89.914164
SO,2026-08-26 19:40:00+00:00,89.98,90.06,89.98,90.05,74789.0,1118.0,90.04046
SO,2026-08-26 19:45:00+00:00,90.05,90.0897,89.95,89.96,157973.0,2014.0,90.028207
SO,2026-08-26 19:50:00+00:00,90.0,90.12,89.995,90.07,112353.0,1953.0,90.053059
SO,2026-08-26 19:55:00+00:00,90.07,90.11,89.74,89.74,358613.0,6157.0,89.892243
SO,2026-08-26 20:00:00+00:00,89.76,89.77,89.76,89.76,1096439.0,111.0,89.760059
SO,2026-08-26 20:05:00+00:00,89.76,89.76,89.76,89.76,11161.0,4.0,89.76
SO,2026-08-26 21:05:00+00:00,89.78,89.78,89.77,89.77,4700.0,22.0,89.770378
SO,2026-08-26 21:35:00+00:00,89.75,89.75,89.75,89.75,100.0,1.0,89.75
SO,2026-08-27 08:50:00+00:00,90.07,90.07,90.07,90.07,135.0,6.0,90.07
SO,2026-08-27 10:10:00+00:00,89.42,89.42,89.13,89.13,483.0,17.0,89.316495
SO,2026-08-27 11:00:00+00:00,89.5,89.5,89.41,89.41,2197.0,23.0,89.455918
SO,2026-08-27 12:35:00+00:00,89.38,89.38,89.38,89.38,444.0,18.0,89.38
SO,2026-08-27 12:40:00+00:00,89.36,89.36,89.3,89.3,783.0,27.0,89.336961
SO,2026-08-27 13:20:00+00:00,89.1,89.1,89.1,89.1,240.0,13.0,89.1
SO,2026-08-27 13:25:00+00:00,89.5,89.5,89.5,89.5,169.0,1.0,89.5
SO,2026-08-27 13:30:00+00:00,89.0,89.41,88.71,88.885,160354.0,1276.0,89.035125
SO,2026-08-27 13:35:00+00:00,88.82,88.82,88.63,88.72,72327.0,968.0,88.703281
SO,2026-08-27 13:40:00+00:00,88.69,88.7,88.52,88.6,51376.0,792.0,88.600273
SO,2026-08-27 13:45:00+00:00,88.56,88.82,88.51,88.76,51038.0,809.0,88.699287
SO,2026-08-27 13:50:00+00:00,88.71,88.74,88.58,88.615,47156.0,579.0,88.622601
SO,2026-08-27 13:55:00+00:00,88.615,88.69,88.51,88.64,54003.0,858.0,88.622731
SO,2026-08-27 14:00:00+00:00,88.655,88.7,88.59,88.68,41690.0,791.0,88.652839
SO,2026-08-27 14:05:00+00:00,88.67,88.71,88.53,88.66,68967.0,1152.0,88.606929
SO,2026-08-27 14:10:00+00:00,88.63,88.66,88.43,88.46,190978.0,1927.0,88.497914
SO,2026-08-27 14:15:00+00:00,88.47,88.76,88.42,88.75,58132.0,906.0,88.535885
SO,2026-08-27 14:20:00+00:00,88.745,88.92,88.71,88.89,28933.0,609.0,88.822895
SO,2026-08-27 14:25:00+00:00,88.9,88.96,88.89,88.91,110707.0,601.0,88.923625
SO,2026-08-27 14:30:00+00:00,88.9,88.915,88.73,88.82,78971.0,1299.0,88.811393
SO,2026-08-27 14:35:00+00:00,88.82,88.875,88.805,88.8201,43652.0,670.0,88.837191
SO,2026-08-27 14:40:00+00:00,88.82,88.84,88.73,88.8,49333.0,746.0,88.780357
SO,2026-08-27 14:45:00+00:00,88.79,88.86,88.75,88.792,45562.0,581.0,88.8058
SO,2026-08-27 14:50:00+00:00,88.79,88.79,88.65,88.65,67705.0,931.0,88.731003
SO,2026-08-27 14:55:00+00:00,88.6583,88.6583,88.5,88.52,42590.0,653.0,88.534332
SO,2026-08-27 15:00:00+00:00,88.525,88.63,88.48,88.595,38591.0,744.0,88.577103
SO,2026-08-27 15:05:00+00:00,88.6085,88.69,88.6025,88.69,39612.0,670.0,88.642464
SO,2026-08-27 15:10:00+00:00,88.69,88.72,88.585,88.625,37887.0,736.0,88.662429
SO,2026-08-27 15:15:00+00:00,88.61,88.625,88.44,88.5,67113.0,1040.0,88.518308
SO,2026-08-27 15:20:00+00:00,88.5,88.5,88.385,88.5,63017.0,1024.0,88.454427
SO,2026-08-27 15:25:00+00:00,88.5,88.55,88.41,88.41,40224.0,722.0,88.505701
SO,2026-08-27 15:30:00+00:00,88.4,88.52,88.37,88.4,31225.0,654.0,88.455033
SO,2026-08-27 15:35:00+00:00,88.39,88.46,88.39,88.46,20010.0,411.0,88.424831
SO,2026-08-27 15:40:00+00:00,88.455,88.5,88.44,88.47,25409.0,546.0,88.46411
SO,2026-08-27 15:45:00+00:00,88.465,88.51,88.39,88.43,24073.0,580.0,88.457235
SO,2026-08-27 15:50:00+00:00,88.43,88.43,88.33,88.34,65191.0,765.0,88.366333
SO,2026-08-27 15:55:00+00:00,88.33,88.335,88.27,88.335,57304.0,697.0,88.309539
SO,2026-08-27 16:00:00+00:00,88.33,88.43,88.28,88.42,45487.0,752.0,88.371684
SO,2026-08-27 16:05:00+00:00,88.425,88.425,88.34,88.34,34293.0,565.0,88.39164
SO,2026-08-27 16:10:00+00:00,88.34,88.46,88.32,88.43,58487.0,592.0,88.391788
SO,2026-08-27 16:15:00+00:00,88.43,88.495,88.4,88.42,31128.0,542.0,88.458867
SO,2026-08-27 16:20:00+00:00,88.42,88.4499,88.38,88.4,34513.0,481.0,88.408331
SO,2026-08-27 16:25:00+00:00,88.4,88.45,88.365,88.365,62099.0,768.0,88.403431
SO,2026-08-27 16:30:00+00:00,88.37,88.51,88.36,88.49,29191.0,543.0,88.43618
SO,2026-08-27 16:35:00+00:00,88.49,88.52,88.435,88.48,65909.0,823.0,88.47282
SO,2026-08-27 16:40:00+00:00,88.47,88.57,88.465,88.57,69246.0,771.0,88.514153
SO,2026-08-27 16:45:00+00:00,88.56,88.64,88.555,88.63,24254.0,575.0,88.588322
SO,2026-08-27 16:50:00+00:00,88.64,88.68,88.56,88.56,42567.0,688.0,88.623851
SO,2026-08-27 16:55:00+00:00,88.57,88.575,88.52,88.565,58844.0,641.0,88.556566
SO,2026-08-27 17:00:00+00:00,88.56,88.63,88.445,88.45,83790.0,972.0,88.564694
SO,2026-08-27 17:05:00+00:00,88.45,88.48,88.42,88.445,34578.0,642.0,88.455931
SO,2026-08-27 17:10:00+00:00,88.44,88.5,88.42,88.47,71745.0,856.0,88.458415
SO,2026-08-27 17:15:00+00:00,88.48,88.49,88.405,88.42,48187.0,724.0,88.453888
SO,2026-08-27 17:20:00+00:00,88.41,88.45,88.37,88.45,28932.0,587.0,88.412298
SO,2026-08-27 17:25:00+00:00,88.46,88.52,88.45,88.49,35792.0,653.0,88.495329
SO,2026-08-27 17:30:00+00:00,88.5,88.52,88.48,88.49,28534.0,560.0,88.497183
SO,2026-08-27 17:35:00+00:00,88.49,88.49,88.415,88.49,57882.0,834.0,88.461913
SO,2026-08-27 17:40:00+00:00,88.48,88.5452,88.47,88.505,59814.0,705.0,88.504703
SO,2026-08-27 17:45:00+00:00,88.5,88.515,88.47,88.49,67016.0,731.0,88.491138
SO,2026-08-27 17:50:00+00:00,88.5,88.525,88.495,88.505,96318.0,709.0,88.505778
SO,2026-08-27 17:55:00+00:00,88.51,88.55,88.485,88.525,70305.0,850.0,88.52245
SO,2026-08-27 18:00:00+00:00,88.535,88.625,88.525,88.56,131308.0,1261.0,88.566101
SO,2026-08-27 18:05:00+00:00,88.56,88.59,88.51,88.59,41843.0,747.0,88.557123
SO,2026-08-27 18:10:00+00:00,88.585,88.59,88.515,88.54,30517.0,654.0,88.552134
SO,2026-08-27 18:15:00+00:00,88.55,88.62,88.55,88.61,30094.0,561.0,88.586909
SO,2026-08-27 18:20:00+00:00,88.61,88.625,88.57,88.6,171116.0,1241.0,88.595137
SO,2026-08-27 18:25:00+00:00,88.605,88.63,88.575,88.6,64160.0,833.0,88.60377
SO,2026-08-27 18:30:00+00:00,88.59,88.655,88.59,88.655,35688.0,638.0,88.620651
SO,2026-08-27 18:35:00+00:00,88.655,88.72,88.62,88.7,60706.0,966.0,88.677263
SO,2026-08-27 18:40:00+00:00,88.695,88.72,88.68,88.685,46543.0,568.0,88.696785
SO,2026-08-27 18:45:00+00:00,88.68,88.83,88.665,88.825,66708.0,1116.0,88.737198
SO,2026-08-27 18:50:00+00:00,88.82,88.825,88.77,88.79,31935.0,714.0,88.798499
SO,2026-08-27 18:55:00+00:00,88.8,88.81,88.69,88.69,50395.0,899.0,88.763325
SO,2026-08-27 19:00:00+00:00,88.69,88.77,88.68,88.685,180753.0,849.0,88.71733
SO,2026-08-27 19:05:00+00:00,88.685,88.73,88.655,88.69,55219.0,922.0,88.690277
SO,2026-08-27 19:10:00+00:00,88.7,88.79,88.7,88.79,35900.0,648.0,88.751278
SO,2026-08-27 19:15:00+00:00,88.785,88.83,88.77,88.8,42670.0,818.0,88.795872
SO,2026-08-27 19:20:00+00:00,88.79,88.889,88.75,88.85,81361.0,1139.0,88.821496
SO,2026-08-27 19:25:00+00:00,88.845,88.849,88.76,88.81,78299.0,1330.0,88.80297
SO,2026-08-27 19:30:00+00:00,88.82,88.93,88.82,88.87,107976.0,1181.0,88.872841
SO,2026-08-27 19:35:00+00:00,88.87,88.92,88.845,88.865,84345.0,1226.0,88.879619
SO,2026-08-27 19:40:00+00:00,88.865,88.93,88.85,88.92,106761.0,1290.0,88.894214
SO,2026-08-27 19:45:00+00:00,88.92,89.0,88.89,88.975,97935.0,1456.0,88.957414
SO,2026-08-27 19:50:00+00:00,88.98,89.03,88.94,89.02,153205.0,2494.0,88.994817
SO,2026-08-27 19:55:00+00:00,89.03,89.06,88.865,89.05,546192.0,7013.0,88.954791
SO,2026-08-27 20:00:00+00:00,89.04,89.05,89.04,89.05,1293515.0,77.0,89.049971
SO,2026-08-27 20:55:00+00:00,89.05,89.05,89.05,89.05,918.0,2.0,89.05
SO,2026-08-28 10:40:00+00:00,89.08,89.08,89.08,89.08,190.0,1.0,89.08
SO,2026-08-28 10:45:00+00:00,89.07,89.07,89.07,89.07,366.0,14.0,89.07
SO,2026-08-28 12:20:00+00:00,89.32,89.32,89.32,89.32,100.0,1.0,89.32
SO,2026-08-28 12:25:00+00:00,88.8775,88.8775,88.8775,88.8775,400.0,1.0,88.8775
SO,2026-08-28 13:15:00+00:00,89.35,89.35,89.35,89.35,655.0,1.0,89.35
SO,2026-08-28 13:25:00+00:00,89.32,89.32,89.21,89.21,390.0,6.0,89.277692
SO,2026-08-28 13:30:00+00:00,89.37,89.53,88.855,88.93,76593.0,655.0,89.325065
SO,2026-08-28 13:35:00+00:00,88.95,89.135,88.88,88.995,24166.0,528.0,88.995114
SO,2026-08-28 13:40:00+00:00,88.9846,89.24,88.97,89.03,39973.0,659.0,89.127315
SO,2026-08-28 13:45:00+00:00,89.03,89.07,88.905,88.97,41240.0,711.0,88.982659
SO,2026-08-28 13:50:00+00:00,88.94,89.15,88.91,89.02,29343.0,607.0,89.0587
SO,2026-08-28 13:55:00+00:00,89.02,89.08,88.91,88.93,46416.0,719.0,88.992077
SO,2026-08-28 14:00:00+00:00,88.91,88.99,88.71,88.73,60075.0,1113.0,88.870231
SO,2026-08-28 14:05:00+00:00,88.73,88.95,88.73,88.895,88580.0,1114.0,88.850408
SO,2026-08-28 14:10:00+00:00,88.9101,89.01,88.89,88.97,63769.0,932.0,88.934144
SO,2026-08-28 14:15:00+00:00,88.94,89.11,88.83,88.91,101520.0,1134.0,88.975206
SO,2026-08-28 14:20:00+00:00,88.96,88.965,88.81,88.885,150246.0,834.0,88.86649
SO,2026-08-28 14:25:00+00:00,88.9,89.03,88.9,88.935,18859.0,558.0,88.962027
SO,2026-08-28 14:30:00+00:00,88.95,88.98,88.8,88.98,33262.0,820.0,88.890017
SO,2026-08-28 14:35:00+00:00,89.0,89.06,88.895,88.895,30297.0,721.0,88.994301
SO,2026-08-28 14:40:00+00:00,88.895,89.02,88.87,89.0,20427.0,511.0,88.957424
SO,2026-08-28 14:45:00+00:00,89.0,89.0399,88.83,88.89,77543.0,684.0,88.925231
SO,2026-08-28 14:50:00+00:00,88.91,88.915,88.85,88.915,11769.0,360.0,88.884751
SO,2026-08-28 14:55:00+00:00,88.92,88.955,88.86,88.89,23306.0,546.0,88.912558
SO,2026-08-28 15:00:00+00:00,88.8953,89.01,88.89,88.94,25609.0,469.0,88.933707
SO,2026-08-28 15:05:00+00:00,88.95,88.97,88.87,88.9413,58399.0,694.0,88.912623
SO,2026-08-28 15:10:00+00:00,88.95,88.95,88.8,88.83,53222.0,676.0,88.87117
SO,2026-08-28 15:15:00+00:00,88.82,88.82,88.69,88.745,23541.0,547.0,88.731088
SO,2026-08-28 15:20:00+00:00,88.74,88.82,88.665,88.695,18808.0,470.0,88.724654
SO,2026-08-28 15:25:00+00:00,88.695,88.75,88.68,88.725,34881.0,618.0,88.712882
SO,2026-08-28 15:30:00+00:00,88.72,88.72,88.56,88.57,44023.0,665.0,88.630846
SO,2026-08-28 15:35:00+00:00,88.56,88.62,88.51,88.62,56820.0,763.0,88.551159
SO,2026-08-28 15:40:00+00:00,88.61,88.67,88.56,88.6,34860.0,514.0,88.622648
SO,2026-08-28 15:45:00+00:00,88.62,88.645,88.56,88.575,32706.0,560.0,88.615785
SO,2026-08-28 15:50:00+00:00,88.575,88.67,88.53,88.65,35569.0,797.0,88.564588
SO,2026-08-28 15:55:00+00:00,88.65,88.745,88.64,88.69,74394.0,939.0,88.66919
SO,2026-08-28 16:00:00+00:00,88.69,88.725,88.64,88.72,42073.0,710.0,88.665501
SO,2026-08-28 16:05:00+00:00,88.71,88.71,88.52,88.52,47920.0,644.0,88.629443
SO,2026-08-28 16:10:00+00:00,88.52,88.56,88.45,88.47,57427.0,759.0,88.500864
SO,2026-08-28 16:15:00+00:00,88.48,88.76,88.475,88.725,28711.0,615.0,88.619571
SO,2026-08-28 16:20:00+00:00,88.7,88.74,88.45,88.48,58721.0,999.0,88.638386
SO,2026-08-28 16:25:00+00:00,88.48,88.59,88.47,88.56,38490.0,650.0,88.540775
SO,2026-08-28 16:30:00+00:00,88.57,88.62,88.52,88.56,40489.0,549.0,88.572089
SO,2026-08-28 16:35:00+00:00,88.57,88.61,88.51,88.51,28708.0,576.0,88.555683
SO,2026-08-28 16:40:00+00:00,88.52,88.585,88.49,88.53,18689.0,344.0,88.522212
SO,2026-08-28 16:45:00+00:00,88.54,88.54,88.44,88.44,21123.0,479.0,88.495605
SO,2026-08-28 16:50:00+00:00,88.4444,88.49,88.325,88.325,37163.0,616.0,88.412175
SO,2026-08-28 16:55:00+00:00,88.34,88.435,88.3,88.33,57501.0,992.0,88.353876
SO,2026-08-28 17:00:00+00:00,88.34,88.485,88.3,88.45,50767.0,910.0,88.390917
SO,2026-08-28 17:05:00+00:00,88.45,88.49,88.32,88.36,30154.0,585.0,88.411382
SO,2026-08-28 17:10:00+00:00,88.39,88.44,88.315,88.34,28965.0,497.0,88.386159
SO,2026-08-28 17:15:00+00:00,88.3401,88.37,88.26,88.26,25675.0,577.0,88.308897
SO,2026-08-28 17:20:00+00:00,88.25,88.3943,88.25,88.335,40214.0,762.0,88.3279
SO,2026-08-28 17:25:00+00:00,88.38,88.42,88.33,88.35,51584.0,723.0,88.358125
SO,2026-08-28 17:30:00+00:00,88.355,88.4,88.25,88.27,66424.0,870.0,88.337328
SO,2026-08-28 17:35:00+00:00,88.27,88.275,88.165,88.2175,90214.0,1186.0,88.215118
SO,2026-08-28 17:40:00+00:00,88.21,88.265,88.12,88.26,142444.0,1175.0,88.172082
SO,2026-08-28 17:45:00+00:00,88.27,88.3,88.17,88.22,296791.0,661.0,88.234757
SO,2026-08-28 17:50:00+00:00,88.23,88.25,88.16,88.2,84474.0,487.0,88.218304
SO,2026-08-28 17:55:00+00:00,88.2,88.22,88.17,88.1762,13900.0,486.0,88.193713
SO,2026-08-28 18:00:00+00:00,88.17,88.2,88.12,88.17,44595.0,611.0,88.163652
SO,2026-08-28 18:05:00+00:00,88.165,88.27,88.15,88.25,27961.0,686.0,88.227629
SO,2026-08-28 18:10:00+00:00,88.25,88.32,88.23,88.25,34977.0,548.0,88.279346
SO,2026-08-28 18:15:00+00:00,88.26,88.26,88.15,88.16,22825.0,583.0,88.20448
SO,2026-08-28 18:20:00+00:00,88.16,88.16,88.07,88.15,37442.0,723.0,88.113037
SO,2026-08-28 18:25:00+00:00,88.155,88.2,88.11,88.16,22644.0,550.0,88.141446
SO,2026-08-28 18:30:00+00:00,88.15,88.17,88.13,88.13,31080.0,605.0,88.14758
SO,2026-08-28 18:35:00+00:00,88.13,88.17,88.11,88.1561,40735.0,581.0,88.134339
SO,2026-08-28 18:40:00+00:00,88.14,88.21,88.14,88.175,45456.0,650.0,88.166411
SO,2026-08-28 18:45:00+00:00,88.17,88.2099,88.08,88.09,40578.0,735.0,88.15362
SO,2026-08-28 18:50:00+00:00,88.08,88.11,88.05,88.1,68386.0,786.0,88.08781
SO,2026-08-28 18:55:00+00:00,88.09,88.13,88.07,88.11,45355.0,890.0,88.096566
SO,2026-08-28 19:00:00+00:00,88.1,88.1,88.01,88.055,47077.0,907.0,88.040693
SO,2026-08-28 19:05:00+00:00,88.055,88.07,87.99,88.031,70320.0,1189.0,88.016887
SO,2026-08-28 19:10:00+00:00,88.045,88.08,88.01,88.04,55757.0,945.0,88.041306
SO,2026-08-28 19:15:00+00:00,88.035,88.06,88.0,88.0085,48202.0,911.0,88.038462
SO,2026-08-28 19:20:00+00:00,88.01,88.09,87.97,88.08,103732.0,1550.0,88.01986
SO,2026-08-28 19:25:00+00:00,88.085,88.115,88.01,88.06,126049.0,1688.0,88.045548
SO,2026-08-28 19:30:00+00:00,88.05,88.11,87.975,88.08,110619.0,1671.0,88.045646
SO,2026-08-28 19:35:00+00:00,88.08,88.12,88.01,88.038,162198.0,1821.0,88.055511
SO,2026-08-28 19:40:00+00:00,88.02,88.075,88.0,88.07,132314.0,1913.0,88.034775
SO,2026-08-28 19:45:00+00:00,88.06,88.13,88.02,88.05,181219.0,2498.0,88.064387
SO,2026-08-28 19:50:00+00:00,88.06,88.06,87.88,88.05,216988.0,3653.0,87.964431
SO,2026-08-28 19:55:00+00:00,88.06,88.29,88.01,88.24,558248.0,6610.0,88.177502
SO,2026-08-28 20:00:00+00:00,88.23,88.25,88.16,88.16,1234829.0,111.0,88.249839
SO,2026-08-28 21:20:00+00:00,88.47,88.47,88.47,88.47,200.0,2.0,88.47
SO,2026-08-28 22:00:00+00:00,88.543,88.543,88.543,88.543,600.0,1.0,88.543
SO,2026-08-31 11:40:00+00:00,88.1,88.1,88.1,88.1,110.0,2.0,88.1
SO,2026-08-31 12:05:00+00:00,87.89,87.89,87.88,87.88,785.0,66.0,87.8825
SO,2026-08-31 12:10:00+00:00,87.87,87.87,87.87,87.87,421.0,4.0,87.87
SO,2026-08-31 12:35:00+00:00,87.7,87.7,87.7,87.7,121.0,3.0,87.7
SO,2026-08-31 12:55:00+00:00,87.83,87.83,87.83,87.83,148.0,1.0,87.83
SO,2026-08-31 13:10:00+00:00,87.67,87.67,87.67,87.67,100.0,1.0,87.67
SO,2026-08-31 13:30:00+00:00,88.04,88.05,87.405,87.49,108601.0,1140.0,87.77678
SO,2026-08-31 13:35:00+00:00,87.51,87.61,87.34,87.405,66361.0,903.0,87.508607
SO,2026-08-31 13:40:00+00:00,87.3902,87.48,87.24,87.47,34412.0,835.0,87.377868
SO,2026-08-31 13:45:00+00:00,87.455,87.615,87.455,87.47,90398.0,1220.0,87.548211
SO,2026-08-31 13:50:00+00:00,87.47,87.49,87.32,87.33,46150.0,1114.0,87.402693
SO,2026-08-31 13:55:00+00:00,87.33,87.43,87.31,87.41,42376.0,838.0,87.365317
SO,2026-08-31 14:00:00+00:00,87.41,87.44,87.265,87.295,54200.0,925.0,87.321898
SO,2026-08-31 14:05:00+00:00,87.3,87.4551,87.3,87.42,31662.0,846.0,87.390664
SO,2026-08-31 14:10:00+00:00,87.41,87.57,87.4,87.48,40463.0,825.0,87.484364
SO,2026-08-31 14:15:00+00:00,87.48,87.485,87.315,87.41,43763.0,798.0,87.39057
SO,2026-08-31 14:20:00+00:00,87.41,87.415,87.285,87.335,35460.0,739.0,87.348983
SO,2026-08-31 14:25:00+00:00,87.35,87.39,87.28,87.365,25159.0,631.0,87.338042
SO,2026-08-31 14:30:00+00:00,87.37,87.37,87.2,87.32,50113.0,922.0,87.285378
SO,2026-08-31 14:35:00+00:00,87.3275,87.54,87.285,87.5351,86935.0,1156.0,87.448925
SO,2026-08-31 14:40:00+00:00,87.555,87.57,87.47,87.51,34131.0,775.0,87.505812
SO,2026-08-31 14:45:00+00:00,87.525,87.64,87.5,87.63,64788.0,952.0,87.573827
SO,2026-08-31 14:50:00+00:00,87.64,87.81,87.64,87.77,30426.0,805.0,87.733621
SO,2026-08-31 14:55:00+00:00,87.76,87.865,87.755,87.81,48109.0,954.0,87.816158
SO,2026-08-31 15:00:00+00:00,87.81,88.03,87.79,87.975,43862.0,767.0,87.899166
SO,2026-08-31 15:05:00+00:00,87.96,87.96,87.86,87.89,29757.0,678.0,87.893803
SO,2026-08-31 15:10:00+00:00,87.89,87.93,87.815,87.9,30870.0,702.0,87.872814
SO,2026-08-31 15:15:00+00:00,87.895,88.0,87.895,87.985,32962.0,686.0,87.938893
SO,2026-08-31 15:20:00+00:00,87.99,88.035,87.915,87.92,55206.0,817.0,87.98368
SO,2026-08-31 15:25:00+00:00,87.945,88.0,87.93,87.95,68388.0,767.0,87.968265
SO,2026-08-31 15:30:00+00:00,87.97,88.19,87.95,88.17,50090.0,906.0,88.067547
SO,2026-08-31 15:35:00+00:00,88.179,88.22,88.035,88.035,37025.0,732.0,88.142205
SO,2026-08-31 15:40:00+00:00,88.03,88.06,88.015,88.06,14285.0,496.0,88.044054
SO,2026-08-31 15:45:00+00:00,88.055,88.1,88.04,88.05,17876.0,529.0,88.061024
SO,2026-08-31 15:50:00+00:00,88.05,88.115,88.03,88.1,22979.0,597.0,88.071524
SO,2026-08-31 15:55:00+00:00,88.1,88.15,88.08,88.09,34764.0,683.0,88.115556
SO,2026-08-31 16:00:00+00:00,88.09,88.205,88.09,88.2,24324.0,651.0,88.134967
SO,2026-08-31 16:05:00+00:00,88.195,88.195,88.11,88.11,23471.0,583.0,88.146849
SO,2026-08-31 16:10:00+00:00,88.12,88.12,88.06,88.06,19205.0,503.0,88.085875
SO,2026-08-31 16:15:00+00:00,88.055,88.055,87.98,88.02,20038.0,604.0,88.01511
SO,2026-08-31 16:20:00+00:00,88.01,88.02,87.94,87.97,14752.0,535.0,87.975472
SO,2026-08-31 16:25:00+00:00,87.9401,87.99,87.93,87.945,23778.0,599.0,87.951906
SO,2026-08-31 16:30:00+00:00,87.945,88.0525,87.945,88.03,15965.0,584.0,88.021423
SO,2026-08-31 16:35:00+00:00,88.04,88.05,87.922,87.93,19845.0,514.0,87.966591
SO,2026-08-31 16:40:00+00:00,87.94,88.055,87.92,88.03,29359.0,579.0,87.991618
SO,2026-08-31 16:45:00+00:00,88.045,88.05,88.0,88.0,93941.0,569.0,88.017008
SO,2026-08-31 16:50:00+00:00,87.99,87.9901,87.84,87.855,25253.0,632.0,87.941439
SO,2026-08-31 16:55:00+00:00,87.85,87.85,87.7,87.7,21409.0,630.0,87.759359
SO,2026-08-31 17:00:00+00:00,87.71,87.8,87.7,87.79,30498.0,650.0,87.775644
SO,2026-08-31 17:05:00+00:00,87.78,87.895,87.77,87.82,42815.0,737.0,87.817746
SO,2026-08-31 17:10:00+00:00,87.83,87.89,87.83,87.835,67971.0,887.0,87.861311
SO,2026-08-31 17:15:00+00:00,87.84,87.86,87.76,87.8,32701.0,757.0,87.801909
SO,2026-08-31 17:20:00+00:00,87.81,87.835,87.78,87.8,20759.0,530.0,87.805037
SO,2026-08-31 17:25:00+00:00,87.805,87.86,87.785,87.86,25902.0,602.0,87.818759
SO,2026-08-31 17:30:00+00:00,87.865,87.88,87.811,87.83,26783.0,573.0,87.84329
SO,2026-08-31 17:35:00+00:00,87.81,87.885,87.8,87.87,61898.0,961.0,87.84255
SO,2026-08-31 17:40:00+00:00,87.87,88.01,87.86,88.0,20566.0,549.0,87.921181
SO,2026-08-31 17:45:00+00:00,87.99,88.07,87.9824,88.07,22332.0,530.0,88.007917
SO,2026-08-31 17:50:00+00:00,88.07,88.09,88.01,88.06,29492.0,688.0,88.058211
SO,2026-08-31 17:55:00+00:00,88.07,88.105,87.9745,88.0,68298.0,791.0,88.047426
SO,2026-08-31 18:00:00+00:00,88.0,88.08,87.84,87.94,212863.0,3095.0,87.938372
SO,2026-08-31 18:05:00+00:00,87.94,87.99,87.92,87.97,46151.0,719.0,87.959085
SO,2026-08-31 18:10:00+00:00,87.97,88.01,87.935,88.005,32343.0,694.0,87.974276
SO,2026-08-31 18:15:00+00:00,88.0,88.0,87.925,87.995,25087.0,578.0,87.966757
SO,2026-08-31 18:20:00+00:00,88.0,88.02,87.98,88.0,24019.0,572.0,88.001028
SO,2026-08-31 18:25:00+00:00,87.99,88.0701,87.97,88.04,72071.0,1139.0,88.02617
SO,2026-08-31 18:30:00+00:00,88.04,88.11,88.04,88.09,43259.0,697.0,88.076452
SO,2026-08-31 18:35:00+00:00,88.09,88.145,88.065,88.135,71462.0,1025.0,88.112528
SO,2026-08-31 18:40:00+00:00,88.13,88.145,88.05,88.11,43666.0,951.0,88.104112
SO,2026-08-31 18:45:00+00:00,88.115,88.115,88.042,88.068,51878.0,861.0,88.077081
SO,2026-08-31 18:50:00+00:00,88.06,88.1601,88.06,88.15,42657.0,824.0,88.106996
SO,2026-08-31 18:55:00+00:00,88.15,88.18,88.12,88.155,40362.0,840.0,88.159279
SO,2026-08-31 19:00:00+00:00,88.15,88.18,88.12,88.15,37000.0,799.0,88.149045
SO,2026-08-31 19:05:00+00:00,88.1501,88.22,88.1501,88.17,38600.0,766.0,88.192623
SO,2026-08-31 19:10:00+00:00,88.165,88.22,88.165,88.195,49231.0,799.0,88.189271
SO,2026-08-31 19:15:00+00:00,88.2,88.2,88.08,88.095,34985.0,802.0,88.113404
SO,2026-08-31 19:20:00+00:00,88.1,88.15,88.1,88.13,32809.0,777.0,88.128026
SO,2026-08-31 19:25:00+00:00,88.135,88.135,88.04,88.06,37466.0,849.0,88.078132
SO,2026-08-31 19:30:00+00:00,88.05,88.05,87.935,87.99,69027.0,1310.0,87.986103
SO,2026-08-31 19:35:00+00:00,87.98,88.08,87.94,88.0,119676.0,1896.0,87.98989
SO,2026-08-31 19:40:00+00:00,88.01,88.03,87.95,87.96,249920.0,1932.0,87.992916
SO,2026-08-31 19:45:00+00:00,87.94,88.0,87.79,87.86,154285.0,2607.0,87.901847
SO,2026-08-31 19:50:00+00:00,87.86,87.97,87.77,87.845,178102.0,3350.0,87.898232
SO,2026-08-31 19:55:00+00:00,87.85,88.155,87.85,87.99,662232.0,8094.0,88.016135
SO,2026-08-31 20:00:00+00:00,88.0,88.0,88.0,88.0,1909730.0,90.0,88.0
SO,2026-08-31 20:05:00+00:00,88.0,88.0,88.0,88.0,15059.0,4.0,88.0
SO,2026-08-31 20:10:00+00:00,88.0,88.0,88.0,88.0,17700.0,2.0,88.0
SO,2026-08-31 20:35:00+00:00,88.2098,88.2098,88.2098,88.2098,100.0,1.0,88.2098
SO,2026-09-01 08:00:00+00:00,88.0,88.0,88.0,88.0,165.0,6.0,88.0
SO,2026-09-01 11:10:00+00:00,88.12,88.27,88.12,88.27,354.0,2.0,88.215339
SO,2026-09-01 11:50:00+00:00,88.29,88.29,88.29,88.29,140.0,1.0,88.29
SO,2026-09-01 11:55:00+00:00,88.25,88.25,88.25,88.25,500.0,1.0,88.25
SO,2026-09-01 12:25:00+00:00,88.29,88.29,88.25,88.25,1692.0,12.0,88.257212
SO,2026-09-01 12:30:00+00:00,88.25,88.25,88.25,88.25,3061.0,33.0,88.25
SO,2026-09-01 12:45:00+00:00,88.25,88.44,88.25,88.44,1327.0,15.0,88.269799
SO,2026-09-01 13:30:00+00:00,88.43,88.78,88.32,88.48,97258.0,996.0,88.472618
SO,2026-09-01 13:35:00+00:00,88.45,88.47,88.11,88.11,37193.0,718.0,88.306498
SO,2026-09-01 13:40:00+00:00,88.13,88.16,87.905,87.965,23718.0,501.0,88.019756
SO,2026-09-01 13:45:00+00:00,87.965,87.97,87.75,87.9147,45907.0,795.0,87.858104
SO,2026-09-01 13:50:00+00:00,87.92,88.01,87.85,87.915,36982.0,782.0,87.922806
SO,2026-09-01 13:55:00+00:00,87.895,88.03,87.895,88.0,50678.0,951.0,87.98301
SO,2026-09-01 14:00:00+00:00,88.03,88.31,87.98,88.31,46174.0,934.0,88.125823
SO,2026-09-01 14:05:00+00:00,88.3,88.3,87.9955,88.0,46074.0,775.0,88.097316
SO,2026-09-01 14:10:00+00:00,87.99,88.18,87.935,88.13,95031.0,740.0,88.047551
SO,2026-09-01 14:15:00+00:00,88.135,88.135,87.97,88.08,25365.0,536.0,88.041365
SO,2026-09-01 14:20:00+00:00,88.09,88.09,87.995,88.02,25969.0,504.0,88.032351
SO,2026-09-01 14:25:00+00:00,88.0341,88.23,88.03,88.225,32381.0,669.0,88.118348
SO,2026-09-01 14:30:00+00:00,88.25,88.35,88.23,88.31,32862.0,867.0,88.30403
SO,2026-09-01 14:35:00+00:00,88.305,88.32,88.2412,88.27,29451.0,656.0,88.274341
SO,2026-09-01 14:40:00+00:00,88.25,88.28,88.2,88.225,25469.0,657.0,88.227362
SO,2026-09-01 14:45:00+00:00,88.225,88.26,88.16,88.17,25758.0,585.0,88.203871
SO,2026-09-01 14:50:00+00:00,88.1751,88.31,88.16,88.285,30267.0,598.0,88.251153
SO,2026-09-01 14:55:00+00:00,88.3033,88.37,88.25,88.31,82108.0,728.0,88.311614
SO,2026-09-01 15:00:00+00:00,88.305,88.37,88.2,88.35,36357.0,718.0,88.286743
SO,2026-09-01 15:05:00+00:00,88.35,88.48,88.35,88.455,30393.0,637.0,88.40758
SO,2026-09-01 15:10:00+00:00,88.45,88.455,88.27,88.27,33217.0,656.0,88.41124
SO,2026-09-01 15:15:00+00:00,88.23,88.27,88.12,88.235,50643.0,850.0,88.177897
SO,2026-09-01 15:20:00+00:00,88.24,88.39,88.225,88.32,49828.0,889.0,88.291832
SO,2026-09-01 15:25:00+00:00,88.31,88.33,88.17,88.2,47295.0,851.0,88.255402
SO,2026-09-01 15:30:00+00:00,88.2,88.2,88.09,88.115,67708.0,957.0,88.13854
SO,2026-09-01 15:35:00+00:00,88.12,88.13,88.045,88.08,69942.0,1119.0,88.083294
SO,2026-09-01 15:40:00+00:00,88.09,88.12,88.01,88.01,60030.0,935.0,88.070107
SO,2026-09-01 15:45:00+00:00,88.01,88.11,87.99,88.055,29487.0,747.0,88.037223
SO,2026-09-01 15:50:00+00:00,88.05,88.095,87.97,87.98,34870.0,830.0,88.035422
SO,2026-09-01 15:55:00+00:00,87.98,88.04,87.9603,88.04,24438.0,688.0,87.988681
SO,2026-09-01 16:00:00+00:00,88.04,88.1499,88.04,88.08,40422.0,719.0,88.115688
SO,2026-09-01 16:05:00+00:00,88.08,88.18,88.08,88.15,25330.0,600.0,88.131292
SO,2026-09-01 16:10:00+00:00,88.16,88.2,88.12,88.135,44808.0,628.0,88.154871
SO,2026-09-01 16:15:00+00:00,88.13,88.2,88.115,88.14,23656.0,552.0,88.151802
SO,2026-09-01 16:20:00+00:00,88.135,88.165,88.09,88.12,23812.0,590.0,88.119692
SO,2026-09-01 16:25:00+00:00,88.14,88.16,88.09,88.13,16323.0,520.0,88.115932
SO,2026-09-01 16:30:00+00:00,88.12,88.18,88.095,88.135,21257.0,589.0,88.146696
SO,2026-09-01 16:35:00+00:00,88.13,88.15,88.04,88.115,23225.0,594.0,88.100366
SO,2026-09-01 16:40:00+00:00,88.115,88.1387,88.095,88.1,26313.0,526.0,88.11788
SO,2026-09-01 16:45:00+00:00,88.1,88.11,88.0003,88.0003,19864.0,492.0,88.064219
SO,2026-09-01 16:50:00+00:00,88.005,88.015,87.89,87.9,35733.0,687.0,87.958207
SO,2026-09-01 16:55:00+00:00,87.895,87.8965,87.8,87.815,24123.0,567.0,87.830367
SO,2026-09-01 17:00:00+00:00,87.81,87.87,87.77,87.77,33510.0,601.0,87.804616
SO,2026-09-01 17:05:00+00:00,87.8,87.875,87.7868,87.87,11987.0,389.0,87.83483
SO,2026-09-01 17:10:00+00:00,87.86,87.87,87.81,87.87,18279.0,454.0,87.850276
SO,2026-09-01 17:15:00+00:00,87.86,87.905,87.84,87.89,20531.0,503.0,87.871511
SO,2026-09-01 17:20:00+00:00,87.89,87.9,87.845,87.85,17084.0,465.0,87.871927
SO,2026-09-01 17:25:00+00:00,87.86,87.925,87.84,87.88,38940.0,838.0,87.883161
SO,2026-09-01 17:30:00+00:00,87.89,87.89,87.785,87.82,22133.0,643.0,87.831674
SO,2026-09-01 17:35:00+00:00,87.81,87.92,87.81,87.91,27489.0,579.0,87.85893
SO,2026-09-01 17:40:00+00:00,87.9,87.95,87.895,87.93,19955.0,505.0,87.920169
SO,2026-09-01 17:45:00+00:00,87.95,87.97,87.92,87.9404,18221.0,525.0,87.950432
SO,2026-09-01 17:50:00+00:00,87.94,88.005,87.9,87.97,43199.0,705.0,87.947066
SO,2026-09-01 17:55:00+00:00,87.97,87.97,87.91,87.96,21652.0,508.0,87.941121
SO,2026-09-01 18:00:00+00:00,87.96,87.97,87.885,87.94,19795.0,504.0,87.919369
SO,2026-09-01 18:05:00+00:00,87.94,87.95,87.915,87.95,17194.0,459.0,87.936741
SO,2026-09-01 18:10:00+00:00,87.94,88.04,87.91,88.03,36231.0,802.0,87.975307
SO,2026-09-01 18:15:00+00:00,88.04,88.2,88.01,88.06,56619.0,1155.0,88.101859
SO,2026-09-01 18:20:00+00:00,88.09,88.09,87.96,88.035,51030.0,820.0,88.012608
SO,2026-09-01 18:25:00+00:00,88.03,88.05,87.8,87.805,53303.0,980.0,87.931877
SO,2026-09-01 18:30:00+00:00,87.81,87.84,87.765,87.82,23521.0,521.0,87.805196
SO,2026-09-01 18:35:00+00:00,87.82,87.92,87.82,87.91,12821.0,443.0,87.88884
SO,2026-09-01 18:40:00+00:00,87.92,87.96,87.875,87.93,57607.0,613.0,87.928345
SO,2026-09-01 18:45:00+00:00,87.92,88.0,87.91,87.92,38465.0,798.0,87.950513
SO,2026-09-01 18:50:00+00:00,87.91,87.91,87.82,87.85,31558.0,665.0,87.858526
SO,2026-09-01 18:55:00+00:00,87.855,87.93,87.84,87.9,29742.0,727.0,87.880279
SO,2026-09-01 19:00:00+00:00,87.89,87.95,87.86,87.93,29936.0,692.0,87.904737
SO,2026-09-01 19:05:00+00:00,87.925,87.98,87.85,87.96,31531.0,729.0,87.908886
SO,2026-09-01 19:10:00+00:00,87.96,88.095,87.96,88.03,34488.0,847.0,88.020607
SO,2026-09-01 19:15:00+00:00,88.0,88.04,87.89,87.92,27264.0,768.0,87.974801
SO,2026-09-01 19:20:00+00:00,87.905,87.99,87.9,87.96,43114.0,855.0,87.954624
SO,2026-09-01 19:25:00+00:00,87.965,88.045,87.94,88.045,33087.0,808.0,87.969523
SO,2026-09-01 19:30:00+00:00,88.03,88.15,88.01,88.13,46629.0,1152.0,88.08998
SO,2026-09-01 19:35:00+00:00,88.12,88.17,88.06,88.1251,40428.0,1009.0,88.104868
SO,2026-09-01 19:40:00+00:00,88.14,88.14,88.025,88.025,55735.0,1179.0,88.083691
SO,2026-09-01 19:45:00+00:00,88.02,88.06,87.97,87.99,88266.0,1705.0,88.024115
SO,2026-09-01 19:50:00+00:00,88.0,88.03,87.93,88.0,153234.0,2614.0,87.993795
SO,2026-09-01 19:55:00+00:00,88.0,88.12,87.85,88.11,472683.0,6566.0,87.994817
SO,2026-09-01 20:00:00+00:00,88.09,88.09,88.09,88.09,1380417.0,91.0,88.09
SO,2026-09-01 20:20:00+00:00,88.09,88.09,88.09,88.09,33373.0,1.0,88.09
SO,2026-09-01 20:25:00+00:00,88.19,88.19,88.13,88.13,711.0,6.0,88.153333
SO,2026-09-01 21:10:00+00:00,88.2,88.2,88.2,88.2,103.0,2.0,88.2
SO,2026-09-01 22:35:00+00:00,88.23,88.23,88.23,88.23,199.0,4.0,88.23
SO,2026-09-02 08:00:00+00:00,88.3,88.3,88.3,88.3,407.0,9.0,88.3
SO,2026-09-02 12:55:00+00:00,88.14,88.14,88.14,88.14,600.0,1.0,88.14
SO,2026-09-02 13:30:00+00:00,87.99,88.16,87.27,87.35,72763.0,889.0,87.857573
SO,2026-09-02 13:35:00+00:00,87.4,87.61,87.34,87.37,47359.0,758.0,87.468268
SO,2026-09-02 13:40:00+00:00,87.3524,87.41,87.235,87.38,110481.0,786.0,87.273941
SO,2026-09-02 13:45:00+00:00,87.38,87.43,87.17,87.19,111389.0,1058.0,87.249152
SO,2026-09-02 13:50:00+00:00,87.18,87.37,87.13,87.335,36260.0,765.0,87.254719
SO,2026-09-02 13:55:00+00:00,87.33,87.35,87.14,87.18,48847.0,870.0,87.224687
SO,2026-09-02 14:00:00+00:00,87.175,87.43,87.175,87.34,76441.0,1185.0,87.315872
SO,2026-09-02 14:05:00+00:00,87.345,87.435,87.255,87.3,73313.0,1315.0,87.331105
SO,2026-09-02 14:10:00+00:00,87.31,87.67,87.23,87.65,62701.0,1209.0,87.419118
SO,2026-09-02 14:15:00+00:00,87.63,87.6382,87.445,87.59,87213.0,1334.0,87.516496
SO,2026-09-02 14:20:00+00:00,87.59,87.61,87.4,87.48,48951.0,1032.0,87.510895
SO,2026-09-02 14:25:00+00:00,87.49,87.57,87.44,87.44,50865.0,963.0,87.515702
SO,2026-09-02 14:30:00+00:00,87.44,87.44,87.2701,87.355,30938.0,826.0,87.34924
SO,2026-09-02 14:35:00+00:00,87.37,87.6,87.32,87.595,39032.0,852.0,87.436071
SO,2026-09-02 14:40:00+00:00,87.5851,87.59,87.455,87.455,23259.0,616.0,87.503487
SO,2026-09-02 14:45:00+00:00,87.44,87.54,87.37,87.54,20863.0,533.0,87.428225
SO,2026-09-02 14:50:00+00:00,87.57,87.78,87.55,87.76,26220.0,608.0,87.681718
SO,2026-09-02 14:55:00+00:00,87.76,87.91,87.73,87.86,48014.0,1168.0,87.82783
SO,2026-09-02 15:00:00+00:00,87.845,87.9,87.78,87.82,46823.0,855.0,87.853163
SO,2026-09-02 15:05:00+00:00,87.84,88.01,87.84,87.99,179322.0,1049.0,87.899646
SO,2026-09-02 15:10:00+00:00,87.98,88.0,87.94,87.965,24537.0,706.0,87.962832
SO,2026-09-02 15:15:00+00:00,87.96,88.05,87.95,88.035,27860.0,611.0,87.991636
SO,2026-09-02 15:20:00+00:00,88.036,88.09,87.975,88.0656,30877.0,655.0,88.025835
SO,2026-09-02 15:25:00+00:00,88.075,88.08,88.02,88.07,32095.0,596.0,88.050824
SO,2026-09-02 15:30:00+00:00,88.055,88.1,87.9,87.905,71503.0,883.0,88.058677
SO,2026-09-02 15:35:00+00:00,87.89,87.945,87.84,87.88,34408.0,697.0,87.885006
SO,2026-09-02 15:40:00+00:00,87.865,87.865,87.81,87.825,29117.0,578.0,87.828816
SO,2026-09-02 15:45:00+00:00,87.81,87.85,87.795,87.81,45848.0,683.0,87.82228
SO,2026-09-02 15:50:00+00:00,87.83,87.905,87.8,87.8,24318.0,534.0,87.861303
SO,2026-09-02 15:55:00+00:00,87.79,87.87,87.79,87.85,62641.0,646.0,87.835784
SO,2026-09-02 16:00:00+00:00,87.855,87.9999,87.85,87.9436,49807.0,719.0,87.908798
SO,2026-09-02 16:05:00+00:00,87.945,87.975,87.92,87.96,39014.0,468.0,87.943978
SO,2026-09-02 16:10:00+00:00,87.96,88.0,87.9401,87.97,54910.0,577.0,87.96537
SO,2026-09-02 16:15:00+00:00,87.96,88.005,87.94,87.98,23270.0,541.0,87.97674
SO,2026-09-02 16:20:00+00:00,87.99,88.09,87.98,88.04,74229.0,952.0,88.029676
SO,2026-09-02 16:25:00+00:00,88.03,88.11,88.01,88.07,50692.0,620.0,88.071
SO,2026-09-02 16:30:00+00:00,88.08,88.0824,88.01,88.04,59958.0,591.0,88.069169
SO,2026-09-02 16:35:00+00:00,88.04,88.04,87.925,87.95,28814.0,615.0,87.984178
SO,2026-09-02 16:40:00+00:00,87.97,87.98,87.925,87.925,22005.0,436.0,87.944962
SO,2026-09-02 16:45:00+00:00,87.925,87.98,87.92,87.96,20271.0,493.0,87.943509
SO,2026-09-02 16:50:00+00:00,87.9588,87.98,87.85,87.9,27898.0,662.0,87.914067
SO,2026-09-02 16:55:00+00:00,87.9199,87.95,87.9,87.9383,29111.0,599.0,87.930735
SO,2026-09-02 17:00:00+00:00,87.925,88.025,87.925,88.02,37966.0,741.0,87.983281
SO,2026-09-02 17:05:00+00:00,88.02,88.22,88.005,88.175,53825.0,811.0,88.130058
SO,2026-09-02 17:10:00+00:00,88.175,88.215,88.13,88.175,25682.0,630.0,88.176897
SO,2026-09-02 17:15:00+00:00,88.179,88.26,88.179,88.235,30897.0,561.0,88.22379
SO,2026-09-02 17:20:00+00:00,88.235,88.34,88.215,88.33,70770.0,1021.0,88.276565
SO,2026-09-02 17:25:00+00:00,88.33,88.39,88.304,88.35,68605.0,904.0,88.346265
SO,2026-09-02 17:30:00+00:00,88.34,88.41,88.31,88.355,29471.0,626.0,88.365458
SO,2026-09-02 17:35:00+00:00,88.355,88.41,88.355,88.41,25552.0,566.0,88.388461
SO,2026-09-02 17:40:00+00:00,88.4,88.455,88.395,88.41,34884.0,651.0,88.42651
SO,2026-09-02 17:45:00+00:00,88.41,88.455,88.4,88.4,44891.0,754.0,88.421093
SO,2026-09-02 17:50:00+00:00,88.41,88.4961,88.41,88.41,32127.0,629.0,88.444864
SO,2026-09-02 17:55:00+00:00,88.415,88.44,88.32,88.34,59768.0,888.0,88.35616
SO,2026-09-02 18:00:00+00:00,88.34,88.38,88.32,88.34,61891.0,958.0,88.352336
SO,2026-09-02 18:05:00+00:00,88.35,88.4,88.35,88.375,24973.0,529.0,88.380238
SO,2026-09-02 18:10:00+00:00,88.37,88.48,88.37,88.45,43267.0,748.0,88.446739
SO,2026-09-02 18:15:00+00:00,88.4481,88.47,88.41,88.465,48004.0,659.0,88.447277
SO,2026-09-02 18:20:00+00:00,88.47,88.505,88.45,88.48,40498.0,736.0,88.483392
SO,2026-09-02 18:25:00+00:00,88.475,88.49,88.465,88.49,47071.0,703.0,88.477485
SO,2026-09-02 18:30:00+00:00,88.49,88.495,88.4301,88.48,41585.0,788.0,88.464078
SO,2026-09-02 18:35:00+00:00,88.48,88.51,88.46,88.49,45028.0,755.0,88.484385
SO,2026-09-02 18:40:00+00:00,88.48,88.5,88.44,88.44,29177.0,673.0,88.463738
SO,2026-09-02 18:45:00+00:00,88.44,88.46,88.42,88.455,34935.0,688.0,88.4475
SO,2026-09-02 18:50:00+00:00,88.459,88.46,88.42,88.425,53228.0,652.0,88.444696
SO,2026-09-02 18:55:00+00:00,88.425,88.44,88.36,88.395,37205.0,796.0,88.410641
SO,2026-09-02 19:00:00+00:00,88.38,88.38,88.28,88.285,58613.0,992.0,88.326728
SO,2026-09-02 19:05:00+00:00,88.28,88.31,88.2,88.23,41102.0,785.0,88.245936
SO,2026-09-02 19:10:00+00:00,88.22,88.29,88.16,88.17,31599.0,711.0,88.221854
SO,2026-09-02 19:15:00+00:00,88.17,88.1775,88.12,88.12,33254.0,782.0,88.152756
SO,2026-09-02 19:20:00+00:00,88.12,88.12,88.03,88.06,38461.0,836.0,88.061103
SO,2026-09-02 19:25:00+00:00,88.06,88.195,88.0436,88.19,48329.0,883.0,88.134281
SO,2026-09-02 19:30:00+00:00,88.1906,88.27,88.18,88.215,57953.0,1113.0,88.219107
SO,2026-09-02 19:35:00+00:00,88.21,88.31,88.18,88.26,82635.0,1458.0,88.245555
SO,2026-09-02 19:40:00+00:00,88.2598,88.3,88.2,88.3,60233.0,1224.0,88.251146
SO,2026-09-02 19:45:00+00:00,88.28,88.3,88.07,88.1,96248.0,1551.0,88.169156
SO,2026-09-02 19:50:00+00:00,88.09,88.235,88.035,88.22,137104.0,2233.0,88.175239
SO,2026-09-02 19:55:00+00:00,88.24,88.38,88.215,88.315,415572.0,5463.0,88.284739
SO,2026-09-02 20:00:00+00:00,88.31,88.31,88.31,88.31,1385640.0,122.0,88.31
SO,2026-09-02 20:15:00+00:00,88.31,88.31,88.31,88.31,11900.0,1.0,88.31
SO,2026-09-02 20:50:00+00:00,88.9,88.9,88.9,88.9,100.0,1.0,88.9
SO,2026-09-02 21:45:00+00:00,88.46,88.46,88.46,88.46,300.0,1.0,88.46
SO,2026-09-02 23:20:00+00:00,88.0,88.0,88.0,88.0,100.0,1.0,88.0
SO,2026-09-03 13:30:00+00:00,88.59,88.9,88.2091,88.68,56250.0,610.0,88.62385
SO,2026-09-03 13:35:00+00:00,88.62,88.765,88.42,88.5,49002.0,756.0,88.587375
SO,2026-09-03 13:40:00+00:00,88.49,88.79,88.46,88.665,29261.0,581.0,88.650802
SO,2026-09-03 13:45:00+00:00,88.68,88.705,88.57,88.58,20355.0,398.0,88.63429
SO,2026-09-03 13:50:00+00:00,88.56,88.79,88.52,88.61,36884.0,629.0,88.649018
SO,2026-09-03 13:55:00+00:00,88.67,88.78,88.625,88.65,39953.0,671.0,88.688997
SO,2026-09-03 14:00:00+00:00,88.63,88.75,88.59,88.685,37126.0,697.0,88.673965
SO,2026-09-03 14:05:00+00:00,88.68,88.75,88.66,88.72,29239.0,681.0,88.701904
SO,2026-09-03 14:10:00+00:00,88.73,88.78,88.68,88.725,32282.0,776.0,88.73359
SO,2026-09-03 14:15:00+00:00,88.7181,88.7181,88.54,88.585,159674.0,761.0,88.626679
SO,2026-09-03 14:20:00+00:00,88.585,88.71,88.57,88.675,31150.0,565.0,88.619323
SO,2026-09-03 14:25:00+00:00,88.66,88.785,88.66,88.75,51967.0,786.0,88.743627
SO,2026-09-03 14:30:00+00:00,88.74,88.745,88.62,88.69,33027.0,834.0,88.672776
SO,2026-09-03 14:35:00+00:00,88.68,88.8,88.57,88.76,34300.0,727.0,88.671523
SO,2026-09-03 14:40:00+00:00,88.75,88.94,88.745,88.88,43385.0,770.0,88.87688
SO,2026-09-03 14:45:00+00:00,88.875,89.05,88.87,88.935,48175.0,934.0,88.965418
SO,2026-09-03 14:50:00+00:00,88.95,89.03,88.905,89.02,54444.0,801.0,88.975516
SO,2026-09-03 14:55:00+00:00,89.03,89.04,88.81,88.82,55428.0,1168.0,88.964028
SO,2026-09-03 15:00:00+00:00,88.8,89.015,88.76,88.9701,30558.0,665.0,88.865855
SO,2026-09-03 15:05:00+00:00,88.99,89.05,88.98,88.985,33635.0,791.0,89.012148
SO,2026-09-03 15:10:00+00:00,89.0,89.005,88.92,88.995,31582.0,671.0,88.944394
SO,2026-09-03 15:15:00+00:00,88.99,89.04,88.97,89.04,48134.0,715.0,88.996474
SO,2026-09-03 15:20:00+00:00,89.04,89.11,89.03,89.1,34490.0,704.0,89.054418
SO,2026-09-03 15:25:00+00:00,89.11,89.15,88.95,89.0725,49152.0,907.0,89.053219
SO,2026-09-03 15:30:00+00:00,89.07,89.15,89.05,89.095,34638.0,553.0,89.101511
SO,2026-09-03 15:35:00+00:00,89.1,89.15,89.06,89.15,51359.0,745.0,89.101406
SO,2026-09-03 15:40:00+00:00,89.15,89.16,89.05,89.14,45065.0,747.0,89.109734
SO,2026-09-03 15:45:00+00:00,89.13,89.2,89.11,89.2,21409.0,530.0,89.146099
SO,2026-09-03 15:50:00+00:00,89.2,89.24,89.165,89.17,32293.0,545.0,89.218319
SO,2026-09-03 15:55:00+00:00,89.17,89.18,89.07,89.17,256495.0,727.0,89.145817
SO,2026-09-03 16:00:00+00:00,89.165,89.1998,89.14,89.165,127514.0,566.0,89.176087
SO,2026-09-03 16:05:00+00:00,89.16,89.16,89.045,89.12,25540.0,548.0,89.100596
SO,2026-09-03 16:10:00+00:00,89.12,89.12,89.06,89.06,21773.0,561.0,89.083161
SO,2026-09-03 16:15:00+00:00,89.02,89.05,88.98,89.01,55380.0,841.0,89.01485
SO,2026-09-03 16:20:00+00:00,89.02,89.125,89.01,89.035,74030.0,957.0,89.042943
SO,2026-09-03 16:25:00+00:00,89.06,89.11,89.03,89.095,38021.0,713.0,89.06404
SO,2026-09-03 16:30:00+00:00,89.1,89.16,89.1,89.12,22062.0,540.0,89.128801
SO,2026-09-03 16:35:00+00:00,89.13,89.19,89.115,89.185,39776.0,530.0,89.135686
SO,2026-09-03 16:40:00+00:00,89.18,89.2,89.13,89.2,16020.0,527.0,89.16538
SO,2026-09-03 16:45:00+00:00,89.2,89.25,89.19,89.24,12622.0,453.0,89.229793
SO,2026-09-03 16:50:00+00:00,89.24,89.285,89.22,89.27,29495.0,657.0,89.257614
SO,2026-09-03 16:55:00+00:00,89.265,89.285,89.19,89.2,23878.0,615.0,89.209873
SO,2026-09-03 17:00:00+00:00,89.2,89.2,89.125,89.14,28024.0,575.0,89.152021
SO,2026-09-03 17:05:00+00:00,89.125,89.17,89.125,89.125,30139.0,537.0,89.142198
SO,2026-09-03 17:10:00+00:00,89.125,89.16,89.085,89.15,14170.0,498.0,89.117563
SO,2026-09-03 17:15:00+00:00,89.15,89.16,89.12,89.14,17675.0,447.0,89.137812
SO,2026-09-03 17:20:00+00:00,89.14,89.18,89.1,89.175,61677.0,740.0,89.143825
SO,2026-09-03 17:25:00+00:00,89.175,89.22,89.15,89.21,46468.0,699.0,89.178702
SO,2026-09-03 17:30:00+00:00,89.215,89.22,89.115,89.16,17686.0,506.0,89.164625
SO,2026-09-03 17:35:00+00:00,89.15,89.17,89.13,89.13,15514.0,463.0,89.152685
SO,2026-09-03 17:40:00+00:00,89.13,89.13,89.075,89.08,16832.0,502.0,89.091939
SO,2026-09-03 17:45:00+00:00,89.085,89.1,89.045,89.05,18428.0,549.0,89.066007
SO,2026-09-03 17:50:00+00:00,89.05,89.07,89.03,89.04,19737.0,525.0,89.046859
SO,2026-09-03 17:55:00+00:00,89.035,89.0794,89.005,89.025,17926.0,541.0,89.033231
SO,2026-09-03 18:00:00+00:00,89.025,89.085,89.025,89.05,200115.0,758.0,89.055587
SO,2026-09-03 18:05:00+00:00,89.04,89.06,88.98,88.99,38307.0,823.0,89.009158
SO,2026-09-03 18:10:00+00:00,88.99,89.02,88.93,88.93,28461.0,654.0,88.983525
SO,2026-09-03 18:15:00+00:00,88.925,88.955,88.85,88.875,48732.0,683.0,88.917922
SO,2026-09-03 18:20:00+00:00,88.88,88.9,88.85,88.875,56652.0,812.0,88.86594
SO,2026-09-03 18:25:00+00:00,88.88,88.9199,88.865,88.885,34208.0,682.0,88.893782
SO,2026-09-03 18:30:00+00:00,88.885,88.92,88.85,88.85,39684.0,744.0,88.892452
SO,2026-09-03 18:35:00+00:00,88.845,88.8897,88.835,88.835,25753.0,602.0,88.858823
SO,2026-09-03 18:40:00+00:00,88.83,88.8599,88.8,88.845,21396.0,595.0,88.824065
SO,2026-09-03 18:45:00+00:00,88.85,88.95,88.85,88.95,87269.0,736.0,88.935169
SO,2026-09-03 18:50:00+00:00,88.95,89.0,88.895,88.995,65238.0,949.0,88.939858
SO,2026-09-03 18:55:00+00:00,88.995,88.995,88.945,88.965,72325.0,791.0,88.963163
SO,2026-09-03 19:00:00+00:00,88.965,88.975,88.87,88.945,50302.0,976.0,88.918257
SO,2026-09-03 19:05:00+00:00,88.94,88.976,88.92,88.96,38190.0,693.0,88.946015
SO,2026-09-03 19:10:00+00:00,88.96,88.96,88.845,88.91,54734.0,943.0,88.899047
SO,2026-09-03 19:15:00+00:00,88.94,89.005,88.93,88.96,48342.0,800.0,88.976398
SO,2026-09-03 19:20:00+00:00,88.96,88.98,88.93,88.965,61690.0,1036.0,88.953959
SO,2026-09-03 19:25:00+00:00,88.96,89.0,88.91,89.0,78547.0,1123.0,88.944341
SO,2026-09-03 19:30:00+00:00,88.99,89.01,88.94,88.94,49046.0,1133.0,88.977158
SO,2026-09-03 19:35:00+00:00,88.945,88.995,88.915,88.96,91139.0,1390.0,88.943402
SO,2026-09-03 19:40:00+00:00,88.955,88.975,88.915,88.95,130890.0,1571.0,88.946356
SO,2026-09-03 19:45:00+00:00,88.95,88.97,88.8,88.855,107870.0,1846.0,88.887133
SO,2026-09-03 19:50:00+00:00,88.84,88.88,88.72,88.735,156117.0,2297.0,88.80462
SO,2026-09-03 19:55:00+00:00,88.735,88.79,88.57,88.779,478117.0,6206.0,88.672182
SO,2026-09-03 20:00:00+00:00,88.82,88.82,88.77,88.77,1461421.0,126.0,88.77001
SO,2026-09-03 20:05:00+00:00,88.77,88.77,88.46,88.46,13649.0,2.0,88.522436
SO,2026-09-03 22:20:00+00:00,88.785,88.785,88.785,88.785,100.0,1.0,88.785
SO,2026-09-03 22:30:00+00:00,88.65,88.65,88.65,88.65,412.0,1.0,88.65
SO,2026-09-04 12:30:00+00:00,88.3613,88.3613,88.23,88.23,562.0,6.0,88.262825
SO,2026-09-04 13:25:00+00:00,88.3151,88.3151,88.3151,88.3151,375.0,1.0,88.3151
SO,2026-09-04 13:30:00+00:00,88.32,88.84,88.32,88.83,67412.0,588.0,88.417821
SO,2026-09-04 13:35:00+00:00,88.795,88.8664,88.62,88.685,39514.0,700.0,88.738407
SO,2026-09-04 13:40:00+00:00,88.6624,88.82,88.565,88.82,43584.0,729.0,88.681791
SO,2026-09-04 13:45:00+00:00,88.76,88.79,88.68,88.685,36846.0,605.0,88.753678
SO,2026-09-04 13:50:00+00:00,88.68,88.8362,88.62,88.7691,26000.0,727.0,88.722149
SO,2026-09-04 13:55:00+00:00,88.8,88.8,88.48,88.48,39766.0,1150.0,88.634922
SO,2026-09-04 14:00:00+00:00,88.49,88.67,88.49,88.66,53097.0,1504.0,88.574554
SO,2026-09-04 14:05:00+00:00,88.67,88.72,88.6,88.6,80468.0,1247.0,88.687258
SO,2026-09-04 14:10:00+00:00,88.59,88.76,88.55,88.705,46298.0,942.0,88.657243
SO,2026-09-04 14:15:00+00:00,88.71,88.83,88.615,88.83,48595.0,934.0,88.726349
SO,2026-09-04 14:20:00+00:00,88.83,88.91,88.785,88.825,62208.0,1179.0,88.834869
SO,2026-09-04 14:25:00+00:00,88.84,88.93,88.74,88.74,150215.0,2341.0,88.831625
SO,2026-09-04 14:30:00+00:00,88.74,88.845,88.72,88.83,45332.0,1009.0,88.769064
SO,2026-09-04 14:35:00+00:00,88.84,88.84,88.74,88.74,31848.0,729.0,88.800075
SO,2026-09-04 14:40:00+00:00,88.725,88.77,88.62,88.66,50824.0,731.0,88.689407
SO,2026-09-04 14:45:00+00:00,88.64,88.68,88.595,88.66,43734.0,578.0,88.64151
SO,2026-09-04 14:50:00+00:00,88.68,88.77,88.665,88.72,26730.0,712.0,88.725542
SO,2026-09-04 14:55:00+00:00,88.75,88.9,88.73,88.81,38320.0,743.0,88.836114
SO,2026-09-04 15:00:00+00:00,88.83,88.89,88.8001,88.815,21951.0,532.0,88.836903
SO,2026-09-04 15:05:00+00:00,88.82,88.9,88.82,88.9,39487.0,609.0,88.845187
SO,2026-09-04 15:10:00+00:00,88.88,88.91,88.86,88.885,40551.0,583.0,88.883809
SO,2026-09-04 15:15:00+00:00,88.87,88.94,88.795,88.795,69499.0,1109.0,88.866229
SO,2026-09-04 15:20:00+00:00,88.8,88.82,88.625,88.64,48067.0,653.0,88.699037
SO,2026-09-04 15:25:00+00:00,88.64,88.66,88.61,88.61,56922.0,724.0,88.643942
SO,2026-09-04 15:30:00+00:00,88.6,88.6,88.525,88.55,34820.0,853.0,88.557254
SO,2026-09-04 15:35:00+00:00,88.55,88.55,88.39,88.42,27664.0,546.0,88.438911
SO,2026-09-04 15:40:00+00:00,88.42,88.4599,88.38,88.38,65854.0,830.0,88.424039
SO,2026-09-04 15:45:00+00:00,88.39,88.54,88.39,88.47,23498.0,509.0,88.439191
SO,2026-09-04 15:50:00+00:00,88.455,88.5,88.43,88.44,38633.0,470.0,88.456174
SO,2026-09-04 15:55:00+00:00,88.42,88.46,88.41,88.4491,27058.0,491.0,88.434858
SO,2026-09-04 16:00:00+00:00,88.44,88.49,88.365,88.48,19948.0,553.0,88.428306
SO,2026-09-04 16:05:00+00:00,88.475,88.49,88.42,88.42,23199.0,523.0,88.434794
SO,2026-09-04 16:10:00+00:00,88.4,88.41,88.36,88.405,13377.0,475.0,88.386921
SO,2026-09-04 16:15:00+00:00,88.385,88.44,88.38,88.44,12194.0,453.0,88.40708
SO,2026-09-04 16:20:00+00:00,88.44,88.45,88.385,88.4099,21634.0,506.0,88.40452
SO,2026-09-04 16:25:00+00:00,88.41,88.43,88.38,88.38,23560.0,511.0,88.410143
SO,2026-09-04 16:30:00+00:00,88.39,88.39,88.295,88.325,20508.0,566.0,88.352334
SO,2026-09-04 16:35:00+00:00,88.325,88.345,88.21,88.2116,20459.0,526.0,88.280724
SO,2026-09-04 16:40:00+00:00,88.21,88.21,88.09,88.11,36802.0,730.0,88.142144
SO,2026-09-04 16:45:00+00:00,88.115,88.25,88.09,88.23,20397.0,516.0,88.181215
SO,2026-09-04 16:50:00+00:00,88.22,88.27,88.22,88.255,17314.0,459.0,88.238376
SO,2026-09-04 16:55:00+00:00,88.25,88.289,88.21,88.21,14553.0,502.0,88.247617
SO,2026-09-04 17:00:00+00:00,88.19,88.23,88.18,88.2,27971.0,701.0,88.195655
SO,2026-09-04 17:05:00+00:00,88.22,88.255,88.2,88.23,14131.0,446.0,88.21628
SO,2026-09-04 17:10:00+00:00,88.225,88.24,88.1822,88.1822,15842.0,488.0,88.215665
SO,2026-09-04 17:15:00+00:00,88.18,88.18,88.08,88.09,21204.0,622.0,88.119679
SO,2026-09-04 17:20:00+00:00,88.08,88.105,88.05,88.1,27000.0,548.0,88.088105
SO,2026-09-04 17:25:00+00:00,88.09,88.09,87.96,87.96,41284.0,858.0,88.005315
SO,2026-09-04 17:30:00+00:00,87.95,87.98,87.9,87.98,29619.0,787.0,87.927486
SO,2026-09-04 17:35:00+00:00,87.99,88.01,87.95,87.9933,17217.0,458.0,87.977262
SO,2026-09-04 17:40:00+00:00,87.98,88.05,87.96,87.96,28275.0,613.0,88.007164
SO,2026-09-04 17:45:00+00:00,87.95,87.97,87.93,87.96,17861.0,474.0,87.953357
SO,2026-09-04 17:50:00+00:00,87.965,87.98,87.94,87.965,12372.0,484.0,87.957895
SO,2026-09-04 17:55:00+00:00,87.97,88.02,87.955,88.005,47675.0,848.0,87.997088
SO,2026-09-04 18:00:00+00:00,88.0,88.05,87.95,87.96,37884.0,727.0,87.98584
SO,2026-09-04 18:05:00+00:00,87.96,88.005,87.935,87.935,21258.0,510.0,87.968708
SO,2026-09-04 18:10:00+00:00,87.94,88.02,87.94,88.01,28053.0,620.0,87.989711
SO,2026-09-04 18:15:00+00:00,88.03,88.03,87.985,87.99,15693.0,460.0,88.005756
SO,2026-09-04 18:20:00+00:00,87.995,88.005,87.96,87.99,19834.0,530.0,87.977944
SO,2026-09-04 18:25:00+00:00,87.99,88.05,87.975,88.02,17007.0,491.0,88.017583
SO,2026-09-04 18:30:00+00:00,88.01,88.02,87.99,87.995,19925.0,526.0,88.009566
SO,2026-09-04 18:35:00+00:00,87.995,88.06,87.995,88.03,24470.0,621.0,88.033211
SO,2026-09-04 18:40:00+00:00,88.05,88.09,88.035,88.08,15862.0,546.0,88.067408
SO,2026-09-04 18:45:00+00:00,88.07,88.14,88.06,88.07,26645.0,744.0,88.106538
SO,2026-09-04 18:50:00+00:00,88.08,88.13,88.075,88.08,25880.0,629.0,88.096734
SO,2026-09-04 18:55:00+00:00,88.075,88.11,88.055,88.055,22144.0,575.0,88.076797
SO,2026-09-04 19:00:00+00:00,88.05,88.08,88.01,88.0299,30030.0,797.0,88.040725
SO,2026-09-04 19:05:00+00:00,88.03,88.04,87.975,88.02,23875.0,742.0,88.002957
SO,2026-09-04 19:10:00+00:00,88.03,88.08,88.03,88.0647,26276.0,698.0,88.059429
SO,2026-09-04 19:15:00+00:00,88.07,88.08,88.02,88.08,21979.0,683.0,88.057984
SO,2026-09-04 19:20:00+00:00,88.07,88.1,88.05,88.07,33567.0,778.0,88.0748
SO,2026-09-04 19:25:00+00:00,88.06,88.125,88.06,88.09,54076.0,902.0,88.0912
SO,2026-09-04 19:30:00+00:00,88.095,88.095,87.94,87.95,49416.0,1024.0,88.002993
SO,2026-09-04 19:35:00+00:00,87.96,87.98,87.92,87.94,34915.0,846.0,87.953314
SO,2026-09-04 19:40:00+00:00,87.95,88.06,87.95,88.03,51246.0,1150.0,88.016581
SO,2026-09-04 19:45:00+00:00,88.02,88.03,87.84,87.86,120426.0,1811.0,87.945112
SO,2026-09-04 19:50:00+00:00,87.84,87.84,87.72,87.765,139049.0,2268.0,87.789604
SO,2026-09-04 19:55:00+00:00,87.76,88.14,87.65,88.12,837643.0,9278.0,87.948097
SO,2026-09-04 20:00:00+00:00,88.11,88.11,88.11,88.11,3494185.0,125.0,88.11
SO,2026-09-04 20:05:00+00:00,87.6543,87.6543,87.6419,87.6419,489.0,3.0,87.648292
SO,2026-09-04 20:15:00+00:00,88.11,88.21,88.11,88.21,2960.0,6.0,88.113499
SO,2026-09-04 20:20:00+00:00,88.2,88.21,88.2,88.2,460.0,4.0,88.205
SO,2026-09-04 20:50:00+00:00,88.0,88.0,88.0,88.0,100.0,1.0,88.0
SO,2026-09-08 08:00:00+00:00,87.77,87.77,87.77,87.77,344.0,3.0,87.77
SO,2026-09-08 08:10:00+00:00,87.76,87.76,87.76,87.76,427.0,4.0,87.76
SO,2026-09-08 11:05:00+00:00,87.56,87.56,87.51,87.51,555.0,8.0,87.547109
SO,2026-09-08 11:10:00+00:00,87.56,87.56,87.56,87.56,752.0,10.0,87.56
SO,2026-09-08 11:20:00+00:00,87.75,87.75,87.75,87.75,225.0,1.0,87.75
SO,2026-09-08 12:45:00+00:00,87.81,87.81,87.81,87.81,212.0,4.0,87.81
SO,2026-09-08 13:05:00+00:00,87.8,87.8,87.8,87.8,427.0,2.0,87.8
SO,2026-09-08 13:10:00+00:00,87.8,87.8,87.8,87.8,432.0,3.0,87.8
SO,2026-09-08 13:20:00+00:00,87.8,87.8,87.8,87.8,100.0,1.0,87.8
SO,2026-09-08 13:30:00+00:00,88.16,88.5665,88.1,88.38,232315.0,778.0,88.205802
SO,2026-09-08 13:35:00+00:00,88.39,88.71,88.34,88.455,45368.0,614.0,88.549212
SO,2026-09-08 13:40:00+00:00,88.4459,88.71,88.38,88.6875,48142.0,733.0,88.451961
SO,2026-09-08 13:45:00+00:00,88.685,88.69,88.39,88.39,43468.0,689.0,88.54377
SO,2026-09-08 13:50:00+00:00,88.41,88.63,88.41,88.55,50962.0,862.0,88.521613
SO,2026-09-08 13:55:00+00:00,88.55,88.63,88.53,88.555,80549.0,905.0,88.579524
SO,2026-09-08 14:00:00+00:00,88.555,88.745,88.5002,88.74,85466.0,1272.0,88.616242
SO,2026-09-08 14:05:00+00:00,88.7399,88.92,88.735,88.915,73987.0,1001.0,88.829702
SO,2026-09-08 14:10:00+00:00,88.905,89.025,88.825,88.86,83284.0,1279.0,88.940671
SO,2026-09-08 14:15:00+00:00,88.87,88.93,88.82,88.8724,62211.0,823.0,88.864019
SO,2026-09-08 14:20:00+00:00,88.86,88.96,88.77,88.96,48423.0,918.0,88.878422
SO,2026-09-08 14:25:00+00:00,88.96,89.06,88.93,89.035,42964.0,837.0,88.999601
SO,2026-09-08 14:30:00+00:00,89.04,89.09,89.0,89.05,30966.0,924.0,89.049663
SO,2026-09-08 14:35:00+00:00,89.02,89.19,88.995,89.145,64372.0,797.0,89.08798
SO,2026-09-08 14:40:00+00:00,89.14,89.2,89.11,89.17,45654.0,619.0,89.158781
SO,2026-09-08 14:45:00+00:00,89.175,89.205,89.125,89.175,25354.0,661.0,89.173754
SO,2026-09-08 14:50:00+00:00,89.165,89.245,89.13,89.15,27605.0,743.0,89.197283
SO,2026-09-08 14:55:00+00:00,89.13,89.13,88.98,88.99,27862.0,761.0,89.056975
SO,2026-09-08 15:00:00+00:00,88.99,88.99,88.84,88.84,32127.0,781.0,88.90263
SO,2026-09-08 15:05:00+00:00,88.85,88.895,88.73,88.74,74652.0,683.0,88.833893
SO,2026-09-08 15:10:00+00:00,88.74,88.74,88.65,88.67,22192.0,655.0,88.690798
SO,2026-09-08 15:15:00+00:00,88.67,88.73,88.6276,88.69,30436.0,665.0,88.670827
SO,2026-09-08 15:20:00+00:00,88.69,88.82,88.65,88.67,60107.0,770.0,88.740492
SO,2026-09-08 15:25:00+00:00,88.6925,88.8506,88.67,88.815,25639.0,566.0,88.79264
SO,2026-09-08 15:30:00+00:00,88.82,88.985,88.82,88.92,32530.0,801.0,88.907659
SO,2026-09-08 15:35:00+00:00,88.925,88.99,88.92,88.965,27345.0,568.0,88.95057
SO,2026-09-08 15:40:00+00:00,88.99,89.0599,88.96,89.045,36445.0,644.0,89.018179
SO,2026-09-08 15:45:00+00:00,89.06,89.12,88.96,88.96,72647.0,905.0,89.017991
SO,2026-09-08 15:50:00+00:00,88.94,89.005,88.86,88.88,80245.0,812.0,88.917674
SO,2026-09-08 15:55:00+00:00,88.88,88.9,88.75,88.76,44969.0,690.0,88.801174
SO,2026-09-08 16:00:00+00:00,88.765,88.82,88.745,88.785,82590.0,749.0,88.787162
SO,2026-09-08 16:05:00+00:00,88.78,88.86,88.754,88.86,26144.0,458.0,88.807104
SO,2026-09-08 16:10:00+00:00,88.865,89.01,88.845,88.99,34976.0,680.0,88.918817
SO,2026-09-08 16:15:00+00:00,89.0,89.01,88.89,88.91,60501.0,659.0,88.963499
SO,2026-09-08 16:20:00+00:00,88.91,88.97,88.88,88.94,29942.0,594.0,88.931563
SO,2026-09-08 16:25:00+00:00,88.95,88.95,88.83,88.83,57047.0,661.0,88.910075
SO,2026-09-08 16:30:00+00:00,88.82,88.91,88.75,88.88,30621.0,537.0,88.811597
SO,2026-09-08 16:35:00+00:00,88.88,88.88,88.79,88.795,23228.0,432.0,88.828723
SO,2026-09-08 16:40:00+00:00,88.7991,88.7991,88.73,88.73,21849.0,557.0,88.769521
SO,2026-09-08 16:45:00+00:00,88.73,88.82,88.72,88.81,27264.0,591.0,88.765005
SO,2026-09-08 16:50:00+00:00,88.84,88.9,88.83,88.87,17827.0,494.0,88.858659
SO,2026-09-08 16:55:00+00:00,88.86,88.92,88.855,88.89,16339.0,482.0,88.882525
SO,2026-09-08 17:00:00+00:00,88.89,88.91,88.85,88.9,28326.0,521.0,88.882058
SO,2026-09-08 17:05:00+00:00,88.89,88.9,88.8099,88.81,19264.0,557.0,88.840691
SO,2026-09-08 17:10:00+00:00,88.8,88.81,88.78,88.79,21811.0,448.0,88.796576
SO,2026-09-08 17:15:00+00:00,88.79,88.84,88.78,88.83,14367.0,417.0,88.802595
SO,2026-09-08 17:20:00+00:00,88.83,88.9,88.795,88.895,14086.0,411.0,88.848206
SO,2026-09-08 17:25:00+00:00,88.89,88.9151,88.855,88.915,12679.0,352.0,88.890309
SO,2026-09-08 17:30:00+00:00,88.915,88.9281,88.89,88.9,18731.0,410.0,88.908948
SO,2026-09-08 17:35:00+00:00,88.905,88.905,88.875,88.895,22345.0,463.0,88.893174
SO,2026-09-08 17:40:00+00:00,88.9,88.91,88.805,88.82,49017.0,818.0,88.850061
SO,2026-09-08 17:45:00+00:00,88.82,88.8504,88.795,88.83,18541.0,680.0,88.830513
SO,2026-09-08 17:50:00+00:00,88.825,88.93,88.815,88.9,37080.0,655.0,88.886586
SO,2026-09-08 17:55:00+00:00,88.9,88.95,88.875,88.9036,32582.0,549.0,88.922666
SO,2026-09-08 18:00:00+00:00,88.905,88.99,88.905,88.97,24174.0,472.0,88.935927
SO,2026-09-08 18:05:00+00:00,88.9881,89.065,88.97,89.06,80792.0,868.0,89.006613
SO,2026-09-08 18:10:00+00:00,89.045,89.13,89.03,89.1,60550.0,1004.0,89.069891
SO,2026-09-08 18:15:00+00:00,89.105,89.19,89.09,89.19,36499.0,642.0,89.164072
SO,2026-09-08 18:20:00+00:00,89.185,89.26,89.18,89.23,52678.0,832.0,89.225765
SO,2026-09-08 18:25:00+00:00,89.24,89.24,89.16,89.16,24417.0,643.0,89.209859
SO,2026-09-08 18:30:00+00:00,89.16,89.305,89.14,89.29,56066.0,877.0,89.239266
SO,2026-09-08 18:35:00+00:00,89.295,89.33,89.24,89.275,34890.0,695.0,89.291353
SO,2026-09-08 18:40:00+00:00,89.275,89.3,89.2599,89.3,20116.0,581.0,89.281899
SO,2026-09-08 18:45:00+00:00,89.305,89.335,89.21,89.23,67500.0,1302.0,89.271401
SO,2026-09-08 18:50:00+00:00,89.24,89.32,89.24,89.32,49572.0,832.0,89.271573
SO,2026-09-08 18:55:00+00:00,89.31,89.32,89.265,89.29,27106.0,596.0,89.297295
SO,2026-09-08 19:00:00+00:00,89.3,89.3,89.17,89.17,49181.0,863.0,89.225718
SO,2026-09-08 19:05:00+00:00,89.1699,89.245,89.12,89.24,39024.0,796.0,89.183823
SO,2026-09-08 19:10:00+00:00,89.25,89.3,89.23,89.23,31093.0,783.0,89.275515
SO,2026-09-08 19:15:00+00:00,89.22,89.26,89.195,89.245,42081.0,791.0,89.228102
SO,2026-09-08 19:20:00+00:00,89.24,89.24,89.2,89.23,25609.0,686.0,89.21572
SO,2026-09-08 19:25:00+00:00,89.225,89.23,89.17,89.185,41168.0,956.0,89.186626
SO,2026-09-08 19:30:00+00:00,89.195,89.27,89.12,89.19,111865.0,1597.0,89.212756
SO,2026-09-08 19:35:00+00:00,89.2,89.235,89.19,89.21,44336.0,907.0,89.212073
SO,2026-09-08 19:40:00+00:00,89.205,89.22,89.15,89.18,63365.0,1258.0,89.178209
SO,2026-09-08 19:45:00+00:00,89.175,89.245,89.14,89.2,100699.0,1867.0,89.186152
SO,2026-09-08 19:50:00+00:00,89.21,89.24,89.065,89.08,158153.0,2742.0,89.128622
SO,2026-09-08 19:55:00+00:00,89.08,89.18,88.97,89.005,523870.0,8308.0,89.071582
SO,2026-09-08 20:00:00+00:00,88.99,88.99,88.99,88.99,2039459.0,124.0,88.99
SO,2026-09-08 22:45:00+00:00,88.8716,88.8716,88.8716,88.8716,250.0,1.0,88.8716
SO,2026-09-09 12:10:00+00:00,89.03,89.03,89.03,89.03,200.0,2.0,89.03
SO,2026-09-09 12:55:00+00:00,89.34,89.34,89.34,89.34,1021.0,4.0,89.34
SO,2026-09-09 13:00:00+00:00,89.01,89.01,89.01,89.01,149.0,5.0,89.01
SO,2026-09-09 13:05:00+00:00,88.93,88.93,88.93,88.93,30600.0,1.0,88.93
SO,2026-09-09 13:15:00+00:00,88.93,88.93,88.93,88.93,12200.0,1.0,88.93
SO,2026-09-09 13:20:00+00:00,88.96,89.01,88.96,89.01,1441.0,24.0,88.98191
SO,2026-09-09 13:30:00+00:00,89.05,89.19,88.68,89.01,93199.0,741.0,88.959555
SO,2026-09-09 13:35:00+00:00,89.01,89.1,88.92,89.04,27100.0,609.0,89.024723
SO,2026-09-09 13:40:00+00:00,89.0358,89.04,88.82,89.02,29801.0,623.0,88.95112
SO,2026-09-09 13:45:00+00:00,88.99,89.0,88.8501,88.94,34537.0,687.0,88.949207
SO,2026-09-09 13:50:00+00:00,88.94,88.985,88.865,88.9,22703.0,578.0,88.926868
SO,2026-09-09 13:55:00+00:00,88.9,88.915,88.77,88.83,27966.0,544.0,88.807559
SO,2026-09-09 14:00:00+00:00,88.84,89.12,88.835,89.09,75366.0,1487.0,89.017689
SO,2026-09-09 14:05:00+00:00,89.09,89.19,89.0301,89.04,40396.0,869.0,89.092768
SO,2026-09-09 14:10:00+00:00,89.035,89.06,88.95,89.0,63836.0,1207.0,89.015175
SO,2026-09-09 14:15:00+00:00,88.99,88.99,88.84,88.845,48864.0,987.0,88.929276
SO,2026-09-09 14:20:00+00:00,88.86,88.94,88.775,88.78,79084.0,932.0,88.875175
SO,2026-09-09 14:25:00+00:00,88.79,88.81,88.58,88.595,39541.0,957.0,88.712681
SO,2026-09-09 14:30:00+00:00,88.595,88.75,88.595,88.68,38173.0,796.0,88.681752
SO,2026-09-09 14:35:00+00:00,88.68,88.77,88.595,88.721,42623.0,756.0,88.679469
SO,2026-09-09 14:40:00+00:00,88.73,88.73,88.61,88.635,27344.0,618.0,88.650423
SO,2026-09-09 14:45:00+00:00,88.63,88.65,88.48,88.5,34073.0,716.0,88.549592
SO,2026-09-09 14:50:00+00:00,88.5,88.525,88.445,88.485,22724.0,586.0,88.488389
SO,2026-09-09 14:55:00+00:00,88.49,88.555,88.44,88.51,62337.0,845.0,88.517269
SO,2026-09-09 15:00:00+00:00,88.51,88.54,88.25,88.27,71988.0,1013.0,88.420397
SO,2026-09-09 15:05:00+00:00,88.28,88.44,88.28,88.3,37327.0,756.0,88.346982
SO,2026-09-09 15:10:00+00:00,88.295,88.4381,88.22,88.41,32100.0,680.0,88.331978
SO,2026-09-09 15:15:00+00:00,88.41,88.415,88.28,88.28,21653.0,544.0,88.359336
SO,2026-09-09 15:20:00+00:00,88.29,88.34,88.27,88.315,27287.0,596.0,88.310858
SO,2026-09-09 15:25:00+00:00,88.32,88.35,88.29,88.34,24707.0,579.0,88.316082
SO,2026-09-09 15:30:00+00:00,88.37,88.37,88.21,88.21,18993.0,599.0,88.289818
SO,2026-09-09 15:35:00+00:00,88.21,88.26,88.15,88.25,36315.0,769.0,88.199518
SO,2026-09-09 15:40:00+00:00,88.23,88.3,88.14,88.145,25803.0,525.0,88.227275
SO,2026-09-09 15:45:00+00:00,88.16,88.23,88.15,88.18,13182.0,443.0,88.187182
SO,2026-09-09 15:50:00+00:00,88.16,88.1625,88.11,88.13,26892.0,580.0,88.129983
SO,2026-09-09 15:55:00+00:00,88.13,88.15,88.07,88.085,23270.0,630.0,88.103112
SO,2026-09-09 16:00:00+00:00,88.08,88.2,88.06,88.16,18135.0,476.0,88.124073
SO,2026-09-09 16:05:00+00:00,88.15,88.22,88.125,88.1843,27010.0,435.0,88.166412
SO,2026-09-09 16:10:00+00:00,88.18,88.18,88.11,88.15,28191.0,566.0,88.138644
SO,2026-09-09 16:15:00+00:00,88.15,88.23,88.13,88.15,51583.0,691.0,88.161605
SO,2026-09-09 16:20:00+00:00,88.15,88.225,88.12,88.225,72808.0,614.0,88.144635
SO,2026-09-09 16:25:00+00:00,88.23,88.25,88.18,88.2051,26950.0,606.0,88.210254
SO,2026-09-09 16:30:00+00:00,88.2,88.245,88.105,88.13,20733.0,560.0,88.183198
SO,2026-09-09 16:35:00+00:00,88.12,88.13,88.06,88.1,22426.0,542.0,88.09758
SO,2026-09-09 16:40:00+00:00,88.09,88.105,88.05,88.07,28391.0,524.0,88.076303
SO,2026-09-09 16:45:00+00:00,88.09,88.1,88.045,88.075,23180.0,514.0,88.072691
SO,2026-09-09 16:50:00+00:00,88.07,88.11,88.03,88.055,19924.0,582.0,88.076752
SO,2026-09-09 16:55:00+00:00,88.04,88.07,88.01,88.01,29075.0,581.0,88.045307
SO,2026-09-09 17:00:00+00:00,88.01,88.17,88.01,88.165,41938.0,809.0,88.075319
SO,2026-09-09 17:05:00+00:00,88.17,88.25,88.16,88.24,20185.0,546.0,88.207861
SO,2026-09-09 17:10:00+00:00,88.23,88.28,88.215,88.255,13423.0,475.0,88.242345
SO,2026-09-09 17:15:00+00:00,88.24,88.24,88.11,88.11,23676.0,486.0,88.162477
SO,2026-09-09 17:20:00+00:00,88.11,88.16,88.11,88.14,14497.0,426.0,88.139471
SO,2026-09-09 17:25:00+00:00,88.135,88.195,88.13,88.18,154465.0,611.0,88.162457
SO,2026-09-09 17:30:00+00:00,88.17,88.24,88.12,88.2,27151.0,668.0,88.159894
SO,2026-09-09 17:35:00+00:00,88.18,88.22,88.18,88.195,14923.0,457.0,88.192207
SO,2026-09-09 17:40:00+00:00,88.2,88.24,88.2,88.23,22334.0,484.0,88.218701
SO,2026-09-09 17:45:00+00:00,88.22,88.24,88.185,88.22,31186.0,605.0,88.215518
SO,2026-09-09 17:50:00+00:00,88.2291,88.34,88.22,88.34,45062.0,770.0,88.27029
SO,2026-09-09 17:55:00+00:00,88.345,88.39,88.3101,88.35,30882.0,505.0,88.347085
SO,2026-09-09 18:00:00+00:00,88.36,88.415,88.32,88.37,20791.0,586.0,88.386353
SO,2026-09-09 18:05:00+00:00,88.37,88.4,88.32,88.4,19235.0,581.0,88.35615
SO,2026-09-09 18:10:00+00:00,88.415,88.43,88.37,88.43,38317.0,608.0,88.390631
SO,2026-09-09 18:15:00+00:00,88.44,88.47,88.37,88.4,28896.0,622.0,88.411452
SO,2026-09-09 18:20:00+00:00,88.4,88.455,88.3701,88.43,24119.0,547.0,88.406891
SO,2026-09-09 18:25:00+00:00,88.42,88.51,88.42,88.49,35141.0,724.0,88.480671
SO,2026-09-09 18:30:00+00:00,88.49,88.56,88.48,88.5395,42393.0,790.0,88.526736
SO,2026-09-09 18:35:00+00:00,88.535,88.57,88.5119,88.555,17816.0,543.0,88.544405
SO,2026-09-09 18:40:00+00:00,88.56,88.68,88.56,88.635,21650.0,652.0,88.642928
SO,2026-09-09 18:45:00+00:00,88.64,88.65,88.49,88.49,48309.0,693.0,88.583637
SO,2026-09-09 18:50:00+00:00,88.47,88.49,88.44,88.445,56895.0,725.0,88.462153
SO,2026-09-09 18:55:00+00:00,88.45,88.5,88.45,88.47,22129.0,637.0,88.474186
SO,2026-09-09 19:00:00+00:00,88.48,88.52,88.455,88.47,32291.0,750.0,88.49382
SO,2026-09-09 19:05:00+00:00,88.465,88.49,88.425,88.485,24616.0,685.0,88.460852
SO,2026-09-09 19:10:00+00:00,88.49,88.53,88.475,88.495,67024.0,798.0,88.49325
SO,2026-09-09 19:15:00+00:00,88.495,88.5,88.44,88.485,32940.0,791.0,88.463494
SO,2026-09-09 19:20:00+00:00,88.48,88.505,88.46,88.48,30462.0,771.0,88.481907
SO,2026-09-09 19:25:00+00:00,88.485,88.49,88.44,88.455,44365.0,891.0,88.457907
SO,2026-09-09 19:30:00+00:00,88.46,88.53,88.44,88.455,92720.0,1401.0,88.475206
SO,2026-09-09 19:35:00+00:00,88.455,88.52,88.435,88.485,59426.0,1048.0,88.475801
SO,2026-09-09 19:40:00+00:00,88.48,88.52,88.44,88.445,57895.0,1303.0,88.469045
SO,2026-09-09 19:45:00+00:00,88.445,88.51,88.385,88.395,84906.0,1643.0,88.458152
SO,2026-09-09 19:50:00+00:00,88.39,88.4,88.2,88.34,191991.0,2929.0,88.256068
SO,2026-09-09 19:55:00+00:00,88.34,88.43,88.28,88.35,381008.0,6277.0,88.373985
SO,2026-09-09 20:00:00+00:00,88.34,88.34,88.34,88.34,996358.0,99.0,88.34
SO,2026-09-09 20:05:00+00:00,88.34,88.34,88.34,88.34,7100.0,1.0,88.34
SO,2026-09-10 11:00:00+00:00,88.61,88.61,88.61,88.61,158.0,11.0,88.61
SO,2026-09-10 13:30:00+00:00,88.92,89.045,88.6201,88.805,68276.0,743.0,88.865206
SO,2026-09-10 13:35:00+00:00,88.77,88.83,88.45,88.495,39113.0,576.0,88.553296
SO,2026-09-10 13:40:00+00:00,88.505,88.7,88.43,88.66,29284.0,629.0,88.595047
SO,2026-09-10 13:45:00+00:00,88.6451,88.65,88.475,88.49,33839.0,763.0,88.556801
SO,2026-09-10 13:50:00+00:00,88.465,88.49,88.36,88.49,27691.0,685.0,88.440229
SO,2026-09-10 13:55:00+00:00,88.485,88.65,88.29,88.65,29785.0,661.0,88.438296
SO,2026-09-10 14:00:00+00:00,88.63,88.63,88.42,88.47,58734.0,866.0,88.530975
SO,2026-09-10 14:05:00+00:00,88.475,88.595,88.44,88.5,29713.0,618.0,88.506198
SO,2026-09-10 14:10:00+00:00,88.49,88.77,88.49,88.64,29867.0,676.0,88.639118
SO,2026-09-10 14:15:00+00:00,88.64,88.86,88.64,88.73,40026.0,809.0,88.790527
SO,2026-09-10 14:20:00+00:00,88.73,88.76,88.54,88.6,66822.0,989.0,88.608951
SO,2026-09-10 14:25:00+00:00,88.59,88.66,88.47,88.53,32038.0,869.0,88.581522
SO,2026-09-10 14:30:00+00:00,88.52,88.6,88.47,88.59,25652.0,583.0,88.516752
SO,2026-09-10 14:35:00+00:00,88.56,88.56,88.405,88.405,40752.0,696.0,88.501228
SO,2026-09-10 14:40:00+00:00,88.38,88.38,88.24,88.29,48921.0,889.0,88.299174
SO,2026-09-10 14:45:00+00:00,88.28,88.28,88.14,88.18,50942.0,883.0,88.190321
SO,2026-09-10 14:50:00+00:00,88.18,88.23,88.12,88.13,35388.0,748.0,88.185686
SO,2026-09-10 14:55:00+00:00,88.12,88.18,88.12,88.14,38611.0,586.0,88.14848
SO,2026-09-10 15:00:00+00:00,88.12,88.12,88.02,88.08,24075.0,580.0,88.078923
SO,2026-09-10 15:05:00+00:00,88.09,88.13,88.0,88.045,48536.0,955.0,88.05727
SO,2026-09-10 15:10:00+00:00,88.06,88.07,87.92,87.92,40919.0,812.0,87.996304
SO,2026-09-10 15:15:00+00:00,87.9204,88.085,87.9204,88.065,17193.0,448.0,88.013476
SO,2026-09-10 15:20:00+00:00,88.05,88.05,87.94,87.945,17939.0,504.0,87.976767
SO,2026-09-10 15:25:00+00:00,87.91,87.97,87.89,87.89,61925.0,850.0,87.920902
SO,2026-09-10 15:30:00+00:00,87.9,87.925,87.805,87.87,59937.0,943.0,87.847533
SO,2026-09-10 15:35:00+00:00,87.86,87.88,87.8,87.81,20731.0,462.0,87.845021
SO,2026-09-10 15:40:00+00:00,87.81,87.88,87.81,87.87,21331.0,555.0,87.852953
SO,2026-09-10 15:45:00+00:00,87.88,87.9,87.785,87.845,38612.0,659.0,87.847436
SO,2026-09-10 15:50:00+00:00,87.865,88.05,87.83,88.02,22135.0,582.0,87.983756
SO,2026-09-10 15:55:00+00:00,88.02,88.03,87.99,88.025,17080.0,510.0,88.009288
SO,2026-09-10 16:00:00+00:00,88.02,88.046,87.98,88.0,24082.0,598.0,88.012049
SO,2026-09-10 16:05:00+00:00,87.9899,87.99,87.935,87.9499,14421.0,476.0,87.961076
SO,2026-09-10 16:10:00+00:00,87.95,88.03,87.95,87.98,21410.0,519.0,87.983775
SO,2026-09-10 16:15:00+00:00,87.97,88.01,87.94,87.995,20415.0,546.0,87.966458
SO,2026-09-10 16:20:00+00:00,88.0,88.025,87.97,87.97,21622.0,601.0,88.004965
SO,2026-09-10 16:25:00+00:00,87.97,88.08,87.95,88.04,23815.0,506.0,88.024011
SO,2026-09-10 16:30:00+00:00,88.04,88.0563,87.92,87.95,29734.0,686.0,87.963661
SO,2026-09-10 16:35:00+00:00,87.94,87.99,87.92,87.99,15561.0,373.0,87.947895
SO,2026-09-10 16:40:00+00:00,88.0,88.015,87.97,87.99,43988.0,596.0,87.995316
SO,2026-09-10 16:45:00+00:00,87.98,88.005,87.92,87.99,26599.0,540.0,87.95111
SO,2026-09-10 16:50:00+00:00,87.985,87.9999,87.89,87.9,24457.0,420.0,87.935739
SO,2026-09-10 16:55:00+00:00,87.905,87.92,87.83,87.84,29419.0,490.0,87.884018
SO,2026-09-10 17:00:00+00:00,87.84,87.9573,87.83,87.92,29903.0,584.0,87.912126
SO,2026-09-10 17:05:00+00:00,87.925,87.94,87.78,87.8,53348.0,556.0,87.878621
SO,2026-09-10 17:10:00+00:00,87.8,87.805,87.67,87.68,43682.0,648.0,87.750863
SO,2026-09-10 17:15:00+00:00,87.68,87.85,87.68,87.845,20863.0,430.0,87.766277
SO,2026-09-10 17:20:00+00:00,87.845,87.89,87.79,87.79,43655.0,509.0,87.829756
SO,2026-09-10 17:25:00+00:00,87.7701,87.83,87.76,87.785,24849.0,517.0,87.784511
SO,2026-09-10 17:30:00+00:00,87.77,87.8699,87.77,87.8699,46223.0,636.0,87.807227
SO,2026-09-10 17:35:00+00:00,87.84,87.915,87.84,87.885,20218.0,423.0,87.89217
SO,2026-09-10 17:40:00+00:00,87.89,87.9,87.82,87.89,32167.0,570.0,87.842725
SO,2026-09-10 17:45:00+00:00,87.89,87.95,87.89,87.945,15446.0,409.0,87.930375
SO,2026-09-10 17:50:00+00:00,87.935,87.935,87.845,87.9199,20022.0,621.0,87.8941
SO,2026-09-10 17:55:00+00:00,87.905,87.9499,87.89,87.93,23575.0,476.0,87.91686
SO,2026-09-10 18:00:00+00:00,87.93,88.05,87.93,87.98,39820.0,753.0,87.985735
SO,2026-09-10 18:05:00+00:00,87.99,87.99,87.915,87.96,19265.0,540.0,87.95513
SO,2026-09-10 18:10:00+00:00,87.965,88.01,87.93,88.0,17514.0,545.0,87.974105
SO,2026-09-10 18:15:00+00:00,88.0,88.02,87.96,87.96,21354.0,574.0,87.988183
SO,2026-09-10 18:20:00+00:00,87.955,87.99,87.95,87.98,20483.0,503.0,87.969838
SO,2026-09-10 18:25:00+00:00,87.98,87.98,87.923,87.95,18561.0,483.0,87.951303
SO,2026-09-10 18:30:00+00:00,87.945,87.945,87.79,87.83,40583.0,647.0,87.85697
SO,2026-09-10 18:35:00+00:00,87.83,87.94,87.83,87.94,43691.0,528.0,87.906746
SO,2026-09-10 18:40:00+00:00,87.95,88.02,87.95,88.01,28151.0,543.0,87.987329
SO,2026-09-10 18:45:00+00:00,88.01,88.15,87.99,88.14,85554.0,926.0,88.09362
SO,2026-09-10 18:50:00+00:00,88.135,88.15,88.11,88.12,26405.0,591.0,88.128068
SO,2026-09-10 18:55:00+00:00,88.135,88.16,88.015,88.015,82024.0,983.0,88.099043
SO,2026-09-10 19:00:00+00:00,88.015,88.04,87.9888,88.025,50010.0,626.0,88.024662
SO,2026-09-10 19:05:00+00:00,88.03,88.115,88.03,88.11,34792.0,660.0,88.071314
SO,2026-09-10 19:10:00+00:00,88.11,88.11,88.04,88.08,34696.0,687.0,88.077576
SO,2026-09-10 19:15:00+00:00,88.08,88.085,87.94,87.97,32567.0,788.0,88.016038
SO,2026-09-10 19:20:00+00:00,87.975,87.975,87.79,87.84,115752.0,1164.0,87.83196
SO,2026-09-10 19:25:00+00:00,87.85,87.94,87.84,87.925,86850.0,1091.0,87.905559
SO,2026-09-10 19:30:00+00:00,87.925,87.98,87.86,87.975,68113.0,1040.0,87.93741
SO,2026-09-10 19:35:00+00:00,87.99,88.09,87.985,88.05,44738.0,954.0,88.037221
SO,2026-09-10 19:40:00+00:00,88.045,88.12,88.03,88.11,38214.0,913.0,88.066629
SO,2026-09-10 19:45:00+00:00,88.1,88.11,88.01,88.05,96544.0,1288.0,88.05408
SO,2026-09-10 19:50:00+00:00,88.05,88.1,87.93,87.94,142024.0,2055.0,88.005339
SO,2026-09-10 19:55:00+00:00,87.93,88.0324,87.725,87.76,463672.0,6353.0,87.844552
SO,2026-09-10 20:00:00+00:00,87.76,87.76,87.75,87.75,1145662.0,98.0,87.750002
SO,2026-09-10 20:05:00+00:00,88.42,88.42,87.7486,87.7486,23720.0,2.0,88.416603
SO,2026-09-10 21:00:00+00:00,87.75,87.81,87.75,87.81,1356.0,4.0,87.759554
SO,2026-09-10 21:20:00+00:00,87.7902,87.7902,87.7902,87.7902,135.0,1.0,87.7902
SO,2026-09-10 21:30:00+00:00,87.66,87.66,87.66,87.66,150.0,1.0,87.66
SO,2026-09-10 21:40:00+00:00,87.66,87.66,87.66,87.66,100.0,1.0,87.66
SO,2026-09-11 08:15:00+00:00,88.04,88.04,88.04,88.04,113.0,1.0,88.04
SO,2026-09-11 08:45:00+00:00,87.4558,87.4558,87.4558,87.4558,300.0,1.0,87.4558
SO,2026-09-11 09:30:00+00:00,88.04,88.04,88.04,88.04,305.0,2.0,88.04
SO,2026-09-11 13:00:00+00:00,88.8245,88.8245,88.8245,88.8245,280.0,1.0,88.8245
SO,2026-09-11 13:20:00+00:00,88.64,88.64,88.64,88.64,1284.0,7.0,88.64
SO,2026-09-11 13:30:00+00:00,88.37,88.6548,88.22,88.25,52896.0,526.0,88.357142
SO,2026-09-11 13:35:00+00:00,88.21,88.29,88.055,88.125,19861.0,429.0,88.146985
SO,2026-09-11 13:40:00+00:00,88.1389,88.2399,88.0,88.15,25141.0,561.0,88.123921
SO,2026-09-11 13:45:00+00:00,88.14,88.31,88.09,88.24,36697.0,642.0,88.199359
SO,2026-09-11 13:50:00+00:00,88.235,88.235,88.0,88.01,27625.0,684.0,88.110497
SO,2026-09-11 13:55:00+00:00,88.04,88.15,88.0008,88.0008,26201.0,675.0,88.072574
SO,2026-09-11 14:00:00+00:00,88.01,88.04,87.87,87.94,61075.0,998.0,87.965784
SO,2026-09-11 14:05:00+00:00,87.95,87.98,87.85,87.85,28139.0,720.0,87.924566
SO,2026-09-11 14:10:00+00:00,87.8572,87.88,87.715,87.79,48091.0,910.0,87.783368
SO,2026-09-11 14:15:00+00:00,87.81,87.96,87.805,87.86,18635.0,576.0,87.870008
SO,2026-09-11 14:20:00+00:00,87.84,87.84,87.72,87.78,14470.0,554.0,87.778602
SO,2026-09-11 14:25:00+00:00,87.77,87.88,87.74,87.82,16282.0,490.0,87.794296
SO,2026-09-11 14:30:00+00:00,87.81,87.81,87.6401,87.6401,24221.0,620.0,87.725563
SO,2026-09-11 14:35:00+00:00,87.64,87.74,87.59,87.74,19946.0,667.0,87.644393
SO,2026-09-11 14:40:00+00:00,87.72,87.73,87.6,87.62,20005.0,555.0,87.673543
SO,2026-09-11 14:45:00+00:00,87.64,87.72,87.64,87.65,16296.0,505.0,87.685126
SO,2026-09-11 14:50:00+00:00,87.64,87.68,87.575,87.575,41903.0,638.0,87.614993
SO,2026-09-11 14:55:00+00:00,87.56,87.61,87.52,87.6,22646.0,531.0,87.573829
SO,2026-09-11 15:00:00+00:00,87.59,87.595,87.4742,87.55,30813.0,717.0,87.524026
SO,2026-09-11 15:05:00+00:00,87.545,87.56,87.4801,87.4801,20615.0,461.0,87.53912
SO,2026-09-11 15:10:00+00:00,87.49,87.49,87.41,87.475,15084.0,485.0,87.449996
SO,2026-09-11 15:15:00+00:00,87.48,87.565,87.4666,87.495,22242.0,561.0,87.500738
SO,2026-09-11 15:20:00+00:00,87.49,87.63,87.485,87.62,68917.0,1119.0,87.600276
SO,2026-09-11 15:25:00+00:00,87.63,87.72,87.61,87.6389,20852.0,499.0,87.651994
SO,2026-09-11 15:30:00+00:00,87.625,87.69,87.6,87.65,47859.0,632.0,87.645617
SO,2026-09-11 15:35:00+00:00,87.66,87.75,87.62,87.74,47433.0,576.0,87.710778
SO,2026-09-11 15:40:00+00:00,87.73,87.89,87.72,87.88,30297.0,529.0,87.816767
SO,2026-09-11 15:45:00+00:00,87.9,87.94,87.83,87.86,41868.0,502.0,87.878374
SO,2026-09-11 15:50:00+00:00,87.87,87.89,87.785,87.82,47607.0,450.0,87.842622
SO,2026-09-11 15:55:00+00:00,87.81,87.935,87.8,87.935,15762.0,421.0,87.849058
SO,2026-09-11 16:00:00+00:00,87.935,87.9354,87.825,87.85,17556.0,428.0,87.868005
SO,2026-09-11 16:05:00+00:00,87.86,87.88,87.83,87.87,19088.0,420.0,87.85389
SO,2026-09-11 16:10:00+00:00,87.87,87.87,87.83,87.84,19607.0,436.0,87.849831
SO,2026-09-11 16:15:00+00:00,87.84,87.87,87.825,87.835,17211.0,452.0,87.841089
SO,2026-09-11 16:20:00+00:00,87.85,87.86,87.78,87.85,14634.0,424.0,87.827404
SO,2026-09-11 16:25:00+00:00,87.85,87.93,87.835,87.92,32660.0,657.0,87.872001
SO,2026-09-11 16:30:00+00:00,87.93,88.03,87.93,88.03,465601.0,925.0,87.979916
SO,2026-09-11 16:35:00+00:00,88.02,88.05,87.98,87.98,219834.0,598.0,88.022476
SO,2026-09-11 16:40:00+00:00,87.975,88.0,87.92,87.93,13704.0,473.0,87.952881
SO,2026-09-11 16:45:00+00:00,87.93,87.98,87.93,87.98,23296.0,522.0,87.951666
SO,2026-09-11 16:50:00+00:00,87.97,87.98,87.94,87.98,15375.0,420.0,87.964289
SO,2026-09-11 16:55:00+00:00,87.99,88.0,87.95,87.975,19674.0,498.0,87.97024
SO,2026-09-11 17:00:00+00:00,87.98,88.0221,87.97,87.97,21651.0,498.0,87.993687
SO,2026-09-11 17:05:00+00:00,87.97,87.975,87.93,87.945,36673.0,527.0,87.955743
SO,2026-09-11 17:10:00+00:00,87.94,87.975,87.9,87.92,27431.0,541.0,87.924134
SO,2026-09-11 17:15:00+00:00,87.92,87.9693,87.91,87.94,18171.0,386.0,87.941215
SO,2026-09-11 17:20:00+00:00,87.95,88.05,87.95,88.0,27693.0,518.0,88.006319
SO,2026-09-11 17:25:00+00:00,88.01,88.01,87.97,88.0,13948.0,381.0,87.98963
SO,2026-09-11 17:30:00+00:00,87.99,88.07,87.96,88.05,33638.0,623.0,88.009836
SO,2026-09-11 17:35:00+00:00,88.05,88.14,88.02,88.035,66702.0,715.0,88.086804
SO,2026-09-11 17:40:00+00:00,88.035,88.055,87.99,88.05,20655.0,460.0,88.019364
SO,2026-09-11 17:45:00+00:00,88.04,88.075,87.99,88.06,15757.0,479.0,88.033046
SO,2026-09-11 17:50:00+00:00,88.06,88.07,87.995,87.995,25159.0,561.0,88.057864
SO,2026-09-11 17:55:00+00:00,87.99,88.05,87.98,88.025,13520.0,437.0,88.006701
SO,2026-09-11 18:00:00+00:00,88.03,88.08,88.02,88.05,26021.0,595.0,88.047665
SO,2026-09-11 18:05:00+00:00,88.055,88.065,87.99,88.01,18272.0,463.0,88.027057
SO,2026-09-11 18:10:00+00:00,88.01,88.03,87.96,87.96,20027.0,488.0,88.006476
SO,2026-09-11 18:15:00+00:00,87.95,87.9599,87.86,87.91,21794.0,551.0,87.908311
SO,2026-09-11 18:20:00+00:00,87.89,87.9,87.7901,87.8,38042.0,753.0,87.842867
SO,2026-09-11 18:25:00+00:00,87.785,87.79,87.71,87.7213,28339.0,633.0,87.746519
SO,2026-09-11 18:30:00+00:00,87.74,87.76,87.6634,87.69,25018.0,634.0,87.719042
SO,2026-09-11 18:35:00+00:00,87.69,87.71,87.63,87.64,52352.0,564.0,87.670889
SO,2026-09-11 18:40:00+00:00,87.64,87.645,87.615,87.635,30073.0,544.0,87.629262
SO,2026-09-11 18:45:00+00:00,87.6399,87.65,87.6,87.61,23991.0,604.0,87.622308
SO,2026-09-11 18:50:00+00:00,87.615,87.63,87.53,87.5601,32998.0,732.0,87.557917
SO,2026-09-11 18:55:00+00:00,87.565,87.61,87.521,87.545,89197.0,916.0,87.556529
SO,2026-09-11 19:00:00+00:00,87.56,87.64,87.55,87.62,34402.0,715.0,87.604819
SO,2026-09-11 19:05:00+00:00,87.62,87.63,87.56,87.57,46196.0,660.0,87.599737
SO,2026-09-11 19:10:00+00:00,87.57,87.57,87.41,87.43,65491.0,936.0,87.478572
SO,2026-09-11 19:15:00+00:00,87.435,87.435,87.24,87.26,95263.0,1262.0,87.339219
SO,2026-09-11 19:20:00+00:00,87.25,87.27,87.1801,87.25,68229.0,922.0,87.236113
SO,2026-09-11 19:25:00+00:00,87.25,87.25,87.185,87.2,55359.0,968.0,87.207603
SO,2026-09-11 19:30:00+00:00,87.205,87.25,87.08,87.155,114081.0,1693.0,87.171813
SO,2026-09-11 19:35:00+00:00,87.15,87.2,87.115,87.2,57911.0,995.0,87.152565
SO,2026-09-11 19:40:00+00:00,87.205,87.29,87.18,87.265,58245.0,1063.0,87.228831
SO,2026-09-11 19:45:00+00:00,87.265,87.28,87.13,87.13,64403.0,1340.0,87.205468
SO,2026-09-11 19:50:00+00:00,87.14,87.14,86.986,87.12,179519.0,2853.0,87.05191
SO,2026-09-11 19:55:00+00:00,87.13,87.39,87.13,87.15,587781.0,7865.0,87.250859
SO,2026-09-11 20:00:00+00:00,87.15,87.5,87.15,87.5,1161846.0,100.0,87.170028
SO,2026-09-11 20:10:00+00:00,87.5,87.5,87.5,87.5,107.0,8.0,87.5
SO,2026-09-11 21:45:00+00:00,87.5,87.5,87.5,87.5,100.0,1.0,87.5
SO,2026-09-14 08:50:00+00:00,88.0,88.0,88.0,88.0,390.0,3.0,88.0
SO,2026-09-14 09:20:00+00:00,88.01,88.01,88.01,88.01,100.0,1.0,88.01
SO,2026-09-14 11:10:00+00:00,87.65,87.65,87.55,87.55,846.0,13.0,87.60646
SO,2026-09-14 11:25:00+00:00,87.45,87.45,87.41,87.41,857.0,9.0,87.442743
SO,2026-09-14 13:30:00+00:00,87.72,87.97,87.54,87.925,71433.0,638.0,87.726372
SO,2026-09-14 13:35:00+00:00,87.9225,87.97,87.72,87.81,31947.0,508.0,87.843528
SO,2026-09-14 13:40:00+00:00,87.8,87.91,87.73,87.78,31100.0,525.0,87.803089
SO,2026-09-14 13:45:00+00:00,87.78,87.78,87.53,87.54,29706.0,632.0,87.669039
SO,2026-09-14 13:50:00+00:00,87.52,87.58,87.21,87.23,52054.0,949.0,87.417267
SO,2026-09-14 13:55:00+00:00,87.22,87.3,87.15,87.19,43152.0,706.0,87.214097
SO,2026-09-14 14:00:00+00:00,87.195,87.26,86.95,87.0,50715.0,991.0,87.032986
SO,2026-09-14 14:05:00+00:00,87.01,87.03,86.84,87.02,58930.0,1141.0,86.944476
SO,2026-09-14 14:10:00+00:00,87.025,87.0899,86.91,87.025,55212.0,761.0,87.012935
SO,2026-09-14 14:15:00+00:00,87.025,87.21,87.0,87.21,31852.0,716.0,87.094582
SO,2026-09-14 14:20:00+00:00,87.1922,87.28,87.07,87.095,29323.0,617.0,87.171883
SO,2026-09-14 14:25:00+00:00,87.09,87.12,87.03,87.05,73776.0,710.0,87.051703
SO,2026-09-14 14:30:00+00:00,87.06,87.06,86.9,86.95,30203.0,785.0,86.964457
SO,2026-09-14 14:35:00+00:00,86.96,87.15,86.96,87.065,46214.0,687.0,87.092855
SO,2026-09-14 14:40:00+00:00,87.08,87.11,87.05,87.08,21063.0,507.0,87.075613
SO,2026-09-14 14:45:00+00:00,87.07,87.08,86.94,86.97,15395.0,489.0,87.010895
SO,2026-09-14 14:50:00+00:00,86.96,87.04,86.945,86.99,18492.0,453.0,86.988396
SO,2026-09-14 14:55:00+00:00,87.0,87.03,86.88,86.88,117938.0,789.0,86.908474
SO,2026-09-14 15:00:00+00:00,86.87,87.12,86.87,87.105,41992.0,736.0,87.037574
SO,2026-09-14 15:05:00+00:00,87.115,87.22,87.08,87.16,116294.0,1005.0,87.151658
SO,2026-09-14 15:10:00+00:00,87.2,87.225,87.06,87.06,35241.0,687.0,87.117448
SO,2026-09-14 15:15:00+00:00,87.06,87.06,86.86,86.88,72579.0,616.0,86.9148
SO,2026-09-14 15:20:00+00:00,86.87,86.9279,86.82,86.84,72288.0,748.0,86.859666
SO,2026-09-14 15:25:00+00:00,86.855,86.94,86.855,86.9,67105.0,682.0,86.874115
SO,2026-09-14 15:30:00+00:00,86.92,86.92,86.825,86.83,126769.0,1105.0,86.861084
SO,2026-09-14 15:35:00+00:00,86.835,86.8499,86.75,86.82,44701.0,666.0,86.790494
SO,2026-09-14 15:40:00+00:00,86.77,86.8838,86.76,86.87,34875.0,633.0,86.813609
SO,2026-09-14 15:45:00+00:00,86.9,86.925,86.77,86.78,36433.0,724.0,86.845843
SO,2026-09-14 15:50:00+00:00,86.78,86.88,86.76,86.79,26585.0,585.0,86.809663
SO,2026-09-14 15:55:00+00:00,86.8,86.805,86.755,86.8,19923.0,479.0,86.778319
SO,2026-09-14 16:00:00+00:00,86.805,86.91,86.78,86.91,281257.0,906.0,86.796452
SO,2026-09-14 16:05:00+00:00,86.9,86.965,86.875,86.965,19560.0,417.0,86.913621
SO,2026-09-14 16:10:00+00:00,86.985,87.035,86.91,86.91,34178.0,720.0,86.975051
SO,2026-09-14 16:15:00+00:00,86.9,86.9,86.7,86.74,32353.0,688.0,86.780494
SO,2026-09-14 16:20:00+00:00,86.74,86.75,86.68,86.695,42656.0,626.0,86.71937
SO,2026-09-14 16:25:00+00:00,86.7,86.815,86.7,86.7901,27491.0,608.0,86.752957
SO,2026-09-14 16:30:00+00:00,86.8,86.86,86.8,86.82,21611.0,541.0,86.834591
SO,2026-09-14 16:35:00+00:00,86.83,86.86,86.7701,86.86,23260.0,463.0,86.80645
SO,2026-09-14 16:40:00+00:00,86.87,86.87,86.68,86.72,34275.0,556.0,86.72046
SO,2026-09-14 16:45:00+00:00,86.69,86.8,86.68,86.77,74039.0,708.0,86.687184
SO,2026-09-14 16:50:00+00:00,86.79,86.83,86.73,86.73,16126.0,467.0,86.77352
SO,2026-09-14 16:55:00+00:00,86.735,86.77,86.66,86.69,37393.0,613.0,86.692758
SO,2026-09-14 17:00:00+00:00,86.69,86.8,86.69,86.755,18174.0,491.0,86.749926
SO,2026-09-14 17:05:00+00:00,86.7445,86.76,86.67,86.7,27603.0,438.0,86.723273
SO,2026-09-14 17:10:00+00:00,86.706,86.79,86.7,86.79,11487.0,368.0,86.748365
SO,2026-09-14 17:15:00+00:00,86.79,86.81,86.73,86.74,25021.0,472.0,86.771332
SO,2026-09-14 17:20:00+00:00,86.73,86.76,86.71,86.735,22923.0,547.0,86.735283
SO,2026-09-14 17:25:00+00:00,86.73,86.775,86.71,86.775,19757.0,484.0,86.729626
SO,2026-09-14 17:30:00+00:00,86.77,86.86,86.76,86.81,29437.0,538.0,86.811343
SO,2026-09-14 17:35:00+00:00,86.815,86.85,86.77,86.8051,33472.0,490.0,86.802177
SO,2026-09-14 17:40:00+00:00,86.81,86.89,86.81,86.85,30514.0,642.0,86.846321
SO,2026-09-14 17:45:00+00:00,86.84,86.87,86.815,86.87,18633.0,434.0,86.835329
SO,2026-09-14 17:50:00+00:00,86.87,86.965,86.87,86.96,13896.0,501.0,86.913678
SO,2026-09-14 17:55:00+00:00,86.955,86.96,86.86,86.86,26031.0,670.0,86.922958
SO,2026-09-14 18:00:00+00:00,86.86,86.865,86.78,86.78,23556.0,674.0,86.821006
SO,2026-09-14 18:05:00+00:00,86.7745,86.804,86.72,86.79,23545.0,641.0,86.760214
SO,2026-09-14 18:10:00+00:00,86.785,86.81,86.755,86.785,19261.0,516.0,86.778062
SO,2026-09-14 18:15:00+00:00,86.785,86.84,86.775,86.82,23100.0,523.0,86.800846
SO,2026-09-14 18:20:00+00:00,86.8,86.88,86.8,86.88,23713.0,607.0,86.835968
SO,2026-09-14 18:25:00+00:00,86.88,86.9,86.835,86.88,44127.0,550.0,86.873216
SO,2026-09-14 18:30:00+00:00,86.87,86.96,86.83,86.94,25545.0,659.0,86.889686
SO,2026-09-14 18:35:00+00:00,86.94,87.0,86.89,86.94,110331.0,755.0,86.988937
SO,2026-09-14 18:40:00+00:00,86.94,86.95,86.92,86.92,24594.0,536.0,86.936386
SO,2026-09-14 18:45:00+00:00,86.94,87.0,86.92,86.9997,95500.0,1094.0,86.993495
SO,2026-09-14 18:50:00+00:00,87.0,87.09,86.97,87.02,196278.0,1133.0,87.01033
SO,2026-09-14 18:55:00+00:00,87.045,87.0849,87.045,87.071,25736.0,656.0,87.065848
SO,2026-09-14 19:00:00+00:00,87.06,87.1,86.96,86.985,40957.0,823.0,87.023855
SO,2026-09-14 19:05:00+00:00,86.97,86.97,86.8428,86.88,44612.0,854.0,86.885925
SO,2026-09-14 19:10:00+00:00,86.88,86.98,86.88,86.96,35529.0,779.0,86.921201
SO,2026-09-14 19:15:00+00:00,86.95,86.96,86.91,86.93,31373.0,619.0,86.944239
SO,2026-09-14 19:20:00+00:00,86.93,86.98,86.905,86.9099,32542.0,793.0,86.943239
SO,2026-09-14 19:25:00+00:00,86.9,86.9,86.76,86.8,47437.0,933.0,86.82794
SO,2026-09-14 19:30:00+00:00,86.805,86.867,86.78,86.85,39451.0,806.0,86.814834
SO,2026-09-14 19:35:00+00:00,86.855,86.915,86.815,86.815,43728.0,931.0,86.876201
SO,2026-09-14 19:40:00+00:00,86.815,86.82,86.735,86.745,39843.0,873.0,86.774717
SO,2026-09-14 19:45:00+00:00,86.74,86.81,86.705,86.705,54519.0,1364.0,86.763095
SO,2026-09-14 19:50:00+00:00,86.7,86.8,86.67,86.77,98304.0,2051.0,86.749567
SO,2026-09-14 19:55:00+00:00,86.78,87.03,86.78,87.01,313290.0,5301.0,86.907335
SO,2026-09-14 20:00:00+00:00,87.0,87.1,87.0,87.1,1310316.0,114.0,87.000028
SO,2026-09-14 20:55:00+00:00,87.52,87.52,87.52,87.52,100.0,1.0,87.52
SO,2026-09-14 21:00:00+00:00,87.52,87.52,87.52,87.52,443.0,2.0,87.52
SO,2026-09-14 21:40:00+00:00,87.05,87.05,87.05,87.05,909.0,49.0,87.05
SO,2026-09-14 21:50:00+00:00,87.0,87.0,87.0,87.0,434.0,6.0,87.0
SO,2026-09-15 08:15:00+00:00,87.01,87.01,87.01,87.01,236.0,2.0,87.01
SO,2026-09-15 12:10:00+00:00,86.9,86.9,86.9,86.9,175.0,2.0,86.9
SO,2026-09-15 12:20:00+00:00,87.25,87.25,87.25,87.25,200.0,1.0,87.25
SO,2026-09-15 13:30:00+00:00,87.17,87.22,86.695,86.695,48840.0,416.0,87.116126
SO,2026-09-15 13:35:00+00:00,86.695,86.81,86.43,86.47,263829.0,1142.0,86.634197
SO,2026-09-15 13:40:00+00:00,86.4778,86.64,86.45,86.64,44977.0,591.0,86.48692
SO,2026-09-15 13:45:00+00:00,86.645,86.755,86.6,86.72,53242.0,684.0,86.696799
SO,2026-09-15 13:50:00+00:00,86.74,86.8,86.63,86.799,22462.0,499.0,86.704881
SO,2026-09-15 13:55:00+00:00,86.79,86.82,86.7,86.72,24617.0,460.0,86.775129
SO,2026-09-15 14:00:00+00:00,86.75,86.81,86.675,86.675,73972.0,928.0,86.736523
SO,2026-09-15 14:05:00+00:00,86.7147,86.92,86.71,86.84,71907.0,906.0,86.844689
SO,2026-09-15 14:10:00+00:00,86.84,86.8705,86.72,86.73,50640.0,796.0,86.810454
SO,2026-09-15 14:15:00+00:00,86.78,86.915,86.7001,86.905,19765.0,503.0,86.833542
SO,2026-09-15 14:20:00+00:00,86.92,86.9247,86.8,86.81,15186.0,466.0,86.857488
SO,2026-09-15 14:25:00+00:00,86.8,86.82,86.7196,86.725,27807.0,602.0,86.765934
SO,2026-09-15 14:30:00+00:00,86.735,86.86,86.72,86.8,37266.0,925.0,86.785938
SO,2026-09-15 14:35:00+00:00,86.78,86.97,86.775,86.97,282502.0,1027.0,86.896542
SO,2026-09-15 14:40:00+00:00,86.97,86.97,86.845,86.845,18622.0,600.0,86.883856
SO,2026-09-15 14:45:00+00:00,86.79,86.79,86.64,86.725,34302.0,676.0,86.713294
SO,2026-09-15 14:50:00+00:00,86.73,86.75,86.67,86.685,55418.0,528.0,86.698427
SO,2026-09-15 14:55:00+00:00,86.67,86.68,86.6,86.61,36017.0,651.0,86.638303
SO,2026-09-15 15:00:00+00:00,86.61,86.61,86.53,86.53,30904.0,636.0,86.575647
SO,2026-09-15 15:05:00+00:00,86.52,86.56,86.395,86.42,514767.0,2423.0,86.47122
SO,2026-09-15 15:10:00+00:00,86.42,86.44,86.37,86.44,56903.0,762.0,86.401702
SO,2026-09-15 15:15:00+00:00,86.44,86.465,86.39,86.4,12154.0,443.0,86.437342
SO,2026-09-15 15:20:00+00:00,86.42,86.49,86.42,86.47,15098.0,473.0,86.446066
SO,2026-09-15 15:25:00+00:00,86.44,86.44,86.37,86.42,15366.0,497.0,86.407415
SO,2026-09-15 15:30:00+00:00,86.43,86.49,86.4289,86.49,16825.0,426.0,86.458604
SO,2026-09-15 15:35:00+00:00,86.49,86.575,86.455,86.575,43965.0,490.0,86.496491
SO,2026-09-15 15:40:00+00:00,86.57,86.58,86.36,86.38,45440.0,934.0,86.463332
SO,2026-09-15 15:45:00+00:00,86.39,86.4,86.325,86.36,56847.0,1015.0,86.37091
SO,2026-09-15 15:50:00+00:00,86.34,86.38,86.25,86.255,38487.0,607.0,86.30954
SO,2026-09-15 15:55:00+00:00,86.25,86.26,86.19,86.24,26105.0,643.0,86.226041
SO,2026-09-15 16:00:00+00:00,86.25,86.265,86.19,86.23,22575.0,484.0,86.234629
SO,2026-09-15 16:05:00+00:00,86.22,86.25,86.175,86.2,22303.0,522.0,86.220257
SO,2026-09-15 16:10:00+00:00,86.2,86.25,86.195,86.21,19037.0,438.0,86.221333
SO,2026-09-15 16:15:00+00:00,86.21,86.21,86.12,86.12,25074.0,573.0,86.167804
SO,2026-09-15 16:20:00+00:00,86.13,86.14,86.065,86.09,74145.0,964.0,86.11024
SO,2026-09-15 16:25:00+00:00,86.07,86.093,86.04,86.05,18010.0,488.0,86.063973
SO,2026-09-15 16:30:00+00:00,86.055,86.08,85.91,85.95,37845.0,751.0,86.009051
SO,2026-09-15 16:35:00+00:00,85.96,86.0,85.95,85.95,15615.0,453.0,85.97703
SO,2026-09-15 16:40:00+00:00,85.96,86.02,85.94,85.99,16656.0,479.0,85.975201
SO,2026-09-15 16:45:00+00:00,85.99,86.0325,85.945,85.99,29063.0,541.0,85.981306
SO,2026-09-15 16:50:00+00:00,85.98,86.08,85.96,86.055,35114.0,656.0,86.003713
SO,2026-09-15 16:55:00+00:00,86.05,86.12,86.045,86.065,36249.0,765.0,86.082663
SO,2026-09-15 17:00:00+00:00,86.065,86.15,86.05,86.11,92095.0,739.0,86.103383
SO,2026-09-15 17:05:00+00:00,86.13,86.23,86.12,86.23,28296.0,534.0,86.162014
SO,2026-09-15 17:10:00+00:00,86.24,86.29,86.22,86.2801,26722.0,519.0,86.267151
SO,2026-09-15 17:15:00+00:00,86.28,86.32,86.25,86.27,45975.0,713.0,86.274011
SO,2026-09-15 17:20:00+00:00,86.26,86.26,86.15,86.19,63573.0,693.0,86.209134
SO,2026-09-15 17:25:00+00:00,86.19,86.195,86.12,86.18,70184.0,898.0,86.159439
SO,2026-09-15 17:30:00+00:00,86.19,86.205,86.12,86.17,55920.0,851.0,86.1703
SO,2026-09-15 17:35:00+00:00,86.14,86.22,86.11,86.21,39399.0,623.0,86.162143
SO,2026-09-15 17:40:00+00:00,86.235,86.27,86.17,86.18,31819.0,641.0,86.202073
SO,2026-09-15 17:45:00+00:00,86.17,86.34,86.17,86.32,28451.0,629.0,86.256916
SO,2026-09-15 17:50:00+00:00,86.3,86.3,86.24,86.276,14422.0,415.0,86.273356
SO,2026-09-15 17:55:00+00:00,86.27,86.285,86.15,86.21,30998.0,705.0,86.20794
SO,2026-09-15 18:00:00+00:00,86.205,86.27,86.155,86.27,30054.0,738.0,86.203354
SO,2026-09-15 18:05:00+00:00,86.28,86.28,86.2,86.2,16443.0,488.0,86.241905
SO,2026-09-15 18:10:00+00:00,86.2,86.23,86.18,86.22,19349.0,473.0,86.206566
SO,2026-09-15 18:15:00+00:00,86.22,86.24,86.16,86.175,37886.0,610.0,86.206792
SO,2026-09-15 18:20:00+00:00,86.17,86.18,86.12,86.135,37425.0,615.0,86.14192
SO,2026-09-15 18:25:00+00:00,86.13,86.19,86.13,86.16,27315.0,581.0,86.155906
SO,2026-09-15 18:30:00+00:00,86.15,86.155,86.065,86.085,30729.0,619.0,86.101809
SO,2026-09-15 18:35:00+00:00,86.08,86.14,86.07,86.12,19542.0,490.0,86.107106
SO,2026-09-15 18:40:00+00:00,86.115,86.18,86.11,86.125,23888.0,597.0,86.14842
SO,2026-09-15 18:45:00+00:00,86.125,86.2,86.115,86.15,29586.0,705.0,86.158718
SO,2026-09-15 18:50:00+00:00,86.15,86.195,86.12,86.16,28228.0,652.0,86.161115
SO,2026-09-15 18:55:00+00:00,86.17,86.24,86.17,86.22,45381.0,680.0,86.22432
SO,2026-09-15 19:00:00+00:00,86.22,86.2804,86.211,86.25,37967.0,718.0,86.256871
SO,2026-09-15 19:05:00+00:00,86.24,86.32,86.23,86.29,32983.0,831.0,86.289284
SO,2026-09-15 19:10:00+00:00,86.285,86.285,86.17,86.19,34482.0,852.0,86.233718
SO,2026-09-15 19:15:00+00:00,86.195,86.23,86.15,86.175,30144.0,733.0,86.200126
SO,2026-09-15 19:20:00+00:00,86.175,86.25,86.17,86.235,42783.0,907.0,86.197298
SO,2026-09-15 19:25:00+00:00,86.235,86.24,86.12,86.12,50293.0,902.0,86.175252
SO,2026-09-15 19:30:00+00:00,86.12,86.1205,86.04,86.08,52816.0,1098.0,86.075356
SO,2026-09-15 19:35:00+00:00,86.09,86.2,86.09,86.15,40230.0,996.0,86.160329
SO,2026-09-15 19:40:00+00:00,86.16,86.22,86.155,86.18,47311.0,1113.0,86.186799
SO,2026-09-15 19:45:00+00:00,86.16,86.195,86.1,86.1,67452.0,1434.0,86.152807
SO,2026-09-15 19:50:00+00:00,86.09,86.12,86.04,86.1,91282.0,2217.0,86.083263
SO,2026-09-15 19:55:00+00:00,86.09,86.09,85.94,85.95,305494.0,5585.0,85.993759
SO,2026-09-15 20:00:00+00:00,85.95,85.95,85.95,85.95,971072.0,101.0,85.95
SO,2026-09-15 20:40:00+00:00,86.0,86.0,86.0,86.0,100.0,1.0,86.0
SO,2026-09-15 20:50:00+00:00,86.01,86.03,86.01,86.03,315.0,22.0,86.020148
SO,2026-09-15 23:35:00+00:00,85.9093,85.9093,85.9093,85.9093,100.0,1.0,85.9093
SO,2026-09-16 11:15:00+00:00,86.037,86.037,86.037,86.037,100.0,1.0,86.037
SO,2026-09-16 11:20:00+00:00,86.0,86.0,86.0,86.0,100.0,1.0,86.0
SO,2026-09-16 11:30:00+00:00,86.04,86.04,86.04,86.04,895.0,3.0,86.04
SO,2026-09-16 11:55:00+00:00,86.17,86.17,86.17,86.17,377.0,1.0,86.17
SO,2026-09-16 12:20:00+00:00,86.16,86.16,86.16,86.16,232.0,1.0,86.16
SO,2026-09-16 12:45:00+00:00,86.0,86.0,86.0,86.0,160.0,1.0,86.0
SO,2026-09-16 13:25:00+00:00,86.47,86.49,86.47,86.49,300.0,4.0,86.48
SO,2026-09-16 13:30:00+00:00,86.41,86.55,86.1944,86.54,188910.0,544.0,86.507791
SO,2026-09-16 13:35:00+00:00,86.54,86.66,86.485,86.605,189161.0,689.0,86.555277
SO,2026-09-16 13:40:00+00:00,86.6202,86.6202,86.42,86.505,30791.0,602.0,86.487944
SO,2026-09-16 13:45:00+00:00,86.51,86.61,86.495,86.555,33101.0,689.0,86.547523
SO,2026-09-16 13:50:00+00:00,86.565,86.625,86.43,86.46,48862.0,645.0,86.571248
SO,2026-09-16 13:55:00+00:00,86.49,86.5689,86.38,86.4,40471.0,671.0,86.502902
SO,2026-09-16 14:00:00+00:00,86.4,86.43,86.16,86.16,84953.0,1051.0,86.310884
SO,2026-09-16 14:05:00+00:00,86.175,86.2285,86.08,86.15,56341.0,845.0,86.157416
SO,2026-09-16 14:10:00+00:00,86.16,86.34,86.14,86.34,32140.0,675.0,86.219068
SO,2026-09-16 14:15:00+00:00,86.33,86.34,86.17,86.17,26413.0,629.0,86.277834
SO,2026-09-16 14:20:00+00:00,86.2,86.375,86.19,86.3,44239.0,635.0,86.287855
SO,2026-09-16 14:25:00+00:00,86.3,86.3001,86.24,86.28,32872.0,597.0,86.277224
SO,2026-09-16 14:30:00+00:00,86.2875,86.4,86.25,86.4,25766.0,724.0,86.323815
SO,2026-09-16 14:35:00+00:00,86.39,86.46,86.36,86.44,16367.0,465.0,86.414857
SO,2026-09-16 14:40:00+00:00,86.45,86.47,86.4,86.444,30843.0,727.0,86.434739
SO,2026-09-16 14:45:00+00:00,86.41,86.455,86.345,86.41,22945.0,457.0,86.417144
SO,2026-09-16 14:50:00+00:00,86.42,86.545,86.42,86.5095,28538.0,749.0,86.497116
SO,2026-09-16 14:55:00+00:00,86.51,86.6,86.508,86.58,154694.0,734.0,86.591911
SO,2026-09-16 15:00:00+00:00,86.58,86.68,86.5728,86.59,73478.0,896.0,86.610005
SO,2026-09-16 15:05:00+00:00,86.59,86.7,86.57,86.7,49978.0,771.0,86.637647
SO,2026-09-16 15:10:00+00:00,86.705,86.76,86.67,86.7314,25368.0,540.0,86.720578
SO,2026-09-16 15:15:00+00:00,86.705,86.78,86.67,86.73,421405.0,549.0,86.723045
SO,2026-09-16 15:20:00+00:00,86.73,86.8012,86.72,86.8,22733.0,507.0,86.769373
SO,2026-09-16 15:25:00+00:00,86.79,86.79,86.645,86.68,27936.0,778.0,86.690052
SO,2026-09-16 15:30:00+00:00,86.685,86.685,86.62,86.67,12825.0,431.0,86.649244
SO,2026-09-16 15:35:00+00:00,86.68,86.74,86.68,86.74,13958.0,407.0,86.70901
SO,2026-09-16 15:40:00+00:00,86.74,86.83,86.74,86.83,17202.0,513.0,86.783269
SO,2026-09-16 15:45:00+00:00,86.81,86.8159,86.69,86.71,28551.0,746.0,86.772901
SO,2026-09-16 15:50:00+00:00,86.71,86.715,86.63,86.65,17768.0,520.0,86.66603
SO,2026-09-16 15:55:00+00:00,86.64,86.6964,86.63,86.695,13300.0,418.0,86.661698
SO,2026-09-16 16:00:00+00:00,86.695,86.71,86.66,86.69,13884.0,475.0,86.679599
SO,2026-09-16 16:05:00+00:00,86.695,86.7,86.62,86.65,12898.0,371.0,86.646884
SO,2026-09-16 16:10:00+00:00,86.655,86.695,86.63,86.63,51207.0,633.0,86.656865
SO,2026-09-16 16:15:00+00:00,86.6272,86.63,86.55,86.61,240514.0,536.0,86.603112
SO,2026-09-16 16:20:00+00:00,86.64,86.64,86.58,86.6,10775.0,366.0,86.601991
SO,2026-09-16 16:25:00+00:00,86.591,86.64,86.59,86.64,16326.0,414.0,86.60999
SO,2026-09-16 16:30:00+00:00,86.655,86.66,86.525,86.54,10446.0,323.0,86.61162
SO,2026-09-16 16:35:00+00:00,86.54,86.5599,86.51,86.535,12642.0,329.0,86.542477
SO,2026-09-16 16:40:00+00:00,86.53,86.61,86.53,86.61,12617.0,398.0,86.565667
SO,2026-09-16 16:45:00+00:00,86.63,86.705,86.63,86.705,15690.0,334.0,86.666473
SO,2026-09-16 16:50:00+00:00,86.7,86.77,86.6901,86.74,16864.0,517.0,86.72356
SO,2026-09-16 16:55:00+00:00,86.77,86.77,86.65,86.68,22587.0,654.0,86.709033
SO,2026-09-16 17:00:00+00:00,86.68,86.7,86.57,86.57,18579.0,442.0,86.629748
SO,2026-09-16 17:05:00+00:00,86.56,86.59,86.55,86.562,30763.0,350.0,86.5603
SO,2026-09-16 17:10:00+00:00,86.54,86.635,86.5399,86.587,24595.0,578.0,86.570487
SO,2026-09-16 17:15:00+00:00,86.585,86.585,86.52,86.55,13313.0,377.0,86.548284
SO,2026-09-16 17:20:00+00:00,86.5427,86.545,86.42,86.425,28301.0,490.0,86.493752
SO,2026-09-16 17:25:00+00:00,86.425,86.44,86.3806,86.43,22489.0,502.0,86.415791
SO,2026-09-16 17:30:00+00:00,86.43,86.43,86.31,86.32,14104.0,414.0,86.374349
SO,2026-09-16 17:35:00+00:00,86.315,86.33,86.285,86.3,35651.0,531.0,86.309058
SO,2026-09-16 17:40:00+00:00,86.31,86.38,86.3051,86.355,23068.0,389.0,86.359148
SO,2026-09-16 17:45:00+00:00,86.355,86.493,86.355,86.465,12484.0,424.0,86.440057
SO,2026-09-16 17:50:00+00:00,86.46,86.505,86.44,86.49,22240.0,553.0,86.473014
SO,2026-09-16 17:55:00+00:00,86.495,86.5,86.47,86.49,17694.0,453.0,86.491197
SO,2026-09-16 18:00:00+00:00,86.49,86.51,86.44,86.45,28545.0,748.0,86.483336
SO,2026-09-16 18:05:00+00:00,86.39,86.415,86.345,86.415,22039.0,583.0,86.384409
SO,2026-09-16 18:10:00+00:00,86.41,86.545,86.4,86.515,28881.0,671.0,86.479078
SO,2026-09-16 18:15:00+00:00,86.515,86.55,86.45,86.53,24114.0,569.0,86.510276
SO,2026-09-16 18:20:00+00:00,86.51,86.55,86.45,86.535,22551.0,560.0,86.508496
SO,2026-09-16 18:25:00+00:00,86.53,86.53,86.39,86.475,36934.0,697.0,86.47359
SO,2026-09-16 18:30:00+00:00,86.49,86.5,86.19,86.205,32262.0,771.0,86.313119
SO,2026-09-16 18:35:00+00:00,86.205,86.24,86.14,86.15,28314.0,660.0,86.191017
SO,2026-09-16 18:40:00+00:00,86.17,86.2499,86.14,86.155,46516.0,741.0,86.197955
SO,2026-09-16 18:45:00+00:00,86.155,86.2,86.13,86.135,19823.0,570.0,86.160243
SO,2026-09-16 18:50:00+00:00,86.12,86.13,85.93,85.93,51134.0,1024.0,86.037138
SO,2026-09-16 18:55:00+00:00,85.91,86.1,85.8976,86.04,55479.0,1040.0,85.997943
SO,2026-09-16 19:00:00+00:00,86.02,86.1699,86.0063,86.13,57973.0,1029.0,86.084668
SO,2026-09-16 19:05:00+00:00,86.14,86.21,86.05,86.065,47670.0,882.0,86.13606
SO,2026-09-16 19:10:00+00:00,86.05,86.1,85.985,86.06,43236.0,747.0,86.061116
SO,2026-09-16 19:15:00+00:00,86.06,86.19,86.06,86.15,46625.0,984.0,86.133619
SO,2026-09-16 19:20:00+00:00,86.16,86.19,86.101,86.17,47266.0,957.0,86.147359
SO,2026-09-16 19:25:00+00:00,86.16,86.18,86.11,86.12,50183.0,939.0,86.145604
SO,2026-09-16 19:30:00+00:00,86.11,86.14,85.97,86.005,102920.0,1725.0,86.069393
SO,2026-09-16 19:35:00+00:00,85.98,85.99,85.89,85.99,69932.0,1133.0,85.949704
SO,2026-09-16 19:40:00+00:00,85.99,86.005,85.885,85.885,65759.0,1318.0,85.962129
SO,2026-09-16 19:45:00+00:00,85.885,85.95,85.87,85.94,53946.0,1234.0,85.914417
SO,2026-09-16 19:50:00+00:00,85.93,86.14,85.901,86.14,102349.0,2112.0,85.988186
SO,2026-09-16 19:55:00+00:00,86.15,86.3,86.15,86.22,309675.0,4950.0,86.221404
SO,2026-09-16 20:00:00+00:00,86.23,86.23,86.23,86.23,2006933.0,91.0,86.23
SO,2026-09-17 11:55:00+00:00,86.8312,86.8312,86.8312,86.8312,120.0,1.0,86.8312
SO,2026-09-17 13:05:00+00:00,86.23,86.7,86.23,86.7,25943.0,11.0,86.464093
SO,2026-09-17 13:30:00+00:00,86.64,86.705,86.3049,86.7,71976.0,488.0,86.619182
SO,2026-09-17 13:35:00+00:00,86.77,86.79,86.52,86.54,73942.0,710.0,86.700309
SO,2026-09-17 13:40:00+00:00,86.5542,86.63,86.41,86.55,37776.0,614.0,86.522525
SO,2026-09-17 13:45:00+00:00,86.55,86.6,86.46,86.53,41995.0,604.0,86.514728
SO,2026-09-17 13:50:00+00:00,86.52,86.6,86.5,86.52,17769.0,472.0,86.548256
SO,2026-09-17 13:55:00+00:00,86.515,86.58,86.5,86.565,16462.0,466.0,86.53303
SO,2026-09-17 14:00:00+00:00,86.55,86.56,86.215,86.215,35722.0,848.0,86.4187
SO,2026-09-17 14:05:00+00:00,86.22,86.28,86.12,86.16,32335.0,753.0,86.199287
SO,2026-09-17 14:10:00+00:00,86.15,86.185,86.03,86.0348,49453.0,1010.0,86.108673
SO,2026-09-17 14:15:00+00:00,86.02,86.23,86.0165,86.23,69577.0,1129.0,86.127422
SO,2026-09-17 14:20:00+00:00,86.23,86.28,86.15,86.15,44496.0,680.0,86.235227
SO,2026-09-17 14:25:00+00:00,86.16,86.22,86.135,86.165,25874.0,662.0,86.163618
SO,2026-09-17 14:30:00+00:00,86.16,86.16,86.04,86.085,33799.0,868.0,86.094253
SO,2026-09-17 14:35:00+00:00,86.105,86.16,86.05,86.09,25581.0,599.0,86.102362
SO,2026-09-17 14:40:00+00:00,86.095,86.23,86.095,86.21,26251.0,623.0,86.187396
SO,2026-09-17 14:45:00+00:00,86.215,86.28,86.175,86.275,30793.0,761.0,86.227867
SO,2026-09-17 14:50:00+00:00,86.27,86.27,86.12,86.12,28896.0,621.0,86.193257
SO,2026-09-17 14:55:00+00:00,86.13,86.21,86.05,86.17,128053.0,1423.0,86.146688
SO,2026-09-17 15:00:00+00:00,86.16,86.225,86.05,86.14,84249.0,1190.0,86.136648
SO,2026-09-17 15:05:00+00:00,86.14,86.18,86.1,86.145,25359.0,595.0,86.130939
SO,2026-09-17 15:10:00+00:00,86.125,86.165,86.075,86.16,21253.0,569.0,86.130659
SO,2026-09-17 15:15:00+00:00,86.17,86.225,86.1101,86.1101,28902.0,653.0,86.176873
SO,2026-09-17 15:20:00+00:00,86.115,86.14,86.055,86.07,19753.0,591.0,86.093419
SO,2026-09-17 15:25:00+00:00,86.07,86.11,86.07,86.09,25546.0,641.0,86.090964
SO,2026-09-17 15:30:00+00:00,86.09,86.135,86.065,86.09,24558.0,733.0,86.101845
SO,2026-09-17 15:35:00+00:00,86.0895,86.18,86.0895,86.17,24640.0,643.0,86.132918
SO,2026-09-17 15:40:00+00:00,86.17,86.29,86.17,86.19,38241.0,777.0,86.227443
SO,2026-09-17 15:45:00+00:00,86.22,86.25,86.21,86.225,12762.0,517.0,86.226574
SO,2026-09-17 15:50:00+00:00,86.22,86.25,86.18,86.25,17715.0,455.0,86.212205
SO,2026-09-17 15:55:00+00:00,86.27,86.33,86.26,86.32,18422.0,531.0,86.281423
SO,2026-09-17 16:00:00+00:00,86.335,86.36,86.265,86.3,70280.0,1055.0,86.309474
SO,2026-09-17 16:05:00+00:00,86.315,86.335,86.24,86.24,26510.0,625.0,86.298089
SO,2026-09-17 16:10:00+00:00,86.255,86.26,86.21,86.23,19418.0,555.0,86.240186
SO,2026-09-17 16:15:00+00:00,86.24,86.31,86.24,86.3,21792.0,612.0,86.275756
SO,2026-09-17 16:20:00+00:00,86.3,86.38,86.3,86.3301,18464.0,616.0,86.342242
SO,2026-09-17 16:25:00+00:00,86.34,86.43,86.33,86.4,36409.0,716.0,86.392421
SO,2026-09-17 16:30:00+00:00,86.4,86.41,86.24,86.25,58214.0,878.0,86.368725
SO,2026-09-17 16:35:00+00:00,86.25,86.28,86.25,86.25,15298.0,469.0,86.262837
SO,2026-09-17 16:40:00+00:00,86.255,86.32,86.24,86.315,21751.0,571.0,86.277362
SO,2026-09-17 16:45:00+00:00,86.315,86.33,86.24,86.27,40230.0,703.0,86.289645
SO,2026-09-17 16:50:00+00:00,86.265,86.3,86.23,86.26,25874.0,569.0,86.26731
SO,2026-09-17 16:55:00+00:00,86.27,86.32,86.205,86.315,21770.0,597.0,86.247024
SO,2026-09-17 17:00:00+00:00,86.315,86.315,86.26,86.285,21790.0,552.0,86.288517
SO,2026-09-17 17:05:00+00:00,86.295,86.295,86.27,86.285,16297.0,422.0,86.285008
SO,2026-09-17 17:10:00+00:00,86.27,86.31,86.23,86.31,11860.0,359.0,86.266822
SO,2026-09-17 17:15:00+00:00,86.31,86.38,86.3023,86.36,30464.0,614.0,86.34748
SO,2026-09-17 17:20:00+00:00,86.355,86.36,86.325,86.335,19300.0,531.0,86.344207
SO,2026-09-17 17:25:00+00:00,86.34,86.425,86.3,86.425,23491.0,604.0,86.383855
SO,2026-09-17 17:30:00+00:00,86.44,86.46,86.375,86.415,49017.0,701.0,86.429287
SO,2026-09-17 17:35:00+00:00,86.42,86.43,86.33,86.34,31003.0,640.0,86.377322
SO,2026-09-17 17:40:00+00:00,86.35,86.38,86.35,86.35,44474.0,787.0,86.362034
SO,2026-09-17 17:45:00+00:00,86.34,86.39,86.28,86.33,27485.0,712.0,86.347843
SO,2026-09-17 17:50:00+00:00,86.32,86.36,86.32,86.34,33594.0,626.0,86.326036
SO,2026-09-17 17:55:00+00:00,86.34,86.375,86.33,86.35,23476.0,529.0,86.353689
SO,2026-09-17 18:00:00+00:00,86.345,86.39,86.345,86.3677,15979.0,382.0,86.368393
SO,2026-09-17 18:05:00+00:00,86.36,86.375,86.345,86.365,21367.0,476.0,86.36247
SO,2026-09-17 18:10:00+00:00,86.365,86.45,86.365,86.44,64853.0,558.0,86.414611
SO,2026-09-17 18:15:00+00:00,86.45,86.45,86.42,86.44,19898.0,526.0,86.439514
SO,2026-09-17 18:20:00+00:00,86.44,86.49,86.43,86.449,55643.0,946.0,86.46074
SO,2026-09-17 18:25:00+00:00,86.44,86.55,86.435,86.5,20154.0,654.0,86.479429
SO,2026-09-17 18:30:00+00:00,86.49,86.49,86.44,86.455,20974.0,570.0,86.46129
SO,2026-09-17 18:35:00+00:00,86.455,86.48,86.43,86.45,33553.0,513.0,86.447551
SO,2026-09-17 18:40:00+00:00,86.45,86.5,86.4483,86.4501,20788.0,525.0,86.476629
SO,2026-09-17 18:45:00+00:00,86.45,86.48,86.435,86.4599,18474.0,522.0,86.459288
SO,2026-09-17 18:50:00+00:00,86.455,86.455,86.34,86.3501,16683.0,587.0,86.381896
SO,2026-09-17 18:55:00+00:00,86.35,86.36,86.3137,86.345,14548.0,480.0,86.34009
SO,2026-09-17 19:00:00+00:00,86.35,86.42,86.35,86.39,35119.0,769.0,86.390692
SO,2026-09-17 19:05:00+00:00,86.4,86.405,86.31,86.32,25367.0,665.0,86.367795
SO,2026-09-17 19:10:00+00:00,86.31,86.37,86.26,86.265,39357.0,857.0,86.328871
SO,2026-09-17 19:15:00+00:00,86.27,86.33,86.265,86.3,67391.0,800.0,86.311494
SO,2026-09-17 19:20:00+00:00,86.3,86.36,86.28,86.345,107350.0,1203.0,86.330522
SO,2026-09-17 19:25:00+00:00,86.345,86.42,86.345,86.405,32593.0,680.0,86.391226
SO,2026-09-17 19:30:00+00:00,86.42,86.443,86.29,86.335,70442.0,1068.0,86.350535
SO,2026-09-17 19:35:00+00:00,86.34,86.45,86.34,86.44,40114.0,889.0,86.400147
SO,2026-09-17 19:40:00+00:00,86.44,86.52,86.42,86.51,44867.0,1000.0,86.467636
SO,2026-09-17 19:45:00+00:00,86.5,86.59,86.48,86.53,73774.0,1363.0,86.546913
SO,2026-09-17 19:50:00+00:00,86.52,86.535,86.405,86.535,116593.0,1916.0,86.469649
SO,2026-09-17 19:55:00+00:00,86.54,86.74,86.54,86.71,577772.0,7779.0,86.689595
SO,2026-09-17 20:00:00+00:00,86.76,86.76,86.76,86.76,1877167.0,121.0,86.76
SO,2026-09-17 21:25:00+00:00,86.6,86.6,86.6,86.6,144.0,2.0,86.6
SO,2026-09-17 23:10:00+00:00,86.75,86.75,86.75,86.75,110.0,1.0,86.75
SO,2026-09-18 12:55:00+00:00,86.6327,86.6327,86.6327,86.6327,120.0,1.0,86.6327
SO,2026-09-18 13:25:00+00:00,86.61,87.07,86.31,86.31,3456.0,28.0,86.910973
SO,2026-09-18 13:30:00+00:00,86.33,86.35,85.99,86.17,1500854.0,784.0,86.327171
SO,2026-09-18 13:35:00+00:00,86.13,86.18,85.9,86.035,43918.0,789.0,86.017481
SO,2026-09-18 13:40:00+00:00,86.0308,86.1587,86.009,86.02,35654.0,593.0,86.084991
SO,2026-09-18 13:45:00+00:00,86.02,86.02,85.88,85.88,51587.0,823.0,85.955779
SO,2026-09-18 13:50:00+00:00,85.89,85.985,85.805,85.93,94341.0,1286.0,85.859886
SO,2026-09-18 13:55:00+00:00,85.93,85.96,85.875,85.9348,33406.0,723.0,85.920537
SO,2026-09-18 14:00:00+00:00,85.925,86.01,85.88,86.0,80153.0,1142.0,85.956084
SO,2026-09-18 14:05:00+00:00,85.99,86.01,85.9,85.965,46569.0,991.0,85.959682
SO,2026-09-18 14:10:00+00:00,85.965,86.07,85.92,86.055,46445.0,824.0,86.002821
SO,2026-09-18 14:15:00+00:00,86.0486,86.115,85.875,85.885,44777.0,720.0,85.993157
SO,2026-09-18 14:20:00+00:00,85.895,85.92,85.85,85.9,40675.0,590.0,85.898465
SO,2026-09-18 14:25:00+00:00,85.91,86.0,85.865,85.92,43309.0,709.0,85.947261
SO,2026-09-18 14:30:00+00:00,85.92,86.12,85.87,86.07,74663.0,860.0,86.011213
SO,2026-09-18 14:35:00+00:00,86.075,86.1,85.97,85.99,46599.0,723.0,86.041577
SO,2026-09-18 14:40:00+00:00,85.985,86.01,85.9,85.99,39289.0,769.0,85.955424
SO,2026-09-18 14:45:00+00:00,85.99,85.99,85.93,85.94,36449.0,701.0,85.956045
SO,2026-09-18 14:50:00+00:00,85.93,85.93,85.735,85.74,27923.0,676.0,85.825726
SO,2026-09-18 14:55:00+00:00,85.75,85.84,85.75,85.795,73465.0,744.0,85.77515
SO,2026-09-18 15:00:00+00:00,85.79,85.81,85.725,85.7531,22058.0,543.0,85.764644
SO,2026-09-18 15:05:00+00:00,85.74,85.855,85.73,85.84,23356.0,596.0,85.77762
SO,2026-09-18 15:10:00+00:00,85.845,85.91,85.835,85.9,36962.0,696.0,85.890624
SO,2026-09-18 15:15:00+00:00,85.9,85.91,85.755,85.76,37040.0,713.0,85.80544
SO,2026-09-18 15:20:00+00:00,85.755,85.76,85.65,85.71,56674.0,1003.0,85.700884
SO,2026-09-18 15:25:00+00:00,85.71,85.75,85.69,85.74,18974.0,459.0,85.727602
SO,2026-09-18 15:30:00+00:00,85.74,85.79,85.69,85.77,176967.0,1206.0,85.739796
SO,2026-09-18 15:35:00+00:00,85.76,85.76,85.6532,85.71,34829.0,819.0,85.709777
SO,2026-09-18 15:40:00+00:00,85.7,85.71,85.65,85.665,32823.0,683.0,85.685031
SO,2026-09-18 15:45:00+00:00,85.685,85.69,85.59,85.665,29381.0,732.0,85.639406
SO,2026-09-18 15:50:00+00:00,85.665,85.695,85.605,85.62,25547.0,558.0,85.652508
SO,2026-09-18 15:55:00+00:00,85.61,85.645,85.6,85.645,28850.0,674.0,85.616941
SO,2026-09-18 16:00:00+00:00,85.64,85.65,85.575,85.59,23532.0,682.0,85.626692
SO,2026-09-18 16:05:00+00:00,85.59,85.65,85.59,85.65,24839.0,636.0,85.624215
SO,2026-09-18 16:10:00+00:00,85.655,85.76,85.655,85.755,89908.0,887.0,85.718478
SO,2026-09-18 16:15:00+00:00,85.75,85.75,85.6,85.6,20232.0,525.0,85.673078
SO,2026-09-18 16:20:00+00:00,85.62,85.635,85.57,85.6,32972.0,767.0,85.601604
SO,2026-09-18 16:25:00+00:00,85.595,85.675,85.57,85.67,25977.0,663.0,85.596743
SO,2026-09-18 16:30:00+00:00,85.665,85.71,85.615,85.62,29763.0,747.0,85.661377
SO,2026-09-18 16:35:00+00:00,85.62,85.62,85.59,85.61,16733.0,507.0,85.606636
SO,2026-09-18 16:40:00+00:00,85.6,85.615,85.54,85.55,36303.0,664.0,85.58016
SO,2026-09-18 16:45:00+00:00,85.555,85.595,85.51,85.585,28698.0,599.0,85.554842
SO,2026-09-18 16:50:00+00:00,85.57,85.64,85.57,85.61,17018.0,430.0,85.605309
SO,2026-09-18 16:55:00+00:00,85.6,85.6,85.54,85.56,22430.0,588.0,85.576098
SO,2026-09-18 17:00:00+00:00,85.58,85.6299,85.5701,85.5901,17762.0,482.0,85.597299
SO,2026-09-18 17:05:00+00:00,85.59,85.6,85.52,85.535,53992.0,740.0,85.54012
SO,2026-09-18 17:10:00+00:00,85.53,85.53,85.46,85.48,45342.0,866.0,85.488301
SO,2026-09-18 17:15:00+00:00,85.48,85.48,85.425,85.45,29755.0,574.0,85.446885
SO,2026-09-18 17:20:00+00:00,85.45,85.495,85.45,85.49,26106.0,460.0,85.483435
SO,2026-09-18 17:25:00+00:00,85.485,85.555,85.465,85.55,60500.0,839.0,85.516452
SO,2026-09-18 17:30:00+00:00,85.54,85.59,85.48,85.58,46652.0,807.0,85.524288
SO,2026-09-18 17:35:00+00:00,85.58,85.66,85.56,85.64,68342.0,899.0,85.608817
SO,2026-09-18 17:40:00+00:00,85.63,85.67,85.595,85.67,64024.0,711.0,85.633141
SO,2026-09-18 17:45:00+00:00,85.67,85.685,85.655,85.665,23696.0,492.0,85.668584
SO,2026-09-18 17:50:00+00:00,85.67,85.72,85.665,85.72,31314.0,580.0,85.688575
SO,2026-09-18 17:55:00+00:00,85.72,85.81,85.72,85.8005,30642.0,455.0,85.755267
SO,2026-09-18 18:00:00+00:00,85.805,85.876,85.7845,85.7955,42393.0,871.0,85.81905
SO,2026-09-18 18:05:00+00:00,85.8,85.81,85.76,85.76,18843.0,494.0,85.783689
SO,2026-09-18 18:10:00+00:00,85.76,85.83,85.755,85.825,13912.0,514.0,85.797615
SO,2026-09-18 18:15:00+00:00,85.8212,85.84,85.8,85.83,12673.0,389.0,85.824144
SO,2026-09-18 18:20:00+00:00,85.82,85.87,85.77,85.78,69285.0,853.0,85.808075
SO,2026-09-18 18:25:00+00:00,85.775,85.8051,85.7584,85.8,20133.0,470.0,85.782959
SO,2026-09-18 18:30:00+00:00,85.79,85.84,85.735,85.8,40517.0,660.0,85.787021
SO,2026-09-18 18:35:00+00:00,85.795,85.795,85.755,85.755,16453.0,398.0,85.783871
SO,2026-09-18 18:40:00+00:00,85.76,85.77,85.73,85.75,22250.0,580.0,85.748166
SO,2026-09-18 18:45:00+00:00,85.7501,85.82,85.725,85.74,43492.0,1046.0,85.780063
SO,2026-09-18 18:50:00+00:00,85.74,85.865,85.7329,85.8,33527.0,682.0,85.790899
SO,2026-09-18 18:55:00+00:00,85.7862,85.795,85.74,85.74,24281.0,543.0,85.774986
SO,2026-09-18 19:00:00+00:00,85.74,85.76,85.7,85.755,57418.0,941.0,85.740314
SO,2026-09-18 19:05:00+00:00,85.755,85.84,85.7403,85.8,56793.0,813.0,85.783606
SO,2026-09-18 19:10:00+00:00,85.8,85.82,85.77,85.8199,57508.0,734.0,85.801728
SO,2026-09-18 19:15:00+00:00,85.815,85.82,85.745,85.8,91955.0,955.0,85.775921
SO,2026-09-18 19:20:00+00:00,85.795,85.795,85.7303,85.77,89666.0,1011.0,85.76842
SO,2026-09-18 19:25:00+00:00,85.77,85.79,85.73,85.755,101843.0,1357.0,85.765805
SO,2026-09-18 19:30:00+00:00,85.75,85.75,85.5675,85.575,68704.0,1213.0,85.635795
SO,2026-09-18 19:35:00+00:00,85.6,85.63,85.57,85.63,42735.0,1051.0,85.599538
SO,2026-09-18 19:40:00+00:00,85.63,85.675,85.595,85.64,56419.0,1136.0,85.637449
SO,2026-09-18 19:45:00+00:00,85.635,85.7,85.55,85.56,103072.0,1948.0,85.626002
SO,2026-09-18 19:50:00+00:00,85.57,85.72,85.57,85.64,126708.0,2461.0,85.643502
SO,2026-09-18 19:55:00+00:00,85.64,85.65,85.45,85.485,465678.0,6627.0,85.519882
SO,2026-09-18 20:00:00+00:00,85.52,85.52,85.52,85.52,8435411.0,128.0,85.52
SO,2026-09-18 20:10:00+00:00,85.52,85.52,85.52,85.52,267400.0,2.0,85.52
SO,2026-09-18 20:20:00+00:00,85.838,85.838,85.838,85.838,698.0,1.0,85.838
SO,2026-09-18 20:30:00+00:00,85.56,85.57,85.5,85.5,900.0,6.0,85.53
SO,2026-09-18 23:10:00+00:00,85.6,85.6,85.6,85.6,221.0,1.0,85.6
