symbol,timestamp,open,high,low,close,volume,trade_count,vwap
COST,2026-08-14 10:05:00+00:00,961.26,961.26,960.9465,960.9465,195.0,11.0,961.10325
COST,2026-08-14 11:10:00+00:00,960.71,960.71,960.71,960.71,86.0,3.0,960.71
COST,2026-08-14 12:20:00+00:00,960.33,960.33,960.33,960.33,202.0,3.0,960.33
COST,2026-08-14 13:00:00+00:00,960.69,960.69,960.69,960.69,128.0,10.0,960.69
COST,2026-08-14 13:10:00+00:00,959.67,959.67,959.5639,959.5639,303.0,4.0,959.64878
COST,2026-08-14 13:15:00+00:00,960.0,960.0,960.0,960.0,52.0,3.0,960.0
COST,2026-08-14 13:20:00+00:00,959.5714,960.0,958.1729,960.0,568.0,33.0,959.42825
COST,2026-08-14 13:30:00+00:00,960.37,964.015,959.73,963.975,36254.0,2068.0,961.153189
COST,2026-08-14 13:35:00+00:00,964.08,965.36,961.025,961.04,18184.0,1212.0,963.868534
COST,2026-08-14 13:40:00+00:00,961.03,962.8799,961.03,962.34,25969.0,1217.0,961.888649
COST,2026-08-14 13:45:00+00:00,962.49,963.58,960.35,962.15,18318.0,1059.0,962.481217
COST,2026-08-14 13:50:00+00:00,962.44,963.8901,960.55,962.85,20096.0,1270.0,962.227837
COST,2026-08-14 13:55:00+00:00,962.84,963.54,962.3626,962.9901,10150.0,658.0,962.927864
COST,2026-08-14 14:00:00+00:00,962.99,964.19,961.5,962.09,11523.0,917.0,962.594606
COST,2026-08-14 14:05:00+00:00,962.09,962.09,959.3761,960.095,11482.0,925.0,960.259646
COST,2026-08-14 14:10:00+00:00,959.63,960.0151,958.65,959.061,14584.0,1010.0,959.386998
COST,2026-08-14 14:15:00+00:00,959.57,962.71,959.44,962.67,12027.0,940.0,961.26969
COST,2026-08-14 14:20:00+00:00,962.82,963.17,960.0901,962.47,11748.0,846.0,961.872678
COST,2026-08-14 14:25:00+00:00,962.18,962.445,960.336,962.24,8660.0,749.0,961.6781
COST,2026-08-14 14:30:00+00:00,961.96,962.52,960.93,960.97,7069.0,864.0,961.481521
COST,2026-08-14 14:35:00+00:00,961.4,961.965,960.49,960.49,10950.0,882.0,961.363816
COST,2026-08-14 14:40:00+00:00,960.49,961.015,960.26,960.56,4926.0,684.0,960.628013
COST,2026-08-14 14:45:00+00:00,960.55,960.76,959.1401,959.5,5863.0,737.0,959.927573
COST,2026-08-14 14:50:00+00:00,959.535,959.535,958.11,958.27,7968.0,795.0,958.697829
COST,2026-08-14 14:55:00+00:00,958.595,958.795,958.11,958.795,4764.0,607.0,958.524398
COST,2026-08-14 15:00:00+00:00,958.94,959.47,958.51,958.86,8715.0,778.0,959.047895
COST,2026-08-14 15:05:00+00:00,958.98,959.45,958.87,959.04,5955.0,595.0,959.116424
COST,2026-08-14 15:10:00+00:00,958.83,958.925,957.75,958.925,6440.0,715.0,958.37913
COST,2026-08-14 15:15:00+00:00,958.6601,959.97,958.1601,959.18,8860.0,670.0,959.006366
COST,2026-08-14 15:20:00+00:00,959.49,960.75,959.19,960.75,6908.0,736.0,960.071271
COST,2026-08-14 15:25:00+00:00,960.7,961.4,960.39,961.14,7065.0,682.0,961.012725
COST,2026-08-14 15:30:00+00:00,961.245,962.21,960.9501,962.045,8430.0,648.0,961.718284
COST,2026-08-14 15:35:00+00:00,961.65,962.713,961.49,962.3201,5804.0,671.0,962.191644
COST,2026-08-14 15:40:00+00:00,962.88,964.2,962.88,963.27,8037.0,796.0,963.728837
COST,2026-08-14 15:45:00+00:00,963.17,963.305,962.7528,962.7528,5140.0,588.0,963.058703
COST,2026-08-14 15:50:00+00:00,962.88,963.41,962.8229,963.41,4455.0,570.0,963.105935
COST,2026-08-14 15:55:00+00:00,963.4417,963.4417,962.45,962.73,4677.0,612.0,962.716067
COST,2026-08-14 16:00:00+00:00,962.635,962.635,962.09,962.305,4582.0,579.0,962.341278
COST,2026-08-14 16:05:00+00:00,962.48,963.55,962.48,963.084,6324.0,704.0,963.116321
COST,2026-08-14 16:10:00+00:00,962.97,963.29,962.59,962.885,6651.0,506.0,962.989081
COST,2026-08-14 16:15:00+00:00,962.77,963.195,962.64,962.91,7937.0,558.0,962.751723
COST,2026-08-14 16:20:00+00:00,963.195,963.4699,962.83,963.09,8626.0,607.0,963.077584
COST,2026-08-14 16:25:00+00:00,963.17,963.33,962.21,962.37,9926.0,562.0,962.704429
COST,2026-08-14 16:30:00+00:00,962.37,962.94,962.35,962.775,7174.0,485.0,962.673652
COST,2026-08-14 16:35:00+00:00,962.775,962.775,962.245,962.473,6202.0,449.0,962.541708
COST,2026-08-14 16:40:00+00:00,962.3,962.58,961.62,961.92,3727.0,423.0,962.142736
COST,2026-08-14 16:45:00+00:00,961.8,962.28,961.6801,962.28,4590.0,447.0,961.920573
COST,2026-08-14 16:50:00+00:00,962.24,962.39,961.77,962.1,6969.0,492.0,962.08629
COST,2026-08-14 16:55:00+00:00,962.22,962.222,961.51,961.54,3474.0,384.0,961.960076
COST,2026-08-14 17:00:00+00:00,961.57,961.805,961.2201,961.805,4597.0,445.0,961.494795
COST,2026-08-14 17:05:00+00:00,961.9659,962.13,961.58,962.01,3165.0,331.0,961.923314
COST,2026-08-14 17:10:00+00:00,962.25,962.2925,961.86,961.865,5362.0,409.0,962.04164
COST,2026-08-14 17:15:00+00:00,961.85,961.94,961.425,961.935,3774.0,415.0,961.823048
COST,2026-08-14 17:20:00+00:00,962.0354,962.0354,961.755,961.8,2759.0,345.0,961.927692
COST,2026-08-14 17:25:00+00:00,961.8,962.24,961.23,961.23,6360.0,554.0,961.886784
COST,2026-08-14 17:30:00+00:00,961.5,961.89,961.2501,961.675,3053.0,399.0,961.662536
COST,2026-08-14 17:35:00+00:00,961.585,961.65,961.2604,961.64,3016.0,339.0,961.469236
COST,2026-08-14 17:40:00+00:00,961.2001,962.0516,961.2001,961.68,4249.0,459.0,961.715083
COST,2026-08-14 17:45:00+00:00,961.44,961.47,961.0,961.13,5828.0,439.0,961.187218
COST,2026-08-14 17:50:00+00:00,961.24,961.83,961.24,961.83,6077.0,493.0,961.413915
COST,2026-08-14 17:55:00+00:00,961.625,961.94,961.45,961.6,6901.0,427.0,961.801713
COST,2026-08-14 18:00:00+00:00,961.665,961.665,961.22,961.64,6044.0,1373.0,961.45594
COST,2026-08-14 18:05:00+00:00,961.425,961.425,960.45,960.71,4919.0,607.0,960.922692
COST,2026-08-14 18:10:00+00:00,960.69,961.45,960.59,961.195,6511.0,546.0,961.029898
COST,2026-08-14 18:15:00+00:00,961.38,961.95,961.22,961.9,6684.0,474.0,961.541571
COST,2026-08-14 18:20:00+00:00,962.04,962.14,961.56,961.795,4159.0,436.0,961.838481
COST,2026-08-14 18:25:00+00:00,961.79,962.37,961.61,962.1,3951.0,469.0,961.975951
COST,2026-08-14 18:30:00+00:00,961.98,962.09,961.21,961.75,10771.0,628.0,961.70998
COST,2026-08-14 18:35:00+00:00,961.5702,962.19,961.3944,961.65,6217.0,491.0,961.820555
COST,2026-08-14 18:40:00+00:00,961.54,961.96,961.43,961.745,3708.0,418.0,961.624071
COST,2026-08-14 18:45:00+00:00,961.75,961.91,961.18,961.43,5000.0,474.0,961.478739
COST,2026-08-14 18:50:00+00:00,961.41,961.97,961.41,961.82,4328.0,445.0,961.766292
COST,2026-08-14 18:55:00+00:00,961.82,962.045,961.6,961.77,9790.0,496.0,961.790549
COST,2026-08-14 19:00:00+00:00,961.87,962.0,961.01,961.24,6794.0,529.0,961.544702
COST,2026-08-14 19:05:00+00:00,961.15,961.735,961.0689,961.5,8070.0,615.0,961.441283
COST,2026-08-14 19:10:00+00:00,961.46,962.2599,961.18,962.2599,8052.0,653.0,961.605642
COST,2026-08-14 19:15:00+00:00,962.02,962.02,961.2601,961.54,7737.0,618.0,961.627876
COST,2026-08-14 19:20:00+00:00,961.455,961.51,961.13,961.31,12965.0,683.0,961.376807
COST,2026-08-14 19:25:00+00:00,961.24,961.74,961.24,961.63,11284.0,907.0,961.510831
COST,2026-08-14 19:30:00+00:00,961.77,962.1238,961.24,961.507,12296.0,1021.0,961.681729
COST,2026-08-14 19:35:00+00:00,961.58,961.905,961.1,961.67,17512.0,1212.0,961.555788
COST,2026-08-14 19:40:00+00:00,961.395,961.42,960.645,961.27,10189.0,911.0,961.077421
COST,2026-08-14 19:45:00+00:00,961.25,961.28,960.05,960.2513,10093.0,782.0,960.550982
COST,2026-08-14 19:50:00+00:00,960.36,961.87,959.0,961.36,29656.0,1966.0,960.581547
COST,2026-08-14 19:55:00+00:00,961.05,962.0,960.56,961.08,88299.0,4352.0,960.942903
COST,2026-08-14 20:00:00+00:00,961.1,961.1,961.055,961.1,408724.0,106.0,961.099969
COST,2026-08-14 20:05:00+00:00,961.1,961.1,961.1,961.1,298.0,4.0,961.1
COST,2026-08-14 20:50:00+00:00,961.48,961.55,961.48,961.55,127.0,14.0,961.512184
COST,2026-08-14 20:55:00+00:00,961.0,961.0,961.0,961.0,101.0,2.0,961.0
COST,2026-08-14 23:10:00+00:00,960.23,960.678,960.23,960.678,166.0,8.0,960.454
COST,2026-08-17 08:00:00+00:00,955.7902,955.7902,955.7902,955.7902,181.0,71.0,955.7902
COST,2026-08-17 08:25:00+00:00,956.5,956.5,956.5,956.5,507.0,8.0,956.5
COST,2026-08-17 08:40:00+00:00,955.5,955.5,955.5,955.5,65.0,10.0,955.5
COST,2026-08-17 10:15:00+00:00,955.71,955.71,955.7,955.7,170.0,8.0,955.703289
COST,2026-08-17 10:30:00+00:00,956.06,956.06,956.06,956.06,50.0,2.0,956.06
COST,2026-08-17 10:45:00+00:00,957.0,957.0,957.0,957.0,68.0,6.0,957.0
COST,2026-08-17 11:35:00+00:00,956.06,956.06,956.0,956.0,178.0,39.0,956.024
COST,2026-08-17 11:40:00+00:00,956.57,956.57,956.57,956.57,92.0,2.0,956.57
COST,2026-08-17 11:50:00+00:00,956.51,956.51,956.51,956.51,110.0,1.0,956.51
COST,2026-08-17 12:25:00+00:00,956.93,956.93,956.93,956.93,101.0,2.0,956.93
COST,2026-08-17 12:30:00+00:00,956.5,956.5,956.5,956.5,309.0,4.0,956.5
COST,2026-08-17 12:35:00+00:00,956.1,956.38,956.1,956.38,372.0,16.0,956.175211
COST,2026-08-17 13:05:00+00:00,957.38,957.38,957.38,957.38,113.0,6.0,957.38
COST,2026-08-17 13:10:00+00:00,956.1,956.1,956.1,956.1,75.0,13.0,956.1
COST,2026-08-17 13:20:00+00:00,956.05,956.05,956.0,956.0,213.0,16.0,956.017857
COST,2026-08-17 13:25:00+00:00,955.5,955.5,954.55,954.55,905.0,77.0,955.142012
COST,2026-08-17 13:30:00+00:00,954.55,956.75,952.27,955.82,42426.0,2704.0,954.888359
COST,2026-08-17 13:35:00+00:00,955.165,956.035,953.21,955.84,21302.0,996.0,954.547333
COST,2026-08-17 13:40:00+00:00,955.4405,955.73,954.09,954.09,21345.0,1142.0,955.077063
COST,2026-08-17 13:45:00+00:00,954.545,954.8616,951.0,951.648,14886.0,1117.0,952.323627
COST,2026-08-17 13:50:00+00:00,951.52,953.42,950.99,953.095,7698.0,784.0,951.528832
COST,2026-08-17 13:55:00+00:00,952.53,953.18,951.125,952.05,9837.0,698.0,952.024284
COST,2026-08-17 14:00:00+00:00,952.155,953.49,952.025,953.26,21534.0,1098.0,952.814282
COST,2026-08-17 14:05:00+00:00,952.97,955.49,952.5,955.49,11970.0,885.0,954.067155
COST,2026-08-17 14:10:00+00:00,955.05,955.3842,954.03,954.745,11899.0,765.0,954.596268
COST,2026-08-17 14:15:00+00:00,955.0,955.0881,953.1975,954.16,12979.0,935.0,954.117035
COST,2026-08-17 14:20:00+00:00,954.25,954.385,953.51,953.72,9719.0,716.0,953.987288
COST,2026-08-17 14:25:00+00:00,953.51,953.66,952.67,952.95,5636.0,659.0,953.22365
COST,2026-08-17 14:30:00+00:00,953.01,954.52,953.01,954.26,10116.0,969.0,954.143424
COST,2026-08-17 14:35:00+00:00,954.17,954.69,953.6,954.455,10929.0,781.0,954.015799
COST,2026-08-17 14:40:00+00:00,954.53,955.19,953.6801,954.02,6180.0,738.0,954.354607
COST,2026-08-17 14:45:00+00:00,954.2,955.14,954.0102,954.87,5500.0,736.0,954.456835
COST,2026-08-17 14:50:00+00:00,955.15,955.15,953.32,954.19,8781.0,807.0,954.07059
COST,2026-08-17 14:55:00+00:00,953.6201,953.8851,952.91,953.335,9724.0,809.0,953.372522
COST,2026-08-17 15:00:00+00:00,953.3,953.4826,951.81,952.77,8510.0,883.0,952.821672
COST,2026-08-17 15:05:00+00:00,952.75,952.91,951.88,952.37,5972.0,699.0,952.339141
COST,2026-08-17 15:10:00+00:00,952.39,952.56,951.44,951.44,7126.0,790.0,951.863247
COST,2026-08-17 15:15:00+00:00,951.61,951.675,950.41,950.64,10248.0,912.0,951.004833
COST,2026-08-17 15:20:00+00:00,950.64,950.92,949.66,950.55,22467.0,1487.0,950.217404
COST,2026-08-17 15:25:00+00:00,950.55,950.73,949.77,950.355,11802.0,884.0,950.356356
COST,2026-08-17 15:30:00+00:00,950.355,951.0,950.14,950.31,8709.0,874.0,950.530751
COST,2026-08-17 15:35:00+00:00,950.38,951.2,950.38,950.77,6849.0,775.0,950.84628
COST,2026-08-17 15:40:00+00:00,950.77,950.8,949.636,950.09,7840.0,822.0,950.268456
COST,2026-08-17 15:45:00+00:00,950.0,950.01,949.42,949.79,7600.0,787.0,949.7251
COST,2026-08-17 15:50:00+00:00,949.79,951.02,949.79,950.62,4934.0,650.0,950.289367
COST,2026-08-17 15:55:00+00:00,950.62,951.01,950.585,950.87,3347.0,450.0,950.818983
COST,2026-08-17 16:00:00+00:00,950.785,951.08,950.21,950.715,5989.0,687.0,950.581401
COST,2026-08-17 16:05:00+00:00,950.635,951.45,950.38,951.22,5754.0,619.0,950.901529
COST,2026-08-17 16:10:00+00:00,951.21,952.5,951.0,952.19,10532.0,712.0,951.777413
COST,2026-08-17 16:15:00+00:00,952.47,952.6,952.11,952.11,7495.0,620.0,952.389271
COST,2026-08-17 16:20:00+00:00,952.245,953.465,951.74,953.465,10785.0,839.0,952.524055
COST,2026-08-17 16:25:00+00:00,953.54,953.97,953.09,953.97,4390.0,498.0,953.453532
COST,2026-08-17 16:30:00+00:00,953.82,955.22,953.61,955.22,18511.0,510.0,954.428388
COST,2026-08-17 16:35:00+00:00,954.925,955.21,954.76,954.78,3533.0,419.0,954.943749
COST,2026-08-17 16:40:00+00:00,954.7925,955.0,954.26,954.51,3871.0,459.0,954.520376
COST,2026-08-17 16:45:00+00:00,954.51,954.85,954.14,954.2,4120.0,454.0,954.35774
COST,2026-08-17 16:50:00+00:00,954.0005,954.71,954.0005,954.7,3108.0,368.0,954.343657
COST,2026-08-17 16:55:00+00:00,954.52,954.646,954.468,954.48,2059.0,272.0,954.508557
COST,2026-08-17 17:00:00+00:00,954.2701,954.47,953.55,953.585,7128.0,591.0,954.26426
COST,2026-08-17 17:05:00+00:00,953.74,954.16,953.54,954.16,5763.0,506.0,953.763882
COST,2026-08-17 17:10:00+00:00,954.019,954.019,952.941,953.74,11377.0,626.0,953.590187
COST,2026-08-17 17:15:00+00:00,953.44,953.44,951.17,951.92,9083.0,801.0,952.31141
COST,2026-08-17 17:20:00+00:00,951.915,952.41,951.3268,952.165,9262.0,543.0,951.76006
COST,2026-08-17 17:25:00+00:00,951.99,952.815,951.22,952.76,9442.0,611.0,951.91074
COST,2026-08-17 17:30:00+00:00,952.78,952.79,951.23,951.794,9760.0,640.0,951.978889
COST,2026-08-17 17:35:00+00:00,951.49,952.6351,951.2601,952.6351,8914.0,569.0,951.978114
COST,2026-08-17 17:40:00+00:00,952.75,952.79,951.97,952.0,11012.0,679.0,952.536606
COST,2026-08-17 17:45:00+00:00,952.0,952.155,951.21,951.21,6043.0,610.0,951.793982
COST,2026-08-17 17:50:00+00:00,951.4,952.5,951.4,952.08,9590.0,584.0,951.945898
COST,2026-08-17 17:55:00+00:00,952.17,952.53,952.01,952.265,12124.0,2015.0,952.264205
COST,2026-08-17 18:00:00+00:00,952.09,952.46,951.8135,951.86,8808.0,646.0,952.081717
COST,2026-08-17 18:05:00+00:00,951.9571,952.8,951.535,952.535,7577.0,562.0,952.365665
COST,2026-08-17 18:10:00+00:00,952.385,952.7,952.28,952.7,7545.0,558.0,952.460897
COST,2026-08-17 18:15:00+00:00,952.78,952.78,952.105,952.27,6900.0,627.0,952.347178
COST,2026-08-17 18:20:00+00:00,952.14,952.23,951.7017,951.835,5214.0,546.0,952.080147
COST,2026-08-17 18:25:00+00:00,951.93,951.97,951.6001,951.7919,4947.0,506.0,951.802814
COST,2026-08-17 18:30:00+00:00,951.78,951.78,951.34,951.47,6943.0,648.0,951.425524
COST,2026-08-17 18:35:00+00:00,951.58,951.84,951.14,951.375,8178.0,612.0,951.296598
COST,2026-08-17 18:40:00+00:00,951.355,952.3,951.355,952.12,8968.0,636.0,951.948914
COST,2026-08-17 18:45:00+00:00,952.12,952.12,950.81,950.965,13604.0,852.0,951.246895
COST,2026-08-17 18:50:00+00:00,950.96,950.96,950.38,950.48,8859.0,629.0,950.652738
COST,2026-08-17 18:55:00+00:00,950.33,950.87,950.33,950.64,12723.0,736.0,950.634601
COST,2026-08-17 19:00:00+00:00,950.73,950.73,950.22,950.46,5820.0,654.0,950.453662
COST,2026-08-17 19:05:00+00:00,950.59,951.2075,950.3,950.89,17363.0,973.0,950.61013
COST,2026-08-17 19:10:00+00:00,950.9,952.3751,950.48,952.37,15520.0,841.0,951.190745
COST,2026-08-17 19:15:00+00:00,952.5,952.55,950.7,952.345,10506.0,791.0,951.784053
COST,2026-08-17 19:20:00+00:00,952.49,952.9999,951.97,952.22,9894.0,779.0,952.486023
COST,2026-08-17 19:25:00+00:00,952.34,952.5,951.33,952.5,8328.0,695.0,951.909824
COST,2026-08-17 19:30:00+00:00,952.45,952.89,951.91,952.64,11632.0,878.0,952.500953
COST,2026-08-17 19:35:00+00:00,952.68,953.3,952.0,952.87,9846.0,784.0,952.813056
COST,2026-08-17 19:40:00+00:00,952.86,954.0,952.51,954.0,14411.0,1008.0,953.199682
COST,2026-08-17 19:45:00+00:00,954.17,954.5899,953.39,954.5899,13490.0,1027.0,954.058148
COST,2026-08-17 19:50:00+00:00,954.59,955.5,954.0,954.21,29887.0,2068.0,954.993588
COST,2026-08-17 19:55:00+00:00,953.76,954.755,952.76,953.49,102144.0,5515.0,953.500741
COST,2026-08-17 20:00:00+00:00,953.5,953.5,951.58,951.61,337798.0,166.0,953.499327
COST,2026-08-17 20:05:00+00:00,951.8,951.8,951.8,951.8,492.0,3.0,951.8
COST,2026-08-17 20:10:00+00:00,952.92,952.92,952.92,952.92,71.0,6.0,952.92
COST,2026-08-17 20:15:00+00:00,953.5,953.5,953.5,953.5,5254.0,1.0,953.5
COST,2026-08-17 20:45:00+00:00,950.3655,950.3655,950.3655,950.3655,330.0,2.0,950.3655
COST,2026-08-17 20:50:00+00:00,952.46,952.46,952.46,952.46,64.0,4.0,952.46
COST,2026-08-17 20:55:00+00:00,952.43,952.43,952.43,952.43,53.0,5.0,952.43
COST,2026-08-17 21:00:00+00:00,952.96,952.96,952.96,952.96,53.0,4.0,952.96
COST,2026-08-17 21:30:00+00:00,952.44,952.44,952.0,952.0,752.0,7.0,952.095282
COST,2026-08-17 21:40:00+00:00,952.5,952.5,952.5,952.5,99.0,2.0,952.5
COST,2026-08-17 22:05:00+00:00,952.74,952.78,952.74,952.78,222.0,6.0,952.751429
COST,2026-08-18 08:05:00+00:00,958.0,958.0,958.0,958.0,118.0,23.0,958.0
COST,2026-08-18 09:20:00+00:00,960.83,960.83,960.83,960.83,162.0,27.0,960.83
COST,2026-08-18 09:30:00+00:00,961.0,961.0,961.0,961.0,50.0,1.0,961.0
COST,2026-08-18 09:35:00+00:00,960.5,960.5,960.5,960.5,106.0,5.0,960.5
COST,2026-08-18 10:35:00+00:00,961.0,961.0,960.5,960.5,403.0,12.0,960.691915
COST,2026-08-18 11:00:00+00:00,960.51,962.5,960.51,962.5,1664.0,82.0,961.088644
COST,2026-08-18 11:05:00+00:00,962.28,962.5,962.28,962.5,295.0,17.0,962.39
COST,2026-08-18 11:10:00+00:00,962.02,962.6479,961.49,962.6479,580.0,16.0,962.062483
COST,2026-08-18 11:15:00+00:00,962.24,962.29,962.01,962.01,395.0,20.0,962.085244
COST,2026-08-18 11:20:00+00:00,961.34,962.91,961.34,962.91,426.0,25.0,962.230625
COST,2026-08-18 11:25:00+00:00,962.69,962.69,962.69,962.69,99.0,2.0,962.69
COST,2026-08-18 11:30:00+00:00,962.6,962.7,962.5,962.7,1473.0,17.0,962.618063
COST,2026-08-18 11:35:00+00:00,962.75,963.35,962.75,963.35,660.0,226.0,963.034211
COST,2026-08-18 11:40:00+00:00,963.0,963.0,963.0,963.0,104.0,3.0,963.0
COST,2026-08-18 11:45:00+00:00,963.01,963.01,962.1,962.1,210.0,13.0,962.665625
COST,2026-08-18 11:55:00+00:00,962.7,962.91,962.7,962.91,157.0,9.0,962.793333
COST,2026-08-18 12:05:00+00:00,962.0,962.8243,962.0,962.75,337.0,24.0,962.427081
COST,2026-08-18 12:15:00+00:00,962.5,963.84,962.5,963.82,834.0,47.0,963.353866
COST,2026-08-18 12:25:00+00:00,963.7,963.7,963.7,963.7,57.0,5.0,963.7
COST,2026-08-18 12:30:00+00:00,963.75,963.9,963.5,963.9,923.0,24.0,963.558019
COST,2026-08-18 12:35:00+00:00,964.0,964.0,964.0,964.0,264.0,22.0,964.0
COST,2026-08-18 12:45:00+00:00,964.0,964.75,964.0,964.75,310.0,18.0,964.191943
COST,2026-08-18 12:50:00+00:00,964.87,965.0,964.87,965.0,496.0,44.0,964.975
COST,2026-08-18 13:00:00+00:00,964.0,964.02,964.0,964.02,376.0,10.0,964.003096
COST,2026-08-18 13:10:00+00:00,963.8,964.0,963.8,964.0,502.0,14.0,963.828904
COST,2026-08-18 13:15:00+00:00,964.0,964.3,963.217,963.99,434.0,32.0,963.895974
COST,2026-08-18 13:20:00+00:00,963.94,964.535,963.94,963.99,291.0,38.0,964.136297
COST,2026-08-18 13:25:00+00:00,964.0,965.5,962.57,965.0,2384.0,149.0,964.10527
COST,2026-08-18 13:30:00+00:00,965.55,966.11,959.07,959.09,49521.0,2151.0,962.898661
COST,2026-08-18 13:35:00+00:00,959.685,959.98,957.56,958.205,21078.0,1152.0,958.557934
COST,2026-08-18 13:40:00+00:00,958.065,958.25,955.03,956.79,14900.0,946.0,956.59828
COST,2026-08-18 13:45:00+00:00,957.51,962.35,957.51,960.71,22498.0,1268.0,960.058911
COST,2026-08-18 13:50:00+00:00,961.44,962.095,959.59,961.55,17287.0,1024.0,960.806356
COST,2026-08-18 13:55:00+00:00,961.3,962.8288,960.005,960.005,15783.0,1042.0,961.427978
COST,2026-08-18 14:00:00+00:00,960.62,961.0472,958.99,959.57,10672.0,1008.0,960.035546
COST,2026-08-18 14:05:00+00:00,959.75,962.54,959.28,962.54,12206.0,945.0,960.853757
COST,2026-08-18 14:10:00+00:00,962.71,964.2999,961.89,961.89,30798.0,1692.0,963.182759
COST,2026-08-18 14:15:00+00:00,962.045,963.32,962.045,962.79,14900.0,1039.0,962.728925
COST,2026-08-18 14:20:00+00:00,962.79,964.88,962.79,964.829,19218.0,1359.0,964.021399
COST,2026-08-18 14:25:00+00:00,964.65,964.7,962.87,964.07,10521.0,1106.0,963.753689
COST,2026-08-18 14:30:00+00:00,964.08,964.65,963.4,964.545,11493.0,1007.0,964.015125
COST,2026-08-18 14:35:00+00:00,964.43,966.37,964.2,966.26,30431.0,1692.0,965.103883
COST,2026-08-18 14:40:00+00:00,966.6,968.5,966.35,968.215,16224.0,1396.0,967.646652
COST,2026-08-18 14:45:00+00:00,968.135,969.69,967.58,967.88,16843.0,1458.0,968.60273
COST,2026-08-18 14:50:00+00:00,967.715,969.99,967.59,969.7346,15020.0,1181.0,968.849934
COST,2026-08-18 14:55:00+00:00,969.715,971.8,969.715,971.8,25307.0,1883.0,970.646801
COST,2026-08-18 15:00:00+00:00,971.91,971.91,969.755,970.0,21566.0,1371.0,970.990472
COST,2026-08-18 15:05:00+00:00,970.0,971.49,970.0,971.2,14791.0,1110.0,970.774087
COST,2026-08-18 15:10:00+00:00,971.476,971.9599,970.57,971.04,16211.0,1118.0,971.127784
COST,2026-08-18 15:15:00+00:00,970.9975,971.09,969.01,970.6,12195.0,1064.0,969.903066
COST,2026-08-18 15:20:00+00:00,970.59,970.97,969.06,969.27,15842.0,1100.0,970.029906
COST,2026-08-18 15:25:00+00:00,969.24,969.37,968.2201,969.23,20420.0,1137.0,968.865572
COST,2026-08-18 15:30:00+00:00,969.27,969.56,967.3217,967.72,25569.0,1209.0,968.729564
COST,2026-08-18 15:35:00+00:00,967.72,968.65,967.64,968.5,12707.0,956.0,968.25454
COST,2026-08-18 15:40:00+00:00,968.63,968.88,966.2153,966.49,19930.0,972.0,967.357419
COST,2026-08-18 15:45:00+00:00,966.14,966.46,965.34,965.78,12326.0,901.0,965.964674
COST,2026-08-18 15:50:00+00:00,965.87,966.52,965.435,965.65,8752.0,753.0,965.979343
COST,2026-08-18 15:55:00+00:00,965.6,966.005,964.575,964.575,10241.0,863.0,965.403337
COST,2026-08-18 16:00:00+00:00,964.81,966.545,964.49,966.545,16321.0,852.0,965.457025
COST,2026-08-18 16:05:00+00:00,966.41,967.54,966.0,966.34,17506.0,933.0,966.354142
COST,2026-08-18 16:10:00+00:00,966.63,966.63,965.81,966.42,11384.0,805.0,966.221007
COST,2026-08-18 16:15:00+00:00,966.601,967.7485,966.14,967.18,11079.0,776.0,966.966472
COST,2026-08-18 16:20:00+00:00,967.295,967.95,966.5024,967.265,10445.0,744.0,967.098523
COST,2026-08-18 16:25:00+00:00,967.265,968.55,967.25,968.08,11119.0,761.0,967.924084
COST,2026-08-18 16:30:00+00:00,968.085,968.97,967.55,968.3,10494.0,693.0,968.357202
COST,2026-08-18 16:35:00+00:00,968.15,968.34,967.2401,967.535,5696.0,537.0,967.811629
COST,2026-08-18 16:40:00+00:00,967.53,967.7,966.56,966.85,14159.0,831.0,967.187676
COST,2026-08-18 16:45:00+00:00,966.44,966.8999,966.24,966.55,8701.0,588.0,966.648657
COST,2026-08-18 16:50:00+00:00,966.52,966.62,966.06,966.34,6513.0,592.0,966.428975
COST,2026-08-18 16:55:00+00:00,966.59,967.05,966.1,967.03,7241.0,581.0,966.582946
COST,2026-08-18 17:00:00+00:00,967.08,967.29,966.53,966.92,8302.0,563.0,967.048151
COST,2026-08-18 17:05:00+00:00,966.71,967.54,966.5978,966.99,7439.0,606.0,967.061507
COST,2026-08-18 17:10:00+00:00,966.925,967.21,966.6701,967.04,5876.0,506.0,966.916551
COST,2026-08-18 17:15:00+00:00,966.88,967.37,966.4,966.7418,7924.0,620.0,966.919789
COST,2026-08-18 17:20:00+00:00,966.48,966.665,965.61,965.74,8140.0,641.0,965.949546
COST,2026-08-18 17:25:00+00:00,965.9682,966.29,965.38,966.29,7766.0,575.0,965.797934
COST,2026-08-18 17:30:00+00:00,966.29,966.38,965.71,965.72,8153.0,727.0,966.143761
COST,2026-08-18 17:35:00+00:00,965.87,966.28,965.74,965.74,7411.0,641.0,965.975346
COST,2026-08-18 17:40:00+00:00,965.6675,965.9619,965.4756,965.6175,5976.0,553.0,965.752177
COST,2026-08-18 17:45:00+00:00,965.49,965.83,965.27,965.66,9946.0,1432.0,965.550654
COST,2026-08-18 17:50:00+00:00,965.8,965.8,965.14,965.53,5937.0,550.0,965.493476
COST,2026-08-18 17:55:00+00:00,965.5188,967.11,965.5188,966.87,12162.0,861.0,966.303952
COST,2026-08-18 18:00:00+00:00,967.0,967.0,966.06,966.465,9891.0,714.0,966.725377
COST,2026-08-18 18:05:00+00:00,966.365,967.42,966.365,967.12,8795.0,797.0,966.953269
COST,2026-08-18 18:10:00+00:00,967.16,967.32,966.44,966.5,10145.0,770.0,966.980756
COST,2026-08-18 18:15:00+00:00,966.59,966.7081,965.13,965.2125,10801.0,770.0,965.812237
COST,2026-08-18 18:20:00+00:00,965.07,965.84,964.83,965.43,9760.0,740.0,965.361075
COST,2026-08-18 18:25:00+00:00,965.44,965.61,965.25,965.45,8818.0,742.0,965.448287
COST,2026-08-18 18:30:00+00:00,965.45,966.37,965.45,966.27,11620.0,838.0,965.84825
COST,2026-08-18 18:35:00+00:00,966.175,966.49,965.2372,965.2372,9733.0,709.0,966.058395
COST,2026-08-18 18:40:00+00:00,965.405,966.13,965.405,965.41,8040.0,670.0,965.76837
COST,2026-08-18 18:45:00+00:00,965.195,965.35,964.12,964.5601,10177.0,781.0,964.554629
COST,2026-08-18 18:50:00+00:00,964.71,965.61,964.64,965.2094,8769.0,631.0,965.068459
COST,2026-08-18 18:55:00+00:00,965.3,965.92,965.05,965.115,10415.0,736.0,965.297941
COST,2026-08-18 19:00:00+00:00,965.2,965.78,965.2,965.58,7673.0,642.0,965.576057
COST,2026-08-18 19:05:00+00:00,965.705,966.175,965.4501,965.59,9622.0,763.0,965.825924
COST,2026-08-18 19:10:00+00:00,965.58,965.96,964.68,964.68,12933.0,879.0,965.407985
COST,2026-08-18 19:15:00+00:00,964.695,965.26,964.41,965.235,15711.0,1068.0,964.800507
COST,2026-08-18 19:20:00+00:00,965.24,965.56,964.8,964.99,13733.0,874.0,965.20793
COST,2026-08-18 19:25:00+00:00,964.88,964.88,962.17,962.415,22313.0,1426.0,963.310884
COST,2026-08-18 19:30:00+00:00,962.54,963.29,961.97,962.5,16509.0,1184.0,962.769407
COST,2026-08-18 19:35:00+00:00,962.83,963.02,962.39,962.75,13866.0,913.0,962.638135
COST,2026-08-18 19:40:00+00:00,962.85,963.12,961.5375,961.81,17249.0,1260.0,962.527803
COST,2026-08-18 19:45:00+00:00,961.74,962.39,960.53,961.955,26157.0,1371.0,961.210214
COST,2026-08-18 19:50:00+00:00,961.595,963.67,961.235,962.09,41592.0,2684.0,962.388632
COST,2026-08-18 19:55:00+00:00,962.09,962.49,960.87,961.35,116310.0,5726.0,961.778069
COST,2026-08-18 20:00:00+00:00,961.35,962.56,960.1,962.56,563653.0,161.0,961.350121
COST,2026-08-18 20:40:00+00:00,962.1,962.1,962.1,962.1,120.0,1.0,962.1
COST,2026-08-18 20:45:00+00:00,962.7506,962.7506,962.7506,962.7506,51.0,2.0,962.7506
COST,2026-08-18 22:40:00+00:00,962.83,962.83,962.83,962.83,43.0,4.0,962.83
COST,2026-08-19 08:00:00+00:00,968.5,968.5,964.19,964.19,2329.0,240.0,966.470998
COST,2026-08-19 10:15:00+00:00,963.0,963.0,963.0,963.0,60.0,5.0,963.0
COST,2026-08-19 11:20:00+00:00,964.54,964.54,964.54,964.54,45.0,1.0,964.54
COST,2026-08-19 11:45:00+00:00,965.56,965.56,965.56,965.56,251.0,2.0,965.56
COST,2026-08-19 11:55:00+00:00,964.5,964.5,964.5,964.5,41.0,2.0,964.5
COST,2026-08-19 12:05:00+00:00,964.58,964.58,964.55,964.55,203.0,10.0,964.562
COST,2026-08-19 12:25:00+00:00,965.44,965.6,965.44,965.6,342.0,14.0,965.563636
COST,2026-08-19 12:35:00+00:00,964.57,965.0,964.44,964.44,806.0,31.0,964.640965
COST,2026-08-19 12:40:00+00:00,963.13,963.13,963.09,963.09,358.0,13.0,963.094706
COST,2026-08-19 12:45:00+00:00,962.06,962.06,961.0,961.47,1099.0,27.0,961.276566
COST,2026-08-19 12:50:00+00:00,961.2,961.2,961.2,961.2,54.0,6.0,961.2
COST,2026-08-19 13:00:00+00:00,961.0,961.0,961.0,961.0,177.0,10.0,961.0
COST,2026-08-19 13:05:00+00:00,961.45,961.45,961.45,961.45,74.0,5.0,961.45
COST,2026-08-19 13:10:00+00:00,961.0,961.0,960.0,960.0,455.0,67.0,960.714286
COST,2026-08-19 13:15:00+00:00,959.96,959.96,959.96,959.96,173.0,17.0,959.96
COST,2026-08-19 13:20:00+00:00,959.6817,959.6817,959.6817,959.6817,84.0,4.0,959.6817
COST,2026-08-19 13:25:00+00:00,959.0,959.87,957.6316,959.87,646.0,89.0,958.673582
COST,2026-08-19 13:30:00+00:00,959.1,963.91,958.0124,963.45,51156.0,2015.0,960.373836
COST,2026-08-19 13:35:00+00:00,963.305,970.56,963.305,969.4,27733.0,1608.0,968.365592
COST,2026-08-19 13:40:00+00:00,970.37,971.6211,969.61,970.765,20560.0,1255.0,970.457453
COST,2026-08-19 13:45:00+00:00,971.25,973.4,971.0,972.44,31982.0,1876.0,972.466742
COST,2026-08-19 13:50:00+00:00,972.5523,976.9999,971.17,976.83,44825.0,2522.0,974.211816
COST,2026-08-19 13:55:00+00:00,976.99,977.12,972.61,974.99,25581.0,1450.0,974.576158
COST,2026-08-19 14:00:00+00:00,974.99,975.47,973.28,973.79,16848.0,1283.0,974.481598
COST,2026-08-19 14:05:00+00:00,973.22,975.41,971.65,975.41,17007.0,1219.0,973.868442
COST,2026-08-19 14:10:00+00:00,975.7525,977.77,975.34,977.115,37066.0,1614.0,976.751716
COST,2026-08-19 14:15:00+00:00,977.6599,978.2878,976.48,977.175,28201.0,1388.0,977.511156
COST,2026-08-19 14:20:00+00:00,977.03,978.7,975.05,977.365,14949.0,1215.0,977.338556
COST,2026-08-19 14:25:00+00:00,976.895,977.37,973.75,974.02,15788.0,1275.0,975.440394
COST,2026-08-19 14:30:00+00:00,973.69,974.98,972.07,972.4001,12258.0,952.0,973.345937
COST,2026-08-19 14:35:00+00:00,973.09,973.4337,970.5601,970.5601,10888.0,954.0,971.690932
COST,2026-08-19 14:40:00+00:00,970.345,973.54,970.345,972.995,11324.0,897.0,971.730032
COST,2026-08-19 14:45:00+00:00,972.7482,974.9,972.7482,973.67,9455.0,832.0,974.060624
COST,2026-08-19 14:50:00+00:00,973.675,974.1899,972.6,973.62,10313.0,800.0,973.123546
COST,2026-08-19 14:55:00+00:00,974.19,974.456,972.89,974.305,9004.0,821.0,974.092243
COST,2026-08-19 15:00:00+00:00,974.52,975.01,973.525,974.875,8536.0,901.0,974.339751
COST,2026-08-19 15:05:00+00:00,975.0,975.785,974.33,975.5,11032.0,889.0,975.049826
COST,2026-08-19 15:10:00+00:00,975.17,975.17,973.57,973.85,11812.0,901.0,974.223841
COST,2026-08-19 15:15:00+00:00,973.6251,974.305,972.14,973.08,11214.0,926.0,973.341983
COST,2026-08-19 15:20:00+00:00,973.34,973.69,972.66,973.24,10051.0,854.0,973.18223
COST,2026-08-19 15:25:00+00:00,972.8616,973.55,971.3,971.9,9879.0,877.0,972.285701
COST,2026-08-19 15:30:00+00:00,971.92,972.005,971.08,971.39,8411.0,755.0,971.521571
COST,2026-08-19 15:35:00+00:00,971.38,971.95,970.23,970.57,23246.0,830.0,971.304895
COST,2026-08-19 15:40:00+00:00,970.75,971.386,968.51,969.135,14172.0,961.0,969.83645
COST,2026-08-19 15:45:00+00:00,969.21,969.51,968.3,969.51,9438.0,835.0,968.934852
COST,2026-08-19 15:50:00+00:00,969.395,970.075,968.77,970.0,9512.0,696.0,969.17745
COST,2026-08-19 15:55:00+00:00,969.78,970.24,969.1901,969.88,8652.0,665.0,969.649571
COST,2026-08-19 16:00:00+00:00,970.125,970.36,966.72,966.78,11157.0,899.0,968.446993
COST,2026-08-19 16:05:00+00:00,966.9304,966.9304,966.12,966.325,8169.0,648.0,966.443616
COST,2026-08-19 16:10:00+00:00,966.325,966.52,965.69,966.48,10502.0,709.0,966.139525
COST,2026-08-19 16:15:00+00:00,966.48,967.203,965.46,966.9,11468.0,702.0,966.316766
COST,2026-08-19 16:20:00+00:00,966.91,967.12,966.32,966.695,5356.0,464.0,966.769942
COST,2026-08-19 16:25:00+00:00,967.0,967.7,966.6001,966.6001,8057.0,518.0,967.224921
COST,2026-08-19 16:30:00+00:00,967.09,967.48,965.86,966.23,8479.0,578.0,966.289951
COST,2026-08-19 16:35:00+00:00,966.32,966.6626,965.75,966.07,8203.0,554.0,966.284204
COST,2026-08-19 16:40:00+00:00,965.85,966.71,965.405,966.4401,7680.0,483.0,966.177074
COST,2026-08-19 16:45:00+00:00,966.45,966.99,966.25,966.725,9340.0,519.0,966.634521
COST,2026-08-19 16:50:00+00:00,966.725,967.48,966.6701,966.8,11723.0,692.0,966.975684
COST,2026-08-19 16:55:00+00:00,966.84,967.17,966.3,967.01,9530.0,645.0,966.608956
COST,2026-08-19 17:00:00+00:00,967.015,967.42,966.43,966.75,9188.0,643.0,966.804223
COST,2026-08-19 17:05:00+00:00,966.81,967.11,966.29,966.945,10982.0,550.0,966.599855
COST,2026-08-19 17:10:00+00:00,966.66,966.99,966.015,966.56,15122.0,685.0,966.437406
COST,2026-08-19 17:15:00+00:00,966.96,967.03,966.37,966.86,9813.0,655.0,966.78063
COST,2026-08-19 17:20:00+00:00,966.86,967.06,966.19,966.42,7654.0,575.0,966.531988
COST,2026-08-19 17:25:00+00:00,966.54,967.365,966.41,967.365,8313.0,575.0,966.98997
COST,2026-08-19 17:30:00+00:00,967.375,967.95,966.765,967.58,12363.0,709.0,967.349615
COST,2026-08-19 17:35:00+00:00,967.585,969.2685,967.285,968.76,8847.0,582.0,968.442895
COST,2026-08-19 17:40:00+00:00,968.6,969.02,968.5372,968.61,8514.0,560.0,968.775778
COST,2026-08-19 17:45:00+00:00,969.144,969.144,968.31,968.33,8128.0,1049.0,968.740732
COST,2026-08-19 17:50:00+00:00,968.39,968.82,968.1275,968.6,9041.0,542.0,968.410508
COST,2026-08-19 17:55:00+00:00,968.32,968.465,968.02,968.21,5222.0,761.0,968.183028
COST,2026-08-19 18:00:00+00:00,968.01,968.01,966.75,967.27,7218.0,633.0,967.260041
COST,2026-08-19 18:05:00+00:00,967.165,968.48,966.825,968.0468,10108.0,750.0,967.638874
COST,2026-08-19 18:10:00+00:00,968.23,969.29,968.05,969.01,9126.0,701.0,968.751686
COST,2026-08-19 18:15:00+00:00,969.12,969.305,967.7801,967.89,7330.0,612.0,968.623906
COST,2026-08-19 18:20:00+00:00,967.86,968.6,967.58,968.35,7399.0,548.0,968.100922
COST,2026-08-19 18:25:00+00:00,968.59,968.6,967.49,967.91,12454.0,663.0,968.134407
COST,2026-08-19 18:30:00+00:00,967.94,968.03,966.81,967.8,10281.0,767.0,967.492054
COST,2026-08-19 18:35:00+00:00,967.83,968.424,967.83,968.15,7703.0,582.0,968.057418
COST,2026-08-19 18:40:00+00:00,967.97,968.29,966.6331,966.7401,7509.0,582.0,967.559749
COST,2026-08-19 18:45:00+00:00,966.865,968.1097,966.865,967.38,10111.0,612.0,967.401713
COST,2026-08-19 18:50:00+00:00,967.43,967.8866,965.65,965.87,13998.0,806.0,966.971352
COST,2026-08-19 18:55:00+00:00,965.65,965.91,964.35,964.35,14508.0,1056.0,965.214504
COST,2026-08-19 19:00:00+00:00,964.545,964.59,962.06,963.465,14350.0,1037.0,963.274827
COST,2026-08-19 19:05:00+00:00,963.48,963.75,960.25,960.25,14786.0,946.0,962.265456
COST,2026-08-19 19:10:00+00:00,960.57,961.13,960.18,960.3,17239.0,1075.0,960.585934
COST,2026-08-19 19:15:00+00:00,960.2,960.5918,958.7,959.19,20000.0,1348.0,959.518896
COST,2026-08-19 19:20:00+00:00,959.11,959.895,958.73,958.94,31209.0,1126.0,959.344111
COST,2026-08-19 19:25:00+00:00,959.06,959.1,957.65,957.93,15649.0,1034.0,958.328125
COST,2026-08-19 19:30:00+00:00,958.16,958.4,957.48,958.125,15314.0,1149.0,957.956592
COST,2026-08-19 19:35:00+00:00,957.8,959.3699,957.8,959.0,18164.0,1157.0,958.701836
COST,2026-08-19 19:40:00+00:00,959.16,959.56,958.1801,958.5,22853.0,1373.0,958.913118
COST,2026-08-19 19:45:00+00:00,958.43,958.7,957.22,957.22,29561.0,1736.0,957.858002
COST,2026-08-19 19:50:00+00:00,957.29,957.99,956.435,956.94,49840.0,3281.0,957.118286
COST,2026-08-19 19:55:00+00:00,956.83,957.785,956.0,956.86,116639.0,6651.0,956.742871
COST,2026-08-19 20:00:00+00:00,956.99,957.6,956.99,957.01,367557.0,138.0,956.990103
COST,2026-08-19 20:05:00+00:00,957.02,957.02,957.0,957.0,423.0,16.0,957.005898
COST,2026-08-19 20:10:00+00:00,956.0,956.0,956.0,956.0,48.0,9.0,956.0
COST,2026-08-19 20:25:00+00:00,957.52,957.52,957.52,957.52,106.0,3.0,957.52
COST,2026-08-19 20:30:00+00:00,957.5087,957.5087,957.5087,957.5087,55.0,4.0,957.5087
COST,2026-08-19 20:45:00+00:00,958.0,958.0,957.57,957.57,326.0,12.0,957.734751
COST,2026-08-19 22:15:00+00:00,959.99,959.99,959.99,959.99,50.0,1.0,959.99
COST,2026-08-19 22:30:00+00:00,958.03,958.03,958.03,958.03,250.0,1.0,958.03
COST,2026-08-19 23:05:00+00:00,959.9,959.9,959.9,959.9,201.0,1.0,959.9
COST,2026-08-20 09:00:00+00:00,955.54,955.54,955.54,955.54,229.0,10.0,955.54
COST,2026-08-20 09:30:00+00:00,956.05,956.05,956.05,956.05,40.0,1.0,956.05
COST,2026-08-20 10:40:00+00:00,955.57,955.57,955.57,955.57,62.0,5.0,955.57
COST,2026-08-20 11:00:00+00:00,957.0,957.0,946.88,946.98,3650.0,311.0,950.789909
COST,2026-08-20 11:05:00+00:00,945.76,945.76,939.85,939.85,4070.0,369.0,942.005969
COST,2026-08-20 11:10:00+00:00,939.94,940.0,938.0,938.08,2745.0,203.0,938.408508
COST,2026-08-20 11:15:00+00:00,938.0,940.0,935.8,936.0,3625.0,246.0,937.119817
COST,2026-08-20 11:20:00+00:00,939.0,939.6787,939.0,939.6787,281.0,30.0,939.226233
COST,2026-08-20 11:25:00+00:00,940.0,940.21,939.2,939.2,442.0,26.0,939.837515
COST,2026-08-20 11:30:00+00:00,940.3,940.82,940.2,940.82,324.0,15.0,940.321212
COST,2026-08-20 11:35:00+00:00,940.99,941.0,940.0,940.0,949.0,76.0,940.404347
COST,2026-08-20 11:40:00+00:00,939.66,940.67,939.6,940.6,655.0,30.0,940.373523
COST,2026-08-20 11:45:00+00:00,940.88,941.0,940.0,941.0,2639.0,89.0,940.612236
COST,2026-08-20 11:50:00+00:00,941.0,945.0,940.9812,943.64,1268.0,65.0,944.026921
COST,2026-08-20 11:55:00+00:00,942.02,942.02,941.5,941.5,201.0,13.0,941.862878
COST,2026-08-20 12:00:00+00:00,941.01,943.4405,940.94,940.95,1978.0,105.0,942.213884
COST,2026-08-20 12:05:00+00:00,940.9188,941.0,940.0,940.03,3171.0,124.0,940.510318
COST,2026-08-20 12:10:00+00:00,940.5,940.5,940.0,940.08,802.0,52.0,940.140536
COST,2026-08-20 12:15:00+00:00,940.16,940.22,940.0,940.15,1677.0,111.0,940.112975
COST,2026-08-20 12:20:00+00:00,940.15,940.15,940.15,940.15,187.0,15.0,940.15
COST,2026-08-20 12:30:00+00:00,941.5,941.5,941.0,941.0,379.0,16.0,941.416667
COST,2026-08-20 12:35:00+00:00,941.95,941.95,940.86,940.86,232.0,24.0,941.638571
COST,2026-08-20 12:45:00+00:00,941.94,941.94,941.94,941.94,60.0,7.0,941.94
COST,2026-08-20 12:50:00+00:00,941.8003,941.82,941.0,941.5,536.0,70.0,941.524528
COST,2026-08-20 12:55:00+00:00,941.94,941.99,940.95,941.0,1052.0,61.0,941.280973
COST,2026-08-20 13:00:00+00:00,940.86,940.98,940.45,940.5,1549.0,98.0,940.691332
COST,2026-08-20 13:05:00+00:00,940.15,940.15,937.27,937.27,6995.0,333.0,939.184124
COST,2026-08-20 13:10:00+00:00,938.69,939.0,938.0,938.06,2543.0,92.0,938.386315
COST,2026-08-20 13:15:00+00:00,939.0,939.0,935.13,935.94,5335.0,398.0,936.468709
COST,2026-08-20 13:20:00+00:00,935.94,936.0,934.75,935.75,5232.0,422.0,935.468989
COST,2026-08-20 13:25:00+00:00,939.54,940.9,932.0,933.22,4926.0,469.0,935.284791
COST,2026-08-20 13:30:00+00:00,933.59,939.12,925.77,936.0,167838.0,6934.0,932.736585
COST,2026-08-20 13:35:00+00:00,936.845,943.5,935.76,938.67,43313.0,2250.0,939.928614
COST,2026-08-20 13:40:00+00:00,938.89,939.365,936.15,937.235,21867.0,1533.0,937.614447
COST,2026-08-20 13:45:00+00:00,937.505,940.19,936.84,939.24,32637.0,1643.0,938.213405
COST,2026-08-20 13:50:00+00:00,939.58,941.0,938.77,939.375,40552.0,1722.0,939.665881
COST,2026-08-20 13:55:00+00:00,938.9,940.48,938.5401,939.4104,25341.0,1502.0,939.262388
COST,2026-08-20 14:00:00+00:00,938.56,941.74,937.61,941.58,21338.0,1606.0,939.534775
COST,2026-08-20 14:05:00+00:00,941.36,943.6,940.4624,942.77,18844.0,1228.0,942.521332
COST,2026-08-20 14:10:00+00:00,942.73,943.205,940.56,941.35,27983.0,1414.0,941.655578
COST,2026-08-20 14:15:00+00:00,941.455,942.5,940.5,941.57,33470.0,1655.0,941.340905
COST,2026-08-20 14:20:00+00:00,941.77,942.15,938.5,938.75,24976.0,1434.0,940.684869
COST,2026-08-20 14:25:00+00:00,938.64,939.3,938.0,938.3942,17919.0,1195.0,938.538802
COST,2026-08-20 14:30:00+00:00,938.8058,939.52,937.8,939.155,15667.0,1148.0,938.468582
COST,2026-08-20 14:35:00+00:00,939.155,939.155,936.75,936.75,20441.0,1401.0,937.858697
COST,2026-08-20 14:40:00+00:00,936.75,937.57,936.2,936.81,22362.0,1417.0,936.902973
COST,2026-08-20 14:45:00+00:00,937.075,938.0,936.9,937.215,23597.0,1576.0,937.381659
COST,2026-08-20 14:50:00+00:00,937.215,937.49,932.895,935.66,51820.0,2666.0,935.18609
COST,2026-08-20 14:55:00+00:00,935.47,935.8088,933.905,935.47,20031.0,1356.0,934.762945
COST,2026-08-20 15:00:00+00:00,935.47,937.4,934.81,936.91,20586.0,1254.0,935.518963
COST,2026-08-20 15:05:00+00:00,936.88,937.5499,936.0001,936.335,14091.0,1110.0,936.74363
COST,2026-08-20 15:10:00+00:00,936.5,939.49,936.0201,939.0,23616.0,1233.0,938.292838
COST,2026-08-20 15:15:00+00:00,939.45,941.95,938.718,941.325,24313.0,1314.0,940.37937
COST,2026-08-20 15:20:00+00:00,941.176,941.9,940.56,940.575,16307.0,1191.0,941.184985
COST,2026-08-20 15:25:00+00:00,940.46,941.39,939.73,941.0,10117.0,905.0,940.442111
COST,2026-08-20 15:30:00+00:00,941.38,942.37,939.9501,940.12,17614.0,1017.0,941.189811
COST,2026-08-20 15:35:00+00:00,940.33,941.565,940.17,940.29,9175.0,849.0,940.840953
COST,2026-08-20 15:40:00+00:00,940.3,940.99,939.51,940.31,10349.0,938.0,940.03087
COST,2026-08-20 15:45:00+00:00,940.98,941.7099,940.29,940.9,8545.0,795.0,940.995895
COST,2026-08-20 15:50:00+00:00,940.86,941.05,939.5401,940.43,11551.0,918.0,940.242123
COST,2026-08-20 15:55:00+00:00,940.0,940.55,939.47,939.98,6996.0,761.0,939.946976
COST,2026-08-20 16:00:00+00:00,939.83,940.94,939.745,940.48,8797.0,792.0,940.384123
COST,2026-08-20 16:05:00+00:00,940.7,943.425,940.6705,943.425,14580.0,995.0,941.84815
COST,2026-08-20 16:10:00+00:00,943.425,944.215,942.77,943.4,11736.0,818.0,943.550622
COST,2026-08-20 16:15:00+00:00,943.09,944.0,942.87,943.355,9388.0,610.0,943.492745
COST,2026-08-20 16:20:00+00:00,943.12,943.74,941.305,941.3455,13671.0,933.0,942.294032
COST,2026-08-20 16:25:00+00:00,941.34,942.16,940.055,940.5,11219.0,923.0,940.970315
COST,2026-08-20 16:30:00+00:00,940.46,941.6032,940.01,940.295,6310.0,538.0,940.551686
COST,2026-08-20 16:35:00+00:00,940.01,940.03,937.63,937.83,19211.0,1028.0,939.350138
COST,2026-08-20 16:40:00+00:00,937.83,940.3,937.16,940.3,14430.0,1004.0,938.922729
COST,2026-08-20 16:45:00+00:00,940.29,941.36,939.99,940.255,13176.0,892.0,940.582662
COST,2026-08-20 16:50:00+00:00,940.08,941.43,939.99,940.86,11147.0,750.0,940.855099
COST,2026-08-20 16:55:00+00:00,940.625,940.84,939.85,940.06,12129.0,807.0,940.332499
COST,2026-08-20 17:00:00+00:00,939.92,940.3,939.001,940.26,13729.0,835.0,939.604949
COST,2026-08-20 17:05:00+00:00,940.47,940.745,939.48,939.56,16847.0,663.0,939.843472
COST,2026-08-20 17:10:00+00:00,939.625,940.45,939.625,939.85,18736.0,850.0,939.861609
COST,2026-08-20 17:15:00+00:00,940.01,940.36,939.57,940.17,10863.0,798.0,939.96325
COST,2026-08-20 17:20:00+00:00,940.33,940.51,939.345,939.445,10832.0,744.0,939.733878
COST,2026-08-20 17:25:00+00:00,939.4,939.71,938.145,939.03,14594.0,1078.0,938.971558
COST,2026-08-20 17:30:00+00:00,938.4334,939.5,938.4334,939.17,7620.0,595.0,939.136602
COST,2026-08-20 17:35:00+00:00,938.86,938.86,937.45,937.45,10915.0,918.0,938.161345
COST,2026-08-20 17:40:00+00:00,937.57,937.84,937.0,937.34,8598.0,719.0,937.286852
COST,2026-08-20 17:45:00+00:00,937.22,937.675,936.085,936.75,13925.0,838.0,936.903401
COST,2026-08-20 17:50:00+00:00,936.47,936.74,936.0001,936.353,9037.0,1342.0,936.395045
COST,2026-08-20 17:55:00+00:00,936.18,936.35,935.23,935.475,15081.0,1132.0,935.777346
COST,2026-08-20 18:00:00+00:00,935.545,935.6199,934.86,935.36,21311.0,1376.0,935.146275
COST,2026-08-20 18:05:00+00:00,935.46,936.42,935.23,936.42,11319.0,952.0,935.749232
COST,2026-08-20 18:10:00+00:00,936.48,936.5458,935.1,935.47,11404.0,980.0,935.513216
COST,2026-08-20 18:15:00+00:00,935.2556,936.0,933.745,934.094,30413.0,1798.0,934.939174
COST,2026-08-20 18:20:00+00:00,933.91,934.21,932.5,932.5,19373.0,1367.0,933.272475
COST,2026-08-20 18:25:00+00:00,932.25,932.25,930.6,931.11,32898.0,1744.0,931.40469
COST,2026-08-20 18:30:00+00:00,931.0605,931.12,929.41,931.1199,32424.0,2115.0,930.214603
COST,2026-08-20 18:35:00+00:00,931.11,931.11,928.795,929.1331,36999.0,1863.0,929.848296
COST,2026-08-20 18:40:00+00:00,929.15,929.15,928.3,928.695,25570.0,1433.0,928.704614
COST,2026-08-20 18:45:00+00:00,928.69,929.565,928.01,929.5099,23193.0,1436.0,928.869964
COST,2026-08-20 18:50:00+00:00,929.31,929.99,928.98,929.835,15918.0,1213.0,929.484789
COST,2026-08-20 18:55:00+00:00,929.61,930.0,929.33,929.56,16935.0,1133.0,929.581913
COST,2026-08-20 19:00:00+00:00,929.75,930.45,929.32,929.97,18475.0,1201.0,929.769969
COST,2026-08-20 19:05:00+00:00,929.815,930.705,929.5,930.39,20685.0,1281.0,930.051684
COST,2026-08-20 19:10:00+00:00,930.5,930.5665,929.25,929.25,16660.0,1120.0,930.093295
COST,2026-08-20 19:15:00+00:00,929.3775,930.095,929.0,929.53,18003.0,1183.0,929.502031
COST,2026-08-20 19:20:00+00:00,929.51,929.77,928.94,929.745,22160.0,1549.0,929.349836
COST,2026-08-20 19:25:00+00:00,929.8,930.065,929.335,929.71,18368.0,1239.0,929.663675
COST,2026-08-20 19:30:00+00:00,929.71,931.5,929.71,930.24,28951.0,1735.0,930.705428
COST,2026-08-20 19:35:00+00:00,930.195,931.98,929.87,931.98,25038.0,1478.0,930.913507
COST,2026-08-20 19:40:00+00:00,931.84,933.0,931.84,932.16,26345.0,1625.0,932.43836
COST,2026-08-20 19:45:00+00:00,932.01,933.0,931.5759,932.76,34606.0,2044.0,932.266863
COST,2026-08-20 19:50:00+00:00,932.98,935.48,932.54,934.4528,73130.0,4451.0,934.273206
COST,2026-08-20 19:55:00+00:00,934.95,936.0,933.08,933.23,170006.0,7719.0,933.954255
COST,2026-08-20 20:00:00+00:00,933.51,934.25,933.51,933.76,135296.0,185.0,933.519367
COST,2026-08-20 20:05:00+00:00,933.7,934.2861,933.51,934.2861,1112.0,78.0,933.904499
COST,2026-08-20 20:10:00+00:00,934.06,934.3,934.06,934.2325,388.0,48.0,934.235276
COST,2026-08-20 20:15:00+00:00,934.25,934.25,934.25,934.25,54.0,11.0,934.25
COST,2026-08-20 20:30:00+00:00,934.3,934.3,934.3,934.3,52.0,6.0,934.3
COST,2026-08-20 20:50:00+00:00,934.0,934.0,934.0,934.0,173.0,20.0,934.0
COST,2026-08-20 20:55:00+00:00,934.0,935.1675,933.66,933.66,1278.0,54.0,934.382301
COST,2026-08-20 21:00:00+00:00,933.67,933.67,933.67,933.67,55.0,7.0,933.67
COST,2026-08-20 22:10:00+00:00,934.0,934.0,934.0,934.0,81.0,14.0,934.0
COST,2026-08-20 23:00:00+00:00,934.05,934.05,934.05,934.05,104.0,4.0,934.05
COST,2026-08-20 23:05:00+00:00,934.7,934.7,934.7,934.7,101.0,5.0,934.7
COST,2026-08-20 23:50:00+00:00,935.0,935.0,935.0,935.0,229.0,4.0,935.0
COST,2026-08-20 23:55:00+00:00,934.36,934.36,934.36,934.36,47.0,5.0,934.36
COST,2026-08-21 08:00:00+00:00,933.3,933.8,933.3,933.8,1011.0,501.0,933.451408
COST,2026-08-21 09:45:00+00:00,935.0,935.0,935.0,935.0,752.0,15.0,935.0
COST,2026-08-21 11:00:00+00:00,935.0,935.01,935.0,935.01,379.0,34.0,935.004156
COST,2026-08-21 11:05:00+00:00,935.05,935.39,935.0,935.39,412.0,40.0,935.135965
COST,2026-08-21 11:15:00+00:00,935.11,935.11,934.75,934.75,228.0,14.0,934.880701
COST,2026-08-21 11:20:00+00:00,934.6,934.6,934.6,934.6,136.0,14.0,934.6
COST,2026-08-21 11:30:00+00:00,935.0,935.0,935.0,935.0,96.0,6.0,935.0
COST,2026-08-21 11:40:00+00:00,935.0,935.0,935.0,935.0,507.0,3.0,935.0
COST,2026-08-21 11:50:00+00:00,935.1458,935.1458,934.55,934.55,238.0,20.0,934.779154
COST,2026-08-21 11:55:00+00:00,934.75,934.75,934.75,934.75,50.0,2.0,934.75
COST,2026-08-21 12:00:00+00:00,934.8,934.8,934.8,934.8,404.0,7.0,934.8
COST,2026-08-21 12:35:00+00:00,934.0,934.0,933.2559,933.561,1577.0,83.0,933.625546
COST,2026-08-21 12:45:00+00:00,934.08,934.08,934.08,934.08,52.0,3.0,934.08
COST,2026-08-21 12:50:00+00:00,934.08,934.08,933.73,933.938,965.0,54.0,933.841976
COST,2026-08-21 12:55:00+00:00,933.6,933.7,933.6,933.7,305.0,27.0,933.625
COST,2026-08-21 13:00:00+00:00,933.3,933.8,933.3,933.8,693.0,34.0,933.415304
COST,2026-08-21 13:05:00+00:00,933.24,935.5,933.24,935.5,1144.0,75.0,934.567453
COST,2026-08-21 13:10:00+00:00,935.44,935.5,935.44,935.5,473.0,43.0,935.488621
COST,2026-08-21 13:15:00+00:00,934.8,934.8,934.8,934.8,116.0,14.0,934.8
COST,2026-08-21 13:25:00+00:00,934.05,944.5,934.05,940.91,7115.0,561.0,939.7693
COST,2026-08-21 13:30:00+00:00,939.11,939.64,933.82,935.6541,218110.0,2698.0,939.342347
COST,2026-08-21 13:35:00+00:00,935.93,942.37,935.93,941.9875,31148.0,1915.0,939.891746
COST,2026-08-21 13:40:00+00:00,941.97,943.89,941.18,943.27,29612.0,1366.0,942.658182
COST,2026-08-21 13:45:00+00:00,944.0,944.5,941.59,941.59,19325.0,1167.0,942.906163
COST,2026-08-21 13:50:00+00:00,942.6599,943.28,940.74,941.86,21286.0,953.0,941.889859
COST,2026-08-21 13:55:00+00:00,941.4736,942.144,940.11,941.52,10754.0,773.0,941.322569
COST,2026-08-21 14:00:00+00:00,941.515,942.15,940.52,942.08,22169.0,1180.0,941.401889
COST,2026-08-21 14:05:00+00:00,942.75,942.9899,940.89,942.16,11408.0,828.0,941.932707
COST,2026-08-21 14:10:00+00:00,942.16,944.7,940.05,944.44,30081.0,1385.0,942.501142
COST,2026-08-21 14:15:00+00:00,944.7,947.285,943.87,947.1,23387.0,1478.0,945.281854
COST,2026-08-21 14:20:00+00:00,947.0101,948.79,946.96,948.3,37009.0,1520.0,947.903526
COST,2026-08-21 14:25:00+00:00,948.4,948.585,946.05,946.05,27814.0,1255.0,947.450819
COST,2026-08-21 14:30:00+00:00,946.01,947.55,945.8301,947.55,13680.0,1053.0,946.797857
COST,2026-08-21 14:35:00+00:00,947.6983,948.0,946.4301,947.595,16895.0,1195.0,947.274901
COST,2026-08-21 14:40:00+00:00,947.29,949.49,946.92,949.02,15727.0,1149.0,948.540142
COST,2026-08-21 14:45:00+00:00,948.8148,949.5,948.31,948.89,42566.0,1104.0,948.840361
COST,2026-08-21 14:50:00+00:00,948.88,949.0,947.7075,948.8,7908.0,730.0,948.229432
COST,2026-08-21 14:55:00+00:00,948.655,949.82,948.4363,949.285,12949.0,976.0,949.138144
COST,2026-08-21 15:00:00+00:00,949.285,949.585,948.03,948.25,50513.0,868.0,948.596785
COST,2026-08-21 15:05:00+00:00,948.02,948.66,947.74,947.78,6900.0,713.0,948.237064
COST,2026-08-21 15:10:00+00:00,947.785,947.785,945.521,945.7501,11816.0,809.0,946.530875
COST,2026-08-21 15:15:00+00:00,946.18,947.0071,945.36,946.22,9776.0,897.0,946.31651
COST,2026-08-21 15:20:00+00:00,946.22,947.8399,946.22,947.015,8663.0,851.0,947.081953
COST,2026-08-21 15:25:00+00:00,947.31,947.67,946.24,947.09,10137.0,834.0,946.870868
COST,2026-08-21 15:30:00+00:00,947.1,947.11,946.3577,946.9825,11711.0,796.0,946.696895
COST,2026-08-21 15:35:00+00:00,946.995,947.6949,946.62,946.855,8692.0,798.0,947.051305
COST,2026-08-21 15:40:00+00:00,946.905,946.95,945.935,946.525,8244.0,776.0,946.411597
COST,2026-08-21 15:45:00+00:00,946.24,946.93,946.21,946.92,9759.0,771.0,946.520513
COST,2026-08-21 15:50:00+00:00,946.595,947.18,946.23,946.925,12655.0,791.0,946.734677
COST,2026-08-21 15:55:00+00:00,946.92,947.2,946.5,946.995,9341.0,685.0,946.846121
COST,2026-08-21 16:00:00+00:00,946.99,947.7899,946.55,947.1,17456.0,816.0,947.308149
COST,2026-08-21 16:05:00+00:00,947.25,948.99,947.079,948.72,10785.0,776.0,947.826833
COST,2026-08-21 16:10:00+00:00,948.845,949.26,948.1901,949.24,11233.0,885.0,948.843332
COST,2026-08-21 16:15:00+00:00,949.23,949.5,949.0,949.35,7246.0,681.0,949.249952
COST,2026-08-21 16:20:00+00:00,949.2,949.8999,948.55,949.06,7287.0,670.0,949.163953
COST,2026-08-21 16:25:00+00:00,949.3,949.3,948.3,948.375,6477.0,580.0,948.739827
COST,2026-08-21 16:30:00+00:00,948.315,949.64,948.27,948.965,7384.0,688.0,949.061489
COST,2026-08-21 16:35:00+00:00,948.765,949.135,948.46,948.8951,7295.0,610.0,948.742653
COST,2026-08-21 16:40:00+00:00,948.975,948.975,947.5,947.7625,6460.0,599.0,948.166397
COST,2026-08-21 16:45:00+00:00,947.5128,947.73,946.76,946.9,5175.0,548.0,947.257414
COST,2026-08-21 16:50:00+00:00,946.86,947.635,946.86,947.615,6457.0,617.0,947.148969
COST,2026-08-21 16:55:00+00:00,947.61,948.58,947.48,948.58,9541.0,723.0,948.060958
COST,2026-08-21 17:00:00+00:00,948.38,948.71,947.88,948.45,8734.0,599.0,948.331098
COST,2026-08-21 17:05:00+00:00,948.38,949.0,948.23,948.59,10351.0,596.0,948.577052
COST,2026-08-21 17:10:00+00:00,948.55,948.76,947.78,948.5,7699.0,594.0,948.172106
COST,2026-08-21 17:15:00+00:00,948.595,948.79,948.01,948.27,5716.0,567.0,948.580304
COST,2026-08-21 17:20:00+00:00,948.47,949.28,948.42,949.27,11044.0,725.0,948.738989
COST,2026-08-21 17:25:00+00:00,949.325,949.55,948.645,949.07,12430.0,753.0,949.277235
COST,2026-08-21 17:30:00+00:00,949.065,949.065,948.18,948.67,12002.0,694.0,948.623224
COST,2026-08-21 17:35:00+00:00,948.84,949.0,948.56,948.5601,7172.0,567.0,948.778441
COST,2026-08-21 17:40:00+00:00,948.9299,948.9299,948.16,948.17,6723.0,604.0,948.525312
COST,2026-08-21 17:45:00+00:00,948.35,948.88,948.16,948.35,5761.0,532.0,948.548455
COST,2026-08-21 17:50:00+00:00,948.54,948.67,948.06,948.46,8480.0,566.0,948.371498
COST,2026-08-21 17:55:00+00:00,948.27,948.53,947.67,948.065,10672.0,1630.0,948.154699
COST,2026-08-21 18:00:00+00:00,947.9,948.01,946.545,947.03,8462.0,695.0,947.138995
COST,2026-08-21 18:05:00+00:00,946.82,947.2396,946.3001,946.72,8078.0,593.0,946.821437
COST,2026-08-21 18:10:00+00:00,946.84,946.84,945.52,946.63,9077.0,587.0,946.151058
COST,2026-08-21 18:15:00+00:00,946.455,946.89,945.775,946.075,7643.0,623.0,946.398107
COST,2026-08-21 18:20:00+00:00,946.335,946.9999,946.16,946.674,7073.0,585.0,946.387941
COST,2026-08-21 18:25:00+00:00,946.395,947.109,946.03,946.48,53696.0,656.0,946.632301
COST,2026-08-21 18:30:00+00:00,946.215,947.275,946.215,946.665,10751.0,693.0,946.847373
COST,2026-08-21 18:35:00+00:00,947.03,947.29,946.91,947.12,6786.0,481.0,947.07527
COST,2026-08-21 18:40:00+00:00,947.32,947.519,947.115,947.34,5772.0,493.0,947.229611
COST,2026-08-21 18:45:00+00:00,947.32,947.3972,946.1002,946.58,12682.0,593.0,946.917494
COST,2026-08-21 18:50:00+00:00,946.39,947.04,946.3127,946.76,9253.0,694.0,946.527797
COST,2026-08-21 18:55:00+00:00,946.755,946.755,946.0142,946.3878,6971.0,576.0,946.463773
COST,2026-08-21 19:00:00+00:00,946.415,946.42,945.36,945.675,7625.0,566.0,946.037632
COST,2026-08-21 19:05:00+00:00,945.675,946.49,945.675,946.445,21992.0,668.0,946.01433
COST,2026-08-21 19:10:00+00:00,946.55,946.56,945.011,945.3,12665.0,744.0,945.540164
COST,2026-08-21 19:15:00+00:00,945.31,946.89,945.31,945.8125,19521.0,1073.0,946.264616
COST,2026-08-21 19:20:00+00:00,946.07,946.79,945.82,946.49,11166.0,813.0,946.23221
COST,2026-08-21 19:25:00+00:00,946.46,947.44,946.25,947.1,15629.0,948.0,946.707607
COST,2026-08-21 19:30:00+00:00,947.26,947.725,947.0,947.2355,15322.0,1195.0,947.351149
COST,2026-08-21 19:35:00+00:00,947.26,947.74,947.11,947.39,18525.0,963.0,947.454255
COST,2026-08-21 19:40:00+00:00,947.39,947.89,947.01,947.88,33118.0,1400.0,947.523846
COST,2026-08-21 19:45:00+00:00,947.765,948.54,947.4575,948.49,37423.0,1675.0,947.937288
COST,2026-08-21 19:50:00+00:00,948.63,949.45,947.36,949.31,63030.0,3417.0,948.028285
COST,2026-08-21 19:55:00+00:00,949.15,949.15,946.7225,947.92,123148.0,5776.0,947.552162
COST,2026-08-21 20:00:00+00:00,947.74,948.0,947.0,947.0,607114.0,152.0,947.739864
COST,2026-08-21 20:05:00+00:00,947.74,947.74,947.74,947.74,103.0,10.0,947.74
COST,2026-08-21 20:10:00+00:00,947.1446,947.1446,947.1446,947.1446,53.0,4.0,947.1446
COST,2026-08-21 20:15:00+00:00,946.63,946.63,946.63,946.63,656.0,8.0,946.63
COST,2026-08-21 20:45:00+00:00,947.0003,947.0003,947.0003,947.0003,141.0,3.0,947.0003
COST,2026-08-21 21:25:00+00:00,947.49,947.49,947.49,947.49,225.0,28.0,947.49
COST,2026-08-21 21:40:00+00:00,947.9,948.0,947.9,948.0,7904.0,37.0,947.95
COST,2026-08-21 23:25:00+00:00,947.0,947.0,947.0,947.0,52.0,3.0,947.0
COST,2026-08-21 23:45:00+00:00,947.74,947.74,947.74,947.74,219.0,5.0,947.74
COST,2026-08-24 08:00:00+00:00,952.8588,952.8588,951.83,952.71,681.0,138.0,952.633161
COST,2026-08-24 08:05:00+00:00,951.45,951.45,951.45,951.45,87.0,4.0,951.45
COST,2026-08-24 11:00:00+00:00,950.0,950.0,950.0,950.0,236.0,40.0,950.0
COST,2026-08-24 11:20:00+00:00,950.0,950.0,950.0,950.0,121.0,10.0,950.0
COST,2026-08-24 11:30:00+00:00,951.2,951.2,950.88,950.88,169.0,8.0,950.986667
COST,2026-08-24 11:55:00+00:00,952.0,952.11,952.0,952.11,268.0,23.0,952.057619
COST,2026-08-24 12:00:00+00:00,952.25,952.7471,952.25,952.7471,152.0,4.0,952.5814
COST,2026-08-24 12:25:00+00:00,952.4,952.4,952.4,952.4,99.0,4.0,952.4
COST,2026-08-24 12:30:00+00:00,952.5,952.5,952.5,952.5,52.0,5.0,952.5
COST,2026-08-24 12:40:00+00:00,951.3,951.3,951.3,951.3,157.0,3.0,951.3
COST,2026-08-24 12:45:00+00:00,952.9771,952.9771,952.9771,952.9771,105.0,2.0,952.9771
COST,2026-08-24 13:00:00+00:00,953.1,953.1,953.1,953.1,138.0,18.0,953.1
COST,2026-08-24 13:05:00+00:00,953.5,953.94,953.5,953.94,310.0,33.0,953.646667
COST,2026-08-24 13:15:00+00:00,953.5,953.5,953.5,953.5,118.0,8.0,953.5
COST,2026-08-24 13:25:00+00:00,953.57,953.57,952.57,953.0,752.0,61.0,953.339924
COST,2026-08-24 13:30:00+00:00,953.01,957.9192,951.385,955.935,55515.0,3423.0,953.911385
COST,2026-08-24 13:35:00+00:00,955.5875,959.0,955.07,958.68,22483.0,1579.0,957.266105
COST,2026-08-24 13:40:00+00:00,958.665,961.4,958.39,959.995,25951.0,1954.0,959.561682
COST,2026-08-24 13:45:00+00:00,960.28,960.28,956.2286,957.76,14932.0,1291.0,958.151184
COST,2026-08-24 13:50:00+00:00,957.24,962.0,956.07,961.81,31777.0,1569.0,958.736378
COST,2026-08-24 13:55:00+00:00,961.895,962.2459,957.5601,959.5,17279.0,1154.0,960.275571
COST,2026-08-24 14:00:00+00:00,959.19,959.9,958.01,958.96,14360.0,1346.0,959.069033
COST,2026-08-24 14:05:00+00:00,958.91,959.16,956.96,957.495,15618.0,1217.0,958.266806
COST,2026-08-24 14:10:00+00:00,957.5625,959.075,957.1201,958.5925,16099.0,1188.0,958.072114
COST,2026-08-24 14:15:00+00:00,958.9,961.9799,958.9,961.5629,25747.0,2123.0,960.49354
COST,2026-08-24 14:20:00+00:00,961.73,962.6803,960.3967,962.6803,19900.0,1476.0,961.782429
COST,2026-08-24 14:25:00+00:00,962.69,963.18,961.16,962.46,19900.0,1269.0,962.308019
COST,2026-08-24 14:30:00+00:00,962.415,963.5,962.04,963.09,17497.0,1423.0,962.660028
COST,2026-08-24 14:35:00+00:00,963.14,963.4,961.71,962.93,16986.0,1187.0,962.918072
COST,2026-08-24 14:40:00+00:00,962.455,965.22,962.455,965.06,21144.0,1470.0,964.520696
COST,2026-08-24 14:45:00+00:00,965.24,965.425,962.89,963.115,16502.0,1225.0,964.672603
COST,2026-08-24 14:50:00+00:00,963.16,963.38,962.19,962.76,8509.0,957.0,962.810418
COST,2026-08-24 14:55:00+00:00,963.0,963.14,962.07,963.06,11581.0,969.0,962.683492
COST,2026-08-24 15:00:00+00:00,962.75,963.685,962.41,963.62,14117.0,1171.0,963.293227
COST,2026-08-24 15:05:00+00:00,963.86,965.23,963.12,964.68,19924.0,1197.0,964.458
COST,2026-08-24 15:10:00+00:00,964.69,965.0999,963.85,964.32,12486.0,1002.0,964.473218
COST,2026-08-24 15:15:00+00:00,964.62,966.21,964.6,965.64,16623.0,1299.0,965.582806
COST,2026-08-24 15:20:00+00:00,965.645,966.1,964.665,965.365,12971.0,1054.0,965.42952
COST,2026-08-24 15:25:00+00:00,965.19,965.69,964.5,964.995,14648.0,1103.0,965.067122
COST,2026-08-24 15:30:00+00:00,964.99,967.0,964.68,967.0,13437.0,1210.0,966.198182
COST,2026-08-24 15:35:00+00:00,966.665,967.49,966.61,966.84,11446.0,956.0,967.072896
COST,2026-08-24 15:40:00+00:00,966.89,967.645,965.55,966.82,18308.0,1141.0,966.57408
COST,2026-08-24 15:45:00+00:00,966.82,966.98,965.57,966.73,10085.0,993.0,966.309894
COST,2026-08-24 15:50:00+00:00,966.705,968.13,966.36,968.13,17623.0,1474.0,967.200248
COST,2026-08-24 15:55:00+00:00,968.17,968.56,966.7,966.715,21186.0,1181.0,968.13397
COST,2026-08-24 16:00:00+00:00,966.58,968.0,966.2431,967.73,12856.0,1022.0,967.355738
COST,2026-08-24 16:05:00+00:00,967.71,967.71,966.33,966.877,7944.0,793.0,966.80844
COST,2026-08-24 16:10:00+00:00,966.72,969.49,966.72,968.6301,84460.0,1179.0,968.448561
COST,2026-08-24 16:15:00+00:00,968.21,968.92,967.635,967.76,8714.0,799.0,968.326804
COST,2026-08-24 16:20:00+00:00,967.79,967.9099,966.81,967.395,7671.0,841.0,967.519499
COST,2026-08-24 16:25:00+00:00,967.59,968.57,967.59,968.57,14317.0,937.0,967.952291
COST,2026-08-24 16:30:00+00:00,968.57,969.7,968.5,969.6,13379.0,1128.0,969.192013
COST,2026-08-24 16:35:00+00:00,969.35,969.8,968.89,969.27,9006.0,804.0,969.368074
COST,2026-08-24 16:40:00+00:00,969.19,969.5,968.92,969.3,7944.0,813.0,969.255177
COST,2026-08-24 16:45:00+00:00,969.255,969.39,968.5925,969.13,9805.0,1035.0,969.089959
COST,2026-08-24 16:50:00+00:00,969.08,969.92,968.92,969.625,9181.0,886.0,969.47732
COST,2026-08-24 16:55:00+00:00,969.4,970.08,969.185,969.185,20096.0,1440.0,969.881082
COST,2026-08-24 17:00:00+00:00,969.19,970.1699,969.0478,969.976,15731.0,1079.0,969.861267
COST,2026-08-24 17:05:00+00:00,969.945,970.5,969.75,970.02,13296.0,1203.0,970.091324
COST,2026-08-24 17:10:00+00:00,969.89,970.74,969.72,970.31,11310.0,1170.0,970.239256
COST,2026-08-24 17:15:00+00:00,970.205,970.645,969.99,970.54,9119.0,1036.0,970.319228
COST,2026-08-24 17:20:00+00:00,970.5764,970.99,970.4,970.76,14616.0,1194.0,970.760213
COST,2026-08-24 17:25:00+00:00,970.6,970.74,969.58,969.7,10635.0,911.0,970.290379
COST,2026-08-24 17:30:00+00:00,969.5701,970.0,969.1003,970.0,12093.0,988.0,969.536343
COST,2026-08-24 17:35:00+00:00,969.895,970.2999,969.5401,969.6575,8180.0,690.0,969.855968
COST,2026-08-24 17:40:00+00:00,969.72,970.4,969.59,969.855,11111.0,802.0,969.851011
COST,2026-08-24 17:45:00+00:00,969.855,970.02,968.925,969.77,17085.0,929.0,969.518596
COST,2026-08-24 17:50:00+00:00,969.82,969.82,967.9801,968.02,13163.0,757.0,968.681516
COST,2026-08-24 17:55:00+00:00,968.36,968.47,967.24,967.71,14931.0,2053.0,967.996461
COST,2026-08-24 18:00:00+00:00,967.69,967.69,966.3348,967.3,15306.0,814.0,967.183856
COST,2026-08-24 18:05:00+00:00,967.09,967.93,966.83,967.43,14727.0,871.0,967.459934
COST,2026-08-24 18:10:00+00:00,967.7346,968.15,967.38,968.005,10121.0,765.0,967.744674
COST,2026-08-24 18:15:00+00:00,967.91,967.91,967.19,967.48,5971.0,621.0,967.58914
COST,2026-08-24 18:20:00+00:00,967.61,967.78,966.92,966.92,7745.0,616.0,967.349241
COST,2026-08-24 18:25:00+00:00,966.9026,967.9,966.9026,967.9,7713.0,682.0,967.481907
COST,2026-08-24 18:30:00+00:00,968.22,968.95,967.69,968.95,12532.0,933.0,968.193653
COST,2026-08-24 18:35:00+00:00,968.64,968.64,967.382,967.67,9893.0,722.0,967.89389
COST,2026-08-24 18:40:00+00:00,967.7,967.92,967.34,967.5436,7952.0,656.0,967.656701
COST,2026-08-24 18:45:00+00:00,967.66,968.45,967.66,968.09,8195.0,755.0,968.044872
COST,2026-08-24 18:50:00+00:00,968.5,968.5,967.61,967.93,8171.0,601.0,967.918282
COST,2026-08-24 18:55:00+00:00,968.01,968.535,967.9501,968.535,11820.0,886.0,968.24482
COST,2026-08-24 19:00:00+00:00,968.48,968.7399,967.62,968.215,9170.0,757.0,968.14478
COST,2026-08-24 19:05:00+00:00,968.2,969.05,968.11,968.76,10875.0,726.0,968.798898
COST,2026-08-24 19:10:00+00:00,968.792,969.5,968.12,968.78,21047.0,902.0,968.891596
COST,2026-08-24 19:15:00+00:00,968.69,969.87,968.6801,969.73,13387.0,826.0,969.422337
COST,2026-08-24 19:20:00+00:00,969.835,970.29,969.5,970.29,17941.0,1217.0,969.873402
COST,2026-08-24 19:25:00+00:00,970.21,970.51,969.59,970.31,15438.0,1143.0,969.976338
COST,2026-08-24 19:30:00+00:00,970.315,971.8,969.665,971.8,23635.0,1468.0,970.88885
COST,2026-08-24 19:35:00+00:00,971.78,972.6,971.51,972.0,30472.0,1578.0,972.058852
COST,2026-08-24 19:40:00+00:00,971.94,973.55,971.695,973.44,36225.0,2081.0,972.563795
COST,2026-08-24 19:45:00+00:00,973.43,974.4947,972.39,972.65,46004.0,2396.0,973.608993
COST,2026-08-24 19:50:00+00:00,972.79,973.84,972.39,973.085,56577.0,3384.0,973.1716
COST,2026-08-24 19:55:00+00:00,972.91,973.015,970.26,971.39,144266.0,6882.0,971.582862
COST,2026-08-24 20:00:00+00:00,971.4,971.4,970.99,970.99,530835.0,236.0,971.39989
COST,2026-08-24 20:05:00+00:00,971.4,971.4,971.4,971.4,228.0,37.0,971.4
COST,2026-08-24 20:10:00+00:00,967.0,967.6572,967.0,967.6572,316.0,36.0,967.300434
COST,2026-08-24 20:15:00+00:00,970.0,970.0,969.99,969.99,223.0,18.0,969.995
COST,2026-08-24 20:20:00+00:00,970.0,970.0,968.7036,968.7036,198.0,14.0,969.108725
COST,2026-08-24 20:30:00+00:00,968.01,968.01,968.01,968.01,302.0,3.0,968.01
COST,2026-08-24 20:35:00+00:00,970.02,970.02,970.02,970.02,72.0,8.0,970.02
COST,2026-08-24 21:05:00+00:00,970.0,970.0,970.0,970.0,50.0,1.0,970.0
COST,2026-08-24 21:15:00+00:00,970.99,970.99,970.99,970.99,85.0,9.0,970.99
COST,2026-08-24 21:40:00+00:00,970.11,970.11,969.5,969.5,515.0,27.0,969.614
COST,2026-08-24 21:55:00+00:00,970.2,970.2,970.2,970.2,101.0,6.0,970.2
COST,2026-08-24 22:00:00+00:00,969.91,969.91,969.91,969.91,78.0,7.0,969.91
COST,2026-08-24 22:10:00+00:00,969.52,969.52,969.52,969.52,51.0,2.0,969.52
COST,2026-08-24 22:15:00+00:00,969.2812,969.2812,969.2812,969.2812,67.0,2.0,969.2812
COST,2026-08-24 22:25:00+00:00,969.49,969.7,969.49,969.7,199.0,12.0,969.591765
COST,2026-08-24 22:45:00+00:00,969.9899,969.9899,969.9899,969.9899,53.0,2.0,969.9899
COST,2026-08-24 22:50:00+00:00,969.8459,969.8459,969.1512,969.1512,153.0,5.0,969.614333
COST,2026-08-24 22:55:00+00:00,969.7,969.7,969.7,969.7,50.0,3.0,969.7
COST,2026-08-24 23:40:00+00:00,969.17,969.17,969.17,969.17,50.0,1.0,969.17
COST,2026-08-24 23:45:00+00:00,969.28,969.28,969.28,969.28,100.0,1.0,969.28
COST,2026-08-25 08:00:00+00:00,968.0,968.0,968.0,968.0,268.0,49.0,968.0
COST,2026-08-25 10:00:00+00:00,968.04,968.04,968.04,968.04,215.0,12.0,968.04
COST,2026-08-25 11:00:00+00:00,968.3689,968.3689,968.3689,968.3689,217.0,18.0,968.3689
COST,2026-08-25 11:05:00+00:00,968.62,968.62,968.62,968.62,67.0,6.0,968.62
COST,2026-08-25 11:10:00+00:00,968.0,968.0,968.0,968.0,55.0,1.0,968.0
COST,2026-08-25 11:15:00+00:00,969.0,969.0,969.0,969.0,164.0,14.0,969.0
COST,2026-08-25 11:20:00+00:00,970.0,970.0,970.0,970.0,103.0,2.0,970.0
COST,2026-08-25 11:30:00+00:00,968.5967,968.5967,968.5967,968.5967,120.0,1.0,968.5967
COST,2026-08-25 11:35:00+00:00,969.55,969.55,969.55,969.55,81.0,7.0,969.55
COST,2026-08-25 11:40:00+00:00,969.96,969.97,969.96,969.97,100.0,2.0,969.9659
COST,2026-08-25 11:45:00+00:00,969.69,969.69,969.69,969.69,80.0,2.0,969.69
COST,2026-08-25 12:15:00+00:00,969.0,969.0,969.0,969.0,112.0,6.0,969.0
COST,2026-08-25 12:25:00+00:00,968.58,968.58,968.06,968.4,302.0,22.0,968.285699
COST,2026-08-25 12:30:00+00:00,968.06,968.06,968.0,968.0,352.0,21.0,968.022315
COST,2026-08-25 12:35:00+00:00,968.02,968.02,968.0,968.0,613.0,10.0,968.001851
COST,2026-08-25 12:55:00+00:00,967.69,967.69,967.46,967.46,488.0,35.0,967.584868
COST,2026-08-25 13:00:00+00:00,967.465,967.465,967.465,967.465,52.0,3.0,967.465
COST,2026-08-25 13:05:00+00:00,967.4557,967.4557,967.0,967.0,202.0,28.0,967.22785
COST,2026-08-25 13:15:00+00:00,966.2,966.2,966.2,966.2,191.0,18.0,966.2
COST,2026-08-25 13:25:00+00:00,964.69,967.0,964.69,965.57,1562.0,57.0,966.310451
COST,2026-08-25 13:30:00+00:00,965.57,969.05,965.3894,968.55,36707.0,1792.0,966.850299
COST,2026-08-25 13:35:00+00:00,968.39,968.89,964.57,965.14,11839.0,924.0,966.361605
COST,2026-08-25 13:40:00+00:00,965.02,965.4899,963.5348,964.19,14370.0,1081.0,964.658258
COST,2026-08-25 13:45:00+00:00,964.25,967.75,964.19,967.585,13132.0,936.0,965.828597
COST,2026-08-25 13:50:00+00:00,966.91,967.115,965.03,966.805,8393.0,792.0,966.179249
COST,2026-08-25 13:55:00+00:00,966.89,967.6532,965.0,965.355,6332.0,692.0,966.130058
COST,2026-08-25 14:00:00+00:00,965.59,967.0,965.12,966.555,8956.0,857.0,965.991653
COST,2026-08-25 14:05:00+00:00,967.0,967.3999,965.645,966.8,5723.0,627.0,966.507837
COST,2026-08-25 14:10:00+00:00,966.715,966.98,963.05,964.195,23829.0,1221.0,964.14144
COST,2026-08-25 14:15:00+00:00,964.185,966.356,963.64,965.2306,8542.0,758.0,965.069142
COST,2026-08-25 14:20:00+00:00,965.62,967.76,965.1601,966.4501,12270.0,896.0,966.336687
COST,2026-08-25 14:25:00+00:00,966.24,966.395,964.75,964.81,4405.0,719.0,965.436969
COST,2026-08-25 14:30:00+00:00,965.23,965.35,963.5,964.05,14464.0,1452.0,964.416078
COST,2026-08-25 14:35:00+00:00,963.79,964.5298,963.37,963.87,6712.0,806.0,963.814762
COST,2026-08-25 14:40:00+00:00,963.98,965.64,963.98,965.1,9482.0,844.0,964.877063
COST,2026-08-25 14:45:00+00:00,964.97,965.7499,964.64,965.15,10054.0,761.0,965.07809
COST,2026-08-25 14:50:00+00:00,965.29,965.375,964.06,964.575,11742.0,885.0,964.604766
COST,2026-08-25 14:55:00+00:00,964.8,965.0,963.52,963.79,7900.0,675.0,964.259007
COST,2026-08-25 15:00:00+00:00,964.08,965.25,963.5,964.64,5837.0,692.0,964.407214
COST,2026-08-25 15:05:00+00:00,964.77,965.145,964.085,965.145,4573.0,644.0,964.668102
COST,2026-08-25 15:10:00+00:00,964.64,965.455,964.38,964.905,4915.0,576.0,964.983263
COST,2026-08-25 15:15:00+00:00,964.945,965.53,964.795,965.21,5577.0,613.0,965.138176
COST,2026-08-25 15:20:00+00:00,965.03,965.2701,964.5,964.745,4697.0,638.0,964.90065
COST,2026-08-25 15:25:00+00:00,964.95,965.075,964.335,964.335,6439.0,602.0,964.818703
COST,2026-08-25 15:30:00+00:00,964.19,964.773,963.8312,964.31,9506.0,701.0,964.3394
COST,2026-08-25 15:35:00+00:00,964.24,964.41,963.5,964.055,8512.0,738.0,963.989972
COST,2026-08-25 15:40:00+00:00,963.9,963.92,963.03,963.555,10833.0,810.0,963.474925
COST,2026-08-25 15:45:00+00:00,963.3101,964.0,961.7225,962.02,16172.0,919.0,962.750261
COST,2026-08-25 15:50:00+00:00,962.39,963.555,962.39,963.35,10199.0,972.0,963.167556
COST,2026-08-25 15:55:00+00:00,963.555,963.97,962.93,963.07,4566.0,575.0,963.264981
COST,2026-08-25 16:00:00+00:00,962.9686,962.9686,962.26,962.6,5898.0,555.0,962.704604
COST,2026-08-25 16:05:00+00:00,962.545,962.74,962.185,962.39,5312.0,531.0,962.488829
COST,2026-08-25 16:10:00+00:00,962.62,963.44,962.3,963.1,7964.0,689.0,962.852385
COST,2026-08-25 16:15:00+00:00,963.2525,963.4999,962.88,963.25,4195.0,459.0,963.153167
COST,2026-08-25 16:20:00+00:00,963.23,963.53,963.175,963.18,3595.0,424.0,963.310864
COST,2026-08-25 16:25:00+00:00,963.27,963.78,962.85,963.03,3858.0,396.0,963.108161
COST,2026-08-25 16:30:00+00:00,963.235,964.08,963.235,963.87,5910.0,443.0,963.77121
COST,2026-08-25 16:35:00+00:00,964.0625,964.5,963.86,964.09,3617.0,383.0,964.221934
COST,2026-08-25 16:40:00+00:00,964.205,964.25,963.67,963.95,2836.0,372.0,963.913284
COST,2026-08-25 16:45:00+00:00,964.1925,964.1925,963.63,963.96,2826.0,380.0,963.890986
COST,2026-08-25 16:50:00+00:00,963.85,964.67,963.74,964.465,4197.0,439.0,964.241083
COST,2026-08-25 16:55:00+00:00,964.27,964.27,963.5,963.72,4121.0,424.0,963.753467
COST,2026-08-25 17:00:00+00:00,963.65,963.65,962.4375,962.4375,5478.0,475.0,962.839872
COST,2026-08-25 17:05:00+00:00,962.425,962.425,960.89,961.63,24508.0,839.0,961.449692
COST,2026-08-25 17:10:00+00:00,961.47,962.4,961.4,962.055,7065.0,432.0,962.121784
COST,2026-08-25 17:15:00+00:00,962.04,962.4,961.78,962.13,5019.0,441.0,962.030595
COST,2026-08-25 17:20:00+00:00,962.2,962.21,960.88,961.0,5021.0,415.0,961.532492
COST,2026-08-25 17:25:00+00:00,960.785,960.785,959.89,960.19,9514.0,762.0,960.227921
COST,2026-08-25 17:30:00+00:00,960.07,960.74,960.07,960.48,7553.0,564.0,960.390176
COST,2026-08-25 17:35:00+00:00,960.55,961.72,960.55,961.6375,6529.0,503.0,961.38311
COST,2026-08-25 17:40:00+00:00,961.51,962.37,961.51,962.365,5413.0,489.0,961.982989
COST,2026-08-25 17:45:00+00:00,962.3327,962.6,962.16,962.16,6424.0,569.0,962.349271
COST,2026-08-25 17:50:00+00:00,962.2775,962.6,962.27,962.37,4155.0,1201.0,962.433552
COST,2026-08-25 17:55:00+00:00,962.36,962.69,962.17,962.41,4779.0,468.0,962.476517
COST,2026-08-25 18:00:00+00:00,962.57,962.57,961.6701,962.375,3878.0,559.0,962.212269
COST,2026-08-25 18:05:00+00:00,962.73,963.3,962.3853,963.12,5370.0,556.0,962.89717
COST,2026-08-25 18:10:00+00:00,962.93,963.32,962.93,963.19,4006.0,451.0,963.110604
COST,2026-08-25 18:15:00+00:00,962.99,963.92,962.93,963.24,6757.0,530.0,963.463066
COST,2026-08-25 18:20:00+00:00,963.15,963.33,963.03,963.33,6925.0,601.0,963.199081
COST,2026-08-25 18:25:00+00:00,963.49,963.5,963.11,963.345,4698.0,493.0,963.342314
COST,2026-08-25 18:30:00+00:00,963.47,963.62,962.88,963.43,6423.0,596.0,963.290773
COST,2026-08-25 18:35:00+00:00,963.44,963.59,963.26,963.4,7948.0,539.0,963.411808
COST,2026-08-25 18:40:00+00:00,963.47,963.63,963.19,963.27,6196.0,560.0,963.408931
COST,2026-08-25 18:45:00+00:00,963.12,963.12,962.54,962.87,7284.0,587.0,962.73375
COST,2026-08-25 18:50:00+00:00,962.76,962.97,962.58,962.97,6187.0,498.0,962.782569
COST,2026-08-25 18:55:00+00:00,963.09,963.14,962.66,962.9724,6118.0,591.0,962.934131
COST,2026-08-25 19:00:00+00:00,962.985,963.16,962.51,962.65,6714.0,563.0,962.742367
COST,2026-08-25 19:05:00+00:00,962.5,962.59,961.91,962.06,8301.0,675.0,962.262536
COST,2026-08-25 19:10:00+00:00,962.06,962.22,961.8,962.1075,9200.0,613.0,961.974734
COST,2026-08-25 19:15:00+00:00,962.16,962.68,961.91,962.17,7785.0,704.0,962.263551
COST,2026-08-25 19:20:00+00:00,962.35,962.53,961.74,961.84,8185.0,687.0,962.080369
COST,2026-08-25 19:25:00+00:00,961.7642,962.06,961.24,961.36,6815.0,702.0,961.726606
COST,2026-08-25 19:30:00+00:00,961.1,961.89,961.0,961.34,11303.0,867.0,961.452257
COST,2026-08-25 19:35:00+00:00,961.255,961.37,960.76,961.1,11467.0,910.0,961.076942
COST,2026-08-25 19:40:00+00:00,961.19,961.62,960.75,961.295,13797.0,999.0,961.050805
COST,2026-08-25 19:45:00+00:00,961.295,961.44,960.33,960.875,16204.0,1229.0,960.812511
COST,2026-08-25 19:50:00+00:00,961.05,962.1096,960.34,961.76,27208.0,1947.0,961.149342
COST,2026-08-25 19:55:00+00:00,961.59,961.89,959.91,960.01,102781.0,4919.0,960.499605
COST,2026-08-25 20:00:00+00:00,960.01,960.5253,959.89,959.89,464177.0,309.0,960.009743
COST,2026-08-25 20:05:00+00:00,960.25,960.25,960.25,960.25,976.0,32.0,960.25
COST,2026-08-25 20:15:00+00:00,960.01,960.01,960.01,960.01,51549.0,18.0,960.01
COST,2026-08-25 20:25:00+00:00,961.1637,961.1637,961.1637,961.1637,103.0,4.0,961.1637
COST,2026-08-25 20:30:00+00:00,961.21,961.22,961.16,961.16,501.0,10.0,961.181759
COST,2026-08-25 20:35:00+00:00,961.8,961.8,961.8,961.8,40.0,1.0,961.8
COST,2026-08-25 21:10:00+00:00,961.8813,961.8813,961.8813,961.8813,155.0,8.0,961.8813
COST,2026-08-25 21:30:00+00:00,961.34,961.34,961.3,961.3,201.0,7.0,961.328571
COST,2026-08-25 22:25:00+00:00,962.3109,962.3109,962.3109,962.3109,45.0,1.0,962.3109
COST,2026-08-25 22:40:00+00:00,962.0,962.0,962.0,962.0,45.0,1.0,962.0
COST,2026-08-25 23:20:00+00:00,961.28,961.28,961.28,961.28,82.0,7.0,961.28
COST,2026-08-26 08:00:00+00:00,961.0,961.0,961.0,961.0,134.0,28.0,961.0
COST,2026-08-26 09:20:00+00:00,961.0,961.0,961.0,961.0,539.0,16.0,961.0
COST,2026-08-26 12:30:00+00:00,961.5112,961.5112,961.5112,961.5112,61.0,3.0,961.5112
COST,2026-08-26 12:35:00+00:00,961.77,961.77,961.67,961.67,464.0,24.0,961.69849
COST,2026-08-26 12:45:00+00:00,963.5,963.5,963.5,963.5,254.0,5.0,963.5
COST,2026-08-26 13:20:00+00:00,963.95,964.56,963.95,964.56,488.0,26.0,964.423784
COST,2026-08-26 13:30:00+00:00,960.62,964.45,960.01,963.17,25452.0,1343.0,960.86473
COST,2026-08-26 13:35:00+00:00,963.19,963.84,959.5,959.74,8534.0,926.0,961.249135
COST,2026-08-26 13:40:00+00:00,959.682,960.44,957.0,959.0,17400.0,1226.0,958.530196
COST,2026-08-26 13:45:00+00:00,959.9,960.92,959.22,960.55,7681.0,692.0,960.101481
COST,2026-08-26 13:50:00+00:00,960.5,961.8899,960.01,961.8899,14810.0,863.0,960.819171
COST,2026-08-26 13:55:00+00:00,960.91,961.5842,959.23,959.805,17879.0,783.0,960.300338
COST,2026-08-26 14:00:00+00:00,959.26,960.0,958.03,959.02,11396.0,940.0,958.773042
COST,2026-08-26 14:05:00+00:00,959.235,959.87,958.6,959.32,11897.0,777.0,959.166864
COST,2026-08-26 14:10:00+00:00,959.32,960.97,959.29,960.02,14996.0,904.0,960.066757
COST,2026-08-26 14:15:00+00:00,960.31,960.83,959.56,960.17,15954.0,928.0,960.390116
COST,2026-08-26 14:20:00+00:00,960.32,960.6399,958.77,959.49,11237.0,851.0,959.802723
COST,2026-08-26 14:25:00+00:00,959.195,959.45,956.88,957.1,14052.0,1172.0,957.765213
COST,2026-08-26 14:30:00+00:00,956.75,957.39,956.25,956.33,13526.0,1015.0,956.881356
COST,2026-08-26 14:35:00+00:00,956.175,956.74,955.43,956.17,8809.0,886.0,956.083383
COST,2026-08-26 14:40:00+00:00,955.46,955.9961,955.38,955.38,4766.0,661.0,955.645319
COST,2026-08-26 14:45:00+00:00,955.435,956.38,955.15,956.295,9699.0,778.0,955.814866
COST,2026-08-26 14:50:00+00:00,956.015,956.56,956.015,956.32,4868.0,602.0,956.350121
COST,2026-08-26 14:55:00+00:00,956.065,956.2393,955.58,955.81,4300.0,656.0,955.879297
COST,2026-08-26 15:00:00+00:00,956.065,957.01,955.19,955.19,8548.0,875.0,956.555179
COST,2026-08-26 15:05:00+00:00,955.5,956.3025,955.42,955.63,6651.0,678.0,955.815427
COST,2026-08-26 15:10:00+00:00,955.7068,956.03,955.11,955.11,3959.0,546.0,955.656641
COST,2026-08-26 15:15:00+00:00,955.38,955.6,954.5355,954.95,11201.0,895.0,955.01756
COST,2026-08-26 15:20:00+00:00,955.14,955.84,954.9,955.5999,7306.0,806.0,955.366202
COST,2026-08-26 15:25:00+00:00,955.565,957.195,955.205,956.65,6422.0,633.0,956.359129
COST,2026-08-26 15:30:00+00:00,956.46,957.2525,956.4,956.6,6599.0,678.0,956.838926
COST,2026-08-26 15:35:00+00:00,956.745,957.0,956.36,956.425,7615.0,609.0,956.547383
COST,2026-08-26 15:40:00+00:00,956.6,957.7,956.48,957.7,6680.0,560.0,956.837444
COST,2026-08-26 15:45:00+00:00,957.89,958.58,957.46,958.425,7747.0,563.0,957.828024
COST,2026-08-26 15:50:00+00:00,958.425,959.53,958.42,959.415,7308.0,758.0,958.869606
COST,2026-08-26 15:55:00+00:00,959.75,959.82,958.66,958.705,6176.0,638.0,959.288919
COST,2026-08-26 16:00:00+00:00,958.69,959.34,958.17,958.5,6565.0,700.0,958.670791
COST,2026-08-26 16:05:00+00:00,958.28,959.15,958.17,958.89,5627.0,582.0,958.790926
COST,2026-08-26 16:10:00+00:00,958.955,959.33,958.22,959.33,6560.0,663.0,958.783088
COST,2026-08-26 16:15:00+00:00,959.32,959.39,958.5,958.5,6005.0,538.0,959.081044
COST,2026-08-26 16:20:00+00:00,958.495,958.495,957.7,958.14,6402.0,509.0,957.992374
COST,2026-08-26 16:25:00+00:00,958.34,958.52,958.03,958.295,5653.0,416.0,958.245948
COST,2026-08-26 16:30:00+00:00,958.295,959.165,958.295,959.165,4422.0,479.0,958.732394
COST,2026-08-26 16:35:00+00:00,958.96,959.65,958.21,958.601,5637.0,580.0,958.84874
COST,2026-08-26 16:40:00+00:00,958.11,958.46,957.69,957.895,4561.0,389.0,958.147081
COST,2026-08-26 16:45:00+00:00,957.855,959.015,957.8075,958.42,15892.0,611.0,958.498764
COST,2026-08-26 16:50:00+00:00,959.2599,959.2599,958.26,958.26,5732.0,471.0,958.695636
COST,2026-08-26 16:55:00+00:00,958.11,958.6999,957.8439,958.6599,6994.0,618.0,958.235607
COST,2026-08-26 17:00:00+00:00,958.56,958.79,957.98,958.69,4847.0,472.0,958.362963
COST,2026-08-26 17:05:00+00:00,958.69,959.04,958.2501,958.89,3173.0,481.0,958.715976
COST,2026-08-26 17:10:00+00:00,958.89,958.99,958.16,958.48,5886.0,509.0,958.581611
COST,2026-08-26 17:15:00+00:00,958.21,958.31,957.6977,958.245,3981.0,460.0,958.077031
COST,2026-08-26 17:20:00+00:00,958.325,958.87,957.92,958.87,6933.0,552.0,958.38949
COST,2026-08-26 17:25:00+00:00,958.885,958.975,958.38,958.41,2944.0,367.0,958.65771
COST,2026-08-26 17:30:00+00:00,957.7201,958.91,957.7201,958.91,3148.0,433.0,958.511117
COST,2026-08-26 17:35:00+00:00,958.4619,959.0,958.38,958.65,4352.0,434.0,958.764084
COST,2026-08-26 17:40:00+00:00,958.65,958.8699,958.36,958.45,2248.0,245.0,958.638886
COST,2026-08-26 17:45:00+00:00,958.51,959.09,958.32,959.01,3492.0,409.0,958.685409
COST,2026-08-26 17:50:00+00:00,958.68,959.02,958.54,959.01,4457.0,1142.0,958.749364
COST,2026-08-26 17:55:00+00:00,959.015,959.235,958.97,959.18,2964.0,327.0,959.065171
COST,2026-08-26 18:00:00+00:00,958.99,958.99,958.33,958.37,5952.0,574.0,958.588478
COST,2026-08-26 18:05:00+00:00,958.54,958.61,957.855,957.855,7657.0,534.0,958.273429
COST,2026-08-26 18:10:00+00:00,957.93,958.0863,957.49,957.49,5623.0,477.0,957.845359
COST,2026-08-26 18:15:00+00:00,957.46,957.76,956.6412,956.71,7498.0,555.0,957.042684
COST,2026-08-26 18:20:00+00:00,956.61,957.2399,956.295,956.34,6141.0,509.0,956.701293
COST,2026-08-26 18:25:00+00:00,956.17,957.1599,956.17,956.96,6398.0,552.0,956.608161
COST,2026-08-26 18:30:00+00:00,956.91,957.09,956.47,957.0,8789.0,548.0,956.826594
COST,2026-08-26 18:35:00+00:00,957.07,957.07,956.22,956.6,6977.0,569.0,956.650121
COST,2026-08-26 18:40:00+00:00,956.61,957.24,956.61,956.75,10097.0,650.0,956.884797
COST,2026-08-26 18:45:00+00:00,956.6994,957.13,956.5319,957.03,7319.0,566.0,956.924184
COST,2026-08-26 18:50:00+00:00,957.14,957.47,957.01,957.26,10064.0,546.0,957.211038
COST,2026-08-26 18:55:00+00:00,957.48,957.92,957.19,957.62,6111.0,505.0,957.409936
COST,2026-08-26 19:00:00+00:00,957.555,958.06,957.335,958.04,6825.0,605.0,957.683603
COST,2026-08-26 19:05:00+00:00,958.04,958.49,957.595,957.98,9158.0,583.0,958.052866
COST,2026-08-26 19:10:00+00:00,958.175,959.215,957.83,958.79,8456.0,604.0,958.412177
COST,2026-08-26 19:15:00+00:00,958.79,959.37,958.72,959.29,6063.0,598.0,959.143503
COST,2026-08-26 19:20:00+00:00,959.175,959.78,959.04,959.07,8020.0,689.0,959.462597
COST,2026-08-26 19:25:00+00:00,959.3236,959.42,958.92,959.42,8203.0,769.0,959.176104
COST,2026-08-26 19:30:00+00:00,959.5,959.5,958.78,958.85,7314.0,718.0,959.127643
COST,2026-08-26 19:35:00+00:00,958.79,959.261,958.2396,959.14,11364.0,896.0,958.786889
COST,2026-08-26 19:40:00+00:00,959.2125,959.225,958.71,958.71,50982.0,804.0,959.045256
COST,2026-08-26 19:45:00+00:00,958.725,959.16,958.315,958.6905,14311.0,885.0,958.720198
COST,2026-08-26 19:50:00+00:00,958.855,960.0,958.02,959.36,30759.0,2133.0,959.03381
COST,2026-08-26 19:55:00+00:00,959.03,959.03,956.03,956.11,74421.0,4143.0,956.642777
COST,2026-08-26 20:00:00+00:00,956.12,956.3,956.12,956.3,447353.0,130.0,956.120048
COST,2026-08-26 20:15:00+00:00,957.02,957.02,957.02,957.02,106.0,11.0,957.02
COST,2026-08-26 20:40:00+00:00,957.83,957.88,957.83,957.88,182.0,7.0,957.844286
COST,2026-08-26 21:00:00+00:00,957.0,957.0,955.31,955.31,1203.0,96.0,956.903429
COST,2026-08-26 21:05:00+00:00,955.0,955.0,955.0,955.0,194.0,19.0,955.0
COST,2026-08-26 21:10:00+00:00,953.0,953.0,953.0,953.0,117.0,6.0,953.0
COST,2026-08-26 21:15:00+00:00,954.3151,954.3151,954.3151,954.3151,54.0,5.0,954.3151
COST,2026-08-26 21:20:00+00:00,954.0,954.0,953.58,953.58,894.0,36.0,953.949767
COST,2026-08-26 21:45:00+00:00,954.06,954.3,954.06,954.3,180.0,10.0,954.193878
COST,2026-08-26 22:05:00+00:00,955.99,955.99,955.99,955.99,43.0,2.0,955.99
COST,2026-08-26 22:10:00+00:00,955.0,955.0,955.0,955.0,106.0,4.0,955.0
COST,2026-08-26 22:30:00+00:00,954.95,954.95,954.95,954.95,202.0,3.0,954.95
COST,2026-08-26 23:55:00+00:00,954.94,954.94,954.94,954.94,93.0,9.0,954.94
COST,2026-08-27 08:00:00+00:00,953.28,954.0,950.0,950.0,2759.0,470.0,953.482423
COST,2026-08-27 08:15:00+00:00,948.0,948.0,948.0,948.0,161.0,17.0,948.0
COST,2026-08-27 09:15:00+00:00,946.4,946.4,946.4,946.4,113.0,15.0,946.4
COST,2026-08-27 09:25:00+00:00,946.0,946.0,946.0,946.0,130.0,10.0,946.0
COST,2026-08-27 10:50:00+00:00,946.82,946.82,946.82,946.82,262.0,19.0,946.82
COST,2026-08-27 11:00:00+00:00,947.0,947.6816,946.5,946.5,1025.0,126.0,946.797947
COST,2026-08-27 11:05:00+00:00,946.94,946.94,946.94,946.94,118.0,12.0,946.94
COST,2026-08-27 11:10:00+00:00,947.0,947.0,947.0,947.0,404.0,40.0,947.0
COST,2026-08-27 11:15:00+00:00,947.74,947.74,947.69,947.74,1255.0,33.0,947.701209
COST,2026-08-27 11:20:00+00:00,948.0,948.0,948.0,948.0,673.0,26.0,948.0
COST,2026-08-27 11:25:00+00:00,949.0,949.0,948.06,948.06,187.0,12.0,948.373333
COST,2026-08-27 11:30:00+00:00,951.0,951.0,951.0,951.0,156.0,11.0,951.0
COST,2026-08-27 11:35:00+00:00,948.4174,948.4174,948.4174,948.4174,68.0,10.0,948.4174
COST,2026-08-27 11:45:00+00:00,949.6,949.6,949.6,949.6,76.0,4.0,949.6
COST,2026-08-27 12:00:00+00:00,949.0,949.0,948.94,948.94,127.0,6.0,948.97
COST,2026-08-27 12:15:00+00:00,948.4,950.597,948.4,950.597,302.0,18.0,949.11978
COST,2026-08-27 12:20:00+00:00,948.99,949.0,948.4,948.4,595.0,23.0,948.499242
COST,2026-08-27 12:35:00+00:00,948.01,948.01,948.0,948.0,496.0,51.0,948.001667
COST,2026-08-27 12:40:00+00:00,947.11,947.11,947.11,947.11,64.0,3.0,947.11
COST,2026-08-27 12:50:00+00:00,947.5,947.5,947.5,947.5,110.0,4.0,947.5
COST,2026-08-27 12:55:00+00:00,948.5,948.5,947.14,947.5,353.0,27.0,947.984252
COST,2026-08-27 13:05:00+00:00,948.7,948.7,947.5,947.5,224.0,22.0,948.333333
COST,2026-08-27 13:15:00+00:00,947.05,947.05,946.5,946.5,512.0,79.0,946.875
COST,2026-08-27 13:20:00+00:00,946.5,946.5,946.5,946.5,171.0,30.0,946.5
COST,2026-08-27 13:25:00+00:00,946.5,946.5,946.5,946.5,65.0,6.0,946.5
COST,2026-08-27 13:30:00+00:00,947.42,948.3,945.5,947.56,36404.0,1862.0,947.021986
COST,2026-08-27 13:35:00+00:00,947.5,948.85,946.21,947.0,23662.0,1239.0,947.623245
COST,2026-08-27 13:40:00+00:00,947.02,947.3334,945.58,946.795,18060.0,1265.0,946.633383
COST,2026-08-27 13:45:00+00:00,946.15,947.7374,945.915,947.7,17437.0,1222.0,946.772664
COST,2026-08-27 13:50:00+00:00,946.9,947.27,944.38,946.0,28698.0,1650.0,945.4503
COST,2026-08-27 13:55:00+00:00,946.1,946.3,944.29,944.5,19268.0,1182.0,945.335948
COST,2026-08-27 14:00:00+00:00,944.33,945.415,944.15,945.205,13729.0,995.0,944.831322
COST,2026-08-27 14:05:00+00:00,944.8,944.8,942.49,942.49,27745.0,1703.0,943.32241
COST,2026-08-27 14:10:00+00:00,942.56,942.56,941.32,942.29,22712.0,1558.0,941.94748
COST,2026-08-27 14:15:00+00:00,942.29,942.49,941.31,942.17,25800.0,1468.0,941.815287
COST,2026-08-27 14:20:00+00:00,942.15,944.54,941.7,943.71,20000.0,1134.0,943.081213
COST,2026-08-27 14:25:00+00:00,943.71,943.73,941.5,941.5101,15815.0,1188.0,942.488841
COST,2026-08-27 14:30:00+00:00,941.75,943.54,941.32,943.08,12706.0,1248.0,942.718073
COST,2026-08-27 14:35:00+00:00,943.175,943.285,941.5,941.88,15178.0,1167.0,942.14824
COST,2026-08-27 14:40:00+00:00,942.01,942.01,940.25,941.235,28535.0,1773.0,940.889849
COST,2026-08-27 14:45:00+00:00,941.0,941.75,940.2,940.2,12112.0,1045.0,940.868271
COST,2026-08-27 14:50:00+00:00,940.355,940.865,939.55,939.822,28235.0,2054.0,940.285463
COST,2026-08-27 14:55:00+00:00,939.55,939.68,938.5,939.15,19621.0,1595.0,939.022172
COST,2026-08-27 15:00:00+00:00,939.2999,940.9226,939.2999,940.75,18031.0,1144.0,940.19121
COST,2026-08-27 15:05:00+00:00,940.8715,941.2,940.065,940.925,8734.0,891.0,940.822345
COST,2026-08-27 15:10:00+00:00,940.96,942.59,940.96,942.585,11975.0,1027.0,941.892657
COST,2026-08-27 15:15:00+00:00,942.595,943.0,942.05,942.63,13598.0,978.0,942.55712
COST,2026-08-27 15:20:00+00:00,942.5701,944.62,942.5701,944.25,15784.0,1104.0,943.648913
COST,2026-08-27 15:25:00+00:00,944.51,944.51,940.59,940.93,29207.0,1115.0,943.576107
COST,2026-08-27 15:30:00+00:00,940.83,942.03,940.83,941.71,7364.0,826.0,941.5264
COST,2026-08-27 15:35:00+00:00,941.555,941.8555,941.22,941.27,6748.0,749.0,941.425559
COST,2026-08-27 15:40:00+00:00,941.43,942.8225,941.27,942.7,5424.0,756.0,942.101915
COST,2026-08-27 15:45:00+00:00,942.65,943.0,942.45,942.565,7957.0,772.0,942.777704
COST,2026-08-27 15:50:00+00:00,942.73,942.83,942.12,942.12,8138.0,881.0,942.527493
COST,2026-08-27 15:55:00+00:00,942.15,942.338,941.776,942.13,8136.0,767.0,942.087863
COST,2026-08-27 16:00:00+00:00,941.905,941.905,940.3801,940.875,11163.0,972.0,941.145992
COST,2026-08-27 16:05:00+00:00,940.65,941.0,940.195,940.7999,14951.0,991.0,940.588679
COST,2026-08-27 16:10:00+00:00,940.415,940.835,940.11,940.645,10520.0,793.0,940.573108
COST,2026-08-27 16:15:00+00:00,940.6625,940.94,940.21,940.5,8762.0,649.0,940.6995
COST,2026-08-27 16:20:00+00:00,940.52,940.61,939.815,940.0325,15460.0,1085.0,940.091066
COST,2026-08-27 16:25:00+00:00,940.08,940.14,939.45,939.62,14744.0,871.0,939.636735
COST,2026-08-27 16:30:00+00:00,939.57,939.7155,938.38,938.3801,18572.0,1291.0,939.041434
COST,2026-08-27 16:35:00+00:00,938.58,939.3199,938.26,938.815,10800.0,843.0,938.626767
COST,2026-08-27 16:40:00+00:00,938.95,939.485,938.5501,939.29,7759.0,692.0,939.103691
COST,2026-08-27 16:45:00+00:00,939.19,940.4,939.16,940.32,11946.0,682.0,939.77152
COST,2026-08-27 16:50:00+00:00,940.405,941.28,940.405,941.175,12213.0,730.0,940.97345
COST,2026-08-27 16:55:00+00:00,941.04,941.11,940.425,940.94,13204.0,612.0,940.717897
COST,2026-08-27 17:00:00+00:00,941.04,941.22,940.68,940.685,6610.0,591.0,940.947297
COST,2026-08-27 17:05:00+00:00,940.56,941.08,940.39,940.88,10792.0,659.0,940.747728
COST,2026-08-27 17:10:00+00:00,940.98,940.98,940.4,940.4786,7212.0,673.0,940.601494
COST,2026-08-27 17:15:00+00:00,940.565,940.86,940.51,940.555,7194.0,638.0,940.695165
COST,2026-08-27 17:20:00+00:00,940.4,940.75,940.0,940.63,7650.0,626.0,940.449908
COST,2026-08-27 17:25:00+00:00,940.53,941.2,940.45,941.17,10627.0,688.0,940.913651
COST,2026-08-27 17:30:00+00:00,941.19,941.2,940.1864,940.29,11316.0,834.0,940.521346
COST,2026-08-27 17:35:00+00:00,940.29,940.52,940.1,940.225,8571.0,643.0,940.292939
COST,2026-08-27 17:40:00+00:00,940.21,942.1,940.21,941.5962,11415.0,643.0,941.268681
COST,2026-08-27 17:45:00+00:00,941.59,942.36,941.51,941.52,12583.0,709.0,941.850314
COST,2026-08-27 17:50:00+00:00,941.45,941.8961,941.14,941.24,8652.0,1180.0,941.533219
COST,2026-08-27 17:55:00+00:00,941.34,942.29,941.25,942.275,6250.0,528.0,941.714002
COST,2026-08-27 18:00:00+00:00,942.45,942.45,941.5,941.9407,6437.0,569.0,941.712432
COST,2026-08-27 18:05:00+00:00,941.97,942.53,941.58,942.31,7444.0,620.0,942.137002
COST,2026-08-27 18:10:00+00:00,942.27,942.55,941.6744,942.01,10606.0,650.0,942.187481
COST,2026-08-27 18:15:00+00:00,941.7801,942.22,941.77,941.925,7547.0,623.0,941.980517
COST,2026-08-27 18:20:00+00:00,941.92,941.92,939.35,939.35,22738.0,1192.0,940.381025
COST,2026-08-27 18:25:00+00:00,939.435,940.08,939.22,939.69,12531.0,764.0,939.615545
COST,2026-08-27 18:30:00+00:00,939.96,939.96,938.806,939.39,17137.0,1037.0,939.210829
COST,2026-08-27 18:35:00+00:00,939.17,939.29,938.38,938.67,13801.0,926.0,938.779034
COST,2026-08-27 18:40:00+00:00,938.67,938.82,937.95,937.955,19884.0,1471.0,938.184102
COST,2026-08-27 18:45:00+00:00,937.955,938.4,937.61,938.22,13066.0,998.0,937.977184
COST,2026-08-27 18:50:00+00:00,938.175,938.98,938.175,938.25,10538.0,779.0,938.633089
COST,2026-08-27 18:55:00+00:00,938.1975,938.35,937.785,938.18,16895.0,880.0,938.004124
COST,2026-08-27 19:00:00+00:00,938.22,939.03,937.9867,938.6,19517.0,1039.0,938.680494
COST,2026-08-27 19:05:00+00:00,938.51,938.84,938.08,938.195,9770.0,808.0,938.471541
COST,2026-08-27 19:10:00+00:00,938.19,938.4,938.0,938.33,16031.0,1021.0,938.138663
COST,2026-08-27 19:15:00+00:00,938.135,938.2199,937.69,937.705,13182.0,1131.0,937.97869
COST,2026-08-27 19:20:00+00:00,937.83,937.8799,937.0,937.47,20105.0,1399.0,937.397914
COST,2026-08-27 19:25:00+00:00,937.49,937.72,937.07,937.22,12817.0,1044.0,937.353366
COST,2026-08-27 19:30:00+00:00,937.24,937.42,936.05,936.33,32050.0,1912.0,936.687052
COST,2026-08-27 19:35:00+00:00,936.41,936.72,936.07,936.17,23914.0,1587.0,936.338278
COST,2026-08-27 19:40:00+00:00,936.105,936.82,935.94,936.24,29039.0,1849.0,936.221068
COST,2026-08-27 19:45:00+00:00,936.22,936.3925,934.6001,934.83,42566.0,2996.0,935.362815
COST,2026-08-27 19:50:00+00:00,934.98,935.36,933.25,934.16,60119.0,3997.0,933.868506
COST,2026-08-27 19:55:00+00:00,934.26,935.23,933.595,934.66,123801.0,6168.0,934.247785
COST,2026-08-27 20:00:00+00:00,934.66,936.0,934.66,935.6175,517204.0,241.0,934.660836
COST,2026-08-27 20:05:00+00:00,935.26,935.75,935.26,935.65,4279.0,114.0,935.593752
COST,2026-08-27 20:10:00+00:00,935.6,935.6,935.6,935.6,223.0,10.0,935.6
COST,2026-08-27 20:15:00+00:00,935.7442,936.2,934.66,934.66,768.0,89.0,935.169095
COST,2026-08-27 20:25:00+00:00,936.1991,936.1991,936.1991,936.1991,63.0,10.0,936.1991
COST,2026-08-27 20:30:00+00:00,936.1,936.1,934.66,936.1,52543.0,42.0,934.663531
COST,2026-08-27 20:35:00+00:00,934.66,936.15,934.66,936.15,73994.0,47.0,934.666619
COST,2026-08-27 20:40:00+00:00,936.14,936.2535,936.07,936.2535,552.0,84.0,936.168138
COST,2026-08-27 20:45:00+00:00,936.3,936.4056,936.3,936.4056,375.0,39.0,936.359661
COST,2026-08-27 20:50:00+00:00,936.39,936.39,936.39,936.39,107.0,6.0,936.39
COST,2026-08-27 21:00:00+00:00,936.35,936.35,936.35,936.35,309.0,11.0,936.35
COST,2026-08-27 21:10:00+00:00,936.48,936.48,936.48,936.48,105.0,10.0,936.48
COST,2026-08-27 21:30:00+00:00,936.64,936.64,936.64,936.64,435.0,17.0,936.64
COST,2026-08-27 21:35:00+00:00,936.49,936.49,936.49,936.49,201.0,2.0,936.49
COST,2026-08-27 21:40:00+00:00,936.7,936.98,936.4899,936.98,1279.0,43.0,936.699439
COST,2026-08-27 21:45:00+00:00,937.0,937.0,936.94,936.94,200.0,31.0,936.973034
COST,2026-08-27 21:50:00+00:00,937.0,937.0,937.0,937.0,168.0,8.0,937.0
COST,2026-08-27 22:00:00+00:00,936.67,936.67,936.67,936.67,42.0,3.0,936.67
COST,2026-08-27 22:05:00+00:00,937.0,937.0,937.0,937.0,358.0,8.0,937.0
COST,2026-08-27 22:25:00+00:00,937.0,937.0,937.0,937.0,56.0,3.0,937.0
COST,2026-08-27 22:30:00+00:00,937.0,937.0,937.0,937.0,74.0,6.0,937.0
COST,2026-08-27 22:40:00+00:00,937.0,937.0,937.0,937.0,191.0,10.0,937.0
COST,2026-08-27 22:50:00+00:00,937.66,937.66,937.0,937.0,185.0,12.0,937.22
COST,2026-08-27 23:20:00+00:00,937.78,937.78,937.78,937.78,126.0,7.0,937.78
COST,2026-08-27 23:30:00+00:00,937.77,937.77,937.77,937.77,45.0,6.0,937.77
COST,2026-08-27 23:45:00+00:00,937.77,938.0,937.77,937.989,444.0,26.0,937.822952
COST,2026-08-27 23:55:00+00:00,938.42,938.42,938.29,938.29,188.0,11.0,938.355657
COST,2026-08-28 08:00:00+00:00,941.4,941.52,941.26,941.52,500.0,83.0,941.361944
COST,2026-08-28 09:55:00+00:00,940.99,940.99,940.99,940.99,100.0,4.0,940.99
COST,2026-08-28 11:00:00+00:00,940.0,940.0,939.57,939.57,339.0,36.0,939.735385
COST,2026-08-28 11:05:00+00:00,939.0,939.07,939.0,939.07,187.0,11.0,939.021724
COST,2026-08-28 11:10:00+00:00,938.86,938.86,938.8,938.8,1004.0,42.0,938.830568
COST,2026-08-28 11:35:00+00:00,938.64,938.64,938.64,938.64,66.0,5.0,938.64
COST,2026-08-28 11:50:00+00:00,939.8,939.8,939.8,939.8,276.0,13.0,939.8
COST,2026-08-28 12:05:00+00:00,939.7,939.7,939.7,939.7,44.0,4.0,939.7
COST,2026-08-28 12:10:00+00:00,939.7,940.0,939.7,939.8,871.0,33.0,939.831579
COST,2026-08-28 12:20:00+00:00,939.77,940.25,939.77,939.87,566.0,20.0,939.953933
COST,2026-08-28 12:30:00+00:00,940.3347,940.3347,939.99,939.99,123.0,10.0,940.16235
COST,2026-08-28 12:35:00+00:00,940.4664,940.4664,940.4664,940.4664,67.0,4.0,940.4664
COST,2026-08-28 12:40:00+00:00,939.8331,939.8331,939.8331,939.8331,53.0,3.0,939.8331
COST,2026-08-28 12:45:00+00:00,939.65,939.7,938.56,939.7,411.0,28.0,939.339504
COST,2026-08-28 13:00:00+00:00,940.05,940.05,940.05,940.05,150.0,15.0,940.05
COST,2026-08-28 13:20:00+00:00,940.0,940.0,940.0,940.0,207.0,16.0,940.0
COST,2026-08-28 13:25:00+00:00,939.5,940.9,937.01,940.9,1866.0,159.0,940.207478
COST,2026-08-28 13:30:00+00:00,938.935,940.88,937.11,939.84,42338.0,1819.0,939.674604
COST,2026-08-28 13:35:00+00:00,939.77,942.14,938.9,941.95,30387.0,1251.0,940.743269
COST,2026-08-28 13:40:00+00:00,941.622,942.88,940.545,942.1144,16950.0,904.0,941.914131
COST,2026-08-28 13:45:00+00:00,941.685,944.76,941.5609,944.624,30309.0,1356.0,943.190923
COST,2026-08-28 13:50:00+00:00,944.24,947.68,943.63,947.67,45896.0,1765.0,945.564829
COST,2026-08-28 13:55:00+00:00,947.35,947.85,944.3374,945.17,19182.0,976.0,946.121237
COST,2026-08-28 14:00:00+00:00,944.43,946.09,943.8001,944.35,17757.0,1242.0,944.747377
COST,2026-08-28 14:05:00+00:00,944.455,946.88,944.45,946.76,17278.0,846.0,946.01782
COST,2026-08-28 14:10:00+00:00,946.91,947.51,945.3,946.86,18559.0,1180.0,946.692625
COST,2026-08-28 14:15:00+00:00,946.71,948.99,945.89,948.11,33190.0,1561.0,947.862062
COST,2026-08-28 14:20:00+00:00,948.48,948.5,946.3908,946.73,10776.0,868.0,947.749625
COST,2026-08-28 14:25:00+00:00,947.0,947.58,946.15,946.57,13265.0,958.0,946.904619
COST,2026-08-28 14:30:00+00:00,946.57,948.87,946.57,948.36,14239.0,1253.0,947.790164
COST,2026-08-28 14:35:00+00:00,948.315,949.571,946.69,946.69,14659.0,1107.0,948.708999
COST,2026-08-28 14:40:00+00:00,946.615,947.78,946.16,947.73,7600.0,607.0,946.61043
COST,2026-08-28 14:45:00+00:00,947.09,948.48,946.991,947.48,8479.0,783.0,947.650061
COST,2026-08-28 14:50:00+00:00,947.83,948.12,947.26,947.99,6570.0,701.0,947.567714
COST,2026-08-28 14:55:00+00:00,947.565,947.96,946.91,947.12,10762.0,791.0,947.491912
COST,2026-08-28 15:00:00+00:00,947.05,947.44,946.6101,946.8918,14633.0,868.0,947.021065
COST,2026-08-28 15:05:00+00:00,947.4,947.59,946.6901,947.445,12429.0,763.0,947.17843
COST,2026-08-28 15:10:00+00:00,947.415,947.55,946.4,946.6736,16375.0,845.0,947.063962
COST,2026-08-28 15:15:00+00:00,947.05,947.05,945.53,945.675,8742.0,797.0,946.161024
COST,2026-08-28 15:20:00+00:00,945.715,946.5099,945.55,945.8475,8038.0,683.0,946.029436
COST,2026-08-28 15:25:00+00:00,945.97,947.15,945.715,946.92,6058.0,629.0,946.241863
COST,2026-08-28 15:30:00+00:00,946.965,947.258,946.4901,947.1,7229.0,628.0,947.022293
COST,2026-08-28 15:35:00+00:00,947.095,947.61,947.095,947.415,8281.0,695.0,947.433853
COST,2026-08-28 15:40:00+00:00,947.65,947.88,946.78,947.88,15728.0,975.0,947.253778
COST,2026-08-28 15:45:00+00:00,948.0,948.8408,947.87,948.3148,13199.0,975.0,948.326794
COST,2026-08-28 15:50:00+00:00,948.49,950.41,948.3701,949.51,32435.0,1558.0,949.661867
COST,2026-08-28 15:55:00+00:00,949.2075,950.7,948.7201,950.62,21590.0,1092.0,950.075418
COST,2026-08-28 16:00:00+00:00,950.7,953.73,950.68,953.49,30660.0,1646.0,952.381237
COST,2026-08-28 16:05:00+00:00,953.25,953.65,950.12,950.23,20583.0,1067.0,952.266315
COST,2026-08-28 16:10:00+00:00,950.16,951.11,949.315,949.535,14567.0,798.0,950.062826
COST,2026-08-28 16:15:00+00:00,949.18,951.39,949.18,951.0,14222.0,885.0,950.408101
COST,2026-08-28 16:20:00+00:00,950.68,951.0,948.03,948.03,14316.0,802.0,949.853102
COST,2026-08-28 16:25:00+00:00,948.295,948.57,946.87,947.06,13016.0,693.0,947.345432
COST,2026-08-28 16:30:00+00:00,947.025,947.4625,946.43,946.78,10519.0,725.0,946.91632
COST,2026-08-28 16:35:00+00:00,946.8,948.03,946.53,947.93,9000.0,560.0,947.053023
COST,2026-08-28 16:40:00+00:00,947.82,948.21,947.31,947.54,10844.0,511.0,947.732592
COST,2026-08-28 16:45:00+00:00,947.6078,947.6078,946.1501,946.4825,8052.0,414.0,946.534572
COST,2026-08-28 16:50:00+00:00,946.645,946.73,945.92,945.92,10334.0,672.0,946.316193
COST,2026-08-28 16:55:00+00:00,945.885,946.47,945.55,946.05,4346.0,439.0,946.014405
COST,2026-08-28 17:00:00+00:00,945.965,947.15,945.965,946.5575,8036.0,605.0,946.620072
COST,2026-08-28 17:05:00+00:00,946.545,946.765,946.01,946.51,5741.0,471.0,946.43918
COST,2026-08-28 17:10:00+00:00,946.2,946.525,945.74,945.74,3541.0,328.0,946.167972
COST,2026-08-28 17:15:00+00:00,945.77,946.3999,945.37,945.37,4875.0,438.0,945.906373
COST,2026-08-28 17:20:00+00:00,945.34,946.55,945.34,946.53,60586.0,431.0,946.017801
COST,2026-08-28 17:25:00+00:00,946.22,946.39,945.46,945.655,4376.0,330.0,945.857823
COST,2026-08-28 17:30:00+00:00,945.75,946.2427,945.55,945.68,9349.0,550.0,945.778088
COST,2026-08-28 17:35:00+00:00,945.9,945.98,945.3,945.81,7948.0,502.0,945.692508
COST,2026-08-28 17:40:00+00:00,945.72,947.255,945.72,947.255,11406.0,675.0,946.558491
COST,2026-08-28 17:45:00+00:00,947.065,947.3073,946.46,946.83,6680.0,559.0,946.797306
COST,2026-08-28 17:50:00+00:00,946.5601,946.88,945.905,945.935,5766.0,470.0,946.456595
COST,2026-08-28 17:55:00+00:00,945.69,946.54,945.69,946.54,5534.0,1373.0,946.195893
COST,2026-08-28 18:00:00+00:00,946.46,947.065,946.23,946.69,6154.0,514.0,946.645659
COST,2026-08-28 18:05:00+00:00,946.97,947.61,946.8,947.6099,4715.0,385.0,947.211379
COST,2026-08-28 18:10:00+00:00,947.255,947.73,947.07,947.18,6981.0,501.0,947.380634
COST,2026-08-28 18:15:00+00:00,947.185,947.25,946.53,946.53,7215.0,411.0,947.001573
COST,2026-08-28 18:20:00+00:00,946.5314,946.637,945.62,946.04,5400.0,510.0,946.062097
COST,2026-08-28 18:25:00+00:00,946.04,946.35,945.8342,946.01,7214.0,541.0,946.153408
COST,2026-08-28 18:30:00+00:00,946.13,946.21,945.3,945.61,11446.0,693.0,945.687183
COST,2026-08-28 18:35:00+00:00,945.67,945.92,945.23,945.34,13524.0,678.0,945.630914
COST,2026-08-28 18:40:00+00:00,945.1,945.7,945.01,945.37,7628.0,648.0,945.373236
COST,2026-08-28 18:45:00+00:00,945.28,945.42,944.57,945.19,7659.0,685.0,945.114036
COST,2026-08-28 18:50:00+00:00,945.45,945.9999,945.325,945.5,9792.0,710.0,945.626414
COST,2026-08-28 18:55:00+00:00,945.62,945.68,945.06,945.31,11974.0,682.0,945.435142
COST,2026-08-28 19:00:00+00:00,945.33,945.48,944.37,945.05,13505.0,837.0,945.040186
COST,2026-08-28 19:05:00+00:00,945.265,945.7431,945.085,945.095,7534.0,677.0,945.332461
COST,2026-08-28 19:10:00+00:00,944.91,945.26,944.62,945.0,7419.0,723.0,944.855441
COST,2026-08-28 19:15:00+00:00,945.3314,945.5,944.79,945.285,6035.0,661.0,945.252673
COST,2026-08-28 19:20:00+00:00,945.19,945.565,944.9201,945.16,11581.0,900.0,945.271044
COST,2026-08-28 19:25:00+00:00,945.2,945.3699,944.155,944.71,12410.0,886.0,944.854488
COST,2026-08-28 19:30:00+00:00,944.84,945.595,944.54,945.59,14213.0,970.0,945.01475
COST,2026-08-28 19:35:00+00:00,945.53,945.91,945.17,945.39,13478.0,738.0,945.543287
COST,2026-08-28 19:40:00+00:00,945.39,946.2525,945.39,945.77,16086.0,957.0,945.852781
COST,2026-08-28 19:45:00+00:00,945.67,945.71,944.755,945.11,11866.0,1073.0,945.215477
COST,2026-08-28 19:50:00+00:00,945.37,947.0,945.3,946.4975,20115.0,1735.0,946.351788
COST,2026-08-28 19:55:00+00:00,946.455,946.83,945.25,945.9,59398.0,3616.0,945.757092
COST,2026-08-28 20:00:00+00:00,945.47,946.5,945.47,946.5,242991.0,126.0,945.470538
COST,2026-08-28 20:05:00+00:00,944.527,944.527,944.527,944.527,178.0,12.0,944.527
COST,2026-08-28 20:35:00+00:00,946.518,946.518,946.518,946.518,51.0,2.0,946.518
COST,2026-08-28 21:05:00+00:00,945.2205,945.2205,945.2205,945.2205,150.0,3.0,945.2205
COST,2026-08-28 21:55:00+00:00,946.0,946.0,946.0,946.0,107.0,13.0,946.0
COST,2026-08-31 08:00:00+00:00,945.0,947.5,945.0,947.5,681.0,157.0,945.628571
COST,2026-08-31 08:10:00+00:00,945.6576,945.6576,945.6576,945.6576,69.0,1.0,945.6576
COST,2026-08-31 11:00:00+00:00,945.0,945.0,945.0,945.0,88.0,9.0,945.0
COST,2026-08-31 11:05:00+00:00,945.09,945.09,943.95,943.95,170.0,3.0,944.550355
COST,2026-08-31 11:15:00+00:00,945.47,946.94,945.47,946.94,569.0,40.0,946.21205
COST,2026-08-31 11:20:00+00:00,944.91,947.0,944.13,947.0,621.0,47.0,944.581053
COST,2026-08-31 11:35:00+00:00,945.28,945.28,945.28,945.28,192.0,20.0,945.28
COST,2026-08-31 11:50:00+00:00,945.0,945.0,945.0,945.0,101.0,2.0,945.0
COST,2026-08-31 12:05:00+00:00,944.88,944.88,943.89,943.89,207.0,21.0,944.572759
COST,2026-08-31 12:55:00+00:00,946.3823,946.3823,946.3823,946.3823,60.0,5.0,946.3823
COST,2026-08-31 13:05:00+00:00,945.98,945.98,945.97,945.98,214.0,18.0,945.976667
COST,2026-08-31 13:30:00+00:00,946.49,949.3,944.305,947.0,35392.0,2635.0,946.516806
COST,2026-08-31 13:35:00+00:00,946.05,949.05,944.7622,947.12,26207.0,1180.0,947.276107
COST,2026-08-31 13:40:00+00:00,947.495,947.95,943.724,945.54,12641.0,818.0,945.51545
COST,2026-08-31 13:45:00+00:00,946.01,946.405,944.39,945.05,14425.0,876.0,945.358469
COST,2026-08-31 13:50:00+00:00,945.19,946.49,944.39,946.44,8918.0,666.0,945.659173
COST,2026-08-31 13:55:00+00:00,946.56,947.06,946.02,946.445,7987.0,653.0,946.659952
COST,2026-08-31 14:00:00+00:00,946.62,946.62,945.16,945.385,8964.0,853.0,945.745152
COST,2026-08-31 14:05:00+00:00,945.96,946.23,944.5,944.87,7175.0,642.0,945.497858
COST,2026-08-31 14:10:00+00:00,944.86,946.01,944.44,944.46,13540.0,1067.0,945.063847
COST,2026-08-31 14:15:00+00:00,944.8599,945.63,944.03,945.36,9683.0,792.0,944.71694
COST,2026-08-31 14:20:00+00:00,945.275,946.37,944.5,944.87,12451.0,1029.0,945.547853
COST,2026-08-31 14:25:00+00:00,945.08,945.09,943.71,944.95,8213.0,1061.0,944.354252
COST,2026-08-31 14:30:00+00:00,945.19,945.19,944.15,944.86,6840.0,819.0,944.557321
COST,2026-08-31 14:35:00+00:00,944.925,947.19,944.84,947.03,10038.0,844.0,946.146069
COST,2026-08-31 14:40:00+00:00,947.18,948.07,946.29,946.38,11960.0,850.0,947.076932
COST,2026-08-31 14:45:00+00:00,946.72,947.1,945.51,946.14,8926.0,777.0,946.2639
COST,2026-08-31 14:50:00+00:00,946.379594,947.13,946.01,946.87,6739.0,718.0,946.57205
COST,2026-08-31 14:55:00+00:00,946.79,948.0,946.79,947.0925,11601.0,852.0,947.227036
COST,2026-08-31 15:00:00+00:00,946.8,946.8,946.01,946.01,13056.0,771.0,946.437819
COST,2026-08-31 15:05:00+00:00,946.63,947.315,946.35,946.69,6899.0,863.0,946.819149
COST,2026-08-31 15:10:00+00:00,947.12,947.36,946.34,946.34,17436.0,1024.0,946.860502
COST,2026-08-31 15:15:00+00:00,946.5,947.12,946.17,946.24,10640.0,819.0,946.642615
COST,2026-08-31 15:20:00+00:00,946.36,946.71,945.8101,946.44,8086.0,791.0,946.293467
COST,2026-08-31 15:25:00+00:00,946.52,946.71,945.95,946.185,8136.0,747.0,946.191149
COST,2026-08-31 15:30:00+00:00,946.175,947.04,946.165,946.845,10688.0,790.0,946.629582
COST,2026-08-31 15:35:00+00:00,946.88,947.32,946.44,946.7,4628.0,606.0,946.841726
COST,2026-08-31 15:40:00+00:00,946.74,946.84,945.84,946.5,9118.0,744.0,946.502133
COST,2026-08-31 15:45:00+00:00,946.61,947.66,946.6,947.52,7524.0,676.0,947.106104
COST,2026-08-31 15:50:00+00:00,947.62,948.0,947.39,948.0,8073.0,704.0,947.747457
COST,2026-08-31 15:55:00+00:00,947.84,947.864,946.8,947.0,5994.0,617.0,947.427842
COST,2026-08-31 16:00:00+00:00,946.96,948.0,946.9,948.0,10440.0,722.0,947.438219
COST,2026-08-31 16:05:00+00:00,947.89,948.45,947.8,948.3,8601.0,665.0,948.113333
COST,2026-08-31 16:10:00+00:00,948.28,948.28,947.195,947.955,7577.0,651.0,947.738716
COST,2026-08-31 16:15:00+00:00,947.84,947.84,946.63,946.67,8974.0,684.0,946.994913
COST,2026-08-31 16:20:00+00:00,946.77,947.0,945.07,945.62,14990.0,959.0,946.039117
COST,2026-08-31 16:25:00+00:00,945.735,945.86,944.83,944.965,9186.0,616.0,945.284274
COST,2026-08-31 16:30:00+00:00,944.965,946.13,944.95,945.56,10152.0,701.0,945.487943
COST,2026-08-31 16:35:00+00:00,945.55,946.3199,944.8,944.8,8454.0,531.0,945.454815
COST,2026-08-31 16:40:00+00:00,944.795,945.195,944.62,944.62,7883.0,550.0,944.922295
COST,2026-08-31 16:45:00+00:00,944.84,944.84,944.19,944.249,6722.0,564.0,944.482841
COST,2026-08-31 16:50:00+00:00,944.42,944.54,943.77,944.365,11965.0,752.0,944.129297
COST,2026-08-31 16:55:00+00:00,944.37,944.375,943.6,943.675,8164.0,579.0,943.956717
COST,2026-08-31 17:00:00+00:00,943.665,943.665,942.78,942.85,10018.0,702.0,943.006717
COST,2026-08-31 17:05:00+00:00,942.78,943.14,942.61,942.77,17139.0,643.0,942.917301
COST,2026-08-31 17:10:00+00:00,942.835,943.16,942.34,942.8699,9013.0,487.0,942.718351
COST,2026-08-31 17:15:00+00:00,942.605,943.4306,942.425,943.225,9057.0,544.0,942.968481
COST,2026-08-31 17:20:00+00:00,943.22,943.9055,943.17,943.17,5404.0,531.0,943.471416
COST,2026-08-31 17:25:00+00:00,943.28,944.0,943.255,943.91,4359.0,481.0,943.524083
COST,2026-08-31 17:30:00+00:00,943.78,944.25,943.65,944.085,5484.0,497.0,943.980948
COST,2026-08-31 17:35:00+00:00,943.905,944.67,943.64,944.59,7908.0,549.0,944.211899
COST,2026-08-31 17:40:00+00:00,944.8501,944.97,944.5,944.68,5918.0,501.0,944.695182
COST,2026-08-31 17:45:00+00:00,944.65,944.65,944.0,944.0,3332.0,388.0,944.401638
COST,2026-08-31 17:50:00+00:00,944.15,944.2326,943.96,944.1371,3894.0,341.0,944.102976
COST,2026-08-31 17:55:00+00:00,944.06,944.1399,943.64,943.75,8267.0,1670.0,943.954523
COST,2026-08-31 18:00:00+00:00,943.745,944.03,942.93,942.935,6767.0,596.0,943.669045
COST,2026-08-31 18:05:00+00:00,943.16,943.815,943.05,943.15,10412.0,763.0,943.434965
COST,2026-08-31 18:10:00+00:00,943.09,943.35,942.88,942.925,7177.0,659.0,943.140852
COST,2026-08-31 18:15:00+00:00,942.925,942.925,941.305,941.585,16884.0,1025.0,942.221104
COST,2026-08-31 18:20:00+00:00,941.6351,941.72,941.0,941.21,8401.0,759.0,941.442668
COST,2026-08-31 18:25:00+00:00,941.0,942.38,940.71,942.38,16604.0,946.0,941.543072
COST,2026-08-31 18:30:00+00:00,942.2875,943.12,942.28,942.92,11056.0,568.0,942.813468
COST,2026-08-31 18:35:00+00:00,942.92,943.05,942.1,942.71,6530.0,655.0,942.582792
COST,2026-08-31 18:40:00+00:00,942.435,942.6,942.02,942.02,6717.0,644.0,942.392439
COST,2026-08-31 18:45:00+00:00,942.125,942.87,942.0301,942.198437,6957.0,647.0,942.504121
COST,2026-08-31 18:50:00+00:00,942.305,942.91,942.02,942.67,12724.0,625.0,942.460713
COST,2026-08-31 18:55:00+00:00,942.5875,943.3,942.3801,943.3,7500.0,568.0,942.762656
COST,2026-08-31 19:00:00+00:00,943.3,943.55,943.06,943.28,7027.0,591.0,943.285226
COST,2026-08-31 19:05:00+00:00,943.24,943.44,942.3775,942.985,8201.0,611.0,942.953842
COST,2026-08-31 19:10:00+00:00,942.98,943.3,942.95,943.025,5231.0,422.0,943.161244
COST,2026-08-31 19:15:00+00:00,943.04,943.05,941.815,941.965,15493.0,790.0,942.256382
COST,2026-08-31 19:20:00+00:00,942.0957,942.64,941.97,942.235,11135.0,696.0,942.280108
COST,2026-08-31 19:25:00+00:00,942.23,942.25,941.75,942.25,12448.0,771.0,942.012469
COST,2026-08-31 19:30:00+00:00,942.25,943.65,942.08,942.77,16719.0,1025.0,942.710887
COST,2026-08-31 19:35:00+00:00,942.87,944.145,942.835,943.35,11574.0,804.0,943.617369
COST,2026-08-31 19:40:00+00:00,943.46,944.0,943.46,943.66,19494.0,1185.0,943.751242
COST,2026-08-31 19:45:00+00:00,943.44,943.71,942.875,943.69,15661.0,1025.0,943.278895
COST,2026-08-31 19:50:00+00:00,943.65,946.0,942.9,945.295,105436.0,3658.0,944.358657
COST,2026-08-31 19:55:00+00:00,945.54,945.54,942.9,943.88,113638.0,4956.0,943.967944
COST,2026-08-31 20:00:00+00:00,943.69,944.99,943.69,944.99,1134185.0,169.0,943.890062
COST,2026-08-31 20:25:00+00:00,943.89,943.89,943.89,943.89,201.0,2.0,943.89
COST,2026-08-31 22:30:00+00:00,944.2261,944.2261,944.2261,944.2261,80.0,3.0,944.2261
COST,2026-08-31 22:50:00+00:00,943.89,943.89,943.89,943.89,102.0,2.0,943.89
COST,2026-08-31 23:50:00+00:00,943.75,943.75,943.75,943.75,51.0,5.0,943.75
COST,2026-09-01 08:00:00+00:00,944.22,944.22,944.22,944.22,261.0,89.0,944.22
COST,2026-09-01 09:15:00+00:00,944.5,944.5,944.5,944.5,100.0,5.0,944.5
COST,2026-09-01 09:20:00+00:00,945.7,946.72,945.7,946.72,501.0,21.0,946.494194
COST,2026-09-01 10:50:00+00:00,946.06,947.19,946.06,947.19,310.0,28.0,946.848844
COST,2026-09-01 10:55:00+00:00,947.19,947.19,947.19,947.19,135.0,8.0,947.19
COST,2026-09-01 11:00:00+00:00,947.19,947.19,943.99,944.0,3483.0,143.0,944.630813
COST,2026-09-01 11:05:00+00:00,944.0,944.01,943.9788,944.0,1939.0,53.0,943.994174
COST,2026-09-01 11:10:00+00:00,944.0,944.0,944.0,944.0,102.0,4.0,944.0
COST,2026-09-01 11:15:00+00:00,944.0,944.0,944.0,944.0,771.0,7.0,944.0
COST,2026-09-01 11:20:00+00:00,943.7875,944.0,943.7875,944.0,338.0,6.0,943.968093
COST,2026-09-01 11:30:00+00:00,945.94,945.94,945.6,945.6,397.0,21.0,945.827751
COST,2026-09-01 12:05:00+00:00,946.44,946.44,946.44,946.44,110.0,3.0,946.44
COST,2026-09-01 12:10:00+00:00,946.6823,946.6823,946.6823,946.6823,101.0,2.0,946.6823
COST,2026-09-01 12:20:00+00:00,946.01,946.01,946.01,946.01,55.0,6.0,946.01
COST,2026-09-01 12:25:00+00:00,947.0,947.0,947.0,947.0,153.0,8.0,947.0
COST,2026-09-01 12:45:00+00:00,947.23,948.0,947.17,948.0,548.0,27.0,947.409325
COST,2026-09-01 12:55:00+00:00,948.08,948.08,948.08,948.08,401.0,2.0,948.08
COST,2026-09-01 13:00:00+00:00,948.08,949.0,946.01,946.01,770.0,32.0,947.425346
COST,2026-09-01 13:05:00+00:00,948.53,948.53,948.53,948.53,62.0,3.0,948.53
COST,2026-09-01 13:10:00+00:00,949.1,949.1,949.0,949.0,256.0,9.0,949.05
COST,2026-09-01 13:20:00+00:00,949.3,949.3,949.3,949.3,62.0,5.0,949.3
COST,2026-09-01 13:25:00+00:00,947.01,947.35,945.01,945.01,1983.0,63.0,946.587634
COST,2026-09-01 13:30:00+00:00,947.35,949.11,943.5001,946.005,50302.0,2353.0,946.107283
COST,2026-09-01 13:35:00+00:00,945.6,946.28,944.22,944.89,16614.0,925.0,945.238485
COST,2026-09-01 13:40:00+00:00,945.12,947.42,944.01,946.14,15227.0,1406.0,945.633445
COST,2026-09-01 13:45:00+00:00,946.14,946.96,943.95,944.15,14986.0,2371.0,945.540565
COST,2026-09-01 13:50:00+00:00,943.785,945.69,943.5,944.2115,16181.0,1312.0,944.190851
COST,2026-09-01 13:55:00+00:00,943.965,945.705,943.96,945.35,15861.0,1437.0,944.725239
COST,2026-09-01 14:00:00+00:00,945.3,947.24,945.0801,946.4,15739.0,1020.0,946.118006
COST,2026-09-01 14:05:00+00:00,946.18,946.43,944.35,945.82,12972.0,929.0,945.412055
COST,2026-09-01 14:10:00+00:00,945.58,947.31,945.57,947.31,29169.0,1165.0,946.641203
COST,2026-09-01 14:15:00+00:00,947.09,950.5,946.62,950.28,32927.0,1575.0,947.939737
COST,2026-09-01 14:20:00+00:00,950.33,951.78,949.22,951.78,18371.0,1285.0,950.553327
COST,2026-09-01 14:25:00+00:00,951.56,951.97,950.88,951.6,34364.0,1504.0,951.366848
COST,2026-09-01 14:30:00+00:00,951.63,952.095,950.34,951.11,20351.0,1589.0,951.683101
COST,2026-09-01 14:35:00+00:00,951.17,951.76,949.6481,950.56,18188.0,1153.0,950.4756
COST,2026-09-01 14:40:00+00:00,950.45,950.8,949.04,949.16,8851.0,892.0,949.927044
COST,2026-09-01 14:45:00+00:00,949.1501,950.1,948.7537,949.28,12122.0,977.0,949.282513
COST,2026-09-01 14:50:00+00:00,949.0601,949.94,948.22,949.53,8803.0,920.0,949.309294
COST,2026-09-01 14:55:00+00:00,949.27,949.335,947.25,947.25,8750.0,735.0,948.361139
COST,2026-09-01 15:00:00+00:00,947.25,947.96,946.15,947.95,7026.0,788.0,947.011147
COST,2026-09-01 15:05:00+00:00,947.935,948.63,945.37,945.37,16574.0,1036.0,947.713817
COST,2026-09-01 15:10:00+00:00,945.065,945.35,944.25,944.435,7097.0,811.0,944.927027
COST,2026-09-01 15:15:00+00:00,944.44,946.215,944.21,945.995,12021.0,899.0,945.257981
COST,2026-09-01 15:20:00+00:00,945.78,945.78,944.6,945.245,7193.0,688.0,945.3759
COST,2026-09-01 15:25:00+00:00,944.96,946.3,944.01,945.935,14894.0,924.0,944.628861
COST,2026-09-01 15:30:00+00:00,945.57,946.76,945.09,946.29,10940.0,761.0,945.992815
COST,2026-09-01 15:35:00+00:00,946.24,947.24,945.785,946.255,9037.0,690.0,946.402713
COST,2026-09-01 15:40:00+00:00,946.5,947.28,945.91,947.07,7452.0,607.0,946.523023
COST,2026-09-01 15:45:00+00:00,947.075,947.91,947.0,947.73,12622.0,675.0,947.441262
COST,2026-09-01 15:50:00+00:00,947.63,947.76,947.19,947.48,9360.0,687.0,947.366654
COST,2026-09-01 15:55:00+00:00,947.48,947.77,946.78,946.86,6596.0,564.0,947.278903
COST,2026-09-01 16:00:00+00:00,946.87,947.99,946.71,947.05,8661.0,710.0,947.499252
COST,2026-09-01 16:05:00+00:00,946.92,946.93,946.53,946.7551,5539.0,650.0,946.747488
COST,2026-09-01 16:10:00+00:00,946.83,947.2317,946.37,946.37,6295.0,575.0,946.80056
COST,2026-09-01 16:15:00+00:00,946.41,946.55,944.56,944.82,11408.0,757.0,945.249985
COST,2026-09-01 16:20:00+00:00,944.61,944.79,943.8,944.5,15543.0,883.0,944.302756
COST,2026-09-01 16:25:00+00:00,944.44,945.42,944.375,944.77,7903.0,677.0,944.695796
COST,2026-09-01 16:30:00+00:00,944.78,945.94,944.78,945.38,10411.0,695.0,945.33018
COST,2026-09-01 16:35:00+00:00,945.24,946.705,945.07,946.23,7989.0,649.0,945.83065
COST,2026-09-01 16:40:00+00:00,946.225,946.57,945.77,946.07,5353.0,481.0,946.180568
COST,2026-09-01 16:45:00+00:00,946.095,946.41,945.18,945.25,6232.0,533.0,945.757251
COST,2026-09-01 16:50:00+00:00,945.26,945.43,944.89,945.0,5283.0,515.0,945.230814
COST,2026-09-01 16:55:00+00:00,944.89,944.89,944.1,944.56,9692.0,620.0,944.421666
COST,2026-09-01 17:00:00+00:00,944.6646,944.6646,944.01,944.45,5987.0,578.0,944.340327
COST,2026-09-01 17:05:00+00:00,944.5,945.07,944.13,944.97,13856.0,711.0,944.720297
COST,2026-09-01 17:10:00+00:00,944.77,945.2,944.4001,945.2,5711.0,516.0,944.670699
COST,2026-09-01 17:15:00+00:00,945.055,945.18,944.781,945.18,4542.0,451.0,944.944801
COST,2026-09-01 17:20:00+00:00,945.24,945.45,944.88,945.1804,4203.0,476.0,945.222891
COST,2026-09-01 17:25:00+00:00,945.49,945.5499,944.92,945.03,7737.0,753.0,945.245695
COST,2026-09-01 17:30:00+00:00,944.9,945.05,943.955,944.755,12463.0,798.0,944.288965
COST,2026-09-01 17:35:00+00:00,944.7575,945.27,944.5076,944.93,9098.0,570.0,944.943437
COST,2026-09-01 17:40:00+00:00,944.82,945.27,944.5,945.18,4290.0,483.0,944.897853
COST,2026-09-01 17:45:00+00:00,945.18,945.18,943.91,943.91,5940.0,1546.0,944.481716
COST,2026-09-01 17:50:00+00:00,944.0001,944.0001,943.1662,943.225,6427.0,571.0,943.608762
COST,2026-09-01 17:55:00+00:00,943.225,943.58,943.086,943.27,12041.0,684.0,943.334913
COST,2026-09-01 18:00:00+00:00,943.19,943.4599,941.95,942.17,25394.0,1067.0,942.534518
COST,2026-09-01 18:05:00+00:00,942.21,942.7968,941.74,941.74,9207.0,787.0,942.222161
COST,2026-09-01 18:10:00+00:00,941.895,941.905,941.35,941.42,6236.0,642.0,941.67069
COST,2026-09-01 18:15:00+00:00,941.405,941.49,939.5875,939.5875,14209.0,1118.0,940.50983
COST,2026-09-01 18:20:00+00:00,939.45,940.93,939.45,940.5751,7041.0,724.0,940.484925
COST,2026-09-01 18:25:00+00:00,940.46,940.7651,939.955,940.035,12243.0,838.0,940.32613
COST,2026-09-01 18:30:00+00:00,940.22,940.6,939.7,939.95,9750.0,828.0,940.121869
COST,2026-09-01 18:35:00+00:00,939.81,940.1,939.35,939.86,9563.0,786.0,939.731584
COST,2026-09-01 18:40:00+00:00,939.86,940.17,939.54,939.54,6781.0,844.0,939.944494
COST,2026-09-01 18:45:00+00:00,939.45,939.6003,938.1405,938.505,14797.0,1244.0,938.791791
COST,2026-09-01 18:50:00+00:00,938.495,938.85,937.62,938.605,13293.0,1101.0,938.262288
COST,2026-09-01 18:55:00+00:00,938.78,938.91,938.0,938.445,14382.0,1047.0,938.42936
COST,2026-09-01 19:00:00+00:00,938.445,938.445,937.81,938.28,12803.0,994.0,938.071926
COST,2026-09-01 19:05:00+00:00,938.27,938.45,937.84,938.365,8629.0,805.0,938.153524
COST,2026-09-01 19:10:00+00:00,938.48,938.62,937.0,937.3399,15858.0,1043.0,938.006739
COST,2026-09-01 19:15:00+00:00,937.214,937.214,935.925,936.305,16037.0,1222.0,936.370436
COST,2026-09-01 19:20:00+00:00,936.3,937.01,936.2133,936.55,14782.0,1025.0,936.62372
COST,2026-09-01 19:25:00+00:00,936.755,936.7888,936.22,936.355,9465.0,945.0,936.425981
COST,2026-09-01 19:30:00+00:00,936.23,937.46,936.23,937.24,20107.0,1268.0,937.005134
COST,2026-09-01 19:35:00+00:00,937.43,937.96,937.01,937.74,12486.0,1062.0,937.634
COST,2026-09-01 19:40:00+00:00,937.8,937.82,936.84,937.03,10343.0,1054.0,937.445463
COST,2026-09-01 19:45:00+00:00,937.0,937.64,936.8,937.3,16346.0,1463.0,937.214933
COST,2026-09-01 19:50:00+00:00,937.59,939.24,937.5,938.91,42632.0,2844.0,938.494008
COST,2026-09-01 19:55:00+00:00,939.25,940.0,938.94,939.82,162032.0,7372.0,939.618716
COST,2026-09-01 20:00:00+00:00,939.96,939.96,939.96,939.96,328813.0,128.0,939.96
COST,2026-09-01 20:05:00+00:00,940.27,940.27,940.15,940.15,344.0,18.0,940.233505
COST,2026-09-01 20:15:00+00:00,940.0613,940.0613,939.85,939.85,230.0,14.0,939.919484
COST,2026-09-01 20:20:00+00:00,939.8,939.8,939.44,939.44,531.0,19.0,939.756835
COST,2026-09-01 20:30:00+00:00,939.9431,939.9431,939.9431,939.9431,79.0,5.0,939.9431
COST,2026-09-01 20:55:00+00:00,939.46,939.46,939.46,939.46,251.0,4.0,939.46
COST,2026-09-01 21:50:00+00:00,940.0008,940.0008,940.0008,940.0008,50.0,1.0,940.0008
COST,2026-09-01 23:55:00+00:00,939.99,939.99,939.99,939.99,271.0,1.0,939.99
COST,2026-09-02 08:00:00+00:00,941.5,941.5,941.5,941.5,215.0,50.0,941.5
COST,2026-09-02 11:50:00+00:00,943.5,943.5,943.5,943.5,336.0,30.0,943.5
COST,2026-09-02 12:00:00+00:00,943.02,943.02,943.02,943.02,48.0,2.0,943.02
COST,2026-09-02 12:10:00+00:00,942.17,942.17,942.0,942.0,686.0,34.0,942.052004
COST,2026-09-02 12:20:00+00:00,942.0,942.0,942.0,942.0,146.0,10.0,942.0
COST,2026-09-02 12:30:00+00:00,940.4658,941.875,940.4658,941.875,152.0,4.0,941.405267
COST,2026-09-02 12:35:00+00:00,941.8,941.8,941.8,941.8,165.0,11.0,941.8
COST,2026-09-02 13:00:00+00:00,941.5,941.5,941.5,941.5,60.0,4.0,941.5
COST,2026-09-02 13:05:00+00:00,941.69,941.69,941.69,941.69,124.0,13.0,941.69
COST,2026-09-02 13:15:00+00:00,942.0,942.5985,942.0,942.5985,271.0,22.0,942.347965
COST,2026-09-02 13:25:00+00:00,941.5,941.5,936.61,936.61,1565.0,152.0,938.488473
COST,2026-09-02 13:30:00+00:00,938.49,938.88,928.27,932.7,102278.0,4793.0,933.763279
COST,2026-09-02 13:35:00+00:00,932.985,936.84,930.665,935.915,33088.0,1866.0,933.984322
COST,2026-09-02 13:40:00+00:00,935.49,936.01,934.02,936.01,26914.0,1458.0,934.96987
COST,2026-09-02 13:45:00+00:00,935.8,936.02,933.9,933.99,23319.0,1418.0,935.073316
COST,2026-09-02 13:50:00+00:00,934.14,936.54,933.19,936.4,22470.0,1175.0,934.455105
COST,2026-09-02 13:55:00+00:00,936.445,936.75,934.01,934.715,30741.0,1360.0,935.28783
COST,2026-09-02 14:00:00+00:00,934.715,935.6699,933.81,934.83,13111.0,1135.0,934.515476
COST,2026-09-02 14:05:00+00:00,934.68,935.0199,932.51,932.755,16233.0,1211.0,933.448289
COST,2026-09-02 14:10:00+00:00,932.75,933.03,930.78,932.47,31151.0,1930.0,931.929222
COST,2026-09-02 14:15:00+00:00,932.03,933.67,931.93,933.37,13949.0,1220.0,932.514996
COST,2026-09-02 14:20:00+00:00,933.36,935.21,932.78,935.13,16990.0,1193.0,933.897029
COST,2026-09-02 14:25:00+00:00,935.09,935.31,933.77,934.74,17472.0,1337.0,934.465217
COST,2026-09-02 14:30:00+00:00,934.14,935.24,934.11,934.325,10967.0,1028.0,934.545512
COST,2026-09-02 14:35:00+00:00,934.38,935.49,934.01,935.255,11934.0,1011.0,934.877356
COST,2026-09-02 14:40:00+00:00,935.48,935.505,933.71,934.485,16579.0,1287.0,934.650941
COST,2026-09-02 14:45:00+00:00,934.32,934.81,933.39,934.47,13657.0,1083.0,934.187779
COST,2026-09-02 14:50:00+00:00,934.9399,935.765,934.37,934.91,19599.0,1145.0,935.074948
COST,2026-09-02 14:55:00+00:00,935.125,935.56,933.92,934.64,17001.0,1122.0,934.899942
COST,2026-09-02 15:00:00+00:00,934.77,935.14,933.625,933.985,13705.0,1081.0,934.469076
COST,2026-09-02 15:05:00+00:00,934.21,934.485,933.4707,933.4707,8507.0,944.0,933.8637
COST,2026-09-02 15:10:00+00:00,933.66,934.655,933.66,934.33,12886.0,985.0,933.962484
COST,2026-09-02 15:15:00+00:00,934.1662,935.39,934.08,935.1675,18825.0,988.0,934.799507
COST,2026-09-02 15:20:00+00:00,935.195,935.59,934.45,935.18,22158.0,1147.0,935.249063
COST,2026-09-02 15:25:00+00:00,935.18,935.24,934.15,934.34,13045.0,997.0,934.655546
COST,2026-09-02 15:30:00+00:00,934.34,934.34,933.67,933.78,10846.0,977.0,934.001262
COST,2026-09-02 15:35:00+00:00,933.745,934.18,933.45,933.999,7778.0,778.0,933.85799
COST,2026-09-02 15:40:00+00:00,933.455,933.455,932.04,932.825,17594.0,1238.0,932.693745
COST,2026-09-02 15:45:00+00:00,932.81,933.1699,931.26,931.385,13970.0,1171.0,932.266792
COST,2026-09-02 15:50:00+00:00,931.385,931.7,930.77,931.012,11567.0,1135.0,931.222493
COST,2026-09-02 15:55:00+00:00,931.08,931.16,930.56,930.77,15596.0,1190.0,930.907551
COST,2026-09-02 16:00:00+00:00,930.69,932.47,930.6154,932.23,10792.0,994.0,931.563932
COST,2026-09-02 16:05:00+00:00,932.12,932.88,932.08,932.53,14951.0,1000.0,932.397108
COST,2026-09-02 16:10:00+00:00,932.35,932.79,931.89,932.605,10313.0,842.0,932.232792
COST,2026-09-02 16:15:00+00:00,932.78,932.92,932.05,932.18,8318.0,788.0,932.528924
COST,2026-09-02 16:20:00+00:00,932.26,934.02,932.26,933.675,17906.0,1023.0,933.448396
COST,2026-09-02 16:25:00+00:00,933.675,933.76,932.82,933.245,19001.0,1014.0,933.150634
COST,2026-09-02 16:30:00+00:00,933.1019,933.24,932.14,932.36,9118.0,762.0,932.571502
COST,2026-09-02 16:35:00+00:00,932.34,932.34,930.75,930.75,13917.0,972.0,931.352321
COST,2026-09-02 16:40:00+00:00,930.83,930.83,930.21,930.56,8353.0,848.0,930.536256
COST,2026-09-02 16:45:00+00:00,930.35,930.6,930.01,930.13,17687.0,1004.0,930.198291
COST,2026-09-02 16:50:00+00:00,930.085,930.25,928.58,928.77,41017.0,2632.0,929.639801
COST,2026-09-02 16:55:00+00:00,928.9299,929.58,928.6215,929.38,19541.0,1193.0,928.975412
COST,2026-09-02 17:00:00+00:00,929.38,930.5521,929.2246,930.42,10177.0,811.0,929.725311
COST,2026-09-02 17:05:00+00:00,930.4699,932.145,930.28,932.145,31223.0,958.0,931.078568
COST,2026-09-02 17:10:00+00:00,932.03,932.03,929.92,930.085,26070.0,1237.0,930.613426
COST,2026-09-02 17:15:00+00:00,929.93,930.48,929.5,929.75,14601.0,997.0,929.932769
COST,2026-09-02 17:20:00+00:00,929.75,930.52,929.62,930.29,13343.0,803.0,930.023791
COST,2026-09-02 17:25:00+00:00,930.22,930.425,930.01,930.32,9177.0,639.0,930.221979
COST,2026-09-02 17:30:00+00:00,930.3,931.19,930.22,930.41,14622.0,949.0,930.736451
COST,2026-09-02 17:35:00+00:00,930.47,931.96,930.42,931.745,10271.0,786.0,931.250263
COST,2026-09-02 17:40:00+00:00,931.98,933.25,931.665,933.2,16462.0,837.0,932.393455
COST,2026-09-02 17:45:00+00:00,933.46,933.79,932.97,933.47,13873.0,1597.0,933.360422
COST,2026-09-02 17:50:00+00:00,933.25,933.94,932.68,932.68,12493.0,967.0,933.392896
COST,2026-09-02 17:55:00+00:00,932.601,933.325,931.7,931.945,12662.0,849.0,932.722491
COST,2026-09-02 18:00:00+00:00,931.92,932.29,931.84,931.86,13152.0,759.0,932.052465
COST,2026-09-02 18:05:00+00:00,931.76,932.25,931.6401,931.6401,10075.0,664.0,931.966278
COST,2026-09-02 18:10:00+00:00,931.98,932.38,930.59,930.815,18292.0,1009.0,931.646449
COST,2026-09-02 18:15:00+00:00,930.83,931.46,930.665,930.97,14525.0,845.0,931.036059
COST,2026-09-02 18:20:00+00:00,930.95,930.95,930.1301,930.32,9672.0,797.0,930.490023
COST,2026-09-02 18:25:00+00:00,930.455,931.47,930.45,931.06,11671.0,853.0,931.026295
COST,2026-09-02 18:30:00+00:00,930.95,931.4,929.83,929.85,22170.0,1391.0,930.355201
COST,2026-09-02 18:35:00+00:00,929.83,930.23,929.29,930.185,19036.0,1234.0,929.751257
COST,2026-09-02 18:40:00+00:00,930.36,930.66,930.165,930.525,8892.0,653.0,930.451385
COST,2026-09-02 18:45:00+00:00,930.53,930.85,929.22,929.28,18304.0,1144.0,930.186002
COST,2026-09-02 18:50:00+00:00,929.28,929.48,928.5,928.5675,28029.0,1630.0,928.864731
COST,2026-09-02 18:55:00+00:00,928.5,928.789,927.33,927.5,37351.0,2614.0,928.092815
COST,2026-09-02 19:00:00+00:00,927.33,927.46,925.72,925.8,44128.0,2879.0,926.401133
COST,2026-09-02 19:05:00+00:00,925.8,926.51,924.24,924.43,45478.0,3353.0,925.296944
COST,2026-09-02 19:10:00+00:00,924.24,924.4,922.74,922.905,46670.0,2852.0,923.439948
COST,2026-09-02 19:15:00+00:00,922.81,922.86,920.72,922.445,50735.0,3095.0,921.861989
COST,2026-09-02 19:20:00+00:00,922.44,922.6,920.8,921.01,42519.0,2558.0,921.747107
COST,2026-09-02 19:25:00+00:00,920.93,921.8999,920.85,921.11,36320.0,2284.0,921.271101
COST,2026-09-02 19:30:00+00:00,921.045,923.55,920.3101,923.02,41181.0,2505.0,921.215407
COST,2026-09-02 19:35:00+00:00,923.51,925.74,923.21,925.73,44195.0,2169.0,924.566292
COST,2026-09-02 19:40:00+00:00,925.61,927.55,925.3201,926.85,38240.0,2127.0,926.650162
COST,2026-09-02 19:45:00+00:00,926.8244,928.61,926.64,928.03,40365.0,2031.0,927.745907
COST,2026-09-02 19:50:00+00:00,928.02,929.58,927.8,928.59,41878.0,2916.0,928.58894
COST,2026-09-02 19:55:00+00:00,928.79,929.5,927.99,928.47,149451.0,6427.0,928.577807
COST,2026-09-02 20:00:00+00:00,928.24,928.48,928.0,928.0,323196.0,179.0,928.479723
COST,2026-09-02 20:05:00+00:00,928.5425,929.35,928.5425,929.35,703.0,31.0,929.027
COST,2026-09-02 20:10:00+00:00,928.61,928.61,928.5,928.51,2430.0,47.0,928.5135
COST,2026-09-02 20:15:00+00:00,928.86,929.2519,926.9001,926.9001,5347.0,384.0,928.013468
COST,2026-09-02 20:20:00+00:00,927.0,927.0,920.25,922.0,6774.0,420.0,924.779258
COST,2026-09-02 20:25:00+00:00,924.77,925.0,923.91,925.0,759.0,77.0,924.474594
COST,2026-09-02 20:30:00+00:00,925.0,925.0,925.0,925.0,159.0,22.0,925.0
COST,2026-09-02 20:35:00+00:00,924.9195,925.0,924.9195,925.0,297.0,21.0,924.973976
COST,2026-09-02 20:40:00+00:00,924.9165,924.99,924.9165,924.99,1282.0,54.0,924.928712
COST,2026-09-02 20:45:00+00:00,926.0,926.0,926.0,926.0,423.0,58.0,926.0
COST,2026-09-02 20:50:00+00:00,925.5,925.845,925.5,925.845,259.0,10.0,925.780488
COST,2026-09-02 20:55:00+00:00,925.76,925.76,925.76,925.76,181.0,15.0,925.76
COST,2026-09-02 21:10:00+00:00,927.6303,927.9999,927.6303,927.9999,172.0,20.0,927.7983
COST,2026-09-02 21:15:00+00:00,927.65,927.94,927.55,927.55,710.0,53.0,927.681806
COST,2026-09-02 21:25:00+00:00,927.5,927.98,927.5,927.98,179.0,24.0,927.74
COST,2026-09-02 21:35:00+00:00,927.99,927.99,927.5,927.5,259.0,7.0,927.599562
COST,2026-09-02 21:45:00+00:00,928.0,928.0,927.93,927.93,215.0,32.0,927.977945
COST,2026-09-02 21:50:00+00:00,927.9,927.9,927.8481,927.8481,192.0,25.0,927.871167
COST,2026-09-02 21:55:00+00:00,928.0,928.0,927.61,927.61,223.0,25.0,927.738289
COST,2026-09-02 22:00:00+00:00,927.98,927.98,927.98,927.98,61.0,3.0,927.98
COST,2026-09-02 22:05:00+00:00,929.0,929.0,929.0,929.0,75.0,2.0,929.0
COST,2026-09-02 22:10:00+00:00,928.62,928.62,927.5921,927.5921,194.0,14.0,927.871801
COST,2026-09-02 22:15:00+00:00,928.66,928.9023,928.66,928.9023,161.0,5.0,928.822556
COST,2026-09-02 22:25:00+00:00,928.89,928.89,928.48,928.48,126.0,17.0,928.707778
COST,2026-09-02 22:30:00+00:00,928.6031,928.6031,928.6031,928.6031,52.0,2.0,928.6031
COST,2026-09-02 22:35:00+00:00,928.25,928.25,927.996,927.996,165.0,9.0,928.163605
COST,2026-09-02 22:50:00+00:00,928.49,928.49,928.49,928.49,82.0,6.0,928.49
COST,2026-09-02 22:55:00+00:00,928.96,928.96,928.96,928.96,116.0,6.0,928.96
COST,2026-09-02 23:00:00+00:00,929.0,929.0,929.0,929.0,204.0,4.0,929.0
COST,2026-09-02 23:20:00+00:00,928.32,928.32,928.31,928.31,164.0,8.0,928.313361
COST,2026-09-02 23:35:00+00:00,928.5,928.5,928.5,928.5,445.0,4.0,928.5
COST,2026-09-02 23:40:00+00:00,928.9449,928.9449,928.9449,928.9449,114.0,5.0,928.9449
COST,2026-09-02 23:45:00+00:00,928.8542,928.8542,928.8542,928.8542,102.0,3.0,928.8542
COST,2026-09-02 23:50:00+00:00,928.8893,928.8893,928.8893,928.8893,133.0,4.0,928.8893
COST,2026-09-02 23:55:00+00:00,928.85,928.85,928.85,928.85,315.0,9.0,928.85
COST,2026-09-03 08:05:00+00:00,928.98,928.98,928.98,928.98,264.0,12.0,928.98
COST,2026-09-03 08:50:00+00:00,928.08,928.08,928.08,928.08,102.0,7.0,928.08
COST,2026-09-03 10:25:00+00:00,929.84,929.9,929.84,929.9,696.0,37.0,929.88201
COST,2026-09-03 11:00:00+00:00,928.3106,928.3106,928.3106,928.3106,76.0,2.0,928.3106
COST,2026-09-03 11:30:00+00:00,928.12,928.12,928.12,928.12,60.0,1.0,928.12
COST,2026-09-03 11:35:00+00:00,928.59,928.63,928.59,928.63,130.0,12.0,928.612222
COST,2026-09-03 11:40:00+00:00,928.34,928.93,928.34,928.54,348.0,15.0,928.669703
COST,2026-09-03 12:00:00+00:00,928.94,928.94,928.94,928.94,96.0,3.0,928.94
COST,2026-09-03 12:10:00+00:00,929.0,929.0,929.0,929.0,510.0,4.0,929.0
COST,2026-09-03 12:15:00+00:00,928.99,929.0,928.99,929.0,405.0,23.0,928.997583
COST,2026-09-03 12:20:00+00:00,929.72,929.72,929.72,929.72,64.0,7.0,929.72
COST,2026-09-03 12:30:00+00:00,929.0,929.0,928.7,928.7,556.0,26.0,928.838
COST,2026-09-03 12:40:00+00:00,928.5,928.5,928.25,928.26,411.0,50.0,928.33
COST,2026-09-03 12:45:00+00:00,928.26,928.49,928.13,928.13,604.0,49.0,928.332984
COST,2026-09-03 12:50:00+00:00,928.0,928.0,927.96,928.0,654.0,70.0,927.99579
COST,2026-09-03 12:55:00+00:00,928.0,928.0,928.0,928.0,103.0,7.0,928.0
COST,2026-09-03 13:00:00+00:00,928.0,928.5,928.0,928.5,271.0,35.0,928.357143
COST,2026-09-03 13:05:00+00:00,928.0,928.0,927.01,927.01,544.0,65.0,927.479286
COST,2026-09-03 13:10:00+00:00,928.0,928.0,927.4844,927.4844,173.0,14.0,927.825811
COST,2026-09-03 13:15:00+00:00,928.5,928.5,927.01,928.36,298.0,20.0,928.068182
COST,2026-09-03 13:20:00+00:00,927.5219,928.48,927.5219,928.48,493.0,32.0,928.271814
COST,2026-09-03 13:25:00+00:00,928.0,929.9,928.0,928.0,3268.0,122.0,928.463209
COST,2026-09-03 13:30:00+00:00,927.79,929.77,920.3,921.105,85962.0,4341.0,925.199245
COST,2026-09-03 13:35:00+00:00,921.495,923.205,917.08,917.55,88538.0,5885.0,919.631695
COST,2026-09-03 13:40:00+00:00,917.525,920.87,915.31,920.87,62497.0,4247.0,917.048579
COST,2026-09-03 13:45:00+00:00,920.87,921.9899,916.29,916.755,50327.0,3026.0,918.841762
COST,2026-09-03 13:50:00+00:00,916.76,918.92,916.141,916.595,38503.0,2666.0,917.338227
COST,2026-09-03 13:55:00+00:00,916.645,918.23,916.01,917.05,28514.0,2262.0,917.176554
COST,2026-09-03 14:00:00+00:00,917.0,919.18,916.52,918.955,35447.0,2063.0,917.899417
COST,2026-09-03 14:05:00+00:00,918.6001,920.0,918.45,919.82,25639.0,1685.0,919.051088
COST,2026-09-03 14:10:00+00:00,919.91,921.35,918.88,920.031,26793.0,1786.0,920.084275
COST,2026-09-03 14:15:00+00:00,920.25,920.9699,919.59,920.784,22332.0,1663.0,920.245754
COST,2026-09-03 14:20:00+00:00,920.9459,920.9699,919.23,920.28,19940.0,1587.0,920.050507
COST,2026-09-03 14:25:00+00:00,919.85,920.665,919.51,919.68,13315.0,1501.0,919.960807
COST,2026-09-03 14:30:00+00:00,919.7064,921.22,919.324,920.295,23274.0,1763.0,920.310848
COST,2026-09-03 14:35:00+00:00,920.0,920.0,918.5,918.56,15708.0,1638.0,919.055872
COST,2026-09-03 14:40:00+00:00,918.56,919.87,918.49,919.765,18491.0,1466.0,919.051049
COST,2026-09-03 14:45:00+00:00,919.77,921.75,919.77,921.4,24002.0,1540.0,920.923926
COST,2026-09-03 14:50:00+00:00,921.505,923.55,921.36,923.02,24070.0,1558.0,922.020541
COST,2026-09-03 14:55:00+00:00,923.16,923.65,922.455,923.455,18871.0,1416.0,923.23861
COST,2026-09-03 15:00:00+00:00,923.13,925.82,922.89,925.0702,20015.0,1390.0,924.368097
COST,2026-09-03 15:05:00+00:00,925.64,926.8586,925.64,926.5,25256.0,1545.0,926.406156
COST,2026-09-03 15:10:00+00:00,926.53,927.62,926.2,926.62,18802.0,1436.0,926.988285
COST,2026-09-03 15:15:00+00:00,927.38,927.38,926.2,926.73,17242.0,1311.0,926.799902
COST,2026-09-03 15:20:00+00:00,926.7625,927.41,926.0,927.04,18299.0,1242.0,926.749682
COST,2026-09-03 15:25:00+00:00,926.67,927.59,926.04,926.97,18865.0,1322.0,926.765431
COST,2026-09-03 15:30:00+00:00,926.89,928.85,926.765,928.44,16501.0,1147.0,927.927457
COST,2026-09-03 15:35:00+00:00,928.4,928.8878,928.28,928.2801,18005.0,1246.0,928.574011
COST,2026-09-03 15:40:00+00:00,928.48,928.62,927.6801,927.9775,10321.0,972.0,928.105238
COST,2026-09-03 15:45:00+00:00,927.96,929.5,927.96,928.735,17915.0,1154.0,928.861376
COST,2026-09-03 15:50:00+00:00,928.6136,929.74,928.5901,929.56,17157.0,991.0,929.315216
COST,2026-09-03 15:55:00+00:00,929.565,929.85,929.36,929.53,13181.0,997.0,929.555104
COST,2026-09-03 16:00:00+00:00,929.33,930.11,929.33,929.435,17726.0,1288.0,929.677035
COST,2026-09-03 16:05:00+00:00,929.53,929.53,927.27,927.27,15200.0,1039.0,928.640971
COST,2026-09-03 16:10:00+00:00,927.275,927.275,926.14,926.975,15443.0,1070.0,926.668391
COST,2026-09-03 16:15:00+00:00,927.0585,927.27,926.19,926.66,11716.0,836.0,926.744269
COST,2026-09-03 16:20:00+00:00,926.44,928.34,926.43,927.41,8582.0,720.0,927.242742
COST,2026-09-03 16:25:00+00:00,927.34,927.42,926.6303,926.6303,7343.0,703.0,926.99441
COST,2026-09-03 16:30:00+00:00,926.718,927.6,926.5,927.6,12492.0,878.0,927.051038
COST,2026-09-03 16:35:00+00:00,927.18,927.92,927.13,927.575,8256.0,798.0,927.468361
COST,2026-09-03 16:40:00+00:00,927.575,928.0,926.8328,927.715,9384.0,804.0,927.284278
COST,2026-09-03 16:45:00+00:00,927.685,928.44,927.4212,928.44,9544.0,757.0,927.908138
COST,2026-09-03 16:50:00+00:00,928.48,929.1,928.29,928.771,10847.0,686.0,928.706819
COST,2026-09-03 16:55:00+00:00,928.605,928.71,927.72,927.995,6867.0,711.0,928.187504
COST,2026-09-03 17:00:00+00:00,927.995,928.52,927.76,927.84,7390.0,684.0,928.090411
COST,2026-09-03 17:05:00+00:00,928.0125,928.72,928.0125,928.57,6095.0,516.0,928.382885
COST,2026-09-03 17:10:00+00:00,928.57,928.74,928.14,928.16,9532.0,680.0,928.423928
COST,2026-09-03 17:15:00+00:00,928.36,928.36,927.57,928.08,5930.0,531.0,927.917044
COST,2026-09-03 17:20:00+00:00,928.075,929.1,927.84,928.93,13074.0,698.0,928.576574
COST,2026-09-03 17:25:00+00:00,928.93,929.0157,928.44,928.95,9474.0,952.0,928.738658
COST,2026-09-03 17:30:00+00:00,928.635,929.49,928.55,929.32,7835.0,749.0,929.049923
COST,2026-09-03 17:35:00+00:00,929.58,929.635,928.4009,928.62,9364.0,875.0,929.003486
COST,2026-09-03 17:40:00+00:00,928.62,929.12,928.36,928.965,7294.0,719.0,928.798913
COST,2026-09-03 17:45:00+00:00,928.96,929.11,928.29,928.29,9340.0,657.0,928.744533
COST,2026-09-03 17:50:00+00:00,928.27,929.01,927.79,929.005,8430.0,1385.0,928.326317
COST,2026-09-03 17:55:00+00:00,928.98,929.46,928.63,929.212,9158.0,718.0,929.133085
COST,2026-09-03 18:00:00+00:00,929.5,930.33,929.02,929.27,23296.0,900.0,929.548061
COST,2026-09-03 18:05:00+00:00,929.3186,929.9,929.22,929.65,28875.0,944.0,929.515771
COST,2026-09-03 18:10:00+00:00,929.705,930.76,929.51,930.2651,14307.0,877.0,930.326702
COST,2026-09-03 18:15:00+00:00,930.44,930.65,929.4901,929.84,9769.0,686.0,930.084754
COST,2026-09-03 18:20:00+00:00,929.67,930.5,929.67,930.2175,16673.0,901.0,930.043591
COST,2026-09-03 18:25:00+00:00,930.195,930.3,929.22,929.375,16589.0,813.0,929.633031
COST,2026-09-03 18:30:00+00:00,929.455,929.51,927.465,927.465,16780.0,975.0,928.385255
COST,2026-09-03 18:35:00+00:00,927.425,928.66,926.93,928.015,17415.0,861.0,927.619665
COST,2026-09-03 18:40:00+00:00,927.81,928.1011,927.0,927.205,13360.0,883.0,927.661963
COST,2026-09-03 18:45:00+00:00,927.01,927.54,926.15,926.17,33876.0,1207.0,926.744433
COST,2026-09-03 18:50:00+00:00,926.38,927.02,925.8001,926.952,14350.0,989.0,926.320677
COST,2026-09-03 18:55:00+00:00,926.89,927.37,926.37,926.705,21781.0,1043.0,926.900806
COST,2026-09-03 19:00:00+00:00,926.72,927.07,926.1255,927.0,14463.0,932.0,926.790952
COST,2026-09-03 19:05:00+00:00,926.99,928.24,926.9148,927.845,26485.0,1112.0,927.462515
COST,2026-09-03 19:10:00+00:00,927.97,928.63,927.5113,927.88,11919.0,929.0,927.944947
COST,2026-09-03 19:15:00+00:00,927.9,928.39,927.2,927.68,11467.0,905.0,927.756169
COST,2026-09-03 19:20:00+00:00,927.68,928.31,927.18,928.0,17150.0,1101.0,927.863184
COST,2026-09-03 19:25:00+00:00,928.12,928.12,926.14,926.145,13924.0,1131.0,927.167846
COST,2026-09-03 19:30:00+00:00,926.135,927.8734,926.135,926.815,21485.0,1297.0,926.662923
COST,2026-09-03 19:35:00+00:00,926.81,927.15,925.79,925.94,19052.0,1341.0,926.595538
COST,2026-09-03 19:40:00+00:00,925.835,926.4648,925.28,925.615,23900.0,1484.0,925.80844
COST,2026-09-03 19:45:00+00:00,925.5,925.545,924.22,924.725,27898.0,1880.0,924.861134
COST,2026-09-03 19:50:00+00:00,925.31,925.77,924.63,925.605,34234.0,2139.0,925.157058
COST,2026-09-03 19:55:00+00:00,925.81,926.24,924.415,925.35,156297.0,6545.0,925.121089
COST,2026-09-03 20:00:00+00:00,925.41,926.659,924.9,926.659,398343.0,174.0,925.41011
COST,2026-09-03 20:05:00+00:00,925.41,925.41,925.41,925.41,55019.0,27.0,925.41
COST,2026-09-03 20:10:00+00:00,925.8085,925.8085,925.59,925.59,689.0,46.0,925.713582
COST,2026-09-03 20:15:00+00:00,925.0,925.0,925.0,925.0,63.0,9.0,925.0
COST,2026-09-03 20:20:00+00:00,925.4842,925.4842,925.48,925.48,404.0,12.0,925.48196
COST,2026-09-03 20:50:00+00:00,925.2479,925.48,925.2479,925.48,170.0,10.0,925.3745
COST,2026-09-03 20:55:00+00:00,926.0,926.0,926.0,926.0,317.0,2.0,926.0
COST,2026-09-03 21:10:00+00:00,925.52,925.52,925.51,925.51,269.0,35.0,925.517906
COST,2026-09-03 21:25:00+00:00,926.6,926.6,926.6,926.6,253.0,4.0,926.6
COST,2026-09-03 22:05:00+00:00,925.35,925.35,925.35,925.35,92.0,3.0,925.35
COST,2026-09-03 22:10:00+00:00,925.4,925.4,925.4,925.4,249.0,18.0,925.4
COST,2026-09-03 22:15:00+00:00,925.39,925.39,925.39,925.39,104.0,6.0,925.39
COST,2026-09-03 22:20:00+00:00,926.02,926.02,926.02,926.02,237.0,3.0,926.02
COST,2026-09-03 22:35:00+00:00,925.9184,925.9184,925.9184,925.9184,51.0,2.0,925.9184
COST,2026-09-03 22:40:00+00:00,925.51,925.51,925.51,925.51,60.0,1.0,925.51
COST,2026-09-03 22:45:00+00:00,925.51,925.51,925.51,925.51,164.0,8.0,925.51
COST,2026-09-03 22:55:00+00:00,925.25,925.25,925.25,925.25,50.0,2.0,925.25
COST,2026-09-03 23:00:00+00:00,925.47,925.47,925.25,925.25,230.0,5.0,925.431739
COST,2026-09-03 23:05:00+00:00,925.4,925.4,925.4,925.4,57.0,6.0,925.4
COST,2026-09-04 08:00:00+00:00,927.0,927.0,927.0,927.0,346.0,97.0,927.0
COST,2026-09-04 09:45:00+00:00,926.0,926.0,926.0,926.0,50.0,1.0,926.0
COST,2026-09-04 10:00:00+00:00,926.39,926.39,926.39,926.39,76.0,9.0,926.39
COST,2026-09-04 10:40:00+00:00,925.0,925.0,924.99,924.99,93.0,5.0,924.995556
COST,2026-09-04 11:00:00+00:00,924.62,925.0,924.62,925.0,262.0,11.0,924.933333
COST,2026-09-04 11:05:00+00:00,924.0,924.0,924.0,924.0,69.0,5.0,924.0
COST,2026-09-04 11:15:00+00:00,926.98,926.98,926.98,926.98,227.0,3.0,926.98
COST,2026-09-04 11:35:00+00:00,925.0,925.0,925.0,925.0,268.0,18.0,925.0
COST,2026-09-04 12:00:00+00:00,925.5,925.5,925.5,925.5,108.0,15.0,925.5
COST,2026-09-04 12:05:00+00:00,924.99,925.4625,923.85,925.4625,3909.0,56.0,924.892425
COST,2026-09-04 12:10:00+00:00,925.4055,925.4055,923.8,923.8,201.0,14.0,924.335167
COST,2026-09-04 12:15:00+00:00,923.7,924.2238,922.8,922.8,584.0,74.0,923.452712
COST,2026-09-04 12:25:00+00:00,923.75,923.75,923.5,923.5,151.0,8.0,923.664815
COST,2026-09-04 12:30:00+00:00,922.7,922.7,921.216,922.5,789.0,89.0,922.180533
COST,2026-09-04 12:35:00+00:00,923.2995,923.5,923.2995,923.5,236.0,23.0,923.360764
COST,2026-09-04 12:40:00+00:00,923.97,925.0,923.97,925.0,303.0,19.0,924.4925
COST,2026-09-04 12:50:00+00:00,923.8466,924.5739,923.8466,924.5739,247.0,10.0,924.06884
COST,2026-09-04 12:55:00+00:00,924.44,924.44,924.44,924.44,101.0,2.0,924.44
COST,2026-09-04 13:00:00+00:00,924.39,924.45,924.22,924.22,227.0,17.0,924.369
COST,2026-09-04 13:05:00+00:00,923.4588,923.4588,923.4588,923.4588,115.0,5.0,923.4588
COST,2026-09-04 13:15:00+00:00,923.2,924.0,923.2,924.0,335.0,24.0,923.354839
COST,2026-09-04 13:20:00+00:00,923.19,923.5,923.0,923.5,516.0,29.0,923.38533
COST,2026-09-04 13:25:00+00:00,925.9,925.99,923.62,924.11,2985.0,199.0,924.299486
COST,2026-09-04 13:30:00+00:00,924.11,928.04,924.11,926.37,51156.0,2287.0,925.895057
COST,2026-09-04 13:35:00+00:00,924.26,926.75,923.5,926.75,16361.0,1118.0,924.721886
COST,2026-09-04 13:40:00+00:00,926.6023,926.6023,925.36,926.09,21024.0,976.0,925.975605
COST,2026-09-04 13:45:00+00:00,925.7,926.43,924.52,924.97,11642.0,930.0,925.575922
COST,2026-09-04 13:50:00+00:00,925.07,925.88,924.4801,925.88,9084.0,856.0,925.083529
COST,2026-09-04 13:55:00+00:00,925.8799,925.8799,923.31,923.92,20365.0,1066.0,924.592293
COST,2026-09-04 14:00:00+00:00,923.92,924.21,921.3495,921.765,16299.0,1381.0,922.955919
COST,2026-09-04 14:05:00+00:00,921.76,923.63,921.5201,922.975,14376.0,1161.0,922.754929
COST,2026-09-04 14:10:00+00:00,922.97,922.9731,921.23,921.475,21713.0,1567.0,921.894411
COST,2026-09-04 14:15:00+00:00,921.615,921.625,920.5,920.93,21457.0,1517.0,921.08137
COST,2026-09-04 14:20:00+00:00,920.95,921.42,920.08,920.8075,27123.0,1703.0,920.889459
COST,2026-09-04 14:25:00+00:00,920.71,920.75,918.1946,918.325,31499.0,2576.0,919.800766
COST,2026-09-04 14:30:00+00:00,918.375,918.98,917.14,918.34,29827.0,2374.0,918.226179
COST,2026-09-04 14:35:00+00:00,918.33,918.71,918.0,918.1999,15981.0,1629.0,918.330621
COST,2026-09-04 14:40:00+00:00,917.73,918.13,916.78,917.23,34745.0,2268.0,917.248575
COST,2026-09-04 14:45:00+00:00,917.23,918.09,917.07,917.68,19284.0,1648.0,917.490495
COST,2026-09-04 14:50:00+00:00,917.6,918.15,917.21,917.56,22561.0,1371.0,917.762691
COST,2026-09-04 14:55:00+00:00,917.7,917.8099,916.3701,917.04,21307.0,1954.0,917.030445
COST,2026-09-04 15:00:00+00:00,917.03,917.41,916.4,916.5,23417.0,1593.0,916.814278
COST,2026-09-04 15:05:00+00:00,916.38,917.12,916.31,916.4,29946.0,1316.0,916.61205
COST,2026-09-04 15:10:00+00:00,916.39,917.25,916.03,916.72,19439.0,1471.0,916.343884
COST,2026-09-04 15:15:00+00:00,916.77,917.1342,916.26,916.89,14882.0,1476.0,916.662404
COST,2026-09-04 15:20:00+00:00,916.7943,917.295,916.5,917.08,14136.0,1263.0,916.841839
COST,2026-09-04 15:25:00+00:00,917.01,917.175,916.42,916.42,11113.0,1221.0,916.800105
COST,2026-09-04 15:30:00+00:00,916.695,916.755,915.88,916.64,27938.0,2162.0,916.202186
COST,2026-09-04 15:35:00+00:00,916.64,916.8799,916.1,916.25,8700.0,990.0,916.61258
COST,2026-09-04 15:40:00+00:00,916.26,916.6067,915.76,916.04,17199.0,1437.0,916.071458
COST,2026-09-04 15:45:00+00:00,916.0,916.1298,915.65,915.7819,17240.0,1254.0,915.952414
COST,2026-09-04 15:50:00+00:00,915.685,916.06,914.81,915.24,52164.0,3646.0,915.241163
COST,2026-09-04 15:55:00+00:00,915.08,915.3695,914.55,915.02,18053.0,1464.0,914.99186
COST,2026-09-04 16:00:00+00:00,915.06,915.4,914.54,915.17,59771.0,1465.0,915.062877
COST,2026-09-04 16:05:00+00:00,915.17,915.42,914.9,914.9,9409.0,1191.0,915.145144
COST,2026-09-04 16:10:00+00:00,914.88,915.67,914.86,915.67,15755.0,1221.0,915.197896
COST,2026-09-04 16:15:00+00:00,915.51,915.79,915.23,915.56,9369.0,961.0,915.504138
COST,2026-09-04 16:20:00+00:00,915.615,916.03,915.5,915.8899,11584.0,1004.0,915.767154
COST,2026-09-04 16:25:00+00:00,915.58,915.7399,915.27,915.35,14131.0,1106.0,915.512015
COST,2026-09-04 16:30:00+00:00,915.25,915.9497,914.76,915.79,14257.0,1295.0,915.268236
COST,2026-09-04 16:35:00+00:00,915.775,915.9,915.45,915.67,11143.0,866.0,915.62388
COST,2026-09-04 16:40:00+00:00,915.855,916.1,915.49,915.58,9533.0,968.0,915.756954
COST,2026-09-04 16:45:00+00:00,915.55,915.9708,915.55,915.899,8905.0,831.0,915.752917
COST,2026-09-04 16:50:00+00:00,915.76,916.08,915.72,915.81,9430.0,844.0,915.903579
COST,2026-09-04 16:55:00+00:00,915.925,916.95,915.91,916.68,16384.0,962.0,916.172802
COST,2026-09-04 17:00:00+00:00,916.5,917.56,916.37,917.3505,14208.0,909.0,916.991601
COST,2026-09-04 17:05:00+00:00,917.27,917.8,917.2325,917.32,13495.0,782.0,917.379543
COST,2026-09-04 17:10:00+00:00,917.39,917.58,916.85,917.38,12022.0,816.0,917.230939
COST,2026-09-04 17:15:00+00:00,917.5,917.6,917.06,917.2284,12334.0,835.0,917.336137
COST,2026-09-04 17:20:00+00:00,917.16,917.39,916.82,917.2,14918.0,894.0,917.108024
COST,2026-09-04 17:25:00+00:00,917.27,917.39,916.65,916.6501,10157.0,775.0,917.021721
COST,2026-09-04 17:30:00+00:00,916.925,917.39,916.84,917.38,8966.0,727.0,917.099035
COST,2026-09-04 17:35:00+00:00,917.46,917.5999,916.78,917.0,7873.0,693.0,917.096396
COST,2026-09-04 17:40:00+00:00,916.9,916.98,916.61,916.8275,12276.0,712.0,916.814235
COST,2026-09-04 17:45:00+00:00,916.865,917.12,916.46,916.7,16512.0,1920.0,916.741874
COST,2026-09-04 17:50:00+00:00,916.61,916.89,916.38,916.52,9212.0,816.0,916.65355
COST,2026-09-04 17:55:00+00:00,916.46,916.4601,915.7701,915.95,11950.0,1020.0,916.05304
COST,2026-09-04 18:00:00+00:00,915.88,916.32,915.81,915.835,8948.0,891.0,916.065029
COST,2026-09-04 18:05:00+00:00,915.9,916.2146,915.3,915.45,19806.0,1172.0,915.717323
COST,2026-09-04 18:10:00+00:00,915.35,915.74,915.27,915.58,14829.0,959.0,915.503644
COST,2026-09-04 18:15:00+00:00,915.485,915.5,915.21,915.32,13259.0,1027.0,915.341053
COST,2026-09-04 18:20:00+00:00,915.32,916.0599,915.18,915.82,16554.0,1069.0,915.744312
COST,2026-09-04 18:25:00+00:00,915.79,915.99,915.4,915.875,14761.0,1060.0,915.70387
COST,2026-09-04 18:30:00+00:00,915.775,916.24,915.63,916.1,15196.0,976.0,915.914123
COST,2026-09-04 18:35:00+00:00,915.95,916.05,915.6,915.77,9153.0,897.0,915.853192
COST,2026-09-04 18:40:00+00:00,915.9313,916.63,915.7301,916.57,53858.0,1168.0,916.17092
COST,2026-09-04 18:45:00+00:00,916.51,917.37,916.36,917.09,18261.0,1050.0,916.806352
COST,2026-09-04 18:50:00+00:00,916.9904,917.155,916.49,916.9525,12289.0,926.0,916.890754
COST,2026-09-04 18:55:00+00:00,916.945,917.1899,916.65,916.78,9211.0,874.0,916.939932
COST,2026-09-04 19:00:00+00:00,916.63,917.1599,916.63,917.01,12837.0,1035.0,916.908847
COST,2026-09-04 19:05:00+00:00,916.8501,917.19,916.26,916.43,12088.0,1028.0,916.652621
COST,2026-09-04 19:10:00+00:00,916.78,917.65,916.6117,917.645,16150.0,1084.0,917.183401
COST,2026-09-04 19:15:00+00:00,917.665,918.13,917.37,917.96,21251.0,1316.0,917.819297
COST,2026-09-04 19:20:00+00:00,917.855,917.89,917.44,917.55,12366.0,989.0,917.658117
COST,2026-09-04 19:25:00+00:00,917.545,918.1,917.4102,917.62,20624.0,1270.0,917.829021
COST,2026-09-04 19:30:00+00:00,917.62,917.74,916.5,916.79,24066.0,1692.0,917.077722
COST,2026-09-04 19:35:00+00:00,916.825,916.9999,916.1,916.1,17223.0,1510.0,916.525648
COST,2026-09-04 19:40:00+00:00,916.22,916.9175,916.06,916.06,20345.0,1590.0,916.529124
COST,2026-09-04 19:45:00+00:00,916.06,916.395,915.6,915.9,37975.0,2074.0,915.993659
COST,2026-09-04 19:50:00+00:00,915.76,916.58,914.69,915.67,83995.0,4428.0,915.267672
COST,2026-09-04 19:55:00+00:00,915.61,916.17,914.78,915.54,157855.0,6982.0,915.461826
COST,2026-09-04 20:00:00+00:00,915.6,916.25,915.6,916.25,361330.0,199.0,915.740065
COST,2026-09-04 20:05:00+00:00,915.75,915.76,915.6944,915.76,931.0,54.0,915.736178
COST,2026-09-04 20:10:00+00:00,915.74,915.74,915.74,915.74,36776.0,7.0,915.74
COST,2026-09-04 20:15:00+00:00,915.74,915.8,915.74,915.8,1193.0,22.0,915.742643
COST,2026-09-04 20:20:00+00:00,915.77,916.0,915.77,916.0,299.0,25.0,915.836452
COST,2026-09-04 20:25:00+00:00,915.76,916.0,915.76,916.0,284.0,14.0,915.802478
COST,2026-09-04 20:45:00+00:00,916.0,916.0,915.972,915.972,116.0,9.0,915.986
COST,2026-09-04 21:00:00+00:00,915.9579,915.9579,915.7887,915.7887,301.0,11.0,915.829541
COST,2026-09-04 21:05:00+00:00,915.9358,916.17,915.9358,916.17,679.0,32.0,916.024625
COST,2026-09-04 21:10:00+00:00,916.1922,916.1922,916.1922,916.1922,1017.0,5.0,916.1922
COST,2026-09-04 21:15:00+00:00,916.25,916.25,916.25,916.25,557.0,6.0,916.25
COST,2026-09-04 21:20:00+00:00,916.25,916.25,915.98,915.98,18865.0,18.0,916.205
COST,2026-09-04 21:45:00+00:00,915.9292,915.9292,915.9292,915.9292,204.0,5.0,915.9292
COST,2026-09-04 22:00:00+00:00,916.1375,916.1375,916.1375,916.1375,116.0,4.0,916.1375
COST,2026-09-04 22:05:00+00:00,916.1725,916.1725,916.1725,916.1725,65.0,4.0,916.1725
COST,2026-09-04 22:10:00+00:00,916.2008,916.2008,916.15,916.15,371.0,13.0,916.163226
COST,2026-09-04 22:20:00+00:00,916.25,916.25,916.2499,916.2499,244.0,4.0,916.24996
COST,2026-09-04 22:35:00+00:00,916.25,916.25,916.25,916.25,106.0,3.0,916.25
COST,2026-09-04 22:45:00+00:00,916.45,916.45,916.45,916.45,91.0,2.0,916.45
COST,2026-09-04 22:55:00+00:00,916.44,916.44,916.4,916.4,151.0,13.0,916.417778
COST,2026-09-04 23:05:00+00:00,916.0852,916.19,916.0852,916.19,265.0,29.0,916.115143
COST,2026-09-04 23:10:00+00:00,916.2,916.2,916.2,916.2,50.0,2.0,916.2
COST,2026-09-04 23:25:00+00:00,916.2,916.2,916.2,916.2,71.0,5.0,916.2
COST,2026-09-04 23:50:00+00:00,916.2,916.2,916.2,916.2,211.0,5.0,916.2
COST,2026-09-04 23:55:00+00:00,916.32,916.32,916.0,916.0,185.0,11.0,916.178407
COST,2026-09-08 08:00:00+00:00,914.49,914.49,912.4,912.8,5692.0,656.0,913.302949
COST,2026-09-08 08:40:00+00:00,912.48,912.48,912.48,912.48,56.0,11.0,912.48
COST,2026-09-08 08:45:00+00:00,912.05,912.05,912.02,912.02,348.0,32.0,912.028276
COST,2026-09-08 08:55:00+00:00,912.54,912.55,912.48,912.48,165.0,6.0,912.518188
COST,2026-09-08 09:00:00+00:00,912.33,912.33,912.33,912.33,131.0,5.0,912.33
COST,2026-09-08 09:10:00+00:00,912.96,913.0,912.96,913.0,197.0,11.0,912.984211
COST,2026-09-08 10:35:00+00:00,912.77,912.77,912.65,912.65,196.0,15.0,912.715946
COST,2026-09-08 10:40:00+00:00,912.0,912.0,912.0,912.0,446.0,30.0,912.0
COST,2026-09-08 10:45:00+00:00,911.5,911.5,911.5,911.5,130.0,38.0,911.5
COST,2026-09-08 11:00:00+00:00,912.42,914.73,912.42,914.0,4990.0,268.0,913.90369
COST,2026-09-08 11:05:00+00:00,914.0,914.0,914.0,914.0,56.0,3.0,914.0
COST,2026-09-08 11:10:00+00:00,914.281,914.281,914.281,914.281,105.0,5.0,914.281
COST,2026-09-08 11:15:00+00:00,914.22,914.22,914.22,914.22,92.0,3.0,914.22
COST,2026-09-08 11:20:00+00:00,914.0,914.0,914.0,914.0,182.0,8.0,914.0
COST,2026-09-08 11:30:00+00:00,914.13,914.13,914.0,914.0,82.0,4.0,914.065
COST,2026-09-08 12:00:00+00:00,913.95,913.99,913.95,913.99,185.0,13.0,913.976846
COST,2026-09-08 12:10:00+00:00,913.6034,913.6034,913.6034,913.6034,53.0,4.0,913.6034
COST,2026-09-08 12:35:00+00:00,913.94,914.0,913.94,914.0,418.0,34.0,913.983846
COST,2026-09-08 12:40:00+00:00,915.6,915.6,915.6,915.6,52.0,8.0,915.6
COST,2026-09-08 12:45:00+00:00,915.0,915.0,915.0,915.0,66.0,5.0,915.0
COST,2026-09-08 12:50:00+00:00,915.09,915.09,915.09,915.09,85.0,9.0,915.09
COST,2026-09-08 12:55:00+00:00,914.84,914.84,914.84,914.84,85.0,6.0,914.84
COST,2026-09-08 13:00:00+00:00,914.94,914.94,914.3,914.38,686.0,48.0,914.503877
COST,2026-09-08 13:05:00+00:00,914.5,914.5,914.0,914.44,309.0,20.0,914.290535
COST,2026-09-08 13:10:00+00:00,914.06,914.06,913.8,913.884,666.0,57.0,913.900769
COST,2026-09-08 13:15:00+00:00,913.89,913.89,913.89,913.89,89.0,10.0,913.89
COST,2026-09-08 13:20:00+00:00,913.6,913.6,913.6,913.6,236.0,9.0,913.6
COST,2026-09-08 13:25:00+00:00,913.64,913.64,912.5,912.5,989.0,124.0,912.832353
COST,2026-09-08 13:30:00+00:00,912.4,915.1,909.09,909.5,110848.0,7407.0,912.118576
COST,2026-09-08 13:35:00+00:00,909.25,911.54,909.229,911.17,42211.0,2432.0,910.374544
COST,2026-09-08 13:40:00+00:00,911.115,912.7287,910.0,912.465,22729.0,1968.0,911.141194
COST,2026-09-08 13:45:00+00:00,912.465,912.99,910.5039,910.5039,16786.0,1692.0,912.020875
COST,2026-09-08 13:50:00+00:00,910.6625,911.12,909.75,910.22,23002.0,2012.0,910.304919
COST,2026-09-08 13:55:00+00:00,910.37,911.81,910.37,911.555,22315.0,1670.0,911.281151
COST,2026-09-08 14:00:00+00:00,911.57,913.0,911.555,912.505,29913.0,1859.0,912.286548
COST,2026-09-08 14:05:00+00:00,912.146,912.23,910.5,911.64,30639.0,1847.0,911.134821
COST,2026-09-08 14:10:00+00:00,911.3,913.51,910.35,913.465,22379.0,1856.0,911.245075
COST,2026-09-08 14:15:00+00:00,913.51,915.13,912.08,913.91,46180.0,2536.0,914.211277
COST,2026-09-08 14:20:00+00:00,914.06,914.13,912.17,912.5714,26586.0,2348.0,913.136892
COST,2026-09-08 14:25:00+00:00,912.75,912.92,911.56,912.64,22129.0,2461.0,912.246461
COST,2026-09-08 14:30:00+00:00,912.75,913.63,912.28,913.24,15160.0,1998.0,912.902467
COST,2026-09-08 14:35:00+00:00,913.45,914.31,912.89,912.89,18260.0,1739.0,913.763919
COST,2026-09-08 14:40:00+00:00,912.88,913.4,912.375,912.45,21667.0,1533.0,912.781908
COST,2026-09-08 14:45:00+00:00,912.4,912.5297,910.73,911.285,33181.0,1760.0,911.71536
COST,2026-09-08 14:50:00+00:00,911.285,911.77,910.4,910.4,17548.0,1692.0,911.136416
COST,2026-09-08 14:55:00+00:00,910.4,910.785,909.91,910.29,29385.0,2504.0,910.259171
COST,2026-09-08 15:00:00+00:00,910.29,910.79,909.5,910.0,33405.0,1942.0,910.08453
COST,2026-09-08 15:05:00+00:00,910.1925,910.1925,909.33,909.505,31462.0,1967.0,909.648952
COST,2026-09-08 15:10:00+00:00,909.505,910.57,909.35,910.2175,24459.0,1798.0,910.032428
COST,2026-09-08 15:15:00+00:00,910.215,910.44,908.41,909.08,51201.0,3664.0,909.185404
COST,2026-09-08 15:20:00+00:00,909.02,909.48,908.76,908.905,18850.0,1656.0,909.146554
COST,2026-09-08 15:25:00+00:00,909.01,909.34,907.24,907.24,43255.0,3276.0,908.282157
COST,2026-09-08 15:30:00+00:00,907.27,908.37,907.27,908.15,23653.0,1980.0,907.825106
COST,2026-09-08 15:35:00+00:00,908.0001,909.0,907.83,908.75,16080.0,1390.0,908.27816
COST,2026-09-08 15:40:00+00:00,908.613,909.15,908.51,908.675,14037.0,1246.0,908.80267
COST,2026-09-08 15:45:00+00:00,908.51,908.855,908.0,908.09,12286.0,1369.0,908.388381
COST,2026-09-08 15:50:00+00:00,908.01,908.3399,907.75,907.82,17082.0,1458.0,908.090604
COST,2026-09-08 15:55:00+00:00,907.845,908.08,906.7,906.85,33160.0,2541.0,907.424561
COST,2026-09-08 16:00:00+00:00,906.7,907.06,906.26,906.35,25577.0,1903.0,906.68042
COST,2026-09-08 16:05:00+00:00,906.4687,906.7,906.1,906.595,22142.0,1618.0,906.478334
COST,2026-09-08 16:10:00+00:00,906.595,908.5,906.5414,908.5,29129.0,1677.0,907.394598
COST,2026-09-08 16:15:00+00:00,908.4,908.6,908.02,908.11,14229.0,1110.0,908.288446
COST,2026-09-08 16:20:00+00:00,908.01,908.79,908.0,908.715,10461.0,1201.0,908.469194
COST,2026-09-08 16:25:00+00:00,908.78,909.36,908.7,909.36,17866.0,1120.0,909.035334
COST,2026-09-08 16:30:00+00:00,909.14,909.26,908.45,908.685,12769.0,1053.0,908.859322
COST,2026-09-08 16:35:00+00:00,908.68,908.85,908.3311,908.615,12857.0,898.0,908.573263
COST,2026-09-08 16:40:00+00:00,908.4863,909.197,908.45,908.93,12047.0,970.0,908.726943
COST,2026-09-08 16:45:00+00:00,908.91,908.93,908.55,908.56,14436.0,861.0,908.742449
COST,2026-09-08 16:50:00+00:00,908.54,908.79,908.3819,908.48,11789.0,1058.0,908.568234
COST,2026-09-08 16:55:00+00:00,908.48,908.48,907.9,908.29,15975.0,1560.0,908.238984
COST,2026-09-08 17:00:00+00:00,908.23,908.389,907.6593,908.34,10345.0,958.0,908.022733
COST,2026-09-08 17:05:00+00:00,908.225,908.995,908.21,908.5,8818.0,900.0,908.611725
COST,2026-09-08 17:10:00+00:00,908.645,908.645,907.9,908.29,9603.0,933.0,908.287582
COST,2026-09-08 17:15:00+00:00,908.25,909.1,908.15,908.95,12547.0,1062.0,908.486408
COST,2026-09-08 17:20:00+00:00,908.97,909.19,908.305,909.02,12607.0,813.0,908.773419
COST,2026-09-08 17:25:00+00:00,908.92,909.69,908.855,909.42,9981.0,728.0,909.327522
COST,2026-09-08 17:30:00+00:00,909.47,909.83,909.47,909.8,9093.0,790.0,909.711624
COST,2026-09-08 17:35:00+00:00,909.7499,909.75,909.27,909.66,12561.0,933.0,909.584199
COST,2026-09-08 17:40:00+00:00,909.65,909.78,909.34,909.475,14342.0,1106.0,909.557956
COST,2026-09-08 17:45:00+00:00,909.48,909.555,908.71,909.555,13624.0,1116.0,909.202275
COST,2026-09-08 17:50:00+00:00,909.465,909.86,909.2601,909.48,11416.0,885.0,909.570502
COST,2026-09-08 17:55:00+00:00,909.5,909.96,909.2618,909.95,15539.0,2641.0,909.704375
COST,2026-09-08 18:00:00+00:00,909.96,910.33,909.69,909.69,11076.0,990.0,910.048243
COST,2026-09-08 18:05:00+00:00,909.75,909.99,909.3475,909.535,11001.0,926.0,909.655451
COST,2026-09-08 18:10:00+00:00,909.535,910.69,909.535,910.69,11641.0,1006.0,909.897924
COST,2026-09-08 18:15:00+00:00,910.57,910.58,909.65,909.65,17602.0,1031.0,910.155744
COST,2026-09-08 18:20:00+00:00,909.695,909.99,909.41,909.44,8716.0,901.0,909.661009
COST,2026-09-08 18:25:00+00:00,909.44,909.53,908.87,909.01,13843.0,1056.0,909.210453
COST,2026-09-08 18:30:00+00:00,909.08,909.15,908.16,908.55,12314.0,980.0,908.682801
COST,2026-09-08 18:35:00+00:00,908.51,908.62,908.15,908.345,7958.0,884.0,908.46637
COST,2026-09-08 18:40:00+00:00,908.36,909.37,908.3262,909.24,11025.0,952.0,908.719384
COST,2026-09-08 18:45:00+00:00,909.24,909.73,908.7,909.085,16897.0,1177.0,909.201873
COST,2026-09-08 18:50:00+00:00,909.15,910.05,909.0908,909.8863,10651.0,951.0,909.60187
COST,2026-09-08 18:55:00+00:00,909.72,910.4154,909.23,909.23,11673.0,932.0,909.92518
COST,2026-09-08 19:00:00+00:00,909.23,909.35,908.82,909.195,10223.0,990.0,909.159406
COST,2026-09-08 19:05:00+00:00,909.25,910.33,909.2,910.03,10984.0,992.0,909.65788
COST,2026-09-08 19:10:00+00:00,910.1,910.6099,909.955,909.955,14513.0,974.0,910.361022
COST,2026-09-08 19:15:00+00:00,909.895,910.5,909.8259,910.1001,15990.0,1080.0,910.129539
COST,2026-09-08 19:20:00+00:00,910.28,910.3999,909.9774,910.17,10006.0,929.0,910.1991
COST,2026-09-08 19:25:00+00:00,910.22,910.43,909.8669,910.2,11385.0,1112.0,910.181582
COST,2026-09-08 19:30:00+00:00,910.205,910.71,910.03,910.63,23597.0,1427.0,910.33255
COST,2026-09-08 19:35:00+00:00,910.6,910.73,909.66,910.285,17709.0,1323.0,910.346219
COST,2026-09-08 19:40:00+00:00,910.22,910.67,909.85,910.26,21549.0,1441.0,910.295689
COST,2026-09-08 19:45:00+00:00,910.115,910.55,909.76,909.76,18779.0,1314.0,910.339085
COST,2026-09-08 19:50:00+00:00,909.61,910.17,908.95,909.89,52834.0,3257.0,909.511997
COST,2026-09-08 19:55:00+00:00,909.97,910.69,909.29,910.13,111362.0,5602.0,910.140507
COST,2026-09-08 20:00:00+00:00,910.18,910.5,910.18,910.24,524974.0,164.0,910.18012
COST,2026-09-08 20:10:00+00:00,910.18,910.18,910.18,910.18,31412.0,6.0,910.18
COST,2026-09-08 20:25:00+00:00,910.25,910.32,910.25,910.32,214.0,8.0,910.283816
COST,2026-09-08 20:40:00+00:00,910.2,910.2,910.2,910.2,258.0,7.0,910.2
COST,2026-09-08 21:10:00+00:00,910.1,910.12,910.0501,910.12,240.0,49.0,910.089059
COST,2026-09-08 21:20:00+00:00,910.18,910.18,910.12,910.12,302.0,20.0,910.16
COST,2026-09-08 21:25:00+00:00,910.15,910.15,910.15,910.15,326.0,10.0,910.15
COST,2026-09-08 21:30:00+00:00,910.15,910.15,910.15,910.15,554.0,4.0,910.15
COST,2026-09-08 21:35:00+00:00,910.23,910.23,910.23,910.23,53.0,5.0,910.23
COST,2026-09-08 21:45:00+00:00,910.25,910.25,910.25,910.25,50.0,1.0,910.25
COST,2026-09-08 21:55:00+00:00,910.21,910.21,910.2,910.2,234.0,9.0,910.202105
COST,2026-09-08 22:00:00+00:00,910.2,910.2,910.2,910.2,210.0,7.0,910.2
COST,2026-09-08 22:05:00+00:00,910.2,910.2,910.2,910.2,69.0,3.0,910.2
COST,2026-09-08 22:10:00+00:00,910.24,910.24,910.24,910.24,63.0,4.0,910.24
COST,2026-09-08 22:20:00+00:00,910.2,910.23,910.2,910.23,578.0,25.0,910.202464
COST,2026-09-08 22:35:00+00:00,910.07,910.07,910.07,910.07,110.0,4.0,910.07
COST,2026-09-08 22:40:00+00:00,910.16,910.25,910.16,910.25,113.0,9.0,910.21
COST,2026-09-08 22:45:00+00:00,910.1682,910.1682,910.1682,910.1682,65.0,7.0,910.1682
COST,2026-09-08 22:55:00+00:00,910.32,910.32,910.32,910.32,220.0,2.0,910.32
COST,2026-09-08 23:00:00+00:00,910.11,910.11,910.0,910.0,593.0,57.0,910.085317
COST,2026-09-08 23:30:00+00:00,909.82,909.82,909.82,909.82,125.0,3.0,909.82
COST,2026-09-08 23:40:00+00:00,909.81,909.81,909.51,909.51,246.0,22.0,909.662631
COST,2026-09-08 23:45:00+00:00,909.25,909.25,909.25,909.25,404.0,2.0,909.25
COST,2026-09-09 08:00:00+00:00,910.12,910.12,910.12,910.12,181.0,47.0,910.12
COST,2026-09-09 08:40:00+00:00,909.0,909.0,909.0,909.0,316.0,26.0,909.0
COST,2026-09-09 09:10:00+00:00,909.94,909.94,909.94,909.94,503.0,21.0,909.94
COST,2026-09-09 09:55:00+00:00,910.0,910.0,910.0,910.0,98.0,7.0,910.0
COST,2026-09-09 10:45:00+00:00,909.94,909.94,909.94,909.94,105.0,3.0,909.94
COST,2026-09-09 10:55:00+00:00,909.99,909.99,909.99,909.99,51.0,2.0,909.99
COST,2026-09-09 11:00:00+00:00,909.8,909.8,909.0995,909.0995,486.0,39.0,909.576255
COST,2026-09-09 11:15:00+00:00,909.99,909.99,909.99,909.99,83.0,7.0,909.99
COST,2026-09-09 11:25:00+00:00,909.6699,909.6699,909.6699,909.6699,164.0,4.0,909.6699
COST,2026-09-09 11:35:00+00:00,910.74,910.8,910.74,910.8,260.0,42.0,910.77
COST,2026-09-09 11:55:00+00:00,910.64,910.7,910.64,910.7,116.0,7.0,910.673333
COST,2026-09-09 12:15:00+00:00,910.34,910.34,910.34,910.34,63.0,4.0,910.34
COST,2026-09-09 12:45:00+00:00,910.59,910.59,910.59,910.59,112.0,5.0,910.59
COST,2026-09-09 12:50:00+00:00,910.5,910.5,910.34,910.4,437.0,16.0,910.400548
COST,2026-09-09 12:55:00+00:00,910.5,910.72,910.5,910.5,342.0,10.0,910.56807
COST,2026-09-09 13:00:00+00:00,910.52,910.79,910.52,910.79,276.0,38.0,910.647935
COST,2026-09-09 13:05:00+00:00,910.8,910.8,910.8,910.8,489.0,25.0,910.8
COST,2026-09-09 13:15:00+00:00,911.03,911.34,911.03,911.34,546.0,36.0,911.24851
COST,2026-09-09 13:20:00+00:00,911.1,911.5,911.1,911.5,442.0,30.0,911.257003
COST,2026-09-09 13:25:00+00:00,911.04,911.04,906.1,906.1,4359.0,388.0,908.880804
COST,2026-09-09 13:30:00+00:00,907.0,907.965,902.75,903.82,102010.0,5075.0,905.462328
COST,2026-09-09 13:35:00+00:00,903.13,904.61,902.5,903.69,30297.0,2050.0,903.441089
COST,2026-09-09 13:40:00+00:00,903.5,904.6099,903.05,904.22,20920.0,1737.0,903.800355
COST,2026-09-09 13:45:00+00:00,903.93,906.18,903.925,905.715,21838.0,1597.0,905.051377
COST,2026-09-09 13:50:00+00:00,905.3001,906.1799,905.07,905.54,11077.0,1023.0,905.620044
COST,2026-09-09 13:55:00+00:00,905.44,906.74,905.1,906.27,27049.0,1249.0,905.924605
COST,2026-09-09 14:00:00+00:00,906.43,909.2299,906.43,909.2299,18670.0,1350.0,908.049557
COST,2026-09-09 14:05:00+00:00,908.825,908.99,907.03,907.69,22238.0,998.0,907.560892
COST,2026-09-09 14:10:00+00:00,907.55,907.57,905.6,905.6,19027.0,1426.0,906.388515
COST,2026-09-09 14:15:00+00:00,905.6395,907.26,905.355,906.995,19781.0,1320.0,906.183964
COST,2026-09-09 14:20:00+00:00,906.98,907.07,904.11,904.11,14351.0,1611.0,905.966004
COST,2026-09-09 14:25:00+00:00,904.28,904.28,901.69,903.055,81012.0,4309.0,902.792288
COST,2026-09-09 14:30:00+00:00,903.085,903.84,902.6001,903.49,16289.0,1671.0,903.391295
COST,2026-09-09 14:35:00+00:00,903.65,904.87,903.23,904.28,20785.0,1588.0,903.774228
COST,2026-09-09 14:40:00+00:00,904.5065,904.765,903.96,904.7,16664.0,1311.0,904.433938
COST,2026-09-09 14:45:00+00:00,904.55,904.66,903.5001,904.43,16373.0,1347.0,904.189875
COST,2026-09-09 14:50:00+00:00,904.4,904.415,903.22,903.66,17576.0,1409.0,903.830924
COST,2026-09-09 14:55:00+00:00,903.9,904.5,903.541,904.175,13681.0,1133.0,904.101111
COST,2026-09-09 15:00:00+00:00,904.175,904.32,901.87,902.2,25312.0,2198.0,902.817844
COST,2026-09-09 15:05:00+00:00,902.02,902.93,901.95,902.01,17030.0,1282.0,902.415312
COST,2026-09-09 15:10:00+00:00,902.155,902.53,901.7,902.22,22516.0,1676.0,902.045282
COST,2026-09-09 15:15:00+00:00,901.98,902.05,901.35,901.4,29378.0,1809.0,901.681249
COST,2026-09-09 15:20:00+00:00,901.3,901.595,900.6,901.31,30480.0,2461.0,901.163401
COST,2026-09-09 15:25:00+00:00,901.31,901.91,900.8,901.545,21143.0,1541.0,901.489453
COST,2026-09-09 15:30:00+00:00,901.42,901.68,901.03,901.3731,14542.0,1281.0,901.421674
COST,2026-09-09 15:35:00+00:00,901.26,901.51,900.605,900.94,15434.0,1481.0,901.016796
COST,2026-09-09 15:40:00+00:00,900.99,901.53,900.7,900.81,10069.0,1019.0,900.981238
COST,2026-09-09 15:45:00+00:00,901.1199,901.155,900.6,900.99,12720.0,1170.0,900.876499
COST,2026-09-09 15:50:00+00:00,900.98,901.47,900.845,901.44,13002.0,1015.0,901.166787
COST,2026-09-09 15:55:00+00:00,901.315,901.53,900.87,901.0,9152.0,1076.0,901.234851
COST,2026-09-09 16:00:00+00:00,900.86,901.21,900.75,901.11,13572.0,1194.0,900.988128
COST,2026-09-09 16:05:00+00:00,901.03,901.12,900.21,900.62,16665.0,1613.0,900.540057
COST,2026-09-09 16:10:00+00:00,900.59,900.97,900.16,900.235,19292.0,1251.0,900.431211
COST,2026-09-09 16:15:00+00:00,900.33,900.4999,900.01,900.25,18655.0,1229.0,900.16117
COST,2026-09-09 16:20:00+00:00,900.285,901.42,900.285,901.42,31151.0,1510.0,900.543828
COST,2026-09-09 16:25:00+00:00,901.35,901.74,900.68,900.7599,24370.0,1214.0,901.404905
COST,2026-09-09 16:30:00+00:00,900.76,900.92,899.55,899.865,74458.0,5750.0,900.055444
COST,2026-09-09 16:35:00+00:00,899.75,899.93,898.77,898.88,28816.0,2666.0,899.289242
COST,2026-09-09 16:40:00+00:00,898.83,899.2,898.53,898.78,19771.0,1586.0,898.803366
COST,2026-09-09 16:45:00+00:00,898.78,899.16,898.43,899.12,21755.0,1957.0,898.636286
COST,2026-09-09 16:50:00+00:00,899.0,899.5185,899.0,899.42,10728.0,994.0,899.342903
COST,2026-09-09 16:55:00+00:00,899.4,899.48,898.8034,898.9,13411.0,1215.0,899.131372
COST,2026-09-09 17:00:00+00:00,898.975,899.98,898.975,899.79,10815.0,1170.0,899.558264
COST,2026-09-09 17:05:00+00:00,899.79,900.685,899.66,900.38,23303.0,1232.0,900.247211
COST,2026-09-09 17:10:00+00:00,900.34,900.715,900.12,900.3447,9220.0,809.0,900.387963
COST,2026-09-09 17:15:00+00:00,900.5,900.678,900.2,900.3901,6745.0,752.0,900.432732
COST,2026-09-09 17:20:00+00:00,900.565,900.6,899.2,899.2,10467.0,1060.0,900.015958
COST,2026-09-09 17:25:00+00:00,899.36,899.65,899.17,899.65,10171.0,933.0,899.367672
COST,2026-09-09 17:30:00+00:00,899.65,899.91,899.4777,899.7225,13114.0,952.0,899.68074
COST,2026-09-09 17:35:00+00:00,899.685,899.8,899.5,899.79,12183.0,902.0,899.634693
COST,2026-09-09 17:40:00+00:00,899.76,900.09,899.41,900.085,11236.0,1047.0,899.755624
COST,2026-09-09 17:45:00+00:00,900.08,900.2,899.58,899.8,16205.0,1219.0,900.022443
COST,2026-09-09 17:50:00+00:00,899.7725,900.25,899.7,899.8,9160.0,1711.0,899.915752
COST,2026-09-09 17:55:00+00:00,899.8,899.89,899.31,899.605,11486.0,1117.0,899.580533
COST,2026-09-09 18:00:00+00:00,899.74,899.8125,899.47,899.705,11395.0,881.0,899.654724
COST,2026-09-09 18:05:00+00:00,899.65,900.03,899.5,900.03,12802.0,1039.0,899.678009
COST,2026-09-09 18:10:00+00:00,900.0255,900.245,899.6,900.155,10860.0,831.0,899.969591
COST,2026-09-09 18:15:00+00:00,900.33,900.55,900.07,900.55,13004.0,960.0,900.329355
COST,2026-09-09 18:20:00+00:00,900.54,900.68,900.21,900.29,10714.0,860.0,900.429093
COST,2026-09-09 18:25:00+00:00,900.215,900.215,899.8301,899.97,11676.0,1069.0,900.039769
COST,2026-09-09 18:30:00+00:00,900.0,900.015,899.66,899.89,14340.0,1044.0,899.836636
COST,2026-09-09 18:35:00+00:00,899.86,900.01,899.5801,899.99,25164.0,965.0,899.761884
COST,2026-09-09 18:40:00+00:00,900.02,900.39,900.02,900.125,11730.0,853.0,900.20355
COST,2026-09-09 18:45:00+00:00,900.12,900.36,899.6,899.69,17111.0,1097.0,900.084023
COST,2026-09-09 18:50:00+00:00,899.6705,899.87,899.5,899.595,10520.0,952.0,899.6847
COST,2026-09-09 18:55:00+00:00,899.72,900.5,899.61,900.4,9639.0,905.0,900.031191
COST,2026-09-09 19:00:00+00:00,900.4,900.77,900.0,900.01,26809.0,1198.0,900.548866
COST,2026-09-09 19:05:00+00:00,900.01,900.63,900.01,900.44,10935.0,1532.0,900.201221
COST,2026-09-09 19:10:00+00:00,900.53,900.77,900.05,900.195,16150.0,1014.0,900.355358
COST,2026-09-09 19:15:00+00:00,900.07,900.81,900.05,900.41,16787.0,1120.0,900.461382
COST,2026-09-09 19:20:00+00:00,900.34,901.6899,900.34,901.685,32616.0,1383.0,900.898653
COST,2026-09-09 19:25:00+00:00,901.69,901.95,901.44,901.87,17249.0,1130.0,901.717835
COST,2026-09-09 19:30:00+00:00,901.875,901.98,901.48,901.59,16983.0,1295.0,901.719603
COST,2026-09-09 19:35:00+00:00,901.485,902.09,901.35,902.0,19235.0,1374.0,901.740342
COST,2026-09-09 19:40:00+00:00,902.0,902.66,901.99,902.48,17388.0,1266.0,902.280069
COST,2026-09-09 19:45:00+00:00,902.42,902.68,901.9,901.9,21257.0,1488.0,902.264689
COST,2026-09-09 19:50:00+00:00,902.06,902.8,900.745,902.8,37687.0,2453.0,901.502135
COST,2026-09-09 19:55:00+00:00,902.56,902.89,901.96,902.37,119441.0,5798.0,902.407705
COST,2026-09-09 20:00:00+00:00,902.6,902.6,901.52,901.52,373731.0,158.0,902.599667
COST,2026-09-09 20:05:00+00:00,902.6,902.65,902.6,902.65,476.0,17.0,902.611842
COST,2026-09-09 20:10:00+00:00,902.7689,902.7689,902.6,902.7346,319.0,35.0,902.685792
COST,2026-09-09 20:15:00+00:00,902.55,902.55,902.55,902.55,123.0,29.0,902.55
COST,2026-09-09 20:20:00+00:00,902.6,902.6,902.6,902.6,922.0,18.0,902.6
COST,2026-09-09 20:35:00+00:00,902.7,902.7,902.7,902.7,59.0,7.0,902.7
COST,2026-09-09 20:50:00+00:00,902.77,902.77,902.77,902.77,60.0,7.0,902.77
COST,2026-09-09 21:05:00+00:00,902.8546,902.8546,902.75,902.75,416.0,63.0,902.813711
COST,2026-09-09 21:10:00+00:00,902.8345,902.8345,902.7,902.7,452.0,39.0,902.745696
COST,2026-09-09 21:15:00+00:00,902.75,902.75,902.75,902.75,103.0,6.0,902.75
COST,2026-09-09 21:25:00+00:00,902.7694,902.7694,902.7694,902.7694,123.0,5.0,902.7694
COST,2026-09-09 21:55:00+00:00,902.69,902.69,902.68,902.68,162.0,9.0,902.685238
COST,2026-09-09 22:05:00+00:00,902.78,902.78,902.78,902.78,205.0,30.0,902.78
COST,2026-09-09 22:20:00+00:00,902.8,902.8,902.8,902.8,152.0,11.0,902.8
COST,2026-09-09 22:25:00+00:00,902.8183,902.8183,902.8183,902.8183,52.0,3.0,902.8183
COST,2026-09-09 22:35:00+00:00,902.88,902.88,902.88,902.88,102.0,3.0,902.88
COST,2026-09-09 22:55:00+00:00,902.67,902.67,902.67,902.67,96.0,5.0,902.67
COST,2026-09-09 23:05:00+00:00,902.71,902.71,902.71,902.71,44.0,5.0,902.71
COST,2026-09-09 23:10:00+00:00,902.7,902.7,902.69,902.69,341.0,16.0,902.694048
COST,2026-09-09 23:15:00+00:00,902.697,902.697,902.697,902.697,51.0,2.0,902.697
COST,2026-09-09 23:20:00+00:00,902.68,902.68,902.68,902.68,76.0,5.0,902.68
COST,2026-09-09 23:40:00+00:00,902.6,902.7,902.6,902.7,162.0,9.0,902.655357
COST,2026-09-09 23:50:00+00:00,902.72,902.72,902.72,902.72,100.0,3.0,902.72
COST,2026-09-10 08:00:00+00:00,905.1,906.01,904.51,906.01,865.0,167.0,905.21246
COST,2026-09-10 08:05:00+00:00,905.6,905.6,905.6,905.6,60.0,3.0,905.6
COST,2026-09-10 08:15:00+00:00,905.56,905.56,905.56,905.56,215.0,5.0,905.56
COST,2026-09-10 08:20:00+00:00,905.9,905.9,905.9,905.9,104.0,2.0,905.9
COST,2026-09-10 09:10:00+00:00,905.09,905.09,905.09,905.09,111.0,9.0,905.09
COST,2026-09-10 09:25:00+00:00,905.09,905.09,905.0,905.0,212.0,21.0,905.043269
COST,2026-09-10 10:30:00+00:00,903.0,903.51,903.0,903.51,134.0,8.0,903.229213
COST,2026-09-10 10:35:00+00:00,903.62,903.62,903.62,903.62,93.0,2.0,903.62
COST,2026-09-10 11:00:00+00:00,903.54,903.99,903.54,903.95,1304.0,41.0,903.935117
COST,2026-09-10 11:05:00+00:00,903.91,903.99,903.91,903.99,304.0,21.0,903.941871
COST,2026-09-10 11:10:00+00:00,903.91,903.91,903.91,903.91,80.0,6.0,903.91
COST,2026-09-10 11:15:00+00:00,903.9,903.9,903.9,903.9,202.0,15.0,903.9
COST,2026-09-10 11:35:00+00:00,904.17,904.17,904.17,904.17,70.0,16.0,904.17
COST,2026-09-10 11:40:00+00:00,904.39,904.39,904.39,904.39,136.0,10.0,904.39
COST,2026-09-10 11:50:00+00:00,904.49,904.5,904.49,904.5,255.0,11.0,904.495
COST,2026-09-10 11:55:00+00:00,904.37,904.37,904.37,904.37,51.0,3.0,904.37
COST,2026-09-10 12:00:00+00:00,904.01,905.3,904.01,905.3,1147.0,42.0,904.50902
COST,2026-09-10 12:05:00+00:00,904.75,905.0,904.75,904.96,368.0,16.0,904.87185
COST,2026-09-10 12:10:00+00:00,905.74,905.79,903.9943,903.9943,443.0,18.0,905.475284
COST,2026-09-10 12:15:00+00:00,905.69,905.88,905.5,905.87,1270.0,44.0,905.772987
COST,2026-09-10 12:20:00+00:00,905.6,905.6,905.6,905.6,305.0,7.0,905.6
COST,2026-09-10 12:25:00+00:00,905.73,905.87,905.6,905.68,840.0,27.0,905.719523
COST,2026-09-10 12:30:00+00:00,905.87,907.48,905.75,907.1,2141.0,120.0,906.391502
COST,2026-09-10 12:35:00+00:00,907.88,908.0,907.0,907.94,2122.0,88.0,907.66649
COST,2026-09-10 12:40:00+00:00,908.0,909.0,904.6001,908.0,1406.0,89.0,908.213822
COST,2026-09-10 12:45:00+00:00,908.5,909.19,908.49,909.19,1025.0,63.0,908.73849
COST,2026-09-10 12:50:00+00:00,908.4,909.3,907.5,909.0,1470.0,66.0,908.352198
COST,2026-09-10 12:55:00+00:00,909.0,909.49,907.4,908.34,2717.0,77.0,908.891883
COST,2026-09-10 13:00:00+00:00,908.5,908.5,906.0,906.0,212.0,18.0,907.64966
COST,2026-09-10 13:05:00+00:00,908.3,908.64,907.5357,908.64,668.0,50.0,907.975068
COST,2026-09-10 13:10:00+00:00,908.86,909.0,908.83,909.0,1315.0,51.0,908.986347
COST,2026-09-10 13:15:00+00:00,907.68,909.01,907.68,909.01,190.0,18.0,908.271111
COST,2026-09-10 13:20:00+00:00,909.0,909.35,909.0,909.25,951.0,67.0,909.182225
COST,2026-09-10 13:25:00+00:00,908.51,908.51,904.58,905.41,1418.0,121.0,906.573458
COST,2026-09-10 13:30:00+00:00,907.1,912.0,904.55,911.05,100959.0,3553.0,907.773019
COST,2026-09-10 13:35:00+00:00,911.05,912.1,909.27,909.365,47806.0,2037.0,911.110514
COST,2026-09-10 13:40:00+00:00,909.325,909.49,907.55,908.96,25957.0,1261.0,908.79491
COST,2026-09-10 13:45:00+00:00,908.56,908.56,905.81,906.025,19141.0,1227.0,906.909552
COST,2026-09-10 13:50:00+00:00,906.3225,907.79,906.115,906.9,15473.0,912.0,907.224689
COST,2026-09-10 13:55:00+00:00,906.71,908.84,906.45,908.775,24404.0,1257.0,907.462591
COST,2026-09-10 14:00:00+00:00,908.37,908.37,904.11,904.15,17862.0,1314.0,905.449753
COST,2026-09-10 14:05:00+00:00,904.07,904.07,902.1701,902.46,35206.0,1759.0,903.083312
COST,2026-09-10 14:10:00+00:00,902.515,905.4137,902.515,904.455,20381.0,1205.0,904.153782
COST,2026-09-10 14:15:00+00:00,904.1,905.248,903.52,905.14,16781.0,1098.0,904.417717
COST,2026-09-10 14:20:00+00:00,905.145,905.145,904.0,904.38,27642.0,1238.0,904.380373
COST,2026-09-10 14:25:00+00:00,904.0,904.04,902.41,903.3599,18508.0,1288.0,903.005428
COST,2026-09-10 14:30:00+00:00,903.36,904.0,902.95,903.8725,19167.0,1419.0,903.56038
COST,2026-09-10 14:35:00+00:00,903.57,904.027,902.625,902.625,8729.0,974.0,903.143888
COST,2026-09-10 14:40:00+00:00,902.5,903.6725,902.155,903.42,16029.0,1155.0,902.993419
COST,2026-09-10 14:45:00+00:00,903.415,903.415,902.7001,902.99,11451.0,945.0,903.082281
COST,2026-09-10 14:50:00+00:00,902.79,902.99,902.13,902.13,12460.0,1056.0,902.581052
COST,2026-09-10 14:55:00+00:00,902.13,902.3786,901.66,901.74,20729.0,1348.0,902.029349
COST,2026-09-10 15:00:00+00:00,901.63,902.04,901.28,901.55,17940.0,1178.0,901.587238
COST,2026-09-10 15:05:00+00:00,901.8,902.09,901.38,901.75,14518.0,911.0,901.590322
COST,2026-09-10 15:10:00+00:00,901.68,902.19,901.2,901.71,14268.0,995.0,901.685329
COST,2026-09-10 15:15:00+00:00,901.73,902.75,901.72,902.69,8942.0,887.0,902.162606
COST,2026-09-10 15:20:00+00:00,902.56,903.39,902.52,903.15,25892.0,1209.0,903.094302
COST,2026-09-10 15:25:00+00:00,903.19,903.82,903.04,903.58,11373.0,886.0,903.410232
COST,2026-09-10 15:30:00+00:00,903.59,903.62,902.405,902.81,13617.0,954.0,903.026828
COST,2026-09-10 15:35:00+00:00,902.6,903.11,902.41,902.465,7344.0,793.0,902.64113
COST,2026-09-10 15:40:00+00:00,902.45,902.71,902.155,902.525,15376.0,1048.0,902.387194
COST,2026-09-10 15:45:00+00:00,902.38,903.63,902.38,903.63,11970.0,864.0,902.976279
COST,2026-09-10 15:50:00+00:00,903.7044,903.75,902.78,902.9,9332.0,891.0,903.243283
COST,2026-09-10 15:55:00+00:00,902.76,903.22,902.75,902.97,8492.0,743.0,902.903981
COST,2026-09-10 16:00:00+00:00,902.915,903.51,902.7401,903.08,11123.0,816.0,903.061619
COST,2026-09-10 16:05:00+00:00,902.91,903.5,902.5952,903.5,19916.0,928.0,903.008171
COST,2026-09-10 16:10:00+00:00,903.62,904.55,903.47,904.405,7922.0,740.0,903.917324
COST,2026-09-10 16:15:00+00:00,904.55,904.73,904.32,904.55,13802.0,729.0,904.531844
COST,2026-09-10 16:20:00+00:00,904.586,904.645,904.04,904.17,7674.0,639.0,904.431585
COST,2026-09-10 16:25:00+00:00,904.0,904.99,903.86,904.77,14363.0,712.0,904.434993
COST,2026-09-10 16:30:00+00:00,904.71,905.0,904.5001,904.785,11169.0,717.0,904.757359
COST,2026-09-10 16:35:00+00:00,904.63,904.75,904.47,904.5661,4890.0,529.0,904.570798
COST,2026-09-10 16:40:00+00:00,904.31,904.46,903.1,903.975,7902.0,618.0,903.830151
COST,2026-09-10 16:45:00+00:00,904.17,904.29,903.7901,904.25,9243.0,614.0,904.030754
COST,2026-09-10 16:50:00+00:00,904.04,904.04,903.06,903.615,14299.0,697.0,903.550018
COST,2026-09-10 16:55:00+00:00,903.605,903.77,903.295,903.75,8481.0,518.0,903.428583
COST,2026-09-10 17:00:00+00:00,903.74,903.82,902.5,902.87,13114.0,885.0,903.223043
COST,2026-09-10 17:05:00+00:00,902.745,902.89,902.28,902.3652,17430.0,698.0,902.614556
COST,2026-09-10 17:10:00+00:00,902.32,902.92,902.32,902.74,10882.0,607.0,902.611027
COST,2026-09-10 17:15:00+00:00,902.65,902.95,902.51,902.51,7505.0,534.0,902.710727
COST,2026-09-10 17:20:00+00:00,902.525,902.7,902.23,902.23,13554.0,706.0,902.47244
COST,2026-09-10 17:25:00+00:00,902.23,902.23,900.3015,900.3015,29037.0,1577.0,901.422819
COST,2026-09-10 17:30:00+00:00,900.25,900.4,899.57,899.715,32506.0,2225.0,899.985734
COST,2026-09-10 17:35:00+00:00,899.7,899.84,899.26,899.82,14381.0,1031.0,899.451542
COST,2026-09-10 17:40:00+00:00,899.665,899.82,899.0,899.255,24522.0,1331.0,899.20983
COST,2026-09-10 17:45:00+00:00,899.2,899.84,899.09,899.78,9129.0,743.0,899.443481
COST,2026-09-10 17:50:00+00:00,899.95,899.985,899.231,899.43,13488.0,1521.0,899.531504
COST,2026-09-10 17:55:00+00:00,899.48,900.27,899.4575,899.9694,19861.0,830.0,899.885707
COST,2026-09-10 18:00:00+00:00,900.17,900.98,900.06,900.26,20605.0,832.0,900.509121
COST,2026-09-10 18:05:00+00:00,900.29,901.59,900.29,900.7601,23033.0,991.0,900.81662
COST,2026-09-10 18:10:00+00:00,900.755,901.35,900.38,901.195,12261.0,753.0,900.88049
COST,2026-09-10 18:15:00+00:00,901.13,901.34,900.57,900.57,7768.0,689.0,900.961322
COST,2026-09-10 18:20:00+00:00,900.46,901.44,900.1835,901.41,15536.0,733.0,900.660844
COST,2026-09-10 18:25:00+00:00,901.21,901.39,900.6,900.97,11282.0,739.0,900.968072
COST,2026-09-10 18:30:00+00:00,900.8,901.21,900.56,900.83,15017.0,880.0,900.826796
COST,2026-09-10 18:35:00+00:00,901.0275,902.19,900.83,901.7125,15668.0,813.0,901.551398
COST,2026-09-10 18:40:00+00:00,901.59,902.1,901.59,902.1,8078.0,676.0,901.973676
COST,2026-09-10 18:45:00+00:00,901.9225,902.3,901.57,902.01,11146.0,720.0,901.810657
COST,2026-09-10 18:50:00+00:00,901.915,901.915,900.75,900.761,11845.0,794.0,901.22887
COST,2026-09-10 18:55:00+00:00,901.08,901.33,900.85,900.91,7913.0,659.0,901.084001
COST,2026-09-10 19:00:00+00:00,900.78,901.84,900.695,901.6499,8089.0,740.0,901.178032
COST,2026-09-10 19:05:00+00:00,901.465,901.59,901.13,901.26,10356.0,797.0,901.38336
COST,2026-09-10 19:10:00+00:00,901.345,902.1,900.93,901.635,20203.0,1000.0,901.657323
COST,2026-09-10 19:15:00+00:00,901.56,901.56,900.51,900.655,11042.0,857.0,901.024299
COST,2026-09-10 19:20:00+00:00,900.655,901.01,900.21,900.565,9690.0,855.0,900.545629
COST,2026-09-10 19:25:00+00:00,900.49,900.61,900.26,900.6,10134.0,845.0,900.446108
COST,2026-09-10 19:30:00+00:00,900.53,900.9,900.25,900.46,14041.0,1097.0,900.504171
COST,2026-09-10 19:35:00+00:00,900.62,901.71,900.455,901.525,15590.0,1097.0,901.293534
COST,2026-09-10 19:40:00+00:00,901.32,902.12,901.245,901.97,17291.0,1249.0,901.791302
COST,2026-09-10 19:45:00+00:00,901.82,902.0,900.745,901.395,16927.0,1169.0,901.380534
COST,2026-09-10 19:50:00+00:00,901.39,902.44,900.84,902.4,48806.0,2889.0,901.459419
COST,2026-09-10 19:55:00+00:00,902.13,902.98,902.13,902.38,130905.0,5653.0,902.516302
COST,2026-09-10 20:00:00+00:00,902.38,902.38,902.01,902.1,415142.0,192.0,902.379756
COST,2026-09-10 20:05:00+00:00,902.0129,902.0129,902.0129,902.0129,62.0,5.0,902.0129
COST,2026-09-10 20:10:00+00:00,901.8,901.8,900.3,900.3,881.0,29.0,900.929733
COST,2026-09-10 20:15:00+00:00,902.38,902.38,902.38,902.38,59766.0,12.0,902.38
COST,2026-09-10 20:20:00+00:00,901.55,901.55,901.55,901.55,252.0,3.0,901.55
COST,2026-09-10 20:35:00+00:00,901.6,901.6,901.6,901.6,40.0,1.0,901.6
COST,2026-09-10 20:40:00+00:00,902.0,902.0,902.0,902.0,694.0,7.0,902.0
COST,2026-09-10 21:00:00+00:00,902.38,902.38,902.0711,902.0711,218.0,9.0,902.222398
COST,2026-09-10 21:20:00+00:00,902.3,902.3,902.3,902.3,55.0,2.0,902.3
COST,2026-09-10 21:25:00+00:00,902.0,902.0,902.0,902.0,50.0,2.0,902.0
COST,2026-09-10 21:45:00+00:00,902.0,902.0343,902.0,902.0343,173.0,2.0,902.019827
COST,2026-09-10 21:50:00+00:00,902.06,902.06,902.06,902.06,101.0,2.0,902.06
COST,2026-09-10 22:40:00+00:00,902.36,902.36,902.36,902.36,50.0,3.0,902.36
COST,2026-09-10 22:45:00+00:00,902.32,902.32,902.3199,902.3199,200.0,2.0,902.31995
COST,2026-09-10 23:05:00+00:00,902.0,902.0,902.0,902.0,54.0,4.0,902.0
COST,2026-09-10 23:10:00+00:00,902.36,902.36,902.36,902.36,50.0,3.0,902.36
COST,2026-09-10 23:20:00+00:00,902.15,902.15,902.15,902.15,93.0,3.0,902.15
COST,2026-09-10 23:35:00+00:00,902.0675,902.0675,902.0675,902.0675,100.0,1.0,902.0675
COST,2026-09-10 23:40:00+00:00,902.0,902.0,902.0,902.0,50.0,1.0,902.0
COST,2026-09-10 23:50:00+00:00,902.4,902.4,902.4,902.4,55.0,3.0,902.4
COST,2026-09-11 08:00:00+00:00,904.08,904.5,903.5,903.6,1426.0,220.0,903.94433
COST,2026-09-11 08:05:00+00:00,905.0,905.0,905.0,905.0,87.0,6.0,905.0
COST,2026-09-11 08:25:00+00:00,904.84,904.84,904.84,904.84,133.0,33.0,904.84
COST,2026-09-11 09:05:00+00:00,904.56,904.56,904.56,904.56,44.0,2.0,904.56
COST,2026-09-11 09:45:00+00:00,904.62,904.62,904.62,904.62,100.0,4.0,904.62
COST,2026-09-11 10:05:00+00:00,905.0,905.0,905.0,905.0,414.0,34.0,905.0
COST,2026-09-11 10:45:00+00:00,904.99,904.99,904.99,904.99,93.0,10.0,904.99
COST,2026-09-11 10:50:00+00:00,904.67,904.67,904.67,904.67,41.0,2.0,904.67
COST,2026-09-11 11:00:00+00:00,905.0,905.0,904.98,904.99,276.0,25.0,904.99
COST,2026-09-11 11:20:00+00:00,904.62,904.62,904.2216,904.2216,96.0,8.0,904.398667
COST,2026-09-11 11:35:00+00:00,904.87,905.2,904.85,905.2,353.0,46.0,904.957812
COST,2026-09-11 12:20:00+00:00,906.0,906.0,906.0,906.0,398.0,30.0,906.0
COST,2026-09-11 12:35:00+00:00,906.16,906.5,906.0,906.5,575.0,28.0,906.055
COST,2026-09-11 12:40:00+00:00,906.7706,906.7706,906.5,906.5,378.0,31.0,906.623267
COST,2026-09-11 12:45:00+00:00,906.0,906.92,906.0,906.92,216.0,17.0,906.369343
COST,2026-09-11 13:00:00+00:00,906.0,906.72,906.0,906.72,165.0,18.0,906.36
COST,2026-09-11 13:05:00+00:00,906.5,906.65,906.5,906.65,367.0,31.0,906.557357
COST,2026-09-11 13:10:00+00:00,906.6,906.845,906.6,906.7,216.0,42.0,906.719485
COST,2026-09-11 13:15:00+00:00,907.0,907.0,907.0,907.0,81.0,8.0,907.0
COST,2026-09-11 13:20:00+00:00,906.5,906.5,906.34,906.44,517.0,19.0,906.468571
COST,2026-09-11 13:25:00+00:00,906.0,907.0,906.0,907.0,579.0,68.0,906.661095
COST,2026-09-11 13:30:00+00:00,905.17,907.3588,903.33,903.93,57909.0,2185.0,905.175148
COST,2026-09-11 13:35:00+00:00,903.93,905.11,900.75,901.57,17758.0,1486.0,902.852198
COST,2026-09-11 13:40:00+00:00,901.5206,904.34,900.9201,901.908,20089.0,1072.0,902.635109
COST,2026-09-11 13:45:00+00:00,901.535,902.6031,900.8,901.7766,24137.0,1308.0,901.632568
COST,2026-09-11 13:50:00+00:00,902.11,903.86,902.05,903.56,14388.0,834.0,903.259386
COST,2026-09-11 13:55:00+00:00,904.0,904.19,903.15,903.65,17196.0,934.0,903.621261
COST,2026-09-11 14:00:00+00:00,903.515,903.72,902.0,902.25,16072.0,1151.0,902.818046
COST,2026-09-11 14:05:00+00:00,902.295,902.295,900.8,900.91,15820.0,1174.0,901.502733
COST,2026-09-11 14:10:00+00:00,901.101,902.9,900.82,902.3105,22549.0,1272.0,901.983436
COST,2026-09-11 14:15:00+00:00,902.301,903.706,902.301,903.2,15222.0,1081.0,903.147825
COST,2026-09-11 14:20:00+00:00,903.1,903.15,902.36,902.5,8522.0,928.0,902.849916
COST,2026-09-11 14:25:00+00:00,902.3,902.97,901.87,902.765,11585.0,1840.0,902.341022
COST,2026-09-11 14:30:00+00:00,902.66,902.94,901.8276,901.87,13808.0,1027.0,902.480625
COST,2026-09-11 14:35:00+00:00,901.78,902.6899,901.78,902.315,11559.0,966.0,902.20678
COST,2026-09-11 14:40:00+00:00,902.02,902.5575,901.48,902.0986,9887.0,1051.0,902.032087
COST,2026-09-11 14:45:00+00:00,902.29,902.8013,901.91,901.915,12025.0,1030.0,902.268471
COST,2026-09-11 14:50:00+00:00,901.915,902.5,901.6,901.935,14210.0,920.0,902.118373
COST,2026-09-11 14:55:00+00:00,901.935,902.9695,901.7,902.865,13819.0,1027.0,902.429516
COST,2026-09-11 15:00:00+00:00,902.755,903.23,902.5101,902.5101,10453.0,917.0,902.867742
COST,2026-09-11 15:05:00+00:00,902.7,903.5535,902.6,903.355,9200.0,879.0,903.069455
COST,2026-09-11 15:10:00+00:00,903.175,903.175,902.25,902.81,7637.0,819.0,902.690502
COST,2026-09-11 15:15:00+00:00,902.79,902.81,901.68,902.37,9390.0,1014.0,902.283567
COST,2026-09-11 15:20:00+00:00,902.205,902.97,901.92,902.56,11093.0,880.0,902.199129
COST,2026-09-11 15:25:00+00:00,902.55,903.19,902.3946,903.07,10480.0,1009.0,902.733082
COST,2026-09-11 15:30:00+00:00,903.06,903.4,902.8301,903.035,13387.0,1116.0,903.157602
COST,2026-09-11 15:35:00+00:00,903.16,903.45,902.5559,903.2588,12995.0,1095.0,903.102716
COST,2026-09-11 15:40:00+00:00,903.335,904.09,903.335,904.09,11899.0,1107.0,903.683304
COST,2026-09-11 15:45:00+00:00,903.99,903.99,903.09,903.13,10004.0,942.0,903.458428
COST,2026-09-11 15:50:00+00:00,902.88,903.63,902.78,903.63,12072.0,841.0,903.036844
COST,2026-09-11 15:55:00+00:00,903.45,903.6301,903.0,903.37,10719.0,833.0,903.264994
COST,2026-09-11 16:00:00+00:00,903.35,903.7,903.025,903.54,10255.0,816.0,903.272358
COST,2026-09-11 16:05:00+00:00,903.58,904.8799,903.58,904.66,11922.0,981.0,904.18699
COST,2026-09-11 16:10:00+00:00,904.665,904.84,904.38,904.635,11359.0,863.0,904.668192
COST,2026-09-11 16:15:00+00:00,904.5,904.64,903.82,904.0,10142.0,653.0,904.357805
COST,2026-09-11 16:20:00+00:00,903.79,904.23,903.725,903.9659,8937.0,596.0,903.918956
COST,2026-09-11 16:25:00+00:00,904.2,904.6,904.0,904.6,12565.0,866.0,904.250883
COST,2026-09-11 16:30:00+00:00,904.44,905.14,904.41,905.03,13052.0,857.0,904.904073
COST,2026-09-11 16:35:00+00:00,905.18,905.33,904.456,904.625,11464.0,733.0,904.898962
COST,2026-09-11 16:40:00+00:00,904.87,905.02,904.315,904.48,9631.0,646.0,904.687257
COST,2026-09-11 16:45:00+00:00,904.61,904.805,904.34,904.4201,7344.0,494.0,904.544548
COST,2026-09-11 16:50:00+00:00,904.6,904.7,904.4,904.53,8093.0,617.0,904.563038
COST,2026-09-11 16:55:00+00:00,904.525,904.525,903.71,904.28,8386.0,661.0,904.158651
COST,2026-09-11 17:00:00+00:00,903.98,904.43,903.71,904.25,12730.0,720.0,904.22101
COST,2026-09-11 17:05:00+00:00,904.14,904.37,903.96,904.02,9379.0,611.0,904.166151
COST,2026-09-11 17:10:00+00:00,904.1,904.61,903.92,904.29,10431.0,603.0,904.309069
COST,2026-09-11 17:15:00+00:00,904.29,905.19,904.255,904.99,11647.0,708.0,904.631664
COST,2026-09-11 17:20:00+00:00,904.88,904.88,904.27,904.29,6681.0,628.0,904.514558
COST,2026-09-11 17:25:00+00:00,904.29,904.38,903.82,903.82,7437.0,640.0,904.14043
COST,2026-09-11 17:30:00+00:00,903.895,904.6701,903.81,904.6701,10741.0,753.0,904.232982
COST,2026-09-11 17:35:00+00:00,904.59,904.85,904.19,904.74,15366.0,813.0,904.430581
COST,2026-09-11 17:40:00+00:00,904.62,904.62,903.74,903.74,14727.0,736.0,904.226466
COST,2026-09-11 17:45:00+00:00,903.965,904.0063,903.575,903.745,7778.0,1531.0,903.811893
COST,2026-09-11 17:50:00+00:00,903.95,904.18,903.831,904.05,6297.0,499.0,904.021439
COST,2026-09-11 17:55:00+00:00,904.16,904.43,904.06,904.07,9586.0,671.0,904.240738
COST,2026-09-11 18:00:00+00:00,904.04,904.64,903.97,904.59,9112.0,564.0,904.262662
COST,2026-09-11 18:05:00+00:00,904.5,904.6,904.16,904.43,7889.0,677.0,904.397907
COST,2026-09-11 18:10:00+00:00,904.535,904.94,904.535,904.75,7658.0,568.0,904.742417
COST,2026-09-11 18:15:00+00:00,904.68,904.75,904.42,904.475,8587.0,588.0,904.606337
COST,2026-09-11 18:20:00+00:00,904.54,904.54,904.13,904.13,8900.0,686.0,904.264611
COST,2026-09-11 18:25:00+00:00,904.32,904.32,903.05,903.05,10507.0,792.0,903.735122
COST,2026-09-11 18:30:00+00:00,903.04,903.59,902.9,903.2822,12175.0,781.0,903.071919
COST,2026-09-11 18:35:00+00:00,903.28,903.34,902.47,902.89,14001.0,851.0,902.826669
COST,2026-09-11 18:40:00+00:00,902.81,903.14,902.21,902.39,12044.0,755.0,902.722328
COST,2026-09-11 18:45:00+00:00,902.265,902.89,902.225,902.88,7042.0,686.0,902.486318
COST,2026-09-11 18:50:00+00:00,902.88,903.51,902.74,903.27,12393.0,936.0,903.152797
COST,2026-09-11 18:55:00+00:00,903.16,903.66,903.12,903.36,11597.0,785.0,903.334274
COST,2026-09-11 19:00:00+00:00,903.39,904.23,903.21,904.0696,11646.0,759.0,903.917811
COST,2026-09-11 19:05:00+00:00,904.105,904.46,903.9101,904.31,11679.0,840.0,904.226299
COST,2026-09-11 19:10:00+00:00,904.335,904.93,904.18,904.47,13527.0,828.0,904.440247
COST,2026-09-11 19:15:00+00:00,904.52,905.0,904.51,904.7131,10567.0,793.0,904.741301
COST,2026-09-11 19:20:00+00:00,904.85,905.15,904.65,904.98,13992.0,923.0,904.893561
COST,2026-09-11 19:25:00+00:00,904.92,905.285,904.73,905.18,22151.0,1074.0,905.034799
COST,2026-09-11 19:30:00+00:00,905.1601,905.65,904.83,905.03,16453.0,1160.0,905.128232
COST,2026-09-11 19:35:00+00:00,905.17,905.38,904.9501,905.285,14713.0,938.0,905.154819
COST,2026-09-11 19:40:00+00:00,905.285,905.73,904.995,905.66,23038.0,1312.0,905.34168
COST,2026-09-11 19:45:00+00:00,905.59,905.59,904.8,904.8,20785.0,1275.0,905.247632
COST,2026-09-11 19:50:00+00:00,904.5,905.03,903.49,904.66,33774.0,2338.0,904.220424
COST,2026-09-11 19:55:00+00:00,904.91,905.81,904.39,904.77,122352.0,5294.0,905.072208
COST,2026-09-11 20:00:00+00:00,904.46,905.6,904.4,905.31,584933.0,240.0,904.770549
COST,2026-09-11 20:05:00+00:00,904.82,904.82,904.77,904.77,10534.0,7.0,904.770254
COST,2026-09-11 20:10:00+00:00,904.77,904.77,904.1446,904.1446,1737.0,27.0,904.689292
COST,2026-09-11 20:40:00+00:00,904.58,904.58,904.52,904.52,161.0,10.0,904.55
COST,2026-09-11 20:45:00+00:00,904.65,904.65,904.65,904.65,127.0,12.0,904.65
COST,2026-09-11 20:50:00+00:00,904.6,904.6,904.6,904.6,112.0,3.0,904.6
COST,2026-09-11 21:05:00+00:00,904.8,904.8,904.8,904.8,41.0,2.0,904.8
COST,2026-09-11 21:30:00+00:00,904.5,904.5,904.5,904.5,479.0,5.0,904.5
COST,2026-09-11 21:35:00+00:00,904.82,904.82,904.82,904.82,50.0,1.0,904.82
COST,2026-09-11 21:45:00+00:00,904.5025,904.5025,904.5025,904.5025,61.0,3.0,904.5025
COST,2026-09-11 23:00:00+00:00,904.8,904.8,904.8,904.8,118.0,7.0,904.8
COST,2026-09-11 23:10:00+00:00,905.0,905.0,905.0,905.0,502.0,3.0,905.0
COST,2026-09-14 08:00:00+00:00,908.36,909.0,908.1,909.0,1642.0,202.0,908.406375
COST,2026-09-14 08:10:00+00:00,910.94,911.0,910.94,911.0,403.0,30.0,910.977311
COST,2026-09-14 08:15:00+00:00,910.7,910.7,910.67,910.67,153.0,5.0,910.679167
COST,2026-09-14 08:20:00+00:00,910.0,910.0,910.0,910.0,100.0,4.0,910.0
COST,2026-09-14 09:00:00+00:00,909.84,909.84,909.8,909.8,352.0,25.0,909.814815
COST,2026-09-14 09:05:00+00:00,909.99,910.55,909.99,910.55,602.0,26.0,910.359848
COST,2026-09-14 09:15:00+00:00,910.49,910.49,910.49,910.49,100.0,1.0,910.49
COST,2026-09-14 09:35:00+00:00,910.68,910.68,910.68,910.68,60.0,3.0,910.68
COST,2026-09-14 09:40:00+00:00,909.34,909.34,909.34,909.34,150.0,8.0,909.34
COST,2026-09-14 09:50:00+00:00,909.48,909.48,909.48,909.48,100.0,4.0,909.48
COST,2026-09-14 09:55:00+00:00,909.75,909.75,909.75,909.75,44.0,2.0,909.75
COST,2026-09-14 10:15:00+00:00,910.01,910.92,910.01,910.92,213.0,5.0,910.600909
COST,2026-09-14 10:20:00+00:00,910.16,910.16,910.16,910.16,75.0,3.0,910.16
COST,2026-09-14 10:25:00+00:00,909.5,909.5,909.5,909.5,66.0,5.0,909.5
COST,2026-09-14 10:40:00+00:00,909.8,910.1,909.61,909.77,413.0,26.0,909.764461
COST,2026-09-14 10:45:00+00:00,909.28,909.28,909.28,909.28,121.0,10.0,909.28
COST,2026-09-14 10:50:00+00:00,906.0,909.85,906.0,909.85,617.0,23.0,909.191289
COST,2026-09-14 10:55:00+00:00,909.85,909.97,909.85,909.97,304.0,10.0,909.917778
COST,2026-09-14 11:00:00+00:00,909.94,909.94,907.2,909.88,1324.0,99.0,908.527
COST,2026-09-14 11:05:00+00:00,908.3,908.3,908.0,908.2278,414.0,17.0,908.140486
COST,2026-09-14 11:10:00+00:00,909.19,909.3,908.0,908.0,1050.0,37.0,908.878199
COST,2026-09-14 11:20:00+00:00,908.89,909.0,908.89,909.0,916.0,52.0,908.943812
COST,2026-09-14 11:25:00+00:00,908.1563,908.73,908.0,908.06,362.0,19.0,908.200448
COST,2026-09-14 11:35:00+00:00,908.0,908.77,908.0,908.63,892.0,70.0,908.356208
COST,2026-09-14 11:40:00+00:00,908.49,909.46,908.49,909.46,918.0,39.0,908.829929
COST,2026-09-14 11:45:00+00:00,909.0,909.3,908.01,908.01,674.0,10.0,908.870769
COST,2026-09-14 11:50:00+00:00,909.28,909.5,909.28,909.5,354.0,25.0,909.392329
COST,2026-09-14 11:55:00+00:00,909.97,909.98,909.945,909.98,516.0,41.0,909.969808
COST,2026-09-14 12:00:00+00:00,909.86,910.655,909.86,910.31,859.0,66.0,910.132709
COST,2026-09-14 12:10:00+00:00,910.9552,911.5,910.33,911.5,1278.0,72.0,910.949096
COST,2026-09-14 12:15:00+00:00,910.78,911.0,910.78,911.0,203.0,7.0,910.828889
COST,2026-09-14 12:20:00+00:00,910.4577,911.0,910.4577,911.0,247.0,9.0,910.899107
COST,2026-09-14 12:25:00+00:00,911.25,911.25,910.8548,910.8548,159.0,5.0,911.118267
COST,2026-09-14 12:30:00+00:00,911.3,911.3,911.0,911.0,775.0,49.0,911.181598
COST,2026-09-14 12:35:00+00:00,910.4937,911.49,910.31,911.3,3295.0,94.0,910.556238
COST,2026-09-14 12:40:00+00:00,910.99,911.5,910.4891,911.5,382.0,17.0,910.920618
COST,2026-09-14 12:45:00+00:00,911.0,912.0,910.5283,911.12,1801.0,92.0,911.507619
COST,2026-09-14 12:50:00+00:00,912.39,912.45,912.0,912.0,571.0,36.0,912.240524
COST,2026-09-14 12:55:00+00:00,912.0,912.24,911.8,912.2,842.0,30.0,911.97832
COST,2026-09-14 13:00:00+00:00,912.01,912.45,912.0,912.43,1688.0,132.0,912.205895
COST,2026-09-14 13:05:00+00:00,911.91,912.93,911.91,912.74,1256.0,122.0,912.500298
COST,2026-09-14 13:10:00+00:00,913.0,913.0,911.8183,913.0,2035.0,123.0,912.728476
COST,2026-09-14 13:15:00+00:00,912.6,912.96,912.5812,912.5812,499.0,44.0,912.754991
COST,2026-09-14 13:20:00+00:00,911.9308,913.37,911.9308,913.0,940.0,72.0,912.800087
COST,2026-09-14 13:25:00+00:00,910.5,915.48,910.5,915.48,3847.0,201.0,913.724072
COST,2026-09-14 13:30:00+00:00,913.645,921.99,912.5,920.0201,122643.0,4866.0,917.207672
COST,2026-09-14 13:35:00+00:00,919.75,920.25,915.55,915.55,48409.0,2122.0,917.87897
COST,2026-09-14 13:40:00+00:00,915.75,915.76,911.619,911.619,21976.0,1441.0,913.911584
COST,2026-09-14 13:45:00+00:00,911.765,913.65,910.79,913.14,24683.0,1504.0,912.08093
COST,2026-09-14 13:50:00+00:00,913.1451,917.22,913.14,915.01,26297.0,1423.0,916.105462
COST,2026-09-14 13:55:00+00:00,914.6,915.29,913.3701,913.875,17579.0,1144.0,914.09784
COST,2026-09-14 14:00:00+00:00,913.59,914.65,913.0001,914.0568,14693.0,1123.0,913.938138
COST,2026-09-14 14:05:00+00:00,914.17,914.65,913.32,913.36,17606.0,1187.0,914.113321
COST,2026-09-14 14:10:00+00:00,913.18,914.03,912.5001,913.675,17880.0,1204.0,913.407201
COST,2026-09-14 14:15:00+00:00,913.28,916.29,913.2383,916.29,28616.0,1532.0,914.428027
COST,2026-09-14 14:20:00+00:00,916.096,917.13,915.5125,915.67,18367.0,1324.0,916.244926
COST,2026-09-14 14:25:00+00:00,915.6498,916.07,914.96,915.86,19033.0,1316.0,915.407929
COST,2026-09-14 14:30:00+00:00,915.83,916.79,914.245,916.725,17384.0,1380.0,915.604114
COST,2026-09-14 14:35:00+00:00,916.98,918.2,916.79,917.2,19919.0,1340.0,917.602263
COST,2026-09-14 14:40:00+00:00,917.2,919.12,916.2301,918.115,26805.0,1471.0,918.05591
COST,2026-09-14 14:45:00+00:00,918.485,919.1,917.5201,918.84,16727.0,1178.0,918.379519
COST,2026-09-14 14:50:00+00:00,919.0,919.75,918.54,919.07,16415.0,1220.0,919.283583
COST,2026-09-14 14:55:00+00:00,919.05,919.28,918.29,918.73,20657.0,1294.0,918.90156
COST,2026-09-14 15:00:00+00:00,918.735,919.14,918.18,918.64,17434.0,1187.0,918.657356
COST,2026-09-14 15:05:00+00:00,918.63,919.86,917.78,919.6,23987.0,1588.0,919.038749
COST,2026-09-14 15:10:00+00:00,919.79,920.0,918.49,918.755,22647.0,1443.0,919.591945
COST,2026-09-14 15:15:00+00:00,918.76,918.88,917.42,917.61,18610.0,1147.0,918.294311
COST,2026-09-14 15:20:00+00:00,917.56,918.68,917.4496,917.4496,9675.0,875.0,917.885643
COST,2026-09-14 15:25:00+00:00,917.67,917.67,915.7468,916.7,13987.0,1018.0,916.710928
COST,2026-09-14 15:30:00+00:00,916.42,916.73,915.9,916.335,15205.0,1125.0,916.30297
COST,2026-09-14 15:35:00+00:00,916.29,916.7499,915.61,916.7499,11690.0,973.0,915.995273
COST,2026-09-14 15:40:00+00:00,916.5,916.75,915.84,916.585,8766.0,995.0,916.414782
COST,2026-09-14 15:45:00+00:00,916.68,917.7,916.55,916.88,13404.0,982.0,917.054981
COST,2026-09-14 15:50:00+00:00,916.665,918.445,916.26,918.155,7920.0,837.0,917.451181
COST,2026-09-14 15:55:00+00:00,918.29,918.47,917.73,917.73,8269.0,841.0,918.016007
COST,2026-09-14 16:00:00+00:00,917.98,918.58,917.61,917.93,14471.0,836.0,918.216578
COST,2026-09-14 16:05:00+00:00,917.71,918.56,917.6,918.335,7261.0,792.0,917.948343
COST,2026-09-14 16:10:00+00:00,918.33,918.99,918.27,918.85,12293.0,933.0,918.463477
COST,2026-09-14 16:15:00+00:00,918.86,918.86,917.8166,918.015,11371.0,1022.0,918.371081
COST,2026-09-14 16:20:00+00:00,918.01,918.29,917.57,918.14,10844.0,834.0,917.848536
COST,2026-09-14 16:25:00+00:00,918.05,918.17,917.1301,917.61,6499.0,668.0,917.732564
COST,2026-09-14 16:30:00+00:00,917.7,917.99,917.32,917.42,8525.0,757.0,917.733218
COST,2026-09-14 16:35:00+00:00,917.395,917.5273,916.35,916.99,7208.0,742.0,916.841943
COST,2026-09-14 16:40:00+00:00,916.915,916.99,916.0,916.02,8502.0,724.0,916.422818
COST,2026-09-14 16:45:00+00:00,916.17,916.4,915.78,915.92,9772.0,968.0,916.056692
COST,2026-09-14 16:50:00+00:00,916.0799,916.2935,915.9,916.2935,8240.0,788.0,916.126157
COST,2026-09-14 16:55:00+00:00,916.05,916.4499,915.3,916.2,7633.0,830.0,915.769756
COST,2026-09-14 17:00:00+00:00,916.21,916.41,915.66,915.96,7515.0,650.0,915.952149
COST,2026-09-14 17:05:00+00:00,915.985,916.22,915.1,915.825,8515.0,805.0,915.692352
COST,2026-09-14 17:10:00+00:00,915.8,916.71,915.45,916.71,7861.0,733.0,915.743345
COST,2026-09-14 17:15:00+00:00,916.65,916.84,915.82,916.36,9897.0,796.0,916.462242
COST,2026-09-14 17:20:00+00:00,916.02,916.46,915.66,916.31,6901.0,676.0,916.156355
COST,2026-09-14 17:25:00+00:00,916.29,916.68,916.2107,916.65,8752.0,714.0,916.485161
COST,2026-09-14 17:30:00+00:00,916.55,917.14,916.53,916.93,8710.0,784.0,916.782895
COST,2026-09-14 17:35:00+00:00,916.93,917.52,916.79,917.16,12127.0,926.0,917.163175
COST,2026-09-14 17:40:00+00:00,917.16,918.18,917.07,918.18,13769.0,964.0,917.700558
COST,2026-09-14 17:45:00+00:00,918.14,918.6,917.895,918.27,15289.0,898.0,918.183229
COST,2026-09-14 17:50:00+00:00,918.14,918.8,918.05,918.44,13257.0,1971.0,918.436424
COST,2026-09-14 17:55:00+00:00,918.39,918.53,917.85,917.85,14636.0,911.0,918.303476
COST,2026-09-14 18:00:00+00:00,917.9,917.9,917.155,917.6,9339.0,686.0,917.5497
COST,2026-09-14 18:05:00+00:00,917.65,917.72,916.8,917.085,10227.0,769.0,917.193789
COST,2026-09-14 18:10:00+00:00,917.085,918.0,917.0801,917.795,6919.0,679.0,917.507073
COST,2026-09-14 18:15:00+00:00,917.795,917.94,917.37,917.67,11463.0,715.0,917.630196
COST,2026-09-14 18:20:00+00:00,917.47,918.43,917.4,918.37,13330.0,868.0,917.964109
COST,2026-09-14 18:25:00+00:00,918.47,918.85,918.26,918.85,11767.0,919.0,918.491925
COST,2026-09-14 18:30:00+00:00,918.8,919.25,918.57,918.965,15670.0,1030.0,918.906453
COST,2026-09-14 18:35:00+00:00,918.9043,919.5,918.9043,919.035,9813.0,813.0,919.262803
COST,2026-09-14 18:40:00+00:00,918.9933,919.05,918.3701,918.48,10333.0,792.0,918.724263
COST,2026-09-14 18:45:00+00:00,918.495,919.36,918.41,918.995,13736.0,897.0,918.788387
COST,2026-09-14 18:50:00+00:00,918.995,919.4999,918.84,919.4999,6741.0,624.0,919.161279
COST,2026-09-14 18:55:00+00:00,919.26,919.67,919.14,919.475,10840.0,864.0,919.408513
COST,2026-09-14 19:00:00+00:00,919.3,919.4499,918.835,918.93,10361.0,805.0,919.106598
COST,2026-09-14 19:05:00+00:00,919.07,919.38,918.8145,919.3589,12168.0,812.0,919.115913
COST,2026-09-14 19:10:00+00:00,919.37,919.77,919.18,919.59,15806.0,940.0,919.453162
COST,2026-09-14 19:15:00+00:00,919.64,919.97,918.7,918.895,18003.0,1077.0,919.451213
COST,2026-09-14 19:20:00+00:00,918.8825,919.08,918.51,918.845,14153.0,1045.0,918.824432
COST,2026-09-14 19:25:00+00:00,918.71,919.12,918.1849,919.09,16072.0,1149.0,918.740587
COST,2026-09-14 19:30:00+00:00,919.09,920.565,918.99,920.17,29116.0,1726.0,920.186101
COST,2026-09-14 19:35:00+00:00,920.22,920.57,919.8,919.95,24538.0,1350.0,920.223754
COST,2026-09-14 19:40:00+00:00,919.89,920.19,919.4,919.66,23741.0,1443.0,919.774042
COST,2026-09-14 19:45:00+00:00,919.585,919.98,919.03,919.105,25484.0,1536.0,919.42008
COST,2026-09-14 19:50:00+00:00,919.03,920.6,918.54,919.77,54617.0,2993.0,919.562043
COST,2026-09-14 19:55:00+00:00,919.95,919.95,917.84,918.81,142510.0,8231.0,919.199291
COST,2026-09-14 20:00:00+00:00,918.91,919.5,917.0,919.5,445390.0,178.0,918.909626
COST,2026-09-14 20:05:00+00:00,918.71,919.0,918.71,919.0,1052.0,23.0,918.738333
COST,2026-09-14 20:10:00+00:00,918.91,919.498,918.72,919.498,36139.0,6.0,918.910364
COST,2026-09-14 20:15:00+00:00,918.71,918.71,918.71,918.71,180.0,31.0,918.71
COST,2026-09-14 20:20:00+00:00,918.92,918.92,918.41,918.41,161.0,19.0,918.665
COST,2026-09-14 20:25:00+00:00,918.72,918.72,918.0,918.0,155.0,9.0,918.451343
COST,2026-09-14 21:10:00+00:00,918.37,918.37,918.37,918.37,45.0,5.0,918.37
COST,2026-09-14 21:15:00+00:00,919.5428,919.5428,919.5428,919.5428,50.0,1.0,919.5428
COST,2026-09-14 22:00:00+00:00,918.37,918.37,917.3462,917.3462,245.0,2.0,917.764078
COST,2026-09-14 22:05:00+00:00,917.72,917.72,917.72,917.72,257.0,4.0,917.72
COST,2026-09-14 22:20:00+00:00,918.1,918.1,918.1,918.1,126.0,8.0,918.1
COST,2026-09-14 22:30:00+00:00,918.0,918.61,918.0,918.61,220.0,8.0,918.174286
COST,2026-09-14 22:35:00+00:00,918.74,918.74,918.74,918.74,56.0,5.0,918.74
COST,2026-09-14 23:25:00+00:00,919.0325,919.0325,919.0325,919.0325,106.0,3.0,919.0325
COST,2026-09-14 23:30:00+00:00,918.47,918.47,918.47,918.47,62.0,2.0,918.47
COST,2026-09-14 23:40:00+00:00,918.28,918.28,918.28,918.28,60.0,4.0,918.28
COST,2026-09-15 08:00:00+00:00,915.99,916.0,915.88,915.95,481.0,122.0,915.953158
COST,2026-09-15 10:55:00+00:00,915.96,915.96,915.96,915.96,104.0,8.0,915.96
COST,2026-09-15 11:25:00+00:00,915.4227,915.4227,915.4227,915.4227,93.0,4.0,915.4227
COST,2026-09-15 12:00:00+00:00,915.48,915.83,915.48,915.83,256.0,13.0,915.607174
COST,2026-09-15 12:35:00+00:00,915.17,915.22,915.17,915.22,174.0,8.0,915.198723
COST,2026-09-15 12:40:00+00:00,915.26,915.26,915.26,915.26,78.0,9.0,915.26
COST,2026-09-15 12:45:00+00:00,915.0,915.0,914.85,914.85,514.0,51.0,914.913158
COST,2026-09-15 12:50:00+00:00,914.85,914.85,914.85,914.85,116.0,7.0,914.85
COST,2026-09-15 13:05:00+00:00,914.88,914.88,914.88,914.88,63.0,5.0,914.88
COST,2026-09-15 13:10:00+00:00,914.54,914.54,914.54,914.54,46.0,5.0,914.54
COST,2026-09-15 13:20:00+00:00,914.46,914.51,914.4,914.51,570.0,43.0,914.461162
COST,2026-09-15 13:25:00+00:00,916.48,916.48,916.48,916.48,267.0,22.0,916.48
COST,2026-09-15 13:30:00+00:00,916.92,916.92,911.01,911.86,57218.0,2876.0,914.942813
COST,2026-09-15 13:35:00+00:00,911.51,914.35,911.11,913.37,19344.0,1192.0,912.951186
COST,2026-09-15 13:40:00+00:00,913.2313,913.525,910.5,910.895,26261.0,1627.0,911.33026
COST,2026-09-15 13:45:00+00:00,910.59,911.25,910.1,910.835,18308.0,1467.0,910.618217
COST,2026-09-15 13:50:00+00:00,910.95,911.69,909.5,911.255,19531.0,1364.0,910.561358
COST,2026-09-15 13:55:00+00:00,911.58,911.58,909.94,910.27,15836.0,1137.0,910.625632
COST,2026-09-15 14:00:00+00:00,909.85,910.07,908.5,908.78,25709.0,1550.0,909.153342
COST,2026-09-15 14:05:00+00:00,908.825,909.752,908.25,909.585,14315.0,1221.0,909.007802
COST,2026-09-15 14:10:00+00:00,909.4,910.14,908.93,909.15,22467.0,1234.0,909.398706
COST,2026-09-15 14:15:00+00:00,909.0,910.45,908.85,910.332,16448.0,1332.0,909.453308
COST,2026-09-15 14:20:00+00:00,909.72,910.5767,909.72,910.185,9588.0,1025.0,910.200137
COST,2026-09-15 14:25:00+00:00,910.175,910.25,909.46,909.55,11399.0,1164.0,909.844043
COST,2026-09-15 14:30:00+00:00,909.3,909.5,908.82,909.385,11538.0,1260.0,909.140143
COST,2026-09-15 14:35:00+00:00,909.16,909.55,908.53,909.55,10427.0,1205.0,909.047204
COST,2026-09-15 14:40:00+00:00,909.38,910.3399,909.17,909.24,15053.0,1146.0,909.50298
COST,2026-09-15 14:45:00+00:00,909.0,909.92,908.35,909.92,12921.0,1147.0,908.908767
COST,2026-09-15 14:50:00+00:00,909.81,910.1,908.97,909.08,11636.0,995.0,909.526031
COST,2026-09-15 14:55:00+00:00,909.08,909.185,908.44,908.72,10981.0,1126.0,908.733404
COST,2026-09-15 15:00:00+00:00,908.58,908.93,908.22,908.6,10901.0,1102.0,908.589528
COST,2026-09-15 15:05:00+00:00,908.4,908.55,907.17,907.17,30763.0,1440.0,907.930573
COST,2026-09-15 15:10:00+00:00,907.425,908.5,907.0568,907.61,29938.0,1133.0,908.056176
COST,2026-09-15 15:15:00+00:00,907.45,908.25,907.195,907.9128,13069.0,1041.0,907.932495
COST,2026-09-15 15:20:00+00:00,907.9577,908.78,907.9577,908.57,14915.0,955.0,908.302578
COST,2026-09-15 15:25:00+00:00,908.25,908.37,907.88,908.16,12701.0,1201.0,908.182258
COST,2026-09-15 15:30:00+00:00,908.39,908.79,908.2734,908.42,7666.0,846.0,908.483844
COST,2026-09-15 15:35:00+00:00,908.55,909.08,908.515,908.95,10375.0,916.0,908.871039
COST,2026-09-15 15:40:00+00:00,908.85,909.47,908.6,908.6706,10047.0,988.0,908.973042
COST,2026-09-15 15:45:00+00:00,908.615,908.615,907.18,907.365,8660.0,1064.0,907.926069
COST,2026-09-15 15:50:00+00:00,907.355,907.83,907.2,907.665,7313.0,969.0,907.467304
COST,2026-09-15 15:55:00+00:00,907.665,908.23,907.21,907.405,15638.0,1204.0,907.625038
COST,2026-09-15 16:00:00+00:00,907.2501,907.41,906.26,906.3,29599.0,1389.0,906.901391
COST,2026-09-15 16:05:00+00:00,906.27,906.7,906.02,906.55,12165.0,1045.0,906.309347
COST,2026-09-15 16:10:00+00:00,906.49,906.505,905.8845,906.42,12679.0,877.0,906.282699
COST,2026-09-15 16:15:00+00:00,906.36,906.44,905.82,905.91,8624.0,685.0,906.074581
COST,2026-09-15 16:20:00+00:00,906.0,906.365,905.33,905.33,12116.0,920.0,905.737934
COST,2026-09-15 16:25:00+00:00,905.4,905.545,905.12,905.4978,11773.0,954.0,905.325463
COST,2026-09-15 16:30:00+00:00,905.4432,905.91,905.3,905.43,8245.0,708.0,905.591896
COST,2026-09-15 16:35:00+00:00,905.55,905.78,905.25,905.755,7974.0,737.0,905.535631
COST,2026-09-15 16:40:00+00:00,905.77,905.8,905.41,905.41,7617.0,730.0,905.666653
COST,2026-09-15 16:45:00+00:00,905.87,905.97,905.03,905.685,14757.0,951.0,905.604714
COST,2026-09-15 16:50:00+00:00,905.675,906.9599,905.5743,906.75,18013.0,886.0,906.327159
COST,2026-09-15 16:55:00+00:00,906.8,907.21,906.245,906.94,14413.0,991.0,906.538111
COST,2026-09-15 17:00:00+00:00,907.08,907.23,906.67,906.795,7545.0,579.0,906.88177
COST,2026-09-15 17:05:00+00:00,906.89,908.07,906.83,907.475,20533.0,859.0,907.768045
COST,2026-09-15 17:10:00+00:00,907.655,907.82,907.38,907.82,13940.0,690.0,907.629491
COST,2026-09-15 17:15:00+00:00,907.705,908.5499,907.57,908.285,27373.0,966.0,907.802688
COST,2026-09-15 17:20:00+00:00,908.3,908.6,907.51,907.51,12187.0,745.0,908.29324
COST,2026-09-15 17:25:00+00:00,907.72,907.9947,907.37,907.565,11306.0,774.0,907.588838
COST,2026-09-15 17:30:00+00:00,907.565,908.33,907.32,907.855,12735.0,664.0,907.765642
COST,2026-09-15 17:35:00+00:00,907.855,908.33,907.635,908.295,12848.0,642.0,908.024088
COST,2026-09-15 17:40:00+00:00,908.3,908.75,908.13,908.62,14569.0,712.0,908.385983
COST,2026-09-15 17:45:00+00:00,908.57,908.57,907.49,907.695,8366.0,699.0,907.946461
COST,2026-09-15 17:50:00+00:00,907.67,907.75,907.25,907.455,5119.0,471.0,907.533531
COST,2026-09-15 17:55:00+00:00,907.28,907.71,907.2,907.21,9668.0,1538.0,907.426738
COST,2026-09-15 18:00:00+00:00,907.335,907.99,907.18,907.745,8667.0,878.0,907.629881
COST,2026-09-15 18:05:00+00:00,907.6,908.03,907.57,907.75,11275.0,845.0,907.864212
COST,2026-09-15 18:10:00+00:00,907.84,909.49,907.41,909.36,23763.0,971.0,908.113647
COST,2026-09-15 18:15:00+00:00,909.245,909.45,908.3001,908.585,15142.0,878.0,909.011662
COST,2026-09-15 18:20:00+00:00,908.68,908.68,908.08,908.13,8365.0,783.0,908.281834
COST,2026-09-15 18:25:00+00:00,908.28,908.675,908.1201,908.59,10018.0,881.0,908.420028
COST,2026-09-15 18:30:00+00:00,908.495,908.495,907.305,907.3112,14840.0,896.0,907.973835
COST,2026-09-15 18:35:00+00:00,907.2088,908.01,907.2088,907.715,13041.0,702.0,907.554241
COST,2026-09-15 18:40:00+00:00,907.715,908.09,907.41,907.4941,11165.0,780.0,907.721143
COST,2026-09-15 18:45:00+00:00,907.36,907.395,906.71,906.71,11065.0,909.0,907.126003
COST,2026-09-15 18:50:00+00:00,906.695,906.87,905.5,905.5,17163.0,1135.0,906.362583
COST,2026-09-15 18:55:00+00:00,905.62,905.72,904.8,904.865,25832.0,1679.0,905.042339
COST,2026-09-15 19:00:00+00:00,904.865,905.5,904.76,905.35,11675.0,777.0,905.168951
COST,2026-09-15 19:05:00+00:00,905.51,905.87,905.415,905.54,10724.0,869.0,905.574346
COST,2026-09-15 19:10:00+00:00,905.44,905.9031,905.39,905.615,14180.0,1002.0,905.61943
COST,2026-09-15 19:15:00+00:00,905.69,905.695,904.74,904.74,14139.0,1205.0,905.115846
COST,2026-09-15 19:20:00+00:00,904.73,904.86,903.81,903.97,22640.0,1440.0,904.390292
COST,2026-09-15 19:25:00+00:00,903.8,903.885,903.0967,903.69,22475.0,1395.0,903.382576
COST,2026-09-15 19:30:00+00:00,903.62,903.7,902.25,902.445,29861.0,1909.0,902.926043
COST,2026-09-15 19:35:00+00:00,902.43,902.94,902.17,902.94,21796.0,1430.0,902.526225
COST,2026-09-15 19:40:00+00:00,902.8,902.8,900.72,901.12,39468.0,2276.0,901.757796
COST,2026-09-15 19:45:00+00:00,901.0,901.54,900.34,901.325,48607.0,2156.0,900.891695
COST,2026-09-15 19:50:00+00:00,901.25,901.67,900.25,901.31,65469.0,3564.0,900.809748
COST,2026-09-15 19:55:00+00:00,901.42,901.47,900.25,900.9,156133.0,7902.0,900.848848
COST,2026-09-15 20:00:00+00:00,901.35,902.5,900.12,902.5,717818.0,189.0,901.348603
COST,2026-09-15 20:05:00+00:00,902.6,902.6,900.3,901.35,30009.0,41.0,901.352112
COST,2026-09-15 20:10:00+00:00,902.45,902.45,902.45,902.45,123.0,29.0,902.45
COST,2026-09-15 20:20:00+00:00,902.51,902.85,902.51,902.5462,956.0,43.0,902.656515
COST,2026-09-15 20:25:00+00:00,902.7499,902.7499,902.7499,902.7499,125.0,9.0,902.7499
COST,2026-09-15 20:30:00+00:00,902.75,902.75,902.75,902.75,296.0,14.0,902.75
COST,2026-09-15 20:35:00+00:00,902.85,902.85,902.85,902.85,132.0,10.0,902.85
COST,2026-09-15 20:45:00+00:00,902.52,902.52,902.5,902.51,354.0,50.0,902.508832
COST,2026-09-15 20:50:00+00:00,902.27,902.27,902.27,902.27,132.0,2.0,902.27
COST,2026-09-15 20:55:00+00:00,902.454,902.454,902.454,902.454,100.0,1.0,902.454
COST,2026-09-15 21:00:00+00:00,902.5,902.5,902.5,902.5,60.0,7.0,902.5
COST,2026-09-15 21:15:00+00:00,902.6489,902.6489,902.38,902.5,259.0,17.0,902.484395
COST,2026-09-15 21:20:00+00:00,902.49,902.49,902.37,902.37,4880.0,19.0,902.397531
COST,2026-09-15 21:25:00+00:00,902.418,902.418,902.418,902.418,125.0,6.0,902.418
COST,2026-09-15 21:35:00+00:00,902.43,902.51,902.43,902.43,269.0,11.0,902.443913
COST,2026-09-15 21:40:00+00:00,902.6,902.6,902.6,902.6,86.0,7.0,902.6
COST,2026-09-15 21:45:00+00:00,902.54,902.54,902.54,902.54,43.0,2.0,902.54
COST,2026-09-15 22:00:00+00:00,902.7,902.9458,902.7,902.9458,132.0,10.0,902.826701
COST,2026-09-15 22:05:00+00:00,902.66,902.66,902.65,902.65,107.0,8.0,902.655
COST,2026-09-15 22:35:00+00:00,902.95,903.0,902.95,903.0,332.0,54.0,902.984722
COST,2026-09-15 23:00:00+00:00,903.18,903.18,903.18,903.18,103.0,4.0,903.18
COST,2026-09-15 23:40:00+00:00,903.0,903.0,903.0,903.0,100.0,1.0,903.0
COST,2026-09-15 23:45:00+00:00,903.0,903.0,903.0,903.0,61.0,4.0,903.0
COST,2026-09-15 23:50:00+00:00,903.0,903.0,903.0,903.0,424.0,17.0,903.0
COST,2026-09-16 08:00:00+00:00,903.4859,903.4859,901.75,902.5,1145.0,167.0,902.937005
COST,2026-09-16 08:20:00+00:00,903.5,903.5,903.5,903.5,50.0,1.0,903.5
COST,2026-09-16 09:00:00+00:00,902.81,902.81,902.79,902.79,80.0,2.0,902.8
COST,2026-09-16 10:50:00+00:00,903.05,903.05,903.05,903.05,46.0,4.0,903.05
COST,2026-09-16 11:05:00+00:00,903.5,903.5,903.5,903.5,104.0,5.0,903.5
COST,2026-09-16 11:10:00+00:00,903.5,903.5,903.5,903.5,135.0,10.0,903.5
COST,2026-09-16 11:20:00+00:00,903.3,903.3,903.3,903.3,60.0,10.0,903.3
COST,2026-09-16 11:40:00+00:00,903.0,903.0,902.5,902.52,596.0,59.0,902.673038
COST,2026-09-16 11:45:00+00:00,902.98,903.0,902.98,903.0,132.0,7.0,902.990244
COST,2026-09-16 12:10:00+00:00,902.53,902.55,902.5,902.5,512.0,36.0,902.510989
COST,2026-09-16 12:25:00+00:00,903.3361,903.3361,902.61,902.61,1103.0,4.0,903.274927
COST,2026-09-16 12:30:00+00:00,902.4,902.4,902.4,902.4,96.0,19.0,902.4
COST,2026-09-16 12:35:00+00:00,902.5,902.5,902.5,902.5,112.0,6.0,902.5
COST,2026-09-16 12:45:00+00:00,902.0,902.0,901.5,901.5,1791.0,124.0,901.737848
COST,2026-09-16 13:05:00+00:00,901.85,903.4,901.85,903.4,571.0,18.0,902.866388
COST,2026-09-16 13:10:00+00:00,901.3,901.33,901.29,901.29,247.0,25.0,901.302381
COST,2026-09-16 13:15:00+00:00,901.2,902.408,901.2,902.408,278.0,25.0,901.871111
COST,2026-09-16 13:20:00+00:00,901.75,901.75,901.75,901.75,73.0,4.0,901.75
COST,2026-09-16 13:25:00+00:00,901.4,901.4,901.0,901.0,419.0,46.0,901.080808
COST,2026-09-16 13:30:00+00:00,901.01,901.89,900.25,900.28,58575.0,2327.0,900.819657
COST,2026-09-16 13:35:00+00:00,900.28,901.99,900.01,900.51,17173.0,1086.0,900.927712
COST,2026-09-16 13:40:00+00:00,900.425,900.475,899.01,900.0,36109.0,2880.0,899.845219
COST,2026-09-16 13:45:00+00:00,900.0,900.363,899.3169,900.04,24379.0,1477.0,899.717816
COST,2026-09-16 13:50:00+00:00,900.37,900.77,899.3,899.3,13939.0,1191.0,900.183619
COST,2026-09-16 13:55:00+00:00,899.305,899.42,898.12,898.12,38788.0,2334.0,898.841288
COST,2026-09-16 14:00:00+00:00,898.265,898.6499,896.88,897.09,47182.0,3406.0,897.591794
COST,2026-09-16 14:05:00+00:00,896.88,897.4099,895.87,897.01,40177.0,2192.0,896.64578
COST,2026-09-16 14:10:00+00:00,897.015,897.43,896.335,896.73,20233.0,1589.0,896.69087
COST,2026-09-16 14:15:00+00:00,896.905,898.9899,896.78,898.9852,24571.0,1531.0,898.006629
COST,2026-09-16 14:20:00+00:00,898.6475,898.99,897.6118,898.735,15605.0,1253.0,898.328777
COST,2026-09-16 14:25:00+00:00,898.905,899.3,898.245,899.28,13234.0,1409.0,898.895597
COST,2026-09-16 14:30:00+00:00,899.35,899.35,898.1,898.77,8531.0,1005.0,898.662336
COST,2026-09-16 14:35:00+00:00,898.55,898.775,898.27,898.33,10702.0,1034.0,898.496984
COST,2026-09-16 14:40:00+00:00,898.34,900.16,898.34,900.025,10061.0,955.0,899.353107
COST,2026-09-16 14:45:00+00:00,899.9,900.44,899.855,900.04,9869.0,944.0,900.165647
COST,2026-09-16 14:50:00+00:00,899.9,900.08,899.45,899.62,7728.0,891.0,899.78028
COST,2026-09-16 14:55:00+00:00,899.605,899.605,898.81,899.43,16329.0,1083.0,899.267035
COST,2026-09-16 15:00:00+00:00,899.43,899.7399,898.74,899.05,11892.0,1074.0,899.362882
COST,2026-09-16 15:05:00+00:00,898.91,899.77,898.81,898.92,12885.0,1053.0,899.191452
COST,2026-09-16 15:10:00+00:00,899.0363,900.0,899.01,899.725,12593.0,1029.0,899.47174
COST,2026-09-16 15:15:00+00:00,899.735,900.39,899.64,900.0724,19163.0,930.0,899.941772
COST,2026-09-16 15:20:00+00:00,900.24,901.05,900.0965,900.9522,13296.0,879.0,900.576387
COST,2026-09-16 15:25:00+00:00,901.11,901.32,900.73,900.91,12068.0,991.0,900.99648
COST,2026-09-16 15:30:00+00:00,901.05,901.62,900.85,901.285,10808.0,877.0,901.340304
COST,2026-09-16 15:35:00+00:00,901.26,902.0,901.235,901.86,19871.0,1178.0,901.733623
COST,2026-09-16 15:40:00+00:00,901.66,901.81,901.41,901.71,10137.0,838.0,901.633604
COST,2026-09-16 15:45:00+00:00,901.71,901.715,900.501,901.06,15489.0,1050.0,901.027724
COST,2026-09-16 15:50:00+00:00,900.99,901.9936,900.975,901.62,10766.0,817.0,901.507729
COST,2026-09-16 15:55:00+00:00,901.455,901.7,900.88,901.19,9951.0,785.0,901.310151
COST,2026-09-16 16:00:00+00:00,901.06,901.06,899.6601,900.0,9184.0,1023.0,900.120629
COST,2026-09-16 16:05:00+00:00,899.77,900.27,899.61,900.17,11473.0,872.0,900.02589
COST,2026-09-16 16:10:00+00:00,900.23,901.3899,900.23,901.18,8916.0,846.0,900.795452
COST,2026-09-16 16:15:00+00:00,901.13,901.37,901.0,901.215,6796.0,586.0,901.207557
COST,2026-09-16 16:20:00+00:00,901.21,901.21,900.58,900.6768,10844.0,836.0,900.868064
COST,2026-09-16 16:25:00+00:00,900.98,901.38,900.62,901.25,5999.0,600.0,901.055818
COST,2026-09-16 16:30:00+00:00,901.42,901.42,900.73,900.96,30883.0,997.0,901.037253
COST,2026-09-16 16:35:00+00:00,900.8475,901.04,899.5501,899.5501,13143.0,781.0,900.721603
COST,2026-09-16 16:40:00+00:00,899.58,900.99,899.4,900.7312,10875.0,808.0,899.804764
COST,2026-09-16 16:45:00+00:00,900.78,901.145,900.44,901.015,9967.0,651.0,900.741255
COST,2026-09-16 16:50:00+00:00,900.99,901.29,900.45,901.255,6177.0,503.0,900.912046
COST,2026-09-16 16:55:00+00:00,901.255,901.37,900.53,900.6501,9561.0,690.0,901.007934
COST,2026-09-16 17:00:00+00:00,900.765,900.795,899.665,899.95,7666.0,612.0,900.29947
COST,2026-09-16 17:05:00+00:00,900.03,900.83,899.655,900.825,9764.0,594.0,900.272032
COST,2026-09-16 17:10:00+00:00,900.84,900.9299,900.25,900.25,8091.0,677.0,900.708034
COST,2026-09-16 17:15:00+00:00,900.27,900.66,899.99,900.535,13584.0,783.0,900.347195
COST,2026-09-16 17:20:00+00:00,900.595,900.99,900.555,900.71,11413.0,793.0,900.766773
COST,2026-09-16 17:25:00+00:00,900.64,900.695,900.155,900.155,11129.0,770.0,900.402277
COST,2026-09-16 17:30:00+00:00,900.3,900.34,899.63,899.835,8849.0,751.0,899.914414
COST,2026-09-16 17:35:00+00:00,899.71,900.3,899.52,900.175,12018.0,758.0,899.855036
COST,2026-09-16 17:40:00+00:00,900.1591,900.2497,899.62,899.755,11065.0,658.0,899.885679
COST,2026-09-16 17:45:00+00:00,899.81,900.15,899.714,899.98,12895.0,747.0,899.933735
COST,2026-09-16 17:50:00+00:00,899.985,900.175,899.73,900.11,9660.0,1343.0,899.889078
COST,2026-09-16 17:55:00+00:00,900.16,900.25,899.8,899.82,8393.0,654.0,900.041087
COST,2026-09-16 18:00:00+00:00,899.82,900.57,898.9,898.91,20307.0,1304.0,899.529521
COST,2026-09-16 18:05:00+00:00,898.93,898.935,898.1,898.65,21680.0,1269.0,898.477538
COST,2026-09-16 18:10:00+00:00,898.6001,900.3,898.57,899.82,13571.0,1010.0,899.1255
COST,2026-09-16 18:15:00+00:00,899.73,900.585,899.695,900.1,13881.0,912.0,900.001764
COST,2026-09-16 18:20:00+00:00,900.26,900.26,898.935,898.935,11812.0,937.0,899.299335
COST,2026-09-16 18:25:00+00:00,898.94,899.04,898.225,898.49,14415.0,975.0,898.793301
COST,2026-09-16 18:30:00+00:00,898.615,898.77,895.85,895.995,36996.0,3228.0,896.902304
COST,2026-09-16 18:35:00+00:00,896.205,896.65,895.67,896.1,16466.0,1327.0,896.054696
COST,2026-09-16 18:40:00+00:00,896.16,897.065,896.0,896.06,12438.0,1125.0,896.67918
COST,2026-09-16 18:45:00+00:00,896.275,896.4999,895.5,896.065,20921.0,1484.0,895.921412
COST,2026-09-16 18:50:00+00:00,895.89,896.04,894.55,894.6825,34514.0,3237.0,895.119595
COST,2026-09-16 18:55:00+00:00,894.83,894.85,893.5,893.9625,35826.0,2288.0,894.109873
COST,2026-09-16 19:00:00+00:00,893.96,895.89,893.84,895.7025,22510.0,1512.0,894.660488
COST,2026-09-16 19:05:00+00:00,895.7,897.71,895.57,897.0,22559.0,1672.0,896.79475
COST,2026-09-16 19:10:00+00:00,897.06,897.1899,895.17,895.195,18696.0,1270.0,896.219541
COST,2026-09-16 19:15:00+00:00,895.23,895.805,895.1301,895.61,20876.0,1332.0,895.348563
COST,2026-09-16 19:20:00+00:00,895.62,895.9799,895.12,895.6,17041.0,1317.0,895.49924
COST,2026-09-16 19:25:00+00:00,895.61,895.61,894.365,894.52,17042.0,1460.0,894.891528
COST,2026-09-16 19:30:00+00:00,894.3,894.47,893.5,893.74,23763.0,1793.0,893.988771
COST,2026-09-16 19:35:00+00:00,893.67,894.53,893.5,894.22,25181.0,1707.0,893.947179
COST,2026-09-16 19:40:00+00:00,894.275,894.32,893.3501,893.415,26811.0,1923.0,893.677209
COST,2026-09-16 19:45:00+00:00,893.34,893.585,892.68,893.135,39451.0,2794.0,893.062236
COST,2026-09-16 19:50:00+00:00,893.28,893.87,892.67,893.78,47563.0,3078.0,893.138231
COST,2026-09-16 19:55:00+00:00,893.92,894.79,893.18,893.23,170541.0,7165.0,893.823306
COST,2026-09-16 20:00:00+00:00,893.24,894.5,893.22,894.5,549442.0,171.0,893.739884
COST,2026-09-16 20:10:00+00:00,894.0,894.0,893.501,893.501,814.0,50.0,893.78574
COST,2026-09-16 20:15:00+00:00,893.9215,893.9215,893.87,893.87,204.0,19.0,893.888905
COST,2026-09-16 20:25:00+00:00,893.67,893.67,893.67,893.67,67.0,3.0,893.67
COST,2026-09-16 20:30:00+00:00,893.88,893.88,893.88,893.88,96.0,10.0,893.88
COST,2026-09-16 20:40:00+00:00,893.85,893.85,893.85,893.85,258.0,17.0,893.85
COST,2026-09-16 20:55:00+00:00,893.8,893.8,893.8,893.8,371.0,56.0,893.8
COST,2026-09-16 21:00:00+00:00,893.62,893.62,893.62,893.62,865.0,28.0,893.62
COST,2026-09-16 21:05:00+00:00,893.8,893.9,893.8,893.9,500.0,28.0,893.886111
COST,2026-09-16 21:20:00+00:00,893.86,893.86,893.86,893.86,127.0,13.0,893.86
COST,2026-09-16 21:40:00+00:00,894.4321,894.4321,894.4321,894.4321,62.0,5.0,894.4321
COST,2026-09-16 22:10:00+00:00,894.7,894.7,894.6497,894.6497,226.0,3.0,894.672564
COST,2026-09-16 22:30:00+00:00,894.61,894.61,894.61,894.61,60.0,5.0,894.61
COST,2026-09-16 22:40:00+00:00,894.5,894.5,894.5,894.5,53.0,2.0,894.5
COST,2026-09-16 22:45:00+00:00,894.66,894.7,894.66,894.7,292.0,33.0,894.68475
COST,2026-09-16 22:55:00+00:00,895.0915,895.0915,895.0915,895.0915,58.0,4.0,895.0915
COST,2026-09-16 23:05:00+00:00,894.72,894.72,894.72,894.72,55.0,9.0,894.72
COST,2026-09-16 23:20:00+00:00,894.78,894.78,894.78,894.78,543.0,7.0,894.78
COST,2026-09-16 23:30:00+00:00,894.72,894.72,894.72,894.72,62.0,4.0,894.72
COST,2026-09-16 23:35:00+00:00,894.6999,894.7,894.6999,894.7,122.0,10.0,894.69995
COST,2026-09-16 23:40:00+00:00,894.51,894.5101,894.51,894.5101,494.0,7.0,894.51004
COST,2026-09-16 23:45:00+00:00,894.51,894.6875,894.51,894.6875,837.0,19.0,894.544272
COST,2026-09-16 23:50:00+00:00,894.63,894.63,894.63,894.63,167.0,12.0,894.63
COST,2026-09-16 23:55:00+00:00,894.6199,894.6199,894.4566,894.4983,479.0,51.0,894.50245
COST,2026-09-17 08:00:00+00:00,895.5,896.5,894.3727,895.8,2363.0,319.0,895.628565
COST,2026-09-17 08:05:00+00:00,895.93,895.93,895.93,895.93,51.0,9.0,895.93
COST,2026-09-17 08:45:00+00:00,895.84,895.84,895.81,895.81,109.0,7.0,895.825
COST,2026-09-17 08:50:00+00:00,895.48,896.99,895.48,896.99,457.0,26.0,896.370315
COST,2026-09-17 09:30:00+00:00,896.0,896.0,896.0,896.0,108.0,9.0,896.0
COST,2026-09-17 10:00:00+00:00,896.0,896.0,896.0,896.0,72.0,4.0,896.0
COST,2026-09-17 10:10:00+00:00,895.99,895.99,895.99,895.99,65.0,3.0,895.99
COST,2026-09-17 10:25:00+00:00,895.67,895.67,895.61,895.61,195.0,18.0,895.63
COST,2026-09-17 11:10:00+00:00,895.954,895.97,895.954,895.97,714.0,7.0,895.958706
COST,2026-09-17 11:15:00+00:00,895.7,896.4168,895.64,896.3981,507.0,27.0,895.963075
COST,2026-09-17 11:20:00+00:00,896.5826,896.5826,896.5826,896.5826,149.0,13.0,896.5826
COST,2026-09-17 11:30:00+00:00,896.6759,896.6759,896.6759,896.6759,53.0,4.0,896.6759
COST,2026-09-17 11:45:00+00:00,896.07,896.07,896.06,896.06,441.0,32.0,896.063333
COST,2026-09-17 11:50:00+00:00,896.1,896.1,896.1,896.1,127.0,16.0,896.1
COST,2026-09-17 11:55:00+00:00,896.0,896.5295,896.0,896.5295,171.0,11.0,896.35777
COST,2026-09-17 12:00:00+00:00,896.25,896.8,896.0,896.0,514.0,15.0,896.184
COST,2026-09-17 12:05:00+00:00,896.2,896.2,896.2,896.2,104.0,7.0,896.2
COST,2026-09-17 12:10:00+00:00,895.72,895.72,895.72,895.72,65.0,6.0,895.72
COST,2026-09-17 12:15:00+00:00,895.82,896.2,895.72,896.2,367.0,27.0,895.863689
COST,2026-09-17 12:20:00+00:00,896.2,896.2,895.75,896.2,1358.0,17.0,896.156455
COST,2026-09-17 12:25:00+00:00,896.12,896.12,896.1,896.1,170.0,11.0,896.111
COST,2026-09-17 12:30:00+00:00,896.4257,896.4257,896.4257,896.4257,126.0,14.0,896.4257
COST,2026-09-17 12:35:00+00:00,896.495,896.495,896.0,896.0,265.0,17.0,896.226027
COST,2026-09-17 12:40:00+00:00,896.2998,896.2998,896.2998,896.2998,77.0,4.0,896.2998
COST,2026-09-17 12:45:00+00:00,896.3,896.37,896.25,896.25,703.0,25.0,896.299399
COST,2026-09-17 12:50:00+00:00,896.0,896.0,896.0,896.0,61.0,4.0,896.0
COST,2026-09-17 12:55:00+00:00,896.2926,896.33,896.2926,896.33,594.0,27.0,896.314854
COST,2026-09-17 13:00:00+00:00,896.2,896.43,896.17,896.43,1751.0,78.0,896.366722
COST,2026-09-17 13:05:00+00:00,896.43,896.43,896.14,896.36,680.0,64.0,896.388684
COST,2026-09-17 13:10:00+00:00,896.25,896.25,896.01,896.01,1023.0,86.0,896.144483
COST,2026-09-17 13:15:00+00:00,896.0,896.0,895.75,895.88,953.0,55.0,895.969895
COST,2026-09-17 13:20:00+00:00,895.81,896.0,895.71,896.0,352.0,35.0,895.854348
COST,2026-09-17 13:25:00+00:00,895.8,896.0,894.75,895.45,2037.0,257.0,895.283008
COST,2026-09-17 13:30:00+00:00,895.17,895.9999,889.69,890.78,89036.0,5706.0,892.74848
COST,2026-09-17 13:35:00+00:00,891.36,891.73,889.69,889.702,34103.0,3008.0,890.771563
COST,2026-09-17 13:40:00+00:00,889.865,890.08,888.17,889.27,54689.0,3606.0,889.075205
COST,2026-09-17 13:45:00+00:00,889.265,891.5169,889.02,890.2122,29075.0,2236.0,890.275142
COST,2026-09-17 13:50:00+00:00,889.81,891.0599,889.7,890.03,22910.0,1690.0,890.311625
COST,2026-09-17 13:55:00+00:00,890.2,890.9999,889.978,890.51,36116.0,1647.0,890.289527
COST,2026-09-17 14:00:00+00:00,890.24,890.24,888.96,890.08,31508.0,2199.0,889.510913
COST,2026-09-17 14:05:00+00:00,890.005,890.42,889.61,890.2216,15265.0,1374.0,890.112603
COST,2026-09-17 14:10:00+00:00,890.48,890.67,889.3981,889.525,22342.0,1707.0,890.105519
COST,2026-09-17 14:15:00+00:00,889.48,890.49,889.43,890.01,22144.0,1476.0,889.951143
COST,2026-09-17 14:20:00+00:00,890.11,890.5,889.7,889.7,19122.0,1667.0,890.182865
COST,2026-09-17 14:25:00+00:00,889.705,890.22,889.17,889.49,20939.0,1789.0,889.673087
COST,2026-09-17 14:30:00+00:00,889.51,889.51,888.04,888.325,36086.0,2992.0,888.636521
COST,2026-09-17 14:35:00+00:00,888.55,889.5,888.5,889.49,18160.0,1745.0,888.972082
COST,2026-09-17 14:40:00+00:00,889.21,890.2199,889.07,889.97,15695.0,1480.0,889.749552
COST,2026-09-17 14:45:00+00:00,889.98,890.18,889.13,889.475,12897.0,1242.0,889.785688
COST,2026-09-17 14:50:00+00:00,889.3,889.835,889.075,889.285,13940.0,1373.0,889.387029
COST,2026-09-17 14:55:00+00:00,889.12,889.35,888.445,888.88,21018.0,1941.0,888.827379
COST,2026-09-17 15:00:00+00:00,889.0,890.0,888.6,889.49,18886.0,1604.0,889.151659
COST,2026-09-17 15:05:00+00:00,889.54,889.77,889.2,889.645,17960.0,1321.0,889.521983
COST,2026-09-17 15:10:00+00:00,889.65,890.8714,889.65,890.675,15631.0,1283.0,890.222956
COST,2026-09-17 15:15:00+00:00,890.5,890.81,890.2912,890.52,14229.0,1195.0,890.590859
COST,2026-09-17 15:20:00+00:00,890.28,890.48,889.86,889.91,15649.0,1401.0,890.111459
COST,2026-09-17 15:25:00+00:00,890.05,890.75,890.05,890.3,11895.0,1146.0,890.518474
COST,2026-09-17 15:30:00+00:00,890.2875,890.8599,889.8203,890.68,15118.0,1349.0,890.269109
COST,2026-09-17 15:35:00+00:00,890.68,890.97,890.12,890.65,32169.0,1467.0,890.460687
COST,2026-09-17 15:40:00+00:00,890.65,891.1,890.491,891.1,10231.0,1020.0,890.853833
COST,2026-09-17 15:45:00+00:00,890.955,891.08,890.505,890.505,11535.0,1171.0,890.845106
COST,2026-09-17 15:50:00+00:00,890.47,891.01,890.32,890.81,10739.0,1043.0,890.728891
COST,2026-09-17 15:55:00+00:00,890.9,891.75,890.7501,891.75,21971.0,1269.0,891.100315
COST,2026-09-17 16:00:00+00:00,891.875,892.46,891.625,891.85,11223.0,1081.0,892.056738
COST,2026-09-17 16:05:00+00:00,891.73,891.73,891.1,891.29,14279.0,1065.0,891.352406
COST,2026-09-17 16:10:00+00:00,891.2601,891.39,890.11,890.11,10850.0,1008.0,891.060775
COST,2026-09-17 16:15:00+00:00,890.11,890.8285,890.11,890.55,7960.0,882.0,890.645323
COST,2026-09-17 16:20:00+00:00,890.545,891.1,890.39,890.7,7850.0,960.0,890.794197
COST,2026-09-17 16:25:00+00:00,890.7,891.28,890.6,891.25,8176.0,959.0,890.898562
COST,2026-09-17 16:30:00+00:00,891.255,891.4,890.92,891.04,11346.0,1009.0,891.237914
COST,2026-09-17 16:35:00+00:00,891.1451,891.65,891.085,891.65,17571.0,853.0,891.33563
COST,2026-09-17 16:40:00+00:00,891.605,891.605,891.23,891.385,12567.0,974.0,891.440122
COST,2026-09-17 16:45:00+00:00,891.37,891.86,890.89,891.83,11814.0,1005.0,891.227434
COST,2026-09-17 16:50:00+00:00,891.93,892.0751,891.6464,891.785,10359.0,788.0,891.825613
COST,2026-09-17 16:55:00+00:00,891.785,892.03,891.2501,892.0,9743.0,905.0,891.764974
COST,2026-09-17 17:00:00+00:00,892.2283,892.6,892.04,892.6,12543.0,735.0,892.424048
COST,2026-09-17 17:05:00+00:00,892.63,892.63,891.6,891.675,8959.0,785.0,892.174464
COST,2026-09-17 17:10:00+00:00,891.725,892.57,891.69,892.16,8532.0,730.0,892.088478
COST,2026-09-17 17:15:00+00:00,892.21,892.41,891.39,891.885,12746.0,789.0,891.80937
COST,2026-09-17 17:20:00+00:00,892.025,892.06,891.58,891.64,7437.0,659.0,891.859254
COST,2026-09-17 17:25:00+00:00,891.61,892.1,891.4833,891.83,7080.0,731.0,891.813465
COST,2026-09-17 17:30:00+00:00,892.0,892.17,891.65,891.76,10836.0,910.0,891.93773
COST,2026-09-17 17:35:00+00:00,891.62,891.91,891.32,891.49,12846.0,887.0,891.518722
COST,2026-09-17 17:40:00+00:00,891.48,891.97,891.48,891.97,12494.0,805.0,891.709078
COST,2026-09-17 17:45:00+00:00,891.8,892.09,891.53,891.58,8011.0,734.0,891.830906
COST,2026-09-17 17:50:00+00:00,891.48,891.7925,891.381,891.6225,6227.0,1180.0,891.610541
COST,2026-09-17 17:55:00+00:00,891.5,891.51,891.14,891.49,12221.0,820.0,891.354067
COST,2026-09-17 18:00:00+00:00,891.365,891.65,891.25,891.65,7150.0,767.0,891.404319
COST,2026-09-17 18:05:00+00:00,891.65,892.025,891.63,892.025,11042.0,895.0,891.812048
COST,2026-09-17 18:10:00+00:00,892.0586,892.49,891.84,892.2,9327.0,857.0,892.158091
COST,2026-09-17 18:15:00+00:00,892.17,892.4899,891.6701,891.8682,11390.0,1025.0,892.042382
COST,2026-09-17 18:20:00+00:00,891.83,891.9999,891.43,891.43,9373.0,872.0,891.683704
COST,2026-09-17 18:25:00+00:00,891.52,891.579,890.64,890.8,24330.0,1379.0,891.122484
COST,2026-09-17 18:30:00+00:00,890.78,891.205,890.6601,891.035,22884.0,1096.0,890.977264
COST,2026-09-17 18:35:00+00:00,891.03,891.64,890.87,891.48,13691.0,940.0,891.265209
COST,2026-09-17 18:40:00+00:00,891.53,891.73,891.34,891.6525,6030.0,711.0,891.542657
COST,2026-09-17 18:45:00+00:00,891.665,892.48,891.56,892.12,10680.0,893.0,892.17154
COST,2026-09-17 18:50:00+00:00,892.125,892.14,891.64,891.83,7574.0,750.0,891.892355
COST,2026-09-17 18:55:00+00:00,891.76,891.87,891.1466,891.83,12328.0,928.0,891.616938
COST,2026-09-17 19:00:00+00:00,891.8199,892.5,891.61,892.39,10652.0,817.0,892.163943
COST,2026-09-17 19:05:00+00:00,892.37,892.6383,891.57,891.66,16700.0,1180.0,891.969414
COST,2026-09-17 19:10:00+00:00,891.3801,892.41,891.3801,892.045,11940.0,952.0,892.044949
COST,2026-09-17 19:15:00+00:00,892.045,892.2,891.77,892.0,13031.0,1008.0,891.984935
COST,2026-09-17 19:20:00+00:00,892.17,892.83,892.17,892.715,12628.0,1003.0,892.602479
COST,2026-09-17 19:25:00+00:00,892.735,892.9381,892.3,892.7,16772.0,1133.0,892.665487
COST,2026-09-17 19:30:00+00:00,892.7,893.25,891.97,892.15,22916.0,1480.0,892.636091
COST,2026-09-17 19:35:00+00:00,892.21,892.3169,891.44,891.6,18591.0,1290.0,891.923562
COST,2026-09-17 19:40:00+00:00,891.73,892.47,891.44,892.34,19944.0,1343.0,891.928284
COST,2026-09-17 19:45:00+00:00,892.21,892.74,892.088,892.285,26513.0,1481.0,892.402702
COST,2026-09-17 19:50:00+00:00,892.2,893.26,892.0,893.16,49463.0,3312.0,892.759422
COST,2026-09-17 19:55:00+00:00,893.16,894.69,893.13,893.93,184594.0,7927.0,893.971561
COST,2026-09-17 20:00:00+00:00,893.93,895.0,893.169,894.0,681867.0,233.0,893.930309
COST,2026-09-17 20:05:00+00:00,893.5,894.01,893.5,894.0,24435.0,41.0,893.927884
COST,2026-09-17 20:10:00+00:00,895.0,895.0,894.3,894.3,319.0,36.0,894.6125
COST,2026-09-17 20:15:00+00:00,893.75,893.8,893.75,893.8,208.0,7.0,893.775
COST,2026-09-17 20:25:00+00:00,893.6,893.8528,893.6,893.8528,204.0,16.0,893.707413
COST,2026-09-17 20:45:00+00:00,893.5,893.812,893.5,893.812,303.0,18.0,893.661742
COST,2026-09-17 20:55:00+00:00,893.75,893.75,893.75,893.75,102.0,8.0,893.75
COST,2026-09-17 21:05:00+00:00,893.77,893.77,893.77,893.77,132.0,7.0,893.77
COST,2026-09-17 21:15:00+00:00,893.0,893.0,893.0,893.0,206.0,15.0,893.0
COST,2026-09-17 21:20:00+00:00,893.25,893.25,893.2,893.2,116.0,14.0,893.220202
COST,2026-09-17 21:45:00+00:00,893.5,893.5,893.4999,893.4999,402.0,3.0,893.49995
COST,2026-09-17 21:50:00+00:00,893.35,893.35,893.35,893.35,146.0,16.0,893.35
COST,2026-09-17 22:10:00+00:00,893.0,893.54,893.0,893.54,127.0,7.0,893.307742
COST,2026-09-17 22:15:00+00:00,893.31,893.31,893.3,893.3,214.0,6.0,893.30201
COST,2026-09-17 22:30:00+00:00,893.5841,893.5841,893.5841,893.5841,76.0,9.0,893.5841
COST,2026-09-17 22:35:00+00:00,893.3122,893.3122,893.3122,893.3122,48.0,5.0,893.3122
COST,2026-09-17 23:10:00+00:00,893.89,893.89,893.89,893.89,117.0,17.0,893.89
COST,2026-09-17 23:20:00+00:00,893.621,894.0,893.621,894.0,412.0,10.0,893.713602
COST,2026-09-17 23:45:00+00:00,894.12,894.12,894.12,894.12,104.0,10.0,894.12
COST,2026-09-18 08:00:00+00:00,893.5,893.5,893.02,893.2,1630.0,499.0,893.271529
COST,2026-09-18 08:55:00+00:00,893.3,893.3,893.3,893.3,163.0,2.0,893.3
COST,2026-09-18 09:05:00+00:00,892.0,892.0,892.0,892.0,176.0,13.0,892.0
COST,2026-09-18 09:55:00+00:00,892.26,892.31,892.23,892.23,313.0,11.0,892.263493
COST,2026-09-18 10:05:00+00:00,893.19,893.28,893.19,893.28,330.0,27.0,893.2425
COST,2026-09-18 10:35:00+00:00,892.64,892.64,892.39,892.39,444.0,14.0,892.435361
COST,2026-09-18 10:45:00+00:00,892.21,892.21,892.0,892.0,361.0,29.0,892.107204
COST,2026-09-18 11:00:00+00:00,891.87,892.5,891.2313,891.6,1234.0,81.0,892.037791
COST,2026-09-18 11:10:00+00:00,892.22,892.22,892.22,892.22,82.0,3.0,892.22
COST,2026-09-18 11:25:00+00:00,892.1,892.1,891.76,891.76,286.0,21.0,891.956209
COST,2026-09-18 11:30:00+00:00,892.52,892.54,892.52,892.54,105.0,9.0,892.53
COST,2026-09-18 11:35:00+00:00,893.0,893.0,893.0,893.0,418.0,5.0,893.0
COST,2026-09-18 11:55:00+00:00,892.5,892.5,892.5,892.5,129.0,11.0,892.5
COST,2026-09-18 12:00:00+00:00,892.376,892.376,891.99,892.09,205.0,9.0,892.226667
COST,2026-09-18 12:05:00+00:00,891.7,891.7,891.7,891.7,517.0,7.0,891.7
COST,2026-09-18 12:20:00+00:00,891.72,891.72,891.7,891.7,1130.0,17.0,891.719048
COST,2026-09-18 12:25:00+00:00,891.7,891.7,891.7,891.7,103.0,3.0,891.7
COST,2026-09-18 12:40:00+00:00,891.37,891.85,891.37,891.85,1084.0,16.0,891.811834
COST,2026-09-18 12:45:00+00:00,891.5,891.5,891.5,891.5,82.0,10.0,891.5
COST,2026-09-18 13:00:00+00:00,891.78,891.78,891.78,891.78,621.0,10.0,891.78
COST,2026-09-18 13:05:00+00:00,891.6,891.6,891.5,891.5,317.0,32.0,891.578346
COST,2026-09-18 13:10:00+00:00,891.6,891.6,891.6,891.6,121.0,13.0,891.6
COST,2026-09-18 13:15:00+00:00,891.4,891.4,891.4,891.4,361.0,100.0,891.4
COST,2026-09-18 13:20:00+00:00,891.0985,891.0985,890.2815,890.2815,188.0,16.0,890.571403
COST,2026-09-18 13:25:00+00:00,890.0,894.94,889.5,891.95,21177.0,988.0,892.572005
COST,2026-09-18 13:30:00+00:00,892.425,897.06,890.28,896.145,537374.0,2883.0,893.89559
COST,2026-09-18 13:35:00+00:00,896.14,896.84,893.81,895.0,32218.0,1553.0,895.535075
COST,2026-09-18 13:40:00+00:00,894.81,895.48,893.36,893.71,23021.0,1132.0,894.782727
COST,2026-09-18 13:45:00+00:00,893.71,896.2135,893.51,895.5,24029.0,1076.0,895.190662
COST,2026-09-18 13:50:00+00:00,895.53,896.99,895.5,895.89,21181.0,1224.0,896.387328
COST,2026-09-18 13:55:00+00:00,895.87,896.085,894.7184,895.805,28393.0,1246.0,895.560639
COST,2026-09-18 14:00:00+00:00,895.805,896.41,895.0,896.1,32529.0,1432.0,895.673702
COST,2026-09-18 14:05:00+00:00,895.91,896.5,895.12,895.33,26739.0,1340.0,895.799849
COST,2026-09-18 14:10:00+00:00,895.38,895.69,894.0798,894.46,34461.0,1538.0,895.047046
COST,2026-09-18 14:15:00+00:00,894.75,895.16,894.36,895.01,17748.0,1108.0,894.810025
COST,2026-09-18 14:20:00+00:00,895.19,895.34,893.86,894.04,15127.0,1265.0,894.698685
COST,2026-09-18 14:25:00+00:00,893.915,894.57,893.51,893.8934,27188.0,1500.0,893.976341
COST,2026-09-18 14:30:00+00:00,893.99,894.845,893.2,894.66,32592.0,1393.0,893.848031
COST,2026-09-18 14:35:00+00:00,894.62,895.055,894.49,895.025,9837.0,941.0,894.72832
COST,2026-09-18 14:40:00+00:00,894.85,895.95,894.82,895.91,9516.0,906.0,895.424091
COST,2026-09-18 14:45:00+00:00,895.745,897.025,895.74,896.73,28193.0,1371.0,896.340122
COST,2026-09-18 14:50:00+00:00,896.87,896.9094,895.985,896.44,12164.0,1024.0,896.399157
COST,2026-09-18 14:55:00+00:00,896.44,896.6499,895.44,895.805,10563.0,867.0,895.899974
COST,2026-09-18 15:00:00+00:00,895.89,895.89,894.2612,894.33,11937.0,1039.0,894.96198
COST,2026-09-18 15:05:00+00:00,894.2,894.61,893.7933,894.295,10195.0,820.0,894.106185
COST,2026-09-18 15:10:00+00:00,894.1101,894.83,894.04,894.735,7872.0,785.0,894.49852
COST,2026-09-18 15:15:00+00:00,894.74,895.01,894.58,894.84,8825.0,779.0,894.780296
COST,2026-09-18 15:20:00+00:00,894.83,895.3518,894.67,895.015,9394.0,811.0,895.032237
COST,2026-09-18 15:25:00+00:00,895.25,895.51,894.875,895.06,7964.0,805.0,895.09688
COST,2026-09-18 15:30:00+00:00,895.04,896.805,894.8684,896.42,25149.0,1223.0,895.540345
COST,2026-09-18 15:35:00+00:00,896.42,896.42,895.17,895.475,10300.0,791.0,895.723172
COST,2026-09-18 15:40:00+00:00,895.385,895.5,894.33,894.45,11180.0,845.0,894.806843
COST,2026-09-18 15:45:00+00:00,894.3,895.4399,894.01,895.4399,8808.0,721.0,894.506612
COST,2026-09-18 15:50:00+00:00,895.08,895.36,894.86,895.115,8124.0,730.0,895.095196
COST,2026-09-18 15:55:00+00:00,895.11,895.13,894.5,895.13,10074.0,877.0,894.823989
COST,2026-09-18 16:00:00+00:00,895.21,895.8,894.97,895.57,11330.0,792.0,895.300852
COST,2026-09-18 16:05:00+00:00,895.78,895.82,895.51,895.73,6688.0,705.0,895.621804
COST,2026-09-18 16:10:00+00:00,895.52,896.7916,895.52,896.51,8444.0,740.0,896.123756
COST,2026-09-18 16:15:00+00:00,896.4063,896.725,896.0096,896.305,9621.0,736.0,896.382358
COST,2026-09-18 16:20:00+00:00,896.25,896.43,896.0162,896.2175,7706.0,642.0,896.279531
COST,2026-09-18 16:25:00+00:00,896.0673,896.58,896.0673,896.435,10961.0,740.0,896.305164
COST,2026-09-18 16:30:00+00:00,896.37,897.23,896.11,897.185,11734.0,739.0,896.731471
COST,2026-09-18 16:35:00+00:00,897.02,897.1407,896.22,897.1407,8131.0,703.0,896.586907
COST,2026-09-18 16:40:00+00:00,897.0015,897.76,896.895,897.23,7882.0,767.0,897.405227
COST,2026-09-18 16:45:00+00:00,897.25,897.37,896.34,896.52,6262.0,545.0,896.93568
COST,2026-09-18 16:50:00+00:00,896.99,897.92,896.785,897.83,9642.0,573.0,897.539539
COST,2026-09-18 16:55:00+00:00,897.7,897.94,897.31,897.45,6781.0,592.0,897.64865
COST,2026-09-18 17:00:00+00:00,897.41,897.75,897.4026,897.4986,6864.0,535.0,897.552804
COST,2026-09-18 17:05:00+00:00,897.575,897.575,896.82,896.8815,5679.0,537.0,897.281733
COST,2026-09-18 17:10:00+00:00,896.71,897.0,895.8775,896.035,11056.0,741.0,896.427617
COST,2026-09-18 17:15:00+00:00,896.135,896.135,895.5412,895.755,5340.0,542.0,895.766582
COST,2026-09-18 17:20:00+00:00,895.765,896.06,895.335,895.84,8383.0,625.0,895.66956
COST,2026-09-18 17:25:00+00:00,896.16,896.295,895.77,895.85,7885.0,683.0,896.004119
COST,2026-09-18 17:30:00+00:00,895.85,895.98,894.86,895.31,12321.0,867.0,895.477135
COST,2026-09-18 17:35:00+00:00,895.1,895.56,895.04,895.48,8941.0,564.0,895.278819
COST,2026-09-18 17:40:00+00:00,895.48,895.5784,895.08,895.24,8284.0,624.0,895.323486
COST,2026-09-18 17:45:00+00:00,895.28,895.28,894.85,894.86,5882.0,597.0,895.017745
COST,2026-09-18 17:50:00+00:00,894.85,895.3604,894.71,895.155,9397.0,1613.0,894.89751
COST,2026-09-18 17:55:00+00:00,895.2268,895.8,894.98,895.645,10895.0,646.0,895.308554
COST,2026-09-18 18:00:00+00:00,895.82,895.82,895.215,895.35,6543.0,691.0,895.588148
COST,2026-09-18 18:05:00+00:00,895.4637,895.4637,895.01,895.285,5081.0,649.0,895.176111
COST,2026-09-18 18:10:00+00:00,895.165,895.54,895.01,895.1294,4943.0,554.0,895.248594
COST,2026-09-18 18:15:00+00:00,895.21,895.2217,894.84,894.975,7110.0,686.0,895.000174
COST,2026-09-18 18:20:00+00:00,894.94,896.0799,894.94,895.94,6333.0,584.0,895.562026
COST,2026-09-18 18:25:00+00:00,896.03,896.1747,895.61,896.0763,7107.0,667.0,895.930837
COST,2026-09-18 18:30:00+00:00,895.88,896.14,895.6,896.14,5808.0,584.0,895.890954
COST,2026-09-18 18:35:00+00:00,896.1625,896.23,895.68,896.0,7043.0,670.0,895.917246
COST,2026-09-18 18:40:00+00:00,896.0,896.39,895.8698,896.245,6901.0,679.0,896.154053
COST,2026-09-18 18:45:00+00:00,896.23,897.33,896.1201,896.57,14040.0,905.0,896.855246
COST,2026-09-18 18:50:00+00:00,896.58,897.4142,896.5497,897.3,19979.0,850.0,896.972938
COST,2026-09-18 18:55:00+00:00,897.13,897.59,897.09,897.44,12474.0,695.0,897.347796
COST,2026-09-18 19:00:00+00:00,897.37,897.75,897.21,897.7,9726.0,655.0,897.342558
COST,2026-09-18 19:05:00+00:00,897.7,897.9,897.3299,897.8999,14277.0,686.0,897.59303
COST,2026-09-18 19:10:00+00:00,897.76,897.9,896.97,897.32,32527.0,1080.0,897.300916
COST,2026-09-18 19:15:00+00:00,897.32,897.6624,896.54,896.66,19653.0,994.0,896.997022
COST,2026-09-18 19:20:00+00:00,896.74,897.15,896.22,896.36,11300.0,759.0,896.639143
COST,2026-09-18 19:25:00+00:00,896.335,896.53,896.0867,896.325,11651.0,772.0,896.315302
COST,2026-09-18 19:30:00+00:00,896.26,896.5499,895.72,895.74,20751.0,1077.0,896.109967
COST,2026-09-18 19:35:00+00:00,895.74,896.4899,895.62,896.4,13298.0,937.0,896.02318
COST,2026-09-18 19:40:00+00:00,896.32,896.99,896.05,896.9469,17418.0,1031.0,896.530272
COST,2026-09-18 19:45:00+00:00,896.78,897.37,896.6,897.22,25362.0,1391.0,896.891197
COST,2026-09-18 19:50:00+00:00,897.22,897.45,895.435,897.19,53002.0,2629.0,896.479686
COST,2026-09-18 19:55:00+00:00,896.93,898.4,895.14,895.15,345780.0,10733.0,895.911326
COST,2026-09-18 20:00:00+00:00,895.31,896.4578,895.02,895.5,1887822.0,192.0,895.309845
COST,2026-09-18 20:05:00+00:00,895.5,895.5,895.5,895.5,345.0,25.0,895.5
COST,2026-09-18 20:10:00+00:00,896.0,896.4403,895.31,896.4403,23602.0,78.0,895.328184
COST,2026-09-18 20:30:00+00:00,896.1988,896.1988,896.1988,896.1988,51.0,4.0,896.1988
COST,2026-09-18 20:45:00+00:00,896.25,896.25,896.25,896.25,135.0,9.0,896.25
COST,2026-09-18 20:50:00+00:00,895.31,895.31,895.31,895.31,204.0,6.0,895.31
COST,2026-09-18 21:00:00+00:00,895.89,895.89,895.5,895.5,442.0,23.0,895.595575
COST,2026-09-18 21:05:00+00:00,896.494,896.494,896.494,896.494,67.0,7.0,896.494
COST,2026-09-18 21:20:00+00:00,896.44,896.44,896.44,896.44,112.0,4.0,896.44
COST,2026-09-18 21:40:00+00:00,896.88,896.88,896.88,896.88,92.0,4.0,896.88
COST,2026-09-18 21:55:00+00:00,896.33,896.33,896.06,896.06,358.0,13.0,896.0975
COST,2026-09-18 22:05:00+00:00,896.9417,896.9417,896.9417,896.9417,114.0,5.0,896.9417
COST,2026-09-18 22:10:00+00:00,896.1534,896.1534,896.1534,896.1534,101.0,2.0,896.1534
COST,2026-09-18 22:35:00+00:00,896.06,896.06,896.06,896.06,140.0,4.0,896.06
COST,2026-09-18 22:40:00+00:00,896.8869,896.8869,896.8869,896.8869,53.0,2.0,896.8869
COST,2026-09-18 22:50:00+00:00,896.66,896.66,896.66,896.66,75.0,1.0,896.66
COST,2026-09-18 23:00:00+00:00,896.9384,896.9384,896.9384,896.9384,40.0,1.0,896.9384
COST,2026-09-18 23:10:00+00:00,896.99,896.99,896.99,896.99,78.0,7.0,896.99
COST,2026-09-18 23:45:00+00:00,896.88,896.88,896.88,896.88,62.0,7.0,896.88
COST,2026-09-18 23:50:00+00:00,896.88,896.88,896.88,896.88,56.0,1.0,896.88
COST,2026-09-18 23:55:00+00:00,896.88,896.88,896.7,896.7,503.0,6.0,896.846625
