symbol,timestamp,open,high,low,close,volume,trade_count,vwap
GS,2026-08-14 08:00:00+00:00,1046.08,1046.08,1046.08,1046.08,138.0,22.0,1046.08
GS,2026-08-14 10:30:00+00:00,1041.25,1041.25,1041.25,1041.25,86.0,4.0,1041.25
GS,2026-08-14 11:40:00+00:00,1043.82,1043.82,1043.82,1043.82,52.0,4.0,1043.82
GS,2026-08-14 11:50:00+00:00,1042.0,1042.0,1042.0,1042.0,86.0,5.0,1042.0
GS,2026-08-14 12:05:00+00:00,1041.99,1042.0,1041.99,1042.0,249.0,11.0,1041.993922
GS,2026-08-14 12:10:00+00:00,1041.117,1041.117,1041.117,1041.117,126.0,2.0,1041.117
GS,2026-08-14 12:35:00+00:00,1043.0,1043.0,1043.0,1043.0,366.0,9.0,1043.0
GS,2026-08-14 12:45:00+00:00,1041.1913,1041.1913,1041.1913,1041.1913,154.0,1.0,1041.1913
GS,2026-08-14 13:05:00+00:00,1040.3069,1040.3069,1040.3069,1040.3069,102.0,3.0,1040.3069
GS,2026-08-14 13:10:00+00:00,1041.0,1041.8,1041.0,1041.8,1383.0,6.0,1041.272527
GS,2026-08-14 13:20:00+00:00,1042.38,1042.38,1042.38,1042.38,171.0,8.0,1042.38
GS,2026-08-14 13:25:00+00:00,1041.25,1041.25,1040.0,1040.0,923.0,38.0,1040.224163
GS,2026-08-14 13:30:00+00:00,1040.91,1040.91,1029.58,1038.76,47666.0,1912.0,1035.106777
GS,2026-08-14 13:35:00+00:00,1038.75,1040.97,1036.75,1038.055,20848.0,1069.0,1038.729979
GS,2026-08-14 13:40:00+00:00,1037.6594,1041.71,1036.01,1041.71,15078.0,854.0,1039.145365
GS,2026-08-14 13:45:00+00:00,1041.99,1043.74,1039.68,1039.68,19720.0,1073.0,1042.079511
GS,2026-08-14 13:50:00+00:00,1040.17,1043.26,1037.77,1042.62,20587.0,1113.0,1039.966947
GS,2026-08-14 13:55:00+00:00,1042.5,1042.52,1037.43,1038.9701,17572.0,778.0,1039.479681
GS,2026-08-14 14:00:00+00:00,1039.71,1039.84,1037.04,1038.19,11584.0,651.0,1038.223349
GS,2026-08-14 14:05:00+00:00,1037.8,1039.73,1037.0,1037.0,11710.0,793.0,1038.106229
GS,2026-08-14 14:10:00+00:00,1037.64,1040.12,1036.725,1037.02,12457.0,720.0,1038.351109
GS,2026-08-14 14:15:00+00:00,1037.21,1038.09,1035.0,1036.74,14146.0,757.0,1036.642597
GS,2026-08-14 14:20:00+00:00,1036.53,1037.32,1034.67,1034.67,8979.0,607.0,1036.149093
GS,2026-08-14 14:25:00+00:00,1034.69,1036.24,1033.58,1035.19,13887.0,876.0,1035.153336
GS,2026-08-14 14:30:00+00:00,1035.57,1036.14,1033.385,1035.35,11122.0,675.0,1035.010733
GS,2026-08-14 14:35:00+00:00,1035.18,1036.14,1033.75,1036.0,25509.0,888.0,1035.063837
GS,2026-08-14 14:40:00+00:00,1035.99,1037.74,1035.0,1037.36,11745.0,652.0,1036.370288
GS,2026-08-14 14:45:00+00:00,1036.98,1038.55,1036.43,1038.2075,17148.0,728.0,1037.607624
GS,2026-08-14 14:50:00+00:00,1038.48,1039.0,1037.2301,1038.07,13020.0,620.0,1038.124158
GS,2026-08-14 14:55:00+00:00,1037.785,1040.82,1037.785,1039.57,11890.0,654.0,1039.665713
GS,2026-08-14 15:00:00+00:00,1039.57,1040.61,1039.42,1039.605,7972.0,506.0,1039.885755
GS,2026-08-14 15:05:00+00:00,1039.61,1040.04,1038.03,1038.665,8303.0,533.0,1039.018804
GS,2026-08-14 15:10:00+00:00,1039.005,1039.005,1036.7,1037.11,8522.0,528.0,1038.160074
GS,2026-08-14 15:15:00+00:00,1037.11,1039.16,1037.11,1038.35,6927.0,476.0,1038.423583
GS,2026-08-14 15:20:00+00:00,1038.36,1039.01,1036.98,1037.14,11834.0,559.0,1037.842241
GS,2026-08-14 15:25:00+00:00,1036.8,1037.58,1036.0,1037.41,25367.0,963.0,1036.645253
GS,2026-08-14 15:30:00+00:00,1037.64,1038.74,1036.77,1037.28,10543.0,622.0,1037.569701
GS,2026-08-14 15:35:00+00:00,1037.43,1037.43,1035.39,1035.39,9890.0,519.0,1036.181597
GS,2026-08-14 15:40:00+00:00,1035.495,1035.495,1032.57,1034.02,18622.0,912.0,1033.800958
GS,2026-08-14 15:45:00+00:00,1034.305,1034.9,1032.98,1034.03,20135.0,892.0,1033.944265
GS,2026-08-14 15:50:00+00:00,1034.03,1034.35,1033.1,1033.34,12028.0,675.0,1033.505324
GS,2026-08-14 15:55:00+00:00,1033.43,1034.8,1033.33,1034.095,13125.0,681.0,1033.98665
GS,2026-08-14 16:00:00+00:00,1034.38,1035.995,1033.78,1035.45,20611.0,922.0,1034.840864
GS,2026-08-14 16:05:00+00:00,1035.32,1035.5,1034.44,1034.44,7377.0,562.0,1034.828391
GS,2026-08-14 16:10:00+00:00,1034.79,1035.99,1034.44,1035.99,7385.0,488.0,1035.136506
GS,2026-08-14 16:15:00+00:00,1036.3,1036.74,1035.13,1036.02,8475.0,579.0,1035.955394
GS,2026-08-14 16:20:00+00:00,1036.32,1036.34,1034.85,1035.0,11306.0,545.0,1035.729894
GS,2026-08-14 16:25:00+00:00,1035.175,1035.3599,1033.96,1035.1804,11548.0,639.0,1034.543528
GS,2026-08-14 16:30:00+00:00,1034.8,1035.5787,1034.12,1034.25,9564.0,726.0,1034.828261
GS,2026-08-14 16:35:00+00:00,1034.8,1035.85,1034.51,1035.85,8643.0,610.0,1035.023156
GS,2026-08-14 16:40:00+00:00,1035.93,1037.23,1035.78,1037.0,6562.0,495.0,1036.805716
GS,2026-08-14 16:45:00+00:00,1037.05,1037.23,1035.955,1036.925,7605.0,525.0,1036.572739
GS,2026-08-14 16:50:00+00:00,1036.62,1036.635,1035.74,1036.3,5301.0,432.0,1036.22133
GS,2026-08-14 16:55:00+00:00,1036.39,1036.61,1035.275,1035.275,5417.0,441.0,1035.86671
GS,2026-08-14 17:00:00+00:00,1035.67,1035.8371,1034.93,1035.35,5348.0,418.0,1035.385406
GS,2026-08-14 17:05:00+00:00,1035.28,1036.0,1035.09,1035.79,4147.0,379.0,1035.631872
GS,2026-08-14 17:10:00+00:00,1035.84,1036.79,1035.84,1036.42,5538.0,406.0,1036.195979
GS,2026-08-14 17:15:00+00:00,1036.42,1036.76,1035.8601,1036.7,7642.0,467.0,1036.351176
GS,2026-08-14 17:20:00+00:00,1036.68,1037.01,1036.405,1036.56,4850.0,407.0,1036.682387
GS,2026-08-14 17:25:00+00:00,1036.56,1037.205,1036.29,1037.2,4231.0,361.0,1036.672601
GS,2026-08-14 17:30:00+00:00,1037.34,1037.34,1036.28,1036.91,6555.0,495.0,1036.77457
GS,2026-08-14 17:35:00+00:00,1036.875,1036.96,1035.97,1036.33,5639.0,454.0,1036.424207
GS,2026-08-14 17:40:00+00:00,1036.31,1036.7,1035.96,1036.53,7664.0,556.0,1036.33405
GS,2026-08-14 17:45:00+00:00,1036.52,1037.22,1036.46,1037.11,5384.0,415.0,1036.977028
GS,2026-08-14 17:50:00+00:00,1037.11,1037.5,1036.95,1037.47,9337.0,579.0,1037.260335
GS,2026-08-14 17:55:00+00:00,1037.31,1038.39,1037.26,1038.04,8509.0,727.0,1037.777092
GS,2026-08-14 18:00:00+00:00,1038.045,1038.39,1036.97,1037.9,9495.0,535.0,1037.882907
GS,2026-08-14 18:05:00+00:00,1037.87,1038.52,1037.57,1038.375,7549.0,575.0,1038.065228
GS,2026-08-14 18:10:00+00:00,1038.61,1039.2171,1038.54,1039.07,6794.0,541.0,1038.817911
GS,2026-08-14 18:15:00+00:00,1039.05,1039.61,1038.9,1039.29,6834.0,512.0,1039.232883
GS,2026-08-14 18:20:00+00:00,1038.87,1039.53,1038.79,1039.37,7018.0,538.0,1039.010602
GS,2026-08-14 18:25:00+00:00,1039.45,1040.72,1039.38,1040.72,8644.0,626.0,1040.13248
GS,2026-08-14 18:30:00+00:00,1040.66,1041.24,1039.74,1039.74,7006.0,530.0,1040.640527
GS,2026-08-14 18:35:00+00:00,1040.14,1040.3052,1039.77,1040.03,4180.0,360.0,1040.0322
GS,2026-08-14 18:40:00+00:00,1039.905,1040.045,1039.33,1039.76,6675.0,542.0,1039.665947
GS,2026-08-14 18:45:00+00:00,1039.78,1040.73,1039.44,1040.605,12295.0,634.0,1040.094961
GS,2026-08-14 18:50:00+00:00,1040.92,1041.1901,1040.125,1040.38,6171.0,445.0,1040.719283
GS,2026-08-14 18:55:00+00:00,1040.41,1040.56,1039.4,1039.7,7341.0,467.0,1039.929642
GS,2026-08-14 19:00:00+00:00,1039.81,1039.84,1038.38,1038.665,5679.0,531.0,1039.034998
GS,2026-08-14 19:05:00+00:00,1038.56,1039.07,1038.07,1039.07,8978.0,622.0,1038.420519
GS,2026-08-14 19:10:00+00:00,1039.32,1039.58,1038.78,1039.15,5933.0,513.0,1039.185602
GS,2026-08-14 19:15:00+00:00,1039.215,1039.66,1039.1,1039.36,7926.0,581.0,1039.417142
GS,2026-08-14 19:20:00+00:00,1039.28,1040.39,1039.28,1040.39,8429.0,591.0,1039.859516
GS,2026-08-14 19:25:00+00:00,1040.2,1040.88,1040.18,1040.35,10294.0,815.0,1040.487212
GS,2026-08-14 19:30:00+00:00,1040.215,1040.56,1039.96,1040.19,9905.0,711.0,1040.27601
GS,2026-08-14 19:35:00+00:00,1040.395,1040.57,1039.11,1039.92,15069.0,910.0,1039.681603
GS,2026-08-14 19:40:00+00:00,1040.14,1041.16,1040.1179,1040.31,12172.0,925.0,1040.526606
GS,2026-08-14 19:45:00+00:00,1040.07,1040.73,1039.79,1039.79,17649.0,873.0,1040.306774
GS,2026-08-14 19:50:00+00:00,1039.99,1040.23,1038.55,1038.7,150992.0,1481.0,1039.169376
GS,2026-08-14 19:55:00+00:00,1038.53,1039.37,1037.63,1038.95,102107.0,4358.0,1038.490574
GS,2026-08-14 20:00:00+00:00,1038.91,1039.42,1038.91,1039.42,498065.0,104.0,1039.419747
GS,2026-08-14 20:05:00+00:00,1039.0,1039.0,1039.0,1039.0,234.0,2.0,1039.0
GS,2026-08-14 20:10:00+00:00,1038.16,1038.16,1038.16,1038.16,59.0,3.0,1038.16
GS,2026-08-14 21:05:00+00:00,1037.56,1037.56,1036.95,1037.0,1681.0,128.0,1037.197523
GS,2026-08-14 21:10:00+00:00,1036.13,1036.13,1035.5335,1035.5335,1375.0,19.0,1035.989187
GS,2026-08-14 21:15:00+00:00,1035.51,1035.51,1035.51,1035.51,55.0,4.0,1035.51
GS,2026-08-14 21:25:00+00:00,1035.4225,1035.48,1035.4225,1035.48,139.0,5.0,1035.45125
GS,2026-08-14 21:30:00+00:00,1035.33,1035.33,1035.0,1035.0,795.0,12.0,1035.028061
GS,2026-08-14 21:55:00+00:00,1037.55,1037.55,1037.55,1037.55,109.0,2.0,1037.55
GS,2026-08-17 08:00:00+00:00,1039.0,1039.0,1039.0,1039.0,180.0,37.0,1039.0
GS,2026-08-17 10:45:00+00:00,1040.0,1040.0,1040.0,1040.0,71.0,5.0,1040.0
GS,2026-08-17 11:00:00+00:00,1037.3934,1037.3934,1037.02,1037.3428,718.0,32.0,1037.327102
GS,2026-08-17 11:10:00+00:00,1038.0,1038.0,1038.0,1038.0,80.0,1.0,1038.0
GS,2026-08-17 12:00:00+00:00,1038.06,1038.06,1038.0,1038.0,338.0,16.0,1038.03
GS,2026-08-17 12:25:00+00:00,1037.5,1037.5,1037.5,1037.5,80.0,1.0,1037.5
GS,2026-08-17 12:35:00+00:00,1037.5,1037.5,1037.5,1037.5,62.0,5.0,1037.5
GS,2026-08-17 12:40:00+00:00,1037.06,1037.06,1037.06,1037.06,50.0,2.0,1037.06
GS,2026-08-17 12:45:00+00:00,1037.0,1037.0,1037.0,1037.0,51.0,3.0,1037.0
GS,2026-08-17 12:55:00+00:00,1037.94,1037.94,1037.6843,1037.6843,100.0,2.0,1037.81215
GS,2026-08-17 13:05:00+00:00,1037.0,1037.0,1037.0,1037.0,156.0,2.0,1037.0
GS,2026-08-17 13:15:00+00:00,1038.0,1038.0,1038.0,1038.0,132.0,5.0,1038.0
GS,2026-08-17 13:25:00+00:00,1036.41,1036.41,1036.41,1036.41,86.0,9.0,1036.41
GS,2026-08-17 13:30:00+00:00,1040.79,1045.435,1038.14,1039.59,48475.0,1552.0,1041.998174
GS,2026-08-17 13:35:00+00:00,1038.99,1043.82,1038.99,1041.83,15883.0,818.0,1041.663854
GS,2026-08-17 13:40:00+00:00,1041.7,1050.51,1041.01,1048.43,25326.0,1109.0,1046.715051
GS,2026-08-17 13:45:00+00:00,1047.88,1050.9,1047.685,1049.77,27998.0,1064.0,1049.143785
GS,2026-08-17 13:50:00+00:00,1049.98,1050.53,1045.795,1045.97,24302.0,998.0,1048.139397
GS,2026-08-17 13:55:00+00:00,1045.985,1049.68,1045.96,1048.6175,15397.0,846.0,1047.177737
GS,2026-08-17 14:00:00+00:00,1048.195,1050.89,1048.195,1049.58,21558.0,813.0,1049.706274
GS,2026-08-17 14:05:00+00:00,1049.73,1051.695,1048.09,1048.8,23280.0,893.0,1049.879527
GS,2026-08-17 14:10:00+00:00,1049.04,1050.53,1048.2,1049.54,17218.0,737.0,1049.463367
GS,2026-08-17 14:15:00+00:00,1049.31,1049.31,1047.73,1049.18,13720.0,646.0,1048.464713
GS,2026-08-17 14:20:00+00:00,1049.18,1049.53,1046.6,1046.765,7552.0,692.0,1047.781769
GS,2026-08-17 14:25:00+00:00,1046.77,1047.0,1044.447,1044.82,8863.0,683.0,1045.481928
GS,2026-08-17 14:30:00+00:00,1044.615,1045.83,1043.28,1045.63,8976.0,642.0,1044.293219
GS,2026-08-17 14:35:00+00:00,1045.83,1046.255,1041.81,1042.96,11899.0,728.0,1043.916239
GS,2026-08-17 14:40:00+00:00,1042.97,1043.9,1042.38,1043.09,9537.0,533.0,1043.122783
GS,2026-08-17 14:45:00+00:00,1043.31,1045.76,1042.67,1045.46,7378.0,587.0,1043.946118
GS,2026-08-17 14:50:00+00:00,1044.97,1045.93,1043.7523,1044.01,9291.0,591.0,1044.736622
GS,2026-08-17 14:55:00+00:00,1043.99,1045.04,1043.88,1045.04,8717.0,577.0,1044.425352
GS,2026-08-17 15:00:00+00:00,1044.97,1047.076,1044.97,1046.93,8506.0,554.0,1046.140875
GS,2026-08-17 15:05:00+00:00,1046.61,1047.41,1045.7246,1046.83,7402.0,577.0,1046.530575
GS,2026-08-17 15:10:00+00:00,1046.96,1048.99,1046.52,1048.27,9137.0,540.0,1047.898204
GS,2026-08-17 15:15:00+00:00,1048.27,1051.8399,1048.04,1050.83,27573.0,906.0,1050.52058
GS,2026-08-17 15:20:00+00:00,1051.0,1054.21,1051.0,1053.08,22722.0,885.0,1053.060412
GS,2026-08-17 15:25:00+00:00,1053.165,1053.56,1050.7,1050.85,15109.0,646.0,1051.599691
GS,2026-08-17 15:30:00+00:00,1050.76,1051.09,1049.525,1050.79,18463.0,833.0,1050.156442
GS,2026-08-17 15:35:00+00:00,1050.58,1052.34,1049.57,1050.38,19488.0,674.0,1050.86869
GS,2026-08-17 15:40:00+00:00,1050.63,1050.65,1049.1625,1050.2,13911.0,465.0,1050.062954
GS,2026-08-17 15:45:00+00:00,1050.17,1050.405,1048.97,1049.91,4818.0,416.0,1049.861457
GS,2026-08-17 15:50:00+00:00,1049.79,1050.7744,1048.805,1050.58,6914.0,448.0,1049.964553
GS,2026-08-17 15:55:00+00:00,1050.74,1051.18,1050.17,1050.64,8709.0,888.0,1050.590838
GS,2026-08-17 16:00:00+00:00,1050.71,1052.0,1050.4,1051.935,15205.0,690.0,1051.208543
GS,2026-08-17 16:05:00+00:00,1052.17,1053.63,1051.9125,1052.9,11821.0,771.0,1052.899671
GS,2026-08-17 16:10:00+00:00,1052.805,1054.6258,1052.805,1053.41,12795.0,725.0,1053.756165
GS,2026-08-17 16:15:00+00:00,1053.73,1053.78,1052.43,1052.94,10957.0,665.0,1053.013622
GS,2026-08-17 16:20:00+00:00,1052.6,1053.63,1052.17,1052.28,6199.0,580.0,1052.81302
GS,2026-08-17 16:25:00+00:00,1052.56,1052.8,1050.94,1051.21,7518.0,550.0,1052.143966
GS,2026-08-17 16:30:00+00:00,1051.305,1051.305,1047.86,1047.91,11944.0,716.0,1049.849555
GS,2026-08-17 16:35:00+00:00,1048.41,1049.66,1047.9547,1049.66,5217.0,458.0,1048.901859
GS,2026-08-17 16:40:00+00:00,1049.95,1050.45,1049.43,1049.43,4908.0,411.0,1050.080934
GS,2026-08-17 16:45:00+00:00,1049.68,1049.77,1048.36,1048.78,7945.0,444.0,1048.797174
GS,2026-08-17 16:50:00+00:00,1048.86,1049.0,1047.45,1047.775,8316.0,519.0,1048.471454
GS,2026-08-17 16:55:00+00:00,1047.55,1047.715,1046.94,1047.21,7927.0,465.0,1047.404368
GS,2026-08-17 17:00:00+00:00,1047.0,1047.17,1046.0,1046.74,24313.0,637.0,1046.247627
GS,2026-08-17 17:05:00+00:00,1046.41,1048.31,1046.38,1047.75,4861.0,383.0,1047.692338
GS,2026-08-17 17:10:00+00:00,1048.3,1049.54,1048.2,1049.24,6104.0,427.0,1048.985401
GS,2026-08-17 17:15:00+00:00,1049.38,1050.24,1049.38,1050.0,6300.0,449.0,1049.832487
GS,2026-08-17 17:20:00+00:00,1050.16,1050.99,1048.54,1048.54,53519.0,610.0,1049.856135
GS,2026-08-17 17:25:00+00:00,1048.76,1049.08,1047.665,1048.315,10636.0,554.0,1048.393093
GS,2026-08-17 17:30:00+00:00,1048.68,1048.68,1046.2,1046.2,11436.0,565.0,1047.476474
GS,2026-08-17 17:35:00+00:00,1046.0757,1046.23,1044.74,1044.74,17107.0,764.0,1045.570015
GS,2026-08-17 17:40:00+00:00,1044.58,1048.23,1044.51,1048.23,12629.0,469.0,1045.746617
GS,2026-08-17 17:45:00+00:00,1048.69,1048.69,1047.57,1047.845,6107.0,341.0,1047.931525
GS,2026-08-17 17:50:00+00:00,1047.965,1049.6219,1047.965,1048.86,5420.0,433.0,1048.574952
GS,2026-08-17 17:55:00+00:00,1048.94,1049.05,1048.225,1048.9,10536.0,434.0,1048.658125
GS,2026-08-17 18:00:00+00:00,1048.89,1048.89,1047.38,1048.85,12815.0,880.0,1047.996864
GS,2026-08-17 18:05:00+00:00,1048.93,1049.13,1047.82,1048.11,12887.0,582.0,1048.518766
GS,2026-08-17 18:10:00+00:00,1048.11,1048.97,1047.68,1048.6,7906.0,501.0,1048.297932
GS,2026-08-17 18:15:00+00:00,1048.62,1050.84,1048.395,1049.73,13726.0,603.0,1049.04187
GS,2026-08-17 18:20:00+00:00,1049.95,1051.95,1049.81,1051.95,8274.0,538.0,1050.506775
GS,2026-08-17 18:25:00+00:00,1052.0,1052.73,1050.98,1051.87,10075.0,587.0,1052.036941
GS,2026-08-17 18:30:00+00:00,1051.9,1051.9,1050.09,1050.09,9266.0,567.0,1050.941674
GS,2026-08-17 18:35:00+00:00,1050.09,1050.5099,1049.52,1050.11,11208.0,561.0,1050.13152
GS,2026-08-17 18:40:00+00:00,1050.03,1050.61,1049.435,1049.66,10123.0,540.0,1049.929215
GS,2026-08-17 18:45:00+00:00,1049.715,1052.11,1049.715,1051.75,14212.0,666.0,1050.993987
GS,2026-08-17 18:50:00+00:00,1051.94,1052.02,1051.0,1051.915,8544.0,516.0,1051.595136
GS,2026-08-17 18:55:00+00:00,1051.915,1052.76,1051.74,1052.76,12201.0,856.0,1052.457677
GS,2026-08-17 19:00:00+00:00,1053.0,1054.5,1052.845,1053.77,14015.0,732.0,1053.616785
GS,2026-08-17 19:05:00+00:00,1053.78,1054.08,1052.81,1053.135,13242.0,678.0,1053.497892
GS,2026-08-17 19:10:00+00:00,1053.38,1053.51,1052.175,1052.63,11052.0,697.0,1052.827192
GS,2026-08-17 19:15:00+00:00,1052.31,1053.01,1051.755,1051.86,18807.0,919.0,1052.543783
GS,2026-08-17 19:20:00+00:00,1051.95,1051.95,1050.485,1051.15,14129.0,744.0,1051.288828
GS,2026-08-17 19:25:00+00:00,1051.06,1052.595,1051.06,1051.28,9385.0,673.0,1051.731274
GS,2026-08-17 19:30:00+00:00,1051.12,1051.14,1049.11,1050.3,11501.0,819.0,1050.034497
GS,2026-08-17 19:35:00+00:00,1050.35,1052.5,1050.35,1052.02,11190.0,827.0,1051.82661
GS,2026-08-17 19:40:00+00:00,1052.225,1052.225,1049.6918,1050.29,14804.0,970.0,1050.890843
GS,2026-08-17 19:45:00+00:00,1049.94,1051.31,1049.9351,1050.36,13060.0,815.0,1050.737458
GS,2026-08-17 19:50:00+00:00,1050.52,1051.41,1049.3678,1050.51,19789.0,1191.0,1050.244147
GS,2026-08-17 19:55:00+00:00,1050.685,1051.85,1049.86,1051.02,81791.0,4144.0,1050.993251
GS,2026-08-17 20:00:00+00:00,1051.01,1051.31,1051.01,1051.31,320059.0,97.0,1051.309898
GS,2026-08-17 20:05:00+00:00,1051.0,1051.0,1051.0,1051.0,123.0,3.0,1051.0
GS,2026-08-17 22:30:00+00:00,1051.4,1051.4,1051.4,1051.4,100.0,1.0,1051.4
GS,2026-08-17 23:20:00+00:00,1050.82,1050.82,1050.82,1050.82,116.0,15.0,1050.82
GS,2026-08-18 08:00:00+00:00,1045.51,1045.51,1045.51,1045.51,156.0,29.0,1045.51
GS,2026-08-18 08:20:00+00:00,1045.01,1045.01,1045.01,1045.01,43.0,4.0,1045.01
GS,2026-08-18 08:35:00+00:00,1045.0,1045.0,1045.0,1045.0,63.0,4.0,1045.0
GS,2026-08-18 08:40:00+00:00,1045.0,1045.0,1045.0,1045.0,102.0,7.0,1045.0
GS,2026-08-18 09:00:00+00:00,1044.86,1044.86,1044.86,1044.86,50.0,2.0,1044.86
GS,2026-08-18 10:05:00+00:00,1047.89,1047.95,1047.89,1047.95,283.0,6.0,1047.917742
GS,2026-08-18 10:10:00+00:00,1046.0,1046.0,1046.0,1046.0,100.0,3.0,1046.0
GS,2026-08-18 10:15:00+00:00,1047.0,1047.0,1047.0,1047.0,291.0,2.0,1047.0
GS,2026-08-18 11:00:00+00:00,1047.06,1047.06,1042.32,1046.5,1003.0,68.0,1045.601935
GS,2026-08-18 11:25:00+00:00,1047.0,1047.25,1047.0,1047.0,346.0,10.0,1047.063559
GS,2026-08-18 11:30:00+00:00,1047.4,1047.4,1047.4,1047.4,50.0,1.0,1047.4
GS,2026-08-18 11:45:00+00:00,1047.155,1047.155,1046.3176,1046.3176,589.0,19.0,1046.939301
GS,2026-08-18 11:50:00+00:00,1046.01,1046.01,1046.0,1046.0,309.0,6.0,1046.005
GS,2026-08-18 11:55:00+00:00,1047.99,1047.99,1047.99,1047.99,300.0,1.0,1047.99
GS,2026-08-18 12:25:00+00:00,1048.0,1048.0,1048.0,1048.0,230.0,5.0,1048.0
GS,2026-08-18 12:50:00+00:00,1047.85,1047.85,1047.4297,1047.4297,99.0,8.0,1047.63985
GS,2026-08-18 13:00:00+00:00,1046.99,1047.33,1046.99,1047.0,1046.0,7.0,1047.012319
GS,2026-08-18 13:05:00+00:00,1046.5,1046.63,1046.5,1046.63,2058.0,28.0,1046.560851
GS,2026-08-18 13:15:00+00:00,1045.99,1046.28,1044.0,1044.0,1294.0,24.0,1045.705397
GS,2026-08-18 13:25:00+00:00,1044.0,1044.0,1044.0,1044.0,136.0,5.0,1044.0
GS,2026-08-18 13:30:00+00:00,1040.0,1043.5,1031.0,1035.0,72446.0,2390.0,1037.070534
GS,2026-08-18 13:35:00+00:00,1034.675,1040.52,1034.675,1040.39,34454.0,1505.0,1037.350005
GS,2026-08-18 13:40:00+00:00,1041.1318,1041.1318,1035.0,1035.09,27143.0,1250.0,1037.358619
GS,2026-08-18 13:45:00+00:00,1034.5223,1036.66,1034.0,1035.0,21092.0,1182.0,1035.307267
GS,2026-08-18 13:50:00+00:00,1034.66,1037.38,1032.72,1034.54,22141.0,1189.0,1034.64255
GS,2026-08-18 13:55:00+00:00,1034.61,1037.985,1032.73,1036.97,25266.0,1089.0,1035.578349
GS,2026-08-18 14:00:00+00:00,1037.39,1038.68,1035.82,1037.77,18536.0,1048.0,1037.309293
GS,2026-08-18 14:05:00+00:00,1037.77,1037.77,1035.1,1036.41,14935.0,781.0,1036.297525
GS,2026-08-18 14:10:00+00:00,1036.4,1036.4,1032.02,1034.67,27980.0,1204.0,1034.130648
GS,2026-08-18 14:15:00+00:00,1034.45,1035.59,1032.64,1034.82,14437.0,826.0,1034.409396
GS,2026-08-18 14:20:00+00:00,1034.45,1035.87,1032.36,1033.87,22022.0,1002.0,1033.598396
GS,2026-08-18 14:25:00+00:00,1033.72,1036.29,1033.01,1036.03,15641.0,882.0,1035.025472
GS,2026-08-18 14:30:00+00:00,1035.85,1038.61,1035.5,1036.31,17419.0,877.0,1037.067817
GS,2026-08-18 14:35:00+00:00,1035.995,1037.76,1034.125,1035.58,27402.0,855.0,1035.753277
GS,2026-08-18 14:40:00+00:00,1035.81,1036.25,1032.4901,1033.02,12740.0,752.0,1034.852614
GS,2026-08-18 14:45:00+00:00,1032.88,1034.1,1031.25,1033.12,21640.0,1004.0,1032.616574
GS,2026-08-18 14:50:00+00:00,1033.65,1034.855,1030.77,1031.52,23258.0,1045.0,1032.036971
GS,2026-08-18 14:55:00+00:00,1031.435,1032.39,1030.58,1030.97,17760.0,850.0,1031.335243
GS,2026-08-18 15:00:00+00:00,1031.28,1033.67,1030.1,1033.185,27224.0,1146.0,1031.457676
GS,2026-08-18 15:05:00+00:00,1033.18,1033.59,1029.775,1029.91,22326.0,1032.0,1031.589044
GS,2026-08-18 15:10:00+00:00,1029.755,1031.04,1029.33,1030.685,15716.0,888.0,1030.111344
GS,2026-08-18 15:15:00+00:00,1030.75,1030.75,1027.79,1028.11,25013.0,1177.0,1029.51309
GS,2026-08-18 15:20:00+00:00,1027.37,1028.3525,1026.0751,1028.28,21818.0,1149.0,1027.258498
GS,2026-08-18 15:25:00+00:00,1028.155,1031.54,1027.64,1030.49,29310.0,1292.0,1030.007065
GS,2026-08-18 15:30:00+00:00,1030.545,1034.0,1029.835,1033.34,24354.0,1078.0,1032.408372
GS,2026-08-18 15:35:00+00:00,1033.6685,1033.6685,1031.935,1032.73,9932.0,626.0,1032.535765
GS,2026-08-18 15:40:00+00:00,1032.75,1034.8575,1032.11,1034.14,9183.0,607.0,1033.491269
GS,2026-08-18 15:45:00+00:00,1034.56,1034.68,1033.18,1034.07,12990.0,550.0,1034.175254
GS,2026-08-18 15:50:00+00:00,1033.65,1035.0,1033.2875,1033.77,13515.0,598.0,1033.977668
GS,2026-08-18 15:55:00+00:00,1033.47,1034.28,1032.93,1033.45,8127.0,575.0,1033.242408
GS,2026-08-18 16:00:00+00:00,1033.26,1034.995,1033.26,1033.98,5768.0,425.0,1034.34222
GS,2026-08-18 16:05:00+00:00,1033.98,1034.29,1032.86,1033.05,8406.0,564.0,1033.490266
GS,2026-08-18 16:10:00+00:00,1033.36,1033.66,1032.11,1033.175,9279.0,594.0,1032.959403
GS,2026-08-18 16:15:00+00:00,1033.5,1033.74,1032.6493,1033.14,9520.0,457.0,1033.249521
GS,2026-08-18 16:20:00+00:00,1033.26,1034.86,1033.25,1034.54,7823.0,499.0,1034.165778
GS,2026-08-18 16:25:00+00:00,1034.72,1035.04,1033.38,1033.38,7024.0,449.0,1034.295507
GS,2026-08-18 16:30:00+00:00,1033.23,1034.01,1032.6949,1033.44,8217.0,537.0,1033.318684
GS,2026-08-18 16:35:00+00:00,1033.56,1034.355,1033.09,1034.12,7244.0,484.0,1033.518401
GS,2026-08-18 16:40:00+00:00,1033.83,1034.97,1033.83,1034.97,10961.0,607.0,1034.369746
GS,2026-08-18 16:45:00+00:00,1035.05,1035.6,1034.53,1034.83,22682.0,775.0,1034.937922
GS,2026-08-18 16:50:00+00:00,1035.35,1035.35,1034.2,1034.65,5226.0,471.0,1034.610474
GS,2026-08-18 16:55:00+00:00,1034.66,1035.15,1034.01,1034.01,11162.0,628.0,1034.667853
GS,2026-08-18 17:00:00+00:00,1034.2,1035.425,1033.06,1035.34,11829.0,605.0,1034.262626
GS,2026-08-18 17:05:00+00:00,1035.22,1035.81,1034.33,1034.96,14924.0,668.0,1034.895936
GS,2026-08-18 17:10:00+00:00,1034.97,1035.845,1034.45,1034.68,19333.0,675.0,1034.887511
GS,2026-08-18 17:15:00+00:00,1034.75,1035.175,1033.5,1034.0,21956.0,936.0,1034.249103
GS,2026-08-18 17:20:00+00:00,1034.085,1034.66,1034.02,1034.47,6061.0,472.0,1034.338706
GS,2026-08-18 17:25:00+00:00,1034.35,1034.99,1034.07,1034.86,9793.0,525.0,1034.506816
GS,2026-08-18 17:30:00+00:00,1034.665,1035.1,1033.98,1034.59,11847.0,658.0,1034.675392
GS,2026-08-18 17:35:00+00:00,1034.69,1034.78,1034.08,1034.385,5602.0,512.0,1034.412025
GS,2026-08-18 17:40:00+00:00,1034.34,1035.27,1034.14,1035.25,7081.0,484.0,1034.862343
GS,2026-08-18 17:45:00+00:00,1035.26,1035.26,1034.585,1034.975,8521.0,610.0,1034.899732
GS,2026-08-18 17:50:00+00:00,1034.97,1035.5,1034.61,1035.21,15868.0,758.0,1035.075443
GS,2026-08-18 17:55:00+00:00,1035.135,1035.59,1033.42,1033.42,9705.0,599.0,1034.687329
GS,2026-08-18 18:00:00+00:00,1033.68,1034.28,1033.28,1033.58,8639.0,450.0,1033.796347
GS,2026-08-18 18:05:00+00:00,1033.69,1033.8,1032.8,1033.02,6795.0,475.0,1033.42804
GS,2026-08-18 18:10:00+00:00,1033.06,1034.82,1032.775,1034.82,9463.0,622.0,1033.311154
GS,2026-08-18 18:15:00+00:00,1034.1301,1035.38,1034.1301,1034.65,6861.0,488.0,1034.824571
GS,2026-08-18 18:20:00+00:00,1034.81,1034.895,1033.99,1034.28,8043.0,498.0,1034.417122
GS,2026-08-18 18:25:00+00:00,1034.12,1034.74,1033.575,1034.59,5285.0,400.0,1034.143698
GS,2026-08-18 18:30:00+00:00,1034.71,1035.28,1034.03,1034.44,8859.0,559.0,1034.739205
GS,2026-08-18 18:35:00+00:00,1035.05,1037.0,1034.96,1036.4,9951.0,641.0,1036.203318
GS,2026-08-18 18:40:00+00:00,1036.31,1036.76,1035.885,1036.555,7485.0,491.0,1036.285047
GS,2026-08-18 18:45:00+00:00,1036.53,1037.9951,1036.53,1037.23,16618.0,771.0,1037.289938
GS,2026-08-18 18:50:00+00:00,1037.235,1037.337,1036.35,1036.35,12017.0,656.0,1036.837408
GS,2026-08-18 18:55:00+00:00,1036.39,1036.39,1034.93,1035.2,7552.0,571.0,1035.734499
GS,2026-08-18 19:00:00+00:00,1035.04,1036.04,1034.86,1035.52,12029.0,765.0,1035.308518
GS,2026-08-18 19:05:00+00:00,1035.24,1035.79,1034.68,1035.08,8700.0,606.0,1035.165144
GS,2026-08-18 19:10:00+00:00,1035.27,1035.69,1034.35,1035.65,13538.0,746.0,1035.149475
GS,2026-08-18 19:15:00+00:00,1035.35,1035.9951,1035.075,1035.69,10771.0,729.0,1035.429155
GS,2026-08-18 19:20:00+00:00,1035.7483,1036.2199,1035.17,1035.3,18650.0,716.0,1035.565945
GS,2026-08-18 19:25:00+00:00,1036.08,1036.725,1035.6,1036.22,15871.0,856.0,1036.120514
GS,2026-08-18 19:30:00+00:00,1036.02,1037.52,1035.47,1036.995,22319.0,1349.0,1036.420594
GS,2026-08-18 19:35:00+00:00,1037.21,1037.76,1036.42,1036.98,25785.0,1261.0,1037.022393
GS,2026-08-18 19:40:00+00:00,1036.93,1038.67,1036.91,1038.65,24552.0,1299.0,1037.937135
GS,2026-08-18 19:45:00+00:00,1038.665,1039.25,1038.37,1039.25,26331.0,1305.0,1038.832403
GS,2026-08-18 19:50:00+00:00,1039.25,1040.2,1038.38,1038.685,34532.0,1844.0,1039.465724
GS,2026-08-18 19:55:00+00:00,1038.77,1040.54,1038.53,1039.93,150993.0,6053.0,1039.626618
GS,2026-08-18 20:00:00+00:00,1040.47,1040.47,1040.47,1040.47,462291.0,79.0,1040.47
GS,2026-08-18 20:15:00+00:00,1040.0,1040.0,1040.0,1040.0,106.0,4.0,1040.0
GS,2026-08-18 20:40:00+00:00,1039.99,1039.99,1039.99,1039.99,61.0,7.0,1039.99
GS,2026-08-18 20:45:00+00:00,1038.62,1038.62,1038.62,1038.62,69.0,2.0,1038.62
GS,2026-08-18 21:45:00+00:00,1039.98,1039.98,1039.98,1039.98,40.0,1.0,1039.98
GS,2026-08-18 23:00:00+00:00,1038.06,1038.06,1038.06,1038.06,50.0,1.0,1038.06
GS,2026-08-18 23:40:00+00:00,1039.95,1040.14,1039.95,1040.14,295.0,10.0,1040.081379
GS,2026-08-18 23:55:00+00:00,1038.1483,1038.1483,1038.1483,1038.1483,40.0,1.0,1038.1483
GS,2026-08-19 08:10:00+00:00,1040.5,1040.5,1040.5,1040.5,50.0,2.0,1040.5
GS,2026-08-19 11:05:00+00:00,1040.47,1040.47,1040.47,1040.47,78.0,3.0,1040.47
GS,2026-08-19 11:30:00+00:00,1040.81,1040.98,1040.81,1040.98,100.0,3.0,1040.911313
GS,2026-08-19 12:35:00+00:00,1041.0,1042.49,1041.0,1042.0,417.0,15.0,1041.748427
GS,2026-08-19 12:40:00+00:00,1045.0,1045.0,1044.0,1044.0,213.0,15.0,1044.552147
GS,2026-08-19 12:45:00+00:00,1045.49,1050.0,1045.49,1049.0,259.0,7.0,1048.190431
GS,2026-08-19 12:50:00+00:00,1050.0,1050.26,1050.0,1050.2,981.0,39.0,1050.158904
GS,2026-08-19 12:55:00+00:00,1050.75,1051.5001,1050.75,1051.5001,382.0,15.0,1051.250067
GS,2026-08-19 13:00:00+00:00,1051.0,1051.0,1050.0,1050.0,720.0,35.0,1050.186317
GS,2026-08-19 13:15:00+00:00,1050.0,1050.0,1050.0,1050.0,700.0,28.0,1050.0
GS,2026-08-19 13:25:00+00:00,1047.11,1048.84,1043.0,1043.0,1068.0,52.0,1046.584228
GS,2026-08-19 13:30:00+00:00,1044.82,1044.82,1027.075,1027.34,80137.0,2578.0,1035.345347
GS,2026-08-19 13:35:00+00:00,1027.27,1027.27,1018.195,1019.9,52568.0,2195.0,1021.986287
GS,2026-08-19 13:40:00+00:00,1019.9,1026.615,1019.9,1024.73,37187.0,1578.0,1022.436882
GS,2026-08-19 13:45:00+00:00,1024.505,1028.5,1019.0,1020.99,35107.0,1524.0,1023.2251
GS,2026-08-19 13:50:00+00:00,1021.07,1023.54,1020.44,1021.28,26726.0,1328.0,1021.999858
GS,2026-08-19 13:55:00+00:00,1020.88,1027.57,1020.88,1026.62,23682.0,1067.0,1025.14175
GS,2026-08-19 14:00:00+00:00,1026.25,1027.29,1023.41,1024.49,22621.0,1037.0,1025.470232
GS,2026-08-19 14:05:00+00:00,1024.34,1025.58,1021.57,1022.385,16234.0,1054.0,1023.680437
GS,2026-08-19 14:10:00+00:00,1022.47,1022.8499,1016.2294,1016.78,25467.0,1593.0,1018.797987
GS,2026-08-19 14:15:00+00:00,1016.75,1020.51,1015.165,1018.34,25045.0,1289.0,1017.865454
GS,2026-08-19 14:20:00+00:00,1018.34,1021.66,1016.885,1019.735,18762.0,1080.0,1019.206465
GS,2026-08-19 14:25:00+00:00,1019.95,1023.76,1017.82,1022.56,18401.0,1135.0,1021.405478
GS,2026-08-19 14:30:00+00:00,1021.67,1024.36,1020.635,1021.87,21806.0,1069.0,1022.22195
GS,2026-08-19 14:35:00+00:00,1021.98,1025.71,1021.8,1025.71,15900.0,954.0,1023.963867
GS,2026-08-19 14:40:00+00:00,1025.525,1027.22,1024.0,1024.22,16643.0,934.0,1025.358072
GS,2026-08-19 14:45:00+00:00,1023.79,1023.79,1019.28,1019.89,17050.0,1092.0,1022.13114
GS,2026-08-19 14:50:00+00:00,1019.94,1020.51,1015.09,1016.06,189534.0,1787.0,1018.374008
GS,2026-08-19 14:55:00+00:00,1016.4775,1020.735,1015.35,1020.2,45917.0,1752.0,1018.036119
GS,2026-08-19 15:00:00+00:00,1020.5,1023.64,1020.39,1023.16,28998.0,1114.0,1021.627543
GS,2026-08-19 15:05:00+00:00,1023.17,1023.79,1021.12,1021.12,21452.0,1025.0,1022.668634
GS,2026-08-19 15:10:00+00:00,1021.365,1024.45,1020.24,1024.35,29873.0,1063.0,1022.409752
GS,2026-08-19 15:15:00+00:00,1024.44,1024.44,1019.8301,1019.8301,17211.0,949.0,1021.92608
GS,2026-08-19 15:20:00+00:00,1019.84,1021.02,1018.485,1018.64,17727.0,953.0,1020.177057
GS,2026-08-19 15:25:00+00:00,1018.51,1020.07,1018.01,1019.1,18756.0,970.0,1018.991222
GS,2026-08-19 15:30:00+00:00,1018.95,1020.465,1017.0001,1018.085,14787.0,832.0,1018.698166
GS,2026-08-19 15:35:00+00:00,1018.085,1019.24,1017.0,1017.1,19358.0,1048.0,1018.218791
GS,2026-08-19 15:40:00+00:00,1016.75,1017.65,1015.02,1017.33,22725.0,1218.0,1016.173799
GS,2026-08-19 15:45:00+00:00,1017.325,1017.65,1015.37,1015.37,20805.0,1236.0,1016.704163
GS,2026-08-19 15:50:00+00:00,1015.12,1016.485,1014.5,1014.87,127602.0,1267.0,1015.294109
GS,2026-08-19 15:55:00+00:00,1014.78,1017.465,1014.78,1016.78,133797.0,1271.0,1016.321553
GS,2026-08-19 16:00:00+00:00,1016.68,1022.02,1016.4175,1021.95,42657.0,1400.0,1019.609383
GS,2026-08-19 16:05:00+00:00,1022.02,1024.07,1021.95,1024.03,23699.0,985.0,1022.966929
GS,2026-08-19 16:10:00+00:00,1023.933,1026.83,1023.8,1026.15,29189.0,1095.0,1025.629504
GS,2026-08-19 16:15:00+00:00,1025.75,1027.43,1023.49,1025.12,17813.0,818.0,1025.754754
GS,2026-08-19 16:20:00+00:00,1025.2,1025.68,1024.265,1025.04,15689.0,691.0,1024.819381
GS,2026-08-19 16:25:00+00:00,1025.02,1025.36,1023.49,1024.24,18197.0,937.0,1024.783199
GS,2026-08-19 16:30:00+00:00,1023.78,1024.06,1022.46,1023.06,15659.0,788.0,1023.102817
GS,2026-08-19 16:35:00+00:00,1022.89,1023.43,1021.57,1022.61,33397.0,1168.0,1022.628069
GS,2026-08-19 16:40:00+00:00,1023.03,1023.03,1022.11,1022.38,10128.0,593.0,1022.493052
GS,2026-08-19 16:45:00+00:00,1022.38,1022.57,1021.695,1021.92,12878.0,663.0,1022.080558
GS,2026-08-19 16:50:00+00:00,1022.29,1022.29,1020.01,1021.29,12004.0,705.0,1021.167519
GS,2026-08-19 16:55:00+00:00,1021.14,1021.19,1020.29,1020.46,8600.0,611.0,1020.841665
GS,2026-08-19 17:00:00+00:00,1020.46,1021.81,1020.34,1021.625,14862.0,681.0,1021.369619
GS,2026-08-19 17:05:00+00:00,1021.82,1022.26,1020.74,1021.285,9878.0,688.0,1021.506924
GS,2026-08-19 17:10:00+00:00,1021.3,1022.605,1021.25,1021.68,11920.0,625.0,1021.813492
GS,2026-08-19 17:15:00+00:00,1021.69,1023.07,1021.4,1021.5201,12913.0,731.0,1022.120313
GS,2026-08-19 17:20:00+00:00,1021.9,1021.9,1021.1007,1021.355,8117.0,549.0,1021.372172
GS,2026-08-19 17:25:00+00:00,1021.7,1022.9599,1021.68,1022.59,8222.0,636.0,1022.165649
GS,2026-08-19 17:30:00+00:00,1022.595,1023.0641,1021.3726,1022.58,13636.0,792.0,1022.359166
GS,2026-08-19 17:35:00+00:00,1022.51,1022.83,1020.585,1020.65,10488.0,679.0,1021.96143
GS,2026-08-19 17:40:00+00:00,1020.605,1021.6,1020.54,1020.69,15177.0,789.0,1021.142917
GS,2026-08-19 17:45:00+00:00,1020.3,1021.73,1020.21,1020.79,11105.0,740.0,1020.897231
GS,2026-08-19 17:50:00+00:00,1020.695,1020.91,1019.58,1019.9,14629.0,825.0,1020.342654
GS,2026-08-19 17:55:00+00:00,1020.1,1020.61,1019.445,1020.3,13637.0,657.0,1019.981301
GS,2026-08-19 18:00:00+00:00,1020.31,1020.64,1018.8825,1019.12,14464.0,811.0,1019.684436
GS,2026-08-19 18:05:00+00:00,1018.51,1018.53,1016.92,1017.56,30013.0,790.0,1017.812076
GS,2026-08-19 18:10:00+00:00,1017.29,1017.65,1016.56,1016.78,10067.0,671.0,1017.022315
GS,2026-08-19 18:15:00+00:00,1016.83,1018.36,1015.77,1018.11,14495.0,799.0,1016.706206
GS,2026-08-19 18:20:00+00:00,1017.86,1018.71,1016.995,1017.72,13023.0,773.0,1017.881653
GS,2026-08-19 18:25:00+00:00,1017.519,1018.5674,1017.13,1018.42,16624.0,716.0,1017.53962
GS,2026-08-19 18:30:00+00:00,1018.42,1020.745,1018.42,1020.27,183309.0,797.0,1019.370189
GS,2026-08-19 18:35:00+00:00,1020.4117,1020.4117,1018.21,1018.81,12550.0,734.0,1019.486628
GS,2026-08-19 18:40:00+00:00,1018.6,1019.63,1018.5,1019.04,12469.0,758.0,1018.897364
GS,2026-08-19 18:45:00+00:00,1019.03,1019.175,1018.21,1019.09,10213.0,718.0,1018.843451
GS,2026-08-19 18:50:00+00:00,1019.2,1020.34,1018.0,1018.16,10746.0,815.0,1019.130859
GS,2026-08-19 18:55:00+00:00,1018.29,1018.4499,1016.76,1017.39,11555.0,766.0,1017.331645
GS,2026-08-19 19:00:00+00:00,1017.315,1017.315,1015.21,1016.42,17944.0,1124.0,1016.41613
GS,2026-08-19 19:05:00+00:00,1016.47,1018.14,1015.93,1018.13,11991.0,766.0,1016.998788
GS,2026-08-19 19:10:00+00:00,1018.17,1018.79,1017.29,1017.29,11115.0,767.0,1018.219856
GS,2026-08-19 19:15:00+00:00,1017.38,1017.67,1015.2,1015.33,22993.0,1330.0,1016.048094
GS,2026-08-19 19:20:00+00:00,1015.91,1018.74,1015.46,1018.69,16444.0,1023.0,1017.021515
GS,2026-08-19 19:25:00+00:00,1018.71,1019.55,1018.09,1018.65,17806.0,1266.0,1018.899536
GS,2026-08-19 19:30:00+00:00,1018.84,1022.79,1018.8,1021.055,40044.0,1710.0,1021.307163
GS,2026-08-19 19:35:00+00:00,1021.19,1021.19,1018.24,1018.46,24157.0,1477.0,1019.340773
GS,2026-08-19 19:40:00+00:00,1018.515,1019.61,1017.95,1019.61,35180.0,1870.0,1018.937745
GS,2026-08-19 19:45:00+00:00,1019.31,1021.83,1019.05,1020.5,27889.0,1576.0,1020.594741
GS,2026-08-19 19:50:00+00:00,1020.41,1021.23,1019.235,1021.065,31976.0,1978.0,1020.318898
GS,2026-08-19 19:55:00+00:00,1020.9,1022.575,1020.39,1021.93,121620.0,6650.0,1021.442131
GS,2026-08-19 20:00:00+00:00,1021.65,1023.0,1021.65,1023.0,379536.0,111.0,1021.652334
GS,2026-08-19 20:05:00+00:00,1022.39,1022.39,1022.39,1022.39,507.0,6.0,1022.39
GS,2026-08-19 20:10:00+00:00,1022.11,1022.2,1022.11,1022.2,361.0,18.0,1022.141091
GS,2026-08-19 20:15:00+00:00,1022.15,1022.15,1022.15,1022.15,70.0,3.0,1022.15
GS,2026-08-19 20:30:00+00:00,1022.18,1022.93,1022.16,1022.73,445.0,13.0,1022.518685
GS,2026-08-19 20:55:00+00:00,1022.9,1022.9,1022.9,1022.9,50.0,1.0,1022.9
GS,2026-08-19 21:00:00+00:00,1022.9,1022.9,1022.9,1022.9,50.0,1.0,1022.9
GS,2026-08-19 21:10:00+00:00,1022.92,1022.92,1022.92,1022.92,100.0,1.0,1022.92
GS,2026-08-19 21:55:00+00:00,1023.5,1023.5,1023.5,1023.5,142.0,7.0,1023.5
GS,2026-08-19 22:00:00+00:00,1023.5,1023.5,1023.45,1023.45,626.0,12.0,1023.47757
GS,2026-08-19 22:10:00+00:00,1023.45,1023.45,1023.45,1023.45,71.0,1.0,1023.45
GS,2026-08-19 22:15:00+00:00,1023.884,1023.884,1023.884,1023.884,100.0,1.0,1023.884
GS,2026-08-19 22:20:00+00:00,1023.884,1023.884,1023.884,1023.884,50.0,1.0,1023.884
GS,2026-08-19 22:25:00+00:00,1024.0,1024.0,1024.0,1024.0,50.0,1.0,1024.0
GS,2026-08-19 23:05:00+00:00,1024.0,1024.0,1024.0,1024.0,208.0,3.0,1024.0
GS,2026-08-19 23:45:00+00:00,1023.95,1023.95,1023.95,1023.95,100.0,1.0,1023.95
GS,2026-08-19 23:50:00+00:00,1024.0,1024.0,1024.0,1024.0,50.0,1.0,1024.0
GS,2026-08-19 23:55:00+00:00,1024.0,1024.0,1024.0,1024.0,50.0,1.0,1024.0
GS,2026-08-20 08:00:00+00:00,1024.0,1024.0,1024.0,1024.0,273.0,42.0,1024.0
GS,2026-08-20 08:30:00+00:00,1023.06,1023.06,1022.43,1022.43,470.0,21.0,1022.948955
GS,2026-08-20 11:00:00+00:00,1022.45,1022.46,1022.45,1022.46,578.0,12.0,1022.45498
GS,2026-08-20 11:25:00+00:00,1021.0,1021.0,1021.0,1021.0,90.0,2.0,1021.0
GS,2026-08-20 11:35:00+00:00,1019.0,1019.0,1019.0,1019.0,151.0,9.0,1019.0
GS,2026-08-20 11:45:00+00:00,1018.3805,1018.3805,1018.3805,1018.3805,50.0,1.0,1018.3805
GS,2026-08-20 11:55:00+00:00,1018.5,1018.5,1017.8,1017.8,396.0,14.0,1018.295213
GS,2026-08-20 12:05:00+00:00,1014.55,1014.55,1014.55,1014.55,77.0,8.0,1014.55
GS,2026-08-20 12:10:00+00:00,1012.0,1012.0,1012.0,1012.0,884.0,61.0,1012.0
GS,2026-08-20 12:30:00+00:00,1011.0,1011.0,1011.0,1011.0,230.0,9.0,1011.0
GS,2026-08-20 12:35:00+00:00,1010.96,1011.0,1010.51,1010.51,500.0,6.0,1010.955368
GS,2026-08-20 12:40:00+00:00,1012.0,1012.0,1010.01,1010.01,612.0,51.0,1011.130576
GS,2026-08-20 12:45:00+00:00,1012.0,1012.0,1012.0,1012.0,171.0,7.0,1012.0
GS,2026-08-20 12:55:00+00:00,1012.06,1012.06,1012.0,1012.0,157.0,4.0,1012.042254
GS,2026-08-20 13:15:00+00:00,1012.42,1012.42,1010.3965,1010.3965,458.0,26.0,1011.577212
GS,2026-08-20 13:20:00+00:00,1010.06,1010.06,1010.06,1010.06,314.0,13.0,1010.06
GS,2026-08-20 13:25:00+00:00,1012.9,1013.3,1012.9,1013.3,619.0,16.0,1013.069231
GS,2026-08-20 13:30:00+00:00,1016.99,1026.2394,1014.76,1025.325,45386.0,2120.0,1020.131292
GS,2026-08-20 13:35:00+00:00,1024.68,1026.42,1022.41,1023.45,30254.0,1375.0,1024.286779
GS,2026-08-20 13:40:00+00:00,1023.0403,1023.22,1018.29,1018.29,13136.0,716.0,1020.971944
GS,2026-08-20 13:45:00+00:00,1018.32,1019.18,1015.03,1018.0,15066.0,943.0,1017.021446
GS,2026-08-20 13:50:00+00:00,1018.38,1019.395,1015.765,1018.43,17183.0,937.0,1017.369884
GS,2026-08-20 13:55:00+00:00,1018.82,1019.45,1016.49,1017.26,12463.0,757.0,1017.499702
GS,2026-08-20 14:00:00+00:00,1017.26,1017.69,1015.59,1017.1,16275.0,779.0,1017.004197
GS,2026-08-20 14:05:00+00:00,1016.69,1017.79,1015.37,1016.35,23591.0,1248.0,1016.158367
GS,2026-08-20 14:10:00+00:00,1016.62,1016.99,1014.54,1015.06,16176.0,929.0,1016.053035
GS,2026-08-20 14:15:00+00:00,1015.06,1015.729,1010.66,1010.66,23845.0,1470.0,1013.678798
GS,2026-08-20 14:20:00+00:00,1010.63,1016.58,1010.52,1016.35,22463.0,1116.0,1013.216409
GS,2026-08-20 14:25:00+00:00,1016.52,1017.36,1015.1,1015.66,8816.0,665.0,1016.316718
GS,2026-08-20 14:30:00+00:00,1015.24,1018.48,1014.34,1016.81,21064.0,1037.0,1016.408258
GS,2026-08-20 14:35:00+00:00,1016.79,1018.31,1015.83,1017.41,20489.0,887.0,1017.384995
GS,2026-08-20 14:40:00+00:00,1017.3,1019.3,1017.21,1018.09,10982.0,686.0,1017.869428
GS,2026-08-20 14:45:00+00:00,1017.88,1018.249,1016.5,1016.85,13491.0,663.0,1017.388393
GS,2026-08-20 14:50:00+00:00,1016.85,1020.39,1015.78,1018.91,15958.0,802.0,1018.088658
GS,2026-08-20 14:55:00+00:00,1018.95,1019.05,1017.01,1017.53,15995.0,756.0,1018.155416
GS,2026-08-20 15:00:00+00:00,1017.61,1021.45,1017.61,1020.68,13449.0,781.0,1020.090386
GS,2026-08-20 15:05:00+00:00,1020.64,1020.64,1016.01,1016.4,10884.0,694.0,1018.734638
GS,2026-08-20 15:10:00+00:00,1016.4,1016.69,1012.57,1014.98,19637.0,858.0,1014.887457
GS,2026-08-20 15:15:00+00:00,1014.985,1015.64,1013.51,1015.18,12669.0,593.0,1014.971636
GS,2026-08-20 15:20:00+00:00,1015.4,1015.59,1012.51,1013.32,9232.0,554.0,1013.730309
GS,2026-08-20 15:25:00+00:00,1013.14,1013.4,1011.42,1011.42,13365.0,682.0,1012.501763
GS,2026-08-20 15:30:00+00:00,1011.98,1012.18,1009.02,1009.4,18337.0,1050.0,1010.673922
GS,2026-08-20 15:35:00+00:00,1009.415,1009.515,1008.08,1009.0,19284.0,955.0,1008.92254
GS,2026-08-20 15:40:00+00:00,1008.85,1009.35,1005.55,1005.67,19577.0,958.0,1007.696876
GS,2026-08-20 15:45:00+00:00,1005.6701,1006.97,1005.02,1006.22,17874.0,832.0,1005.926843
GS,2026-08-20 15:50:00+00:00,1006.26,1007.6,1005.48,1005.855,17709.0,779.0,1006.342621
GS,2026-08-20 15:55:00+00:00,1006.01,1008.18,1005.915,1007.98,9508.0,596.0,1007.437173
GS,2026-08-20 16:00:00+00:00,1008.085,1008.085,1006.06,1006.88,13195.0,689.0,1007.159246
GS,2026-08-20 16:05:00+00:00,1007.04,1008.88,1006.641,1008.6892,11690.0,495.0,1008.257198
GS,2026-08-20 16:10:00+00:00,1008.44,1008.44,1006.37,1007.78,14253.0,677.0,1007.013295
GS,2026-08-20 16:15:00+00:00,1007.88,1008.25,1007.3,1007.63,5228.0,387.0,1007.767818
GS,2026-08-20 16:20:00+00:00,1007.73,1008.65,1007.27,1007.87,12719.0,595.0,1007.941372
GS,2026-08-20 16:25:00+00:00,1007.8,1008.11,1007.02,1007.51,17301.0,722.0,1007.545077
GS,2026-08-20 16:30:00+00:00,1007.4,1008.32,1006.52,1007.95,12244.0,615.0,1007.311626
GS,2026-08-20 16:35:00+00:00,1008.08,1009.92,1007.1,1009.0,27714.0,861.0,1009.141439
GS,2026-08-20 16:40:00+00:00,1009.09,1010.79,1008.81,1010.79,12603.0,573.0,1009.829437
GS,2026-08-20 16:45:00+00:00,1010.455,1011.175,1009.95,1010.94,12277.0,496.0,1010.653486
GS,2026-08-20 16:50:00+00:00,1011.25,1011.59,1009.71,1009.72,7488.0,409.0,1010.517905
GS,2026-08-20 16:55:00+00:00,1009.72,1010.48,1009.2,1010.385,8657.0,492.0,1009.96884
GS,2026-08-20 17:00:00+00:00,1010.68,1011.25,1010.05,1010.37,5863.0,417.0,1010.450138
GS,2026-08-20 17:05:00+00:00,1010.29,1010.81,1009.84,1010.44,5422.0,394.0,1010.157905
GS,2026-08-20 17:10:00+00:00,1010.45,1010.45,1008.95,1009.29,8652.0,560.0,1009.604839
GS,2026-08-20 17:15:00+00:00,1008.94,1009.04,1006.64,1006.64,9748.0,580.0,1007.756461
GS,2026-08-20 17:20:00+00:00,1006.64,1007.82,1006.47,1007.26,20293.0,796.0,1007.010599
GS,2026-08-20 17:25:00+00:00,1007.105,1008.53,1007.0587,1008.35,7643.0,535.0,1007.565452
GS,2026-08-20 17:30:00+00:00,1008.18,1008.6,1006.47,1006.65,10679.0,740.0,1007.536925
GS,2026-08-20 17:35:00+00:00,1006.59,1006.83,1005.47,1006.19,16105.0,852.0,1005.971825
GS,2026-08-20 17:40:00+00:00,1006.28,1006.96,1005.95,1006.65,15743.0,617.0,1006.251544
GS,2026-08-20 17:45:00+00:00,1006.52,1007.3,1006.18,1006.73,8882.0,600.0,1006.919756
GS,2026-08-20 17:50:00+00:00,1006.955,1007.79,1006.955,1007.285,7643.0,687.0,1007.336048
GS,2026-08-20 17:55:00+00:00,1007.04,1009.25,1006.985,1007.87,8958.0,671.0,1008.01484
GS,2026-08-20 18:00:00+00:00,1007.89,1008.59,1007.0,1008.25,13645.0,689.0,1007.782991
GS,2026-08-20 18:05:00+00:00,1008.16,1008.16,1006.63,1007.1,6076.0,516.0,1007.209691
GS,2026-08-20 18:10:00+00:00,1007.13,1007.32,1006.435,1006.94,5842.0,560.0,1006.877396
GS,2026-08-20 18:15:00+00:00,1006.83,1007.03,1005.67,1006.33,8380.0,592.0,1006.279486
GS,2026-08-20 18:20:00+00:00,1006.5,1007.215,1006.1781,1007.035,9012.0,630.0,1006.644499
GS,2026-08-20 18:25:00+00:00,1006.93,1007.16,1006.27,1006.27,6371.0,566.0,1006.610101
GS,2026-08-20 18:30:00+00:00,1006.05,1006.39,1004.635,1004.92,10763.0,889.0,1005.533248
GS,2026-08-20 18:35:00+00:00,1005.01,1006.0599,1004.74,1005.92,8968.0,686.0,1005.446169
GS,2026-08-20 18:40:00+00:00,1005.42,1005.63,1004.365,1004.74,9993.0,711.0,1004.915225
GS,2026-08-20 18:45:00+00:00,1004.64,1005.32,1004.48,1004.85,12375.0,647.0,1004.835961
GS,2026-08-20 18:50:00+00:00,1005.06,1005.55,1003.7,1003.755,11617.0,797.0,1004.428969
GS,2026-08-20 18:55:00+00:00,1003.75,1004.6299,1003.5056,1004.28,8607.0,611.0,1004.160111
GS,2026-08-20 19:00:00+00:00,1004.2725,1004.275,1003.01,1003.82,14519.0,899.0,1003.511342
GS,2026-08-20 19:05:00+00:00,1003.6046,1004.56,1003.465,1004.01,15179.0,1013.0,1004.014354
GS,2026-08-20 19:10:00+00:00,1003.96,1004.72,1003.2,1004.1525,21533.0,1194.0,1003.943654
GS,2026-08-20 19:15:00+00:00,1004.35,1004.88,1003.65,1003.65,13288.0,974.0,1004.351064
GS,2026-08-20 19:20:00+00:00,1003.625,1004.5,1003.21,1004.35,18265.0,1187.0,1003.950064
GS,2026-08-20 19:25:00+00:00,1004.37,1004.56,1003.33,1003.33,13263.0,947.0,1004.055668
GS,2026-08-20 19:30:00+00:00,1003.36,1003.9,1002.5,1003.25,21866.0,1513.0,1003.307075
GS,2026-08-20 19:35:00+00:00,1003.12,1003.51,1002.19,1003.14,22641.0,1437.0,1002.752048
GS,2026-08-20 19:40:00+00:00,1003.26,1004.57,1003.1,1003.45,31056.0,1833.0,1003.787266
GS,2026-08-20 19:45:00+00:00,1003.21,1003.732,1002.51,1003.175,43909.0,2130.0,1003.117137
GS,2026-08-20 19:50:00+00:00,1003.09,1004.32,1002.775,1003.925,47935.0,2433.0,1003.700821
GS,2026-08-20 19:55:00+00:00,1004.15,1004.48,1001.68,1002.29,146516.0,7651.0,1002.70747
GS,2026-08-20 20:00:00+00:00,1001.95,1001.95,1001.95,1001.95,276898.0,91.0,1001.95
GS,2026-08-20 20:05:00+00:00,1001.95,1001.95,1001.95,1001.95,150.0,1.0,1001.95
GS,2026-08-20 20:10:00+00:00,1002.02,1002.02,1002.0,1002.0,140.0,4.0,1002.006154
GS,2026-08-20 20:15:00+00:00,1002.01,1002.01,1002.01,1002.01,79.0,5.0,1002.01
GS,2026-08-20 20:35:00+00:00,1002.58,1002.58,1002.58,1002.58,52.0,4.0,1002.58
GS,2026-08-20 20:40:00+00:00,1002.56,1002.56,1002.56,1002.56,247.0,7.0,1002.56
GS,2026-08-20 21:25:00+00:00,1003.5,1004.44,1003.5,1004.0,202.0,9.0,1003.965
GS,2026-08-20 21:30:00+00:00,1003.5,1003.5,1003.5,1003.5,43.0,1.0,1003.5
GS,2026-08-20 21:40:00+00:00,1004.19,1004.19,1004.19,1004.19,61.0,2.0,1004.19
GS,2026-08-20 22:05:00+00:00,1004.0,1004.0,1004.0,1004.0,100.0,1.0,1004.0
GS,2026-08-20 22:50:00+00:00,1004.0,1004.0,1004.0,1004.0,104.0,6.0,1004.0
GS,2026-08-20 22:55:00+00:00,1004.24,1004.24,1004.24,1004.24,202.0,8.0,1004.24
GS,2026-08-20 23:05:00+00:00,1003.99,1003.99,1003.99,1003.99,50.0,1.0,1003.99
GS,2026-08-20 23:30:00+00:00,1003.99,1003.99,1003.99,1003.99,77.0,4.0,1003.99
GS,2026-08-20 23:35:00+00:00,1003.0,1003.0,1003.0,1003.0,100.0,6.0,1003.0
GS,2026-08-20 23:45:00+00:00,1003.99,1003.99,1003.97,1003.97,211.0,13.0,1003.978148
GS,2026-08-21 08:00:00+00:00,1007.0,1007.0,1007.0,1007.0,728.0,38.0,1007.0
GS,2026-08-21 10:40:00+00:00,1008.9,1008.9,1008.9,1008.9,71.0,5.0,1008.9
GS,2026-08-21 11:00:00+00:00,1008.01,1008.01,1008.01,1008.01,256.0,36.0,1008.01
GS,2026-08-21 11:10:00+00:00,1008.18,1008.18,1008.18,1008.18,50.0,2.0,1008.18
GS,2026-08-21 11:20:00+00:00,1008.98,1008.98,1008.98,1008.98,40.0,1.0,1008.98
GS,2026-08-21 11:30:00+00:00,1010.0,1012.0,1010.0,1012.0,358.0,10.0,1011.154321
GS,2026-08-21 11:35:00+00:00,1013.98,1013.98,1013.98,1013.98,151.0,9.0,1013.98
GS,2026-08-21 11:40:00+00:00,1011.06,1011.596,1011.0,1011.596,329.0,12.0,1011.285962
GS,2026-08-21 11:50:00+00:00,1011.8266,1011.8266,1011.8266,1011.8266,105.0,4.0,1011.8266
GS,2026-08-21 11:55:00+00:00,1011.15,1011.15,1011.15,1011.15,350.0,3.0,1011.15
GS,2026-08-21 12:05:00+00:00,1013.49,1013.98,1013.49,1013.98,119.0,8.0,1013.784
GS,2026-08-21 12:10:00+00:00,1012.01,1012.01,1012.01,1012.01,99.0,9.0,1012.01
GS,2026-08-21 12:25:00+00:00,1012.0,1012.0,1012.0,1012.0,50.0,4.0,1012.0
GS,2026-08-21 12:30:00+00:00,1012.06,1012.06,1012.06,1012.06,46.0,2.0,1012.06
GS,2026-08-21 12:35:00+00:00,1012.13,1012.13,1012.06,1012.06,103.0,7.0,1012.093333
GS,2026-08-21 12:40:00+00:00,1013.97,1013.97,1013.97,1013.97,114.0,8.0,1013.97
GS,2026-08-21 12:45:00+00:00,1013.88,1013.88,1013.88,1013.88,201.0,1.0,1013.88
GS,2026-08-21 12:55:00+00:00,1013.3,1013.98,1012.0,1012.0,978.0,20.0,1013.528734
GS,2026-08-21 13:00:00+00:00,1014.4,1014.63,1014.0,1014.0,633.0,22.0,1014.367003
GS,2026-08-21 13:05:00+00:00,1013.88,1013.88,1013.88,1013.88,83.0,5.0,1013.88
GS,2026-08-21 13:10:00+00:00,1014.49,1014.49,1014.49,1014.49,52.0,6.0,1014.49
GS,2026-08-21 13:15:00+00:00,1012.8501,1015.95,1012.8501,1015.95,880.0,27.0,1014.736493
GS,2026-08-21 13:20:00+00:00,1014.0,1014.0,1014.0,1014.0,144.0,10.0,1014.0
GS,2026-08-21 13:30:00+00:00,1015.99,1021.846,1014.02,1020.62,148328.0,1912.0,1015.127242
GS,2026-08-21 13:35:00+00:00,1019.995,1019.995,1017.64,1018.7,14550.0,943.0,1018.818092
GS,2026-08-21 13:40:00+00:00,1018.7,1022.6882,1018.57,1022.23,16592.0,1152.0,1020.518227
GS,2026-08-21 13:45:00+00:00,1021.91,1026.3825,1021.9,1024.93,21224.0,939.0,1024.218356
GS,2026-08-21 13:50:00+00:00,1025.14,1027.345,1023.62,1024.635,13243.0,864.0,1025.623068
GS,2026-08-21 13:55:00+00:00,1024.63,1025.3613,1022.36,1022.665,14732.0,737.0,1023.860074
GS,2026-08-21 14:00:00+00:00,1023.07,1025.0,1022.67,1023.13,37808.0,1123.0,1024.298392
GS,2026-08-21 14:05:00+00:00,1023.105,1024.32,1021.61,1023.385,21113.0,824.0,1022.64749
GS,2026-08-21 14:10:00+00:00,1023.38,1023.46,1018.26,1018.58,24838.0,980.0,1020.237462
GS,2026-08-21 14:15:00+00:00,1018.31,1020.41,1017.35,1018.87,11501.0,714.0,1019.028754
GS,2026-08-21 14:20:00+00:00,1019.0,1022.39,1018.84,1020.42,7068.0,500.0,1020.303801
GS,2026-08-21 14:25:00+00:00,1020.32,1022.4799,1019.92,1020.87,10536.0,809.0,1020.808193
GS,2026-08-21 14:30:00+00:00,1021.125,1021.27,1017.33,1017.555,9242.0,619.0,1019.843463
GS,2026-08-21 14:35:00+00:00,1017.0,1018.1375,1013.57,1014.3925,30359.0,1252.0,1015.147249
GS,2026-08-21 14:40:00+00:00,1014.815,1015.18,1012.58,1013.08,12670.0,728.0,1013.842094
GS,2026-08-21 14:45:00+00:00,1013.975,1014.44,1011.625,1013.94,18009.0,742.0,1012.336821
GS,2026-08-21 14:50:00+00:00,1013.51,1014.37,1008.854,1008.975,8096.0,605.0,1011.939854
GS,2026-08-21 14:55:00+00:00,1009.3292,1012.7877,1008.98,1012.275,17671.0,714.0,1010.548587
GS,2026-08-21 15:00:00+00:00,1012.63,1013.73,1010.7612,1012.4,7422.0,638.0,1012.249161
GS,2026-08-21 15:05:00+00:00,1012.615,1015.6521,1012.39,1014.89,6237.0,541.0,1014.116683
GS,2026-08-21 15:10:00+00:00,1015.01,1015.2,1013.29,1013.83,5488.0,486.0,1014.47015
GS,2026-08-21 15:15:00+00:00,1013.92,1014.29,1012.52,1012.82,5379.0,467.0,1013.658812
GS,2026-08-21 15:20:00+00:00,1012.75,1013.53,1011.67,1013.09,10971.0,475.0,1012.826026
GS,2026-08-21 15:25:00+00:00,1013.05,1014.24,1012.63,1013.9,5761.0,469.0,1013.461649
GS,2026-08-21 15:30:00+00:00,1013.96,1014.4854,1013.35,1014.48,9344.0,504.0,1013.987446
GS,2026-08-21 15:35:00+00:00,1014.215,1015.54,1013.8601,1015.115,6542.0,498.0,1014.566467
GS,2026-08-21 15:40:00+00:00,1014.862,1015.1399,1014.27,1015.0,4775.0,359.0,1014.826231
GS,2026-08-21 15:45:00+00:00,1015.005,1015.29,1013.695,1014.79,7811.0,521.0,1014.754522
GS,2026-08-21 15:50:00+00:00,1014.54,1016.17,1014.5399,1015.41,6514.0,474.0,1015.474452
GS,2026-08-21 15:55:00+00:00,1015.415,1015.415,1012.47,1012.86,7319.0,477.0,1014.339737
GS,2026-08-21 16:00:00+00:00,1012.87,1013.38,1011.915,1012.81,5856.0,406.0,1012.638346
GS,2026-08-21 16:05:00+00:00,1012.73,1012.765,1011.145,1011.145,8242.0,461.0,1011.840146
GS,2026-08-21 16:10:00+00:00,1011.35,1012.71,1011.21,1011.42,9391.0,501.0,1011.90801
GS,2026-08-21 16:15:00+00:00,1011.31,1012.56,1011.1,1011.77,7678.0,452.0,1011.69113
GS,2026-08-21 16:20:00+00:00,1011.79,1014.355,1011.01,1013.36,17898.0,701.0,1012.530436
GS,2026-08-21 16:25:00+00:00,1013.77,1016.98,1013.625,1016.92,12634.0,561.0,1015.839449
GS,2026-08-21 16:30:00+00:00,1016.82,1020.53,1016.31,1017.665,35722.0,915.0,1018.591265
GS,2026-08-21 16:35:00+00:00,1017.0201,1021.83,1016.845,1020.47,38160.0,1069.0,1018.979119
GS,2026-08-21 16:40:00+00:00,1020.21,1020.75,1017.46,1017.75,16104.0,578.0,1019.351974
GS,2026-08-21 16:45:00+00:00,1017.35,1018.495,1017.005,1017.8319,17057.0,590.0,1017.715761
GS,2026-08-21 16:50:00+00:00,1017.79,1018.82,1017.54,1018.3,6428.0,361.0,1018.165853
GS,2026-08-21 16:55:00+00:00,1017.86,1018.9395,1015.5701,1018.6,18096.0,625.0,1017.072166
GS,2026-08-21 17:00:00+00:00,1018.76,1018.76,1017.58,1017.58,8947.0,446.0,1018.141434
GS,2026-08-21 17:05:00+00:00,1017.7,1018.9404,1017.57,1018.33,6970.0,521.0,1018.150798
GS,2026-08-21 17:10:00+00:00,1018.215,1018.39,1017.575,1018.39,6332.0,477.0,1017.930367
GS,2026-08-21 17:15:00+00:00,1018.54,1019.93,1018.215,1019.5,13420.0,686.0,1019.248882
GS,2026-08-21 17:20:00+00:00,1019.38,1019.69,1018.97,1019.5801,10758.0,565.0,1019.454208
GS,2026-08-21 17:25:00+00:00,1019.675,1019.68,1019.2,1019.31,5220.0,452.0,1019.489627
GS,2026-08-21 17:30:00+00:00,1019.52,1023.2,1019.51,1023.2,54470.0,1440.0,1021.877487
GS,2026-08-21 17:35:00+00:00,1023.0,1024.53,1022.95,1024.16,30260.0,963.0,1023.985287
GS,2026-08-21 17:40:00+00:00,1024.18,1026.84,1023.89,1026.47,25461.0,1094.0,1025.763166
GS,2026-08-21 17:45:00+00:00,1026.59,1029.82,1026.59,1028.95,35177.0,1480.0,1028.631329
GS,2026-08-21 17:50:00+00:00,1029.0,1029.0,1026.52,1026.775,6862.0,488.0,1027.862357
GS,2026-08-21 17:55:00+00:00,1026.7,1028.75,1026.305,1028.375,12905.0,737.0,1027.83802
GS,2026-08-21 18:00:00+00:00,1028.42,1029.7,1027.07,1028.49,27884.0,1012.0,1028.110232
GS,2026-08-21 18:05:00+00:00,1028.5,1030.38,1028.205,1029.895,32094.0,1148.0,1029.5318
GS,2026-08-21 18:10:00+00:00,1029.9978,1030.23,1028.3,1029.38,18712.0,936.0,1029.712171
GS,2026-08-21 18:15:00+00:00,1029.23,1031.55,1029.2001,1030.64,33379.0,1047.0,1030.753129
GS,2026-08-21 18:20:00+00:00,1030.5,1031.35,1029.543,1031.35,17109.0,730.0,1030.297094
GS,2026-08-21 18:25:00+00:00,1031.35,1034.465,1031.3147,1033.78,37009.0,1312.0,1033.335782
GS,2026-08-21 18:30:00+00:00,1033.86,1035.4099,1032.705,1035.34,25206.0,1181.0,1033.588287
GS,2026-08-21 18:35:00+00:00,1034.95,1036.0,1034.14,1034.985,44767.0,1501.0,1035.464676
GS,2026-08-21 18:40:00+00:00,1034.99,1036.63,1033.91,1035.61,32262.0,1236.0,1035.729186
GS,2026-08-21 18:45:00+00:00,1035.51,1036.02,1034.28,1035.0,16506.0,848.0,1034.968446
GS,2026-08-21 18:50:00+00:00,1035.11,1036.3268,1034.04,1036.28,16009.0,831.0,1035.236571
GS,2026-08-21 18:55:00+00:00,1036.21,1038.85,1036.21,1038.59,66003.0,1756.0,1037.744429
GS,2026-08-21 19:00:00+00:00,1038.365,1041.52,1038.365,1040.9,59694.0,1607.0,1040.476683
GS,2026-08-21 19:05:00+00:00,1040.235,1041.055,1039.38,1039.42,15760.0,964.0,1040.249053
GS,2026-08-21 19:10:00+00:00,1039.17,1040.05,1038.0,1039.29,26434.0,1421.0,1039.326768
GS,2026-08-21 19:15:00+00:00,1039.19,1041.64,1037.4,1041.3996,49654.0,1845.0,1040.063296
GS,2026-08-21 19:20:00+00:00,1041.37,1043.66,1041.36,1042.51,91726.0,2490.0,1042.510622
GS,2026-08-21 19:25:00+00:00,1041.8975,1042.73,1036.79,1040.89,52198.0,2329.0,1040.582389
GS,2026-08-21 19:30:00+00:00,1040.875,1041.9,1040.0,1040.7,36178.0,1526.0,1040.867451
GS,2026-08-21 19:35:00+00:00,1040.825,1040.945,1038.14,1038.34,26678.0,1333.0,1039.817627
GS,2026-08-21 19:40:00+00:00,1038.41,1039.53,1037.09,1038.25,30743.0,1852.0,1037.992789
GS,2026-08-21 19:45:00+00:00,1037.96,1039.285,1037.44,1039.05,28319.0,1279.0,1038.265874
GS,2026-08-21 19:50:00+00:00,1039.29,1040.58,1038.4301,1039.985,39510.0,1710.0,1039.384297
GS,2026-08-21 19:55:00+00:00,1040.16,1042.25,1039.36,1039.41,120990.0,5093.0,1040.978628
GS,2026-08-21 20:00:00+00:00,1039.28,1039.28,1039.0,1039.0,642510.0,212.0,1039.279505
GS,2026-08-21 20:05:00+00:00,1039.12,1039.25,1038.57,1038.57,5563.0,37.0,1038.955474
GS,2026-08-21 20:10:00+00:00,1039.01,1039.01,1039.0,1039.0,206.0,6.0,1039.005
GS,2026-08-21 20:15:00+00:00,1038.9999,1038.9999,1038.9999,1038.9999,154.0,6.0,1038.9999
GS,2026-08-21 20:20:00+00:00,1038.99,1039.06,1038.99,1039.0,960.0,16.0,1039.007311
GS,2026-08-21 20:25:00+00:00,1039.69,1039.75,1039.29,1039.29,1110.0,21.0,1039.69653
GS,2026-08-21 20:40:00+00:00,1039.0,1039.0,1039.0,1039.0,100.0,1.0,1039.0
GS,2026-08-21 20:55:00+00:00,1038.61,1038.61,1037.15,1038.52,525.0,25.0,1038.398621
GS,2026-08-21 21:00:00+00:00,1038.59,1038.59,1038.59,1038.59,60.0,2.0,1038.59
GS,2026-08-21 21:40:00+00:00,1039.22,1039.22,1039.22,1039.22,50.0,2.0,1039.22
GS,2026-08-21 22:00:00+00:00,1039.88,1042.4,1039.88,1040.0,1476.0,38.0,1041.634646
GS,2026-08-21 22:30:00+00:00,1040.0,1040.0,1040.0,1040.0,40.0,1.0,1040.0
GS,2026-08-21 22:50:00+00:00,1040.01,1040.01,1040.01,1040.01,165.0,12.0,1040.01
GS,2026-08-21 23:15:00+00:00,1041.6,1041.6,1041.6,1041.6,50.0,1.0,1041.6
GS,2026-08-24 08:00:00+00:00,1036.0596,1039.0,1036.0,1037.0,553.0,58.0,1037.164012
GS,2026-08-24 10:15:00+00:00,1035.82,1035.82,1035.82,1035.82,76.0,12.0,1035.82
GS,2026-08-24 10:25:00+00:00,1036.48,1036.48,1036.48,1036.48,74.0,7.0,1036.48
GS,2026-08-24 11:20:00+00:00,1035.94,1035.94,1035.86,1035.86,101.0,13.0,1035.9
GS,2026-08-24 11:35:00+00:00,1035.99,1035.99,1035.99,1035.99,74.0,9.0,1035.99
GS,2026-08-24 11:45:00+00:00,1035.0,1035.0,1031.0,1031.0,262.0,11.0,1033.01005
GS,2026-08-24 12:30:00+00:00,1035.93,1035.93,1035.8,1035.8,172.0,7.0,1035.85977
GS,2026-08-24 12:35:00+00:00,1037.0,1037.0,1036.84,1036.84,175.0,9.0,1036.95493
GS,2026-08-24 12:40:00+00:00,1038.0,1038.0,1038.0,1038.0,81.0,1.0,1038.0
GS,2026-08-24 13:00:00+00:00,1037.8,1038.0,1037.8,1038.0,336.0,15.0,1037.908597
GS,2026-08-24 13:20:00+00:00,1038.0,1038.0,1038.0,1038.0,49.0,4.0,1038.0
GS,2026-08-24 13:25:00+00:00,1035.81,1035.81,1035.81,1035.81,54.0,1.0,1035.81
GS,2026-08-24 13:30:00+00:00,1039.0,1047.37,1038.34,1040.97,59963.0,2898.0,1041.094163
GS,2026-08-24 13:35:00+00:00,1039.57,1040.5,1033.26,1035.88,31263.0,1643.0,1037.36811
GS,2026-08-24 13:40:00+00:00,1035.0,1036.95,1033.48,1034.68,21867.0,1095.0,1034.764098
GS,2026-08-24 13:45:00+00:00,1034.71,1042.5,1034.13,1039.6175,26137.0,1135.0,1038.888854
GS,2026-08-24 13:50:00+00:00,1039.5625,1039.66,1035.965,1037.99,18345.0,874.0,1037.445355
GS,2026-08-24 13:55:00+00:00,1038.04,1040.15,1036.87,1038.16,17754.0,916.0,1038.259948
GS,2026-08-24 14:00:00+00:00,1038.01,1038.52,1032.4463,1032.6,24126.0,1123.0,1035.952205
GS,2026-08-24 14:05:00+00:00,1032.78,1034.8,1030.93,1034.07,21756.0,992.0,1032.586858
GS,2026-08-24 14:10:00+00:00,1033.92,1036.09,1032.83,1036.03,17073.0,768.0,1034.243647
GS,2026-08-24 14:15:00+00:00,1036.17,1036.24,1032.305,1032.77,11310.0,747.0,1034.129818
GS,2026-08-24 14:20:00+00:00,1032.79,1034.98,1032.76,1033.02,19322.0,891.0,1034.099951
GS,2026-08-24 14:25:00+00:00,1033.6,1036.33,1032.41,1035.47,9833.0,760.0,1034.641771
GS,2026-08-24 14:30:00+00:00,1035.68,1036.79,1033.725,1034.45,13445.0,731.0,1035.689587
GS,2026-08-24 14:35:00+00:00,1033.88,1034.47,1031.3775,1032.61,12234.0,652.0,1032.894503
GS,2026-08-24 14:40:00+00:00,1032.39,1033.1,1030.18,1031.41,12835.0,624.0,1031.859882
GS,2026-08-24 14:45:00+00:00,1030.95,1034.98,1030.935,1034.98,12647.0,814.0,1032.550966
GS,2026-08-24 14:50:00+00:00,1035.0,1036.08,1034.07,1035.83,12640.0,628.0,1035.23232
GS,2026-08-24 14:55:00+00:00,1035.68,1035.69,1033.53,1034.24,8941.0,579.0,1034.629228
GS,2026-08-24 15:00:00+00:00,1034.32,1034.76,1032.1,1033.16,9932.0,803.0,1033.388504
GS,2026-08-24 15:05:00+00:00,1033.39,1033.67,1031.02,1031.03,8795.0,571.0,1032.110389
GS,2026-08-24 15:10:00+00:00,1031.385,1033.48,1030.73,1032.79,11268.0,691.0,1032.115165
GS,2026-08-24 15:15:00+00:00,1032.88,1033.38,1031.33,1031.38,12883.0,751.0,1032.261583
GS,2026-08-24 15:20:00+00:00,1031.615,1033.535,1030.86,1033.535,9074.0,575.0,1032.178269
GS,2026-08-24 15:25:00+00:00,1033.81,1035.0,1033.5,1034.44,11663.0,775.0,1034.27
GS,2026-08-24 15:30:00+00:00,1034.62,1035.26,1033.9,1034.875,8239.0,531.0,1034.344859
GS,2026-08-24 15:35:00+00:00,1034.64,1035.4799,1033.46,1033.7567,7437.0,499.0,1034.414062
GS,2026-08-24 15:40:00+00:00,1034.63,1035.4,1033.26,1034.41,9171.0,538.0,1034.542549
GS,2026-08-24 15:45:00+00:00,1034.62,1036.21,1034.55,1034.56,7162.0,470.0,1035.254024
GS,2026-08-24 15:50:00+00:00,1034.49,1035.61,1034.49,1034.78,6315.0,423.0,1035.142419
GS,2026-08-24 15:55:00+00:00,1034.74,1035.09,1033.4704,1035.09,7453.0,473.0,1034.296525
GS,2026-08-24 16:00:00+00:00,1035.11,1036.34,1034.68,1035.51,39075.0,653.0,1035.221394
GS,2026-08-24 16:05:00+00:00,1035.605,1035.64,1034.198,1034.305,5391.0,421.0,1034.953056
GS,2026-08-24 16:10:00+00:00,1034.76,1034.94,1033.76,1034.94,9003.0,573.0,1034.071014
GS,2026-08-24 16:15:00+00:00,1034.99,1037.14,1034.665,1036.66,13883.0,663.0,1036.150783
GS,2026-08-24 16:20:00+00:00,1036.54,1037.17,1035.8201,1036.03,7741.0,493.0,1036.611672
GS,2026-08-24 16:25:00+00:00,1035.82,1037.68,1035.815,1037.31,5855.0,519.0,1036.747075
GS,2026-08-24 16:30:00+00:00,1036.64,1037.3,1034.6175,1035.16,7025.0,524.0,1035.717547
GS,2026-08-24 16:35:00+00:00,1035.33,1035.63,1033.45,1034.06,5331.0,426.0,1034.550733
GS,2026-08-24 16:40:00+00:00,1034.09,1034.99,1033.5336,1033.87,6131.0,407.0,1034.217398
GS,2026-08-24 16:45:00+00:00,1033.66,1034.54,1033.0,1034.46,9455.0,656.0,1033.802868
GS,2026-08-24 16:50:00+00:00,1034.65,1035.59,1034.2633,1035.46,6628.0,494.0,1035.020468
GS,2026-08-24 16:55:00+00:00,1035.285,1035.39,1034.0001,1034.05,8742.0,473.0,1034.505892
GS,2026-08-24 17:00:00+00:00,1034.255,1034.84,1033.56,1034.605,6410.0,474.0,1034.286228
GS,2026-08-24 17:05:00+00:00,1034.83,1036.16,1034.25,1035.68,5825.0,453.0,1035.32081
GS,2026-08-24 17:10:00+00:00,1035.62,1036.0,1035.07,1035.19,5508.0,436.0,1035.51115
GS,2026-08-24 17:15:00+00:00,1035.16,1035.54,1033.83,1033.885,9567.0,512.0,1034.438007
GS,2026-08-24 17:20:00+00:00,1033.74,1034.0,1031.6596,1032.36,8582.0,549.0,1032.775221
GS,2026-08-24 17:25:00+00:00,1032.105,1033.04,1031.7201,1032.1,6700.0,530.0,1032.384222
GS,2026-08-24 17:30:00+00:00,1032.24,1032.37,1031.23,1031.46,7092.0,438.0,1031.935368
GS,2026-08-24 17:35:00+00:00,1031.23,1031.98,1031.005,1031.35,11134.0,575.0,1031.45798
GS,2026-08-24 17:40:00+00:00,1031.335,1032.82,1031.33,1032.035,6629.0,502.0,1031.996328
GS,2026-08-24 17:45:00+00:00,1032.13,1033.33,1031.98,1033.105,10425.0,616.0,1032.685468
GS,2026-08-24 17:50:00+00:00,1033.02,1033.5,1032.78,1033.48,7903.0,708.0,1033.205595
GS,2026-08-24 17:55:00+00:00,1033.38,1034.0,1033.075,1033.44,6263.0,525.0,1033.584989
GS,2026-08-24 18:00:00+00:00,1033.85,1034.44,1033.34,1033.97,9452.0,560.0,1033.938178
GS,2026-08-24 18:05:00+00:00,1033.9035,1034.06,1033.03,1033.88,7255.0,496.0,1033.514843
GS,2026-08-24 18:10:00+00:00,1033.75,1034.71,1033.235,1034.71,8283.0,568.0,1033.906288
GS,2026-08-24 18:15:00+00:00,1034.71,1036.0,1034.54,1036.0,7827.0,582.0,1035.222675
GS,2026-08-24 18:20:00+00:00,1035.99,1036.57,1035.72,1035.89,8639.0,650.0,1036.11885
GS,2026-08-24 18:25:00+00:00,1035.97,1036.47,1035.4978,1036.46,5961.0,508.0,1035.914048
GS,2026-08-24 18:30:00+00:00,1036.4,1036.78,1035.93,1036.14,9193.0,541.0,1036.33734
GS,2026-08-24 18:35:00+00:00,1036.29,1037.35,1035.78,1037.35,7726.0,587.0,1036.580688
GS,2026-08-24 18:40:00+00:00,1037.35,1038.8,1037.35,1038.36,15136.0,770.0,1038.327425
GS,2026-08-24 18:45:00+00:00,1038.29,1039.47,1037.78,1039.36,13714.0,816.0,1038.498328
GS,2026-08-24 18:50:00+00:00,1039.51,1039.55,1038.24,1038.97,14932.0,730.0,1038.889968
GS,2026-08-24 18:55:00+00:00,1038.93,1039.19,1037.62,1037.94,13222.0,737.0,1038.45685
GS,2026-08-24 19:00:00+00:00,1037.81,1038.46,1036.97,1037.23,14852.0,715.0,1037.666649
GS,2026-08-24 19:05:00+00:00,1037.45,1038.14,1037.1,1037.85,9194.0,641.0,1037.799219
GS,2026-08-24 19:10:00+00:00,1037.72,1038.37,1037.45,1037.5801,15244.0,677.0,1037.884841
GS,2026-08-24 19:15:00+00:00,1038.25,1038.25,1036.4922,1037.635,11301.0,711.0,1037.523061
GS,2026-08-24 19:20:00+00:00,1037.45,1037.75,1035.78,1035.7914,12951.0,701.0,1036.689448
GS,2026-08-24 19:25:00+00:00,1035.97,1036.22,1035.16,1035.6,8984.0,754.0,1035.776537
GS,2026-08-24 19:30:00+00:00,1035.59,1037.3,1035.15,1035.9,22862.0,1027.0,1036.053386
GS,2026-08-24 19:35:00+00:00,1035.855,1036.07,1034.9451,1035.21,13502.0,866.0,1035.519019
GS,2026-08-24 19:40:00+00:00,1035.26,1035.87,1035.04,1035.375,18909.0,1095.0,1035.493601
GS,2026-08-24 19:45:00+00:00,1035.88,1036.12,1035.04,1035.6,18861.0,1043.0,1035.546257
GS,2026-08-24 19:50:00+00:00,1035.73,1036.17,1034.2,1035.1175,30921.0,1424.0,1035.239697
GS,2026-08-24 19:55:00+00:00,1035.33,1039.01,1034.35,1036.52,126024.0,6327.0,1037.177792
GS,2026-08-24 20:00:00+00:00,1036.35,1036.375,1036.23,1036.28,633922.0,148.0,1036.279922
GS,2026-08-24 20:05:00+00:00,1036.28,1036.28,1036.28,1036.28,150.0,1.0,1036.28
GS,2026-08-24 20:10:00+00:00,1036.28,1036.28,1036.28,1036.28,41429.0,2.0,1036.28
GS,2026-08-24 21:25:00+00:00,1036.35,1036.35,1036.35,1036.35,100.0,5.0,1036.35
GS,2026-08-24 23:00:00+00:00,1036.59,1036.59,1036.59,1036.59,80.0,3.0,1036.59
GS,2026-08-25 08:00:00+00:00,1038.5,1039.0,1038.5,1039.0,303.0,26.0,1038.666667
GS,2026-08-25 09:30:00+00:00,1044.38,1044.38,1044.38,1044.38,184.0,13.0,1044.38
GS,2026-08-25 09:50:00+00:00,1044.0,1044.0,1044.0,1044.0,92.0,3.0,1044.0
GS,2026-08-25 10:55:00+00:00,1045.0,1045.0,1045.0,1045.0,110.0,11.0,1045.0
GS,2026-08-25 11:00:00+00:00,1045.0,1045.0,1045.0,1045.0,296.0,17.0,1045.0
GS,2026-08-25 11:05:00+00:00,1045.45,1045.45,1045.45,1045.45,69.0,4.0,1045.45
GS,2026-08-25 11:15:00+00:00,1044.0,1044.0,1044.0,1044.0,100.0,1.0,1044.0
GS,2026-08-25 11:20:00+00:00,1045.0,1045.0,1045.0,1045.0,185.0,8.0,1045.0
GS,2026-08-25 11:30:00+00:00,1046.0,1046.0,1045.77,1045.77,275.0,2.0,1045.916364
GS,2026-08-25 11:40:00+00:00,1047.0,1047.03,1047.0,1047.03,144.0,12.0,1047.015464
GS,2026-08-25 11:45:00+00:00,1046.5,1046.5,1046.5,1046.5,95.0,1.0,1046.5
GS,2026-08-25 12:00:00+00:00,1047.99,1049.0,1047.99,1049.0,2431.0,15.0,1048.409609
GS,2026-08-25 12:05:00+00:00,1048.0,1050.0,1048.0,1050.0,436.0,24.0,1049.67171
GS,2026-08-25 12:10:00+00:00,1049.0,1049.0,1049.0,1049.0,103.0,5.0,1049.0
GS,2026-08-25 12:20:00+00:00,1049.96,1049.96,1049.96,1049.96,88.0,4.0,1049.96
GS,2026-08-25 12:30:00+00:00,1049.78,1049.78,1049.78,1049.78,65.0,3.0,1049.78
GS,2026-08-25 12:40:00+00:00,1048.0,1048.0,1048.0,1048.0,56.0,5.0,1048.0
GS,2026-08-25 12:55:00+00:00,1049.49,1049.49,1048.55,1048.55,271.0,18.0,1049.098333
GS,2026-08-25 13:00:00+00:00,1047.01,1047.01,1047.01,1047.01,70.0,8.0,1047.01
GS,2026-08-25 13:10:00+00:00,1046.12,1046.12,1044.99,1046.12,264.0,14.0,1045.613182
GS,2026-08-25 13:15:00+00:00,1048.0,1050.0,1048.0,1050.0,382.0,54.0,1049.190789
GS,2026-08-25 13:20:00+00:00,1050.1,1051.0,1050.1,1050.97,1319.0,34.0,1050.177688
GS,2026-08-25 13:25:00+00:00,1049.19,1050.88,1049.18,1050.88,287.0,11.0,1049.858448
GS,2026-08-25 13:30:00+00:00,1050.0,1050.0,1041.6,1048.34,86245.0,2233.0,1047.37138
GS,2026-08-25 13:35:00+00:00,1048.14,1048.14,1039.735,1040.25,33028.0,1475.0,1042.269579
GS,2026-08-25 13:40:00+00:00,1040.57,1046.67,1039.29,1045.61,27116.0,1204.0,1044.264685
GS,2026-08-25 13:45:00+00:00,1046.37,1047.08,1042.98,1044.5,19763.0,885.0,1044.735774
GS,2026-08-25 13:50:00+00:00,1044.485,1045.57,1041.86,1042.175,17095.0,724.0,1044.419855
GS,2026-08-25 13:55:00+00:00,1042.165,1044.68,1041.39,1044.68,27327.0,1035.0,1043.387987
GS,2026-08-25 14:00:00+00:00,1044.29,1047.48,1042.48,1043.075,42971.0,1709.0,1044.841841
GS,2026-08-25 14:05:00+00:00,1043.07,1044.9399,1042.01,1043.56,30102.0,664.0,1043.019563
GS,2026-08-25 14:10:00+00:00,1044.15,1049.39,1043.8792,1049.39,20333.0,896.0,1046.758859
GS,2026-08-25 14:15:00+00:00,1049.89,1050.6499,1047.28,1048.84,26560.0,1035.0,1049.279185
GS,2026-08-25 14:20:00+00:00,1049.4,1051.75,1049.34,1051.7,17278.0,1019.0,1050.190444
GS,2026-08-25 14:25:00+00:00,1051.83,1052.65,1050.55,1051.74,15333.0,998.0,1051.743469
GS,2026-08-25 14:30:00+00:00,1051.33,1052.93,1047.86,1052.24,49282.0,1830.0,1049.677081
GS,2026-08-25 14:35:00+00:00,1052.25,1053.6,1051.835,1053.59,12459.0,821.0,1052.631675
GS,2026-08-25 14:40:00+00:00,1053.49,1053.61,1050.27,1050.86,16050.0,762.0,1051.626171
GS,2026-08-25 14:45:00+00:00,1050.49,1050.88,1048.09,1048.555,13910.0,638.0,1049.347265
GS,2026-08-25 14:50:00+00:00,1048.54,1050.14,1048.0,1049.02,18049.0,858.0,1049.000503
GS,2026-08-25 14:55:00+00:00,1048.745,1050.57,1048.705,1050.43,9727.0,685.0,1049.86959
GS,2026-08-25 15:00:00+00:00,1050.39,1050.85,1048.955,1049.18,13455.0,737.0,1050.247134
GS,2026-08-25 15:05:00+00:00,1049.52,1051.67,1049.52,1051.09,16223.0,880.0,1050.83307
GS,2026-08-25 15:10:00+00:00,1051.0,1051.67,1049.01,1050.2,22440.0,855.0,1050.739072
GS,2026-08-25 15:15:00+00:00,1050.32,1051.7,1050.1188,1051.7,11160.0,618.0,1050.788075
GS,2026-08-25 15:20:00+00:00,1051.62,1052.2,1049.01,1049.725,20154.0,924.0,1050.662126
GS,2026-08-25 15:25:00+00:00,1049.61,1049.76,1048.52,1049.5,13424.0,788.0,1049.109933
GS,2026-08-25 15:30:00+00:00,1049.61,1050.245,1048.45,1048.4525,11376.0,619.0,1049.495961
GS,2026-08-25 15:35:00+00:00,1048.45,1049.08,1047.785,1048.56,14254.0,746.0,1048.625638
GS,2026-08-25 15:40:00+00:00,1049.0,1050.405,1048.79,1050.38,10426.0,651.0,1049.766829
GS,2026-08-25 15:45:00+00:00,1049.99,1052.2,1049.24,1052.2,10285.0,756.0,1050.825258
GS,2026-08-25 15:50:00+00:00,1052.285,1054.4499,1052.285,1054.44,55359.0,1170.0,1053.745534
GS,2026-08-25 15:55:00+00:00,1054.45,1057.23,1054.37,1056.6,24927.0,1122.0,1056.204938
GS,2026-08-25 16:00:00+00:00,1056.26,1057.13,1055.19,1055.585,27767.0,979.0,1056.524554
GS,2026-08-25 16:05:00+00:00,1055.765,1055.9498,1054.12,1054.64,11647.0,663.0,1055.2797
GS,2026-08-25 16:10:00+00:00,1054.63,1054.63,1052.24,1052.755,11964.0,659.0,1053.305904
GS,2026-08-25 16:15:00+00:00,1052.7,1053.205,1051.7401,1052.61,6976.0,477.0,1052.499854
GS,2026-08-25 16:20:00+00:00,1052.615,1052.875,1051.095,1052.08,8355.0,567.0,1052.22193
GS,2026-08-25 16:25:00+00:00,1051.8,1052.555,1051.8,1052.49,9289.0,638.0,1052.227569
GS,2026-08-25 16:30:00+00:00,1052.16,1052.16,1051.17,1051.2218,8435.0,461.0,1051.698157
GS,2026-08-25 16:35:00+00:00,1051.35,1051.82,1050.6,1051.755,11043.0,610.0,1051.139571
GS,2026-08-25 16:40:00+00:00,1051.67,1052.58,1051.1435,1052.34,8464.0,543.0,1052.200424
GS,2026-08-25 16:45:00+00:00,1052.18,1052.91,1052.18,1052.91,6760.0,491.0,1052.584844
GS,2026-08-25 16:50:00+00:00,1052.72,1052.88,1052.03,1052.69,6041.0,394.0,1052.502445
GS,2026-08-25 16:55:00+00:00,1052.66,1053.77,1052.49,1053.34,6885.0,481.0,1053.150789
GS,2026-08-25 17:00:00+00:00,1053.6,1054.01,1052.64,1053.145,9814.0,547.0,1053.45172
GS,2026-08-25 17:05:00+00:00,1053.22,1053.82,1052.01,1052.58,13459.0,603.0,1053.203232
GS,2026-08-25 17:10:00+00:00,1052.46,1053.54,1052.19,1053.49,8190.0,417.0,1053.006078
GS,2026-08-25 17:15:00+00:00,1053.5,1054.73,1053.5,1054.2801,10273.0,667.0,1054.057384
GS,2026-08-25 17:20:00+00:00,1054.75,1055.13,1054.29,1055.13,8745.0,541.0,1054.779912
GS,2026-08-25 17:25:00+00:00,1054.875,1055.77,1054.436,1055.54,11424.0,724.0,1055.366615
GS,2026-08-25 17:30:00+00:00,1055.255,1056.43,1055.1,1055.38,36242.0,847.0,1055.94007
GS,2026-08-25 17:35:00+00:00,1055.305,1055.65,1054.83,1055.43,9797.0,522.0,1055.341216
GS,2026-08-25 17:40:00+00:00,1055.515,1055.73,1054.53,1055.1,14661.0,784.0,1055.171462
GS,2026-08-25 17:45:00+00:00,1055.13,1056.18,1054.72,1055.77,11640.0,904.0,1055.518887
GS,2026-08-25 17:50:00+00:00,1055.635,1056.63,1055.44,1055.6,12581.0,582.0,1055.909921
GS,2026-08-25 17:55:00+00:00,1055.75,1055.985,1054.76,1055.02,10685.0,594.0,1055.35582
GS,2026-08-25 18:00:00+00:00,1055.09,1055.48,1054.35,1055.48,10116.0,615.0,1054.908595
GS,2026-08-25 18:05:00+00:00,1055.42,1055.65,1054.67,1055.65,11603.0,603.0,1055.376135
GS,2026-08-25 18:10:00+00:00,1055.52,1056.67,1055.41,1056.36,10502.0,671.0,1056.112101
GS,2026-08-25 18:15:00+00:00,1056.325,1056.75,1055.6775,1055.805,10497.0,556.0,1056.253015
GS,2026-08-25 18:20:00+00:00,1055.93,1056.76,1055.93,1056.65,8686.0,535.0,1056.358847
GS,2026-08-25 18:25:00+00:00,1056.67,1057.62,1056.505,1056.56,14500.0,726.0,1057.066705
GS,2026-08-25 18:30:00+00:00,1056.56,1058.02,1056.56,1057.71,15713.0,820.0,1057.51986
GS,2026-08-25 18:35:00+00:00,1057.75,1057.93,1057.35,1057.56,8807.0,626.0,1057.585777
GS,2026-08-25 18:40:00+00:00,1057.58,1059.36,1057.48,1059.16,15197.0,909.0,1058.275841
GS,2026-08-25 18:45:00+00:00,1059.29,1060.38,1059.08,1059.945,28464.0,1095.0,1059.706753
GS,2026-08-25 18:50:00+00:00,1060.16,1060.99,1059.89,1060.125,12258.0,772.0,1060.577602
GS,2026-08-25 18:55:00+00:00,1060.29,1061.0,1059.735,1060.56,13129.0,661.0,1060.519345
GS,2026-08-25 19:00:00+00:00,1060.555,1060.97,1059.52,1059.87,10477.0,644.0,1060.293528
GS,2026-08-25 19:05:00+00:00,1059.88,1060.04,1058.91,1059.65,12739.0,680.0,1059.621461
GS,2026-08-25 19:10:00+00:00,1059.76,1059.86,1058.83,1059.65,16647.0,874.0,1059.271153
GS,2026-08-25 19:15:00+00:00,1059.74,1060.68,1059.08,1059.08,21205.0,1079.0,1059.944577
GS,2026-08-25 19:20:00+00:00,1059.32,1060.16,1058.9101,1060.16,14242.0,839.0,1059.639875
GS,2026-08-25 19:25:00+00:00,1060.13,1061.59,1060.0,1061.34,15451.0,934.0,1060.796638
GS,2026-08-25 19:30:00+00:00,1061.44,1061.53,1059.83,1060.005,21107.0,1046.0,1060.630036
GS,2026-08-25 19:35:00+00:00,1060.025,1060.715,1059.66,1060.19,21443.0,1129.0,1060.362823
GS,2026-08-25 19:40:00+00:00,1060.08,1063.19,1059.965,1062.91,36014.0,1663.0,1062.296317
GS,2026-08-25 19:45:00+00:00,1062.95,1063.49,1061.91,1063.07,34882.0,1461.0,1062.657395
GS,2026-08-25 19:50:00+00:00,1062.89,1063.52,1060.34,1061.02,55938.0,2624.0,1061.742599
GS,2026-08-25 19:55:00+00:00,1060.95,1061.49,1057.73,1059.1066,165048.0,7140.0,1060.172053
GS,2026-08-25 20:00:00+00:00,1058.88,1060.0,1058.88,1059.5,722540.0,178.0,1058.88178
GS,2026-08-25 20:05:00+00:00,1060.0775,1060.0775,1060.0775,1060.0775,101.0,2.0,1060.0775
GS,2026-08-25 20:10:00+00:00,1060.02,1060.02,1060.02,1060.02,102.0,3.0,1060.02
GS,2026-08-25 20:15:00+00:00,1060.0,1060.45,1060.0,1060.45,260.0,8.0,1060.354331
GS,2026-08-25 20:30:00+00:00,1060.02,1060.02,1060.0,1060.0,251.0,5.0,1060.008919
GS,2026-08-25 20:35:00+00:00,1060.4907,1060.4907,1060.4907,1060.4907,40.0,1.0,1060.4907
GS,2026-08-25 20:40:00+00:00,1060.47,1060.51,1060.47,1060.51,321.0,15.0,1060.490952
GS,2026-08-25 20:45:00+00:00,1060.079,1060.079,1060.079,1060.079,40.0,1.0,1060.079
GS,2026-08-25 21:45:00+00:00,1060.408,1060.5,1060.408,1060.5,156.0,4.0,1060.438667
GS,2026-08-25 21:55:00+00:00,1060.51,1060.57,1060.51,1060.51,966.0,7.0,1060.516529
GS,2026-08-25 22:35:00+00:00,1060.9367,1060.9367,1060.9367,1060.9367,40.0,1.0,1060.9367
GS,2026-08-25 22:50:00+00:00,1060.62,1060.62,1060.62,1060.62,90.0,2.0,1060.62
GS,2026-08-25 23:20:00+00:00,1060.62,1060.62,1060.62,1060.62,248.0,19.0,1060.62
GS,2026-08-25 23:25:00+00:00,1060.51,1060.51,1060.51,1060.51,50.0,1.0,1060.51
GS,2026-08-25 23:30:00+00:00,1060.51,1060.51,1060.41,1060.41,303.0,7.0,1060.474158
GS,2026-08-25 23:40:00+00:00,1061.0,1061.0,1061.0,1061.0,200.0,1.0,1061.0
GS,2026-08-25 23:45:00+00:00,1060.41,1060.41,1060.41,1060.41,120.0,6.0,1060.41
GS,2026-08-25 23:50:00+00:00,1060.4,1060.4,1060.4,1060.4,176.0,5.0,1060.4
GS,2026-08-26 10:10:00+00:00,1058.0,1058.0,1058.0,1058.0,50.0,1.0,1058.0
GS,2026-08-26 11:35:00+00:00,1062.0,1062.0,1062.0,1062.0,67.0,10.0,1062.0
GS,2026-08-26 11:40:00+00:00,1062.0,1062.0,1058.0481,1058.0481,248.0,10.0,1059.315285
GS,2026-08-26 12:35:00+00:00,1063.94,1063.94,1063.94,1063.94,327.0,16.0,1063.94
GS,2026-08-26 12:40:00+00:00,1061.0,1061.0,1061.0,1061.0,157.0,10.0,1061.0
GS,2026-08-26 13:15:00+00:00,1061.9,1061.91,1060.0,1061.01,1013.0,26.0,1061.44
GS,2026-08-26 13:20:00+00:00,1062.36,1062.36,1062.36,1062.36,147.0,9.0,1062.36
GS,2026-08-26 13:25:00+00:00,1064.0,1065.0,1064.0,1065.0,640.0,34.0,1064.863147
GS,2026-08-26 13:30:00+00:00,1061.0,1062.56,1043.235,1048.485,49793.0,1753.0,1055.537274
GS,2026-08-26 13:35:00+00:00,1048.625,1050.0,1043.2801,1050.0,25632.0,1195.0,1045.997724
GS,2026-08-26 13:40:00+00:00,1050.0,1052.54,1049.23,1050.255,15073.0,925.0,1050.678352
GS,2026-08-26 13:45:00+00:00,1050.88,1052.125,1046.26,1046.26,12008.0,716.0,1049.841438
GS,2026-08-26 13:50:00+00:00,1046.665,1050.035,1045.52,1050.0,15579.0,798.0,1048.434711
GS,2026-08-26 13:55:00+00:00,1050.15,1051.16,1048.51,1050.945,17663.0,764.0,1050.027971
GS,2026-08-26 14:00:00+00:00,1050.535,1050.535,1047.29,1047.37,13830.0,843.0,1048.949055
GS,2026-08-26 14:05:00+00:00,1047.85,1047.85,1045.37,1047.14,17732.0,1039.0,1046.873729
GS,2026-08-26 14:10:00+00:00,1047.08,1047.8099,1042.4,1042.98,18979.0,1035.0,1045.448448
GS,2026-08-26 14:15:00+00:00,1043.235,1043.469,1036.815,1037.73,44296.0,1669.0,1040.286161
GS,2026-08-26 14:20:00+00:00,1038.0,1039.45,1036.775,1038.75,17845.0,1021.0,1038.070935
GS,2026-08-26 14:25:00+00:00,1038.72,1040.0,1037.0,1040.0,25128.0,1387.0,1038.449937
GS,2026-08-26 14:30:00+00:00,1039.8,1044.76,1039.2735,1044.76,14334.0,921.0,1041.739292
GS,2026-08-26 14:35:00+00:00,1044.76,1048.66,1044.31,1048.01,15059.0,859.0,1046.536125
GS,2026-08-26 14:40:00+00:00,1048.04,1049.38,1046.91,1047.79,18119.0,884.0,1048.374554
GS,2026-08-26 14:45:00+00:00,1048.32,1048.42,1046.12,1047.535,8283.0,645.0,1047.333095
GS,2026-08-26 14:50:00+00:00,1047.53,1048.19,1045.29,1045.485,9848.0,702.0,1047.198994
GS,2026-08-26 14:55:00+00:00,1045.31,1047.02,1044.85,1046.61,11357.0,624.0,1045.982127
GS,2026-08-26 15:00:00+00:00,1047.0,1048.0,1046.285,1046.755,13221.0,700.0,1047.184787
GS,2026-08-26 15:05:00+00:00,1047.05,1047.05,1044.955,1045.13,8798.0,628.0,1045.618555
GS,2026-08-26 15:10:00+00:00,1045.14,1045.39,1043.7,1044.55,9335.0,681.0,1044.460898
GS,2026-08-26 15:15:00+00:00,1045.06,1045.09,1042.894,1043.3174,10938.0,584.0,1043.822135
GS,2026-08-26 15:20:00+00:00,1043.99,1044.75,1042.74,1043.45,10787.0,701.0,1043.704426
GS,2026-08-26 15:25:00+00:00,1043.99,1045.65,1043.51,1043.51,9873.0,708.0,1044.839243
GS,2026-08-26 15:30:00+00:00,1043.855,1044.3899,1043.22,1043.345,8254.0,551.0,1043.768776
GS,2026-08-26 15:35:00+00:00,1042.9401,1043.56,1042.67,1043.05,7691.0,585.0,1043.174248
GS,2026-08-26 15:40:00+00:00,1043.275,1044.74,1043.06,1043.97,9994.0,618.0,1044.045298
GS,2026-08-26 15:45:00+00:00,1044.49,1046.43,1044.16,1045.45,8375.0,607.0,1045.11543
GS,2026-08-26 15:50:00+00:00,1045.42,1045.42,1044.0,1044.93,8988.0,658.0,1044.890169
GS,2026-08-26 15:55:00+00:00,1045.04,1047.05,1045.03,1046.96,6963.0,525.0,1046.145536
GS,2026-08-26 16:00:00+00:00,1047.44,1048.63,1045.275,1045.275,9007.0,681.0,1046.908152
GS,2026-08-26 16:05:00+00:00,1045.28,1046.39,1044.95,1044.95,5878.0,535.0,1045.656221
GS,2026-08-26 16:10:00+00:00,1045.24,1045.435,1042.16,1042.16,5813.0,568.0,1043.561449
GS,2026-08-26 16:15:00+00:00,1042.45,1042.52,1041.44,1042.1801,7016.0,523.0,1041.926345
GS,2026-08-26 16:20:00+00:00,1042.57,1043.45,1042.25,1042.25,6483.0,505.0,1042.678573
GS,2026-08-26 16:25:00+00:00,1042.325,1043.37,1042.22,1042.39,7393.0,502.0,1042.78143
GS,2026-08-26 16:30:00+00:00,1042.52,1042.52,1040.74,1041.55,6379.0,532.0,1041.488356
GS,2026-08-26 16:35:00+00:00,1041.295,1041.63,1040.84,1041.11,8737.0,606.0,1041.282965
GS,2026-08-26 16:40:00+00:00,1040.96,1041.84,1040.905,1041.2459,4503.0,400.0,1041.371424
GS,2026-08-26 16:45:00+00:00,1041.21,1042.39,1040.6494,1040.6494,8653.0,572.0,1041.628052
GS,2026-08-26 16:50:00+00:00,1040.68,1040.815,1040.0,1040.62,7981.0,543.0,1040.322051
GS,2026-08-26 16:55:00+00:00,1040.77,1041.74,1040.5386,1040.64,10619.0,642.0,1041.038688
GS,2026-08-26 17:00:00+00:00,1040.23,1040.35,1039.438,1039.485,9146.0,673.0,1039.895206
GS,2026-08-26 17:05:00+00:00,1039.14,1039.69,1038.34,1039.61,6901.0,492.0,1039.038666
GS,2026-08-26 17:10:00+00:00,1039.76,1040.17,1039.25,1039.86,6940.0,486.0,1039.732844
GS,2026-08-26 17:15:00+00:00,1039.86,1041.89,1039.86,1041.1,10198.0,534.0,1041.095208
GS,2026-08-26 17:20:00+00:00,1041.085,1041.94,1041.0575,1041.62,8550.0,450.0,1041.255392
GS,2026-08-26 17:25:00+00:00,1041.605,1042.26,1041.205,1041.81,5022.0,486.0,1041.72716
GS,2026-08-26 17:30:00+00:00,1041.855,1042.19,1041.11,1041.59,5753.0,503.0,1041.740601
GS,2026-08-26 17:35:00+00:00,1041.91,1042.05,1041.1,1041.19,6741.0,499.0,1041.55347
GS,2026-08-26 17:40:00+00:00,1041.12,1041.58,1040.79,1040.79,4624.0,434.0,1041.053063
GS,2026-08-26 17:45:00+00:00,1040.87,1041.32,1040.57,1041.05,6206.0,517.0,1040.866623
GS,2026-08-26 17:50:00+00:00,1040.88,1040.9699,1040.53,1040.605,4005.0,418.0,1040.748478
GS,2026-08-26 17:55:00+00:00,1040.73,1040.87,1040.0,1040.645,5589.0,442.0,1040.562808
GS,2026-08-26 18:00:00+00:00,1040.54,1040.83,1038.62,1038.62,9099.0,620.0,1039.613218
GS,2026-08-26 18:05:00+00:00,1038.3879,1039.4399,1038.3879,1038.835,6000.0,348.0,1038.80787
GS,2026-08-26 18:10:00+00:00,1039.1,1039.4145,1038.67,1038.99,6289.0,498.0,1039.028805
GS,2026-08-26 18:15:00+00:00,1038.8,1039.48,1038.8,1039.3,7982.0,579.0,1039.159811
GS,2026-08-26 18:20:00+00:00,1039.44,1040.12,1038.3756,1038.3756,40317.0,637.0,1039.28996
GS,2026-08-26 18:25:00+00:00,1038.31,1039.33,1038.09,1038.97,8250.0,574.0,1038.912215
GS,2026-08-26 18:30:00+00:00,1038.93,1039.66,1038.51,1038.51,5905.0,485.0,1039.135386
GS,2026-08-26 18:35:00+00:00,1038.52,1039.62,1038.52,1039.42,7823.0,483.0,1039.181145
GS,2026-08-26 18:40:00+00:00,1039.42,1039.66,1038.67,1039.0,6365.0,544.0,1039.303141
GS,2026-08-26 18:45:00+00:00,1038.95,1039.66,1038.95,1039.57,5437.0,467.0,1039.435579
GS,2026-08-26 18:50:00+00:00,1039.07,1039.825,1039.03,1039.305,9797.0,774.0,1039.407969
GS,2026-08-26 18:55:00+00:00,1039.42,1039.42,1037.51,1038.01,8863.0,681.0,1038.174498
GS,2026-08-26 19:00:00+00:00,1038.26,1039.42,1038.16,1039.02,8130.0,616.0,1038.848945
GS,2026-08-26 19:05:00+00:00,1038.91,1038.98,1038.285,1038.74,6072.0,422.0,1038.693357
GS,2026-08-26 19:10:00+00:00,1038.93,1039.03,1038.4,1038.4,7368.0,595.0,1038.787781
GS,2026-08-26 19:15:00+00:00,1038.73,1039.53,1038.605,1039.28,10129.0,611.0,1039.14487
GS,2026-08-26 19:20:00+00:00,1039.385,1039.83,1038.5,1039.48,11604.0,704.0,1039.355041
GS,2026-08-26 19:25:00+00:00,1039.455,1040.52,1039.2101,1040.06,10022.0,620.0,1040.078953
GS,2026-08-26 19:30:00+00:00,1040.325,1040.78,1040.08,1040.41,15232.0,1041.0,1040.494824
GS,2026-08-26 19:35:00+00:00,1040.385,1040.83,1039.89,1040.12,12248.0,782.0,1040.571859
GS,2026-08-26 19:40:00+00:00,1039.89,1041.04,1039.89,1040.98,21900.0,1311.0,1040.71989
GS,2026-08-26 19:45:00+00:00,1041.03,1041.11,1040.09,1041.01,18896.0,983.0,1040.608485
GS,2026-08-26 19:50:00+00:00,1040.615,1040.615,1038.82,1039.45,27919.0,1701.0,1039.810301
GS,2026-08-26 19:55:00+00:00,1039.39,1041.32,1038.99,1040.69,89105.0,4317.0,1040.208479
GS,2026-08-26 20:00:00+00:00,1040.35,1041.41,1040.35,1041.41,469195.0,160.0,1040.460229
GS,2026-08-26 20:05:00+00:00,1041.4,1041.4,1041.4,1041.4,3584.0,26.0,1041.4
GS,2026-08-26 20:10:00+00:00,1039.5487,1039.5487,1039.5487,1039.5487,100.0,4.0,1039.5487
GS,2026-08-26 20:25:00+00:00,1040.46,1040.46,1040.46,1040.46,3360.0,1.0,1040.46
GS,2026-08-26 21:35:00+00:00,1042.75,1042.75,1042.75,1042.75,77.0,5.0,1042.75
GS,2026-08-26 21:40:00+00:00,1041.08,1041.08,1041.08,1041.08,60.0,2.0,1041.08
GS,2026-08-26 21:50:00+00:00,1042.95,1042.95,1042.94,1042.94,184.0,6.0,1042.943425
GS,2026-08-26 22:05:00+00:00,1042.81,1043.0,1042.81,1043.0,480.0,16.0,1042.915381
GS,2026-08-26 22:10:00+00:00,1043.0,1043.08,1043.0,1043.08,578.0,13.0,1043.005926
GS,2026-08-26 22:15:00+00:00,1043.89,1043.99,1043.89,1043.99,141.0,9.0,1043.94
GS,2026-08-26 22:30:00+00:00,1045.68,1045.68,1045.68,1045.68,148.0,2.0,1045.68
GS,2026-08-26 23:55:00+00:00,1044.5,1044.5,1044.5,1044.5,310.0,2.0,1044.5
GS,2026-08-27 08:00:00+00:00,1040.0978,1040.0978,1040.0978,1040.0978,504.0,24.0,1040.0978
GS,2026-08-27 08:05:00+00:00,1047.05,1047.05,1047.05,1047.05,80.0,2.0,1047.05
GS,2026-08-27 08:40:00+00:00,1042.06,1042.06,1042.06,1042.06,217.0,5.0,1042.06
GS,2026-08-27 08:45:00+00:00,1042.0,1042.0,1042.0,1042.0,195.0,6.0,1042.0
GS,2026-08-27 09:45:00+00:00,1041.0,1041.0,1041.0,1041.0,50.0,1.0,1041.0
GS,2026-08-27 10:00:00+00:00,1037.0,1037.0,1036.98,1036.98,151.0,10.0,1036.986667
GS,2026-08-27 11:00:00+00:00,1037.37,1037.37,1034.7598,1035.0,459.0,35.0,1036.191743
GS,2026-08-27 11:05:00+00:00,1036.5,1036.5,1036.5,1036.5,73.0,8.0,1036.5
GS,2026-08-27 11:10:00+00:00,1037.49,1037.5,1037.49,1037.5,177.0,10.0,1037.497143
GS,2026-08-27 11:25:00+00:00,1038.8,1038.8,1037.91,1037.91,313.0,6.0,1038.654147
GS,2026-08-27 11:30:00+00:00,1037.5,1037.5,1037.5,1037.5,50.0,1.0,1037.5
GS,2026-08-27 11:35:00+00:00,1037.0,1037.0,1037.0,1037.0,101.0,3.0,1037.0
GS,2026-08-27 12:00:00+00:00,1037.85,1037.85,1037.85,1037.85,50.0,1.0,1037.85
GS,2026-08-27 12:05:00+00:00,1039.0,1039.0,1039.0,1039.0,51.0,3.0,1039.0
GS,2026-08-27 12:20:00+00:00,1036.0,1036.0,1036.0,1036.0,101.0,5.0,1036.0
GS,2026-08-27 12:30:00+00:00,1036.0,1037.0,1036.0,1037.0,308.0,5.0,1036.671141
GS,2026-08-27 12:35:00+00:00,1035.09,1035.11,1035.09,1035.1,347.0,10.0,1035.104
GS,2026-08-27 13:05:00+00:00,1036.27,1036.27,1036.27,1036.27,100.0,1.0,1036.27
GS,2026-08-27 13:10:00+00:00,1036.02,1036.02,1034.25,1034.25,670.0,40.0,1034.965434
GS,2026-08-27 13:20:00+00:00,1034.77,1034.77,1034.77,1034.77,59.0,4.0,1034.77
GS,2026-08-27 13:25:00+00:00,1036.99,1038.0,1036.25,1036.25,406.0,16.0,1036.961818
GS,2026-08-27 13:30:00+00:00,1041.68,1044.55,1035.0,1044.407,31880.0,1208.0,1041.461626
GS,2026-08-27 13:35:00+00:00,1044.54,1052.55,1044.54,1052.4,25169.0,1037.0,1048.602555
GS,2026-08-27 13:40:00+00:00,1052.395,1052.395,1045.0,1045.275,16907.0,808.0,1049.92152
GS,2026-08-27 13:45:00+00:00,1045.27,1046.55,1040.9,1041.54,17415.0,845.0,1044.197558
GS,2026-08-27 13:50:00+00:00,1042.67,1048.97,1042.64,1048.295,9780.0,582.0,1046.146986
GS,2026-08-27 13:55:00+00:00,1048.22,1048.3,1044.46,1047.0,17110.0,657.0,1045.900253
GS,2026-08-27 14:00:00+00:00,1047.035,1047.37,1041.5,1041.825,9687.0,554.0,1045.118084
GS,2026-08-27 14:05:00+00:00,1041.4299,1042.85,1037.36,1037.88,12023.0,611.0,1038.866651
GS,2026-08-27 14:10:00+00:00,1037.02,1040.28,1036.7158,1039.5191,9082.0,537.0,1038.515091
GS,2026-08-27 14:15:00+00:00,1038.52,1038.52,1036.37,1037.27,10136.0,597.0,1037.716633
GS,2026-08-27 14:20:00+00:00,1037.775,1038.7174,1036.54,1037.21,11272.0,553.0,1037.428523
GS,2026-08-27 14:25:00+00:00,1037.215,1037.93,1036.21,1036.68,17578.0,760.0,1037.112325
GS,2026-08-27 14:30:00+00:00,1037.21,1038.045,1035.71,1037.73,10053.0,664.0,1036.926675
GS,2026-08-27 14:35:00+00:00,1038.03,1040.27,1037.91,1040.27,13468.0,639.0,1039.196094
GS,2026-08-27 14:40:00+00:00,1041.0,1041.1772,1039.0201,1040.62,5565.0,493.0,1040.22054
GS,2026-08-27 14:45:00+00:00,1040.46,1042.26,1039.95,1041.695,2867.0,384.0,1041.391493
GS,2026-08-27 14:50:00+00:00,1042.1688,1042.1688,1040.3,1041.45,3572.0,441.0,1041.437304
GS,2026-08-27 14:55:00+00:00,1041.32,1041.32,1039.0101,1039.83,3730.0,387.0,1040.161321
GS,2026-08-27 15:00:00+00:00,1039.83,1040.65,1038.95,1039.615,3742.0,409.0,1039.902528
GS,2026-08-27 15:05:00+00:00,1039.0,1039.8913,1037.41,1039.66,7921.0,523.0,1038.697462
GS,2026-08-27 15:10:00+00:00,1039.41,1040.42,1038.8278,1040.04,3115.0,369.0,1039.915482
GS,2026-08-27 15:15:00+00:00,1040.35,1041.75,1040.01,1040.223,4533.0,378.0,1040.739758
GS,2026-08-27 15:20:00+00:00,1040.97,1042.795,1040.735,1042.55,2444.0,316.0,1041.740122
GS,2026-08-27 15:25:00+00:00,1042.57,1043.41,1042.1,1042.72,5613.0,479.0,1042.807096
GS,2026-08-27 15:30:00+00:00,1042.72,1042.76,1040.98,1041.35,5508.0,453.0,1041.817361
GS,2026-08-27 15:35:00+00:00,1041.49,1042.49,1041.02,1041.72,4136.0,380.0,1041.647327
GS,2026-08-27 15:40:00+00:00,1041.79,1042.1,1039.8263,1039.8263,3834.0,362.0,1041.488866
GS,2026-08-27 15:45:00+00:00,1040.33,1041.15,1039.95,1040.3,4142.0,346.0,1040.67451
GS,2026-08-27 15:50:00+00:00,1040.82,1043.08,1040.82,1042.575,5939.0,389.0,1042.321767
GS,2026-08-27 15:55:00+00:00,1042.575,1042.89,1041.885,1042.89,3078.0,249.0,1042.464031
GS,2026-08-27 16:00:00+00:00,1042.69,1043.55,1042.225,1043.165,6278.0,475.0,1042.746004
GS,2026-08-27 16:05:00+00:00,1042.858,1043.175,1042.0,1042.0,4147.0,350.0,1042.563461
GS,2026-08-27 16:10:00+00:00,1042.155,1043.34,1042.07,1043.0,6933.0,346.0,1042.641936
GS,2026-08-27 16:15:00+00:00,1043.13,1044.96,1043.13,1044.11,5391.0,372.0,1044.127425
GS,2026-08-27 16:20:00+00:00,1043.91,1044.98,1042.9496,1043.3,5418.0,320.0,1043.956463
GS,2026-08-27 16:25:00+00:00,1043.45,1043.67,1042.93,1043.505,3262.0,281.0,1043.321247
GS,2026-08-27 16:30:00+00:00,1043.74,1043.86,1042.5003,1042.5003,5833.0,342.0,1043.316064
GS,2026-08-27 16:35:00+00:00,1042.805,1044.15,1042.805,1043.46,6248.0,356.0,1043.422149
GS,2026-08-27 16:40:00+00:00,1043.595,1044.34,1043.36,1044.1,6770.0,309.0,1043.920505
GS,2026-08-27 16:45:00+00:00,1044.12,1044.35,1043.04,1043.24,10821.0,576.0,1043.785335
GS,2026-08-27 16:50:00+00:00,1043.535,1043.535,1042.375,1042.8,4212.0,344.0,1042.795533
GS,2026-08-27 16:55:00+00:00,1042.62,1043.71,1042.62,1043.58,4138.0,272.0,1043.111195
GS,2026-08-27 17:00:00+00:00,1043.39,1043.505,1041.98,1041.985,5574.0,398.0,1042.626618
GS,2026-08-27 17:05:00+00:00,1042.46,1042.76,1041.5,1042.14,4560.0,301.0,1042.194559
GS,2026-08-27 17:10:00+00:00,1042.135,1042.62,1041.82,1042.08,4571.0,377.0,1042.237644
GS,2026-08-27 17:15:00+00:00,1042.0,1042.92,1042.0,1042.73,3033.0,312.0,1042.692752
GS,2026-08-27 17:20:00+00:00,1042.73,1042.73,1041.17,1041.28,4121.0,388.0,1042.166731
GS,2026-08-27 17:25:00+00:00,1041.17,1041.89,1040.77,1041.48,4516.0,397.0,1041.288318
GS,2026-08-27 17:30:00+00:00,1041.48,1041.78,1041.12,1041.23,3444.0,332.0,1041.401201
GS,2026-08-27 17:35:00+00:00,1041.205,1041.9,1040.38,1040.43,4021.0,320.0,1040.899207
GS,2026-08-27 17:40:00+00:00,1040.56,1040.92,1039.6438,1039.97,5048.0,370.0,1040.343592
GS,2026-08-27 17:45:00+00:00,1039.775,1040.54,1039.34,1040.54,5434.0,397.0,1039.778251
GS,2026-08-27 17:50:00+00:00,1040.54,1040.97,1039.97,1040.79,5387.0,414.0,1040.558892
GS,2026-08-27 17:55:00+00:00,1040.74,1042.195,1039.3887,1040.22,17399.0,579.0,1041.245298
GS,2026-08-27 18:00:00+00:00,1040.26,1040.46,1038.75,1039.4,6058.0,421.0,1039.271661
GS,2026-08-27 18:05:00+00:00,1039.03,1039.97,1038.67,1039.0,6010.0,403.0,1039.568098
GS,2026-08-27 18:10:00+00:00,1038.925,1038.925,1037.5469,1038.46,5656.0,351.0,1038.039744
GS,2026-08-27 18:15:00+00:00,1038.56,1039.77,1038.07,1039.125,9857.0,582.0,1038.756627
GS,2026-08-27 18:20:00+00:00,1039.195,1039.709,1038.295,1038.295,2917.0,240.0,1039.098721
GS,2026-08-27 18:25:00+00:00,1038.24,1038.81,1037.69,1037.7401,6053.0,418.0,1038.232646
GS,2026-08-27 18:30:00+00:00,1038.28,1038.89,1036.11,1036.355,6942.0,392.0,1037.206332
GS,2026-08-27 18:35:00+00:00,1036.535,1036.71,1035.215,1036.335,4666.0,392.0,1036.114629
GS,2026-08-27 18:40:00+00:00,1036.375,1036.94,1036.33,1036.51,3376.0,327.0,1036.600329
GS,2026-08-27 18:45:00+00:00,1036.44,1037.4,1036.32,1036.72,5352.0,436.0,1036.898329
GS,2026-08-27 18:50:00+00:00,1036.6,1037.53,1036.03,1036.81,6700.0,460.0,1036.862534
GS,2026-08-27 18:55:00+00:00,1036.8,1038.0,1036.8,1037.71,10808.0,527.0,1037.635101
GS,2026-08-27 19:00:00+00:00,1037.63,1038.895,1037.54,1038.42,6932.0,508.0,1038.290269
GS,2026-08-27 19:05:00+00:00,1038.47,1038.575,1037.88,1038.52,4284.0,397.0,1038.224969
GS,2026-08-27 19:10:00+00:00,1038.53,1038.53,1037.92,1037.92,4350.0,477.0,1038.242985
GS,2026-08-27 19:15:00+00:00,1038.13,1039.0,1038.13,1038.6,5078.0,448.0,1038.609416
GS,2026-08-27 19:20:00+00:00,1038.87,1039.77,1038.164,1039.55,15929.0,873.0,1038.849836
GS,2026-08-27 19:25:00+00:00,1039.71,1040.0,1038.53,1039.43,7644.0,638.0,1039.269586
GS,2026-08-27 19:30:00+00:00,1040.02,1040.46,1039.17,1039.655,8714.0,658.0,1039.644075
GS,2026-08-27 19:35:00+00:00,1039.49,1039.69,1038.115,1038.22,11674.0,789.0,1039.181832
GS,2026-08-27 19:40:00+00:00,1038.21,1038.58,1037.69,1038.41,14013.0,1043.0,1038.286169
GS,2026-08-27 19:45:00+00:00,1038.3,1039.52,1038.1,1039.425,15384.0,1022.0,1039.016856
GS,2026-08-27 19:50:00+00:00,1039.28,1040.82,1039.22,1039.44,20799.0,1549.0,1039.832075
GS,2026-08-27 19:55:00+00:00,1039.285,1040.94,1038.61,1040.94,76062.0,3997.0,1040.111378
GS,2026-08-27 20:00:00+00:00,1040.87,1042.0,1040.87,1041.99,780536.0,183.0,1040.870838
GS,2026-08-27 20:05:00+00:00,1041.7459,1041.7459,1041.7459,1041.7459,911.0,5.0,1041.7459
GS,2026-08-27 20:20:00+00:00,1040.48,1040.48,1040.48,1040.48,41.0,2.0,1040.48
GS,2026-08-27 20:25:00+00:00,1040.52,1040.52,1040.52,1040.52,175.0,1.0,1040.52
GS,2026-08-27 20:55:00+00:00,1040.87,1040.87,1040.87,1040.87,139.0,1.0,1040.87
GS,2026-08-27 21:25:00+00:00,1040.628,1040.628,1040.628,1040.628,50.0,1.0,1040.628
GS,2026-08-27 21:45:00+00:00,1039.99,1040.0,1039.99,1040.0,435.0,3.0,1039.996
GS,2026-08-27 21:50:00+00:00,1040.0,1040.0,1040.0,1040.0,60.0,2.0,1040.0
GS,2026-08-27 22:40:00+00:00,1036.7435,1036.7435,1036.7435,1036.7435,50.0,1.0,1036.7435
GS,2026-08-27 22:45:00+00:00,1036.7435,1036.7435,1036.7435,1036.7435,60.0,2.0,1036.7435
GS,2026-08-28 09:40:00+00:00,1041.87,1041.87,1041.87,1041.87,70.0,2.0,1041.87
GS,2026-08-28 10:55:00+00:00,1040.06,1040.06,1038.91,1038.91,617.0,37.0,1039.488185
GS,2026-08-28 11:00:00+00:00,1037.92,1038.0,1037.6,1037.6,414.0,10.0,1037.869972
GS,2026-08-28 11:30:00+00:00,1038.71,1038.71,1038.71,1038.71,196.0,2.0,1038.71
GS,2026-08-28 11:35:00+00:00,1040.24,1040.24,1039.0,1040.24,292.0,14.0,1039.800284
GS,2026-08-28 11:40:00+00:00,1040.24,1040.24,1040.24,1040.24,47.0,3.0,1040.24
GS,2026-08-28 11:55:00+00:00,1041.0,1041.0,1041.0,1041.0,400.0,1.0,1041.0
GS,2026-08-28 12:10:00+00:00,1041.3264,1041.3264,1041.3264,1041.3264,400.0,1.0,1041.3264
GS,2026-08-28 12:20:00+00:00,1041.5703,1041.5703,1041.5703,1041.5703,516.0,6.0,1041.5703
GS,2026-08-28 12:45:00+00:00,1041.0,1041.0,1041.0,1041.0,55.0,2.0,1041.0
GS,2026-08-28 13:00:00+00:00,1042.0,1042.0,1042.0,1042.0,271.0,2.0,1042.0
GS,2026-08-28 13:05:00+00:00,1043.3549,1043.3549,1043.3549,1043.3549,100.0,1.0,1043.3549
GS,2026-08-28 13:30:00+00:00,1046.49,1048.84,1040.0,1040.725,25308.0,906.0,1045.901646
GS,2026-08-28 13:35:00+00:00,1042.0,1043.0,1039.0,1042.6725,9562.0,487.0,1040.546678
GS,2026-08-28 13:40:00+00:00,1042.635,1042.97,1039.9,1040.47,6482.0,394.0,1041.912553
GS,2026-08-28 13:45:00+00:00,1039.93,1042.24,1039.93,1040.14,8165.0,484.0,1040.983866
GS,2026-08-28 13:50:00+00:00,1040.72,1043.0,1040.5463,1041.02,4484.0,296.0,1041.510795
GS,2026-08-28 13:55:00+00:00,1041.48,1043.05,1041.09,1041.87,5504.0,433.0,1042.141528
GS,2026-08-28 14:00:00+00:00,1041.31,1045.0,1040.84,1042.2,10104.0,792.0,1042.341371
GS,2026-08-28 14:05:00+00:00,1041.81,1042.25,1038.02,1040.29,10807.0,603.0,1040.153535
GS,2026-08-28 14:10:00+00:00,1040.0,1040.29,1037.22,1038.89,15240.0,782.0,1038.873898
GS,2026-08-28 14:15:00+00:00,1038.57,1039.74,1037.08,1037.22,7105.0,583.0,1038.901006
GS,2026-08-28 14:20:00+00:00,1037.17,1039.96,1036.42,1037.59,13633.0,804.0,1038.163942
GS,2026-08-28 14:25:00+00:00,1037.2175,1037.24,1033.53,1033.9,12820.0,930.0,1035.081225
GS,2026-08-28 14:30:00+00:00,1034.63,1039.025,1032.86,1039.025,10747.0,772.0,1035.809937
GS,2026-08-28 14:35:00+00:00,1039.255,1039.26,1037.445,1038.815,11603.0,655.0,1038.649614
GS,2026-08-28 14:40:00+00:00,1039.26,1041.4163,1039.21,1040.3,9638.0,556.0,1040.266267
GS,2026-08-28 14:45:00+00:00,1040.315,1040.44,1038.61,1039.57,7681.0,417.0,1039.529038
GS,2026-08-28 14:50:00+00:00,1039.91,1041.1675,1039.81,1041.0,10666.0,543.0,1040.618985
GS,2026-08-28 14:55:00+00:00,1041.465,1045.68,1040.85,1045.095,15655.0,787.0,1043.550181
GS,2026-08-28 15:00:00+00:00,1046.0,1048.14,1045.25,1045.915,15272.0,787.0,1046.584397
GS,2026-08-28 15:05:00+00:00,1046.64,1047.0,1043.18,1043.1874,11586.0,526.0,1045.026742
GS,2026-08-28 15:10:00+00:00,1043.39,1044.8,1042.6,1044.8,4875.0,426.0,1043.720154
GS,2026-08-28 15:15:00+00:00,1044.385,1047.7,1044.09,1047.26,9175.0,460.0,1045.563067
GS,2026-08-28 15:20:00+00:00,1047.26,1047.77,1044.89,1045.805,6523.0,417.0,1046.59368
GS,2026-08-28 15:25:00+00:00,1045.865,1046.89,1044.895,1044.895,7976.0,480.0,1045.883499
GS,2026-08-28 15:30:00+00:00,1044.7,1045.02,1043.27,1043.27,5162.0,379.0,1044.494823
GS,2026-08-28 15:35:00+00:00,1043.545,1044.68,1041.725,1041.98,68701.0,480.0,1043.116022
GS,2026-08-28 15:40:00+00:00,1041.45,1041.45,1039.3,1039.3,11348.0,499.0,1040.047882
GS,2026-08-28 15:45:00+00:00,1039.5,1040.2999,1038.34,1039.0,8216.0,480.0,1039.364376
GS,2026-08-28 15:50:00+00:00,1039.35,1040.41,1038.01,1040.41,6470.0,412.0,1039.042519
GS,2026-08-28 15:55:00+00:00,1040.425,1040.425,1037.59,1037.935,78187.0,522.0,1038.822901
GS,2026-08-28 16:00:00+00:00,1037.72,1039.28,1036.47,1038.0,8452.0,471.0,1037.718727
GS,2026-08-28 16:05:00+00:00,1037.83,1039.925,1037.83,1039.4,5338.0,454.0,1039.103905
GS,2026-08-28 16:10:00+00:00,1039.07,1039.4,1035.65,1035.65,10378.0,652.0,1037.580907
GS,2026-08-28 16:15:00+00:00,1035.82,1036.865,1033.33,1033.89,11869.0,726.0,1034.969556
GS,2026-08-28 16:20:00+00:00,1033.57,1034.44,1032.79,1033.95,15046.0,768.0,1033.291071
GS,2026-08-28 16:25:00+00:00,1033.66,1035.26,1033.06,1034.4,7783.0,440.0,1034.422225
GS,2026-08-28 16:30:00+00:00,1035.0,1037.34,1034.76,1035.11,8368.0,522.0,1035.870428
GS,2026-08-28 16:35:00+00:00,1034.925,1037.0899,1034.925,1036.15,8016.0,507.0,1036.190403
GS,2026-08-28 16:40:00+00:00,1036.125,1036.14,1034.71,1034.71,5134.0,352.0,1035.146911
GS,2026-08-28 16:45:00+00:00,1035.445,1036.84,1035.445,1035.925,2555.0,336.0,1036.30128
GS,2026-08-28 16:50:00+00:00,1036.42,1037.52,1036.0,1036.0,7140.0,567.0,1036.703987
GS,2026-08-28 16:55:00+00:00,1036.11,1036.75,1035.3,1035.3,3633.0,326.0,1035.973393
GS,2026-08-28 17:00:00+00:00,1035.05,1035.05,1033.0101,1033.0101,9130.0,544.0,1034.224498
GS,2026-08-28 17:05:00+00:00,1033.395,1033.5,1031.575,1032.61,9808.0,523.0,1032.543269
GS,2026-08-28 17:10:00+00:00,1032.48,1034.7,1032.31,1034.7,6590.0,410.0,1033.706376
GS,2026-08-28 17:15:00+00:00,1034.35,1035.53,1034.185,1035.5,5655.0,350.0,1034.683719
GS,2026-08-28 17:20:00+00:00,1035.19,1035.19,1033.61,1035.07,5808.0,417.0,1034.215752
GS,2026-08-28 17:25:00+00:00,1035.33,1036.75,1034.805,1035.78,3149.0,333.0,1035.683856
GS,2026-08-28 17:30:00+00:00,1035.88,1036.49,1035.36,1035.36,4013.0,562.0,1035.7814
GS,2026-08-28 17:35:00+00:00,1035.1,1035.83,1033.52,1033.98,6268.0,461.0,1034.379481
GS,2026-08-28 17:40:00+00:00,1033.76,1034.22,1033.02,1034.04,4666.0,425.0,1033.749151
GS,2026-08-28 17:45:00+00:00,1033.96,1035.52,1033.4669,1035.52,8382.0,480.0,1034.704047
GS,2026-08-28 17:50:00+00:00,1035.095,1035.31,1034.54,1034.55,6071.0,368.0,1034.921403
GS,2026-08-28 17:55:00+00:00,1034.54,1034.65,1033.96,1034.57,5018.0,597.0,1034.290783
GS,2026-08-28 18:00:00+00:00,1034.57,1034.67,1033.05,1033.05,4385.0,403.0,1034.016566
GS,2026-08-28 18:05:00+00:00,1033.0,1034.25,1032.98,1034.23,4934.0,435.0,1033.483947
GS,2026-08-28 18:10:00+00:00,1034.31,1034.41,1032.81,1032.81,6332.0,469.0,1033.653236
GS,2026-08-28 18:15:00+00:00,1033.11,1033.84,1033.095,1033.84,3703.0,362.0,1033.456396
GS,2026-08-28 18:20:00+00:00,1033.84,1033.94,1032.5,1032.83,6466.0,507.0,1033.309052
GS,2026-08-28 18:25:00+00:00,1032.24,1033.7,1032.0,1033.02,9896.0,476.0,1032.679808
GS,2026-08-28 18:30:00+00:00,1033.17,1035.0,1032.59,1035.0,8079.0,559.0,1033.353569
GS,2026-08-28 18:35:00+00:00,1033.895,1034.8,1033.44,1034.55,3958.0,346.0,1034.093561
GS,2026-08-28 18:40:00+00:00,1034.18,1035.0,1033.77,1034.65,4040.0,388.0,1034.394879
GS,2026-08-28 18:45:00+00:00,1034.44,1035.17,1033.74,1034.0,4874.0,474.0,1034.567079
GS,2026-08-28 18:50:00+00:00,1033.84,1034.37,1033.21,1034.1,5703.0,478.0,1033.835947
GS,2026-08-28 18:55:00+00:00,1033.75,1034.9,1033.32,1034.035,2989.0,295.0,1034.080788
GS,2026-08-28 19:00:00+00:00,1034.29,1034.5,1033.59,1033.67,7259.0,566.0,1033.968346
GS,2026-08-28 19:05:00+00:00,1033.4,1034.8,1033.28,1034.8,4382.0,396.0,1033.86892
GS,2026-08-28 19:10:00+00:00,1034.8,1035.08,1033.6701,1034.91,5104.0,445.0,1034.377442
GS,2026-08-28 19:15:00+00:00,1034.64,1035.04,1034.34,1034.5,5978.0,478.0,1034.71528
GS,2026-08-28 19:20:00+00:00,1034.4,1035.2995,1034.18,1034.67,7993.0,514.0,1034.908872
GS,2026-08-28 19:25:00+00:00,1034.83,1035.8999,1034.5742,1035.535,6566.0,551.0,1035.391785
GS,2026-08-28 19:30:00+00:00,1035.53,1035.53,1034.122,1034.32,24539.0,600.0,1034.646147
GS,2026-08-28 19:35:00+00:00,1034.11,1034.28,1033.05,1033.47,8895.0,640.0,1033.535737
GS,2026-08-28 19:40:00+00:00,1033.83,1034.42,1033.58,1033.605,11686.0,854.0,1034.018441
GS,2026-08-28 19:45:00+00:00,1033.77,1034.34,1032.67,1032.75,16793.0,1043.0,1033.576554
GS,2026-08-28 19:50:00+00:00,1033.59,1034.62,1032.5,1033.09,30403.0,1349.0,1033.300498
GS,2026-08-28 19:55:00+00:00,1033.305,1034.66,1032.8,1033.99,83965.0,4634.0,1033.768834
GS,2026-08-28 20:00:00+00:00,1033.59,1033.99,1033.59,1033.99,158162.0,111.0,1033.989738
GS,2026-08-28 20:05:00+00:00,1032.61,1032.61,1032.61,1032.61,107.0,19.0,1032.61
GS,2026-08-28 20:35:00+00:00,1033.99,1033.99,1033.99,1033.99,40.0,1.0,1033.99
GS,2026-08-28 20:40:00+00:00,1033.18,1033.18,1033.18,1033.18,50.0,2.0,1033.18
GS,2026-08-28 21:10:00+00:00,1033.8,1033.8,1033.8,1033.8,227.0,5.0,1033.8
GS,2026-08-31 08:00:00+00:00,1029.0,1029.0,1027.0,1027.0,735.0,53.0,1028.606426
GS,2026-08-31 10:00:00+00:00,1025.0,1025.0,1025.0,1025.0,40.0,1.0,1025.0
GS,2026-08-31 10:25:00+00:00,1030.0,1030.0,1030.0,1030.0,60.0,1.0,1030.0
GS,2026-08-31 11:00:00+00:00,1032.94,1032.94,1032.94,1032.94,73.0,6.0,1032.94
GS,2026-08-31 11:15:00+00:00,1032.07,1032.07,1032.0,1032.0,936.0,12.0,1032.004903
GS,2026-08-31 11:35:00+00:00,1031.5,1031.5,1031.5,1031.5,58.0,9.0,1031.5
GS,2026-08-31 11:45:00+00:00,1031.0,1031.0,1031.0,1031.0,96.0,2.0,1031.0
GS,2026-08-31 12:05:00+00:00,1030.01,1030.01,1030.0,1030.0,370.0,22.0,1030.003333
GS,2026-08-31 12:15:00+00:00,1030.0,1030.0,1030.0,1030.0,100.0,1.0,1030.0
GS,2026-08-31 13:20:00+00:00,1030.0,1030.0,1030.0,1030.0,100.0,1.0,1030.0
GS,2026-08-31 13:30:00+00:00,1032.6,1032.6,1023.2335,1028.36,30227.0,1504.0,1028.857799
GS,2026-08-31 13:35:00+00:00,1028.41,1029.9253,1025.0701,1028.175,19961.0,852.0,1027.064367
GS,2026-08-31 13:40:00+00:00,1028.38,1028.67,1026.12,1026.9625,8250.0,785.0,1027.351563
GS,2026-08-31 13:45:00+00:00,1027.48,1029.15,1026.88,1027.135,11400.0,753.0,1028.063071
GS,2026-08-31 13:50:00+00:00,1027.135,1028.04,1025.01,1026.85,13345.0,764.0,1026.249847
GS,2026-08-31 13:55:00+00:00,1026.77,1027.64,1025.566,1026.825,10222.0,520.0,1026.874561
GS,2026-08-31 14:00:00+00:00,1026.71,1027.539,1025.679,1026.1997,7889.0,633.0,1026.69961
GS,2026-08-31 14:05:00+00:00,1026.525,1027.48,1024.765,1025.65,12961.0,661.0,1025.578108
GS,2026-08-31 14:10:00+00:00,1025.4,1026.45,1024.3,1025.02,11464.0,586.0,1025.210329
GS,2026-08-31 14:15:00+00:00,1025.02,1025.34,1023.355,1024.205,13535.0,738.0,1024.414883
GS,2026-08-31 14:20:00+00:00,1024.21,1025.73,1023.1,1023.19,6793.0,573.0,1024.590777
GS,2026-08-31 14:25:00+00:00,1023.31,1023.975,1023.0,1023.61,4601.0,446.0,1023.374229
GS,2026-08-31 14:30:00+00:00,1023.365,1024.734,1022.6201,1024.0,6125.0,640.0,1023.748878
GS,2026-08-31 14:35:00+00:00,1024.0129,1025.2,1022.76,1025.15,10574.0,630.0,1023.706064
GS,2026-08-31 14:40:00+00:00,1025.18,1026.0,1023.29,1024.05,9452.0,607.0,1024.569402
GS,2026-08-31 14:45:00+00:00,1023.97,1025.135,1023.44,1025.0,6912.0,551.0,1024.569482
GS,2026-08-31 14:50:00+00:00,1025.065,1026.0,1024.84,1025.76,12421.0,582.0,1025.419773
GS,2026-08-31 14:55:00+00:00,1025.98,1026.73,1024.89,1025.41,7577.0,466.0,1026.05085
GS,2026-08-31 15:00:00+00:00,1025.41,1026.5899,1024.98,1024.99,5829.0,472.0,1025.484639
GS,2026-08-31 15:05:00+00:00,1025.69,1026.285,1025.14,1025.2551,3341.0,292.0,1025.784636
GS,2026-08-31 15:10:00+00:00,1025.5,1025.53,1024.85,1025.04,5958.0,460.0,1025.257832
GS,2026-08-31 15:15:00+00:00,1025.25,1025.685,1024.5101,1024.855,4052.0,360.0,1025.01592
GS,2026-08-31 15:20:00+00:00,1024.72,1025.67,1024.3,1025.27,6841.0,341.0,1024.880545
GS,2026-08-31 15:25:00+00:00,1025.43,1025.45,1023.94,1024.62,5496.0,451.0,1024.714749
GS,2026-08-31 15:30:00+00:00,1025.08,1025.6699,1023.81,1023.81,4157.0,398.0,1024.813297
GS,2026-08-31 15:35:00+00:00,1024.25,1024.69,1023.84,1024.525,6933.0,506.0,1024.15382
GS,2026-08-31 15:40:00+00:00,1024.515,1025.71,1024.2,1025.68,12449.0,437.0,1025.082323
GS,2026-08-31 15:45:00+00:00,1025.94,1026.66,1025.94,1025.965,3981.0,338.0,1026.074673
GS,2026-08-31 15:50:00+00:00,1025.76,1026.5999,1025.36,1025.87,6360.0,393.0,1026.091004
GS,2026-08-31 15:55:00+00:00,1025.7,1026.14,1024.36,1024.36,5081.0,376.0,1025.339817
GS,2026-08-31 16:00:00+00:00,1024.52,1024.57,1023.41,1023.645,4589.0,389.0,1024.168159
GS,2026-08-31 16:05:00+00:00,1023.61,1024.25,1023.4,1023.93,7224.0,369.0,1023.864559
GS,2026-08-31 16:10:00+00:00,1023.92,1024.4092,1023.55,1024.4,5489.0,365.0,1024.042095
GS,2026-08-31 16:15:00+00:00,1024.38,1025.09,1024.26,1025.055,5481.0,455.0,1024.700031
GS,2026-08-31 16:20:00+00:00,1025.1,1025.3,1024.46,1024.72,8054.0,500.0,1024.891953
GS,2026-08-31 16:25:00+00:00,1024.465,1025.93,1024.465,1025.93,3422.0,345.0,1025.065481
GS,2026-08-31 16:30:00+00:00,1025.41,1026.13,1025.26,1026.035,7289.0,477.0,1025.784661
GS,2026-08-31 16:35:00+00:00,1026.085,1026.21,1025.28,1025.28,4810.0,333.0,1025.652428
GS,2026-08-31 16:40:00+00:00,1025.16,1027.2,1025.16,1026.86,5693.0,527.0,1026.583453
GS,2026-08-31 16:45:00+00:00,1026.86,1027.06,1026.4,1026.8,6092.0,349.0,1026.657244
GS,2026-08-31 16:50:00+00:00,1026.86,1027.46,1026.735,1026.92,7161.0,396.0,1027.041668
GS,2026-08-31 16:55:00+00:00,1027.0,1027.14,1026.44,1026.57,4196.0,365.0,1026.755413
GS,2026-08-31 17:00:00+00:00,1026.59,1026.87,1026.51,1026.76,2655.0,269.0,1026.667094
GS,2026-08-31 17:05:00+00:00,1026.96,1027.14,1026.44,1026.7,2935.0,358.0,1026.751836
GS,2026-08-31 17:10:00+00:00,1026.2701,1027.99,1026.2701,1027.672,3241.0,346.0,1027.387211
GS,2026-08-31 17:15:00+00:00,1027.35,1028.24,1027.25,1027.26,6531.0,452.0,1027.788636
GS,2026-08-31 17:20:00+00:00,1026.93,1027.3399,1026.93,1026.98,1513.0,165.0,1027.180052
GS,2026-08-31 17:25:00+00:00,1026.92,1026.92,1026.067149,1026.365,3985.0,329.0,1026.483987
GS,2026-08-31 17:30:00+00:00,1026.09,1026.99,1026.09,1026.425,3271.0,291.0,1026.681112
GS,2026-08-31 17:35:00+00:00,1026.6,1026.6101,1025.11,1025.57,10427.0,730.0,1025.805508
GS,2026-08-31 17:40:00+00:00,1025.53,1025.59,1025.1,1025.31,4833.0,359.0,1025.407995
GS,2026-08-31 17:45:00+00:00,1025.42,1025.77,1025.0,1025.13,12246.0,732.0,1025.462028
GS,2026-08-31 17:50:00+00:00,1025.265,1026.47,1025.265,1026.39,14499.0,480.0,1025.591194
GS,2026-08-31 17:55:00+00:00,1026.4,1026.68,1025.65,1025.97,4243.0,369.0,1026.219217
GS,2026-08-31 18:00:00+00:00,1025.94,1026.48,1025.525,1025.525,4613.0,345.0,1026.040186
GS,2026-08-31 18:05:00+00:00,1025.88,1026.325,1025.7595,1025.87,2781.0,226.0,1025.938895
GS,2026-08-31 18:10:00+00:00,1025.885,1026.165,1025.61,1026.165,4298.0,318.0,1025.887557
GS,2026-08-31 18:15:00+00:00,1026.36,1027.0799,1026.0,1026.23,6883.0,531.0,1026.529538
GS,2026-08-31 18:20:00+00:00,1026.345,1027.46,1026.22,1027.46,7776.0,445.0,1026.766208
GS,2026-08-31 18:25:00+00:00,1027.255,1027.56,1026.67,1027.43,4551.0,380.0,1027.066959
GS,2026-08-31 18:30:00+00:00,1027.22,1027.22,1026.48,1026.675,5667.0,436.0,1026.720037
GS,2026-08-31 18:35:00+00:00,1026.51,1026.51,1024.74,1024.74,5410.0,420.0,1025.29636
GS,2026-08-31 18:40:00+00:00,1024.74,1024.81,1023.18,1023.975,11991.0,504.0,1023.914757
GS,2026-08-31 18:45:00+00:00,1023.88,1024.61,1023.65,1024.61,5415.0,349.0,1024.177825
GS,2026-08-31 18:50:00+00:00,1024.64,1025.56,1024.01,1025.345,12169.0,510.0,1024.7399
GS,2026-08-31 18:55:00+00:00,1025.15,1025.82,1025.03,1025.37,3664.0,326.0,1025.400546
GS,2026-08-31 19:00:00+00:00,1025.58,1026.31,1025.3,1025.44,7712.0,510.0,1025.76324
GS,2026-08-31 19:05:00+00:00,1025.65,1025.96,1025.5,1025.92,6794.0,399.0,1025.710834
GS,2026-08-31 19:10:00+00:00,1026.18,1026.28,1025.34,1025.59,7603.0,485.0,1025.740306
GS,2026-08-31 19:15:00+00:00,1025.73,1026.04,1025.38,1025.4,8419.0,620.0,1025.702836
GS,2026-08-31 19:20:00+00:00,1025.705,1027.54,1025.3,1027.54,7306.0,565.0,1026.317462
GS,2026-08-31 19:25:00+00:00,1027.18,1027.9799,1026.35,1027.21,14977.0,778.0,1027.316493
GS,2026-08-31 19:30:00+00:00,1027.235,1027.51,1026.38,1027.24,14212.0,828.0,1027.017498
GS,2026-08-31 19:35:00+00:00,1027.24,1027.515,1026.885,1027.21,10026.0,651.0,1027.205091
GS,2026-08-31 19:40:00+00:00,1027.28,1028.135,1026.775,1026.775,16505.0,897.0,1027.486321
GS,2026-08-31 19:45:00+00:00,1026.775,1027.43,1025.6301,1026.185,18761.0,1183.0,1026.486237
GS,2026-08-31 19:50:00+00:00,1026.55,1027.62,1025.81,1027.335,23446.0,1473.0,1026.969181
GS,2026-08-31 19:55:00+00:00,1026.86,1028.28,1025.94,1026.23,88397.0,4599.0,1027.178798
GS,2026-08-31 20:00:00+00:00,1026.64,1026.7,1025.9,1026.0739,597620.0,94.0,1025.900461
GS,2026-08-31 20:05:00+00:00,1025.9,1025.9,1025.9,1025.9,753.0,3.0,1025.9
GS,2026-08-31 20:25:00+00:00,1029.7,1029.7,1029.7,1029.7,50.0,2.0,1029.7
GS,2026-08-31 20:30:00+00:00,1025.9,1025.9,1025.9,1025.9,384.0,1.0,1025.9
GS,2026-08-31 21:20:00+00:00,1028.0,1028.0,1028.0,1028.0,50.0,1.0,1028.0
GS,2026-08-31 21:25:00+00:00,1027.88,1027.88,1027.88,1027.88,45.0,1.0,1027.88
GS,2026-08-31 22:35:00+00:00,1026.34,1026.63,1026.33,1026.33,339.0,40.0,1026.43625
GS,2026-08-31 22:45:00+00:00,1026.33,1026.33,1026.33,1026.33,75.0,2.0,1026.33
GS,2026-08-31 22:50:00+00:00,1026.0,1026.0,1026.0,1026.0,50.0,1.0,1026.0
GS,2026-08-31 23:10:00+00:00,1026.33,1026.33,1026.33,1026.33,657.0,18.0,1026.33
GS,2026-08-31 23:55:00+00:00,1027.01,1027.01,1027.01,1027.01,60.0,1.0,1027.01
GS,2026-09-01 10:15:00+00:00,1013.0,1013.0,1013.0,1013.0,106.0,4.0,1013.0
GS,2026-09-01 10:20:00+00:00,1014.0,1014.0,1014.0,1014.0,240.0,25.0,1014.0
GS,2026-09-01 10:25:00+00:00,1013.01,1013.01,1013.01,1013.01,87.0,6.0,1013.01
GS,2026-09-01 11:30:00+00:00,1011.3762,1011.3762,1011.3762,1011.3762,55.0,2.0,1011.3762
GS,2026-09-01 11:40:00+00:00,1013.89,1013.89,1013.88,1013.88,167.0,7.0,1013.884
GS,2026-09-01 11:50:00+00:00,1013.94,1013.94,1013.88,1013.88,358.0,13.0,1013.893803
GS,2026-09-01 12:05:00+00:00,1013.0,1013.0,1013.0,1013.0,61.0,3.0,1013.0
GS,2026-09-01 12:15:00+00:00,1011.62,1011.62,1011.62,1011.62,193.0,5.0,1011.62
GS,2026-09-01 12:20:00+00:00,1011.1,1011.1,1011.1,1011.1,71.0,4.0,1011.1
GS,2026-09-01 12:25:00+00:00,1011.6959,1011.6959,1011.6959,1011.6959,57.0,2.0,1011.6959
GS,2026-09-01 12:30:00+00:00,1016.25,1016.25,1013.65,1013.65,317.0,11.0,1015.507143
GS,2026-09-01 13:00:00+00:00,1011.0,1011.0,1009.07,1009.07,408.0,39.0,1010.287823
GS,2026-09-01 13:15:00+00:00,1011.6,1011.6,1011.6,1011.6,102.0,3.0,1011.6
GS,2026-09-01 13:20:00+00:00,1011.75,1011.75,1011.75,1011.75,1002.0,3.0,1011.75
GS,2026-09-01 13:25:00+00:00,1008.88,1008.88,1008.0,1008.0,441.0,36.0,1008.553459
GS,2026-09-01 13:30:00+00:00,1004.72,1005.9999,996.97,1005.52,74253.0,2771.0,1001.999873
GS,2026-09-01 13:35:00+00:00,1005.51,1011.92,1005.51,1011.92,22435.0,1058.0,1009.133538
GS,2026-09-01 13:40:00+00:00,1011.7371,1013.91,1009.91,1013.09,24991.0,1291.0,1011.610165
GS,2026-09-01 13:45:00+00:00,1013.18,1013.18,1009.33,1009.84,29700.0,1408.0,1010.722694
GS,2026-09-01 13:50:00+00:00,1011.6999,1011.6999,1008.25,1009.86,18371.0,1025.0,1010.056237
GS,2026-09-01 13:55:00+00:00,1009.98,1013.0,1008.4701,1012.825,14386.0,779.0,1011.079339
GS,2026-09-01 14:00:00+00:00,1012.8,1016.0,1011.61,1013.62,19288.0,975.0,1014.059155
GS,2026-09-01 14:05:00+00:00,1013.62,1018.44,1013.62,1017.58,17999.0,960.0,1016.283719
GS,2026-09-01 14:10:00+00:00,1019.3323,1022.605,1017.57,1022.44,16271.0,885.0,1019.913649
GS,2026-09-01 14:15:00+00:00,1022.96,1026.93,1022.42,1026.26,22780.0,1013.0,1024.437511
GS,2026-09-01 14:20:00+00:00,1026.67,1031.12,1026.07,1028.87,30598.0,1218.0,1029.379437
GS,2026-09-01 14:25:00+00:00,1028.86,1029.4199,1022.72,1023.255,15845.0,1147.0,1026.795888
GS,2026-09-01 14:30:00+00:00,1023.54,1025.145,1022.76,1024.42,13829.0,818.0,1024.03208
GS,2026-09-01 14:35:00+00:00,1024.768,1024.87,1022.52,1023.48,7449.0,634.0,1023.53604
GS,2026-09-01 14:40:00+00:00,1023.13,1024.75,1019.1,1019.79,15554.0,919.0,1022.075048
GS,2026-09-01 14:45:00+00:00,1019.8,1021.7399,1019.03,1020.34,18268.0,746.0,1020.865143
GS,2026-09-01 14:50:00+00:00,1020.285,1020.285,1018.54,1018.89,8418.0,551.0,1019.344714
GS,2026-09-01 14:55:00+00:00,1018.89,1021.175,1018.45,1019.0,22141.0,998.0,1019.700435
GS,2026-09-01 15:00:00+00:00,1019.52,1020.8,1018.995,1020.34,8771.0,644.0,1019.909916
GS,2026-09-01 15:05:00+00:00,1021.03,1022.0,1019.72,1021.96,7351.0,550.0,1020.639388
GS,2026-09-01 15:10:00+00:00,1022.49,1024.585,1022.09,1024.33,10747.0,718.0,1023.576374
GS,2026-09-01 15:15:00+00:00,1024.095,1024.095,1021.52,1021.52,4237.0,487.0,1022.921365
GS,2026-09-01 15:20:00+00:00,1021.52,1022.43,1021.02,1021.02,6401.0,504.0,1021.624106
GS,2026-09-01 15:25:00+00:00,1021.415,1022.855,1021.395,1021.98,8164.0,557.0,1021.904977
GS,2026-09-01 15:30:00+00:00,1021.975,1022.06,1020.51,1021.51,3794.0,325.0,1021.257028
GS,2026-09-01 15:35:00+00:00,1020.5,1021.72,1020.5,1020.99,3756.0,376.0,1020.813086
GS,2026-09-01 15:40:00+00:00,1021.045,1021.57,1020.67,1021.57,4373.0,443.0,1021.050558
GS,2026-09-01 15:45:00+00:00,1021.21,1022.28,1020.67,1021.68,8244.0,476.0,1021.600894
GS,2026-09-01 15:50:00+00:00,1021.75,1021.75,1019.91,1020.07,5681.0,446.0,1020.80165
GS,2026-09-01 15:55:00+00:00,1019.81,1020.41,1019.36,1020.31,5337.0,461.0,1019.884388
GS,2026-09-01 16:00:00+00:00,1019.8,1020.58,1019.52,1020.58,5106.0,463.0,1020.023628
GS,2026-09-01 16:05:00+00:00,1020.99,1021.0,1019.36,1020.14,5857.0,404.0,1020.378735
GS,2026-09-01 16:10:00+00:00,1020.25,1020.45,1019.0,1019.01,8699.0,498.0,1019.815808
GS,2026-09-01 16:15:00+00:00,1019.09,1019.21,1018.45,1019.17,3623.0,312.0,1019.004753
GS,2026-09-01 16:20:00+00:00,1018.81,1018.81,1015.2986,1015.92,7912.0,523.0,1016.547358
GS,2026-09-01 16:25:00+00:00,1015.645,1015.645,1012.5,1012.58,18677.0,754.0,1014.3732
GS,2026-09-01 16:30:00+00:00,1012.29,1012.29,1009.49,1009.49,19857.0,1144.0,1010.531121
GS,2026-09-01 16:35:00+00:00,1011.01,1013.02,1010.62,1013.02,7002.0,543.0,1011.815399
GS,2026-09-01 16:40:00+00:00,1012.43,1013.7,1011.4,1011.4,5468.0,554.0,1012.609557
GS,2026-09-01 16:45:00+00:00,1011.695,1011.83,1011.2,1011.49,7705.0,358.0,1011.668846
GS,2026-09-01 16:50:00+00:00,1011.0,1012.0,1010.9195,1011.475,5029.0,455.0,1011.394863
GS,2026-09-01 16:55:00+00:00,1011.46,1012.935,1011.45,1012.52,5447.0,486.0,1012.244789
GS,2026-09-01 17:00:00+00:00,1012.7728,1013.08,1011.615,1011.615,5253.0,597.0,1012.461797
GS,2026-09-01 17:05:00+00:00,1012.36,1012.82,1012.0901,1012.434,3733.0,370.0,1012.522437
GS,2026-09-01 17:10:00+00:00,1012.8362,1012.8362,1012.12,1012.57,3284.0,308.0,1012.461082
GS,2026-09-01 17:15:00+00:00,1012.33,1012.59,1009.0,1009.0151,22350.0,1189.0,1010.627988
GS,2026-09-01 17:20:00+00:00,1009.63,1009.63,1008.45,1009.47,10197.0,717.0,1008.9153
GS,2026-09-01 17:25:00+00:00,1008.89,1009.23,1006.51,1008.61,12966.0,982.0,1007.849822
GS,2026-09-01 17:30:00+00:00,1008.69,1010.45,1008.635,1010.45,6850.0,502.0,1009.493753
GS,2026-09-01 17:35:00+00:00,1010.45,1010.46,1008.89,1009.095,10093.0,625.0,1009.578267
GS,2026-09-01 17:40:00+00:00,1008.84,1009.52,1007.42,1007.525,8789.0,598.0,1008.41274
GS,2026-09-01 17:45:00+00:00,1007.55,1007.88,1005.955,1006.33,10482.0,735.0,1006.673234
GS,2026-09-01 17:50:00+00:00,1006.18,1006.36,1005.05,1005.05,6175.0,581.0,1005.98175
GS,2026-09-01 17:55:00+00:00,1005.3,1005.365,1003.61,1004.27,14540.0,1005.0,1004.586459
GS,2026-09-01 18:00:00+00:00,1004.57,1004.76,1003.26,1003.81,7927.0,735.0,1004.056345
GS,2026-09-01 18:05:00+00:00,1004.01,1004.54,1003.01,1004.08,9522.0,633.0,1004.024997
GS,2026-09-01 18:10:00+00:00,1004.25,1004.88,1003.0,1003.72,11486.0,721.0,1004.205195
GS,2026-09-01 18:15:00+00:00,1003.91,1004.18,1003.0,1003.995,14481.0,692.0,1003.612566
GS,2026-09-01 18:20:00+00:00,1004.0,1005.47,1003.88,1005.435,8729.0,766.0,1004.482601
GS,2026-09-01 18:25:00+00:00,1005.13,1005.24,1003.64,1003.88,11305.0,834.0,1004.489235
GS,2026-09-01 18:30:00+00:00,1003.79,1004.55,1003.16,1003.99,9304.0,686.0,1003.996814
GS,2026-09-01 18:35:00+00:00,1003.9,1004.085,1002.905,1003.45,9533.0,707.0,1003.468529
GS,2026-09-01 18:40:00+00:00,1003.77,1003.97,1001.47,1001.95,11166.0,889.0,1002.994801
GS,2026-09-01 18:45:00+00:00,1002.2,1004.92,1002.06,1004.805,15450.0,795.0,1003.263105
GS,2026-09-01 18:50:00+00:00,1004.82,1005.45,1004.21,1004.48,9155.0,593.0,1004.806508
GS,2026-09-01 18:55:00+00:00,1004.62,1005.67,1004.48,1004.76,10657.0,685.0,1004.95789
GS,2026-09-01 19:00:00+00:00,1004.65,1005.849,1004.65,1005.04,10371.0,671.0,1005.256965
GS,2026-09-01 19:05:00+00:00,1005.28,1005.4279,1004.0,1004.2801,20853.0,883.0,1004.96144
GS,2026-09-01 19:10:00+00:00,1004.815,1007.63,1004.64,1007.54,13376.0,860.0,1006.277243
GS,2026-09-01 19:15:00+00:00,1007.64,1007.77,1005.99,1006.58,9183.0,697.0,1006.798932
GS,2026-09-01 19:20:00+00:00,1006.45,1006.86,1004.87,1005.55,10866.0,796.0,1005.741594
GS,2026-09-01 19:25:00+00:00,1005.55,1005.6082,1003.9,1003.96,9756.0,787.0,1004.943781
GS,2026-09-01 19:30:00+00:00,1003.77,1003.77,1001.83,1002.31,20270.0,1167.0,1002.378732
GS,2026-09-01 19:35:00+00:00,1002.45,1002.89,1001.0,1001.01,16685.0,1033.0,1001.749117
GS,2026-09-01 19:40:00+00:00,1001.01,1001.38,999.71,1000.82,40196.0,2073.0,1000.776072
GS,2026-09-01 19:45:00+00:00,1001.06,1002.01,1000.48,1001.77,21109.0,1502.0,1001.166766
GS,2026-09-01 19:50:00+00:00,1001.53,1001.6398,1000.26,1000.68,39893.0,2062.0,1000.675344
GS,2026-09-01 19:55:00+00:00,1000.65,1002.49,999.31,1002.49,148484.0,6169.0,1000.763843
GS,2026-09-01 20:00:00+00:00,1002.03,1004.01,1002.02,1002.2626,569746.0,147.0,1002.541691
GS,2026-09-01 20:05:00+00:00,1003.56,1003.56,1002.56,1002.56,451.0,14.0,1002.803243
GS,2026-09-01 20:10:00+00:00,1003.79,1004.91,1003.79,1004.9,1667.0,56.0,1004.473062
GS,2026-09-01 20:15:00+00:00,1004.91,1005.9999,1004.85,1004.85,670.0,11.0,1005.142957
GS,2026-09-01 20:25:00+00:00,1005.18,1005.18,1005.18,1005.18,100.0,1.0,1005.18
GS,2026-09-01 20:30:00+00:00,1005.08,1005.08,1005.0,1005.0,301.0,3.0,1005.01196
GS,2026-09-01 20:35:00+00:00,1005.0,1005.8773,1005.0,1005.77,560.0,11.0,1005.3375
GS,2026-09-01 20:45:00+00:00,1005.55,1005.55,1005.55,1005.55,408.0,3.0,1005.55
GS,2026-09-01 20:50:00+00:00,1005.06,1005.06,1005.06,1005.06,52.0,2.0,1005.06
GS,2026-09-01 21:05:00+00:00,1005.0,1005.0,1005.0,1005.0,96.0,3.0,1005.0
GS,2026-09-01 21:10:00+00:00,1005.0,1005.0,1005.0,1005.0,96.0,3.0,1005.0
GS,2026-09-01 21:15:00+00:00,1005.03,1005.03,1005.03,1005.03,75.0,1.0,1005.03
GS,2026-09-01 21:30:00+00:00,1005.0,1005.0,1005.0,1005.0,70.0,1.0,1005.0
GS,2026-09-01 21:55:00+00:00,1005.22,1005.22,1005.22,1005.22,88.0,8.0,1005.22
GS,2026-09-01 22:10:00+00:00,1005.0,1005.0,1004.9244,1004.9244,405.0,47.0,1004.961031
GS,2026-09-01 22:15:00+00:00,1004.85,1004.85,1004.85,1004.85,45.0,1.0,1004.85
GS,2026-09-02 08:00:00+00:00,1003.5,1003.5,1003.5,1003.5,244.0,62.0,1003.5
GS,2026-09-02 08:05:00+00:00,1004.64,1004.64,1004.64,1004.64,155.0,9.0,1004.64
GS,2026-09-02 09:20:00+00:00,1003.5,1003.5,1003.5,1003.5,471.0,15.0,1003.5
GS,2026-09-02 09:35:00+00:00,1003.0,1003.0,1003.0,1003.0,242.0,8.0,1003.0
GS,2026-09-02 10:25:00+00:00,1002.51,1002.51,1002.51,1002.51,80.0,2.0,1002.51
GS,2026-09-02 10:30:00+00:00,1002.5,1002.5,1002.5,1002.5,50.0,1.0,1002.5
GS,2026-09-02 11:00:00+00:00,1001.51,1001.51,1001.51,1001.51,117.0,12.0,1001.51
GS,2026-09-02 11:05:00+00:00,1001.24,1001.25,1001.24,1001.24,403.0,26.0,1001.246055
GS,2026-09-02 11:10:00+00:00,1005.0,1005.0,1005.0,1005.0,45.0,1.0,1005.0
GS,2026-09-02 11:15:00+00:00,1001.26,1001.26,1001.26,1001.26,80.0,1.0,1001.26
GS,2026-09-02 11:20:00+00:00,1004.0,1004.0,1004.0,1004.0,401.0,3.0,1004.0
GS,2026-09-02 11:45:00+00:00,1005.5007,1005.5007,1005.5007,1005.5007,105.0,2.0,1005.5007
GS,2026-09-02 11:50:00+00:00,1005.89,1006.5,1005.89,1006.5,831.0,14.0,1006.233556
GS,2026-09-02 12:10:00+00:00,1006.99,1006.99,1006.99,1006.99,132.0,5.0,1006.99
GS,2026-09-02 12:15:00+00:00,1007.05,1007.05,1007.03,1007.03,110.0,9.0,1007.04
GS,2026-09-02 12:20:00+00:00,1007.87,1007.87,1007.87,1007.87,135.0,6.0,1007.87
GS,2026-09-02 12:30:00+00:00,1007.0,1007.0,1007.0,1007.0,81.0,9.0,1007.0
GS,2026-09-02 12:55:00+00:00,1005.4,1007.0,1005.05,1007.0,409.0,14.0,1006.481515
GS,2026-09-02 13:20:00+00:00,1007.21,1007.21,1007.21,1007.21,132.0,13.0,1007.21
GS,2026-09-02 13:25:00+00:00,1008.4,1012.87,1008.4,1008.92,1333.0,37.0,1010.011161
GS,2026-09-02 13:30:00+00:00,1009.74,1013.345,1006.535,1006.535,54634.0,1435.0,1010.078706
GS,2026-09-02 13:35:00+00:00,1006.54,1012.245,1005.8825,1012.0,28649.0,1124.0,1009.909092
GS,2026-09-02 13:40:00+00:00,1011.7125,1012.12,1002.0,1006.555,27297.0,1102.0,1005.545056
GS,2026-09-02 13:45:00+00:00,1006.555,1007.5,1004.955,1006.53,19599.0,869.0,1006.53571
GS,2026-09-02 13:50:00+00:00,1006.4,1009.3898,1006.4,1007.66,9449.0,584.0,1007.247826
GS,2026-09-02 13:55:00+00:00,1007.81,1011.0,1007.61,1009.3,14091.0,727.0,1009.447633
GS,2026-09-02 14:00:00+00:00,1009.995,1011.01,1006.77,1009.02,16960.0,777.0,1008.808735
GS,2026-09-02 14:05:00+00:00,1008.5,1011.6,1008.36,1011.21,12992.0,781.0,1010.182607
GS,2026-09-02 14:10:00+00:00,1011.21,1013.95,1011.21,1013.9495,14196.0,766.0,1012.278796
GS,2026-09-02 14:15:00+00:00,1013.555,1015.5,1012.38,1014.0,25882.0,1094.0,1014.148472
GS,2026-09-02 14:20:00+00:00,1014.065,1015.5044,1013.39,1015.16,21915.0,768.0,1014.759772
GS,2026-09-02 14:25:00+00:00,1015.4,1017.18,1015.3389,1016.155,15874.0,761.0,1016.205193
GS,2026-09-02 14:30:00+00:00,1016.145,1016.91,1014.82,1016.4989,18465.0,712.0,1015.953887
GS,2026-09-02 14:35:00+00:00,1017.49,1019.86,1017.49,1019.76,22465.0,934.0,1018.846194
GS,2026-09-02 14:40:00+00:00,1019.93,1020.86,1018.54,1020.77,30377.0,1002.0,1020.131212
GS,2026-09-02 14:45:00+00:00,1020.775,1021.843,1019.73,1020.19,17090.0,737.0,1020.779038
GS,2026-09-02 14:50:00+00:00,1020.4,1020.54,1018.05,1019.705,19200.0,819.0,1019.33276
GS,2026-09-02 14:55:00+00:00,1020.08,1020.335,1017.29,1018.05,11449.0,629.0,1019.00234
GS,2026-09-02 15:00:00+00:00,1018.88,1019.065,1015.0,1015.45,11745.0,608.0,1016.829382
GS,2026-09-02 15:05:00+00:00,1015.369,1015.44,1012.7376,1012.825,12293.0,659.0,1013.69769
GS,2026-09-02 15:10:00+00:00,1013.01,1013.01,1009.39,1009.784,13821.0,730.0,1011.657161
GS,2026-09-02 15:15:00+00:00,1009.99,1010.48,1008.16,1009.07,162672.0,666.0,1009.235609
GS,2026-09-02 15:20:00+00:00,1009.53,1010.06,1004.45,1004.45,15631.0,691.0,1007.495427
GS,2026-09-02 15:25:00+00:00,1004.45,1005.56,1003.645,1005.51,19080.0,786.0,1004.580664
GS,2026-09-02 15:30:00+00:00,1005.68,1006.4666,1003.65,1005.9775,17658.0,679.0,1005.317705
GS,2026-09-02 15:35:00+00:00,1006.16,1006.7,1004.055,1004.415,9220.0,527.0,1005.207969
GS,2026-09-02 15:40:00+00:00,1004.25,1005.65,1004.25,1005.04,8826.0,528.0,1005.03633
GS,2026-09-02 15:45:00+00:00,1005.41,1006.14,1004.14,1005.0,10951.0,646.0,1005.225106
GS,2026-09-02 15:50:00+00:00,1005.41,1006.7399,1005.3473,1006.23,10152.0,589.0,1006.315186
GS,2026-09-02 15:55:00+00:00,1006.03,1007.0,1005.57,1006.885,16422.0,821.0,1006.397489
GS,2026-09-02 16:00:00+00:00,1006.9,1008.0,1002.675,1003.11,18958.0,934.0,1004.929988
GS,2026-09-02 16:05:00+00:00,1003.33,1004.57,1002.99,1003.29,8053.0,603.0,1004.060786
GS,2026-09-02 16:10:00+00:00,1003.18,1006.3718,1001.62,1005.1,36230.0,1535.0,1004.384749
GS,2026-09-02 16:15:00+00:00,1005.1,1006.52,1003.291,1004.29,12607.0,698.0,1005.197543
GS,2026-09-02 16:20:00+00:00,1003.81,1004.015,1000.08,1000.245,15371.0,752.0,1001.709315
GS,2026-09-02 16:25:00+00:00,1000.11,1000.78,999.01,999.3,16756.0,919.0,999.79694
GS,2026-09-02 16:30:00+00:00,999.59,1001.58,999.01,1001.3227,11685.0,610.0,1000.19512
GS,2026-09-02 16:35:00+00:00,1001.26,1002.39,1001.26,1002.05,6598.0,489.0,1001.958012
GS,2026-09-02 16:40:00+00:00,1001.58,1002.28,1000.91,1001.08,7374.0,442.0,1001.759794
GS,2026-09-02 16:45:00+00:00,1000.73,1002.6,1000.72,1001.59,7037.0,472.0,1001.66538
GS,2026-09-02 16:50:00+00:00,1002.0,1002.0,998.25,999.21,16433.0,1014.0,999.927482
GS,2026-09-02 16:55:00+00:00,999.101,999.5399,998.4056,999.165,8515.0,467.0,998.944635
GS,2026-09-02 17:00:00+00:00,998.93,1000.1464,998.41,1000.0,13994.0,833.0,999.262332
GS,2026-09-02 17:05:00+00:00,1000.23,1001.02,999.78,1000.7658,8310.0,576.0,1000.374933
GS,2026-09-02 17:10:00+00:00,1001.38,1002.185,1001.38,1001.79,5763.0,412.0,1001.821897
GS,2026-09-02 17:15:00+00:00,1001.21,1001.53,1000.02,1000.74,5869.0,483.0,1000.81911
GS,2026-09-02 17:20:00+00:00,1000.5,1000.7599,998.52,998.52,9339.0,569.0,999.691011
GS,2026-09-02 17:25:00+00:00,998.52,999.4346,998.1,998.94,65536.0,803.0,998.639223
GS,2026-09-02 17:30:00+00:00,999.25,999.39,998.2143,998.45,8233.0,639.0,999.011679
GS,2026-09-02 17:35:00+00:00,998.255,999.99,998.0,999.99,12626.0,765.0,998.53032
GS,2026-09-02 17:40:00+00:00,999.58,1000.4,999.14,999.834,8536.0,537.0,999.79278
GS,2026-09-02 17:45:00+00:00,999.41,1002.087,999.3,1001.06,11118.0,592.0,1001.043722
GS,2026-09-02 17:50:00+00:00,1001.05,1001.47,1000.35,1000.35,10476.0,719.0,1000.965939
GS,2026-09-02 17:55:00+00:00,1000.58,1000.75,998.84,999.51,23539.0,860.0,999.775556
GS,2026-09-02 18:00:00+00:00,999.13,1000.64,998.11,1000.395,10675.0,559.0,999.351334
GS,2026-09-02 18:05:00+00:00,1000.39,1000.72,998.41,999.11,16173.0,709.0,999.600637
GS,2026-09-02 18:10:00+00:00,999.115,999.9,999.115,999.36,7891.0,500.0,999.480525
GS,2026-09-02 18:15:00+00:00,999.4601,1000.69,999.0,999.605,15143.0,819.0,999.774235
GS,2026-09-02 18:20:00+00:00,999.98,1000.08,998.72,998.7842,14752.0,600.0,999.145105
GS,2026-09-02 18:25:00+00:00,999.23,1000.3925,998.84,999.8196,8439.0,526.0,999.525283
GS,2026-09-02 18:30:00+00:00,1000.005,1001.0,999.72,999.72,7845.0,545.0,1000.535193
GS,2026-09-02 18:35:00+00:00,999.9225,1001.32,999.36,1001.28,19240.0,516.0,1001.034314
GS,2026-09-02 18:40:00+00:00,1001.28,1001.83,1001.1443,1001.1443,3253.0,337.0,1001.353693
GS,2026-09-02 18:45:00+00:00,1001.05,1003.07,1001.05,1002.02,11732.0,661.0,1002.213326
GS,2026-09-02 18:50:00+00:00,1001.7301,1002.93,1001.7301,1002.38,6028.0,385.0,1002.616757
GS,2026-09-02 18:55:00+00:00,1002.31,1002.5,1001.885,1001.885,8698.0,513.0,1002.242202
GS,2026-09-02 19:00:00+00:00,1002.25,1002.55,1001.45,1001.46,6342.0,500.0,1002.064423
GS,2026-09-02 19:05:00+00:00,1001.86,1003.0968,1001.64,1002.785,9292.0,613.0,1002.066927
GS,2026-09-02 19:10:00+00:00,1002.785,1003.53,1002.785,1003.53,8832.0,449.0,1003.147894
GS,2026-09-02 19:15:00+00:00,1003.46,1004.43,1003.27,1004.1,15931.0,990.0,1004.082287
GS,2026-09-02 19:20:00+00:00,1004.055,1005.8099,1003.66,1005.47,21583.0,991.0,1004.808061
GS,2026-09-02 19:25:00+00:00,1005.4951,1007.31,1005.26,1007.065,13728.0,900.0,1006.380509
GS,2026-09-02 19:30:00+00:00,1007.07,1007.07,1005.35,1005.775,17764.0,1102.0,1006.38557
GS,2026-09-02 19:35:00+00:00,1005.56,1005.7,1004.845,1005.14,13706.0,892.0,1005.311326
GS,2026-09-02 19:40:00+00:00,1005.55,1005.56,1004.055,1004.62,19729.0,1043.0,1004.884613
GS,2026-09-02 19:45:00+00:00,1004.73,1004.92,1003.02,1003.79,25938.0,1253.0,1004.15508
GS,2026-09-02 19:50:00+00:00,1003.74,1003.76,1002.21,1002.91,30483.0,1591.0,1003.007759
GS,2026-09-02 19:55:00+00:00,1002.74,1005.07,1002.74,1004.61,110101.0,5194.0,1004.178747
GS,2026-09-02 20:00:00+00:00,1004.42,1004.42,1002.02,1002.02,506522.0,120.0,1004.41966
GS,2026-09-02 20:10:00+00:00,1004.42,1004.42,1004.42,1004.42,24439.0,3.0,1004.42
GS,2026-09-02 20:55:00+00:00,1004.9049,1004.9049,1004.55,1004.55,153.0,3.0,1004.785033
GS,2026-09-02 21:20:00+00:00,1004.8357,1004.8357,1004.48,1004.48,190.0,6.0,1004.678715
GS,2026-09-02 21:30:00+00:00,1004.553,1004.98,1004.553,1004.98,828.0,17.0,1004.699877
GS,2026-09-02 22:10:00+00:00,1005.57,1005.6,1005.57,1005.6,250.0,5.0,1005.584362
GS,2026-09-02 23:30:00+00:00,1006.6125,1006.6125,1006.6125,1006.6125,100.0,1.0,1006.6125
GS,2026-09-02 23:35:00+00:00,1006.9042,1006.9042,1006.9042,1006.9042,500.0,1.0,1006.9042
GS,2026-09-03 09:50:00+00:00,1004.42,1004.42,1004.42,1004.42,55.0,7.0,1004.42
GS,2026-09-03 11:00:00+00:00,1004.82,1005.4,1004.0,1004.0,456.0,22.0,1004.925281
GS,2026-09-03 11:05:00+00:00,1004.49,1004.49,1004.49,1004.49,129.0,10.0,1004.49
GS,2026-09-03 11:25:00+00:00,1006.0,1006.0,1006.0,1006.0,100.0,1.0,1006.0
GS,2026-09-03 11:40:00+00:00,1004.43,1004.43,1004.43,1004.43,50.0,3.0,1004.43
GS,2026-09-03 12:05:00+00:00,1005.6,1005.6,1005.6,1005.6,53.0,2.0,1005.6
GS,2026-09-03 12:10:00+00:00,1005.76,1006.2,1005.76,1006.2,324.0,9.0,1005.978786
GS,2026-09-03 12:25:00+00:00,1006.99,1006.99,1006.99,1006.99,120.0,6.0,1006.99
GS,2026-09-03 12:30:00+00:00,1009.0,1009.0,1009.0,1009.0,144.0,13.0,1009.0
GS,2026-09-03 12:35:00+00:00,1009.0,1009.0,1009.0,1009.0,101.0,3.0,1009.0
GS,2026-09-03 12:50:00+00:00,1009.0,1010.0,1009.0,1010.0,295.0,19.0,1009.745
GS,2026-09-03 12:55:00+00:00,1011.94,1014.0,1011.94,1014.0,383.0,22.0,1012.787149
GS,2026-09-03 13:20:00+00:00,1013.65,1013.94,1012.99,1013.0,236.0,16.0,1013.381579
GS,2026-09-03 13:25:00+00:00,1012.0,1013.5,1012.0,1013.5,872.0,12.0,1013.030075
GS,2026-09-03 13:30:00+00:00,1013.5,1018.55,1012.5,1016.86,37462.0,1563.0,1015.403439
GS,2026-09-03 13:35:00+00:00,1016.86,1025.83,1016.86,1022.9275,35304.0,1423.0,1022.607568
GS,2026-09-03 13:40:00+00:00,1022.9905,1030.65,1021.35,1030.22,38940.0,1411.0,1026.312768
GS,2026-09-03 13:45:00+00:00,1030.86,1033.815,1030.1555,1032.305,28629.0,1281.0,1031.925987
GS,2026-09-03 13:50:00+00:00,1031.63,1037.45,1031.455,1034.18,54307.0,1821.0,1035.43143
GS,2026-09-03 13:55:00+00:00,1034.29,1036.64,1033.64,1036.64,23186.0,1044.0,1035.032043
GS,2026-09-03 14:00:00+00:00,1036.07,1036.07,1028.46,1028.57,21558.0,994.0,1031.033163
GS,2026-09-03 14:05:00+00:00,1028.73,1030.231,1023.67,1024.38,18171.0,993.0,1026.417329
GS,2026-09-03 14:10:00+00:00,1023.97,1025.63,1023.83,1025.25,23893.0,765.0,1024.558129
GS,2026-09-03 14:15:00+00:00,1025.63,1028.635,1025.1,1028.3698,14609.0,788.0,1026.420806
GS,2026-09-03 14:20:00+00:00,1028.725,1028.725,1025.17,1027.32,14548.0,786.0,1026.731175
GS,2026-09-03 14:25:00+00:00,1027.04,1027.3673,1023.8994,1024.47,13365.0,647.0,1026.354423
GS,2026-09-03 14:30:00+00:00,1024.25,1026.65,1023.725,1026.65,11478.0,664.0,1025.035696
GS,2026-09-03 14:35:00+00:00,1026.41,1032.37,1026.41,1032.37,14927.0,839.0,1030.206028
GS,2026-09-03 14:40:00+00:00,1031.55,1032.78,1029.37,1029.37,16322.0,783.0,1031.710534
GS,2026-09-03 14:45:00+00:00,1029.83,1031.595,1029.09,1030.46,9334.0,777.0,1030.19971
GS,2026-09-03 14:50:00+00:00,1030.55,1032.91,1030.09,1031.88,14881.0,656.0,1031.680491
GS,2026-09-03 14:55:00+00:00,1032.305,1033.35,1028.89,1033.25,18939.0,1144.0,1031.289921
GS,2026-09-03 15:00:00+00:00,1033.1208,1033.96,1032.17,1033.29,13046.0,718.0,1033.207994
GS,2026-09-03 15:05:00+00:00,1033.15,1033.9699,1032.41,1032.63,13816.0,700.0,1033.144806
GS,2026-09-03 15:10:00+00:00,1032.41,1034.4,1032.33,1034.13,8673.0,588.0,1033.301167
GS,2026-09-03 15:15:00+00:00,1034.3525,1035.59,1033.64,1035.59,8659.0,662.0,1034.655845
GS,2026-09-03 15:20:00+00:00,1035.735,1036.9999,1034.87,1036.64,14980.0,832.0,1035.95327
GS,2026-09-03 15:25:00+00:00,1036.89,1038.86,1036.705,1038.86,17766.0,904.0,1037.442505
GS,2026-09-03 15:30:00+00:00,1038.81,1039.75,1037.3,1037.865,14946.0,856.0,1038.612755
GS,2026-09-03 15:35:00+00:00,1038.25,1038.955,1036.01,1036.49,24933.0,952.0,1037.058376
GS,2026-09-03 15:40:00+00:00,1036.705,1038.83,1036.6369,1037.56,12135.0,711.0,1037.654252
GS,2026-09-03 15:45:00+00:00,1037.16,1039.295,1037.16,1039.29,9317.0,572.0,1038.308477
GS,2026-09-03 15:50:00+00:00,1039.0,1039.615,1038.3,1038.4,9859.0,674.0,1039.072796
GS,2026-09-03 15:55:00+00:00,1038.41,1039.5963,1038.34,1039.485,11546.0,687.0,1038.886869
GS,2026-09-03 16:00:00+00:00,1039.34,1039.63,1035.95,1036.08,10124.0,651.0,1037.873349
GS,2026-09-03 16:05:00+00:00,1035.88,1036.88,1034.32,1035.04,13246.0,611.0,1035.446262
GS,2026-09-03 16:10:00+00:00,1034.92,1035.6,1034.48,1034.72,11439.0,649.0,1034.988144
GS,2026-09-03 16:15:00+00:00,1035.33,1036.0583,1034.6101,1035.08,8083.0,444.0,1035.131868
GS,2026-09-03 16:20:00+00:00,1034.8,1036.2196,1034.7822,1035.7825,7175.0,460.0,1035.196717
GS,2026-09-03 16:25:00+00:00,1035.6,1035.97,1034.68,1035.2,12379.0,612.0,1035.398338
GS,2026-09-03 16:30:00+00:00,1035.335,1036.14,1035.31,1036.08,8992.0,596.0,1035.703186
GS,2026-09-03 16:35:00+00:00,1036.09,1036.92,1035.75,1036.63,11060.0,666.0,1036.300552
GS,2026-09-03 16:40:00+00:00,1036.44,1037.04,1036.04,1036.92,7696.0,528.0,1036.689711
GS,2026-09-03 16:45:00+00:00,1036.82,1036.97,1036.2401,1036.685,7853.0,427.0,1036.545153
GS,2026-09-03 16:50:00+00:00,1036.68,1036.68,1035.17,1035.335,10163.0,577.0,1035.431517
GS,2026-09-03 16:55:00+00:00,1035.55,1035.8416,1035.02,1035.405,8372.0,477.0,1035.396339
GS,2026-09-03 17:00:00+00:00,1035.4,1035.59,1034.495,1034.825,6122.0,412.0,1034.829117
GS,2026-09-03 17:05:00+00:00,1034.87,1035.6599,1033.265,1033.265,7861.0,473.0,1034.418475
GS,2026-09-03 17:10:00+00:00,1033.4,1033.545,1032.875,1033.4,7156.0,449.0,1033.258081
GS,2026-09-03 17:15:00+00:00,1033.27,1033.66,1033.0,1033.08,4075.0,369.0,1033.416543
GS,2026-09-03 17:20:00+00:00,1033.08,1034.79,1033.075,1034.79,6515.0,397.0,1033.915265
GS,2026-09-03 17:25:00+00:00,1034.695,1035.47,1034.39,1035.0,11415.0,678.0,1034.953861
GS,2026-09-03 17:30:00+00:00,1035.29,1036.2,1035.05,1035.97,10453.0,773.0,1035.61141
GS,2026-09-03 17:35:00+00:00,1036.275,1036.46,1035.115,1035.47,11856.0,838.0,1035.507991
GS,2026-09-03 17:40:00+00:00,1035.52,1035.93,1035.3,1035.6068,6481.0,460.0,1035.68894
GS,2026-09-03 17:45:00+00:00,1035.6,1035.71,1034.74,1034.93,10471.0,665.0,1035.207145
GS,2026-09-03 17:50:00+00:00,1035.23,1035.5,1034.01,1034.01,6371.0,552.0,1034.881455
GS,2026-09-03 17:55:00+00:00,1034.11,1034.11,1033.14,1033.82,9246.0,597.0,1033.599819
GS,2026-09-03 18:00:00+00:00,1033.715,1033.965,1031.71,1031.71,13886.0,658.0,1032.832079
GS,2026-09-03 18:05:00+00:00,1031.52,1032.4,1031.14,1031.66,7647.0,564.0,1031.930196
GS,2026-09-03 18:10:00+00:00,1031.75,1033.43,1031.02,1032.96,13478.0,603.0,1031.687716
GS,2026-09-03 18:15:00+00:00,1032.92,1033.01,1031.92,1032.03,8547.0,452.0,1032.600497
GS,2026-09-03 18:20:00+00:00,1032.17,1032.46,1031.59,1032.46,7691.0,490.0,1031.802832
GS,2026-09-03 18:25:00+00:00,1032.46,1032.8799,1031.9601,1032.34,3647.0,402.0,1032.391812
GS,2026-09-03 18:30:00+00:00,1032.28,1032.445,1031.63,1031.83,4903.0,441.0,1032.006166
GS,2026-09-03 18:35:00+00:00,1031.98,1032.045,1031.47,1031.59,4768.0,400.0,1031.743619
GS,2026-09-03 18:40:00+00:00,1031.595,1032.89,1031.595,1032.45,4928.0,364.0,1032.367402
GS,2026-09-03 18:45:00+00:00,1032.38,1033.4494,1032.38,1033.105,7111.0,614.0,1032.937812
GS,2026-09-03 18:50:00+00:00,1033.43,1033.43,1031.98,1032.23,8292.0,472.0,1032.492439
GS,2026-09-03 18:55:00+00:00,1032.5499,1032.67,1031.905,1032.67,6486.0,453.0,1032.328101
GS,2026-09-03 19:00:00+00:00,1032.8,1034.9199,1032.575,1034.695,7882.0,572.0,1034.028461
GS,2026-09-03 19:05:00+00:00,1034.71,1035.8953,1034.71,1035.8953,11565.0,782.0,1035.337212
GS,2026-09-03 19:10:00+00:00,1035.3701,1036.6665,1035.28,1035.305,10093.0,673.0,1035.866498
GS,2026-09-03 19:15:00+00:00,1035.3,1035.69,1034.7,1035.69,6398.0,554.0,1035.175478
GS,2026-09-03 19:20:00+00:00,1035.48,1036.52,1035.4,1035.865,8779.0,761.0,1036.039325
GS,2026-09-03 19:25:00+00:00,1035.63,1037.32,1035.63,1036.95,11078.0,801.0,1036.73823
GS,2026-09-03 19:30:00+00:00,1037.41,1038.82,1037.41,1038.82,18603.0,1050.0,1038.275522
GS,2026-09-03 19:35:00+00:00,1038.94,1039.75,1038.71,1039.37,21591.0,1153.0,1039.139074
GS,2026-09-03 19:40:00+00:00,1039.57,1039.57,1038.855,1039.27,16773.0,1134.0,1039.104454
GS,2026-09-03 19:45:00+00:00,1039.05,1039.085,1037.89,1038.83,28230.0,1486.0,1038.35792
GS,2026-09-03 19:50:00+00:00,1038.95,1039.83,1038.37,1038.8396,33503.0,1990.0,1039.102073
GS,2026-09-03 19:55:00+00:00,1038.84,1039.375,1037.01,1038.41,97030.0,5182.0,1038.21862
GS,2026-09-03 20:00:00+00:00,1037.93,1038.2191,1037.92,1038.0165,396994.0,134.0,1037.930115
GS,2026-09-03 20:05:00+00:00,1037.93,1037.93,1037.93,1037.93,718.0,1.0,1037.93
GS,2026-09-03 20:35:00+00:00,1037.93,1039.78,1037.93,1039.76,434.0,26.0,1039.265246
GS,2026-09-03 22:40:00+00:00,1036.12,1036.12,1035.55,1035.55,177.0,5.0,1035.919512
GS,2026-09-03 23:30:00+00:00,1036.75,1036.75,1036.75,1036.75,104.0,4.0,1036.75
GS,2026-09-03 23:45:00+00:00,1036.6,1036.6,1036.6,1036.6,69.0,1.0,1036.6
GS,2026-09-03 23:50:00+00:00,1036.2606,1036.49,1036.2606,1036.49,100.0,5.0,1036.362556
GS,2026-09-04 08:00:00+00:00,1035.7556,1035.7556,1035.7556,1035.7556,69.0,12.0,1035.7556
GS,2026-09-04 10:00:00+00:00,1037.0,1037.0,1037.0,1037.0,50.0,1.0,1037.0
GS,2026-09-04 11:00:00+00:00,1038.816,1038.816,1038.816,1038.816,75.0,1.0,1038.816
GS,2026-09-04 11:05:00+00:00,1035.0001,1035.0001,1035.0001,1035.0001,76.0,3.0,1035.0001
GS,2026-09-04 11:15:00+00:00,1035.2475,1036.06,1035.01,1036.06,552.0,8.0,1035.890682
GS,2026-09-04 11:20:00+00:00,1036.06,1036.06,1036.06,1036.06,81.0,4.0,1036.06
GS,2026-09-04 11:55:00+00:00,1036.0,1036.0,1036.0,1036.0,85.0,7.0,1036.0
GS,2026-09-04 12:25:00+00:00,1039.2357,1039.2357,1039.2357,1039.2357,125.0,6.0,1039.2357
GS,2026-09-04 12:30:00+00:00,1035.0,1035.0,1033.0,1033.0,667.0,19.0,1033.387621
GS,2026-09-04 12:55:00+00:00,1035.0,1037.0,1035.0,1037.0,183.0,5.0,1036.111111
GS,2026-09-04 13:20:00+00:00,1035.0,1035.0,1034.66,1034.66,166.0,12.0,1034.83
GS,2026-09-04 13:30:00+00:00,1031.09,1040.86,1031.09,1036.6,26322.0,1020.0,1034.850453
GS,2026-09-04 13:35:00+00:00,1036.765,1038.18,1029.78,1029.78,55333.0,1878.0,1032.563859
GS,2026-09-04 13:40:00+00:00,1029.525,1032.09,1028.0,1029.7774,23437.0,923.0,1029.724498
GS,2026-09-04 13:45:00+00:00,1029.38,1034.9465,1029.38,1034.52,5960.0,567.0,1032.272442
GS,2026-09-04 13:50:00+00:00,1033.76,1034.73,1030.97,1031.64,17050.0,707.0,1033.477246
GS,2026-09-04 13:55:00+00:00,1031.03,1031.69,1029.5,1030.995,27731.0,767.0,1030.552722
GS,2026-09-04 14:00:00+00:00,1031.07,1031.834,1028.38,1028.86,25869.0,1076.0,1030.064492
GS,2026-09-04 14:05:00+00:00,1028.59,1029.4399,1027.12,1027.12,10384.0,718.0,1028.243299
GS,2026-09-04 14:10:00+00:00,1027.315,1029.5,1026.98,1029.27,12373.0,780.0,1027.948813
GS,2026-09-04 14:15:00+00:00,1029.0,1029.2885,1027.41,1027.455,7334.0,624.0,1028.311408
GS,2026-09-04 14:20:00+00:00,1027.86,1028.76,1026.31,1027.785,5987.0,556.0,1027.595597
GS,2026-09-04 14:25:00+00:00,1028.55,1028.76,1026.8,1027.16,5704.0,610.0,1027.553979
GS,2026-09-04 14:30:00+00:00,1027.48,1027.99,1025.45,1027.06,17787.0,832.0,1026.693654
GS,2026-09-04 14:35:00+00:00,1027.0,1029.455,1027.0,1029.455,6792.0,436.0,1028.164344
GS,2026-09-04 14:40:00+00:00,1029.505,1030.66,1028.31,1028.355,7423.0,577.0,1029.328004
GS,2026-09-04 14:45:00+00:00,1028.71,1029.35,1026.87,1026.87,6120.0,520.0,1028.121188
GS,2026-09-04 14:50:00+00:00,1027.21,1028.05,1025.05,1025.05,10834.0,598.0,1027.198072
GS,2026-09-04 14:55:00+00:00,1025.05,1026.43,1025.0,1025.8,12150.0,676.0,1025.552686
GS,2026-09-04 15:00:00+00:00,1026.25,1027.48,1026.0,1027.4499,4957.0,532.0,1026.833339
GS,2026-09-04 15:05:00+00:00,1027.045,1027.26,1026.0,1026.18,7010.0,503.0,1026.389493
GS,2026-09-04 15:10:00+00:00,1026.19,1026.85,1025.41,1026.85,6286.0,511.0,1026.069954
GS,2026-09-04 15:15:00+00:00,1026.23,1027.1,1024.63,1025.52,13449.0,599.0,1025.644752
GS,2026-09-04 15:20:00+00:00,1025.0088,1026.6399,1025.0088,1025.97,8724.0,547.0,1025.748362
GS,2026-09-04 15:25:00+00:00,1025.89,1026.99,1025.29,1026.74,4107.0,425.0,1026.298232
GS,2026-09-04 15:30:00+00:00,1026.935,1027.24,1025.83,1027.145,7100.0,499.0,1026.696124
GS,2026-09-04 15:35:00+00:00,1027.35,1027.85,1026.6101,1027.075,10351.0,703.0,1027.33312
GS,2026-09-04 15:40:00+00:00,1027.565,1029.575,1027.41,1029.05,6813.0,470.0,1028.578372
GS,2026-09-04 15:45:00+00:00,1029.225,1031.48,1028.84,1031.48,6702.0,480.0,1030.082887
GS,2026-09-04 15:50:00+00:00,1031.4,1031.76,1030.7096,1030.82,4892.0,464.0,1031.107656
GS,2026-09-04 15:55:00+00:00,1030.99,1031.51,1030.12,1030.13,6713.0,585.0,1030.554716
GS,2026-09-04 16:00:00+00:00,1030.24,1032.15,1030.24,1032.15,3948.0,458.0,1031.494436
GS,2026-09-04 16:05:00+00:00,1032.24,1033.4,1032.16,1033.13,6155.0,462.0,1032.637275
GS,2026-09-04 16:10:00+00:00,1033.3093,1034.15,1033.15,1034.15,4506.0,397.0,1033.56755
GS,2026-09-04 16:15:00+00:00,1033.853,1034.68,1033.65,1034.3825,5727.0,407.0,1034.034949
GS,2026-09-04 16:20:00+00:00,1034.45,1034.53,1033.5,1033.51,5751.0,440.0,1033.844278
GS,2026-09-04 16:25:00+00:00,1033.505,1033.505,1032.94,1033.5,4939.0,449.0,1033.156762
GS,2026-09-04 16:30:00+00:00,1033.17,1033.7,1032.79,1033.7,7070.0,466.0,1033.233909
GS,2026-09-04 16:35:00+00:00,1033.42,1033.425,1032.51,1033.26,10633.0,483.0,1032.864521
GS,2026-09-04 16:40:00+00:00,1033.225,1034.25,1032.91,1033.98,6209.0,469.0,1033.503328
GS,2026-09-04 16:45:00+00:00,1034.0125,1034.5,1033.44,1033.985,8763.0,463.0,1033.93934
GS,2026-09-04 16:50:00+00:00,1034.23,1036.2475,1034.23,1035.82,12389.0,688.0,1035.197108
GS,2026-09-04 16:55:00+00:00,1035.69,1037.2299,1035.65,1036.83,6659.0,425.0,1036.440045
GS,2026-09-04 17:00:00+00:00,1036.9925,1037.55,1034.81,1035.27,20084.0,508.0,1035.83259
GS,2026-09-04 17:05:00+00:00,1035.27,1035.95,1034.07,1034.78,10191.0,412.0,1034.697881
GS,2026-09-04 17:10:00+00:00,1035.5,1036.74,1035.11,1036.58,3471.0,282.0,1035.882083
GS,2026-09-04 17:15:00+00:00,1036.4,1036.91,1035.43,1036.34,5172.0,394.0,1036.174332
GS,2026-09-04 17:20:00+00:00,1036.08,1036.9,1036.08,1036.82,11580.0,544.0,1036.450353
GS,2026-09-04 17:25:00+00:00,1036.98,1037.4,1035.79,1035.93,6889.0,457.0,1036.610337
GS,2026-09-04 17:30:00+00:00,1036.22,1036.65,1035.1,1036.595,8443.0,532.0,1035.963213
GS,2026-09-04 17:35:00+00:00,1036.55,1038.58,1036.47,1038.13,9912.0,464.0,1037.620202
GS,2026-09-04 17:40:00+00:00,1038.56,1038.56,1037.5101,1037.825,4429.0,417.0,1038.013843
GS,2026-09-04 17:45:00+00:00,1037.51,1037.965,1037.02,1037.805,3983.0,414.0,1037.528974
GS,2026-09-04 17:50:00+00:00,1038.0,1038.0,1036.81,1037.815,9679.0,631.0,1037.711305
GS,2026-09-04 17:55:00+00:00,1037.88,1039.25,1037.88,1038.835,8055.0,550.0,1038.436649
GS,2026-09-04 18:00:00+00:00,1039.25,1039.25,1038.36,1038.47,6570.0,446.0,1038.670297
GS,2026-09-04 18:05:00+00:00,1038.74,1039.45,1038.36,1039.45,6754.0,464.0,1038.810324
GS,2026-09-04 18:10:00+00:00,1039.59,1040.25,1038.95,1039.98,11936.0,717.0,1039.855462
GS,2026-09-04 18:15:00+00:00,1040.2,1041.11,1039.5892,1041.02,5639.0,417.0,1040.407013
GS,2026-09-04 18:20:00+00:00,1041.02,1041.03,1040.22,1040.78,9713.0,497.0,1040.655225
GS,2026-09-04 18:25:00+00:00,1041.1952,1041.1952,1039.67,1039.85,6001.0,482.0,1040.483381
GS,2026-09-04 18:30:00+00:00,1040.51,1040.99,1040.29,1040.97,3244.0,306.0,1040.694336
GS,2026-09-04 18:35:00+00:00,1041.0953,1041.0953,1039.0006,1039.165,5640.0,416.0,1039.97069
GS,2026-09-04 18:40:00+00:00,1039.16,1040.0,1039.02,1039.87,4432.0,412.0,1039.510305
GS,2026-09-04 18:45:00+00:00,1039.69,1040.15,1039.34,1039.34,5846.0,421.0,1039.762467
GS,2026-09-04 18:50:00+00:00,1039.35,1039.47,1038.295,1038.295,3451.0,354.0,1039.052775
GS,2026-09-04 18:55:00+00:00,1038.34,1038.53,1037.48,1037.49,5618.0,549.0,1038.008778
GS,2026-09-04 19:00:00+00:00,1037.385,1037.98,1036.34,1036.75,6582.0,547.0,1036.938462
GS,2026-09-04 19:05:00+00:00,1036.5,1037.05,1036.0,1036.44,7098.0,461.0,1036.444506
GS,2026-09-04 19:10:00+00:00,1036.595,1037.455,1036.375,1036.5679,6525.0,466.0,1036.694335
GS,2026-09-04 19:15:00+00:00,1036.53,1037.43,1036.47,1037.0,7168.0,458.0,1037.023177
GS,2026-09-04 19:20:00+00:00,1037.0,1037.3,1036.5,1036.73,9344.0,580.0,1036.979127
GS,2026-09-04 19:25:00+00:00,1037.0403,1037.41,1036.61,1037.41,3973.0,504.0,1036.966188
GS,2026-09-04 19:30:00+00:00,1037.115,1037.52,1036.15,1036.23,9768.0,745.0,1036.786983
GS,2026-09-04 19:35:00+00:00,1036.23,1036.54,1035.01,1035.91,18643.0,887.0,1035.878991
GS,2026-09-04 19:40:00+00:00,1035.91,1036.12,1035.02,1035.71,14450.0,998.0,1035.533315
GS,2026-09-04 19:45:00+00:00,1035.53,1038.78,1034.81,1038.44,43836.0,1781.0,1037.305846
GS,2026-09-04 19:50:00+00:00,1037.65,1039.4,1037.0,1038.79,21980.0,1326.0,1038.427147
GS,2026-09-04 19:55:00+00:00,1039.39,1039.9,1037.34,1038.02,75571.0,4125.0,1038.421615
GS,2026-09-04 20:00:00+00:00,1038.61,1038.61,1038.61,1038.61,437110.0,103.0,1038.61
GS,2026-09-04 20:15:00+00:00,1038.61,1039.3961,1038.61,1039.3961,793.0,9.0,1038.660913
GS,2026-09-04 20:25:00+00:00,1037.99,1037.99,1037.99,1037.99,101.0,10.0,1037.99
GS,2026-09-04 20:30:00+00:00,1038.61,1038.61,1038.61,1038.61,169.0,3.0,1038.61
GS,2026-09-04 20:35:00+00:00,1038.61,1038.61,1038.61,1038.61,101.0,2.0,1038.61
GS,2026-09-04 20:45:00+00:00,1034.09,1034.09,1034.09,1034.09,80.0,2.0,1034.09
GS,2026-09-04 21:00:00+00:00,1038.38,1038.55,1038.38,1038.55,201.0,5.0,1038.501429
GS,2026-09-04 21:45:00+00:00,1037.0,1037.0,1037.0,1037.0,100.0,1.0,1037.0
GS,2026-09-04 23:00:00+00:00,1037.94,1037.94,1037.94,1037.94,200.0,3.0,1037.94
GS,2026-09-08 08:00:00+00:00,1027.98,1034.0,1027.98,1030.0,1157.0,172.0,1030.187749
GS,2026-09-08 08:15:00+00:00,1025.06,1025.06,1025.06,1025.06,95.0,14.0,1025.06
GS,2026-09-08 08:20:00+00:00,1025.0,1025.0,1025.0,1025.0,54.0,6.0,1025.0
GS,2026-09-08 08:25:00+00:00,1025.0,1025.0,1025.0,1025.0,106.0,5.0,1025.0
GS,2026-09-08 09:25:00+00:00,1025.01,1025.01,1025.01,1025.01,42.0,3.0,1025.01
GS,2026-09-08 09:35:00+00:00,1026.08,1026.08,1026.08,1026.08,90.0,2.0,1026.08
GS,2026-09-08 11:00:00+00:00,1027.54,1027.54,1027.54,1027.54,75.0,11.0,1027.54
GS,2026-09-08 11:05:00+00:00,1027.22,1028.15,1027.22,1028.15,188.0,11.0,1027.861628
GS,2026-09-08 11:20:00+00:00,1029.0,1029.0,1029.0,1029.0,50.0,1.0,1029.0
GS,2026-09-08 11:30:00+00:00,1028.99,1029.49,1028.99,1029.49,236.0,13.0,1029.212472
GS,2026-09-08 11:35:00+00:00,1029.98,1032.0,1029.97,1032.0,401.0,18.0,1030.198279
GS,2026-09-08 12:30:00+00:00,1032.83,1032.83,1032.83,1032.83,105.0,7.0,1032.83
GS,2026-09-08 12:50:00+00:00,1034.81,1034.81,1034.81,1034.81,133.0,4.0,1034.81
GS,2026-09-08 13:10:00+00:00,1036.23,1037.0,1036.23,1037.0,1108.0,22.0,1036.878635
GS,2026-09-08 13:15:00+00:00,1038.51,1038.51,1037.51,1037.51,159.0,9.0,1038.075217
GS,2026-09-08 13:25:00+00:00,1037.69,1037.7,1037.69,1037.7,162.0,5.0,1037.696061
GS,2026-09-08 13:30:00+00:00,1040.55,1043.84,1030.89,1039.9751,74122.0,2040.0,1039.45812
GS,2026-09-08 13:35:00+00:00,1039.61,1039.755,1035.361,1037.335,16400.0,738.0,1038.104048
GS,2026-09-08 13:40:00+00:00,1038.72,1038.72,1035.0,1036.05,9256.0,605.0,1036.545453
GS,2026-09-08 13:45:00+00:00,1036.05,1039.3782,1033.77,1036.57,17515.0,697.0,1036.063293
GS,2026-09-08 13:50:00+00:00,1036.99,1037.86,1035.1,1035.81,7829.0,570.0,1036.066036
GS,2026-09-08 13:55:00+00:00,1035.855,1037.84,1034.3,1036.69,10163.0,584.0,1035.897717
GS,2026-09-08 14:00:00+00:00,1037.84,1037.84,1032.99,1033.9289,11832.0,689.0,1035.073879
GS,2026-09-08 14:05:00+00:00,1033.055,1033.5,1029.34,1030.7618,18623.0,742.0,1031.12136
GS,2026-09-08 14:10:00+00:00,1029.905,1032.9199,1029.55,1031.225,8494.0,565.0,1030.819098
GS,2026-09-08 14:15:00+00:00,1031.23,1032.59,1028.56,1029.065,11415.0,627.0,1030.832447
GS,2026-09-08 14:20:00+00:00,1029.65,1032.07,1029.0,1032.0,7728.0,572.0,1030.056842
GS,2026-09-08 14:25:00+00:00,1032.0,1032.0,1029.34,1030.1358,5707.0,603.0,1030.91993
GS,2026-09-08 14:30:00+00:00,1029.97,1031.295,1029.8901,1030.755,4600.0,462.0,1030.5238
GS,2026-09-08 14:35:00+00:00,1030.645,1031.14,1029.91,1031.14,5343.0,466.0,1030.568384
GS,2026-09-08 14:40:00+00:00,1030.88,1031.6,1028.6,1029.2,8877.0,568.0,1029.664053
GS,2026-09-08 14:45:00+00:00,1028.91,1032.7,1028.6,1032.7,8702.0,715.0,1030.382851
GS,2026-09-08 14:50:00+00:00,1032.895,1034.0,1031.975,1033.11,5919.0,519.0,1033.021154
GS,2026-09-08 14:55:00+00:00,1033.45,1036.0,1033.45,1035.94,11308.0,631.0,1034.392695
GS,2026-09-08 15:00:00+00:00,1035.63,1036.91,1034.29,1035.89,8271.0,596.0,1035.573318
GS,2026-09-08 15:05:00+00:00,1035.625,1037.0,1035.24,1037.0,9336.0,480.0,1036.177556
GS,2026-09-08 15:10:00+00:00,1037.5,1038.4,1037.36,1037.36,7856.0,568.0,1037.95346
GS,2026-09-08 15:15:00+00:00,1037.0,1038.07,1036.63,1036.79,6709.0,501.0,1037.252396
GS,2026-09-08 15:20:00+00:00,1036.67,1037.76,1035.454,1037.42,7682.0,588.0,1036.836391
GS,2026-09-08 15:25:00+00:00,1037.71,1039.475,1037.7,1038.74,7665.0,574.0,1038.670035
GS,2026-09-08 15:30:00+00:00,1039.33,1039.78,1038.415,1038.99,8908.0,552.0,1039.118945
GS,2026-09-08 15:35:00+00:00,1038.83,1038.83,1036.7,1036.81,4329.0,436.0,1037.623487
GS,2026-09-08 15:40:00+00:00,1036.76,1038.13,1036.64,1038.0,4586.0,506.0,1037.449056
GS,2026-09-08 15:45:00+00:00,1038.3525,1039.25,1037.78,1038.75,7223.0,548.0,1038.422186
GS,2026-09-08 15:50:00+00:00,1038.87,1039.25,1037.775,1038.09,7425.0,520.0,1038.70673
GS,2026-09-08 15:55:00+00:00,1038.11,1038.66,1037.64,1037.65,3510.0,375.0,1037.998796
GS,2026-09-08 16:00:00+00:00,1037.54,1038.31,1036.97,1037.93,4570.0,421.0,1037.666246
GS,2026-09-08 16:05:00+00:00,1037.78,1038.67,1037.175,1037.175,3944.0,375.0,1037.910462
GS,2026-09-08 16:10:00+00:00,1037.17,1037.17,1036.0,1036.715,3698.0,357.0,1036.510735
GS,2026-09-08 16:15:00+00:00,1036.45,1036.58,1035.25,1035.87,3975.0,368.0,1035.993619
GS,2026-09-08 16:20:00+00:00,1036.3,1037.94,1036.3,1037.94,3257.0,397.0,1037.198732
GS,2026-09-08 16:25:00+00:00,1037.64,1037.95,1037.2,1037.36,3789.0,393.0,1037.587021
GS,2026-09-08 16:30:00+00:00,1037.0401,1037.5,1036.89,1037.38,4934.0,458.0,1037.257848
GS,2026-09-08 16:35:00+00:00,1037.9467,1037.9467,1036.84,1036.89,5000.0,367.0,1037.008647
GS,2026-09-08 16:40:00+00:00,1037.185,1037.685,1037.095,1037.5,2511.0,292.0,1037.371726
GS,2026-09-08 16:45:00+00:00,1037.545,1039.09,1037.41,1038.34,6090.0,471.0,1038.441136
GS,2026-09-08 16:50:00+00:00,1038.64,1039.41,1038.64,1038.945,3227.0,291.0,1038.988686
GS,2026-09-08 16:55:00+00:00,1038.995,1038.995,1037.28,1037.461,5468.0,496.0,1038.172354
GS,2026-09-08 17:00:00+00:00,1038.125,1040.0,1037.96,1040.0,6169.0,511.0,1038.997157
GS,2026-09-08 17:05:00+00:00,1040.17,1040.17,1038.99,1039.0,3278.0,375.0,1039.527166
GS,2026-09-08 17:10:00+00:00,1038.68,1038.725,1037.41,1037.41,2613.0,284.0,1038.203307
GS,2026-09-08 17:15:00+00:00,1037.88,1038.1,1037.35,1038.1,2490.0,266.0,1037.712821
GS,2026-09-08 17:20:00+00:00,1037.86,1037.99,1037.4,1037.43,6264.0,321.0,1037.680548
GS,2026-09-08 17:25:00+00:00,1037.36,1037.36,1035.8301,1036.29,6207.0,448.0,1036.181917
GS,2026-09-08 17:30:00+00:00,1036.52,1037.46,1036.315,1037.2,4701.0,327.0,1036.792172
GS,2026-09-08 17:35:00+00:00,1037.97,1038.4699,1037.665,1038.12,3380.0,305.0,1038.163696
GS,2026-09-08 17:40:00+00:00,1038.245,1039.215,1038.0,1038.76,8689.0,495.0,1038.574565
GS,2026-09-08 17:45:00+00:00,1038.26,1038.7299,1038.13,1038.49,3428.0,274.0,1038.307821
GS,2026-09-08 17:50:00+00:00,1038.49,1039.99,1038.49,1039.8299,6946.0,350.0,1039.049959
GS,2026-09-08 17:55:00+00:00,1039.585,1039.585,1039.18,1039.21,6609.0,336.0,1039.472843
GS,2026-09-08 18:00:00+00:00,1039.22,1039.48,1038.98,1039.345,8168.0,757.0,1039.246717
GS,2026-09-08 18:05:00+00:00,1039.35,1039.76,1038.7,1039.675,4342.0,419.0,1039.32349
GS,2026-09-08 18:10:00+00:00,1039.67,1039.67,1038.3675,1038.37,8482.0,428.0,1038.675325
GS,2026-09-08 18:15:00+00:00,1038.59,1039.065,1038.5601,1039.06,3915.0,341.0,1038.875888
GS,2026-09-08 18:20:00+00:00,1038.5784,1039.325,1038.5784,1038.7101,4298.0,400.0,1038.96308
GS,2026-09-08 18:25:00+00:00,1039.04,1039.05,1038.385,1038.625,3838.0,391.0,1038.759546
GS,2026-09-08 18:30:00+00:00,1038.54,1038.99,1037.77,1037.865,4330.0,473.0,1038.44275
GS,2026-09-08 18:35:00+00:00,1037.4675,1037.74,1036.5,1036.5,8598.0,470.0,1036.987182
GS,2026-09-08 18:40:00+00:00,1036.53,1037.0136,1036.53,1036.81,2281.0,270.0,1036.834104
GS,2026-09-08 18:45:00+00:00,1036.56,1037.15,1033.14,1034.33,18021.0,895.0,1035.645746
GS,2026-09-08 18:50:00+00:00,1034.66,1034.66,1031.06,1032.97,7888.0,547.0,1032.690189
GS,2026-09-08 18:55:00+00:00,1032.975,1033.58,1032.51,1032.7,3939.0,385.0,1033.173504
GS,2026-09-08 19:00:00+00:00,1033.015,1034.93,1032.9825,1034.74,10581.0,550.0,1033.79318
GS,2026-09-08 19:05:00+00:00,1034.86,1036.17,1034.845,1035.91,11926.0,546.0,1035.367138
GS,2026-09-08 19:10:00+00:00,1036.02,1036.42,1035.63,1036.08,6037.0,476.0,1035.988099
GS,2026-09-08 19:15:00+00:00,1035.95,1036.8099,1035.45,1035.52,13378.0,795.0,1036.281502
GS,2026-09-08 19:20:00+00:00,1035.42,1036.0,1034.26,1034.32,10456.0,723.0,1034.974347
GS,2026-09-08 19:25:00+00:00,1034.195,1034.983,1034.09,1034.48,10140.0,685.0,1034.565485
GS,2026-09-08 19:30:00+00:00,1034.79,1036.29,1034.01,1035.93,14812.0,893.0,1034.987599
GS,2026-09-08 19:35:00+00:00,1035.98,1035.98,1033.3,1034.035,10918.0,825.0,1034.287579
GS,2026-09-08 19:40:00+00:00,1033.945,1034.53,1033.4,1034.26,12789.0,968.0,1033.911837
GS,2026-09-08 19:45:00+00:00,1034.28,1034.715,1033.03,1033.57,16359.0,997.0,1033.968533
GS,2026-09-08 19:50:00+00:00,1033.66,1034.2175,1032.335,1032.62,23531.0,1392.0,1033.201442
GS,2026-09-08 19:55:00+00:00,1032.6,1036.83,1032.37,1036.28,116640.0,5291.0,1035.095832
GS,2026-09-08 20:00:00+00:00,1036.28,1036.53,1036.28,1036.53,426400.0,144.0,1036.529957
GS,2026-09-08 20:15:00+00:00,1036.6,1036.6,1036.6,1036.6,72.0,7.0,1036.6
GS,2026-09-08 20:40:00+00:00,1034.52,1034.52,1034.46,1034.46,524.0,8.0,1034.464908
GS,2026-09-08 20:55:00+00:00,1036.0,1036.0,1036.0,1036.0,50.0,1.0,1036.0
GS,2026-09-08 22:00:00+00:00,1040.94,1041.0,1040.94,1040.94,766.0,45.0,1040.974347
GS,2026-09-09 08:20:00+00:00,1035.98,1035.98,1035.98,1035.98,55.0,4.0,1035.98
GS,2026-09-09 09:20:00+00:00,1034.25,1034.25,1034.0,1034.0,281.0,16.0,1034.131667
GS,2026-09-09 09:50:00+00:00,1030.59,1030.59,1030.59,1030.59,135.0,8.0,1030.59
GS,2026-09-09 09:55:00+00:00,1030.0,1030.0,1030.0,1030.0,150.0,4.0,1030.0
GS,2026-09-09 10:45:00+00:00,1028.06,1028.06,1028.06,1028.06,70.0,5.0,1028.06
GS,2026-09-09 11:00:00+00:00,1031.0,1031.0,1025.01,1025.01,408.0,32.0,1027.591897
GS,2026-09-09 11:15:00+00:00,1027.11,1027.11,1027.11,1027.11,105.0,2.0,1027.11
GS,2026-09-09 11:20:00+00:00,1028.2478,1028.2478,1028.2478,1028.2478,195.0,1.0,1028.2478
GS,2026-09-09 11:55:00+00:00,1028.0,1028.0,1028.0,1028.0,144.0,16.0,1028.0
GS,2026-09-09 12:05:00+00:00,1028.0,1028.0,1028.0,1028.0,101.0,2.0,1028.0
GS,2026-09-09 12:20:00+00:00,1027.11,1027.11,1027.1,1027.1,256.0,5.0,1027.101778
GS,2026-09-09 12:55:00+00:00,1028.0,1028.0,1028.0,1028.0,102.0,5.0,1028.0
GS,2026-09-09 13:25:00+00:00,1026.01,1026.84,1026.0,1026.84,2226.0,26.0,1026.042254
GS,2026-09-09 13:30:00+00:00,1028.0,1028.37,1011.4,1017.435,80321.0,2666.0,1021.00684
GS,2026-09-09 13:35:00+00:00,1018.35,1018.445,1013.01,1015.0761,22788.0,1559.0,1015.342683
GS,2026-09-09 13:40:00+00:00,1014.5901,1022.12,1014.1801,1019.265,37309.0,1496.0,1018.048257
GS,2026-09-09 13:45:00+00:00,1019.28,1026.76,1019.28,1021.65,26952.0,1196.0,1024.450199
GS,2026-09-09 13:50:00+00:00,1021.715,1022.05,1018.69,1020.89,17153.0,724.0,1020.446254
GS,2026-09-09 13:55:00+00:00,1021.04,1024.38,1020.7704,1024.16,18245.0,858.0,1022.497817
GS,2026-09-09 14:00:00+00:00,1023.25,1023.25,1019.635,1021.27,22404.0,947.0,1021.061076
GS,2026-09-09 14:05:00+00:00,1021.29,1023.81,1020.3,1023.175,17133.0,725.0,1021.940039
GS,2026-09-09 14:10:00+00:00,1022.89,1024.07,1019.55,1024.07,21359.0,1014.0,1021.868931
GS,2026-09-09 14:15:00+00:00,1024.15,1024.63,1022.02,1022.41,19696.0,935.0,1023.603045
GS,2026-09-09 14:20:00+00:00,1022.4,1024.77,1021.47,1024.0701,30865.0,985.0,1022.634664
GS,2026-09-09 14:25:00+00:00,1024.06,1031.4,1023.78,1031.4,24178.0,1410.0,1027.938838
GS,2026-09-09 14:30:00+00:00,1032.0,1037.845,1031.594,1032.78,62431.0,2413.0,1034.934218
GS,2026-09-09 14:35:00+00:00,1032.8225,1034.7399,1031.86,1033.95,15098.0,797.0,1033.566575
GS,2026-09-09 14:40:00+00:00,1033.36,1034.67,1031.02,1031.555,19727.0,936.0,1032.906949
GS,2026-09-09 14:45:00+00:00,1031.23,1032.98,1030.424,1032.41,14888.0,814.0,1031.751963
GS,2026-09-09 14:50:00+00:00,1031.98,1038.4325,1031.98,1037.27,26095.0,1201.0,1035.915425
GS,2026-09-09 14:55:00+00:00,1037.36,1038.11,1033.9325,1034.47,18043.0,740.0,1036.894471
GS,2026-09-09 15:00:00+00:00,1034.42,1036.845,1030.03,1030.47,14741.0,785.0,1034.378706
GS,2026-09-09 15:05:00+00:00,1030.275,1032.1099,1029.47,1030.49,18693.0,871.0,1030.729474
GS,2026-09-09 15:10:00+00:00,1030.0,1031.1199,1027.45,1028.03,18909.0,818.0,1029.725777
GS,2026-09-09 15:15:00+00:00,1027.46,1028.8199,1025.35,1025.925,14049.0,723.0,1026.510247
GS,2026-09-09 15:20:00+00:00,1026.29,1026.43,1023.58,1024.375,18223.0,996.0,1024.822455
GS,2026-09-09 15:25:00+00:00,1024.0,1028.0,1023.16,1028.0,10461.0,708.0,1025.034599
GS,2026-09-09 15:30:00+00:00,1028.0,1028.51,1026.72,1028.5,14253.0,837.0,1027.387155
GS,2026-09-09 15:35:00+00:00,1028.405,1030.39,1027.975,1030.39,7795.0,596.0,1028.835485
GS,2026-09-09 15:40:00+00:00,1030.575,1030.625,1028.155,1029.01,11390.0,671.0,1029.324379
GS,2026-09-09 15:45:00+00:00,1028.92,1028.92,1026.92,1026.92,5012.0,450.0,1028.099669
GS,2026-09-09 15:50:00+00:00,1027.41,1027.91,1025.7,1026.11,12214.0,555.0,1026.600464
GS,2026-09-09 15:55:00+00:00,1026.22,1026.22,1024.91,1025.94,5545.0,489.0,1025.289933
GS,2026-09-09 16:00:00+00:00,1025.94,1028.27,1025.94,1028.2361,6389.0,528.0,1027.166336
GS,2026-09-09 16:05:00+00:00,1028.08,1028.84,1027.25,1027.72,6097.0,545.0,1028.108753
GS,2026-09-09 16:10:00+00:00,1027.54,1028.7,1025.885,1028.7,12632.0,529.0,1027.664356
GS,2026-09-09 16:15:00+00:00,1028.35,1029.26,1027.73,1028.6759,5869.0,431.0,1028.385913
GS,2026-09-09 16:20:00+00:00,1029.15,1029.37,1027.94,1029.08,6681.0,481.0,1028.796372
GS,2026-09-09 16:25:00+00:00,1029.15,1029.78,1028.64,1029.15,6578.0,491.0,1029.176555
GS,2026-09-09 16:30:00+00:00,1029.34,1030.31,1029.34,1030.31,9719.0,384.0,1029.882162
GS,2026-09-09 16:35:00+00:00,1030.315,1031.41,1030.2525,1031.175,5161.0,411.0,1030.858821
GS,2026-09-09 16:40:00+00:00,1031.61,1032.99,1031.56,1032.82,6583.0,425.0,1032.325944
GS,2026-09-09 16:45:00+00:00,1032.96,1033.39,1032.31,1033.26,21599.0,680.0,1032.753257
GS,2026-09-09 16:50:00+00:00,1033.08,1033.92,1033.08,1033.37,4728.0,376.0,1033.548029
GS,2026-09-09 16:55:00+00:00,1032.91,1033.34,1032.0632,1032.35,7981.0,459.0,1032.75614
GS,2026-09-09 17:00:00+00:00,1032.49,1032.89,1031.675,1031.675,7894.0,396.0,1031.991251
GS,2026-09-09 17:05:00+00:00,1031.93,1032.59,1031.69,1032.345,11954.0,544.0,1032.192039
GS,2026-09-09 17:10:00+00:00,1032.12,1035.08,1032.12,1034.99,9309.0,419.0,1033.971023
GS,2026-09-09 17:15:00+00:00,1034.99,1034.99,1033.895,1034.69,8939.0,428.0,1034.375156
GS,2026-09-09 17:20:00+00:00,1034.69,1036.5,1034.685,1036.5,6412.0,436.0,1035.450857
GS,2026-09-09 17:25:00+00:00,1036.465,1037.36,1036.04,1037.33,11845.0,601.0,1036.794398
GS,2026-09-09 17:30:00+00:00,1037.38,1037.54,1034.9469,1036.45,14514.0,574.0,1036.215432
GS,2026-09-09 17:35:00+00:00,1036.69,1036.82,1034.33,1035.05,17149.0,621.0,1035.330763
GS,2026-09-09 17:40:00+00:00,1035.05,1036.43,1034.16,1036.135,9082.0,403.0,1035.512252
GS,2026-09-09 17:45:00+00:00,1035.84,1036.79,1035.7537,1036.63,8053.0,541.0,1036.302596
GS,2026-09-09 17:50:00+00:00,1036.8161,1036.8161,1035.4201,1035.73,8572.0,450.0,1036.155427
GS,2026-09-09 17:55:00+00:00,1035.875,1035.875,1034.72,1034.74,6635.0,529.0,1035.111878
GS,2026-09-09 18:00:00+00:00,1035.13,1036.0,1032.72,1032.72,5575.0,392.0,1034.644855
GS,2026-09-09 18:05:00+00:00,1033.1,1033.46,1032.68,1032.69,4448.0,426.0,1032.999132
GS,2026-09-09 18:10:00+00:00,1032.65,1032.82,1032.2,1032.64,6173.0,390.0,1032.500166
GS,2026-09-09 18:15:00+00:00,1032.55,1033.22,1032.07,1032.07,9944.0,480.0,1032.794139
GS,2026-09-09 18:20:00+00:00,1031.871,1032.43,1031.871,1032.04,6457.0,432.0,1032.056666
GS,2026-09-09 18:25:00+00:00,1032.42,1032.75,1031.8,1032.19,4813.0,458.0,1032.252318
GS,2026-09-09 18:30:00+00:00,1032.39,1034.01,1032.39,1033.99,4356.0,469.0,1033.167377
GS,2026-09-09 18:35:00+00:00,1034.04,1034.43,1033.62,1034.275,4918.0,423.0,1034.060593
GS,2026-09-09 18:40:00+00:00,1033.99,1034.2275,1033.335,1033.43,5532.0,492.0,1033.663825
GS,2026-09-09 18:45:00+00:00,1033.52,1034.025,1031.98,1032.42,7539.0,499.0,1032.879281
GS,2026-09-09 18:50:00+00:00,1032.415,1032.89,1031.99,1032.8,6424.0,421.0,1032.544711
GS,2026-09-09 18:55:00+00:00,1032.79,1032.89,1031.6,1031.98,8423.0,504.0,1031.919247
GS,2026-09-09 19:00:00+00:00,1031.835,1032.69,1030.62,1031.25,14925.0,613.0,1031.612768
GS,2026-09-09 19:05:00+00:00,1031.25,1031.28,1030.3,1031.14,8871.0,529.0,1030.964248
GS,2026-09-09 19:10:00+00:00,1031.16,1031.38,1030.5,1031.19,8474.0,538.0,1030.863115
GS,2026-09-09 19:15:00+00:00,1031.38,1032.39,1030.85,1030.85,9201.0,581.0,1031.581219
GS,2026-09-09 19:20:00+00:00,1030.87,1030.9299,1030.1,1030.42,9358.0,600.0,1030.492168
GS,2026-09-09 19:25:00+00:00,1030.4275,1031.06,1030.09,1030.16,10009.0,708.0,1030.636823
GS,2026-09-09 19:30:00+00:00,1030.29,1032.015,1030.15,1031.89,12741.0,837.0,1031.224276
GS,2026-09-09 19:35:00+00:00,1031.67,1031.91,1030.4925,1031.6,12272.0,885.0,1031.310638
GS,2026-09-09 19:40:00+00:00,1031.7,1031.7,1030.21,1030.895,20766.0,965.0,1030.997376
GS,2026-09-09 19:45:00+00:00,1030.69,1032.61,1029.63,1031.6,21680.0,1075.0,1031.276555
GS,2026-09-09 19:50:00+00:00,1031.52,1031.74,1030.51,1031.48,28245.0,1503.0,1031.207657
GS,2026-09-09 19:55:00+00:00,1031.145,1031.99,1028.67,1029.61,136164.0,5872.0,1030.452162
GS,2026-09-09 20:00:00+00:00,1028.78,1028.78,1028.78,1028.78,336129.0,133.0,1028.78
GS,2026-09-09 20:15:00+00:00,1028.78,1028.78,1028.78,1028.78,19354.0,1.0,1028.78
GS,2026-09-09 20:20:00+00:00,1028.0,1028.0,1028.0,1028.0,50.0,1.0,1028.0
GS,2026-09-09 20:30:00+00:00,1029.99,1030.84,1029.99,1030.84,410.0,4.0,1030.756462
GS,2026-09-10 09:25:00+00:00,1028.84,1028.84,1028.84,1028.84,71.0,4.0,1028.84
GS,2026-09-10 09:30:00+00:00,1028.78,1028.89,1028.78,1028.89,272.0,39.0,1028.831765
GS,2026-09-10 09:45:00+00:00,1028.71,1028.71,1028.71,1028.71,53.0,1.0,1028.71
GS,2026-09-10 11:10:00+00:00,1029.0,1029.0,1029.0,1029.0,49.0,1.0,1029.0
GS,2026-09-10 11:40:00+00:00,1029.47,1029.47,1029.47,1029.47,70.0,2.0,1029.47
GS,2026-09-10 11:45:00+00:00,1029.0,1029.0,1029.0,1029.0,100.0,1.0,1029.0
GS,2026-09-10 11:50:00+00:00,1028.2526,1029.01,1028.2526,1029.01,126.0,7.0,1028.635975
GS,2026-09-10 11:55:00+00:00,1028.0,1028.0,1028.0,1028.0,141.0,11.0,1028.0
GS,2026-09-10 12:05:00+00:00,1025.25,1025.25,1025.25,1025.25,1000.0,1.0,1025.25
GS,2026-09-10 12:10:00+00:00,1027.0,1027.0,1027.0,1027.0,50.0,1.0,1027.0
GS,2026-09-10 12:25:00+00:00,1025.25,1025.25,1024.01,1024.33,399.0,23.0,1024.845556
GS,2026-09-10 12:30:00+00:00,1023.0,1023.0,1020.0,1020.0,757.0,31.0,1022.4
GS,2026-09-10 12:35:00+00:00,1028.78,1028.78,1018.77,1018.77,82340.0,12.0,1028.755532
GS,2026-09-10 12:55:00+00:00,1018.5539,1018.5539,1018.5539,1018.5539,55.0,2.0,1018.5539
GS,2026-09-10 13:00:00+00:00,1020.0,1020.0,1019.01,1019.01,155.0,9.0,1019.505
GS,2026-09-10 13:10:00+00:00,1022.1732,1022.1732,1022.1732,1022.1732,459.0,13.0,1022.1732
GS,2026-09-10 13:15:00+00:00,1020.01,1020.01,1019.5,1019.5,524.0,20.0,1019.630536
GS,2026-09-10 13:20:00+00:00,1018.0,1019.0,1018.0,1018.0,785.0,41.0,1018.521368
GS,2026-09-10 13:25:00+00:00,1015.06,1015.06,1013.91,1014.0,1149.0,133.0,1014.565034
GS,2026-09-10 13:30:00+00:00,1017.29,1024.45,1011.68,1022.036,50452.0,1987.0,1016.758773
GS,2026-09-10 13:35:00+00:00,1021.9,1022.91,1018.435,1021.79,17706.0,833.0,1021.299273
GS,2026-09-10 13:40:00+00:00,1022.0865,1026.9999,1020.68,1022.915,18089.0,873.0,1024.161405
GS,2026-09-10 13:45:00+00:00,1023.08,1024.715,1021.53,1022.1,20745.0,928.0,1023.102024
GS,2026-09-10 13:50:00+00:00,1020.7375,1020.7375,1015.5605,1016.92,14587.0,787.0,1018.069613
GS,2026-09-10 13:55:00+00:00,1016.8,1018.66,1015.21,1016.47,18577.0,726.0,1017.18092
GS,2026-09-10 14:00:00+00:00,1017.43,1021.0096,1016.4001,1019.42,11754.0,679.0,1018.900551
GS,2026-09-10 14:05:00+00:00,1018.67,1019.075,1017.52,1018.705,12192.0,543.0,1018.251676
GS,2026-09-10 14:10:00+00:00,1019.29,1020.51,1018.2834,1020.28,15001.0,710.0,1019.389224
GS,2026-09-10 14:15:00+00:00,1020.98,1022.17,1019.71,1020.8384,13636.0,767.0,1020.98592
GS,2026-09-10 14:20:00+00:00,1022.0,1027.04,1022.0,1024.74,18937.0,1054.0,1024.271873
GS,2026-09-10 14:25:00+00:00,1025.305,1027.0,1023.82,1023.82,9038.0,673.0,1025.311382
GS,2026-09-10 14:30:00+00:00,1023.59,1025.375,1023.0,1024.615,10532.0,558.0,1024.035929
GS,2026-09-10 14:35:00+00:00,1024.93,1026.16,1024.32,1024.32,4774.0,409.0,1025.49252
GS,2026-09-10 14:40:00+00:00,1024.63,1025.22,1023.5,1024.0165,7823.0,549.0,1024.253775
GS,2026-09-10 14:45:00+00:00,1023.77,1025.21,1023.7,1023.93,4357.0,464.0,1024.522882
GS,2026-09-10 14:50:00+00:00,1024.5,1026.375,1024.03,1026.375,8827.0,487.0,1025.114863
GS,2026-09-10 14:55:00+00:00,1025.98,1026.27,1024.28,1024.56,19919.0,547.0,1025.087584
GS,2026-09-10 15:00:00+00:00,1024.97,1024.9751,1023.57,1024.07,10987.0,615.0,1024.260262
GS,2026-09-10 15:05:00+00:00,1024.07,1026.53,1024.07,1026.395,6716.0,509.0,1025.308804
GS,2026-09-10 15:10:00+00:00,1027.0,1027.23,1025.5001,1025.825,9021.0,539.0,1026.62223
GS,2026-09-10 15:15:00+00:00,1025.61,1026.42,1025.31,1025.34,6910.0,496.0,1025.931352
GS,2026-09-10 15:20:00+00:00,1025.84,1025.98,1024.2,1025.245,5896.0,482.0,1024.849919
GS,2026-09-10 15:25:00+00:00,1024.83,1025.1499,1024.01,1024.49,3746.0,379.0,1024.732473
GS,2026-09-10 15:30:00+00:00,1024.49,1025.635,1024.49,1025.24,6494.0,506.0,1025.016263
GS,2026-09-10 15:35:00+00:00,1025.19,1025.65,1022.685,1022.685,5092.0,511.0,1024.461572
GS,2026-09-10 15:40:00+00:00,1022.69,1023.89,1022.48,1023.65,5395.0,434.0,1022.924459
GS,2026-09-10 15:45:00+00:00,1023.88,1024.27,1023.72,1024.035,7327.0,373.0,1024.005296
GS,2026-09-10 15:50:00+00:00,1023.89,1024.75,1022.0,1022.035,6869.0,540.0,1023.625406
GS,2026-09-10 15:55:00+00:00,1021.0,1021.73,1020.55,1021.67,7101.0,435.0,1021.078355
GS,2026-09-10 16:00:00+00:00,1021.81,1022.03,1021.06,1021.7546,7463.0,519.0,1021.509189
GS,2026-09-10 16:05:00+00:00,1021.0,1021.56,1018.665,1019.04,6966.0,504.0,1020.293776
GS,2026-09-10 16:10:00+00:00,1018.665,1020.3,1018.65,1019.33,6319.0,478.0,1019.488001
GS,2026-09-10 16:15:00+00:00,1019.49,1019.715,1019.01,1019.25,4176.0,397.0,1019.327627
GS,2026-09-10 16:20:00+00:00,1019.39,1020.27,1019.03,1019.35,5942.0,448.0,1019.61783
GS,2026-09-10 16:25:00+00:00,1019.425,1019.425,1018.73,1019.35,4063.0,412.0,1019.004203
GS,2026-09-10 16:30:00+00:00,1019.07,1021.5,1018.25,1018.48,18297.0,845.0,1019.944986
GS,2026-09-10 16:35:00+00:00,1018.3,1020.4406,1017.77,1019.85,4234.0,314.0,1018.828187
GS,2026-09-10 16:40:00+00:00,1020.09,1020.66,1019.39,1020.2609,4376.0,380.0,1020.069549
GS,2026-09-10 16:45:00+00:00,1019.8575,1020.72,1019.63,1019.7501,3363.0,298.0,1020.190819
GS,2026-09-10 16:50:00+00:00,1019.38,1020.62,1019.38,1020.19,3591.0,303.0,1019.87326
GS,2026-09-10 16:55:00+00:00,1020.41,1021.9798,1020.4,1021.705,4562.0,289.0,1021.369673
GS,2026-09-10 17:00:00+00:00,1021.705,1022.85,1020.31,1020.52,11682.0,735.0,1021.763429
GS,2026-09-10 17:05:00+00:00,1020.66,1021.849,1020.03,1020.03,3792.0,331.0,1020.978491
GS,2026-09-10 17:10:00+00:00,1020.23,1021.21,1019.52,1019.54,8949.0,347.0,1020.703843
GS,2026-09-10 17:15:00+00:00,1019.86,1019.89,1019.01,1019.48,9950.0,435.0,1019.519796
GS,2026-09-10 17:20:00+00:00,1019.365,1020.555,1019.26,1019.26,9242.0,496.0,1019.85779
GS,2026-09-10 17:25:00+00:00,1019.155,1020.5,1019.155,1020.29,5570.0,400.0,1020.099311
GS,2026-09-10 17:30:00+00:00,1020.19,1020.54,1019.71,1020.23,4440.0,370.0,1020.049768
GS,2026-09-10 17:35:00+00:00,1020.295,1020.87,1018.5692,1018.5692,4960.0,426.0,1019.525867
GS,2026-09-10 17:40:00+00:00,1018.84,1019.24,1018.03,1018.97,5308.0,374.0,1018.801221
GS,2026-09-10 17:45:00+00:00,1018.63,1018.7791,1018.0,1018.24,7458.0,520.0,1018.346084
GS,2026-09-10 17:50:00+00:00,1019.0864,1019.695,1018.76,1019.24,4195.0,356.0,1019.270176
GS,2026-09-10 17:55:00+00:00,1019.31,1019.99,1019.25,1019.99,3843.0,355.0,1019.459806
GS,2026-09-10 18:00:00+00:00,1019.54,1020.35,1018.26,1018.26,4533.0,350.0,1018.911187
GS,2026-09-10 18:05:00+00:00,1018.26,1019.005,1017.97,1017.97,5979.0,375.0,1018.421898
GS,2026-09-10 18:10:00+00:00,1017.8,1017.98,1016.67,1017.67,6978.0,500.0,1017.407146
GS,2026-09-10 18:15:00+00:00,1017.64,1017.64,1016.3,1016.575,7816.0,425.0,1016.741915
GS,2026-09-10 18:20:00+00:00,1016.72,1017.33,1016.3,1016.44,6242.0,428.0,1016.76255
GS,2026-09-10 18:25:00+00:00,1016.72,1017.265,1016.44,1016.528,8710.0,426.0,1016.743224
GS,2026-09-10 18:30:00+00:00,1016.44,1016.44,1014.76,1015.48,13884.0,783.0,1015.402186
GS,2026-09-10 18:35:00+00:00,1015.955,1017.2855,1015.61,1016.94,8977.0,540.0,1016.569348
GS,2026-09-10 18:40:00+00:00,1016.6,1017.21,1016.37,1017.07,5492.0,386.0,1016.754328
GS,2026-09-10 18:45:00+00:00,1016.58,1017.84,1016.58,1017.0,7462.0,508.0,1017.173915
GS,2026-09-10 18:50:00+00:00,1016.86,1018.15,1016.26,1017.155,7896.0,534.0,1016.997503
GS,2026-09-10 18:55:00+00:00,1016.83,1017.3599,1016.27,1016.825,3805.0,383.0,1016.801059
GS,2026-09-10 19:00:00+00:00,1016.61,1017.04,1014.82,1014.82,8969.0,637.0,1015.544797
GS,2026-09-10 19:05:00+00:00,1015.11,1016.44,1014.51,1016.19,10342.0,741.0,1015.458628
GS,2026-09-10 19:10:00+00:00,1016.155,1016.35,1015.705,1015.705,5795.0,572.0,1016.015789
GS,2026-09-10 19:15:00+00:00,1016.02,1016.095,1015.01,1015.79,8664.0,685.0,1015.539244
GS,2026-09-10 19:20:00+00:00,1015.97,1016.32,1015.51,1016.32,5942.0,508.0,1015.961406
GS,2026-09-10 19:25:00+00:00,1016.33,1016.55,1015.8,1016.43,6719.0,617.0,1016.193016
GS,2026-09-10 19:30:00+00:00,1016.6,1017.68,1016.495,1017.54,12407.0,913.0,1017.147353
GS,2026-09-10 19:35:00+00:00,1017.59,1017.83,1017.2,1017.2,10026.0,741.0,1017.592716
GS,2026-09-10 19:40:00+00:00,1017.39,1017.39,1016.375,1016.51,11895.0,908.0,1016.841374
GS,2026-09-10 19:45:00+00:00,1016.74,1017.74,1016.715,1017.485,11691.0,810.0,1017.306481
GS,2026-09-10 19:50:00+00:00,1017.31,1018.34,1016.89,1018.045,22110.0,1439.0,1017.761316
GS,2026-09-10 19:55:00+00:00,1017.88,1019.92,1017.13,1019.47,86206.0,4471.0,1018.941886
GS,2026-09-10 20:00:00+00:00,1019.47,1019.77,1019.47,1019.77,993866.0,137.0,1019.76997
GS,2026-09-10 20:15:00+00:00,1020.32,1020.32,1020.32,1020.32,49.0,4.0,1020.32
GS,2026-09-10 20:25:00+00:00,1019.83,1019.83,1019.83,1019.83,100.0,1.0,1019.83
GS,2026-09-10 20:40:00+00:00,1019.88,1019.88,1019.88,1019.88,50.0,1.0,1019.88
GS,2026-09-10 20:55:00+00:00,1019.77,1019.77,1019.77,1019.77,85.0,2.0,1019.77
GS,2026-09-10 21:00:00+00:00,1019.0,1019.0,1014.0001,1014.0001,302.0,9.0,1014.967823
GS,2026-09-10 23:15:00+00:00,1019.85,1019.85,1019.85,1019.85,50.0,2.0,1019.85
GS,2026-09-11 08:00:00+00:00,1024.0,1026.35,1024.0,1026.35,493.0,67.0,1025.566667
GS,2026-09-11 09:50:00+00:00,1029.95,1029.95,1029.95,1029.95,68.0,4.0,1029.95
GS,2026-09-11 10:30:00+00:00,1026.95,1026.95,1026.95,1026.95,75.0,5.0,1026.95
GS,2026-09-11 11:00:00+00:00,1026.0,1027.92,1025.0,1027.2401,384.0,12.0,1026.357742
GS,2026-09-11 11:30:00+00:00,1026.95,1026.95,1024.95,1024.95,94.0,8.0,1025.95
GS,2026-09-11 11:45:00+00:00,1028.0,1028.91,1027.8661,1027.8661,202.0,6.0,1028.417806
GS,2026-09-11 12:00:00+00:00,1028.77,1028.77,1028.77,1028.77,107.0,4.0,1028.77
GS,2026-09-11 12:10:00+00:00,1028.0,1028.0,1028.0,1028.0,50.0,1.0,1028.0
GS,2026-09-11 12:20:00+00:00,1028.91,1030.0,1028.91,1029.85,793.0,23.0,1029.201526
GS,2026-09-11 12:25:00+00:00,1030.0,1030.0,1030.0,1030.0,245.0,14.0,1030.0
GS,2026-09-11 12:30:00+00:00,1029.0,1029.0,1025.09,1025.09,567.0,23.0,1027.126352
GS,2026-09-11 12:35:00+00:00,1025.25,1026.56,1025.25,1026.56,157.0,10.0,1026.104348
GS,2026-09-11 12:40:00+00:00,1031.0,1031.99,1031.0,1031.4,1025.0,30.0,1031.292852
GS,2026-09-11 12:45:00+00:00,1032.25,1032.5,1032.0,1032.0,327.0,10.0,1032.25
GS,2026-09-11 12:50:00+00:00,1033.35,1036.0,1033.35,1036.0,629.0,32.0,1034.732098
GS,2026-09-11 12:55:00+00:00,1037.85,1037.85,1037.85,1037.85,282.0,71.0,1037.85
GS,2026-09-11 13:00:00+00:00,1035.0,1035.0,1035.0,1035.0,51.0,3.0,1035.0
GS,2026-09-11 13:05:00+00:00,1037.91,1038.0,1037.91,1038.0,1237.0,29.0,1037.973431
GS,2026-09-11 13:15:00+00:00,1037.0,1037.0,1037.0,1037.0,336.0,9.0,1037.0
GS,2026-09-11 13:20:00+00:00,1036.5,1036.5,1035.25,1035.25,301.0,7.0,1035.760417
GS,2026-09-11 13:25:00+00:00,1035.0,1035.0,1034.0,1034.0,629.0,38.0,1034.222439
GS,2026-09-11 13:30:00+00:00,1035.05,1042.99,1032.74,1038.995,70180.0,2397.0,1036.701277
GS,2026-09-11 13:35:00+00:00,1038.99,1039.0,1035.78,1038.69,20490.0,801.0,1037.659048
GS,2026-09-11 13:40:00+00:00,1039.0,1039.0,1033.2111,1034.52,18078.0,733.0,1036.71486
GS,2026-09-11 13:45:00+00:00,1033.85,1034.5,1021.0,1021.0,36635.0,1141.0,1028.61884
GS,2026-09-11 13:50:00+00:00,1020.69,1026.265,1020.3,1021.36,20728.0,910.0,1023.792514
GS,2026-09-11 13:55:00+00:00,1022.3,1028.85,1022.0,1028.58,16683.0,713.0,1026.497026
GS,2026-09-11 14:00:00+00:00,1028.06,1034.11,1027.6,1033.3,13586.0,678.0,1030.770628
GS,2026-09-11 14:05:00+00:00,1033.3593,1036.99,1032.27,1036.99,15383.0,661.0,1033.528829
GS,2026-09-11 14:10:00+00:00,1037.0,1037.0,1028.83,1028.83,14763.0,710.0,1033.25664
GS,2026-09-11 14:15:00+00:00,1029.48,1030.3525,1027.87,1030.3525,9680.0,499.0,1029.040898
GS,2026-09-11 14:20:00+00:00,1030.56,1030.57,1027.68,1029.09,5957.0,412.0,1028.995495
GS,2026-09-11 14:25:00+00:00,1028.52,1029.01,1025.71,1025.71,9206.0,2019.0,1027.785776
GS,2026-09-11 14:30:00+00:00,1026.14,1026.7,1024.265,1025.0897,7178.0,452.0,1025.608494
GS,2026-09-11 14:35:00+00:00,1024.8,1026.12,1021.67,1023.14,7696.0,543.0,1024.061198
GS,2026-09-11 14:40:00+00:00,1023.9,1024.53,1020.675,1020.85,8663.0,578.0,1022.910149
GS,2026-09-11 14:45:00+00:00,1020.85,1024.84,1018.585,1024.73,19776.0,1066.0,1020.81569
GS,2026-09-11 14:50:00+00:00,1025.26,1026.3099,1021.5,1022.45,8220.0,475.0,1023.435118
GS,2026-09-11 14:55:00+00:00,1022.48,1023.2475,1021.16,1021.795,14524.0,594.0,1022.353442
GS,2026-09-11 15:00:00+00:00,1021.88,1023.83,1021.31,1023.795,9883.0,474.0,1022.779381
GS,2026-09-11 15:05:00+00:00,1023.24,1027.13,1023.22,1026.675,10495.0,645.0,1025.163385
GS,2026-09-11 15:10:00+00:00,1026.7,1027.1799,1025.87,1026.7134,4758.0,480.0,1026.437447
GS,2026-09-11 15:15:00+00:00,1026.94,1029.146,1026.5593,1028.545,33990.0,471.0,1027.736419
GS,2026-09-11 15:20:00+00:00,1028.375,1030.0,1028.1801,1029.39,6228.0,503.0,1029.302009
GS,2026-09-11 15:25:00+00:00,1029.395,1029.97,1028.81,1029.08,5594.0,441.0,1029.296519
GS,2026-09-11 15:30:00+00:00,1028.52,1029.0475,1027.545,1028.39,6415.0,447.0,1028.300126
GS,2026-09-11 15:35:00+00:00,1028.395,1028.8851,1027.4783,1028.25,4233.0,393.0,1028.199325
GS,2026-09-11 15:40:00+00:00,1028.27,1029.9499,1028.25,1028.8,5465.0,485.0,1028.950812
GS,2026-09-11 15:45:00+00:00,1028.95,1029.535,1027.79,1028.01,4530.0,378.0,1028.417488
GS,2026-09-11 15:50:00+00:00,1027.955,1028.25,1026.47,1026.47,3701.0,331.0,1027.759475
GS,2026-09-11 15:55:00+00:00,1026.95,1028.94,1026.55,1028.1401,6343.0,518.0,1027.527628
GS,2026-09-11 16:00:00+00:00,1028.14,1029.43,1027.93,1029.29,5223.0,447.0,1028.66447
GS,2026-09-11 16:05:00+00:00,1029.0475,1029.42,1028.71,1029.1175,4359.0,352.0,1029.10505
GS,2026-09-11 16:10:00+00:00,1029.125,1030.24,1029.125,1029.51,4619.0,435.0,1029.613675
GS,2026-09-11 16:15:00+00:00,1029.765,1030.24,1029.485,1029.58,3753.0,366.0,1029.803785
GS,2026-09-11 16:20:00+00:00,1029.2701,1030.2,1029.2701,1030.13,4735.0,249.0,1030.003431
GS,2026-09-11 16:25:00+00:00,1029.77,1030.17,1028.425,1028.59,4775.0,421.0,1029.406538
GS,2026-09-11 16:30:00+00:00,1028.88,1032.1782,1028.6,1032.1782,8115.0,601.0,1030.102883
GS,2026-09-11 16:35:00+00:00,1031.19,1031.19,1030.485,1030.485,2613.0,293.0,1030.955741
GS,2026-09-11 16:40:00+00:00,1029.94,1031.64,1029.94,1031.64,3576.0,369.0,1030.778567
GS,2026-09-11 16:45:00+00:00,1031.645,1033.14,1031.64,1033.14,4693.0,411.0,1032.345813
GS,2026-09-11 16:50:00+00:00,1032.795,1032.91,1031.61,1031.61,4625.0,362.0,1032.395931
GS,2026-09-11 16:55:00+00:00,1031.75,1032.9325,1031.75,1032.72,5115.0,372.0,1032.242904
GS,2026-09-11 17:00:00+00:00,1032.51,1032.5435,1030.855,1030.865,4068.0,342.0,1031.909863
GS,2026-09-11 17:05:00+00:00,1031.07,1032.3,1030.56,1031.73,4192.0,402.0,1031.190969
GS,2026-09-11 17:10:00+00:00,1031.51,1032.0,1030.91,1030.91,2817.0,272.0,1031.446515
GS,2026-09-11 17:15:00+00:00,1031.1361,1031.1361,1030.39,1030.8,4362.0,360.0,1030.700099
GS,2026-09-11 17:20:00+00:00,1030.9,1032.27,1030.44,1031.805,7711.0,470.0,1031.571841
GS,2026-09-11 17:25:00+00:00,1031.81,1031.98,1031.41,1031.5,6920.0,270.0,1031.64155
GS,2026-09-11 17:30:00+00:00,1031.605,1031.65,1031.36,1031.645,2950.0,316.0,1031.53917
GS,2026-09-11 17:35:00+00:00,1031.79,1032.24,1031.63,1031.985,5259.0,406.0,1031.887205
GS,2026-09-11 17:40:00+00:00,1032.085,1032.96,1031.995,1032.645,5469.0,499.0,1032.467068
GS,2026-09-11 17:45:00+00:00,1032.645,1032.69,1032.31,1032.525,2037.0,192.0,1032.456305
GS,2026-09-11 17:50:00+00:00,1032.36,1032.59,1031.61,1031.98,4179.0,399.0,1032.050827
GS,2026-09-11 17:55:00+00:00,1031.95,1031.97,1031.265,1031.57,3227.0,274.0,1031.636232
GS,2026-09-11 18:00:00+00:00,1031.61,1032.175,1031.49,1031.6,4211.0,365.0,1031.743484
GS,2026-09-11 18:05:00+00:00,1031.34,1031.885,1031.05,1031.885,2977.0,280.0,1031.394169
GS,2026-09-11 18:10:00+00:00,1031.77,1031.89,1030.76,1030.76,5189.0,392.0,1031.283016
GS,2026-09-11 18:15:00+00:00,1030.51,1032.03,1030.445,1032.01,4111.0,332.0,1031.169391
GS,2026-09-11 18:20:00+00:00,1032.03,1032.34,1031.21,1031.255,8460.0,604.0,1031.939125
GS,2026-09-11 18:25:00+00:00,1031.39,1032.2,1031.24,1032.04,4277.0,379.0,1031.612267
GS,2026-09-11 18:30:00+00:00,1032.19,1032.23,1030.08,1030.13,5336.0,407.0,1030.985976
GS,2026-09-11 18:35:00+00:00,1030.365,1030.6,1029.84,1029.99,5194.0,347.0,1030.176054
GS,2026-09-11 18:40:00+00:00,1030.03,1030.03,1028.785,1028.805,4854.0,334.0,1029.061234
GS,2026-09-11 18:45:00+00:00,1028.8,1029.11,1028.55,1028.925,3601.0,357.0,1028.883117
GS,2026-09-11 18:50:00+00:00,1028.925,1029.26,1028.5983,1029.26,5654.0,468.0,1028.880981
GS,2026-09-11 18:55:00+00:00,1029.28,1029.84,1029.04,1029.265,6358.0,425.0,1029.387441
GS,2026-09-11 19:00:00+00:00,1029.265,1029.5,1028.84,1029.385,5500.0,422.0,1029.118053
GS,2026-09-11 19:05:00+00:00,1029.38,1029.38,1027.88,1028.045,8650.0,560.0,1028.193227
GS,2026-09-11 19:10:00+00:00,1027.8,1028.68,1027.34,1027.725,15074.0,587.0,1027.887297
GS,2026-09-11 19:15:00+00:00,1027.93,1028.79,1027.27,1028.33,20562.0,629.0,1027.804082
GS,2026-09-11 19:20:00+00:00,1028.22,1028.72,1027.02,1028.7,9480.0,509.0,1027.842232
GS,2026-09-11 19:25:00+00:00,1028.71,1029.53,1028.25,1029.06,11864.0,703.0,1028.765472
GS,2026-09-11 19:30:00+00:00,1028.76,1029.355,1027.91,1028.33,12650.0,732.0,1028.638583
GS,2026-09-11 19:35:00+00:00,1028.33,1028.66,1028.04,1028.24,8204.0,528.0,1028.32797
GS,2026-09-11 19:40:00+00:00,1028.25,1028.465,1027.575,1028.24,12638.0,812.0,1028.069103
GS,2026-09-11 19:45:00+00:00,1028.24,1028.865,1027.52,1028.775,15354.0,1009.0,1028.140128
GS,2026-09-11 19:50:00+00:00,1028.775,1030.17,1028.47,1028.71,43855.0,1893.0,1029.116969
GS,2026-09-11 19:55:00+00:00,1028.715,1029.48,1027.88,1028.68,95094.0,4514.0,1028.801406
GS,2026-09-11 20:00:00+00:00,1029.18,1029.18,1028.0,1028.0,299876.0,139.0,1029.171793
GS,2026-09-11 20:10:00+00:00,1029.18,1029.18,1029.18,1029.18,1000.0,10.0,1029.18
GS,2026-09-11 21:35:00+00:00,1028.5,1028.5,1028.5,1028.5,50.0,2.0,1028.5
GS,2026-09-11 21:55:00+00:00,1028.74,1028.74,1028.74,1028.74,70.0,2.0,1028.74
GS,2026-09-11 22:40:00+00:00,1028.77,1028.77,1028.77,1028.77,55.0,3.0,1028.77
GS,2026-09-14 08:00:00+00:00,1026.0,1026.0,1026.0,1026.0,416.0,38.0,1026.0
GS,2026-09-14 09:50:00+00:00,1024.75,1024.75,1024.75,1024.75,50.0,1.0,1024.75
GS,2026-09-14 11:00:00+00:00,1023.3,1023.99,1019.0,1019.0,2593.0,59.0,1020.07922
GS,2026-09-14 11:05:00+00:00,1018.77,1018.77,1018.77,1018.77,61.0,3.0,1018.77
GS,2026-09-14 11:10:00+00:00,1019.4672,1019.4672,1018.76,1018.82,1000.0,19.0,1019.111787
GS,2026-09-14 11:25:00+00:00,1019.05,1019.05,1019.05,1019.05,80.0,3.0,1019.05
GS,2026-09-14 11:30:00+00:00,1018.81,1018.81,1018.63,1018.63,484.0,19.0,1018.753828
GS,2026-09-14 11:35:00+00:00,1018.68,1018.68,1018.01,1018.01,232.0,26.0,1018.267692
GS,2026-09-14 11:45:00+00:00,1018.0,1018.0,1018.0,1018.0,288.0,19.0,1018.0
GS,2026-09-14 11:50:00+00:00,1016.24,1016.24,1015.9,1015.9,372.0,14.0,1016.028483
GS,2026-09-14 12:00:00+00:00,1015.2,1015.2,1015.0,1015.0,405.0,26.0,1015.065116
GS,2026-09-14 12:10:00+00:00,1012.33,1012.5,1011.88,1011.88,848.0,34.0,1012.339521
GS,2026-09-14 12:20:00+00:00,1012.0766,1012.0766,1012.0766,1012.0766,61.0,2.0,1012.0766
GS,2026-09-14 12:25:00+00:00,1011.87,1012.0,1011.87,1012.0,181.0,5.0,1011.911489
GS,2026-09-14 12:30:00+00:00,1011.92,1011.92,1011.92,1011.92,86.0,5.0,1011.92
GS,2026-09-14 12:35:00+00:00,1011.59,1012.0,1011.59,1011.59,391.0,12.0,1011.706419
GS,2026-09-14 12:40:00+00:00,1012.0,1012.0,1012.0,1012.0,60.0,3.0,1012.0
GS,2026-09-14 12:45:00+00:00,1012.01,1012.01,1012.0,1012.0,199.0,12.0,1012.007143
GS,2026-09-14 12:55:00+00:00,1012.01,1012.02,1012.0,1012.02,206.0,13.0,1012.012327
GS,2026-09-14 13:00:00+00:00,1012.03,1012.03,1011.01,1011.01,621.0,33.0,1011.393015
GS,2026-09-14 13:05:00+00:00,1011.5,1011.5,1010.5,1011.1,431.0,22.0,1010.847097
GS,2026-09-14 13:15:00+00:00,1012.0,1012.0,1010.0201,1010.0201,239.0,11.0,1011.348737
GS,2026-09-14 13:20:00+00:00,1011.42,1011.42,1007.99,1008.0,1438.0,78.0,1009.087592
GS,2026-09-14 13:25:00+00:00,1008.0,1008.01,1007.0,1007.0,328.0,11.0,1007.418248
GS,2026-09-14 13:30:00+00:00,1010.0,1013.69,1005.29,1009.505,67872.0,2229.0,1009.440446
GS,2026-09-14 13:35:00+00:00,1009.2,1012.08,1006.13,1008.0,30222.0,1249.0,1007.997254
GS,2026-09-14 13:40:00+00:00,1008.26,1010.47,1005.04,1006.125,23704.0,1189.0,1007.756641
GS,2026-09-14 13:45:00+00:00,1006.0,1007.615,1001.0,1002.3,39372.0,1852.0,1004.670885
GS,2026-09-14 13:50:00+00:00,1002.005,1004.44,999.51,1002.0,25613.0,1657.0,1001.582696
GS,2026-09-14 13:55:00+00:00,1001.97,1002.25,999.01,1000.66,34124.0,1464.0,1000.129713
GS,2026-09-14 14:00:00+00:00,1000.575,1005.535,1000.3,1004.24,33063.0,1136.0,1004.126863
GS,2026-09-14 14:05:00+00:00,1004.24,1009.86,1003.2501,1009.265,39492.0,1494.0,1007.714228
GS,2026-09-14 14:10:00+00:00,1009.22,1010.3653,1008.1544,1008.555,16989.0,1166.0,1009.147196
GS,2026-09-14 14:15:00+00:00,1009.0814,1009.86,1006.155,1006.665,11368.0,694.0,1008.517998
GS,2026-09-14 14:20:00+00:00,1006.0,1006.1999,1002.13,1002.15,12466.0,971.0,1004.351058
GS,2026-09-14 14:25:00+00:00,1002.66,1003.34,1001.1,1002.42,12099.0,1138.0,1002.199567
GS,2026-09-14 14:30:00+00:00,1002.87,1003.71,1001.3,1003.26,16272.0,798.0,1002.675585
GS,2026-09-14 14:35:00+00:00,1003.26,1003.26,998.23,998.45,38116.0,2043.0,999.920954
GS,2026-09-14 14:40:00+00:00,998.495,999.69,997.0194,999.473,30380.0,1603.0,998.310942
GS,2026-09-14 14:45:00+00:00,999.665,1000.2511,997.1941,997.965,14106.0,985.0,999.085026
GS,2026-09-14 14:50:00+00:00,997.705,998.35,996.75,997.7,24176.0,1101.0,997.203227
GS,2026-09-14 14:55:00+00:00,997.675,1000.135,997.036,999.5153,23579.0,934.0,998.673217
GS,2026-09-14 15:00:00+00:00,999.935,1000.14,998.345,998.345,10432.0,800.0,999.431847
GS,2026-09-14 15:05:00+00:00,998.5,1002.6,998.0,998.28,19022.0,1234.0,1000.117596
GS,2026-09-14 15:10:00+00:00,998.28,999.05,997.57,998.155,22570.0,880.0,998.150538
GS,2026-09-14 15:15:00+00:00,997.8851,1000.0599,997.86,999.68,7729.0,577.0,998.431649
GS,2026-09-14 15:20:00+00:00,1000.095,1000.25,998.77,1000.25,6532.0,610.0,999.339104
GS,2026-09-14 15:25:00+00:00,1000.865,1001.49,999.5301,1000.255,8840.0,631.0,1000.276229
GS,2026-09-14 15:30:00+00:00,999.96,1002.97,999.395,1000.12,22251.0,1241.0,1001.259529
GS,2026-09-14 15:35:00+00:00,1000.245,1002.0,999.05,1002.0,9776.0,770.0,1000.321077
GS,2026-09-14 15:40:00+00:00,1002.7422,1004.05,1001.96,1003.945,15547.0,876.0,1003.15993
GS,2026-09-14 15:45:00+00:00,1004.05,1004.46,1002.29,1002.325,8615.0,622.0,1003.195027
GS,2026-09-14 15:50:00+00:00,1002.325,1002.39,1001.0,1001.7,10038.0,566.0,1001.68071
GS,2026-09-14 15:55:00+00:00,1001.94,1002.97,999.3,999.82,12516.0,863.0,1000.802587
GS,2026-09-14 16:00:00+00:00,999.53,1000.77,997.475,998.11,20550.0,1159.0,998.510188
GS,2026-09-14 16:05:00+00:00,998.145,999.145,997.0,997.2,14212.0,815.0,997.85863
GS,2026-09-14 16:10:00+00:00,997.27,997.27,994.18,995.85,29425.0,1888.0,995.572714
GS,2026-09-14 16:15:00+00:00,995.4075,998.27,995.405,998.13,11248.0,698.0,997.107267
GS,2026-09-14 16:20:00+00:00,997.87,998.53,996.77,997.72,11350.0,721.0,997.664189
GS,2026-09-14 16:25:00+00:00,997.73,999.0,996.88,998.91,12568.0,706.0,998.407845
GS,2026-09-14 16:30:00+00:00,998.91,1001.38,998.905,1000.02,9597.0,614.0,1000.053599
GS,2026-09-14 16:35:00+00:00,999.8,1000.12,999.12,999.965,8587.0,461.0,999.496899
GS,2026-09-14 16:40:00+00:00,1000.0,1000.97,999.1351,1000.01,12812.0,746.0,1000.193492
GS,2026-09-14 16:45:00+00:00,999.84,1004.7,999.61,1003.45,20792.0,789.0,1002.852228
GS,2026-09-14 16:50:00+00:00,1003.73,1005.09,1002.99,1003.715,11982.0,486.0,1004.16032
GS,2026-09-14 16:55:00+00:00,1003.72,1003.72,1001.42,1002.34,8961.0,522.0,1002.399756
GS,2026-09-14 17:00:00+00:00,1002.8771,1003.8961,1002.2701,1003.52,9292.0,464.0,1003.271349
GS,2026-09-14 17:05:00+00:00,1003.6132,1003.655,1000.0,1001.335,15671.0,768.0,1001.636985
GS,2026-09-14 17:10:00+00:00,1000.79,1000.79,989.09,989.66,62781.0,2832.0,994.174634
GS,2026-09-14 17:15:00+00:00,989.67,994.8199,987.21,992.0,81629.0,2571.0,990.669051
GS,2026-09-14 17:20:00+00:00,992.75,994.8,988.7044,990.0725,41471.0,1425.0,992.186105
GS,2026-09-14 17:25:00+00:00,989.8675,993.45,989.1901,992.0,15213.0,799.0,991.175238
GS,2026-09-14 17:30:00+00:00,992.16,992.5,989.22,989.32,22701.0,1138.0,990.559329
GS,2026-09-14 17:35:00+00:00,989.38,991.61,988.3,988.3,11982.0,780.0,990.417961
GS,2026-09-14 17:40:00+00:00,988.65,989.1688,986.42,986.655,25366.0,1341.0,987.678031
GS,2026-09-14 17:45:00+00:00,986.72,986.94,984.18,984.18,23657.0,1396.0,985.628831
GS,2026-09-14 17:50:00+00:00,984.18,984.69,978.93,983.42,66122.0,2800.0,982.101655
GS,2026-09-14 17:55:00+00:00,983.52,985.57,983.21,985.445,26433.0,1298.0,984.627555
GS,2026-09-14 18:00:00+00:00,985.5,987.4099,983.93,984.57,23155.0,1461.0,985.320275
GS,2026-09-14 18:05:00+00:00,984.46,985.01,982.57,984.47,20451.0,1152.0,984.219161
GS,2026-09-14 18:10:00+00:00,984.0,984.21,980.71,981.47,35517.0,1989.0,981.75548
GS,2026-09-14 18:15:00+00:00,981.875,985.89,981.875,984.915,58892.0,1043.0,983.865878
GS,2026-09-14 18:20:00+00:00,985.21,987.19,984.98,986.915,15764.0,1022.0,986.321705
GS,2026-09-14 18:25:00+00:00,986.7604,987.001,983.55,984.26,13646.0,1192.0,985.306345
GS,2026-09-14 18:30:00+00:00,984.48,985.5,984.04,985.0,17963.0,1210.0,984.919359
GS,2026-09-14 18:35:00+00:00,984.98,986.1728,984.865,985.67,8943.0,863.0,985.515393
GS,2026-09-14 18:40:00+00:00,985.7499,988.75,985.331,988.56,19478.0,1192.0,987.162344
GS,2026-09-14 18:45:00+00:00,988.52,989.33,986.65,987.95,23716.0,1454.0,988.147574
GS,2026-09-14 18:50:00+00:00,988.15,989.15,986.8747,989.15,13613.0,1089.0,987.967136
GS,2026-09-14 18:55:00+00:00,988.575,989.68,987.88,989.605,15409.0,1297.0,988.730825
GS,2026-09-14 19:00:00+00:00,989.8122,990.535,988.63,989.165,14960.0,1030.0,989.635902
GS,2026-09-14 19:05:00+00:00,989.295,989.295,988.06,988.65,15957.0,1006.0,988.571431
GS,2026-09-14 19:10:00+00:00,988.82,989.58,987.6,988.8156,15048.0,983.0,988.668782
GS,2026-09-14 19:15:00+00:00,988.3909,988.944,987.84,988.5,10584.0,888.0,988.376743
GS,2026-09-14 19:20:00+00:00,988.29,988.39,986.62,987.74,13682.0,1147.0,987.503383
GS,2026-09-14 19:25:00+00:00,987.755,987.93,985.66,986.0,11716.0,1178.0,986.709019
GS,2026-09-14 19:30:00+00:00,986.09,988.6,985.61,987.62,26607.0,2366.0,986.866511
GS,2026-09-14 19:35:00+00:00,988.32,989.69,983.38,988.51,41678.0,2123.0,986.554655
GS,2026-09-14 19:40:00+00:00,988.3159,990.0,988.3159,989.655,22823.0,1265.0,989.197058
GS,2026-09-14 19:45:00+00:00,989.485,989.82,987.825,989.1623,23275.0,1117.0,988.674823
GS,2026-09-14 19:50:00+00:00,988.34,989.3485,987.2,988.01,31912.0,1730.0,987.997921
GS,2026-09-14 19:55:00+00:00,988.01,989.81,987.09,988.45,119188.0,5793.0,988.30946
GS,2026-09-14 20:00:00+00:00,988.45,988.45,988.45,988.45,254117.0,122.0,988.45
GS,2026-09-14 20:05:00+00:00,988.9845,988.9845,988.9845,988.9845,133.0,7.0,988.9845
GS,2026-09-14 20:10:00+00:00,988.0336,989.0,988.0336,989.0,431.0,18.0,988.338082
GS,2026-09-14 20:15:00+00:00,988.75,988.75,988.75,988.75,224.0,23.0,988.75
GS,2026-09-14 20:25:00+00:00,989.9056,989.9056,989.9056,989.9056,42.0,2.0,989.9056
GS,2026-09-14 20:40:00+00:00,988.38,988.38,988.38,988.38,155.0,8.0,988.38
GS,2026-09-14 20:45:00+00:00,989.6885,989.6885,989.5,989.5,1234.0,4.0,989.626083
GS,2026-09-14 20:50:00+00:00,989.0,989.0,989.0,989.0,181.0,2.0,989.0
GS,2026-09-14 21:10:00+00:00,988.96,988.96,988.96,988.96,100.0,2.0,988.96
GS,2026-09-14 21:20:00+00:00,989.0,989.0,989.0,989.0,100.0,1.0,989.0
GS,2026-09-14 21:40:00+00:00,989.0,989.0,989.0,989.0,994.0,4.0,989.0
GS,2026-09-14 21:50:00+00:00,989.44,989.44,989.44,989.44,46.0,2.0,989.44
GS,2026-09-14 22:00:00+00:00,989.44,989.45,989.44,989.45,149.0,5.0,989.443551
GS,2026-09-14 22:05:00+00:00,989.837,989.837,989.837,989.837,117.0,9.0,989.837
GS,2026-09-14 22:20:00+00:00,989.5775,989.5775,989.5775,989.5775,95.0,1.0,989.5775
GS,2026-09-14 22:30:00+00:00,989.9758,989.9758,989.9758,989.9758,40.0,1.0,989.9758
GS,2026-09-14 22:35:00+00:00,990.0,990.0,990.0,990.0,127.0,9.0,990.0
GS,2026-09-14 22:40:00+00:00,991.0,991.0,991.0,991.0,302.0,4.0,991.0
GS,2026-09-14 22:50:00+00:00,992.2404,992.2404,992.2404,992.2404,250.0,1.0,992.2404
GS,2026-09-14 23:20:00+00:00,991.22,991.24,991.22,991.24,102.0,5.0,991.23
GS,2026-09-14 23:25:00+00:00,990.7697,990.7697,990.7697,990.7697,111.0,2.0,990.7697
GS,2026-09-14 23:50:00+00:00,991.0,991.0,990.33,990.33,198.0,17.0,990.758559
GS,2026-09-14 23:55:00+00:00,991.2,991.2,990.3,990.3,1200.0,12.0,990.384615
GS,2026-09-15 08:00:00+00:00,984.46,986.99,984.0,984.0,830.0,92.0,984.284903
GS,2026-09-15 08:05:00+00:00,982.06,982.06,982.06,982.06,350.0,19.0,982.06
GS,2026-09-15 09:00:00+00:00,982.78,982.78,982.78,982.78,50.0,2.0,982.78
GS,2026-09-15 09:30:00+00:00,980.08,980.08,980.08,980.08,50.0,1.0,980.08
GS,2026-09-15 10:20:00+00:00,985.24,985.24,985.24,985.24,125.0,5.0,985.24
GS,2026-09-15 10:25:00+00:00,985.08,985.12,985.08,985.12,98.0,6.0,985.1
GS,2026-09-15 10:35:00+00:00,986.0,986.0,986.0,986.0,56.0,3.0,986.0
GS,2026-09-15 11:00:00+00:00,989.9,989.9,989.9,989.9,53.0,3.0,989.9
GS,2026-09-15 11:10:00+00:00,989.94,990.0,989.94,990.0,447.0,17.0,989.976596
GS,2026-09-15 11:15:00+00:00,991.24,991.24,991.24,991.24,80.0,4.0,991.24
GS,2026-09-15 11:25:00+00:00,990.0,990.0,988.6,988.6,367.0,20.0,989.405
GS,2026-09-15 11:45:00+00:00,987.51,987.51,987.51,987.51,967.0,9.0,987.51
GS,2026-09-15 11:55:00+00:00,987.83,988.0,987.83,988.0,100.0,2.0,987.932
GS,2026-09-15 12:00:00+00:00,987.51,987.51,987.51,987.51,220.0,1.0,987.51
GS,2026-09-15 12:05:00+00:00,988.61,988.61,988.61,988.61,40.0,1.0,988.61
GS,2026-09-15 12:25:00+00:00,987.5,987.5,987.5,987.5,51.0,2.0,987.5
GS,2026-09-15 12:35:00+00:00,988.0,988.0,988.0,988.0,150.0,1.0,988.0
GS,2026-09-15 12:45:00+00:00,989.0,989.09,989.0,989.09,316.0,15.0,989.063529
GS,2026-09-15 12:55:00+00:00,989.4,989.57,989.4,989.57,100.0,5.0,989.483951
GS,2026-09-15 13:00:00+00:00,989.197,989.197,989.197,989.197,100.0,1.0,989.197
GS,2026-09-15 13:10:00+00:00,988.26,988.26,988.26,988.26,200.0,1.0,988.26
GS,2026-09-15 13:20:00+00:00,987.0,987.17,987.0,987.01,706.0,15.0,987.012291
GS,2026-09-15 13:25:00+00:00,985.36,986.8,985.3,985.3,1253.0,71.0,985.466196
GS,2026-09-15 13:30:00+00:00,984.65,988.28,978.11,978.73,129771.0,2810.0,981.843637
GS,2026-09-15 13:35:00+00:00,979.16,980.43,973.23,973.88,59141.0,2823.0,977.355873
GS,2026-09-15 13:40:00+00:00,973.9305,977.0,972.91,974.01,31021.0,1542.0,974.871732
GS,2026-09-15 13:45:00+00:00,973.74,975.92,972.3,972.87,26369.0,1175.0,974.199534
GS,2026-09-15 13:50:00+00:00,973.56,977.34,972.9,974.37,15855.0,914.0,975.36017
GS,2026-09-15 13:55:00+00:00,974.38,975.88,973.5,975.16,18958.0,867.0,974.727309
GS,2026-09-15 14:00:00+00:00,975.205,976.057,971.98,972.2,27921.0,1518.0,973.414367
GS,2026-09-15 14:05:00+00:00,972.92,973.49,970.79,972.215,18463.0,1067.0,972.236274
GS,2026-09-15 14:10:00+00:00,972.08,972.83,970.201,970.71,18055.0,1115.0,971.966875
GS,2026-09-15 14:15:00+00:00,970.2,971.08,965.9005,966.625,34912.0,2388.0,969.17523
GS,2026-09-15 14:20:00+00:00,966.75,966.84,961.2801,963.395,51654.0,2402.0,963.954302
GS,2026-09-15 14:25:00+00:00,963.93,965.0,962.75,963.15,34835.0,1715.0,963.788282
GS,2026-09-15 14:30:00+00:00,963.545,966.5099,961.3,962.6875,36236.0,1665.0,963.433735
GS,2026-09-15 14:35:00+00:00,962.685,963.46,960.53,960.76,37802.0,1659.0,962.028465
GS,2026-09-15 14:40:00+00:00,961.1394,963.97,960.28,963.325,33335.0,1409.0,961.79708
GS,2026-09-15 14:45:00+00:00,963.17,963.4399,961.03,961.61,31300.0,1424.0,961.81316
GS,2026-09-15 14:50:00+00:00,961.24,963.505,960.11,963.425,23858.0,1047.0,961.489093
GS,2026-09-15 14:55:00+00:00,963.9,963.9,961.48,961.6352,14182.0,935.0,962.888884
GS,2026-09-15 15:00:00+00:00,962.015,962.88,960.7,962.42,21170.0,944.0,962.02822
GS,2026-09-15 15:05:00+00:00,962.01,962.52,960.12,960.68,18565.0,1032.0,961.184125
GS,2026-09-15 15:10:00+00:00,960.5,960.7241,956.14,956.14,39390.0,2376.0,958.842738
GS,2026-09-15 15:15:00+00:00,957.08,959.4999,957.08,959.04,17481.0,1039.0,958.654673
GS,2026-09-15 15:20:00+00:00,958.6,963.86,958.4101,963.59,25934.0,1206.0,961.359798
GS,2026-09-15 15:25:00+00:00,963.37,963.83,960.5,961.65,13963.0,954.0,962.453436
GS,2026-09-15 15:30:00+00:00,962.99,963.25,959.48,960.51,13537.0,773.0,961.373029
GS,2026-09-15 15:35:00+00:00,960.5175,961.19,959.28,960.71,11198.0,807.0,960.406905
GS,2026-09-15 15:40:00+00:00,960.99,961.2325,957.8,957.8,30861.0,1153.0,959.577259
GS,2026-09-15 15:45:00+00:00,957.81,959.8,957.79,958.2,16552.0,1051.0,958.80876
GS,2026-09-15 15:50:00+00:00,958.11,959.09,956.28,956.64,16593.0,1211.0,957.619637
GS,2026-09-15 15:55:00+00:00,956.655,958.19,955.71,955.71,23505.0,1100.0,956.705711
GS,2026-09-15 16:00:00+00:00,955.71,957.6755,954.49,957.02,26355.0,1576.0,955.693352
GS,2026-09-15 16:05:00+00:00,957.42,957.8645,956.0801,956.0801,19692.0,978.0,957.16193
GS,2026-09-15 16:10:00+00:00,956.54,957.37,955.63,955.97,14265.0,879.0,956.660582
GS,2026-09-15 16:15:00+00:00,955.965,958.0,955.86,957.74,10787.0,702.0,957.190965
GS,2026-09-15 16:20:00+00:00,958.2,958.89,957.93,958.55,13223.0,918.0,958.480009
GS,2026-09-15 16:25:00+00:00,958.47,959.86,958.46,959.68,14050.0,739.0,959.201544
GS,2026-09-15 16:30:00+00:00,959.68,961.195,959.16,961.19,9580.0,737.0,960.12613
GS,2026-09-15 16:35:00+00:00,960.68,961.29,959.82,960.625,8257.0,517.0,960.414759
GS,2026-09-15 16:40:00+00:00,960.27,961.53,960.27,960.93,12168.0,647.0,960.868559
GS,2026-09-15 16:45:00+00:00,961.04,962.96,961.04,961.875,9019.0,643.0,961.917742
GS,2026-09-15 16:50:00+00:00,961.685,962.36,961.43,962.22,11617.0,851.0,961.824018
GS,2026-09-15 16:55:00+00:00,962.19,962.78,960.6175,961.125,13560.0,778.0,961.681403
GS,2026-09-15 17:00:00+00:00,960.83,962.04,960.02,960.88,16837.0,853.0,961.008189
GS,2026-09-15 17:05:00+00:00,960.73,961.68,959.5,959.5,25301.0,1080.0,960.932817
GS,2026-09-15 17:10:00+00:00,959.83,960.055,958.61,959.21,8935.0,640.0,959.389241
GS,2026-09-15 17:15:00+00:00,959.56,959.85,958.845,959.725,15597.0,720.0,959.383462
GS,2026-09-15 17:20:00+00:00,959.64,959.74,959.02,959.575,12142.0,763.0,959.386131
GS,2026-09-15 17:25:00+00:00,959.595,959.85,958.84,959.0,7307.0,568.0,959.186435
GS,2026-09-15 17:30:00+00:00,958.985,960.0,958.985,959.16,12547.0,889.0,959.486607
GS,2026-09-15 17:35:00+00:00,959.475,961.26,959.16,960.745,16813.0,885.0,960.155941
GS,2026-09-15 17:40:00+00:00,960.63,960.99,960.125,960.5401,9476.0,551.0,960.573177
GS,2026-09-15 17:45:00+00:00,960.775,961.53,959.72,959.75,10684.0,665.0,960.895808
GS,2026-09-15 17:50:00+00:00,960.11,960.55,959.75,960.53,9803.0,726.0,960.193547
GS,2026-09-15 17:55:00+00:00,960.44,960.71,959.5505,959.87,6618.0,557.0,960.358277
GS,2026-09-15 18:00:00+00:00,959.87,960.49,959.59,960.2501,6426.0,514.0,960.09526
GS,2026-09-15 18:05:00+00:00,960.59,963.205,960.1601,962.91,13061.0,802.0,961.544682
GS,2026-09-15 18:10:00+00:00,963.0825,964.9,962.7288,964.585,13355.0,624.0,964.262344
GS,2026-09-15 18:15:00+00:00,964.86,964.86,963.47,964.16,7764.0,616.0,964.178576
GS,2026-09-15 18:20:00+00:00,964.4399,964.75,963.19,964.0,9549.0,597.0,964.108341
GS,2026-09-15 18:25:00+00:00,963.9286,964.48,963.19,963.22,5992.0,548.0,963.84619
GS,2026-09-15 18:30:00+00:00,963.47,963.5,961.6249,962.03,8224.0,673.0,962.560583
GS,2026-09-15 18:35:00+00:00,962.105,962.34,961.2,961.635,10008.0,642.0,961.600049
GS,2026-09-15 18:40:00+00:00,961.55,962.09,959.56,959.56,8296.0,714.0,960.890773
GS,2026-09-15 18:45:00+00:00,960.09,960.09,958.62,959.425,16889.0,772.0,959.06282
GS,2026-09-15 18:50:00+00:00,959.34,968.55,959.34,966.43,83615.0,2509.0,964.676632
GS,2026-09-15 18:55:00+00:00,966.26,973.33,965.56,972.62,76999.0,2320.0,970.569291
GS,2026-09-15 19:00:00+00:00,972.6875,973.81,969.775,972.725,64886.0,2126.0,972.068344
GS,2026-09-15 19:05:00+00:00,973.09,976.99,972.5262,976.79,46558.0,1739.0,974.272699
GS,2026-09-15 19:10:00+00:00,975.58,976.26,973.01,973.7701,46579.0,1611.0,974.720924
GS,2026-09-15 19:15:00+00:00,974.44,978.14,974.18,976.035,55117.0,1747.0,976.184802
GS,2026-09-15 19:20:00+00:00,976.035,977.76,975.05,975.67,33639.0,1237.0,976.529429
GS,2026-09-15 19:25:00+00:00,975.93,975.98,973.2,975.52,35780.0,1233.0,974.601221
GS,2026-09-15 19:30:00+00:00,975.41,977.88,975.14,977.19,24881.0,1205.0,976.280196
GS,2026-09-15 19:35:00+00:00,977.27,977.68,974.85,975.39,23839.0,1211.0,976.361408
GS,2026-09-15 19:40:00+00:00,975.39,975.6999,973.7101,975.38,24201.0,1181.0,974.714346
GS,2026-09-15 19:45:00+00:00,975.455,976.41,974.88,975.0,29136.0,1368.0,975.705232
GS,2026-09-15 19:50:00+00:00,974.78,975.49,973.83,974.23,51541.0,2327.0,974.536281
GS,2026-09-15 19:55:00+00:00,974.443,976.51,974.035,976.02,130719.0,5984.0,975.390888
GS,2026-09-15 20:00:00+00:00,976.67,976.9,976.19,976.9,291355.0,154.0,976.66919
GS,2026-09-15 20:05:00+00:00,976.25,976.25,976.25,976.25,110.0,3.0,976.25
GS,2026-09-15 20:10:00+00:00,976.0,976.0,975.0,975.0,277.0,22.0,975.795918
GS,2026-09-15 20:15:00+00:00,976.5,976.64,976.5,976.5408,883.0,25.0,976.5387
GS,2026-09-15 20:20:00+00:00,976.0,976.0,976.0,976.0,419.0,2.0,976.0
GS,2026-09-15 20:25:00+00:00,976.0896,976.0896,976.0896,976.0896,51.0,2.0,976.0896
GS,2026-09-15 20:35:00+00:00,976.0,976.24,976.0,976.0,571.0,24.0,976.044176
GS,2026-09-15 20:45:00+00:00,975.65,975.65,975.56,975.56,180.0,14.0,975.594679
GS,2026-09-15 21:00:00+00:00,975.7,975.7,975.7,975.7,65.0,2.0,975.7
GS,2026-09-15 21:20:00+00:00,975.5,975.5,975.5,975.5,113.0,12.0,975.5
GS,2026-09-15 21:25:00+00:00,975.5,975.5,975.5,975.5,67.0,2.0,975.5
GS,2026-09-15 21:35:00+00:00,975.5,975.5,975.5,975.5,100.0,3.0,975.5
GS,2026-09-15 21:55:00+00:00,975.97,976.0,975.95,976.0,1027.0,12.0,975.993837
GS,2026-09-15 22:00:00+00:00,976.0,976.66,976.0,976.66,1076.0,12.0,976.576514
GS,2026-09-15 22:15:00+00:00,976.005,976.005,976.005,976.005,54.0,2.0,976.005
GS,2026-09-15 22:20:00+00:00,976.01,976.01,976.01,976.01,50.0,1.0,976.01
GS,2026-09-15 22:40:00+00:00,976.56,976.56,976.56,976.56,130.0,2.0,976.56
GS,2026-09-15 23:25:00+00:00,976.56,976.56,976.56,976.56,50.0,1.0,976.56
GS,2026-09-15 23:35:00+00:00,975.6265,975.6265,975.6265,975.6265,250.0,1.0,975.6265
GS,2026-09-15 23:55:00+00:00,976.55,976.55,976.55,976.55,41.0,2.0,976.55
GS,2026-09-16 08:40:00+00:00,979.81,980.44,979.81,980.44,104.0,6.0,980.093846
GS,2026-09-16 09:40:00+00:00,980.46,980.46,980.46,980.46,41.0,2.0,980.46
GS,2026-09-16 10:05:00+00:00,979.25,979.25,979.25,979.25,51.0,2.0,979.25
GS,2026-09-16 11:00:00+00:00,980.0,981.36,980.0,981.36,388.0,28.0,980.778848
GS,2026-09-16 11:05:00+00:00,979.29,980.44,978.78,980.44,974.0,43.0,979.765504
GS,2026-09-16 11:15:00+00:00,979.19,979.98,979.18,979.98,341.0,14.0,979.5825
GS,2026-09-16 11:25:00+00:00,981.25,981.25,981.17,981.2379,245.0,9.0,981.226789
GS,2026-09-16 11:30:00+00:00,981.278,981.56,981.1385,981.56,311.0,7.0,981.268729
GS,2026-09-16 11:35:00+00:00,981.2204,982.0,981.2204,981.99,505.0,26.0,981.896095
GS,2026-09-16 11:45:00+00:00,982.64,982.64,982.64,982.64,92.0,6.0,982.64
GS,2026-09-16 11:50:00+00:00,983.0,983.0,982.5,982.5,314.0,17.0,982.75
GS,2026-09-16 11:55:00+00:00,982.88,982.88,982.88,982.88,150.0,1.0,982.88
GS,2026-09-16 12:00:00+00:00,982.63,983.296,982.63,983.296,171.0,7.0,982.963
GS,2026-09-16 12:05:00+00:00,983.46,983.88,983.22,983.44,663.0,40.0,983.500843
GS,2026-09-16 12:10:00+00:00,983.66,984.0,983.66,984.0,511.0,18.0,983.928947
GS,2026-09-16 12:15:00+00:00,983.9,983.9,983.02,983.02,600.0,3.0,983.166667
GS,2026-09-16 12:20:00+00:00,983.1,983.1,982.99,983.07,557.0,10.0,983.087593
GS,2026-09-16 13:00:00+00:00,982.0,982.0,981.94,981.94,252.0,13.0,981.98
GS,2026-09-16 13:05:00+00:00,981.5,981.5,981.5,981.5,114.0,12.0,981.5
GS,2026-09-16 13:10:00+00:00,981.2,981.2,980.93,980.93,163.0,9.0,981.065
GS,2026-09-16 13:15:00+00:00,981.6,982.04,981.6,982.04,261.0,3.0,981.687649
GS,2026-09-16 13:20:00+00:00,981.365,981.365,981.365,981.365,46.0,3.0,981.365
GS,2026-09-16 13:25:00+00:00,981.06,981.06,981.0,981.06,265.0,10.0,981.04
GS,2026-09-16 13:30:00+00:00,981.46,982.33,972.69,973.235,51141.0,1889.0,979.427159
GS,2026-09-16 13:35:00+00:00,972.51,974.115,968.11,969.67,37430.0,1789.0,970.608306
GS,2026-09-16 13:40:00+00:00,969.62,972.13,968.55,970.21,22721.0,1375.0,969.863262
GS,2026-09-16 13:45:00+00:00,970.1,973.0,968.31,968.39,33726.0,1587.0,970.571148
GS,2026-09-16 13:50:00+00:00,968.83,972.47,967.0,972.0,25428.0,1365.0,969.279371
GS,2026-09-16 13:55:00+00:00,972.035,972.5,968.855,969.3,24935.0,766.0,971.059561
GS,2026-09-16 14:00:00+00:00,968.8,971.475,968.78,970.925,23083.0,1007.0,969.760436
GS,2026-09-16 14:05:00+00:00,971.22,971.22,968.0,969.04,22808.0,1060.0,969.152114
GS,2026-09-16 14:10:00+00:00,968.561,969.235,967.22,967.3016,19501.0,934.0,968.186927
GS,2026-09-16 14:15:00+00:00,967.67,968.5495,967.0101,967.15,30291.0,1096.0,967.702607
GS,2026-09-16 14:20:00+00:00,967.44,967.705,965.125,965.94,128542.0,1433.0,966.087962
GS,2026-09-16 14:25:00+00:00,966.2775,970.64,965.95,969.995,24385.0,1182.0,968.114128
GS,2026-09-16 14:30:00+00:00,969.78,972.01,968.88,971.615,37785.0,1006.0,970.000366
GS,2026-09-16 14:35:00+00:00,971.0,975.765,970.96,975.76,38035.0,1337.0,974.364929
GS,2026-09-16 14:40:00+00:00,975.765,978.68,975.18,977.185,20991.0,919.0,977.446836
GS,2026-09-16 14:45:00+00:00,976.58,976.81,975.43,976.81,14170.0,722.0,976.046419
GS,2026-09-16 14:50:00+00:00,976.81,978.3,976.26,977.72,12646.0,624.0,977.508855
GS,2026-09-16 14:55:00+00:00,978.0,979.28,977.96,979.125,24761.0,973.0,978.509253
GS,2026-09-16 15:00:00+00:00,979.125,981.66,978.5301,980.51,21660.0,863.0,979.918494
GS,2026-09-16 15:05:00+00:00,980.59,982.32,980.06,981.32,21434.0,803.0,981.141428
GS,2026-09-16 15:10:00+00:00,981.05,981.07,978.49,978.61,12312.0,784.0,979.498355
GS,2026-09-16 15:15:00+00:00,978.53,979.39,978.31,978.72,10249.0,647.0,978.833411
GS,2026-09-16 15:20:00+00:00,978.23,978.23,976.5662,976.885,7345.0,648.0,977.008456
GS,2026-09-16 15:25:00+00:00,976.8,978.08,976.62,978.06,13874.0,655.0,977.32113
GS,2026-09-16 15:30:00+00:00,978.185,978.73,975.75,975.75,16252.0,843.0,977.18597
GS,2026-09-16 15:35:00+00:00,975.76,977.145,975.755,977.145,9340.0,467.0,976.588049
GS,2026-09-16 15:40:00+00:00,977.03,977.9,976.67,977.625,10226.0,581.0,977.179496
GS,2026-09-16 15:45:00+00:00,977.7025,981.4,976.79,978.535,29134.0,1093.0,978.228749
GS,2026-09-16 15:50:00+00:00,979.18,980.55,978.97,980.12,9404.0,480.0,979.407427
GS,2026-09-16 15:55:00+00:00,980.2947,981.0,979.04,980.515,18265.0,741.0,979.87418
GS,2026-09-16 16:00:00+00:00,980.9,981.35,980.2401,980.975,7920.0,555.0,980.707419
GS,2026-09-16 16:05:00+00:00,980.975,982.33,980.29,981.61,14101.0,678.0,981.263983
GS,2026-09-16 16:10:00+00:00,981.6455,981.6455,978.0001,978.0001,14697.0,604.0,980.319319
GS,2026-09-16 16:15:00+00:00,978.73,978.965,976.59,977.5,11037.0,603.0,977.630877
GS,2026-09-16 16:20:00+00:00,977.635,978.47,977.1,978.19,5161.0,448.0,977.660565
GS,2026-09-16 16:25:00+00:00,977.85,978.12,977.46,978.0,4618.0,522.0,977.724412
GS,2026-09-16 16:30:00+00:00,977.92,978.12,977.34,977.84,3187.0,414.0,977.682284
GS,2026-09-16 16:35:00+00:00,978.105,978.5561,977.69,978.33,6337.0,453.0,978.116803
GS,2026-09-16 16:40:00+00:00,978.8,978.88,978.39,978.4,3631.0,378.0,978.634443
GS,2026-09-16 16:45:00+00:00,978.4,978.705,977.81,978.0,6478.0,395.0,978.065244
GS,2026-09-16 16:50:00+00:00,978.1328,978.1328,976.06,976.075,8892.0,582.0,976.671189
GS,2026-09-16 16:55:00+00:00,976.33,977.29,976.14,976.95,4353.0,411.0,976.825076
GS,2026-09-16 17:00:00+00:00,976.86,978.5999,976.86,977.625,5422.0,357.0,977.460583
GS,2026-09-16 17:05:00+00:00,978.0,978.19,977.49,977.7825,3997.0,303.0,977.762885
GS,2026-09-16 17:10:00+00:00,978.01,979.13,977.6,979.13,7183.0,516.0,978.059555
GS,2026-09-16 17:15:00+00:00,978.86,981.15,978.84,980.635,7579.0,476.0,980.255685
GS,2026-09-16 17:20:00+00:00,980.635,981.957,980.5,981.32,17790.0,666.0,980.930967
GS,2026-09-16 17:25:00+00:00,981.32,982.92,981.32,982.92,11189.0,660.0,982.214359
GS,2026-09-16 17:30:00+00:00,982.99,983.59,982.36,982.53,15120.0,602.0,983.056127
GS,2026-09-16 17:35:00+00:00,982.9,984.66,982.65,984.015,18214.0,820.0,983.641085
GS,2026-09-16 17:40:00+00:00,984.0,984.0,982.23,982.49,7401.0,452.0,983.077178
GS,2026-09-16 17:45:00+00:00,982.48,982.485,980.295,980.32,9183.0,588.0,981.444925
GS,2026-09-16 17:50:00+00:00,980.32,983.16,980.32,982.22,13759.0,734.0,981.610081
GS,2026-09-16 17:55:00+00:00,981.98,983.0099,981.18,982.99,13691.0,677.0,982.076418
GS,2026-09-16 18:00:00+00:00,982.51,983.68,977.4,979.645,31922.0,1392.0,980.519402
GS,2026-09-16 18:05:00+00:00,979.945,982.505,978.73,981.16,15043.0,831.0,980.806441
GS,2026-09-16 18:10:00+00:00,981.165,981.165,978.4,978.67,15563.0,707.0,979.54754
GS,2026-09-16 18:15:00+00:00,978.675,979.4699,977.06,978.8,12180.0,604.0,978.099546
GS,2026-09-16 18:20:00+00:00,978.89,981.81,977.86,980.765,24570.0,667.0,980.153373
GS,2026-09-16 18:25:00+00:00,980.64,983.93,961.38,968.275,195006.0,5412.0,969.36566
GS,2026-09-16 18:30:00+00:00,968.28,970.99,964.0,969.0,112127.0,2876.0,967.374371
GS,2026-09-16 18:35:00+00:00,969.01,969.01,963.58,967.1,75575.0,2183.0,966.454985
GS,2026-09-16 18:40:00+00:00,967.22,971.99,964.715,969.48,32151.0,1467.0,968.263201
GS,2026-09-16 18:45:00+00:00,968.5,969.99,959.815,959.958,67666.0,2745.0,963.008345
GS,2026-09-16 18:50:00+00:00,959.92,961.99,955.0,956.09,61080.0,2484.0,957.312276
GS,2026-09-16 18:55:00+00:00,956.1244,957.09,947.3501,948.4,121730.0,5296.0,951.071456
GS,2026-09-16 19:00:00+00:00,947.83,950.6745,943.115,943.73,125012.0,5013.0,947.108947
GS,2026-09-16 19:05:00+00:00,943.3875,943.3875,936.89,937.79,118913.0,4553.0,940.307728
GS,2026-09-16 19:10:00+00:00,938.235,939.2826,936.93,937.495,52522.0,2480.0,937.973375
GS,2026-09-16 19:15:00+00:00,937.495,939.6046,936.81,939.138,62799.0,2631.0,938.213996
GS,2026-09-16 19:20:00+00:00,938.93,939.8,934.75,935.8036,67151.0,2896.0,936.989268
GS,2026-09-16 19:25:00+00:00,935.895,936.38,932.3701,935.77,83852.0,3563.0,934.909441
GS,2026-09-16 19:30:00+00:00,935.76,940.34,935.76,940.0,100141.0,3702.0,938.479478
GS,2026-09-16 19:35:00+00:00,939.78,940.35,934.0,934.24,80628.0,3548.0,936.946722
GS,2026-09-16 19:40:00+00:00,934.28,936.7899,932.88,932.88,83931.0,3924.0,935.026507
GS,2026-09-16 19:45:00+00:00,932.77,938.45,932.45,938.41,68757.0,3025.0,935.198451
GS,2026-09-16 19:50:00+00:00,938.45,940.21,936.37,937.6756,74698.0,3967.0,938.261765
GS,2026-09-16 19:55:00+00:00,937.7,939.69,937.1,938.87,213616.0,9431.0,938.536785
GS,2026-09-16 20:00:00+00:00,937.98,939.99,937.98,939.99,623637.0,183.0,937.980342
GS,2026-09-16 20:05:00+00:00,939.5,939.5,937.98,937.98,957.0,52.0,938.380551
GS,2026-09-16 20:10:00+00:00,938.61,939.46,937.98,939.08,1943.0,78.0,938.713752
GS,2026-09-16 20:15:00+00:00,939.0,939.99,939.0,939.5,1795.0,81.0,939.330932
GS,2026-09-16 20:20:00+00:00,939.5,940.1395,939.5,940.1395,1987.0,53.0,939.776062
GS,2026-09-16 20:25:00+00:00,940.42,940.76,940.0,940.58,2237.0,69.0,940.351465
GS,2026-09-16 20:30:00+00:00,940.56,940.9399,940.56,940.9101,656.0,21.0,940.858447
GS,2026-09-16 20:35:00+00:00,940.62,940.62,937.98,939.8,2601.0,73.0,939.242219
GS,2026-09-16 20:40:00+00:00,940.1,940.1,939.5,939.5,611.0,20.0,939.650617
GS,2026-09-16 20:45:00+00:00,939.12,939.12,938.55,938.55,1125.0,61.0,938.741229
GS,2026-09-16 20:50:00+00:00,938.06,938.06,937.0,937.4,2227.0,92.0,937.843336
GS,2026-09-16 20:55:00+00:00,937.42,937.8278,937.42,937.8278,487.0,10.0,937.56127
GS,2026-09-16 21:00:00+00:00,937.6,937.6,936.21,937.39,2463.0,87.0,936.929424
GS,2026-09-16 21:05:00+00:00,936.99,937.4,935.6178,937.31,612.0,20.0,936.877896
GS,2026-09-16 21:10:00+00:00,937.22,938.0,937.0,938.0,599.0,22.0,937.279707
GS,2026-09-16 21:20:00+00:00,937.68,937.85,937.2,937.3109,639.0,11.0,937.340658
GS,2026-09-16 21:25:00+00:00,937.31,937.31,937.02,937.02,497.0,29.0,937.095898
GS,2026-09-16 21:30:00+00:00,937.8499,937.8499,937.8499,937.8499,202.0,2.0,937.8499
GS,2026-09-16 21:35:00+00:00,937.84,937.85,937.84,937.85,252.0,4.0,937.842
GS,2026-09-16 21:40:00+00:00,937.8128,937.8499,937.8128,937.8128,335.0,7.0,937.824215
GS,2026-09-16 21:45:00+00:00,937.85,938.0,937.61,937.85,1327.0,34.0,937.860063
GS,2026-09-16 21:50:00+00:00,938.0222,938.2,938.0222,938.2,238.0,21.0,938.13869
GS,2026-09-16 21:55:00+00:00,938.4,938.5,938.4,938.5,663.0,6.0,938.454545
GS,2026-09-16 22:00:00+00:00,938.3838,938.3838,938.3838,938.3838,150.0,7.0,938.3838
GS,2026-09-16 22:05:00+00:00,937.9174,938.5,937.9174,938.0,233.0,10.0,938.241421
GS,2026-09-16 22:10:00+00:00,938.53,938.53,938.53,938.53,119.0,5.0,938.53
GS,2026-09-16 22:20:00+00:00,938.4,938.4,938.4,938.4,171.0,5.0,938.4
GS,2026-09-16 22:25:00+00:00,938.0129,938.6,938.0129,938.6,593.0,12.0,938.245629
GS,2026-09-16 22:30:00+00:00,938.0,938.0,938.0,938.0,204.0,4.0,938.0
GS,2026-09-16 22:35:00+00:00,938.6,938.6,938.6,938.6,215.0,2.0,938.6
GS,2026-09-16 22:40:00+00:00,939.721,939.721,939.721,939.721,101.0,2.0,939.721
GS,2026-09-16 22:45:00+00:00,939.02,939.02,939.02,939.02,50.0,2.0,939.02
GS,2026-09-16 23:00:00+00:00,939.88,939.88,939.75,939.75,313.0,6.0,939.793478
GS,2026-09-16 23:05:00+00:00,939.99,940.17,939.99,940.17,907.0,13.0,940.047962
GS,2026-09-16 23:10:00+00:00,940.0,940.0,940.0,940.0,105.0,6.0,940.0
GS,2026-09-16 23:20:00+00:00,940.3536,940.3536,939.42,939.42,265.0,15.0,939.789894
GS,2026-09-16 23:25:00+00:00,940.2311,940.2311,940.2311,940.2311,52.0,5.0,940.2311
GS,2026-09-16 23:35:00+00:00,940.3917,940.4,940.3917,940.4,101.0,3.0,940.39585
GS,2026-09-16 23:40:00+00:00,940.32,940.32,940.062,940.062,167.0,9.0,940.1652
GS,2026-09-16 23:50:00+00:00,942.535,942.535,940.3,940.3,246.0,6.0,940.6725
GS,2026-09-16 23:55:00+00:00,940.25,941.88,940.25,941.01,322.0,24.0,940.840795
GS,2026-09-17 08:00:00+00:00,947.98,948.55,945.24,948.26,1633.0,197.0,947.515512
GS,2026-09-17 08:15:00+00:00,948.25,948.26,948.25,948.26,148.0,7.0,948.256364
GS,2026-09-17 08:30:00+00:00,949.02,949.03,949.01,949.01,327.0,10.0,949.018446
GS,2026-09-17 08:35:00+00:00,949.15,949.15,949.15,949.15,94.0,2.0,949.15
GS,2026-09-17 08:40:00+00:00,949.7,949.7,949.09,949.09,150.0,7.0,949.428889
GS,2026-09-17 09:05:00+00:00,949.01,949.01,948.5,948.5,280.0,16.0,948.643662
GS,2026-09-17 09:15:00+00:00,949.51,949.51,949.51,949.51,96.0,3.0,949.51
GS,2026-09-17 09:35:00+00:00,949.27,949.27,949.27,949.27,111.0,3.0,949.27
GS,2026-09-17 10:20:00+00:00,948.91,948.91,948.91,948.91,170.0,12.0,948.91
GS,2026-09-17 10:35:00+00:00,947.03,948.01,947.03,947.86,503.0,10.0,947.239661
GS,2026-09-17 10:40:00+00:00,948.1,948.1,948.1,948.1,500.0,7.0,948.1
GS,2026-09-17 11:00:00+00:00,949.0,949.0,948.0,948.0,653.0,33.0,948.267876
GS,2026-09-17 11:05:00+00:00,948.0,948.5,948.0,948.5,364.0,14.0,948.306202
GS,2026-09-17 11:10:00+00:00,948.93,948.93,948.0,948.0,205.0,9.0,948.437647
GS,2026-09-17 11:15:00+00:00,948.5,948.5,948.5,948.5,260.0,4.0,948.5
GS,2026-09-17 11:30:00+00:00,948.06,948.06,948.06,948.06,217.0,24.0,948.06
GS,2026-09-17 11:35:00+00:00,948.17,948.298,948.17,948.298,202.0,23.0,948.255333
GS,2026-09-17 11:45:00+00:00,947.56,947.56,947.0,947.0,612.0,30.0,947.379336
GS,2026-09-17 11:50:00+00:00,946.8388,946.8388,946.8388,946.8388,528.0,4.0,946.8388
GS,2026-09-17 11:55:00+00:00,946.94,946.94,946.01,946.8,1745.0,61.0,946.519882
GS,2026-09-17 12:00:00+00:00,946.8,946.8,946.8,946.8,284.0,14.0,946.8
GS,2026-09-17 12:05:00+00:00,946.8,947.4,946.8,947.4,1595.0,86.0,946.903597
GS,2026-09-17 12:10:00+00:00,947.4,948.0,947.4,948.0,1263.0,48.0,947.765727
GS,2026-09-17 12:15:00+00:00,948.49,948.49,948.0,948.0,1052.0,30.0,948.20042
GS,2026-09-17 12:20:00+00:00,948.0,948.4899,948.0,948.0,1344.0,64.0,948.056636
GS,2026-09-17 12:25:00+00:00,948.0,948.3255,948.0,948.0,588.0,36.0,948.04434
GS,2026-09-17 12:30:00+00:00,948.0,948.38,948.0,948.0,623.0,49.0,948.060127
GS,2026-09-17 12:35:00+00:00,948.0,948.0,947.5,947.99,1295.0,54.0,947.664965
GS,2026-09-17 12:40:00+00:00,948.0,948.2,947.98,948.0,801.0,59.0,948.028492
GS,2026-09-17 12:45:00+00:00,947.5,947.5,947.4,947.5,450.0,22.0,947.451233
GS,2026-09-17 12:50:00+00:00,948.0,948.0,947.7,947.7,856.0,41.0,947.895413
GS,2026-09-17 12:55:00+00:00,947.72,948.5,946.3501,948.09,4908.0,136.0,947.764782
GS,2026-09-17 13:00:00+00:00,948.2732,949.2395,948.09,949.0,5613.0,109.0,948.734658
GS,2026-09-17 13:05:00+00:00,949.0,949.04,948.5,949.04,711.0,46.0,948.904532
GS,2026-09-17 13:10:00+00:00,948.8,949.0,948.03,948.03,3229.0,58.0,948.760072
GS,2026-09-17 13:15:00+00:00,948.32,949.03,948.1178,948.36,2871.0,73.0,948.326487
GS,2026-09-17 13:20:00+00:00,948.1,948.82,948.0,948.82,1306.0,54.0,948.466934
GS,2026-09-17 13:25:00+00:00,948.01,948.06,940.0,940.0,4085.0,227.0,942.661212
GS,2026-09-17 13:30:00+00:00,940.1,940.1,923.01,928.99,217208.0,6263.0,930.955785
GS,2026-09-17 13:35:00+00:00,928.99,932.8899,927.6,930.81,93805.0,3089.0,930.460205
GS,2026-09-17 13:40:00+00:00,930.7729,931.46,925.22,927.2014,74364.0,2832.0,929.309219
GS,2026-09-17 13:45:00+00:00,925.64,930.99,922.0,930.46,95234.0,3677.0,924.391199
GS,2026-09-17 13:50:00+00:00,930.54,935.49,929.795,932.79,96251.0,2823.0,932.990808
GS,2026-09-17 13:55:00+00:00,932.8,935.78,932.78,935.26,66386.0,2177.0,934.070787
GS,2026-09-17 14:00:00+00:00,935.5,937.0,930.46,931.29,54778.0,2376.0,932.794263
GS,2026-09-17 14:05:00+00:00,930.85,933.1,928.0,932.92,55835.0,2117.0,930.087674
GS,2026-09-17 14:10:00+00:00,932.885,935.0,931.9601,934.16,37375.0,1650.0,933.510465
GS,2026-09-17 14:15:00+00:00,934.51,937.0,934.5,936.38,47702.0,1831.0,935.848439
GS,2026-09-17 14:20:00+00:00,935.955,940.98,935.955,937.98,73526.0,2450.0,938.894729
GS,2026-09-17 14:25:00+00:00,938.01,938.33,935.21,935.57,38281.0,1601.0,936.52893
GS,2026-09-17 14:30:00+00:00,935.685,937.405,934.681,937.25,22465.0,970.0,935.591175
GS,2026-09-17 14:35:00+00:00,937.255,937.47,935.65,936.09,20485.0,778.0,936.621892
GS,2026-09-17 14:40:00+00:00,936.075,940.02,935.84,939.52,41567.0,1340.0,937.840244
GS,2026-09-17 14:45:00+00:00,939.95,942.45,938.95,940.625,18644.0,1024.0,940.557043
GS,2026-09-17 14:50:00+00:00,940.5675,942.0,938.49,938.78,18598.0,966.0,940.260423
GS,2026-09-17 14:55:00+00:00,938.58,940.0,938.04,939.47,11415.0,748.0,938.894608
GS,2026-09-17 15:00:00+00:00,939.5,944.72,939.5,944.115,34223.0,1156.0,942.674809
GS,2026-09-17 15:05:00+00:00,944.2,944.77,942.74,943.8,32112.0,965.0,943.658917
GS,2026-09-17 15:10:00+00:00,943.33,944.1,942.73,943.56,21345.0,937.0,943.366243
GS,2026-09-17 15:15:00+00:00,943.49,945.29,943.06,944.73,26154.0,1187.0,944.693271
GS,2026-09-17 15:20:00+00:00,944.5,944.98,943.25,943.475,17274.0,1002.0,944.137494
GS,2026-09-17 15:25:00+00:00,943.48,944.55,943.35,943.805,15621.0,831.0,944.019951
GS,2026-09-17 15:30:00+00:00,944.14,945.365,943.8,944.16,23324.0,1143.0,944.487238
GS,2026-09-17 15:35:00+00:00,944.305,944.99,943.28,944.0,17768.0,757.0,944.296794
GS,2026-09-17 15:40:00+00:00,944.395,945.75,944.21,945.425,35726.0,852.0,944.986012
GS,2026-09-17 15:45:00+00:00,945.435,945.8,943.95,944.6,23956.0,907.0,945.016023
GS,2026-09-17 15:50:00+00:00,944.7325,945.88,944.045,945.7475,36107.0,1064.0,945.22964
GS,2026-09-17 15:55:00+00:00,945.59,948.425,945.59,948.335,28978.0,1077.0,947.060478
GS,2026-09-17 16:00:00+00:00,948.335,951.85,948.086,950.8795,42898.0,1474.0,949.844169
GS,2026-09-17 16:05:00+00:00,951.44,953.9999,950.51,953.54,25461.0,1062.0,951.75133
GS,2026-09-17 16:10:00+00:00,953.39,953.9827,951.54,952.14,28457.0,1122.0,952.462875
GS,2026-09-17 16:15:00+00:00,952.05,952.595,951.644,952.0,18590.0,738.0,952.163461
GS,2026-09-17 16:20:00+00:00,952.17,953.9,951.97,953.3108,12839.0,642.0,952.802489
GS,2026-09-17 16:25:00+00:00,953.655,954.16,952.84,953.35,19052.0,941.0,953.737737
GS,2026-09-17 16:30:00+00:00,953.45,953.61,952.21,952.21,12888.0,719.0,952.809303
GS,2026-09-17 16:35:00+00:00,952.21,952.96,952.0,952.37,14805.0,671.0,952.423348
GS,2026-09-17 16:40:00+00:00,952.47,954.27,952.47,953.935,19511.0,741.0,953.887678
GS,2026-09-17 16:45:00+00:00,954.0,954.57,953.51,953.54,13990.0,686.0,954.036164
GS,2026-09-17 16:50:00+00:00,953.555,955.58,952.83,953.105,30910.0,1154.0,954.250047
GS,2026-09-17 16:55:00+00:00,953.1,953.1,951.06,952.065,11375.0,779.0,951.788088
GS,2026-09-17 17:00:00+00:00,952.5499,953.45,951.5301,953.19,14246.0,799.0,952.743402
GS,2026-09-17 17:05:00+00:00,953.015,953.38,952.48,952.87,8277.0,615.0,952.850964
GS,2026-09-17 17:10:00+00:00,952.66,953.715,952.32,953.52,9375.0,617.0,953.231716
GS,2026-09-17 17:15:00+00:00,953.56,954.0,952.66,952.68,10730.0,713.0,953.303706
GS,2026-09-17 17:20:00+00:00,952.65,953.0,952.23,952.49,9485.0,645.0,952.665919
GS,2026-09-17 17:25:00+00:00,952.455,953.335,952.41,953.225,8695.0,602.0,952.836983
GS,2026-09-17 17:30:00+00:00,953.53,954.0,953.13,953.86,10107.0,570.0,953.585138
GS,2026-09-17 17:35:00+00:00,954.0,954.31,953.23,953.93,22168.0,950.0,953.750502
GS,2026-09-17 17:40:00+00:00,953.78,954.31,953.6,953.96,9642.0,583.0,953.829104
GS,2026-09-17 17:45:00+00:00,953.945,954.4,953.5,953.8,11508.0,761.0,953.795679
GS,2026-09-17 17:50:00+00:00,953.72,954.44,953.72,954.22,8997.0,512.0,954.060691
GS,2026-09-17 17:55:00+00:00,954.1,954.88,954.06,954.58,16497.0,733.0,954.492242
GS,2026-09-17 18:00:00+00:00,954.6,955.0,954.03,954.345,14756.0,707.0,954.599548
GS,2026-09-17 18:05:00+00:00,954.4275,954.435,952.67,953.21,15975.0,780.0,953.673658
GS,2026-09-17 18:10:00+00:00,953.56,954.87,953.21,954.87,9856.0,537.0,954.171143
GS,2026-09-17 18:15:00+00:00,954.98,955.0,953.76,954.27,13834.0,712.0,954.414018
GS,2026-09-17 18:20:00+00:00,954.55,954.55,953.46,953.46,11595.0,677.0,953.823982
GS,2026-09-17 18:25:00+00:00,953.51,953.76,953.22,953.38,22893.0,834.0,953.454958
GS,2026-09-17 18:30:00+00:00,953.25,953.63,952.73,953.0,13407.0,737.0,953.050387
GS,2026-09-17 18:35:00+00:00,953.0,953.0,951.981,952.85,15506.0,750.0,952.48255
GS,2026-09-17 18:40:00+00:00,952.72,953.34,952.42,952.885,14716.0,583.0,952.830541
GS,2026-09-17 18:45:00+00:00,952.89,953.6331,952.43,953.3,17229.0,759.0,953.160157
GS,2026-09-17 18:50:00+00:00,953.305,953.53,952.28,953.0,15521.0,794.0,952.912314
GS,2026-09-17 18:55:00+00:00,953.0,953.94,952.69,953.59,34267.0,994.0,953.20729
GS,2026-09-17 19:00:00+00:00,953.8,957.51,953.79,955.885,62098.0,1695.0,956.045716
GS,2026-09-17 19:05:00+00:00,955.885,957.97,955.27,957.44,40678.0,1318.0,956.676174
GS,2026-09-17 19:10:00+00:00,957.25,957.72,955.03,955.43,36944.0,1301.0,956.453698
GS,2026-09-17 19:15:00+00:00,956.04,956.48,954.73,955.74,23346.0,984.0,955.694271
GS,2026-09-17 19:20:00+00:00,955.515,955.515,954.0,954.34,15811.0,851.0,954.553062
GS,2026-09-17 19:25:00+00:00,954.285,955.005,953.82,954.0,23560.0,984.0,954.433447
GS,2026-09-17 19:30:00+00:00,954.19,954.19,952.88,953.595,20569.0,1112.0,953.668019
GS,2026-09-17 19:35:00+00:00,953.615,954.77,953.4,954.56,14315.0,900.0,954.117362
GS,2026-09-17 19:40:00+00:00,954.55,954.55,953.242,953.6888,36664.0,1681.0,953.802996
GS,2026-09-17 19:45:00+00:00,953.96,954.0,952.04,952.39,41352.0,1639.0,953.00126
GS,2026-09-17 19:50:00+00:00,952.62,952.88,950.5,951.12,50218.0,1952.0,951.734099
GS,2026-09-17 19:55:00+00:00,951.29,951.66,949.04,951.06,202160.0,8095.0,950.4024
GS,2026-09-17 20:00:00+00:00,951.06,951.47,950.4,951.47,570118.0,146.0,951.469495
GS,2026-09-17 20:15:00+00:00,951.47,951.47,951.47,951.47,49.0,8.0,951.47
GS,2026-09-17 20:20:00+00:00,950.01,950.01,950.01,950.01,74.0,2.0,950.01
GS,2026-09-17 20:35:00+00:00,951.47,951.47,951.47,951.47,814.0,3.0,951.47
GS,2026-09-17 20:40:00+00:00,950.09,950.09,950.0,950.04,64352.0,14.0,950.022383
GS,2026-09-17 21:00:00+00:00,951.0,951.0,951.0,951.0,183.0,7.0,951.0
GS,2026-09-17 21:25:00+00:00,952.5,952.5,952.5,952.5,223.0,6.0,952.5
GS,2026-09-17 21:30:00+00:00,953.0,953.0,953.0,953.0,503.0,4.0,953.0
GS,2026-09-17 22:50:00+00:00,950.01,950.01,950.01,950.01,50.0,1.0,950.01
GS,2026-09-17 23:00:00+00:00,952.34,952.34,952.34,952.34,51.0,4.0,952.34
GS,2026-09-17 23:30:00+00:00,952.0,952.0,951.9028,951.9028,152.0,9.0,951.969834
GS,2026-09-17 23:40:00+00:00,951.25,951.45,951.03,951.45,322.0,3.0,951.234472
GS,2026-09-17 23:45:00+00:00,950.8,950.8,950.8,950.8,42.0,2.0,950.8
GS,2026-09-18 08:00:00+00:00,959.9073,959.9073,954.0,958.87,1647.0,202.0,958.188888
GS,2026-09-18 08:35:00+00:00,960.04,960.04,960.04,960.04,139.0,14.0,960.04
GS,2026-09-18 08:50:00+00:00,959.65,959.65,959.65,959.65,110.0,14.0,959.65
GS,2026-09-18 10:25:00+00:00,955.99,957.0,955.76,955.76,516.0,20.0,956.378448
GS,2026-09-18 10:35:00+00:00,956.64,957.04,956.64,957.01,285.0,9.0,956.950147
GS,2026-09-18 11:00:00+00:00,956.0,956.0,956.0,956.0,65.0,3.0,956.0
GS,2026-09-18 11:05:00+00:00,954.86,955.5916,952.69,955.4454,960.0,49.0,954.87701
GS,2026-09-18 11:35:00+00:00,954.0,954.0,954.0,954.0,102.0,10.0,954.0
GS,2026-09-18 11:40:00+00:00,954.0,954.01,954.0,954.01,9712.0,5.0,954.009691
GS,2026-09-18 11:45:00+00:00,952.01,952.01,952.01,952.01,155.0,3.0,952.01
GS,2026-09-18 11:50:00+00:00,952.0,952.0,952.0,952.0,265.0,26.0,952.0
GS,2026-09-18 11:55:00+00:00,952.0,952.0,952.0,952.0,289.0,15.0,952.0
GS,2026-09-18 12:00:00+00:00,950.0,950.0,949.32,950.0,352.0,36.0,949.83
GS,2026-09-18 12:05:00+00:00,949.89,949.94,949.03,949.03,211.0,16.0,949.600714
GS,2026-09-18 12:15:00+00:00,947.3,948.0,947.3,948.0,366.0,17.0,947.742105
GS,2026-09-18 12:20:00+00:00,948.0,948.0,947.0,948.0,720.0,20.0,947.8425
GS,2026-09-18 12:25:00+00:00,948.74,948.81,946.56,946.56,359.0,21.0,947.310943
GS,2026-09-18 12:40:00+00:00,946.99,947.0,946.99,947.0,206.0,13.0,946.996331
GS,2026-09-18 12:45:00+00:00,947.0,947.0,947.0,947.0,96.0,3.0,947.0
GS,2026-09-18 12:50:00+00:00,945.4705,945.4705,945.35,945.35,215.0,10.0,945.41025
GS,2026-09-18 12:55:00+00:00,946.9,946.9,946.9,946.9,110.0,6.0,946.9
GS,2026-09-18 13:00:00+00:00,945.69,946.54,945.69,946.54,186.0,19.0,946.067778
GS,2026-09-18 13:10:00+00:00,947.594,947.594,946.58,946.58,314.0,33.0,946.945714
GS,2026-09-18 13:20:00+00:00,947.64,947.64,946.16,946.16,288.0,12.0,946.994695
GS,2026-09-18 13:25:00+00:00,946.0,951.44,946.0,951.44,916.0,81.0,948.057773
GS,2026-09-18 13:30:00+00:00,948.96,950.25,941.2367,942.5,504474.0,2119.0,948.685404
GS,2026-09-18 13:35:00+00:00,941.42,946.37,939.55,943.91,42209.0,1712.0,942.686045
GS,2026-09-18 13:40:00+00:00,944.3041,947.45,943.0,946.125,24130.0,904.0,944.717165
GS,2026-09-18 13:45:00+00:00,946.12,947.015,944.92,946.38,26147.0,851.0,946.187576
GS,2026-09-18 13:50:00+00:00,946.9,951.0,946.0,947.44,49744.0,1475.0,948.006074
GS,2026-09-18 13:55:00+00:00,947.51,947.51,944.5,945.03,24115.0,1025.0,945.89741
GS,2026-09-18 14:00:00+00:00,944.5,947.11,944.5,946.51,19517.0,985.0,945.756855
GS,2026-09-18 14:05:00+00:00,946.51,948.77,945.165,948.32,20005.0,760.0,946.759966
GS,2026-09-18 14:10:00+00:00,948.65,951.94,948.2253,950.85,16542.0,901.0,950.410428
GS,2026-09-18 14:15:00+00:00,950.88,952.05,950.03,951.325,16392.0,720.0,951.214567
GS,2026-09-18 14:20:00+00:00,951.3,952.99,949.985,951.98,16467.0,811.0,951.457148
GS,2026-09-18 14:25:00+00:00,951.425,951.99,949.9801,951.22,14989.0,734.0,951.222973
GS,2026-09-18 14:30:00+00:00,951.41,952.76,946.59,946.74,22416.0,1008.0,949.165644
GS,2026-09-18 14:35:00+00:00,946.98,948.46,946.15,947.62,22335.0,926.0,947.177026
GS,2026-09-18 14:40:00+00:00,947.52,947.56,943.95,944.29,25844.0,1354.0,945.724622
GS,2026-09-18 14:45:00+00:00,944.41,944.9399,943.51,944.335,21407.0,999.0,944.277053
GS,2026-09-18 14:50:00+00:00,944.38,946.73,943.83,946.385,18996.0,931.0,944.965372
GS,2026-09-18 14:55:00+00:00,946.245,946.76,945.845,945.9625,12086.0,774.0,946.253289
GS,2026-09-18 15:00:00+00:00,946.35,946.65,943.5,944.495,13105.0,741.0,945.057609
GS,2026-09-18 15:05:00+00:00,944.28,944.63,942.7101,943.6,13009.0,686.0,943.427748
GS,2026-09-18 15:10:00+00:00,943.625,943.91,941.96,941.97,33232.0,783.0,942.952903
GS,2026-09-18 15:15:00+00:00,941.95,943.43,941.365,943.0,46643.0,1171.0,942.535222
GS,2026-09-18 15:20:00+00:00,943.14,944.0,942.72,942.98,67146.0,711.0,943.213684
GS,2026-09-18 15:25:00+00:00,943.07,943.5199,942.0,942.27,14491.0,822.0,942.694774
GS,2026-09-18 15:30:00+00:00,942.37,942.79,940.79,942.0501,21043.0,983.0,941.624022
GS,2026-09-18 15:35:00+00:00,942.52,943.8,942.35,942.43,11691.0,734.0,943.045902
GS,2026-09-18 15:40:00+00:00,942.305,942.55,941.76,942.4,11419.0,699.0,942.129468
GS,2026-09-18 15:45:00+00:00,942.4,942.75,940.99,941.875,9136.0,661.0,941.751947
GS,2026-09-18 15:50:00+00:00,941.46,941.46,940.4,940.645,8028.0,774.0,940.792569
GS,2026-09-18 15:55:00+00:00,940.295,941.34,940.295,941.34,9595.0,750.0,940.817961
GS,2026-09-18 16:00:00+00:00,941.34,941.96,940.35,941.12,13009.0,690.0,941.061729
GS,2026-09-18 16:05:00+00:00,941.5,942.15,941.06,941.06,7241.0,588.0,941.613672
GS,2026-09-18 16:10:00+00:00,941.31,941.9,941.28,941.635,6311.0,533.0,941.596302
GS,2026-09-18 16:15:00+00:00,941.635,943.0,941.41,942.62,12899.0,642.0,942.080977
GS,2026-09-18 16:20:00+00:00,942.435,943.86,941.57,942.25,13576.0,774.0,943.102894
GS,2026-09-18 16:25:00+00:00,942.345,943.1833,941.28,942.6944,13354.0,635.0,942.015111
GS,2026-09-18 16:30:00+00:00,942.58,943.5875,942.53,943.16,13113.0,589.0,943.001232
GS,2026-09-18 16:35:00+00:00,943.0177,943.25,942.63,942.98,5672.0,478.0,942.852882
GS,2026-09-18 16:40:00+00:00,943.08,943.34,942.52,943.1125,4575.0,546.0,942.804717
GS,2026-09-18 16:45:00+00:00,943.1,943.53,942.36,942.8846,5661.0,576.0,942.727522
GS,2026-09-18 16:50:00+00:00,943.12,944.455,943.045,944.35,10375.0,696.0,943.513844
GS,2026-09-18 16:55:00+00:00,944.22,944.4408,943.8166,944.11,5645.0,567.0,944.221584
GS,2026-09-18 17:00:00+00:00,944.01,944.01,942.46,942.73,6684.0,562.0,943.185625
GS,2026-09-18 17:05:00+00:00,943.09,943.925,942.71,942.71,6227.0,429.0,943.373265
GS,2026-09-18 17:10:00+00:00,942.97,942.99,941.24,942.22,6932.0,518.0,942.094049
GS,2026-09-18 17:15:00+00:00,941.83,942.32,941.81,942.025,5664.0,436.0,941.97254
GS,2026-09-18 17:20:00+00:00,942.04,943.37,942.0001,943.145,5910.0,466.0,942.799217
GS,2026-09-18 17:25:00+00:00,943.2,943.56,942.85,943.01,8446.0,588.0,943.193181
GS,2026-09-18 17:30:00+00:00,943.01,943.64,942.82,943.39,4612.0,505.0,943.16651
GS,2026-09-18 17:35:00+00:00,943.32,944.7099,943.32,943.94,8510.0,555.0,943.945134
GS,2026-09-18 17:40:00+00:00,944.31,945.5023,944.31,945.195,10064.0,735.0,944.781708
GS,2026-09-18 17:45:00+00:00,945.08,945.162,943.79,943.88,12402.0,775.0,944.488963
GS,2026-09-18 17:50:00+00:00,943.61,944.76,943.61,944.2501,17253.0,995.0,944.07484
GS,2026-09-18 17:55:00+00:00,944.32,944.46,943.6801,943.89,8709.0,591.0,944.062493
GS,2026-09-18 18:00:00+00:00,943.98,946.27,943.97,945.6425,14383.0,885.0,944.993771
GS,2026-09-18 18:05:00+00:00,946.25,946.25,944.69,945.59,9668.0,545.0,945.329834
GS,2026-09-18 18:10:00+00:00,945.73,945.73,944.91,944.91,14571.0,714.0,945.335142
GS,2026-09-18 18:15:00+00:00,944.91,945.645,944.71,945.645,11379.0,761.0,945.167735
GS,2026-09-18 18:20:00+00:00,945.72,946.54,945.45,945.735,12437.0,774.0,946.087761
GS,2026-09-18 18:25:00+00:00,945.92,946.46,945.34,946.215,8486.0,674.0,945.668864
GS,2026-09-18 18:30:00+00:00,945.97,946.43,945.5,946.37,6475.0,508.0,945.867794
GS,2026-09-18 18:35:00+00:00,946.23,946.41,945.0,945.065,6525.0,574.0,945.877314
GS,2026-09-18 18:40:00+00:00,945.055,945.165,943.6601,944.705,26023.0,839.0,944.519026
GS,2026-09-18 18:45:00+00:00,944.61,945.83,943.91,945.44,17091.0,769.0,944.618431
GS,2026-09-18 18:50:00+00:00,945.31,945.385,942.8,943.24,13345.0,820.0,944.266113
GS,2026-09-18 18:55:00+00:00,943.66,943.9399,943.16,943.705,9903.0,712.0,943.482654
GS,2026-09-18 19:00:00+00:00,943.91,944.255,942.37,943.52,15659.0,827.0,943.354376
GS,2026-09-18 19:05:00+00:00,943.515,943.6145,942.28,942.82,17191.0,888.0,943.015131
GS,2026-09-18 19:10:00+00:00,942.58,944.01,942.25,943.37,14955.0,885.0,943.005884
GS,2026-09-18 19:15:00+00:00,943.44,943.73,942.31,942.495,20184.0,1069.0,943.093327
GS,2026-09-18 19:20:00+00:00,942.495,942.68,941.75,942.425,71038.0,1207.0,942.223332
GS,2026-09-18 19:25:00+00:00,942.32,942.65,940.84,940.84,17923.0,1257.0,941.994765
GS,2026-09-18 19:30:00+00:00,940.81,942.175,940.5,941.22,20707.0,1297.0,941.192015
GS,2026-09-18 19:35:00+00:00,941.235,941.81,940.0,941.08,38370.0,2084.0,940.744884
GS,2026-09-18 19:40:00+00:00,941.08,942.18,940.435,942.18,26667.0,1606.0,941.212446
GS,2026-09-18 19:45:00+00:00,941.97,942.7,939.95,940.83,49419.0,2721.0,940.987125
GS,2026-09-18 19:50:00+00:00,940.25,943.66,939.8,942.54,80420.0,3506.0,942.119698
GS,2026-09-18 19:55:00+00:00,942.16,943.6899,941.13,941.57,169941.0,6640.0,942.791456
GS,2026-09-18 20:00:00+00:00,941.79,943.07,941.613,943.0,1483071.0,76.0,942.000185
GS,2026-09-18 20:05:00+00:00,943.8,943.8,943.8,943.8,19558.0,19.0,943.8
GS,2026-09-18 20:10:00+00:00,943.5,943.5,942.0,942.0,112090.0,80.0,942.003109
GS,2026-09-18 20:15:00+00:00,942.5,942.5,942.5,942.5,38074.0,12.0,942.5
GS,2026-09-18 20:40:00+00:00,943.9,943.9,943.9,943.9,74.0,4.0,943.9
GS,2026-09-18 20:45:00+00:00,943.41,943.88,943.01,943.88,399.0,13.0,943.717079
GS,2026-09-18 20:55:00+00:00,943.01,943.01,943.01,943.01,65.0,5.0,943.01
GS,2026-09-18 21:00:00+00:00,943.9,943.9,943.9,943.9,56.0,3.0,943.9
GS,2026-09-18 21:20:00+00:00,943.94,944.0,943.94,944.0,256.0,9.0,943.956216
GS,2026-09-18 21:30:00+00:00,943.91,943.91,943.91,943.91,100.0,6.0,943.91
GS,2026-09-18 21:45:00+00:00,944.0,944.0,943.8466,943.8466,524.0,21.0,943.966507
GS,2026-09-18 21:50:00+00:00,943.99,943.99,943.99,943.99,70.0,2.0,943.99
GS,2026-09-18 21:55:00+00:00,943.1634,943.5,943.1634,943.5,152.0,5.0,943.267862
GS,2026-09-18 22:20:00+00:00,943.44,943.44,943.44,943.44,105.0,2.0,943.44
GS,2026-09-18 22:30:00+00:00,943.5,943.5,943.5,943.5,111.0,2.0,943.5
GS,2026-09-18 22:40:00+00:00,944.0,944.0,944.0,944.0,200.0,1.0,944.0
GS,2026-09-18 23:10:00+00:00,943.01,943.01,943.01,943.01,691.0,3.0,943.01
GS,2026-09-18 23:30:00+00:00,943.4,943.4,943.4,943.4,62.0,9.0,943.4
