symbol,timestamp,open,high,low,close,volume,trade_count,vwap
EQIX,2026-08-14 11:30:00+00:00,1088.0,1088.0,1088.0,1088.0,51.0,2.0,1088.0
EQIX,2026-08-14 13:30:00+00:00,1080.0,1082.13,1072.595,1082.13,4711.0,287.0,1079.369576
EQIX,2026-08-14 13:35:00+00:00,1080.57,1085.45,1080.57,1083.24,2697.0,195.0,1083.339898
EQIX,2026-08-14 13:40:00+00:00,1082.3257,1086.79,1080.09,1086.39,2614.0,201.0,1085.165023
EQIX,2026-08-14 13:45:00+00:00,1084.9,1087.4998,1084.88,1085.35,2836.0,176.0,1085.609804
EQIX,2026-08-14 13:50:00+00:00,1085.395,1087.87,1085.37,1087.87,3292.0,307.0,1086.374261
EQIX,2026-08-14 13:55:00+00:00,1087.25,1089.145,1087.03,1088.0,6752.0,264.0,1087.894868
EQIX,2026-08-14 14:00:00+00:00,1087.55,1091.22,1087.55,1090.17,3945.0,208.0,1089.164971
EQIX,2026-08-14 14:05:00+00:00,1089.71,1089.71,1086.26,1086.26,1153.0,112.0,1088.05359
EQIX,2026-08-14 14:10:00+00:00,1087.92,1089.23,1087.5,1088.625,1516.0,140.0,1088.106357
EQIX,2026-08-14 14:15:00+00:00,1087.32,1088.39,1087.265,1087.265,1827.0,138.0,1087.33398
EQIX,2026-08-14 14:20:00+00:00,1087.3,1089.2599,1086.84,1087.33,3582.0,165.0,1087.720006
EQIX,2026-08-14 14:25:00+00:00,1086.3,1086.3,1085.51,1085.51,596.0,105.0,1086.002163
EQIX,2026-08-14 14:30:00+00:00,1083.6,1083.9025,1082.9256,1082.9256,1231.0,96.0,1083.572666
EQIX,2026-08-14 14:35:00+00:00,1085.0,1086.0,1084.64,1084.64,1133.0,109.0,1085.166838
EQIX,2026-08-14 14:40:00+00:00,1086.12,1086.12,1086.12,1086.12,116.0,25.0,1086.12
EQIX,2026-08-14 14:45:00+00:00,1083.94,1084.12,1083.81,1084.12,795.0,55.0,1083.890491
EQIX,2026-08-14 14:50:00+00:00,1085.04,1086.02,1084.805,1086.02,1225.0,104.0,1085.116308
EQIX,2026-08-14 14:55:00+00:00,1086.2,1087.97,1085.78,1087.96,3339.0,192.0,1086.43036
EQIX,2026-08-14 15:00:00+00:00,1087.785,1092.52,1087.785,1092.52,8528.0,312.0,1090.619787
EQIX,2026-08-14 15:05:00+00:00,1092.565,1095.2189,1092.565,1094.47,2680.0,234.0,1094.25806
EQIX,2026-08-14 15:10:00+00:00,1095.0,1096.855,1094.215,1095.82,17258.0,593.0,1095.055744
EQIX,2026-08-14 15:15:00+00:00,1095.615,1097.3,1094.18,1094.44,8787.0,436.0,1095.736086
EQIX,2026-08-14 15:20:00+00:00,1093.93,1093.93,1092.87,1093.48,1516.0,170.0,1093.583008
EQIX,2026-08-14 15:25:00+00:00,1094.1075,1095.15,1093.65,1094.615,11226.0,370.0,1094.443258
EQIX,2026-08-14 15:30:00+00:00,1095.11,1095.42,1094.61,1094.705,2214.0,211.0,1095.059611
EQIX,2026-08-14 15:35:00+00:00,1094.96,1095.02,1093.27,1093.64,5155.0,251.0,1094.392793
EQIX,2026-08-14 15:40:00+00:00,1092.55,1094.56,1091.9,1091.9,9903.0,304.0,1093.720468
EQIX,2026-08-14 15:45:00+00:00,1091.92,1091.92,1091.4,1091.4,1272.0,105.0,1091.575165
EQIX,2026-08-14 15:50:00+00:00,1090.99,1091.92,1089.13,1090.39,4849.0,252.0,1090.515735
EQIX,2026-08-14 15:55:00+00:00,1089.96,1089.96,1089.15,1089.31,921.0,81.0,1089.259117
EQIX,2026-08-14 16:00:00+00:00,1090.285,1091.0,1089.84,1090.325,1771.0,147.0,1090.553975
EQIX,2026-08-14 16:05:00+00:00,1090.325,1091.05,1090.19,1091.05,1107.0,121.0,1090.69378
EQIX,2026-08-14 16:10:00+00:00,1090.86,1092.05,1089.82,1092.05,1275.0,110.0,1090.736353
EQIX,2026-08-14 16:15:00+00:00,1092.9,1094.805,1092.9,1094.805,1667.0,165.0,1093.751359
EQIX,2026-08-14 16:20:00+00:00,1094.18,1096.01,1094.17,1095.94,2307.0,200.0,1095.417946
EQIX,2026-08-14 16:25:00+00:00,1096.51,1096.51,1095.52,1095.52,752.0,100.0,1096.015
EQIX,2026-08-14 16:30:00+00:00,1095.3575,1095.42,1095.06,1095.42,779.0,105.0,1095.337616
EQIX,2026-08-14 16:35:00+00:00,1095.42,1095.94,1095.15,1095.94,3348.0,231.0,1095.315794
EQIX,2026-08-14 16:40:00+00:00,1095.9399,1096.11,1095.9399,1096.11,766.0,67.0,1095.955929
EQIX,2026-08-14 16:45:00+00:00,1095.21,1095.69,1094.67,1095.205,1342.0,138.0,1095.184682
EQIX,2026-08-14 16:50:00+00:00,1096.07,1096.07,1094.46,1094.46,868.0,115.0,1094.970831
EQIX,2026-08-14 16:55:00+00:00,1094.455,1094.8,1093.37,1093.37,2275.0,218.0,1094.322351
EQIX,2026-08-14 17:00:00+00:00,1094.16,1094.16,1093.68,1094.11,1511.0,139.0,1093.968957
EQIX,2026-08-14 17:05:00+00:00,1094.46,1094.975,1094.46,1094.975,968.0,104.0,1094.671312
EQIX,2026-08-14 17:10:00+00:00,1095.25,1095.355,1095.24,1095.355,550.0,59.0,1095.285
EQIX,2026-08-14 17:15:00+00:00,1095.54,1097.18,1095.425,1097.18,3729.0,299.0,1096.361474
EQIX,2026-08-14 17:20:00+00:00,1097.0925,1097.41,1095.8025,1096.37,5542.0,232.0,1096.827933
EQIX,2026-08-14 17:25:00+00:00,1095.985,1095.985,1095.985,1095.985,89.0,16.0,1095.985
EQIX,2026-08-14 17:30:00+00:00,1096.005,1097.055,1095.805,1097.055,1121.0,166.0,1096.246733
EQIX,2026-08-14 17:35:00+00:00,1096.6,1098.26,1096.6,1098.25,2784.0,267.0,1097.553977
EQIX,2026-08-14 17:40:00+00:00,1098.09,1098.8799,1097.8401,1098.8799,3513.0,201.0,1098.196576
EQIX,2026-08-14 17:45:00+00:00,1098.36,1098.36,1096.98,1096.98,2471.0,229.0,1097.6552
EQIX,2026-08-14 17:50:00+00:00,1096.98,1097.715,1096.715,1097.2025,3515.0,291.0,1097.073796
EQIX,2026-08-14 17:55:00+00:00,1096.99,1096.99,1096.28,1096.75,1516.0,160.0,1096.67655
EQIX,2026-08-14 18:00:00+00:00,1096.75,1099.0399,1096.29,1098.19,1925.0,211.0,1097.799685
EQIX,2026-08-14 18:05:00+00:00,1098.62,1100.0,1098.465,1099.8,3670.0,291.0,1099.454864
EQIX,2026-08-14 18:10:00+00:00,1099.315,1100.12,1098.7261,1098.885,1706.0,196.0,1099.269533
EQIX,2026-08-14 18:15:00+00:00,1098.89,1099.64,1098.89,1099.01,1117.0,165.0,1099.252204
EQIX,2026-08-14 18:20:00+00:00,1098.155,1098.82,1098.155,1098.54,897.0,129.0,1098.457429
EQIX,2026-08-14 18:25:00+00:00,1098.34,1099.64,1098.34,1099.62,2851.0,307.0,1099.443616
EQIX,2026-08-14 18:30:00+00:00,1099.86,1100.38,1099.56,1100.38,1659.0,207.0,1099.810421
EQIX,2026-08-14 18:35:00+00:00,1100.3,1102.69,1100.3,1101.8,2900.0,287.0,1101.358383
EQIX,2026-08-14 18:40:00+00:00,1101.04,1102.63,1101.04,1102.62,1987.0,241.0,1101.988422
EQIX,2026-08-14 18:45:00+00:00,1102.27,1102.27,1101.79,1101.84,914.0,148.0,1102.147301
EQIX,2026-08-14 18:50:00+00:00,1102.02,1102.61,1101.78,1102.61,3456.0,325.0,1102.004804
EQIX,2026-08-14 18:55:00+00:00,1102.655,1102.655,1101.965,1101.965,1157.0,158.0,1102.33176
EQIX,2026-08-14 19:00:00+00:00,1101.955,1101.955,1101.44,1101.685,3062.0,254.0,1101.610294
EQIX,2026-08-14 19:05:00+00:00,1101.76,1102.91,1101.63,1102.8554,2631.0,292.0,1102.371462
EQIX,2026-08-14 19:10:00+00:00,1103.4,1103.4,1102.36,1102.36,1964.0,229.0,1102.735037
EQIX,2026-08-14 19:15:00+00:00,1102.365,1102.82,1102.0,1102.0,4215.0,340.0,1102.386031
EQIX,2026-08-14 19:20:00+00:00,1102.0,1103.49,1102.0,1103.38,2270.0,277.0,1102.846796
EQIX,2026-08-14 19:25:00+00:00,1103.88,1104.68,1103.655,1104.2675,1916.0,207.0,1104.068396
EQIX,2026-08-14 19:30:00+00:00,1103.8783,1104.75,1103.43,1104.245,4532.0,433.0,1104.275379
EQIX,2026-08-14 19:35:00+00:00,1103.2601,1104.35,1103.2601,1103.585,2564.0,266.0,1103.894958
EQIX,2026-08-14 19:40:00+00:00,1103.59,1103.85,1102.1,1102.3525,6572.0,506.0,1102.589199
EQIX,2026-08-14 19:45:00+00:00,1102.11,1104.09,1102.11,1104.09,6021.0,518.0,1103.035167
EQIX,2026-08-14 19:50:00+00:00,1104.37,1105.94,1102.52,1102.53,20054.0,1126.0,1104.151359
EQIX,2026-08-14 19:55:00+00:00,1102.35,1103.08,1100.52,1102.1,31706.0,1886.0,1101.762533
EQIX,2026-08-14 20:00:00+00:00,1102.1,1102.1,1102.1,1102.1,177701.0,71.0,1102.1
EQIX,2026-08-14 23:50:00+00:00,1101.9,1101.9,1101.9,1101.9,44.0,1.0,1101.9
EQIX,2026-08-17 13:25:00+00:00,1109.22,1109.22,1109.22,1109.22,103.0,2.0,1109.22
EQIX,2026-08-17 13:30:00+00:00,1105.81,1109.22,1098.1,1099.0475,17531.0,1375.0,1107.944846
EQIX,2026-08-17 13:35:00+00:00,1100.0,1100.0,1096.02,1097.34,2116.0,326.0,1097.76892
EQIX,2026-08-17 13:40:00+00:00,1097.0778,1101.36,1097.0778,1100.0,5424.0,340.0,1099.743836
EQIX,2026-08-17 13:45:00+00:00,1100.27,1100.56,1093.88,1095.825,2847.0,317.0,1097.96106
EQIX,2026-08-17 13:50:00+00:00,1096.5,1096.96,1092.89,1094.48,3265.0,206.0,1095.059256
EQIX,2026-08-17 13:55:00+00:00,1093.775,1094.72,1092.83,1093.83,3317.0,266.0,1093.544031
EQIX,2026-08-17 14:00:00+00:00,1095.46,1096.64,1092.7524,1094.295,6017.0,298.0,1094.763029
EQIX,2026-08-17 14:05:00+00:00,1095.84,1095.96,1091.3,1092.315,4190.0,252.0,1093.827436
EQIX,2026-08-17 14:10:00+00:00,1093.74,1094.9676,1091.79,1093.23,2353.0,233.0,1093.824589
EQIX,2026-08-17 14:15:00+00:00,1094.34,1094.34,1091.54,1093.0,3226.0,219.0,1092.530229
EQIX,2026-08-17 14:20:00+00:00,1093.33,1095.065,1092.855,1095.065,2462.0,231.0,1093.507741
EQIX,2026-08-17 14:25:00+00:00,1095.81,1098.21,1095.38,1098.21,7658.0,346.0,1096.5615
EQIX,2026-08-17 14:30:00+00:00,1098.5,1100.35,1098.0275,1099.255,7717.0,411.0,1099.746819
EQIX,2026-08-17 14:35:00+00:00,1099.24,1099.25,1096.16,1096.755,6225.0,296.0,1097.446571
EQIX,2026-08-17 14:40:00+00:00,1096.75,1097.44,1094.67,1097.43,4952.0,294.0,1096.266849
EQIX,2026-08-17 14:45:00+00:00,1097.44,1098.56,1096.085,1098.56,4467.0,280.0,1097.13566
EQIX,2026-08-17 14:50:00+00:00,1097.74,1100.52,1097.605,1100.52,6334.0,417.0,1098.483198
EQIX,2026-08-17 14:55:00+00:00,1098.59,1100.91,1098.2,1099.305,6463.0,423.0,1099.644708
EQIX,2026-08-17 15:00:00+00:00,1099.305,1099.4,1098.25,1098.495,3832.0,250.0,1098.668835
EQIX,2026-08-17 15:05:00+00:00,1098.495,1098.74,1096.885,1098.44,3300.0,307.0,1097.891993
EQIX,2026-08-17 15:10:00+00:00,1097.45,1098.68,1096.48,1098.02,3355.0,278.0,1097.603441
EQIX,2026-08-17 15:15:00+00:00,1098.1,1098.73,1096.91,1097.71,2605.0,222.0,1097.764791
EQIX,2026-08-17 15:20:00+00:00,1098.35,1098.46,1097.77,1097.84,1725.0,209.0,1097.985161
EQIX,2026-08-17 15:25:00+00:00,1097.82,1099.17,1096.69,1099.17,4831.0,317.0,1097.493155
EQIX,2026-08-17 15:30:00+00:00,1099.16,1099.16,1096.456,1098.85,4190.0,274.0,1097.524189
EQIX,2026-08-17 15:35:00+00:00,1098.86,1099.74,1097.285,1097.29,3417.0,267.0,1098.529361
EQIX,2026-08-17 15:40:00+00:00,1097.29,1098.83,1097.275,1097.97,2050.0,188.0,1097.546724
EQIX,2026-08-17 15:45:00+00:00,1098.77,1100.72,1098.64,1100.72,3070.0,277.0,1099.453864
EQIX,2026-08-17 15:50:00+00:00,1101.26,1101.8,1100.13,1101.67,2830.0,269.0,1100.833989
EQIX,2026-08-17 15:55:00+00:00,1101.8094,1103.005,1100.89,1102.485,2622.0,237.0,1102.136796
EQIX,2026-08-17 16:00:00+00:00,1101.55,1102.87,1100.625,1101.11,6176.0,908.0,1101.536756
EQIX,2026-08-17 16:05:00+00:00,1100.32,1101.71,1100.32,1101.28,4234.0,429.0,1101.087582
EQIX,2026-08-17 16:10:00+00:00,1101.28,1104.4199,1101.28,1102.205,11898.0,723.0,1102.573884
EQIX,2026-08-17 16:15:00+00:00,1102.94,1104.67,1102.94,1104.025,5839.0,456.0,1104.16453
EQIX,2026-08-17 16:20:00+00:00,1104.33,1106.405,1104.33,1106.405,3649.0,341.0,1105.506847
EQIX,2026-08-17 16:25:00+00:00,1107.11,1107.53,1104.0,1104.055,5587.0,313.0,1105.431593
EQIX,2026-08-17 16:30:00+00:00,1104.89,1105.18,1104.615,1105.18,975.0,128.0,1104.970634
EQIX,2026-08-17 16:35:00+00:00,1105.56,1106.56,1105.53,1106.56,1693.0,205.0,1105.83856
EQIX,2026-08-17 16:40:00+00:00,1105.855,1105.88,1105.37,1105.88,3137.0,198.0,1105.558275
EQIX,2026-08-17 16:45:00+00:00,1106.37,1106.765,1106.29,1106.46,2498.0,273.0,1106.55614
EQIX,2026-08-17 16:50:00+00:00,1106.5,1106.68,1105.82,1106.02,3063.0,274.0,1106.274057
EQIX,2026-08-17 16:55:00+00:00,1106.51,1107.08,1106.12,1106.71,701.0,100.0,1106.545882
EQIX,2026-08-17 17:00:00+00:00,1105.75,1106.605,1105.62,1106.0899,2837.0,227.0,1105.937787
EQIX,2026-08-17 17:05:00+00:00,1105.62,1106.455,1105.16,1106.455,3726.0,296.0,1105.463881
EQIX,2026-08-17 17:10:00+00:00,1105.87,1106.6695,1105.37,1106.22,1600.0,136.0,1106.061517
EQIX,2026-08-17 17:15:00+00:00,1106.565,1106.565,1105.27,1105.4,2876.0,253.0,1105.936907
EQIX,2026-08-17 17:20:00+00:00,1105.21,1105.4,1101.91,1101.91,4140.0,246.0,1103.841786
EQIX,2026-08-17 17:25:00+00:00,1102.78,1102.91,1101.72,1102.91,1735.0,170.0,1102.261727
EQIX,2026-08-17 17:30:00+00:00,1102.53,1103.365,1102.53,1102.855,3493.0,243.0,1102.877395
EQIX,2026-08-17 17:35:00+00:00,1102.48,1102.48,1100.98,1101.45,2011.0,169.0,1101.802233
EQIX,2026-08-17 17:40:00+00:00,1101.46,1102.56,1101.02,1102.375,6716.0,377.0,1101.690463
EQIX,2026-08-17 17:45:00+00:00,1103.09,1103.09,1101.31,1101.85,2827.0,234.0,1102.022797
EQIX,2026-08-17 17:50:00+00:00,1101.48,1101.55,1101.12,1101.275,1433.0,156.0,1101.340913
EQIX,2026-08-17 17:55:00+00:00,1101.48,1102.86,1101.305,1102.2,2334.0,223.0,1101.936571
EQIX,2026-08-17 18:00:00+00:00,1102.84,1103.525,1102.84,1102.99,1822.0,213.0,1103.395959
EQIX,2026-08-17 18:05:00+00:00,1103.32,1103.64,1102.63,1102.63,2691.0,265.0,1103.081526
EQIX,2026-08-17 18:10:00+00:00,1102.07,1102.39,1101.59,1102.39,3268.0,151.0,1102.012343
EQIX,2026-08-17 18:15:00+00:00,1102.4,1102.4,1100.92,1100.92,1698.0,165.0,1101.842062
EQIX,2026-08-17 18:20:00+00:00,1101.39,1102.27,1100.8,1101.635,3721.0,266.0,1101.337677
EQIX,2026-08-17 18:25:00+00:00,1101.6,1102.27,1101.6,1101.725,1461.0,142.0,1101.831176
EQIX,2026-08-17 18:30:00+00:00,1101.6,1101.725,1100.82,1101.12,1726.0,184.0,1101.244417
EQIX,2026-08-17 18:35:00+00:00,1101.12,1101.88,1101.12,1101.475,2097.0,216.0,1101.42359
EQIX,2026-08-17 18:40:00+00:00,1101.415,1101.67,1100.98,1101.39,4192.0,206.0,1101.388795
EQIX,2026-08-17 18:45:00+00:00,1100.98,1102.66,1100.85,1102.275,4044.0,341.0,1101.547942
EQIX,2026-08-17 18:50:00+00:00,1102.28,1102.9,1102.23,1102.23,2210.0,215.0,1102.453271
EQIX,2026-08-17 18:55:00+00:00,1102.23,1103.005,1102.225,1102.32,3969.0,314.0,1102.628676
EQIX,2026-08-17 19:00:00+00:00,1102.355,1102.565,1101.75,1102.21,4404.0,312.0,1102.1759
EQIX,2026-08-17 19:05:00+00:00,1101.76,1101.76,1101.04,1101.69,3068.0,145.0,1101.332907
EQIX,2026-08-17 19:10:00+00:00,1101.6,1102.06,1100.785,1100.785,4701.0,367.0,1101.356528
EQIX,2026-08-17 19:15:00+00:00,1101.17,1101.22,1100.19,1100.73,4950.0,418.0,1100.6741
EQIX,2026-08-17 19:20:00+00:00,1100.67,1100.94,1099.54,1100.0,2872.0,270.0,1100.257302
EQIX,2026-08-17 19:25:00+00:00,1099.79,1101.31,1098.975,1100.99,3010.0,303.0,1100.00734
EQIX,2026-08-17 19:30:00+00:00,1100.97,1102.19,1100.865,1101.87,2942.0,256.0,1101.599707
EQIX,2026-08-17 19:35:00+00:00,1102.22,1102.895,1100.97,1102.895,5204.0,408.0,1101.696531
EQIX,2026-08-17 19:40:00+00:00,1102.895,1103.08,1101.56,1102.73,5011.0,415.0,1102.375141
EQIX,2026-08-17 19:45:00+00:00,1102.78,1104.96,1102.56,1104.42,8325.0,446.0,1103.866491
EQIX,2026-08-17 19:50:00+00:00,1104.415,1104.4975,1100.61,1101.13,9951.0,579.0,1102.296737
EQIX,2026-08-17 19:55:00+00:00,1100.7,1101.71,1097.3,1097.78,45127.0,2486.0,1098.446018
EQIX,2026-08-17 20:00:00+00:00,1097.76,1097.76,1097.61,1097.61,188219.0,98.0,1097.610421
EQIX,2026-08-17 20:05:00+00:00,1096.51,1096.51,1096.51,1096.51,62.0,9.0,1096.51
EQIX,2026-08-18 08:00:00+00:00,1088.88,1088.88,1088.88,1088.88,184.0,29.0,1088.88
EQIX,2026-08-18 13:30:00+00:00,1103.58,1107.41,1095.95,1095.95,8618.0,503.0,1103.311614
EQIX,2026-08-18 13:35:00+00:00,1095.445,1098.7,1094.425,1098.7,2789.0,142.0,1095.864539
EQIX,2026-08-18 13:40:00+00:00,1096.596,1099.99,1096.51,1098.16,1528.0,174.0,1097.861272
EQIX,2026-08-18 13:45:00+00:00,1096.0,1098.11,1094.82,1094.82,2257.0,270.0,1095.920219
EQIX,2026-08-18 13:50:00+00:00,1094.815,1096.9,1093.235,1094.63,3044.0,139.0,1094.899076
EQIX,2026-08-18 13:55:00+00:00,1094.145,1094.985,1092.35,1092.91,9363.0,478.0,1093.774529
EQIX,2026-08-18 14:00:00+00:00,1094.05,1096.95,1093.215,1094.93,8800.0,481.0,1095.045999
EQIX,2026-08-18 14:05:00+00:00,1094.75,1094.75,1092.465,1093.2,2926.0,240.0,1093.26614
EQIX,2026-08-18 14:10:00+00:00,1092.915,1093.24,1091.0,1093.24,3232.0,266.0,1091.938392
EQIX,2026-08-18 14:15:00+00:00,1092.88,1093.63,1092.575,1093.56,1716.0,119.0,1093.066702
EQIX,2026-08-18 14:20:00+00:00,1092.59,1092.705,1091.78,1092.705,2136.0,197.0,1092.034982
EQIX,2026-08-18 14:25:00+00:00,1092.4975,1096.14,1092.4975,1094.08,2417.0,275.0,1094.480293
EQIX,2026-08-18 14:30:00+00:00,1094.09,1095.86,1094.09,1095.59,1618.0,212.0,1095.172684
EQIX,2026-08-18 14:35:00+00:00,1094.68,1095.9,1094.37,1094.37,2605.0,193.0,1094.83323
EQIX,2026-08-18 14:40:00+00:00,1095.85,1097.34,1094.54,1097.055,4985.0,337.0,1095.674613
EQIX,2026-08-18 14:45:00+00:00,1096.49,1097.32,1094.955,1095.72,5377.0,304.0,1096.151679
EQIX,2026-08-18 14:50:00+00:00,1094.95,1097.96,1094.875,1096.615,4685.0,377.0,1096.552851
EQIX,2026-08-18 14:55:00+00:00,1097.2,1097.2,1093.97,1095.325,4064.0,247.0,1095.480335
EQIX,2026-08-18 15:00:00+00:00,1096.27,1096.83,1095.26,1095.87,2866.0,297.0,1096.084457
EQIX,2026-08-18 15:05:00+00:00,1096.0,1097.42,1095.62,1095.62,2472.0,227.0,1095.917179
EQIX,2026-08-18 15:10:00+00:00,1095.605,1095.8491,1091.3,1091.925,3884.0,286.0,1093.445913
EQIX,2026-08-18 15:15:00+00:00,1091.925,1091.95,1091.505,1091.515,1536.0,141.0,1091.570118
EQIX,2026-08-18 15:20:00+00:00,1091.52,1094.03,1091.52,1093.655,8336.0,434.0,1092.967687
EQIX,2026-08-18 15:25:00+00:00,1093.775,1095.01,1093.775,1094.7,2032.0,210.0,1094.382019
EQIX,2026-08-18 15:30:00+00:00,1094.97,1095.06,1091.69,1091.69,6021.0,271.0,1093.84392
EQIX,2026-08-18 15:35:00+00:00,1091.57,1091.96,1090.79,1091.25,2385.0,254.0,1091.290427
EQIX,2026-08-18 15:40:00+00:00,1091.705,1092.88,1091.705,1092.88,1825.0,75.0,1092.516765
EQIX,2026-08-18 15:45:00+00:00,1092.73,1093.26,1091.98,1092.89,2770.0,233.0,1092.693319
EQIX,2026-08-18 15:50:00+00:00,1093.12,1094.01,1093.12,1094.01,4047.0,266.0,1093.380659
EQIX,2026-08-18 15:55:00+00:00,1094.04,1094.33,1093.62,1094.285,3275.0,283.0,1093.941875
EQIX,2026-08-18 16:00:00+00:00,1094.82,1095.98,1094.82,1095.14,3541.0,291.0,1095.567822
EQIX,2026-08-18 16:05:00+00:00,1094.37,1094.37,1093.73,1094.05,1862.0,153.0,1093.877081
EQIX,2026-08-18 16:10:00+00:00,1093.71,1094.17,1093.1,1093.6425,2308.0,121.0,1093.713333
EQIX,2026-08-18 16:15:00+00:00,1093.535,1094.05,1093.09,1093.81,1225.0,132.0,1093.59891
EQIX,2026-08-18 16:20:00+00:00,1093.5,1095.62,1093.495,1095.4,2199.0,293.0,1094.589314
EQIX,2026-08-18 16:25:00+00:00,1094.8,1095.33,1093.91,1094.43,2257.0,212.0,1094.430061
EQIX,2026-08-18 16:30:00+00:00,1094.12,1094.12,1093.4,1093.61,1168.0,94.0,1093.639962
EQIX,2026-08-18 16:35:00+00:00,1093.33,1093.74,1092.535,1093.74,2953.0,193.0,1093.158803
EQIX,2026-08-18 16:40:00+00:00,1092.5986,1094.5,1092.5986,1094.5,1217.0,144.0,1093.936817
EQIX,2026-08-18 16:45:00+00:00,1093.6425,1094.05,1092.98,1093.86,2264.0,100.0,1093.553525
EQIX,2026-08-18 16:50:00+00:00,1094.01,1094.14,1093.47,1093.47,1277.0,144.0,1093.757871
EQIX,2026-08-18 16:55:00+00:00,1092.88,1093.015,1092.79,1092.995,2278.0,161.0,1092.975519
EQIX,2026-08-18 17:00:00+00:00,1092.94,1092.94,1091.95,1092.595,2177.0,136.0,1092.502885
EQIX,2026-08-18 17:05:00+00:00,1092.17,1092.615,1092.04,1092.59,3279.0,171.0,1092.382613
EQIX,2026-08-18 17:10:00+00:00,1091.88,1092.37,1091.42,1091.7675,5825.0,398.0,1091.885055
EQIX,2026-08-18 17:15:00+00:00,1091.38,1092.24,1091.38,1091.58,998.0,133.0,1091.788374
EQIX,2026-08-18 17:20:00+00:00,1091.57,1091.825,1091.56,1091.56,843.0,102.0,1091.602405
EQIX,2026-08-18 17:25:00+00:00,1090.88,1091.505,1090.88,1091.45,1110.0,116.0,1091.33325
EQIX,2026-08-18 17:30:00+00:00,1091.43,1091.48,1091.0,1091.445,1914.0,152.0,1091.334892
EQIX,2026-08-18 17:35:00+00:00,1091.41,1091.41,1090.81,1091.375,1132.0,118.0,1091.189241
EQIX,2026-08-18 17:40:00+00:00,1090.81,1091.72,1090.77,1091.72,2022.0,210.0,1091.164533
EQIX,2026-08-18 17:45:00+00:00,1091.3,1091.3,1090.48,1090.48,2188.0,260.0,1090.779928
EQIX,2026-08-18 17:50:00+00:00,1090.715,1091.51,1090.2,1090.71,1331.0,103.0,1090.946849
EQIX,2026-08-18 17:55:00+00:00,1090.74,1091.15,1090.0,1090.21,1874.0,295.0,1090.522313
EQIX,2026-08-18 18:00:00+00:00,1090.5,1090.51,1087.89,1088.71,5069.0,383.0,1089.728824
EQIX,2026-08-18 18:10:00+00:00,1088.15,1088.99,1087.75,1087.75,3807.0,366.0,1088.559193
EQIX,2026-08-18 18:15:00+00:00,1087.79,1087.79,1085.51,1085.8,3204.0,194.0,1087.128695
EQIX,2026-08-18 18:20:00+00:00,1086.16,1086.16,1086.15,1086.15,354.0,60.0,1086.157561
EQIX,2026-08-18 18:25:00+00:00,1085.5,1087.47,1085.5,1087.24,4347.0,306.0,1086.755833
EQIX,2026-08-18 18:30:00+00:00,1086.92,1087.65,1086.69,1087.65,2362.0,192.0,1087.019119
EQIX,2026-08-18 18:35:00+00:00,1088.1,1088.1,1086.89,1087.97,1309.0,158.0,1087.664163
EQIX,2026-08-18 18:40:00+00:00,1088.05,1089.11,1087.4,1087.58,3194.0,266.0,1088.083786
EQIX,2026-08-18 18:45:00+00:00,1087.93,1088.49,1087.18,1087.9,1747.0,203.0,1087.701974
EQIX,2026-08-18 18:50:00+00:00,1088.47,1089.39,1088.47,1088.81,4493.0,416.0,1088.794338
EQIX,2026-08-18 18:55:00+00:00,1088.74,1088.74,1087.56,1088.2325,2886.0,232.0,1087.964128
EQIX,2026-08-18 19:00:00+00:00,1088.475,1088.98,1088.23,1088.94,2139.0,227.0,1088.659288
EQIX,2026-08-18 19:05:00+00:00,1088.515,1089.07,1087.68,1087.68,1860.0,227.0,1088.236378
EQIX,2026-08-18 19:10:00+00:00,1087.15,1088.0163,1086.44,1086.44,3027.0,271.0,1087.444825
EQIX,2026-08-18 19:15:00+00:00,1086.635,1087.1,1086.12,1086.69,2765.0,304.0,1086.547754
EQIX,2026-08-18 19:20:00+00:00,1087.24,1087.31,1086.26,1086.755,2702.0,229.0,1086.888584
EQIX,2026-08-18 19:25:00+00:00,1087.4999,1087.4999,1085.78,1085.78,2045.0,273.0,1086.444571
EQIX,2026-08-18 19:30:00+00:00,1086.27,1087.34,1086.26,1087.0425,7273.0,479.0,1086.785242
EQIX,2026-08-18 19:35:00+00:00,1086.83,1088.7,1086.83,1087.75,7510.0,509.0,1088.054791
EQIX,2026-08-18 19:40:00+00:00,1087.94,1087.94,1087.04,1087.22,4575.0,240.0,1087.628953
EQIX,2026-08-18 19:45:00+00:00,1086.89,1087.99,1085.7,1087.47,8505.0,583.0,1086.975159
EQIX,2026-08-18 19:50:00+00:00,1088.15,1088.93,1086.64,1086.64,14713.0,874.0,1088.071981
EQIX,2026-08-18 19:55:00+00:00,1087.0,1088.35,1084.9,1085.495,38033.0,2341.0,1086.279777
EQIX,2026-08-18 20:00:00+00:00,1085.09,1085.09,1085.09,1085.09,115322.0,79.0,1085.09
EQIX,2026-08-19 13:25:00+00:00,1087.66,1087.66,1087.66,1087.66,58.0,1.0,1087.66
EQIX,2026-08-19 13:30:00+00:00,1089.0,1093.365,1080.9,1082.67,5873.0,288.0,1088.293247
EQIX,2026-08-19 13:35:00+00:00,1082.055,1082.79,1075.02,1076.61,2655.0,209.0,1078.741818
EQIX,2026-08-19 13:40:00+00:00,1076.6,1078.45,1074.51,1076.07,8138.0,327.0,1076.73656
EQIX,2026-08-19 13:45:00+00:00,1074.14,1074.14,1071.75,1071.75,2293.0,245.0,1072.769273
EQIX,2026-08-19 13:50:00+00:00,1071.215,1072.78,1069.37,1069.37,3125.0,311.0,1071.676314
EQIX,2026-08-19 13:55:00+00:00,1069.74,1072.5,1068.48,1068.48,2112.0,241.0,1070.502539
EQIX,2026-08-19 14:00:00+00:00,1069.18,1069.18,1063.38,1063.38,4837.0,385.0,1067.200276
EQIX,2026-08-19 14:05:00+00:00,1062.3,1064.75,1061.25,1062.0,3921.0,258.0,1062.439327
EQIX,2026-08-19 14:10:00+00:00,1061.51,1061.51,1055.36,1055.9,6386.0,399.0,1057.016221
EQIX,2026-08-19 14:15:00+00:00,1056.84,1059.92,1055.835,1059.92,4516.0,378.0,1058.075497
EQIX,2026-08-19 14:20:00+00:00,1057.85,1057.86,1053.165,1054.635,4991.0,281.0,1055.857254
EQIX,2026-08-19 14:25:00+00:00,1053.235,1054.545,1050.34,1051.755,3131.0,305.0,1053.329979
EQIX,2026-08-19 14:30:00+00:00,1051.6,1052.105,1047.165,1047.505,7089.0,488.0,1048.596732
EQIX,2026-08-19 14:35:00+00:00,1047.5,1051.74,1045.625,1051.74,3776.0,351.0,1048.097268
EQIX,2026-08-19 14:40:00+00:00,1051.965,1052.435,1048.54,1048.645,5375.0,298.0,1051.467747
EQIX,2026-08-19 14:45:00+00:00,1048.65,1048.7225,1046.69,1047.48,1478.0,145.0,1048.314918
EQIX,2026-08-19 14:50:00+00:00,1046.51,1046.7897,1043.99,1044.58,2631.0,232.0,1045.20001
EQIX,2026-08-19 14:55:00+00:00,1045.86,1051.91,1045.57,1050.21,3794.0,276.0,1048.549368
EQIX,2026-08-19 15:00:00+00:00,1050.205,1052.95,1050.205,1052.95,2885.0,211.0,1051.671085
EQIX,2026-08-19 15:05:00+00:00,1051.15,1053.81,1051.15,1053.81,2072.0,175.0,1052.374137
EQIX,2026-08-19 15:10:00+00:00,1052.39,1056.81,1052.385,1054.63,4173.0,295.0,1055.225539
EQIX,2026-08-19 15:15:00+00:00,1054.83,1054.83,1052.38,1053.46,3675.0,253.0,1053.597504
EQIX,2026-08-19 15:20:00+00:00,1053.63,1055.09,1050.71,1051.075,3063.0,247.0,1053.028763
EQIX,2026-08-19 15:25:00+00:00,1051.065,1051.59,1049.92,1051.59,1502.0,146.0,1050.800193
EQIX,2026-08-19 15:30:00+00:00,1051.58,1052.59,1047.14,1048.0,5719.0,483.0,1049.976474
EQIX,2026-08-19 15:35:00+00:00,1047.23,1047.9825,1046.74,1047.56,2197.0,300.0,1047.336724
EQIX,2026-08-19 15:40:00+00:00,1046.98,1047.865,1046.115,1046.99,2877.0,331.0,1047.164821
EQIX,2026-08-19 15:45:00+00:00,1045.53,1047.31,1045.42,1047.055,5300.0,468.0,1046.533609
EQIX,2026-08-19 15:50:00+00:00,1047.06,1047.06,1045.57,1046.535,3116.0,233.0,1046.137234
EQIX,2026-08-19 15:55:00+00:00,1045.8,1047.07,1045.575,1046.99,1874.0,230.0,1046.364479
EQIX,2026-08-19 16:00:00+00:00,1046.035,1048.31,1046.025,1046.105,3873.0,385.0,1046.824093
EQIX,2026-08-19 16:05:00+00:00,1047.255,1047.255,1047.255,1047.255,319.0,65.0,1047.255
EQIX,2026-08-19 16:10:00+00:00,1046.86,1049.4897,1046.52,1048.27,4323.0,279.0,1047.891818
EQIX,2026-08-19 16:15:00+00:00,1048.46,1049.72,1048.435,1048.83,2163.0,293.0,1049.068841
EQIX,2026-08-19 16:20:00+00:00,1048.83,1049.76,1048.24,1049.38,2587.0,161.0,1049.034639
EQIX,2026-08-19 16:25:00+00:00,1049.93,1050.88,1049.93,1050.02,2336.0,260.0,1050.314392
EQIX,2026-08-19 16:30:00+00:00,1050.24,1054.9,1050.235,1054.9,3375.0,265.0,1051.793534
EQIX,2026-08-19 16:35:00+00:00,1054.315,1056.915,1054.315,1056.86,2188.0,274.0,1055.657085
EQIX,2026-08-19 16:40:00+00:00,1056.56,1059.36,1056.52,1059.36,4334.0,363.0,1057.65347
EQIX,2026-08-19 16:45:00+00:00,1058.385,1061.0,1056.955,1059.63,7159.0,422.0,1058.867499
EQIX,2026-08-19 16:50:00+00:00,1059.63,1061.49,1058.7,1060.89,6998.0,372.0,1060.227203
EQIX,2026-08-19 16:55:00+00:00,1060.32,1062.87,1060.0,1061.01,4941.0,289.0,1061.255046
EQIX,2026-08-19 17:00:00+00:00,1060.975,1061.04,1055.84,1055.84,4629.0,260.0,1058.93985
EQIX,2026-08-19 17:05:00+00:00,1056.78,1056.855,1051.805,1051.805,8433.0,363.0,1055.608782
EQIX,2026-08-19 17:10:00+00:00,1051.675,1054.42,1051.675,1053.48,2514.0,227.0,1053.340486
EQIX,2026-08-19 17:15:00+00:00,1054.42,1054.775,1053.44,1053.5,1010.0,152.0,1053.809206
EQIX,2026-08-19 17:20:00+00:00,1054.75,1054.75,1054.175,1054.39,1842.0,142.0,1054.333894
EQIX,2026-08-19 17:25:00+00:00,1054.4,1055.315,1054.08,1055.315,1184.0,178.0,1054.858422
EQIX,2026-08-19 17:30:00+00:00,1054.85,1055.66,1054.0,1055.66,3967.0,382.0,1054.767062
EQIX,2026-08-19 17:35:00+00:00,1055.43,1055.43,1054.495,1054.765,1465.0,168.0,1054.726731
EQIX,2026-08-19 17:40:00+00:00,1054.35,1056.82,1054.11,1056.4,2034.0,284.0,1055.754464
EQIX,2026-08-19 17:45:00+00:00,1056.21,1056.4,1056.21,1056.4,410.0,67.0,1056.280315
EQIX,2026-08-19 17:50:00+00:00,1056.435,1060.31,1056.435,1060.31,3108.0,330.0,1058.299111
EQIX,2026-08-19 17:55:00+00:00,1059.97,1063.0,1059.96,1062.585,6807.0,399.0,1060.521783
EQIX,2026-08-19 18:00:00+00:00,1062.58,1064.6,1062.1,1064.44,4460.0,355.0,1062.816523
EQIX,2026-08-19 18:05:00+00:00,1064.22,1064.29,1063.13,1063.595,3867.0,330.0,1063.991139
EQIX,2026-08-19 18:10:00+00:00,1063.51,1063.72,1062.4675,1062.48,3064.0,305.0,1062.844384
EQIX,2026-08-19 18:15:00+00:00,1062.595,1064.86,1062.275,1064.81,4442.0,423.0,1063.330426
EQIX,2026-08-19 18:20:00+00:00,1064.74,1064.74,1063.14,1064.18,3175.0,335.0,1063.979274
EQIX,2026-08-19 18:25:00+00:00,1064.5,1064.5,1062.29,1062.79,5052.0,363.0,1063.419075
EQIX,2026-08-19 18:30:00+00:00,1062.38,1063.51,1062.38,1063.51,1015.0,167.0,1062.802188
EQIX,2026-08-19 18:35:00+00:00,1063.58,1064.05,1061.99,1061.99,6348.0,481.0,1063.302436
EQIX,2026-08-19 18:40:00+00:00,1060.865,1061.98,1059.855,1061.97,3429.0,373.0,1060.70343
EQIX,2026-08-19 18:45:00+00:00,1061.42,1063.1,1061.42,1063.1,2413.0,394.0,1062.466555
EQIX,2026-08-19 18:50:00+00:00,1063.0701,1065.275,1061.9501,1063.74,5929.0,361.0,1063.546441
EQIX,2026-08-19 18:55:00+00:00,1063.74,1066.28,1063.32,1065.65,7187.0,392.0,1064.83058
EQIX,2026-08-19 19:00:00+00:00,1065.77,1067.275,1064.97,1067.275,9084.0,462.0,1066.2344
EQIX,2026-08-19 19:05:00+00:00,1067.275,1068.18,1066.535,1067.52,4131.0,309.0,1067.348182
EQIX,2026-08-19 19:10:00+00:00,1067.64,1068.03,1064.47,1064.47,4833.0,290.0,1066.555687
EQIX,2026-08-19 19:15:00+00:00,1065.82,1069.49,1065.82,1069.49,6682.0,467.0,1067.529743
EQIX,2026-08-19 19:20:00+00:00,1069.675,1069.92,1067.89,1069.67,7091.0,406.0,1068.963196
EQIX,2026-08-19 19:25:00+00:00,1069.29,1072.285,1069.28,1071.08,9670.0,461.0,1070.910706
EQIX,2026-08-19 19:30:00+00:00,1071.85,1071.85,1069.72,1070.5,5916.0,420.0,1070.743404
EQIX,2026-08-19 19:35:00+00:00,1071.1,1073.08,1070.61,1072.88,9452.0,500.0,1071.913365
EQIX,2026-08-19 19:40:00+00:00,1072.89,1073.465,1071.33,1071.595,8416.0,410.0,1072.261965
EQIX,2026-08-19 19:45:00+00:00,1071.805,1072.69,1070.65,1072.25,8675.0,499.0,1071.430902
EQIX,2026-08-19 19:50:00+00:00,1071.84,1074.755,1069.85,1074.755,18749.0,949.0,1072.138926
EQIX,2026-08-19 19:55:00+00:00,1075.85,1077.565,1074.93,1077.07,51768.0,2372.0,1076.164439
EQIX,2026-08-19 20:00:00+00:00,1077.08,1077.08,1077.08,1077.08,96511.0,104.0,1077.08
EQIX,2026-08-20 13:30:00+00:00,1075.5,1076.09,1064.615,1076.09,6261.0,264.0,1074.430326
EQIX,2026-08-20 13:35:00+00:00,1076.52,1083.18,1073.16,1080.06,9847.0,474.0,1078.798317
EQIX,2026-08-20 13:40:00+00:00,1079.4188,1079.59,1075.97,1077.11,3936.0,128.0,1077.524137
EQIX,2026-08-20 13:45:00+00:00,1074.13,1074.13,1071.87,1071.9375,2320.0,151.0,1072.013349
EQIX,2026-08-20 13:50:00+00:00,1073.44,1075.125,1071.46,1071.46,3744.0,188.0,1072.095734
EQIX,2026-08-20 13:55:00+00:00,1071.84,1073.46,1070.99,1071.835,4049.0,280.0,1072.073915
EQIX,2026-08-20 14:00:00+00:00,1071.835,1076.22,1070.6,1076.22,8232.0,394.0,1072.61115
EQIX,2026-08-20 14:05:00+00:00,1075.28,1079.425,1074.77,1078.69,6669.0,371.0,1076.456534
EQIX,2026-08-20 14:10:00+00:00,1079.265,1080.83,1078.345,1078.49,8918.0,358.0,1079.210725
EQIX,2026-08-20 14:15:00+00:00,1079.16,1080.24,1076.98,1077.375,9430.0,411.0,1078.419399
EQIX,2026-08-20 14:20:00+00:00,1079.03,1081.75,1078.05,1079.49,7238.0,357.0,1080.111526
EQIX,2026-08-20 14:25:00+00:00,1081.14,1081.14,1075.45,1076.325,4646.0,295.0,1077.791229
EQIX,2026-08-20 14:30:00+00:00,1076.32,1079.65,1075.675,1076.85,7005.0,346.0,1077.783272
EQIX,2026-08-20 14:35:00+00:00,1077.7,1079.58,1076.3575,1079.575,2213.0,196.0,1078.590441
EQIX,2026-08-20 14:40:00+00:00,1079.58,1079.815,1078.93,1079.278,2203.0,174.0,1079.249761
EQIX,2026-08-20 14:45:00+00:00,1080.69,1081.2,1078.05,1078.4375,2707.0,261.0,1079.39101
EQIX,2026-08-20 14:50:00+00:00,1078.19,1078.37,1075.825,1076.03,1688.0,177.0,1077.001757
EQIX,2026-08-20 14:55:00+00:00,1075.05,1076.64,1074.42,1075.435,1628.0,176.0,1075.561732
EQIX,2026-08-20 15:00:00+00:00,1075.435,1077.435,1074.4459,1076.3601,2785.0,162.0,1075.465852
EQIX,2026-08-20 15:05:00+00:00,1077.42,1079.13,1077.42,1078.105,2346.0,212.0,1078.039754
EQIX,2026-08-20 15:10:00+00:00,1077.61,1081.18,1077.61,1079.025,8747.0,432.0,1079.676398
EQIX,2026-08-20 15:15:00+00:00,1079.64,1080.92,1078.37,1080.405,2536.0,198.0,1080.082928
EQIX,2026-08-20 15:20:00+00:00,1080.355,1082.31,1079.3401,1081.78,4767.0,317.0,1081.057872
EQIX,2026-08-20 15:25:00+00:00,1081.8,1084.16,1081.02,1083.06,7585.0,473.0,1081.999639
EQIX,2026-08-20 15:30:00+00:00,1082.53,1082.53,1081.265,1081.94,2104.0,163.0,1081.680853
EQIX,2026-08-20 15:35:00+00:00,1081.18,1081.37,1078.8,1078.955,5001.0,253.0,1080.189451
EQIX,2026-08-20 15:40:00+00:00,1078.27,1079.18,1077.64,1077.79,2747.0,195.0,1078.387953
EQIX,2026-08-20 15:45:00+00:00,1077.645,1077.67,1077.46,1077.565,1069.0,81.0,1077.559437
EQIX,2026-08-20 15:50:00+00:00,1078.25,1079.67,1078.25,1079.66,1951.0,196.0,1079.378492
EQIX,2026-08-20 15:55:00+00:00,1079.12,1079.12,1078.975,1078.975,491.0,96.0,1079.041379
EQIX,2026-08-20 16:00:00+00:00,1079.28,1079.285,1076.96,1077.93,2924.0,155.0,1078.767342
EQIX,2026-08-20 16:05:00+00:00,1077.11,1078.64,1076.175,1076.175,2476.0,166.0,1077.603393
EQIX,2026-08-20 16:10:00+00:00,1076.15,1076.15,1074.825,1074.825,1524.0,164.0,1075.378737
EQIX,2026-08-20 16:15:00+00:00,1075.18,1076.64,1074.31,1074.31,2575.0,200.0,1075.726894
EQIX,2026-08-20 16:20:00+00:00,1074.46,1075.3425,1074.105,1075.32,1385.0,130.0,1074.867585
EQIX,2026-08-20 16:25:00+00:00,1074.16,1076.04,1074.16,1076.04,918.0,59.0,1074.686778
EQIX,2026-08-20 16:30:00+00:00,1074.245,1074.34,1073.22,1073.29,2086.0,197.0,1074.02191
EQIX,2026-08-20 16:35:00+00:00,1073.285,1075.7,1073.275,1075.01,1832.0,164.0,1074.104118
EQIX,2026-08-20 16:40:00+00:00,1075.12,1076.16,1074.7279,1075.13,3255.0,170.0,1075.276168
EQIX,2026-08-20 16:45:00+00:00,1074.87,1078.04,1074.87,1077.96,2610.0,191.0,1076.523951
EQIX,2026-08-20 16:50:00+00:00,1077.87,1077.87,1077.06,1077.6,477.0,60.0,1077.558333
EQIX,2026-08-20 16:55:00+00:00,1077.06,1078.38,1076.67,1078.19,4399.0,281.0,1077.103176
EQIX,2026-08-20 17:00:00+00:00,1077.93,1077.94,1076.35,1076.62,3384.0,199.0,1077.534736
EQIX,2026-08-20 17:05:00+00:00,1076.93,1077.92,1074.555,1075.0475,1750.0,125.0,1075.868962
EQIX,2026-08-20 17:10:00+00:00,1076.31,1076.8,1074.96,1076.4,2770.0,194.0,1076.438507
EQIX,2026-08-20 17:15:00+00:00,1076.89,1077.4,1076.7133,1076.97,1049.0,98.0,1076.902412
EQIX,2026-08-20 17:20:00+00:00,1076.495,1078.18,1076.48,1077.185,3225.0,175.0,1077.686908
EQIX,2026-08-20 17:25:00+00:00,1078.2,1079.93,1077.12,1079.93,2613.0,230.0,1078.604415
EQIX,2026-08-20 17:30:00+00:00,1079.96,1080.12,1078.925,1079.97,2266.0,170.0,1079.499599
EQIX,2026-08-20 17:35:00+00:00,1079.145,1079.87,1078.5474,1079.6,1965.0,196.0,1079.352593
EQIX,2026-08-20 17:40:00+00:00,1079.56,1080.91,1079.56,1080.91,2340.0,175.0,1079.688183
EQIX,2026-08-20 17:45:00+00:00,1080.91,1082.83,1080.91,1082.335,2507.0,218.0,1082.108522
EQIX,2026-08-20 17:50:00+00:00,1082.3,1083.51,1082.3,1082.4,3585.0,199.0,1082.80717
EQIX,2026-08-20 17:55:00+00:00,1082.31,1084.45,1082.31,1083.88,1560.0,174.0,1083.665385
EQIX,2026-08-20 18:00:00+00:00,1083.975,1086.53,1083.715,1086.53,2241.0,224.0,1084.509865
EQIX,2026-08-20 18:05:00+00:00,1086.37,1086.395,1085.9,1086.07,751.0,104.0,1086.175455
EQIX,2026-08-20 18:10:00+00:00,1085.68,1085.72,1084.97,1085.7,1450.0,156.0,1085.397966
EQIX,2026-08-20 18:15:00+00:00,1085.7,1085.7,1085.06,1085.06,1671.0,147.0,1085.262912
EQIX,2026-08-20 18:20:00+00:00,1085.7,1085.7,1084.32,1084.505,2151.0,240.0,1084.917739
EQIX,2026-08-20 18:25:00+00:00,1084.6775,1085.29,1084.16,1084.2025,1424.0,171.0,1084.550482
EQIX,2026-08-20 18:30:00+00:00,1084.2225,1085.18,1083.3,1084.0,2563.0,149.0,1084.207424
EQIX,2026-08-20 18:35:00+00:00,1083.95,1085.365,1083.95,1085.365,3900.0,325.0,1084.806328
EQIX,2026-08-20 18:40:00+00:00,1085.25,1085.44,1083.435,1084.78,2844.0,224.0,1084.313014
EQIX,2026-08-20 18:45:00+00:00,1084.82,1085.46,1083.59,1084.465,1052.0,101.0,1084.886115
EQIX,2026-08-20 18:50:00+00:00,1084.485,1086.67,1084.33,1085.89,5700.0,331.0,1085.685158
EQIX,2026-08-20 18:55:00+00:00,1085.915,1086.115,1084.58,1084.58,1670.0,149.0,1085.687027
EQIX,2026-08-20 19:00:00+00:00,1085.285,1085.285,1084.14,1084.915,1386.0,134.0,1084.91616
EQIX,2026-08-20 19:05:00+00:00,1084.93,1086.02,1084.87,1085.66,1585.0,129.0,1085.261155
EQIX,2026-08-20 19:10:00+00:00,1085.84,1086.13,1085.085,1086.04,1588.0,143.0,1085.899518
EQIX,2026-08-20 19:15:00+00:00,1086.11,1086.13,1085.67,1085.82,1420.0,142.0,1085.954898
EQIX,2026-08-20 19:20:00+00:00,1085.82,1085.82,1085.12,1085.565,1302.0,168.0,1085.414139
EQIX,2026-08-20 19:25:00+00:00,1086.01,1086.51,1086.0,1086.21,2644.0,268.0,1086.183882
EQIX,2026-08-20 19:30:00+00:00,1086.375,1086.375,1085.0,1085.8,5097.0,446.0,1085.738958
EQIX,2026-08-20 19:35:00+00:00,1085.19,1086.25,1085.185,1085.56,4197.0,449.0,1085.678321
EQIX,2026-08-20 19:40:00+00:00,1085.59,1085.59,1083.7,1084.0,5127.0,507.0,1084.392945
EQIX,2026-08-20 19:45:00+00:00,1083.6,1084.19,1082.97,1082.97,4980.0,411.0,1083.542025
EQIX,2026-08-20 19:50:00+00:00,1080.8625,1083.93,1080.8625,1081.36,10243.0,721.0,1082.793099
EQIX,2026-08-20 19:55:00+00:00,1082.32,1083.28,1081.31,1082.7,32123.0,2081.0,1081.885916
EQIX,2026-08-20 20:00:00+00:00,1082.61,1082.61,1082.61,1082.61,6048.0,80.0,1082.61
EQIX,2026-08-20 20:05:00+00:00,1081.77,1081.77,1081.77,1081.77,52.0,2.0,1081.77
EQIX,2026-08-20 20:15:00+00:00,1080.8646,1080.8646,1080.8646,1080.8646,2799.0,1.0,1080.8646
EQIX,2026-08-21 13:25:00+00:00,1094.04,1099.6,1094.04,1099.6,636.0,38.0,1094.897931
EQIX,2026-08-21 13:30:00+00:00,1098.35,1098.35,1087.5,1087.5,38644.0,184.0,1098.257885
EQIX,2026-08-21 13:35:00+00:00,1088.3525,1094.64,1088.255,1093.54,2448.0,163.0,1092.666827
EQIX,2026-08-21 13:40:00+00:00,1093.54,1098.1,1093.35,1095.93,5666.0,383.0,1095.161146
EQIX,2026-08-21 13:45:00+00:00,1094.645,1094.645,1090.645,1090.645,3607.0,118.0,1093.339948
EQIX,2026-08-21 13:50:00+00:00,1090.0,1091.42,1086.88,1087.51,6042.0,228.0,1089.180751
EQIX,2026-08-21 13:55:00+00:00,1086.0788,1089.07,1086.0788,1087.605,779.0,66.0,1087.871795
EQIX,2026-08-21 14:00:00+00:00,1087.63,1088.61,1085.94,1087.99,5559.0,163.0,1088.015714
EQIX,2026-08-21 14:05:00+00:00,1087.105,1090.785,1087.105,1087.49,1617.0,158.0,1088.904005
EQIX,2026-08-21 14:10:00+00:00,1086.73,1087.085,1084.65,1084.65,1811.0,116.0,1086.564435
EQIX,2026-08-21 14:15:00+00:00,1083.97,1084.16,1083.19,1083.31,1085.0,118.0,1083.670323
EQIX,2026-08-21 14:20:00+00:00,1083.2925,1083.8,1082.18,1083.8,764.0,62.0,1083.05598
EQIX,2026-08-21 14:25:00+00:00,1083.05,1083.05,1077.21,1077.21,3564.0,206.0,1081.625374
EQIX,2026-08-21 14:30:00+00:00,1076.99,1077.805,1074.16,1075.255,2114.0,210.0,1076.151874
EQIX,2026-08-21 14:35:00+00:00,1074.4,1074.4,1069.095,1069.1,1557.0,178.0,1071.146257
EQIX,2026-08-21 14:40:00+00:00,1069.09,1069.935,1067.285,1069.065,1974.0,215.0,1069.182756
EQIX,2026-08-21 14:45:00+00:00,1069.025,1070.445,1068.62,1068.94,5159.0,246.0,1069.099277
EQIX,2026-08-21 14:50:00+00:00,1069.51,1069.515,1067.22,1069.0,2782.0,199.0,1068.86548
EQIX,2026-08-21 14:55:00+00:00,1070.089,1070.089,1067.51,1067.925,2750.0,151.0,1068.024476
EQIX,2026-08-21 15:00:00+00:00,1067.925,1067.97,1065.93,1066.655,4407.0,268.0,1067.433941
EQIX,2026-08-21 15:05:00+00:00,1065.78,1067.63,1065.78,1066.535,3162.0,218.0,1066.861454
EQIX,2026-08-21 15:10:00+00:00,1066.495,1066.505,1062.92,1062.92,4914.0,480.0,1065.364793
EQIX,2026-08-21 15:15:00+00:00,1059.87,1061.025,1059.87,1060.18,814.0,114.0,1060.548333
EQIX,2026-08-21 15:20:00+00:00,1060.27,1061.02,1059.15,1060.78,2079.0,217.0,1060.001046
EQIX,2026-08-21 15:25:00+00:00,1060.415,1061.81,1060.41,1061.005,1299.0,127.0,1060.93322
EQIX,2026-08-21 15:30:00+00:00,1060.19,1063.29,1058.59,1062.47,5384.0,336.0,1061.263555
EQIX,2026-08-21 15:35:00+00:00,1063.3,1065.335,1063.3,1063.795,12256.0,253.0,1063.755196
EQIX,2026-08-21 15:40:00+00:00,1063.915,1065.3264,1063.8025,1064.3225,5270.0,258.0,1064.85876
EQIX,2026-08-21 15:45:00+00:00,1064.28,1067.35,1064.28,1065.94,7804.0,218.0,1065.887118
EQIX,2026-08-21 15:50:00+00:00,1065.99,1066.61,1065.86,1066.145,1479.0,161.0,1066.031712
EQIX,2026-08-21 15:55:00+00:00,1067.2,1068.16,1066.74,1067.045,3367.0,266.0,1067.180085
EQIX,2026-08-21 16:00:00+00:00,1068.28,1068.28,1066.85,1066.85,1352.0,155.0,1067.1575
EQIX,2026-08-21 16:05:00+00:00,1066.97,1068.88,1065.46,1068.86,7447.0,335.0,1066.854844
EQIX,2026-08-21 16:10:00+00:00,1067.8,1069.11,1066.5,1067.66,1777.0,142.0,1066.985208
EQIX,2026-08-21 16:15:00+00:00,1067.655,1070.16,1067.55,1069.075,3447.0,177.0,1069.045788
EQIX,2026-08-21 16:20:00+00:00,1069.075,1070.21,1067.68,1069.97,2964.0,201.0,1068.585894
EQIX,2026-08-21 16:25:00+00:00,1069.97,1070.37,1068.91,1070.18,1612.0,170.0,1070.024561
EQIX,2026-08-21 16:30:00+00:00,1069.085,1069.09,1066.79,1067.07,5298.0,212.0,1067.62217
EQIX,2026-08-21 16:35:00+00:00,1067.43,1067.43,1066.01,1067.34,14394.0,244.0,1067.180328
EQIX,2026-08-21 16:40:00+00:00,1067.0,1067.0,1066.735,1066.735,311.0,43.0,1066.902752
EQIX,2026-08-21 16:45:00+00:00,1067.29,1068.4,1066.275,1066.77,8300.0,249.0,1067.489974
EQIX,2026-08-21 16:50:00+00:00,1066.19,1066.54,1064.22,1064.22,12687.0,608.0,1065.906104
EQIX,2026-08-21 16:55:00+00:00,1064.22,1065.84,1064.22,1065.14,4585.0,214.0,1065.013604
EQIX,2026-08-21 17:00:00+00:00,1065.395,1065.395,1062.07,1062.425,9212.0,353.0,1064.017451
EQIX,2026-08-21 17:05:00+00:00,1062.42,1062.84,1061.9,1062.515,5821.0,285.0,1062.295206
EQIX,2026-08-21 17:10:00+00:00,1062.89,1063.8,1062.4,1063.8,1819.0,199.0,1063.120798
EQIX,2026-08-21 17:15:00+00:00,1063.27,1064.13,1063.045,1063.645,2546.0,177.0,1063.485673
EQIX,2026-08-21 17:20:00+00:00,1064.56,1065.29,1063.11,1064.38,9383.0,383.0,1064.210502
EQIX,2026-08-21 17:25:00+00:00,1063.96,1065.1,1063.89,1063.89,3675.0,228.0,1064.694498
EQIX,2026-08-21 17:30:00+00:00,1064.015,1064.04,1064.0,1064.04,873.0,85.0,1064.019167
EQIX,2026-08-21 17:35:00+00:00,1064.72,1065.0,1063.975,1064.97,1210.0,138.0,1064.55641
EQIX,2026-08-21 17:40:00+00:00,1065.08,1067.095,1064.515,1066.57,10667.0,277.0,1065.201603
EQIX,2026-08-21 17:45:00+00:00,1066.91,1067.03,1066.09,1066.115,868.0,181.0,1066.567222
EQIX,2026-08-21 17:50:00+00:00,1065.16,1065.22,1064.2,1065.045,1548.0,130.0,1064.841699
EQIX,2026-08-21 17:55:00+00:00,1065.025,1065.025,1063.65,1063.7,1364.0,130.0,1064.144029
EQIX,2026-08-21 18:00:00+00:00,1063.685,1063.78,1063.67,1063.67,583.0,61.0,1063.695666
EQIX,2026-08-21 18:05:00+00:00,1063.675,1064.8799,1063.675,1064.8799,1371.0,135.0,1064.262804
EQIX,2026-08-21 18:10:00+00:00,1064.055,1064.86,1063.4825,1064.16,717.0,73.0,1064.120095
EQIX,2026-08-21 18:15:00+00:00,1063.9375,1064.2725,1063.68,1064.2725,694.0,81.0,1063.992526
EQIX,2026-08-21 18:20:00+00:00,1064.21,1067.26,1064.21,1067.26,2112.0,208.0,1065.46694
EQIX,2026-08-21 18:25:00+00:00,1066.92,1067.73,1066.84,1067.0092,1175.0,122.0,1067.042
EQIX,2026-08-21 18:30:00+00:00,1067.35,1067.78,1066.34,1066.85,2535.0,195.0,1067.395331
EQIX,2026-08-21 18:35:00+00:00,1066.8399,1066.8399,1066.295,1066.82,1130.0,99.0,1066.684055
EQIX,2026-08-21 18:40:00+00:00,1066.7075,1067.96,1066.325,1067.79,1861.0,216.0,1067.072701
EQIX,2026-08-21 18:45:00+00:00,1067.95,1068.07,1067.51,1067.51,995.0,115.0,1067.768125
EQIX,2026-08-21 18:50:00+00:00,1067.515,1068.775,1067.515,1068.49,3040.0,216.0,1068.409873
EQIX,2026-08-21 18:55:00+00:00,1068.605,1070.64,1068.56,1069.965,4047.0,230.0,1069.326134
EQIX,2026-08-21 19:00:00+00:00,1069.965,1070.31,1069.68,1069.68,1776.0,161.0,1069.961172
EQIX,2026-08-21 19:05:00+00:00,1069.675,1071.03,1069.67,1070.205,9365.0,333.0,1070.131659
EQIX,2026-08-21 19:10:00+00:00,1070.21,1070.355,1067.94,1068.04,2744.0,198.0,1069.296996
EQIX,2026-08-21 19:15:00+00:00,1068.38,1069.5,1067.86,1068.73,3484.0,273.0,1068.687231
EQIX,2026-08-21 19:20:00+00:00,1069.49,1069.61,1067.915,1069.61,4052.0,266.0,1068.640974
EQIX,2026-08-21 19:25:00+00:00,1068.97,1069.17,1066.74,1067.63,3525.0,214.0,1068.044106
EQIX,2026-08-21 19:30:00+00:00,1068.15,1068.84,1067.76,1068.17,5654.0,354.0,1068.257459
EQIX,2026-08-21 19:35:00+00:00,1068.17,1068.62,1067.65,1067.65,4192.0,343.0,1068.133796
EQIX,2026-08-21 19:40:00+00:00,1067.65,1067.65,1066.745,1067.58,5109.0,426.0,1067.193097
EQIX,2026-08-21 19:45:00+00:00,1067.25,1068.535,1067.22,1068.3,5807.0,510.0,1067.955358
EQIX,2026-08-21 19:50:00+00:00,1068.3,1068.3,1062.84,1063.03,14793.0,798.0,1066.469764
EQIX,2026-08-21 19:55:00+00:00,1063.85,1068.075,1063.63,1065.39,35737.0,2053.0,1066.238756
EQIX,2026-08-21 20:00:00+00:00,1065.39,1065.39,1046.0,1046.0,163608.0,92.0,1065.383807
EQIX,2026-08-24 13:30:00+00:00,1066.71,1072.5,1055.51,1055.51,5789.0,396.0,1064.171186
EQIX,2026-08-24 13:35:00+00:00,1053.14,1055.59,1048.3,1049.99,4178.0,261.0,1050.991495
EQIX,2026-08-24 13:40:00+00:00,1050.5814,1055.92,1050.5814,1055.17,11628.0,349.0,1052.982606
EQIX,2026-08-24 13:45:00+00:00,1053.34,1058.875,1053.335,1057.805,4035.0,216.0,1056.351426
EQIX,2026-08-24 13:50:00+00:00,1057.805,1057.805,1051.6,1053.82,2246.0,171.0,1054.709201
EQIX,2026-08-24 13:55:00+00:00,1054.38,1056.63,1042.6101,1045.52,9158.0,404.0,1052.749637
EQIX,2026-08-24 14:00:00+00:00,1045.94,1046.05,1036.19,1040.76,7230.0,546.0,1040.015193
EQIX,2026-08-24 14:05:00+00:00,1040.18,1040.18,1033.85,1039.5,8921.0,579.0,1038.143233
EQIX,2026-08-24 14:10:00+00:00,1039.5,1041.6495,1034.4,1035.52,11893.0,489.0,1038.404127
EQIX,2026-08-24 14:15:00+00:00,1035.53,1038.18,1033.83,1038.0,10250.0,786.0,1035.38201
EQIX,2026-08-24 14:20:00+00:00,1037.3,1039.915,1037.0625,1039.0,6504.0,284.0,1038.277161
EQIX,2026-08-24 14:25:00+00:00,1040.0,1040.78,1036.82,1038.75,10888.0,428.0,1039.14397
EQIX,2026-08-24 14:30:00+00:00,1039.0,1044.31,1039.0,1043.94,2865.0,240.0,1041.527289
EQIX,2026-08-24 14:35:00+00:00,1043.94,1046.345,1042.98,1043.22,4908.0,287.0,1044.563019
EQIX,2026-08-24 14:40:00+00:00,1044.75,1044.75,1039.495,1039.495,6852.0,322.0,1041.925557
EQIX,2026-08-24 14:45:00+00:00,1039.385,1039.685,1035.645,1035.85,6670.0,329.0,1038.348516
EQIX,2026-08-24 14:50:00+00:00,1035.61,1039.46,1035.61,1038.8,5197.0,324.0,1037.410448
EQIX,2026-08-24 14:55:00+00:00,1038.81,1041.475,1038.3575,1040.55,6862.0,343.0,1039.132698
EQIX,2026-08-24 15:00:00+00:00,1041.55,1041.6,1040.475,1040.89,2483.0,205.0,1040.849385
EQIX,2026-08-24 15:05:00+00:00,1041.495,1041.495,1037.7,1038.21,5439.0,371.0,1038.99595
EQIX,2026-08-24 15:10:00+00:00,1037.64,1040.35,1037.64,1040.35,3146.0,246.0,1039.280846
EQIX,2026-08-24 15:15:00+00:00,1040.18,1041.435,1039.105,1039.39,2803.0,241.0,1040.320202
EQIX,2026-08-24 15:20:00+00:00,1039.4,1041.22,1039.19,1040.505,2679.0,212.0,1040.113003
EQIX,2026-08-24 15:25:00+00:00,1040.45,1042.53,1039.83,1041.49,6984.0,389.0,1041.025438
EQIX,2026-08-24 15:30:00+00:00,1041.57,1044.3,1041.57,1044.3,3047.0,295.0,1042.494478
EQIX,2026-08-24 15:35:00+00:00,1043.69,1046.9625,1043.69,1046.72,8626.0,391.0,1044.882657
EQIX,2026-08-24 15:40:00+00:00,1046.525,1047.47,1045.69,1046.295,2764.0,197.0,1046.677749
EQIX,2026-08-24 15:45:00+00:00,1046.295,1047.22,1046.25,1046.405,2051.0,145.0,1046.542558
EQIX,2026-08-24 15:50:00+00:00,1046.5625,1047.27,1045.5,1045.755,2612.0,252.0,1046.670823
EQIX,2026-08-24 15:55:00+00:00,1045.755,1046.43,1044.92,1045.87,2652.0,221.0,1045.53716
EQIX,2026-08-24 16:00:00+00:00,1046.065,1048.305,1045.2899,1047.25,9445.0,355.0,1046.483259
EQIX,2026-08-24 16:05:00+00:00,1047.015,1048.08,1046.64,1046.74,7082.0,221.0,1047.014965
EQIX,2026-08-24 16:10:00+00:00,1046.75,1047.26,1044.805,1044.81,6911.0,361.0,1046.602466
EQIX,2026-08-24 16:15:00+00:00,1044.82,1049.24,1044.82,1049.24,11708.0,435.0,1047.296119
EQIX,2026-08-24 16:20:00+00:00,1049.56,1049.91,1048.64,1048.825,1875.0,197.0,1049.144133
EQIX,2026-08-24 16:25:00+00:00,1048.835,1048.85,1047.78,1048.715,1803.0,175.0,1048.56887
EQIX,2026-08-24 16:30:00+00:00,1048.705,1048.7819,1047.5502,1048.57,1683.0,172.0,1048.453798
EQIX,2026-08-24 16:35:00+00:00,1048.565,1049.3,1047.965,1048.665,6466.0,247.0,1048.271158
EQIX,2026-08-24 16:40:00+00:00,1048.665,1049.58,1048.12,1049.3,4035.0,302.0,1048.89897
EQIX,2026-08-24 16:45:00+00:00,1049.005,1049.005,1047.93,1048.57,1592.0,170.0,1048.197088
EQIX,2026-08-24 16:50:00+00:00,1048.56,1049.87,1048.56,1049.215,2018.0,164.0,1048.975975
EQIX,2026-08-24 16:55:00+00:00,1049.75,1050.165,1049.215,1049.395,3033.0,234.0,1049.57251
EQIX,2026-08-24 17:00:00+00:00,1049.395,1049.9925,1048.8,1049.9925,1393.0,120.0,1049.239147
EQIX,2026-08-24 17:05:00+00:00,1049.515,1051.28,1048.86,1051.28,4798.0,243.0,1050.199668
EQIX,2026-08-24 17:10:00+00:00,1051.25,1052.385,1051.25,1051.88,2241.0,158.0,1051.829161
EQIX,2026-08-24 17:15:00+00:00,1052.62,1052.695,1051.905,1052.38,7738.0,320.0,1052.404178
EQIX,2026-08-24 17:20:00+00:00,1052.14,1052.28,1051.2,1051.2,2819.0,228.0,1051.598208
EQIX,2026-08-24 17:25:00+00:00,1051.16,1051.33,1050.2,1051.075,3275.0,200.0,1050.518582
EQIX,2026-08-24 17:30:00+00:00,1051.065,1051.19,1049.475,1049.565,3641.0,253.0,1050.177706
EQIX,2026-08-24 17:35:00+00:00,1049.565,1050.3524,1048.87,1049.565,1865.0,137.0,1049.534556
EQIX,2026-08-24 17:40:00+00:00,1049.57,1049.88,1046.71,1046.71,16419.0,418.0,1049.252601
EQIX,2026-08-24 17:45:00+00:00,1046.01,1046.95,1045.85,1046.52,1601.0,197.0,1046.33786
EQIX,2026-08-24 17:50:00+00:00,1046.63,1047.66,1045.17,1047.41,5508.0,368.0,1046.399069
EQIX,2026-08-24 17:55:00+00:00,1047.955,1048.55,1047.8,1048.355,1845.0,117.0,1048.005432
EQIX,2026-08-24 18:00:00+00:00,1048.91,1052.1,1048.91,1051.365,8465.0,340.0,1050.381237
EQIX,2026-08-24 18:05:00+00:00,1051.44,1051.855,1051.2925,1051.465,1577.0,139.0,1051.455023
EQIX,2026-08-24 18:10:00+00:00,1051.465,1052.4,1050.94,1052.295,4008.0,241.0,1051.698995
EQIX,2026-08-24 18:15:00+00:00,1052.155,1052.815,1052.01,1052.8,2898.0,196.0,1052.262825
EQIX,2026-08-24 18:20:00+00:00,1052.72,1053.35,1052.66,1053.02,1705.0,163.0,1052.83973
EQIX,2026-08-24 18:25:00+00:00,1052.61,1055.64,1052.29,1053.97,9609.0,409.0,1053.56125
EQIX,2026-08-24 18:30:00+00:00,1054.75,1055.82,1054.13,1055.395,2129.0,204.0,1054.861905
EQIX,2026-08-24 18:35:00+00:00,1055.37,1055.37,1053.04,1053.25,3871.0,264.0,1054.099507
EQIX,2026-08-24 18:40:00+00:00,1053.025,1053.505,1052.09,1052.855,1414.0,139.0,1052.72938
EQIX,2026-08-24 18:45:00+00:00,1053.49,1053.49,1052.06,1052.16,2132.0,185.0,1052.519482
EQIX,2026-08-24 18:50:00+00:00,1052.54,1053.19,1052.35,1052.375,4387.0,250.0,1052.524062
EQIX,2026-08-24 18:55:00+00:00,1052.4,1053.12,1051.05,1051.86,6564.0,323.0,1052.236405
EQIX,2026-08-24 19:00:00+00:00,1051.86,1051.86,1049.78,1049.905,4129.0,271.0,1050.219135
EQIX,2026-08-24 19:05:00+00:00,1050.01,1051.15,1050.01,1050.83,8529.0,312.0,1050.382968
EQIX,2026-08-24 19:10:00+00:00,1051.2,1051.2,1049.26,1049.47,9770.0,413.0,1050.628271
EQIX,2026-08-24 19:15:00+00:00,1049.1775,1049.875,1047.0,1047.0,3036.0,277.0,1048.922949
EQIX,2026-08-24 19:20:00+00:00,1047.24,1048.775,1047.24,1048.395,4097.0,316.0,1048.092789
EQIX,2026-08-24 19:25:00+00:00,1048.395,1050.835,1048.395,1048.74,6506.0,405.0,1049.656238
EQIX,2026-08-24 19:30:00+00:00,1048.68,1050.13,1048.27,1048.98,5032.0,376.0,1049.379182
EQIX,2026-08-24 19:35:00+00:00,1048.975,1049.36,1047.395,1047.395,9269.0,419.0,1048.04076
EQIX,2026-08-24 19:40:00+00:00,1047.42,1049.24,1047.235,1048.785,9273.0,464.0,1048.004431
EQIX,2026-08-24 19:45:00+00:00,1049.24,1050.27,1048.31,1050.025,8487.0,450.0,1049.056569
EQIX,2026-08-24 19:50:00+00:00,1049.77,1054.21,1049.3,1054.21,20145.0,987.0,1050.859419
EQIX,2026-08-24 19:55:00+00:00,1053.96,1057.65,1053.96,1055.34,42016.0,2239.0,1056.377654
EQIX,2026-08-24 20:00:00+00:00,1055.2,1055.2,1055.2,1055.2,162912.0,100.0,1055.2
EQIX,2026-08-25 13:30:00+00:00,1054.4,1063.75,1027.94,1060.0,4553.0,178.0,1054.781555
EQIX,2026-08-25 13:35:00+00:00,1063.795,1072.95,1063.795,1070.78,1098.0,120.0,1069.613761
EQIX,2026-08-25 13:40:00+00:00,1069.2642,1069.2642,1063.83,1067.6,2306.0,191.0,1066.982872
EQIX,2026-08-25 13:45:00+00:00,1060.92,1063.82,1060.91,1063.82,604.0,68.0,1062.119024
EQIX,2026-08-25 13:50:00+00:00,1064.8,1066.0,1063.475,1066.0,861.0,105.0,1064.910099
EQIX,2026-08-25 13:55:00+00:00,1067.88,1072.86,1067.88,1070.28,954.0,108.0,1069.81086
EQIX,2026-08-25 14:00:00+00:00,1070.29,1071.59,1069.265,1069.66,1664.0,257.0,1069.75126
EQIX,2026-08-25 14:05:00+00:00,1068.54,1069.935,1067.33,1069.525,4802.0,202.0,1068.133969
EQIX,2026-08-25 14:10:00+00:00,1067.54,1070.21,1067.54,1068.9,6395.0,333.0,1068.986851
EQIX,2026-08-25 14:15:00+00:00,1069.4,1074.205,1069.0,1072.23,4736.0,255.0,1071.108178
EQIX,2026-08-25 14:20:00+00:00,1074.6,1076.65,1070.6,1074.11,8633.0,276.0,1072.452618
EQIX,2026-08-25 14:25:00+00:00,1072.22,1076.4,1071.57,1074.645,4487.0,216.0,1073.542994
EQIX,2026-08-25 14:30:00+00:00,1075.17,1075.88,1072.18,1075.88,3792.0,258.0,1073.425329
EQIX,2026-08-25 14:35:00+00:00,1075.72,1078.7,1074.895,1078.7,1847.0,142.0,1077.171213
EQIX,2026-08-25 14:40:00+00:00,1078.74,1080.18,1077.745,1079.93,6325.0,275.0,1078.272208
EQIX,2026-08-25 14:45:00+00:00,1080.68,1082.7125,1080.1,1081.18,4499.0,335.0,1081.169274
EQIX,2026-08-25 14:50:00+00:00,1081.36,1082.8508,1081.36,1082.8508,752.0,151.0,1082.134925
EQIX,2026-08-25 14:55:00+00:00,1082.89,1083.73,1082.1,1082.38,1952.0,172.0,1082.820057
EQIX,2026-08-25 15:00:00+00:00,1081.91,1085.17,1080.3269,1081.39,2517.0,229.0,1082.822427
EQIX,2026-08-25 15:05:00+00:00,1081.47,1083.01,1080.765,1081.18,2269.0,185.0,1081.995967
EQIX,2026-08-25 15:10:00+00:00,1080.17,1082.15,1079.0,1079.0,2375.0,188.0,1080.428478
EQIX,2026-08-25 15:15:00+00:00,1079.945,1083.02,1079.82,1083.02,3249.0,247.0,1081.021468
EQIX,2026-08-25 15:20:00+00:00,1082.993,1084.28,1082.805,1083.855,1303.0,133.0,1083.47904
EQIX,2026-08-25 15:25:00+00:00,1084.245,1085.19,1084.24,1085.17,1299.0,94.0,1085.01102
EQIX,2026-08-25 15:30:00+00:00,1086.22,1086.42,1084.09,1084.09,1177.0,143.0,1085.485926
EQIX,2026-08-25 15:35:00+00:00,1085.2,1086.4,1084.3773,1085.41,4639.0,284.0,1085.34007
EQIX,2026-08-25 15:40:00+00:00,1085.54,1085.54,1084.6,1085.185,1130.0,117.0,1085.078742
EQIX,2026-08-25 15:45:00+00:00,1084.7497,1086.21,1084.34,1086.21,3366.0,280.0,1085.019258
EQIX,2026-08-25 15:50:00+00:00,1086.29,1086.98,1085.62,1086.05,3312.0,226.0,1086.427915
EQIX,2026-08-25 15:55:00+00:00,1085.19,1086.275,1085.19,1085.85,1189.0,124.0,1085.489417
EQIX,2026-08-25 16:00:00+00:00,1086.6,1086.72,1085.84,1086.56,4845.0,316.0,1086.337647
EQIX,2026-08-25 16:05:00+00:00,1086.345,1086.77,1085.63,1085.63,2402.0,252.0,1086.220175
EQIX,2026-08-25 16:10:00+00:00,1085.19,1086.48,1082.73,1083.82,2319.0,231.0,1084.404647
EQIX,2026-08-25 16:15:00+00:00,1083.09,1084.37,1081.51,1082.04,2551.0,222.0,1083.257176
EQIX,2026-08-25 16:20:00+00:00,1081.24,1082.585,1081.08,1081.08,1063.0,129.0,1081.74832
EQIX,2026-08-25 16:25:00+00:00,1080.7,1082.85,1080.69,1082.79,1741.0,207.0,1082.024769
EQIX,2026-08-25 16:30:00+00:00,1083.325,1083.605,1081.78,1083.41,4900.0,231.0,1082.47436
EQIX,2026-08-25 16:35:00+00:00,1083.53,1083.71,1080.93,1081.09,3201.0,222.0,1082.660397
EQIX,2026-08-25 16:40:00+00:00,1081.09,1082.54,1079.9,1080.615,3605.0,257.0,1080.837724
EQIX,2026-08-25 16:45:00+00:00,1080.61,1080.98,1079.95,1080.51,4614.0,224.0,1080.487656
EQIX,2026-08-25 16:50:00+00:00,1080.5,1080.75,1078.9275,1078.9275,4844.0,312.0,1079.737357
EQIX,2026-08-25 16:55:00+00:00,1079.385,1079.385,1077.15,1078.41,2034.0,255.0,1078.287937
EQIX,2026-08-25 17:00:00+00:00,1078.595,1078.595,1075.99,1077.01,1049.0,106.0,1077.17488
EQIX,2026-08-25 17:05:00+00:00,1076.22,1077.96,1076.22,1077.24,1653.0,157.0,1077.308662
EQIX,2026-08-25 17:10:00+00:00,1077.82,1077.9,1076.52,1077.26,6147.0,206.0,1077.114208
EQIX,2026-08-25 17:15:00+00:00,1077.49,1079.03,1077.09,1078.005,4233.0,284.0,1077.971474
EQIX,2026-08-25 17:20:00+00:00,1078.68,1078.68,1077.32,1077.33,503.0,84.0,1077.776667
EQIX,2026-08-25 17:25:00+00:00,1076.925,1077.0,1075.51,1076.67,1438.0,130.0,1076.411069
EQIX,2026-08-25 17:30:00+00:00,1075.72,1076.48,1074.14,1074.14,1350.0,136.0,1075.453913
EQIX,2026-08-25 17:35:00+00:00,1074.1726,1075.79,1074.01,1074.34,1741.0,179.0,1074.566999
EQIX,2026-08-25 17:40:00+00:00,1072.98,1073.76,1072.85,1073.295,2124.0,181.0,1073.262045
EQIX,2026-08-25 17:45:00+00:00,1073.24,1073.24,1071.91,1072.295,1823.0,248.0,1072.451115
EQIX,2026-08-25 17:50:00+00:00,1072.43,1074.7,1072.1,1073.27,9977.0,367.0,1073.45192
EQIX,2026-08-25 17:55:00+00:00,1073.785,1073.785,1072.61,1072.61,1105.0,143.0,1073.13871
EQIX,2026-08-25 18:00:00+00:00,1072.3,1073.06,1071.87,1071.87,464.0,68.0,1072.547674
EQIX,2026-08-25 18:05:00+00:00,1072.66,1072.99,1071.12,1072.45,2430.0,149.0,1072.431119
EQIX,2026-08-25 18:10:00+00:00,1072.79,1073.635,1072.79,1073.625,1680.0,129.0,1073.015049
EQIX,2026-08-25 18:15:00+00:00,1072.96,1074.18,1072.09,1073.23,3812.0,244.0,1072.809895
EQIX,2026-08-25 18:20:00+00:00,1073.0884,1073.79,1073.0884,1073.6375,2924.0,215.0,1073.404072
EQIX,2026-08-25 18:25:00+00:00,1073.9,1074.07,1073.57,1073.825,2794.0,203.0,1073.820762
EQIX,2026-08-25 18:30:00+00:00,1074.25,1075.5325,1074.15,1075.435,3001.0,187.0,1075.229455
EQIX,2026-08-25 18:35:00+00:00,1074.975,1076.73,1074.975,1075.82,1983.0,209.0,1076.088028
EQIX,2026-08-25 18:40:00+00:00,1076.12,1076.95,1076.12,1076.95,787.0,83.0,1076.438572
EQIX,2026-08-25 18:45:00+00:00,1077.05,1077.05,1076.41,1076.61,541.0,62.0,1076.646429
EQIX,2026-08-25 18:50:00+00:00,1077.13,1078.42,1076.09,1078.13,4033.0,314.0,1076.99693
EQIX,2026-08-25 18:55:00+00:00,1076.97,1077.055,1076.49,1076.84,1756.0,157.0,1076.805014
EQIX,2026-08-25 19:00:00+00:00,1076.6,1077.01,1075.7,1076.94,4342.0,267.0,1076.497196
EQIX,2026-08-25 19:05:00+00:00,1077.14,1077.16,1076.295,1076.84,1621.0,115.0,1076.741409
EQIX,2026-08-25 19:10:00+00:00,1076.34,1077.15,1075.59,1075.59,1442.0,140.0,1076.404919
EQIX,2026-08-25 19:15:00+00:00,1076.32,1077.17,1075.63,1076.59,2964.0,288.0,1076.677973
EQIX,2026-08-25 19:20:00+00:00,1077.13,1077.13,1075.12,1076.05,3987.0,285.0,1075.908765
EQIX,2026-08-25 19:25:00+00:00,1076.05,1076.73,1075.91,1076.47,3539.0,317.0,1076.248102
EQIX,2026-08-25 19:30:00+00:00,1076.1,1077.17,1076.1,1076.65,3667.0,415.0,1076.771068
EQIX,2026-08-25 19:35:00+00:00,1076.81,1076.94,1076.16,1076.545,2392.0,277.0,1076.563735
EQIX,2026-08-25 19:40:00+00:00,1076.54,1077.355,1076.54,1077.265,3968.0,428.0,1077.031692
EQIX,2026-08-25 19:45:00+00:00,1076.99,1077.18,1075.445,1076.65,6110.0,520.0,1076.433823
EQIX,2026-08-25 19:50:00+00:00,1076.43,1076.51,1073.29,1075.105,11180.0,715.0,1074.1245
EQIX,2026-08-25 19:55:00+00:00,1075.1,1075.1,1071.93,1073.53,26497.0,1780.0,1072.979144
EQIX,2026-08-25 20:00:00+00:00,1073.44,1073.44,1073.44,1073.44,81064.0,82.0,1073.44
EQIX,2026-08-26 13:30:00+00:00,1064.63,1079.19,1062.5,1075.18,6327.0,222.0,1065.763814
EQIX,2026-08-26 13:35:00+00:00,1080.56,1083.85,1076.75,1077.13,1461.0,71.0,1078.666239
EQIX,2026-08-26 13:40:00+00:00,1077.11,1079.65,1075.075,1077.6,6355.0,171.0,1077.278472
EQIX,2026-08-26 13:45:00+00:00,1079.36,1081.985,1078.51,1078.51,3807.0,189.0,1080.625959
EQIX,2026-08-26 13:50:00+00:00,1079.31,1081.66,1077.8782,1080.19,1850.0,83.0,1080.02068
EQIX,2026-08-26 13:55:00+00:00,1082.325,1082.64,1079.76,1082.435,3844.0,211.0,1081.005913
EQIX,2026-08-26 14:00:00+00:00,1082.38,1084.195,1080.255,1080.71,4222.0,218.0,1082.815081
EQIX,2026-08-26 14:10:00+00:00,1080.54,1081.93,1078.04,1080.865,4472.0,202.0,1080.699309
EQIX,2026-08-26 14:15:00+00:00,1079.375,1083.98,1079.25,1082.89,3573.0,228.0,1082.019745
EQIX,2026-08-26 14:20:00+00:00,1083.01,1083.01,1079.62,1080.8375,2914.0,179.0,1081.503021
EQIX,2026-08-26 14:25:00+00:00,1079.82,1080.56,1079.45,1080.24,2783.0,235.0,1079.917655
EQIX,2026-08-26 14:30:00+00:00,1079.57,1080.235,1078.68,1080.0,2377.0,187.0,1079.592575
EQIX,2026-08-26 14:35:00+00:00,1079.74,1079.745,1077.38,1077.38,1744.0,187.0,1079.033756
EQIX,2026-08-26 14:40:00+00:00,1078.62,1078.62,1075.725,1078.19,5941.0,183.0,1078.192443
EQIX,2026-08-26 14:45:00+00:00,1077.52,1078.41,1073.795,1075.41,3002.0,267.0,1075.985652
EQIX,2026-08-26 14:50:00+00:00,1076.11,1076.44,1074.735,1076.345,1457.0,127.0,1076.066575
EQIX,2026-08-26 14:55:00+00:00,1076.82,1078.77,1076.105,1078.75,4295.0,248.0,1078.071683
EQIX,2026-08-26 15:00:00+00:00,1077.8975,1079.01,1077.8975,1078.13,1281.0,117.0,1078.538221
EQIX,2026-08-26 15:05:00+00:00,1078.08,1080.08,1078.08,1079.64,1045.0,112.0,1079.418773
EQIX,2026-08-26 15:10:00+00:00,1079.63,1081.5025,1079.26,1079.53,2982.0,216.0,1080.206027
EQIX,2026-08-26 15:15:00+00:00,1080.18,1081.22,1080.17,1080.895,1872.0,178.0,1080.591635
EQIX,2026-08-26 15:20:00+00:00,1081.62,1081.62,1079.36,1079.83,1825.0,161.0,1080.652526
EQIX,2026-08-26 15:25:00+00:00,1080.39,1080.45,1078.98,1078.98,2133.0,187.0,1079.629628
EQIX,2026-08-26 15:30:00+00:00,1079.16,1079.16,1077.535,1077.535,928.0,117.0,1078.26875
EQIX,2026-08-26 15:35:00+00:00,1077.535,1079.04,1077.535,1078.33,899.0,96.0,1078.420571
EQIX,2026-08-26 15:40:00+00:00,1078.74,1078.74,1078.2675,1078.71,453.0,56.0,1078.543851
EQIX,2026-08-26 15:45:00+00:00,1078.1125,1079.45,1078.1125,1078.2425,1466.0,130.0,1078.748157
EQIX,2026-08-26 15:50:00+00:00,1078.1425,1078.145,1076.9,1077.79,2307.0,194.0,1077.764742
EQIX,2026-08-26 15:55:00+00:00,1078.78,1078.93,1078.13,1078.93,810.0,90.0,1078.646748
EQIX,2026-08-26 16:00:00+00:00,1078.39,1078.395,1076.73,1078.19,2312.0,198.0,1077.869904
EQIX,2026-08-26 16:05:00+00:00,1077.46,1077.49,1073.65,1073.65,2208.0,223.0,1076.040888
EQIX,2026-08-26 16:10:00+00:00,1073.74,1075.295,1073.74,1074.55,1880.0,158.0,1074.634172
EQIX,2026-08-26 16:15:00+00:00,1075.01,1075.48,1074.65,1074.71,1405.0,109.0,1074.970224
EQIX,2026-08-26 16:20:00+00:00,1075.29,1076.52,1075.29,1075.485,2816.0,127.0,1075.586618
EQIX,2026-08-26 16:25:00+00:00,1075.51,1076.23,1074.765,1075.08,1477.0,131.0,1075.390234
EQIX,2026-08-26 16:30:00+00:00,1074.61,1074.61,1073.65,1073.725,1919.0,141.0,1074.221367
EQIX,2026-08-26 16:35:00+00:00,1073.42,1074.44,1073.4,1073.4,1514.0,102.0,1073.496477
EQIX,2026-08-26 16:40:00+00:00,1073.445,1075.04,1073.08,1073.57,3021.0,167.0,1073.951859
EQIX,2026-08-26 16:45:00+00:00,1073.565,1074.89,1072.805,1074.89,562.0,41.0,1073.469324
EQIX,2026-08-26 16:50:00+00:00,1074.115,1075.19,1074.115,1075.06,660.0,65.0,1074.418597
EQIX,2026-08-26 16:55:00+00:00,1075.16,1075.74,1074.14,1075.23,2376.0,184.0,1074.979115
EQIX,2026-08-26 17:00:00+00:00,1074.9425,1076.09,1074.9425,1075.845,910.0,103.0,1075.616119
EQIX,2026-08-26 17:05:00+00:00,1075.621,1075.621,1074.57,1075.22,1054.0,57.0,1074.99974
EQIX,2026-08-26 17:10:00+00:00,1075.93,1075.97,1075.34,1075.34,1597.0,64.0,1075.506955
EQIX,2026-08-26 17:15:00+00:00,1075.345,1076.01,1075.345,1076.0,1209.0,71.0,1075.695667
EQIX,2026-08-26 17:20:00+00:00,1075.0,1075.23,1074.74,1075.0,754.0,54.0,1074.947193
EQIX,2026-08-26 17:25:00+00:00,1075.0,1075.86,1074.17,1074.18,1922.0,210.0,1074.598021
EQIX,2026-08-26 17:30:00+00:00,1075.08,1075.08,1074.16,1074.19,1562.0,144.0,1074.549106
EQIX,2026-08-26 17:35:00+00:00,1075.07,1075.87,1074.45,1075.39,1544.0,142.0,1075.100487
EQIX,2026-08-26 17:40:00+00:00,1075.82,1075.82,1074.875,1074.885,418.0,35.0,1075.103194
EQIX,2026-08-26 17:45:00+00:00,1075.64,1076.63,1074.93,1075.935,3992.0,269.0,1075.439558
EQIX,2026-08-26 17:50:00+00:00,1076.6,1077.3,1076.08,1076.55,1595.0,148.0,1076.471315
EQIX,2026-08-26 17:55:00+00:00,1076.615,1077.26,1075.95,1075.95,605.0,84.0,1076.470848
EQIX,2026-08-26 18:00:00+00:00,1076.27,1076.57,1074.96,1075.38,4568.0,253.0,1075.596897
EQIX,2026-08-26 18:05:00+00:00,1074.35,1075.95,1074.01,1074.9,2882.0,151.0,1074.852146
EQIX,2026-08-26 18:10:00+00:00,1074.135,1075.65,1074.135,1075.64,2451.0,143.0,1075.054804
EQIX,2026-08-26 18:15:00+00:00,1074.03,1074.69,1074.03,1074.49,1049.0,112.0,1074.353772
EQIX,2026-08-26 18:20:00+00:00,1075.21,1075.29,1074.105,1074.62,1161.0,89.0,1074.745104
EQIX,2026-08-26 18:25:00+00:00,1074.61,1074.62,1074.105,1074.54,818.0,81.0,1074.429905
EQIX,2026-08-26 18:30:00+00:00,1075.23,1075.23,1074.5425,1074.585,449.0,56.0,1074.855211
EQIX,2026-08-26 18:35:00+00:00,1074.6,1075.23,1073.955,1073.955,2508.0,132.0,1074.500385
EQIX,2026-08-26 18:40:00+00:00,1074.76,1075.1,1074.065,1074.065,1524.0,148.0,1074.440539
EQIX,2026-08-26 18:45:00+00:00,1074.79,1074.79,1073.695,1074.58,2864.0,219.0,1074.281839
EQIX,2026-08-26 18:50:00+00:00,1074.135,1075.245,1074.135,1074.635,2664.0,220.0,1074.646577
EQIX,2026-08-26 18:55:00+00:00,1075.52,1076.41,1075.52,1075.715,2056.0,166.0,1075.848117
EQIX,2026-08-26 19:00:00+00:00,1076.74,1077.75,1076.485,1076.485,2170.0,158.0,1077.110788
EQIX,2026-08-26 19:05:00+00:00,1077.105,1077.88,1076.24,1076.38,1520.0,175.0,1076.749926
EQIX,2026-08-26 19:10:00+00:00,1076.96,1077.8,1076.255,1077.385,2292.0,189.0,1077.170303
EQIX,2026-08-26 19:15:00+00:00,1077.77,1078.6,1077.77,1078.59,3287.0,240.0,1078.280913
EQIX,2026-08-26 19:20:00+00:00,1078.62,1078.62,1077.745,1078.15,2740.0,199.0,1078.086085
EQIX,2026-08-26 19:25:00+00:00,1078.125,1078.125,1077.5,1078.01,1979.0,227.0,1077.939743
EQIX,2026-08-26 19:30:00+00:00,1077.995,1078.98,1077.52,1078.915,5497.0,330.0,1078.052235
EQIX,2026-08-26 19:35:00+00:00,1078.92,1079.54,1078.8,1079.105,2902.0,298.0,1079.058431
EQIX,2026-08-26 19:40:00+00:00,1079.52,1081.37,1079.52,1079.775,7495.0,428.0,1080.368823
EQIX,2026-08-26 19:45:00+00:00,1079.775,1080.47,1078.96,1080.47,4023.0,272.0,1079.708631
EQIX,2026-08-26 19:50:00+00:00,1078.87,1080.42,1077.3,1078.19,16818.0,1123.0,1078.88807
EQIX,2026-08-26 19:55:00+00:00,1077.95,1080.65,1077.67,1079.76,24652.0,1749.0,1079.391132
EQIX,2026-08-26 20:00:00+00:00,1079.61,1079.61,1079.61,1079.61,177552.0,83.0,1079.61
EQIX,2026-08-26 23:00:00+00:00,1080.0,1080.0,1080.0,1080.0,100.0,1.0,1080.0
EQIX,2026-08-26 23:15:00+00:00,1081.0,1081.0,1081.0,1081.0,100.0,1.0,1081.0
EQIX,2026-08-27 13:30:00+00:00,1086.59,1100.66,1079.61,1100.22,9308.0,515.0,1091.663667
EQIX,2026-08-27 13:35:00+00:00,1096.125,1098.69,1091.29,1092.47,4124.0,319.0,1093.927747
EQIX,2026-08-27 13:40:00+00:00,1093.57,1094.59,1091.23,1091.53,1043.0,72.0,1092.725958
EQIX,2026-08-27 13:45:00+00:00,1093.3,1094.06,1082.1487,1084.34,4126.0,268.0,1090.269614
EQIX,2026-08-27 13:50:00+00:00,1084.51,1084.51,1083.77,1083.775,696.0,52.0,1083.835797
EQIX,2026-08-27 13:55:00+00:00,1082.2,1086.38,1080.84,1082.155,7532.0,424.0,1083.134045
EQIX,2026-08-27 14:00:00+00:00,1081.0,1082.55,1079.5,1080.99,7128.0,271.0,1081.209074
EQIX,2026-08-27 14:05:00+00:00,1081.73,1086.56,1079.43,1082.0,7991.0,331.0,1082.589338
EQIX,2026-08-27 14:10:00+00:00,1084.6486,1085.11,1082.47,1084.2125,2874.0,150.0,1083.448094
EQIX,2026-08-27 14:15:00+00:00,1084.4075,1086.51,1084.3175,1086.51,4643.0,157.0,1084.641381
EQIX,2026-08-27 14:20:00+00:00,1086.51,1090.0599,1086.51,1088.1025,3113.0,248.0,1087.828442
EQIX,2026-08-27 14:25:00+00:00,1088.555,1089.62,1087.44,1089.135,1322.0,203.0,1088.311422
EQIX,2026-08-27 14:30:00+00:00,1090.07,1090.52,1086.26,1086.26,4371.0,250.0,1088.991647
EQIX,2026-08-27 14:35:00+00:00,1087.49,1088.86,1083.33,1083.345,5299.0,244.0,1086.979288
EQIX,2026-08-27 14:40:00+00:00,1083.34,1083.925,1082.105,1083.78,5931.0,283.0,1082.732308
EQIX,2026-08-27 14:45:00+00:00,1082.75,1084.62,1082.08,1084.23,3741.0,262.0,1083.644878
EQIX,2026-08-27 14:50:00+00:00,1083.135,1083.135,1072.48,1073.48,6156.0,379.0,1075.93259
EQIX,2026-08-27 14:55:00+00:00,1073.045,1074.58,1071.61,1073.67,3982.0,321.0,1073.191809
EQIX,2026-08-27 15:00:00+00:00,1074.89,1075.43,1073.75,1074.025,2089.0,179.0,1074.95148
EQIX,2026-08-27 15:05:00+00:00,1074.025,1076.27,1073.73,1076.03,5234.0,335.0,1074.944985
EQIX,2026-08-27 15:10:00+00:00,1075.92,1077.55,1075.65,1076.16,1514.0,129.0,1076.569078
EQIX,2026-08-27 15:15:00+00:00,1076.15,1078.225,1075.62,1076.8,2833.0,233.0,1076.565105
EQIX,2026-08-27 15:20:00+00:00,1077.21,1077.505,1076.0,1077.505,4895.0,255.0,1076.64175
EQIX,2026-08-27 15:25:00+00:00,1078.13,1078.32,1077.35,1078.32,1428.0,160.0,1077.636541
EQIX,2026-08-27 15:30:00+00:00,1078.31,1078.73,1077.28,1078.39,3980.0,207.0,1078.019375
EQIX,2026-08-27 15:35:00+00:00,1078.395,1079.49,1077.77,1078.67,1168.0,105.0,1078.440874
EQIX,2026-08-27 15:40:00+00:00,1079.66,1080.27,1078.41,1078.92,1955.0,151.0,1079.716248
EQIX,2026-08-27 15:45:00+00:00,1079.6225,1079.6225,1077.36,1077.36,3611.0,255.0,1078.170144
EQIX,2026-08-27 15:50:00+00:00,1076.95,1078.14,1076.9,1078.14,421.0,58.0,1077.203333
EQIX,2026-08-27 15:55:00+00:00,1076.88,1078.5,1076.88,1078.5,436.0,54.0,1077.380714
EQIX,2026-08-27 16:00:00+00:00,1078.32,1078.77,1077.68,1077.68,2274.0,163.0,1078.26508
EQIX,2026-08-27 16:05:00+00:00,1077.64,1078.915,1076.9451,1076.9451,896.0,105.0,1077.561252
EQIX,2026-08-27 16:10:00+00:00,1076.545,1076.9,1074.41,1074.41,1267.0,167.0,1075.402296
EQIX,2026-08-27 16:15:00+00:00,1073.99,1074.47,1073.475,1074.47,1259.0,59.0,1073.654632
EQIX,2026-08-27 16:20:00+00:00,1073.88,1074.39,1073.88,1074.39,175.0,33.0,1074.131852
EQIX,2026-08-27 16:25:00+00:00,1073.74,1076.565,1072.63,1075.4825,1711.0,135.0,1074.691028
EQIX,2026-08-27 16:30:00+00:00,1075.285,1075.92,1075.245,1075.245,561.0,46.0,1075.455789
EQIX,2026-08-27 16:35:00+00:00,1076.09,1076.09,1076.09,1076.09,111.0,15.0,1076.09
EQIX,2026-08-27 16:40:00+00:00,1074.2854,1076.09,1074.2854,1074.67,1443.0,113.0,1074.813998
EQIX,2026-08-27 16:45:00+00:00,1074.195,1075.195,1073.3501,1075.14,2998.0,166.0,1074.136385
EQIX,2026-08-27 16:50:00+00:00,1076.09,1076.09,1074.45,1074.45,875.0,118.0,1075.167939
EQIX,2026-08-27 16:55:00+00:00,1074.925,1074.97,1074.925,1074.97,370.0,67.0,1074.9475
EQIX,2026-08-27 17:00:00+00:00,1074.97,1076.135,1074.46,1074.46,2099.0,222.0,1075.334801
EQIX,2026-08-27 17:05:00+00:00,1073.87,1074.775,1073.87,1074.56,373.0,39.0,1074.463
EQIX,2026-08-27 17:10:00+00:00,1075.08,1076.14,1074.91,1074.91,924.0,57.0,1075.829215
EQIX,2026-08-27 17:15:00+00:00,1076.13,1077.4175,1075.32,1076.04,2316.0,207.0,1076.367065
EQIX,2026-08-27 17:20:00+00:00,1075.48,1077.4575,1075.48,1075.89,2965.0,122.0,1076.399762
EQIX,2026-08-27 17:25:00+00:00,1075.84,1075.87,1074.1,1074.3,1307.0,165.0,1075.37625
EQIX,2026-08-27 17:30:00+00:00,1075.48,1075.48,1074.04,1074.975,959.0,135.0,1074.817049
EQIX,2026-08-27 17:35:00+00:00,1074.5,1075.67,1074.41,1074.41,307.0,49.0,1074.716
EQIX,2026-08-27 17:40:00+00:00,1074.5,1075.4275,1072.9,1072.9,2043.0,242.0,1074.444984
EQIX,2026-08-27 17:45:00+00:00,1072.79,1073.32,1072.79,1072.86,685.0,137.0,1073.148023
EQIX,2026-08-27 17:50:00+00:00,1072.93,1074.06,1072.93,1073.97,2486.0,107.0,1073.960625
EQIX,2026-08-27 17:55:00+00:00,1073.38,1074.11,1073.38,1073.625,706.0,92.0,1073.714286
EQIX,2026-08-27 18:00:00+00:00,1073.625,1073.84,1072.92,1073.56,2980.0,276.0,1073.213349
EQIX,2026-08-27 18:05:00+00:00,1073.55,1074.37,1073.39,1073.39,2064.0,200.0,1074.000673
EQIX,2026-08-27 18:10:00+00:00,1073.09,1073.09,1072.19,1072.585,2452.0,230.0,1072.585684
EQIX,2026-08-27 18:15:00+00:00,1072.585,1074.17,1072.565,1074.005,2028.0,142.0,1073.601707
EQIX,2026-08-27 18:20:00+00:00,1072.8552,1074.08,1072.8552,1073.69,1685.0,101.0,1073.689931
EQIX,2026-08-27 18:25:00+00:00,1073.33,1073.47,1072.56,1072.56,1121.0,124.0,1072.969325
EQIX,2026-08-27 18:30:00+00:00,1073.245,1073.245,1072.36,1072.55,753.0,136.0,1072.693125
EQIX,2026-08-27 18:35:00+00:00,1072.485,1073.24,1072.475,1072.79,1274.0,119.0,1072.984891
EQIX,2026-08-27 18:40:00+00:00,1073.6,1073.6,1072.9,1072.9,270.0,35.0,1073.084516
EQIX,2026-08-27 18:45:00+00:00,1073.42,1074.06,1073.42,1073.515,1132.0,115.0,1073.674383
EQIX,2026-08-27 18:50:00+00:00,1073.46,1073.46,1072.86,1072.86,622.0,118.0,1073.35004
EQIX,2026-08-27 18:55:00+00:00,1073.1,1073.69,1073.08,1073.08,881.0,121.0,1073.40014
EQIX,2026-08-27 19:00:00+00:00,1073.07,1073.87,1073.07,1073.45,936.0,122.0,1073.486486
EQIX,2026-08-27 19:05:00+00:00,1073.87,1074.26,1073.87,1074.26,4911.0,114.0,1073.885874
EQIX,2026-08-27 19:10:00+00:00,1074.35,1074.37,1073.53,1074.37,803.0,75.0,1074.157917
EQIX,2026-08-27 19:15:00+00:00,1074.48,1076.65,1074.48,1075.9825,3903.0,298.0,1075.442713
EQIX,2026-08-27 19:20:00+00:00,1076.6,1076.6,1075.1,1076.135,1293.0,134.0,1075.943488
EQIX,2026-08-27 19:25:00+00:00,1076.075,1076.075,1075.13,1075.625,2089.0,192.0,1075.391182
EQIX,2026-08-27 19:30:00+00:00,1075.42,1076.32,1075.42,1076.13,2009.0,191.0,1075.928153
EQIX,2026-08-27 19:35:00+00:00,1075.81,1076.57,1075.68,1075.68,1095.0,150.0,1076.0775
EQIX,2026-08-27 19:40:00+00:00,1076.415,1077.2199,1076.01,1077.2,1278.0,186.0,1076.791515
EQIX,2026-08-27 19:45:00+00:00,1076.74,1077.31,1075.85,1076.545,3093.0,335.0,1076.789057
EQIX,2026-08-27 19:50:00+00:00,1075.75,1077.15,1074.375,1075.765,7461.0,639.0,1075.728372
EQIX,2026-08-27 19:55:00+00:00,1076.54,1077.955,1075.25,1076.4,28880.0,1608.0,1076.141782
EQIX,2026-08-27 20:00:00+00:00,1076.45,1076.45,1076.45,1076.45,124044.0,75.0,1076.45
EQIX,2026-08-27 20:15:00+00:00,1076.45,1076.45,1076.45,1076.45,138.0,2.0,1076.45
EQIX,2026-08-28 08:05:00+00:00,1072.83,1072.83,1072.83,1072.83,50.0,3.0,1072.83
EQIX,2026-08-28 13:30:00+00:00,1081.9,1087.5,1065.605,1065.605,4502.0,280.0,1078.926384
EQIX,2026-08-28 13:35:00+00:00,1066.59,1074.4,1064.06,1074.4,3596.0,229.0,1069.063704
EQIX,2026-08-28 13:40:00+00:00,1072.9192,1076.2,1070.88,1074.78,6654.0,222.0,1072.508573
EQIX,2026-08-28 13:45:00+00:00,1074.075,1074.805,1069.99,1072.235,7963.0,356.0,1072.667269
EQIX,2026-08-28 13:50:00+00:00,1072.035,1072.445,1069.98,1071.355,4344.0,148.0,1071.601911
EQIX,2026-08-28 13:55:00+00:00,1072.8,1073.08,1071.27,1072.735,2136.0,195.0,1072.652517
EQIX,2026-08-28 14:00:00+00:00,1072.45,1072.45,1069.1,1069.1,7371.0,369.0,1071.009374
EQIX,2026-08-28 14:05:00+00:00,1069.09,1070.48,1066.645,1068.58,4844.0,195.0,1068.8769
EQIX,2026-08-28 14:10:00+00:00,1067.92,1069.4,1064.3,1065.54,5982.0,198.0,1066.386197
EQIX,2026-08-28 14:15:00+00:00,1066.76,1070.4245,1065.09,1067.765,4148.0,200.0,1066.915093
EQIX,2026-08-28 14:20:00+00:00,1066.83,1067.91,1065.11,1067.9,2928.0,134.0,1067.164147
EQIX,2026-08-28 14:25:00+00:00,1065.39,1067.38,1065.1,1065.815,3581.0,256.0,1065.752495
EQIX,2026-08-28 14:30:00+00:00,1065.22,1070.085,1065.0,1070.085,5577.0,267.0,1066.102083
EQIX,2026-08-28 14:35:00+00:00,1070.305,1070.62,1066.91,1067.45,8256.0,364.0,1068.918976
EQIX,2026-08-28 14:40:00+00:00,1066.93,1067.995,1066.79,1067.995,2012.0,189.0,1067.242136
EQIX,2026-08-28 14:45:00+00:00,1067.975,1070.405,1067.975,1068.97,4288.0,181.0,1069.457341
EQIX,2026-08-28 14:50:00+00:00,1068.96,1068.96,1064.91,1068.31,5637.0,266.0,1066.769293
EQIX,2026-08-28 14:55:00+00:00,1067.635,1069.09,1067.52,1068.26,4293.0,268.0,1068.126174
EQIX,2026-08-28 15:00:00+00:00,1069.26,1069.26,1067.45,1067.495,1417.0,132.0,1067.972174
EQIX,2026-08-28 15:05:00+00:00,1067.49,1068.09,1066.165,1066.165,4334.0,268.0,1067.166455
EQIX,2026-08-28 15:10:00+00:00,1066.145,1068.81,1066.14,1068.69,2700.0,254.0,1067.249362
EQIX,2026-08-28 15:15:00+00:00,1069.73,1070.1,1068.89,1070.1,1273.0,99.0,1069.764659
EQIX,2026-08-28 15:20:00+00:00,1069.9,1070.1,1068.51,1068.52,1206.0,139.0,1069.455614
EQIX,2026-08-28 15:25:00+00:00,1068.73,1069.46,1067.93,1068.685,1635.0,148.0,1068.693112
EQIX,2026-08-28 15:30:00+00:00,1068.675,1068.675,1068.2,1068.2,1394.0,170.0,1068.574
EQIX,2026-08-28 15:35:00+00:00,1068.715,1068.715,1066.15,1066.47,4863.0,290.0,1067.515095
EQIX,2026-08-28 15:40:00+00:00,1066.7999,1066.7999,1063.94,1064.2375,1703.0,137.0,1064.857025
EQIX,2026-08-28 15:45:00+00:00,1063.11,1064.335,1061.745,1061.745,953.0,132.0,1062.975184
EQIX,2026-08-28 15:50:00+00:00,1062.0,1063.06,1062.0,1062.005,359.0,39.0,1062.2675
EQIX,2026-08-28 15:55:00+00:00,1062.005,1062.68,1061.89,1061.91,1240.0,132.0,1061.981315
EQIX,2026-08-28 16:00:00+00:00,1061.91,1061.91,1054.91,1054.91,19174.0,576.0,1058.1834
EQIX,2026-08-28 16:05:00+00:00,1055.89,1055.89,1053.86,1055.3699,1686.0,245.0,1054.737463
EQIX,2026-08-28 16:10:00+00:00,1054.175,1055.37,1050.14,1050.415,2897.0,265.0,1052.390039
EQIX,2026-08-28 16:15:00+00:00,1051.89,1051.89,1045.69,1050.83,8845.0,441.0,1048.891777
EQIX,2026-08-28 16:20:00+00:00,1050.845,1051.93,1047.87,1048.05,6128.0,431.0,1049.636858
EQIX,2026-08-28 16:25:00+00:00,1047.86,1048.25,1046.29,1047.185,10565.0,279.0,1047.07464
EQIX,2026-08-28 16:30:00+00:00,1047.32,1048.91,1047.18,1047.65,1568.0,126.0,1047.764933
EQIX,2026-08-28 16:35:00+00:00,1048.91,1049.605,1047.3602,1049.06,1723.0,164.0,1048.926764
EQIX,2026-08-28 16:40:00+00:00,1049.755,1049.755,1048.46,1049.125,2702.0,206.0,1049.211546
EQIX,2026-08-28 16:45:00+00:00,1050.38,1054.675,1050.36,1054.48,5978.0,228.0,1052.900903
EQIX,2026-08-28 16:50:00+00:00,1054.39,1055.5,1053.06,1053.06,16949.0,208.0,1053.520348
EQIX,2026-08-28 16:55:00+00:00,1051.95,1052.86,1048.83,1050.0,6088.0,249.0,1051.280813
EQIX,2026-08-28 17:00:00+00:00,1049.535,1049.535,1044.88,1044.995,22960.0,384.0,1046.611031
EQIX,2026-08-28 17:05:00+00:00,1044.98,1044.98,1039.905,1040.01,12685.0,555.0,1041.19455
EQIX,2026-08-28 17:10:00+00:00,1040.0025,1040.0025,1035.29,1038.93,5694.0,350.0,1037.747243
EQIX,2026-08-28 17:15:00+00:00,1039.68,1041.5,1038.4,1040.73,3569.0,256.0,1040.212047
EQIX,2026-08-28 17:20:00+00:00,1041.495,1046.135,1040.021,1046.135,5779.0,238.0,1044.375268
EQIX,2026-08-28 17:25:00+00:00,1046.0,1048.27,1045.18,1045.18,5529.0,402.0,1046.436099
EQIX,2026-08-28 17:30:00+00:00,1046.125,1047.77,1044.845,1044.845,2321.0,198.0,1047.032565
EQIX,2026-08-28 17:35:00+00:00,1044.845,1046.24,1044.46,1044.46,2636.0,109.0,1045.396117
EQIX,2026-08-28 17:40:00+00:00,1043.63,1045.185,1043.63,1044.49,969.0,107.0,1044.439522
EQIX,2026-08-28 17:45:00+00:00,1044.495,1045.63,1044.495,1044.695,395.0,73.0,1044.94
EQIX,2026-08-28 17:50:00+00:00,1044.695,1048.55,1044.695,1047.48,3445.0,288.0,1046.995816
EQIX,2026-08-28 17:55:00+00:00,1046.93,1049.05,1046.38,1048.27,4313.0,436.0,1047.469647
EQIX,2026-08-28 18:00:00+00:00,1048.92,1050.16,1046.9,1046.9,5368.0,234.0,1049.620365
EQIX,2026-08-28 18:10:00+00:00,1047.935,1048.22,1047.935,1048.135,457.0,55.0,1048.096667
EQIX,2026-08-28 18:15:00+00:00,1047.95,1050.79,1047.5954,1049.625,7941.0,373.0,1049.578846
EQIX,2026-08-28 18:20:00+00:00,1048.78,1049.96,1047.62,1049.96,970.0,105.0,1048.805
EQIX,2026-08-28 18:25:00+00:00,1051.01,1051.01,1048.805,1049.035,919.0,114.0,1049.509093
EQIX,2026-08-28 18:30:00+00:00,1048.1,1048.115,1047.01,1047.01,811.0,73.0,1047.580553
EQIX,2026-08-28 18:35:00+00:00,1048.63,1048.76,1047.45,1048.01,1862.0,213.0,1048.235558
EQIX,2026-08-28 18:40:00+00:00,1048.72,1050.7575,1045.765,1045.765,8669.0,410.0,1047.969009
EQIX,2026-08-28 18:45:00+00:00,1046.0,1046.46,1045.005,1045.515,3118.0,315.0,1045.578908
EQIX,2026-08-28 18:50:00+00:00,1045.15,1045.775,1039.47,1039.47,46685.0,920.0,1043.907721
EQIX,2026-08-28 18:55:00+00:00,1039.31,1040.47,1037.785,1037.79,4430.0,291.0,1039.317424
EQIX,2026-08-28 19:00:00+00:00,1037.97,1040.39,1037.97,1039.31,1973.0,201.0,1039.335595
EQIX,2026-08-28 19:05:00+00:00,1038.84,1041.595,1038.335,1040.94,1741.0,120.0,1039.600327
EQIX,2026-08-28 19:10:00+00:00,1042.44,1043.0575,1040.78,1042.035,1650.0,155.0,1042.162803
EQIX,2026-08-28 19:15:00+00:00,1040.61,1042.169,1038.82,1041.12,6854.0,208.0,1039.377126
EQIX,2026-08-28 19:20:00+00:00,1041.24,1044.56,1041.23,1043.365,2486.0,259.0,1041.937557
EQIX,2026-08-28 19:25:00+00:00,1042.53,1043.335,1042.145,1043.295,2472.0,277.0,1042.570833
EQIX,2026-08-28 19:30:00+00:00,1043.73,1046.075,1043.245,1045.6,3062.0,303.0,1044.464433
EQIX,2026-08-28 19:35:00+00:00,1045.09,1045.37,1042.05,1042.27,3042.0,260.0,1043.91157
EQIX,2026-08-28 19:40:00+00:00,1043.32,1044.0925,1043.185,1043.185,5312.0,422.0,1043.693253
EQIX,2026-08-28 19:45:00+00:00,1043.185,1044.92,1043.005,1044.75,4291.0,362.0,1043.890095
EQIX,2026-08-28 19:50:00+00:00,1043.79,1048.105,1043.79,1044.565,11913.0,817.0,1045.74641
EQIX,2026-08-28 19:55:00+00:00,1046.37,1046.44,1043.56,1044.16,23091.0,1566.0,1044.996645
EQIX,2026-08-28 20:00:00+00:00,1044.41,1044.41,1044.41,1044.41,54068.0,83.0,1044.41
EQIX,2026-08-31 13:30:00+00:00,1042.78,1042.78,1030.01,1030.81,5479.0,271.0,1033.295587
EQIX,2026-08-31 13:35:00+00:00,1030.32,1030.32,1025.43,1027.535,3150.0,137.0,1027.571988
EQIX,2026-08-31 13:40:00+00:00,1027.47,1036.05,1027.47,1031.255,4775.0,258.0,1032.427417
EQIX,2026-08-31 13:45:00+00:00,1031.83,1034.275,1029.99,1030.125,6305.0,340.0,1032.906992
EQIX,2026-08-31 13:50:00+00:00,1030.125,1030.125,1025.995,1026.95,8022.0,349.0,1027.440278
EQIX,2026-08-31 13:55:00+00:00,1026.955,1029.75,1025.1,1028.21,4603.0,235.0,1027.708084
EQIX,2026-08-31 14:00:00+00:00,1028.84,1031.03,1027.96,1028.65,1960.0,169.0,1029.052327
EQIX,2026-08-31 14:05:00+00:00,1027.97,1032.8416,1027.36,1032.8416,10471.0,183.0,1028.576725
EQIX,2026-08-31 14:10:00+00:00,1030.41,1030.805,1029.2274,1030.805,1088.0,145.0,1030.285551
EQIX,2026-08-31 14:15:00+00:00,1032.18,1034.84,1031.7501,1033.9525,2582.0,171.0,1033.076984
EQIX,2026-08-31 14:20:00+00:00,1032.96,1034.6,1031.905,1033.45,2755.0,247.0,1033.286851
EQIX,2026-08-31 14:25:00+00:00,1031.05,1032.695,1031.05,1032.025,952.0,163.0,1032.036547
EQIX,2026-08-31 14:30:00+00:00,1032.03,1032.03,1030.19,1030.19,1208.0,157.0,1031.511326
EQIX,2026-08-31 14:35:00+00:00,1030.91,1031.6632,1029.1,1029.75,2369.0,268.0,1029.874382
EQIX,2026-08-31 14:40:00+00:00,1031.745,1032.925,1031.745,1032.925,874.0,118.0,1032.542033
EQIX,2026-08-31 14:45:00+00:00,1030.39,1030.82,1029.41,1029.41,1042.0,139.0,1030.162915
EQIX,2026-08-31 14:50:00+00:00,1030.22,1033.0925,1029.945,1033.0925,1456.0,127.0,1031.124702
EQIX,2026-08-31 14:55:00+00:00,1033.385,1034.22,1033.385,1034.205,1428.0,129.0,1034.019868
EQIX,2026-08-31 15:00:00+00:00,1034.045,1037.11,1034.045,1034.44,1482.0,169.0,1035.297119
EQIX,2026-08-31 15:05:00+00:00,1033.89,1035.08,1033.05,1034.15,4496.0,187.0,1033.874275
EQIX,2026-08-31 15:10:00+00:00,1034.14,1034.145,1031.33,1032.77,7064.0,246.0,1033.069372
EQIX,2026-08-31 15:15:00+00:00,1032.78,1035.38,1032.78,1035.38,1898.0,176.0,1033.467295
EQIX,2026-08-31 15:20:00+00:00,1033.92,1035.39,1033.13,1033.15,5690.0,285.0,1033.816433
EQIX,2026-08-31 15:25:00+00:00,1033.625,1034.725,1032.6802,1033.855,1859.0,145.0,1033.615112
EQIX,2026-08-31 15:30:00+00:00,1033.855,1035.22,1033.855,1035.22,1511.0,186.0,1034.444153
EQIX,2026-08-31 15:35:00+00:00,1034.81,1036.38,1034.23,1034.99,1473.0,150.0,1035.128941
EQIX,2026-08-31 15:40:00+00:00,1035.0,1036.38,1035.0,1036.38,1670.0,175.0,1035.387374
EQIX,2026-08-31 15:45:00+00:00,1035.64,1036.905,1035.64,1036.395,2929.0,224.0,1036.105863
EQIX,2026-08-31 15:50:00+00:00,1036.395,1036.45,1036.395,1036.445,664.0,108.0,1036.425385
EQIX,2026-08-31 15:55:00+00:00,1035.45,1035.88,1033.97,1034.32,1121.0,158.0,1034.661111
EQIX,2026-08-31 16:00:00+00:00,1034.34,1035.17,1034.335,1034.965,1101.0,131.0,1034.873548
EQIX,2026-08-31 16:05:00+00:00,1034.5711,1035.77,1034.195,1034.3125,755.0,97.0,1034.56026
EQIX,2026-08-31 16:10:00+00:00,1034.2,1035.08,1034.195,1035.08,800.0,73.0,1034.485625
EQIX,2026-08-31 16:15:00+00:00,1035.15,1035.86,1035.08,1035.86,1189.0,135.0,1035.210159
EQIX,2026-08-31 16:20:00+00:00,1035.96,1036.52,1034.81,1035.19,768.0,87.0,1035.563567
EQIX,2026-08-31 16:25:00+00:00,1034.975,1034.975,1034.955,1034.955,437.0,66.0,1034.97
EQIX,2026-08-31 16:30:00+00:00,1034.925,1035.96,1034.925,1035.49,1645.0,136.0,1035.454584
EQIX,2026-08-31 16:35:00+00:00,1035.295,1035.47,1034.345,1034.41,1580.0,180.0,1034.655207
EQIX,2026-08-31 16:40:00+00:00,1034.24,1035.035,1034.2,1035.035,712.0,78.0,1034.470988
EQIX,2026-08-31 16:45:00+00:00,1034.8225,1035.035,1034.33,1035.035,592.0,74.0,1034.677319
EQIX,2026-08-31 16:50:00+00:00,1035.035,1035.035,1032.59,1033.035,2850.0,264.0,1034.206032
EQIX,2026-08-31 16:55:00+00:00,1033.025,1033.025,1032.125,1032.125,901.0,109.0,1032.732881
EQIX,2026-08-31 17:00:00+00:00,1032.07,1032.71,1031.695,1032.575,2102.0,199.0,1032.342121
EQIX,2026-08-31 17:05:00+00:00,1032.575,1033.46,1032.08,1033.31,1773.0,158.0,1032.764286
EQIX,2026-08-31 17:10:00+00:00,1033.62,1035.61,1033.62,1035.525,1861.0,139.0,1035.375642
EQIX,2026-08-31 17:15:00+00:00,1035.525,1035.68,1035.525,1035.57,907.0,120.0,1035.546382
EQIX,2026-08-31 17:20:00+00:00,1035.57,1036.32,1035.245,1035.245,871.0,115.0,1035.7445
EQIX,2026-08-31 17:25:00+00:00,1036.155,1036.82,1036.155,1036.54,747.0,121.0,1036.4175
EQIX,2026-08-31 17:30:00+00:00,1036.85,1037.14,1036.85,1037.14,891.0,128.0,1036.88
EQIX,2026-08-31 17:35:00+00:00,1037.14,1039.3,1037.14,1038.29,1647.0,182.0,1038.460367
EQIX,2026-08-31 17:40:00+00:00,1038.62,1040.26,1038.62,1039.94,5029.0,232.0,1039.658219
EQIX,2026-08-31 17:45:00+00:00,1040.75,1040.9,1039.85,1039.895,1154.0,140.0,1040.169104
EQIX,2026-08-31 17:50:00+00:00,1040.0,1042.1,1040.0,1040.95,3433.0,285.0,1041.328128
EQIX,2026-08-31 17:55:00+00:00,1040.49,1041.21,1039.6,1040.145,6194.0,385.0,1040.192547
EQIX,2026-08-31 18:00:00+00:00,1040.155,1043.66,1040.155,1042.37,6148.0,342.0,1042.516049
EQIX,2026-08-31 18:05:00+00:00,1042.38,1042.53,1042.365,1042.53,1037.0,65.0,1042.40413
EQIX,2026-08-31 18:10:00+00:00,1043.24,1043.3,1042.585,1042.6,1595.0,142.0,1042.989112
EQIX,2026-08-31 18:15:00+00:00,1043.37,1043.37,1041.53,1041.7,1491.0,174.0,1042.13247
EQIX,2026-08-31 18:20:00+00:00,1041.72,1042.65,1041.72,1042.165,2035.0,121.0,1042.191343
EQIX,2026-08-31 18:25:00+00:00,1041.91,1042.8484,1041.395,1041.99,3309.0,274.0,1042.002261
EQIX,2026-08-31 18:30:00+00:00,1041.97,1042.53,1041.97,1042.05,1107.0,111.0,1042.077878
EQIX,2026-08-31 18:35:00+00:00,1041.36,1042.02,1040.53,1041.365,1987.0,236.0,1041.322549
EQIX,2026-08-31 18:40:00+00:00,1042.08,1042.09,1040.47,1040.47,2733.0,217.0,1041.416394
EQIX,2026-08-31 18:45:00+00:00,1041.73,1042.73,1040.67,1040.67,2362.0,213.0,1041.873831
EQIX,2026-08-31 18:50:00+00:00,1041.98,1041.98,1041.12,1041.795,1212.0,126.0,1041.61291
EQIX,2026-08-31 18:55:00+00:00,1042.45,1043.545,1042.45,1043.43,1986.0,174.0,1042.712756
EQIX,2026-08-31 19:00:00+00:00,1043.09,1043.1,1042.04,1042.11,1539.0,183.0,1042.501503
EQIX,2026-08-31 19:05:00+00:00,1042.745,1045.03,1042.73,1043.395,8915.0,391.0,1043.838682
EQIX,2026-08-31 19:10:00+00:00,1043.555,1046.01,1043.555,1045.97,2891.0,219.0,1044.729453
EQIX,2026-08-31 19:15:00+00:00,1045.395,1045.555,1044.695,1045.555,2622.0,194.0,1045.07087
EQIX,2026-08-31 19:20:00+00:00,1045.8,1047.07,1045.69,1046.19,3961.0,268.0,1046.647112
EQIX,2026-08-31 19:25:00+00:00,1046.15,1047.11,1046.135,1046.675,2183.0,224.0,1046.56476
EQIX,2026-08-31 19:30:00+00:00,1046.675,1046.675,1044.9,1046.13,2367.0,277.0,1045.742047
EQIX,2026-08-31 19:35:00+00:00,1045.76,1046.68,1045.62,1045.77,3512.0,275.0,1045.998838
EQIX,2026-08-31 19:40:00+00:00,1045.75,1045.75,1041.645,1042.26,18334.0,497.0,1044.126915
EQIX,2026-08-31 19:45:00+00:00,1042.1425,1042.78,1038.745,1039.42,8770.0,451.0,1041.165273
EQIX,2026-08-31 19:50:00+00:00,1040.39,1047.409,1040.39,1045.98,27824.0,1187.0,1044.850318
EQIX,2026-08-31 19:55:00+00:00,1045.98,1049.35,1044.41,1046.41,82215.0,3503.0,1046.776573
EQIX,2026-08-31 20:00:00+00:00,1046.72,1046.7228,1043.59,1046.72,317502.0,101.0,1046.718534
EQIX,2026-09-01 11:55:00+00:00,1046.72,1046.72,1046.72,1046.72,198.0,1.0,1046.72
EQIX,2026-09-01 13:30:00+00:00,1040.29,1049.43,1034.16,1049.43,5602.0,428.0,1040.403951
EQIX,2026-09-01 13:35:00+00:00,1048.56,1049.06,1040.885,1040.885,1754.0,306.0,1044.438991
EQIX,2026-09-01 13:40:00+00:00,1041.9429,1043.43,1036.52,1043.43,1588.0,430.0,1040.478735
EQIX,2026-09-01 13:45:00+00:00,1042.5686,1042.5686,1041.15,1041.15,2190.0,277.0,1041.228471
EQIX,2026-09-01 13:50:00+00:00,1040.895,1042.64,1036.635,1036.645,9425.0,643.0,1038.886986
EQIX,2026-09-01 13:55:00+00:00,1036.915,1041.32,1036.915,1037.245,4742.0,461.0,1038.670185
EQIX,2026-09-01 14:00:00+00:00,1038.93,1043.54,1038.93,1041.935,4639.0,436.0,1040.723886
EQIX,2026-09-01 14:05:00+00:00,1040.2,1040.2,1034.225,1034.225,6001.0,372.0,1039.275862
EQIX,2026-09-01 14:10:00+00:00,1034.2,1034.61,1032.0,1034.21,2972.0,247.0,1033.683023
EQIX,2026-09-01 14:15:00+00:00,1033.095,1034.19,1031.9701,1031.9701,1245.0,222.0,1032.989797
EQIX,2026-09-01 14:20:00+00:00,1033.15,1034.65,1032.62,1033.55,7162.0,322.0,1033.778573
EQIX,2026-09-01 14:25:00+00:00,1034.64,1036.37,1031.8,1033.52,14311.0,457.0,1033.490343
EQIX,2026-09-01 14:30:00+00:00,1033.52,1036.33,1033.52,1034.3,1697.0,188.0,1034.738815
EQIX,2026-09-01 14:35:00+00:00,1034.31,1035.9,1033.59,1035.07,6181.0,303.0,1034.465592
EQIX,2026-09-01 14:40:00+00:00,1035.8,1036.34,1035.01,1036.13,2442.0,213.0,1035.596103
EQIX,2026-09-01 14:45:00+00:00,1036.33,1039.81,1036.33,1039.81,2050.0,244.0,1038.32803
EQIX,2026-09-01 14:50:00+00:00,1038.76,1039.79,1038.76,1039.69,2924.0,266.0,1039.26296
EQIX,2026-09-01 14:55:00+00:00,1038.66,1038.66,1036.32,1036.98,2207.0,160.0,1037.282064
EQIX,2026-09-01 15:00:00+00:00,1037.35,1037.98,1036.6,1037.03,10021.0,375.0,1037.357292
EQIX,2026-09-01 15:05:00+00:00,1036.46,1036.46,1033.42,1035.54,7228.0,420.0,1034.784617
EQIX,2026-09-01 15:10:00+00:00,1035.2,1035.81,1029.99,1031.3,9290.0,421.0,1033.286019
EQIX,2026-09-01 15:15:00+00:00,1031.78,1035.21,1031.47,1033.96,4518.0,256.0,1033.355196
EQIX,2026-09-01 15:20:00+00:00,1034.17,1034.17,1032.27,1032.27,2396.0,202.0,1033.181287
EQIX,2026-09-01 15:25:00+00:00,1032.015,1035.89,1032.005,1035.88,2801.0,260.0,1033.790902
EQIX,2026-09-01 15:30:00+00:00,1036.755,1038.17,1036.755,1038.15,4391.0,297.0,1037.594676
EQIX,2026-09-01 15:35:00+00:00,1038.2172,1040.15,1037.795,1038.77,8525.0,388.0,1038.931826
EQIX,2026-09-01 15:40:00+00:00,1039.04,1039.04,1038.21,1038.3,1950.0,131.0,1038.760513
EQIX,2026-09-01 15:45:00+00:00,1038.62,1039.04,1038.2,1038.79,3822.0,252.0,1038.683057
EQIX,2026-09-01 15:50:00+00:00,1038.61,1038.72,1035.52,1035.52,2330.0,201.0,1037.573092
EQIX,2026-09-01 15:55:00+00:00,1035.09,1035.855,1034.64,1034.64,1010.0,133.0,1035.394375
EQIX,2026-09-01 16:00:00+00:00,1035.195,1036.42,1034.6,1036.42,1881.0,178.0,1035.907903
EQIX,2026-09-01 16:05:00+00:00,1035.98,1036.55,1035.98,1036.0,1363.0,103.0,1036.238592
EQIX,2026-09-01 16:10:00+00:00,1036.6024,1036.6024,1034.77,1034.77,1277.0,133.0,1035.842122
EQIX,2026-09-01 16:15:00+00:00,1034.7,1035.295,1034.58,1034.58,545.0,90.0,1034.9625
EQIX,2026-09-01 16:20:00+00:00,1034.59,1034.965,1032.42,1032.42,2155.0,194.0,1034.581033
EQIX,2026-09-01 16:25:00+00:00,1032.03,1032.09,1030.94,1032.06,2366.0,226.0,1031.725789
EQIX,2026-09-01 16:30:00+00:00,1031.57,1031.57,1030.38,1030.755,1196.0,139.0,1031.018297
EQIX,2026-09-01 16:35:00+00:00,1030.81,1030.81,1028.49,1029.82,16205.0,393.0,1029.80933
EQIX,2026-09-01 16:40:00+00:00,1029.875,1030.235,1029.64,1029.975,2893.0,186.0,1029.89997
EQIX,2026-09-01 16:45:00+00:00,1029.65,1030.095,1027.795,1027.795,5261.0,307.0,1029.293894
EQIX,2026-09-01 16:50:00+00:00,1027.83,1031.265,1027.81,1030.54,4271.0,316.0,1029.407457
EQIX,2026-09-01 16:55:00+00:00,1029.8958,1031.81,1029.8958,1030.73,2805.0,156.0,1031.010623
EQIX,2026-09-01 17:00:00+00:00,1029.865,1031.12,1029.555,1031.12,1401.0,95.0,1030.23353
EQIX,2026-09-01 17:05:00+00:00,1031.96,1032.03,1031.23,1031.23,1531.0,91.0,1031.431954
EQIX,2026-09-01 17:10:00+00:00,1031.225,1031.2875,1030.57,1031.225,1684.0,128.0,1031.195298
EQIX,2026-09-01 17:15:00+00:00,1030.54,1031.94,1030.54,1031.65,1621.0,101.0,1031.32386
EQIX,2026-09-01 17:20:00+00:00,1031.195,1031.77,1030.53,1031.14,1508.0,132.0,1031.098056
EQIX,2026-09-01 17:25:00+00:00,1030.79,1031.5999,1030.58,1031.16,2595.0,216.0,1030.997338
EQIX,2026-09-01 17:30:00+00:00,1031.03,1031.03,1029.835,1029.835,1938.0,160.0,1030.686512
EQIX,2026-09-01 17:35:00+00:00,1030.29,1031.11,1029.96,1031.1,7972.0,265.0,1030.725389
EQIX,2026-09-01 17:40:00+00:00,1031.39,1031.93,1030.98,1031.25,2579.0,145.0,1031.362796
EQIX,2026-09-01 17:45:00+00:00,1031.67,1031.67,1030.9925,1030.995,763.0,101.0,1031.183887
EQIX,2026-09-01 17:50:00+00:00,1031.075,1031.325,1029.47,1029.47,3246.0,294.0,1030.69431
EQIX,2026-09-01 17:55:00+00:00,1029.62,1030.4799,1029.545,1030.33,1199.0,131.0,1029.920306
EQIX,2026-09-01 18:00:00+00:00,1029.55,1030.93,1029.545,1030.93,2435.0,187.0,1030.486722
EQIX,2026-09-01 18:05:00+00:00,1030.91,1032.24,1030.91,1032.22,800.0,79.0,1031.58375
EQIX,2026-09-01 18:10:00+00:00,1032.03,1032.03,1031.53,1031.98,1672.0,146.0,1031.94925
EQIX,2026-09-01 18:15:00+00:00,1031.98,1033.36,1031.98,1032.77,2521.0,227.0,1032.6673
EQIX,2026-09-01 18:20:00+00:00,1033.09,1034.2,1033.09,1033.45,4339.0,196.0,1033.518753
EQIX,2026-09-01 18:25:00+00:00,1033.43,1034.0,1031.7601,1033.445,5542.0,288.0,1033.394841
EQIX,2026-09-01 18:30:00+00:00,1033.265,1033.43,1029.961,1030.935,6278.0,325.0,1030.858037
EQIX,2026-09-01 18:35:00+00:00,1030.92,1032.02,1030.33,1031.325,7765.0,166.0,1030.691226
EQIX,2026-09-01 18:40:00+00:00,1030.61,1030.62,1029.835,1029.835,2450.0,200.0,1030.142519
EQIX,2026-09-01 18:45:00+00:00,1029.81,1030.3624,1027.9207,1029.62,1450.0,101.0,1029.396976
EQIX,2026-09-01 18:50:00+00:00,1028.73,1029.59,1028.64,1029.26,1336.0,156.0,1029.13525
EQIX,2026-09-01 18:55:00+00:00,1028.6201,1030.11,1028.6201,1029.47,5624.0,297.0,1029.654728
EQIX,2026-09-01 19:00:00+00:00,1029.61,1030.75,1029.111,1030.26,1951.0,156.0,1029.983966
EQIX,2026-09-01 19:05:00+00:00,1030.17,1030.17,1028.115,1028.165,2143.0,214.0,1029.197527
EQIX,2026-09-01 19:10:00+00:00,1027.69,1028.52,1026.68,1028.48,3525.0,321.0,1027.934524
EQIX,2026-09-01 19:15:00+00:00,1028.8,1030.905,1028.8,1029.28,3935.0,338.0,1029.609399
EQIX,2026-09-01 19:20:00+00:00,1029.27,1029.76,1028.58,1028.97,2557.0,170.0,1029.281029
EQIX,2026-09-01 19:25:00+00:00,1029.33,1029.58,1028.58,1028.625,2217.0,272.0,1029.240556
EQIX,2026-09-01 19:30:00+00:00,1028.62,1029.44,1027.83,1027.83,5263.0,392.0,1028.700425
EQIX,2026-09-01 19:35:00+00:00,1027.96,1028.0,1026.29,1026.4,4196.0,291.0,1027.09398
EQIX,2026-09-01 19:40:00+00:00,1026.475,1027.1625,1025.895,1025.895,5267.0,411.0,1026.729227
EQIX,2026-09-01 19:45:00+00:00,1026.25,1026.61,1025.2,1025.74,6398.0,528.0,1026.21536
EQIX,2026-09-01 19:50:00+00:00,1025.72,1026.74,1024.96,1025.78,13764.0,1011.0,1025.884199
EQIX,2026-09-01 19:55:00+00:00,1025.79,1028.15,1025.12,1027.62,48990.0,2681.0,1027.223774
EQIX,2026-09-01 20:00:00+00:00,1027.59,1027.59,1027.59,1027.59,121783.0,66.0,1027.59
EQIX,2026-09-01 20:05:00+00:00,1030.61,1031.0,1030.61,1031.0,1838.0,49.0,1030.682663
EQIX,2026-09-01 20:15:00+00:00,1033.82,1034.87,1033.82,1034.87,422.0,10.0,1034.048461
EQIX,2026-09-01 20:35:00+00:00,1028.11,1028.11,1028.11,1028.11,50.0,1.0,1028.11
EQIX,2026-09-01 20:45:00+00:00,1028.05,1028.05,1028.05,1028.05,50.0,1.0,1028.05
EQIX,2026-09-02 12:00:00+00:00,1029.48,1054.99,1029.48,1054.99,280.0,14.0,1041.14541
EQIX,2026-09-02 13:25:00+00:00,1029.17,1029.17,1029.17,1029.17,101.0,6.0,1029.17
EQIX,2026-09-02 13:30:00+00:00,1018.43,1022.715,1005.25,1006.88,20005.0,574.0,1016.354367
EQIX,2026-09-02 13:35:00+00:00,1007.08,1010.83,1005.42,1009.42,4123.0,234.0,1008.052401
EQIX,2026-09-02 13:40:00+00:00,1009.42,1017.04,1009.415,1014.375,4115.0,209.0,1013.563251
EQIX,2026-09-02 13:45:00+00:00,1014.375,1016.12,1008.35,1010.145,6920.0,274.0,1012.013308
EQIX,2026-09-02 13:50:00+00:00,1010.145,1011.81,1007.52,1008.635,9104.0,247.0,1009.576883
EQIX,2026-09-02 13:55:00+00:00,1008.63,1013.015,1007.51,1012.73,8784.0,384.0,1009.619404
EQIX,2026-09-02 14:00:00+00:00,1012.73,1013.63,1009.34,1013.56,6855.0,293.0,1010.446879
EQIX,2026-09-02 14:05:00+00:00,1014.065,1015.79,1012.59,1014.09,4911.0,221.0,1013.837707
EQIX,2026-09-02 14:10:00+00:00,1014.06,1019.7,1014.06,1018.68,8267.0,374.0,1017.180245
EQIX,2026-09-02 14:15:00+00:00,1017.86,1024.19,1016.73,1023.18,8942.0,502.0,1019.434727
EQIX,2026-09-02 14:20:00+00:00,1023.45,1024.58,1018.94,1019.975,6388.0,343.0,1022.292612
EQIX,2026-09-02 14:25:00+00:00,1019.97,1019.97,1018.16,1018.97,5517.0,416.0,1019.119385
EQIX,2026-09-02 14:30:00+00:00,1019.05,1020.7,1017.4901,1019.89,7243.0,358.0,1019.047854
EQIX,2026-09-02 14:35:00+00:00,1019.87,1021.54,1019.345,1020.225,4641.0,353.0,1020.507764
EQIX,2026-09-02 14:40:00+00:00,1020.225,1022.325,1019.5075,1021.365,9130.0,381.0,1021.103236
EQIX,2026-09-02 14:45:00+00:00,1021.375,1022.4799,1020.44,1021.0275,3217.0,186.0,1021.136447
EQIX,2026-09-02 14:50:00+00:00,1020.97,1022.5,1020.19,1020.19,5633.0,396.0,1021.331653
EQIX,2026-09-02 14:55:00+00:00,1020.19,1021.82,1017.91,1019.31,9921.0,393.0,1020.502798
EQIX,2026-09-02 15:00:00+00:00,1019.14,1020.45,1017.76,1020.44,12377.0,522.0,1019.098631
EQIX,2026-09-02 15:05:00+00:00,1019.715,1020.45,1011.745,1011.77,13855.0,624.0,1016.677086
EQIX,2026-09-02 15:10:00+00:00,1011.78,1013.26,1011.02,1012.32,7322.0,455.0,1012.185427
EQIX,2026-09-02 15:15:00+00:00,1011.78,1014.56,1011.78,1014.07,7307.0,448.0,1013.64638
EQIX,2026-09-02 15:20:00+00:00,1013.835,1013.92,1012.04,1012.55,3916.0,326.0,1012.914056
EQIX,2026-09-02 15:25:00+00:00,1012.555,1013.85,1011.85,1013.295,4743.0,308.0,1012.689525
EQIX,2026-09-02 15:30:00+00:00,1013.295,1013.97,1011.88,1012.89,7944.0,443.0,1012.838596
EQIX,2026-09-02 15:35:00+00:00,1012.6,1012.74,1010.645,1011.03,6900.0,389.0,1011.527802
EQIX,2026-09-02 15:40:00+00:00,1010.885,1011.41,1009.97,1009.99,4061.0,273.0,1010.769248
EQIX,2026-09-02 15:45:00+00:00,1009.71,1011.52,1009.61,1010.915,4088.0,319.0,1010.437571
EQIX,2026-09-02 15:50:00+00:00,1011.37,1012.33,1010.25,1010.575,6211.0,381.0,1011.175378
EQIX,2026-09-02 15:55:00+00:00,1010.58,1011.56,1009.95,1010.29,5009.0,274.0,1010.658544
EQIX,2026-09-02 16:00:00+00:00,1010.5,1011.55,1009.95,1011.205,4467.0,267.0,1010.748754
EQIX,2026-09-02 16:05:00+00:00,1011.205,1011.885,1010.995,1011.23,4681.0,253.0,1011.425659
EQIX,2026-09-02 16:10:00+00:00,1011.2475,1011.97,1010.535,1010.535,3794.0,238.0,1011.023053
EQIX,2026-09-02 16:15:00+00:00,1010.205,1010.965,1008.8,1008.835,4966.0,258.0,1010.22573
EQIX,2026-09-02 16:20:00+00:00,1008.775,1010.55,1008.345,1010.55,6264.0,382.0,1009.494506
EQIX,2026-09-02 16:25:00+00:00,1010.09,1010.59,1008.85,1008.85,4398.0,284.0,1009.739483
EQIX,2026-09-02 16:30:00+00:00,1008.85,1009.795,1008.85,1009.145,3906.0,248.0,1009.541009
EQIX,2026-09-02 16:35:00+00:00,1008.945,1009.995,1007.82,1008.2061,4987.0,289.0,1008.856022
EQIX,2026-09-02 16:40:00+00:00,1008.565,1008.565,1004.0,1004.23,9725.0,486.0,1006.747663
EQIX,2026-09-02 16:45:00+00:00,1003.88,1004.23,1003.21,1004.13,7186.0,378.0,1003.725767
EQIX,2026-09-02 16:50:00+00:00,1003.85,1005.415,1002.25,1003.21,7160.0,399.0,1003.476685
EQIX,2026-09-02 16:55:00+00:00,1003.08,1003.21,1002.24,1002.61,5251.0,294.0,1002.729406
EQIX,2026-09-02 17:00:00+00:00,1002.61,1005.23,1002.61,1004.895,5341.0,330.0,1004.130267
EQIX,2026-09-02 17:05:00+00:00,1004.905,1006.69,1004.79,1006.685,5154.0,287.0,1006.076026
EQIX,2026-09-02 17:10:00+00:00,1006.68,1008.84,1006.645,1008.24,3473.0,215.0,1007.216707
EQIX,2026-09-02 17:15:00+00:00,1008.71,1010.835,1008.025,1010.83,5356.0,290.0,1009.282771
EQIX,2026-09-02 17:20:00+00:00,1010.83,1010.83,1009.455,1009.48,4342.0,228.0,1009.615688
EQIX,2026-09-02 17:25:00+00:00,1009.48,1010.29,1009.475,1009.77,4382.0,166.0,1009.805546
EQIX,2026-09-02 17:30:00+00:00,1009.06,1010.43,1008.85,1009.79,3699.0,241.0,1009.572586
EQIX,2026-09-02 17:35:00+00:00,1009.79,1011.41,1009.79,1010.605,3663.0,212.0,1010.486595
EQIX,2026-09-02 17:40:00+00:00,1010.605,1011.03,1008.575,1009.585,8922.0,380.0,1010.247018
EQIX,2026-09-02 17:45:00+00:00,1009.585,1013.48,1009.585,1012.185,3643.0,327.0,1011.84538
EQIX,2026-09-02 17:50:00+00:00,1012.16,1012.16,1008.93,1009.82,4385.0,272.0,1010.262587
EQIX,2026-09-02 17:55:00+00:00,1009.81,1013.085,1009.81,1012.52,5712.0,376.0,1011.876882
EQIX,2026-09-02 18:00:00+00:00,1012.52,1013.29,1011.65,1013.17,4823.0,394.0,1012.731443
EQIX,2026-09-02 18:05:00+00:00,1013.17,1014.56,1012.84,1013.36,4935.0,267.0,1013.44956
EQIX,2026-09-02 18:10:00+00:00,1013.35,1014.5,1012.28,1012.74,19620.0,633.0,1013.257597
EQIX,2026-09-02 18:15:00+00:00,1012.75,1015.03,1012.535,1015.03,12330.0,408.0,1013.533815
EQIX,2026-09-02 18:20:00+00:00,1015.97,1016.05,1014.2,1016.05,12027.0,536.0,1015.249606
EQIX,2026-09-02 18:25:00+00:00,1016.05,1020.79,1016.0452,1020.5,2906.0,228.0,1018.054939
EQIX,2026-09-02 18:30:00+00:00,1020.205,1022.7,1019.55,1022.5,3756.0,341.0,1021.00527
EQIX,2026-09-02 18:35:00+00:00,1022.4,1023.5,1021.4712,1022.915,2710.0,237.0,1023.01341
EQIX,2026-09-02 18:40:00+00:00,1023.7,1025.605,1023.47,1024.09,5843.0,373.0,1024.360487
EQIX,2026-09-02 18:45:00+00:00,1023.945,1024.755,1023.305,1024.365,5929.0,305.0,1023.685953
EQIX,2026-09-02 18:50:00+00:00,1024.35,1024.93,1023.72,1024.645,2758.0,244.0,1024.397303
EQIX,2026-09-02 18:55:00+00:00,1024.645,1025.37,1023.31,1023.46,3966.0,405.0,1024.087217
EQIX,2026-09-02 19:00:00+00:00,1023.55,1024.22,1023.19,1023.19,3534.0,216.0,1023.839561
EQIX,2026-09-02 19:05:00+00:00,1023.65,1024.64,1023.08,1023.41,3790.0,393.0,1023.930442
EQIX,2026-09-02 19:10:00+00:00,1023.585,1023.585,1022.705,1022.75,1638.0,232.0,1022.875909
EQIX,2026-09-02 19:15:00+00:00,1022.24,1022.62,1020.09,1020.26,2873.0,213.0,1021.639392
EQIX,2026-09-02 19:20:00+00:00,1020.205,1021.71,1018.74,1021.71,5623.0,408.0,1019.935051
EQIX,2026-09-02 19:25:00+00:00,1021.565,1024.02,1021.15,1023.1,3754.0,279.0,1022.04569
EQIX,2026-09-02 19:30:00+00:00,1023.78,1023.98,1023.0,1023.35,4616.0,350.0,1023.269198
EQIX,2026-09-02 19:35:00+00:00,1023.35,1025.13,1023.22,1023.965,5838.0,426.0,1024.361793
EQIX,2026-09-02 19:40:00+00:00,1024.5,1024.5,1020.62,1023.15,22634.0,485.0,1023.423834
EQIX,2026-09-02 19:45:00+00:00,1023.04,1023.06,1018.91,1019.33,7308.0,350.0,1021.189333
EQIX,2026-09-02 19:50:00+00:00,1020.58,1021.33,1017.755,1018.725,28602.0,1245.0,1019.000468
EQIX,2026-09-02 19:55:00+00:00,1018.85,1020.45,1018.33,1019.24,43466.0,2152.0,1019.372304
EQIX,2026-09-02 20:00:00+00:00,1019.24,1019.24,1019.24,1019.24,188297.0,84.0,1019.24
EQIX,2026-09-03 13:30:00+00:00,1020.915,1022.71,1011.1763,1013.625,17034.0,924.0,1020.095543
EQIX,2026-09-03 13:35:00+00:00,1012.505,1015.54,1009.745,1015.535,2138.0,280.0,1013.419949
EQIX,2026-09-03 13:40:00+00:00,1017.3464,1019.108,1016.83,1016.83,780.0,97.0,1017.703055
EQIX,2026-09-03 13:45:00+00:00,1017.07,1018.99,1011.52,1012.755,4305.0,237.0,1015.031554
EQIX,2026-09-03 13:50:00+00:00,1012.75,1016.17,1010.0,1016.17,1593.0,178.0,1013.59187
EQIX,2026-09-03 13:55:00+00:00,1016.67,1019.97,1016.67,1019.82,1421.0,182.0,1018.503182
EQIX,2026-09-03 14:00:00+00:00,1018.815,1018.815,1015.45,1017.26,2264.0,224.0,1017.248266
EQIX,2026-09-03 14:05:00+00:00,1017.175,1017.72,1014.3101,1015.235,5658.0,361.0,1016.727606
EQIX,2026-09-03 14:10:00+00:00,1015.235,1017.54,1015.235,1017.445,1851.0,190.0,1016.939758
EQIX,2026-09-03 14:15:00+00:00,1016.92,1020.41,1016.92,1018.815,3299.0,287.0,1018.495185
EQIX,2026-09-03 14:20:00+00:00,1018.44,1018.665,1017.58,1018.6451,1521.0,184.0,1018.287745
EQIX,2026-09-03 14:25:00+00:00,1017.19,1020.325,1017.19,1018.59,2520.0,186.0,1019.475994
EQIX,2026-09-03 14:30:00+00:00,1016.7301,1018.365,1016.7301,1017.93,1685.0,246.0,1017.398832
EQIX,2026-09-03 14:40:00+00:00,1018.0,1021.25,1017.715,1020.03,11305.0,425.0,1019.958485
EQIX,2026-09-03 14:45:00+00:00,1020.0,1021.18,1018.655,1019.61,17449.0,546.0,1019.887934
EQIX,2026-09-03 14:50:00+00:00,1019.87,1020.35,1018.69,1018.69,4318.0,305.0,1019.600785
EQIX,2026-09-03 14:55:00+00:00,1019.53,1020.33,1017.205,1019.975,6113.0,445.0,1019.054816
EQIX,2026-09-03 15:00:00+00:00,1019.24,1019.425,1018.301,1019.1,2421.0,331.0,1019.177652
EQIX,2026-09-03 15:05:00+00:00,1019.415,1020.5151,1019.16,1020.5151,9219.0,441.0,1019.501131
EQIX,2026-09-03 15:10:00+00:00,1019.47,1019.9,1017.515,1017.515,2649.0,232.0,1018.377897
EQIX,2026-09-03 15:15:00+00:00,1017.76,1023.9125,1017.76,1023.9125,27373.0,324.0,1019.698728
EQIX,2026-09-03 15:20:00+00:00,1023.96,1024.568,1022.94,1022.94,12773.0,291.0,1024.313413
EQIX,2026-09-03 15:25:00+00:00,1023.895,1025.98,1023.895,1024.855,1780.0,181.0,1024.662367
EQIX,2026-09-03 15:30:00+00:00,1024.855,1026.99,1024.855,1026.4853,1643.0,155.0,1025.690136
EQIX,2026-09-03 15:35:00+00:00,1026.275,1027.685,1025.705,1025.705,1992.0,270.0,1026.668786
EQIX,2026-09-03 15:40:00+00:00,1025.57,1027.14,1025.54,1026.63,8860.0,226.0,1026.440354
EQIX,2026-09-03 15:45:00+00:00,1026.68,1026.94,1025.7366,1026.94,1206.0,118.0,1026.592574
EQIX,2026-09-03 15:50:00+00:00,1026.91,1031.0,1026.91,1031.0,5677.0,197.0,1027.275529
EQIX,2026-09-03 15:55:00+00:00,1030.15,1031.845,1029.3621,1031.01,3907.0,272.0,1031.184302
EQIX,2026-09-03 16:00:00+00:00,1031.705,1031.705,1029.49,1029.86,1040.0,138.0,1030.763778
EQIX,2026-09-03 16:05:00+00:00,1029.205,1029.205,1027.45,1028.45,1726.0,163.0,1027.835366
EQIX,2026-09-03 16:10:00+00:00,1027.595,1027.595,1027.445,1027.565,721.0,100.0,1027.557069
EQIX,2026-09-03 16:15:00+00:00,1027.53,1027.53,1025.645,1026.015,9264.0,300.0,1027.264086
EQIX,2026-09-03 16:20:00+00:00,1026.59,1027.14,1026.0596,1026.91,1420.0,155.0,1026.830812
EQIX,2026-09-03 16:25:00+00:00,1026.04,1026.14,1024.798,1026.03,6086.0,264.0,1026.002394
EQIX,2026-09-03 16:30:00+00:00,1026.698,1026.698,1025.86,1025.86,318.0,38.0,1026.270818
EQIX,2026-09-03 16:35:00+00:00,1025.995,1027.88,1024.96,1027.11,1945.0,219.0,1026.482939
EQIX,2026-09-03 16:40:00+00:00,1027.34,1027.34,1027.34,1027.34,188.0,24.0,1027.34
EQIX,2026-09-03 16:45:00+00:00,1028.19,1028.715,1027.89,1028.715,1675.0,224.0,1028.273627
EQIX,2026-09-03 16:50:00+00:00,1029.56,1029.56,1028.81,1028.845,1919.0,232.0,1029.015388
EQIX,2026-09-03 16:55:00+00:00,1029.3,1029.3,1028.75,1028.75,726.0,133.0,1029.042708
EQIX,2026-09-03 17:00:00+00:00,1028.77,1028.77,1028.77,1028.77,200.0,35.0,1028.77
EQIX,2026-09-03 17:05:00+00:00,1028.735,1029.58,1028.41,1029.445,1352.0,147.0,1029.245017
EQIX,2026-09-03 17:10:00+00:00,1029.725,1030.39,1029.725,1030.39,604.0,83.0,1030.231729
EQIX,2026-09-03 17:15:00+00:00,1030.0,1031.3,1030.0,1030.46,1777.0,210.0,1030.880853
EQIX,2026-09-03 17:20:00+00:00,1030.35,1031.31,1029.05,1029.07,3120.0,246.0,1030.551903
EQIX,2026-09-03 17:25:00+00:00,1029.335,1029.335,1029.335,1029.335,275.0,47.0,1029.335
EQIX,2026-09-03 17:35:00+00:00,1028.5689,1029.085,1028.25,1028.96,1383.0,144.0,1028.565713
EQIX,2026-09-03 17:40:00+00:00,1028.01,1029.04,1027.28,1028.295,6230.0,387.0,1028.504627
EQIX,2026-09-03 17:45:00+00:00,1028.15,1028.15,1026.97,1026.97,931.0,143.0,1027.586307
EQIX,2026-09-03 17:50:00+00:00,1027.09,1027.39,1026.97,1027.39,530.0,65.0,1027.105
EQIX,2026-09-03 17:55:00+00:00,1027.01,1028.6737,1026.66,1027.665,822.0,97.0,1027.886318
EQIX,2026-09-03 18:00:00+00:00,1028.66,1029.04,1027.4895,1027.4895,1917.0,189.0,1028.512717
EQIX,2026-09-03 18:05:00+00:00,1028.16,1030.0799,1028.16,1029.04,4597.0,184.0,1028.583105
EQIX,2026-09-03 18:10:00+00:00,1029.025,1029.095,1027.97,1029.095,1012.0,88.0,1028.902617
EQIX,2026-09-03 18:15:00+00:00,1029.04,1030.13,1029.025,1030.115,3251.0,214.0,1029.777537
EQIX,2026-09-03 18:20:00+00:00,1029.65,1031.43,1029.65,1031.43,4930.0,306.0,1030.181509
EQIX,2026-09-03 18:25:00+00:00,1031.1,1031.64,1030.78,1031.39,8471.0,260.0,1031.403573
EQIX,2026-09-03 18:30:00+00:00,1031.725,1032.74,1031.725,1032.74,3744.0,250.0,1032.399373
EQIX,2026-09-03 18:35:00+00:00,1032.715,1034.185,1032.715,1033.995,3125.0,247.0,1033.734934
EQIX,2026-09-03 18:40:00+00:00,1033.99,1034.86,1033.7616,1034.86,2321.0,172.0,1034.204199
EQIX,2026-09-03 18:45:00+00:00,1035.64,1036.3025,1035.365,1036.26,2839.0,158.0,1036.125801
EQIX,2026-09-03 18:50:00+00:00,1036.265,1036.9599,1036.005,1036.005,1140.0,148.0,1036.119695
EQIX,2026-09-03 18:55:00+00:00,1036.0375,1036.94,1035.71,1035.71,2023.0,242.0,1036.294278
EQIX,2026-09-03 19:00:00+00:00,1035.7,1037.81,1035.7,1037.59,14098.0,529.0,1037.35689
EQIX,2026-09-03 19:05:00+00:00,1037.86,1038.9899,1037.49,1038.61,8014.0,214.0,1038.70445
EQIX,2026-09-03 19:10:00+00:00,1037.67,1038.5,1037.315,1037.68,2077.0,224.0,1037.733226
EQIX,2026-09-03 19:15:00+00:00,1037.8,1037.87,1036.0897,1036.0897,16081.0,571.0,1037.305426
EQIX,2026-09-03 19:20:00+00:00,1036.65,1036.65,1035.49,1035.715,3452.0,309.0,1036.220474
EQIX,2026-09-03 19:25:00+00:00,1034.77,1036.54,1034.77,1035.07,3081.0,291.0,1035.515322
EQIX,2026-09-03 19:30:00+00:00,1035.065,1036.93,1035.01,1036.255,3830.0,345.0,1035.653482
EQIX,2026-09-03 19:35:00+00:00,1036.24,1037.58,1036.24,1036.87,4955.0,318.0,1037.110506
EQIX,2026-09-03 19:40:00+00:00,1036.87,1037.67,1036.095,1036.095,10860.0,535.0,1037.26488
EQIX,2026-09-03 19:45:00+00:00,1036.64,1037.9,1036.27,1037.9,3982.0,411.0,1036.980939
EQIX,2026-09-03 19:50:00+00:00,1038.77,1039.63,1037.0401,1039.63,7678.0,715.0,1038.627937
EQIX,2026-09-03 19:55:00+00:00,1040.935,1041.38,1039.83,1040.83,25978.0,2135.0,1040.616611
EQIX,2026-09-03 20:00:00+00:00,1040.83,1040.83,1040.83,1040.83,92440.0,90.0,1040.83
EQIX,2026-09-03 20:05:00+00:00,1040.83,1040.83,1040.83,1040.83,240.0,1.0,1040.83
EQIX,2026-09-04 10:00:00+00:00,1040.01,1040.01,1040.0,1040.0,143.0,8.0,1040.004082
EQIX,2026-09-04 11:15:00+00:00,1043.0,1043.0,1043.0,1043.0,40.0,1.0,1043.0
EQIX,2026-09-04 13:30:00+00:00,1035.01,1047.74,1031.255,1047.56,14828.0,678.0,1035.876844
EQIX,2026-09-04 13:35:00+00:00,1046.68,1047.6047,1039.85,1041.135,2888.0,217.0,1043.181517
EQIX,2026-09-04 13:40:00+00:00,1041.5,1043.7,1038.19,1038.19,3015.0,200.0,1041.331596
EQIX,2026-09-04 13:45:00+00:00,1039.935,1042.735,1038.34,1042.735,2838.0,235.0,1040.902169
EQIX,2026-09-04 13:50:00+00:00,1043.09,1043.09,1040.2492,1040.2492,3562.0,280.0,1042.054913
EQIX,2026-09-04 13:55:00+00:00,1039.66,1041.79,1039.06,1040.425,3126.0,250.0,1040.795699
EQIX,2026-09-04 14:00:00+00:00,1040.29,1041.89,1038.87,1041.89,2562.0,228.0,1040.123354
EQIX,2026-09-04 14:05:00+00:00,1040.5732,1043.2399,1038.2764,1038.93,2531.0,218.0,1039.927329
EQIX,2026-09-04 14:10:00+00:00,1038.49,1041.15,1038.49,1040.3,4151.0,211.0,1039.767715
EQIX,2026-09-04 14:15:00+00:00,1040.14,1042.24,1038.64,1040.71,4039.0,290.0,1040.424439
EQIX,2026-09-04 14:20:00+00:00,1040.81,1042.1,1039.67,1039.67,1588.0,171.0,1040.571199
EQIX,2026-09-04 14:25:00+00:00,1040.855,1042.6,1040.855,1041.192,2465.0,279.0,1041.72183
EQIX,2026-09-04 14:30:00+00:00,1041.24,1042.41,1041.13,1041.74,1199.0,137.0,1041.709172
EQIX,2026-09-04 14:35:00+00:00,1041.825,1042.9,1040.24,1041.44,2968.0,275.0,1041.702512
EQIX,2026-09-04 14:40:00+00:00,1041.17,1042.38,1041.06,1042.38,2164.0,248.0,1041.562979
EQIX,2026-09-04 14:45:00+00:00,1042.23,1042.23,1038.65,1038.74,6470.0,352.0,1039.374015
EQIX,2026-09-04 14:50:00+00:00,1039.01,1041.4,1039.01,1040.215,3348.0,261.0,1040.320126
EQIX,2026-09-04 14:55:00+00:00,1041.06,1045.0,1040.3701,1045.0,3575.0,263.0,1043.749624
EQIX,2026-09-04 15:00:00+00:00,1044.92,1045.66,1042.91,1042.91,6339.0,365.0,1044.730008
EQIX,2026-09-04 15:05:00+00:00,1043.77,1044.5,1043.13,1044.0,1477.0,160.0,1043.779124
EQIX,2026-09-04 15:10:00+00:00,1043.49,1044.02,1043.16,1044.02,2293.0,222.0,1043.451288
EQIX,2026-09-04 15:15:00+00:00,1044.02,1044.5799,1043.725,1043.825,1771.0,158.0,1044.07677
EQIX,2026-09-04 15:20:00+00:00,1043.825,1044.55,1043.0,1043.0,3080.0,293.0,1043.830156
EQIX,2026-09-04 15:25:00+00:00,1043.125,1044.32,1042.1972,1044.32,3420.0,242.0,1043.180383
EQIX,2026-09-04 15:30:00+00:00,1044.57,1044.9493,1043.615,1043.975,2710.0,261.0,1044.252793
EQIX,2026-09-04 15:35:00+00:00,1043.97,1044.91,1043.97,1044.77,1716.0,151.0,1044.411993
EQIX,2026-09-04 15:40:00+00:00,1044.77,1045.75,1044.77,1045.13,1432.0,163.0,1045.383625
EQIX,2026-09-04 15:45:00+00:00,1045.395,1047.0,1045.395,1046.02,1518.0,158.0,1045.983046
EQIX,2026-09-04 15:50:00+00:00,1046.035,1046.035,1044.88,1045.535,973.0,92.0,1045.204848
EQIX,2026-09-04 15:55:00+00:00,1045.535,1046.43,1045.535,1046.14,1818.0,217.0,1046.048968
EQIX,2026-09-04 16:00:00+00:00,1046.19,1047.62,1046.19,1047.56,2719.0,286.0,1046.940364
EQIX,2026-09-04 16:05:00+00:00,1047.31,1047.57,1046.6,1046.6,2757.0,218.0,1047.173066
EQIX,2026-09-04 16:10:00+00:00,1046.855,1047.3,1046.855,1046.9351,1390.0,173.0,1046.994862
EQIX,2026-09-04 16:15:00+00:00,1046.935,1047.63,1046.54,1047.105,1462.0,173.0,1046.935087
EQIX,2026-09-04 16:20:00+00:00,1047.105,1047.48,1046.64,1047.105,1601.0,119.0,1046.973855
EQIX,2026-09-04 16:25:00+00:00,1047.74,1048.34,1045.68,1045.68,4962.0,299.0,1047.21691
EQIX,2026-09-04 16:30:00+00:00,1045.61,1046.41,1045.61,1046.085,2222.0,217.0,1045.85753
EQIX,2026-09-04 16:35:00+00:00,1046.84,1046.91,1045.55,1046.05,1128.0,131.0,1046.124848
EQIX,2026-09-04 16:40:00+00:00,1045.995,1045.995,1044.66,1045.085,1020.0,98.0,1045.272579
EQIX,2026-09-04 16:45:00+00:00,1045.085,1045.96,1045.085,1045.96,620.0,92.0,1045.675
EQIX,2026-09-04 16:50:00+00:00,1045.96,1046.74,1045.96,1046.08,1353.0,131.0,1046.150871
EQIX,2026-09-04 16:55:00+00:00,1046.08,1046.92,1046.08,1046.92,504.0,70.0,1046.298571
EQIX,2026-09-04 17:00:00+00:00,1046.245,1046.92,1045.87,1046.73,2905.0,192.0,1046.695961
EQIX,2026-09-04 17:05:00+00:00,1047.0,1047.76,1047.0,1047.44,2093.0,180.0,1047.320896
EQIX,2026-09-04 17:10:00+00:00,1047.5425,1047.84,1046.74,1046.74,2434.0,250.0,1047.58248
EQIX,2026-09-04 17:15:00+00:00,1046.92,1046.945,1046.08,1046.09,1779.0,193.0,1046.5345
EQIX,2026-09-04 17:20:00+00:00,1045.93,1045.93,1044.68,1044.68,1828.0,166.0,1045.454394
EQIX,2026-09-04 17:25:00+00:00,1045.26,1045.35,1043.91,1043.91,1694.0,168.0,1044.709818
EQIX,2026-09-04 17:30:00+00:00,1044.6,1044.6,1041.34,1041.99,1736.0,183.0,1042.757987
EQIX,2026-09-04 17:35:00+00:00,1041.86,1041.87,1040.85,1041.81,798.0,101.0,1041.447895
EQIX,2026-09-04 17:40:00+00:00,1041.555,1042.84,1040.77,1042.575,2790.0,246.0,1041.803633
EQIX,2026-09-04 17:45:00+00:00,1042.575,1043.18,1042.56,1043.18,709.0,77.0,1042.80513
EQIX,2026-09-04 17:50:00+00:00,1042.15,1042.66,1042.15,1042.66,480.0,66.0,1042.5325
EQIX,2026-09-04 17:55:00+00:00,1043.16,1043.2,1041.98,1042.67,1439.0,225.0,1042.521957
EQIX,2026-09-04 18:00:00+00:00,1043.39,1043.59,1042.73,1043.065,1467.0,183.0,1043.182976
EQIX,2026-09-04 18:05:00+00:00,1043.57,1043.85,1042.55,1043.85,1319.0,170.0,1043.255596
EQIX,2026-09-04 18:10:00+00:00,1043.83,1043.86,1043.415,1043.86,2035.0,210.0,1043.57708
EQIX,2026-09-04 18:15:00+00:00,1043.86,1043.86,1042.52,1042.645,2463.0,164.0,1043.358931
EQIX,2026-09-04 18:20:00+00:00,1043.45,1043.56,1040.93,1041.09,4969.0,224.0,1042.455127
EQIX,2026-09-04 18:25:00+00:00,1041.72,1041.72,1041.7,1041.7,421.0,80.0,1041.704615
EQIX,2026-09-04 18:30:00+00:00,1042.17,1042.46,1041.83,1042.15,1258.0,112.0,1042.319079
EQIX,2026-09-04 18:35:00+00:00,1042.32,1042.43,1041.44,1042.41,1270.0,140.0,1041.93385
EQIX,2026-09-04 18:40:00+00:00,1041.925,1042.42,1041.48,1041.48,1499.0,113.0,1041.88449
EQIX,2026-09-04 18:45:00+00:00,1041.82,1041.88,1040.19,1040.19,3033.0,178.0,1041.137484
EQIX,2026-09-04 18:50:00+00:00,1039.13,1039.38,1038.72,1039.37,1639.0,162.0,1039.227519
EQIX,2026-09-04 18:55:00+00:00,1039.375,1039.375,1038.29,1038.46,1525.0,118.0,1038.59064
EQIX,2026-09-04 19:00:00+00:00,1038.455,1038.455,1037.5642,1038.275,2184.0,140.0,1038.157517
EQIX,2026-09-04 19:05:00+00:00,1038.275,1039.735,1037.83,1039.735,5912.0,282.0,1038.482895
EQIX,2026-09-04 19:10:00+00:00,1039.39,1039.465,1038.17,1038.77,2025.0,196.0,1038.926797
EQIX,2026-09-04 19:15:00+00:00,1038.78,1039.32,1038.04,1038.92,1582.0,176.0,1038.622294
EQIX,2026-09-04 19:20:00+00:00,1038.925,1038.925,1037.74,1037.935,1803.0,189.0,1038.112075
EQIX,2026-09-04 19:25:00+00:00,1038.215,1038.91,1037.81,1038.385,2641.0,286.0,1038.360645
EQIX,2026-09-04 19:30:00+00:00,1038.92,1039.03,1036.08,1036.08,3583.0,368.0,1037.823198
EQIX,2026-09-04 19:35:00+00:00,1036.23,1036.325,1036.07,1036.07,1489.0,213.0,1036.238493
EQIX,2026-09-04 19:40:00+00:00,1035.4,1038.85,1035.4,1038.85,3429.0,312.0,1037.405598
EQIX,2026-09-04 19:45:00+00:00,1038.57,1038.57,1037.72,1038.15,3296.0,290.0,1038.147961
EQIX,2026-09-04 19:50:00+00:00,1038.15,1038.33,1036.835,1037.11,9107.0,579.0,1037.525771
EQIX,2026-09-04 19:55:00+00:00,1037.1,1037.23,1034.29,1036.36,27906.0,1629.0,1035.58562
EQIX,2026-09-04 20:00:00+00:00,1035.98,1035.98,1035.98,1035.98,113055.0,98.0,1035.98
EQIX,2026-09-04 20:15:00+00:00,1035.98,1035.98,1035.98,1035.98,244.0,4.0,1035.98
EQIX,2026-09-04 20:30:00+00:00,1035.98,1035.98,1035.98,1035.98,71.0,2.0,1035.98
EQIX,2026-09-08 13:30:00+00:00,1022.37,1036.6552,1021.97,1033.08,17569.0,758.0,1024.429766
EQIX,2026-09-08 13:35:00+00:00,1036.0,1037.96,1033.095,1034.84,3042.0,333.0,1034.883253
EQIX,2026-09-08 13:40:00+00:00,1035.7114,1041.64,1034.0,1041.405,2869.0,432.0,1038.302583
EQIX,2026-09-08 13:45:00+00:00,1041.4,1045.11,1038.9376,1040.84,5265.0,573.0,1042.119854
EQIX,2026-09-08 13:50:00+00:00,1040.77,1042.31,1038.75,1039.905,3078.0,427.0,1040.103906
EQIX,2026-09-08 13:55:00+00:00,1038.67,1040.955,1037.85,1040.955,2144.0,417.0,1039.239943
EQIX,2026-09-08 14:00:00+00:00,1042.819,1042.819,1037.81,1038.0,4468.0,451.0,1038.959156
EQIX,2026-09-08 14:05:00+00:00,1037.43,1038.16,1035.46,1036.84,5591.0,508.0,1036.817307
EQIX,2026-09-08 14:10:00+00:00,1037.2775,1040.94,1036.865,1039.69,2744.0,442.0,1038.851026
EQIX,2026-09-08 14:15:00+00:00,1040.395,1043.12,1040.395,1042.1,2845.0,638.0,1042.062146
EQIX,2026-09-08 14:20:00+00:00,1041.94,1044.78,1041.03,1043.765,3264.0,836.0,1043.003555
EQIX,2026-09-08 14:25:00+00:00,1043.765,1044.74,1043.01,1044.74,3740.0,1028.0,1043.67011
EQIX,2026-09-08 14:30:00+00:00,1045.64,1045.64,1044.195,1045.07,1442.0,631.0,1044.648929
EQIX,2026-09-08 14:35:00+00:00,1044.545,1044.64,1043.17,1044.39,2508.0,494.0,1043.891961
EQIX,2026-09-08 14:40:00+00:00,1046.01,1047.71,1044.88,1046.345,1721.0,329.0,1046.471596
EQIX,2026-09-08 14:45:00+00:00,1046.74,1047.19,1044.365,1044.9,3219.0,498.0,1045.226481
EQIX,2026-09-08 14:50:00+00:00,1044.9,1048.8,1044.9,1048.8,2919.0,404.0,1046.480336
EQIX,2026-09-08 14:55:00+00:00,1049.58,1049.58,1048.84,1048.84,356.0,70.0,1049.086667
EQIX,2026-09-08 15:00:00+00:00,1048.7,1048.7,1043.34,1046.67,4778.0,608.0,1045.817658
EQIX,2026-09-08 15:05:00+00:00,1045.78,1048.09,1044.98,1044.98,2303.0,269.0,1047.173314
EQIX,2026-09-08 15:10:00+00:00,1045.17,1046.56,1044.28,1046.2,1972.0,245.0,1044.998145
EQIX,2026-09-08 15:15:00+00:00,1047.6,1047.94,1047.0901,1047.0901,1511.0,136.0,1047.562386
EQIX,2026-09-08 15:20:00+00:00,1048.29,1048.77,1047.585,1048.1617,2199.0,316.0,1048.06503
EQIX,2026-09-08 15:25:00+00:00,1046.8749,1048.81,1046.8749,1047.94,2090.0,375.0,1048.008925
EQIX,2026-09-08 15:30:00+00:00,1047.77,1048.44,1047.715,1047.715,1475.0,282.0,1047.943014
EQIX,2026-09-08 15:35:00+00:00,1046.515,1047.735,1046.13,1046.76,2777.0,287.0,1046.781654
EQIX,2026-09-08 15:40:00+00:00,1047.32,1048.9,1046.84,1048.77,1081.0,160.0,1047.850133
EQIX,2026-09-08 15:45:00+00:00,1047.95,1047.955,1047.95,1047.955,233.0,75.0,1047.952531
EQIX,2026-09-08 15:50:00+00:00,1048.6,1048.6,1046.96,1047.675,665.0,122.0,1047.619167
EQIX,2026-09-08 15:55:00+00:00,1047.8,1047.8,1045.9937,1047.48,845.0,145.0,1047.257681
EQIX,2026-09-08 16:00:00+00:00,1047.48,1047.615,1046.675,1047.575,2786.0,268.0,1047.138354
EQIX,2026-09-08 16:05:00+00:00,1047.92,1047.92,1045.8701,1045.8701,1113.0,85.0,1046.657041
EQIX,2026-09-08 16:10:00+00:00,1047.7,1047.7,1045.875,1046.07,1784.0,148.0,1046.231119
EQIX,2026-09-08 16:15:00+00:00,1047.05,1047.05,1045.8729,1046.88,777.0,105.0,1046.596449
EQIX,2026-09-08 16:20:00+00:00,1046.85,1048.67,1046.85,1048.66,1542.0,181.0,1047.776867
EQIX,2026-09-08 16:25:00+00:00,1048.815,1049.68,1048.27,1049.015,1747.0,213.0,1048.92676
EQIX,2026-09-08 16:30:00+00:00,1048.055,1050.0,1047.0801,1049.84,3538.0,330.0,1048.734421
EQIX,2026-09-08 16:35:00+00:00,1050.16,1050.99,1049.99,1050.385,1290.0,153.0,1050.303977
EQIX,2026-09-08 16:40:00+00:00,1049.9,1049.9,1049.45,1049.45,545.0,53.0,1049.619847
EQIX,2026-09-08 16:45:00+00:00,1049.48,1050.515,1049.48,1050.0,1621.0,138.0,1050.093721
EQIX,2026-09-08 16:50:00+00:00,1050.18,1051.6,1050.18,1050.68,2338.0,200.0,1051.034009
EQIX,2026-09-08 16:55:00+00:00,1050.56,1052.1786,1050.56,1051.815,1289.0,153.0,1051.520574
EQIX,2026-09-08 17:00:00+00:00,1051.805,1052.115,1051.775,1052.115,712.0,120.0,1051.866492
EQIX,2026-09-08 17:05:00+00:00,1052.375,1053.19,1051.22,1051.83,2484.0,273.0,1052.317914
EQIX,2026-09-08 17:10:00+00:00,1051.93,1052.41,1051.14,1052.41,351.0,59.0,1051.616301
EQIX,2026-09-08 17:15:00+00:00,1052.005,1052.56,1052.005,1052.56,536.0,84.0,1052.389482
EQIX,2026-09-08 17:20:00+00:00,1051.925,1052.49,1051.925,1052.45,798.0,123.0,1052.286573
EQIX,2026-09-08 17:25:00+00:00,1052.0,1052.61,1051.7,1052.51,3495.0,258.0,1052.17992
EQIX,2026-09-08 17:30:00+00:00,1052.64,1053.97,1052.16,1053.265,3223.0,281.0,1052.849772
EQIX,2026-09-08 17:35:00+00:00,1053.62,1053.67,1051.71,1051.775,2720.0,243.0,1052.402315
EQIX,2026-09-08 17:40:00+00:00,1051.11,1051.11,1049.12,1049.565,2504.0,263.0,1050.047589
EQIX,2026-09-08 17:45:00+00:00,1049.88,1049.98,1049.095,1049.4475,2294.0,218.0,1049.551623
EQIX,2026-09-08 17:50:00+00:00,1050.31,1050.35,1049.705,1049.705,1497.0,148.0,1050.074635
EQIX,2026-09-08 17:55:00+00:00,1050.13,1050.13,1049.1601,1049.1601,1282.0,216.0,1049.631277
EQIX,2026-09-08 18:00:00+00:00,1049.745,1050.52,1049.74,1049.88,3060.0,378.0,1049.938777
EQIX,2026-09-08 18:05:00+00:00,1048.51,1049.96,1048.38,1049.96,1587.0,205.0,1049.098636
EQIX,2026-09-08 18:10:00+00:00,1050.3,1051.21,1050.3,1051.21,1108.0,133.0,1050.786902
EQIX,2026-09-08 18:15:00+00:00,1050.925,1051.125,1050.02,1050.68,2608.0,228.0,1050.623068
EQIX,2026-09-08 18:20:00+00:00,1050.68,1050.68,1050.03,1050.425,1480.0,187.0,1050.423953
EQIX,2026-09-08 18:25:00+00:00,1050.405,1050.405,1049.3,1049.3,2703.0,258.0,1049.853386
EQIX,2026-09-08 18:30:00+00:00,1048.74,1049.9222,1048.585,1049.53,2232.0,239.0,1049.080755
EQIX,2026-09-08 18:35:00+00:00,1048.34,1049.14,1047.855,1048.7451,3274.0,269.0,1048.524649
EQIX,2026-09-08 18:40:00+00:00,1048.91,1049.82,1047.81,1047.81,1390.0,202.0,1048.838985
EQIX,2026-09-08 18:45:00+00:00,1048.545,1048.545,1046.21,1046.79,3328.0,321.0,1047.595486
EQIX,2026-09-08 18:50:00+00:00,1047.355,1048.1,1045.695,1047.56,3878.0,241.0,1046.34841
EQIX,2026-09-08 18:55:00+00:00,1046.745,1047.55,1046.74,1047.24,778.0,112.0,1046.989848
EQIX,2026-09-08 19:00:00+00:00,1047.22,1047.22,1046.24,1046.24,3377.0,251.0,1046.624446
EQIX,2026-09-08 19:05:00+00:00,1046.02,1046.95,1046.01,1046.94,2359.0,294.0,1046.546914
EQIX,2026-09-08 19:10:00+00:00,1047.075,1047.17,1046.23,1046.23,1625.0,218.0,1046.967442
EQIX,2026-09-08 19:15:00+00:00,1046.24,1046.24,1043.44,1044.43,7886.0,415.0,1044.356054
EQIX,2026-09-08 19:20:00+00:00,1044.36,1044.36,1043.495,1043.75,3474.0,278.0,1043.828388
EQIX,2026-09-08 19:25:00+00:00,1043.785,1044.73,1043.27,1044.125,2635.0,284.0,1043.897356
EQIX,2026-09-08 19:30:00+00:00,1043.885,1046.7,1043.885,1046.02,3876.0,372.0,1045.496214
EQIX,2026-09-08 19:35:00+00:00,1046.27,1047.1999,1045.2398,1046.135,3405.0,300.0,1046.028363
EQIX,2026-09-08 19:40:00+00:00,1045.5,1046.095,1045.125,1045.32,4327.0,392.0,1045.541228
EQIX,2026-09-08 19:45:00+00:00,1045.44,1045.99,1044.55,1045.545,4439.0,439.0,1045.248175
EQIX,2026-09-08 19:50:00+00:00,1045.24,1045.24,1039.97,1039.97,19591.0,1121.0,1042.479976
EQIX,2026-09-08 19:55:00+00:00,1039.01,1042.5,1039.01,1041.21,41261.0,2297.0,1041.392913
EQIX,2026-09-08 20:00:00+00:00,1041.21,1041.21,1041.21,1041.21,120697.0,88.0,1041.21
EQIX,2026-09-09 13:30:00+00:00,1034.18,1043.01,1032.26,1043.01,4803.0,212.0,1033.366561
EQIX,2026-09-09 13:35:00+00:00,1045.53,1047.19,1042.785,1043.405,2958.0,194.0,1045.660761
EQIX,2026-09-09 13:40:00+00:00,1044.9143,1044.9143,1039.74,1043.795,3155.0,181.0,1043.181654
EQIX,2026-09-09 13:45:00+00:00,1045.07,1046.07,1042.695,1046.07,2627.0,191.0,1044.30949
EQIX,2026-09-09 13:50:00+00:00,1045.585,1045.585,1043.77,1043.965,921.0,75.0,1044.422391
EQIX,2026-09-09 13:55:00+00:00,1044.58,1044.58,1040.81,1043.04,2508.0,145.0,1043.024747
EQIX,2026-09-09 14:00:00+00:00,1042.11,1042.14,1038.96,1039.1,5420.0,283.0,1040.654379
EQIX,2026-09-09 14:05:00+00:00,1038.6825,1038.6825,1037.44,1037.44,1222.0,117.0,1038.392182
EQIX,2026-09-09 14:10:00+00:00,1037.395,1038.42,1035.04,1038.42,2494.0,221.0,1037.487709
EQIX,2026-09-09 14:15:00+00:00,1038.28,1038.55,1037.15,1037.15,2116.0,234.0,1037.663231
EQIX,2026-09-09 14:20:00+00:00,1036.86,1037.59,1036.07,1037.59,1641.0,194.0,1037.010898
EQIX,2026-09-09 14:25:00+00:00,1039.05,1039.05,1037.735,1037.735,342.0,18.0,1037.955084
EQIX,2026-09-09 14:30:00+00:00,1038.75,1039.5,1037.26,1037.26,2541.0,295.0,1038.838359
EQIX,2026-09-09 14:35:00+00:00,1035.93,1036.93,1035.93,1036.93,822.0,73.0,1036.562612
EQIX,2026-09-09 14:40:00+00:00,1037.56,1037.655,1037.42,1037.655,1008.0,111.0,1037.608096
EQIX,2026-09-09 14:45:00+00:00,1037.64,1038.6599,1036.7125,1038.6599,776.0,94.0,1037.621458
EQIX,2026-09-09 14:50:00+00:00,1037.295,1037.295,1035.95,1035.95,657.0,78.0,1036.873433
EQIX,2026-09-09 14:55:00+00:00,1037.235,1038.65,1037.235,1037.84,4040.0,360.0,1037.924266
EQIX,2026-09-09 15:00:00+00:00,1037.98,1039.6384,1037.56,1038.1,2760.0,266.0,1038.618479
EQIX,2026-09-09 15:05:00+00:00,1038.025,1038.025,1037.785,1037.785,573.0,126.0,1037.944463
EQIX,2026-09-09 15:10:00+00:00,1036.82,1037.985,1036.39,1037.89,2838.0,264.0,1037.290902
EQIX,2026-09-09 15:15:00+00:00,1037.615,1038.28,1037.615,1038.18,846.0,129.0,1038.016021
EQIX,2026-09-09 15:20:00+00:00,1038.175,1038.7,1038.07,1038.21,1216.0,127.0,1038.420724
EQIX,2026-09-09 15:25:00+00:00,1038.48,1038.48,1038.48,1038.48,219.0,21.0,1038.48
EQIX,2026-09-09 15:30:00+00:00,1039.15,1039.16,1038.41,1038.41,1952.0,193.0,1038.598723
EQIX,2026-09-09 15:35:00+00:00,1038.7,1040.0,1038.58,1040.0,2275.0,208.0,1038.940614
EQIX,2026-09-09 15:40:00+00:00,1039.82,1040.425,1039.82,1039.92,667.0,122.0,1040.077155
EQIX,2026-09-09 15:45:00+00:00,1039.715,1039.715,1037.57,1037.57,1101.0,181.0,1038.228619
EQIX,2026-09-09 15:50:00+00:00,1038.035,1038.04,1038.035,1038.04,399.0,62.0,1038.038571
EQIX,2026-09-09 15:55:00+00:00,1038.025,1038.71,1038.02,1038.71,499.0,48.0,1038.287692
EQIX,2026-09-09 16:00:00+00:00,1038.27,1039.28,1038.27,1039.16,1186.0,121.0,1038.977202
EQIX,2026-09-09 16:05:00+00:00,1038.83,1038.87,1038.06,1038.75,1281.0,155.0,1038.660557
EQIX,2026-09-09 16:10:00+00:00,1037.92,1038.29,1036.7402,1038.29,4292.0,204.0,1037.620596
EQIX,2026-09-09 16:15:00+00:00,1037.55,1039.31,1037.55,1039.31,1960.0,157.0,1038.264449
EQIX,2026-09-09 16:20:00+00:00,1038.43,1039.26,1038.43,1039.26,819.0,109.0,1038.7
EQIX,2026-09-09 16:25:00+00:00,1039.6,1039.6,1039.38,1039.38,784.0,117.0,1039.456301
EQIX,2026-09-09 16:30:00+00:00,1040.14,1040.665,1040.13,1040.505,1024.0,130.0,1040.290484
EQIX,2026-09-09 16:35:00+00:00,1040.5,1040.5,1039.56,1040.195,1029.0,105.0,1040.081518
EQIX,2026-09-09 16:40:00+00:00,1040.2,1040.2,1039.45,1039.61,1399.0,165.0,1039.725689
EQIX,2026-09-09 16:45:00+00:00,1040.36,1040.47,1039.91,1040.28,1137.0,157.0,1040.241732
EQIX,2026-09-09 16:50:00+00:00,1040.44,1041.125,1039.83,1040.25,2196.0,189.0,1040.375012
EQIX,2026-09-09 16:55:00+00:00,1039.44,1040.08,1039.25,1039.45,1336.0,126.0,1039.712453
EQIX,2026-09-09 17:00:00+00:00,1040.09,1040.09,1039.5,1039.51,1054.0,133.0,1039.643409
EQIX,2026-09-09 17:05:00+00:00,1040.18,1040.55,1039.87,1040.25,1773.0,120.0,1040.235669
EQIX,2026-09-09 17:10:00+00:00,1040.1525,1040.67,1040.1525,1040.6,1715.0,147.0,1040.59987
EQIX,2026-09-09 17:15:00+00:00,1040.355,1040.715,1040.28,1040.715,710.0,85.0,1040.511006
EQIX,2026-09-09 17:20:00+00:00,1040.15,1040.18,1039.72,1040.18,1517.0,139.0,1040.100094
EQIX,2026-09-09 17:25:00+00:00,1039.525,1040.69,1039.485,1040.69,2578.0,179.0,1039.760159
EQIX,2026-09-09 17:30:00+00:00,1040.57,1041.1509,1040.5375,1041.1509,1331.0,59.0,1040.571587
EQIX,2026-09-09 17:35:00+00:00,1040.75,1041.22,1039.57,1039.81,2883.0,197.0,1040.450175
EQIX,2026-09-09 17:40:00+00:00,1040.03,1040.03,1040.02,1040.02,274.0,40.0,1040.026024
EQIX,2026-09-09 17:45:00+00:00,1039.54,1040.005,1039.54,1040.005,801.0,99.0,1039.897051
EQIX,2026-09-09 17:50:00+00:00,1040.37,1040.78,1039.2601,1040.44,1155.0,140.0,1040.331419
EQIX,2026-09-09 17:55:00+00:00,1040.12,1040.7699,1040.11,1040.42,1199.0,191.0,1040.258459
EQIX,2026-09-09 18:00:00+00:00,1040.09,1040.09,1040.09,1040.09,207.0,26.0,1040.09
EQIX,2026-09-09 18:05:00+00:00,1040.09,1040.09,1039.17,1039.17,1880.0,170.0,1039.985912
EQIX,2026-09-09 18:10:00+00:00,1038.1,1038.135,1037.39,1037.52,1865.0,145.0,1037.968783
EQIX,2026-09-09 18:15:00+00:00,1037.56,1039.1899,1037.56,1038.465,1731.0,181.0,1038.563586
EQIX,2026-09-09 18:20:00+00:00,1038.5775,1039.635,1038.5775,1039.635,1332.0,155.0,1039.373083
EQIX,2026-09-09 18:25:00+00:00,1039.6325,1042.5,1039.49,1042.21,18561.0,262.0,1039.617559
EQIX,2026-09-09 18:30:00+00:00,1042.12,1043.04,1042.12,1042.9,1230.0,154.0,1042.66386
EQIX,2026-09-09 18:35:00+00:00,1042.885,1044.08,1042.885,1043.625,1110.0,115.0,1043.48595
EQIX,2026-09-09 18:40:00+00:00,1043.805,1044.41,1043.805,1044.41,1088.0,117.0,1044.082748
EQIX,2026-09-09 18:45:00+00:00,1044.4,1044.4,1043.555,1043.82,1477.0,187.0,1043.938971
EQIX,2026-09-09 18:50:00+00:00,1044.24,1045.175,1044.24,1045.175,4035.0,308.0,1044.856202
EQIX,2026-09-09 18:55:00+00:00,1044.78,1045.46,1044.765,1045.35,2679.0,264.0,1045.199792
EQIX,2026-09-09 19:00:00+00:00,1045.4,1046.8,1045.4,1046.23,2220.0,211.0,1046.138964
EQIX,2026-09-09 19:05:00+00:00,1045.86,1046.47,1045.35,1045.905,2634.0,191.0,1045.788996
EQIX,2026-09-09 19:10:00+00:00,1046.02,1046.8,1046.02,1046.8,3964.0,275.0,1046.488611
EQIX,2026-09-09 19:15:00+00:00,1047.54,1047.55,1046.52,1046.52,1640.0,196.0,1046.848534
EQIX,2026-09-09 19:20:00+00:00,1047.26,1047.305,1046.72,1046.72,1561.0,209.0,1047.202312
EQIX,2026-09-09 19:25:00+00:00,1047.25,1047.9,1047.21,1047.62,1759.0,204.0,1047.340406
EQIX,2026-09-09 19:30:00+00:00,1048.99,1048.99,1045.87,1046.11,7882.0,509.0,1047.026606
EQIX,2026-09-09 19:35:00+00:00,1045.85,1045.85,1044.23,1045.12,2952.0,301.0,1044.895029
EQIX,2026-09-09 19:40:00+00:00,1045.39,1045.39,1043.7988,1044.405,1987.0,239.0,1044.668441
EQIX,2026-09-09 19:45:00+00:00,1044.56,1047.0,1044.56,1047.0,4045.0,370.0,1045.878333
EQIX,2026-09-09 19:50:00+00:00,1046.285,1046.325,1045.37,1045.9,4885.0,597.0,1045.870216
EQIX,2026-09-09 19:55:00+00:00,1045.75,1045.75,1042.38,1043.32,63454.0,2809.0,1043.820211
EQIX,2026-09-09 20:00:00+00:00,1043.06,1043.06,1043.06,1043.06,191301.0,96.0,1043.06
EQIX,2026-09-10 13:30:00+00:00,1046.21,1049.65,1041.185,1041.185,6758.0,331.0,1046.037266
EQIX,2026-09-10 13:35:00+00:00,1041.22,1041.22,1036.27,1036.66,1783.0,168.0,1038.489973
EQIX,2026-09-10 13:40:00+00:00,1038.5176,1041.68,1038.5176,1038.7,1631.0,160.0,1039.261735
EQIX,2026-09-10 13:45:00+00:00,1039.66,1042.13,1039.22,1042.13,2218.0,215.0,1040.412393
EQIX,2026-09-10 13:50:00+00:00,1040.745,1040.745,1035.05,1035.51,3091.0,195.0,1037.449295
EQIX,2026-09-10 13:55:00+00:00,1034.775,1035.83,1034.775,1035.045,866.0,121.0,1035.164009
EQIX,2026-09-10 14:00:00+00:00,1035.15,1038.985,1035.09,1037.97,5895.0,426.0,1037.309722
EQIX,2026-09-10 14:05:00+00:00,1039.03,1039.03,1036.13,1036.36,3196.0,381.0,1036.663411
EQIX,2026-09-10 14:10:00+00:00,1038.19,1039.43,1037.745,1037.94,1966.0,250.0,1038.3308
EQIX,2026-09-10 14:15:00+00:00,1036.7,1038.12,1035.7736,1038.12,2100.0,181.0,1036.660053
EQIX,2026-09-10 14:20:00+00:00,1038.57,1042.33,1038.4442,1042.33,4967.0,391.0,1040.587762
EQIX,2026-09-10 14:25:00+00:00,1041.12,1041.12,1040.01,1040.01,823.0,120.0,1040.75
EQIX,2026-09-10 14:30:00+00:00,1040.005,1041.33,1037.72,1039.23,2270.0,160.0,1039.162019
EQIX,2026-09-10 14:35:00+00:00,1040.12,1042.7,1040.12,1041.5,4401.0,278.0,1041.174938
EQIX,2026-09-10 14:40:00+00:00,1041.78,1042.16,1038.72,1038.72,2476.0,259.0,1040.264331
EQIX,2026-09-10 14:45:00+00:00,1038.15,1038.25,1037.06,1037.88,2678.0,254.0,1037.691852
EQIX,2026-09-10 14:50:00+00:00,1038.11,1038.11,1035.38,1037.095,2638.0,187.0,1036.961997
EQIX,2026-09-10 14:55:00+00:00,1037.55,1039.46,1037.55,1038.85,3693.0,192.0,1038.502867
EQIX,2026-09-10 15:00:00+00:00,1038.96,1038.96,1037.0467,1037.405,2698.0,164.0,1037.867109
EQIX,2026-09-10 15:05:00+00:00,1037.405,1037.88,1034.505,1037.54,10708.0,467.0,1035.871185
EQIX,2026-09-10 15:10:00+00:00,1037.54,1037.7,1036.36,1036.83,3031.0,161.0,1036.805805
EQIX,2026-09-10 15:15:00+00:00,1036.93,1036.93,1035.425,1035.43,2463.0,173.0,1035.962515
EQIX,2026-09-10 15:20:00+00:00,1035.43,1036.21,1034.5,1034.745,6925.0,279.0,1034.930527
EQIX,2026-09-10 15:25:00+00:00,1034.74,1035.69,1034.35,1034.65,5237.0,245.0,1034.880383
EQIX,2026-09-10 15:30:00+00:00,1034.835,1035.6,1034.835,1035.115,2060.0,183.0,1034.992333
EQIX,2026-09-10 15:35:00+00:00,1035.25,1035.42,1033.52,1033.595,2812.0,201.0,1034.524402
EQIX,2026-09-10 15:40:00+00:00,1034.35,1035.515,1034.35,1035.515,2940.0,243.0,1034.668724
EQIX,2026-09-10 15:45:00+00:00,1035.69,1036.87,1034.49,1034.49,3833.0,184.0,1036.317679
EQIX,2026-09-10 15:50:00+00:00,1034.14,1035.3,1034.14,1034.965,853.0,118.0,1034.736875
EQIX,2026-09-10 15:55:00+00:00,1035.26,1035.37,1034.935,1034.94,477.0,53.0,1035.067792
EQIX,2026-09-10 16:00:00+00:00,1034.98,1036.64,1034.98,1035.255,3152.0,256.0,1035.957973
EQIX,2026-09-10 16:05:00+00:00,1035.15,1035.15,1033.56,1033.6425,1680.0,159.0,1034.158171
EQIX,2026-09-10 16:10:00+00:00,1033.715,1034.435,1033.02,1033.02,2309.0,203.0,1033.862803
EQIX,2026-09-10 16:15:00+00:00,1032.61,1032.61,1031.06,1031.24,2228.0,184.0,1031.805862
EQIX,2026-09-10 16:20:00+00:00,1031.235,1032.2,1031.235,1032.19,1109.0,130.0,1031.934737
EQIX,2026-09-10 16:25:00+00:00,1032.07,1032.07,1030.26,1030.36,1780.0,169.0,1030.905753
EQIX,2026-09-10 16:30:00+00:00,1030.355,1030.99,1028.7,1028.995,2045.0,189.0,1029.817403
EQIX,2026-09-10 16:35:00+00:00,1028.965,1029.21,1028.01,1029.1675,2233.0,176.0,1028.714882
EQIX,2026-09-10 16:40:00+00:00,1029.2175,1029.94,1028.39,1028.4,2809.0,211.0,1029.203433
EQIX,2026-09-10 16:45:00+00:00,1028.0,1030.05,1028.0,1030.05,2284.0,216.0,1029.023793
EQIX,2026-09-10 16:50:00+00:00,1030.585,1031.124,1029.225,1029.23,2896.0,146.0,1030.355165
EQIX,2026-09-10 16:55:00+00:00,1029.41,1030.52,1029.29,1030.275,1666.0,134.0,1029.653391
EQIX,2026-09-10 17:00:00+00:00,1029.85,1031.55,1029.675,1029.675,2565.0,195.0,1030.621763
EQIX,2026-09-10 17:05:00+00:00,1029.66,1030.76,1029.66,1030.115,1593.0,134.0,1030.089379
EQIX,2026-09-10 17:10:00+00:00,1030.75,1031.8,1030.57,1030.8,2139.0,200.0,1030.944943
EQIX,2026-09-10 17:15:00+00:00,1030.8,1031.31,1030.46,1030.755,1497.0,169.0,1030.887981
EQIX,2026-09-10 17:20:00+00:00,1030.89,1031.73,1030.735,1031.73,2647.0,240.0,1031.074862
EQIX,2026-09-10 17:25:00+00:00,1031.28,1032.7267,1030.53,1030.53,4454.0,273.0,1032.113901
EQIX,2026-09-10 17:30:00+00:00,1030.39,1030.8347,1029.6723,1030.72,572.0,81.0,1030.366523
EQIX,2026-09-10 17:35:00+00:00,1031.02,1031.02,1030.03,1030.03,1529.0,170.0,1030.343113
EQIX,2026-09-10 17:40:00+00:00,1029.32,1029.32,1028.64,1029.28,1200.0,130.0,1029.014478
EQIX,2026-09-10 17:45:00+00:00,1029.7366,1030.36,1028.875,1029.7225,2968.0,235.0,1029.785187
EQIX,2026-09-10 17:50:00+00:00,1029.52,1029.52,1028.27,1028.27,1521.0,180.0,1028.897326
EQIX,2026-09-10 17:55:00+00:00,1028.01,1029.45,1028.01,1028.21,1544.0,179.0,1028.581885
EQIX,2026-09-10 18:00:00+00:00,1027.87,1028.3675,1025.01,1025.355,11697.0,486.0,1027.906491
EQIX,2026-09-10 18:05:00+00:00,1024.11,1025.385,1024.11,1024.3208,1697.0,132.0,1024.801404
EQIX,2026-09-10 18:10:00+00:00,1024.75,1027.71,1024.01,1027.635,3043.0,282.0,1026.20291
EQIX,2026-09-10 18:15:00+00:00,1027.18,1027.515,1025.755,1025.76,2562.0,236.0,1026.660593
EQIX,2026-09-10 18:20:00+00:00,1026.29,1026.79,1026.15,1026.79,1578.0,178.0,1026.563238
EQIX,2026-09-10 18:25:00+00:00,1026.94,1026.94,1025.85,1026.42,1791.0,174.0,1026.221338
EQIX,2026-09-10 18:30:00+00:00,1026.38,1026.38,1025.29,1025.43,1674.0,120.0,1025.909958
EQIX,2026-09-10 18:35:00+00:00,1024.64,1026.54,1024.51,1026.54,3316.0,239.0,1025.307246
EQIX,2026-09-10 18:40:00+00:00,1027.27,1027.765,1026.72,1026.795,1333.0,131.0,1027.032233
EQIX,2026-09-10 18:45:00+00:00,1026.505,1026.96,1025.6,1026.96,1787.0,161.0,1026.183636
EQIX,2026-09-10 18:50:00+00:00,1026.82,1027.49,1026.49,1026.95,1818.0,191.0,1026.89234
EQIX,2026-09-10 18:55:00+00:00,1026.42,1026.55,1025.55,1025.55,2086.0,248.0,1026.129923
EQIX,2026-09-10 19:00:00+00:00,1025.305,1026.09,1025.15,1025.15,1065.0,111.0,1025.310833
EQIX,2026-09-10 19:05:00+00:00,1025.82,1026.17,1025.06,1025.27,2069.0,212.0,1025.790112
EQIX,2026-09-10 19:10:00+00:00,1025.77,1025.77,1024.89,1025.475,2060.0,241.0,1025.375971
EQIX,2026-09-10 19:15:00+00:00,1025.765,1025.765,1025.07,1025.175,2558.0,189.0,1025.287469
EQIX,2026-09-10 19:20:00+00:00,1025.215,1025.22,1024.77,1025.16,1647.0,149.0,1025.100924
EQIX,2026-09-10 19:25:00+00:00,1025.03,1025.86,1024.96,1025.75,2077.0,162.0,1025.327449
EQIX,2026-09-10 19:30:00+00:00,1025.73,1026.1699,1025.32,1025.6,2375.0,263.0,1025.710576
EQIX,2026-09-10 19:35:00+00:00,1025.6,1026.28,1025.09,1025.985,5492.0,368.0,1025.792588
EQIX,2026-09-10 19:40:00+00:00,1025.86,1026.57,1025.27,1025.97,6087.0,501.0,1025.8566
EQIX,2026-09-10 19:45:00+00:00,1026.52,1026.64,1024.27,1024.825,14815.0,667.0,1025.225952
EQIX,2026-09-10 19:50:00+00:00,1025.58,1026.09,1022.995,1025.23,15715.0,948.0,1023.958501
EQIX,2026-09-10 19:55:00+00:00,1024.58,1025.78,1023.57,1024.15,45818.0,2561.0,1024.792004
EQIX,2026-09-10 20:00:00+00:00,1023.81,1031.0,1023.81,1031.0,108335.0,117.0,1023.813143
EQIX,2026-09-10 21:00:00+00:00,1023.81,1023.81,1023.81,1023.81,96.0,1.0,1023.81
EQIX,2026-09-11 13:30:00+00:00,1025.35,1032.0,1023.99,1026.15,4002.0,180.0,1025.605341
EQIX,2026-09-11 13:35:00+00:00,1027.72,1035.41,1027.04,1035.41,1546.0,143.0,1030.120605
EQIX,2026-09-11 13:40:00+00:00,1034.91,1038.19,1034.545,1038.19,3726.0,259.0,1035.794472
EQIX,2026-09-11 13:45:00+00:00,1039.06,1041.05,1036.3,1037.15,2913.0,169.0,1039.033877
EQIX,2026-09-11 13:50:00+00:00,1036.31,1036.31,1033.71,1035.96,1849.0,152.0,1035.205944
EQIX,2026-09-11 13:55:00+00:00,1035.115,1036.66,1030.79,1036.015,7180.0,234.0,1035.19919
EQIX,2026-09-11 14:00:00+00:00,1035.03,1035.16,1030.7201,1033.55,1839.0,139.0,1033.975462
EQIX,2026-09-11 14:05:00+00:00,1034.34,1036.62,1031.25,1035.26,2490.0,201.0,1033.968116
EQIX,2026-09-11 14:10:00+00:00,1034.01,1038.79,1034.01,1038.79,2072.0,210.0,1036.947722
EQIX,2026-09-11 14:15:00+00:00,1038.2,1040.0,1038.2,1040.0,538.0,65.0,1039.224044
EQIX,2026-09-11 14:20:00+00:00,1040.95,1040.95,1039.54,1039.54,372.0,143.0,1040.245
EQIX,2026-09-11 14:25:00+00:00,1039.89,1041.32,1039.89,1040.52,2829.0,270.0,1040.352091
EQIX,2026-09-11 14:30:00+00:00,1040.285,1040.285,1037.08,1038.74,914.0,139.0,1038.490353
EQIX,2026-09-11 14:35:00+00:00,1037.575,1037.575,1036.125,1036.125,2191.0,108.0,1037.120385
EQIX,2026-09-11 14:40:00+00:00,1036.125,1036.125,1036.125,1036.125,192.0,22.0,1036.125
EQIX,2026-09-11 14:45:00+00:00,1037.539,1037.539,1034.41,1034.635,1152.0,128.0,1035.650554
EQIX,2026-09-11 14:50:00+00:00,1035.005,1036.125,1034.69,1035.8075,821.0,64.0,1035.666928
EQIX,2026-09-11 14:55:00+00:00,1035.57,1037.1682,1035.57,1037.1682,381.0,66.0,1036.170827
EQIX,2026-09-11 15:00:00+00:00,1035.49,1035.49,1035.49,1035.49,71.0,20.0,1035.49
EQIX,2026-09-11 15:05:00+00:00,1035.4975,1037.01,1035.485,1037.01,469.0,33.0,1035.713113
EQIX,2026-09-11 15:10:00+00:00,1035.6201,1035.6201,1034.76,1034.865,508.0,77.0,1035.389357
EQIX,2026-09-11 15:15:00+00:00,1034.695,1034.695,1033.8,1033.81,2257.0,218.0,1034.005945
EQIX,2026-09-11 15:20:00+00:00,1033.7125,1033.7125,1033.625,1033.625,559.0,76.0,1033.656167
EQIX,2026-09-11 15:25:00+00:00,1034.54,1036.24,1034.54,1036.21,1835.0,128.0,1035.403757
EQIX,2026-09-11 15:30:00+00:00,1035.24,1036.77,1035.24,1036.77,981.0,104.0,1036.280299
EQIX,2026-09-11 15:35:00+00:00,1036.325,1036.325,1036.045,1036.045,628.0,56.0,1036.28061
EQIX,2026-09-11 15:40:00+00:00,1036.82,1038.54,1036.82,1038.45,1369.0,110.0,1037.454375
EQIX,2026-09-11 15:45:00+00:00,1038.45,1039.88,1037.0889,1039.88,2816.0,105.0,1037.998425
EQIX,2026-09-11 15:50:00+00:00,1039.55,1039.805,1038.8,1039.65,2112.0,171.0,1039.212788
EQIX,2026-09-11 15:55:00+00:00,1039.295,1040.22,1039.295,1039.4575,660.0,91.0,1039.614792
EQIX,2026-09-11 16:00:00+00:00,1040.14,1040.14,1040.13,1040.13,757.0,140.0,1040.134
EQIX,2026-09-11 16:05:00+00:00,1039.57,1041.29,1039.51,1041.29,2482.0,183.0,1039.862742
EQIX,2026-09-11 16:10:00+00:00,1041.59,1041.59,1040.56,1040.56,695.0,83.0,1041.316885
EQIX,2026-09-11 16:15:00+00:00,1040.565,1043.175,1040.56,1043.14,3597.0,252.0,1042.058852
EQIX,2026-09-11 16:20:00+00:00,1043.05,1043.125,1042.6,1042.95,1613.0,120.0,1042.977373
EQIX,2026-09-11 16:25:00+00:00,1042.185,1043.515,1041.26,1042.21,6631.0,369.0,1042.260796
EQIX,2026-09-11 16:30:00+00:00,1042.215,1043.99,1042.09,1043.94,954.0,91.0,1042.629531
EQIX,2026-09-11 16:35:00+00:00,1043.83,1043.83,1042.07,1042.91,8593.0,342.0,1042.701123
EQIX,2026-09-11 16:40:00+00:00,1042.91,1043.01,1042.2,1042.385,1853.0,124.0,1042.481883
EQIX,2026-09-11 16:45:00+00:00,1041.5417,1043.68,1041.5417,1043.3,1614.0,161.0,1043.223459
EQIX,2026-09-11 16:50:00+00:00,1043.67,1043.86,1043.17,1043.86,1176.0,115.0,1043.407223
EQIX,2026-09-11 16:55:00+00:00,1043.81,1043.81,1043.355,1043.355,293.0,24.0,1043.456111
EQIX,2026-09-11 17:00:00+00:00,1043.31,1043.31,1043.31,1043.31,99.0,13.0,1043.31
EQIX,2026-09-11 17:05:00+00:00,1043.92,1043.92,1042.2481,1042.565,1729.0,159.0,1042.918791
EQIX,2026-09-11 17:10:00+00:00,1042.56,1042.56,1042.285,1042.285,516.0,61.0,1042.410882
EQIX,2026-09-11 17:15:00+00:00,1043.04,1043.54,1043.04,1043.54,488.0,59.0,1043.17
EQIX,2026-09-11 17:20:00+00:00,1043.23,1043.23,1043.23,1043.23,314.0,34.0,1043.23
EQIX,2026-09-11 17:25:00+00:00,1043.66,1043.93,1043.0,1043.16,2715.0,181.0,1043.377533
EQIX,2026-09-11 17:30:00+00:00,1043.5,1043.51,1042.8,1043.4,3104.0,147.0,1043.394182
EQIX,2026-09-11 17:35:00+00:00,1043.485,1044.1,1041.85,1042.49,19452.0,801.0,1042.804462
EQIX,2026-09-11 17:40:00+00:00,1043.27,1044.82,1043.27,1044.82,1453.0,168.0,1044.222409
EQIX,2026-09-11 17:45:00+00:00,1044.25,1045.18,1044.25,1044.7725,681.0,54.0,1044.846419
EQIX,2026-09-11 17:50:00+00:00,1045.73,1045.74,1044.1257,1044.1257,2969.0,220.0,1045.084125
EQIX,2026-09-11 17:55:00+00:00,1045.355,1045.44,1044.66,1045.44,6014.0,225.0,1045.198911
EQIX,2026-09-11 18:00:00+00:00,1045.73,1045.92,1045.73,1045.92,345.0,54.0,1045.85
EQIX,2026-09-11 18:05:00+00:00,1045.385,1046.03,1044.7311,1046.03,687.0,88.0,1045.486879
EQIX,2026-09-11 18:10:00+00:00,1045.85,1046.68,1045.574,1045.77,589.0,70.0,1045.910168
EQIX,2026-09-11 18:15:00+00:00,1046.5,1047.29,1045.68,1045.85,1512.0,142.0,1046.482037
EQIX,2026-09-11 18:20:00+00:00,1046.65,1047.19,1045.76,1046.565,1698.0,144.0,1046.278171
EQIX,2026-09-11 18:25:00+00:00,1045.74,1046.53,1045.74,1046.53,1234.0,140.0,1046.336025
EQIX,2026-09-11 18:30:00+00:00,1047.16,1047.16,1046.275,1046.495,2869.0,161.0,1046.379116
EQIX,2026-09-11 18:35:00+00:00,1046.31,1046.71,1044.14,1046.02,7186.0,398.0,1046.004332
EQIX,2026-09-11 18:40:00+00:00,1045.02,1046.0,1045.01,1046.0,1124.0,106.0,1045.588003
EQIX,2026-09-11 18:45:00+00:00,1044.9175,1044.9175,1044.9175,1044.9175,112.0,16.0,1044.9175
EQIX,2026-09-11 18:50:00+00:00,1044.93,1045.3,1041.9605,1042.135,9662.0,402.0,1043.481435
EQIX,2026-09-11 18:55:00+00:00,1042.1,1044.0398,1042.1,1043.08,2669.0,153.0,1042.610912
EQIX,2026-09-11 19:00:00+00:00,1043.1,1043.1,1043.1,1043.1,576.0,45.0,1043.1
EQIX,2026-09-11 19:05:00+00:00,1043.11,1043.205,1043.11,1043.18,1440.0,138.0,1043.16233
EQIX,2026-09-11 19:10:00+00:00,1043.16,1043.16,1040.665,1040.965,8243.0,384.0,1041.601206
EQIX,2026-09-11 19:15:00+00:00,1040.955,1040.955,1038.74,1038.74,3855.0,254.0,1040.765648
EQIX,2026-09-11 19:20:00+00:00,1038.95,1040.44,1038.95,1040.42,2558.0,212.0,1039.957811
EQIX,2026-09-11 19:25:00+00:00,1040.49,1040.5,1039.98,1039.98,5235.0,217.0,1040.221013
EQIX,2026-09-11 19:30:00+00:00,1039.7725,1041.1225,1039.735,1040.07,2741.0,233.0,1040.447671
EQIX,2026-09-11 19:35:00+00:00,1039.69,1040.46,1039.35,1039.35,2237.0,178.0,1039.889331
EQIX,2026-09-11 19:40:00+00:00,1039.615,1039.615,1038.45,1039.06,4117.0,237.0,1038.809261
EQIX,2026-09-11 19:45:00+00:00,1039.28,1039.82,1038.105,1038.11,4989.0,451.0,1039.265164
EQIX,2026-09-11 19:50:00+00:00,1037.5,1037.99,1032.3,1034.72,13124.0,946.0,1034.790908
EQIX,2026-09-11 19:55:00+00:00,1035.61,1038.85,1035.61,1037.71,26854.0,1811.0,1037.881975
EQIX,2026-09-11 20:00:00+00:00,1037.72,1037.72,1037.72,1037.72,93352.0,102.0,1037.72
EQIX,2026-09-11 20:10:00+00:00,1037.72,1037.72,1037.72,1037.72,329.0,7.0,1037.72
EQIX,2026-09-14 13:30:00+00:00,1027.53,1028.945,1012.1,1014.35,6488.0,454.0,1022.883546
EQIX,2026-09-14 13:35:00+00:00,1013.03,1019.31,1008.25,1010.0474,3604.0,308.0,1013.816983
EQIX,2026-09-14 13:40:00+00:00,1007.07,1012.14,1006.03,1012.13,2285.0,206.0,1008.74667
EQIX,2026-09-14 13:45:00+00:00,1009.44,1012.11,1001.85,1002.73,7410.0,478.0,1005.730363
EQIX,2026-09-14 13:50:00+00:00,1003.48,1004.42,997.75,999.19,8678.0,536.0,1000.90708
EQIX,2026-09-14 13:55:00+00:00,999.89,1002.78,998.42,1000.12,5230.0,349.0,1000.305911
EQIX,2026-09-14 14:00:00+00:00,1000.105,1005.0,999.54,1004.1775,4446.0,362.0,1003.037681
EQIX,2026-09-14 14:05:00+00:00,1002.03,1003.73,1001.24,1002.5,5168.0,344.0,1002.260842
EQIX,2026-09-14 14:10:00+00:00,1003.145,1011.32,1002.5,1008.375,8257.0,302.0,1006.777765
EQIX,2026-09-14 14:15:00+00:00,1009.975,1011.92,1009.29,1011.56,4166.0,219.0,1010.361652
EQIX,2026-09-14 14:20:00+00:00,1010.26,1011.1148,1003.675,1005.98,15850.0,573.0,1007.082275
EQIX,2026-09-14 14:25:00+00:00,1006.71,1007.185,1004.9705,1004.9705,3420.0,331.0,1005.745911
EQIX,2026-09-14 14:30:00+00:00,1006.44,1006.44,1003.3,1003.58,2394.0,196.0,1004.190343
EQIX,2026-09-14 14:35:00+00:00,1004.165,1004.83,1001.89,1003.94,3439.0,270.0,1003.945527
EQIX,2026-09-14 14:40:00+00:00,1004.95,1004.95,1003.01,1003.25,5837.0,297.0,1003.98664
EQIX,2026-09-14 14:45:00+00:00,1004.14,1006.7,1004.09,1004.49,10017.0,392.0,1005.508158
EQIX,2026-09-14 14:50:00+00:00,1005.07,1005.86,1003.985,1005.86,3405.0,219.0,1005.017132
EQIX,2026-09-14 14:55:00+00:00,1005.25,1006.63,1005.19,1005.41,2828.0,258.0,1005.980757
EQIX,2026-09-14 15:00:00+00:00,1005.625,1007.65,1005.41,1006.51,4525.0,287.0,1006.180538
EQIX,2026-09-14 15:05:00+00:00,1006.52,1010.51,1006.52,1006.61,3168.0,280.0,1008.70949
EQIX,2026-09-14 15:10:00+00:00,1007.2,1009.87,1005.8,1008.64,1613.0,161.0,1008.192869
EQIX,2026-09-14 15:15:00+00:00,1007.6502,1010.23,1007.6502,1009.27,4455.0,245.0,1009.081976
EQIX,2026-09-14 15:20:00+00:00,1009.3,1012.83,1009.3,1012.83,3477.0,260.0,1011.197505
EQIX,2026-09-14 15:25:00+00:00,1012.83,1014.3,1012.63,1013.7,9679.0,354.0,1013.406376
EQIX,2026-09-14 15:30:00+00:00,1013.77,1015.88,1012.98,1015.88,5219.0,311.0,1015.064531
EQIX,2026-09-14 15:35:00+00:00,1015.76,1015.88,1014.27,1015.065,2917.0,158.0,1015.082584
EQIX,2026-09-14 15:40:00+00:00,1014.4,1016.92,1014.3,1015.645,5248.0,205.0,1015.612954
EQIX,2026-09-14 15:45:00+00:00,1015.29,1015.29,1011.24,1011.75,5022.0,280.0,1012.474377
EQIX,2026-09-14 15:50:00+00:00,1011.74,1013.62,1011.41,1012.57,5053.0,195.0,1012.458624
EQIX,2026-09-14 15:55:00+00:00,1011.65,1013.71,1011.41,1012.65,2872.0,168.0,1012.285367
EQIX,2026-09-14 16:00:00+00:00,1012.66,1013.44,1011.65,1013.29,4236.0,248.0,1012.513572
EQIX,2026-09-14 16:05:00+00:00,1013.62,1013.62,1010.25,1010.755,10956.0,397.0,1012.181798
EQIX,2026-09-14 16:10:00+00:00,1010.76,1012.9619,1010.76,1012.325,2491.0,158.0,1011.666653
EQIX,2026-09-14 16:15:00+00:00,1012.325,1015.1,1012.325,1013.77,7857.0,307.0,1012.844489
EQIX,2026-09-14 16:20:00+00:00,1012.9598,1014.6,1012.73,1013.02,2048.0,141.0,1013.466809
EQIX,2026-09-14 16:25:00+00:00,1013.7,1013.7099,1012.52,1012.54,3892.0,270.0,1013.02248
EQIX,2026-09-14 16:30:00+00:00,1012.55,1013.1,1010.77,1010.78,2612.0,206.0,1012.205033
EQIX,2026-09-14 16:35:00+00:00,1011.75,1011.75,1008.18,1009.2,5566.0,307.0,1009.373904
EQIX,2026-09-14 16:40:00+00:00,1009.22,1010.0,1007.14,1007.565,6437.0,251.0,1007.778733
EQIX,2026-09-14 16:45:00+00:00,1008.11,1010.91,1007.54,1010.365,11575.0,346.0,1008.618081
EQIX,2026-09-14 16:50:00+00:00,1009.945,1009.995,1007.78,1008.46,3087.0,201.0,1008.985224
EQIX,2026-09-14 16:55:00+00:00,1008.485,1008.485,1007.105,1007.105,2332.0,183.0,1007.614091
EQIX,2026-09-14 17:00:00+00:00,1007.505,1009.055,1007.505,1008.15,1976.0,169.0,1008.199049
EQIX,2026-09-14 17:05:00+00:00,1009.17,1009.17,1007.74,1008.74,2947.0,179.0,1008.186886
EQIX,2026-09-14 17:10:00+00:00,1008.52,1010.1,1008.315,1009.37,1444.0,137.0,1009.254699
EQIX,2026-09-14 17:15:00+00:00,1009.32,1010.99,1009.05,1009.05,1849.0,127.0,1009.703261
EQIX,2026-09-14 17:20:00+00:00,1010.07,1010.32,1009.15,1009.15,1925.0,149.0,1009.980527
EQIX,2026-09-14 17:25:00+00:00,1009.99,1010.01,1008.87,1009.85,4783.0,281.0,1009.198006
EQIX,2026-09-14 17:30:00+00:00,1009.45,1010.4999,1007.61,1008.47,2237.0,176.0,1009.209785
EQIX,2026-09-14 17:35:00+00:00,1008.565,1009.4,1007.5,1008.59,1081.0,103.0,1008.614718
EQIX,2026-09-14 17:40:00+00:00,1008.59,1008.595,1007.01,1007.49,2851.0,196.0,1007.935689
EQIX,2026-09-14 17:45:00+00:00,1007.425,1008.42,1007.02,1007.17,2826.0,259.0,1007.929463
EQIX,2026-09-14 17:50:00+00:00,1006.54,1008.7075,1006.53,1008.7075,2045.0,230.0,1007.550691
EQIX,2026-09-14 17:55:00+00:00,1008.7,1008.7,1004.5,1004.5,3194.0,209.0,1006.341539
EQIX,2026-09-14 18:00:00+00:00,1004.73,1004.925,1002.34,1002.34,4140.0,277.0,1004.453939
EQIX,2026-09-14 18:05:00+00:00,1003.27,1004.415,1002.15,1004.415,3549.0,162.0,1003.473443
EQIX,2026-09-14 18:10:00+00:00,1004.42,1005.0,1004.36,1004.385,2947.0,157.0,1004.655405
EQIX,2026-09-14 18:15:00+00:00,1004.725,1005.409,1004.0901,1004.1,1507.0,85.0,1004.645118
EQIX,2026-09-14 18:20:00+00:00,1004.755,1004.815,1002.13,1002.13,5318.0,318.0,1003.570295
EQIX,2026-09-14 18:25:00+00:00,1001.49,1002.075,999.53,1001.3525,4572.0,280.0,1000.315162
EQIX,2026-09-14 18:30:00+00:00,1001.91,1003.335,1001.3075,1003.265,2501.0,151.0,1002.507001
EQIX,2026-09-14 18:35:00+00:00,1003.265,1004.28,1002.35,1002.58,1904.0,160.0,1003.14729
EQIX,2026-09-14 18:40:00+00:00,1002.58,1003.585,1002.17,1003.45,1933.0,145.0,1002.898002
EQIX,2026-09-14 18:45:00+00:00,1003.175,1003.89,1002.6575,1002.9147,2348.0,217.0,1003.211817
EQIX,2026-09-14 18:50:00+00:00,1003.895,1005.08,1003.27,1003.8325,5013.0,250.0,1004.199526
EQIX,2026-09-14 18:55:00+00:00,1004.13,1005.3,1003.27,1003.27,1525.0,162.0,1004.249152
EQIX,2026-09-14 19:00:00+00:00,1004.14,1004.36,1002.46,1002.46,3634.0,270.0,1003.555547
EQIX,2026-09-14 19:05:00+00:00,1002.76,1002.77,1001.63,1001.81,3738.0,240.0,1002.158789
EQIX,2026-09-14 19:10:00+00:00,1001.63,1002.92,1000.58,1000.58,3740.0,264.0,1001.953983
EQIX,2026-09-14 19:15:00+00:00,1000.33,1001.43,998.38,998.8275,5289.0,293.0,1000.350738
EQIX,2026-09-14 19:20:00+00:00,998.71,999.65,998.6125,999.175,5150.0,269.0,999.119834
EQIX,2026-09-14 19:25:00+00:00,999.87,999.92,998.0,998.77,5790.0,370.0,998.979783
EQIX,2026-09-14 19:30:00+00:00,998.82,1000.09,997.51,998.67,8951.0,446.0,998.771397
EQIX,2026-09-14 19:35:00+00:00,998.56,1000.0,995.16,995.98,7897.0,534.0,998.113337
EQIX,2026-09-14 19:40:00+00:00,995.98,996.84,995.06,996.26,6667.0,408.0,996.112062
EQIX,2026-09-14 19:45:00+00:00,996.26,998.13,995.52,997.505,8199.0,466.0,996.654308
EQIX,2026-09-14 19:50:00+00:00,996.38,998.5,995.19,996.08,27707.0,1464.0,996.77725
EQIX,2026-09-14 19:55:00+00:00,996.025,999.145,995.7,998.92,47525.0,2237.0,997.573815
EQIX,2026-09-14 20:00:00+00:00,998.72,999.21,998.72,998.72,128685.0,100.0,998.720195
EQIX,2026-09-14 20:40:00+00:00,998.72,998.72,998.72,998.72,823.0,2.0,998.72
EQIX,2026-09-15 13:30:00+00:00,997.63,1004.35,992.97,993.055,7394.0,379.0,998.504106
EQIX,2026-09-15 13:35:00+00:00,993.05,995.52,991.01,993.09,4149.0,222.0,993.300047
EQIX,2026-09-15 13:40:00+00:00,993.2778,996.05,987.79,995.34,14256.0,446.0,992.79497
EQIX,2026-09-15 13:45:00+00:00,994.41,997.735,994.39,996.84,7458.0,403.0,995.31292
EQIX,2026-09-15 13:50:00+00:00,995.71,997.92,994.45,997.92,4675.0,280.0,995.479902
EQIX,2026-09-15 13:55:00+00:00,997.505,999.9,997.505,999.9,4531.0,175.0,998.537153
EQIX,2026-09-15 14:00:00+00:00,999.69,1000.66,998.72,1000.48,10800.0,358.0,999.701422
EQIX,2026-09-15 14:05:00+00:00,1000.555,1001.63,1000.555,1000.81,5317.0,278.0,1000.832778
EQIX,2026-09-15 14:10:00+00:00,1001.2,1003.5998,1001.0,1002.8367,4566.0,247.0,1002.552035
EQIX,2026-09-15 14:15:00+00:00,1001.755,1002.8,1001.0,1002.8,4139.0,278.0,1001.756388
EQIX,2026-09-15 14:20:00+00:00,1004.01,1004.01,1000.1872,1002.05,2769.0,277.0,1001.995446
EQIX,2026-09-15 14:25:00+00:00,1001.775,1002.0,997.03,999.38,2532.0,227.0,1000.520698
EQIX,2026-09-15 14:30:00+00:00,1000.215,1001.55,998.95,1001.55,3956.0,348.0,1000.00595
EQIX,2026-09-15 14:35:00+00:00,1001.72,1001.99,1001.45,1001.59,1762.0,171.0,1001.684961
EQIX,2026-09-15 14:40:00+00:00,1000.72,1002.42,1000.54,1002.42,2410.0,191.0,1001.179765
EQIX,2026-09-15 14:45:00+00:00,1002.0,1003.92,1002.0,1003.555,1064.0,105.0,1003.304932
EQIX,2026-09-15 14:50:00+00:00,1003.88,1003.88,1000.97,1002.23,7468.0,293.0,1001.168003
EQIX,2026-09-15 14:55:00+00:00,1002.005,1004.0,1002.005,1004.0,1554.0,181.0,1002.991143
EQIX,2026-09-15 15:00:00+00:00,1004.0,1005.42,1004.0,1004.64,3616.0,276.0,1004.630185
EQIX,2026-09-15 15:05:00+00:00,1004.64,1004.73,1002.89,1003.4148,3216.0,252.0,1003.886197
EQIX,2026-09-15 15:10:00+00:00,1003.32,1004.11,1002.36,1004.1,7640.0,283.0,1003.383533
EQIX,2026-09-15 15:15:00+00:00,1004.1,1007.71,1004.1,1005.68,6587.0,281.0,1006.253331
EQIX,2026-09-15 15:20:00+00:00,1006.73,1007.01,1005.89,1007.01,1925.0,166.0,1006.420441
EQIX,2026-09-15 15:25:00+00:00,1007.7709,1007.78,1005.92,1005.92,1636.0,289.0,1006.878553
EQIX,2026-09-15 15:30:00+00:00,1005.19,1005.955,1002.48,1002.87,16883.0,416.0,1003.974471
EQIX,2026-09-15 15:35:00+00:00,1003.705,1003.705,1000.99,1001.72,3784.0,301.0,1002.042465
EQIX,2026-09-15 15:40:00+00:00,1001.01,1001.4,998.37,999.01,5771.0,577.0,999.666784
EQIX,2026-09-15 15:45:00+00:00,999.08,999.08,997.68,998.245,7952.0,341.0,997.839451
EQIX,2026-09-15 15:50:00+00:00,998.25,999.23,997.37,997.81,4165.0,453.0,998.375799
EQIX,2026-09-15 15:55:00+00:00,997.255,998.19,995.84,997.7,2656.0,374.0,996.943723
EQIX,2026-09-15 16:00:00+00:00,996.75,997.45,995.86,996.6625,1356.0,173.0,996.6664
EQIX,2026-09-15 16:05:00+00:00,996.67,996.775,995.0,995.885,6701.0,332.0,995.958116
EQIX,2026-09-15 16:10:00+00:00,996.13,996.34,995.04,995.835,10102.0,378.0,995.987381
EQIX,2026-09-15 16:15:00+00:00,995.71,998.32,995.39,995.89,10976.0,470.0,996.876795
EQIX,2026-09-15 16:20:00+00:00,995.97,998.06,995.63,998.06,5012.0,186.0,996.499868
EQIX,2026-09-15 16:25:00+00:00,997.615,999.7998,997.615,998.94,2644.0,191.0,998.642979
EQIX,2026-09-15 16:30:00+00:00,999.095,1002.03,999.095,1002.03,7034.0,315.0,999.939914
EQIX,2026-09-15 16:35:00+00:00,1001.2,1003.22,1001.2,1001.72,4865.0,262.0,1002.194929
EQIX,2026-09-15 16:40:00+00:00,1002.085,1002.085,1000.39,1001.45,1307.0,125.0,1001.267115
EQIX,2026-09-15 16:45:00+00:00,1001.805,1001.805,1000.485,1000.485,1254.0,138.0,1001.025024
EQIX,2026-09-15 16:50:00+00:00,1001.325,1002.8,1000.85,1001.9,2065.0,151.0,1001.900159
EQIX,2026-09-15 16:55:00+00:00,1001.91,1002.8,1001.7,1002.05,2197.0,208.0,1002.041661
EQIX,2026-09-15 17:00:00+00:00,1002.015,1002.43,1001.6001,1002.2,1750.0,188.0,1002.143295
EQIX,2026-09-15 17:05:00+00:00,1001.57,1001.57,998.95,998.95,5158.0,279.0,1000.266843
EQIX,2026-09-15 17:10:00+00:00,999.84,1000.5,999.39,999.66,1208.0,122.0,999.836856
EQIX,2026-09-15 17:15:00+00:00,999.07,999.16,998.11,998.49,1908.0,197.0,998.620366
EQIX,2026-09-15 17:20:00+00:00,997.49,998.03,997.0,997.43,3123.0,244.0,997.281503
EQIX,2026-09-15 17:25:00+00:00,997.69,998.46,997.435,998.46,1807.0,179.0,997.913995
EQIX,2026-09-15 17:30:00+00:00,999.03,999.78,998.55,999.32,3316.0,184.0,999.088873
EQIX,2026-09-15 17:35:00+00:00,999.99,1000.5999,999.36,999.44,1818.0,160.0,1000.029708
EQIX,2026-09-15 17:40:00+00:00,999.83,999.83,999.035,999.395,1821.0,180.0,999.45863
EQIX,2026-09-15 17:45:00+00:00,999.365,999.71,998.86,999.44,1943.0,211.0,999.230714
EQIX,2026-09-15 17:50:00+00:00,999.07,999.225,998.93,999.03,1747.0,158.0,999.04942
EQIX,2026-09-15 17:55:00+00:00,999.55,1000.54,999.5293,1000.54,1995.0,216.0,1000.234308
EQIX,2026-09-15 18:00:00+00:00,1000.55,1000.55,998.845,998.86,2250.0,223.0,999.621486
EQIX,2026-09-15 18:05:00+00:00,998.705,999.46,998.4,999.46,1861.0,163.0,998.723942
EQIX,2026-09-15 18:10:00+00:00,999.395,999.395,998.67,998.67,541.0,81.0,999.178434
EQIX,2026-09-15 18:15:00+00:00,999.17,999.17,997.44,997.44,2025.0,231.0,998.478408
EQIX,2026-09-15 18:20:00+00:00,997.67,999.3,997.67,998.875,2608.0,205.0,998.657495
EQIX,2026-09-15 18:25:00+00:00,999.23,1000.9151,998.43,1000.9151,6905.0,356.0,1000.098556
EQIX,2026-09-15 18:30:00+00:00,1000.55,1000.55,999.97,1000.54,1788.0,139.0,1000.468845
EQIX,2026-09-15 18:35:00+00:00,1000.545,1000.78,999.9,1000.11,1530.0,171.0,1000.245052
EQIX,2026-09-15 18:40:00+00:00,1000.19,1000.9,1000.11,1000.9,4056.0,320.0,1000.536402
EQIX,2026-09-15 18:45:00+00:00,1000.82,1002.32,1000.49,1001.74,2638.0,201.0,1001.473838
EQIX,2026-09-15 18:50:00+00:00,1001.56,1003.57,1001.56,1003.34,9451.0,371.0,1002.076339
EQIX,2026-09-15 18:55:00+00:00,1003.35,1004.95,1003.34,1004.05,4759.0,295.0,1003.951639
EQIX,2026-09-15 19:00:00+00:00,1004.95,1006.04,1004.01,1006.03,3860.0,216.0,1005.003173
EQIX,2026-09-15 19:05:00+00:00,1006.02,1006.76,1004.58,1006.46,5796.0,310.0,1005.635721
EQIX,2026-09-15 19:10:00+00:00,1006.9299,1007.67,1006.06,1007.67,3729.0,290.0,1006.668291
EQIX,2026-09-15 19:15:00+00:00,1007.67,1007.84,1006.77,1007.33,7549.0,403.0,1007.337865
EQIX,2026-09-15 19:20:00+00:00,1007.39,1008.17,1006.5801,1007.88,2765.0,265.0,1007.175536
EQIX,2026-09-15 19:25:00+00:00,1008.16,1008.2,1007.67,1007.67,3653.0,334.0,1008.020666
EQIX,2026-09-15 19:30:00+00:00,1007.58,1008.74,1007.58,1007.95,6763.0,477.0,1008.092538
EQIX,2026-09-15 19:35:00+00:00,1008.25,1008.31,1007.41,1007.86,6217.0,417.0,1007.891205
EQIX,2026-09-15 19:40:00+00:00,1007.85,1010.05,1007.22,1008.95,7470.0,521.0,1008.32515
EQIX,2026-09-15 19:45:00+00:00,1009.0,1009.225,1007.99,1007.99,8245.0,448.0,1008.797054
EQIX,2026-09-15 19:50:00+00:00,1008.6,1008.65,1006.28,1008.44,20885.0,1017.0,1007.463628
EQIX,2026-09-15 19:55:00+00:00,1007.84,1008.025,1005.72,1006.97,44182.0,2397.0,1006.795322
EQIX,2026-09-15 20:00:00+00:00,1006.98,1006.98,1006.98,1006.98,171719.0,83.0,1006.98
EQIX,2026-09-15 20:35:00+00:00,1006.98,1006.98,1006.98,1006.98,5217.0,1.0,1006.98
EQIX,2026-09-16 13:30:00+00:00,1015.8,1025.0,1013.46,1017.65,9297.0,387.0,1016.555108
EQIX,2026-09-16 13:35:00+00:00,1016.76,1022.65,1016.76,1018.2625,2460.0,189.0,1019.844894
EQIX,2026-09-16 13:40:00+00:00,1018.3346,1019.25,1013.17,1013.65,5792.0,278.0,1014.82493
EQIX,2026-09-16 13:45:00+00:00,1015.62,1021.11,1015.62,1020.73,7874.0,391.0,1018.21031
EQIX,2026-09-16 13:50:00+00:00,1020.57,1021.875,1019.24,1021.8,3533.0,293.0,1020.495918
EQIX,2026-09-16 13:55:00+00:00,1022.82,1024.955,1022.46,1022.46,7133.0,344.0,1023.085066
EQIX,2026-09-16 14:00:00+00:00,1022.905,1023.67,1019.21,1020.43,3874.0,258.0,1021.495126
EQIX,2026-09-16 14:05:00+00:00,1020.43,1022.75,1020.42,1021.23,3737.0,232.0,1021.82526
EQIX,2026-09-16 14:10:00+00:00,1021.225,1024.4,1021.225,1024.23,5612.0,319.0,1022.970409
EQIX,2026-09-16 14:15:00+00:00,1022.28,1024.95,1019.645,1019.645,4039.0,254.0,1021.773363
EQIX,2026-09-16 14:20:00+00:00,1019.705,1019.705,1017.025,1017.665,2391.0,203.0,1018.155405
EQIX,2026-09-16 14:25:00+00:00,1017.44,1017.44,1014.67,1014.67,1491.0,206.0,1015.552762
EQIX,2026-09-16 14:30:00+00:00,1016.14,1016.895,1016.13,1016.895,785.0,75.0,1016.300612
EQIX,2026-09-16 14:35:00+00:00,1015.72,1016.96,1015.72,1016.96,957.0,117.0,1016.261343
EQIX,2026-09-16 14:40:00+00:00,1018.65,1018.945,1018.495,1018.945,1521.0,175.0,1018.606716
EQIX,2026-09-16 14:45:00+00:00,1018.94,1020.32,1017.65,1019.915,2976.0,228.0,1019.568001
EQIX,2026-09-16 14:50:00+00:00,1019.72,1022.84,1019.72,1022.53,1809.0,180.0,1021.347336
EQIX,2026-09-16 14:55:00+00:00,1022.84,1023.21,1022.37,1022.92,3694.0,195.0,1022.894762
EQIX,2026-09-16 15:00:00+00:00,1024.27,1024.48,1021.2,1022.28,2998.0,268.0,1022.488337
EQIX,2026-09-16 15:05:00+00:00,1021.97,1022.85,1021.96,1022.145,1940.0,159.0,1022.129735
EQIX,2026-09-16 15:10:00+00:00,1022.89,1025.55,1022.405,1025.43,3573.0,246.0,1023.957079
EQIX,2026-09-16 15:15:00+00:00,1024.41,1025.98,1024.41,1025.98,1462.0,164.0,1025.273405
EQIX,2026-09-16 15:20:00+00:00,1024.33,1025.01,1023.42,1024.305,1938.0,179.0,1024.211438
EQIX,2026-09-16 15:25:00+00:00,1024.305,1025.47,1024.305,1025.21,957.0,83.0,1024.907314
EQIX,2026-09-16 15:30:00+00:00,1024.04,1024.82,1023.32,1024.6,3596.0,219.0,1024.38381
EQIX,2026-09-16 15:35:00+00:00,1024.12,1025.7,1024.12,1025.69,1842.0,182.0,1024.924132
EQIX,2026-09-16 15:40:00+00:00,1025.23,1026.69,1025.23,1026.69,1031.0,129.0,1025.890714
EQIX,2026-09-16 15:45:00+00:00,1026.725,1026.74,1025.95,1026.62,1792.0,166.0,1026.494703
EQIX,2026-09-16 15:50:00+00:00,1026.61,1027.44,1025.81,1026.04,1354.0,138.0,1026.469112
EQIX,2026-09-16 15:55:00+00:00,1025.81,1027.37,1025.58,1025.725,2171.0,216.0,1026.127678
EQIX,2026-09-16 16:00:00+00:00,1026.92,1026.92,1025.72,1026.87,1317.0,105.0,1025.995029
EQIX,2026-09-16 16:05:00+00:00,1025.835,1026.48,1024.5795,1025.54,1087.0,98.0,1025.448244
EQIX,2026-09-16 16:10:00+00:00,1026.08,1027.22,1025.54,1027.22,4312.0,231.0,1026.28998
EQIX,2026-09-16 16:15:00+00:00,1027.013,1027.013,1026.11,1026.58,933.0,118.0,1026.505647
EQIX,2026-09-16 16:20:00+00:00,1026.585,1026.6225,1026.37,1026.59,1973.0,156.0,1026.478024
EQIX,2026-09-16 16:25:00+00:00,1027.31,1028.17,1026.39,1028.15,3981.0,130.0,1027.323501
EQIX,2026-09-16 16:30:00+00:00,1027.69,1027.69,1025.985,1026.0475,2038.0,132.0,1026.919024
EQIX,2026-09-16 16:35:00+00:00,1025.45,1025.965,1025.45,1025.59,1179.0,87.0,1025.642574
EQIX,2026-09-16 16:40:00+00:00,1026.48,1026.99,1025.965,1026.99,1703.0,128.0,1026.627634
EQIX,2026-09-16 16:50:00+00:00,1027.76,1027.8,1026.61,1026.955,1801.0,144.0,1027.350607
EQIX,2026-09-16 16:55:00+00:00,1026.98,1028.395,1026.98,1027.92,2511.0,168.0,1027.859706
EQIX,2026-09-16 17:00:00+00:00,1028.39,1028.89,1026.88,1026.88,2847.0,211.0,1028.230075
EQIX,2026-09-16 17:05:00+00:00,1026.665,1026.88,1026.665,1026.88,511.0,52.0,1026.738974
EQIX,2026-09-16 17:10:00+00:00,1026.93,1027.53,1026.84,1026.995,1020.0,103.0,1027.090678
EQIX,2026-09-16 17:15:00+00:00,1027.04,1027.75,1026.83,1027.16,3554.0,226.0,1027.268606
EQIX,2026-09-16 17:20:00+00:00,1027.84,1027.84,1025.37,1025.37,7937.0,298.0,1026.246043
EQIX,2026-09-16 17:25:00+00:00,1025.485,1026.23,1024.8549,1025.34,2629.0,121.0,1025.61245
EQIX,2026-09-16 17:30:00+00:00,1025.765,1026.25,1025.29,1025.29,3069.0,210.0,1025.876864
EQIX,2026-09-16 17:35:00+00:00,1024.04,1024.4,1023.5,1024.105,3876.0,201.0,1023.806785
EQIX,2026-09-16 17:40:00+00:00,1023.38,1024.43,1022.52,1022.52,2883.0,222.0,1023.660867
EQIX,2026-09-16 17:45:00+00:00,1021.88,1023.45,1021.71,1021.71,1061.0,147.0,1022.30539
EQIX,2026-09-16 17:50:00+00:00,1021.69,1023.58,1021.3,1023.58,2630.0,187.0,1022.382446
EQIX,2026-09-16 17:55:00+00:00,1023.2,1023.55,1022.27,1023.55,1665.0,140.0,1022.848772
EQIX,2026-09-16 18:00:00+00:00,1023.08,1023.965,1021.28,1023.33,4367.0,223.0,1022.967689
EQIX,2026-09-16 18:05:00+00:00,1023.35,1024.16,1022.77,1024.16,1900.0,150.0,1023.370861
EQIX,2026-09-16 18:10:00+00:00,1024.4,1024.97,1023.895,1023.965,2877.0,163.0,1024.270027
EQIX,2026-09-16 18:15:00+00:00,1023.41,1023.91,1022.84,1023.41,926.0,79.0,1023.23
EQIX,2026-09-16 18:20:00+00:00,1023.395,1023.395,1021.785,1023.21,1450.0,123.0,1022.736142
EQIX,2026-09-16 18:25:00+00:00,1023.195,1023.195,1019.78,1022.63,1763.0,151.0,1021.981406
EQIX,2026-09-16 18:30:00+00:00,1022.63,1022.63,1018.89,1019.01,2313.0,204.0,1020.610462
EQIX,2026-09-16 18:35:00+00:00,1018.99,1019.16,1016.815,1019.16,2198.0,175.0,1018.170767
EQIX,2026-09-16 18:40:00+00:00,1019.205,1021.94,1019.205,1021.17,1556.0,147.0,1020.787404
EQIX,2026-09-16 18:45:00+00:00,1020.43,1020.48,1017.73,1017.73,2111.0,163.0,1019.330305
EQIX,2026-09-16 18:50:00+00:00,1016.77,1016.77,1011.39,1012.08,2501.0,234.0,1014.389162
EQIX,2026-09-16 18:55:00+00:00,1013.19,1014.59,1013.19,1013.4075,2149.0,168.0,1013.626567
EQIX,2026-09-16 19:00:00+00:00,1014.55,1017.1444,1014.45,1016.385,1286.0,135.0,1015.679906
EQIX,2026-09-16 19:05:00+00:00,1016.385,1016.81,1015.0,1015.11,5789.0,257.0,1015.309185
EQIX,2026-09-16 19:10:00+00:00,1015.14,1015.2,1012.8,1012.8,2381.0,209.0,1014.082351
EQIX,2026-09-16 19:15:00+00:00,1012.92,1013.78,1011.09,1011.505,3230.0,274.0,1012.67495
EQIX,2026-09-16 19:20:00+00:00,1012.23,1012.58,1010.98,1011.29,2587.0,236.0,1011.947753
EQIX,2026-09-16 19:25:00+00:00,1011.3,1012.05,1010.16,1011.985,2358.0,241.0,1011.143186
EQIX,2026-09-16 19:30:00+00:00,1012.12,1014.02,1012.12,1013.44,4593.0,388.0,1012.899758
EQIX,2026-09-16 19:35:00+00:00,1012.76,1013.43,1011.9,1012.83,2940.0,273.0,1012.668783
EQIX,2026-09-16 19:40:00+00:00,1012.83,1013.37,1012.02,1012.915,3999.0,347.0,1012.859501
EQIX,2026-09-16 19:45:00+00:00,1012.94,1015.095,1012.94,1014.5,7581.0,504.0,1014.449107
EQIX,2026-09-16 19:50:00+00:00,1013.98,1018.8,1013.95,1018.8,11064.0,690.0,1015.577459
EQIX,2026-09-16 19:55:00+00:00,1017.35,1018.25,1016.19,1016.31,25738.0,1743.0,1017.074954
EQIX,2026-09-16 20:00:00+00:00,1016.16,1016.16,1016.16,1016.16,132607.0,80.0,1016.16
EQIX,2026-09-16 20:35:00+00:00,1016.16,1016.16,1016.16,1016.16,97.0,1.0,1016.16
EQIX,2026-09-17 13:30:00+00:00,1029.97,1033.99,1024.7,1027.67,7996.0,331.0,1029.539287
EQIX,2026-09-17 13:35:00+00:00,1028.79,1033.87,1027.24,1028.425,3501.0,179.0,1030.527794
EQIX,2026-09-17 13:40:00+00:00,1029.0529,1030.54,1024.02,1026.92,1946.0,228.0,1027.030565
EQIX,2026-09-17 13:45:00+00:00,1027.26,1031.37,1027.26,1031.37,1344.0,200.0,1029.369357
EQIX,2026-09-17 13:50:00+00:00,1031.07,1031.07,1028.62,1029.29,3088.0,194.0,1029.764616
EQIX,2026-09-17 13:55:00+00:00,1027.0,1027.0,1024.13,1024.13,2690.0,142.0,1025.649997
EQIX,2026-09-17 14:00:00+00:00,1024.06,1024.09,1022.88,1022.88,1309.0,181.0,1023.538914
EQIX,2026-09-17 14:05:00+00:00,1022.9075,1024.43,1022.69,1024.175,2198.0,205.0,1023.675052
EQIX,2026-09-17 14:10:00+00:00,1023.29,1023.29,1021.215,1022.81,3468.0,227.0,1022.474382
EQIX,2026-09-17 14:15:00+00:00,1022.81,1024.94,1022.81,1023.4793,2213.0,164.0,1023.888864
EQIX,2026-09-17 14:20:00+00:00,1023.07,1026.21,1022.88,1022.94,2336.0,164.0,1024.197146
EQIX,2026-09-17 14:25:00+00:00,1024.23,1024.8894,1022.142,1023.425,1632.0,150.0,1023.704557
EQIX,2026-09-17 14:30:00+00:00,1023.395,1023.395,1023.395,1023.395,277.0,27.0,1023.395
EQIX,2026-09-17 14:35:00+00:00,1023.305,1024.56,1022.74,1022.74,1995.0,139.0,1023.535075
EQIX,2026-09-17 14:40:00+00:00,1022.41,1022.9809,1022.41,1022.9809,610.0,75.0,1022.840183
EQIX,2026-09-17 14:45:00+00:00,1022.77,1024.35,1022.73,1023.75,3833.0,229.0,1023.335329
EQIX,2026-09-17 14:50:00+00:00,1023.215,1023.83,1021.57,1021.57,7186.0,327.0,1023.000484
EQIX,2026-09-17 14:55:00+00:00,1022.4,1023.73,1022.365,1023.73,852.0,110.0,1022.596473
EQIX,2026-09-17 15:00:00+00:00,1022.975,1023.9,1022.975,1023.9,222.0,28.0,1023.591667
EQIX,2026-09-17 15:05:00+00:00,1022.955,1024.49,1022.405,1023.53,1125.0,116.0,1023.432649
EQIX,2026-09-17 15:10:00+00:00,1023.57,1024.55,1023.57,1024.55,667.0,37.0,1024.034891
EQIX,2026-09-17 15:15:00+00:00,1024.33,1025.89,1024.21,1025.89,2217.0,193.0,1024.572532
EQIX,2026-09-17 15:20:00+00:00,1026.41,1026.41,1025.35,1025.35,611.0,32.0,1025.718696
EQIX,2026-09-17 15:25:00+00:00,1026.33,1026.71,1026.23,1026.705,1235.0,119.0,1026.506692
EQIX,2026-09-17 15:30:00+00:00,1026.68,1027.92,1025.3968,1026.3495,2927.0,236.0,1026.950442
EQIX,2026-09-17 15:35:00+00:00,1025.9825,1026.53,1024.28,1024.29,2273.0,159.0,1025.641106
EQIX,2026-09-17 15:40:00+00:00,1026.71,1028.03,1026.29,1026.29,1810.0,76.0,1027.284289
EQIX,2026-09-17 15:45:00+00:00,1025.41,1026.29,1025.39,1025.39,960.0,82.0,1025.728447
EQIX,2026-09-17 15:50:00+00:00,1026.315,1026.73,1025.81,1026.59,1310.0,128.0,1026.375203
EQIX,2026-09-17 16:00:00+00:00,1025.4901,1026.13,1024.95,1025.58,1490.0,109.0,1025.506726
EQIX,2026-09-17 16:05:00+00:00,1024.96,1026.47,1024.74,1024.74,1645.0,80.0,1026.177479
EQIX,2026-09-17 16:10:00+00:00,1024.285,1025.6,1023.79,1025.6,2300.0,205.0,1024.509679
EQIX,2026-09-17 16:15:00+00:00,1025.28,1025.7125,1025.28,1025.7125,464.0,51.0,1025.450595
EQIX,2026-09-17 16:20:00+00:00,1026.13,1028.59,1025.3912,1025.3912,1488.0,144.0,1026.715398
EQIX,2026-09-17 16:25:00+00:00,1026.71,1027.58,1026.09,1026.59,908.0,58.0,1026.464521
EQIX,2026-09-17 16:30:00+00:00,1025.6,1027.76,1025.58,1025.58,2719.0,170.0,1026.55197
EQIX,2026-09-17 16:35:00+00:00,1024.95,1025.78,1024.94,1025.78,1009.0,96.0,1025.477828
EQIX,2026-09-17 16:40:00+00:00,1025.58,1026.195,1025.58,1026.195,584.0,74.0,1025.917857
EQIX,2026-09-17 16:50:00+00:00,1025.12,1026.49,1024.88,1025.28,2054.0,121.0,1025.20874
EQIX,2026-09-17 16:55:00+00:00,1024.45,1024.49,1024.45,1024.49,202.0,42.0,1024.464545
EQIX,2026-09-17 17:00:00+00:00,1026.21,1026.21,1026.1,1026.1,524.0,78.0,1026.183653
EQIX,2026-09-17 17:05:00+00:00,1025.66,1026.075,1025.03,1025.28,2795.0,161.0,1025.379106
EQIX,2026-09-17 17:10:00+00:00,1025.95,1026.475,1025.86,1026.475,1910.0,92.0,1026.006864
EQIX,2026-09-17 17:15:00+00:00,1026.01,1026.5,1024.32,1024.32,5691.0,163.0,1025.907306
EQIX,2026-09-17 17:20:00+00:00,1024.32,1025.0125,1024.32,1024.915,937.0,96.0,1024.732832
EQIX,2026-09-17 17:25:00+00:00,1025.015,1025.72,1025.015,1025.42,2951.0,65.0,1025.054861
EQIX,2026-09-17 17:30:00+00:00,1025.142,1025.76,1024.2,1025.76,482.0,28.0,1024.993719
EQIX,2026-09-17 17:35:00+00:00,1025.01,1025.73,1025.01,1025.73,816.0,123.0,1025.599884
EQIX,2026-09-17 17:40:00+00:00,1025.105,1025.8161,1025.105,1025.8161,1329.0,63.0,1025.146608
EQIX,2026-09-17 17:45:00+00:00,1025.82,1026.33,1025.59,1026.33,924.0,129.0,1025.936538
EQIX,2026-09-17 17:50:00+00:00,1025.27,1026.11,1025.27,1026.11,308.0,19.0,1025.766731
EQIX,2026-09-17 17:55:00+00:00,1025.955,1026.96,1025.955,1026.96,1534.0,127.0,1026.580316
EQIX,2026-09-17 18:00:00+00:00,1026.47,1027.52,1026.47,1027.52,675.0,59.0,1027.110803
EQIX,2026-09-17 18:05:00+00:00,1026.995,1027.115,1026.34,1027.115,680.0,75.0,1026.93125
EQIX,2026-09-17 18:10:00+00:00,1027.09,1027.09,1027.0,1027.06,488.0,83.0,1027.054206
EQIX,2026-09-17 18:15:00+00:00,1027.08,1027.08,1027.08,1027.08,239.0,35.0,1027.08
EQIX,2026-09-17 18:20:00+00:00,1027.55,1027.61,1026.95,1027.61,816.0,106.0,1027.398421
EQIX,2026-09-17 18:25:00+00:00,1027.28,1027.285,1026.485,1026.485,2134.0,210.0,1026.961906
EQIX,2026-09-17 18:30:00+00:00,1026.62,1026.62,1026.3,1026.3,267.0,47.0,1026.463902
EQIX,2026-09-17 18:35:00+00:00,1026.7551,1026.7551,1026.7551,1026.7551,155.0,22.0,1026.7551
EQIX,2026-09-17 18:40:00+00:00,1026.15,1026.29,1026.0,1026.0,1440.0,105.0,1026.021481
EQIX,2026-09-17 18:45:00+00:00,1026.34,1026.34,1025.0,1025.0,3649.0,246.0,1025.700641
EQIX,2026-09-17 18:50:00+00:00,1024.59,1024.695,1023.05,1023.905,2479.0,148.0,1024.275797
EQIX,2026-09-17 18:55:00+00:00,1023.975,1024.7499,1023.975,1024.08,428.0,56.0,1024.201118
EQIX,2026-09-17 19:00:00+00:00,1024.74,1025.39,1023.9,1025.135,3525.0,259.0,1024.443049
EQIX,2026-09-17 19:05:00+00:00,1025.13,1025.7,1024.65,1025.505,4172.0,168.0,1025.269965
EQIX,2026-09-17 19:10:00+00:00,1026.33,1026.8,1025.23,1025.27,3104.0,207.0,1026.061363
EQIX,2026-09-17 19:15:00+00:00,1025.745,1025.98,1024.68,1025.98,2577.0,237.0,1025.439365
EQIX,2026-09-17 19:20:00+00:00,1025.71,1026.65,1025.71,1026.65,1701.0,181.0,1026.258151
EQIX,2026-09-17 19:25:00+00:00,1027.0,1027.73,1026.64,1026.64,2172.0,245.0,1027.136418
EQIX,2026-09-17 19:30:00+00:00,1026.64,1027.41,1026.625,1027.14,1865.0,188.0,1027.065212
EQIX,2026-09-17 19:35:00+00:00,1027.05,1027.63,1025.94,1026.06,3892.0,283.0,1026.73419
EQIX,2026-09-17 19:40:00+00:00,1025.69,1026.9,1025.22,1026.2,4667.0,338.0,1025.780647
EQIX,2026-09-17 19:45:00+00:00,1026.73,1028.05,1026.39,1026.955,5868.0,374.0,1027.016877
EQIX,2026-09-17 19:50:00+00:00,1026.56,1026.56,1025.12,1026.5,7753.0,625.0,1025.965588
EQIX,2026-09-17 19:55:00+00:00,1026.75,1026.96,1025.6975,1026.51,30501.0,1616.0,1026.239792
EQIX,2026-09-17 20:00:00+00:00,1025.94,1025.94,1025.94,1025.94,165600.0,79.0,1025.94
EQIX,2026-09-18 13:30:00+00:00,1025.4,1030.0,1015.93,1026.555,97525.0,258.0,1025.894538
EQIX,2026-09-18 13:35:00+00:00,1026.93,1026.93,1022.6975,1025.545,1038.0,143.0,1024.694345
EQIX,2026-09-18 13:40:00+00:00,1026.7097,1027.76,1024.9,1026.55,828.0,83.0,1026.424573
EQIX,2026-09-18 13:45:00+00:00,1024.35,1024.42,1021.62,1022.715,3443.0,210.0,1022.755367
EQIX,2026-09-18 13:50:00+00:00,1021.795,1023.21,1018.79,1018.79,1546.0,144.0,1021.849747
EQIX,2026-09-18 13:55:00+00:00,1019.5243,1019.78,1018.12,1018.12,911.0,80.0,1018.712862
EQIX,2026-09-18 14:00:00+00:00,1018.37,1019.97,1016.8401,1019.97,2896.0,215.0,1018.637865
EQIX,2026-09-18 14:05:00+00:00,1020.7,1020.7,1015.5502,1015.5502,845.0,87.0,1017.469643
EQIX,2026-09-18 14:10:00+00:00,1015.95,1018.21,1015.54,1016.0,2097.0,174.0,1016.575859
EQIX,2026-09-18 14:15:00+00:00,1016.365,1016.41,1014.3459,1015.84,1608.0,134.0,1015.975568
EQIX,2026-09-18 14:20:00+00:00,1015.84,1017.14,1015.84,1016.105,2528.0,207.0,1016.626875
EQIX,2026-09-18 14:25:00+00:00,1016.83,1018.8599,1016.53,1018.8599,1826.0,191.0,1017.16958
EQIX,2026-09-18 14:30:00+00:00,1016.44,1018.54,1015.9,1017.945,4923.0,254.0,1016.602677
EQIX,2026-09-18 14:35:00+00:00,1017.8325,1019.33,1015.795,1017.73,6784.0,226.0,1017.23309
EQIX,2026-09-18 14:40:00+00:00,1017.73,1018.84,1016.55,1017.6,3732.0,236.0,1017.471541
EQIX,2026-09-18 14:45:00+00:00,1018.76,1021.64,1018.21,1020.67,3817.0,239.0,1020.418433
EQIX,2026-09-18 14:50:00+00:00,1020.79,1021.47,1018.725,1018.725,1365.0,136.0,1019.858102
EQIX,2026-09-18 14:55:00+00:00,1018.74,1019.11,1018.74,1019.11,334.0,32.0,1018.863333
EQIX,2026-09-18 15:00:00+00:00,1018.7375,1019.78,1018.485,1018.94,5213.0,147.0,1018.848746
EQIX,2026-09-18 15:05:00+00:00,1018.5,1018.5,1017.015,1017.49,1893.0,120.0,1017.615084
EQIX,2026-09-18 15:10:00+00:00,1017.06,1019.425,1017.06,1018.875,2830.0,169.0,1018.307907
EQIX,2026-09-18 15:15:00+00:00,1019.17,1019.99,1019.17,1019.79,1492.0,150.0,1019.671916
EQIX,2026-09-18 15:20:00+00:00,1020.45,1020.45,1018.53,1019.25,2377.0,184.0,1019.384667
EQIX,2026-09-18 15:25:00+00:00,1020.07,1021.62,1020.07,1020.45,1003.0,85.0,1020.895676
EQIX,2026-09-18 15:30:00+00:00,1018.8122,1021.71,1018.8122,1021.71,2236.0,172.0,1020.692062
EQIX,2026-09-18 15:35:00+00:00,1021.88,1021.99,1021.22,1021.4,718.0,86.0,1021.519706
EQIX,2026-09-18 15:40:00+00:00,1021.4,1022.02,1020.54,1021.29,2167.0,138.0,1021.341318
EQIX,2026-09-18 15:45:00+00:00,1021.56,1022.99,1020.43,1022.8225,4912.0,201.0,1022.268303
EQIX,2026-09-18 15:50:00+00:00,1023.37,1023.37,1023.3,1023.3,197.0,35.0,1023.335
EQIX,2026-09-18 15:55:00+00:00,1022.575,1022.96,1022.1,1022.31,4192.0,230.0,1022.489203
EQIX,2026-09-18 16:00:00+00:00,1022.2375,1022.58,1022.2375,1022.26,507.0,55.0,1022.325964
EQIX,2026-09-18 16:05:00+00:00,1022.58,1023.3899,1022.51,1023.27,1247.0,139.0,1022.923481
EQIX,2026-09-18 16:10:00+00:00,1022.745,1023.74,1022.27,1022.51,3340.0,152.0,1023.044627
EQIX,2026-09-18 16:15:00+00:00,1023.22,1023.86,1023.21,1023.84,584.0,48.0,1023.45812
EQIX,2026-09-18 16:20:00+00:00,1023.18,1023.44,1022.26,1022.82,1322.0,100.0,1022.632828
EQIX,2026-09-18 16:25:00+00:00,1021.75,1023.2877,1021.75,1022.585,1802.0,88.0,1022.96826
EQIX,2026-09-18 16:30:00+00:00,1023.38,1023.88,1023.22,1023.88,700.0,90.0,1023.44
EQIX,2026-09-18 16:35:00+00:00,1023.72,1024.26,1023.72,1024.26,473.0,41.0,1024.043392
EQIX,2026-09-18 16:40:00+00:00,1024.18,1024.27,1023.37,1024.125,1800.0,132.0,1023.926915
EQIX,2026-09-18 16:45:00+00:00,1024.52,1025.34,1024.3925,1024.64,640.0,82.0,1024.698957
EQIX,2026-09-18 16:50:00+00:00,1025.43,1026.7799,1025.3595,1026.1,2627.0,117.0,1026.359879
EQIX,2026-09-18 16:55:00+00:00,1026.2051,1026.875,1026.075,1026.075,1649.0,117.0,1026.455879
EQIX,2026-09-18 17:00:00+00:00,1026.07,1026.58,1025.57,1026.36,1084.0,101.0,1026.242993
EQIX,2026-09-18 17:05:00+00:00,1026.76,1026.86,1026.27,1026.56,1460.0,113.0,1026.462184
EQIX,2026-09-18 17:10:00+00:00,1026.58,1026.58,1024.5001,1025.6375,1359.0,156.0,1025.710035
EQIX,2026-09-18 17:20:00+00:00,1026.33,1026.83,1025.855,1026.83,741.0,77.0,1026.355516
EQIX,2026-09-18 17:25:00+00:00,1027.12,1027.12,1026.26,1026.26,1288.0,127.0,1026.565902
EQIX,2026-09-18 17:30:00+00:00,1026.7,1027.52,1026.645,1026.645,1005.0,120.0,1027.1175
EQIX,2026-09-18 17:35:00+00:00,1027.53,1027.72,1027.42,1027.42,595.0,75.0,1027.541823
EQIX,2026-09-18 17:40:00+00:00,1028.43,1028.43,1027.415,1028.04,1370.0,135.0,1027.922587
EQIX,2026-09-18 17:45:00+00:00,1028.43,1028.43,1027.64,1027.64,774.0,64.0,1027.99813
EQIX,2026-09-18 17:50:00+00:00,1027.595,1028.755,1027.595,1028.745,1583.0,114.0,1028.566984
EQIX,2026-09-18 17:55:00+00:00,1029.12,1029.8,1029.12,1029.49,1212.0,137.0,1029.441613
EQIX,2026-09-18 18:00:00+00:00,1029.9,1030.415,1028.19,1028.55,9992.0,315.0,1029.568875
EQIX,2026-09-18 18:05:00+00:00,1028.53,1029.07,1027.895,1028.77,3931.0,148.0,1028.331118
EQIX,2026-09-18 18:10:00+00:00,1027.88,1028.12,1027.155,1027.66,4670.0,211.0,1027.840963
EQIX,2026-09-18 18:15:00+00:00,1028.12,1028.12,1026.83,1027.38,1721.0,130.0,1027.567088
EQIX,2026-09-18 18:20:00+00:00,1027.5,1028.18,1027.495,1028.07,603.0,79.0,1027.718185
EQIX,2026-09-18 18:25:00+00:00,1027.9,1027.95,1027.41,1027.64,2100.0,109.0,1027.67051
EQIX,2026-09-18 18:30:00+00:00,1027.18,1027.18,1026.86,1026.88,743.0,89.0,1026.995643
EQIX,2026-09-18 18:35:00+00:00,1027.21,1027.22,1027.21,1027.21,346.0,44.0,1027.212857
EQIX,2026-09-18 18:40:00+00:00,1027.11,1027.11,1026.45,1026.48,688.0,64.0,1026.636012
EQIX,2026-09-18 18:45:00+00:00,1027.39,1028.01,1027.39,1027.74,900.0,138.0,1027.741429
EQIX,2026-09-18 18:50:00+00:00,1027.74,1027.74,1026.73,1027.26,921.0,91.0,1027.266171
EQIX,2026-09-18 18:55:00+00:00,1026.34,1026.705,1025.84,1026.4025,2069.0,120.0,1026.397998
EQIX,2026-09-18 19:00:00+00:00,1025.98,1026.6625,1025.98,1026.6625,641.0,70.0,1026.249298
EQIX,2026-09-18 19:05:00+00:00,1026.68,1029.14,1026.635,1027.735,5910.0,303.0,1027.751003
EQIX,2026-09-18 19:10:00+00:00,1027.55,1028.56,1027.18,1028.56,2134.0,191.0,1027.598584
EQIX,2026-09-18 19:15:00+00:00,1027.455,1028.34,1027.18,1028.34,2707.0,219.0,1027.859619
EQIX,2026-09-18 19:20:00+00:00,1028.54,1028.54,1027.875,1027.875,950.0,116.0,1027.952527
EQIX,2026-09-18 19:25:00+00:00,1027.86,1028.27,1027.725,1028.27,747.0,133.0,1027.917617
EQIX,2026-09-18 19:30:00+00:00,1028.27,1028.27,1025.39,1025.81,3664.0,307.0,1026.712574
EQIX,2026-09-18 19:35:00+00:00,1026.33,1026.33,1026.02,1026.245,1504.0,171.0,1026.217743
EQIX,2026-09-18 19:40:00+00:00,1026.61,1026.96,1025.195,1025.305,2440.0,297.0,1025.927013
EQIX,2026-09-18 19:45:00+00:00,1024.97,1025.64,1023.76,1023.775,7179.0,522.0,1025.078548
EQIX,2026-09-18 19:50:00+00:00,1023.57,1024.47,1021.01,1022.92,16086.0,853.0,1023.102816
EQIX,2026-09-18 19:55:00+00:00,1021.61,1023.06,1020.63,1021.34,44572.0,2597.0,1021.56694
EQIX,2026-09-18 20:00:00+00:00,1021.34,1021.6566,1021.34,1021.34,328825.0,58.0,1021.344395
