symbol,timestamp,open,high,low,close,volume,trade_count,vwap
MCD,2026-08-14 08:00:00+00:00,272.87,272.87,272.5,272.5,2249.0,231.0,272.608167
MCD,2026-08-14 08:05:00+00:00,272.61,272.61,272.61,272.61,69.0,3.0,272.61
MCD,2026-08-14 08:25:00+00:00,272.32,272.32,272.25,272.25,915.0,42.0,272.270285
MCD,2026-08-14 08:30:00+00:00,272.47,272.87,272.47,272.51,2239.0,65.0,272.550503
MCD,2026-08-14 08:50:00+00:00,272.7219,272.7219,272.7219,272.7219,88.0,1.0,272.7219
MCD,2026-08-14 09:20:00+00:00,272.7599,272.7599,272.7599,272.7599,2125.0,9.0,272.7599
MCD,2026-08-14 09:30:00+00:00,272.53,272.53,272.53,272.53,310.0,4.0,272.53
MCD,2026-08-14 09:35:00+00:00,272.51,272.55,272.51,272.52,792.0,36.0,272.524484
MCD,2026-08-14 09:40:00+00:00,272.52,272.52,272.51,272.51,337.0,12.0,272.511828
MCD,2026-08-14 09:55:00+00:00,272.7,272.7,272.7,272.7,2000.0,2.0,272.7
MCD,2026-08-14 10:00:00+00:00,272.76,272.76,272.63,272.63,301.0,3.0,272.673333
MCD,2026-08-14 10:10:00+00:00,272.7564,272.85,272.7564,272.85,1318.0,13.0,272.769436
MCD,2026-08-14 10:15:00+00:00,272.81,272.99,272.81,272.99,474.0,23.0,272.913803
MCD,2026-08-14 10:20:00+00:00,272.87,272.97,272.87,272.95,238.0,11.0,272.940984
MCD,2026-08-14 10:25:00+00:00,272.88,273.0,272.77,273.0,1718.0,37.0,272.868532
MCD,2026-08-14 10:40:00+00:00,272.86,272.86,272.86,272.86,143.0,8.0,272.86
MCD,2026-08-14 10:45:00+00:00,272.6,272.6,272.6,272.6,242.0,5.0,272.6
MCD,2026-08-14 11:00:00+00:00,272.6,272.6,272.42,272.42,275.0,20.0,272.543158
MCD,2026-08-14 11:05:00+00:00,272.5,272.5,272.41,272.41,239.0,13.0,272.436087
MCD,2026-08-14 11:10:00+00:00,272.45,272.45,272.35,272.35,597.0,19.0,272.437261
MCD,2026-08-14 11:20:00+00:00,272.35,272.35,272.35,272.35,120.0,3.0,272.35
MCD,2026-08-14 11:25:00+00:00,272.5,272.5,272.41,272.41,255.0,7.0,272.454774
MCD,2026-08-14 11:35:00+00:00,272.55,272.55,272.55,272.55,553.0,5.0,272.55
MCD,2026-08-14 11:50:00+00:00,272.9,272.9,272.9,272.9,72.0,5.0,272.9
MCD,2026-08-14 12:00:00+00:00,272.5,272.5,272.47,272.47,201.0,8.0,272.49246
MCD,2026-08-14 12:10:00+00:00,272.35,272.35,272.3,272.3,225.0,19.0,272.323958
MCD,2026-08-14 12:15:00+00:00,272.3,272.3,272.3,272.3,1000.0,2.0,272.3
MCD,2026-08-14 12:20:00+00:00,272.54,272.54,272.54,272.54,115.0,14.0,272.54
MCD,2026-08-14 12:25:00+00:00,272.5209,272.5209,272.5209,272.5209,51.0,2.0,272.5209
MCD,2026-08-14 12:30:00+00:00,272.49,272.6,272.49,272.49,634.0,14.0,272.512587
MCD,2026-08-14 12:35:00+00:00,272.49,272.49,272.49,272.49,576.0,31.0,272.49
MCD,2026-08-14 12:40:00+00:00,272.35,272.35,272.35,272.35,930.0,2.0,272.35
MCD,2026-08-14 12:45:00+00:00,272.28,272.49,272.28,272.49,387.0,23.0,272.320159
MCD,2026-08-14 12:50:00+00:00,272.31,272.31,272.31,272.31,55.0,5.0,272.31
MCD,2026-08-14 12:55:00+00:00,272.25,272.25,272.2,272.2,670.0,45.0,272.231395
MCD,2026-08-14 13:00:00+00:00,272.4171,272.4171,272.13,272.13,575.0,9.0,272.188564
MCD,2026-08-14 13:05:00+00:00,272.3082,272.35,272.21,272.35,674.0,28.0,272.258026
MCD,2026-08-14 13:10:00+00:00,272.25,272.25,272.13,272.15,1295.0,38.0,272.152833
MCD,2026-08-14 13:15:00+00:00,272.15,272.15,272.1,272.11,427.0,20.0,272.116338
MCD,2026-08-14 13:20:00+00:00,272.21,272.24,272.1,272.1001,1847.0,30.0,272.127191
MCD,2026-08-14 13:25:00+00:00,272.34,272.85,272.1809,272.85,2578.0,62.0,272.606445
MCD,2026-08-14 13:30:00+00:00,272.33,272.7042,271.27,272.13,135908.0,2968.0,272.061449
MCD,2026-08-14 13:35:00+00:00,272.35,273.0,272.315,272.555,41816.0,1331.0,272.719253
MCD,2026-08-14 13:40:00+00:00,272.5354,272.82,272.35,272.405,24548.0,962.0,272.566053
MCD,2026-08-14 13:45:00+00:00,272.48,272.935,272.35,272.935,36587.0,1173.0,272.568196
MCD,2026-08-14 13:50:00+00:00,272.97,273.5,272.82,273.39,47492.0,1180.0,273.183298
MCD,2026-08-14 13:55:00+00:00,273.39,273.85,273.27,273.36,32094.0,1026.0,273.569707
MCD,2026-08-14 14:00:00+00:00,273.44,273.59,272.81,272.855,28794.0,1224.0,273.201786
MCD,2026-08-14 14:05:00+00:00,272.9,273.2899,272.54,273.26,35871.0,1278.0,272.795576
MCD,2026-08-14 14:10:00+00:00,273.27,273.4208,273.0,273.41,40760.0,1293.0,273.24977
MCD,2026-08-14 14:15:00+00:00,273.49,274.49,273.45,274.39,43625.0,1360.0,274.067985
MCD,2026-08-14 14:20:00+00:00,274.43,274.8,274.06,274.8,46732.0,1301.0,274.508307
MCD,2026-08-14 14:25:00+00:00,274.81,275.34,274.5198,275.18,59110.0,1757.0,274.948047
MCD,2026-08-14 14:30:00+00:00,275.09,275.29,274.7601,275.02,30184.0,1163.0,275.062709
MCD,2026-08-14 14:35:00+00:00,275.002,275.17,274.87,274.92,33792.0,1326.0,275.034232
MCD,2026-08-14 14:40:00+00:00,274.95,274.95,274.4101,274.545,18940.0,875.0,274.586217
MCD,2026-08-14 14:45:00+00:00,274.59,274.75,274.39,274.54,19179.0,927.0,274.556733
MCD,2026-08-14 14:50:00+00:00,274.55,274.55,274.24,274.48,24303.0,882.0,274.413587
MCD,2026-08-14 14:55:00+00:00,274.51,274.88,274.37,274.88,29736.0,1055.0,274.563338
MCD,2026-08-14 15:00:00+00:00,274.82,274.885,274.5791,274.73,19895.0,809.0,274.694961
MCD,2026-08-14 15:05:00+00:00,274.69,274.84,274.53,274.59,11174.0,684.0,274.652412
MCD,2026-08-14 15:10:00+00:00,274.59,274.73,274.54,274.59,69808.0,676.0,274.61571
MCD,2026-08-14 15:15:00+00:00,274.545,274.8,274.545,274.77,17399.0,818.0,274.673823
MCD,2026-08-14 15:20:00+00:00,274.67,274.88,274.54,274.88,14806.0,824.0,274.686905
MCD,2026-08-14 15:25:00+00:00,274.93,274.98,274.465,274.475,27530.0,1063.0,274.727764
MCD,2026-08-14 15:30:00+00:00,274.56,274.77,274.485,274.7,22255.0,843.0,274.652809
MCD,2026-08-14 15:35:00+00:00,274.69,274.78,274.56,274.78,15555.0,709.0,274.66085
MCD,2026-08-14 15:40:00+00:00,274.77,274.98,274.7,274.71,24437.0,940.0,274.876473
MCD,2026-08-14 15:45:00+00:00,274.7,274.76,274.1813,274.19,27235.0,1024.0,274.503708
MCD,2026-08-14 15:50:00+00:00,274.19,274.4,274.18,274.25,15835.0,767.0,274.320179
MCD,2026-08-14 15:55:00+00:00,274.215,274.3099,273.805,273.86,16025.0,932.0,274.027803
MCD,2026-08-14 16:00:00+00:00,273.7901,273.95,273.75,273.86,16791.0,725.0,273.86563
MCD,2026-08-14 16:05:00+00:00,273.9,274.1058,273.87,273.995,18978.0,831.0,273.956386
MCD,2026-08-14 16:10:00+00:00,273.99,274.15,273.935,274.14,11404.0,653.0,274.024746
MCD,2026-08-14 16:15:00+00:00,274.12,274.15,273.92,273.95,15456.0,642.0,274.0124
MCD,2026-08-14 16:20:00+00:00,273.925,273.99,273.8,273.91,22512.0,590.0,273.829996
MCD,2026-08-14 16:25:00+00:00,273.875,273.92,273.69,273.71,13619.0,639.0,273.779238
MCD,2026-08-14 16:30:00+00:00,273.71,274.0397,273.71,274.0,19045.0,808.0,273.816969
MCD,2026-08-14 16:35:00+00:00,274.04,274.04,273.8214,273.855,11553.0,608.0,273.923063
MCD,2026-08-14 16:40:00+00:00,273.8755,273.93,273.545,273.545,15107.0,628.0,273.832476
MCD,2026-08-14 16:45:00+00:00,273.545,273.64,273.355,273.355,15411.0,730.0,273.520069
MCD,2026-08-14 16:50:00+00:00,273.35,273.365,273.1,273.13,24025.0,851.0,273.280247
MCD,2026-08-14 16:55:00+00:00,273.13,273.23,272.97,272.97,16680.0,832.0,273.077381
MCD,2026-08-14 17:00:00+00:00,272.985,273.365,272.9707,273.2607,18523.0,831.0,273.094897
MCD,2026-08-14 17:05:00+00:00,273.19,273.33,273.1301,273.22,9766.0,520.0,273.242675
MCD,2026-08-14 17:10:00+00:00,273.19,273.3,273.1601,273.3,12586.0,562.0,273.22233
MCD,2026-08-14 17:15:00+00:00,273.29,273.4,273.191,273.375,10620.0,513.0,273.240502
MCD,2026-08-14 17:20:00+00:00,273.35,273.6399,273.3,273.545,14719.0,593.0,273.486112
MCD,2026-08-14 17:25:00+00:00,273.545,273.59,273.365,273.525,17030.0,594.0,273.485992
MCD,2026-08-14 17:30:00+00:00,273.54,273.62,273.39,273.44,18803.0,803.0,273.511842
MCD,2026-08-14 17:35:00+00:00,273.44,273.46,273.3,273.39,18216.0,615.0,273.359015
MCD,2026-08-14 17:40:00+00:00,273.3101,273.38,273.245,273.3,13897.0,710.0,273.310163
MCD,2026-08-14 17:45:00+00:00,273.34,273.34,273.105,273.13,8996.0,544.0,273.181688
MCD,2026-08-14 17:50:00+00:00,273.16,273.2125,273.06,273.1551,11953.0,560.0,273.141229
MCD,2026-08-14 17:55:00+00:00,273.19,273.2657,273.15,273.19,11452.0,769.0,273.202344
MCD,2026-08-14 18:00:00+00:00,273.19,273.34,273.11,273.275,18261.0,703.0,273.225324
MCD,2026-08-14 18:05:00+00:00,273.2881,273.4599,273.25,273.42,12176.0,692.0,273.353327
MCD,2026-08-14 18:10:00+00:00,273.42,273.65,273.42,273.525,15032.0,733.0,273.553348
MCD,2026-08-14 18:15:00+00:00,273.53,273.58,273.44,273.44,9633.0,546.0,273.491779
MCD,2026-08-14 18:20:00+00:00,273.48,273.59,273.47,273.57,12062.0,669.0,273.540566
MCD,2026-08-14 18:25:00+00:00,273.555,273.62,273.4593,273.575,13212.0,744.0,273.516071
MCD,2026-08-14 18:30:00+00:00,273.575,273.935,273.52,273.88,17820.0,842.0,273.701703
MCD,2026-08-14 18:35:00+00:00,273.85,273.9636,273.55,273.58,18730.0,682.0,273.772181
MCD,2026-08-14 18:40:00+00:00,273.5722,273.67,273.47,273.48,21461.0,940.0,273.600897
MCD,2026-08-14 18:45:00+00:00,273.475,273.52,273.28,273.375,18156.0,853.0,273.385672
MCD,2026-08-14 18:50:00+00:00,273.39,273.51,273.37,273.445,12478.0,698.0,273.455384
MCD,2026-08-14 18:55:00+00:00,273.445,273.57,273.375,273.53,18139.0,853.0,273.461505
MCD,2026-08-14 19:00:00+00:00,273.55,273.66,273.52,273.57,23029.0,978.0,273.579009
MCD,2026-08-14 19:05:00+00:00,273.58,273.73,273.57,273.64,14741.0,897.0,273.626317
MCD,2026-08-14 19:10:00+00:00,273.66,273.8495,273.58,273.81,16174.0,850.0,273.712592
MCD,2026-08-14 19:15:00+00:00,273.825,273.84,273.5901,273.65,16843.0,940.0,273.714205
MCD,2026-08-14 19:20:00+00:00,273.66,273.8395,273.63,273.825,17069.0,923.0,273.756651
MCD,2026-08-14 19:25:00+00:00,273.825,273.88,273.56,273.575,25539.0,1123.0,273.77247
MCD,2026-08-14 19:30:00+00:00,273.54,273.705,273.46,273.66,28073.0,1108.0,273.57367
MCD,2026-08-14 19:35:00+00:00,273.66,273.77,273.5,273.62,28353.0,1194.0,273.627286
MCD,2026-08-14 19:40:00+00:00,273.62,273.7899,273.49,273.515,33577.0,1248.0,273.643448
MCD,2026-08-14 19:45:00+00:00,273.515,273.545,273.165,273.165,42165.0,1488.0,273.3504
MCD,2026-08-14 19:50:00+00:00,273.23,273.29,273.01,273.125,55827.0,1900.0,273.142123
MCD,2026-08-14 19:55:00+00:00,273.115,273.22,272.46,272.81,232393.0,6771.0,272.76834
MCD,2026-08-14 20:00:00+00:00,272.83,272.83,272.83,272.83,596730.0,96.0,272.83
MCD,2026-08-14 20:05:00+00:00,272.86,272.86,272.8,272.85,1910.0,31.0,272.826504
MCD,2026-08-14 20:15:00+00:00,272.63,272.63,272.63,272.63,65.0,1.0,272.63
MCD,2026-08-14 20:20:00+00:00,273.28,273.28,273.28,273.28,102.0,7.0,273.28
MCD,2026-08-14 20:25:00+00:00,273.5,273.5,273.5,273.5,40.0,1.0,273.5
MCD,2026-08-14 20:35:00+00:00,273.0,273.0,273.0,273.0,63.0,5.0,273.0
MCD,2026-08-14 20:40:00+00:00,272.83,273.0,272.83,273.0,837.0,7.0,272.844381
MCD,2026-08-14 20:55:00+00:00,272.7501,272.7501,272.7501,272.7501,203.0,4.0,272.7501
MCD,2026-08-14 21:05:00+00:00,272.85,272.85,272.85,272.85,138.0,5.0,272.85
MCD,2026-08-14 21:15:00+00:00,272.9,272.9,272.9,272.9,100.0,8.0,272.9
MCD,2026-08-14 21:25:00+00:00,272.9345,272.9345,272.9345,272.9345,533.0,3.0,272.9345
MCD,2026-08-14 21:30:00+00:00,272.9392,272.9392,272.9392,272.9392,75.0,1.0,272.9392
MCD,2026-08-14 21:35:00+00:00,272.9392,272.9392,272.9392,272.9392,50.0,1.0,272.9392
MCD,2026-08-14 21:45:00+00:00,272.95,272.95,272.87,272.87,178.0,7.0,272.913964
MCD,2026-08-14 22:20:00+00:00,272.9499,272.9499,272.9,272.9,160.0,2.0,272.931188
MCD,2026-08-14 22:35:00+00:00,272.9,272.9001,272.9,272.9,489.0,4.0,272.90002
MCD,2026-08-14 22:45:00+00:00,272.95,272.95,272.95,272.95,350.0,1.0,272.95
MCD,2026-08-14 22:50:00+00:00,272.93,272.93,272.93,272.93,55.0,2.0,272.93
MCD,2026-08-14 23:05:00+00:00,272.9389,272.9389,272.9389,272.9389,107.0,4.0,272.9389
MCD,2026-08-14 23:15:00+00:00,272.85,272.85,272.85,272.85,51.0,2.0,272.85
MCD,2026-08-14 23:20:00+00:00,272.95,272.95,272.939,272.939,150.0,2.0,272.946333
MCD,2026-08-14 23:30:00+00:00,272.98,273.0,272.98,273.0,203.0,4.0,272.994413
MCD,2026-08-14 23:35:00+00:00,273.04,273.04,273.02,273.02,301.0,7.0,273.027143
MCD,2026-08-17 08:00:00+00:00,272.67,272.9,272.35,272.35,3546.0,264.0,272.681832
MCD,2026-08-17 08:10:00+00:00,272.35,272.35,272.35,272.35,187.0,4.0,272.35
MCD,2026-08-17 08:20:00+00:00,272.26,272.26,272.26,272.26,101.0,10.0,272.26
MCD,2026-08-17 08:30:00+00:00,272.77,272.8,272.77,272.8,101.0,3.0,272.785
MCD,2026-08-17 08:55:00+00:00,272.45,272.45,272.41,272.41,203.0,6.0,272.42875
MCD,2026-08-17 09:15:00+00:00,272.42,272.42,272.41,272.41,303.0,18.0,272.413798
MCD,2026-08-17 09:30:00+00:00,272.56,272.56,272.5,272.5,241.0,5.0,272.53
MCD,2026-08-17 09:50:00+00:00,272.7,272.7,272.5,272.5,490.0,16.0,272.534352
MCD,2026-08-17 10:10:00+00:00,272.65,272.65,272.65,272.65,280.0,3.0,272.65
MCD,2026-08-17 10:30:00+00:00,272.58,272.58,272.5,272.5,277.0,11.0,272.551142
MCD,2026-08-17 10:40:00+00:00,272.58,272.58,272.58,272.58,101.0,3.0,272.58
MCD,2026-08-17 10:55:00+00:00,272.36,272.36,272.36,272.36,88.0,12.0,272.36
MCD,2026-08-17 11:00:00+00:00,272.06,272.4225,272.01,272.4225,1021.0,53.0,272.325968
MCD,2026-08-17 11:05:00+00:00,272.25,272.25,272.25,272.25,159.0,8.0,272.25
MCD,2026-08-17 11:10:00+00:00,272.35,272.35,272.05,272.05,1042.0,16.0,272.153195
MCD,2026-08-17 11:15:00+00:00,272.26,272.3746,272.2,272.2,380.0,26.0,272.269962
MCD,2026-08-17 11:30:00+00:00,272.21,272.21,272.21,272.21,100.0,2.0,272.21
MCD,2026-08-17 11:35:00+00:00,272.4,272.4,272.4,272.4,67.0,7.0,272.4
MCD,2026-08-17 11:40:00+00:00,272.2009,272.2009,272.2009,272.2009,150.0,1.0,272.2009
MCD,2026-08-17 11:45:00+00:00,272.11,272.15,272.04,272.04,1818.0,84.0,272.135717
MCD,2026-08-17 11:50:00+00:00,272.01,272.36,272.0,272.36,1260.0,77.0,272.075028
MCD,2026-08-17 11:55:00+00:00,272.0,272.0,272.0,272.0,170.0,2.0,272.0
MCD,2026-08-17 12:10:00+00:00,272.2,272.2,272.2,272.2,178.0,13.0,272.2
MCD,2026-08-17 12:15:00+00:00,272.25,272.3,272.25,272.3,218.0,4.0,272.275
MCD,2026-08-17 12:25:00+00:00,272.27,272.36,272.27,272.36,438.0,24.0,272.334525
MCD,2026-08-17 12:40:00+00:00,272.32,272.37,272.32,272.37,501.0,12.0,272.35568
MCD,2026-08-17 12:50:00+00:00,272.83,272.83,272.83,272.83,170.0,2.0,272.83
MCD,2026-08-17 12:55:00+00:00,272.55,272.55,272.49,272.49,550.0,5.0,272.525
MCD,2026-08-17 13:00:00+00:00,272.4,272.5,272.06,272.06,1105.0,39.0,272.21942
MCD,2026-08-17 13:05:00+00:00,272.01,272.02,271.5,271.51,2748.0,120.0,271.697189
MCD,2026-08-17 13:10:00+00:00,271.56,271.9,271.5,271.9,2031.0,58.0,271.554671
MCD,2026-08-17 13:15:00+00:00,271.52,271.53,271.52,271.53,291.0,13.0,271.523243
MCD,2026-08-17 13:20:00+00:00,271.75,272.0,271.35,271.35,1442.0,67.0,271.468607
MCD,2026-08-17 13:25:00+00:00,271.35,271.4,270.39,270.39,11607.0,259.0,270.881123
MCD,2026-08-17 13:30:00+00:00,270.22,270.82,267.67,267.7499,294413.0,6699.0,269.335846
MCD,2026-08-17 13:35:00+00:00,267.7095,268.13,267.05,268.0,106720.0,3526.0,267.472412
MCD,2026-08-17 13:40:00+00:00,267.9473,267.96,267.2,267.515,90997.0,2637.0,267.534219
MCD,2026-08-17 13:45:00+00:00,267.43,267.6799,266.44,267.02,93451.0,3480.0,266.958231
MCD,2026-08-17 13:50:00+00:00,266.95,267.64,266.77,267.28,77913.0,2366.0,267.333626
MCD,2026-08-17 13:55:00+00:00,267.23,267.4071,266.8,266.99,83413.0,2303.0,267.079627
MCD,2026-08-17 14:00:00+00:00,266.98,267.05,266.69,266.8,79503.0,2596.0,266.866478
MCD,2026-08-17 14:05:00+00:00,266.81,266.9799,266.54,266.935,52466.0,2367.0,266.74478
MCD,2026-08-17 14:10:00+00:00,266.91,266.92,266.46,266.75,72631.0,2503.0,266.598108
MCD,2026-08-17 14:15:00+00:00,266.725,267.155,266.71,266.89,46710.0,1821.0,266.881732
MCD,2026-08-17 14:20:00+00:00,266.94,267.0999,266.7001,267.0,49556.0,1657.0,266.921712
MCD,2026-08-17 14:25:00+00:00,266.99,267.1799,266.86,266.955,36228.0,1657.0,267.020791
MCD,2026-08-17 14:30:00+00:00,266.93,267.43,266.93,267.325,39889.0,1440.0,267.187362
MCD,2026-08-17 14:35:00+00:00,267.3301,267.41,266.83,267.08,51901.0,1726.0,267.192978
MCD,2026-08-17 14:40:00+00:00,267.03,267.24,266.7,266.76,57159.0,1829.0,266.864136
MCD,2026-08-17 14:45:00+00:00,266.745,267.19,266.745,267.128,43473.0,1347.0,266.919518
MCD,2026-08-17 14:50:00+00:00,267.11,267.42,266.91,266.94,49038.0,1276.0,267.180111
MCD,2026-08-17 14:55:00+00:00,266.99,267.18,266.74,266.76,36855.0,1256.0,266.89536
MCD,2026-08-17 15:00:00+00:00,266.72,266.825,266.42,266.825,55464.0,2151.0,266.592003
MCD,2026-08-17 15:05:00+00:00,266.8799,266.8799,266.52,266.81,29104.0,1152.0,266.699984
MCD,2026-08-17 15:10:00+00:00,266.8499,267.12,266.81,266.9601,40739.0,1417.0,267.02846
MCD,2026-08-17 15:15:00+00:00,267.01,267.04,266.68,266.96,23912.0,981.0,266.877236
MCD,2026-08-17 15:20:00+00:00,266.96,266.97,266.57,266.62,34097.0,1258.0,266.696051
MCD,2026-08-17 15:25:00+00:00,266.6299,267.13,266.61,267.06,34498.0,1281.0,266.927772
MCD,2026-08-17 15:30:00+00:00,267.085,267.16,266.62,266.71,40213.0,1385.0,266.933913
MCD,2026-08-17 15:35:00+00:00,266.72,266.99,266.56,266.665,36752.0,1194.0,266.732837
MCD,2026-08-17 15:40:00+00:00,266.6601,266.735,266.52,266.63,26952.0,1082.0,266.626913
MCD,2026-08-17 15:45:00+00:00,266.63,266.6799,266.26,266.44,52937.0,1868.0,266.418412
MCD,2026-08-17 15:50:00+00:00,266.52,266.6999,266.35,266.675,34672.0,969.0,266.510516
MCD,2026-08-17 15:55:00+00:00,266.675,266.7999,266.63,266.715,30346.0,1056.0,266.709996
MCD,2026-08-17 16:00:00+00:00,266.7799,267.08,266.715,267.01,24272.0,954.0,266.909256
MCD,2026-08-17 16:05:00+00:00,266.99,267.14,266.925,267.11,25261.0,872.0,267.008833
MCD,2026-08-17 16:10:00+00:00,267.09,267.34,266.9,267.3299,32324.0,1005.0,267.105076
MCD,2026-08-17 16:15:00+00:00,267.31,267.44,267.231,267.31,38097.0,852.0,267.37233
MCD,2026-08-17 16:20:00+00:00,267.31,267.47,267.25,267.45,21763.0,862.0,267.340183
MCD,2026-08-17 16:25:00+00:00,267.45,267.5614,267.4001,267.43,24454.0,885.0,267.48587
MCD,2026-08-17 16:30:00+00:00,267.43,267.71,267.3,267.65,29863.0,910.0,267.513807
MCD,2026-08-17 16:35:00+00:00,267.64,267.68,267.39,267.475,14728.0,650.0,267.500143
MCD,2026-08-17 16:40:00+00:00,267.49,267.49,267.3,267.4299,20107.0,737.0,267.367981
MCD,2026-08-17 16:45:00+00:00,267.31,267.455,267.2,267.22,20639.0,722.0,267.305384
MCD,2026-08-17 16:50:00+00:00,267.22,267.29,267.0713,267.11,17825.0,644.0,267.186206
MCD,2026-08-17 16:55:00+00:00,267.09,267.09,266.89,266.93,17169.0,786.0,266.968237
MCD,2026-08-17 17:00:00+00:00,266.96,267.0553,266.86,266.87,15102.0,612.0,266.947232
MCD,2026-08-17 17:05:00+00:00,266.87,266.885,266.7,266.8,18443.0,753.0,266.807094
MCD,2026-08-17 17:10:00+00:00,266.785,266.9599,266.75,266.9599,19221.0,693.0,266.850914
MCD,2026-08-17 17:15:00+00:00,266.935,266.99,266.7868,266.8,26917.0,839.0,266.905915
MCD,2026-08-17 17:20:00+00:00,266.85,266.9637,266.79,266.795,18507.0,742.0,266.864643
MCD,2026-08-17 17:25:00+00:00,266.795,266.795,266.54,266.78,22394.0,865.0,266.628778
MCD,2026-08-17 17:30:00+00:00,266.82,266.83,266.56,266.57,18187.0,779.0,266.723555
MCD,2026-08-17 17:35:00+00:00,266.57,266.57,266.325,266.36,40249.0,1231.0,266.425083
MCD,2026-08-17 17:40:00+00:00,266.34,266.4,266.16,266.22,46009.0,1451.0,266.296374
MCD,2026-08-17 17:45:00+00:00,266.2,266.33,266.04,266.0495,34413.0,1179.0,266.179327
MCD,2026-08-17 17:50:00+00:00,266.03,266.15,265.91,266.03,78009.0,2461.0,266.024466
MCD,2026-08-17 17:55:00+00:00,266.0,266.06,265.83,266.01,43239.0,1603.0,265.959066
MCD,2026-08-17 18:00:00+00:00,266.0,266.36,265.96,266.3,30679.0,1024.0,266.138134
MCD,2026-08-17 18:05:00+00:00,266.33,266.46,266.28,266.31,36048.0,982.0,266.374021
MCD,2026-08-17 18:10:00+00:00,266.31,266.59,266.31,266.5891,33708.0,1017.0,266.491188
MCD,2026-08-17 18:15:00+00:00,266.55,266.59,266.22,266.23,36154.0,974.0,266.395819
MCD,2026-08-17 18:20:00+00:00,266.2,266.28,266.085,266.14,33058.0,956.0,266.180692
MCD,2026-08-17 18:25:00+00:00,266.135,266.305,266.1,266.22,37921.0,1061.0,266.182542
MCD,2026-08-17 18:30:00+00:00,266.21,266.21,265.98,266.0285,28374.0,1166.0,266.063208
MCD,2026-08-17 18:35:00+00:00,266.03,266.13,265.97,266.0,32964.0,1121.0,266.045995
MCD,2026-08-17 18:40:00+00:00,265.99,266.0459,265.9,266.0399,30359.0,1072.0,265.968019
MCD,2026-08-17 18:45:00+00:00,266.0399,266.04,265.66,265.715,44937.0,1532.0,265.802669
MCD,2026-08-17 18:50:00+00:00,265.7001,265.87,265.7,265.87,25177.0,1042.0,265.773059
MCD,2026-08-17 18:55:00+00:00,265.88,265.97,265.77,265.7722,30409.0,1036.0,265.910993
MCD,2026-08-17 19:00:00+00:00,265.75,265.8,265.6,265.705,48103.0,1597.0,265.701659
MCD,2026-08-17 19:05:00+00:00,265.69,265.74,265.4,265.62,40959.0,1591.0,265.518679
MCD,2026-08-17 19:10:00+00:00,265.6,265.81,265.55,265.81,29402.0,1127.0,265.669458
MCD,2026-08-17 19:15:00+00:00,265.83,265.8745,265.57,265.692,45313.0,1285.0,265.672099
MCD,2026-08-17 19:20:00+00:00,265.72,265.84,265.67,265.69,46481.0,1345.0,265.75928
MCD,2026-08-17 19:25:00+00:00,265.68,265.69,265.46,265.525,36562.0,1457.0,265.53466
MCD,2026-08-17 19:30:00+00:00,265.55,265.56,265.34,265.465,51137.0,1853.0,265.431851
MCD,2026-08-17 19:35:00+00:00,265.44,265.47,265.19,265.19,52845.0,1777.0,265.30998
MCD,2026-08-17 19:40:00+00:00,265.18,265.51,265.14,265.43,57909.0,1856.0,265.356074
MCD,2026-08-17 19:45:00+00:00,265.43,265.64,265.335,265.56,89493.0,2203.0,265.528985
MCD,2026-08-17 19:50:00+00:00,265.56,265.79,265.54,265.73,97164.0,2791.0,265.694499
MCD,2026-08-17 19:55:00+00:00,265.72,265.78,265.37,265.56,258489.0,7516.0,265.570545
MCD,2026-08-17 20:00:00+00:00,265.56,265.68,265.53,265.68,1136923.0,225.0,265.530124
MCD,2026-08-17 20:05:00+00:00,265.7,265.75,265.7,265.75,791.0,31.0,265.70851
MCD,2026-08-17 20:10:00+00:00,265.71,265.75,265.71,265.75,1131.0,53.0,265.724378
MCD,2026-08-17 20:15:00+00:00,265.7921,265.7959,265.7509,265.7955,1286.0,54.0,265.777233
MCD,2026-08-17 20:20:00+00:00,265.8,265.85,265.74,265.74,1581.0,66.0,265.8035
MCD,2026-08-17 20:25:00+00:00,265.8,265.8,265.7814,265.7908,1026.0,40.0,265.796252
MCD,2026-08-17 20:30:00+00:00,265.8,265.8048,265.79,265.79,1218.0,29.0,265.800417
MCD,2026-08-17 20:40:00+00:00,265.8,265.8229,265.8,265.8213,960.0,14.0,265.816918
MCD,2026-08-17 20:45:00+00:00,265.75,265.8,265.75,265.8,279.0,27.0,265.785211
MCD,2026-08-17 20:50:00+00:00,265.77,265.77,265.76,265.76,477.0,11.0,265.760926
MCD,2026-08-17 20:55:00+00:00,265.76,265.81,265.76,265.81,203.0,7.0,265.782222
MCD,2026-08-17 21:05:00+00:00,265.8,265.8,265.8,265.8,67.0,2.0,265.8
MCD,2026-08-17 21:10:00+00:00,265.8,265.8,265.8,265.8,141.0,27.0,265.8
MCD,2026-08-17 21:25:00+00:00,265.76,265.76,265.76,265.76,177.0,8.0,265.76
MCD,2026-08-17 21:30:00+00:00,265.8,265.83,265.8,265.83,157.0,6.0,265.819916
MCD,2026-08-17 21:35:00+00:00,265.76,265.8,265.76,265.8,149.0,8.0,265.784127
MCD,2026-08-17 21:40:00+00:00,265.7708,265.8,265.76,265.76,909.0,15.0,265.781236
MCD,2026-08-17 21:45:00+00:00,265.83,265.83,265.83,265.83,205.0,2.0,265.83
MCD,2026-08-17 21:55:00+00:00,265.79,265.81,265.79,265.81,203.0,9.0,265.799781
MCD,2026-08-17 22:00:00+00:00,265.8046,265.8046,265.8046,265.8046,103.0,2.0,265.8046
MCD,2026-08-17 22:10:00+00:00,265.827,265.83,265.8269,265.83,747.0,28.0,265.828099
MCD,2026-08-17 22:15:00+00:00,265.828,265.83,265.8268,265.8268,723.0,14.0,265.827855
MCD,2026-08-17 22:20:00+00:00,265.81,265.83,265.8,265.83,771.0,15.0,265.825042
MCD,2026-08-17 22:25:00+00:00,265.83,265.83,265.83,265.83,383.0,4.0,265.83
MCD,2026-08-17 22:30:00+00:00,265.85,265.85,265.85,265.85,151.0,2.0,265.85
MCD,2026-08-17 22:40:00+00:00,265.8599,265.8599,265.8599,265.8599,53.0,4.0,265.8599
MCD,2026-08-17 22:45:00+00:00,265.8558,265.86,265.8558,265.86,220.0,12.0,265.857857
MCD,2026-08-17 22:50:00+00:00,265.89,265.8986,265.89,265.8986,416.0,8.0,265.896765
MCD,2026-08-17 22:55:00+00:00,265.8902,265.8902,265.8902,265.8902,108.0,4.0,265.8902
MCD,2026-08-17 23:05:00+00:00,265.8,265.8784,265.8,265.8784,392.0,4.0,265.817309
MCD,2026-08-17 23:10:00+00:00,265.88,265.88,265.88,265.88,100.0,1.0,265.88
MCD,2026-08-17 23:15:00+00:00,265.9,265.9,265.9,265.9,469.0,8.0,265.9
MCD,2026-08-17 23:20:00+00:00,266.0,266.2,266.0,266.18,1726.0,32.0,266.176251
MCD,2026-08-17 23:35:00+00:00,266.01,266.01,266.01,266.01,141.0,5.0,266.01
MCD,2026-08-17 23:45:00+00:00,266.01,266.01,265.93,265.9846,2769.0,50.0,265.992399
MCD,2026-08-17 23:50:00+00:00,265.99,265.99,265.9321,265.9854,566.0,10.0,265.963275
MCD,2026-08-17 23:55:00+00:00,265.9855,265.9855,265.98,265.98,1114.0,6.0,265.9805
MCD,2026-08-18 08:00:00+00:00,266.4,266.61,266.2,266.61,4082.0,370.0,266.346509
MCD,2026-08-18 08:05:00+00:00,266.49,266.49,266.49,266.49,131.0,12.0,266.49
MCD,2026-08-18 08:20:00+00:00,266.67,266.78,266.51,266.63,1020.0,69.0,266.723078
MCD,2026-08-18 08:30:00+00:00,266.7548,266.7548,266.7548,266.7548,100.0,1.0,266.7548
MCD,2026-08-18 08:50:00+00:00,266.56,266.8,266.56,266.8,834.0,42.0,266.765596
MCD,2026-08-18 08:55:00+00:00,266.9,267.1,266.9,267.1,1693.0,34.0,266.95454
MCD,2026-08-18 09:00:00+00:00,267.08,267.08,267.08,267.08,125.0,1.0,267.08
MCD,2026-08-18 09:05:00+00:00,267.21,267.21,267.0,267.1,1114.0,27.0,267.177347
MCD,2026-08-18 09:10:00+00:00,267.12,267.12,267.12,267.12,93.0,7.0,267.12
MCD,2026-08-18 09:15:00+00:00,267.2,267.49,267.2,267.49,335.0,21.0,267.266667
MCD,2026-08-18 09:20:00+00:00,267.19,267.28,267.19,267.28,316.0,12.0,267.223346
MCD,2026-08-18 09:25:00+00:00,267.22,267.25,267.21,267.25,719.0,20.0,267.233301
MCD,2026-08-18 09:30:00+00:00,267.32,267.32,267.32,267.32,300.0,8.0,267.32
MCD,2026-08-18 09:35:00+00:00,267.3,267.3,267.3,267.3,135.0,3.0,267.3
MCD,2026-08-18 09:40:00+00:00,267.22,267.22,267.22,267.22,292.0,20.0,267.22
MCD,2026-08-18 09:45:00+00:00,267.38,267.4,267.38,267.4,615.0,21.0,267.384114
MCD,2026-08-18 09:55:00+00:00,267.2,267.2,267.2,267.2,330.0,19.0,267.2
MCD,2026-08-18 10:00:00+00:00,267.28,267.4,267.27,267.33,836.0,40.0,267.326579
MCD,2026-08-18 10:05:00+00:00,267.3,267.3,267.3,267.3,420.0,3.0,267.3
MCD,2026-08-18 10:10:00+00:00,267.36,267.36,267.33,267.36,382.0,20.0,267.352857
MCD,2026-08-18 10:20:00+00:00,267.3,267.3,267.3,267.3,100.0,1.0,267.3
MCD,2026-08-18 10:25:00+00:00,267.44,267.45,267.18,267.19,639.0,23.0,267.26172
MCD,2026-08-18 10:30:00+00:00,267.06,267.06,267.01,267.01,379.0,27.0,267.05262
MCD,2026-08-18 10:40:00+00:00,267.14,267.15,267.13,267.15,224.0,8.0,267.141667
MCD,2026-08-18 10:45:00+00:00,267.04,267.04,267.0,267.0,106.0,2.0,267.021132
MCD,2026-08-18 10:55:00+00:00,267.19,267.19,267.04,267.04,154.0,3.0,267.14
MCD,2026-08-18 11:00:00+00:00,266.85,266.99,266.71,266.99,1984.0,81.0,266.8622
MCD,2026-08-18 11:05:00+00:00,266.95,267.0,266.95,267.0,1973.0,36.0,266.976964
MCD,2026-08-18 11:10:00+00:00,266.99,266.99,266.99,266.99,211.0,5.0,266.99
MCD,2026-08-18 11:15:00+00:00,266.886,267.1,266.88,267.1,2849.0,23.0,267.010229
MCD,2026-08-18 11:20:00+00:00,267.04,267.1889,267.04,267.08,750.0,7.0,267.072503
MCD,2026-08-18 11:25:00+00:00,267.1489,267.1489,267.1208,267.1208,227.0,10.0,267.130167
MCD,2026-08-18 11:30:00+00:00,267.0403,267.19,266.99,266.99,486.0,17.0,267.088383
MCD,2026-08-18 11:40:00+00:00,267.22,267.22,267.01,267.01,226.0,20.0,267.076142
MCD,2026-08-18 11:45:00+00:00,267.01,267.23,266.88,266.88,3212.0,50.0,266.995356
MCD,2026-08-18 11:50:00+00:00,267.0,267.0,266.99,266.99,157.0,10.0,266.994938
MCD,2026-08-18 11:55:00+00:00,266.95,267.0,266.95,267.0,225.0,7.0,266.983333
MCD,2026-08-18 12:05:00+00:00,267.0,267.0155,267.0,267.0155,1010.0,30.0,267.004195
MCD,2026-08-18 12:10:00+00:00,267.0,267.11,267.0,267.11,601.0,25.0,267.04
MCD,2026-08-18 12:15:00+00:00,267.0,267.11,267.0,267.1,1900.0,28.0,267.071584
MCD,2026-08-18 12:20:00+00:00,267.2,267.28,267.1,267.25,7467.0,85.0,267.213285
MCD,2026-08-18 12:25:00+00:00,267.25,267.34,266.9,266.9,877.0,37.0,267.239627
MCD,2026-08-18 12:30:00+00:00,267.39,267.39,267.1,267.1,756.0,21.0,267.357274
MCD,2026-08-18 12:35:00+00:00,267.3,267.33,267.3,267.3,474.0,19.0,267.306042
MCD,2026-08-18 12:40:00+00:00,267.2001,267.45,267.2,267.45,1777.0,65.0,267.32405
MCD,2026-08-18 12:45:00+00:00,267.4,267.5,267.31,267.3932,6023.0,67.0,267.416752
MCD,2026-08-18 12:50:00+00:00,267.5,267.53,267.5,267.5,649.0,20.0,267.502755
MCD,2026-08-18 12:55:00+00:00,267.56,267.56,267.4,267.4141,1192.0,27.0,267.469861
MCD,2026-08-18 13:00:00+00:00,267.4141,267.4141,267.33,267.38,1264.0,40.0,267.372731
MCD,2026-08-18 13:05:00+00:00,267.3,267.6,267.3,267.55,2927.0,61.0,267.454807
MCD,2026-08-18 13:10:00+00:00,267.6,267.6,267.4636,267.4636,533.0,14.0,267.58695
MCD,2026-08-18 13:15:00+00:00,267.2,267.21,267.2,267.21,833.0,24.0,267.201366
MCD,2026-08-18 13:20:00+00:00,267.11,267.34,267.11,267.25,1314.0,20.0,267.318067
MCD,2026-08-18 13:25:00+00:00,267.34,267.42,267.06,267.25,2577.0,50.0,267.256059
MCD,2026-08-18 13:30:00+00:00,267.47,268.42,267.03,267.67,171495.0,3035.0,267.927471
MCD,2026-08-18 13:35:00+00:00,267.56,267.77,267.05,267.45,39351.0,1397.0,267.428038
MCD,2026-08-18 13:40:00+00:00,267.5,267.61,267.01,267.53,32852.0,1102.0,267.254154
MCD,2026-08-18 13:45:00+00:00,267.57,268.8,267.48,268.515,72743.0,1741.0,268.296822
MCD,2026-08-18 13:50:00+00:00,268.51,268.955,268.27,268.6,60209.0,1657.0,268.610079
MCD,2026-08-18 13:55:00+00:00,268.54,268.75,268.14,268.405,36720.0,1389.0,268.453305
MCD,2026-08-18 14:00:00+00:00,268.49,268.49,267.81,268.0,31004.0,1399.0,268.211917
MCD,2026-08-18 14:05:00+00:00,268.0,268.6,268.0,268.345,33551.0,1370.0,268.190675
MCD,2026-08-18 14:10:00+00:00,268.345,268.6,268.215,268.45,49282.0,1504.0,268.441106
MCD,2026-08-18 14:15:00+00:00,268.49,268.63,268.21,268.21,34730.0,1420.0,268.421725
MCD,2026-08-18 14:20:00+00:00,268.3,268.46,267.97,268.13,29980.0,1356.0,268.199103
MCD,2026-08-18 14:25:00+00:00,268.12,268.14,267.42,267.52,34382.0,1414.0,267.656619
MCD,2026-08-18 14:30:00+00:00,267.52,267.57,267.1427,267.235,34911.0,1342.0,267.389881
MCD,2026-08-18 14:35:00+00:00,267.28,267.84,267.11,267.84,32116.0,1133.0,267.363307
MCD,2026-08-18 14:40:00+00:00,267.835,268.19,267.77,268.13,33096.0,1076.0,267.955971
MCD,2026-08-18 14:45:00+00:00,268.21,268.645,268.21,268.49,41656.0,1283.0,268.478358
MCD,2026-08-18 14:50:00+00:00,268.5,268.85,268.5,268.65,33998.0,1161.0,268.662521
MCD,2026-08-18 14:55:00+00:00,268.69,269.42,268.685,269.415,60599.0,1573.0,269.112892
MCD,2026-08-18 15:00:00+00:00,269.43,269.93,269.3,269.77,59846.0,1901.0,269.622681
MCD,2026-08-18 15:05:00+00:00,269.71,270.21,269.71,270.05,62419.0,1708.0,270.036357
MCD,2026-08-18 15:10:00+00:00,270.07,270.105,269.67,269.77,37763.0,1289.0,269.842562
MCD,2026-08-18 15:15:00+00:00,269.76,269.76,269.375,269.525,26076.0,1001.0,269.507224
MCD,2026-08-18 15:20:00+00:00,269.535,269.535,269.005,269.1,27799.0,1085.0,269.232266
MCD,2026-08-18 15:25:00+00:00,269.01,269.01,268.69,268.69,23547.0,981.0,268.876239
MCD,2026-08-18 15:30:00+00:00,268.705,268.725,268.32,268.38,31648.0,1019.0,268.512445
MCD,2026-08-18 15:35:00+00:00,268.42,268.82,268.42,268.735,23268.0,948.0,268.654551
MCD,2026-08-18 15:40:00+00:00,268.75,268.8779,268.41,268.54,24791.0,903.0,268.651499
MCD,2026-08-18 15:45:00+00:00,268.485,268.5,268.1201,268.18,45573.0,1178.0,268.293198
MCD,2026-08-18 15:50:00+00:00,268.1942,268.36,268.13,268.19,18810.0,802.0,268.255604
MCD,2026-08-18 15:55:00+00:00,268.18,268.18,268.0,268.07,21139.0,894.0,268.084633
MCD,2026-08-18 16:00:00+00:00,268.1,268.4099,268.07,268.375,15556.0,818.0,268.181607
MCD,2026-08-18 16:05:00+00:00,268.41,268.65,268.2101,268.58,16027.0,865.0,268.449518
MCD,2026-08-18 16:10:00+00:00,268.64,268.71,268.48,268.55,22203.0,882.0,268.601676
MCD,2026-08-18 16:15:00+00:00,268.55,268.97,268.55,268.97,20728.0,783.0,268.700829
MCD,2026-08-18 16:20:00+00:00,269.0,269.064,268.74,268.94,17218.0,683.0,268.921027
MCD,2026-08-18 16:25:00+00:00,268.9975,269.04,268.8713,269.01,15093.0,626.0,268.957155
MCD,2026-08-18 16:30:00+00:00,269.015,269.07,268.95,268.9701,15253.0,682.0,269.005214
MCD,2026-08-18 16:35:00+00:00,269.03,269.15,268.95,268.9701,14288.0,753.0,269.01106
MCD,2026-08-18 16:40:00+00:00,268.98,269.03,268.9,268.91,13982.0,667.0,268.974508
MCD,2026-08-18 16:45:00+00:00,268.88,268.93,268.6501,268.71,19770.0,750.0,268.772593
MCD,2026-08-18 16:50:00+00:00,268.66,268.68,268.57,268.61,13721.0,608.0,268.627615
MCD,2026-08-18 16:55:00+00:00,268.615,268.785,268.57,268.78,13302.0,663.0,268.665572
MCD,2026-08-18 17:00:00+00:00,268.75,268.78,268.3552,268.47,14437.0,723.0,268.56749
MCD,2026-08-18 17:05:00+00:00,268.54,268.7929,268.54,268.7013,14560.0,619.0,268.703963
MCD,2026-08-18 17:10:00+00:00,268.73,268.795,268.6,268.7,17744.0,683.0,268.703985
MCD,2026-08-18 17:15:00+00:00,268.68,268.94,268.68,268.84,20987.0,598.0,268.809989
MCD,2026-08-18 17:20:00+00:00,268.92,268.92,268.6501,268.74,15615.0,676.0,268.777958
MCD,2026-08-18 17:25:00+00:00,268.73,268.76,268.4601,268.5201,13084.0,605.0,268.606012
MCD,2026-08-18 17:30:00+00:00,268.555,268.69,268.51,268.64,29360.0,986.0,268.583903
MCD,2026-08-18 17:35:00+00:00,268.64,268.9099,268.62,268.77,12048.0,591.0,268.718901
MCD,2026-08-18 17:40:00+00:00,268.79,268.83,268.71,268.795,17626.0,671.0,268.755251
MCD,2026-08-18 17:45:00+00:00,268.79,268.88,268.77,268.88,16329.0,816.0,268.808175
MCD,2026-08-18 17:50:00+00:00,268.88,268.935,268.675,268.76,15577.0,672.0,268.807883
MCD,2026-08-18 17:55:00+00:00,268.79,269.17,268.79,269.045,18341.0,817.0,269.018756
MCD,2026-08-18 18:00:00+00:00,269.0201,269.13,268.832,269.045,17142.0,798.0,268.988812
MCD,2026-08-18 18:05:00+00:00,269.05,269.16,268.94,269.16,19588.0,759.0,269.02152
MCD,2026-08-18 18:10:00+00:00,269.17,269.2961,269.1025,269.235,20180.0,821.0,269.201062
MCD,2026-08-18 18:15:00+00:00,269.23,269.26,268.91,268.935,20942.0,731.0,269.003089
MCD,2026-08-18 18:20:00+00:00,268.92,268.95,268.87,268.9,16327.0,688.0,268.911449
MCD,2026-08-18 18:25:00+00:00,268.9,268.93,268.8,268.83,18349.0,772.0,268.832666
MCD,2026-08-18 18:30:00+00:00,268.8301,268.945,268.6901,268.88,21181.0,938.0,268.835366
MCD,2026-08-18 18:35:00+00:00,268.86,268.87,268.66,268.69,16925.0,776.0,268.797718
MCD,2026-08-18 18:40:00+00:00,268.6907,268.74,268.57,268.57,15821.0,763.0,268.65438
MCD,2026-08-18 18:45:00+00:00,268.55,268.62,268.44,268.62,20503.0,1031.0,268.506359
MCD,2026-08-18 18:50:00+00:00,268.62,268.74,268.51,268.71,15247.0,808.0,268.659581
MCD,2026-08-18 18:55:00+00:00,268.72,268.93,268.7,268.76,24945.0,941.0,268.808619
MCD,2026-08-18 19:00:00+00:00,268.77,268.99,268.76,268.95,23642.0,897.0,268.864389
MCD,2026-08-18 19:05:00+00:00,268.945,268.945,268.4701,268.4701,23809.0,865.0,268.746169
MCD,2026-08-18 19:10:00+00:00,268.52,268.58,268.425,268.44,30206.0,903.0,268.521687
MCD,2026-08-18 19:15:00+00:00,268.44,268.56,268.335,268.54,21606.0,965.0,268.452228
MCD,2026-08-18 19:20:00+00:00,268.52,268.715,268.51,268.67,27612.0,975.0,268.625557
MCD,2026-08-18 19:25:00+00:00,268.645,268.77,268.455,268.63,38430.0,1149.0,268.662997
MCD,2026-08-18 19:30:00+00:00,268.65,268.76,268.4316,268.48,33737.0,1258.0,268.552629
MCD,2026-08-18 19:35:00+00:00,268.48,268.51,268.15,268.23,33326.0,1181.0,268.31983
MCD,2026-08-18 19:40:00+00:00,268.22,268.22,267.89,267.915,27719.0,1305.0,268.06578
MCD,2026-08-18 19:45:00+00:00,267.92,267.99,267.8,267.88,39860.0,1465.0,267.883955
MCD,2026-08-18 19:50:00+00:00,267.85,267.85,267.49,267.52,70101.0,2641.0,267.617072
MCD,2026-08-18 19:55:00+00:00,267.51,267.51,266.84,267.01,209115.0,7514.0,267.095885
MCD,2026-08-18 20:00:00+00:00,266.99,269.7893,266.99,267.35,544098.0,146.0,266.994016
MCD,2026-08-18 20:05:00+00:00,267.26,267.4678,267.2,267.4678,708.0,13.0,267.317071
MCD,2026-08-18 20:35:00+00:00,267.21,267.21,267.21,267.21,105.0,2.0,267.21
MCD,2026-08-18 20:40:00+00:00,267.4,267.4,267.4,267.4,107.0,4.0,267.4
MCD,2026-08-18 20:50:00+00:00,267.32,267.32,267.32,267.32,45.0,1.0,267.32
MCD,2026-08-18 20:55:00+00:00,267.2549,267.49,267.2549,267.49,506.0,20.0,267.429642
MCD,2026-08-18 21:00:00+00:00,267.5,267.5,267.5,267.5,100.0,2.0,267.5
MCD,2026-08-18 21:05:00+00:00,267.4551,267.4551,267.43,267.43,197.0,7.0,267.445886
MCD,2026-08-18 21:15:00+00:00,267.469,267.469,267.469,267.469,100.0,1.0,267.469
MCD,2026-08-18 21:25:00+00:00,267.31,267.5,267.31,267.5,395.0,14.0,267.460455
MCD,2026-08-18 21:40:00+00:00,267.68,267.68,267.68,267.68,100.0,1.0,267.68
MCD,2026-08-18 21:50:00+00:00,267.68,267.68,267.68,267.68,200.0,1.0,267.68
MCD,2026-08-18 22:00:00+00:00,267.5261,267.5261,267.5261,267.5261,200.0,2.0,267.5261
MCD,2026-08-18 22:10:00+00:00,267.5,267.5,267.4,267.4,155.0,4.0,267.466667
MCD,2026-08-18 22:50:00+00:00,267.31,267.31,267.31,267.31,52.0,2.0,267.31
MCD,2026-08-18 22:55:00+00:00,267.31,267.31,267.31,267.31,108.0,2.0,267.31
MCD,2026-08-18 23:00:00+00:00,267.65,267.65,267.65,267.65,50.0,1.0,267.65
MCD,2026-08-18 23:10:00+00:00,267.65,267.65,267.65,267.65,55.0,2.0,267.65
MCD,2026-08-18 23:15:00+00:00,267.6218,267.6218,267.6218,267.6218,201.0,2.0,267.6218
MCD,2026-08-18 23:20:00+00:00,267.6,267.6,267.5977,267.5977,420.0,10.0,267.599339
MCD,2026-08-18 23:40:00+00:00,267.4,267.4,267.4,267.4,199.0,7.0,267.4
MCD,2026-08-18 23:45:00+00:00,267.42,267.42,267.42,267.42,203.0,5.0,267.42
MCD,2026-08-18 23:50:00+00:00,267.4,267.5,267.4,267.5,130.0,5.0,267.444944
MCD,2026-08-18 23:55:00+00:00,267.31,267.31,267.31,267.31,102.0,4.0,267.31
MCD,2026-08-19 08:00:00+00:00,267.71,268.0,266.57,266.57,6345.0,410.0,267.575396
MCD,2026-08-19 08:05:00+00:00,266.47,266.48,266.28,266.48,1365.0,41.0,266.438192
MCD,2026-08-19 08:10:00+00:00,266.3,266.3,266.28,266.28,361.0,17.0,266.289497
MCD,2026-08-19 08:20:00+00:00,266.57,266.57,266.57,266.57,219.0,3.0,266.57
MCD,2026-08-19 08:40:00+00:00,266.79,266.79,266.11,266.11,195.0,9.0,266.563333
MCD,2026-08-19 08:45:00+00:00,266.17,266.61,266.11,266.16,903.0,54.0,266.178337
MCD,2026-08-19 08:55:00+00:00,266.77,266.77,266.77,266.77,132.0,6.0,266.77
MCD,2026-08-19 09:20:00+00:00,266.5,266.5,266.48,266.48,461.0,34.0,266.496245
MCD,2026-08-19 09:25:00+00:00,266.31,266.48,266.3,266.48,656.0,30.0,266.388504
MCD,2026-08-19 09:30:00+00:00,266.47,266.47,266.47,266.47,185.0,15.0,266.47
MCD,2026-08-19 09:40:00+00:00,266.67,266.67,266.67,266.67,130.0,7.0,266.67
MCD,2026-08-19 09:45:00+00:00,266.77,266.78,266.77,266.78,154.0,4.0,266.773546
MCD,2026-08-19 10:00:00+00:00,267.0,267.0,267.0,267.0,225.0,10.0,267.0
MCD,2026-08-19 10:15:00+00:00,266.99,267.35,266.99,267.06,1146.0,40.0,267.160749
MCD,2026-08-19 10:30:00+00:00,266.67,267.41,266.0,267.41,5679.0,185.0,266.192015
MCD,2026-08-19 10:35:00+00:00,266.4902,266.4902,266.4902,266.4902,50.0,1.0,266.4902
MCD,2026-08-19 10:50:00+00:00,266.47,266.47,266.47,266.47,101.0,13.0,266.47
MCD,2026-08-19 11:00:00+00:00,267.04,267.35,266.62,267.0219,3340.0,121.0,266.972589
MCD,2026-08-19 11:05:00+00:00,266.6,266.6,266.3,266.3,4040.0,86.0,266.461633
MCD,2026-08-19 11:10:00+00:00,266.31,266.31,266.31,266.31,90.0,5.0,266.31
MCD,2026-08-19 11:15:00+00:00,266.4709,266.95,266.32,266.95,951.0,48.0,266.507137
MCD,2026-08-19 11:20:00+00:00,266.5,266.5,266.4,266.4,1175.0,35.0,266.426776
MCD,2026-08-19 11:25:00+00:00,266.29,266.29,266.21,266.21,429.0,19.0,266.25
MCD,2026-08-19 11:35:00+00:00,266.29,266.29,266.28,266.28,122.0,6.0,266.285
MCD,2026-08-19 11:40:00+00:00,266.28,266.35,266.21,266.35,326.0,7.0,266.26
MCD,2026-08-19 11:45:00+00:00,266.17,266.35,266.17,266.35,353.0,16.0,266.265652
MCD,2026-08-19 11:50:00+00:00,266.4,266.98,266.4,266.77,1034.0,39.0,266.829503
MCD,2026-08-19 11:55:00+00:00,267.07,267.07,266.54,266.54,134.0,4.0,266.780909
MCD,2026-08-19 12:00:00+00:00,267.0,267.07,266.3,266.3,928.0,19.0,266.418444
MCD,2026-08-19 12:05:00+00:00,266.98,266.99,266.98,266.99,229.0,18.0,266.985594
MCD,2026-08-19 12:10:00+00:00,266.5,266.8199,266.5,266.8199,316.0,21.0,266.688833
MCD,2026-08-19 12:25:00+00:00,266.72,266.72,266.72,266.72,210.0,9.0,266.72
MCD,2026-08-19 12:30:00+00:00,266.5,266.5,266.1,266.5,3236.0,91.0,266.185493
MCD,2026-08-19 12:35:00+00:00,266.95,266.97,266.94,266.97,561.0,22.0,266.957846
MCD,2026-08-19 12:40:00+00:00,266.6,266.97,266.5,266.97,461.0,11.0,266.615263
MCD,2026-08-19 12:45:00+00:00,266.97,266.97,266.84,266.84,360.0,10.0,266.908719
MCD,2026-08-19 12:50:00+00:00,266.62,266.755,266.28,266.28,1940.0,66.0,266.423547
MCD,2026-08-19 12:55:00+00:00,266.22,266.5,266.2,266.3,1219.0,41.0,266.294342
MCD,2026-08-19 13:00:00+00:00,266.5,266.5,266.5,266.5,106.0,5.0,266.5
MCD,2026-08-19 13:05:00+00:00,266.31,266.36,265.82,265.9,6535.0,253.0,266.017793
MCD,2026-08-19 13:10:00+00:00,265.97,265.99,265.89,265.91,2177.0,96.0,265.932694
MCD,2026-08-19 13:15:00+00:00,265.9889,266.0,265.94,265.95,1563.0,59.0,265.972508
MCD,2026-08-19 13:20:00+00:00,265.91,266.12,265.9,266.12,1244.0,55.0,265.982277
MCD,2026-08-19 13:25:00+00:00,266.18,266.47,266.03,266.46,1925.0,92.0,266.174337
MCD,2026-08-19 13:30:00+00:00,266.35,267.75,266.0898,267.55,227181.0,3493.0,266.667354
MCD,2026-08-19 13:35:00+00:00,267.605,268.54,267.35,268.462,123740.0,3097.0,267.795441
MCD,2026-08-19 13:40:00+00:00,268.54,268.74,267.72,268.05,60891.0,1628.0,268.270438
MCD,2026-08-19 13:45:00+00:00,268.05,270.078,267.732,269.825,79973.0,1973.0,269.110937
MCD,2026-08-19 13:50:00+00:00,269.785,270.83,269.48,270.83,78581.0,2252.0,270.209689
MCD,2026-08-19 13:55:00+00:00,270.88,270.95,269.19,269.52,78682.0,1866.0,269.716762
MCD,2026-08-19 14:00:00+00:00,269.49,270.55,269.47,270.215,42055.0,1543.0,270.075218
MCD,2026-08-19 14:05:00+00:00,270.155,270.75,269.81,270.69,45132.0,1510.0,270.334082
MCD,2026-08-19 14:10:00+00:00,270.65,271.76,270.61,271.4,82105.0,2493.0,271.233652
MCD,2026-08-19 14:15:00+00:00,271.435,271.85,271.1,271.575,79199.0,2011.0,271.428543
MCD,2026-08-19 14:20:00+00:00,271.575,271.87,271.1,271.1,35868.0,1360.0,271.544341
MCD,2026-08-19 14:25:00+00:00,271.105,271.24,270.4166,270.445,29556.0,1363.0,270.781895
MCD,2026-08-19 14:30:00+00:00,270.39,270.7101,270.155,270.63,40587.0,1467.0,270.408325
MCD,2026-08-19 14:35:00+00:00,270.6738,270.75,269.7,269.82,28240.0,1208.0,270.163978
MCD,2026-08-19 14:40:00+00:00,269.82,270.28,269.71,270.19,50462.0,1267.0,270.001471
MCD,2026-08-19 14:45:00+00:00,270.19,270.45,269.99,270.205,32650.0,1078.0,270.244158
MCD,2026-08-19 14:50:00+00:00,270.2051,270.56,270.0,270.56,38726.0,1232.0,270.304702
MCD,2026-08-19 14:55:00+00:00,270.525,271.12,270.525,271.12,25492.0,1029.0,270.840743
MCD,2026-08-19 15:00:00+00:00,271.125,271.23,270.57,270.74,34762.0,1022.0,270.835804
MCD,2026-08-19 15:05:00+00:00,270.8,271.05,270.33,270.54,28696.0,1078.0,270.720773
MCD,2026-08-19 15:10:00+00:00,270.53,270.57,270.07,270.47,47202.0,1276.0,270.32422
MCD,2026-08-19 15:15:00+00:00,270.445,270.5225,269.97,270.08,35219.0,1057.0,270.178261
MCD,2026-08-19 15:20:00+00:00,270.07,270.21,269.85,270.12,17823.0,899.0,270.073589
MCD,2026-08-19 15:25:00+00:00,270.1001,270.2098,269.82,269.94,30544.0,930.0,269.93569
MCD,2026-08-19 15:30:00+00:00,269.83,269.93,269.61,269.88,21891.0,944.0,269.784157
MCD,2026-08-19 15:35:00+00:00,269.945,270.0,269.55,269.66,30722.0,998.0,269.7325
MCD,2026-08-19 15:40:00+00:00,269.655,269.96,269.495,269.52,30775.0,1113.0,269.719868
MCD,2026-08-19 15:45:00+00:00,269.54,269.615,269.18,269.58,43986.0,1234.0,269.40321
MCD,2026-08-19 15:50:00+00:00,269.63,269.97,269.36,269.79,40279.0,1163.0,269.609828
MCD,2026-08-19 15:55:00+00:00,269.78,270.0,269.72,269.985,24935.0,917.0,269.878772
MCD,2026-08-19 16:00:00+00:00,270.01,270.18,269.14,269.3,34328.0,871.0,269.731566
MCD,2026-08-19 16:05:00+00:00,269.25,269.42,269.01,269.26,26300.0,819.0,269.196818
MCD,2026-08-19 16:10:00+00:00,269.26,269.62,269.1901,269.6,21386.0,746.0,269.427681
MCD,2026-08-19 16:15:00+00:00,269.63,269.67,269.3601,269.6,17850.0,704.0,269.540572
MCD,2026-08-19 16:20:00+00:00,269.6,269.64,269.36,269.41,23056.0,674.0,269.503715
MCD,2026-08-19 16:25:00+00:00,269.41,269.56,269.41,269.46,20349.0,673.0,269.497683
MCD,2026-08-19 16:30:00+00:00,269.45,269.6,269.3,269.49,24156.0,817.0,269.46386
MCD,2026-08-19 16:35:00+00:00,269.49,269.52,269.23,269.275,13216.0,568.0,269.416913
MCD,2026-08-19 16:40:00+00:00,269.275,269.275,268.97,269.15,22168.0,757.0,269.105806
MCD,2026-08-19 16:45:00+00:00,269.15,269.35,269.1201,269.32,22277.0,665.0,269.244479
MCD,2026-08-19 16:50:00+00:00,269.35,269.36,269.25,269.3,18594.0,578.0,269.303727
MCD,2026-08-19 16:55:00+00:00,269.305,269.355,269.27,269.33,20539.0,659.0,269.320913
MCD,2026-08-19 17:00:00+00:00,269.33,269.5813,269.33,269.54,16678.0,673.0,269.4887
MCD,2026-08-19 17:05:00+00:00,269.54,269.54,269.145,269.263,21257.0,680.0,269.343327
MCD,2026-08-19 17:10:00+00:00,269.28,269.5,269.135,269.44,29544.0,771.0,269.29114
MCD,2026-08-19 17:15:00+00:00,269.44,269.49,269.3,269.3,13876.0,628.0,269.389701
MCD,2026-08-19 17:20:00+00:00,269.3,269.566,269.295,269.505,19624.0,635.0,269.472456
MCD,2026-08-19 17:25:00+00:00,269.55,269.65,269.41,269.4891,23238.0,687.0,269.550552
MCD,2026-08-19 17:30:00+00:00,269.45,269.515,269.3,269.495,24868.0,719.0,269.397794
MCD,2026-08-19 17:35:00+00:00,269.51,269.56,269.45,269.5358,18923.0,555.0,269.511894
MCD,2026-08-19 17:40:00+00:00,269.55,269.82,269.49,269.81,27301.0,801.0,269.665167
MCD,2026-08-19 17:45:00+00:00,269.8,269.98,269.73,269.73,26452.0,909.0,269.855472
MCD,2026-08-19 17:50:00+00:00,269.76,269.955,269.69,269.83,46666.0,1042.0,269.816293
MCD,2026-08-19 17:55:00+00:00,269.815,269.815,269.47,269.47,25915.0,828.0,269.614109
MCD,2026-08-19 18:00:00+00:00,269.47,269.53,269.24,269.46,34325.0,1025.0,269.402721
MCD,2026-08-19 18:05:00+00:00,269.49,269.68,269.49,269.54,53097.0,1249.0,269.55726
MCD,2026-08-19 18:10:00+00:00,269.535,269.8391,269.39,269.8,45619.0,1336.0,269.553898
MCD,2026-08-19 18:15:00+00:00,269.83,269.885,269.61,269.665,26384.0,937.0,269.780582
MCD,2026-08-19 18:20:00+00:00,269.66,269.795,269.55,269.74,33106.0,1060.0,269.685873
MCD,2026-08-19 18:25:00+00:00,269.74,269.75,269.425,269.63,41548.0,1276.0,269.626823
MCD,2026-08-19 18:30:00+00:00,269.635,269.645,268.82,268.97,35219.0,1243.0,269.179919
MCD,2026-08-19 18:35:00+00:00,268.97,269.06,268.1301,268.77,55578.0,1774.0,268.636793
MCD,2026-08-19 18:40:00+00:00,268.75,268.8303,268.2,268.2,36714.0,1131.0,268.568154
MCD,2026-08-19 18:45:00+00:00,268.285,268.285,267.12,267.545,121045.0,2661.0,267.550625
MCD,2026-08-19 18:50:00+00:00,267.57,267.58,267.1,267.13,83521.0,1991.0,267.282907
MCD,2026-08-19 18:55:00+00:00,267.16,267.355,266.2,267.35,186896.0,3903.0,266.611337
MCD,2026-08-19 19:00:00+00:00,267.31,267.76,267.18,267.5,66129.0,1719.0,267.455909
MCD,2026-08-19 19:05:00+00:00,267.4501,267.86,267.33,267.354,43941.0,1399.0,267.548917
MCD,2026-08-19 19:10:00+00:00,267.32,267.56,267.13,267.56,43471.0,1418.0,267.374091
MCD,2026-08-19 19:15:00+00:00,267.51,267.9,267.4,267.74,54928.0,1536.0,267.713419
MCD,2026-08-19 19:20:00+00:00,267.74,267.81,267.4,267.565,46260.0,1458.0,267.582285
MCD,2026-08-19 19:25:00+00:00,267.53,267.87,267.42,267.86,49752.0,1509.0,267.601932
MCD,2026-08-19 19:30:00+00:00,267.89,267.97,267.6,267.855,289770.0,1708.0,267.786077
MCD,2026-08-19 19:35:00+00:00,267.855,267.97,267.66,267.7,46106.0,1526.0,267.8238
MCD,2026-08-19 19:40:00+00:00,267.69,267.9,267.45,267.45,90892.0,2216.0,267.685119
MCD,2026-08-19 19:45:00+00:00,267.43,267.63,267.31,267.59,88049.0,2458.0,267.47227
MCD,2026-08-19 19:50:00+00:00,267.59,267.59,267.2,267.34,101788.0,3087.0,267.345372
MCD,2026-08-19 19:55:00+00:00,267.32,267.48,266.75,267.45,310399.0,9057.0,266.961272
MCD,2026-08-19 20:00:00+00:00,267.39,267.55,267.39,267.5,1055724.0,158.0,267.45004
MCD,2026-08-19 20:05:00+00:00,267.5,267.5,267.4227,267.4227,1253.0,15.0,267.464436
MCD,2026-08-19 20:10:00+00:00,267.4,267.4,267.4,267.4,284.0,8.0,267.4
MCD,2026-08-19 20:15:00+00:00,267.45,267.45,267.45,267.45,55.0,3.0,267.45
MCD,2026-08-19 20:20:00+00:00,267.45,267.57,267.45,267.57,245.0,14.0,267.505661
MCD,2026-08-19 20:25:00+00:00,267.55,267.6,267.55,267.6,183.0,9.0,267.579167
MCD,2026-08-19 20:30:00+00:00,267.5,267.5,267.5,267.5,179.0,6.0,267.5
MCD,2026-08-19 20:35:00+00:00,267.45,267.45,267.45,267.45,400.0,1.0,267.45
MCD,2026-08-19 20:40:00+00:00,267.5715,267.5715,267.45,267.45,158.0,6.0,267.536786
MCD,2026-08-19 20:45:00+00:00,267.5578,267.6,267.4732,267.6,342.0,12.0,267.571357
MCD,2026-08-19 20:50:00+00:00,267.69,267.7,267.6,267.6,586.0,34.0,267.625459
MCD,2026-08-19 21:10:00+00:00,267.5345,267.5345,267.5345,267.5345,519.0,5.0,267.5345
MCD,2026-08-19 21:15:00+00:00,267.5,267.5,267.5,267.5,199.0,10.0,267.5
MCD,2026-08-19 21:20:00+00:00,267.5368,267.5368,267.5368,267.5368,500.0,1.0,267.5368
MCD,2026-08-19 21:25:00+00:00,267.55,267.55,267.55,267.55,89.0,5.0,267.55
MCD,2026-08-19 21:30:00+00:00,267.55,267.55,267.49,267.49,584.0,17.0,267.528782
MCD,2026-08-19 21:35:00+00:00,267.55,267.6,267.525,267.5768,1355.0,18.0,267.577805
MCD,2026-08-19 21:40:00+00:00,267.51,267.6,267.5,267.6,812.0,8.0,267.577522
MCD,2026-08-19 21:50:00+00:00,267.4732,267.4732,267.4732,267.4732,167.0,3.0,267.4732
MCD,2026-08-19 21:55:00+00:00,267.6,267.6,267.6,267.6,67.0,3.0,267.6
MCD,2026-08-19 22:10:00+00:00,267.6,267.6,267.6,267.6,348.0,17.0,267.6
MCD,2026-08-19 22:15:00+00:00,267.6,267.6,267.59,267.59,316.0,10.0,267.592857
MCD,2026-08-19 22:25:00+00:00,267.6,267.6,267.6,267.6,150.0,2.0,267.6
MCD,2026-08-19 22:30:00+00:00,267.6,267.6,267.6,267.6,151.0,3.0,267.6
MCD,2026-08-19 22:40:00+00:00,267.6,267.72,267.6,267.72,291.0,7.0,267.68209
MCD,2026-08-19 22:45:00+00:00,267.78,267.78,267.6,267.6,407.0,6.0,267.651605
MCD,2026-08-19 22:50:00+00:00,267.66,267.66,267.66,267.66,63.0,4.0,267.66
MCD,2026-08-19 23:05:00+00:00,267.7127,267.7127,267.7127,267.7127,100.0,5.0,267.7127
MCD,2026-08-19 23:15:00+00:00,267.8265,267.8265,267.8265,267.8265,93.0,2.0,267.8265
MCD,2026-08-19 23:25:00+00:00,267.8568,267.8594,267.74,267.8594,661.0,10.0,267.844953
MCD,2026-08-19 23:40:00+00:00,267.946,267.946,267.946,267.946,459.0,10.0,267.946
MCD,2026-08-19 23:45:00+00:00,267.8,267.8,267.8,267.8,308.0,5.0,267.8
MCD,2026-08-19 23:50:00+00:00,267.8501,267.8501,267.8,267.8,392.0,9.0,267.824949
MCD,2026-08-19 23:55:00+00:00,267.8,267.8,267.8,267.8,96.0,1.0,267.8
MCD,2026-08-20 08:00:00+00:00,267.7897,267.84,267.04,267.19,7354.0,364.0,267.48987
MCD,2026-08-20 08:25:00+00:00,267.47,267.57,267.47,267.57,366.0,9.0,267.491569
MCD,2026-08-20 08:30:00+00:00,267.6,267.6,267.6,267.6,291.0,11.0,267.6
MCD,2026-08-20 08:40:00+00:00,267.6,267.6,267.6,267.6,125.0,7.0,267.6
MCD,2026-08-20 08:45:00+00:00,267.75,267.75,267.75,267.75,46.0,3.0,267.75
MCD,2026-08-20 08:55:00+00:00,267.79,267.79,267.79,267.79,77.0,4.0,267.79
MCD,2026-08-20 09:20:00+00:00,267.9,268.06,267.9,268.0241,2065.0,38.0,267.938026
MCD,2026-08-20 09:45:00+00:00,267.9,267.9,267.9,267.9,820.0,21.0,267.9
MCD,2026-08-20 10:20:00+00:00,267.9,267.9,267.9,267.9,1755.0,11.0,267.9
MCD,2026-08-20 10:55:00+00:00,267.9,267.9,267.9,267.9,722.0,14.0,267.9
MCD,2026-08-20 11:00:00+00:00,267.9,267.9,267.5,267.51,1490.0,91.0,267.740368
MCD,2026-08-20 11:05:00+00:00,267.4,267.4,267.4,267.4,248.0,12.0,267.4
MCD,2026-08-20 11:10:00+00:00,267.3,267.45,267.3,267.45,185.0,4.0,267.38
MCD,2026-08-20 11:15:00+00:00,267.8199,267.8199,267.26,267.26,632.0,40.0,267.419975
MCD,2026-08-20 11:20:00+00:00,267.3674,267.475,267.2,267.475,937.0,41.0,267.327402
MCD,2026-08-20 11:25:00+00:00,267.52,267.52,267.52,267.52,161.0,8.0,267.52
MCD,2026-08-20 11:30:00+00:00,267.32,267.708,267.32,267.708,278.0,15.0,267.417
MCD,2026-08-20 11:45:00+00:00,267.25,267.25,267.22,267.22,145.0,7.0,267.235625
MCD,2026-08-20 11:50:00+00:00,267.34,267.34,267.25,267.25,194.0,22.0,267.29
MCD,2026-08-20 11:55:00+00:00,267.31,267.3683,267.31,267.3683,278.0,18.0,267.351643
MCD,2026-08-20 12:00:00+00:00,267.2573,267.2573,267.2573,267.2573,72.0,4.0,267.2573
MCD,2026-08-20 12:05:00+00:00,267.25,267.25,267.25,267.25,209.0,20.0,267.25
MCD,2026-08-20 12:10:00+00:00,267.5,267.51,267.5,267.51,310.0,17.0,267.504151
MCD,2026-08-20 12:20:00+00:00,267.5,267.56,267.25,267.25,12871.0,89.0,267.465769
MCD,2026-08-20 12:25:00+00:00,267.4,267.4,267.39,267.39,218.0,19.0,267.397203
MCD,2026-08-20 12:30:00+00:00,267.4,267.4,267.3,267.4,1264.0,41.0,267.371743
MCD,2026-08-20 12:35:00+00:00,267.31,267.31,267.2,267.2,962.0,36.0,267.276291
MCD,2026-08-20 12:40:00+00:00,267.4,267.4,267.4,267.4,76.0,4.0,267.4
MCD,2026-08-20 12:45:00+00:00,267.2,267.23,267.19,267.19,1609.0,29.0,267.195396
MCD,2026-08-20 12:50:00+00:00,267.22,267.22,267.2,267.2,283.0,8.0,267.211111
MCD,2026-08-20 12:55:00+00:00,267.1,267.17,267.1,267.17,510.0,26.0,267.150447
MCD,2026-08-20 13:00:00+00:00,267.1253,267.2,267.1,267.17,916.0,29.0,267.146966
MCD,2026-08-20 13:05:00+00:00,267.236,267.236,267.236,267.236,120.0,2.0,267.236
MCD,2026-08-20 13:10:00+00:00,267.1577,267.1577,267.1577,267.1577,100.0,1.0,267.1577
MCD,2026-08-20 13:15:00+00:00,267.1,267.29,267.09,267.29,636.0,23.0,267.124233
MCD,2026-08-20 13:20:00+00:00,267.07,267.2,267.07,267.07,685.0,17.0,267.091667
MCD,2026-08-20 13:25:00+00:00,267.4,267.4,266.66,267.0,2858.0,173.0,267.124465
MCD,2026-08-20 13:30:00+00:00,267.57,269.0,266.91,268.8994,140772.0,3164.0,267.6926
MCD,2026-08-20 13:35:00+00:00,268.91,270.82,268.9,269.8499,116009.0,2431.0,270.034919
MCD,2026-08-20 13:40:00+00:00,269.7381,270.09,269.3201,269.88,30729.0,1045.0,269.781335
MCD,2026-08-20 13:45:00+00:00,270.0,271.48,269.8592,271.4,60631.0,1711.0,270.923719
MCD,2026-08-20 13:50:00+00:00,271.395,271.88,271.105,271.125,75385.0,1931.0,271.445985
MCD,2026-08-20 13:55:00+00:00,271.16,271.35,270.55,270.55,52305.0,1424.0,270.987581
MCD,2026-08-20 14:00:00+00:00,270.62,270.75,270.0001,270.2,47287.0,1500.0,270.394827
MCD,2026-08-20 14:05:00+00:00,270.265,270.76,270.14,270.23,53886.0,1556.0,270.422983
MCD,2026-08-20 14:10:00+00:00,270.15,270.19,269.2018,269.535,68411.0,1436.0,269.787667
MCD,2026-08-20 14:15:00+00:00,269.535,269.78,269.1301,269.275,38188.0,1172.0,269.447929
MCD,2026-08-20 14:20:00+00:00,269.34,269.5,268.8,269.01,27417.0,1261.0,269.141253
MCD,2026-08-20 14:25:00+00:00,268.98,269.17,268.79,269.065,18682.0,897.0,268.949173
MCD,2026-08-20 14:30:00+00:00,269.07,269.41,268.86,269.14,43025.0,1123.0,269.103501
MCD,2026-08-20 14:35:00+00:00,269.27,269.64,269.05,269.43,19742.0,784.0,269.340406
MCD,2026-08-20 14:40:00+00:00,269.4872,269.5,269.245,269.415,18691.0,918.0,269.390196
MCD,2026-08-20 14:45:00+00:00,269.4,269.9,269.07,269.23,100648.0,1496.0,269.625038
MCD,2026-08-20 14:50:00+00:00,269.29,269.34,268.91,269.09,18268.0,956.0,269.136296
MCD,2026-08-20 14:55:00+00:00,269.085,269.63,268.88,269.63,14630.0,742.0,269.2507
MCD,2026-08-20 15:00:00+00:00,269.59,269.73,269.39,269.66,33868.0,1006.0,269.575036
MCD,2026-08-20 15:05:00+00:00,269.73,270.26,269.73,269.975,27734.0,982.0,270.009118
MCD,2026-08-20 15:10:00+00:00,269.975,270.725,269.92,270.7,32463.0,1192.0,270.232094
MCD,2026-08-20 15:15:00+00:00,270.67,270.83,270.45,270.6,27217.0,1059.0,270.610317
MCD,2026-08-20 15:20:00+00:00,270.59,270.7,270.25,270.55,16629.0,847.0,270.499541
MCD,2026-08-20 15:25:00+00:00,270.55,270.62,270.47,270.505,17845.0,816.0,270.55495
MCD,2026-08-20 15:30:00+00:00,270.505,270.5999,270.15,270.3302,12879.0,725.0,270.375164
MCD,2026-08-20 15:35:00+00:00,270.37,270.47,270.21,270.43,12842.0,726.0,270.359762
MCD,2026-08-20 15:40:00+00:00,270.37,270.42,270.04,270.2,11591.0,686.0,270.210864
MCD,2026-08-20 15:45:00+00:00,270.3,270.435,270.05,270.155,20040.0,800.0,270.190244
MCD,2026-08-20 15:50:00+00:00,270.155,270.155,269.76,270.01,23975.0,909.0,269.960616
MCD,2026-08-20 15:55:00+00:00,270.035,270.05,269.71,269.9199,14493.0,695.0,269.898965
MCD,2026-08-20 16:00:00+00:00,269.8,270.03,269.68,270.02,17487.0,770.0,269.857758
MCD,2026-08-20 16:05:00+00:00,270.05,270.37,270.0101,270.085,15713.0,636.0,270.181409
MCD,2026-08-20 16:10:00+00:00,270.12,270.3,270.07,270.19,22615.0,762.0,270.165231
MCD,2026-08-20 16:15:00+00:00,270.18,270.22,270.0,270.0,18992.0,744.0,270.138742
MCD,2026-08-20 16:20:00+00:00,270.0,270.07,269.74,269.835,32074.0,846.0,269.933066
MCD,2026-08-20 16:25:00+00:00,269.83,269.95,269.6801,269.74,14681.0,633.0,269.800859
MCD,2026-08-20 16:30:00+00:00,269.76,269.86,269.66,269.75,29140.0,853.0,269.769567
MCD,2026-08-20 16:35:00+00:00,269.7,269.7191,269.49,269.49,18019.0,717.0,269.570356
MCD,2026-08-20 16:40:00+00:00,269.46,269.715,269.4201,269.66,20551.0,656.0,269.55916
MCD,2026-08-20 16:45:00+00:00,269.7,269.72,269.555,269.64,12101.0,582.0,269.625248
MCD,2026-08-20 16:50:00+00:00,269.62,269.84,269.5901,269.7418,14434.0,594.0,269.725051
MCD,2026-08-20 16:55:00+00:00,269.6901,269.77,269.4,269.44,33093.0,837.0,269.527754
MCD,2026-08-20 17:00:00+00:00,269.45,269.7,269.34,269.645,27655.0,721.0,269.49661
MCD,2026-08-20 17:05:00+00:00,269.68,269.8,269.475,269.7,12141.0,571.0,269.654928
MCD,2026-08-20 17:10:00+00:00,269.685,269.93,269.6101,269.925,14664.0,597.0,269.738174
MCD,2026-08-20 17:15:00+00:00,269.9,269.97,269.55,269.605,18372.0,613.0,269.786125
MCD,2026-08-20 17:20:00+00:00,269.61,269.77,269.5825,269.715,13310.0,622.0,269.665792
MCD,2026-08-20 17:25:00+00:00,269.715,269.715,269.47,269.59,14766.0,652.0,269.548651
MCD,2026-08-20 17:30:00+00:00,269.59,269.69,269.46,269.505,14348.0,681.0,269.614831
MCD,2026-08-20 17:35:00+00:00,269.45,269.45,269.04,269.06,16237.0,765.0,269.206647
MCD,2026-08-20 17:40:00+00:00,269.1,269.16,268.94,269.025,21294.0,717.0,269.028173
MCD,2026-08-20 17:45:00+00:00,269.01,269.14,268.95,269.0414,16860.0,827.0,269.044783
MCD,2026-08-20 17:50:00+00:00,269.04,269.0799,268.92,268.98,12990.0,586.0,268.964905
MCD,2026-08-20 17:55:00+00:00,268.98,269.05,268.86,269.04,20748.0,834.0,268.9565
MCD,2026-08-20 18:00:00+00:00,269.0,269.29,268.97,269.16,45154.0,1094.0,269.117284
MCD,2026-08-20 18:05:00+00:00,269.2,269.36,269.0001,269.32,25154.0,882.0,269.264068
MCD,2026-08-20 18:10:00+00:00,269.33,269.42,269.23,269.42,17268.0,747.0,269.313013
MCD,2026-08-20 18:15:00+00:00,269.39,269.66,269.355,269.57,29145.0,907.0,269.503751
MCD,2026-08-20 18:20:00+00:00,269.59,269.81,269.56,269.69,24090.0,989.0,269.669718
MCD,2026-08-20 18:25:00+00:00,269.69,269.7181,269.47,269.53,26923.0,853.0,269.600516
MCD,2026-08-20 18:30:00+00:00,269.545,269.65,269.36,269.5,25339.0,1004.0,269.478795
MCD,2026-08-20 18:35:00+00:00,269.54,269.61,269.27,269.3,17531.0,890.0,269.45644
MCD,2026-08-20 18:40:00+00:00,269.3,269.4505,269.185,269.4,18507.0,877.0,269.304785
MCD,2026-08-20 18:45:00+00:00,269.3801,269.9,269.33,269.66,60301.0,1638.0,269.633757
MCD,2026-08-20 18:50:00+00:00,269.71,269.89,269.63,269.89,23016.0,934.0,269.730801
MCD,2026-08-20 18:55:00+00:00,269.81,269.8899,269.5801,269.85,25690.0,1012.0,269.75027
MCD,2026-08-20 19:00:00+00:00,269.85,269.955,269.6,269.94,27657.0,1038.0,269.764193
MCD,2026-08-20 19:05:00+00:00,269.9751,270.01,269.69,269.785,29505.0,1046.0,269.876694
MCD,2026-08-20 19:10:00+00:00,269.7885,269.91,269.72,269.885,24920.0,979.0,269.800497
MCD,2026-08-20 19:15:00+00:00,269.86,269.89,269.73,269.81,23529.0,936.0,269.806735
MCD,2026-08-20 19:20:00+00:00,269.83,270.28,269.82,270.26,35219.0,1229.0,270.073293
MCD,2026-08-20 19:25:00+00:00,270.2767,270.55,270.1603,270.395,38561.0,1315.0,270.352512
MCD,2026-08-20 19:30:00+00:00,270.44,270.75,270.28,270.695,58955.0,2116.0,270.587805
MCD,2026-08-20 19:35:00+00:00,270.72,270.89,270.565,270.8,56548.0,2071.0,270.721479
MCD,2026-08-20 19:40:00+00:00,270.77,270.92,270.18,270.234,54356.0,1888.0,270.492141
MCD,2026-08-20 19:45:00+00:00,270.13,270.34,270.07,270.24,54734.0,1810.0,270.216841
MCD,2026-08-20 19:50:00+00:00,270.29,270.445,269.885,270.0,77733.0,2795.0,270.22011
MCD,2026-08-20 19:55:00+00:00,270.02,270.095,269.09,269.16,319320.0,9492.0,269.435389
MCD,2026-08-20 20:00:00+00:00,269.13,269.3,269.13,269.13,689813.0,207.0,269.130034
MCD,2026-08-20 20:05:00+00:00,269.24,270.5542,269.13,269.5053,2038.0,43.0,269.288207
MCD,2026-08-20 20:20:00+00:00,269.56,269.56,269.56,269.56,300.0,3.0,269.56
MCD,2026-08-20 20:30:00+00:00,269.2757,269.5,269.2757,269.5,821.0,7.0,269.418925
MCD,2026-08-20 21:05:00+00:00,269.75,269.75,269.75,269.75,117.0,4.0,269.75
MCD,2026-08-20 21:15:00+00:00,269.52,269.52,269.5,269.5,265.0,11.0,269.51
MCD,2026-08-20 21:25:00+00:00,269.49,269.49,269.49,269.49,131.0,6.0,269.49
MCD,2026-08-20 21:50:00+00:00,269.44,269.44,269.44,269.44,70.0,1.0,269.44
MCD,2026-08-20 22:00:00+00:00,269.41,269.41,269.4,269.4,460.0,2.0,269.408696
MCD,2026-08-20 22:35:00+00:00,269.4465,269.4465,269.4465,269.4465,59.0,2.0,269.4465
MCD,2026-08-20 22:55:00+00:00,269.669,269.669,269.669,269.669,126.0,3.0,269.669
MCD,2026-08-20 23:55:00+00:00,270.0924,270.0924,270.0924,270.0924,100.0,1.0,270.0924
MCD,2026-08-21 08:00:00+00:00,269.29,269.53,268.91,269.2,4482.0,495.0,269.20684
MCD,2026-08-21 08:30:00+00:00,269.43,269.43,269.43,269.43,153.0,8.0,269.43
MCD,2026-08-21 08:40:00+00:00,269.5,269.5,269.5,269.5,43.0,3.0,269.5
MCD,2026-08-21 08:50:00+00:00,269.88,269.88,269.88,269.88,55.0,4.0,269.88
MCD,2026-08-21 09:05:00+00:00,269.94,269.94,269.94,269.94,223.0,7.0,269.94
MCD,2026-08-21 10:15:00+00:00,270.0,270.0,269.58,269.58,287.0,15.0,269.814159
MCD,2026-08-21 10:20:00+00:00,269.64,269.64,269.64,269.64,70.0,1.0,269.64
MCD,2026-08-21 10:25:00+00:00,269.94,269.94,269.94,269.94,274.0,18.0,269.94
MCD,2026-08-21 10:40:00+00:00,269.61,269.61,269.61,269.61,93.0,3.0,269.61
MCD,2026-08-21 11:00:00+00:00,269.84,269.9797,269.84,269.9797,400.0,12.0,269.92785
MCD,2026-08-21 11:05:00+00:00,269.831,269.831,269.831,269.831,108.0,2.0,269.831
MCD,2026-08-21 11:10:00+00:00,269.95,269.95,269.95,269.95,102.0,2.0,269.95
MCD,2026-08-21 11:20:00+00:00,269.78,269.78,269.78,269.78,100.0,7.0,269.78
MCD,2026-08-21 11:30:00+00:00,269.71,269.71,269.65,269.65,502.0,14.0,269.67
MCD,2026-08-21 11:40:00+00:00,269.55,269.55,269.55,269.55,81.0,7.0,269.55
MCD,2026-08-21 11:45:00+00:00,269.38,269.49,269.38,269.49,459.0,13.0,269.431968
MCD,2026-08-21 11:55:00+00:00,269.69,269.7,269.69,269.7,497.0,24.0,269.696202
MCD,2026-08-21 12:00:00+00:00,269.9,269.9,269.7715,269.7715,510.0,7.0,269.7972
MCD,2026-08-21 12:05:00+00:00,269.79,269.79,269.79,269.79,51.0,2.0,269.79
MCD,2026-08-21 12:25:00+00:00,269.71,269.71,269.71,269.71,946.0,38.0,269.71
MCD,2026-08-21 12:30:00+00:00,269.9,269.9,269.5,269.5,269.0,16.0,269.718182
MCD,2026-08-21 12:40:00+00:00,269.838,269.9,269.838,269.8418,501.0,16.0,269.868451
MCD,2026-08-21 12:45:00+00:00,269.8284,269.8284,269.8284,269.8284,186.0,2.0,269.8284
MCD,2026-08-21 13:00:00+00:00,269.72,269.74,269.56,269.56,1508.0,38.0,269.690214
MCD,2026-08-21 13:10:00+00:00,269.9,269.9,269.67,269.68,1614.0,13.0,269.678793
MCD,2026-08-21 13:15:00+00:00,269.75,269.75,269.75,269.75,102.0,4.0,269.75
MCD,2026-08-21 13:20:00+00:00,269.71,269.71,269.5,269.5,2400.0,63.0,269.602759
MCD,2026-08-21 13:25:00+00:00,269.44,269.44,268.77,268.77,2150.0,118.0,269.139291
MCD,2026-08-21 13:30:00+00:00,269.3,269.45,268.11,268.7,350562.0,2247.0,269.206167
MCD,2026-08-21 13:35:00+00:00,268.77,269.42,268.44,269.09,64950.0,1609.0,268.99664
MCD,2026-08-21 13:40:00+00:00,269.1139,269.185,268.52,268.982,29589.0,1123.0,268.774485
MCD,2026-08-21 13:45:00+00:00,268.96,269.09,268.39,268.76,32282.0,1214.0,268.731898
MCD,2026-08-21 13:50:00+00:00,268.81,269.13,268.47,268.54,20516.0,958.0,268.824546
MCD,2026-08-21 13:55:00+00:00,268.46,268.76,268.36,268.64,26963.0,1040.0,268.566176
MCD,2026-08-21 14:00:00+00:00,268.58,269.025,268.5,268.685,28904.0,1201.0,268.696048
MCD,2026-08-21 14:05:00+00:00,268.77,268.9674,268.41,268.59,41018.0,1194.0,268.736398
MCD,2026-08-21 14:10:00+00:00,268.56,268.89,268.21,268.805,33684.0,1202.0,268.55588
MCD,2026-08-21 14:15:00+00:00,268.805,269.1,268.35,269.1,24353.0,919.0,268.728963
MCD,2026-08-21 14:20:00+00:00,269.14,269.29,268.84,268.99,24188.0,1023.0,269.043312
MCD,2026-08-21 14:25:00+00:00,268.985,268.985,268.5201,268.82,29672.0,1707.0,268.69068
MCD,2026-08-21 14:30:00+00:00,268.74,269.0,268.62,268.95,24855.0,2150.0,268.815988
MCD,2026-08-21 14:35:00+00:00,268.955,269.0397,268.77,268.77,18382.0,777.0,268.903685
MCD,2026-08-21 14:40:00+00:00,268.8175,269.01,268.6401,268.76,29354.0,903.0,268.873106
MCD,2026-08-21 14:45:00+00:00,268.8,269.6,268.8,269.6,34555.0,1106.0,269.308904
MCD,2026-08-21 14:50:00+00:00,269.59,270.04,269.4501,269.965,49089.0,1207.0,269.67753
MCD,2026-08-21 14:55:00+00:00,269.965,270.11,269.735,269.9225,28682.0,979.0,269.948307
MCD,2026-08-21 15:00:00+00:00,269.93,270.09,269.74,270.04,36315.0,1051.0,269.905208
MCD,2026-08-21 15:05:00+00:00,270.06,270.53,270.06,270.36,46721.0,1450.0,270.351872
MCD,2026-08-21 15:10:00+00:00,270.38,270.6,270.319,270.385,19920.0,895.0,270.461796
MCD,2026-08-21 15:15:00+00:00,270.385,270.43,270.0,270.25,37685.0,1325.0,270.263106
MCD,2026-08-21 15:20:00+00:00,270.25,270.28,269.78,269.8,22645.0,986.0,270.033641
MCD,2026-08-21 15:25:00+00:00,269.82,270.21,269.7,270.11,28900.0,1114.0,269.805505
MCD,2026-08-21 15:30:00+00:00,270.18,270.25,269.95,269.98,22252.0,1103.0,270.109246
MCD,2026-08-21 15:35:00+00:00,269.95,269.9799,269.69,269.76,20062.0,1017.0,269.816737
MCD,2026-08-21 15:40:00+00:00,269.8299,270.2,269.7101,270.18,20505.0,662.0,269.981222
MCD,2026-08-21 15:45:00+00:00,270.155,270.47,270.02,270.125,22412.0,756.0,270.293468
MCD,2026-08-21 15:50:00+00:00,270.125,270.385,270.1,270.34,17606.0,635.0,270.237454
MCD,2026-08-21 15:55:00+00:00,270.355,270.44,270.255,270.415,16033.0,675.0,270.353362
MCD,2026-08-21 16:00:00+00:00,270.415,270.54,270.3399,270.42,12941.0,609.0,270.422048
MCD,2026-08-21 16:05:00+00:00,270.43,270.52,270.185,270.375,20367.0,603.0,270.329213
MCD,2026-08-21 16:10:00+00:00,270.4,270.6,270.35,270.6,15145.0,696.0,270.449644
MCD,2026-08-21 16:15:00+00:00,270.6,270.93,270.5104,270.7901,29279.0,907.0,270.784553
MCD,2026-08-21 16:20:00+00:00,270.855,270.95,270.66,270.855,22008.0,791.0,270.765025
MCD,2026-08-21 16:25:00+00:00,270.89,270.91,270.6948,270.81,19900.0,692.0,270.796112
MCD,2026-08-21 16:30:00+00:00,270.805,270.94,270.66,270.745,21384.0,639.0,270.845992
MCD,2026-08-21 16:35:00+00:00,270.74,270.98,270.725,270.93,17185.0,666.0,270.827136
MCD,2026-08-21 16:40:00+00:00,270.9175,270.955,270.73,270.85,13757.0,603.0,270.875984
MCD,2026-08-21 16:45:00+00:00,270.85,270.93,270.77,270.77,34947.0,843.0,270.844916
MCD,2026-08-21 16:50:00+00:00,270.76,270.76,270.48,270.58,18589.0,683.0,270.608477
MCD,2026-08-21 16:55:00+00:00,270.58,270.64,270.25,270.54,75318.0,621.0,270.474
MCD,2026-08-21 17:00:00+00:00,270.57,270.72,270.5,270.71,10787.0,594.0,270.617483
MCD,2026-08-21 17:05:00+00:00,270.685,270.935,270.6616,270.875,21071.0,683.0,270.805385
MCD,2026-08-21 17:10:00+00:00,270.93,270.96,270.79,270.82,11783.0,577.0,270.853218
MCD,2026-08-21 17:15:00+00:00,270.84,270.93,270.76,270.865,16746.0,622.0,270.860429
MCD,2026-08-21 17:20:00+00:00,270.89,270.935,270.83,270.835,16256.0,571.0,270.87852
MCD,2026-08-21 17:25:00+00:00,270.865,270.92,270.75,270.75,16496.0,690.0,270.848643
MCD,2026-08-21 17:30:00+00:00,270.72,270.79,270.465,270.635,23123.0,806.0,270.611286
MCD,2026-08-21 17:35:00+00:00,270.6214,270.85,270.595,270.84,17411.0,595.0,270.690101
MCD,2026-08-21 17:40:00+00:00,270.87,270.96,270.85,270.92,12523.0,563.0,270.905229
MCD,2026-08-21 17:45:00+00:00,270.92,271.0,270.8,270.865,42927.0,1077.0,270.918117
MCD,2026-08-21 17:50:00+00:00,270.865,270.8737,270.455,270.49,31491.0,727.0,270.668725
MCD,2026-08-21 17:55:00+00:00,270.465,270.88,270.34,270.88,20227.0,946.0,270.570339
MCD,2026-08-21 18:00:00+00:00,270.87,271.0299,270.52,270.6958,25769.0,759.0,270.702772
MCD,2026-08-21 18:05:00+00:00,270.7,270.75,270.59,270.62,16890.0,681.0,270.674034
MCD,2026-08-21 18:10:00+00:00,270.62,270.74,270.47,270.74,21978.0,726.0,270.573535
MCD,2026-08-21 18:15:00+00:00,270.7,270.85,270.65,270.795,15547.0,668.0,270.730129
MCD,2026-08-21 18:20:00+00:00,270.795,270.95,270.72,270.72,16609.0,736.0,270.851507
MCD,2026-08-21 18:25:00+00:00,270.715,270.81,270.6701,270.7201,18079.0,791.0,270.745367
MCD,2026-08-21 18:30:00+00:00,270.7201,270.84,270.64,270.73,21740.0,862.0,270.715174
MCD,2026-08-21 18:35:00+00:00,270.73,270.75,270.6401,270.68,21028.0,741.0,270.695185
MCD,2026-08-21 18:40:00+00:00,270.72,270.75,270.65,270.675,14901.0,619.0,270.70167
MCD,2026-08-21 18:45:00+00:00,270.675,270.97,270.64,270.965,22408.0,848.0,270.792934
MCD,2026-08-21 18:50:00+00:00,270.99,270.99,270.55,270.625,47363.0,976.0,270.739141
MCD,2026-08-21 18:55:00+00:00,270.655,270.71,270.38,270.71,23430.0,912.0,270.522317
MCD,2026-08-21 19:00:00+00:00,270.68,270.71,270.44,270.51,19273.0,804.0,270.560339
MCD,2026-08-21 19:05:00+00:00,270.555,270.75,270.52,270.725,25478.0,767.0,270.597999
MCD,2026-08-21 19:10:00+00:00,270.73,270.77,270.58,270.63,19326.0,856.0,270.674669
MCD,2026-08-21 19:15:00+00:00,270.64,270.7811,270.495,270.63,29157.0,1078.0,270.641438
MCD,2026-08-21 19:20:00+00:00,270.63,270.65,270.4,270.63,20987.0,865.0,270.513817
MCD,2026-08-21 19:25:00+00:00,270.635,270.69,270.5301,270.6899,24905.0,987.0,270.62966
MCD,2026-08-21 19:30:00+00:00,270.645,270.725,270.14,270.18,39426.0,1396.0,270.365189
MCD,2026-08-21 19:35:00+00:00,270.17,270.84,270.17,270.75,53483.0,1732.0,270.564946
MCD,2026-08-21 19:40:00+00:00,270.76,271.2,270.7,271.13,60076.0,2108.0,270.993816
MCD,2026-08-21 19:45:00+00:00,271.11,271.16,270.96,271.15,63844.0,2078.0,271.062205
MCD,2026-08-21 19:50:00+00:00,271.13,271.25,271.02,271.22,69619.0,2281.0,271.150421
MCD,2026-08-21 19:55:00+00:00,271.215,271.24,270.72,270.94,201910.0,6446.0,270.906825
MCD,2026-08-21 20:00:00+00:00,270.88,271.5,270.88,270.97,1071282.0,162.0,270.950087
MCD,2026-08-21 20:05:00+00:00,270.62,270.62,270.5,270.5,250.0,17.0,270.534783
MCD,2026-08-21 20:10:00+00:00,270.79,270.79,270.79,270.79,4374.0,5.0,270.79
MCD,2026-08-21 20:20:00+00:00,270.967,270.967,270.967,270.967,50.0,1.0,270.967
MCD,2026-08-21 20:25:00+00:00,270.85,270.95,270.85,270.95,1202.0,9.0,270.865254
MCD,2026-08-21 20:30:00+00:00,271.0,271.0,270.9709,270.9709,235.0,20.0,270.9806
MCD,2026-08-21 20:40:00+00:00,270.85,270.85,270.85,270.85,105.0,3.0,270.85
MCD,2026-08-21 21:05:00+00:00,270.88,270.88,270.88,270.88,145.0,8.0,270.88
MCD,2026-08-21 21:10:00+00:00,270.8,270.8,270.8,270.8,200.0,1.0,270.8
MCD,2026-08-21 21:30:00+00:00,270.8,270.8,270.8,270.8,372.0,8.0,270.8
MCD,2026-08-21 21:45:00+00:00,270.8,270.8,270.8,270.8,158.0,8.0,270.8
MCD,2026-08-21 21:50:00+00:00,270.87,270.87,270.87,270.87,228.0,5.0,270.87
MCD,2026-08-21 22:10:00+00:00,270.9,270.9,270.9,270.9,50.0,2.0,270.9
MCD,2026-08-21 22:15:00+00:00,270.8,270.8,270.8,270.8,41.0,2.0,270.8
MCD,2026-08-21 22:20:00+00:00,270.85,270.85,270.8042,270.8042,1004.0,4.0,270.808798
MCD,2026-08-21 22:50:00+00:00,270.9394,270.9394,270.9394,270.9394,505.0,2.0,270.9394
MCD,2026-08-21 23:20:00+00:00,270.86,270.86,270.8,270.8,222.0,5.0,270.83
MCD,2026-08-21 23:35:00+00:00,270.82,270.82,270.82,270.82,1001.0,2.0,270.82
MCD,2026-08-21 23:40:00+00:00,270.8002,270.8002,270.8002,270.8002,51.0,2.0,270.8002
MCD,2026-08-24 08:00:00+00:00,271.6,272.0,271.3961,271.55,4199.0,263.0,271.565535
MCD,2026-08-24 08:05:00+00:00,271.9,272.2,271.9,272.2,275.0,12.0,272.058824
MCD,2026-08-24 08:10:00+00:00,272.01,272.01,272.01,272.01,190.0,9.0,272.01
MCD,2026-08-24 08:20:00+00:00,272.4,272.4,272.4,272.4,112.0,7.0,272.4
MCD,2026-08-24 08:25:00+00:00,272.27,272.27,272.27,272.27,543.0,18.0,272.27
MCD,2026-08-24 08:30:00+00:00,272.3,272.3,272.3,272.3,126.0,2.0,272.3
MCD,2026-08-24 08:35:00+00:00,272.4,272.4,272.4,272.4,96.0,6.0,272.4
MCD,2026-08-24 08:40:00+00:00,272.55,272.55,272.55,272.55,159.0,5.0,272.55
MCD,2026-08-24 08:45:00+00:00,272.51,272.51,272.5,272.5,135.0,7.0,272.504878
MCD,2026-08-24 08:50:00+00:00,272.5,272.5,272.5,272.5,318.0,9.0,272.5
MCD,2026-08-24 08:55:00+00:00,272.5,272.5,272.5,272.5,113.0,5.0,272.5
MCD,2026-08-24 09:00:00+00:00,272.6,272.6,272.6,272.6,707.0,13.0,272.6
MCD,2026-08-24 09:05:00+00:00,272.56,272.56,272.53,272.53,90.0,3.0,272.543793
MCD,2026-08-24 09:10:00+00:00,272.67,272.67,272.67,272.67,194.0,6.0,272.67
MCD,2026-08-24 09:15:00+00:00,272.6,272.6,272.6,272.6,235.0,7.0,272.6
MCD,2026-08-24 09:20:00+00:00,272.66,272.89,272.66,272.89,4709.0,24.0,272.874859
MCD,2026-08-24 09:30:00+00:00,272.83,272.83,272.83,272.83,300.0,3.0,272.83
MCD,2026-08-24 09:35:00+00:00,272.7,272.7,272.7,272.7,138.0,8.0,272.7
MCD,2026-08-24 09:40:00+00:00,272.5961,272.5961,272.5961,272.5961,223.0,2.0,272.5961
MCD,2026-08-24 09:50:00+00:00,272.74,272.77,272.74,272.77,332.0,10.0,272.749116
MCD,2026-08-24 10:00:00+00:00,272.71,272.71,272.64,272.64,302.0,10.0,272.695211
MCD,2026-08-24 10:10:00+00:00,272.63,272.89,272.63,272.89,238.0,15.0,272.810556
MCD,2026-08-24 10:20:00+00:00,272.74,272.74,272.74,272.74,288.0,7.0,272.74
MCD,2026-08-24 10:25:00+00:00,272.8,272.8,272.74,272.75,418.0,7.0,272.766992
MCD,2026-08-24 10:30:00+00:00,272.7,272.74,272.7,272.74,301.0,8.0,272.722069
MCD,2026-08-24 10:40:00+00:00,272.73,272.74,272.66,272.69,970.0,18.0,272.708491
MCD,2026-08-24 10:45:00+00:00,272.722,272.722,272.722,272.722,124.0,5.0,272.722
MCD,2026-08-24 10:50:00+00:00,272.73,272.75,272.73,272.75,330.0,10.0,272.746515
MCD,2026-08-24 10:55:00+00:00,272.77,272.77,272.73,272.73,879.0,18.0,272.73673
MCD,2026-08-24 11:00:00+00:00,272.69,272.69,272.4225,272.6474,1836.0,48.0,272.637881
MCD,2026-08-24 11:05:00+00:00,272.65,272.65,272.65,272.65,62.0,1.0,272.65
MCD,2026-08-24 11:10:00+00:00,272.68,272.68,272.68,272.68,361.0,14.0,272.68
MCD,2026-08-24 11:15:00+00:00,272.73,272.77,272.73,272.77,1168.0,56.0,272.760511
MCD,2026-08-24 11:20:00+00:00,272.72,272.72,272.64,272.64,636.0,24.0,272.696812
MCD,2026-08-24 11:25:00+00:00,272.7344,272.77,272.64,272.64,1262.0,34.0,272.708595
MCD,2026-08-24 11:35:00+00:00,272.6546,272.6546,272.6546,272.6546,106.0,7.0,272.6546
MCD,2026-08-24 11:40:00+00:00,272.67,272.67,272.67,272.67,658.0,27.0,272.67
MCD,2026-08-24 11:45:00+00:00,272.63,272.64,272.59,272.59,1878.0,43.0,272.628761
MCD,2026-08-24 11:50:00+00:00,272.55,272.55,272.55,272.55,204.0,8.0,272.55
MCD,2026-08-24 11:55:00+00:00,272.54,272.5967,272.54,272.5967,143.0,4.0,272.5778
MCD,2026-08-24 12:00:00+00:00,272.6211,272.67,272.6211,272.67,467.0,17.0,272.655216
MCD,2026-08-24 12:05:00+00:00,272.61,272.8538,272.61,272.8538,2273.0,50.0,272.703758
MCD,2026-08-24 12:10:00+00:00,272.8,272.8,272.8,272.8,173.0,10.0,272.8
MCD,2026-08-24 12:15:00+00:00,272.84,272.84,272.84,272.84,453.0,20.0,272.84
MCD,2026-08-24 12:20:00+00:00,272.7732,273.0,272.7732,273.0,1785.0,76.0,272.881248
MCD,2026-08-24 12:25:00+00:00,273.0201,273.5,273.0201,273.1924,2435.0,60.0,273.313294
MCD,2026-08-24 12:30:00+00:00,273.095,273.1644,272.87,273.12,1326.0,79.0,273.081453
MCD,2026-08-24 12:35:00+00:00,273.18,273.18,273.1552,273.1552,244.0,8.0,273.1676
MCD,2026-08-24 12:40:00+00:00,273.13,273.13,273.08,273.08,696.0,25.0,273.087123
MCD,2026-08-24 12:45:00+00:00,272.9,273.0,272.9,273.0,115.0,5.0,272.95
MCD,2026-08-24 12:50:00+00:00,272.95,272.96,272.95,272.96,459.0,19.0,272.952982
MCD,2026-08-24 12:55:00+00:00,273.0469,273.09,272.96,273.09,367.0,21.0,273.033105
MCD,2026-08-24 13:00:00+00:00,273.0548,273.18,273.04,273.04,1800.0,52.0,273.116765
MCD,2026-08-24 13:05:00+00:00,272.881,272.881,272.881,272.881,506.0,4.0,272.881
MCD,2026-08-24 13:10:00+00:00,273.0,273.05,272.95,273.0262,679.0,23.0,272.979735
MCD,2026-08-24 13:20:00+00:00,273.08,273.2,273.08,273.14,613.0,14.0,273.09814
MCD,2026-08-24 13:25:00+00:00,273.04,273.14,272.16,272.16,1833.0,52.0,272.628476
MCD,2026-08-24 13:30:00+00:00,272.15,273.0361,270.69,271.0,120115.0,3344.0,271.888705
MCD,2026-08-24 13:35:00+00:00,271.0,271.99,270.5912,271.71,70329.0,2073.0,271.32765
MCD,2026-08-24 13:40:00+00:00,271.74,272.27,271.395,272.11,52293.0,1740.0,271.911729
MCD,2026-08-24 13:45:00+00:00,272.07,272.325,271.41,271.93,51303.0,1681.0,271.983617
MCD,2026-08-24 13:50:00+00:00,272.0,272.91,271.68,272.73,75152.0,1905.0,272.285563
MCD,2026-08-24 13:55:00+00:00,272.77,272.8845,271.7,272.23,46922.0,1450.0,272.237893
MCD,2026-08-24 14:00:00+00:00,272.09,272.57,272.03,272.27,35076.0,1400.0,272.327782
MCD,2026-08-24 14:05:00+00:00,272.33,272.39,271.4601,271.675,39421.0,1460.0,271.772602
MCD,2026-08-24 14:10:00+00:00,271.68,271.7282,271.22,271.335,27496.0,1101.0,271.430955
MCD,2026-08-24 14:15:00+00:00,271.27,271.52,271.16,271.33,34598.0,1530.0,271.344906
MCD,2026-08-24 14:20:00+00:00,271.39,271.4999,270.9,271.345,38537.0,1397.0,271.213877
MCD,2026-08-24 14:25:00+00:00,271.38,271.62,271.31,271.435,40463.0,1320.0,271.498436
MCD,2026-08-24 14:30:00+00:00,271.435,271.875,271.37,271.775,28738.0,1307.0,271.591249
MCD,2026-08-24 14:35:00+00:00,271.7156,272.06,271.7156,271.885,26912.0,1132.0,271.918554
MCD,2026-08-24 14:40:00+00:00,271.85,272.18,271.68,272.13,30907.0,1310.0,271.939642
MCD,2026-08-24 14:45:00+00:00,272.1181,272.2,271.29,271.365,42650.0,1267.0,271.623366
MCD,2026-08-24 14:50:00+00:00,271.38,271.41,270.9,271.14,36955.0,1309.0,271.191037
MCD,2026-08-24 14:55:00+00:00,271.19,271.6023,271.14,271.46,19522.0,928.0,271.408786
MCD,2026-08-24 15:00:00+00:00,271.5,271.59,271.29,271.52,22434.0,1102.0,271.425187
MCD,2026-08-24 15:05:00+00:00,271.52,271.67,271.395,271.56,20939.0,952.0,271.551321
MCD,2026-08-24 15:10:00+00:00,271.62,271.635,271.27,271.35,18185.0,923.0,271.459454
MCD,2026-08-24 15:15:00+00:00,271.355,271.58,271.355,271.47,26518.0,1051.0,271.462721
MCD,2026-08-24 15:20:00+00:00,271.47,272.0,271.47,271.86,22453.0,1020.0,271.758347
MCD,2026-08-24 15:25:00+00:00,271.845,272.3423,271.845,272.1,31630.0,1042.0,272.14304
MCD,2026-08-24 15:30:00+00:00,272.1,272.26,271.76,272.105,29767.0,1151.0,272.035975
MCD,2026-08-24 15:35:00+00:00,272.11,272.17,271.79,271.97,32748.0,1033.0,271.966401
MCD,2026-08-24 15:40:00+00:00,272.11,272.175,271.8609,272.14,52967.0,1125.0,272.008628
MCD,2026-08-24 15:45:00+00:00,272.16,272.29,271.8801,272.16,26294.0,967.0,272.039889
MCD,2026-08-24 15:50:00+00:00,272.21,272.6571,272.17,272.595,21806.0,919.0,272.464998
MCD,2026-08-24 15:55:00+00:00,272.65,272.725,272.4444,272.65,22587.0,942.0,272.606481
MCD,2026-08-24 16:00:00+00:00,272.65,273.215,272.62,273.06,41919.0,1420.0,272.928148
MCD,2026-08-24 16:05:00+00:00,273.09,273.3,272.865,273.26,39605.0,1203.0,273.042348
MCD,2026-08-24 16:10:00+00:00,273.26,273.31,272.6801,272.855,32535.0,1078.0,273.064273
MCD,2026-08-24 16:15:00+00:00,272.85,273.07,272.6719,272.85,40416.0,1039.0,272.892889
MCD,2026-08-24 16:20:00+00:00,272.86,272.87,272.35,272.83,43491.0,1086.0,272.630385
MCD,2026-08-24 16:25:00+00:00,272.87,272.94,272.72,272.93,35470.0,873.0,272.811937
MCD,2026-08-24 16:30:00+00:00,272.945,273.4,272.82,273.4,24030.0,796.0,273.087932
MCD,2026-08-24 16:35:00+00:00,273.39,273.42,272.87,272.87,31574.0,996.0,273.146434
MCD,2026-08-24 16:40:00+00:00,272.906,273.0,272.7301,272.84,22495.0,733.0,272.891517
MCD,2026-08-24 16:45:00+00:00,272.865,272.955,272.68,272.7,14919.0,801.0,272.834032
MCD,2026-08-24 16:50:00+00:00,272.7,272.71,272.58,272.6,18242.0,746.0,272.639573
MCD,2026-08-24 16:55:00+00:00,272.58,272.79,272.55,272.61,30877.0,995.0,272.654823
MCD,2026-08-24 17:00:00+00:00,272.61,272.765,272.48,272.48,26514.0,1011.0,272.650494
MCD,2026-08-24 17:05:00+00:00,272.48,272.49,272.1,272.195,20183.0,879.0,272.297874
MCD,2026-08-24 17:10:00+00:00,272.17,272.24,271.95,271.98,21996.0,841.0,272.115611
MCD,2026-08-24 17:15:00+00:00,272.0,272.19,271.82,272.19,22178.0,927.0,271.962073
MCD,2026-08-24 17:20:00+00:00,272.16,272.29,271.99,272.02,25511.0,902.0,272.097819
MCD,2026-08-24 17:25:00+00:00,272.025,272.35,271.975,272.22,20570.0,884.0,272.203137
MCD,2026-08-24 17:30:00+00:00,272.22,272.52,272.11,272.4,28236.0,1005.0,272.323644
MCD,2026-08-24 17:35:00+00:00,272.36,272.575,272.27,272.52,22222.0,853.0,272.427556
MCD,2026-08-24 17:40:00+00:00,272.52,272.57,272.38,272.48,18262.0,751.0,272.457821
MCD,2026-08-24 17:45:00+00:00,272.48,272.58,272.19,272.34,31743.0,1080.0,272.341293
MCD,2026-08-24 17:50:00+00:00,272.365,272.44,272.23,272.37,30251.0,1256.0,272.356338
MCD,2026-08-24 17:55:00+00:00,272.35,272.525,272.335,272.48,19244.0,687.0,272.409477
MCD,2026-08-24 18:00:00+00:00,272.495,272.72,272.3559,272.565,25332.0,851.0,272.522772
MCD,2026-08-24 18:05:00+00:00,272.565,272.565,272.11,272.23,42586.0,1119.0,272.33241
MCD,2026-08-24 18:10:00+00:00,272.2725,272.39,272.02,272.22,37812.0,1064.0,272.240251
MCD,2026-08-24 18:15:00+00:00,272.25,272.26,272.05,272.22,20785.0,812.0,272.163033
MCD,2026-08-24 18:20:00+00:00,272.22,272.29,272.125,272.125,23207.0,848.0,272.209003
MCD,2026-08-24 18:25:00+00:00,272.12,272.24,272.065,272.24,20998.0,874.0,272.141702
MCD,2026-08-24 18:30:00+00:00,272.25,272.28,271.7725,271.81,22490.0,927.0,272.086345
MCD,2026-08-24 18:35:00+00:00,271.82,272.29,271.78,272.24,20593.0,727.0,271.992668
MCD,2026-08-24 18:40:00+00:00,272.245,272.28,272.09,272.2,23705.0,873.0,272.175363
MCD,2026-08-24 18:45:00+00:00,272.165,272.44,272.13,272.405,32255.0,1071.0,272.329281
MCD,2026-08-24 18:50:00+00:00,272.41,272.5,272.27,272.47,24870.0,977.0,272.373262
MCD,2026-08-24 18:55:00+00:00,272.45,272.615,272.41,272.515,29553.0,1019.0,272.498144
MCD,2026-08-24 19:00:00+00:00,272.48,272.52,272.225,272.285,36035.0,1065.0,272.418983
MCD,2026-08-24 19:05:00+00:00,272.27,272.47,272.195,272.35,24875.0,949.0,272.343428
MCD,2026-08-24 19:10:00+00:00,272.35,272.47,272.215,272.38,28169.0,974.0,272.403054
MCD,2026-08-24 19:15:00+00:00,272.38,272.62,272.25,272.581,41510.0,1201.0,272.478313
MCD,2026-08-24 19:20:00+00:00,272.58,272.63,272.3441,272.48,37658.0,1111.0,272.508773
MCD,2026-08-24 19:25:00+00:00,272.41,272.422,272.185,272.36,27700.0,981.0,272.267609
MCD,2026-08-24 19:30:00+00:00,272.37,272.4,272.13,272.37,42858.0,1374.0,272.254957
MCD,2026-08-24 19:35:00+00:00,272.37,272.61,272.32,272.435,40173.0,1357.0,272.476982
MCD,2026-08-24 19:40:00+00:00,272.45,272.45,272.205,272.32,33703.0,1130.0,272.332016
MCD,2026-08-24 19:45:00+00:00,272.3,272.48,272.23,272.39,69987.0,2075.0,272.346334
MCD,2026-08-24 19:50:00+00:00,272.4,272.64,272.38,272.57,91161.0,2705.0,272.560289
MCD,2026-08-24 19:55:00+00:00,272.55,272.76,272.305,272.54,234379.0,6476.0,272.558646
MCD,2026-08-24 20:00:00+00:00,272.54,272.54,271.7157,272.1034,1125710.0,140.0,272.53968
MCD,2026-08-24 20:15:00+00:00,272.0,272.0,272.0,272.0,99.0,1.0,272.0
MCD,2026-08-24 20:20:00+00:00,272.6,272.7268,272.6,272.7268,401.0,22.0,272.628818
MCD,2026-08-24 20:25:00+00:00,272.6,272.6,272.6,272.6,156.0,7.0,272.6
MCD,2026-08-24 20:50:00+00:00,272.53,272.53,272.49,272.49,93030.0,24.0,272.500737
MCD,2026-08-24 20:55:00+00:00,272.49,272.49,272.49,272.49,101.0,2.0,272.49
MCD,2026-08-24 21:00:00+00:00,272.6,272.6,272.6,272.6,148.0,2.0,272.6
MCD,2026-08-24 21:15:00+00:00,272.62,272.62,272.62,272.62,818.0,3.0,272.62
MCD,2026-08-24 21:30:00+00:00,272.6663,272.6663,272.6663,272.6663,52.0,3.0,272.6663
MCD,2026-08-24 21:35:00+00:00,272.65,272.65,272.65,272.65,82.0,3.0,272.65
MCD,2026-08-24 21:55:00+00:00,272.575,272.575,272.575,272.575,2169.0,6.0,272.575
MCD,2026-08-24 22:00:00+00:00,272.69,272.69,272.69,272.69,120.0,5.0,272.69
MCD,2026-08-24 22:05:00+00:00,272.75,272.75,272.75,272.75,49.0,2.0,272.75
MCD,2026-08-24 22:10:00+00:00,272.75,272.75,272.75,272.75,52.0,3.0,272.75
MCD,2026-08-24 22:50:00+00:00,272.75,272.75,272.75,272.75,375.0,11.0,272.75
MCD,2026-08-24 22:55:00+00:00,272.76,272.76,272.76,272.76,76.0,3.0,272.76
MCD,2026-08-24 23:10:00+00:00,272.81,272.81,272.81,272.81,300.0,1.0,272.81
MCD,2026-08-24 23:15:00+00:00,272.81,272.9,272.81,272.9,94.0,4.0,272.86
MCD,2026-08-24 23:25:00+00:00,272.98,272.98,272.98,272.98,56.0,3.0,272.98
MCD,2026-08-24 23:40:00+00:00,273.12,273.12,273.12,273.12,90.0,11.0,273.12
MCD,2026-08-24 23:45:00+00:00,272.89,272.89,272.88,272.88,210.0,6.0,272.882857
MCD,2026-08-24 23:50:00+00:00,272.95,272.95,272.95,272.95,153.0,2.0,272.95
MCD,2026-08-25 08:00:00+00:00,272.58,272.7,272.26,272.34,1814.0,218.0,272.482454
MCD,2026-08-25 08:30:00+00:00,272.66,272.66,272.66,272.66,51.0,2.0,272.66
MCD,2026-08-25 08:55:00+00:00,272.13,272.13,272.13,272.13,100.0,1.0,272.13
MCD,2026-08-25 09:00:00+00:00,272.55,272.66,272.55,272.66,298.0,12.0,272.61
MCD,2026-08-25 09:05:00+00:00,272.67,272.67,272.41,272.41,610.0,19.0,272.556
MCD,2026-08-25 09:10:00+00:00,272.5,272.5,272.5,272.5,44.0,4.0,272.5
MCD,2026-08-25 09:25:00+00:00,272.4,272.4,272.4,272.4,52.0,3.0,272.4
MCD,2026-08-25 09:35:00+00:00,272.67,272.67,272.67,272.67,114.0,8.0,272.67
MCD,2026-08-25 09:50:00+00:00,272.505,272.505,272.505,272.505,85.0,2.0,272.505
MCD,2026-08-25 10:35:00+00:00,272.48,272.48,272.32,272.32,158.0,10.0,272.38015
MCD,2026-08-25 11:00:00+00:00,272.42,272.42,272.2143,272.2143,331.0,23.0,272.328982
MCD,2026-08-25 11:10:00+00:00,272.26,272.26,272.25,272.25,272.0,13.0,272.255385
MCD,2026-08-25 11:30:00+00:00,272.47,272.47,272.47,272.47,102.0,3.0,272.47
MCD,2026-08-25 11:35:00+00:00,272.16,272.47,272.13,272.47,348.0,34.0,272.208627
MCD,2026-08-25 11:45:00+00:00,272.37,272.37,272.3,272.3,389.0,9.0,272.349045
MCD,2026-08-25 11:55:00+00:00,272.25,272.3279,272.25,272.3279,353.0,5.0,272.301846
MCD,2026-08-25 12:00:00+00:00,272.31,272.31,272.1675,272.1675,2458.0,18.0,272.27152
MCD,2026-08-25 12:05:00+00:00,272.18,272.22,272.1,272.22,628.0,13.0,272.13768
MCD,2026-08-25 12:10:00+00:00,272.1,272.1,272.0,272.0,616.0,37.0,272.050658
MCD,2026-08-25 12:15:00+00:00,271.8268,271.8718,271.8268,271.8718,157.0,3.0,271.839492
MCD,2026-08-25 12:20:00+00:00,271.892,272.46,271.892,272.46,151.0,3.0,272.270667
MCD,2026-08-25 12:25:00+00:00,271.89,271.9,271.89,271.9,380.0,17.0,271.894624
MCD,2026-08-25 12:30:00+00:00,271.95,271.95,271.95,271.95,111.0,4.0,271.95
MCD,2026-08-25 12:40:00+00:00,272.38,272.38,272.38,272.38,101.0,3.0,272.38
MCD,2026-08-25 12:45:00+00:00,272.3273,272.45,272.26,272.26,2776.0,65.0,272.389968
MCD,2026-08-25 12:55:00+00:00,272.2,272.2,272.2,272.2,144.0,7.0,272.2
MCD,2026-08-25 13:10:00+00:00,272.37,272.37,272.37,272.37,111.0,6.0,272.37
MCD,2026-08-25 13:15:00+00:00,272.44,272.44,272.24,272.24,319.0,10.0,272.282795
MCD,2026-08-25 13:20:00+00:00,272.06,272.06,271.94,271.94,653.0,26.0,271.992819
MCD,2026-08-25 13:25:00+00:00,272.42,272.45,271.92,271.92,355.0,10.0,272.209838
MCD,2026-08-25 13:30:00+00:00,272.46,272.46,271.01,272.41,106524.0,2339.0,271.539543
MCD,2026-08-25 13:35:00+00:00,272.32,272.6,271.516,271.94,36196.0,1281.0,271.981109
MCD,2026-08-25 13:40:00+00:00,271.8211,271.8211,270.46,270.655,38201.0,1543.0,271.040219
MCD,2026-08-25 13:45:00+00:00,270.68,271.055,270.45,270.745,40245.0,1372.0,270.700623
MCD,2026-08-25 13:50:00+00:00,270.67,271.3699,270.39,271.29,35684.0,1394.0,270.745182
MCD,2026-08-25 13:55:00+00:00,271.34,271.8,271.1,271.1,38642.0,1316.0,271.430847
MCD,2026-08-25 14:00:00+00:00,271.165,271.66,271.06,271.5,32448.0,1237.0,271.367161
MCD,2026-08-25 14:05:00+00:00,271.515,271.88,271.32,271.71,31041.0,1113.0,271.572819
MCD,2026-08-25 14:10:00+00:00,271.71,271.71,270.94,271.4,34842.0,1321.0,271.267083
MCD,2026-08-25 14:15:00+00:00,271.32,271.6099,271.22,271.445,30070.0,1040.0,271.397866
MCD,2026-08-25 14:20:00+00:00,271.3773,271.4999,270.9822,271.28,25347.0,1043.0,271.257867
MCD,2026-08-25 14:25:00+00:00,271.27,271.285,270.85,271.025,35068.0,1321.0,271.007534
MCD,2026-08-25 14:30:00+00:00,271.05,271.44,270.54,270.7,63200.0,2333.0,270.929757
MCD,2026-08-25 14:35:00+00:00,270.72,270.86,270.5,270.775,28557.0,1273.0,270.669865
MCD,2026-08-25 14:40:00+00:00,270.72,271.19,270.65,270.82,43471.0,1302.0,270.823273
MCD,2026-08-25 14:45:00+00:00,270.855,271.025,270.3119,270.35,41797.0,1428.0,270.76836
MCD,2026-08-25 14:50:00+00:00,270.28,270.39,269.9,270.39,47713.0,1668.0,270.091922
MCD,2026-08-25 14:55:00+00:00,270.38,270.53,270.07,270.125,23297.0,1016.0,270.323327
MCD,2026-08-25 15:00:00+00:00,270.18,270.42,270.12,270.18,44850.0,1187.0,270.248924
MCD,2026-08-25 15:05:00+00:00,270.07,270.17,270.01,270.04,20594.0,902.0,270.080013
MCD,2026-08-25 15:10:00+00:00,270.02,270.12,269.88,269.92,20819.0,1044.0,269.974598
MCD,2026-08-25 15:15:00+00:00,269.9,270.04,269.6,269.88,51810.0,1557.0,269.849748
MCD,2026-08-25 15:20:00+00:00,269.82,269.86,269.51,269.69,37003.0,1169.0,269.697013
MCD,2026-08-25 15:25:00+00:00,269.72,269.725,269.39,269.595,34817.0,1463.0,269.544633
MCD,2026-08-25 15:30:00+00:00,269.602,269.9,269.55,269.88,28923.0,1103.0,269.689058
MCD,2026-08-25 15:35:00+00:00,269.875,270.17,269.82,270.17,27940.0,972.0,269.954663
MCD,2026-08-25 15:40:00+00:00,270.17,270.215,270.01,270.13,20187.0,843.0,270.117996
MCD,2026-08-25 15:45:00+00:00,270.1,270.13,269.76,270.09,23657.0,1032.0,269.953413
MCD,2026-08-25 15:50:00+00:00,270.09,270.09,269.91,270.005,21458.0,815.0,269.98475
MCD,2026-08-25 15:55:00+00:00,269.97,270.045,269.84,269.99,15159.0,786.0,269.972773
MCD,2026-08-25 16:00:00+00:00,270.05,270.29,270.05,270.25,16358.0,735.0,270.208199
MCD,2026-08-25 16:05:00+00:00,270.24,270.41,270.1601,270.17,21441.0,776.0,270.285591
MCD,2026-08-25 16:10:00+00:00,270.22,270.36,270.19,270.27,16385.0,712.0,270.296317
MCD,2026-08-25 16:15:00+00:00,270.27,270.29,270.135,270.1501,17902.0,694.0,270.186655
MCD,2026-08-25 16:20:00+00:00,270.13,270.1501,269.83,269.94,26905.0,836.0,269.953932
MCD,2026-08-25 16:25:00+00:00,269.94,269.95,269.84,269.885,17371.0,678.0,269.899151
MCD,2026-08-25 16:30:00+00:00,269.885,270.064,269.84,269.905,25185.0,862.0,269.929454
MCD,2026-08-25 16:35:00+00:00,269.92,270.01,269.8,269.8,17258.0,735.0,269.902873
MCD,2026-08-25 16:40:00+00:00,269.78,270.01,269.78,270.01,18724.0,703.0,269.905222
MCD,2026-08-25 16:45:00+00:00,270.08,270.18,269.97,270.11,15506.0,695.0,270.060438
MCD,2026-08-25 16:50:00+00:00,270.14,270.21,269.99,270.06,16579.0,662.0,270.12057
MCD,2026-08-25 16:55:00+00:00,270.02,270.105,269.86,269.88,17608.0,760.0,269.989528
MCD,2026-08-25 17:00:00+00:00,269.88,269.92,269.75,269.9,31021.0,843.0,269.833973
MCD,2026-08-25 17:05:00+00:00,269.9,269.9199,269.65,269.75,19828.0,817.0,269.716696
MCD,2026-08-25 17:10:00+00:00,269.7592,269.7592,269.47,269.47,25717.0,941.0,269.618049
MCD,2026-08-25 17:15:00+00:00,269.48,269.5122,269.13,269.28,31292.0,1129.0,269.288582
MCD,2026-08-25 17:20:00+00:00,269.28,269.2851,269.01,269.085,33356.0,1071.0,269.14729
MCD,2026-08-25 17:25:00+00:00,269.05,269.09,268.91,269.085,29018.0,1094.0,269.025657
MCD,2026-08-25 17:30:00+00:00,269.07,269.19,268.97,269.125,23070.0,991.0,269.085127
MCD,2026-08-25 17:35:00+00:00,269.11,269.16,268.85,268.875,34564.0,1142.0,269.024306
MCD,2026-08-25 17:40:00+00:00,268.85,269.27,268.7805,269.2201,34125.0,1150.0,269.024529
MCD,2026-08-25 17:45:00+00:00,269.25,269.3,269.045,269.05,21167.0,1083.0,269.147861
MCD,2026-08-25 17:50:00+00:00,269.03,269.13,269.0,269.02,21137.0,929.0,269.067521
MCD,2026-08-25 17:55:00+00:00,269.0,269.1069,268.86,268.92,23371.0,1079.0,268.974225
MCD,2026-08-25 18:00:00+00:00,268.95,269.18,268.88,269.12,24070.0,929.0,268.982669
MCD,2026-08-25 18:05:00+00:00,269.1,269.1493,268.96,269.0679,24044.0,914.0,269.059547
MCD,2026-08-25 18:10:00+00:00,269.08,269.11,268.92,268.96,22961.0,918.0,269.005125
MCD,2026-08-25 18:15:00+00:00,268.91,268.95,268.76,268.86,29235.0,1024.0,268.816407
MCD,2026-08-25 18:20:00+00:00,268.87,268.9099,268.7,268.84,22592.0,1023.0,268.802439
MCD,2026-08-25 18:25:00+00:00,268.81,268.88,268.75,268.86,25492.0,1063.0,268.825007
MCD,2026-08-25 18:30:00+00:00,268.81,269.18,268.81,269.18,26233.0,969.0,268.952734
MCD,2026-08-25 18:35:00+00:00,269.13,269.16,269.04,269.16,24296.0,1055.0,269.092685
MCD,2026-08-25 18:40:00+00:00,269.16,269.24,269.09,269.16,20253.0,900.0,269.157473
MCD,2026-08-25 18:45:00+00:00,269.16,269.18,268.83,268.83,24851.0,1042.0,268.996905
MCD,2026-08-25 18:50:00+00:00,268.86,268.89,268.59,268.6399,42490.0,1386.0,268.689503
MCD,2026-08-25 18:55:00+00:00,268.62,268.74,268.55,268.68,23352.0,1096.0,268.637477
MCD,2026-08-25 19:00:00+00:00,268.699,268.8699,268.58,268.68,31586.0,1147.0,268.725588
MCD,2026-08-25 19:05:00+00:00,268.75,268.75,268.32,268.32,30887.0,1255.0,268.525765
MCD,2026-08-25 19:10:00+00:00,268.35,268.44,268.185,268.185,39389.0,1612.0,268.32382
MCD,2026-08-25 19:15:00+00:00,268.18,268.35,268.065,268.24,52390.0,1691.0,268.189767
MCD,2026-08-25 19:20:00+00:00,268.28,268.5499,268.24,268.465,39620.0,1265.0,268.41556
MCD,2026-08-25 19:25:00+00:00,268.465,268.628,268.45,268.573,39059.0,1401.0,268.545723
MCD,2026-08-25 19:30:00+00:00,268.57,268.7499,268.375,268.44,42575.0,1589.0,268.581582
MCD,2026-08-25 19:35:00+00:00,268.4499,268.56,268.32,268.51,44946.0,1456.0,268.397993
MCD,2026-08-25 19:40:00+00:00,268.49,268.74,268.4101,268.71,39932.0,1650.0,268.559801
MCD,2026-08-25 19:45:00+00:00,268.7,268.7,268.37,268.555,47910.0,1898.0,268.50011
MCD,2026-08-25 19:50:00+00:00,268.58,268.62,268.31,268.51,92736.0,2977.0,268.460711
MCD,2026-08-25 19:55:00+00:00,268.495,268.615,267.98,268.1,227056.0,7306.0,268.203324
MCD,2026-08-25 20:00:00+00:00,268.09,268.17,268.09,268.16,493584.0,212.0,268.100154
MCD,2026-08-25 20:05:00+00:00,268.3,268.3,268.2,268.26,7449.0,31.0,268.258709
MCD,2026-08-25 20:10:00+00:00,268.25,268.3,268.25,268.3,1384.0,21.0,268.263589
MCD,2026-08-25 20:15:00+00:00,268.275,268.275,268.21,268.23,666.0,25.0,268.231724
MCD,2026-08-25 20:20:00+00:00,268.21,268.4113,268.21,268.4113,361.0,38.0,268.287607
MCD,2026-08-25 20:25:00+00:00,268.35,268.35,268.35,268.35,101.0,6.0,268.35
MCD,2026-08-25 20:30:00+00:00,268.3942,268.3942,268.3942,268.3942,54.0,4.0,268.3942
MCD,2026-08-25 20:35:00+00:00,268.45,268.45,268.45,268.45,76.0,6.0,268.45
MCD,2026-08-25 20:40:00+00:00,268.2519,268.2519,268.2519,268.2519,40.0,1.0,268.2519
MCD,2026-08-25 20:45:00+00:00,268.35,268.3797,268.2732,268.2732,447.0,10.0,268.35485
MCD,2026-08-25 20:50:00+00:00,268.281,268.281,268.281,268.281,305.0,15.0,268.281
MCD,2026-08-25 20:55:00+00:00,268.25,268.2501,268.25,268.2501,228.0,17.0,268.25005
MCD,2026-08-25 21:00:00+00:00,268.33,268.33,268.33,268.33,106.0,4.0,268.33
MCD,2026-08-25 21:10:00+00:00,268.3988,268.3988,268.36,268.393,359.0,20.0,268.387217
MCD,2026-08-25 21:15:00+00:00,268.43,268.44,268.43,268.44,1000.0,4.0,268.439596
MCD,2026-08-25 21:30:00+00:00,268.32,268.3942,268.32,268.3942,210.0,13.0,268.361222
MCD,2026-08-25 21:35:00+00:00,268.37,268.37,268.37,268.37,57.0,3.0,268.37
MCD,2026-08-25 21:40:00+00:00,268.3,268.5749,268.3,268.5749,220.0,3.0,268.507116
MCD,2026-08-25 21:45:00+00:00,268.6,268.6,268.6,268.6,1717.0,3.0,268.6
MCD,2026-08-25 21:50:00+00:00,268.5,268.5,268.5,268.5,102.0,4.0,268.5
MCD,2026-08-25 21:55:00+00:00,268.55,268.55,268.47,268.47,182.0,8.0,268.514345
MCD,2026-08-25 22:00:00+00:00,268.4218,268.4218,268.4218,268.4218,50.0,1.0,268.4218
MCD,2026-08-25 22:10:00+00:00,268.4,268.4,268.4,268.4,261.0,4.0,268.4
MCD,2026-08-25 22:15:00+00:00,268.3995,268.3995,268.39,268.39,141.0,4.0,268.392714
MCD,2026-08-25 22:25:00+00:00,268.4,268.4,268.4,268.4,177.0,7.0,268.4
MCD,2026-08-25 22:30:00+00:00,268.39,268.39,268.39,268.39,100.0,1.0,268.39
MCD,2026-08-25 22:35:00+00:00,268.37,268.37,268.37,268.37,100.0,4.0,268.37
MCD,2026-08-25 22:40:00+00:00,268.3813,268.3813,268.3813,268.3813,120.0,4.0,268.3813
MCD,2026-08-25 23:00:00+00:00,268.36,268.36,268.36,268.36,46.0,2.0,268.36
MCD,2026-08-25 23:05:00+00:00,268.39,268.39,268.39,268.39,184.0,3.0,268.39
MCD,2026-08-25 23:15:00+00:00,268.36,268.49,268.35,268.35,226.0,12.0,268.387227
MCD,2026-08-25 23:20:00+00:00,268.42,268.42,268.42,268.42,100.0,3.0,268.42
MCD,2026-08-25 23:25:00+00:00,268.35,268.35,268.3,268.3,364.0,30.0,268.318293
MCD,2026-08-25 23:40:00+00:00,268.35,268.35,268.3494,268.3494,1057.0,5.0,268.349971
MCD,2026-08-25 23:45:00+00:00,268.35,268.35,268.35,268.35,363.0,5.0,268.35
MCD,2026-08-25 23:50:00+00:00,268.41,268.41,268.41,268.41,374.0,2.0,268.41
MCD,2026-08-25 23:55:00+00:00,268.4,268.4,268.4,268.4,71.0,3.0,268.4
MCD,2026-08-26 08:00:00+00:00,268.73,268.94,268.64,268.93,1021.0,142.0,268.791956
MCD,2026-08-26 08:25:00+00:00,269.05,269.05,269.05,269.05,217.0,15.0,269.05
MCD,2026-08-26 08:35:00+00:00,269.16,269.16,269.16,269.16,84.0,6.0,269.16
MCD,2026-08-26 08:45:00+00:00,269.22,269.22,269.22,269.22,50.0,2.0,269.22
MCD,2026-08-26 08:55:00+00:00,269.17,269.17,269.17,269.17,200.0,3.0,269.17
MCD,2026-08-26 09:00:00+00:00,269.15,269.15,269.15,269.15,75.0,4.0,269.15
MCD,2026-08-26 09:40:00+00:00,269.06,269.06,269.06,269.06,490.0,10.0,269.06
MCD,2026-08-26 09:45:00+00:00,269.0,269.0,268.93,268.97,681.0,22.0,268.964096
MCD,2026-08-26 10:10:00+00:00,269.0,269.0,269.0,269.0,320.0,9.0,269.0
MCD,2026-08-26 10:20:00+00:00,268.96,268.96,268.96,268.96,101.0,2.0,268.96
MCD,2026-08-26 11:00:00+00:00,268.88,269.0,268.85,269.0,3813.0,80.0,268.888204
MCD,2026-08-26 11:10:00+00:00,268.75,268.75,268.65,268.7,360.0,11.0,268.697712
MCD,2026-08-26 11:20:00+00:00,268.99,269.0,268.8,269.0,185.0,4.0,268.886667
MCD,2026-08-26 11:30:00+00:00,268.71,268.71,268.71,268.71,64.0,2.0,268.71
MCD,2026-08-26 11:40:00+00:00,268.66,268.79,268.66,268.79,120.0,5.0,268.725
MCD,2026-08-26 11:45:00+00:00,268.74,268.74,268.72,268.74,861.0,16.0,268.735127
MCD,2026-08-26 12:00:00+00:00,268.81,268.82,268.81,268.82,754.0,14.0,268.819091
MCD,2026-08-26 12:15:00+00:00,268.91,269.16,268.89,269.16,1856.0,44.0,268.992625
MCD,2026-08-26 12:30:00+00:00,269.0744,269.0744,268.94,269.07,698.0,18.0,268.996255
MCD,2026-08-26 12:35:00+00:00,269.1082,269.1082,269.01,269.01,206.0,5.0,269.06165
MCD,2026-08-26 12:40:00+00:00,269.1,269.25,269.1,269.25,459.0,19.0,269.175197
MCD,2026-08-26 12:45:00+00:00,269.28,269.28,269.25,269.25,361.0,13.0,269.2608
MCD,2026-08-26 12:50:00+00:00,269.37,269.4498,269.3,269.35,1366.0,20.0,269.37692
MCD,2026-08-26 12:55:00+00:00,269.26,269.5,269.26,269.2736,1798.0,45.0,269.358946
MCD,2026-08-26 13:00:00+00:00,269.42,269.42,269.42,269.42,62.0,3.0,269.42
MCD,2026-08-26 13:05:00+00:00,269.44,269.7,269.2887,269.7,1950.0,44.0,269.49176
MCD,2026-08-26 13:10:00+00:00,269.7,269.75,269.64,269.64,617.0,24.0,269.700437
MCD,2026-08-26 13:15:00+00:00,269.7,269.7,269.63,269.7,987.0,18.0,269.692381
MCD,2026-08-26 13:20:00+00:00,269.35,269.72,269.35,269.72,1497.0,25.0,269.531117
MCD,2026-08-26 13:25:00+00:00,269.87,269.87,268.6,268.6,2528.0,114.0,269.02993
MCD,2026-08-26 13:30:00+00:00,268.5,269.0572,267.27,267.8,115988.0,2520.0,267.923858
MCD,2026-08-26 13:35:00+00:00,267.89,268.28,267.55,267.6,38621.0,1495.0,267.805581
MCD,2026-08-26 13:40:00+00:00,267.6307,268.18,266.8,267.86,59687.0,2381.0,267.272316
MCD,2026-08-26 13:45:00+00:00,267.895,268.31,267.605,267.605,38490.0,1439.0,268.023175
MCD,2026-08-26 13:50:00+00:00,267.63,267.848,267.2,267.735,78945.0,1652.0,267.662836
MCD,2026-08-26 13:55:00+00:00,267.73,267.73,267.24,267.3475,58986.0,1451.0,267.491212
MCD,2026-08-26 14:00:00+00:00,267.355,267.4014,266.9,266.965,101664.0,2035.0,267.232792
MCD,2026-08-26 14:05:00+00:00,266.965,267.16,266.875,267.125,48872.0,1834.0,266.996526
MCD,2026-08-26 14:10:00+00:00,267.125,267.89,267.0,267.86,49621.0,1613.0,267.346767
MCD,2026-08-26 14:15:00+00:00,267.8201,268.19,267.794,267.99,47993.0,1273.0,267.965888
MCD,2026-08-26 14:20:00+00:00,267.99,268.405,267.5847,268.26,68757.0,1208.0,267.904655
MCD,2026-08-26 14:25:00+00:00,268.2147,268.28,267.52,267.655,30441.0,1175.0,267.862129
MCD,2026-08-26 14:30:00+00:00,267.59,267.6858,267.27,267.27,51676.0,1211.0,267.567398
MCD,2026-08-26 14:35:00+00:00,267.285,267.3351,266.8,266.96,49288.0,1614.0,267.096788
MCD,2026-08-26 14:40:00+00:00,266.955,267.12,266.795,267.005,54242.0,1533.0,267.005649
MCD,2026-08-26 14:45:00+00:00,267.03,267.0303,266.47,266.65,59650.0,1799.0,266.727698
MCD,2026-08-26 14:50:00+00:00,266.65,267.27,266.42,267.15,73242.0,1570.0,266.87412
MCD,2026-08-26 14:55:00+00:00,267.15,267.564,267.0672,267.43,162622.0,1725.0,267.318682
MCD,2026-08-26 15:00:00+00:00,267.37,267.6699,267.3101,267.49,64637.0,1169.0,267.552944
MCD,2026-08-26 15:05:00+00:00,267.55,267.9,267.49,267.7625,52221.0,1289.0,267.748262
MCD,2026-08-26 15:10:00+00:00,267.76,267.7704,267.45,267.535,25839.0,1008.0,267.675072
MCD,2026-08-26 15:15:00+00:00,267.5399,267.59,267.12,267.27,45038.0,1348.0,267.290151
MCD,2026-08-26 15:20:00+00:00,267.275,267.445,267.19,267.22,30153.0,995.0,267.303816
MCD,2026-08-26 15:25:00+00:00,267.28,267.43,267.23,267.325,23502.0,1050.0,267.329001
MCD,2026-08-26 15:30:00+00:00,267.325,267.38,267.13,267.175,35179.0,1074.0,267.280374
MCD,2026-08-26 15:35:00+00:00,267.1999,267.1999,267.01,267.06,16322.0,899.0,267.128907
MCD,2026-08-26 15:40:00+00:00,267.085,267.2499,266.98,267.225,20230.0,1015.0,267.101426
MCD,2026-08-26 15:45:00+00:00,267.26,267.26,266.99,267.14,21612.0,855.0,267.121966
MCD,2026-08-26 15:50:00+00:00,267.14,267.1599,266.91,267.0,19222.0,1080.0,267.023063
MCD,2026-08-26 15:55:00+00:00,267.0001,267.26,266.96,267.06,23489.0,961.0,267.091478
MCD,2026-08-26 16:00:00+00:00,267.12,267.14,266.69,266.86,39326.0,1455.0,266.910715
MCD,2026-08-26 16:05:00+00:00,266.87,266.9759,266.81,266.82,25351.0,839.0,266.911515
MCD,2026-08-26 16:10:00+00:00,266.85,266.97,266.8,266.9,19385.0,933.0,266.886267
MCD,2026-08-26 16:15:00+00:00,266.9,267.0,266.88,266.92,31438.0,1260.0,266.924942
MCD,2026-08-26 16:20:00+00:00,266.89,267.04,266.82,266.93,14294.0,720.0,266.942516
MCD,2026-08-26 16:25:00+00:00,266.93,267.2577,266.83,267.17,49698.0,1266.0,267.017866
MCD,2026-08-26 16:30:00+00:00,267.18,267.23,266.985,266.985,14962.0,755.0,267.130383
MCD,2026-08-26 16:35:00+00:00,266.985,267.05,266.58,266.625,40804.0,1187.0,266.833724
MCD,2026-08-26 16:40:00+00:00,266.625,266.7,266.43,266.46,20421.0,962.0,266.55963
MCD,2026-08-26 16:45:00+00:00,266.44,266.54,266.33,266.38,31126.0,1088.0,266.427877
MCD,2026-08-26 16:50:00+00:00,266.37,266.46,266.2701,266.425,22357.0,868.0,266.347985
MCD,2026-08-26 16:55:00+00:00,266.435,266.61,266.3769,266.61,23615.0,971.0,266.453869
MCD,2026-08-26 17:00:00+00:00,266.6,266.675,266.51,266.662,19675.0,683.0,266.593413
MCD,2026-08-26 17:05:00+00:00,266.64,266.64,266.52,266.55,18412.0,726.0,266.572514
MCD,2026-08-26 17:10:00+00:00,266.55,266.56,266.3501,266.4,23088.0,832.0,266.422261
MCD,2026-08-26 17:15:00+00:00,266.385,266.4051,266.2,266.24,28509.0,1076.0,266.285519
MCD,2026-08-26 17:20:00+00:00,266.26,266.36,266.1801,266.315,24406.0,882.0,266.281954
MCD,2026-08-26 17:25:00+00:00,266.34,266.5,266.25,266.32,18466.0,868.0,266.362254
MCD,2026-08-26 17:30:00+00:00,266.31,266.41,266.25,266.41,22419.0,902.0,266.326951
MCD,2026-08-26 17:35:00+00:00,266.36,266.53,266.31,266.33,19187.0,842.0,266.435401
MCD,2026-08-26 17:40:00+00:00,266.38,266.51,266.18,266.4,51611.0,1177.0,266.291351
MCD,2026-08-26 17:45:00+00:00,266.39,266.42,266.23,266.28,19012.0,1031.0,266.313011
MCD,2026-08-26 17:50:00+00:00,266.33,266.3999,266.25,266.3,14441.0,749.0,266.31261
MCD,2026-08-26 17:55:00+00:00,266.36,266.37,266.23,266.3,23475.0,834.0,266.287238
MCD,2026-08-26 18:00:00+00:00,266.29,266.32,266.21,266.275,23729.0,912.0,266.257869
MCD,2026-08-26 18:05:00+00:00,266.265,266.38,266.11,266.31,47202.0,1312.0,266.226672
MCD,2026-08-26 18:10:00+00:00,266.31,266.46,266.21,266.42,30797.0,1022.0,266.330717
MCD,2026-08-26 18:15:00+00:00,266.42,266.68,266.42,266.605,40530.0,1158.0,266.570492
MCD,2026-08-26 18:20:00+00:00,266.605,267.125,266.59,267.12,59657.0,1298.0,266.891272
MCD,2026-08-26 18:25:00+00:00,267.07,267.15,266.83,266.94,102095.0,1552.0,267.06284
MCD,2026-08-26 18:30:00+00:00,266.89,266.96,266.83,266.84,19921.0,867.0,266.881769
MCD,2026-08-26 18:35:00+00:00,266.8993,267.19,266.8,267.19,27395.0,956.0,267.032761
MCD,2026-08-26 18:40:00+00:00,267.1999,267.1999,266.95,266.995,18761.0,848.0,267.086157
MCD,2026-08-26 18:45:00+00:00,266.9801,267.1,266.91,267.1,25488.0,1002.0,266.967981
MCD,2026-08-26 18:50:00+00:00,267.085,267.15,266.9,266.92,21129.0,944.0,267.048687
MCD,2026-08-26 18:55:00+00:00,266.94,266.95,266.8101,266.83,246803.0,965.0,266.88258
MCD,2026-08-26 19:00:00+00:00,266.855,267.0,266.82,266.9,27356.0,1258.0,266.922829
MCD,2026-08-26 19:05:00+00:00,266.88,266.995,266.75,266.925,32625.0,1274.0,266.869684
MCD,2026-08-26 19:10:00+00:00,266.925,267.16,266.8301,267.125,34241.0,1061.0,266.993324
MCD,2026-08-26 19:15:00+00:00,267.125,267.185,266.87,267.0305,35115.0,1262.0,267.058615
MCD,2026-08-26 19:20:00+00:00,267.1,267.37,267.05,267.37,33723.0,1139.0,267.288082
MCD,2026-08-26 19:25:00+00:00,267.37,267.62,267.37,267.565,45477.0,1340.0,267.504497
MCD,2026-08-26 19:30:00+00:00,267.565,267.59,267.22,267.26,35792.0,1409.0,267.388452
MCD,2026-08-26 19:35:00+00:00,267.28,267.33,267.205,267.26,33291.0,1281.0,267.264691
MCD,2026-08-26 19:40:00+00:00,267.26,267.45,267.19,267.41,35205.0,1422.0,267.31678
MCD,2026-08-26 19:45:00+00:00,267.41,267.5,267.375,267.4,54539.0,1837.0,267.437545
MCD,2026-08-26 19:50:00+00:00,267.42,267.5,267.21,267.27,105634.0,2751.0,267.319508
MCD,2026-08-26 19:55:00+00:00,267.25,267.37,266.71,266.92,233434.0,6427.0,266.965093
MCD,2026-08-26 20:00:00+00:00,266.93,266.93,266.93,266.93,600603.0,114.0,266.93
MCD,2026-08-26 20:10:00+00:00,267.3397,267.3397,267.3397,267.3397,55.0,1.0,267.3397
MCD,2026-08-26 20:30:00+00:00,267.26,267.26,267.26,267.26,100.0,5.0,267.26
MCD,2026-08-26 20:50:00+00:00,267.1,267.1,267.0,267.0,339.0,4.0,267.03125
MCD,2026-08-26 21:00:00+00:00,267.2,267.2,267.2,267.2,100.0,1.0,267.2
MCD,2026-08-26 21:05:00+00:00,266.95,267.0,266.73,267.0,567.0,45.0,266.850823
MCD,2026-08-26 21:10:00+00:00,266.9,266.9,266.51,266.51,3542.0,137.0,266.828143
MCD,2026-08-26 21:15:00+00:00,266.7,266.7,266.7,266.7,218.0,4.0,266.7
MCD,2026-08-26 21:20:00+00:00,266.7,267.23,266.7,266.75,1809.0,31.0,267.000339
MCD,2026-08-26 21:30:00+00:00,266.84,266.84,266.8,266.8,318.0,6.0,266.81395
MCD,2026-08-26 21:35:00+00:00,266.72,266.72,266.7,266.7,231.0,9.0,266.71
MCD,2026-08-26 21:40:00+00:00,266.8,266.8113,266.79,266.79,339.0,9.0,266.801179
MCD,2026-08-26 21:45:00+00:00,266.64,266.64,266.61,266.61,277.0,15.0,266.624493
MCD,2026-08-26 21:50:00+00:00,266.76,266.76,266.76,266.76,111.0,4.0,266.76
MCD,2026-08-26 22:00:00+00:00,266.592,266.6,266.55,266.55,842.0,37.0,266.591229
MCD,2026-08-26 22:05:00+00:00,266.6,266.68,266.54,266.68,416.0,12.0,266.582735
MCD,2026-08-26 22:10:00+00:00,266.7697,266.7697,266.55,266.75,372.0,6.0,266.696975
MCD,2026-08-26 22:15:00+00:00,266.7,266.7,266.6,266.6,707.0,21.0,266.665369
MCD,2026-08-26 22:25:00+00:00,266.6637,266.6637,266.65,266.65,501.0,3.0,266.65274
MCD,2026-08-26 22:35:00+00:00,266.7,266.7,266.7,266.7,350.0,17.0,266.7
MCD,2026-08-26 22:40:00+00:00,266.8,266.8,266.8,266.8,85.0,2.0,266.8
MCD,2026-08-26 22:45:00+00:00,266.78,266.78,266.78,266.78,86.0,5.0,266.78
MCD,2026-08-26 22:50:00+00:00,266.79,266.79,266.79,266.79,60.0,3.0,266.79
MCD,2026-08-26 22:55:00+00:00,266.81,266.81,266.717,266.717,95.0,3.0,266.768667
MCD,2026-08-26 23:00:00+00:00,266.7887,266.7891,266.7887,266.7891,167.0,7.0,266.788822
MCD,2026-08-26 23:05:00+00:00,266.79,266.79,266.77,266.77,170.0,9.0,266.777547
MCD,2026-08-26 23:15:00+00:00,266.79,266.79,266.79,266.79,103.0,5.0,266.79
MCD,2026-08-26 23:20:00+00:00,266.79,266.79,266.79,266.79,84.0,6.0,266.79
MCD,2026-08-26 23:25:00+00:00,266.8606,266.8606,266.8606,266.8606,60.0,1.0,266.8606
MCD,2026-08-26 23:30:00+00:00,266.87,266.89,266.738,266.79,512.0,24.0,266.809954
MCD,2026-08-26 23:35:00+00:00,266.75,266.75,266.75,266.75,376.0,4.0,266.75
MCD,2026-08-26 23:40:00+00:00,266.75,266.75,266.75,266.75,110.0,3.0,266.75
MCD,2026-08-26 23:45:00+00:00,266.7099,266.7099,266.7,266.7097,227.0,7.0,266.707577
MCD,2026-08-26 23:50:00+00:00,266.7099,266.7099,266.7099,266.7099,51.0,4.0,266.7099
MCD,2026-08-26 23:55:00+00:00,266.76,266.76,266.73,266.75,1611.0,16.0,266.754214
MCD,2026-08-27 08:00:00+00:00,267.2752,267.2752,266.26,266.32,7425.0,398.0,266.721371
MCD,2026-08-27 08:05:00+00:00,266.2,266.2,266.08,266.08,577.0,33.0,266.181878
MCD,2026-08-27 08:15:00+00:00,266.25,266.3,266.25,266.25,1162.0,13.0,266.258348
MCD,2026-08-27 08:20:00+00:00,266.25,266.25,266.25,266.25,112.0,7.0,266.25
MCD,2026-08-27 08:25:00+00:00,266.25,266.25,266.0,266.0,2655.0,167.0,266.062114
MCD,2026-08-27 08:35:00+00:00,265.98,266.0,265.95,265.95,730.0,45.0,265.987929
MCD,2026-08-27 08:40:00+00:00,265.92,265.92,265.71,265.72,1568.0,143.0,265.815609
MCD,2026-08-27 08:45:00+00:00,265.75,266.23,265.69,266.23,1320.0,41.0,265.776053
MCD,2026-08-27 08:50:00+00:00,265.68,265.68,265.68,265.68,89.0,7.0,265.68
MCD,2026-08-27 08:55:00+00:00,265.68,265.68,265.68,265.68,80.0,8.0,265.68
MCD,2026-08-27 09:00:00+00:00,266.09,266.09,266.0,266.0,517.0,19.0,266.030508
MCD,2026-08-27 09:05:00+00:00,265.85,265.85,265.85,265.85,98.0,4.0,265.85
MCD,2026-08-27 09:10:00+00:00,265.68,265.85,265.68,265.85,201.0,4.0,265.765
MCD,2026-08-27 09:15:00+00:00,265.85,265.85,265.85,265.85,382.0,4.0,265.85
MCD,2026-08-27 09:30:00+00:00,266.0,266.06,265.9,265.9,1046.0,42.0,265.92485
MCD,2026-08-27 09:35:00+00:00,266.04,266.09,265.9,265.9,893.0,22.0,266.031024
MCD,2026-08-27 09:40:00+00:00,265.99,265.99,265.99,265.99,63.0,5.0,265.99
MCD,2026-08-27 09:50:00+00:00,266.0,266.2,266.0,266.2,316.0,4.0,266.133333
MCD,2026-08-27 09:55:00+00:00,266.07,266.07,266.0,266.0,152.0,8.0,266.02662
MCD,2026-08-27 10:05:00+00:00,265.85,265.85,265.85,265.85,116.0,16.0,265.85
MCD,2026-08-27 10:10:00+00:00,265.96,265.96,265.96,265.96,127.0,4.0,265.96
MCD,2026-08-27 10:20:00+00:00,265.89,265.89,265.89,265.89,116.0,13.0,265.89
MCD,2026-08-27 10:25:00+00:00,265.9,266.21,265.9,266.21,672.0,44.0,266.094834
MCD,2026-08-27 10:30:00+00:00,266.1774,266.1826,265.92,266.17,849.0,79.0,266.078594
MCD,2026-08-27 10:35:00+00:00,265.95,266.17,265.91,266.17,734.0,55.0,266.018571
MCD,2026-08-27 10:40:00+00:00,266.19,266.19,266.19,266.19,208.0,9.0,266.19
MCD,2026-08-27 10:45:00+00:00,266.0,266.24,266.0,266.24,167.0,8.0,266.115
MCD,2026-08-27 11:00:00+00:00,266.2,266.25,265.96,265.96,3138.0,138.0,266.047673
MCD,2026-08-27 11:05:00+00:00,265.89,266.0,265.72,266.0,2787.0,52.0,265.82799
MCD,2026-08-27 11:10:00+00:00,266.01,266.01,266.0,266.0,215.0,6.0,266.005
MCD,2026-08-27 11:20:00+00:00,266.01,266.01,266.0,266.01,411.0,9.0,266.003824
MCD,2026-08-27 11:35:00+00:00,266.08,266.08,266.08,266.08,320.0,22.0,266.08
MCD,2026-08-27 11:40:00+00:00,266.1,266.1,266.0,266.0,1638.0,69.0,266.076613
MCD,2026-08-27 11:45:00+00:00,266.0,266.1,266.0,266.1,863.0,31.0,266.091118
MCD,2026-08-27 11:55:00+00:00,266.15,266.15,266.05,266.05,406.0,5.0,266.07955
MCD,2026-08-27 12:00:00+00:00,266.0,266.0,265.98,265.98,580.0,33.0,265.983343
MCD,2026-08-27 12:05:00+00:00,265.95,265.9868,265.82,265.82,1384.0,279.0,265.95131
MCD,2026-08-27 12:10:00+00:00,265.95,266.01,265.85,265.85,740.0,31.0,265.945946
MCD,2026-08-27 12:15:00+00:00,265.98,265.98,265.9657,265.9657,400.0,18.0,265.975069
MCD,2026-08-27 12:20:00+00:00,265.9677,265.9677,265.8,265.8,2183.0,66.0,265.831742
MCD,2026-08-27 12:25:00+00:00,265.8,265.88,265.69,265.88,1939.0,102.0,265.722248
MCD,2026-08-27 12:30:00+00:00,265.69,265.74,265.66,265.6895,1269.0,86.0,265.696073
MCD,2026-08-27 12:35:00+00:00,265.632,265.632,265.3,265.44,6923.0,254.0,265.479565
MCD,2026-08-27 12:40:00+00:00,265.55,265.65,265.28,265.65,1429.0,90.0,265.421078
MCD,2026-08-27 12:45:00+00:00,265.32,265.65,265.25,265.5,1033.0,54.0,265.362071
MCD,2026-08-27 12:50:00+00:00,265.42,265.63,265.35,265.59,2366.0,70.0,265.486995
MCD,2026-08-27 12:55:00+00:00,265.55,265.55,265.5,265.55,569.0,37.0,265.536928
MCD,2026-08-27 13:00:00+00:00,265.5,265.75,265.36,265.75,2303.0,87.0,265.634544
MCD,2026-08-27 13:05:00+00:00,265.69,265.81,265.69,265.81,586.0,39.0,265.742
MCD,2026-08-27 13:10:00+00:00,265.6,265.82,265.6,265.82,347.0,23.0,265.714737
MCD,2026-08-27 13:15:00+00:00,265.55,265.55,265.55,265.55,554.0,9.0,265.55
MCD,2026-08-27 13:20:00+00:00,265.75,265.95,265.47,265.6,764.0,40.0,265.701241
MCD,2026-08-27 13:25:00+00:00,265.78,266.37,265.41,265.83,6180.0,141.0,265.945312
MCD,2026-08-27 13:30:00+00:00,265.49,265.73,264.12,264.7,206607.0,5628.0,264.91887
MCD,2026-08-27 13:35:00+00:00,264.65,264.705,264.1,264.18,77446.0,2841.0,264.415421
MCD,2026-08-27 13:40:00+00:00,264.215,264.2241,263.23,263.58,118095.0,4434.0,263.730548
MCD,2026-08-27 13:45:00+00:00,263.52,264.83,263.42,264.47,167233.0,2810.0,264.217964
MCD,2026-08-27 13:50:00+00:00,264.45,264.47,263.66,263.875,122645.0,2536.0,264.035642
MCD,2026-08-27 13:55:00+00:00,263.83,264.0198,263.4725,263.5575,74088.0,2605.0,263.747129
MCD,2026-08-27 14:00:00+00:00,263.5439,264.0085,263.43,263.955,79358.0,2435.0,263.696602
MCD,2026-08-27 14:05:00+00:00,263.91,264.13,263.62,263.795,45423.0,1970.0,263.850348
MCD,2026-08-27 14:10:00+00:00,263.75,263.9094,262.68,262.79,109834.0,4617.0,263.137535
MCD,2026-08-27 14:15:00+00:00,262.78,263.16,262.64,262.985,84069.0,2482.0,262.927734
MCD,2026-08-27 14:20:00+00:00,262.9837,263.38,262.9201,263.15,90575.0,2206.0,263.083488
MCD,2026-08-27 14:25:00+00:00,263.16,263.23,262.76,263.1,73655.0,2552.0,262.985199
MCD,2026-08-27 14:30:00+00:00,263.075,263.265,262.95,263.255,107866.0,2419.0,263.112631
MCD,2026-08-27 14:35:00+00:00,263.26,263.59,263.2,263.37,53139.0,1832.0,263.368305
MCD,2026-08-27 14:40:00+00:00,263.33,263.53,263.24,263.48,54978.0,1726.0,263.404953
MCD,2026-08-27 14:45:00+00:00,263.46,263.61,263.27,263.35,43416.0,1664.0,263.473244
MCD,2026-08-27 14:50:00+00:00,263.35,263.7,263.35,263.375,73254.0,1638.0,263.481644
MCD,2026-08-27 14:55:00+00:00,263.39,263.51,263.04,263.195,42657.0,1777.0,263.228164
MCD,2026-08-27 15:00:00+00:00,263.24,263.3617,263.0,263.3617,85419.0,2382.0,263.131223
MCD,2026-08-27 15:05:00+00:00,263.3713,263.555,263.18,263.18,77806.0,1585.0,263.37594
MCD,2026-08-27 15:10:00+00:00,263.16,263.47,263.16,263.3,61541.0,2041.0,263.303634
MCD,2026-08-27 15:15:00+00:00,263.28,263.65,263.16,263.5301,72359.0,1757.0,263.360863
MCD,2026-08-27 15:20:00+00:00,263.5589,263.56,263.084,263.36,57491.0,1984.0,263.307306
MCD,2026-08-27 15:25:00+00:00,263.365,263.39,263.085,263.085,98123.0,1719.0,263.31314
MCD,2026-08-27 15:30:00+00:00,263.09,263.275,262.99,263.23,57694.0,1971.0,263.117654
MCD,2026-08-27 15:35:00+00:00,263.245,263.39,263.12,263.245,58987.0,1408.0,263.256436
MCD,2026-08-27 15:40:00+00:00,263.205,263.27,263.09,263.17,35035.0,1313.0,263.172408
MCD,2026-08-27 15:45:00+00:00,263.17,263.35,263.125,263.23,31737.0,1242.0,263.239585
MCD,2026-08-27 15:50:00+00:00,263.23,263.23,262.4705,262.485,140736.0,3661.0,262.916427
MCD,2026-08-27 15:55:00+00:00,262.48,262.5325,262.02,262.02,64771.0,2744.0,262.305626
MCD,2026-08-27 16:00:00+00:00,262.04,262.2502,262.02,262.16,58141.0,1977.0,262.141591
MCD,2026-08-27 16:05:00+00:00,262.13,262.375,262.03,262.275,47976.0,1741.0,262.15107
MCD,2026-08-27 16:10:00+00:00,262.3099,262.4,262.18,262.26,37729.0,1474.0,262.30101
MCD,2026-08-27 16:15:00+00:00,262.24,262.35,262.03,262.14,34469.0,1358.0,262.171759
MCD,2026-08-27 16:20:00+00:00,262.16,262.19,261.91,261.92,89194.0,3075.0,262.00322
MCD,2026-08-27 16:25:00+00:00,261.925,262.0583,261.88,262.02,39846.0,1407.0,261.949686
MCD,2026-08-27 16:30:00+00:00,262.02,262.05,261.56,261.63,63640.0,2230.0,261.774053
MCD,2026-08-27 16:35:00+00:00,261.6499,261.6499,261.3705,261.51,74690.0,2102.0,261.512654
MCD,2026-08-27 16:40:00+00:00,261.5799,261.5999,261.4,261.42,45399.0,1379.0,261.517543
MCD,2026-08-27 16:45:00+00:00,261.4,261.5799,261.35,261.5,51578.0,1620.0,261.464698
MCD,2026-08-27 16:50:00+00:00,261.5,261.87,261.5,261.7399,49055.0,1427.0,261.685478
MCD,2026-08-27 16:55:00+00:00,261.74,261.8,261.6,261.75,36902.0,1291.0,261.714759
MCD,2026-08-27 17:00:00+00:00,261.74,261.8,261.6,261.7,56079.0,1529.0,261.707894
MCD,2026-08-27 17:05:00+00:00,261.6905,261.9699,261.67,261.8801,33977.0,1128.0,261.835579
MCD,2026-08-27 17:10:00+00:00,261.88,262.07,261.7301,261.8201,26685.0,1153.0,261.89245
MCD,2026-08-27 17:15:00+00:00,261.85,261.88,261.64,261.64,25877.0,1155.0,261.758065
MCD,2026-08-27 17:20:00+00:00,261.655,261.82,261.57,261.775,35009.0,1300.0,261.676072
MCD,2026-08-27 17:25:00+00:00,261.78,261.8357,261.63,261.69,30416.0,1245.0,261.729233
MCD,2026-08-27 17:30:00+00:00,261.72,261.7899,261.58,261.67,29186.0,1305.0,261.673614
MCD,2026-08-27 17:35:00+00:00,261.67,261.74,261.48,261.52,62482.0,1794.0,261.553984
MCD,2026-08-27 17:40:00+00:00,261.52,261.54,261.3305,261.475,47410.0,1603.0,261.452265
MCD,2026-08-27 17:45:00+00:00,261.435,261.6398,261.33,261.61,45842.0,1325.0,261.457945
MCD,2026-08-27 17:50:00+00:00,261.61,261.72,261.5305,261.5305,33209.0,1094.0,261.630449
MCD,2026-08-27 17:55:00+00:00,261.5305,261.62,261.26,261.32,33483.0,1408.0,261.4431
MCD,2026-08-27 18:00:00+00:00,261.325,261.42,261.175,261.4,39699.0,1509.0,261.331483
MCD,2026-08-27 18:05:00+00:00,261.4,261.5507,261.26,261.49,31620.0,1310.0,261.36645
MCD,2026-08-27 18:10:00+00:00,261.44,261.4899,261.31,261.37,25616.0,1091.0,261.378775
MCD,2026-08-27 18:15:00+00:00,261.41,261.46,261.315,261.325,37102.0,1173.0,261.382303
MCD,2026-08-27 18:20:00+00:00,261.33,261.36,261.12,261.19,50203.0,1800.0,261.19841
MCD,2026-08-27 18:25:00+00:00,261.16,261.39,261.16,261.21,34576.0,1206.0,261.265777
MCD,2026-08-27 18:30:00+00:00,261.2,261.265,261.1,261.255,37174.0,1398.0,261.169163
MCD,2026-08-27 18:35:00+00:00,261.25,261.28,261.046,261.0875,31712.0,1537.0,261.126492
MCD,2026-08-27 18:40:00+00:00,261.085,261.19,260.98,261.0951,66138.0,3312.0,261.041895
MCD,2026-08-27 18:45:00+00:00,261.095,261.1188,260.8,260.85,70539.0,2579.0,260.914237
MCD,2026-08-27 18:50:00+00:00,260.88,260.88,260.535,260.605,54160.0,2215.0,260.675022
MCD,2026-08-27 18:55:00+00:00,260.59,260.64,260.25,260.42,58087.0,2435.0,260.426932
MCD,2026-08-27 19:00:00+00:00,260.41,260.58,260.38,260.495,46764.0,1909.0,260.479548
MCD,2026-08-27 19:05:00+00:00,260.48,260.89,260.46,260.63,75565.0,2342.0,260.651217
MCD,2026-08-27 19:10:00+00:00,260.66,260.73,260.5,260.516,58465.0,1704.0,260.622835
MCD,2026-08-27 19:15:00+00:00,260.5,260.625,260.4,260.62,41960.0,1759.0,260.468203
MCD,2026-08-27 19:20:00+00:00,260.6,260.72,260.48,260.5318,43219.0,1659.0,260.569852
MCD,2026-08-27 19:25:00+00:00,260.52,260.54,260.22,260.235,56028.0,2324.0,260.343581
MCD,2026-08-27 19:30:00+00:00,260.27,260.37,260.1,260.205,71915.0,2639.0,260.216898
MCD,2026-08-27 19:35:00+00:00,260.205,260.445,260.205,260.355,62382.0,2200.0,260.300292
MCD,2026-08-27 19:40:00+00:00,260.345,260.4999,260.25,260.42,50443.0,2084.0,260.374421
MCD,2026-08-27 19:45:00+00:00,260.42,260.44,260.185,260.19,84228.0,2783.0,260.303874
MCD,2026-08-27 19:50:00+00:00,260.19,260.29,259.93,260.27,214300.0,8526.0,260.047334
MCD,2026-08-27 19:55:00+00:00,260.26,260.29,259.85,260.075,299864.0,8784.0,260.03573
MCD,2026-08-27 20:00:00+00:00,260.09,260.3,260.06,260.27,625898.0,296.0,260.06119
MCD,2026-08-27 20:05:00+00:00,260.31,260.37,260.1,260.2502,5260.0,173.0,260.294032
MCD,2026-08-27 20:10:00+00:00,260.346,260.37,260.3,260.3001,1864.0,89.0,260.337062
MCD,2026-08-27 20:15:00+00:00,260.34,260.59,260.06,260.55,7727.0,144.0,260.29571
MCD,2026-08-27 20:20:00+00:00,260.5177,260.7,260.5177,260.7,2640.0,108.0,260.57287
MCD,2026-08-27 20:25:00+00:00,260.6491,260.68,260.6042,260.63,2013.0,84.0,260.661035
MCD,2026-08-27 20:30:00+00:00,260.69,260.8,260.5,260.7776,3328.0,119.0,260.707773
MCD,2026-08-27 20:40:00+00:00,260.72,260.72,260.65,260.7,1217.0,63.0,260.712631
MCD,2026-08-27 20:45:00+00:00,260.68,260.684,260.67,260.684,546.0,44.0,260.675018
MCD,2026-08-27 20:50:00+00:00,260.75,260.75,260.72,260.74,38196.0,50.0,260.730709
MCD,2026-08-27 20:55:00+00:00,260.73,260.7413,260.6873,260.7413,454.0,38.0,260.717743
MCD,2026-08-27 21:00:00+00:00,260.7256,260.75,260.7256,260.73,1365.0,70.0,260.747837
MCD,2026-08-27 21:05:00+00:00,260.73,260.9744,260.72,260.9744,2735.0,75.0,260.799175
MCD,2026-08-27 21:10:00+00:00,260.91,260.97,260.91,260.97,850.0,46.0,260.923958
MCD,2026-08-27 21:15:00+00:00,260.9634,260.9634,260.89,260.91,1158.0,56.0,260.914864
MCD,2026-08-27 21:20:00+00:00,260.9676,260.97,260.9,260.96,1195.0,20.0,260.95542
MCD,2026-08-27 21:25:00+00:00,260.96,260.96,260.9,260.9157,2453.0,40.0,260.904392
MCD,2026-08-27 21:30:00+00:00,260.97,261.0,260.9,261.0,2673.0,77.0,260.985021
MCD,2026-08-27 21:35:00+00:00,260.9,260.9819,260.9,260.9819,320.0,4.0,260.952166
MCD,2026-08-27 21:40:00+00:00,260.89,261.0,260.87,261.0,389.0,22.0,260.923562
MCD,2026-08-27 21:45:00+00:00,260.887,260.887,260.887,260.887,106.0,4.0,260.887
MCD,2026-08-27 21:50:00+00:00,260.8996,261.0298,260.8519,261.0298,2229.0,46.0,260.93415
MCD,2026-08-27 21:55:00+00:00,261.0267,261.0913,261.0,261.09,2286.0,54.0,261.036254
MCD,2026-08-27 22:00:00+00:00,261.09,261.2,261.09,261.2,1723.0,36.0,261.111997
MCD,2026-08-27 22:05:00+00:00,261.11,261.12,261.1,261.12,2099.0,20.0,261.111306
MCD,2026-08-27 22:15:00+00:00,261.1106,261.1106,261.11,261.11,438.0,15.0,261.110341
MCD,2026-08-27 22:20:00+00:00,261.18,261.18,261.16,261.17,988.0,20.0,261.168409
MCD,2026-08-27 22:25:00+00:00,261.13,261.18,261.13,261.18,198.0,17.0,261.147241
MCD,2026-08-27 22:30:00+00:00,261.18,261.2,261.12,261.2,837.0,24.0,261.168182
MCD,2026-08-27 22:35:00+00:00,261.1989,261.1989,261.1,261.15,782.0,30.0,261.1513
MCD,2026-08-27 22:40:00+00:00,261.18,261.2,261.16,261.2,1441.0,56.0,261.192267
MCD,2026-08-27 22:45:00+00:00,261.25,261.25,261.2,261.23,436.0,22.0,261.216807
MCD,2026-08-27 22:50:00+00:00,261.24,261.24,261.24,261.24,53.0,5.0,261.24
MCD,2026-08-27 22:55:00+00:00,261.21,261.28,261.21,261.28,690.0,33.0,261.258217
MCD,2026-08-27 23:00:00+00:00,261.3,261.3,261.25,261.2939,1708.0,23.0,261.287963
MCD,2026-08-27 23:05:00+00:00,261.28,261.2923,261.28,261.2923,337.0,26.0,261.288324
MCD,2026-08-27 23:10:00+00:00,261.29,261.29,261.24,261.25,1125.0,48.0,261.250466
MCD,2026-08-27 23:15:00+00:00,261.2327,261.2327,261.1914,261.1914,760.0,14.0,261.202221
MCD,2026-08-27 23:20:00+00:00,261.19,261.19,261.18,261.18,615.0,12.0,261.181379
MCD,2026-08-27 23:25:00+00:00,261.25,261.25,261.25,261.25,123.0,6.0,261.25
MCD,2026-08-27 23:30:00+00:00,261.18,261.19,261.18,261.19,406.0,17.0,261.184406
MCD,2026-08-27 23:35:00+00:00,261.18,261.19,261.18,261.19,156.0,6.0,261.186154
MCD,2026-08-27 23:40:00+00:00,261.18,261.18,261.1,261.1,485.0,18.0,261.17027
MCD,2026-08-27 23:45:00+00:00,261.19,261.19,261.1,261.1208,510.0,14.0,261.126292
MCD,2026-08-27 23:50:00+00:00,261.17,261.18,261.17,261.18,219.0,9.0,261.174667
MCD,2026-08-27 23:55:00+00:00,261.17,261.17,261.11,261.1101,1871.0,30.0,261.113771
MCD,2026-08-28 08:00:00+00:00,262.0,262.05,261.47,262.0,9488.0,648.0,261.797896
MCD,2026-08-28 08:05:00+00:00,262.07,262.09,261.8358,262.0,3445.0,51.0,262.062904
MCD,2026-08-28 08:10:00+00:00,262.09,262.5,262.09,262.5,306.0,5.0,262.440146
MCD,2026-08-28 08:15:00+00:00,262.06,262.1,261.99,262.1,1875.0,49.0,262.08728
MCD,2026-08-28 08:20:00+00:00,262.2,262.2,262.09,262.09,295.0,10.0,262.131195
MCD,2026-08-28 08:30:00+00:00,261.9,261.9,261.9,261.9,149.0,12.0,261.9
MCD,2026-08-28 08:40:00+00:00,262.07,262.12,262.07,262.12,120.0,6.0,262.095
MCD,2026-08-28 08:45:00+00:00,262.19,262.2,262.19,262.2,207.0,6.0,262.19375
MCD,2026-08-28 08:55:00+00:00,262.18,262.18,262.18,262.18,96.0,5.0,262.18
MCD,2026-08-28 09:00:00+00:00,262.04,262.04,262.04,262.04,101.0,7.0,262.04
MCD,2026-08-28 09:10:00+00:00,262.0966,262.0966,262.0966,262.0966,1024.0,3.0,262.0966
MCD,2026-08-28 09:15:00+00:00,262.03,262.03,262.03,262.03,160.0,18.0,262.03
MCD,2026-08-28 09:20:00+00:00,262.0,262.0,261.94,261.94,365.0,26.0,261.963422
MCD,2026-08-28 09:25:00+00:00,262.0,262.0,262.0,262.0,131.0,7.0,262.0
MCD,2026-08-28 09:30:00+00:00,262.0,262.04,261.91,261.91,1533.0,51.0,261.971114
MCD,2026-08-28 09:35:00+00:00,262.0,262.0,262.0,262.0,115.0,4.0,262.0
MCD,2026-08-28 09:45:00+00:00,262.0,262.04,262.0,262.04,883.0,35.0,262.010876
MCD,2026-08-28 09:50:00+00:00,262.04,262.04,262.04,262.04,61.0,3.0,262.04
MCD,2026-08-28 10:00:00+00:00,262.05,262.05,262.04,262.04,160.0,8.0,262.045556
MCD,2026-08-28 10:15:00+00:00,261.95,261.95,261.95,261.95,738.0,33.0,261.95
MCD,2026-08-28 10:20:00+00:00,262.0,262.0,262.0,262.0,167.0,8.0,262.0
MCD,2026-08-28 10:25:00+00:00,262.0,262.0,261.9,261.9,892.0,32.0,261.913783
MCD,2026-08-28 10:30:00+00:00,261.95,261.95,261.71,261.71,434.0,27.0,261.801936
MCD,2026-08-28 10:40:00+00:00,261.92,261.93,261.92,261.93,181.0,7.0,261.924615
MCD,2026-08-28 10:45:00+00:00,261.78,261.8,261.72,261.72,877.0,33.0,261.773396
MCD,2026-08-28 11:00:00+00:00,261.6,261.7864,261.45,261.61,2050.0,64.0,261.520492
MCD,2026-08-28 11:05:00+00:00,261.66,261.66,261.3847,261.3847,583.0,4.0,261.420192
MCD,2026-08-28 11:10:00+00:00,261.5,261.55,261.5,261.55,635.0,31.0,261.506906
MCD,2026-08-28 11:15:00+00:00,261.44,261.64,261.43,261.6265,586.0,27.0,261.517188
MCD,2026-08-28 11:20:00+00:00,261.46,261.46,261.46,261.46,200.0,9.0,261.46
MCD,2026-08-28 11:25:00+00:00,261.5,261.5,261.5,261.5,118.0,6.0,261.5
MCD,2026-08-28 11:30:00+00:00,261.5,261.5,261.46,261.46,1418.0,17.0,261.49875
MCD,2026-08-28 11:35:00+00:00,261.38,261.45,261.3501,261.3501,1329.0,55.0,261.43447
MCD,2026-08-28 11:40:00+00:00,261.4,261.5622,261.3,261.3,1473.0,58.0,261.351308
MCD,2026-08-28 11:50:00+00:00,261.44,261.5,261.44,261.5,319.0,8.0,261.456081
MCD,2026-08-28 11:55:00+00:00,261.42,261.42,261.42,261.42,168.0,3.0,261.42
MCD,2026-08-28 12:00:00+00:00,261.55,261.58,261.55,261.58,415.0,11.0,261.554286
MCD,2026-08-28 12:05:00+00:00,261.55,261.6177,261.55,261.6177,611.0,32.0,261.564695
MCD,2026-08-28 12:10:00+00:00,261.56,261.57,261.48,261.5,1050.0,33.0,261.528313
MCD,2026-08-28 12:15:00+00:00,261.54,261.54,261.52,261.52,389.0,9.0,261.53634
MCD,2026-08-28 12:20:00+00:00,261.5,261.55,261.5,261.55,415.0,5.0,261.525641
MCD,2026-08-28 12:25:00+00:00,261.5,261.5,261.5,261.5,1492.0,11.0,261.5
MCD,2026-08-28 12:30:00+00:00,261.55,261.56,261.5,261.55,2019.0,32.0,261.542206
MCD,2026-08-28 12:35:00+00:00,261.66,261.74,261.66,261.74,872.0,60.0,261.718873
MCD,2026-08-28 12:40:00+00:00,261.7,261.7,261.5,261.6863,718.0,29.0,261.668914
MCD,2026-08-28 12:45:00+00:00,261.7233,261.7233,261.7,261.7,1383.0,19.0,261.703743
MCD,2026-08-28 12:50:00+00:00,261.66,261.76,261.66,261.76,1109.0,32.0,261.677442
MCD,2026-08-28 12:55:00+00:00,261.7,261.76,261.67,261.67,1091.0,22.0,261.734385
MCD,2026-08-28 13:00:00+00:00,261.79,261.8,261.56,261.8,1873.0,68.0,261.735378
MCD,2026-08-28 13:05:00+00:00,261.7,261.7,261.531,261.7,784.0,29.0,261.65671
MCD,2026-08-28 13:10:00+00:00,261.66,261.77,261.6,261.77,1567.0,19.0,261.634814
MCD,2026-08-28 13:20:00+00:00,261.74,261.74,261.74,261.74,131.0,10.0,261.74
MCD,2026-08-28 13:25:00+00:00,261.66,261.74,261.43,261.43,2452.0,64.0,261.629145
MCD,2026-08-28 13:30:00+00:00,261.33,261.88,260.32,261.74,147138.0,3953.0,261.298251
MCD,2026-08-28 13:35:00+00:00,261.74,263.04,261.62,263.0,126296.0,2735.0,262.577891
MCD,2026-08-28 13:40:00+00:00,263.01,263.55,262.7,263.495,87417.0,2051.0,263.176467
MCD,2026-08-28 13:45:00+00:00,263.495,263.74,263.1,263.5562,60194.0,1925.0,263.455682
MCD,2026-08-28 13:50:00+00:00,263.58,264.02,263.36,263.705,76438.0,1924.0,263.792114
MCD,2026-08-28 13:55:00+00:00,263.76,264.31,263.76,264.08,65462.0,1733.0,264.131401
MCD,2026-08-28 14:00:00+00:00,264.09,264.28,263.644,263.65,37577.0,1728.0,264.064943
MCD,2026-08-28 14:05:00+00:00,263.65,264.62,263.65,264.62,57184.0,1764.0,264.159001
MCD,2026-08-28 14:10:00+00:00,264.62,264.71,264.0222,264.085,56781.0,1794.0,264.432258
MCD,2026-08-28 14:15:00+00:00,264.01,264.31,263.71,264.12,45332.0,1330.0,264.029009
MCD,2026-08-28 14:20:00+00:00,264.12,264.18,263.4,263.58,46611.0,1505.0,263.825528
MCD,2026-08-28 14:25:00+00:00,263.55,263.8099,263.48,263.6,38871.0,1298.0,263.660237
MCD,2026-08-28 14:30:00+00:00,263.61,263.8699,263.56,263.73,34468.0,1252.0,263.70348
MCD,2026-08-28 14:35:00+00:00,263.725,264.28,263.725,263.76,54838.0,1503.0,263.994896
MCD,2026-08-28 14:40:00+00:00,263.77,263.88,263.63,263.87,27856.0,1058.0,263.748169
MCD,2026-08-28 14:45:00+00:00,263.9,263.9728,263.69,263.95,17814.0,1006.0,263.823932
MCD,2026-08-28 14:50:00+00:00,263.91,263.98,263.7601,263.865,20499.0,941.0,263.86999
MCD,2026-08-28 14:55:00+00:00,263.84,263.86,263.67,263.685,19071.0,938.0,263.785145
MCD,2026-08-28 15:00:00+00:00,263.665,263.89,263.61,263.835,36848.0,1281.0,263.770389
MCD,2026-08-28 15:05:00+00:00,263.81,264.08,263.7,264.08,30365.0,1172.0,263.862021
MCD,2026-08-28 15:10:00+00:00,264.085,264.17,263.94,264.03,29506.0,1023.0,264.043946
MCD,2026-08-28 15:15:00+00:00,263.995,264.03,263.76,263.7701,18636.0,885.0,263.855945
MCD,2026-08-28 15:20:00+00:00,263.82,264.0,263.7,263.7,20860.0,952.0,263.878444
MCD,2026-08-28 15:25:00+00:00,263.68,263.86,263.64,263.86,17859.0,951.0,263.740418
MCD,2026-08-28 15:30:00+00:00,263.86,263.89,263.575,263.65,20375.0,988.0,263.735203
MCD,2026-08-28 15:35:00+00:00,263.65,263.8,263.58,263.72,25555.0,936.0,263.693051
MCD,2026-08-28 15:40:00+00:00,263.69,263.85,263.66,263.84,20911.0,952.0,263.758165
MCD,2026-08-28 15:45:00+00:00,263.84,264.06,263.7301,264.05,22130.0,1097.0,263.945135
MCD,2026-08-28 15:50:00+00:00,264.005,264.19,264.0,264.035,24826.0,916.0,264.092685
MCD,2026-08-28 15:55:00+00:00,264.03,264.15,263.86,263.9,25787.0,1074.0,264.007085
MCD,2026-08-28 16:00:00+00:00,263.92,264.27,263.8793,264.215,44807.0,1252.0,264.157812
MCD,2026-08-28 16:05:00+00:00,264.24,264.27,263.875,263.875,34794.0,941.0,264.143081
MCD,2026-08-28 16:10:00+00:00,263.8881,264.0,263.58,263.6,26562.0,1153.0,263.808974
MCD,2026-08-28 16:15:00+00:00,263.58,263.695,263.45,263.51,26534.0,1036.0,263.605946
MCD,2026-08-28 16:20:00+00:00,263.545,263.59,263.14,263.175,25604.0,1106.0,263.393964
MCD,2026-08-28 16:25:00+00:00,263.18,263.24,262.88,262.955,30829.0,1012.0,263.028732
MCD,2026-08-28 16:30:00+00:00,262.945,263.1599,262.85,262.85,18726.0,865.0,262.984017
MCD,2026-08-28 16:35:00+00:00,262.85,263.22,262.84,263.15,20038.0,791.0,263.051655
MCD,2026-08-28 16:40:00+00:00,263.15,263.2,262.9,262.9,22073.0,830.0,263.009444
MCD,2026-08-28 16:45:00+00:00,262.91,262.91,262.73,262.82,20323.0,908.0,262.813996
MCD,2026-08-28 16:50:00+00:00,262.8,262.9,262.74,262.7401,20862.0,747.0,262.832231
MCD,2026-08-28 16:55:00+00:00,262.78,262.97,262.76,262.7751,19458.0,906.0,262.859374
MCD,2026-08-28 17:00:00+00:00,262.78,263.505,262.76,263.44,41639.0,1221.0,263.200466
MCD,2026-08-28 17:05:00+00:00,263.44,263.5836,263.42,263.53,24664.0,871.0,263.489838
MCD,2026-08-28 17:10:00+00:00,263.53,263.61,263.32,263.34,16147.0,652.0,263.478105
MCD,2026-08-28 17:15:00+00:00,263.34,263.39,263.15,263.215,18841.0,753.0,263.264616
MCD,2026-08-28 17:20:00+00:00,263.215,263.215,263.09,263.17,21351.0,793.0,263.153849
MCD,2026-08-28 17:25:00+00:00,263.175,263.2,262.79,263.08,55537.0,1514.0,263.010362
MCD,2026-08-28 17:30:00+00:00,263.085,263.28,262.98,263.28,34200.0,940.0,263.136861
MCD,2026-08-28 17:35:00+00:00,263.265,263.33,263.17,263.25,23426.0,855.0,263.242145
MCD,2026-08-28 17:40:00+00:00,263.265,263.6,263.25,263.6,32781.0,959.0,263.452832
MCD,2026-08-28 17:45:00+00:00,263.6,263.71,263.2025,263.23,18595.0,826.0,263.447391
MCD,2026-08-28 17:50:00+00:00,263.205,263.24,263.04,263.08,17577.0,633.0,263.125138
MCD,2026-08-28 17:55:00+00:00,263.11,263.33,263.085,263.3299,19683.0,1020.0,263.191326
MCD,2026-08-28 18:00:00+00:00,263.29,263.475,263.22,263.475,20925.0,871.0,263.368343
MCD,2026-08-28 18:05:00+00:00,263.51,263.68,263.4501,263.505,21286.0,762.0,263.606721
MCD,2026-08-28 18:10:00+00:00,263.5399,263.7,263.48,263.585,32390.0,911.0,263.584488
MCD,2026-08-28 18:15:00+00:00,263.62,263.85,263.53,263.805,43939.0,1083.0,263.672716
MCD,2026-08-28 18:20:00+00:00,263.81,263.97,263.81,263.955,26903.0,899.0,263.897296
MCD,2026-08-28 18:25:00+00:00,263.93,263.98,263.8201,263.95,22134.0,786.0,263.915318
MCD,2026-08-28 18:30:00+00:00,263.95,263.95,263.77,263.88,23955.0,963.0,263.847436
MCD,2026-08-28 18:35:00+00:00,263.88,264.17,263.88,264.0899,30333.0,1113.0,264.040992
MCD,2026-08-28 18:40:00+00:00,264.09,264.25,264.0496,264.105,43698.0,905.0,264.152942
MCD,2026-08-28 18:45:00+00:00,264.1,264.14,264.0,264.025,21902.0,965.0,264.077062
MCD,2026-08-28 18:50:00+00:00,264.025,264.23,264.0201,264.11,33832.0,992.0,264.107035
MCD,2026-08-28 18:55:00+00:00,264.11,264.13,263.72,263.83,32887.0,1224.0,263.953223
MCD,2026-08-28 19:00:00+00:00,263.8,264.05,263.67,264.05,34712.0,1142.0,263.853941
MCD,2026-08-28 19:05:00+00:00,264.06,264.06,263.88,263.9599,24603.0,790.0,263.955043
MCD,2026-08-28 19:10:00+00:00,263.92,264.1968,263.81,264.12,51326.0,1279.0,263.980631
MCD,2026-08-28 19:15:00+00:00,264.13,264.25,264.0,264.17,32381.0,965.0,264.162199
MCD,2026-08-28 19:20:00+00:00,264.17,264.4199,264.14,264.3539,31540.0,1149.0,264.299996
MCD,2026-08-28 19:25:00+00:00,264.32,264.6538,264.3,264.62,103033.0,1411.0,264.436444
MCD,2026-08-28 19:30:00+00:00,264.625,264.625,264.31,264.415,49518.0,1403.0,264.403413
MCD,2026-08-28 19:35:00+00:00,264.415,264.55,264.3,264.51,36910.0,1290.0,264.447794
MCD,2026-08-28 19:40:00+00:00,264.54,264.79,264.46,264.62,65189.0,1813.0,264.625499
MCD,2026-08-28 19:45:00+00:00,264.615,264.78,264.46,264.545,57643.0,1901.0,264.673137
MCD,2026-08-28 19:50:00+00:00,264.55,264.99,264.55,264.96,108088.0,2976.0,264.823826
MCD,2026-08-28 19:55:00+00:00,264.96,265.1,264.67,265.0,315826.0,8319.0,264.980726
MCD,2026-08-28 20:00:00+00:00,265.0,265.0,264.3026,264.391,579271.0,150.0,264.999024
MCD,2026-08-28 20:05:00+00:00,264.96,265.0,264.3456,265.0,3753.0,43.0,264.833805
MCD,2026-08-28 20:10:00+00:00,264.88,264.9,264.838,264.838,1048.0,52.0,264.874082
MCD,2026-08-28 20:15:00+00:00,265.0,265.0,264.62,264.98,29649.0,42.0,264.97394
MCD,2026-08-28 20:20:00+00:00,264.6776,264.6776,264.6776,264.6776,64.0,4.0,264.6776
MCD,2026-08-28 20:25:00+00:00,264.94,264.95,264.73,264.76,884.0,24.0,264.811566
MCD,2026-08-28 20:30:00+00:00,264.71,264.8864,264.71,264.71,1565.0,6.0,264.817224
MCD,2026-08-28 20:35:00+00:00,264.85,264.85,264.85,264.85,211.0,4.0,264.85
MCD,2026-08-28 20:45:00+00:00,264.89,264.9,264.89,264.9,264.0,17.0,264.892778
MCD,2026-08-28 20:50:00+00:00,264.95,265.05,264.95,265.05,663.0,30.0,264.990288
MCD,2026-08-28 20:55:00+00:00,265.01,265.01,265.01,265.01,48.0,2.0,265.01
MCD,2026-08-28 21:00:00+00:00,265.0,265.02,265.0,265.02,179.0,18.0,265.01012
MCD,2026-08-28 21:05:00+00:00,265.0502,265.0995,265.0011,265.0097,782.0,10.0,265.04235
MCD,2026-08-28 21:10:00+00:00,265.01,265.01,265.01,265.01,67.0,8.0,265.01
MCD,2026-08-28 21:15:00+00:00,265.04,265.04,265.04,265.04,92.0,5.0,265.04
MCD,2026-08-28 21:20:00+00:00,265.0,265.0,264.97,264.97,675.0,12.0,264.988267
MCD,2026-08-28 21:30:00+00:00,264.9,265.1,264.9,265.09,914.0,23.0,265.044488
MCD,2026-08-28 21:35:00+00:00,265.05,265.05,265.05,265.05,105.0,2.0,265.05
MCD,2026-08-28 21:40:00+00:00,265.0,265.0,265.0,265.0,158.0,5.0,265.0
MCD,2026-08-28 21:45:00+00:00,264.87,264.87,264.8551,264.8551,765.0,7.0,264.857919
MCD,2026-08-28 21:50:00+00:00,265.1,265.1,265.1,265.1,107.0,5.0,265.1
MCD,2026-08-28 21:55:00+00:00,264.99,264.99,264.99,264.99,63.0,2.0,264.99
MCD,2026-08-28 22:00:00+00:00,264.895,265.2,264.895,264.9042,454.0,9.0,265.011795
MCD,2026-08-28 22:05:00+00:00,264.9023,264.9023,264.9023,264.9023,96.0,3.0,264.9023
MCD,2026-08-28 22:10:00+00:00,264.99,264.99,264.91,264.91,226.0,5.0,264.974236
MCD,2026-08-28 22:20:00+00:00,265.1339,265.1339,264.9027,264.9027,200.0,4.0,265.019468
MCD,2026-08-28 22:45:00+00:00,265.0,265.0,265.0,265.0,365.0,4.0,265.0
MCD,2026-08-28 22:50:00+00:00,265.13,265.13,265.0013,265.0013,445.0,6.0,265.038695
MCD,2026-08-28 22:55:00+00:00,265.0108,265.0108,265.0108,265.0108,300.0,1.0,265.0108
MCD,2026-08-28 23:00:00+00:00,265.0628,265.0628,265.0628,265.0628,102.0,3.0,265.0628
MCD,2026-08-28 23:10:00+00:00,265.0,265.0078,265.0,265.0078,197.0,4.0,265.006158
MCD,2026-08-28 23:15:00+00:00,265.0,265.0,265.0,265.0,101.0,2.0,265.0
MCD,2026-08-28 23:20:00+00:00,265.006,265.07,265.006,265.07,193.0,5.0,265.027333
MCD,2026-08-28 23:25:00+00:00,265.0062,265.0545,265.0062,265.0545,287.0,4.0,265.040449
MCD,2026-08-28 23:35:00+00:00,265.03,265.03,265.03,265.03,200.0,2.0,265.03
MCD,2026-08-28 23:40:00+00:00,265.07,265.07,265.07,265.07,130.0,9.0,265.07
MCD,2026-08-28 23:50:00+00:00,265.0201,265.0201,265.0201,265.0201,201.0,2.0,265.0201
MCD,2026-08-28 23:55:00+00:00,265.1198,265.13,265.06,265.12,549.0,18.0,265.108532
MCD,2026-08-31 08:00:00+00:00,265.15,265.22,264.8,265.05,2319.0,240.0,265.033606
MCD,2026-08-31 08:15:00+00:00,265.1364,265.1364,265.1364,265.1364,277.0,4.0,265.1364
MCD,2026-08-31 08:20:00+00:00,265.11,265.11,265.11,265.11,174.0,12.0,265.11
MCD,2026-08-31 08:35:00+00:00,265.14,265.14,265.14,265.14,161.0,9.0,265.14
MCD,2026-08-31 08:40:00+00:00,265.1406,265.1406,265.1406,265.1406,500.0,1.0,265.1406
MCD,2026-08-31 08:45:00+00:00,265.13,265.15,265.13,265.15,512.0,26.0,265.137692
MCD,2026-08-31 09:00:00+00:00,265.2,265.2,265.2,265.2,255.0,3.0,265.2
MCD,2026-08-31 09:05:00+00:00,265.3,265.3,265.3,265.3,200.0,1.0,265.3
MCD,2026-08-31 09:10:00+00:00,265.27,265.27,265.26,265.26,194.0,10.0,265.264792
MCD,2026-08-31 10:00:00+00:00,265.3,265.3,265.3,265.3,650.0,25.0,265.3
MCD,2026-08-31 10:15:00+00:00,265.2693,265.2693,265.2693,265.2693,62.0,3.0,265.2693
MCD,2026-08-31 10:25:00+00:00,265.259,265.259,265.259,265.259,50.0,1.0,265.259
MCD,2026-08-31 10:50:00+00:00,265.2,265.2,265.2,265.2,135.0,8.0,265.2
MCD,2026-08-31 11:00:00+00:00,265.22,265.3,265.2,265.2,1088.0,48.0,265.231883
MCD,2026-08-31 11:15:00+00:00,265.09,265.09,265.08,265.08,177.0,5.0,265.083876
MCD,2026-08-31 11:20:00+00:00,265.05,265.1,265.0,265.0,1342.0,103.0,265.0246
MCD,2026-08-31 11:25:00+00:00,265.0,265.0,265.0,265.0,108.0,4.0,265.0
MCD,2026-08-31 11:35:00+00:00,264.9,264.9,264.9,264.9,231.0,17.0,264.9
MCD,2026-08-31 11:40:00+00:00,264.85,264.94,264.85,264.94,312.0,7.0,264.865926
MCD,2026-08-31 11:45:00+00:00,264.85,264.91,264.85,264.91,513.0,25.0,264.865241
MCD,2026-08-31 11:50:00+00:00,264.92,264.99,264.92,264.99,357.0,8.0,264.941875
MCD,2026-08-31 11:55:00+00:00,264.9,264.9,264.9,264.9,72.0,4.0,264.9
MCD,2026-08-31 12:00:00+00:00,264.99,265.0,264.99,265.0,226.0,9.0,264.992908
MCD,2026-08-31 12:20:00+00:00,265.0,265.0,265.0,265.0,86.0,4.0,265.0
MCD,2026-08-31 12:25:00+00:00,265.0428,265.0428,265.0,265.0,1480.0,39.0,265.034939
MCD,2026-08-31 12:30:00+00:00,265.04,265.05,265.04,265.05,212.0,6.0,265.045855
MCD,2026-08-31 12:35:00+00:00,265.0325,265.0341,265.0,265.0,421.0,16.0,265.016241
MCD,2026-08-31 12:40:00+00:00,265.0,265.0,265.0,265.0,550.0,3.0,265.0
MCD,2026-08-31 12:45:00+00:00,265.05,265.11,265.05,265.11,1021.0,26.0,265.058086
MCD,2026-08-31 12:50:00+00:00,265.11,265.2167,265.1,265.15,744.0,17.0,265.128868
MCD,2026-08-31 12:55:00+00:00,265.18,265.28,265.18,265.28,450.0,17.0,265.248771
MCD,2026-08-31 13:00:00+00:00,265.29,265.3,265.149,265.3,500.0,22.0,265.240072
MCD,2026-08-31 13:05:00+00:00,265.2778,265.3,265.1511,265.22,1358.0,20.0,265.277495
MCD,2026-08-31 13:10:00+00:00,265.3,265.3,265.3,265.3,60.0,4.0,265.3
MCD,2026-08-31 13:15:00+00:00,265.3466,265.3466,265.3466,265.3466,648.0,12.0,265.3466
MCD,2026-08-31 13:20:00+00:00,265.35,265.35,265.22,265.22,383.0,16.0,265.269472
MCD,2026-08-31 13:25:00+00:00,265.06,265.06,264.56,264.56,2892.0,81.0,264.958425
MCD,2026-08-31 13:30:00+00:00,265.0,265.14,263.385,263.79,285754.0,3133.0,264.208113
MCD,2026-08-31 13:35:00+00:00,263.74,264.84,263.74,264.43,52596.0,1583.0,264.292839
MCD,2026-08-31 13:40:00+00:00,264.48,264.48,263.665,263.945,47618.0,1469.0,263.986783
MCD,2026-08-31 13:45:00+00:00,263.95,264.305,263.77,264.255,54994.0,1442.0,263.992281
MCD,2026-08-31 13:50:00+00:00,264.33,264.48,263.98,264.345,30524.0,1207.0,264.304571
MCD,2026-08-31 13:55:00+00:00,264.42,264.932,264.26,264.395,44650.0,1519.0,264.68011
MCD,2026-08-31 14:00:00+00:00,264.3409,264.73,264.2501,264.37,33472.0,1192.0,264.463045
MCD,2026-08-31 14:05:00+00:00,264.31,264.61,264.25,264.57,41341.0,1292.0,264.4564
MCD,2026-08-31 14:10:00+00:00,264.535,264.63,264.43,264.46,46788.0,1226.0,264.533169
MCD,2026-08-31 14:15:00+00:00,264.46,264.68,264.395,264.68,41838.0,1380.0,264.523704
MCD,2026-08-31 14:20:00+00:00,264.78,265.0,264.49,264.76,44761.0,1419.0,264.761739
MCD,2026-08-31 14:25:00+00:00,264.77,264.77,264.23,264.37,30157.0,1098.0,264.473772
MCD,2026-08-31 14:30:00+00:00,264.39,264.39,263.85,263.93,52319.0,1692.0,264.038574
MCD,2026-08-31 14:35:00+00:00,263.93,264.27,263.92,264.215,30771.0,1142.0,264.085124
MCD,2026-08-31 14:40:00+00:00,264.24,264.72,264.235,264.63,40064.0,1358.0,264.506374
MCD,2026-08-31 14:45:00+00:00,264.615,264.87,264.51,264.83,29020.0,1115.0,264.6721
MCD,2026-08-31 14:50:00+00:00,264.83,265.185,264.795,265.095,34433.0,1178.0,265.012981
MCD,2026-08-31 14:55:00+00:00,265.12,265.515,265.1,265.285,45338.0,1417.0,265.341938
MCD,2026-08-31 15:00:00+00:00,265.2605,265.34,265.04,265.07,31425.0,896.0,265.254267
MCD,2026-08-31 15:05:00+00:00,265.105,265.12,264.795,264.8499,36100.0,1193.0,264.897056
MCD,2026-08-31 15:10:00+00:00,264.85,265.0525,264.835,264.9,28326.0,1052.0,264.919971
MCD,2026-08-31 15:15:00+00:00,264.975,265.1,264.875,264.91,28547.0,987.0,265.006262
MCD,2026-08-31 15:20:00+00:00,264.88,264.92,264.69,264.7103,34533.0,1146.0,264.807682
MCD,2026-08-31 15:25:00+00:00,264.73,264.99,264.73,264.94,27442.0,959.0,264.902418
MCD,2026-08-31 15:30:00+00:00,264.96,265.2,264.87,265.19,34947.0,1044.0,265.033471
MCD,2026-08-31 15:35:00+00:00,265.2,265.37,265.13,265.265,30847.0,1089.0,265.269348
MCD,2026-08-31 15:40:00+00:00,265.26,265.4001,265.2,265.295,39183.0,953.0,265.289909
MCD,2026-08-31 15:45:00+00:00,265.35,265.38,265.26,265.33,21225.0,805.0,265.307238
MCD,2026-08-31 15:50:00+00:00,265.32,265.45,265.3,265.4,19977.0,751.0,265.373044
MCD,2026-08-31 15:55:00+00:00,265.395,265.5,265.33,265.45,36048.0,954.0,265.44657
MCD,2026-08-31 16:00:00+00:00,265.45,265.7151,265.42,265.7151,23850.0,960.0,265.574666
MCD,2026-08-31 16:05:00+00:00,265.73,265.75,265.49,265.65,20759.0,811.0,265.611225
MCD,2026-08-31 16:10:00+00:00,265.65,265.66,265.39,265.485,28678.0,936.0,265.500978
MCD,2026-08-31 16:15:00+00:00,265.47,265.49,265.2701,265.38,22392.0,850.0,265.386234
MCD,2026-08-31 16:20:00+00:00,265.36,265.425,265.17,265.25,24255.0,905.0,265.278411
MCD,2026-08-31 16:25:00+00:00,265.25,265.28,265.15,265.16,24687.0,773.0,265.213452
MCD,2026-08-31 16:30:00+00:00,265.16,265.27,265.12,265.198,20720.0,854.0,265.209196
MCD,2026-08-31 16:35:00+00:00,265.2,265.25,265.06,265.1275,20879.0,738.0,265.149643
MCD,2026-08-31 16:40:00+00:00,265.1399,265.2,265.08,265.17,18691.0,671.0,265.151179
MCD,2026-08-31 16:45:00+00:00,265.17,265.25,265.08,265.215,23571.0,709.0,265.180136
MCD,2026-08-31 16:50:00+00:00,265.2395,265.38,265.2,265.255,25848.0,690.0,265.287553
MCD,2026-08-31 16:55:00+00:00,265.255,265.3,265.1,265.19,35788.0,835.0,265.222781
MCD,2026-08-31 17:00:00+00:00,265.18,265.19,265.075,265.09,21664.0,662.0,265.123814
MCD,2026-08-31 17:05:00+00:00,265.085,265.23,265.0,265.17,46187.0,920.0,265.140124
MCD,2026-08-31 17:10:00+00:00,265.17,265.67,265.17,265.62,27644.0,801.0,265.453346
MCD,2026-08-31 17:15:00+00:00,265.65,265.6719,265.44,265.5,24833.0,717.0,265.565804
MCD,2026-08-31 17:20:00+00:00,265.5,265.55,265.35,265.375,21266.0,662.0,265.455571
MCD,2026-08-31 17:25:00+00:00,265.375,265.375,265.17,265.2539,17318.0,734.0,265.291074
MCD,2026-08-31 17:30:00+00:00,265.23,265.3,265.19,265.295,16876.0,678.0,265.252596
MCD,2026-08-31 17:35:00+00:00,265.33,265.53,265.2649,265.525,27624.0,732.0,265.424899
MCD,2026-08-31 17:40:00+00:00,265.53,265.6599,265.41,265.54,31262.0,786.0,265.53541
MCD,2026-08-31 17:45:00+00:00,265.56,265.73,265.52,265.73,34278.0,843.0,265.624317
MCD,2026-08-31 17:50:00+00:00,265.735,265.85,265.635,265.635,28430.0,1005.0,265.731425
MCD,2026-08-31 17:55:00+00:00,265.7,265.77,265.5001,265.59,29742.0,834.0,265.662151
MCD,2026-08-31 18:00:00+00:00,265.61,265.87,265.5702,265.7501,36082.0,1008.0,265.731024
MCD,2026-08-31 18:05:00+00:00,265.7801,266.07,265.72,265.81,22265.0,1018.0,265.895836
MCD,2026-08-31 18:10:00+00:00,265.78,265.969,265.78,265.92,35171.0,936.0,265.870293
MCD,2026-08-31 18:15:00+00:00,265.78,265.8401,265.38,265.7,96933.0,1718.0,265.495618
MCD,2026-08-31 18:20:00+00:00,265.7,265.7,265.3,265.45,28145.0,827.0,265.503504
MCD,2026-08-31 18:25:00+00:00,265.45,265.58,265.245,265.5132,49397.0,1274.0,265.414921
MCD,2026-08-31 18:30:00+00:00,265.49,265.68,265.45,265.6,34650.0,1003.0,265.573489
MCD,2026-08-31 18:35:00+00:00,265.63,265.8,265.59,265.66,43194.0,1075.0,265.683241
MCD,2026-08-31 18:40:00+00:00,265.655,265.84,265.57,265.58,43477.0,1027.0,265.720028
MCD,2026-08-31 18:45:00+00:00,265.59,265.65,265.37,265.425,24872.0,855.0,265.571191
MCD,2026-08-31 18:50:00+00:00,265.46,265.48,265.2805,265.36,35741.0,1106.0,265.37971
MCD,2026-08-31 18:55:00+00:00,265.34,265.555,265.34,265.54,27253.0,988.0,265.452775
MCD,2026-08-31 19:00:00+00:00,265.52,265.62,265.44,265.445,35940.0,1086.0,265.524735
MCD,2026-08-31 19:05:00+00:00,265.47,265.48,265.215,265.2991,32198.0,1049.0,265.374158
MCD,2026-08-31 19:10:00+00:00,265.3,265.44,265.26,265.39,28826.0,1023.0,265.356558
MCD,2026-08-31 19:15:00+00:00,265.3501,265.73,265.3,265.675,47426.0,1408.0,265.408553
MCD,2026-08-31 19:20:00+00:00,265.675,265.7,265.535,265.62,64309.0,1251.0,265.599296
MCD,2026-08-31 19:25:00+00:00,265.65,265.75,265.525,265.605,59131.0,1317.0,265.654538
MCD,2026-08-31 19:30:00+00:00,265.605,265.745,265.42,265.51,85369.0,1986.0,265.604561
MCD,2026-08-31 19:35:00+00:00,265.51,265.75,265.485,265.54,60461.0,1841.0,265.642814
MCD,2026-08-31 19:40:00+00:00,265.53,265.6499,265.29,265.385,98370.0,2534.0,265.498094
MCD,2026-08-31 19:45:00+00:00,265.38,265.39,264.56,264.59,107995.0,3404.0,265.016352
MCD,2026-08-31 19:50:00+00:00,264.62,265.0,264.25,264.63,207480.0,4579.0,264.640682
MCD,2026-08-31 19:55:00+00:00,264.62,264.785,263.46,263.6,609755.0,13686.0,264.09555
MCD,2026-08-31 20:00:00+00:00,263.61,264.5,263.28,263.9,1210601.0,185.0,263.54089
MCD,2026-08-31 20:05:00+00:00,263.88,264.1,263.85,264.1,20537.0,55.0,263.88184
MCD,2026-08-31 20:10:00+00:00,264.0775,264.5,264.0775,264.08,16620.0,33.0,264.119818
MCD,2026-08-31 20:15:00+00:00,264.2205,264.2205,263.54,264.07,22652.0,43.0,263.556788
MCD,2026-08-31 20:20:00+00:00,264.1,264.2318,264.1,264.2113,2966.0,19.0,264.208457
MCD,2026-08-31 20:25:00+00:00,264.2214,264.2214,264.1944,264.1944,480.0,10.0,264.214373
MCD,2026-08-31 20:30:00+00:00,264.15,264.2128,264.15,264.2128,613.0,6.0,264.183286
MCD,2026-08-31 20:35:00+00:00,264.1232,264.2499,264.1,264.2499,488.0,9.0,264.205089
MCD,2026-08-31 20:40:00+00:00,264.25,264.25,264.25,264.25,580.0,3.0,264.25
MCD,2026-08-31 20:45:00+00:00,264.2,264.2,264.13,264.13,192.0,15.0,264.166528
MCD,2026-08-31 20:50:00+00:00,264.15,264.15,264.15,264.15,334.0,7.0,264.15
MCD,2026-08-31 20:55:00+00:00,264.14,264.14,264.14,264.14,331.0,11.0,264.14
MCD,2026-08-31 21:00:00+00:00,264.07,264.07,264.05,264.05,1560.0,12.0,264.069427
MCD,2026-08-31 21:05:00+00:00,264.059,264.14,264.01,264.0203,9913.0,64.0,264.035071
MCD,2026-08-31 21:15:00+00:00,264.05,264.1,264.04,264.1,1463.0,14.0,264.048986
MCD,2026-08-31 21:20:00+00:00,264.1178,264.1178,264.05,264.05,497.0,6.0,264.103675
MCD,2026-08-31 21:25:00+00:00,264.02,264.04,264.01,264.01,3316.0,19.0,264.021619
MCD,2026-08-31 21:30:00+00:00,264.05,264.05,264.05,264.05,1538.0,6.0,264.05
MCD,2026-08-31 21:35:00+00:00,264.01,264.06,264.01,264.02,641.0,7.0,264.029818
MCD,2026-08-31 21:40:00+00:00,264.02,264.06,264.02,264.02,1965.0,13.0,264.041361
MCD,2026-08-31 21:45:00+00:00,264.02,264.02,264.02,264.02,306.0,2.0,264.02
MCD,2026-08-31 21:50:00+00:00,264.02,264.02,264.02,264.02,315.0,1.0,264.02
MCD,2026-08-31 21:55:00+00:00,264.06,264.09,264.06,264.09,698.0,8.0,264.064219
MCD,2026-08-31 22:05:00+00:00,264.2498,264.2498,264.2487,264.2487,184.0,4.0,264.249189
MCD,2026-08-31 22:10:00+00:00,264.23,264.2486,264.23,264.2486,100.0,3.0,264.239394
MCD,2026-08-31 22:15:00+00:00,264.23,264.23,264.23,264.23,265.0,7.0,264.23
MCD,2026-08-31 22:30:00+00:00,264.2251,264.2251,264.2251,264.2251,50.0,1.0,264.2251
MCD,2026-08-31 22:50:00+00:00,264.04,264.04,264.04,264.04,550.0,2.0,264.04
MCD,2026-08-31 23:00:00+00:00,264.2376,264.2376,264.204,264.204,1052.0,5.0,264.221221
MCD,2026-08-31 23:40:00+00:00,264.518,264.518,264.518,264.518,50.0,1.0,264.518
MCD,2026-08-31 23:45:00+00:00,264.11,264.6978,264.0603,264.6978,8007.0,21.0,264.388422
MCD,2026-08-31 23:50:00+00:00,264.1507,264.1507,264.14,264.14,223.0,9.0,264.147042
MCD,2026-09-01 08:00:00+00:00,263.12,263.12,262.0,262.99,3412.0,378.0,262.732994
MCD,2026-09-01 08:05:00+00:00,263.0,263.0,263.0,263.0,50.0,1.0,263.0
MCD,2026-09-01 08:20:00+00:00,263.0,263.0,263.0,263.0,104.0,5.0,263.0
MCD,2026-09-01 08:25:00+00:00,262.91,262.91,262.61,262.61,285.0,22.0,262.783334
MCD,2026-09-01 08:30:00+00:00,262.71,262.71,262.71,262.71,70.0,2.0,262.71
MCD,2026-09-01 08:35:00+00:00,262.98,262.98,262.98,262.98,223.0,11.0,262.98
MCD,2026-09-01 08:45:00+00:00,262.7,262.7,262.7,262.7,220.0,2.0,262.7
MCD,2026-09-01 08:50:00+00:00,262.7,262.7,262.7,262.7,131.0,7.0,262.7
MCD,2026-09-01 08:55:00+00:00,262.73,262.73,262.73,262.73,42.0,2.0,262.73
MCD,2026-09-01 09:00:00+00:00,263.0,263.0,263.0,263.0,124.0,3.0,263.0
MCD,2026-09-01 09:05:00+00:00,262.71,262.71,262.71,262.71,50.0,1.0,262.71
MCD,2026-09-01 09:10:00+00:00,262.88,262.88,262.87,262.87,133.0,2.0,262.874812
MCD,2026-09-01 09:25:00+00:00,262.86,262.86,262.86,262.86,50.0,2.0,262.86
MCD,2026-09-01 09:45:00+00:00,262.72,262.77,262.71,262.77,267.0,16.0,262.732431
MCD,2026-09-01 09:55:00+00:00,262.55,262.55,262.55,262.55,224.0,4.0,262.55
MCD,2026-09-01 10:05:00+00:00,262.73,262.73,262.73,262.73,58.0,1.0,262.73
MCD,2026-09-01 10:20:00+00:00,262.55,262.55,262.55,262.55,233.0,7.0,262.55
MCD,2026-09-01 10:25:00+00:00,262.61,262.61,262.55,262.56,278.0,10.0,262.570976
MCD,2026-09-01 10:40:00+00:00,262.55,262.55,262.31,262.31,4337.0,64.0,262.321964
MCD,2026-09-01 10:50:00+00:00,262.5,262.5,262.5,262.5,56.0,1.0,262.5
MCD,2026-09-01 11:00:00+00:00,262.54,262.735,262.29,262.7,2283.0,88.0,262.582518
MCD,2026-09-01 11:05:00+00:00,262.76,262.76,262.76,262.76,207.0,16.0,262.76
MCD,2026-09-01 11:10:00+00:00,262.74,262.76,262.72,262.76,1186.0,27.0,262.747334
MCD,2026-09-01 11:15:00+00:00,262.73,262.73,262.7,262.71,1086.0,24.0,262.71547
MCD,2026-09-01 11:20:00+00:00,262.7062,262.7062,262.7,262.7,2012.0,21.0,262.703267
MCD,2026-09-01 11:25:00+00:00,262.7,262.7,262.7,262.7,476.0,11.0,262.7
MCD,2026-09-01 11:30:00+00:00,262.7845,262.7845,262.74,262.75,426.0,13.0,262.75852
MCD,2026-09-01 11:40:00+00:00,262.8,262.8,262.8,262.8,392.0,7.0,262.8
MCD,2026-09-01 11:50:00+00:00,262.79,262.79,262.79,262.79,401.0,8.0,262.79
MCD,2026-09-01 11:55:00+00:00,262.7,262.7,262.7,262.7,150.0,8.0,262.7
MCD,2026-09-01 12:00:00+00:00,262.7,262.7,262.7,262.7,265.0,18.0,262.7
MCD,2026-09-01 12:05:00+00:00,262.7,262.76,262.7,262.7,927.0,39.0,262.740678
MCD,2026-09-01 12:10:00+00:00,262.7,262.85,262.7,262.85,253.0,18.0,262.783333
MCD,2026-09-01 12:15:00+00:00,262.7173,262.76,262.7173,262.76,526.0,7.0,262.752179
MCD,2026-09-01 12:20:00+00:00,262.81,262.89,262.8,262.89,423.0,21.0,262.828537
MCD,2026-09-01 12:25:00+00:00,262.7904,262.9,262.7904,262.9,1093.0,4.0,262.808667
MCD,2026-09-01 12:35:00+00:00,263.0,263.0,263.0,263.0,162.0,7.0,263.0
MCD,2026-09-01 12:40:00+00:00,263.31,263.31,263.31,263.31,54.0,5.0,263.31
MCD,2026-09-01 12:45:00+00:00,263.15,263.31,263.15,263.22,566.0,23.0,263.239189
MCD,2026-09-01 12:50:00+00:00,263.0,263.0,263.0,263.0,147.0,10.0,263.0
MCD,2026-09-01 12:55:00+00:00,263.22,263.22,263.22,263.22,501.0,11.0,263.22
MCD,2026-09-01 13:00:00+00:00,263.39,263.45,263.39,263.45,369.0,19.0,263.418561
MCD,2026-09-01 13:05:00+00:00,263.1,263.5,263.1,263.48,2385.0,41.0,263.473929
MCD,2026-09-01 13:10:00+00:00,263.49,263.66,263.45,263.66,2715.0,49.0,263.508215
MCD,2026-09-01 13:15:00+00:00,263.61,263.61,263.61,263.61,118.0,6.0,263.61
MCD,2026-09-01 13:20:00+00:00,263.49,263.62,263.49,263.62,4183.0,52.0,263.507046
MCD,2026-09-01 13:25:00+00:00,263.42,263.42,263.0,263.0,7043.0,112.0,263.10066
MCD,2026-09-01 13:30:00+00:00,262.97,263.42,261.68,262.17,163887.0,3682.0,262.484575
MCD,2026-09-01 13:35:00+00:00,262.17,262.19,261.39,261.955,65971.0,1975.0,261.696563
MCD,2026-09-01 13:40:00+00:00,261.9401,262.36,261.55,262.11,36115.0,1706.0,261.886049
MCD,2026-09-01 13:45:00+00:00,262.04,262.1,260.74,260.915,47793.0,2377.0,261.296888
MCD,2026-09-01 13:50:00+00:00,260.915,262.05,260.915,261.655,56601.0,1870.0,261.614472
MCD,2026-09-01 13:55:00+00:00,261.655,262.43,261.58,262.38,157934.0,1248.0,261.911311
MCD,2026-09-01 14:00:00+00:00,262.395,262.56,262.21,262.36,38931.0,1422.0,262.336462
MCD,2026-09-01 14:05:00+00:00,262.32,262.32,261.75,261.97,40252.0,1439.0,261.894647
MCD,2026-09-01 14:10:00+00:00,261.94,261.94,261.58,261.87,23127.0,1297.0,261.769753
MCD,2026-09-01 14:15:00+00:00,261.9,262.38,261.75,262.37,32931.0,1234.0,262.123093
MCD,2026-09-01 14:20:00+00:00,262.36,262.65,262.04,262.65,35332.0,1267.0,262.245109
MCD,2026-09-01 14:25:00+00:00,262.71,264.3,262.56,264.26,74845.0,2206.0,263.532381
MCD,2026-09-01 14:30:00+00:00,264.27,264.5,263.93,264.38,61031.0,2013.0,264.302883
MCD,2026-09-01 14:35:00+00:00,264.38,264.4,263.36,263.39,37079.0,1450.0,263.834053
MCD,2026-09-01 14:40:00+00:00,263.385,263.42,262.94,262.96,36974.0,1275.0,263.205548
MCD,2026-09-01 14:45:00+00:00,262.95,262.95,262.25,262.28,31859.0,1167.0,262.557009
MCD,2026-09-01 14:50:00+00:00,262.27,262.38,261.79,262.01,34876.0,1337.0,262.076413
MCD,2026-09-01 14:55:00+00:00,262.01,262.0171,261.4281,261.4281,35805.0,1406.0,261.71768
MCD,2026-09-01 15:00:00+00:00,261.465,261.52,261.15,261.27,28185.0,1277.0,261.301085
MCD,2026-09-01 15:05:00+00:00,261.27,261.5,261.185,261.25,22029.0,1107.0,261.317854
MCD,2026-09-01 15:10:00+00:00,261.245,261.245,260.9,261.0193,48682.0,1834.0,261.076602
MCD,2026-09-01 15:15:00+00:00,261.0199,261.58,260.9,261.485,55036.0,1548.0,261.288509
MCD,2026-09-01 15:20:00+00:00,261.485,261.5169,261.0882,261.09,29299.0,1223.0,261.260799
MCD,2026-09-01 15:25:00+00:00,261.075,261.26,260.9,261.085,29961.0,1280.0,261.09427
MCD,2026-09-01 15:30:00+00:00,261.085,261.4999,261.085,261.36,22116.0,1089.0,261.261456
MCD,2026-09-01 15:35:00+00:00,261.36,261.49,261.215,261.4,24012.0,912.0,261.380706
MCD,2026-09-01 15:40:00+00:00,261.43,261.43,261.04,261.1002,22338.0,1039.0,261.218423
MCD,2026-09-01 15:45:00+00:00,261.14,261.2999,261.08,261.2975,23400.0,947.0,261.144774
MCD,2026-09-01 15:50:00+00:00,261.28,261.35,261.13,261.35,27959.0,1060.0,261.229593
MCD,2026-09-01 15:55:00+00:00,261.345,261.5,261.255,261.495,18096.0,822.0,261.38003
MCD,2026-09-01 16:00:00+00:00,261.495,261.62,261.455,261.565,19136.0,924.0,261.550144
MCD,2026-09-01 16:05:00+00:00,261.58,261.72,261.455,261.57,22765.0,898.0,261.604449
MCD,2026-09-01 16:10:00+00:00,261.57,261.6699,261.23,261.3,38704.0,888.0,261.526795
MCD,2026-09-01 16:15:00+00:00,261.305,261.37,261.1001,261.14,30918.0,847.0,261.221994
MCD,2026-09-01 16:20:00+00:00,261.14,261.16,260.75,261.05,56701.0,1825.0,260.943905
MCD,2026-09-01 16:25:00+00:00,261.06,261.26,260.905,260.905,54225.0,1250.0,261.088042
MCD,2026-09-01 16:30:00+00:00,260.9,261.12,260.89,261.04,21398.0,936.0,261.008579
MCD,2026-09-01 16:35:00+00:00,261.09,261.33,260.9501,261.32,25913.0,954.0,261.146882
MCD,2026-09-01 16:40:00+00:00,261.285,261.59,261.285,261.49,29761.0,893.0,261.471014
MCD,2026-09-01 16:45:00+00:00,261.51,261.51,261.22,261.28,17922.0,721.0,261.37345
MCD,2026-09-01 16:50:00+00:00,261.3,261.33,261.1,261.145,50017.0,944.0,261.195793
MCD,2026-09-01 16:55:00+00:00,261.14,261.345,261.14,261.2501,15869.0,689.0,261.240282
MCD,2026-09-01 17:00:00+00:00,261.3,261.355,261.2,261.24,22092.0,718.0,261.266656
MCD,2026-09-01 17:05:00+00:00,261.27,261.51,261.235,261.305,23482.0,693.0,261.40337
MCD,2026-09-01 17:10:00+00:00,261.295,261.58,261.29,261.525,13241.0,743.0,261.395036
MCD,2026-09-01 17:15:00+00:00,261.5165,261.63,261.43,261.57,11476.0,625.0,261.527944
MCD,2026-09-01 17:20:00+00:00,261.53,261.625,261.435,261.465,16397.0,727.0,261.51352
MCD,2026-09-01 17:25:00+00:00,261.465,261.67,261.4,261.59,18846.0,849.0,261.56361
MCD,2026-09-01 17:30:00+00:00,261.55,261.85,261.38,261.78,25503.0,984.0,261.593097
MCD,2026-09-01 17:35:00+00:00,261.76,262.0,261.73,261.98,26044.0,856.0,261.894176
MCD,2026-09-01 17:40:00+00:00,261.99,262.19,261.95,262.115,22477.0,919.0,262.056491
MCD,2026-09-01 17:45:00+00:00,262.09,262.1,261.95,261.97,19312.0,832.0,262.022471
MCD,2026-09-01 17:50:00+00:00,261.96,262.13,261.91,262.015,23031.0,1010.0,262.022286
MCD,2026-09-01 17:55:00+00:00,262.04,262.26,262.0,262.245,34728.0,828.0,262.150207
MCD,2026-09-01 18:00:00+00:00,262.23,262.32,261.93,262.05,16607.0,777.0,262.07838
MCD,2026-09-01 18:05:00+00:00,262.03,262.1799,261.94,262.1799,41379.0,1227.0,262.000289
MCD,2026-09-01 18:10:00+00:00,262.149,262.235,262.06,262.075,23819.0,822.0,262.138222
MCD,2026-09-01 18:15:00+00:00,262.075,262.32,262.0,262.1201,29607.0,973.0,262.136922
MCD,2026-09-01 18:20:00+00:00,262.15,262.24,261.92,262.0,26072.0,760.0,262.095341
MCD,2026-09-01 18:25:00+00:00,261.96,262.13,261.925,262.005,23863.0,824.0,262.006134
MCD,2026-09-01 18:30:00+00:00,262.005,262.0699,261.78,261.855,24811.0,867.0,261.871221
MCD,2026-09-01 18:35:00+00:00,261.82,261.92,261.63,261.66,20609.0,841.0,261.834421
MCD,2026-09-01 18:40:00+00:00,261.685,261.74,261.43,261.435,28866.0,983.0,261.613396
MCD,2026-09-01 18:45:00+00:00,261.435,261.61,261.4,261.5,24528.0,948.0,261.501782
MCD,2026-09-01 18:50:00+00:00,261.4901,261.53,261.42,261.515,33344.0,914.0,261.479081
MCD,2026-09-01 18:55:00+00:00,261.51,261.73,261.48,261.695,38138.0,1053.0,261.589936
MCD,2026-09-01 19:00:00+00:00,261.695,261.74,261.4701,261.695,27210.0,959.0,261.605923
MCD,2026-09-01 19:05:00+00:00,261.695,261.695,261.465,261.62,24538.0,864.0,261.567551
MCD,2026-09-01 19:10:00+00:00,261.62,261.65,261.435,261.435,31662.0,882.0,261.57038
MCD,2026-09-01 19:15:00+00:00,261.45,261.54,261.42,261.5,33454.0,1003.0,261.488401
MCD,2026-09-01 19:20:00+00:00,261.51,261.68,261.4501,261.5444,27842.0,1103.0,261.593111
MCD,2026-09-01 19:25:00+00:00,261.545,261.575,261.4377,261.5401,34899.0,984.0,261.499542
MCD,2026-09-01 19:30:00+00:00,261.54,261.635,261.37,261.53,51478.0,1442.0,261.503171
MCD,2026-09-01 19:35:00+00:00,261.52,261.63,261.37,261.46,45507.0,1388.0,261.492065
MCD,2026-09-01 19:40:00+00:00,261.48,261.605,261.3,261.605,52249.0,1599.0,261.453348
MCD,2026-09-01 19:45:00+00:00,261.61,261.79,261.56,261.57,46212.0,1594.0,261.65681
MCD,2026-09-01 19:50:00+00:00,261.58,261.71,260.93,261.36,127498.0,3774.0,261.315572
MCD,2026-09-01 19:55:00+00:00,261.375,261.405,260.81,261.22,301994.0,8073.0,261.093142
MCD,2026-09-01 20:00:00+00:00,261.11,261.11,261.11,261.11,519890.0,95.0,261.11
MCD,2026-09-01 20:10:00+00:00,261.89,261.89,261.24,261.24,720.0,7.0,261.312222
MCD,2026-09-01 20:15:00+00:00,261.2803,261.3,261.24,261.3,268.0,15.0,261.281792
MCD,2026-09-01 20:20:00+00:00,261.4245,261.4245,261.4245,261.4245,102.0,2.0,261.4245
MCD,2026-09-01 20:50:00+00:00,261.35,261.35,261.32,261.32,203.0,12.0,261.341429
MCD,2026-09-01 21:00:00+00:00,261.3356,261.3356,261.3356,261.3356,103.0,4.0,261.3356
MCD,2026-09-01 21:05:00+00:00,261.35,261.35,261.35,261.35,421.0,7.0,261.35
MCD,2026-09-01 21:15:00+00:00,261.33,261.33,261.33,261.33,100.0,10.0,261.33
MCD,2026-09-01 21:20:00+00:00,261.8,261.8,261.7453,261.7453,1395.0,2.0,261.747261
MCD,2026-09-01 21:40:00+00:00,261.34,261.34,261.34,261.34,200.0,16.0,261.34
MCD,2026-09-01 22:00:00+00:00,261.4,261.4,261.351,261.351,186.0,4.0,261.361889
MCD,2026-09-01 22:05:00+00:00,261.3514,261.3514,261.35,261.35,273.0,7.0,261.350817
MCD,2026-09-01 22:40:00+00:00,261.3017,261.35,261.3017,261.35,523.0,5.0,261.340751
MCD,2026-09-01 22:50:00+00:00,261.43,261.43,261.43,261.43,252.0,4.0,261.43
MCD,2026-09-01 22:55:00+00:00,261.43,261.43,261.43,261.43,40.0,1.0,261.43
MCD,2026-09-01 23:05:00+00:00,261.48,261.49,261.48,261.49,100.0,3.0,261.485
MCD,2026-09-01 23:15:00+00:00,261.48,261.49,261.48,261.49,100.0,3.0,261.485556
MCD,2026-09-01 23:20:00+00:00,261.4793,261.49,261.41,261.41,563.0,22.0,261.468524
MCD,2026-09-01 23:40:00+00:00,261.39,261.4,261.31,261.31,791.0,19.0,261.365421
MCD,2026-09-01 23:50:00+00:00,261.37,261.37,261.37,261.37,116.0,4.0,261.37
MCD,2026-09-01 23:55:00+00:00,261.32,261.3919,261.32,261.3919,317.0,6.0,261.343967
MCD,2026-09-02 08:00:00+00:00,261.4,261.74,261.34,261.74,1280.0,131.0,261.586009
MCD,2026-09-02 08:40:00+00:00,261.47,261.47,261.47,261.47,83.0,4.0,261.47
MCD,2026-09-02 08:45:00+00:00,261.47,261.47,261.39,261.39,522.0,19.0,261.45302
MCD,2026-09-02 08:55:00+00:00,261.5,261.5,261.5,261.5,61.0,2.0,261.5
MCD,2026-09-02 09:05:00+00:00,261.45,261.6,261.3,261.6,607.0,28.0,261.458255
MCD,2026-09-02 09:10:00+00:00,261.58,261.58,261.58,261.58,172.0,2.0,261.58
MCD,2026-09-02 09:25:00+00:00,261.46,261.46,261.46,261.46,171.0,1.0,261.46
MCD,2026-09-02 09:35:00+00:00,261.55,261.55,261.55,261.55,45.0,2.0,261.55
MCD,2026-09-02 09:50:00+00:00,261.5302,261.5302,261.5302,261.5302,100.0,1.0,261.5302
MCD,2026-09-02 09:55:00+00:00,261.5302,261.5302,261.5302,261.5302,41.0,2.0,261.5302
MCD,2026-09-02 10:15:00+00:00,261.42,261.42,261.42,261.42,118.0,5.0,261.42
MCD,2026-09-02 10:35:00+00:00,261.54,261.59,261.54,261.59,600.0,22.0,261.573914
MCD,2026-09-02 10:50:00+00:00,261.48,261.48,261.48,261.48,180.0,7.0,261.48
MCD,2026-09-02 10:55:00+00:00,261.55,261.5868,261.55,261.5868,593.0,26.0,261.565752
MCD,2026-09-02 11:00:00+00:00,261.48,261.6,261.48,261.6,548.0,37.0,261.507692
MCD,2026-09-02 11:05:00+00:00,261.73,261.95,261.54,261.95,1012.0,35.0,261.801418
MCD,2026-09-02 11:10:00+00:00,261.95,262.16,261.8015,262.0,1791.0,70.0,261.99299
MCD,2026-09-02 11:15:00+00:00,262.01,262.04,261.7511,261.7511,2441.0,19.0,262.009391
MCD,2026-09-02 11:25:00+00:00,261.8081,261.9,261.7625,261.7625,526.0,6.0,261.818574
MCD,2026-09-02 11:30:00+00:00,261.96,262.02,261.96,262.02,353.0,17.0,261.981118
MCD,2026-09-02 11:35:00+00:00,262.1759,262.1759,261.76,261.76,756.0,19.0,262.149724
MCD,2026-09-02 11:55:00+00:00,262.2,262.2,262.2,262.2,605.0,33.0,262.2
MCD,2026-09-02 12:10:00+00:00,262.09,262.36,261.76,262.17,1019.0,56.0,262.044976
MCD,2026-09-02 12:20:00+00:00,261.97,262.02,261.76,261.76,1282.0,41.0,261.893257
MCD,2026-09-02 12:25:00+00:00,262.0,262.0,261.75,261.75,154.0,5.0,261.845833
MCD,2026-09-02 12:30:00+00:00,262.0,262.0,262.0,262.0,50.0,1.0,262.0
MCD,2026-09-02 12:35:00+00:00,262.3127,262.3127,262.3127,262.3127,40.0,1.0,262.3127
MCD,2026-09-02 12:40:00+00:00,262.13,262.13,262.13,262.13,67.0,3.0,262.13
MCD,2026-09-02 12:45:00+00:00,262.21,262.21,262.21,262.21,158.0,10.0,262.21
MCD,2026-09-02 12:50:00+00:00,262.21,262.22,262.21,262.22,166.0,11.0,262.214792
MCD,2026-09-02 12:55:00+00:00,262.22,262.22,262.22,262.22,111.0,12.0,262.22
MCD,2026-09-02 13:10:00+00:00,262.3,262.3,262.29,262.29,136.0,7.0,262.296154
MCD,2026-09-02 13:15:00+00:00,262.35,262.35,262.35,262.35,140.0,8.0,262.35
MCD,2026-09-02 13:20:00+00:00,262.0,262.01,262.0,262.0,822.0,18.0,262.002535
MCD,2026-09-02 13:25:00+00:00,262.01,262.33,261.46,261.46,2614.0,92.0,261.815367
MCD,2026-09-02 13:30:00+00:00,261.96,262.25,260.93,261.41,82686.0,2577.0,261.754976
MCD,2026-09-02 13:35:00+00:00,261.5,261.68,261.21,261.505,54187.0,2000.0,261.428495
MCD,2026-09-02 13:40:00+00:00,261.4883,261.63,261.2,261.4255,32249.0,1224.0,261.37122
MCD,2026-09-02 13:45:00+00:00,261.555,261.86,261.37,261.425,56036.0,1780.0,261.670398
MCD,2026-09-02 13:50:00+00:00,261.381,262.56,261.26,262.415,41398.0,1609.0,262.008095
MCD,2026-09-02 13:55:00+00:00,262.43,262.5,261.34,261.43,36263.0,1241.0,261.86001
MCD,2026-09-02 14:00:00+00:00,261.43,261.83,261.34,261.64,38908.0,1568.0,261.525516
MCD,2026-09-02 14:05:00+00:00,261.6,261.61,260.81,260.92,34483.0,1502.0,261.119422
MCD,2026-09-02 14:10:00+00:00,260.87,261.07,260.69,260.93,46610.0,1797.0,260.811359
MCD,2026-09-02 14:15:00+00:00,261.0107,261.4,260.83,261.137,27015.0,1081.0,261.180002
MCD,2026-09-02 14:20:00+00:00,261.17,261.463,261.17,261.336,31773.0,1029.0,261.282745
MCD,2026-09-02 14:25:00+00:00,261.28,261.43,261.2,261.25,32568.0,1230.0,261.294758
MCD,2026-09-02 14:30:00+00:00,261.22,261.45,261.1401,261.33,24914.0,1187.0,261.29536
MCD,2026-09-02 14:35:00+00:00,261.29,261.52,261.13,261.48,28510.0,1009.0,261.311242
MCD,2026-09-02 14:40:00+00:00,261.45,261.59,261.27,261.34,22129.0,961.0,261.370818
MCD,2026-09-02 14:45:00+00:00,261.345,261.495,261.23,261.49,17695.0,960.0,261.335159
MCD,2026-09-02 14:50:00+00:00,261.47,261.91,261.44,261.875,39926.0,1388.0,261.684662
MCD,2026-09-02 14:55:00+00:00,261.84,262.0325,261.7128,261.88,33950.0,1166.0,261.890474
MCD,2026-09-02 15:00:00+00:00,261.84,262.356,261.84,262.356,22180.0,1017.0,262.053448
MCD,2026-09-02 15:05:00+00:00,262.34,262.37,261.91,261.98,24238.0,964.0,262.137499
MCD,2026-09-02 15:10:00+00:00,262.05,262.555,262.04,262.555,20465.0,1027.0,262.355121
MCD,2026-09-02 15:15:00+00:00,262.58,262.69,262.525,262.59,21859.0,1003.0,262.607275
MCD,2026-09-02 15:20:00+00:00,262.59,262.7752,262.36,262.51,23346.0,984.0,262.53708
MCD,2026-09-02 15:25:00+00:00,262.5,262.6676,262.46,262.65,24736.0,1106.0,262.551878
MCD,2026-09-02 15:30:00+00:00,262.64,262.66,262.15,262.15,18732.0,943.0,262.496819
MCD,2026-09-02 15:35:00+00:00,262.14,262.25,261.86,261.91,21361.0,1102.0,262.056849
MCD,2026-09-02 15:40:00+00:00,261.91,261.91,261.5,261.5,17968.0,943.0,261.666021
MCD,2026-09-02 15:45:00+00:00,261.46,261.54,261.355,261.47,19470.0,983.0,261.453562
MCD,2026-09-02 15:50:00+00:00,261.48,261.55,261.25,261.52,20398.0,911.0,261.422238
MCD,2026-09-02 15:55:00+00:00,261.56,261.79,261.51,261.62,16434.0,921.0,261.621537
MCD,2026-09-02 16:00:00+00:00,261.61,261.61,261.37,261.51,21004.0,742.0,261.544027
MCD,2026-09-02 16:05:00+00:00,261.55,261.69,261.51,261.67,14815.0,850.0,261.603793
MCD,2026-09-02 16:10:00+00:00,261.68,261.78,261.6,261.715,17035.0,801.0,261.678634
MCD,2026-09-02 16:15:00+00:00,261.7,261.94,261.61,261.73,16619.0,792.0,261.767013
MCD,2026-09-02 16:20:00+00:00,261.735,261.905,261.71,261.88,15096.0,768.0,261.793116
MCD,2026-09-02 16:25:00+00:00,261.9,262.0585,261.7,261.705,88672.0,1514.0,261.891034
MCD,2026-09-02 16:30:00+00:00,261.705,261.87,261.68,261.805,22549.0,871.0,261.784639
MCD,2026-09-02 16:35:00+00:00,261.8008,261.8399,261.72,261.78,12047.0,639.0,261.768043
MCD,2026-09-02 16:40:00+00:00,261.79,261.81,261.43,261.47,23643.0,830.0,261.549144
MCD,2026-09-02 16:45:00+00:00,261.4301,261.51,261.25,261.4,29802.0,1089.0,261.386525
MCD,2026-09-02 16:50:00+00:00,261.41,261.72,261.4,261.675,20517.0,850.0,261.580362
MCD,2026-09-02 16:55:00+00:00,261.65,261.65,261.28,261.38,19750.0,925.0,261.417376
MCD,2026-09-02 17:00:00+00:00,261.38,261.4,261.25,261.33,15919.0,821.0,261.322505
MCD,2026-09-02 17:05:00+00:00,261.35,261.73,261.28,261.59,41253.0,1135.0,261.526165
MCD,2026-09-02 17:10:00+00:00,261.64,261.64,261.19,261.19,19751.0,847.0,261.358321
MCD,2026-09-02 17:15:00+00:00,261.19,261.41,261.13,261.19,23662.0,847.0,261.254131
MCD,2026-09-02 17:20:00+00:00,261.185,261.27,261.085,261.165,24597.0,944.0,261.157054
MCD,2026-09-02 17:25:00+00:00,261.14,261.19,261.04,261.04,38330.0,1179.0,261.121994
MCD,2026-09-02 17:30:00+00:00,261.0201,261.055,260.4,260.47,61019.0,2483.0,260.716922
MCD,2026-09-02 17:35:00+00:00,260.47,260.635,260.4,260.635,38911.0,1407.0,260.526353
MCD,2026-09-02 17:40:00+00:00,260.625,260.98,260.59,260.93,40245.0,1323.0,260.764753
MCD,2026-09-02 17:45:00+00:00,260.93,261.08,260.87,260.9187,22243.0,951.0,261.005653
MCD,2026-09-02 17:50:00+00:00,260.905,261.16,260.905,261.16,27171.0,1262.0,261.021817
MCD,2026-09-02 17:55:00+00:00,261.165,261.47,261.13,261.415,27303.0,939.0,261.311401
MCD,2026-09-02 18:00:00+00:00,261.41,261.47,261.2101,261.345,28768.0,874.0,261.328055
MCD,2026-09-02 18:05:00+00:00,261.31,261.37,261.2001,261.37,15418.0,826.0,261.286635
MCD,2026-09-02 18:10:00+00:00,261.35,261.35,261.21,261.235,17440.0,810.0,261.297838
MCD,2026-09-02 18:15:00+00:00,261.24,261.55,261.22,261.395,28136.0,1094.0,261.378013
MCD,2026-09-02 18:20:00+00:00,261.37,261.412,261.0701,261.19,42309.0,1037.0,261.181744
MCD,2026-09-02 18:25:00+00:00,261.2095,261.22,261.07,261.0782,15972.0,742.0,261.135411
MCD,2026-09-02 18:30:00+00:00,261.08,261.23,261.08,261.17,16538.0,869.0,261.155665
MCD,2026-09-02 18:35:00+00:00,261.15,261.185,260.97,261.035,21629.0,938.0,261.073808
MCD,2026-09-02 18:40:00+00:00,261.06,261.08,260.85,260.98,25055.0,1179.0,260.973345
MCD,2026-09-02 18:45:00+00:00,260.95,260.99,260.72,260.805,37977.0,1218.0,260.821317
MCD,2026-09-02 18:50:00+00:00,260.79,260.88,260.6,260.8,40362.0,1260.0,260.74138
MCD,2026-09-02 18:55:00+00:00,260.815,260.85,260.66,260.705,26290.0,1004.0,260.762813
MCD,2026-09-02 19:00:00+00:00,260.705,260.71,260.53,260.53,26462.0,1039.0,260.635596
MCD,2026-09-02 19:05:00+00:00,260.53,260.57,260.32,260.39,49296.0,1638.0,260.411757
MCD,2026-09-02 19:10:00+00:00,260.41,260.48,260.26,260.305,34823.0,1255.0,260.351463
MCD,2026-09-02 19:15:00+00:00,260.315,260.34,260.19,260.26,43406.0,1538.0,260.256637
MCD,2026-09-02 19:20:00+00:00,260.26,260.375,260.18,260.3009,29572.0,1301.0,260.27455
MCD,2026-09-02 19:25:00+00:00,260.3159,260.38,260.21,260.3799,39867.0,1394.0,260.311904
MCD,2026-09-02 19:30:00+00:00,260.38,260.4759,260.22,260.34,400856.0,1557.0,260.353347
MCD,2026-09-02 19:35:00+00:00,260.36,260.54,260.3,260.44,45670.0,1628.0,260.448807
MCD,2026-09-02 19:40:00+00:00,260.45,260.63,260.4301,260.475,49685.0,1922.0,260.540683
MCD,2026-09-02 19:45:00+00:00,260.475,260.54,260.39,260.51,63991.0,2113.0,260.454241
MCD,2026-09-02 19:50:00+00:00,260.48,260.79,260.41,260.78,92109.0,2760.0,260.607196
MCD,2026-09-02 19:55:00+00:00,260.77,261.02,260.595,260.76,273069.0,7712.0,260.764483
MCD,2026-09-02 20:00:00+00:00,260.76,260.95,260.75,260.9,1868943.0,171.0,260.949964
MCD,2026-09-02 20:05:00+00:00,260.9,260.9,260.9,260.9,26149.0,2.0,260.9
MCD,2026-09-02 20:10:00+00:00,260.95,260.95,260.95,260.95,96519.0,10.0,260.95
MCD,2026-09-02 20:15:00+00:00,260.92,261.0,260.92,261.0,1255.0,33.0,260.923658
MCD,2026-09-02 20:20:00+00:00,261.27,261.27,260.8751,260.8751,836.0,13.0,261.006733
MCD,2026-09-02 20:25:00+00:00,260.9795,260.9795,260.95,260.95,713.0,9.0,260.963209
MCD,2026-09-02 20:30:00+00:00,260.91,260.93,260.9,260.92,1081.0,39.0,260.908972
MCD,2026-09-02 20:35:00+00:00,261.0,261.0,261.0,261.0,231.0,8.0,261.0
MCD,2026-09-02 21:05:00+00:00,260.93,260.93,260.93,260.93,80.0,5.0,260.93
MCD,2026-09-02 21:15:00+00:00,260.96,260.96,260.9,260.91,436.0,33.0,260.912744
MCD,2026-09-02 21:20:00+00:00,260.95,260.95,260.81,260.81,1350.0,16.0,260.921478
MCD,2026-09-02 21:25:00+00:00,260.9,261.09,260.9,261.09,1349.0,19.0,261.040083
MCD,2026-09-02 21:35:00+00:00,261.2,261.2,261.2,261.2,99.0,5.0,261.2
MCD,2026-09-02 21:40:00+00:00,261.1,261.1,261.1,261.1,48.0,2.0,261.1
MCD,2026-09-02 21:50:00+00:00,260.96,260.96,260.96,260.96,51.0,6.0,260.96
MCD,2026-09-02 21:55:00+00:00,260.96,260.97,260.95,260.95,2211.0,20.0,260.95799
MCD,2026-09-02 22:05:00+00:00,261.0,261.0,261.0,261.0,461.0,5.0,261.0
MCD,2026-09-02 22:10:00+00:00,261.0,261.01,261.0,261.01,200.0,2.0,261.005
MCD,2026-09-02 22:15:00+00:00,261.0,261.0,261.0,261.0,100.0,4.0,261.0
MCD,2026-09-02 22:20:00+00:00,261.01,261.01,261.01,261.01,307.0,7.0,261.01
MCD,2026-09-02 22:25:00+00:00,261.05,261.05,261.05,261.05,73.0,2.0,261.05
MCD,2026-09-02 22:30:00+00:00,261.01,261.05,261.01,261.05,148.0,6.0,261.038571
MCD,2026-09-02 22:55:00+00:00,260.97,260.9701,260.97,260.9701,101.0,4.0,260.97005
MCD,2026-09-02 23:00:00+00:00,260.99,260.99,260.99,260.99,298.0,2.0,260.99
MCD,2026-09-02 23:05:00+00:00,260.99,260.99,260.99,260.99,98.0,2.0,260.99
MCD,2026-09-02 23:15:00+00:00,261.2,261.2,261.2,261.2,78.0,5.0,261.2
MCD,2026-09-02 23:25:00+00:00,261.01,261.01,261.0,261.0,200.0,2.0,261.002
MCD,2026-09-02 23:30:00+00:00,261.08,261.08,261.08,261.08,105.0,2.0,261.08
MCD,2026-09-02 23:35:00+00:00,260.97,260.97,260.88,260.88,1297.0,32.0,260.925306
MCD,2026-09-03 08:00:00+00:00,261.0,261.52,260.95,261.02,3218.0,212.0,261.228458
MCD,2026-09-03 08:15:00+00:00,261.52,261.52,261.52,261.52,41.0,2.0,261.52
MCD,2026-09-03 08:20:00+00:00,261.75,261.75,261.75,261.75,50.0,1.0,261.75
MCD,2026-09-03 09:35:00+00:00,261.65,261.68,261.65,261.68,233.0,18.0,261.66
MCD,2026-09-03 09:40:00+00:00,261.72,261.72,261.72,261.72,74.0,3.0,261.72
MCD,2026-09-03 09:45:00+00:00,261.64,261.64,261.64,261.64,55.0,4.0,261.64
MCD,2026-09-03 09:50:00+00:00,261.65,261.65,261.65,261.65,200.0,3.0,261.65
MCD,2026-09-03 10:00:00+00:00,261.66,261.66,261.58,261.58,400.0,5.0,261.615569
MCD,2026-09-03 10:05:00+00:00,261.65,261.65,261.65,261.65,242.0,5.0,261.65
MCD,2026-09-03 10:20:00+00:00,261.67,261.67,261.67,261.67,91.0,3.0,261.67
MCD,2026-09-03 10:25:00+00:00,261.69,261.69,261.69,261.69,50.0,3.0,261.69
MCD,2026-09-03 10:35:00+00:00,261.68,261.68,261.68,261.68,108.0,3.0,261.68
MCD,2026-09-03 10:50:00+00:00,261.59,261.6,261.59,261.6,174.0,3.0,261.594471
MCD,2026-09-03 10:55:00+00:00,261.6,261.6,261.58,261.58,805.0,42.0,261.594888
MCD,2026-09-03 11:00:00+00:00,261.5,261.5,261.5,261.5,270.0,51.0,261.5
MCD,2026-09-03 11:05:00+00:00,261.47,261.47,261.47,261.47,132.0,23.0,261.47
MCD,2026-09-03 11:25:00+00:00,261.41,261.41,261.41,261.41,174.0,9.0,261.41
MCD,2026-09-03 11:30:00+00:00,261.41,261.41,261.33,261.35,907.0,35.0,261.353571
MCD,2026-09-03 11:40:00+00:00,261.31,261.31,261.3,261.3,165.0,4.0,261.305752
MCD,2026-09-03 11:55:00+00:00,261.28,261.28,261.28,261.28,51.0,3.0,261.28
MCD,2026-09-03 12:05:00+00:00,261.3,261.3,261.3,261.3,40.0,1.0,261.3
MCD,2026-09-03 12:10:00+00:00,261.3,261.3,261.3,261.3,151.0,9.0,261.3
MCD,2026-09-03 12:30:00+00:00,261.45,261.45,261.45,261.45,408.0,36.0,261.45
MCD,2026-09-03 12:35:00+00:00,261.65,261.71,261.65,261.71,260.0,9.0,261.68
MCD,2026-09-03 12:45:00+00:00,261.6,261.6,261.49,261.5,411.0,24.0,261.525562
MCD,2026-09-03 12:50:00+00:00,261.47,261.52,261.47,261.52,1155.0,24.0,261.492353
MCD,2026-09-03 12:55:00+00:00,261.52,261.52,261.379,261.4,1251.0,26.0,261.435347
MCD,2026-09-03 13:00:00+00:00,261.32,261.32,261.3,261.3,437.0,24.0,261.303175
MCD,2026-09-03 13:05:00+00:00,261.3,261.3916,261.3,261.3,436.0,11.0,261.326322
MCD,2026-09-03 13:10:00+00:00,261.35,261.35,261.3,261.3,387.0,9.0,261.321552
MCD,2026-09-03 13:20:00+00:00,261.4443,261.49,261.34,261.432,1534.0,27.0,261.437946
MCD,2026-09-03 13:25:00+00:00,261.37,261.85,261.3387,261.3387,2046.0,66.0,261.595724
MCD,2026-09-03 13:30:00+00:00,261.57,262.09,260.71,261.26,124191.0,3221.0,261.453865
MCD,2026-09-03 13:35:00+00:00,261.26,261.54,259.44,259.44,117393.0,5101.0,260.342612
MCD,2026-09-03 13:40:00+00:00,259.47,259.8899,259.3,259.39,72338.0,3082.0,259.603787
MCD,2026-09-03 13:45:00+00:00,259.48,259.74,258.14,258.2007,120609.0,4970.0,258.80972
MCD,2026-09-03 13:50:00+00:00,258.19,258.6199,258.08,258.17,97280.0,3545.0,258.277431
MCD,2026-09-03 13:55:00+00:00,258.27,258.58,258.12,258.2,66597.0,2647.0,258.373947
MCD,2026-09-03 14:00:00+00:00,258.22,258.417,257.14,257.17,105556.0,5136.0,257.758143
MCD,2026-09-03 14:05:00+00:00,257.14,257.32,256.66,256.8601,117599.0,4691.0,256.980734
MCD,2026-09-03 14:10:00+00:00,256.87,257.31,256.82,257.0,80648.0,2901.0,257.015255
MCD,2026-09-03 14:15:00+00:00,256.98,257.1843,256.77,257.0772,77737.0,2532.0,256.956339
MCD,2026-09-03 14:20:00+00:00,257.07,257.3899,256.88,256.895,59271.0,2270.0,257.121497
MCD,2026-09-03 14:25:00+00:00,256.86,256.86,256.4,256.79,82734.0,4159.0,256.596597
MCD,2026-09-03 14:30:00+00:00,256.765,256.88,256.4,256.4925,67828.0,2360.0,256.599327
MCD,2026-09-03 14:35:00+00:00,256.44,256.565,256.121,256.41,77989.0,2839.0,256.333257
MCD,2026-09-03 14:40:00+00:00,256.4485,256.7,256.37,256.495,36345.0,1792.0,256.516486
MCD,2026-09-03 14:45:00+00:00,256.485,256.965,256.415,256.93,34639.0,1678.0,256.707265
MCD,2026-09-03 14:50:00+00:00,256.9066,257.015,256.5,256.69,76310.0,2497.0,256.743084
MCD,2026-09-03 14:55:00+00:00,256.67,256.9848,256.435,256.825,68328.0,2485.0,256.679371
MCD,2026-09-03 15:00:00+00:00,256.815,257.48,256.75,257.46,60429.0,1921.0,257.154754
MCD,2026-09-03 15:05:00+00:00,257.5,258.06,257.5,257.94,76037.0,2021.0,257.809881
MCD,2026-09-03 15:10:00+00:00,257.955,258.08,257.715,257.865,38120.0,1521.0,257.937136
MCD,2026-09-03 15:15:00+00:00,257.865,258.17,257.72,258.115,42894.0,1590.0,257.916502
MCD,2026-09-03 15:20:00+00:00,258.14,258.6,257.9401,258.5299,42312.0,1469.0,258.221054
MCD,2026-09-03 15:25:00+00:00,258.46,258.55,258.32,258.42,32133.0,1278.0,258.420801
MCD,2026-09-03 15:30:00+00:00,258.435,258.8,258.405,258.7,44268.0,1564.0,258.587543
MCD,2026-09-03 15:35:00+00:00,258.72,258.8,258.5101,258.7119,46761.0,1379.0,258.657291
MCD,2026-09-03 15:40:00+00:00,258.75,258.95,258.66,258.84,46845.0,1400.0,258.812036
MCD,2026-09-03 15:45:00+00:00,258.7701,258.92,258.56,258.835,41554.0,1340.0,258.751832
MCD,2026-09-03 15:50:00+00:00,258.83,259.15,258.78,258.78,52922.0,1598.0,258.970976
MCD,2026-09-03 15:55:00+00:00,258.805,259.15,258.69,259.095,41904.0,1395.0,258.842098
MCD,2026-09-03 16:00:00+00:00,259.08,259.21,258.585,258.585,39798.0,1337.0,258.903839
MCD,2026-09-03 16:05:00+00:00,258.602,258.602,258.27,258.27,31781.0,1263.0,258.398969
MCD,2026-09-03 16:10:00+00:00,258.28,258.35,258.07,258.27,32652.0,1210.0,258.225013
MCD,2026-09-03 16:15:00+00:00,258.215,258.46,258.16,258.16,45190.0,1134.0,258.290279
MCD,2026-09-03 16:20:00+00:00,258.13,258.56,258.12,258.41,29296.0,1252.0,258.41047
MCD,2026-09-03 16:25:00+00:00,258.41,258.56,258.22,258.5012,44319.0,1407.0,258.394965
MCD,2026-09-03 16:30:00+00:00,258.525,258.65,258.43,258.485,32538.0,1051.0,258.538755
MCD,2026-09-03 16:35:00+00:00,258.487,258.825,258.4301,258.775,44523.0,1308.0,258.582267
MCD,2026-09-03 16:40:00+00:00,258.765,258.83,258.56,258.66,27436.0,938.0,258.700321
MCD,2026-09-03 16:45:00+00:00,258.63,258.92,258.63,258.885,21016.0,973.0,258.76881
MCD,2026-09-03 16:50:00+00:00,258.89,259.01,258.8785,258.97,24876.0,1025.0,258.952471
MCD,2026-09-03 16:55:00+00:00,258.93,259.02,258.9,258.9483,22524.0,855.0,258.953842
MCD,2026-09-03 17:00:00+00:00,258.95,259.01,258.9001,258.935,20168.0,823.0,258.954803
MCD,2026-09-03 17:05:00+00:00,258.9,259.04,258.87,258.94,22627.0,939.0,258.961082
MCD,2026-09-03 17:10:00+00:00,258.935,259.03,258.91,259.03,19976.0,810.0,258.950142
MCD,2026-09-03 17:15:00+00:00,259.01,259.155,259.01,259.045,30324.0,892.0,259.06779
MCD,2026-09-03 17:20:00+00:00,259.04,259.22,259.01,259.22,22280.0,769.0,259.076389
MCD,2026-09-03 17:25:00+00:00,259.2,259.3,259.1,259.28,28955.0,1044.0,259.165412
MCD,2026-09-03 17:30:00+00:00,259.28,259.3187,259.08,259.08,24619.0,1069.0,259.211196
MCD,2026-09-03 17:35:00+00:00,259.12,259.29,259.04,259.29,29271.0,1040.0,259.18983
MCD,2026-09-03 17:40:00+00:00,259.2999,259.37,259.15,259.17,28769.0,994.0,259.228811
MCD,2026-09-03 17:45:00+00:00,259.15,259.17,259.03,259.165,22360.0,1022.0,259.107922
MCD,2026-09-03 17:50:00+00:00,259.16,259.27,259.06,259.27,17692.0,782.0,259.167327
MCD,2026-09-03 17:55:00+00:00,259.22,259.45,259.17,259.415,27209.0,841.0,259.286542
MCD,2026-09-03 18:00:00+00:00,259.43,259.58,259.41,259.51,22512.0,838.0,259.493791
MCD,2026-09-03 18:05:00+00:00,259.51,259.54,259.3401,259.525,28611.0,1028.0,259.45366
MCD,2026-09-03 18:10:00+00:00,259.525,259.57,259.38,259.395,20990.0,757.0,259.512854
MCD,2026-09-03 18:15:00+00:00,259.38,259.77,259.37,259.77,44278.0,1168.0,259.578695
MCD,2026-09-03 18:20:00+00:00,259.79,259.82,259.6301,259.67,23932.0,819.0,259.711538
MCD,2026-09-03 18:25:00+00:00,259.67,259.92,259.65,259.77,30934.0,1164.0,259.790638
MCD,2026-09-03 18:30:00+00:00,259.7401,259.76,259.65,259.6711,18223.0,807.0,259.720461
MCD,2026-09-03 18:35:00+00:00,259.675,259.82,259.62,259.665,22639.0,912.0,259.731712
MCD,2026-09-03 18:40:00+00:00,259.69,259.76,259.54,259.63,22367.0,908.0,259.643731
MCD,2026-09-03 18:45:00+00:00,259.62,259.82,259.56,259.7,30984.0,968.0,259.728584
MCD,2026-09-03 18:50:00+00:00,259.69,259.81,259.61,259.785,32039.0,1158.0,259.693608
MCD,2026-09-03 18:55:00+00:00,259.81,259.93,259.71,259.9166,28512.0,1102.0,259.822474
MCD,2026-09-03 19:00:00+00:00,259.91,259.9199,259.77,259.865,21926.0,876.0,259.847612
MCD,2026-09-03 19:05:00+00:00,259.84,259.96,259.78,259.9175,32879.0,1156.0,259.883935
MCD,2026-09-03 19:10:00+00:00,259.925,259.94,259.72,259.7729,29693.0,1219.0,259.831249
MCD,2026-09-03 19:15:00+00:00,259.785,259.85,259.685,259.7731,35062.0,1147.0,259.7798
MCD,2026-09-03 19:20:00+00:00,259.75,259.76,259.52,259.62,31713.0,1263.0,259.618144
MCD,2026-09-03 19:25:00+00:00,259.615,259.69,259.35,259.3805,35833.0,1375.0,259.5426
MCD,2026-09-03 19:30:00+00:00,259.38,259.5643,259.285,259.45,39747.0,1448.0,259.407134
MCD,2026-09-03 19:35:00+00:00,259.43,259.72,259.4,259.53,37229.0,1325.0,259.609947
MCD,2026-09-03 19:40:00+00:00,259.53,259.79,259.52,259.66,55172.0,1639.0,259.696643
MCD,2026-09-03 19:45:00+00:00,259.62,259.73,259.51,259.685,50208.0,1658.0,259.594243
MCD,2026-09-03 19:50:00+00:00,259.67,259.87,259.56,259.675,80061.0,2538.0,259.737251
MCD,2026-09-03 19:55:00+00:00,259.7,259.72,259.34,259.62,266189.0,7952.0,259.503002
MCD,2026-09-03 20:00:00+00:00,259.6,259.83,259.6,259.83,673610.0,155.0,259.630312
MCD,2026-09-03 20:05:00+00:00,259.63,259.63,259.11,259.11,3523.0,30.0,259.613625
MCD,2026-09-03 20:10:00+00:00,259.8,259.8,259.8,259.8,101.0,2.0,259.8
MCD,2026-09-03 20:40:00+00:00,259.79,259.79,259.79,259.79,421.0,4.0,259.79
MCD,2026-09-03 20:45:00+00:00,259.4582,259.78,259.4582,259.7521,826.0,16.0,259.696778
MCD,2026-09-03 20:50:00+00:00,259.64,259.7,259.64,259.7,240.0,8.0,259.683062
MCD,2026-09-03 20:55:00+00:00,259.7,259.7,259.69,259.69,271.0,8.0,259.697833
MCD,2026-09-03 21:00:00+00:00,259.7494,259.7494,259.7494,259.7494,1153.0,2.0,259.7494
MCD,2026-09-03 21:05:00+00:00,259.69,259.69,259.6,259.6,183.0,7.0,259.629189
MCD,2026-09-03 21:20:00+00:00,259.7,259.73,259.65,259.65,359.0,24.0,259.682321
MCD,2026-09-03 21:50:00+00:00,259.69,259.69,259.69,259.69,131.0,4.0,259.69
MCD,2026-09-03 21:55:00+00:00,259.7,259.78,259.7,259.78,651.0,12.0,259.769871
MCD,2026-09-03 22:05:00+00:00,259.65,259.65,259.65,259.65,375.0,2.0,259.65
MCD,2026-09-03 22:10:00+00:00,259.65,259.7,259.65,259.7,233.0,13.0,259.685461
MCD,2026-09-03 22:15:00+00:00,259.7,259.7,259.7,259.7,204.0,29.0,259.7
MCD,2026-09-03 22:25:00+00:00,259.7,259.7853,259.7,259.7853,312.0,4.0,259.726472
MCD,2026-09-03 22:40:00+00:00,259.7915,259.7915,259.79,259.79,171.0,7.0,259.791071
MCD,2026-09-03 22:45:00+00:00,259.71,259.71,259.7,259.7,157.0,10.0,259.702703
MCD,2026-09-03 22:55:00+00:00,259.7793,259.7793,259.7793,259.7793,102.0,3.0,259.7793
MCD,2026-09-03 23:05:00+00:00,259.72,259.72,259.72,259.72,213.0,3.0,259.72
MCD,2026-09-03 23:10:00+00:00,259.7,259.7,259.7,259.7,150.0,5.0,259.7
MCD,2026-09-03 23:15:00+00:00,259.7618,259.7618,259.7618,259.7618,103.0,2.0,259.7618
MCD,2026-09-03 23:25:00+00:00,259.75,259.7799,259.75,259.7799,1586.0,17.0,259.778208
MCD,2026-09-03 23:35:00+00:00,259.75,259.78,259.64,259.78,326.0,10.0,259.734504
MCD,2026-09-03 23:45:00+00:00,259.77,259.78,259.77,259.78,276.0,10.0,259.778
MCD,2026-09-03 23:50:00+00:00,259.7798,259.78,259.63,259.63,534.0,22.0,259.726895
MCD,2026-09-03 23:55:00+00:00,259.75,259.79,259.75,259.79,366.0,15.0,259.76894
MCD,2026-09-04 08:00:00+00:00,259.8,259.98,259.52,259.97,3587.0,302.0,259.809181
MCD,2026-09-04 08:10:00+00:00,259.7,259.7,259.7,259.7,106.0,7.0,259.7
MCD,2026-09-04 08:30:00+00:00,259.76,259.76,259.76,259.76,207.0,5.0,259.76
MCD,2026-09-04 08:45:00+00:00,259.65,259.65,259.65,259.65,494.0,30.0,259.65
MCD,2026-09-04 08:50:00+00:00,259.66,259.66,259.66,259.66,61.0,2.0,259.66
MCD,2026-09-04 09:25:00+00:00,259.65,259.65,259.65,259.65,58.0,3.0,259.65
MCD,2026-09-04 09:30:00+00:00,259.64,259.64,259.64,259.64,201.0,15.0,259.64
MCD,2026-09-04 09:55:00+00:00,259.67,259.67,259.5,259.5,637.0,43.0,259.572124
MCD,2026-09-04 10:00:00+00:00,259.76,259.89,259.35,259.41,558.0,31.0,259.616435
MCD,2026-09-04 10:10:00+00:00,259.55,259.55,259.55,259.55,132.0,10.0,259.55
MCD,2026-09-04 10:15:00+00:00,259.35,259.35,259.35,259.35,73.0,1.0,259.35
MCD,2026-09-04 10:30:00+00:00,259.69,259.69,259.35,259.35,293.0,19.0,259.567213
MCD,2026-09-04 10:40:00+00:00,259.3639,259.3639,259.3639,259.3639,50.0,1.0,259.3639
MCD,2026-09-04 11:00:00+00:00,259.36,259.6321,259.36,259.46,594.0,43.0,259.468508
MCD,2026-09-04 11:05:00+00:00,259.56,259.56,259.56,259.56,152.0,8.0,259.56
MCD,2026-09-04 11:10:00+00:00,259.36,259.36,259.36,259.36,58.0,6.0,259.36
MCD,2026-09-04 11:15:00+00:00,259.38,259.47,259.3,259.3,700.0,30.0,259.36
MCD,2026-09-04 11:25:00+00:00,259.24,259.24,259.05,259.05,946.0,20.0,259.178871
MCD,2026-09-04 11:30:00+00:00,259.0,259.5659,259.0,259.28,432.0,21.0,259.263871
MCD,2026-09-04 11:35:00+00:00,259.24,259.3945,259.175,259.175,1692.0,20.0,259.219676
MCD,2026-09-04 11:40:00+00:00,259.2041,259.2128,259.2041,259.2128,241.0,6.0,259.20845
MCD,2026-09-04 11:50:00+00:00,259.24,259.24,259.24,259.24,102.0,9.0,259.24
MCD,2026-09-04 12:00:00+00:00,259.25,259.25,259.2499,259.2499,723.0,17.0,259.249986
MCD,2026-09-04 12:05:00+00:00,259.1,259.1,259.0,259.0,1784.0,110.0,259.022448
MCD,2026-09-04 12:10:00+00:00,259.3353,259.3353,258.8358,258.8358,49534.0,12.0,259.08555
MCD,2026-09-04 12:15:00+00:00,259.25,259.25,258.8,258.8,299.0,20.0,259.022727
MCD,2026-09-04 12:35:00+00:00,258.5,259.45,258.5,259.2045,458.0,22.0,258.863132
MCD,2026-09-04 12:45:00+00:00,259.15,259.15,258.75,258.93,528.0,22.0,259.031818
MCD,2026-09-04 12:50:00+00:00,259.0,259.0,258.961,258.961,491.0,7.0,258.995895
MCD,2026-09-04 12:55:00+00:00,259.05,259.05,259.05,259.05,231.0,9.0,259.05
MCD,2026-09-04 13:05:00+00:00,258.8608,258.8758,258.8608,258.8758,185.0,8.0,258.868982
MCD,2026-09-04 13:15:00+00:00,258.81,258.81,258.78,258.78,231.0,14.0,258.797395
MCD,2026-09-04 13:20:00+00:00,258.75,258.77,258.75,258.77,1003.0,29.0,258.763532
MCD,2026-09-04 13:25:00+00:00,258.77,258.77,258.18,258.18,1621.0,88.0,258.351212
MCD,2026-09-04 13:30:00+00:00,258.01,258.5,256.85,257.425,131209.0,3855.0,257.58971
MCD,2026-09-04 13:35:00+00:00,257.49,257.5,256.8,256.8,110849.0,2903.0,257.070781
MCD,2026-09-04 13:40:00+00:00,256.815,257.1497,256.58,256.81,72730.0,2886.0,256.850394
MCD,2026-09-04 13:45:00+00:00,256.8,257.0525,256.6,256.845,73660.0,2580.0,256.861698
MCD,2026-09-04 13:50:00+00:00,256.86,256.9771,256.27,256.92,85501.0,2994.0,256.55317
MCD,2026-09-04 13:55:00+00:00,256.87,257.16,256.47,256.55,67118.0,2332.0,256.796492
MCD,2026-09-04 14:00:00+00:00,256.55,256.76,256.32,256.59,68521.0,2575.0,256.560727
MCD,2026-09-04 14:05:00+00:00,256.56,257.16,256.56,256.765,54556.0,2238.0,256.908552
MCD,2026-09-04 14:10:00+00:00,256.765,256.85,256.46,256.68,60441.0,2076.0,256.68108
MCD,2026-09-04 14:15:00+00:00,256.7,256.7556,256.38,256.66,39246.0,1681.0,256.586829
MCD,2026-09-04 14:20:00+00:00,256.7,256.87,256.52,256.715,40978.0,1673.0,256.701162
MCD,2026-09-04 14:25:00+00:00,256.72,256.76,256.28,256.29,49480.0,2456.0,256.536959
MCD,2026-09-04 14:30:00+00:00,256.27,256.68,256.16,256.43,61035.0,2205.0,256.361216
MCD,2026-09-04 14:35:00+00:00,256.43,256.4616,256.12,256.165,48774.0,2015.0,256.267712
MCD,2026-09-04 14:40:00+00:00,256.16,256.28,256.1,256.27,38265.0,1670.0,256.191517
MCD,2026-09-04 14:45:00+00:00,256.27,256.33,256.1,256.185,34291.0,1730.0,256.221464
MCD,2026-09-04 14:50:00+00:00,256.21,256.22,255.83,255.9,87769.0,4254.0,255.983197
MCD,2026-09-04 14:55:00+00:00,255.88,256.16,255.79,256.08,63314.0,2180.0,255.949254
MCD,2026-09-04 15:00:00+00:00,256.1,256.1219,255.85,255.85,42419.0,1619.0,255.994407
MCD,2026-09-04 15:05:00+00:00,255.85,255.96,255.79,255.89,62628.0,1932.0,255.873933
MCD,2026-09-04 15:10:00+00:00,255.88,256.4,255.84,256.4,51333.0,1966.0,256.094274
MCD,2026-09-04 15:15:00+00:00,256.39,256.69,256.35,256.5,41844.0,1503.0,256.489575
MCD,2026-09-04 15:20:00+00:00,256.525,256.69,256.49,256.62,38646.0,1416.0,256.610134
MCD,2026-09-04 15:25:00+00:00,256.62,256.9798,256.62,256.855,54507.0,1707.0,256.803338
MCD,2026-09-04 15:30:00+00:00,256.83,256.86,256.6101,256.6799,45681.0,1565.0,256.728761
MCD,2026-09-04 15:35:00+00:00,256.6538,256.71,256.52,256.565,40615.0,1302.0,256.601246
MCD,2026-09-04 15:40:00+00:00,256.58,256.6199,256.41,256.45,35409.0,1372.0,256.526005
MCD,2026-09-04 15:45:00+00:00,256.46,256.56,256.4,256.455,27297.0,977.0,256.47608
MCD,2026-09-04 15:50:00+00:00,256.4104,256.65,256.4104,256.545,29480.0,990.0,256.548517
MCD,2026-09-04 15:55:00+00:00,256.53,256.6399,256.35,256.61,32307.0,1225.0,256.53618
MCD,2026-09-04 16:00:00+00:00,256.615,256.95,256.6,256.815,22922.0,1211.0,256.770061
MCD,2026-09-04 16:05:00+00:00,256.84,256.93,256.67,256.76,22254.0,1113.0,256.783311
MCD,2026-09-04 16:10:00+00:00,256.735,256.94,256.72,256.8309,26115.0,1048.0,256.783531
MCD,2026-09-04 16:15:00+00:00,256.86,256.97,256.7104,256.95,27043.0,1058.0,256.839386
MCD,2026-09-04 16:20:00+00:00,256.9604,257.01,256.88,256.88,23100.0,1045.0,256.944319
MCD,2026-09-04 16:25:00+00:00,256.85,256.87,256.741,256.76,18624.0,833.0,256.785934
MCD,2026-09-04 16:30:00+00:00,256.75,256.77,256.65,256.72,24617.0,1006.0,256.715293
MCD,2026-09-04 16:35:00+00:00,256.71,256.74,256.61,256.6134,19337.0,924.0,256.667134
MCD,2026-09-04 16:40:00+00:00,256.61,256.69,256.55,256.64,17667.0,937.0,256.622904
MCD,2026-09-04 16:45:00+00:00,256.6,256.73,256.6,256.67,15732.0,822.0,256.667488
MCD,2026-09-04 16:50:00+00:00,256.67,256.87,256.67,256.84,28561.0,986.0,256.759132
MCD,2026-09-04 16:55:00+00:00,256.8699,256.95,256.84,256.875,16586.0,901.0,256.887162
MCD,2026-09-04 17:00:00+00:00,256.875,256.96,256.81,256.815,19177.0,873.0,256.908194
MCD,2026-09-04 17:05:00+00:00,256.8399,256.91,256.76,256.843,17975.0,725.0,256.827761
MCD,2026-09-04 17:10:00+00:00,256.83,256.9099,256.81,256.87,21449.0,843.0,256.858087
MCD,2026-09-04 17:15:00+00:00,256.86,257.01,256.807,257.01,41154.0,1082.0,256.926312
MCD,2026-09-04 17:20:00+00:00,256.985,257.0,256.81,256.81,26660.0,991.0,256.90899
MCD,2026-09-04 17:25:00+00:00,256.81,256.845,256.66,256.765,24366.0,919.0,256.743493
MCD,2026-09-04 17:30:00+00:00,256.74,256.85,256.7012,256.824,16130.0,872.0,256.771735
MCD,2026-09-04 17:35:00+00:00,256.83,256.83,256.6601,256.76,18833.0,846.0,256.748458
MCD,2026-09-04 17:40:00+00:00,256.78,256.8454,256.565,256.567,25569.0,1095.0,256.718294
MCD,2026-09-04 17:45:00+00:00,256.575,256.62,256.5,256.56,21070.0,990.0,256.556694
MCD,2026-09-04 17:50:00+00:00,256.56,256.58,256.4,256.44,23247.0,1155.0,256.485187
MCD,2026-09-04 17:55:00+00:00,256.47,256.5,256.28,256.3,25816.0,1059.0,256.355048
MCD,2026-09-04 18:00:00+00:00,256.3,256.5999,256.3,256.565,32234.0,1219.0,256.487331
MCD,2026-09-04 18:05:00+00:00,256.53,256.86,256.53,256.86,38236.0,1313.0,256.691588
MCD,2026-09-04 18:10:00+00:00,256.88,256.88,256.695,256.76,30152.0,1044.0,256.787831
MCD,2026-09-04 18:15:00+00:00,256.75,256.8,256.6115,256.675,27127.0,972.0,256.723882
MCD,2026-09-04 18:20:00+00:00,256.72,256.93,256.684,256.93,20069.0,892.0,256.788365
MCD,2026-09-04 18:25:00+00:00,256.89,257.05,256.89,257.005,48144.0,1057.0,256.961432
MCD,2026-09-04 18:30:00+00:00,257.0235,257.1611,256.9701,257.14,52968.0,1189.0,257.080064
MCD,2026-09-04 18:35:00+00:00,257.14,257.26,257.06,257.105,37759.0,1183.0,257.180519
MCD,2026-09-04 18:40:00+00:00,257.12,257.36,257.04,257.21,140599.0,1226.0,257.216931
MCD,2026-09-04 18:45:00+00:00,257.21,257.25,257.0201,257.055,28910.0,1029.0,257.122381
MCD,2026-09-04 18:50:00+00:00,257.0513,257.06,256.89,256.97,19937.0,905.0,256.977831
MCD,2026-09-04 18:55:00+00:00,256.95,256.97,256.7213,256.88,27315.0,1170.0,256.851778
MCD,2026-09-04 19:00:00+00:00,256.87,256.88,256.54,256.5801,28490.0,1237.0,256.667596
MCD,2026-09-04 19:05:00+00:00,256.6,256.69,256.54,256.65,32144.0,1236.0,256.59715
MCD,2026-09-04 19:10:00+00:00,256.61,256.64,256.5,256.61,34362.0,1214.0,256.565907
MCD,2026-09-04 19:15:00+00:00,256.63,256.665,256.54,256.62,25115.0,1150.0,256.600674
MCD,2026-09-04 19:20:00+00:00,256.62,256.73,256.593,256.63,28806.0,1175.0,256.656941
MCD,2026-09-04 19:25:00+00:00,256.62,256.66,256.5,256.5499,34623.0,1414.0,256.584089
MCD,2026-09-04 19:30:00+00:00,256.53,256.5613,256.302,256.302,51254.0,1860.0,256.428599
MCD,2026-09-04 19:35:00+00:00,256.3,256.35,256.14,256.21,45161.0,1844.0,256.2128
MCD,2026-09-04 19:40:00+00:00,256.21,256.4,256.2,256.23,53065.0,1885.0,256.329063
MCD,2026-09-04 19:45:00+00:00,256.21,256.43,256.15,256.34,68243.0,2511.0,256.259564
MCD,2026-09-04 19:50:00+00:00,256.33,256.33,255.86,255.91,128526.0,4537.0,256.029386
MCD,2026-09-04 19:55:00+00:00,255.89,255.91,255.49,255.7,323176.0,10856.0,255.688482
MCD,2026-09-04 20:00:00+00:00,255.69,255.92,255.69,255.87,511284.0,286.0,255.691426
MCD,2026-09-04 20:05:00+00:00,255.75,255.87,255.5,255.87,5363.0,191.0,255.613993
MCD,2026-09-04 20:10:00+00:00,255.8402,255.94,255.8402,255.9,716.0,46.0,255.904154
MCD,2026-09-04 20:15:00+00:00,255.9,256.0208,255.69,255.9,3010.0,52.0,255.773386
MCD,2026-09-04 20:20:00+00:00,255.85,255.92,255.8,255.92,853.0,26.0,255.863088
MCD,2026-09-04 20:25:00+00:00,255.8,255.97,255.76,255.97,885.0,55.0,255.899529
MCD,2026-09-04 20:30:00+00:00,255.89,255.9628,255.8087,255.9352,487.0,28.0,255.896273
MCD,2026-09-04 20:35:00+00:00,255.95,255.95,255.9,255.9,1394.0,17.0,255.932689
MCD,2026-09-04 20:40:00+00:00,255.89,256.0,255.8405,256.0,1521.0,41.0,255.89128
MCD,2026-09-04 20:45:00+00:00,255.98,256.0,255.9,255.9,549.0,24.0,255.956983
MCD,2026-09-04 20:50:00+00:00,255.9,256.0,255.9,255.9679,1618.0,26.0,255.977627
MCD,2026-09-04 20:55:00+00:00,255.9,256.1,255.9,256.1,1403.0,44.0,255.958048
MCD,2026-09-04 21:00:00+00:00,256.0,256.0775,256.0,256.0775,332.0,4.0,256.06554
MCD,2026-09-04 21:05:00+00:00,256.1,256.1,256.0,256.0,788.0,24.0,256.034722
MCD,2026-09-04 21:10:00+00:00,255.9516,256.09,255.9516,256.09,838.0,31.0,256.008595
MCD,2026-09-04 21:15:00+00:00,256.01,256.03,256.01,256.0155,583.0,11.0,256.020648
MCD,2026-09-04 21:20:00+00:00,256.01,256.05,255.9993,256.05,24592.0,27.0,256.035714
MCD,2026-09-04 21:25:00+00:00,256.0,256.0001,256.0,256.0001,218.0,6.0,256.00005
MCD,2026-09-04 21:30:00+00:00,256.03,256.03,256.03,256.03,83.0,4.0,256.03
MCD,2026-09-04 21:35:00+00:00,256.01,256.01,256.0,256.0,342.0,6.0,256.003746
MCD,2026-09-04 21:40:00+00:00,256.025,256.09,256.025,256.09,1148.0,24.0,256.045728
MCD,2026-09-04 21:45:00+00:00,256.02,256.02,256.02,256.02,242.0,13.0,256.02
MCD,2026-09-04 21:50:00+00:00,256.07,256.2,256.07,256.1862,402.0,18.0,256.140382
MCD,2026-09-04 22:00:00+00:00,256.1,256.1,256.05,256.05,102.0,6.0,256.071649
MCD,2026-09-04 22:05:00+00:00,256.1835,256.2,256.0,256.04,1040.0,56.0,256.049619
MCD,2026-09-04 22:10:00+00:00,256.0,256.0,256.0,256.0,142.0,17.0,256.0
MCD,2026-09-04 22:15:00+00:00,256.17,256.17,256.0,256.01,320.0,17.0,256.076879
MCD,2026-09-04 22:20:00+00:00,256.08,256.0801,256.08,256.0801,500.0,12.0,256.080078
MCD,2026-09-04 22:25:00+00:00,256.08,256.08,256.08,256.08,137.0,3.0,256.08
MCD,2026-09-04 22:30:00+00:00,256.12,256.19,256.095,256.19,256.0,8.0,256.139829
MCD,2026-09-04 22:40:00+00:00,256.1,256.1096,256.1,256.1096,853.0,14.0,256.103595
MCD,2026-09-04 22:45:00+00:00,256.11,256.11,256.11,256.11,129.0,6.0,256.11
MCD,2026-09-04 22:50:00+00:00,256.17,256.1821,256.17,256.1776,265.0,10.0,256.176342
MCD,2026-09-04 22:55:00+00:00,256.11,256.19,256.11,256.19,285.0,9.0,256.143613
MCD,2026-09-04 23:05:00+00:00,256.17,256.17,256.12,256.12,151.0,3.0,256.153333
MCD,2026-09-04 23:20:00+00:00,256.1,256.12,256.1,256.12,155.0,5.0,256.105755
MCD,2026-09-04 23:25:00+00:00,256.1723,256.1723,256.1723,256.1723,73.0,2.0,256.1723
MCD,2026-09-04 23:40:00+00:00,256.14,256.14,256.14,256.14,52.0,4.0,256.14
MCD,2026-09-04 23:45:00+00:00,256.13,256.13,256.13,256.13,54.0,5.0,256.13
MCD,2026-09-04 23:50:00+00:00,256.1423,256.1494,256.1,256.1451,1341.0,21.0,256.141898
MCD,2026-09-04 23:55:00+00:00,256.1397,256.14,256.0,256.0,5592.0,69.0,256.11236
MCD,2026-09-08 08:00:00+00:00,255.99,256.0141,255.16,255.76,9935.0,857.0,255.599729
MCD,2026-09-08 08:05:00+00:00,255.75,255.77,255.71,255.74,1045.0,46.0,255.739184
MCD,2026-09-08 08:15:00+00:00,255.74,255.74,255.74,255.74,324.0,8.0,255.74
MCD,2026-09-08 08:20:00+00:00,255.7504,255.85,255.7504,255.81,213.0,9.0,255.803636
MCD,2026-09-08 08:25:00+00:00,255.83,255.83,255.5,255.51,1395.0,57.0,255.623091
MCD,2026-09-08 08:35:00+00:00,255.64,255.74,255.64,255.74,577.0,12.0,255.651611
MCD,2026-09-08 08:45:00+00:00,255.85,255.85,255.85,255.85,216.0,3.0,255.85
MCD,2026-09-08 08:50:00+00:00,255.76,255.8,255.76,255.8,693.0,25.0,255.793158
MCD,2026-09-08 08:55:00+00:00,255.8,255.82,255.56,255.56,1902.0,59.0,255.733352
MCD,2026-09-08 09:10:00+00:00,255.75,255.75,255.65,255.65,478.0,9.0,255.735577
MCD,2026-09-08 09:15:00+00:00,255.63,255.72,255.52,255.53,2309.0,23.0,255.632546
MCD,2026-09-08 09:20:00+00:00,255.58,255.62,255.57,255.62,243.0,8.0,255.585555
MCD,2026-09-08 09:25:00+00:00,255.72,255.72,255.72,255.72,324.0,6.0,255.72
MCD,2026-09-08 09:35:00+00:00,255.76,255.76,255.76,255.76,277.0,9.0,255.76
MCD,2026-09-08 09:40:00+00:00,255.75,255.75,255.53,255.55,1331.0,35.0,255.636185
MCD,2026-09-08 09:45:00+00:00,255.61,255.61,255.53,255.53,1384.0,23.0,255.567628
MCD,2026-09-08 09:50:00+00:00,255.56,255.8,255.52,255.8,357.0,9.0,255.590345
MCD,2026-09-08 09:55:00+00:00,255.68,255.68,255.51,255.51,506.0,15.0,255.631667
MCD,2026-09-08 10:05:00+00:00,255.68,255.7,255.68,255.7,343.0,13.0,255.694849
MCD,2026-09-08 10:10:00+00:00,255.6,255.66,255.6,255.66,296.0,17.0,255.619835
MCD,2026-09-08 10:15:00+00:00,255.65,255.65,255.51,255.52,1259.0,35.0,255.605567
MCD,2026-09-08 10:20:00+00:00,255.58,255.6,255.58,255.6,548.0,24.0,255.593123
MCD,2026-09-08 10:25:00+00:00,255.6,255.6,255.53,255.59,801.0,24.0,255.576535
MCD,2026-09-08 10:30:00+00:00,255.52,255.59,255.52,255.59,215.0,12.0,255.566667
MCD,2026-09-08 10:35:00+00:00,255.64,255.64,255.55,255.63,599.0,21.0,255.582766
MCD,2026-09-08 10:40:00+00:00,255.63,255.63,255.52,255.52,267.0,6.0,255.610952
MCD,2026-09-08 10:45:00+00:00,255.62,255.62,255.58,255.58,530.0,14.0,255.587226
MCD,2026-09-08 10:50:00+00:00,255.6,255.6,255.6,255.6,454.0,13.0,255.6
MCD,2026-09-08 10:55:00+00:00,255.6,255.6,255.51,255.51,649.0,16.0,255.560799
MCD,2026-09-08 11:00:00+00:00,255.5,255.6261,254.97,255.0,15993.0,844.0,255.15538
MCD,2026-09-08 11:05:00+00:00,255.0,255.0,254.95,255.0,2223.0,95.0,254.983387
MCD,2026-09-08 11:10:00+00:00,255.1,255.29,254.95,254.95,1770.0,121.0,255.048782
MCD,2026-09-08 11:15:00+00:00,255.01,255.01,255.01,255.01,250.0,25.0,255.01
MCD,2026-09-08 11:20:00+00:00,255.02,255.2,254.98,255.0,1687.0,48.0,255.016544
MCD,2026-09-08 11:25:00+00:00,255.1,255.1,254.95,255.01,940.0,25.0,254.998744
MCD,2026-09-08 11:30:00+00:00,255.0,255.02,254.8701,254.91,4331.0,105.0,254.960776
MCD,2026-09-08 11:35:00+00:00,255.0,255.16,255.0,255.16,2367.0,93.0,255.137217
MCD,2026-09-08 11:40:00+00:00,255.35,255.4424,255.2559,255.2559,1170.0,62.0,255.329159
MCD,2026-09-08 11:45:00+00:00,255.3,255.3,254.91,254.95,1630.0,61.0,255.092155
MCD,2026-09-08 11:50:00+00:00,255.0,255.0,254.95,254.95,488.0,23.0,254.95597
MCD,2026-09-08 11:55:00+00:00,255.1049,255.1049,255.01,255.01,453.0,20.0,255.075448
MCD,2026-09-08 12:00:00+00:00,255.07,255.1686,255.07,255.1282,590.0,17.0,255.121939
MCD,2026-09-08 12:05:00+00:00,255.27,255.27,254.95,255.0,983.0,32.0,255.028824
MCD,2026-09-08 12:10:00+00:00,255.0699,255.0699,254.8,254.9,5754.0,105.0,254.878145
MCD,2026-09-08 12:15:00+00:00,254.8456,255.0,254.8456,254.89,2867.0,33.0,254.943342
MCD,2026-09-08 12:20:00+00:00,254.92,254.95,254.8,254.95,1196.0,67.0,254.876069
MCD,2026-09-08 12:25:00+00:00,254.7536,254.8,254.61,254.61,1096.0,124.0,254.724306
MCD,2026-09-08 12:30:00+00:00,254.72,254.75,254.713,254.75,440.0,31.0,254.73431
MCD,2026-09-08 12:35:00+00:00,254.9073,254.9073,254.65,254.84,1637.0,60.0,254.703922
MCD,2026-09-08 12:40:00+00:00,254.75,254.84,254.7,254.7,818.0,65.0,254.73
MCD,2026-09-08 12:45:00+00:00,254.7959,254.8,254.72,254.72,564.0,45.0,254.784023
MCD,2026-09-08 12:50:00+00:00,254.8,254.8,254.59,254.59,1852.0,90.0,254.649023
MCD,2026-09-08 12:55:00+00:00,254.75,254.84,254.33,254.33,4365.0,151.0,254.568513
MCD,2026-09-08 13:00:00+00:00,254.5,254.5,254.2,254.4254,3099.0,209.0,254.342742
MCD,2026-09-08 13:05:00+00:00,254.3,254.49,254.18,254.49,2564.0,152.0,254.283358
MCD,2026-09-08 13:10:00+00:00,254.3,254.43,254.26,254.33,1310.0,79.0,254.299069
MCD,2026-09-08 13:15:00+00:00,254.37,254.45,254.37,254.45,975.0,66.0,254.412479
MCD,2026-09-08 13:20:00+00:00,254.46,254.82,254.46,254.8044,1420.0,63.0,254.740415
MCD,2026-09-08 13:25:00+00:00,254.79,254.85,254.56,254.68,3855.0,74.0,254.749319
MCD,2026-09-08 13:30:00+00:00,254.39,255.99,254.28,255.01,212631.0,5302.0,254.836449
MCD,2026-09-08 13:35:00+00:00,255.11,255.4,254.87,254.875,72217.0,2573.0,255.124103
MCD,2026-09-08 13:40:00+00:00,254.92,255.86,254.651,255.68,111560.0,2669.0,255.260708
MCD,2026-09-08 13:45:00+00:00,255.655,256.3,255.48,255.7526,74140.0,2091.0,255.822598
MCD,2026-09-08 13:50:00+00:00,255.8999,255.8999,255.39,255.79,58339.0,1772.0,255.692505
MCD,2026-09-08 13:55:00+00:00,255.735,256.34,255.66,256.005,68590.0,2130.0,256.084254
MCD,2026-09-08 14:00:00+00:00,256.005,256.24,255.16,256.23,56357.0,2135.0,255.620854
MCD,2026-09-08 14:05:00+00:00,256.24,256.53,255.83,256.0,88163.0,2264.0,256.100231
MCD,2026-09-08 14:10:00+00:00,255.75,256.54,255.72,256.24,37618.0,1508.0,256.256231
MCD,2026-09-08 14:15:00+00:00,256.23,256.56,255.88,256.12,66285.0,1921.0,256.255795
MCD,2026-09-08 14:20:00+00:00,256.16,256.7,256.1,256.65,44383.0,1632.0,256.399883
MCD,2026-09-08 14:25:00+00:00,256.68,256.805,256.2235,256.2235,56279.0,1648.0,256.628811
MCD,2026-09-08 14:30:00+00:00,256.23,256.34,255.76,255.9599,31346.0,1332.0,256.048754
MCD,2026-09-08 14:35:00+00:00,255.955,256.38,255.9223,256.0,30591.0,1182.0,256.218712
MCD,2026-09-08 14:40:00+00:00,255.95,256.0,255.565,255.65,25497.0,1231.0,255.818515
MCD,2026-09-08 14:45:00+00:00,255.59,255.79,255.5,255.6899,38474.0,1529.0,255.652205
MCD,2026-09-08 14:50:00+00:00,255.64,255.83,255.46,255.7473,39621.0,1447.0,255.666491
MCD,2026-09-08 14:55:00+00:00,255.73,255.83,255.47,255.48,34598.0,1353.0,255.700335
MCD,2026-09-08 15:00:00+00:00,255.47,255.63,255.38,255.45,28119.0,1263.0,255.501
MCD,2026-09-08 15:05:00+00:00,255.4248,255.76,255.38,255.76,22571.0,977.0,255.598721
MCD,2026-09-08 15:10:00+00:00,255.69,255.84,255.2,255.31,58973.0,1591.0,255.592492
MCD,2026-09-08 15:15:00+00:00,255.305,255.65,255.165,255.645,34740.0,1435.0,255.334104
MCD,2026-09-08 15:20:00+00:00,255.65,255.91,255.61,255.65,45220.0,1504.0,255.7341
MCD,2026-09-08 15:25:00+00:00,255.61,255.85,255.605,255.76,31765.0,1106.0,255.733986
MCD,2026-09-08 15:30:00+00:00,255.775,255.79,255.6001,255.76,21134.0,1086.0,255.711095
MCD,2026-09-08 15:35:00+00:00,255.77,255.9099,255.685,255.73,23380.0,1053.0,255.791415
MCD,2026-09-08 15:40:00+00:00,255.76,255.77,255.43,255.525,25176.0,1135.0,255.588567
MCD,2026-09-08 15:45:00+00:00,255.53,255.65,255.32,255.36,26463.0,1014.0,255.518662
MCD,2026-09-08 15:50:00+00:00,255.37,255.84,255.34,255.68,22613.0,1007.0,255.536229
MCD,2026-09-08 15:55:00+00:00,255.65,255.79,255.5,255.59,24979.0,1182.0,255.668448
MCD,2026-09-08 16:00:00+00:00,255.545,255.84,255.44,255.79,20677.0,1009.0,255.658515
MCD,2026-09-08 16:05:00+00:00,255.8,256.385,255.75,256.21,40809.0,1260.0,256.021296
MCD,2026-09-08 16:10:00+00:00,256.1803,256.42,256.05,256.22,46115.0,1575.0,256.229465
MCD,2026-09-08 16:15:00+00:00,256.22,256.48,256.22,256.37,26033.0,1063.0,256.358558
MCD,2026-09-08 16:20:00+00:00,256.4,256.4,256.12,256.26,23401.0,1010.0,256.266946
MCD,2026-09-08 16:25:00+00:00,256.22,256.26,255.97,256.0,17230.0,868.0,256.10942
MCD,2026-09-08 16:30:00+00:00,256.035,256.1599,255.92,256.09,59892.0,1088.0,256.009278
MCD,2026-09-08 16:35:00+00:00,256.05,256.1599,255.92,255.95,86859.0,712.0,256.049847
MCD,2026-09-08 16:40:00+00:00,255.955,255.98,255.81,255.83,23851.0,793.0,255.898635
MCD,2026-09-08 16:45:00+00:00,255.83,255.91,255.76,255.9028,18140.0,702.0,255.841576
MCD,2026-09-08 16:50:00+00:00,255.88,256.085,255.87,255.915,22277.0,887.0,255.992392
MCD,2026-09-08 16:55:00+00:00,255.915,256.15,255.915,256.14,24176.0,828.0,256.015828
MCD,2026-09-08 17:00:00+00:00,256.09,256.1599,256.0001,256.125,23859.0,827.0,256.088569
MCD,2026-09-08 17:05:00+00:00,256.125,256.22,255.8501,255.9,20339.0,862.0,256.074574
MCD,2026-09-08 17:10:00+00:00,255.86,255.96,255.75,255.765,15941.0,616.0,255.868935
MCD,2026-09-08 17:15:00+00:00,255.75,255.94,255.73,255.835,13597.0,687.0,255.82345
MCD,2026-09-08 17:20:00+00:00,255.8107,255.87,255.66,255.745,12782.0,700.0,255.761621
MCD,2026-09-08 17:25:00+00:00,255.72,255.7852,255.6,255.72,19169.0,765.0,255.707734
MCD,2026-09-08 17:30:00+00:00,255.74,256.295,255.72,256.26,18839.0,848.0,255.933702
MCD,2026-09-08 17:35:00+00:00,256.26,256.275,256.04,256.0401,18376.0,853.0,256.150898
MCD,2026-09-08 17:40:00+00:00,256.04,256.16,255.7908,255.86,23335.0,828.0,255.986617
MCD,2026-09-08 17:45:00+00:00,255.87,255.87,255.6,255.815,22135.0,1273.0,255.743868
MCD,2026-09-08 17:50:00+00:00,255.82,255.88,255.75,255.82,13020.0,627.0,255.820474
MCD,2026-09-08 17:55:00+00:00,255.8039,255.86,255.71,255.77,18646.0,846.0,255.783344
MCD,2026-09-08 18:00:00+00:00,255.79,255.88,255.66,255.73,17797.0,855.0,255.792464
MCD,2026-09-08 18:05:00+00:00,255.71,255.75,255.62,255.69,19829.0,762.0,255.693857
MCD,2026-09-08 18:10:00+00:00,255.665,255.7,255.55,255.61,18433.0,786.0,255.614729
MCD,2026-09-08 18:15:00+00:00,255.62,255.91,255.61,255.89,24595.0,927.0,255.766567
MCD,2026-09-08 18:20:00+00:00,255.9,256.07,255.7905,255.87,25200.0,1091.0,255.910115
MCD,2026-09-08 18:25:00+00:00,255.84,255.93,255.74,255.89,16370.0,760.0,255.842694
MCD,2026-09-08 18:30:00+00:00,255.9,256.24,255.9,256.19,34623.0,1171.0,256.08587
MCD,2026-09-08 18:35:00+00:00,256.17,256.2,256.0095,256.0095,32946.0,1115.0,256.106643
MCD,2026-09-08 18:40:00+00:00,256.0,256.195,255.9,256.16,30701.0,1169.0,256.00658
MCD,2026-09-08 18:45:00+00:00,256.18,256.36,255.78,255.865,38884.0,1291.0,256.089525
MCD,2026-09-08 18:50:00+00:00,255.93,256.26,255.9,256.26,39939.0,1153.0,256.109453
MCD,2026-09-08 18:55:00+00:00,256.26,256.32,255.945,255.945,23775.0,974.0,256.195532
MCD,2026-09-08 19:00:00+00:00,255.935,256.09,255.8095,255.915,20031.0,806.0,255.95785
MCD,2026-09-08 19:05:00+00:00,255.9,256.08,255.86,256.04,24672.0,989.0,255.956731
MCD,2026-09-08 19:10:00+00:00,256.08,256.1516,255.9,255.96,22136.0,983.0,256.063132
MCD,2026-09-08 19:15:00+00:00,255.93,255.96,255.73,255.73,33848.0,1091.0,255.85901
MCD,2026-09-08 19:20:00+00:00,255.77,256.0,255.73,255.99,24145.0,1081.0,255.870625
MCD,2026-09-08 19:25:00+00:00,256.0,256.19,255.98,256.19,28725.0,1263.0,256.070089
MCD,2026-09-08 19:30:00+00:00,256.2,256.25,255.97,256.17,39347.0,1500.0,256.071207
MCD,2026-09-08 19:35:00+00:00,256.13,256.21,256.08,256.11,33419.0,1224.0,256.143208
MCD,2026-09-08 19:40:00+00:00,256.08,256.19,256.06,256.07,31125.0,1498.0,256.115065
MCD,2026-09-08 19:45:00+00:00,256.02,256.04,255.84,255.875,42699.0,1678.0,255.906162
MCD,2026-09-08 19:50:00+00:00,255.9,255.94,255.64,255.8,98565.0,2787.0,255.807222
MCD,2026-09-08 19:55:00+00:00,255.79,255.89,255.43,255.82,275486.0,8113.0,255.645786
MCD,2026-09-08 20:00:00+00:00,255.84,255.84,255.8,255.8,824330.0,167.0,255.809994
MCD,2026-09-08 20:05:00+00:00,255.6973,255.8,255.41,255.75,990.0,40.0,255.697093
MCD,2026-09-08 20:10:00+00:00,255.91,255.91,255.91,255.91,111.0,12.0,255.91
MCD,2026-09-08 20:20:00+00:00,255.89,255.9,255.89,255.9,868.0,10.0,255.894558
MCD,2026-09-08 20:25:00+00:00,255.9,255.9,255.9,255.9,201.0,2.0,255.9
MCD,2026-09-08 20:30:00+00:00,255.9,256.02,255.9,255.96,1116.0,39.0,255.932928
MCD,2026-09-08 20:35:00+00:00,256.1,256.1,256.05,256.05,805.0,19.0,256.081072
MCD,2026-09-08 20:45:00+00:00,256.04,256.04,256.04,256.04,121.0,7.0,256.04
MCD,2026-09-08 20:50:00+00:00,255.9949,255.9949,255.949,255.949,243.0,8.0,255.97195
MCD,2026-09-08 20:55:00+00:00,256.1573,256.1573,256.1573,256.1573,103.0,4.0,256.1573
MCD,2026-09-08 21:05:00+00:00,256.05,256.05,256.0,256.0495,253.0,5.0,256.0298
MCD,2026-09-08 21:15:00+00:00,256.05,256.05,256.0248,256.0248,152.0,5.0,256.032857
MCD,2026-09-08 21:25:00+00:00,256.068,256.068,256.0124,256.0124,181.0,8.0,256.028286
MCD,2026-09-08 21:30:00+00:00,256.08,256.08,256.08,256.08,89.0,1.0,256.08
MCD,2026-09-08 21:40:00+00:00,256.2842,256.2842,256.2842,256.2842,50.0,1.0,256.2842
MCD,2026-09-08 21:55:00+00:00,256.2,256.2,256.2,256.2,100.0,1.0,256.2
MCD,2026-09-08 22:00:00+00:00,256.13,256.24,256.13,256.24,375.0,15.0,256.2175
MCD,2026-09-08 22:05:00+00:00,256.25,256.25,256.25,256.25,110.0,5.0,256.25
MCD,2026-09-08 22:15:00+00:00,256.3096,256.3096,256.19,256.19,3546.0,20.0,256.251055
MCD,2026-09-08 22:25:00+00:00,256.24,256.24,256.24,256.24,50.0,1.0,256.24
MCD,2026-09-08 22:30:00+00:00,256.19,256.3,256.19,256.2,498.0,8.0,256.200425
MCD,2026-09-08 22:35:00+00:00,256.3,256.3,256.1049,256.25,401.0,14.0,256.216638
MCD,2026-09-08 22:55:00+00:00,256.07,256.31,256.07,256.31,334.0,28.0,256.195549
MCD,2026-09-08 23:10:00+00:00,256.2,256.26,256.2,256.26,905.0,5.0,256.253333
MCD,2026-09-08 23:20:00+00:00,256.2,256.2,256.2,256.2,43.0,3.0,256.2
MCD,2026-09-08 23:25:00+00:00,256.2,256.22,256.2,256.22,481.0,10.0,256.209005
MCD,2026-09-08 23:30:00+00:00,256.3,256.3,256.3,256.3,1011.0,3.0,256.3
MCD,2026-09-08 23:35:00+00:00,256.26,256.2961,256.26,256.2961,120.0,9.0,256.280056
MCD,2026-09-08 23:45:00+00:00,256.21,256.21,256.21,256.21,100.0,4.0,256.21
MCD,2026-09-08 23:55:00+00:00,256.13,256.13,256.12,256.12,301.0,5.0,256.122759
MCD,2026-09-09 08:00:00+00:00,256.19,256.35,256.07,256.35,3256.0,262.0,256.27119
MCD,2026-09-09 08:05:00+00:00,256.24,256.24,256.2,256.23,2698.0,13.0,256.224774
MCD,2026-09-09 08:10:00+00:00,256.4,256.4,256.4,256.4,104.0,6.0,256.4
MCD,2026-09-09 08:30:00+00:00,256.3,256.39,256.3,256.39,368.0,20.0,256.327317
MCD,2026-09-09 08:45:00+00:00,256.2,256.2,256.2,256.2,117.0,5.0,256.2
MCD,2026-09-09 08:55:00+00:00,256.25,256.4,256.25,256.4,294.0,21.0,256.35461
MCD,2026-09-09 09:05:00+00:00,256.3754,256.3754,256.3754,256.3754,628.0,5.0,256.3754
MCD,2026-09-09 09:15:00+00:00,256.4,256.4,256.4,256.4,100.0,1.0,256.4
MCD,2026-09-09 09:50:00+00:00,256.16,256.36,256.1,256.1,501.0,21.0,256.205641
MCD,2026-09-09 09:55:00+00:00,256.06,256.06,256.06,256.06,144.0,10.0,256.06
MCD,2026-09-09 10:05:00+00:00,256.39,256.39,256.39,256.39,64.0,3.0,256.39
MCD,2026-09-09 10:10:00+00:00,256.26,256.26,256.26,256.26,228.0,10.0,256.26
MCD,2026-09-09 10:15:00+00:00,256.36,256.38,256.2,256.22,1104.0,25.0,256.22382
MCD,2026-09-09 10:20:00+00:00,256.37,256.4,256.2,256.2,582.0,17.0,256.370045
MCD,2026-09-09 10:25:00+00:00,256.1,256.1,256.06,256.06,900.0,11.0,256.09763
MCD,2026-09-09 10:40:00+00:00,256.0,256.0,256.0,256.0,394.0,41.0,256.0
MCD,2026-09-09 10:55:00+00:00,255.85,255.86,255.85,255.85,778.0,29.0,255.851856
MCD,2026-09-09 11:00:00+00:00,256.29,256.29,255.7,255.7,2552.0,60.0,255.816297
MCD,2026-09-09 11:05:00+00:00,255.82,255.82,255.76,255.76,205.0,22.0,255.8008
MCD,2026-09-09 11:15:00+00:00,255.76,255.76,255.76,255.76,100.0,1.0,255.76
MCD,2026-09-09 11:20:00+00:00,255.76,255.76,255.76,255.76,117.0,12.0,255.76
MCD,2026-09-09 11:25:00+00:00,255.82,256.0,255.81,256.0,1167.0,19.0,255.859306
MCD,2026-09-09 11:30:00+00:00,255.85,255.85,255.76,255.76,204.0,5.0,255.805
MCD,2026-09-09 11:40:00+00:00,255.75,255.86,255.64,255.86,1545.0,54.0,255.710318
MCD,2026-09-09 11:45:00+00:00,255.7,255.8955,255.7,255.8955,456.0,13.0,255.795125
MCD,2026-09-09 11:50:00+00:00,255.65,255.65,255.65,255.65,55.0,3.0,255.65
MCD,2026-09-09 11:55:00+00:00,255.68,255.68,255.46,255.46,844.0,122.0,255.542641
MCD,2026-09-09 12:00:00+00:00,255.78,255.78,255.78,255.78,268.0,23.0,255.78
MCD,2026-09-09 12:05:00+00:00,255.59,255.7,255.59,255.7,1339.0,31.0,255.609332
MCD,2026-09-09 12:10:00+00:00,255.01,255.03,255.0,255.0,2245.0,147.0,255.008751
MCD,2026-09-09 12:15:00+00:00,255.0,255.3001,255.0,255.3001,894.0,68.0,255.054963
MCD,2026-09-09 12:20:00+00:00,254.9,255.3587,254.9,255.322,368.0,10.0,255.280049
MCD,2026-09-09 12:30:00+00:00,255.05,255.05,255.05,255.05,203.0,3.0,255.05
MCD,2026-09-09 12:35:00+00:00,255.42,255.44,255.364,255.44,630.0,9.0,255.430172
MCD,2026-09-09 12:40:00+00:00,255.1887,255.45,255.1887,255.45,208.0,11.0,255.286688
MCD,2026-09-09 12:45:00+00:00,255.25,255.25,255.25,255.25,371.0,9.0,255.25
MCD,2026-09-09 12:50:00+00:00,255.26,255.26,255.25,255.25,910.0,13.0,255.258266
MCD,2026-09-09 12:55:00+00:00,255.35,255.35,255.35,255.35,84.0,7.0,255.35
MCD,2026-09-09 13:00:00+00:00,255.39,255.39,255.34,255.34,467.0,12.0,255.350963
MCD,2026-09-09 13:05:00+00:00,255.3309,255.43,255.3309,255.37,1081.0,51.0,255.357707
MCD,2026-09-09 13:10:00+00:00,255.36,255.37,255.36,255.37,718.0,13.0,255.369375
MCD,2026-09-09 13:15:00+00:00,255.35,255.36,255.35,255.35,758.0,21.0,255.355748
MCD,2026-09-09 13:20:00+00:00,255.3,255.3,255.29,255.3,839.0,18.0,255.297015
MCD,2026-09-09 13:25:00+00:00,255.25,255.25,255.02,255.02,1149.0,37.0,255.240707
MCD,2026-09-09 13:30:00+00:00,255.5,255.5,253.64,253.835,191212.0,5173.0,254.424793
MCD,2026-09-09 13:35:00+00:00,253.86,254.59,253.55,254.56,48760.0,2039.0,254.127934
MCD,2026-09-09 13:40:00+00:00,254.51,254.77,254.055,254.18,41353.0,1763.0,254.299913
MCD,2026-09-09 13:45:00+00:00,254.205,254.77,254.09,254.71,38431.0,1801.0,254.302064
MCD,2026-09-09 13:50:00+00:00,254.735,255.44,254.62,255.42,101411.0,2284.0,254.996257
MCD,2026-09-09 13:55:00+00:00,255.31,255.672,255.25,255.62,50623.0,1475.0,255.385475
MCD,2026-09-09 14:00:00+00:00,255.69,256.5,255.66,256.15,57092.0,2150.0,256.115397
MCD,2026-09-09 14:05:00+00:00,256.14,256.4,256.05,256.245,56359.0,1745.0,256.223845
MCD,2026-09-09 14:10:00+00:00,256.21,256.34,255.85,255.89,83854.0,2098.0,256.066159
MCD,2026-09-09 14:15:00+00:00,255.86,255.97,255.3,255.37,56367.0,1838.0,255.60821
MCD,2026-09-09 14:20:00+00:00,255.38,255.7,255.12,255.15,184229.0,2270.0,255.571004
MCD,2026-09-09 14:25:00+00:00,255.175,255.19,254.88,254.93,41222.0,1752.0,255.018535
MCD,2026-09-09 14:30:00+00:00,254.94,254.94,254.19,254.38,44208.0,1860.0,254.476707
MCD,2026-09-09 14:35:00+00:00,254.32,254.48,253.89,253.92,55836.0,2293.0,254.179455
MCD,2026-09-09 14:40:00+00:00,253.9499,254.28,253.815,254.265,44382.0,1714.0,254.034722
MCD,2026-09-09 14:45:00+00:00,254.255,254.42,254.11,254.42,34999.0,1409.0,254.248923
MCD,2026-09-09 14:50:00+00:00,254.39,254.44,254.06,254.17,46452.0,1492.0,254.220603
MCD,2026-09-09 14:55:00+00:00,254.17,254.335,254.04,254.335,52538.0,1424.0,254.16596
MCD,2026-09-09 15:00:00+00:00,254.33,254.35,254.05,254.11,25308.0,1316.0,254.177977
MCD,2026-09-09 15:05:00+00:00,254.09,254.18,253.81,253.87,43262.0,1667.0,254.022781
MCD,2026-09-09 15:10:00+00:00,253.87,254.2,253.595,254.08,67948.0,2165.0,253.779693
MCD,2026-09-09 15:15:00+00:00,254.08,254.09,253.49,253.54,65362.0,2258.0,253.798916
MCD,2026-09-09 15:20:00+00:00,253.514,253.6799,253.3458,253.62,51948.0,1954.0,253.502305
MCD,2026-09-09 15:25:00+00:00,253.6214,253.865,253.565,253.765,28146.0,1210.0,253.71626
MCD,2026-09-09 15:30:00+00:00,253.785,253.785,253.59,253.61,23953.0,1197.0,253.702486
MCD,2026-09-09 15:35:00+00:00,253.63,253.78,253.61,253.69,28983.0,1291.0,253.699326
MCD,2026-09-09 15:40:00+00:00,253.69,253.76,253.43,253.515,38591.0,1795.0,253.553054
MCD,2026-09-09 15:45:00+00:00,253.53,253.74,253.44,253.72,27821.0,1189.0,253.522201
MCD,2026-09-09 15:50:00+00:00,253.72,253.8,253.637,253.64,24986.0,972.0,253.730636
MCD,2026-09-09 15:55:00+00:00,253.67,253.689,253.55,253.58,18509.0,897.0,253.625187
MCD,2026-09-09 16:00:00+00:00,253.58,253.6899,253.48,253.48,24443.0,999.0,253.567461
MCD,2026-09-09 16:05:00+00:00,253.47,253.6379,253.43,253.57,32320.0,1100.0,253.502023
MCD,2026-09-09 16:10:00+00:00,253.57,253.6299,253.47,253.6,24326.0,920.0,253.544624
MCD,2026-09-09 16:15:00+00:00,253.6,253.63,253.52,253.57,22174.0,836.0,253.576904
MCD,2026-09-09 16:20:00+00:00,253.59,253.65,253.4,253.635,23929.0,873.0,253.558599
MCD,2026-09-09 16:25:00+00:00,253.6442,253.97,253.6442,253.9487,28051.0,959.0,253.823215
MCD,2026-09-09 16:30:00+00:00,253.965,254.01,253.58,253.79,52045.0,2015.0,253.830467
MCD,2026-09-09 16:35:00+00:00,253.7614,253.8,253.54,253.75,33003.0,944.0,253.632417
MCD,2026-09-09 16:40:00+00:00,253.7001,254.2199,253.7001,254.18,32526.0,737.0,253.909298
MCD,2026-09-09 16:45:00+00:00,254.14,254.715,254.06,254.715,33970.0,921.0,254.392757
MCD,2026-09-09 16:50:00+00:00,254.74,254.77,254.54,254.69,25072.0,746.0,254.652891
MCD,2026-09-09 16:55:00+00:00,254.66,254.73,254.51,254.59,27750.0,735.0,254.659516
MCD,2026-09-09 17:00:00+00:00,254.59,255.11,254.59,255.0801,46930.0,1033.0,254.901
MCD,2026-09-09 17:05:00+00:00,255.11,255.11,254.86,255.04,32919.0,864.0,254.982299
MCD,2026-09-09 17:10:00+00:00,255.0201,255.25,254.99,255.225,27619.0,856.0,255.086943
MCD,2026-09-09 17:15:00+00:00,255.24,255.385,255.2001,255.33,29525.0,780.0,255.301011
MCD,2026-09-09 17:20:00+00:00,255.3799,255.47,255.24,255.32,25337.0,913.0,255.349793
MCD,2026-09-09 17:25:00+00:00,255.335,255.62,255.335,255.61,23050.0,808.0,255.499692
MCD,2026-09-09 17:30:00+00:00,255.59,255.5942,255.4009,255.425,33641.0,827.0,255.4725
MCD,2026-09-09 17:35:00+00:00,255.425,255.425,255.0,255.235,35466.0,1041.0,255.25534
MCD,2026-09-09 17:40:00+00:00,255.24,255.37,255.045,255.045,23623.0,724.0,255.251745
MCD,2026-09-09 17:45:00+00:00,255.08,255.27,255.07,255.255,22654.0,676.0,255.190812
MCD,2026-09-09 17:50:00+00:00,255.25,255.42,255.24,255.3523,44339.0,1045.0,255.329186
MCD,2026-09-09 17:55:00+00:00,255.365,255.4,255.13,255.26,25305.0,866.0,255.222123
MCD,2026-09-09 18:00:00+00:00,255.22,255.35,255.08,255.3,39151.0,913.0,255.184318
MCD,2026-09-09 18:05:00+00:00,255.3,255.59,255.3,255.59,22319.0,845.0,255.473127
MCD,2026-09-09 18:10:00+00:00,255.54,255.61,255.395,255.48,21677.0,847.0,255.505218
MCD,2026-09-09 18:15:00+00:00,255.49,255.51,255.37,255.4302,40062.0,947.0,255.438519
MCD,2026-09-09 18:20:00+00:00,255.43,255.44,255.28,255.2801,31647.0,948.0,255.363646
MCD,2026-09-09 18:25:00+00:00,255.265,255.34,255.165,255.2509,21344.0,757.0,255.261102
MCD,2026-09-09 18:30:00+00:00,255.28,255.3299,254.95,255.29,39710.0,1098.0,255.141141
MCD,2026-09-09 18:35:00+00:00,255.285,255.31,255.15,255.2,21013.0,848.0,255.231984
MCD,2026-09-09 18:40:00+00:00,255.18,255.23,255.07,255.07,27493.0,936.0,255.157552
MCD,2026-09-09 18:45:00+00:00,255.06,255.17,254.92,254.95,25035.0,1020.0,255.060753
MCD,2026-09-09 18:50:00+00:00,254.9,254.9,254.71,254.75,36626.0,1048.0,254.801166
MCD,2026-09-09 18:55:00+00:00,254.77,254.85,254.76,254.78,22390.0,822.0,254.80286
MCD,2026-09-09 19:00:00+00:00,254.79,255.0199,254.76,254.89,29727.0,1089.0,254.84985
MCD,2026-09-09 19:05:00+00:00,254.87,255.05,254.86,255.0,22391.0,835.0,254.930968
MCD,2026-09-09 19:10:00+00:00,255.0,255.04,254.85,254.86,32300.0,943.0,254.934514
MCD,2026-09-09 19:15:00+00:00,254.85,254.865,254.72,254.74,38780.0,1143.0,254.789236
MCD,2026-09-09 19:20:00+00:00,254.765,254.92,254.73,254.92,33768.0,1267.0,254.830247
MCD,2026-09-09 19:25:00+00:00,254.9,254.94,254.54,254.65,45379.0,1510.0,254.71869
MCD,2026-09-09 19:30:00+00:00,254.67,254.74,254.425,254.54,48653.0,1673.0,254.580628
MCD,2026-09-09 19:35:00+00:00,254.545,254.58,254.385,254.385,43183.0,1456.0,254.510488
MCD,2026-09-09 19:40:00+00:00,254.38,254.57,254.28,254.335,48733.0,1816.0,254.383393
MCD,2026-09-09 19:45:00+00:00,254.35,254.4,254.07,254.07,50818.0,2277.0,254.249328
MCD,2026-09-09 19:50:00+00:00,254.07,254.07,253.65,253.68,102278.0,3695.0,253.789692
MCD,2026-09-09 19:55:00+00:00,253.64,253.83,253.37,253.52,279663.0,8592.0,253.575112
MCD,2026-09-09 20:00:00+00:00,253.48,253.69,253.48,253.615,688338.0,163.0,253.480184
MCD,2026-09-09 20:05:00+00:00,253.68,253.79,253.51,253.75,4917.0,100.0,253.617507
MCD,2026-09-09 20:10:00+00:00,253.8214,253.8214,253.8214,253.8214,87.0,10.0,253.8214
MCD,2026-09-09 20:20:00+00:00,253.6,253.6,253.6,253.6,69.0,6.0,253.6
MCD,2026-09-09 20:25:00+00:00,253.6372,253.6372,253.6372,253.6372,120.0,7.0,253.6372
MCD,2026-09-09 20:30:00+00:00,253.8012,253.8012,253.8012,253.8012,150.0,14.0,253.8012
MCD,2026-09-09 20:35:00+00:00,253.8036,253.8036,253.69,253.79,453.0,13.0,253.768843
MCD,2026-09-09 20:40:00+00:00,253.7,253.79,253.7,253.79,728.0,14.0,253.774395
MCD,2026-09-09 20:45:00+00:00,253.77,253.77,253.77,253.77,386.0,7.0,253.77
MCD,2026-09-09 20:55:00+00:00,253.6279,253.6279,253.6279,253.6279,127.0,6.0,253.6279
MCD,2026-09-09 21:00:00+00:00,253.61,253.75,253.61,253.7,611.0,38.0,253.70418
MCD,2026-09-09 21:05:00+00:00,253.6717,253.7683,253.66,253.6717,274.0,12.0,253.709875
MCD,2026-09-09 21:10:00+00:00,253.61,253.7679,253.6005,253.6294,1273.0,32.0,253.696046
MCD,2026-09-09 21:15:00+00:00,253.68,253.69,253.6,253.68,54730.0,16.0,253.669487
MCD,2026-09-09 21:20:00+00:00,253.68,253.68,253.68,253.68,106.0,3.0,253.68
MCD,2026-09-09 21:25:00+00:00,253.69,253.69,253.69,253.69,203.0,11.0,253.69
MCD,2026-09-09 21:30:00+00:00,253.65,253.65,253.65,253.65,292.0,15.0,253.65
MCD,2026-09-09 21:35:00+00:00,253.7809,253.79,253.7809,253.79,222.0,8.0,253.787725
MCD,2026-09-09 21:40:00+00:00,253.7816,253.7816,253.7,253.7761,378.0,17.0,253.732689
MCD,2026-09-09 21:45:00+00:00,253.71,253.71,253.71,253.71,78.0,1.0,253.71
MCD,2026-09-09 21:50:00+00:00,253.7,253.7,253.7,253.7,101.0,9.0,253.7
MCD,2026-09-09 22:05:00+00:00,253.75,253.78,253.75,253.78,310.0,16.0,253.766854
MCD,2026-09-09 22:10:00+00:00,253.79,253.79,253.79,253.79,51.0,2.0,253.79
MCD,2026-09-09 22:15:00+00:00,253.7,253.7,253.7,253.7,150.0,1.0,253.7
MCD,2026-09-09 22:20:00+00:00,253.79,253.79,253.79,253.79,168.0,5.0,253.79
MCD,2026-09-09 22:25:00+00:00,253.7899,253.7899,253.75,253.75,609.0,8.0,253.75308
MCD,2026-09-09 22:30:00+00:00,253.7454,253.7454,253.7454,253.7454,58.0,2.0,253.7454
MCD,2026-09-09 22:40:00+00:00,253.79,253.79,253.79,253.79,100.0,1.0,253.79
MCD,2026-09-09 22:45:00+00:00,253.73,253.7854,253.73,253.7854,427.0,4.0,253.765847
MCD,2026-09-09 22:50:00+00:00,253.73,253.7301,253.73,253.7301,488.0,4.0,253.73005
MCD,2026-09-09 22:55:00+00:00,253.73,253.73,253.73,253.73,106.0,3.0,253.73
MCD,2026-09-09 23:00:00+00:00,253.79,253.79,253.79,253.79,108.0,4.0,253.79
MCD,2026-09-09 23:10:00+00:00,253.6,253.7,253.6,253.7,325.0,46.0,253.65414
MCD,2026-09-09 23:25:00+00:00,253.7482,253.7482,253.7482,253.7482,221.0,8.0,253.7482
MCD,2026-09-09 23:30:00+00:00,253.75,253.75,253.75,253.75,538.0,6.0,253.75
MCD,2026-09-09 23:40:00+00:00,253.75,253.75,253.75,253.75,52.0,3.0,253.75
MCD,2026-09-09 23:50:00+00:00,253.68,253.68,253.68,253.68,64.0,2.0,253.68
MCD,2026-09-09 23:55:00+00:00,253.68,253.77,253.61,253.61,595.0,20.0,253.66835
MCD,2026-09-10 08:00:00+00:00,253.99,254.3,253.99,254.09,3400.0,279.0,254.114469
MCD,2026-09-10 08:10:00+00:00,254.25,254.3,254.25,254.3,199.0,10.0,254.278947
MCD,2026-09-10 08:50:00+00:00,254.26,254.26,254.24,254.24,1286.0,36.0,254.240977
MCD,2026-09-10 09:05:00+00:00,254.32,254.32,254.32,254.32,45.0,3.0,254.32
MCD,2026-09-10 09:25:00+00:00,254.31,254.31,254.3,254.3,289.0,21.0,254.306573
MCD,2026-09-10 09:30:00+00:00,254.32,254.39,254.32,254.39,712.0,27.0,254.357893
MCD,2026-09-10 09:35:00+00:00,254.39,254.39,254.3,254.3,563.0,13.0,254.312587
MCD,2026-09-10 09:45:00+00:00,254.43,254.43,254.43,254.43,103.0,3.0,254.43
MCD,2026-09-10 09:55:00+00:00,254.21,254.21,254.21,254.21,101.0,6.0,254.21
MCD,2026-09-10 10:00:00+00:00,254.205,254.205,254.16,254.16,407.0,29.0,254.169
MCD,2026-09-10 10:05:00+00:00,254.2,254.36,254.19,254.25,623.0,21.0,254.222419
MCD,2026-09-10 10:10:00+00:00,254.29,254.29,254.29,254.29,90.0,1.0,254.29
MCD,2026-09-10 10:40:00+00:00,254.2,254.2,254.2,254.2,53.0,1.0,254.2
MCD,2026-09-10 10:50:00+00:00,254.3,254.3,254.3,254.3,229.0,16.0,254.3
MCD,2026-09-10 10:55:00+00:00,254.17,254.17,254.17,254.17,114.0,11.0,254.17
MCD,2026-09-10 11:00:00+00:00,254.17,254.2,254.0,254.2,922.0,69.0,254.112913
MCD,2026-09-10 11:05:00+00:00,253.9393,253.9393,253.9393,253.9393,100.0,1.0,253.9393
MCD,2026-09-10 11:15:00+00:00,254.2,254.29,254.19,254.208,618.0,33.0,254.208947
MCD,2026-09-10 11:25:00+00:00,254.29,254.32,254.29,254.32,816.0,40.0,254.307157
MCD,2026-09-10 11:30:00+00:00,254.3,254.36,254.3,254.31,384.0,10.0,254.335155
MCD,2026-09-10 11:35:00+00:00,254.27,254.3,254.22,254.22,1047.0,54.0,254.267241
MCD,2026-09-10 11:45:00+00:00,254.23,254.23,254.23,254.23,101.0,5.0,254.23
MCD,2026-09-10 11:50:00+00:00,254.34,254.36,254.34,254.36,304.0,11.0,254.348899
MCD,2026-09-10 11:55:00+00:00,254.2,254.2,254.0,254.15,441.0,17.0,254.139286
MCD,2026-09-10 12:00:00+00:00,254.19,254.21,254.19,254.21,366.0,10.0,254.207329
MCD,2026-09-10 12:05:00+00:00,254.36,254.36,254.25,254.36,438.0,18.0,254.301645
MCD,2026-09-10 12:10:00+00:00,254.35,254.55,254.35,254.55,462.0,25.0,254.444609
MCD,2026-09-10 12:25:00+00:00,254.5464,254.55,254.5464,254.55,285.0,11.0,254.547441
MCD,2026-09-10 12:30:00+00:00,254.65,254.65,254.65,254.65,386.0,17.0,254.65
MCD,2026-09-10 12:35:00+00:00,254.65,254.8,253.48,254.8,200972.0,39.0,253.4846
MCD,2026-09-10 12:40:00+00:00,254.8,255.0,254.7457,254.8024,3056.0,80.0,254.83137
MCD,2026-09-10 12:45:00+00:00,254.9613,255.03,254.75,255.0183,6370.0,54.0,254.839078
MCD,2026-09-10 12:50:00+00:00,255.0185,255.38,255.01,255.3,4120.0,94.0,255.201295
MCD,2026-09-10 12:55:00+00:00,255.14,255.7349,255.14,255.31,3533.0,100.0,255.380591
MCD,2026-09-10 13:00:00+00:00,255.35,255.74,255.35,255.74,2521.0,75.0,255.429325
MCD,2026-09-10 13:05:00+00:00,255.71,255.79,255.0,255.7,771.0,39.0,255.610996
MCD,2026-09-10 13:10:00+00:00,255.55,255.56,255.1367,255.56,2261.0,51.0,255.328555
MCD,2026-09-10 13:15:00+00:00,255.6,255.72,255.21,255.68,798.0,34.0,255.446686
MCD,2026-09-10 13:20:00+00:00,255.44,255.44,255.4,255.41,2353.0,40.0,255.433542
MCD,2026-09-10 13:25:00+00:00,255.28,255.28,254.6,254.6,927.0,71.0,254.961725
MCD,2026-09-10 13:30:00+00:00,255.04,255.56,254.2685,255.0,111974.0,2179.0,255.037688
MCD,2026-09-10 13:35:00+00:00,254.995,255.5,254.2,254.21,33909.0,1417.0,255.018437
MCD,2026-09-10 13:40:00+00:00,254.21,254.444,253.81,254.35,36625.0,1507.0,254.146637
MCD,2026-09-10 13:45:00+00:00,254.31,254.33,253.6,253.735,43129.0,1604.0,253.849144
MCD,2026-09-10 13:50:00+00:00,253.8095,254.1,253.42,253.565,50482.0,1849.0,253.670089
MCD,2026-09-10 13:55:00+00:00,253.54,253.58,253.21,253.25,43827.0,1901.0,253.377802
MCD,2026-09-10 14:00:00+00:00,253.25,253.41,252.78,253.255,79737.0,3171.0,253.083922
MCD,2026-09-10 14:05:00+00:00,253.255,253.75,252.95,253.48,53953.0,1583.0,253.245341
MCD,2026-09-10 14:10:00+00:00,253.53,253.74,253.31,253.385,31312.0,1187.0,253.477277
MCD,2026-09-10 14:15:00+00:00,253.3777,253.77,253.2606,253.5,39745.0,1483.0,253.593769
MCD,2026-09-10 14:20:00+00:00,253.485,253.68,253.35,253.55,57569.0,1617.0,253.506749
MCD,2026-09-10 14:25:00+00:00,253.6,253.8299,253.27,253.4407,66609.0,1947.0,253.584597
MCD,2026-09-10 14:30:00+00:00,253.4,253.45,253.1205,253.18,38841.0,1301.0,253.280594
MCD,2026-09-10 14:35:00+00:00,253.18,253.39,253.1,253.335,19900.0,986.0,253.256189
MCD,2026-09-10 14:40:00+00:00,253.28,253.46,253.165,253.35,26486.0,974.0,253.307269
MCD,2026-09-10 14:45:00+00:00,253.31,253.31,253.01,253.23,28918.0,1183.0,253.105527
MCD,2026-09-10 14:50:00+00:00,253.245,253.32,252.7,252.74,68609.0,2389.0,253.067318
MCD,2026-09-10 14:55:00+00:00,252.74,253.1,252.55,252.72,227776.0,3157.0,252.901745
MCD,2026-09-10 15:00:00+00:00,252.72,253.0076,252.54,252.99,54794.0,1623.0,252.738053
MCD,2026-09-10 15:05:00+00:00,253.02,253.33,252.89,253.26,25176.0,1144.0,253.072896
MCD,2026-09-10 15:10:00+00:00,253.33,253.33,253.04,253.185,27043.0,1050.0,253.130922
MCD,2026-09-10 15:15:00+00:00,253.18,253.78,253.18,253.71,43794.0,1078.0,253.548188
MCD,2026-09-10 15:20:00+00:00,253.69,253.7499,253.5068,253.745,19817.0,967.0,253.659287
MCD,2026-09-10 15:25:00+00:00,253.73,253.88,253.5501,253.5604,18516.0,943.0,253.757808
MCD,2026-09-10 15:30:00+00:00,253.6,253.69,253.09,253.22,31635.0,1066.0,253.331497
MCD,2026-09-10 15:35:00+00:00,253.18,253.41,253.0001,253.06,18522.0,857.0,253.207716
MCD,2026-09-10 15:40:00+00:00,253.055,253.21,253.02,253.18,28650.0,1115.0,253.108288
MCD,2026-09-10 15:45:00+00:00,253.155,253.35,253.06,253.34,16045.0,801.0,253.20055
MCD,2026-09-10 15:50:00+00:00,253.33,253.49,253.1801,253.29,29088.0,884.0,253.345926
MCD,2026-09-10 15:55:00+00:00,253.25,253.44,253.225,253.3975,21736.0,838.0,253.369142
MCD,2026-09-10 16:00:00+00:00,253.4,253.625,253.4,253.575,22262.0,828.0,253.541174
MCD,2026-09-10 16:05:00+00:00,253.54,253.71,253.45,253.64,25612.0,863.0,253.559971
MCD,2026-09-10 16:10:00+00:00,253.63,253.765,253.59,253.725,21430.0,813.0,253.699812
MCD,2026-09-10 16:15:00+00:00,253.73,253.89,253.67,253.85,16255.0,657.0,253.735416
MCD,2026-09-10 16:20:00+00:00,253.87,254.1,253.78,254.08,18117.0,712.0,253.921229
MCD,2026-09-10 16:25:00+00:00,254.05,254.395,254.05,254.3,24026.0,776.0,254.224472
MCD,2026-09-10 16:30:00+00:00,254.28,254.41,254.18,254.33,21724.0,823.0,254.285024
MCD,2026-09-10 16:35:00+00:00,254.31,254.5,254.1501,254.2995,26921.0,739.0,254.423406
MCD,2026-09-10 16:40:00+00:00,254.28,254.28,254.05,254.19,18558.0,660.0,254.163036
MCD,2026-09-10 16:45:00+00:00,254.21,254.27,254.0988,254.14,15636.0,598.0,254.178928
MCD,2026-09-10 16:50:00+00:00,254.145,254.25,253.8101,254.225,20934.0,697.0,254.090035
MCD,2026-09-10 16:55:00+00:00,254.25,254.25,253.68,253.965,48214.0,920.0,253.842722
MCD,2026-09-10 17:00:00+00:00,253.96,254.1,253.75,253.855,46528.0,836.0,253.92542
MCD,2026-09-10 17:05:00+00:00,253.86,253.9394,253.51,253.58,25306.0,648.0,253.61843
MCD,2026-09-10 17:10:00+00:00,253.51,253.7599,253.5,253.62,29964.0,775.0,253.593826
MCD,2026-09-10 17:15:00+00:00,253.65,254.02,253.59,254.02,16289.0,732.0,253.745888
MCD,2026-09-10 17:20:00+00:00,253.94,254.1156,253.87,253.96,36086.0,957.0,253.98241
MCD,2026-09-10 17:25:00+00:00,253.96,254.0,253.68,253.77,40272.0,1080.0,253.809582
MCD,2026-09-10 17:30:00+00:00,253.77,253.84,253.52,253.57,41933.0,1113.0,253.689825
MCD,2026-09-10 17:35:00+00:00,253.565,253.7799,253.35,253.35,31248.0,1087.0,253.594483
MCD,2026-09-10 17:40:00+00:00,253.34,253.35,253.1,253.18,46848.0,1390.0,253.20384
MCD,2026-09-10 17:45:00+00:00,253.15,253.375,253.1,253.375,22102.0,1085.0,253.228558
MCD,2026-09-10 17:50:00+00:00,253.42,253.85,253.42,253.68,24416.0,1059.0,253.627205
MCD,2026-09-10 17:55:00+00:00,253.7,253.73,253.37,253.58,22217.0,834.0,253.501871
MCD,2026-09-10 18:00:00+00:00,253.6,253.71,253.445,253.575,24584.0,973.0,253.581903
MCD,2026-09-10 18:05:00+00:00,253.55,253.63,253.215,253.215,18640.0,926.0,253.403955
MCD,2026-09-10 18:10:00+00:00,253.17,253.24,252.9,252.9,37653.0,1395.0,253.049377
MCD,2026-09-10 18:15:00+00:00,252.9,253.08,252.87,252.975,25434.0,937.0,252.969932
MCD,2026-09-10 18:20:00+00:00,252.96,253.3509,252.95,253.2299,20425.0,814.0,253.143042
MCD,2026-09-10 18:25:00+00:00,253.17,253.3999,253.1,253.21,17537.0,828.0,253.256293
MCD,2026-09-10 18:30:00+00:00,253.17,253.44,253.1,253.415,40245.0,867.0,253.276595
MCD,2026-09-10 18:35:00+00:00,253.415,253.6982,253.34,253.43,27967.0,965.0,253.504242
MCD,2026-09-10 18:40:00+00:00,253.44,253.58,253.34,253.4694,24203.0,856.0,253.449942
MCD,2026-09-10 18:45:00+00:00,253.371,253.371,253.15,253.25,23170.0,912.0,253.254581
MCD,2026-09-10 18:50:00+00:00,253.25,253.3812,253.1,253.205,20972.0,1054.0,253.252676
MCD,2026-09-10 18:55:00+00:00,253.23,253.23,253.08,253.11,25810.0,1016.0,253.159729
MCD,2026-09-10 19:00:00+00:00,253.13,253.3,252.985,252.985,31028.0,1196.0,253.166951
MCD,2026-09-10 19:05:00+00:00,252.9736,253.345,252.9736,253.345,30935.0,1044.0,253.165385
MCD,2026-09-10 19:10:00+00:00,253.31,253.33,253.0,253.1906,43317.0,1089.0,253.149971
MCD,2026-09-10 19:15:00+00:00,253.19,253.28,253.035,253.07,42544.0,1368.0,253.153536
MCD,2026-09-10 19:20:00+00:00,253.0455,253.08,252.88,253.03,31782.0,1288.0,252.993681
MCD,2026-09-10 19:25:00+00:00,253.0301,253.17,253.01,253.13,30010.0,1141.0,253.091546
MCD,2026-09-10 19:30:00+00:00,253.135,253.18,252.82,252.92,40089.0,1588.0,253.003739
MCD,2026-09-10 19:35:00+00:00,252.96,253.08,252.82,253.0,47287.0,1592.0,252.951498
MCD,2026-09-10 19:40:00+00:00,253.01,253.1975,252.98,253.145,40298.0,1457.0,253.10299
MCD,2026-09-10 19:45:00+00:00,253.12,253.2,252.95,252.96,49307.0,1806.0,253.031617
MCD,2026-09-10 19:50:00+00:00,252.98,253.02,252.78,252.88,79844.0,2634.0,252.89944
MCD,2026-09-10 19:55:00+00:00,252.88,253.0825,252.64,253.04,202238.0,6518.0,252.821225
MCD,2026-09-10 20:00:00+00:00,253.05,253.05,252.75,252.75,705249.0,141.0,253.049971
MCD,2026-09-10 20:10:00+00:00,252.8437,253.3,252.8437,253.3,85777.0,17.0,253.2532
MCD,2026-09-10 20:20:00+00:00,253.0265,253.06,253.0265,253.06,701.0,26.0,253.037773
MCD,2026-09-10 20:25:00+00:00,253.06,253.06,253.06,253.06,159.0,10.0,253.06
MCD,2026-09-10 20:30:00+00:00,253.06,253.06,253.06,253.06,73.0,5.0,253.06
MCD,2026-09-10 20:35:00+00:00,253.05,253.1,253.0,253.0,712.0,18.0,253.049773
MCD,2026-09-10 20:40:00+00:00,253.0341,253.2,253.0341,253.2,127.0,3.0,253.132008
MCD,2026-09-10 20:45:00+00:00,253.1,253.1659,253.1,253.1659,7526.0,5.0,253.129618
MCD,2026-09-10 20:50:00+00:00,253.0,253.2,253.0,253.2,185.0,10.0,253.066667
MCD,2026-09-10 20:55:00+00:00,253.1663,253.1663,253.05,253.05,115.0,4.0,253.114018
MCD,2026-09-10 21:00:00+00:00,253.05,253.05,253.0,253.0,410.0,2.0,253.043902
MCD,2026-09-10 21:05:00+00:00,253.06,253.06,253.06,253.06,130.0,3.0,253.06
MCD,2026-09-10 21:10:00+00:00,253.031,253.06,253.0,253.0,1621.0,33.0,253.017592
MCD,2026-09-10 21:15:00+00:00,253.1785,253.1785,253.1785,253.1785,51.0,2.0,253.1785
MCD,2026-09-10 21:20:00+00:00,253.11,253.11,253.11,253.11,265967.0,11.0,253.11
MCD,2026-09-10 21:25:00+00:00,253.1,253.1,253.1,253.1,403.0,2.0,253.1
MCD,2026-09-10 21:45:00+00:00,253.2,253.2,253.2,253.2,103.0,2.0,253.2
MCD,2026-09-10 21:50:00+00:00,253.2,253.2,253.2,253.2,111.0,3.0,253.2
MCD,2026-09-10 22:00:00+00:00,253.1901,253.1901,253.15,253.15,189.0,9.0,253.171747
MCD,2026-09-10 22:15:00+00:00,253.15,253.15,253.1495,253.15,316.0,6.0,253.149821
MCD,2026-09-10 22:25:00+00:00,253.15,253.16,253.15,253.16,100.0,2.0,253.156
MCD,2026-09-10 22:30:00+00:00,253.188,253.188,253.188,253.188,50.0,1.0,253.188
MCD,2026-09-10 22:45:00+00:00,253.2,253.2,253.2,253.2,53.0,3.0,253.2
MCD,2026-09-10 22:50:00+00:00,253.1415,253.1415,253.1415,253.1415,1004.0,4.0,253.1415
MCD,2026-09-10 22:55:00+00:00,253.14,253.14,253.14,253.14,90.0,3.0,253.14
MCD,2026-09-10 23:05:00+00:00,253.15,253.15,253.15,253.15,202.0,2.0,253.15
MCD,2026-09-10 23:10:00+00:00,253.2,253.2,253.2,253.2,61.0,3.0,253.2
MCD,2026-09-10 23:25:00+00:00,253.1,253.1,253.1,253.1,1976.0,14.0,253.1
MCD,2026-09-10 23:30:00+00:00,253.08,253.2,253.08,253.08,287.0,6.0,253.156087
MCD,2026-09-10 23:40:00+00:00,253.13,253.13,253.13,253.13,116.0,9.0,253.13
MCD,2026-09-10 23:50:00+00:00,253.16,253.2,253.16,253.1992,328.0,5.0,253.192308
MCD,2026-09-10 23:55:00+00:00,253.1996,253.1996,253.1,253.1,1102.0,18.0,253.152557
MCD,2026-09-11 08:00:00+00:00,253.1,253.96,253.1,253.96,1629.0,243.0,253.63809
MCD,2026-09-11 08:25:00+00:00,253.99,253.99,253.99,253.99,115.0,6.0,253.99
MCD,2026-09-11 08:50:00+00:00,253.95,253.95,253.95,253.95,501.0,3.0,253.95
MCD,2026-09-11 09:00:00+00:00,254.01,254.02,254.01,254.02,599.0,40.0,254.013902
MCD,2026-09-11 09:55:00+00:00,253.9896,253.9896,253.9896,253.9896,122.0,7.0,253.9896
MCD,2026-09-11 10:00:00+00:00,254.02,254.02,254.02,254.02,239.0,8.0,254.02
MCD,2026-09-11 10:10:00+00:00,253.98,253.98,253.98,253.98,89.0,2.0,253.98
MCD,2026-09-11 10:20:00+00:00,254.1295,254.1295,254.1295,254.1295,100.0,1.0,254.1295
MCD,2026-09-11 10:35:00+00:00,254.0068,254.0068,254.0068,254.0068,80.0,1.0,254.0068
MCD,2026-09-11 10:40:00+00:00,254.12,254.12,254.12,254.12,207.0,18.0,254.12
MCD,2026-09-11 10:55:00+00:00,254.01,254.01,254.0,254.0,275.0,17.0,254.003333
MCD,2026-09-11 11:00:00+00:00,254.0,254.1268,254.0,254.1268,433.0,5.0,254.084024
MCD,2026-09-11 11:05:00+00:00,254.0,254.3,254.0,254.0,649.0,13.0,254.12
MCD,2026-09-11 11:10:00+00:00,254.0,254.0,254.0,254.0,1029.0,5.0,254.0
MCD,2026-09-11 11:35:00+00:00,253.86,253.86,253.86,253.86,184.0,20.0,253.86
MCD,2026-09-11 11:40:00+00:00,253.85,253.85,253.85,253.85,74.0,4.0,253.85
MCD,2026-09-11 11:45:00+00:00,253.9891,253.9891,253.9891,253.9891,100.0,1.0,253.9891
MCD,2026-09-11 11:50:00+00:00,253.99,253.99,253.8001,253.8001,329.0,4.0,253.823838
MCD,2026-09-11 12:00:00+00:00,253.95,253.95,253.95,253.95,117.0,8.0,253.95
MCD,2026-09-11 12:05:00+00:00,253.8,253.91,253.8,253.91,132.0,5.0,253.867364
MCD,2026-09-11 12:10:00+00:00,253.94,253.94,253.92,253.92,146.0,6.0,253.93087
MCD,2026-09-11 12:15:00+00:00,254.26,254.45,254.26,254.45,1932.0,36.0,254.311524
MCD,2026-09-11 12:20:00+00:00,254.5,254.5,254.3,254.4,6581.0,51.0,254.477918
MCD,2026-09-11 12:25:00+00:00,254.4074,254.48,254.4,254.48,2988.0,30.0,254.404559
MCD,2026-09-11 12:30:00+00:00,254.0099,254.5,254.0099,254.5,161.0,5.0,254.344905
MCD,2026-09-11 12:35:00+00:00,254.124,254.124,254.124,254.124,160.0,4.0,254.124
MCD,2026-09-11 12:40:00+00:00,254.2978,254.4,254.14,254.4,688.0,31.0,254.293778
MCD,2026-09-11 12:45:00+00:00,254.3,254.5,254.3,254.5,1273.0,13.0,254.326689
MCD,2026-09-11 12:50:00+00:00,254.5,254.5,254.5,254.5,319.0,7.0,254.5
MCD,2026-09-11 12:55:00+00:00,254.7,254.7,254.7,254.7,262.0,17.0,254.7
MCD,2026-09-11 13:00:00+00:00,254.62,254.99,254.62,254.7,1851.0,68.0,254.810234
MCD,2026-09-11 13:05:00+00:00,254.62,254.91,254.62,254.62,1816.0,66.0,254.659637
MCD,2026-09-11 13:10:00+00:00,254.6268,254.63,254.48,254.48,1145.0,37.0,254.58485
MCD,2026-09-11 13:15:00+00:00,254.45,254.45,254.45,254.45,150.0,9.0,254.45
MCD,2026-09-11 13:20:00+00:00,254.44,254.44,254.44,254.44,114.0,4.0,254.44
MCD,2026-09-11 13:25:00+00:00,254.11,254.11,253.5,253.5,3867.0,244.0,253.696866
MCD,2026-09-11 13:30:00+00:00,253.98,254.73,253.5522,253.95,196906.0,2591.0,254.039749
MCD,2026-09-11 13:35:00+00:00,253.79,254.1261,253.1,253.195,59456.0,1795.0,253.457083
MCD,2026-09-11 13:40:00+00:00,253.2202,253.3999,252.4,252.725,60140.0,2429.0,252.881954
MCD,2026-09-11 13:45:00+00:00,252.725,253.28,252.53,252.85,67350.0,1908.0,252.893556
MCD,2026-09-11 13:50:00+00:00,252.825,253.18,252.31,252.3899,70408.0,1972.0,252.807043
MCD,2026-09-11 13:55:00+00:00,252.355,253.0,252.33,252.7399,62743.0,1936.0,252.588345
MCD,2026-09-11 14:00:00+00:00,252.53,252.68,252.15,252.67,66771.0,2397.0,252.444951
MCD,2026-09-11 14:05:00+00:00,252.62,252.71,252.42,252.42,49880.0,1853.0,252.569658
MCD,2026-09-11 14:10:00+00:00,252.435,252.52,252.22,252.485,68740.0,2299.0,252.404937
MCD,2026-09-11 14:15:00+00:00,252.5,253.27,252.48,253.176,53628.0,1818.0,252.933079
MCD,2026-09-11 14:20:00+00:00,253.14,253.18,252.91,252.93,33080.0,1231.0,253.028782
MCD,2026-09-11 14:25:00+00:00,252.9,252.97,252.64,252.925,33796.0,1215.0,252.81667
MCD,2026-09-11 14:30:00+00:00,252.91,252.92,252.43,252.67,42262.0,1647.0,252.639975
MCD,2026-09-11 14:35:00+00:00,252.67,252.7799,252.36,252.495,40820.0,1561.0,252.516029
MCD,2026-09-11 14:40:00+00:00,252.5,252.99,252.425,252.86,36899.0,1424.0,252.698231
MCD,2026-09-11 14:45:00+00:00,252.89,253.21,252.7689,253.07,37145.0,1446.0,252.946789
MCD,2026-09-11 14:50:00+00:00,253.09,253.15,252.85,252.9299,37046.0,1290.0,252.981922
MCD,2026-09-11 14:55:00+00:00,252.9,253.01,252.79,252.895,34826.0,1227.0,252.892908
MCD,2026-09-11 15:00:00+00:00,252.88,253.1,252.77,253.0,28288.0,1338.0,252.902095
MCD,2026-09-11 15:05:00+00:00,253.015,253.06,252.92,252.92,36467.0,1162.0,253.00073
MCD,2026-09-11 15:10:00+00:00,252.91,252.935,252.57,252.6087,41697.0,1175.0,252.708887
MCD,2026-09-11 15:15:00+00:00,252.605,252.705,252.52,252.575,38821.0,1235.0,252.599821
MCD,2026-09-11 15:20:00+00:00,252.57,252.7999,252.56,252.765,29078.0,1119.0,252.663496
MCD,2026-09-11 15:25:00+00:00,252.765,252.765,252.55,252.725,27497.0,1194.0,252.655787
MCD,2026-09-11 15:30:00+00:00,252.725,252.93,252.55,252.9,30092.0,1070.0,252.756751
MCD,2026-09-11 15:35:00+00:00,252.9,252.9999,252.84,252.97,21207.0,893.0,252.921843
MCD,2026-09-11 15:40:00+00:00,252.97,253.1999,252.9,253.11,22294.0,919.0,253.05775
MCD,2026-09-11 15:45:00+00:00,253.16,253.16,252.9,252.97,17513.0,807.0,253.059705
MCD,2026-09-11 15:50:00+00:00,252.995,253.05,252.86,253.02,20669.0,863.0,252.922227
MCD,2026-09-11 15:55:00+00:00,253.02,253.035,252.9,252.925,22718.0,851.0,252.966467
MCD,2026-09-11 16:00:00+00:00,252.925,252.94,252.75,252.8,21131.0,931.0,252.853747
MCD,2026-09-11 16:05:00+00:00,252.79,252.87,252.66,252.74,19369.0,883.0,252.777769
MCD,2026-09-11 16:10:00+00:00,252.75,252.88,252.72,252.725,23204.0,901.0,252.784503
MCD,2026-09-11 16:15:00+00:00,252.71,252.75,252.6,252.645,20230.0,822.0,252.669547
MCD,2026-09-11 16:20:00+00:00,252.62,252.8999,252.6,252.78,18806.0,775.0,252.757386
MCD,2026-09-11 16:25:00+00:00,252.75,252.97,252.745,252.91,33086.0,998.0,252.839218
MCD,2026-09-11 16:30:00+00:00,252.91,253.13,252.88,253.13,31514.0,900.0,253.023557
MCD,2026-09-11 16:35:00+00:00,253.0901,253.175,252.92,252.99,19836.0,793.0,253.05051
MCD,2026-09-11 16:40:00+00:00,252.985,253.04,252.96,253.04,15848.0,661.0,252.995509
MCD,2026-09-11 16:45:00+00:00,253.02,253.16,252.96,253.11,27847.0,894.0,253.035368
MCD,2026-09-11 16:50:00+00:00,253.14,253.255,253.0601,253.1612,19349.0,779.0,253.183207
MCD,2026-09-11 16:55:00+00:00,253.16,253.165,252.85,252.9,23782.0,773.0,253.04758
MCD,2026-09-11 17:00:00+00:00,252.93,253.23,252.92,253.15,21852.0,741.0,253.080606
MCD,2026-09-11 17:05:00+00:00,253.12,253.25,253.005,253.17,23746.0,874.0,253.133116
MCD,2026-09-11 17:10:00+00:00,253.18,253.47,253.18,253.44,28843.0,967.0,253.347059
MCD,2026-09-11 17:15:00+00:00,253.47,253.68,253.4001,253.63,31102.0,1046.0,253.544967
MCD,2026-09-11 17:20:00+00:00,253.63,253.78,253.54,253.57,45416.0,1148.0,253.646946
MCD,2026-09-11 17:25:00+00:00,253.64,253.68,253.54,253.675,16185.0,670.0,253.6075
MCD,2026-09-11 17:30:00+00:00,253.67,253.695,253.425,253.57,33645.0,1016.0,253.579315
MCD,2026-09-11 17:35:00+00:00,253.57,253.58,253.27,253.4,49198.0,884.0,253.367835
MCD,2026-09-11 17:40:00+00:00,253.42,253.63,253.42,253.58,23630.0,796.0,253.52919
MCD,2026-09-11 17:45:00+00:00,253.56,253.6,253.42,253.56,19366.0,708.0,253.515475
MCD,2026-09-11 17:50:00+00:00,253.57,253.67,253.53,253.57,20763.0,703.0,253.576571
MCD,2026-09-11 17:55:00+00:00,253.59,253.74,253.55,253.7,17497.0,952.0,253.633393
MCD,2026-09-11 18:00:00+00:00,253.7,253.745,253.35,253.41,29623.0,941.0,253.577009
MCD,2026-09-11 18:05:00+00:00,253.4207,253.51,253.365,253.44,27204.0,868.0,253.435411
MCD,2026-09-11 18:10:00+00:00,253.47,253.54,253.42,253.46,15753.0,699.0,253.482639
MCD,2026-09-11 18:15:00+00:00,253.455,253.53,253.295,253.32,21436.0,782.0,253.385815
MCD,2026-09-11 18:20:00+00:00,253.32,253.32,253.1,253.16,23794.0,831.0,253.20775
MCD,2026-09-11 18:25:00+00:00,253.175,253.18,252.88,252.93,20383.0,1008.0,253.011669
MCD,2026-09-11 18:30:00+00:00,252.93,252.93,252.72,252.785,33860.0,992.0,252.829213
MCD,2026-09-11 18:35:00+00:00,252.78,252.78,252.55,252.6,27106.0,960.0,252.644067
MCD,2026-09-11 18:40:00+00:00,252.595,252.75,252.57,252.685,26749.0,969.0,252.661078
MCD,2026-09-11 18:45:00+00:00,252.685,252.77,252.55,252.66,30595.0,1130.0,252.671178
MCD,2026-09-11 18:50:00+00:00,252.675,252.91,252.661,252.89,28659.0,994.0,252.819812
MCD,2026-09-11 18:55:00+00:00,252.885,253.08,252.855,253.035,38947.0,1017.0,252.939032
MCD,2026-09-11 19:00:00+00:00,253.035,253.1099,252.92,252.985,26268.0,1007.0,253.023143
MCD,2026-09-11 19:05:00+00:00,252.99,252.99,252.88,252.965,31938.0,1050.0,252.934413
MCD,2026-09-11 19:10:00+00:00,252.965,252.965,252.77,252.86,30607.0,1067.0,252.860017
MCD,2026-09-11 19:15:00+00:00,252.875,252.96,252.79,252.83,28978.0,1076.0,252.877188
MCD,2026-09-11 19:20:00+00:00,252.83,252.98,252.77,252.915,29763.0,1183.0,252.883071
MCD,2026-09-11 19:25:00+00:00,252.93,253.05,252.84,252.9,37535.0,1322.0,252.939541
MCD,2026-09-11 19:30:00+00:00,252.89,252.97,252.71,252.78,53406.0,1703.0,252.816842
MCD,2026-09-11 19:35:00+00:00,252.775,252.99,252.69,252.955,40253.0,1460.0,252.852609
MCD,2026-09-11 19:40:00+00:00,252.9301,253.12,252.835,253.06,52575.0,1593.0,252.992732
MCD,2026-09-11 19:45:00+00:00,253.03,253.03,252.81,252.82,52532.0,1880.0,252.89384
MCD,2026-09-11 19:50:00+00:00,252.8,252.85,252.585,252.65,74072.0,2625.0,252.702882
MCD,2026-09-11 19:55:00+00:00,252.69,252.735,252.25,252.54,301062.0,8578.0,252.474581
MCD,2026-09-11 20:00:00+00:00,252.52,252.78,252.52,252.66,846751.0,201.0,252.530261
MCD,2026-09-11 20:05:00+00:00,252.6998,252.7,252.6998,252.7,1160.0,32.0,252.699808
MCD,2026-09-11 20:10:00+00:00,252.53,252.53,252.53,252.53,781.0,14.0,252.53
MCD,2026-09-11 20:15:00+00:00,252.67,252.67,252.67,252.67,103.0,2.0,252.67
MCD,2026-09-11 20:20:00+00:00,252.65,252.65,252.65,252.65,150.0,10.0,252.65
MCD,2026-09-11 20:25:00+00:00,252.6,252.62,252.6,252.62,116.0,4.0,252.609811
MCD,2026-09-11 20:30:00+00:00,252.76,252.76,252.63,252.63,180.0,5.0,252.722857
MCD,2026-09-11 20:35:00+00:00,252.69,252.69,252.6,252.6,2230.0,15.0,252.606657
MCD,2026-09-11 20:40:00+00:00,252.6,252.6,252.6,252.6,85.0,4.0,252.6
MCD,2026-09-11 20:55:00+00:00,252.77,252.77,252.551,252.551,102510.0,64.0,252.652339
MCD,2026-09-11 21:00:00+00:00,252.5413,252.6999,252.5413,252.55,1032.0,39.0,252.577119
MCD,2026-09-11 21:10:00+00:00,252.77,252.77,252.77,252.77,185.0,9.0,252.77
MCD,2026-09-11 21:15:00+00:00,252.55,252.55,252.55,252.55,104.0,4.0,252.55
MCD,2026-09-11 21:45:00+00:00,252.64,252.7344,252.64,252.7344,136.0,7.0,252.698092
MCD,2026-09-11 21:55:00+00:00,252.7,252.7,252.7,252.7,120.0,5.0,252.7
MCD,2026-09-11 22:15:00+00:00,252.65,252.65,252.5756,252.5756,251.0,20.0,252.596857
MCD,2026-09-11 22:45:00+00:00,252.7535,252.7535,252.7535,252.7535,265.0,8.0,252.7535
MCD,2026-09-11 23:05:00+00:00,252.61,252.61,252.55,252.55,303.0,10.0,252.572997
MCD,2026-09-11 23:15:00+00:00,252.58,252.6,252.58,252.6,464.0,6.0,252.589841
MCD,2026-09-11 23:20:00+00:00,252.6,252.6,252.6,252.6,125.0,6.0,252.6
MCD,2026-09-11 23:25:00+00:00,252.6,252.6,252.6,252.6,90.0,6.0,252.6
MCD,2026-09-11 23:30:00+00:00,252.56,252.56,252.56,252.56,100.0,1.0,252.56
MCD,2026-09-11 23:35:00+00:00,252.5923,252.5923,252.53,252.53,1298.0,23.0,252.532257
MCD,2026-09-11 23:40:00+00:00,252.63,252.64,252.63,252.64,97.0,3.0,252.635745
MCD,2026-09-11 23:45:00+00:00,252.53,252.53,252.53,252.53,235.0,1.0,252.53
MCD,2026-09-11 23:50:00+00:00,252.5563,252.66,252.5563,252.58,341.0,8.0,252.579194
MCD,2026-09-11 23:55:00+00:00,252.56,252.56,252.5201,252.5201,3502.0,16.0,252.522922
MCD,2026-09-14 08:00:00+00:00,254.0,254.26,253.43,254.05,10107.0,1291.0,254.042329
MCD,2026-09-14 08:05:00+00:00,253.9,254.01,253.9,254.01,501.0,43.0,253.943796
MCD,2026-09-14 08:10:00+00:00,253.93,253.93,253.93,253.93,54.0,5.0,253.93
MCD,2026-09-14 08:15:00+00:00,253.85,254.1,253.85,254.1,470.0,10.0,253.880488
MCD,2026-09-14 08:25:00+00:00,254.0,254.0,254.0,254.0,89.0,11.0,254.0
MCD,2026-09-14 08:35:00+00:00,253.95,254.04,253.86,253.86,362.0,31.0,253.943571
MCD,2026-09-14 08:50:00+00:00,254.09,254.15,254.09,254.15,551.0,17.0,254.11
MCD,2026-09-14 08:55:00+00:00,254.18,254.18,254.1566,254.1566,413.0,31.0,254.169341
MCD,2026-09-14 09:10:00+00:00,254.2,254.3,254.19,254.3,561.0,9.0,254.27483
MCD,2026-09-14 09:15:00+00:00,254.34,254.4,254.26,254.4,1366.0,63.0,254.387765
MCD,2026-09-14 09:20:00+00:00,254.35,254.35,254.35,254.35,72.0,6.0,254.35
MCD,2026-09-14 09:35:00+00:00,254.3,254.3,254.3,254.3,85.0,1.0,254.3
MCD,2026-09-14 09:50:00+00:00,254.17,254.17,254.17,254.17,80.0,4.0,254.17
MCD,2026-09-14 10:00:00+00:00,254.27,254.27,254.27,254.27,99.0,4.0,254.27
MCD,2026-09-14 10:05:00+00:00,254.1019,254.15,254.1019,254.15,486.0,11.0,254.144812
MCD,2026-09-14 10:10:00+00:00,254.29,254.45,254.28,254.45,1066.0,44.0,254.317672
MCD,2026-09-14 10:15:00+00:00,254.48,254.5,254.48,254.5,196.0,10.0,254.489262
MCD,2026-09-14 10:20:00+00:00,254.56,254.57,254.56,254.57,296.0,15.0,254.564624
MCD,2026-09-14 10:35:00+00:00,254.4,254.4,254.4,254.4,704.0,18.0,254.4
MCD,2026-09-14 10:40:00+00:00,254.2,254.2,254.14,254.14,1174.0,47.0,254.145155
MCD,2026-09-14 10:45:00+00:00,254.11,254.11,254.0,254.0,1150.0,60.0,254.087965
MCD,2026-09-14 10:50:00+00:00,253.95,253.95,253.95,253.95,119.0,18.0,253.95
MCD,2026-09-14 10:55:00+00:00,254.2,254.2,254.2,254.2,109.0,2.0,254.2
MCD,2026-09-14 11:00:00+00:00,254.0514,254.14,254.0,254.14,1383.0,60.0,254.066633
MCD,2026-09-14 11:05:00+00:00,253.97,254.12,253.97,254.05,861.0,38.0,254.028816
MCD,2026-09-14 11:10:00+00:00,253.99,254.25,253.99,254.0,807.0,41.0,254.097346
MCD,2026-09-14 11:20:00+00:00,254.49,254.49,254.0,254.0,123.0,7.0,254.272222
MCD,2026-09-14 11:25:00+00:00,254.0,254.0,254.0,254.0,432.0,10.0,254.0
MCD,2026-09-14 11:30:00+00:00,253.93,254.1,253.93,254.0351,655.0,28.0,254.012365
MCD,2026-09-14 11:35:00+00:00,254.1,254.1,254.1,254.1,388.0,5.0,254.1
MCD,2026-09-14 11:40:00+00:00,254.18,254.18,254.18,254.18,108.0,9.0,254.18
MCD,2026-09-14 11:45:00+00:00,254.26,254.26,254.26,254.26,201.0,7.0,254.26
MCD,2026-09-14 11:55:00+00:00,254.11,254.25,254.11,254.25,2243.0,23.0,254.246554
MCD,2026-09-14 12:00:00+00:00,254.1,254.56,254.1,254.56,2680.0,64.0,254.457022
MCD,2026-09-14 12:05:00+00:00,254.5,254.5,254.454,254.4608,786.0,14.0,254.488848
MCD,2026-09-14 12:10:00+00:00,254.52,254.55,254.52,254.55,499.0,37.0,254.536207
MCD,2026-09-14 12:15:00+00:00,254.5562,254.57,254.3,254.3,720.0,41.0,254.505222
MCD,2026-09-14 12:20:00+00:00,254.38,254.4,254.38,254.4,182.0,13.0,254.39
MCD,2026-09-14 12:25:00+00:00,254.4999,254.5,254.396,254.3986,2057.0,39.0,254.431192
MCD,2026-09-14 12:30:00+00:00,254.46,254.46,254.45,254.46,519.0,24.0,254.458767
MCD,2026-09-14 12:35:00+00:00,254.41,254.41,254.41,254.41,273.0,4.0,254.41
MCD,2026-09-14 12:40:00+00:00,254.42,254.48,254.3763,254.42,2174.0,82.0,254.412006
MCD,2026-09-14 12:45:00+00:00,254.49,254.9,254.49,254.76,3010.0,98.0,254.776227
MCD,2026-09-14 12:50:00+00:00,254.8,254.99,254.79,254.79,2168.0,69.0,254.895722
MCD,2026-09-14 12:55:00+00:00,254.79,255.5,254.17,255.2499,7100.0,152.0,255.058853
MCD,2026-09-14 13:00:00+00:00,255.02,255.25,254.86,255.01,1814.0,80.0,255.003978
MCD,2026-09-14 13:05:00+00:00,255.0,255.49,255.0,255.16,2282.0,67.0,255.151131
MCD,2026-09-14 13:10:00+00:00,255.22,255.26,255.11,255.2,4012.0,112.0,255.17239
MCD,2026-09-14 13:15:00+00:00,255.24,255.25,255.0172,255.1,4643.0,159.0,255.185408
MCD,2026-09-14 13:20:00+00:00,255.16,255.2,255.05,255.2,1063.0,44.0,255.096237
MCD,2026-09-14 13:25:00+00:00,255.3155,255.3155,254.25,254.36,4961.0,165.0,254.967986
MCD,2026-09-14 13:30:00+00:00,254.28,257.32,254.28,257.32,240806.0,4517.0,256.037411
MCD,2026-09-14 13:35:00+00:00,257.2051,257.635,256.8028,257.57,109939.0,2925.0,257.283503
MCD,2026-09-14 13:40:00+00:00,257.57,257.68,257.01,257.105,70828.0,2284.0,257.438595
MCD,2026-09-14 13:45:00+00:00,257.16,257.2,256.5,257.02,64547.0,2068.0,256.79707
MCD,2026-09-14 13:50:00+00:00,256.965,257.8,256.89,257.14,74337.0,2229.0,257.347377
MCD,2026-09-14 13:55:00+00:00,257.15,257.5,256.88,257.34,57617.0,2137.0,257.148845
MCD,2026-09-14 14:00:00+00:00,257.25,257.49,257.0,257.1801,38683.0,1616.0,257.282195
MCD,2026-09-14 14:05:00+00:00,257.26,257.29,256.8901,257.02,34268.0,1509.0,257.031436
MCD,2026-09-14 14:10:00+00:00,257.045,257.045,256.61,256.705,32796.0,1569.0,256.788704
MCD,2026-09-14 14:15:00+00:00,256.66,257.2399,256.52,257.085,50540.0,1692.0,256.934981
MCD,2026-09-14 14:20:00+00:00,257.085,257.45,257.02,257.26,32086.0,1457.0,257.249643
MCD,2026-09-14 14:25:00+00:00,257.23,257.33,256.98,257.33,44067.0,2962.0,257.092903
MCD,2026-09-14 14:30:00+00:00,257.33,257.51,256.9,257.33,50944.0,1642.0,257.268694
MCD,2026-09-14 14:35:00+00:00,257.33,258.05,257.33,257.755,76809.0,2305.0,257.870342
MCD,2026-09-14 14:40:00+00:00,257.81,257.94,257.42,257.52,36813.0,1435.0,257.688329
MCD,2026-09-14 14:45:00+00:00,257.48,257.76,257.39,257.68,25274.0,1165.0,257.614868
MCD,2026-09-14 14:50:00+00:00,257.69,257.83,257.475,257.625,50208.0,1575.0,257.678831
MCD,2026-09-14 14:55:00+00:00,257.6499,257.71,257.28,257.34,42388.0,1551.0,257.524083
MCD,2026-09-14 15:00:00+00:00,257.345,257.44,257.165,257.44,33384.0,1244.0,257.354317
MCD,2026-09-14 15:05:00+00:00,257.445,258.17,257.445,258.035,51980.0,1742.0,257.875218
MCD,2026-09-14 15:10:00+00:00,258.02,258.45,257.74,257.86,63860.0,2027.0,258.112813
MCD,2026-09-14 15:15:00+00:00,257.8769,257.8769,257.415,257.695,31660.0,1170.0,257.642858
MCD,2026-09-14 15:20:00+00:00,257.7,257.7242,257.46,257.67,26503.0,948.0,257.593469
MCD,2026-09-14 15:25:00+00:00,257.63,257.76,257.5195,257.6601,21803.0,1093.0,257.663668
MCD,2026-09-14 15:30:00+00:00,257.72,257.9199,257.43,257.835,38159.0,1456.0,257.675478
MCD,2026-09-14 15:35:00+00:00,257.81,258.2199,257.6154,258.17,55840.0,1652.0,257.868691
MCD,2026-09-14 15:40:00+00:00,258.19,258.33,257.96,258.275,55051.0,1711.0,258.136157
MCD,2026-09-14 15:45:00+00:00,258.2908,258.4399,257.885,257.91,43967.0,1377.0,258.178029
MCD,2026-09-14 15:50:00+00:00,257.905,257.97,257.63,257.942,18712.0,867.0,257.828188
MCD,2026-09-14 15:55:00+00:00,257.935,258.0,257.83,257.92,25573.0,1013.0,257.941352
MCD,2026-09-14 16:00:00+00:00,257.92,258.02,257.633,257.74,31146.0,1095.0,257.783324
MCD,2026-09-14 16:05:00+00:00,257.73,257.865,257.58,257.85,28158.0,1044.0,257.716907
MCD,2026-09-14 16:10:00+00:00,257.815,257.835,257.412,257.47,49712.0,1077.0,257.676275
MCD,2026-09-14 16:15:00+00:00,257.47,257.54,257.23,257.38,22564.0,968.0,257.361473
MCD,2026-09-14 16:20:00+00:00,257.35,257.48,257.31,257.4429,23963.0,833.0,257.388091
MCD,2026-09-14 16:25:00+00:00,257.43,257.43,257.21,257.305,24248.0,849.0,257.333923
MCD,2026-09-14 16:30:00+00:00,257.3,257.58,257.28,257.4999,19235.0,831.0,257.458501
MCD,2026-09-14 16:35:00+00:00,257.4,257.56,257.39,257.44,17592.0,780.0,257.46118
MCD,2026-09-14 16:40:00+00:00,257.435,257.49,257.3305,257.35,15549.0,822.0,257.428078
MCD,2026-09-14 16:45:00+00:00,257.33,257.65,257.33,257.62,21231.0,1057.0,257.456364
MCD,2026-09-14 16:50:00+00:00,257.59,257.655,257.4701,257.54,15696.0,713.0,257.578056
MCD,2026-09-14 16:55:00+00:00,257.54,257.545,257.22,257.285,18356.0,837.0,257.317732
MCD,2026-09-14 17:00:00+00:00,257.285,257.4,257.17,257.195,15907.0,740.0,257.27744
MCD,2026-09-14 17:05:00+00:00,257.195,257.27,257.08,257.175,23554.0,705.0,257.173
MCD,2026-09-14 17:10:00+00:00,257.14,257.47,257.13,257.47,19008.0,803.0,257.248384
MCD,2026-09-14 17:15:00+00:00,257.47,257.52,257.32,257.35,16195.0,678.0,257.400488
MCD,2026-09-14 17:20:00+00:00,257.35,257.35,257.06,257.125,20410.0,799.0,257.169886
MCD,2026-09-14 17:25:00+00:00,257.1,257.11,256.9301,257.07,34887.0,982.0,257.010408
MCD,2026-09-14 17:30:00+00:00,257.0677,257.26,257.01,257.115,32015.0,1057.0,257.139874
MCD,2026-09-14 17:35:00+00:00,257.12,257.22,256.98,257.145,29978.0,984.0,257.119903
MCD,2026-09-14 17:40:00+00:00,257.155,257.21,257.05,257.16,17611.0,723.0,257.137796
MCD,2026-09-14 17:45:00+00:00,257.19,257.345,257.13,257.1801,26713.0,841.0,257.230614
MCD,2026-09-14 17:50:00+00:00,257.215,257.55,257.15,257.51,35767.0,1331.0,257.374653
MCD,2026-09-14 17:55:00+00:00,257.54,257.61,257.35,257.39,13602.0,686.0,257.461315
MCD,2026-09-14 18:00:00+00:00,257.39,257.63,257.38,257.42,27139.0,848.0,257.493181
MCD,2026-09-14 18:05:00+00:00,257.46,257.545,257.371,257.435,22334.0,826.0,257.470162
MCD,2026-09-14 18:10:00+00:00,257.435,257.6,257.41,257.58,16024.0,706.0,257.525878
MCD,2026-09-14 18:15:00+00:00,257.57,257.57,257.3501,257.415,27404.0,855.0,257.474411
MCD,2026-09-14 18:20:00+00:00,257.415,257.59,257.37,257.49,20195.0,730.0,257.530872
MCD,2026-09-14 18:25:00+00:00,257.5,257.7299,257.485,257.67,19857.0,1004.0,257.591609
MCD,2026-09-14 18:30:00+00:00,257.68,257.72,257.55,257.69,19830.0,965.0,257.62927
MCD,2026-09-14 18:35:00+00:00,257.68,258.0,257.68,257.93,18103.0,901.0,257.837681
MCD,2026-09-14 18:40:00+00:00,257.94,258.04,257.89,257.96,27860.0,954.0,257.970421
MCD,2026-09-14 18:45:00+00:00,257.94,258.07,257.85,258.07,41115.0,1053.0,257.960301
MCD,2026-09-14 18:50:00+00:00,258.07,258.13,257.9702,258.015,20845.0,945.0,258.040431
MCD,2026-09-14 18:55:00+00:00,258.015,258.16,257.8288,257.845,23646.0,1093.0,258.038274
MCD,2026-09-14 19:00:00+00:00,257.845,257.9193,257.71,257.845,27757.0,1033.0,257.797969
MCD,2026-09-14 19:05:00+00:00,257.84,257.98,257.7116,257.97,17350.0,907.0,257.869155
MCD,2026-09-14 19:10:00+00:00,257.975,258.17,257.94,258.065,24527.0,1134.0,258.069856
MCD,2026-09-14 19:15:00+00:00,258.075,258.1,257.715,257.86,38334.0,1236.0,257.892353
MCD,2026-09-14 19:20:00+00:00,257.865,257.89,257.62,257.62,28002.0,998.0,257.805238
MCD,2026-09-14 19:25:00+00:00,257.6,257.64,257.445,257.56,32250.0,1239.0,257.557294
MCD,2026-09-14 19:30:00+00:00,257.58,257.8,257.5,257.53,38497.0,1428.0,257.638501
MCD,2026-09-14 19:35:00+00:00,257.48,257.7799,257.29,257.29,37281.0,1473.0,257.540883
MCD,2026-09-14 19:40:00+00:00,257.3,257.5,257.24,257.3874,33862.0,1438.0,257.366631
MCD,2026-09-14 19:45:00+00:00,257.405,257.71,257.405,257.685,51096.0,1685.0,257.530887
MCD,2026-09-14 19:50:00+00:00,257.66,257.66,257.48,257.6,72183.0,2401.0,257.597561
MCD,2026-09-14 19:55:00+00:00,257.625,257.77,257.385,257.5,233397.0,7714.0,257.565259
MCD,2026-09-14 20:00:00+00:00,257.49,257.49,257.2604,257.2604,674161.0,130.0,257.489969
MCD,2026-09-14 20:05:00+00:00,257.52,257.52,257.52,257.52,401.0,12.0,257.52
MCD,2026-09-14 20:15:00+00:00,257.3123,257.3123,257.3123,257.3123,194.0,12.0,257.3123
MCD,2026-09-14 20:25:00+00:00,257.42,257.42,257.2965,257.2965,200.0,9.0,257.344695
MCD,2026-09-14 20:30:00+00:00,257.49,257.55,257.49,257.55,1591.0,13.0,257.53009
MCD,2026-09-14 20:35:00+00:00,257.575,257.575,257.575,257.575,117.0,6.0,257.575
MCD,2026-09-14 21:15:00+00:00,257.42,257.42,257.42,257.42,708.0,3.0,257.42
MCD,2026-09-14 21:20:00+00:00,257.5281,257.55,257.5281,257.55,111.0,5.0,257.53905
MCD,2026-09-14 21:25:00+00:00,257.5421,257.5421,257.5221,257.5413,900.0,49.0,257.534619
MCD,2026-09-14 21:55:00+00:00,257.53,257.5711,257.53,257.5711,346.0,4.0,257.536044
MCD,2026-09-14 22:00:00+00:00,257.55,257.57,257.55,257.57,1855.0,24.0,257.554167
MCD,2026-09-14 22:15:00+00:00,257.7,257.73,257.7,257.73,1590.0,30.0,257.701805
MCD,2026-09-14 22:40:00+00:00,257.99,257.99,257.7,257.72,608.0,19.0,257.764569
MCD,2026-09-14 22:50:00+00:00,257.9396,257.9396,257.75,257.76,455.0,11.0,257.840753
MCD,2026-09-14 22:55:00+00:00,257.8625,257.8625,257.7,257.7,498.0,8.0,257.785567
MCD,2026-09-14 23:05:00+00:00,257.8,257.8,257.8,257.8,314.0,2.0,257.8
MCD,2026-09-14 23:10:00+00:00,257.79,257.87,257.78,257.87,850.0,24.0,257.823926
MCD,2026-09-14 23:20:00+00:00,257.82,257.82,257.8,257.82,275.0,4.0,257.812
MCD,2026-09-14 23:25:00+00:00,257.9,257.9,257.61,257.61,429.0,8.0,257.867324
MCD,2026-09-14 23:40:00+00:00,257.89,257.89,257.89,257.89,308.0,7.0,257.89
MCD,2026-09-14 23:50:00+00:00,257.9611,257.9611,257.81,257.81,280.0,7.0,257.906746
MCD,2026-09-14 23:55:00+00:00,257.9876,257.9876,257.9876,257.9876,498.0,4.0,257.9876
MCD,2026-09-15 08:00:00+00:00,257.43,257.43,257.05,257.19,2473.0,285.0,257.185066
MCD,2026-09-15 08:05:00+00:00,257.11,257.15,257.11,257.15,415.0,10.0,257.114985
MCD,2026-09-15 08:10:00+00:00,257.17,257.17,257.15,257.15,578.0,23.0,257.152036
MCD,2026-09-15 08:15:00+00:00,257.25,257.25,257.25,257.25,280.0,12.0,257.25
MCD,2026-09-15 08:25:00+00:00,257.33,257.33,257.33,257.33,441.0,20.0,257.33
MCD,2026-09-15 08:35:00+00:00,257.5,257.5,257.44,257.44,211.0,12.0,257.466667
MCD,2026-09-15 08:40:00+00:00,257.48,257.48,257.48,257.48,279.0,7.0,257.48
MCD,2026-09-15 09:00:00+00:00,257.53,257.53,257.53,257.53,403.0,25.0,257.53
MCD,2026-09-15 09:05:00+00:00,257.58,257.58,257.58,257.58,77.0,3.0,257.58
MCD,2026-09-15 09:15:00+00:00,257.6,257.63,257.6,257.63,376.0,12.0,257.624353
MCD,2026-09-15 09:20:00+00:00,257.67,257.68,257.67,257.68,444.0,29.0,257.675204
MCD,2026-09-15 09:25:00+00:00,257.65,257.65,257.65,257.65,250.0,6.0,257.65
MCD,2026-09-15 09:45:00+00:00,257.64,257.65,257.64,257.65,619.0,33.0,257.646678
MCD,2026-09-15 09:50:00+00:00,257.3638,257.3638,257.3638,257.3638,60.0,1.0,257.3638
MCD,2026-09-15 10:00:00+00:00,257.8,257.8,257.8,257.8,272.0,9.0,257.8
MCD,2026-09-15 10:05:00+00:00,257.88,257.94,257.88,257.94,1386.0,38.0,257.937626
MCD,2026-09-15 10:10:00+00:00,257.91,257.92,257.83,257.83,324.0,29.0,257.899099
MCD,2026-09-15 10:25:00+00:00,257.8,257.8,257.8,257.8,100.0,12.0,257.8
MCD,2026-09-15 10:30:00+00:00,257.8608,258.0,257.8608,257.92,568.0,22.0,257.923782
MCD,2026-09-15 10:35:00+00:00,257.81,257.81,257.81,257.81,141.0,17.0,257.81
MCD,2026-09-15 10:40:00+00:00,257.91,257.91,257.91,257.91,272.0,7.0,257.91
MCD,2026-09-15 10:45:00+00:00,257.93,257.93,257.93,257.93,388.0,18.0,257.93
MCD,2026-09-15 10:50:00+00:00,257.77,257.77,257.68,257.68,796.0,46.0,257.742339
MCD,2026-09-15 10:55:00+00:00,257.6872,257.85,257.6872,257.82,487.0,4.0,257.81404
MCD,2026-09-15 11:00:00+00:00,257.7875,257.7875,257.4,257.4,1872.0,59.0,257.572189
MCD,2026-09-15 11:05:00+00:00,257.47,257.48,257.47,257.48,612.0,4.0,257.475197
MCD,2026-09-15 11:10:00+00:00,257.5,257.5,257.42,257.42,275.0,40.0,257.455556
MCD,2026-09-15 11:15:00+00:00,257.4,257.4,257.4,257.4,328.0,19.0,257.4
MCD,2026-09-15 11:20:00+00:00,257.35,257.35,257.1,257.1,2016.0,52.0,257.258892
MCD,2026-09-15 11:25:00+00:00,257.13,257.14,257.03,257.06,1225.0,23.0,257.085037
MCD,2026-09-15 11:30:00+00:00,257.08,257.08,257.04,257.04,579.0,4.0,257.062039
MCD,2026-09-15 11:35:00+00:00,257.03,257.03,257.03,257.03,267.0,27.0,257.03
MCD,2026-09-15 11:40:00+00:00,257.05,257.05,257.05,257.05,128.0,5.0,257.05
MCD,2026-09-15 11:45:00+00:00,257.03,257.07,257.0,257.0,1029.0,41.0,257.022274
MCD,2026-09-15 11:50:00+00:00,256.9817,256.99,256.88,256.99,357.0,7.0,256.9414
MCD,2026-09-15 11:55:00+00:00,257.0,257.08,257.0,257.08,273.0,6.0,257.014545
MCD,2026-09-15 12:00:00+00:00,257.12,257.12,257.1,257.12,150.0,4.0,257.114558
MCD,2026-09-15 12:05:00+00:00,257.11,257.11,257.07,257.07,406.0,12.0,257.081382
MCD,2026-09-15 12:10:00+00:00,257.05,257.05,257.05,257.05,105.0,8.0,257.05
MCD,2026-09-15 12:15:00+00:00,256.96,257.01,256.9,257.0,1079.0,46.0,256.971468
MCD,2026-09-15 12:20:00+00:00,256.97,256.97,256.97,256.97,800.0,3.0,256.97
MCD,2026-09-15 12:25:00+00:00,256.97,256.97,256.97,256.97,91.0,4.0,256.97
MCD,2026-09-15 12:30:00+00:00,257.05,257.05,256.97,257.04,412.0,10.0,257.028409
MCD,2026-09-15 12:35:00+00:00,257.0,257.0,257.0,257.0,1016.0,11.0,257.0
MCD,2026-09-15 12:40:00+00:00,257.0,257.0,257.0,257.0,1098.0,5.0,257.0
MCD,2026-09-15 12:45:00+00:00,257.05,257.05,257.05,257.05,519.0,31.0,257.05
MCD,2026-09-15 12:50:00+00:00,256.9502,256.9506,256.9502,256.9506,1160.0,7.0,256.950236
MCD,2026-09-15 12:55:00+00:00,257.03,257.05,256.96,256.96,732.0,29.0,257.010745
MCD,2026-09-15 13:00:00+00:00,257.0316,257.05,257.0316,257.05,320.0,5.0,257.037733
MCD,2026-09-15 13:05:00+00:00,257.0,257.02,256.95,256.97,2343.0,26.0,256.990187
MCD,2026-09-15 13:10:00+00:00,257.025,257.2,257.025,257.1943,1176.0,45.0,257.104411
MCD,2026-09-15 13:15:00+00:00,257.2,257.2,257.2,257.2,236.0,29.0,257.2
MCD,2026-09-15 13:20:00+00:00,257.25,257.59,257.25,257.57,3227.0,53.0,257.458559
MCD,2026-09-15 13:25:00+00:00,257.37,258.3,257.37,258.3,4850.0,99.0,257.918819
MCD,2026-09-15 13:30:00+00:00,257.78,257.78,255.43,255.7,167373.0,3246.0,256.917302
MCD,2026-09-15 13:35:00+00:00,255.63,255.9999,255.26,255.69,45679.0,1650.0,255.589081
MCD,2026-09-15 13:40:00+00:00,255.82,255.82,255.24,255.42,38363.0,1458.0,255.466291
MCD,2026-09-15 13:45:00+00:00,255.455,256.07,255.18,255.58,54884.0,1779.0,255.638024
MCD,2026-09-15 13:50:00+00:00,255.53,255.8099,255.42,255.8,57695.0,1538.0,255.617004
MCD,2026-09-15 13:55:00+00:00,255.825,256.14,255.73,256.02,38179.0,1412.0,255.94928
MCD,2026-09-15 14:00:00+00:00,256.01,256.07,255.5191,255.935,53749.0,1841.0,255.78538
MCD,2026-09-15 14:05:00+00:00,255.935,256.42,255.9,256.065,59645.0,1810.0,256.094523
MCD,2026-09-15 14:10:00+00:00,256.08,256.08,255.63,255.89,56008.0,1677.0,255.840756
MCD,2026-09-15 14:15:00+00:00,255.89,256.235,255.8,256.21,53652.0,1753.0,255.98126
MCD,2026-09-15 14:20:00+00:00,256.27,256.285,255.84,255.96,44245.0,1608.0,256.131546
MCD,2026-09-15 14:25:00+00:00,256.02,256.2,255.92,256.12,38517.0,1521.0,256.013337
MCD,2026-09-15 14:30:00+00:00,256.16,256.3,255.93,256.25,49391.0,1468.0,256.149775
MCD,2026-09-15 14:35:00+00:00,256.28,256.3063,256.12,256.24,32002.0,1136.0,256.217872
MCD,2026-09-15 14:40:00+00:00,256.26,256.535,256.1601,256.25,32532.0,1327.0,256.344287
MCD,2026-09-15 14:45:00+00:00,256.23,256.5985,256.16,256.55,38024.0,1270.0,256.337822
MCD,2026-09-15 14:50:00+00:00,256.55,256.69,256.4,256.47,38801.0,1302.0,256.57652
MCD,2026-09-15 14:55:00+00:00,256.5,256.52,256.0801,256.14,37773.0,1338.0,256.337808
MCD,2026-09-15 15:00:00+00:00,256.1325,256.1325,255.58,255.58,28451.0,1234.0,255.958192
MCD,2026-09-15 15:05:00+00:00,255.59,256.015,255.521,255.53,40537.0,1327.0,255.786799
MCD,2026-09-15 15:10:00+00:00,255.54,255.67,255.345,255.43,55017.0,1466.0,255.520482
MCD,2026-09-15 15:15:00+00:00,255.425,255.5,255.22,255.28,29004.0,1143.0,255.356254
MCD,2026-09-15 15:20:00+00:00,255.25,255.65,255.21,255.49,45124.0,1245.0,255.425652
MCD,2026-09-15 15:25:00+00:00,255.46,256.08,255.42,256.08,39324.0,1205.0,255.744744
MCD,2026-09-15 15:30:00+00:00,256.07,256.11,255.93,256.1,20582.0,905.0,256.045895
MCD,2026-09-15 15:35:00+00:00,256.15,256.285,256.075,256.14,24758.0,935.0,256.15477
MCD,2026-09-15 15:40:00+00:00,256.1,256.3,256.1,256.295,21371.0,759.0,256.222474
MCD,2026-09-15 15:45:00+00:00,256.32,256.33,256.06,256.12,16714.0,909.0,256.170282
MCD,2026-09-15 15:50:00+00:00,256.16,256.275,256.1145,256.12,16666.0,886.0,256.175192
MCD,2026-09-15 15:55:00+00:00,256.13,256.35,255.64,255.685,44074.0,1226.0,256.110896
MCD,2026-09-15 16:00:00+00:00,255.68,255.68,254.57,254.615,58983.0,2488.0,254.929277
MCD,2026-09-15 16:05:00+00:00,254.6,254.67,254.45,254.575,66175.0,1506.0,254.575189
MCD,2026-09-15 16:10:00+00:00,254.575,254.63,254.44,254.49,51480.0,1180.0,254.52587
MCD,2026-09-15 16:15:00+00:00,254.5207,254.65,254.32,254.5051,92520.0,1872.0,254.464538
MCD,2026-09-15 16:20:00+00:00,254.48,254.555,254.35,254.43,45096.0,1038.0,254.485797
MCD,2026-09-15 16:25:00+00:00,254.49,254.5972,254.37,254.515,27398.0,919.0,254.49364
MCD,2026-09-15 16:30:00+00:00,254.515,254.68,254.15,254.169,40507.0,1439.0,254.432434
MCD,2026-09-15 16:35:00+00:00,254.155,254.31,254.155,254.31,20667.0,913.0,254.243375
MCD,2026-09-15 16:40:00+00:00,254.305,254.615,254.27,254.585,28445.0,891.0,254.446385
MCD,2026-09-15 16:45:00+00:00,254.585,254.69,254.425,254.595,24385.0,908.0,254.568029
MCD,2026-09-15 16:50:00+00:00,254.595,254.85,254.26,254.83,34284.0,1013.0,254.550243
MCD,2026-09-15 16:55:00+00:00,254.845,254.96,254.77,254.89,34765.0,1016.0,254.872698
MCD,2026-09-15 17:00:00+00:00,254.905,254.9575,254.64,254.7425,25917.0,892.0,254.790969
MCD,2026-09-15 17:05:00+00:00,254.795,254.96,254.73,254.8798,19493.0,733.0,254.844258
MCD,2026-09-15 17:10:00+00:00,254.85,254.905,254.66,254.695,15148.0,698.0,254.770324
MCD,2026-09-15 17:15:00+00:00,254.695,254.7,254.39,254.39,28496.0,861.0,254.596608
MCD,2026-09-15 17:20:00+00:00,254.39,254.39,254.18,254.235,29818.0,1026.0,254.270061
MCD,2026-09-15 17:25:00+00:00,254.235,254.2791,254.07,254.23,23950.0,1004.0,254.186546
MCD,2026-09-15 17:30:00+00:00,254.22,254.39,254.09,254.21,42060.0,1031.0,254.207744
MCD,2026-09-15 17:35:00+00:00,254.21,254.31,254.045,254.14,26158.0,900.0,254.120671
MCD,2026-09-15 17:40:00+00:00,254.13,254.2,254.02,254.135,17844.0,805.0,254.131862
MCD,2026-09-15 17:45:00+00:00,254.135,254.16,254.07,254.075,35398.0,1155.0,254.109702
MCD,2026-09-15 17:50:00+00:00,254.08,254.09,253.97,254.04,29956.0,1232.0,254.012991
MCD,2026-09-15 17:55:00+00:00,254.011,254.05,253.91,253.92,22217.0,949.0,253.980457
MCD,2026-09-15 18:00:00+00:00,253.955,254.05,253.8511,253.875,35689.0,1194.0,253.963868
MCD,2026-09-15 18:05:00+00:00,253.8896,253.92,253.75,253.78,25544.0,1170.0,253.823137
MCD,2026-09-15 18:10:00+00:00,253.8,253.87,253.68,253.68,28621.0,1101.0,253.794107
MCD,2026-09-15 18:15:00+00:00,253.68,253.73,253.5,253.51,26437.0,1210.0,253.642793
MCD,2026-09-15 18:20:00+00:00,253.55,253.5719,253.36,253.36,23912.0,1216.0,253.463415
MCD,2026-09-15 18:25:00+00:00,253.36,253.51,253.29,253.46,26923.0,1322.0,253.402278
MCD,2026-09-15 18:30:00+00:00,253.475,253.55,253.37,253.55,27244.0,1061.0,253.459395
MCD,2026-09-15 18:35:00+00:00,253.52,253.72,253.44,253.61,24662.0,1037.0,253.55149
MCD,2026-09-15 18:40:00+00:00,253.615,253.945,253.59,253.84,31512.0,1113.0,253.804536
MCD,2026-09-15 18:45:00+00:00,253.8,253.8408,253.64,253.72,21652.0,1050.0,253.719317
MCD,2026-09-15 18:50:00+00:00,253.69,253.83,253.65,253.735,24985.0,1083.0,253.718118
MCD,2026-09-15 18:55:00+00:00,253.735,253.815,253.71,253.78,31020.0,1129.0,253.765769
MCD,2026-09-15 19:00:00+00:00,253.8,253.975,253.7,253.9201,32261.0,1173.0,253.831687
MCD,2026-09-15 19:05:00+00:00,253.965,254.02,253.55,253.685,49957.0,1351.0,253.753547
MCD,2026-09-15 19:10:00+00:00,253.69,253.71,253.6,253.71,27425.0,1153.0,253.658065
MCD,2026-09-15 19:15:00+00:00,253.71,253.83,253.54,253.575,39900.0,1394.0,253.707995
MCD,2026-09-15 19:20:00+00:00,253.575,253.74,253.5,253.59,30050.0,1088.0,253.610991
MCD,2026-09-15 19:25:00+00:00,253.595,253.8,253.5301,253.66,37921.0,1278.0,253.638717
MCD,2026-09-15 19:30:00+00:00,253.64,253.73,253.49,253.57,43604.0,1556.0,253.62189
MCD,2026-09-15 19:35:00+00:00,253.57,253.62,253.5001,253.57,33963.0,1224.0,253.571494
MCD,2026-09-15 19:40:00+00:00,253.57,253.74,253.53,253.63,55965.0,1615.0,253.64322
MCD,2026-09-15 19:45:00+00:00,253.585,253.6,253.38,253.38,69614.0,2288.0,253.523685
MCD,2026-09-15 19:50:00+00:00,253.37,253.39,253.11,253.25,108810.0,3394.0,253.25427
MCD,2026-09-15 19:55:00+00:00,253.27,253.27,252.7,252.84,432727.0,10840.0,252.866488
MCD,2026-09-15 20:00:00+00:00,252.91,253.03,252.78,253.0,1267038.0,201.0,252.780504
MCD,2026-09-15 20:05:00+00:00,253.0019,253.05,253.0,253.0,2359.0,58.0,253.005109
MCD,2026-09-15 20:10:00+00:00,253.05,253.05,253.0,253.02,799.0,22.0,253.022667
MCD,2026-09-15 20:15:00+00:00,253.05,253.29,253.05,253.29,324.0,18.0,253.205455
MCD,2026-09-15 20:20:00+00:00,253.1,253.1,253.1,253.1,1355.0,7.0,253.1
MCD,2026-09-15 20:25:00+00:00,253.15,253.15,253.15,253.15,114.0,3.0,253.15
MCD,2026-09-15 20:35:00+00:00,252.98,252.98,252.98,252.98,171.0,4.0,252.98
MCD,2026-09-15 20:50:00+00:00,253.14,253.14,253.01,253.01,134.0,7.0,253.062
MCD,2026-09-15 20:55:00+00:00,253.02,253.02,253.02,253.02,109.0,8.0,253.02
MCD,2026-09-15 21:05:00+00:00,253.1,253.1,253.06,253.06,521.0,7.0,253.080354
MCD,2026-09-15 21:10:00+00:00,253.07,253.07,253.07,253.07,271.0,8.0,253.07
MCD,2026-09-15 21:25:00+00:00,253.02,253.02,253.01,253.01,324.0,21.0,253.013333
MCD,2026-09-15 21:30:00+00:00,253.08,253.08,253.08,253.08,114.0,6.0,253.08
MCD,2026-09-15 21:35:00+00:00,253.0739,253.0739,253.0739,253.0739,155.0,2.0,253.0739
MCD,2026-09-15 21:40:00+00:00,253.01,253.05,253.01,253.01,543.0,29.0,253.021464
MCD,2026-09-15 21:45:00+00:00,253.0423,253.0423,253.0423,253.0423,200.0,1.0,253.0423
MCD,2026-09-15 21:50:00+00:00,253.01,253.01,253.01,253.01,53.0,5.0,253.01
MCD,2026-09-15 22:10:00+00:00,253.09,253.15,253.09,253.15,206.0,9.0,253.132651
MCD,2026-09-15 22:25:00+00:00,253.12,253.12,253.12,253.12,102.0,4.0,253.12
MCD,2026-09-15 22:35:00+00:00,253.1522,253.1522,253.12,253.12,533.0,6.0,253.124971
MCD,2026-09-15 22:40:00+00:00,253.01,253.01,253.0,253.0,1654.0,69.0,253.005192
MCD,2026-09-15 22:50:00+00:00,253.16,253.16,253.16,253.16,73.0,5.0,253.16
MCD,2026-09-15 22:55:00+00:00,253.14,253.15,253.14,253.15,102.0,5.0,253.145062
MCD,2026-09-15 23:10:00+00:00,253.02,253.03,253.0,253.0,376.0,18.0,253.013986
MCD,2026-09-15 23:25:00+00:00,253.0655,253.0655,253.06,253.06,272.0,8.0,253.064583
MCD,2026-09-15 23:30:00+00:00,253.15,253.15,253.15,253.15,557.0,10.0,253.15
MCD,2026-09-15 23:35:00+00:00,253.0,253.0001,252.98,252.9801,410.0,31.0,252.986257
MCD,2026-09-15 23:50:00+00:00,252.9248,253.01,252.9248,253.01,99.0,3.0,252.963092
MCD,2026-09-16 08:00:00+00:00,253.05,253.06,252.78,253.06,3904.0,355.0,252.950934
MCD,2026-09-16 08:10:00+00:00,252.76,252.76,252.76,252.76,105.0,3.0,252.76
MCD,2026-09-16 08:15:00+00:00,252.73,252.984,252.73,252.74,200.0,3.0,252.8356
MCD,2026-09-16 08:20:00+00:00,252.94,252.94,252.94,252.94,153.0,8.0,252.94
MCD,2026-09-16 08:30:00+00:00,252.83,252.83,252.83,252.83,171.0,10.0,252.83
MCD,2026-09-16 08:35:00+00:00,252.77,252.77,252.66,252.66,386.0,18.0,252.734007
MCD,2026-09-16 08:55:00+00:00,252.66,252.74,252.64,252.74,244.0,8.0,252.679565
MCD,2026-09-16 09:00:00+00:00,252.78,252.78,252.78,252.78,219.0,1.0,252.78
MCD,2026-09-16 09:20:00+00:00,252.8,252.85,252.8,252.85,530.0,5.0,252.814423
MCD,2026-09-16 09:25:00+00:00,252.9,252.9,252.8,252.8,182.0,8.0,252.866667
MCD,2026-09-16 09:30:00+00:00,252.85,252.85,252.85,252.85,50.0,2.0,252.85
MCD,2026-09-16 09:50:00+00:00,252.85,252.85,252.85,252.85,60.0,3.0,252.85
MCD,2026-09-16 10:05:00+00:00,252.89,252.89,252.86,252.86,564.0,15.0,252.870477
MCD,2026-09-16 10:10:00+00:00,252.9,252.9,252.9,252.9,259.0,7.0,252.9
MCD,2026-09-16 10:15:00+00:00,253.02,253.02,253.02,253.02,55.0,2.0,253.02
MCD,2026-09-16 10:20:00+00:00,252.99,252.99,252.99,252.99,320.0,15.0,252.99
MCD,2026-09-16 10:25:00+00:00,252.96,252.96,252.96,252.96,239.0,5.0,252.96
MCD,2026-09-16 10:35:00+00:00,253.0,253.0,252.9,252.93,531.0,23.0,252.958122
MCD,2026-09-16 10:40:00+00:00,253.02,253.02,253.02,253.02,262.0,12.0,253.02
MCD,2026-09-16 10:50:00+00:00,253.01,253.02,253.01,253.02,1057.0,20.0,253.019578
MCD,2026-09-16 10:55:00+00:00,252.99,252.99,252.99,252.99,70.0,3.0,252.99
MCD,2026-09-16 11:05:00+00:00,253.0,253.0,252.9,252.91,1413.0,25.0,252.926009
MCD,2026-09-16 11:10:00+00:00,252.98,253.22,252.98,253.15,1128.0,12.0,253.08976
MCD,2026-09-16 11:15:00+00:00,253.01,253.01,253.0,253.0,155.0,5.0,253.003846
MCD,2026-09-16 11:20:00+00:00,252.9966,253.0,252.9,252.95,1077.0,41.0,252.961099
MCD,2026-09-16 11:25:00+00:00,253.12,253.16,252.9414,252.9414,1229.0,13.0,253.119213
MCD,2026-09-16 11:30:00+00:00,252.99,252.99,252.99,252.99,274.0,19.0,252.99
MCD,2026-09-16 11:35:00+00:00,253.1,253.1,253.05,253.05,399.0,6.0,253.05651
MCD,2026-09-16 11:50:00+00:00,253.0,253.0,253.0,253.0,191.0,6.0,253.0
MCD,2026-09-16 12:00:00+00:00,253.25,253.25,253.25,253.25,105.0,3.0,253.25
MCD,2026-09-16 12:05:00+00:00,253.0,253.1999,253.0,253.0,924.0,26.0,253.012042
MCD,2026-09-16 12:15:00+00:00,253.2,253.2,253.0,253.2,2369.0,20.0,253.053915
MCD,2026-09-16 12:20:00+00:00,253.0,253.0,253.0,253.0,116.0,5.0,253.0
MCD,2026-09-16 12:25:00+00:00,252.91,253.09,252.91,253.09,135.0,14.0,253.01
MCD,2026-09-16 12:30:00+00:00,252.9683,252.9683,252.9683,252.9683,230.0,8.0,252.9683
MCD,2026-09-16 12:35:00+00:00,252.9714,252.9714,252.9714,252.9714,501.0,2.0,252.9714
MCD,2026-09-16 12:40:00+00:00,252.9376,252.95,252.9,252.9,607.0,16.0,252.927467
MCD,2026-09-16 12:45:00+00:00,252.98,252.98,252.98,252.98,156.0,13.0,252.98
MCD,2026-09-16 12:50:00+00:00,252.91,252.91,252.91,252.91,1144.0,27.0,252.91
MCD,2026-09-16 12:55:00+00:00,252.92,252.92,252.92,252.92,77.0,3.0,252.92
MCD,2026-09-16 13:00:00+00:00,252.92,252.92,252.85,252.85,133.0,9.0,252.874779
MCD,2026-09-16 13:05:00+00:00,253.0,253.0,253.0,253.0,217.0,11.0,253.0
MCD,2026-09-16 13:10:00+00:00,252.8986,253.19,252.88,253.0474,2118.0,50.0,253.042723
MCD,2026-09-16 13:15:00+00:00,253.0474,253.5,253.0356,253.3391,3932.0,87.0,253.303732
MCD,2026-09-16 13:20:00+00:00,253.331,253.68,253.331,253.68,1721.0,57.0,253.514926
MCD,2026-09-16 13:25:00+00:00,253.75,254.2,252.3,252.3,15039.0,350.0,253.627666
MCD,2026-09-16 13:30:00+00:00,252.26,253.16,250.69,250.7257,431247.0,7419.0,251.850006
MCD,2026-09-16 13:35:00+00:00,250.745,251.36,250.6,250.72,129792.0,3822.0,250.973426
MCD,2026-09-16 13:40:00+00:00,250.755,250.78,250.23,250.3897,108098.0,3754.0,250.469746
MCD,2026-09-16 13:45:00+00:00,250.4,250.78,250.175,250.6759,117089.0,3277.0,250.409724
MCD,2026-09-16 13:50:00+00:00,250.675,250.7999,249.67,249.695,149736.0,7346.0,250.093776
MCD,2026-09-16 13:55:00+00:00,249.7,249.8,249.0,249.295,139273.0,5025.0,249.409357
MCD,2026-09-16 14:00:00+00:00,249.285,249.5,248.76,248.825,154340.0,5344.0,249.021424
MCD,2026-09-16 14:05:00+00:00,248.85,248.89,247.84,248.42,374353.0,8145.0,248.377043
MCD,2026-09-16 14:10:00+00:00,248.405,248.65,248.1501,248.355,163317.0,3359.0,248.3556
MCD,2026-09-16 14:15:00+00:00,248.345,248.3799,247.83,248.1499,126053.0,4142.0,248.047943
MCD,2026-09-16 14:20:00+00:00,248.15,248.6499,248.1,248.1795,98412.0,3013.0,248.374596
MCD,2026-09-16 14:25:00+00:00,248.205,248.86,248.2001,248.74,90700.0,2534.0,248.565487
MCD,2026-09-16 14:30:00+00:00,248.74,248.9,248.41,248.725,64237.0,2617.0,248.606744
MCD,2026-09-16 14:35:00+00:00,248.695,249.29,248.66,249.22,58956.0,1959.0,248.999817
MCD,2026-09-16 14:40:00+00:00,249.22,249.86,249.16,249.8,124395.0,2237.0,249.54848
MCD,2026-09-16 14:45:00+00:00,249.825,249.94,249.68,249.8,95804.0,2553.0,249.831629
MCD,2026-09-16 14:50:00+00:00,249.835,250.44,249.2653,249.31,145018.0,2572.0,250.021079
MCD,2026-09-16 14:55:00+00:00,249.32,249.5376,249.03,249.525,48007.0,1790.0,249.247861
MCD,2026-09-16 15:00:00+00:00,249.52,249.72,249.33,249.5896,55798.0,1831.0,249.536806
MCD,2026-09-16 15:05:00+00:00,249.59,249.62,249.33,249.575,35999.0,1572.0,249.489587
MCD,2026-09-16 15:10:00+00:00,249.58,249.88,249.525,249.83,42079.0,1566.0,249.66747
MCD,2026-09-16 15:15:00+00:00,249.805,250.105,249.7101,249.945,50706.0,1689.0,249.893697
MCD,2026-09-16 15:20:00+00:00,249.9393,250.33,249.875,250.2871,110195.0,2378.0,250.07831
MCD,2026-09-16 15:25:00+00:00,250.255,250.6,250.1722,250.32,83302.0,1680.0,250.315718
MCD,2026-09-16 15:30:00+00:00,250.34,250.8696,250.2901,250.8696,91804.0,1956.0,250.578951
MCD,2026-09-16 15:35:00+00:00,250.86,251.0,250.66,250.905,49171.0,1344.0,250.849991
MCD,2026-09-16 15:40:00+00:00,250.885,251.3,250.67,251.25,82498.0,1956.0,250.907712
MCD,2026-09-16 15:45:00+00:00,251.2,251.3,250.9,251.175,58446.0,1659.0,251.161864
MCD,2026-09-16 15:50:00+00:00,251.15,251.49,251.15,251.395,35501.0,1266.0,251.32868
MCD,2026-09-16 15:55:00+00:00,251.41,251.73,251.37,251.73,33857.0,1239.0,251.551632
MCD,2026-09-16 16:00:00+00:00,251.725,251.725,251.27,251.4926,48056.0,1463.0,251.506577
MCD,2026-09-16 16:05:00+00:00,251.52,251.8,251.46,251.75,51150.0,1260.0,251.673554
MCD,2026-09-16 16:10:00+00:00,251.725,252.124,251.71,251.9,60446.0,1391.0,251.913459
MCD,2026-09-16 16:15:00+00:00,251.9,252.07,251.77,251.8207,30570.0,1038.0,251.921397
MCD,2026-09-16 16:20:00+00:00,251.865,251.9647,251.72,251.7401,21620.0,829.0,251.830716
MCD,2026-09-16 16:25:00+00:00,251.74,251.95,251.705,251.94,23256.0,920.0,251.805423
MCD,2026-09-16 16:30:00+00:00,251.93,251.975,251.755,251.91,22033.0,977.0,251.877286
MCD,2026-09-16 16:35:00+00:00,251.9,251.9257,251.74,251.75,19551.0,825.0,251.807693
MCD,2026-09-16 16:40:00+00:00,251.75,251.9799,251.5,251.8199,37633.0,1123.0,251.705945
MCD,2026-09-16 16:45:00+00:00,251.78,251.86,251.545,251.545,37660.0,953.0,251.70518
MCD,2026-09-16 16:50:00+00:00,251.53,251.84,251.52,251.7801,29096.0,1028.0,251.658149
MCD,2026-09-16 16:55:00+00:00,251.85,252.13,251.85,252.08,24718.0,1037.0,251.991553
MCD,2026-09-16 17:00:00+00:00,252.04,252.05,251.7,251.7014,25378.0,891.0,251.866121
MCD,2026-09-16 17:05:00+00:00,251.7108,251.92,251.66,251.865,23631.0,847.0,251.770785
MCD,2026-09-16 17:10:00+00:00,251.83,251.88,251.75,251.85,20707.0,725.0,251.826078
MCD,2026-09-16 17:15:00+00:00,251.83,251.86,251.76,251.76,18849.0,803.0,251.824028
MCD,2026-09-16 17:20:00+00:00,251.765,252.01,251.635,251.64,40942.0,864.0,251.803242
MCD,2026-09-16 17:25:00+00:00,251.62,252.0139,251.62,252.0139,23693.0,843.0,251.796303
MCD,2026-09-16 17:30:00+00:00,251.9684,251.9684,251.47,251.485,25449.0,1042.0,251.651089
MCD,2026-09-16 17:35:00+00:00,251.48,251.74,251.475,251.635,38941.0,1552.0,251.579706
MCD,2026-09-16 17:40:00+00:00,251.61,251.845,251.5801,251.635,28483.0,960.0,251.652404
MCD,2026-09-16 17:45:00+00:00,251.635,251.65,251.41,251.58,31685.0,1141.0,251.541614
MCD,2026-09-16 17:50:00+00:00,251.57,251.805,251.5125,251.725,17815.0,750.0,251.656714
MCD,2026-09-16 17:55:00+00:00,251.725,251.81,251.36,251.46,51993.0,1040.0,251.613548
MCD,2026-09-16 18:00:00+00:00,251.42,251.56,250.81,251.015,74587.0,1871.0,251.213108
MCD,2026-09-16 18:05:00+00:00,251.04,251.35,250.925,251.35,45013.0,1294.0,251.060616
MCD,2026-09-16 18:10:00+00:00,251.325,251.41,251.2109,251.24,29512.0,1342.0,251.301525
MCD,2026-09-16 18:15:00+00:00,251.245,251.29,250.955,251.065,43089.0,1424.0,251.114104
MCD,2026-09-16 18:20:00+00:00,251.075,251.075,250.87,250.96,44576.0,1146.0,250.946035
MCD,2026-09-16 18:25:00+00:00,250.96,251.09,250.87,250.9941,33361.0,1258.0,250.979018
MCD,2026-09-16 18:30:00+00:00,250.985,251.015,250.325,250.325,59369.0,1719.0,250.608414
MCD,2026-09-16 18:35:00+00:00,250.325,250.4399,250.17,250.36,45595.0,1534.0,250.284067
MCD,2026-09-16 18:40:00+00:00,250.37,250.84,250.365,250.495,37963.0,1246.0,250.576467
MCD,2026-09-16 18:45:00+00:00,250.475,250.66,250.4541,250.55,40278.0,1357.0,250.543675
MCD,2026-09-16 18:50:00+00:00,250.53,250.58,250.2001,250.21,56364.0,1396.0,250.409948
MCD,2026-09-16 18:55:00+00:00,250.23,250.24,250.0,250.09,42484.0,1347.0,250.120827
MCD,2026-09-16 19:00:00+00:00,250.06,250.42,250.055,250.28,40322.0,1450.0,250.275844
MCD,2026-09-16 19:05:00+00:00,250.29,250.595,250.29,250.44,38905.0,1305.0,250.427039
MCD,2026-09-16 19:10:00+00:00,250.445,250.445,250.175,250.26,43929.0,1428.0,250.312195
MCD,2026-09-16 19:15:00+00:00,250.26,250.48,249.925,250.045,73277.0,2240.0,250.195368
MCD,2026-09-16 19:20:00+00:00,250.07,250.15,249.79,249.955,63609.0,1685.0,249.987852
MCD,2026-09-16 19:25:00+00:00,249.97,249.97,249.49,249.7,64614.0,2075.0,249.711829
MCD,2026-09-16 19:30:00+00:00,249.67,249.7017,249.43,249.535,45827.0,1741.0,249.586654
MCD,2026-09-16 19:35:00+00:00,249.51,249.56,249.25,249.53,87100.0,2326.0,249.42948
MCD,2026-09-16 19:40:00+00:00,249.53,249.775,249.44,249.655,77755.0,2178.0,249.628207
MCD,2026-09-16 19:45:00+00:00,249.655,249.655,249.14,249.24,108612.0,3079.0,249.356723
MCD,2026-09-16 19:50:00+00:00,249.25,249.33,248.895,249.31,137935.0,4554.0,249.115355
MCD,2026-09-16 19:55:00+00:00,249.33,249.4,248.41,248.55,468704.0,12010.0,248.676476
MCD,2026-09-16 20:00:00+00:00,248.56,249.54,248.56,248.89,1155310.0,220.0,248.56103
MCD,2026-09-16 20:05:00+00:00,248.9,249.0,248.8,249.0,3161.0,115.0,248.903027
MCD,2026-09-16 20:10:00+00:00,248.56,249.3229,248.56,249.3229,1514.0,19.0,248.612361
MCD,2026-09-16 20:15:00+00:00,249.246,249.246,248.56,249.0,3008.0,106.0,248.813939
MCD,2026-09-16 20:20:00+00:00,248.81,248.85,248.81,248.85,433.0,8.0,248.838571
MCD,2026-09-16 20:25:00+00:00,248.89,248.89,248.89,248.89,50.0,1.0,248.89
MCD,2026-09-16 20:30:00+00:00,249.0,249.0,248.95,248.95,1190.0,14.0,248.994405
MCD,2026-09-16 20:35:00+00:00,248.95,249.238,248.95,249.238,1006.0,38.0,249.063754
MCD,2026-09-16 20:40:00+00:00,249.2032,249.23,249.12,249.12,598.0,12.0,249.1912
MCD,2026-09-16 20:45:00+00:00,249.2,249.2,249.01,249.01,310.0,21.0,249.048
MCD,2026-09-16 20:50:00+00:00,249.05,249.1729,249.05,249.05,585.0,15.0,249.116354
MCD,2026-09-16 21:00:00+00:00,249.1677,249.1677,249.1677,249.1677,87.0,5.0,249.1677
MCD,2026-09-16 21:05:00+00:00,249.12,249.12,249.11,249.11,423.0,12.0,249.111259
MCD,2026-09-16 21:10:00+00:00,249.17,249.17,249.13,249.17,499.0,17.0,249.155275
MCD,2026-09-16 21:15:00+00:00,249.14,249.14,249.14,249.14,65.0,4.0,249.14
MCD,2026-09-16 21:20:00+00:00,249.16,249.18,249.1,249.18,3226.0,26.0,249.124603
MCD,2026-09-16 21:25:00+00:00,249.2,249.2,249.12,249.19,750.0,27.0,249.17614
MCD,2026-09-16 21:35:00+00:00,249.1909,249.1909,249.1895,249.19,228.0,7.0,249.19035
MCD,2026-09-16 21:40:00+00:00,249.1799,249.1799,249.1799,249.1799,122.0,6.0,249.1799
MCD,2026-09-16 21:45:00+00:00,249.2,249.2,249.2,249.2,164.0,7.0,249.2
MCD,2026-09-16 21:50:00+00:00,249.35,249.4773,249.31,249.4637,1474.0,13.0,249.350057
MCD,2026-09-16 21:55:00+00:00,249.32,249.39,249.32,249.3761,878.0,31.0,249.373258
MCD,2026-09-16 22:00:00+00:00,249.3,249.3761,249.3,249.3761,1320.0,23.0,249.336268
MCD,2026-09-16 22:05:00+00:00,249.24,249.2419,249.24,249.2419,322.0,15.0,249.24038
MCD,2026-09-16 22:15:00+00:00,249.3891,249.3891,249.3891,249.3891,515.0,4.0,249.3891
MCD,2026-09-16 22:25:00+00:00,249.39,249.39,249.3785,249.3785,154.0,4.0,249.386167
MCD,2026-09-16 22:45:00+00:00,249.36,249.5,249.36,249.5,1265.0,47.0,249.442941
MCD,2026-09-16 22:50:00+00:00,249.57,249.73,249.49,249.49,1184.0,18.0,249.66943
MCD,2026-09-16 22:55:00+00:00,249.54,249.89,249.54,249.73,1740.0,45.0,249.613536
MCD,2026-09-16 23:00:00+00:00,249.78,249.78,249.78,249.78,83.0,9.0,249.78
MCD,2026-09-16 23:15:00+00:00,249.6,249.6,249.6,249.6,120.0,8.0,249.6
MCD,2026-09-16 23:20:00+00:00,249.6,249.6,249.4496,249.4496,260.0,7.0,249.47968
MCD,2026-09-16 23:25:00+00:00,249.58,249.72,249.58,249.72,732.0,18.0,249.588235
MCD,2026-09-16 23:30:00+00:00,249.6197,249.63,249.5418,249.5418,297.0,18.0,249.59224
MCD,2026-09-16 23:35:00+00:00,249.5,249.5,249.5,249.5,522.0,6.0,249.5
MCD,2026-09-16 23:40:00+00:00,249.48,249.5,249.41,249.41,317.0,30.0,249.469675
MCD,2026-09-16 23:45:00+00:00,249.48,249.49,249.4,249.42,530.0,21.0,249.453972
MCD,2026-09-16 23:50:00+00:00,249.42,249.42,249.42,249.42,651.0,12.0,249.42
MCD,2026-09-16 23:55:00+00:00,249.4925,249.4925,249.4925,249.4925,1474.0,4.0,249.4925
MCD,2026-09-17 08:00:00+00:00,249.8,250.0,249.49,249.56,7664.0,546.0,249.66133
MCD,2026-09-17 08:05:00+00:00,249.32,249.32,249.32,249.32,251.0,27.0,249.32
MCD,2026-09-17 08:10:00+00:00,249.55,249.55,249.55,249.55,120.0,5.0,249.55
MCD,2026-09-17 08:40:00+00:00,249.56,249.56,249.3,249.3,480.0,27.0,249.425074
MCD,2026-09-17 08:50:00+00:00,249.4,249.5,249.4,249.5,189.0,15.0,249.433333
MCD,2026-09-17 08:55:00+00:00,249.4,249.4,249.3,249.3,600.0,45.0,249.345045
MCD,2026-09-17 09:00:00+00:00,249.35,249.35,249.3,249.3,1491.0,42.0,249.302191
MCD,2026-09-17 09:10:00+00:00,249.4,249.4,249.4,249.4,489.0,12.0,249.4
MCD,2026-09-17 09:15:00+00:00,249.4,249.58,249.36,249.5,1590.0,31.0,249.414804
MCD,2026-09-17 09:20:00+00:00,249.4,249.6,249.29,249.29,497.0,13.0,249.5337
MCD,2026-09-17 09:35:00+00:00,249.5,249.5,249.5,249.5,56.0,3.0,249.5
MCD,2026-09-17 09:45:00+00:00,249.6,249.6,249.6,249.6,139.0,9.0,249.6
MCD,2026-09-17 09:50:00+00:00,249.6,249.6,249.6,249.6,50.0,1.0,249.6
MCD,2026-09-17 09:55:00+00:00,249.57,249.64,249.57,249.64,300.0,6.0,249.608168
MCD,2026-09-17 10:00:00+00:00,249.5,249.5,249.5,249.5,118.0,11.0,249.5
MCD,2026-09-17 10:05:00+00:00,249.55,249.55,249.55,249.55,64.0,5.0,249.55
MCD,2026-09-17 10:10:00+00:00,249.49,249.49,249.49,249.49,62.0,4.0,249.49
MCD,2026-09-17 10:15:00+00:00,249.44,249.44,249.44,249.44,102.0,5.0,249.44
MCD,2026-09-17 10:35:00+00:00,249.52,249.52,249.5,249.5,103.0,5.0,249.510244
MCD,2026-09-17 10:40:00+00:00,249.44,249.45,249.44,249.45,298.0,18.0,249.445051
MCD,2026-09-17 10:45:00+00:00,249.5,249.5,249.5,249.5,40.0,1.0,249.5
MCD,2026-09-17 10:50:00+00:00,249.23,249.26,249.23,249.26,594.0,39.0,249.256567
MCD,2026-09-17 10:55:00+00:00,249.26,249.64,249.26,249.64,447.0,9.0,249.298191
MCD,2026-09-17 11:00:00+00:00,249.5,249.55,249.37,249.37,914.0,44.0,249.49473
MCD,2026-09-17 11:05:00+00:00,249.35,249.35,249.29,249.29,430.0,9.0,249.301719
MCD,2026-09-17 11:10:00+00:00,249.42,249.5,249.4,249.5,621.0,14.0,249.454346
MCD,2026-09-17 11:15:00+00:00,249.4704,249.4704,249.4188,249.4188,1151.0,9.0,249.448802
MCD,2026-09-17 11:20:00+00:00,249.42,249.42,249.42,249.42,77.0,7.0,249.42
MCD,2026-09-17 11:25:00+00:00,249.49,249.5,249.49,249.5,1022.0,14.0,249.499042
MCD,2026-09-17 11:35:00+00:00,249.58,249.64,249.58,249.64,193.0,13.0,249.61907
MCD,2026-09-17 11:40:00+00:00,249.52,249.52,249.5,249.5,382.0,20.0,249.506923
MCD,2026-09-17 11:45:00+00:00,249.57,249.57,249.4,249.45,893.0,19.0,249.477947
MCD,2026-09-17 11:50:00+00:00,249.47,249.47,249.47,249.47,64.0,3.0,249.47
MCD,2026-09-17 11:55:00+00:00,249.48,249.64,249.48,249.64,570.0,29.0,249.595655
MCD,2026-09-17 12:00:00+00:00,249.48,249.69,249.48,249.56,1176.0,21.0,249.549364
MCD,2026-09-17 12:05:00+00:00,249.6417,249.8032,249.6,249.73,1883.0,27.0,249.645677
MCD,2026-09-17 12:10:00+00:00,249.76,249.76,249.6631,249.72,382.0,27.0,249.695372
MCD,2026-09-17 12:15:00+00:00,249.75,250.0,249.7,250.0,3234.0,92.0,249.868871
MCD,2026-09-17 12:20:00+00:00,250.22,250.3,250.1063,250.3,1910.0,25.0,250.17576
MCD,2026-09-17 12:25:00+00:00,250.2,250.4,250.15,250.3,2108.0,67.0,250.291335
MCD,2026-09-17 12:30:00+00:00,250.2,250.3,250.077,250.26,1697.0,56.0,250.243975
MCD,2026-09-17 12:35:00+00:00,250.1528,250.37,250.1528,250.37,268.0,7.0,250.250816
MCD,2026-09-17 12:40:00+00:00,250.25,250.3,250.15,250.15,2181.0,112.0,250.192902
MCD,2026-09-17 12:45:00+00:00,250.12,250.3,250.0109,250.1112,1102.0,80.0,250.120965
MCD,2026-09-17 12:50:00+00:00,250.14,250.25,250.0,250.0,1831.0,93.0,250.079801
MCD,2026-09-17 12:55:00+00:00,250.23,250.25,250.07,250.07,428.0,15.0,250.21772
MCD,2026-09-17 13:00:00+00:00,250.19,250.19,250.0859,250.16,1200.0,19.0,250.127479
MCD,2026-09-17 13:05:00+00:00,250.19,250.2,250.1876,250.1955,1074.0,21.0,250.194525
MCD,2026-09-17 13:10:00+00:00,250.18,250.18,249.87,249.9682,3400.0,117.0,250.013048
MCD,2026-09-17 13:15:00+00:00,249.9249,249.9249,249.81,249.83,451.0,19.0,249.835118
MCD,2026-09-17 13:20:00+00:00,249.83,249.83,249.7,249.7,743.0,61.0,249.771456
MCD,2026-09-17 13:25:00+00:00,249.61,250.2,249.55,250.2,1528.0,57.0,249.763558
MCD,2026-09-17 13:30:00+00:00,250.3,250.46,249.205,249.305,161448.0,3349.0,249.891298
MCD,2026-09-17 13:35:00+00:00,249.27,249.38,248.4,248.41,70378.0,2528.0,249.02694
MCD,2026-09-17 13:40:00+00:00,248.385,248.8768,248.1,248.64,67742.0,2352.0,248.420592
MCD,2026-09-17 13:45:00+00:00,248.63,249.4278,248.5101,249.3401,66077.0,1928.0,248.973981
MCD,2026-09-17 13:50:00+00:00,249.37,249.64,249.34,249.64,58889.0,1557.0,249.496474
MCD,2026-09-17 13:55:00+00:00,249.58,250.29,249.53,250.225,73630.0,1876.0,249.921828
MCD,2026-09-17 14:00:00+00:00,250.1842,250.1842,249.52,249.555,57868.0,1729.0,249.807645
MCD,2026-09-17 14:05:00+00:00,249.51,249.755,249.15,249.51,80385.0,2391.0,249.360604
MCD,2026-09-17 14:10:00+00:00,249.53,249.76,249.275,249.71,49892.0,1439.0,249.522224
MCD,2026-09-17 14:15:00+00:00,249.65,250.065,249.59,249.87,69574.0,1574.0,249.847412
MCD,2026-09-17 14:20:00+00:00,249.87,249.9999,249.65,249.77,46389.0,1426.0,249.856295
MCD,2026-09-17 14:25:00+00:00,249.78,249.86,249.5,249.555,44064.0,1488.0,249.706513
MCD,2026-09-17 14:30:00+00:00,249.555,249.6,249.145,249.19,43841.0,1705.0,249.3522
MCD,2026-09-17 14:35:00+00:00,249.205,249.71,249.2,249.53,64344.0,1656.0,249.498216
MCD,2026-09-17 14:40:00+00:00,249.54,249.96,249.51,249.785,37538.0,1239.0,249.755273
MCD,2026-09-17 14:45:00+00:00,249.8199,249.84,249.3501,249.45,36225.0,1365.0,249.590115
MCD,2026-09-17 14:50:00+00:00,249.45,249.45,249.01,249.05,42396.0,1334.0,249.154205
MCD,2026-09-17 14:55:00+00:00,249.075,249.11,248.835,248.975,48954.0,1773.0,248.954128
MCD,2026-09-17 15:00:00+00:00,249.02,249.13,248.97,249.06,29401.0,1168.0,249.026003
MCD,2026-09-17 15:05:00+00:00,249.02,249.06,248.8096,248.97,44408.0,1372.0,248.930258
MCD,2026-09-17 15:10:00+00:00,248.985,249.3289,248.88,249.17,30252.0,1118.0,249.114283
MCD,2026-09-17 15:15:00+00:00,249.15,249.47,249.03,249.305,39923.0,1280.0,249.243656
MCD,2026-09-17 15:20:00+00:00,249.3256,249.41,249.1901,249.245,33526.0,1178.0,249.281346
MCD,2026-09-17 15:25:00+00:00,249.2428,249.41,249.2,249.3,26506.0,1101.0,249.290855
MCD,2026-09-17 15:30:00+00:00,249.27,249.5,249.18,249.3,31533.0,1137.0,249.320173
MCD,2026-09-17 15:35:00+00:00,249.3,249.6,249.27,249.48,45746.0,1173.0,249.474473
MCD,2026-09-17 15:40:00+00:00,249.47,249.49,249.18,249.24,29183.0,1032.0,249.310539
MCD,2026-09-17 15:45:00+00:00,249.21,249.41,249.1,249.14,56446.0,1250.0,249.276768
MCD,2026-09-17 15:50:00+00:00,249.135,249.43,249.12,249.43,20834.0,759.0,249.289068
MCD,2026-09-17 15:55:00+00:00,249.37,249.74,249.37,249.61,30238.0,908.0,249.532155
MCD,2026-09-17 16:00:00+00:00,249.63,249.72,249.45,249.46,29963.0,972.0,249.619497
MCD,2026-09-17 16:05:00+00:00,249.45,249.54,249.21,249.345,26990.0,895.0,249.363004
MCD,2026-09-17 16:10:00+00:00,249.32,249.34,249.19,249.2201,19954.0,719.0,249.263883
MCD,2026-09-17 16:15:00+00:00,249.25,249.335,249.17,249.32,21105.0,776.0,249.237575
MCD,2026-09-17 16:20:00+00:00,249.3,249.41,249.265,249.275,21836.0,816.0,249.333047
MCD,2026-09-17 16:25:00+00:00,249.299,249.3,249.15,249.215,18777.0,694.0,249.211208
MCD,2026-09-17 16:30:00+00:00,249.22,249.29,249.18,249.2,18845.0,761.0,249.221565
MCD,2026-09-17 16:35:00+00:00,249.18,249.3,249.145,249.2,20824.0,817.0,249.186883
MCD,2026-09-17 16:40:00+00:00,249.16,249.28,249.13,249.2606,25984.0,812.0,249.217268
MCD,2026-09-17 16:45:00+00:00,249.255,249.26,248.9069,249.02,34144.0,1195.0,249.071098
MCD,2026-09-17 16:50:00+00:00,249.05,249.3,249.015,249.2,32946.0,913.0,249.115025
MCD,2026-09-17 16:55:00+00:00,249.18,249.27,249.1,249.27,21467.0,759.0,249.172957
MCD,2026-09-17 17:00:00+00:00,249.23,249.385,249.1901,249.33,27253.0,779.0,249.310032
MCD,2026-09-17 17:05:00+00:00,249.33,249.6,249.253,249.515,29721.0,963.0,249.427925
MCD,2026-09-17 17:10:00+00:00,249.515,249.57,249.37,249.405,37730.0,921.0,249.475214
MCD,2026-09-17 17:15:00+00:00,249.405,249.5,249.335,249.445,24912.0,780.0,249.417364
MCD,2026-09-17 17:20:00+00:00,249.4695,249.4695,249.3001,249.4594,19962.0,793.0,249.394742
MCD,2026-09-17 17:25:00+00:00,249.458,249.65,249.43,249.65,36057.0,774.0,249.530165
MCD,2026-09-17 17:30:00+00:00,249.62,249.77,249.6079,249.715,25858.0,844.0,249.677676
MCD,2026-09-17 17:35:00+00:00,249.6901,249.8,249.59,249.785,47170.0,1048.0,249.704935
MCD,2026-09-17 17:40:00+00:00,249.785,249.89,249.685,249.815,44625.0,964.0,249.798176
MCD,2026-09-17 17:45:00+00:00,249.84,249.895,249.74,249.855,46824.0,1030.0,249.80445
MCD,2026-09-17 17:50:00+00:00,249.835,249.84,249.63,249.635,35400.0,965.0,249.758306
MCD,2026-09-17 17:55:00+00:00,249.635,249.87,249.635,249.74,26358.0,914.0,249.72263
MCD,2026-09-17 18:00:00+00:00,249.74,249.92,249.7,249.8966,32647.0,1034.0,249.82577
MCD,2026-09-17 18:05:00+00:00,249.87,249.96,249.625,249.74,47920.0,1140.0,249.81558
MCD,2026-09-17 18:10:00+00:00,249.74,249.83,249.71,249.79,24569.0,909.0,249.765642
MCD,2026-09-17 18:15:00+00:00,249.79,249.95,249.76,249.785,42120.0,1128.0,249.840094
MCD,2026-09-17 18:20:00+00:00,249.77,249.78,249.45,249.475,29696.0,1145.0,249.659815
MCD,2026-09-17 18:25:00+00:00,249.475,249.63,249.45,249.48,25204.0,1046.0,249.52367
MCD,2026-09-17 18:30:00+00:00,249.51,249.73,249.41,249.455,55190.0,1472.0,249.569873
MCD,2026-09-17 18:35:00+00:00,249.4699,249.54,249.35,249.415,29713.0,982.0,249.436414
MCD,2026-09-17 18:40:00+00:00,249.415,249.49,249.27,249.28,28497.0,1048.0,249.410552
MCD,2026-09-17 18:45:00+00:00,249.265,249.5799,249.24,249.37,47492.0,1147.0,249.431086
MCD,2026-09-17 18:50:00+00:00,249.39,249.39,249.21,249.3,39044.0,1061.0,249.291204
MCD,2026-09-17 18:55:00+00:00,249.3,249.81,249.26,249.58,61133.0,1397.0,249.48917
MCD,2026-09-17 19:00:00+00:00,249.58,250.5995,249.46,250.2725,170141.0,3340.0,250.119071
MCD,2026-09-17 19:05:00+00:00,250.275,250.275,249.03,249.235,90953.0,2120.0,249.502933
MCD,2026-09-17 19:10:00+00:00,249.215,249.41,248.79,248.832,77523.0,2172.0,249.122228
MCD,2026-09-17 19:15:00+00:00,248.8623,249.0731,248.65,248.83,82172.0,2000.0,248.929327
MCD,2026-09-17 19:20:00+00:00,248.7601,249.12,248.66,248.97,46955.0,1191.0,248.912019
MCD,2026-09-17 19:25:00+00:00,248.965,249.1301,248.71,248.81,58860.0,1514.0,248.945229
MCD,2026-09-17 19:30:00+00:00,248.79,248.95,248.63,248.92,66723.0,1789.0,248.774745
MCD,2026-09-17 19:35:00+00:00,248.9,249.07,248.685,248.85,63733.0,1605.0,248.825944
MCD,2026-09-17 19:40:00+00:00,248.8401,248.94,248.79,248.84,65502.0,1625.0,248.857165
MCD,2026-09-17 19:45:00+00:00,248.82,248.83,248.55,248.675,74323.0,2208.0,248.718283
MCD,2026-09-17 19:50:00+00:00,248.71,248.73,248.38,248.52,112412.0,3168.0,248.51597
MCD,2026-09-17 19:55:00+00:00,248.52,248.78,248.4,248.49,280338.0,7655.0,248.528272
MCD,2026-09-17 20:00:00+00:00,248.48,248.8023,248.48,248.6,943158.0,214.0,248.480257
MCD,2026-09-17 20:05:00+00:00,248.68,248.73,248.676,248.7,1283.0,35.0,248.685113
MCD,2026-09-17 20:10:00+00:00,248.72,248.72,248.7183,248.7183,1512.0,26.0,248.71898
MCD,2026-09-17 20:15:00+00:00,248.7,248.73,248.7,248.73,1345.0,32.0,248.725796
MCD,2026-09-17 20:20:00+00:00,248.85,248.85,248.85,248.85,1000.0,6.0,248.85
MCD,2026-09-17 20:25:00+00:00,248.81,248.81,248.81,248.81,89.0,10.0,248.81
MCD,2026-09-17 20:35:00+00:00,248.8201,248.8842,248.8201,248.8842,201.0,5.0,248.853141
MCD,2026-09-17 20:45:00+00:00,248.8937,248.9,248.8937,248.9,301.0,8.0,248.896717
MCD,2026-09-17 20:50:00+00:00,248.93,248.97,248.92,248.93,505.0,21.0,248.933457
MCD,2026-09-17 20:55:00+00:00,248.92,248.93,248.92,248.93,798.0,35.0,248.928336
MCD,2026-09-17 21:00:00+00:00,248.8945,248.8945,248.8945,248.8945,77.0,3.0,248.8945
MCD,2026-09-17 21:05:00+00:00,248.9,248.9248,248.89,248.89,2239.0,35.0,248.891902
MCD,2026-09-17 21:10:00+00:00,248.9,248.95,248.85,248.85,2739.0,31.0,248.900524
MCD,2026-09-17 21:15:00+00:00,248.92,248.9417,248.92,248.94,466.0,11.0,248.925213
MCD,2026-09-17 21:20:00+00:00,248.9289,248.9289,248.85,248.85,297.0,18.0,248.873493
MCD,2026-09-17 21:25:00+00:00,248.9,248.9,248.85,248.85,162.0,5.0,248.865035
MCD,2026-09-17 21:30:00+00:00,248.85,248.92,248.85,248.92,275.0,17.0,248.870526
MCD,2026-09-17 21:35:00+00:00,248.9212,248.9212,248.9212,248.9212,110.0,5.0,248.9212
MCD,2026-09-17 21:40:00+00:00,248.93,248.93,248.93,248.93,447.0,5.0,248.93
MCD,2026-09-17 21:45:00+00:00,248.93,248.93,248.93,248.93,166.0,10.0,248.93
MCD,2026-09-17 21:50:00+00:00,248.9277,248.9277,248.9277,248.9277,51.0,2.0,248.9277
MCD,2026-09-17 22:00:00+00:00,248.9283,248.95,248.901,248.901,585.0,22.0,248.922337
MCD,2026-09-17 22:05:00+00:00,248.95,249.0,248.9418,248.9418,1513.0,17.0,248.967216
MCD,2026-09-17 22:10:00+00:00,249.01,249.1,249.01,249.1,177.0,12.0,249.062105
MCD,2026-09-17 22:15:00+00:00,249.01,249.0852,248.97,249.0852,158.0,9.0,249.025338
MCD,2026-09-17 22:20:00+00:00,249.0949,249.0949,249.0898,249.0898,433.0,6.0,249.093625
MCD,2026-09-17 22:25:00+00:00,248.96,248.96,248.96,248.96,50.0,3.0,248.96
MCD,2026-09-17 22:30:00+00:00,249.0554,249.0554,249.0554,249.0554,73.0,4.0,249.0554
MCD,2026-09-17 22:40:00+00:00,249.04,249.04,248.92,249.0139,432.0,20.0,249.006911
MCD,2026-09-17 22:45:00+00:00,249.05,249.09,249.01,249.02,1769.0,24.0,249.063244
MCD,2026-09-17 22:55:00+00:00,249.02,249.0987,249.02,249.05,214.0,5.0,249.047026
MCD,2026-09-17 23:00:00+00:00,249.0,249.0015,249.0,249.0,234.0,7.0,249.000321
MCD,2026-09-17 23:05:00+00:00,249.1,249.1,249.1,249.1,58.0,1.0,249.1
MCD,2026-09-17 23:10:00+00:00,249.0862,249.1,249.0862,249.1,156.0,4.0,249.090483
MCD,2026-09-17 23:15:00+00:00,249.08,249.08,249.08,249.08,80.0,1.0,249.08
MCD,2026-09-17 23:20:00+00:00,249.11,249.11,249.11,249.11,71.0,3.0,249.11
MCD,2026-09-17 23:30:00+00:00,249.11,249.11,249.11,249.11,52.0,5.0,249.11
MCD,2026-09-17 23:35:00+00:00,249.2113,249.2113,249.2113,249.2113,100.0,1.0,249.2113
MCD,2026-09-17 23:40:00+00:00,249.19,249.22,249.19,249.2108,338.0,13.0,249.208143
MCD,2026-09-17 23:45:00+00:00,249.2095,249.2095,249.2095,249.2095,251.0,2.0,249.2095
MCD,2026-09-17 23:50:00+00:00,249.11,249.11,249.11,249.11,125.0,4.0,249.11
MCD,2026-09-17 23:55:00+00:00,249.2,249.2,249.09,249.19,1021.0,24.0,249.129269
MCD,2026-09-18 08:00:00+00:00,249.6,249.6,249.05,249.46,6561.0,817.0,249.302475
MCD,2026-09-18 08:10:00+00:00,249.49,249.5,249.47,249.5,584.0,22.0,249.491927
MCD,2026-09-18 08:25:00+00:00,249.65,249.65,249.6,249.6,114.0,7.0,249.627778
MCD,2026-09-18 08:30:00+00:00,249.41,249.41,249.41,249.41,76.0,4.0,249.41
MCD,2026-09-18 08:35:00+00:00,249.5,249.5,249.5,249.5,100.0,1.0,249.5
MCD,2026-09-18 08:40:00+00:00,249.26,249.5,249.24,249.24,555.0,40.0,249.306193
MCD,2026-09-18 09:05:00+00:00,249.3,249.35,249.3,249.35,356.0,5.0,249.314706
MCD,2026-09-18 09:10:00+00:00,249.29,249.38,249.29,249.38,411.0,15.0,249.353267
MCD,2026-09-18 09:30:00+00:00,249.38,249.38,249.38,249.38,100.0,1.0,249.38
MCD,2026-09-18 09:35:00+00:00,249.3,249.3,249.3,249.3,442.0,10.0,249.3
MCD,2026-09-18 10:00:00+00:00,249.25,249.25,249.24,249.24,596.0,5.0,249.24169
MCD,2026-09-18 10:05:00+00:00,249.3,249.3,249.3,249.3,100.0,3.0,249.3
MCD,2026-09-18 10:25:00+00:00,249.17,249.17,249.17,249.17,185.0,15.0,249.17
MCD,2026-09-18 10:30:00+00:00,249.17,249.17,249.17,249.17,141.0,10.0,249.17
MCD,2026-09-18 10:35:00+00:00,249.08,249.08,249.08,249.08,85.0,5.0,249.08
MCD,2026-09-18 10:45:00+00:00,249.05,249.06,249.05,249.06,653.0,14.0,249.052118
MCD,2026-09-18 10:50:00+00:00,249.05,249.05,249.02,249.02,3589.0,19.0,249.02115
MCD,2026-09-18 11:00:00+00:00,249.01,249.2,248.75,249.15,3155.0,126.0,249.02672
MCD,2026-09-18 11:05:00+00:00,248.9,248.9,248.75,248.7775,494.0,35.0,248.827562
MCD,2026-09-18 11:10:00+00:00,248.9,248.9,248.83,248.9,913.0,40.0,248.884182
MCD,2026-09-18 11:15:00+00:00,248.95,248.95,248.88,248.88,293.0,12.0,248.934688
MCD,2026-09-18 11:25:00+00:00,248.97,248.97,248.97,248.97,83.0,2.0,248.97
MCD,2026-09-18 11:30:00+00:00,248.9036,248.97,248.9036,248.96,270.0,11.0,248.951516
MCD,2026-09-18 11:35:00+00:00,248.9639,248.9645,248.96,248.96,419.0,118.0,248.96323
MCD,2026-09-18 11:40:00+00:00,248.9682,248.9682,248.936,248.936,151.0,5.0,248.955071
MCD,2026-09-18 11:45:00+00:00,248.85,248.93,248.85,248.93,220.0,12.0,248.874427
MCD,2026-09-18 11:50:00+00:00,248.83,248.83,248.83,248.83,90.0,4.0,248.83
MCD,2026-09-18 11:55:00+00:00,248.8,248.8,248.78,248.78,1558.0,29.0,248.787441
MCD,2026-09-18 12:00:00+00:00,248.78,248.78,248.61,248.7537,2044.0,65.0,248.669611
MCD,2026-09-18 12:05:00+00:00,248.62,248.7297,248.5,248.65,1359.0,106.0,248.582686
MCD,2026-09-18 12:10:00+00:00,248.6843,248.7,248.66,248.66,267.0,15.0,248.687622
MCD,2026-09-18 12:15:00+00:00,248.7,248.775,248.52,248.52,1058.0,44.0,248.660964
MCD,2026-09-18 12:20:00+00:00,248.66,248.7575,248.51,248.51,1003.0,17.0,248.684167
MCD,2026-09-18 12:25:00+00:00,248.74,248.79,248.5,248.7125,534.0,21.0,248.697267
MCD,2026-09-18 12:30:00+00:00,248.5,248.56,248.5,248.56,407.0,15.0,248.507362
MCD,2026-09-18 12:35:00+00:00,248.69,248.8,248.5,248.8,2204.0,69.0,248.592355
MCD,2026-09-18 12:40:00+00:00,248.71,248.71,248.48,248.6,1173.0,23.0,248.588265
MCD,2026-09-18 12:45:00+00:00,248.61,248.8,248.6,248.8,878.0,19.0,248.671861
MCD,2026-09-18 12:50:00+00:00,248.7104,248.78,248.7104,248.78,1034.0,52.0,248.750399
MCD,2026-09-18 12:55:00+00:00,248.7,248.7,248.68,248.7,333.0,22.0,248.695504
MCD,2026-09-18 13:00:00+00:00,248.64,248.6581,248.6387,248.6387,412.0,11.0,248.645122
MCD,2026-09-18 13:05:00+00:00,248.6,248.6,248.56,248.6,1130.0,31.0,248.579313
MCD,2026-09-18 13:10:00+00:00,248.7325,248.7325,248.24,248.24,2138.0,132.0,248.42963
MCD,2026-09-18 13:15:00+00:00,248.5,248.7,248.5,248.5,2545.0,61.0,248.51332
MCD,2026-09-18 13:20:00+00:00,248.5,248.8,248.5,248.8,2866.0,53.0,248.513062
MCD,2026-09-18 13:25:00+00:00,248.5,248.5465,247.0,247.83,18790.0,732.0,248.19026
MCD,2026-09-18 13:30:00+00:00,248.27,249.08,247.72,248.1,1008370.0,4054.0,248.200403
MCD,2026-09-18 13:35:00+00:00,248.08,248.37,247.65,248.14,81856.0,2427.0,247.959955
MCD,2026-09-18 13:40:00+00:00,248.1395,248.33,248.0,248.0441,157191.0,2650.0,248.141037
MCD,2026-09-18 13:45:00+00:00,248.09,248.29,248.0422,248.21,114068.0,2162.0,248.170477
MCD,2026-09-18 13:50:00+00:00,248.2,248.31,248.04,248.095,50306.0,1549.0,248.199278
MCD,2026-09-18 13:55:00+00:00,248.04,248.145,247.77,247.8599,40124.0,1608.0,247.986029
MCD,2026-09-18 14:00:00+00:00,247.77,248.0399,247.71,247.89,45929.0,1755.0,247.880761
MCD,2026-09-18 14:05:00+00:00,247.89,248.2,247.66,248.055,87061.0,1719.0,248.024843
MCD,2026-09-18 14:10:00+00:00,248.055,248.37,247.86,248.31,106583.0,2048.0,248.116314
MCD,2026-09-18 14:15:00+00:00,248.39,249.0,248.28,248.9175,141125.0,1931.0,248.620276
MCD,2026-09-18 14:20:00+00:00,248.915,249.55,248.8215,249.53,101759.0,2140.0,249.157238
MCD,2026-09-18 14:25:00+00:00,249.48,250.19,249.48,249.885,67651.0,1986.0,249.768756
MCD,2026-09-18 14:30:00+00:00,249.9,250.19,249.67,250.07,65744.0,1458.0,250.042296
MCD,2026-09-18 14:35:00+00:00,250.1097,250.31,250.06,250.21,56893.0,1454.0,250.184164
MCD,2026-09-18 14:40:00+00:00,250.2,250.4499,249.96,250.065,51103.0,1315.0,250.209733
MCD,2026-09-18 14:45:00+00:00,250.06,250.2,249.835,249.92,42541.0,1191.0,250.029209
MCD,2026-09-18 14:50:00+00:00,249.91,250.085,249.72,249.97,32703.0,1179.0,249.908013
MCD,2026-09-18 14:55:00+00:00,249.9901,250.24,249.8595,250.15,34920.0,1113.0,250.018632
MCD,2026-09-18 15:00:00+00:00,250.155,250.21,249.68,249.98,35816.0,1246.0,249.936751
MCD,2026-09-18 15:05:00+00:00,249.98,250.06,249.825,250.02,23776.0,869.0,249.924442
MCD,2026-09-18 15:10:00+00:00,250.02,250.18,249.9,249.9301,32752.0,938.0,250.017894
MCD,2026-09-18 15:15:00+00:00,249.965,250.0,249.74,249.93,27084.0,1093.0,249.875275
MCD,2026-09-18 15:20:00+00:00,249.93,249.9899,249.7001,249.81,23552.0,905.0,249.850537
MCD,2026-09-18 15:25:00+00:00,249.83,250.0,249.72,249.82,34583.0,1057.0,249.804791
MCD,2026-09-18 15:30:00+00:00,249.855,249.925,249.69,249.81,24270.0,917.0,249.786509
MCD,2026-09-18 15:35:00+00:00,249.81,249.94,249.65,249.73,43193.0,1015.0,249.754403
MCD,2026-09-18 15:40:00+00:00,249.7,250.08,249.7,250.08,33592.0,986.0,249.931693
MCD,2026-09-18 15:45:00+00:00,250.01,250.06,249.8,249.945,21578.0,901.0,249.882092
MCD,2026-09-18 15:50:00+00:00,249.97,250.02,249.68,249.69,19544.0,868.0,249.855425
MCD,2026-09-18 15:55:00+00:00,249.71,249.99,249.59,249.99,41440.0,1092.0,249.766688
MCD,2026-09-18 16:00:00+00:00,249.945,250.08,249.87,250.02,42322.0,1095.0,249.965036
MCD,2026-09-18 16:05:00+00:00,250.005,250.06,249.77,249.98,29898.0,971.0,249.923273
MCD,2026-09-18 16:10:00+00:00,249.95,250.0,249.64,249.72,44894.0,1012.0,249.83989
MCD,2026-09-18 16:15:00+00:00,249.64,249.72,249.35,249.402,30689.0,1055.0,249.567222
MCD,2026-09-18 16:20:00+00:00,249.415,249.45,249.25,249.36,27897.0,786.0,249.360414
MCD,2026-09-18 16:25:00+00:00,249.41,249.62,249.2541,249.55,25182.0,896.0,249.447307
MCD,2026-09-18 16:30:00+00:00,249.53,249.73,249.4599,249.64,20640.0,823.0,249.624341
MCD,2026-09-18 16:35:00+00:00,249.61,249.66,249.4401,249.62,23774.0,885.0,249.546884
MCD,2026-09-18 16:40:00+00:00,249.6175,249.63,249.5,249.56,15417.0,612.0,249.559284
MCD,2026-09-18 16:45:00+00:00,249.54,249.65,249.43,249.59,23591.0,905.0,249.542715
MCD,2026-09-18 16:50:00+00:00,249.625,249.865,249.625,249.745,33162.0,797.0,249.802303
MCD,2026-09-18 16:55:00+00:00,249.75,249.83,249.61,249.72,23335.0,844.0,249.714817
MCD,2026-09-18 17:00:00+00:00,249.71,249.7325,249.58,249.6626,11820.0,537.0,249.654787
MCD,2026-09-18 17:05:00+00:00,249.63,249.7599,249.6,249.69,15128.0,615.0,249.671668
MCD,2026-09-18 17:10:00+00:00,249.67,249.7,249.45,249.52,18986.0,732.0,249.54927
MCD,2026-09-18 17:15:00+00:00,249.52,249.52,249.39,249.41,13888.0,614.0,249.433771
MCD,2026-09-18 17:20:00+00:00,249.41,249.5,249.36,249.41,32211.0,814.0,249.418912
MCD,2026-09-18 17:25:00+00:00,249.39,249.49,249.27,249.27,28908.0,873.0,249.374991
MCD,2026-09-18 17:30:00+00:00,249.2501,249.64,249.15,249.64,53694.0,1158.0,249.317353
MCD,2026-09-18 17:35:00+00:00,249.6,249.63,249.4,249.51,56098.0,1184.0,249.526241
MCD,2026-09-18 17:40:00+00:00,249.51,249.525,249.13,249.13,31102.0,892.0,249.341404
MCD,2026-09-18 17:45:00+00:00,249.11,249.1641,248.975,249.135,35909.0,1207.0,249.0687
MCD,2026-09-18 17:50:00+00:00,249.13,249.19,249.06,249.08,23679.0,1003.0,249.12994
MCD,2026-09-18 17:55:00+00:00,249.08,249.4,249.06,249.365,31398.0,1053.0,249.210599
MCD,2026-09-18 18:00:00+00:00,249.365,249.365,249.16,249.16,36009.0,1024.0,249.288811
MCD,2026-09-18 18:05:00+00:00,249.16,249.18,248.735,248.75,45851.0,1264.0,249.020868
MCD,2026-09-18 18:10:00+00:00,248.71,248.92,248.71,248.7695,30158.0,1013.0,248.836209
MCD,2026-09-18 18:15:00+00:00,248.74,248.895,248.6504,248.69,32109.0,1165.0,248.76731
MCD,2026-09-18 18:20:00+00:00,248.7,249.09,248.69,249.02,22814.0,877.0,248.956152
MCD,2026-09-18 18:25:00+00:00,248.99,249.18,248.975,249.1575,25561.0,1072.0,249.050038
MCD,2026-09-18 18:30:00+00:00,249.16,249.16,248.91,249.0,31757.0,1056.0,249.008326
MCD,2026-09-18 18:35:00+00:00,249.005,249.17,248.93,248.98,55089.0,1222.0,249.055437
MCD,2026-09-18 18:40:00+00:00,248.95,249.27,248.93,249.2399,35637.0,1224.0,249.139495
MCD,2026-09-18 18:45:00+00:00,249.19,249.53,249.18,249.405,34129.0,1154.0,249.408774
MCD,2026-09-18 18:50:00+00:00,249.38,249.742,249.38,249.6338,47597.0,1381.0,249.535022
MCD,2026-09-18 18:55:00+00:00,249.625,249.708,249.51,249.62,37429.0,1094.0,249.61915
MCD,2026-09-18 19:00:00+00:00,249.66,249.77,249.525,249.655,30704.0,934.0,249.641686
MCD,2026-09-18 19:05:00+00:00,249.677,249.72,249.575,249.72,27492.0,957.0,249.655475
MCD,2026-09-18 19:10:00+00:00,249.72,249.72,249.55,249.63,31105.0,1144.0,249.644404
MCD,2026-09-18 19:15:00+00:00,249.63,249.645,249.44,249.505,43932.0,1351.0,249.578495
MCD,2026-09-18 19:20:00+00:00,249.505,249.72,249.4978,249.69,41668.0,1274.0,249.648442
MCD,2026-09-18 19:25:00+00:00,249.71,249.88,249.69,249.87,42192.0,1385.0,249.793668
MCD,2026-09-18 19:30:00+00:00,249.855,249.855,249.48,249.5,64982.0,1573.0,249.652948
MCD,2026-09-18 19:35:00+00:00,249.5,249.64,249.42,249.54,59221.0,1624.0,249.547648
MCD,2026-09-18 19:40:00+00:00,249.53,249.7,249.23,249.51,87845.0,2235.0,249.467811
MCD,2026-09-18 19:45:00+00:00,249.45,249.77,249.2,249.615,126058.0,3206.0,249.409767
MCD,2026-09-18 19:50:00+00:00,249.68,249.765,249.05,249.233,161412.0,3413.0,249.384177
MCD,2026-09-18 19:55:00+00:00,249.21,249.21,248.25,248.41,453829.0,9229.0,248.727923
MCD,2026-09-18 20:00:00+00:00,248.41,249.0,248.24,248.79,3808394.0,324.0,248.240493
MCD,2026-09-18 20:05:00+00:00,248.69,248.69,248.6735,248.6735,393231.0,24.0,248.6825
MCD,2026-09-18 20:10:00+00:00,248.69,248.69,248.5,248.6899,84750.0,45.0,248.633947
MCD,2026-09-18 20:15:00+00:00,248.5,248.69,248.5,248.69,169508.0,11.0,248.657803
MCD,2026-09-18 20:20:00+00:00,248.9,248.9,248.9,248.9,3741.0,5.0,248.9
MCD,2026-09-18 20:25:00+00:00,248.85,248.88,248.8,248.8,633.0,16.0,248.836949
MCD,2026-09-18 20:30:00+00:00,248.84,248.8501,248.7,248.7,631.0,34.0,248.752953
MCD,2026-09-18 20:35:00+00:00,248.84,248.84,248.24,248.24,813.0,13.0,248.402857
MCD,2026-09-18 20:40:00+00:00,248.85,248.9,248.85,248.9,845.0,21.0,248.859595
MCD,2026-09-18 20:45:00+00:00,248.89,248.9,248.89,248.9,469.0,10.0,248.896726
MCD,2026-09-18 20:50:00+00:00,248.97,248.97,248.97,248.97,155.0,18.0,248.97
MCD,2026-09-18 21:00:00+00:00,248.9001,249.02,248.9001,249.02,915.0,45.0,248.994565
MCD,2026-09-18 21:05:00+00:00,249.17,249.17,248.99,248.99,296.0,15.0,249.055574
MCD,2026-09-18 21:10:00+00:00,248.99,248.99,248.99,248.99,158.0,16.0,248.99
MCD,2026-09-18 21:15:00+00:00,248.99,249.0,248.99,249.0,92.0,4.0,248.995556
MCD,2026-09-18 21:20:00+00:00,249.0,249.15,249.0,249.15,2378.0,13.0,249.003218
MCD,2026-09-18 21:25:00+00:00,249.0,249.0,249.0,249.0,95.0,3.0,249.0
MCD,2026-09-18 21:30:00+00:00,248.97,248.97,248.9,248.9,285.0,10.0,248.915966
MCD,2026-09-18 21:35:00+00:00,248.9613,248.9613,248.9613,248.9613,100.0,1.0,248.9613
MCD,2026-09-18 21:45:00+00:00,249.0,249.0,249.0,249.0,101.0,9.0,249.0
MCD,2026-09-18 21:50:00+00:00,249.17,249.17,249.17,249.17,55.0,2.0,249.17
MCD,2026-09-18 22:15:00+00:00,249.06,249.06,249.0,249.0,404.0,18.0,249.018462
MCD,2026-09-18 22:30:00+00:00,248.95,248.95,248.95,248.95,239.0,3.0,248.95
MCD,2026-09-18 22:35:00+00:00,248.96,249.0,248.9598,249.0,2764.0,20.0,248.961449
MCD,2026-09-18 22:40:00+00:00,248.99,248.99,248.99,248.99,135.0,2.0,248.99
MCD,2026-09-18 22:45:00+00:00,248.97,248.97,248.97,248.97,138.0,7.0,248.97
MCD,2026-09-18 22:50:00+00:00,248.988,248.988,248.988,248.988,52.0,3.0,248.988
MCD,2026-09-18 22:55:00+00:00,248.97,248.97,248.97,248.97,50.0,1.0,248.97
MCD,2026-09-18 23:10:00+00:00,248.98,248.98,248.98,248.98,56.0,4.0,248.98
MCD,2026-09-18 23:25:00+00:00,248.95,248.95,248.95,248.95,304.0,4.0,248.95
MCD,2026-09-18 23:30:00+00:00,248.9676,248.98,248.9676,248.98,172.0,5.0,248.971733
MCD,2026-09-18 23:35:00+00:00,248.98,248.98,248.96,248.96,128.0,7.0,248.966838
MCD,2026-09-18 23:40:00+00:00,248.9,248.9,248.9,248.9,80.0,1.0,248.9
MCD,2026-09-18 23:50:00+00:00,248.97,248.97,248.91,248.91,226.0,15.0,248.928713
MCD,2026-09-18 23:55:00+00:00,248.95,248.97,248.9,248.9,574.0,20.0,248.944635
