symbol,timestamp,open,high,low,close,volume,trade_count,vwap
LIN,2026-08-14 08:00:00+00:00,479.22,479.22,478.18,478.18,499.0,42.0,478.36069
LIN,2026-08-14 10:05:00+00:00,477.43,477.43,477.43,477.43,81.0,4.0,477.43
LIN,2026-08-14 11:10:00+00:00,477.2058,477.2058,477.2058,477.2058,40.0,1.0,477.2058
LIN,2026-08-14 11:45:00+00:00,478.28,478.28,478.28,478.28,68.0,3.0,478.28
LIN,2026-08-14 11:50:00+00:00,478.48,478.48,478.48,478.48,391.0,25.0,478.48
LIN,2026-08-14 12:15:00+00:00,478.3,478.3,478.3,478.3,100.0,1.0,478.3
LIN,2026-08-14 12:20:00+00:00,478.0,478.0,478.0,478.0,75.0,11.0,478.0
LIN,2026-08-14 13:05:00+00:00,478.64,478.64,478.64,478.64,295.0,10.0,478.64
LIN,2026-08-14 13:25:00+00:00,479.07,479.07,478.67,479.07,722.0,19.0,478.760364
LIN,2026-08-14 13:30:00+00:00,479.09,480.0,477.13,480.0,56840.0,1031.0,478.78535
LIN,2026-08-14 13:35:00+00:00,480.1075,481.729,480.1075,481.25,40011.0,838.0,481.209815
LIN,2026-08-14 13:40:00+00:00,481.14,481.9,480.49,480.7,54300.0,935.0,480.965842
LIN,2026-08-14 13:45:00+00:00,480.7,481.06,479.765,480.645,24448.0,627.0,480.463474
LIN,2026-08-14 13:50:00+00:00,480.65,481.35,480.295,481.005,23475.0,434.0,480.605658
LIN,2026-08-14 13:55:00+00:00,481.0,481.195,480.18,480.18,10337.0,461.0,480.869581
LIN,2026-08-14 14:00:00+00:00,480.94,480.94,479.02,479.415,23089.0,746.0,479.82528
LIN,2026-08-14 14:05:00+00:00,479.24,479.415,478.16,479.35,10343.0,500.0,478.779709
LIN,2026-08-14 14:10:00+00:00,479.3375,479.46,477.9,478.49,21792.0,616.0,478.437309
LIN,2026-08-14 14:15:00+00:00,478.735,480.0,478.52,479.7,14410.0,527.0,479.369604
LIN,2026-08-14 14:20:00+00:00,479.59,480.2533,479.3,480.2533,10972.0,462.0,479.562591
LIN,2026-08-14 14:25:00+00:00,480.15,480.29,479.6,480.2369,8935.0,436.0,480.021704
LIN,2026-08-14 14:30:00+00:00,480.2,480.2,479.15,479.48,9332.0,565.0,479.751981
LIN,2026-08-14 14:35:00+00:00,479.39,479.905,479.38,479.79,8243.0,413.0,479.571904
LIN,2026-08-14 14:40:00+00:00,479.805,479.805,479.2101,479.65,5053.0,296.0,479.597561
LIN,2026-08-14 14:45:00+00:00,479.66,479.855,479.31,479.69,10268.0,455.0,479.622869
LIN,2026-08-14 14:50:00+00:00,479.69,479.92,478.87,478.94,7018.0,425.0,479.623777
LIN,2026-08-14 14:55:00+00:00,479.3099,479.38,478.9,479.225,7229.0,357.0,479.163664
LIN,2026-08-14 15:00:00+00:00,479.35,479.87,479.32,479.745,6757.0,354.0,479.593228
LIN,2026-08-14 15:05:00+00:00,479.745,480.035,479.47,480.035,13013.0,430.0,479.685884
LIN,2026-08-14 15:10:00+00:00,479.86,480.405,479.77,480.18,6244.0,365.0,480.064961
LIN,2026-08-14 15:15:00+00:00,480.11,480.11,479.8,480.11,6369.0,321.0,479.972047
LIN,2026-08-14 15:20:00+00:00,480.075,480.55,479.61,480.47,8178.0,324.0,480.074406
LIN,2026-08-14 15:25:00+00:00,480.54,480.61,480.28,480.435,9646.0,430.0,480.463148
LIN,2026-08-14 15:30:00+00:00,480.495,481.69,480.435,481.59,14063.0,408.0,480.849404
LIN,2026-08-14 15:35:00+00:00,481.545,481.95,481.51,481.77,8873.0,267.0,481.703313
LIN,2026-08-14 15:40:00+00:00,481.94,482.322,481.57,481.755,9119.0,382.0,481.920046
LIN,2026-08-14 15:45:00+00:00,481.76,482.36,481.75,482.36,9915.0,403.0,481.982879
LIN,2026-08-14 15:50:00+00:00,482.325,482.75,482.16,482.31,23092.0,455.0,482.453376
LIN,2026-08-14 15:55:00+00:00,482.17,482.335,481.1,481.1,13933.0,549.0,481.633119
LIN,2026-08-14 16:00:00+00:00,481.05,481.78,481.05,481.6,8209.0,332.0,481.449712
LIN,2026-08-14 16:05:00+00:00,481.53,481.78,481.41,481.645,7511.0,300.0,481.584091
LIN,2026-08-14 16:10:00+00:00,481.58,481.645,481.305,481.54,7983.0,339.0,481.468736
LIN,2026-08-14 16:15:00+00:00,481.54,481.78,481.33,481.57,7654.0,337.0,481.643855
LIN,2026-08-14 16:20:00+00:00,481.71,481.91,481.56,481.75,7944.0,337.0,481.729674
LIN,2026-08-14 16:25:00+00:00,481.76,482.095,481.7,481.875,8347.0,395.0,481.849572
LIN,2026-08-14 16:30:00+00:00,481.94,482.195,481.9,482.09,5251.0,299.0,482.020743
LIN,2026-08-14 16:35:00+00:00,482.23,482.23,481.85,482.075,4332.0,246.0,481.968987
LIN,2026-08-14 16:40:00+00:00,482.0,482.055,481.74,481.87,5324.0,265.0,481.906958
LIN,2026-08-14 16:45:00+00:00,481.81,482.14,481.805,481.95,4834.0,261.0,481.939997
LIN,2026-08-14 16:50:00+00:00,482.1,482.165,481.95,482.165,6099.0,286.0,482.023576
LIN,2026-08-14 16:55:00+00:00,482.09,482.29,482.05,482.29,5822.0,278.0,482.161825
LIN,2026-08-14 17:00:00+00:00,482.3561,482.3935,482.1,482.235,6226.0,264.0,482.183005
LIN,2026-08-14 17:05:00+00:00,482.23,482.31,482.04,482.05,4009.0,274.0,482.161982
LIN,2026-08-14 17:10:00+00:00,482.01,482.32,482.0,482.0,6765.0,273.0,482.173138
LIN,2026-08-14 17:15:00+00:00,482.13,482.29,481.94,481.94,6210.0,242.0,482.125282
LIN,2026-08-14 17:20:00+00:00,482.11,482.11,481.44,481.63,3339.0,208.0,481.747394
LIN,2026-08-14 17:25:00+00:00,481.735,481.8462,481.55,481.68,4774.0,209.0,481.66263
LIN,2026-08-14 17:30:00+00:00,481.805,481.8434,481.63,481.8295,5407.0,248.0,481.713508
LIN,2026-08-14 17:35:00+00:00,481.69,481.89,481.59,481.795,8542.0,268.0,481.684907
LIN,2026-08-14 17:40:00+00:00,481.8,481.805,481.51,481.52,5570.0,294.0,481.62923
LIN,2026-08-14 17:45:00+00:00,481.51,481.7025,481.4,481.41,6026.0,289.0,481.513295
LIN,2026-08-14 17:50:00+00:00,481.37,481.5399,481.17,481.435,6532.0,377.0,481.277866
LIN,2026-08-14 17:55:00+00:00,481.435,481.655,481.32,481.5001,6520.0,278.0,481.492543
LIN,2026-08-14 18:00:00+00:00,481.57,481.7925,481.51,481.66,6195.0,312.0,481.618491
LIN,2026-08-14 18:05:00+00:00,481.46,481.695,481.46,481.64,3001.0,219.0,481.560014
LIN,2026-08-14 18:10:00+00:00,481.72,482.13,481.72,481.95,7819.0,357.0,481.944109
LIN,2026-08-14 18:15:00+00:00,481.88,482.185,481.88,482.13,5568.0,267.0,482.04149
LIN,2026-08-14 18:20:00+00:00,482.13,482.245,481.95,482.155,5718.0,350.0,482.101478
LIN,2026-08-14 18:25:00+00:00,482.28,482.93,482.17,482.78,7945.0,295.0,482.536196
LIN,2026-08-14 18:30:00+00:00,482.78,482.785,482.63,482.735,5960.0,335.0,482.721327
LIN,2026-08-14 18:35:00+00:00,482.64,482.82,482.64,482.67,5601.0,290.0,482.749327
LIN,2026-08-14 18:40:00+00:00,482.715,483.14,482.67,483.035,5222.0,355.0,482.865107
LIN,2026-08-14 18:45:00+00:00,483.1,483.2182,482.67,482.815,7315.0,382.0,482.978862
LIN,2026-08-14 18:50:00+00:00,482.82,483.09,482.58,483.09,18833.0,525.0,482.694989
LIN,2026-08-14 18:55:00+00:00,483.01,483.345,482.89,483.28,6068.0,384.0,483.064576
LIN,2026-08-14 19:00:00+00:00,483.2,483.44,483.03,483.04,7457.0,424.0,483.189155
LIN,2026-08-14 19:05:00+00:00,483.05,483.1,482.82,482.82,4958.0,292.0,482.954867
LIN,2026-08-14 19:10:00+00:00,482.95,483.4489,482.82,483.07,7738.0,397.0,483.226864
LIN,2026-08-14 19:15:00+00:00,483.01,483.1999,482.9,482.93,7004.0,408.0,483.055129
LIN,2026-08-14 19:20:00+00:00,482.92,483.18,482.8,482.95,7698.0,436.0,482.960737
LIN,2026-08-14 19:25:00+00:00,482.945,482.97,482.57,482.57,8009.0,478.0,482.824665
LIN,2026-08-14 19:30:00+00:00,482.66,482.91,482.52,482.775,12734.0,605.0,482.720866
LIN,2026-08-14 19:35:00+00:00,482.87,483.485,482.775,483.425,17421.0,722.0,482.982239
LIN,2026-08-14 19:40:00+00:00,483.43,483.46,482.95,483.065,17853.0,786.0,483.203961
LIN,2026-08-14 19:45:00+00:00,482.99,483.16,482.69,482.86,18994.0,754.0,482.933609
LIN,2026-08-14 19:50:00+00:00,482.88,483.05,482.09,482.53,26320.0,1296.0,482.753534
LIN,2026-08-14 19:55:00+00:00,482.67,482.99,482.46,482.85,77456.0,3134.0,482.641679
LIN,2026-08-14 20:00:00+00:00,482.74,482.74,478.01,478.01,423614.0,98.0,482.738814
LIN,2026-08-14 20:05:00+00:00,478.8388,478.8388,478.8388,478.8388,100.0,1.0,478.8388
LIN,2026-08-14 23:15:00+00:00,482.1522,482.1522,482.1522,482.1522,50.0,1.0,482.1522
LIN,2026-08-14 23:40:00+00:00,482.16,482.16,482.0,482.0,102.0,6.0,482.074419
LIN,2026-08-17 08:00:00+00:00,482.48,482.48,482.48,482.48,629.0,109.0,482.48
LIN,2026-08-17 09:55:00+00:00,482.05,482.05,482.05,482.05,76.0,2.0,482.05
LIN,2026-08-17 10:10:00+00:00,481.98,481.99,481.98,481.99,131.0,9.0,481.985859
LIN,2026-08-17 11:00:00+00:00,481.25,481.84,481.25,481.84,242.0,11.0,481.534077
LIN,2026-08-17 11:05:00+00:00,481.33,481.33,481.33,481.33,121.0,4.0,481.33
LIN,2026-08-17 11:35:00+00:00,480.79,480.79,480.79,480.79,83.0,2.0,480.79
LIN,2026-08-17 11:45:00+00:00,480.5,480.5,480.25,480.25,220.0,5.0,480.387615
LIN,2026-08-17 11:50:00+00:00,480.02,480.02,480.02,480.02,129.0,7.0,480.02
LIN,2026-08-17 12:40:00+00:00,481.5,481.5,481.5,481.5,48.0,2.0,481.5
LIN,2026-08-17 13:25:00+00:00,481.15,481.15,480.61,480.89,1534.0,59.0,481.014055
LIN,2026-08-17 13:30:00+00:00,481.98,482.37,480.63,481.01,33323.0,719.0,481.762034
LIN,2026-08-17 13:35:00+00:00,480.945,481.38,479.49,481.09,12542.0,689.0,480.540501
LIN,2026-08-17 13:40:00+00:00,480.8135,481.46,479.53,479.895,20288.0,453.0,480.188264
LIN,2026-08-17 13:45:00+00:00,479.76,479.76,478.9401,479.305,18749.0,538.0,479.406186
LIN,2026-08-17 13:50:00+00:00,479.305,479.67,477.875,478.77,26182.0,675.0,478.885439
LIN,2026-08-17 13:55:00+00:00,478.7425,479.03,478.36,478.36,12169.0,426.0,478.728402
LIN,2026-08-17 14:00:00+00:00,478.47,478.89,478.18,478.395,14918.0,500.0,478.53883
LIN,2026-08-17 14:05:00+00:00,478.36,478.83,477.88,478.38,21361.0,645.0,478.328885
LIN,2026-08-17 14:10:00+00:00,478.23,478.23,477.01,477.1511,16038.0,600.0,477.26619
LIN,2026-08-17 14:15:00+00:00,477.2,477.78,476.7059,477.715,34906.0,637.0,477.308012
LIN,2026-08-17 14:20:00+00:00,477.72,477.9533,477.12,477.805,12616.0,580.0,477.55063
LIN,2026-08-17 14:25:00+00:00,477.84,477.94,477.47,477.87,8216.0,437.0,477.736192
LIN,2026-08-17 14:30:00+00:00,477.99,477.99,477.38,477.41,9098.0,582.0,477.688165
LIN,2026-08-17 14:35:00+00:00,477.49,477.54,476.83,477.05,15076.0,526.0,477.27108
LIN,2026-08-17 14:40:00+00:00,477.125,477.125,476.65,476.74,15852.0,550.0,476.801142
LIN,2026-08-17 14:45:00+00:00,476.82,477.36,476.66,476.955,9827.0,479.0,476.966556
LIN,2026-08-17 14:50:00+00:00,477.015,478.13,477.015,477.835,23761.0,573.0,477.659193
LIN,2026-08-17 14:55:00+00:00,477.9,477.9,477.2425,477.47,11148.0,403.0,477.756573
LIN,2026-08-17 15:00:00+00:00,477.54,477.54,476.9301,477.13,6525.0,404.0,477.197398
LIN,2026-08-17 15:05:00+00:00,477.01,477.13,476.16,476.44,25919.0,597.0,476.902464
LIN,2026-08-17 15:10:00+00:00,476.4,476.685,475.79,475.865,13934.0,629.0,476.224824
LIN,2026-08-17 15:15:00+00:00,475.67,476.1607,475.15,475.185,21746.0,637.0,475.618817
LIN,2026-08-17 15:20:00+00:00,475.14,475.14,474.5,474.97,16048.0,941.0,474.830924
LIN,2026-08-17 15:25:00+00:00,474.92,475.42,474.79,475.42,18664.0,596.0,475.050425
LIN,2026-08-17 15:30:00+00:00,475.29,475.54,474.29,474.385,17367.0,754.0,474.850285
LIN,2026-08-17 15:35:00+00:00,474.385,474.54,473.71,473.75,18242.0,816.0,474.168975
LIN,2026-08-17 15:40:00+00:00,473.72,473.74,473.05,473.3,16086.0,660.0,473.382086
LIN,2026-08-17 15:45:00+00:00,473.285,473.9593,473.14,473.6301,14112.0,567.0,473.46537
LIN,2026-08-17 15:50:00+00:00,473.8675,474.49,473.77,473.85,29104.0,653.0,474.048864
LIN,2026-08-17 15:55:00+00:00,473.87,474.345,473.79,473.79,9047.0,483.0,474.013764
LIN,2026-08-17 16:00:00+00:00,473.785,474.17,473.6,474.08,23378.0,700.0,473.768898
LIN,2026-08-17 16:05:00+00:00,474.04,474.68,473.83,474.535,9355.0,419.0,474.287143
LIN,2026-08-17 16:10:00+00:00,474.66,474.87,474.265,474.68,16354.0,458.0,474.613527
LIN,2026-08-17 16:15:00+00:00,474.67,474.995,474.61,474.65,14735.0,590.0,474.811682
LIN,2026-08-17 16:20:00+00:00,474.64,475.11,474.5322,474.72,10877.0,514.0,474.821559
LIN,2026-08-17 16:25:00+00:00,474.7686,475.02,474.6501,474.98,9304.0,490.0,474.869999
LIN,2026-08-17 16:30:00+00:00,475.015,475.125,474.84,475.125,13298.0,504.0,474.984529
LIN,2026-08-17 16:35:00+00:00,475.15,475.15,474.79,475.07,8875.0,408.0,475.017988
LIN,2026-08-17 16:40:00+00:00,475.065,475.18,474.93,475.035,10345.0,440.0,475.08224
LIN,2026-08-17 16:45:00+00:00,475.08,475.265,474.97,475.1,7378.0,416.0,475.106694
LIN,2026-08-17 16:50:00+00:00,475.19,475.2,474.9501,475.025,11704.0,456.0,475.054172
LIN,2026-08-17 16:55:00+00:00,475.025,475.43,474.78,474.78,30547.0,590.0,475.110999
LIN,2026-08-17 17:00:00+00:00,474.925,475.06,474.46,474.5675,14096.0,595.0,474.751629
LIN,2026-08-17 17:05:00+00:00,474.41,474.5999,474.15,474.35,9224.0,413.0,474.356803
LIN,2026-08-17 17:10:00+00:00,474.23,474.95,474.23,474.94,7801.0,341.0,474.511827
LIN,2026-08-17 17:15:00+00:00,474.98,474.98,474.15,474.15,8439.0,447.0,474.524508
LIN,2026-08-17 17:20:00+00:00,474.07,474.325,474.0,474.07,11389.0,448.0,474.136468
LIN,2026-08-17 17:25:00+00:00,474.07,474.51,473.9038,474.32,8308.0,446.0,474.113487
LIN,2026-08-17 17:30:00+00:00,474.27,474.32,473.94,474.24,8096.0,345.0,474.102133
LIN,2026-08-17 17:35:00+00:00,474.22,474.22,473.74,473.76,13168.0,504.0,473.960602
LIN,2026-08-17 17:40:00+00:00,473.77,473.99,473.75,473.82,6786.0,348.0,473.890276
LIN,2026-08-17 17:45:00+00:00,473.895,474.37,473.83,474.215,11837.0,460.0,474.078015
LIN,2026-08-17 17:50:00+00:00,474.22,474.83,474.22,474.83,5550.0,294.0,474.453519
LIN,2026-08-17 17:55:00+00:00,474.72,475.12,474.68,474.89,9641.0,483.0,474.839978
LIN,2026-08-17 18:00:00+00:00,474.82,474.96,474.69,474.93,7786.0,357.0,474.837303
LIN,2026-08-17 18:05:00+00:00,475.0,475.52,474.98,475.43,11541.0,452.0,475.242056
LIN,2026-08-17 18:10:00+00:00,475.43,475.7,475.4,475.545,9849.0,383.0,475.492068
LIN,2026-08-17 18:15:00+00:00,475.545,475.63,475.32,475.54,12482.0,423.0,475.446576
LIN,2026-08-17 18:20:00+00:00,475.47,475.47,475.09,475.09,15785.0,531.0,475.257406
LIN,2026-08-17 18:25:00+00:00,475.175,475.355,475.08,475.17,7344.0,356.0,475.232282
LIN,2026-08-17 18:30:00+00:00,475.22,475.26,474.945,475.04,9946.0,454.0,475.083686
LIN,2026-08-17 18:35:00+00:00,475.04,475.34,474.95,475.275,11072.0,444.0,475.206645
LIN,2026-08-17 18:40:00+00:00,475.275,475.59,475.205,475.59,14733.0,484.0,475.400611
LIN,2026-08-17 18:45:00+00:00,475.59,475.595,475.1101,475.12,7946.0,404.0,475.339794
LIN,2026-08-17 18:50:00+00:00,475.215,475.215,474.75,474.78,9347.0,485.0,474.966516
LIN,2026-08-17 18:55:00+00:00,474.71,475.244,474.69,475.21,11561.0,578.0,475.060458
LIN,2026-08-17 19:00:00+00:00,475.165,475.28,474.86,474.975,7948.0,482.0,475.077679
LIN,2026-08-17 19:05:00+00:00,474.975,475.17,474.755,475.15,9618.0,483.0,474.972618
LIN,2026-08-17 19:10:00+00:00,475.15,475.2725,474.825,475.195,14839.0,681.0,475.066817
LIN,2026-08-17 19:15:00+00:00,475.22,475.22,474.89,475.04,9347.0,515.0,475.00634
LIN,2026-08-17 19:20:00+00:00,475.05,475.13,474.61,474.62,14927.0,577.0,474.93358
LIN,2026-08-17 19:25:00+00:00,474.74,474.83,474.45,474.515,12428.0,542.0,474.560717
LIN,2026-08-17 19:30:00+00:00,474.515,475.01,474.28,474.995,14544.0,674.0,474.667392
LIN,2026-08-17 19:35:00+00:00,474.99,474.99,474.58,474.7,16971.0,743.0,474.826571
LIN,2026-08-17 19:40:00+00:00,474.616,474.98,474.48,474.86,16154.0,734.0,474.807137
LIN,2026-08-17 19:45:00+00:00,474.9,475.19,474.48,474.65,27725.0,929.0,474.865163
LIN,2026-08-17 19:50:00+00:00,474.77,475.81,474.12,474.13,60023.0,1978.0,474.868374
LIN,2026-08-17 19:55:00+00:00,474.15,474.995,474.11,474.35,180314.0,5055.0,474.380368
LIN,2026-08-17 20:00:00+00:00,474.405,474.405,474.33,474.33,419073.0,97.0,474.330011
LIN,2026-08-17 20:05:00+00:00,474.33,474.33,474.33,474.33,123.0,52.0,474.33
LIN,2026-08-17 21:20:00+00:00,475.81,475.81,475.81,475.81,50.0,1.0,475.81
LIN,2026-08-17 21:30:00+00:00,474.5,474.5,474.5,474.5,63.0,2.0,474.5
LIN,2026-08-17 22:35:00+00:00,474.81,474.81,474.81,474.81,100.0,6.0,474.81
LIN,2026-08-18 11:05:00+00:00,476.22,476.22,476.22,476.22,170.0,4.0,476.22
LIN,2026-08-18 11:15:00+00:00,476.1,476.1,476.1,476.1,50.0,2.0,476.1
LIN,2026-08-18 11:45:00+00:00,477.17,477.17,476.98,476.99,538.0,17.0,477.02878
LIN,2026-08-18 12:35:00+00:00,477.06,477.06,477.06,477.06,50.0,1.0,477.06
LIN,2026-08-18 13:00:00+00:00,477.19,477.19,477.19,477.19,101.0,3.0,477.19
LIN,2026-08-18 13:05:00+00:00,478.0,478.0,478.0,478.0,170.0,5.0,478.0
LIN,2026-08-18 13:25:00+00:00,478.92,483.26,478.14,481.69,4252.0,171.0,482.268866
LIN,2026-08-18 13:30:00+00:00,481.67,482.0,478.73,480.2125,91691.0,1432.0,480.891408
LIN,2026-08-18 13:35:00+00:00,480.17,480.43,478.5,479.0408,32585.0,908.0,479.565466
LIN,2026-08-18 13:40:00+00:00,479.07,480.49,477.71,480.45,17796.0,590.0,479.147876
LIN,2026-08-18 13:45:00+00:00,480.5,481.61,480.21,481.0,25363.0,747.0,480.918379
LIN,2026-08-18 13:50:00+00:00,480.87,482.09,480.37,481.87,62291.0,828.0,481.05894
LIN,2026-08-18 13:55:00+00:00,481.99,483.185,481.54,482.3,41526.0,1013.0,482.403882
LIN,2026-08-18 14:00:00+00:00,482.44,482.62,480.605,481.43,26344.0,780.0,481.788409
LIN,2026-08-18 14:05:00+00:00,481.215,482.9,481.215,482.38,26378.0,802.0,481.96911
LIN,2026-08-18 14:10:00+00:00,482.615,483.48,482.485,483.15,30352.0,903.0,482.965601
LIN,2026-08-18 14:15:00+00:00,483.25,483.37,482.342,483.02,23874.0,723.0,482.82654
LIN,2026-08-18 14:20:00+00:00,482.81,483.26,482.1,482.8,79754.0,914.0,482.920983
LIN,2026-08-18 14:25:00+00:00,482.8,482.845,481.4,481.54,23809.0,814.0,482.141979
LIN,2026-08-18 14:30:00+00:00,481.34,482.41,481.335,482.18,25533.0,1292.0,481.833012
LIN,2026-08-18 14:35:00+00:00,482.18,482.52,481.44,482.345,28074.0,702.0,481.919147
LIN,2026-08-18 14:40:00+00:00,482.34,483.05,482.22,482.945,23727.0,824.0,482.530438
LIN,2026-08-18 14:45:00+00:00,482.945,483.27,482.665,482.97,19641.0,644.0,482.972636
LIN,2026-08-18 14:50:00+00:00,482.97,483.2,482.49,482.76,18050.0,634.0,482.83024
LIN,2026-08-18 14:55:00+00:00,482.76,483.42,482.76,483.13,20596.0,778.0,483.079931
LIN,2026-08-18 15:00:00+00:00,483.015,483.015,481.79,481.79,14008.0,547.0,482.381119
LIN,2026-08-18 15:05:00+00:00,481.93,482.54,481.81,481.815,19207.0,521.0,482.168071
LIN,2026-08-18 15:10:00+00:00,481.81,482.03,480.91,481.075,14073.0,576.0,481.291201
LIN,2026-08-18 15:15:00+00:00,481.1,481.1,480.12,480.47,16061.0,589.0,480.556047
LIN,2026-08-18 15:20:00+00:00,480.6,480.6,478.92,479.08,18205.0,696.0,479.729525
LIN,2026-08-18 15:25:00+00:00,479.08,479.08,478.3601,478.517,10347.0,413.0,478.644995
LIN,2026-08-18 15:30:00+00:00,478.59,479.49,478.59,479.45,21608.0,647.0,478.971255
LIN,2026-08-18 15:35:00+00:00,479.29,480.08,479.29,479.99,13355.0,538.0,479.635089
LIN,2026-08-18 15:40:00+00:00,480.005,480.3,479.261,479.44,11250.0,497.0,479.853351
LIN,2026-08-18 15:45:00+00:00,479.36,479.99,479.265,479.9378,16615.0,518.0,479.724387
LIN,2026-08-18 15:50:00+00:00,479.86,480.43,479.86,480.0,9347.0,369.0,480.097912
LIN,2026-08-18 15:55:00+00:00,480.01,480.01,478.94,479.06,15793.0,504.0,479.569132
LIN,2026-08-18 16:00:00+00:00,478.91,479.67,478.59,479.54,23034.0,551.0,478.943663
LIN,2026-08-18 16:05:00+00:00,479.52,479.778,479.2,479.778,9604.0,371.0,479.513741
LIN,2026-08-18 16:10:00+00:00,479.53,479.64,479.06,479.23,11243.0,378.0,479.310327
LIN,2026-08-18 16:15:00+00:00,479.335,480.32,479.23,480.32,17268.0,553.0,479.575393
LIN,2026-08-18 16:20:00+00:00,480.365,480.715,480.01,480.65,9632.0,461.0,480.287474
LIN,2026-08-18 16:25:00+00:00,480.615,480.78,480.23,480.515,12268.0,441.0,480.58658
LIN,2026-08-18 16:30:00+00:00,480.63,480.9,480.5,480.6,13119.0,436.0,480.683772
LIN,2026-08-18 16:35:00+00:00,480.62,481.2099,480.62,480.695,12948.0,455.0,480.830066
LIN,2026-08-18 16:40:00+00:00,480.695,480.92,480.63,480.8,10055.0,401.0,480.728095
LIN,2026-08-18 16:45:00+00:00,480.88,481.02,480.45,480.45,14541.0,444.0,480.785574
LIN,2026-08-18 16:50:00+00:00,480.45,480.96,480.34,480.96,115160.0,593.0,480.434564
LIN,2026-08-18 16:55:00+00:00,481.09,481.09,480.58,480.805,6322.0,255.0,480.844931
LIN,2026-08-18 17:00:00+00:00,480.8,481.09,480.655,480.655,14168.0,466.0,480.914462
LIN,2026-08-18 17:05:00+00:00,480.655,481.97,480.645,481.82,14212.0,512.0,481.406599
LIN,2026-08-18 17:10:00+00:00,481.98,482.33,481.41,481.6899,12083.0,450.0,481.924444
LIN,2026-08-18 17:15:00+00:00,481.45,481.6899,481.18,481.295,14696.0,500.0,481.397173
LIN,2026-08-18 17:20:00+00:00,481.29,481.4,481.1201,481.37,9810.0,357.0,481.284755
LIN,2026-08-18 17:25:00+00:00,481.28,481.28,480.73,480.84,8737.0,363.0,480.953756
LIN,2026-08-18 17:30:00+00:00,480.77,481.0299,480.595,481.0299,11527.0,459.0,480.752236
LIN,2026-08-18 17:35:00+00:00,481.01,481.58,481.0,481.3,19764.0,409.0,481.332279
LIN,2026-08-18 17:40:00+00:00,481.03,481.21,480.69,481.02,11289.0,382.0,480.961474
LIN,2026-08-18 17:45:00+00:00,480.99,481.22,480.985,480.99,9247.0,354.0,481.078786
LIN,2026-08-18 17:50:00+00:00,480.99,480.99,480.435,480.55,8854.0,372.0,480.744657
LIN,2026-08-18 17:55:00+00:00,480.545,481.17,480.545,481.07,12871.0,550.0,480.8236
LIN,2026-08-18 18:00:00+00:00,481.115,481.26,480.37,480.37,12120.0,423.0,481.014411
LIN,2026-08-18 18:05:00+00:00,480.38,480.89,480.295,480.53,15256.0,558.0,480.64442
LIN,2026-08-18 18:10:00+00:00,480.36,481.3699,480.35,481.3699,19775.0,502.0,480.796648
LIN,2026-08-18 18:15:00+00:00,481.12,481.12,480.66,480.715,15060.0,441.0,480.873437
LIN,2026-08-18 18:20:00+00:00,480.64,480.82,480.38,480.495,12208.0,462.0,480.676265
LIN,2026-08-18 18:25:00+00:00,480.495,480.65,480.37,480.55,11722.0,498.0,480.555758
LIN,2026-08-18 18:30:00+00:00,480.56,480.79,480.53,480.59,15310.0,544.0,480.694396
LIN,2026-08-18 18:35:00+00:00,480.68,480.68,480.31,480.36,11656.0,457.0,480.516684
LIN,2026-08-18 18:40:00+00:00,480.465,480.52,480.25,480.325,9907.0,522.0,480.356445
LIN,2026-08-18 18:45:00+00:00,480.27,480.32,480.06,480.08,13478.0,508.0,480.17959
LIN,2026-08-18 18:50:00+00:00,480.17,480.24,479.875,480.08,12687.0,547.0,480.081437
LIN,2026-08-18 18:55:00+00:00,480.13,480.18,479.81,479.885,8114.0,453.0,479.984197
LIN,2026-08-18 19:00:00+00:00,479.885,480.215,479.85,479.9,11214.0,460.0,479.995778
LIN,2026-08-18 19:05:00+00:00,480.08,480.34,479.69,479.79,12650.0,581.0,480.057378
LIN,2026-08-18 19:10:00+00:00,479.8525,480.13,479.14,479.39,19826.0,683.0,479.655899
LIN,2026-08-18 19:15:00+00:00,479.38,479.865,479.305,479.8025,14796.0,633.0,479.586899
LIN,2026-08-18 19:20:00+00:00,479.69,480.07,479.62,480.0005,12630.0,565.0,479.794887
LIN,2026-08-18 19:25:00+00:00,479.99,480.035,478.78,478.98,17746.0,731.0,479.51811
LIN,2026-08-18 19:30:00+00:00,479.07,479.45,479.04,479.115,23664.0,829.0,479.204046
LIN,2026-08-18 19:35:00+00:00,479.04,479.32,478.99,479.18,27752.0,821.0,479.161898
LIN,2026-08-18 19:40:00+00:00,479.09,479.18,478.96,479.065,20236.0,675.0,479.048372
LIN,2026-08-18 19:45:00+00:00,478.99,479.275,478.79,478.8109,29452.0,938.0,479.072803
LIN,2026-08-18 19:50:00+00:00,478.79,478.86,477.75,478.77,67207.0,2202.0,478.31159
LIN,2026-08-18 19:55:00+00:00,478.74,479.4429,478.49,478.63,183025.0,5822.0,478.945664
LIN,2026-08-18 20:00:00+00:00,478.705,478.705,478.705,478.705,579571.0,115.0,478.705
LIN,2026-08-19 08:00:00+00:00,478.17,478.17,478.17,478.17,162.0,44.0,478.17
LIN,2026-08-19 12:30:00+00:00,479.79,481.0,479.79,481.0,607.0,26.0,480.32438
LIN,2026-08-19 12:45:00+00:00,480.75,480.75,480.75,480.75,174.0,15.0,480.75
LIN,2026-08-19 12:50:00+00:00,480.62,480.62,480.62,480.62,50.0,1.0,480.62
LIN,2026-08-19 13:00:00+00:00,479.7,479.7,479.7,479.7,40.0,1.0,479.7
LIN,2026-08-19 13:15:00+00:00,480.68,480.68,480.68,480.68,50.0,2.0,480.68
LIN,2026-08-19 13:20:00+00:00,480.0,480.0,480.0,480.0,100.0,1.0,480.0
LIN,2026-08-19 13:25:00+00:00,478.53,478.92,477.31,477.76,1266.0,51.0,477.942751
LIN,2026-08-19 13:30:00+00:00,478.49,480.92,478.0,480.615,82164.0,1233.0,478.810928
LIN,2026-08-19 13:35:00+00:00,480.615,482.33,480.615,481.7,40449.0,1264.0,481.701473
LIN,2026-08-19 13:40:00+00:00,481.7,481.97,480.06,480.355,17127.0,665.0,481.195614
LIN,2026-08-19 13:45:00+00:00,480.5,480.92,479.275,480.66,22523.0,796.0,480.182306
LIN,2026-08-19 13:50:00+00:00,480.815,483.21,480.675,483.21,27894.0,1129.0,481.762778
LIN,2026-08-19 13:55:00+00:00,483.355,483.355,481.33,481.86,21517.0,796.0,482.509365
LIN,2026-08-19 14:00:00+00:00,482.01,482.17,481.06,481.17,24171.0,916.0,481.71084
LIN,2026-08-19 14:05:00+00:00,481.41,482.16,480.45,481.9375,19031.0,765.0,481.254771
LIN,2026-08-19 14:10:00+00:00,481.74,482.52,481.275,482.105,18563.0,743.0,481.832415
LIN,2026-08-19 14:15:00+00:00,481.995,482.4299,481.56,482.4299,22656.0,692.0,481.890787
LIN,2026-08-19 14:20:00+00:00,481.85,482.45,481.69,481.82,11683.0,567.0,482.017928
LIN,2026-08-19 14:25:00+00:00,481.67,481.8,481.12,481.27,16131.0,715.0,481.455504
LIN,2026-08-19 14:30:00+00:00,481.06,482.13,480.93,482.07,17351.0,728.0,481.368468
LIN,2026-08-19 14:35:00+00:00,482.07,482.225,481.04,481.145,17289.0,579.0,481.711113
LIN,2026-08-19 14:40:00+00:00,481.18,482.52,481.18,482.47,19897.0,738.0,481.915226
LIN,2026-08-19 14:45:00+00:00,482.495,483.13,482.07,483.13,34547.0,854.0,482.353158
LIN,2026-08-19 14:50:00+00:00,483.08,483.42,481.65,482.315,216400.0,586.0,482.52464
LIN,2026-08-19 14:55:00+00:00,482.3151,482.66,482.075,482.45,15698.0,529.0,482.452236
LIN,2026-08-19 15:00:00+00:00,482.47,483.055,481.99,482.95,19529.0,586.0,482.60251
LIN,2026-08-19 15:05:00+00:00,482.9,482.9,481.94,482.5,33227.0,823.0,482.327866
LIN,2026-08-19 15:10:00+00:00,482.53,482.61,482.07,482.335,20635.0,659.0,482.357837
LIN,2026-08-19 15:15:00+00:00,482.345,482.53,480.82,481.02,49296.0,941.0,481.615057
LIN,2026-08-19 15:20:00+00:00,480.97,481.29,480.93,481.14,9892.0,453.0,481.059838
LIN,2026-08-19 15:25:00+00:00,481.07,481.105,480.47,480.62,27959.0,758.0,480.869888
LIN,2026-08-19 15:30:00+00:00,480.65,481.11,480.42,480.93,9044.0,396.0,480.772402
LIN,2026-08-19 15:35:00+00:00,481.06,481.53,480.85,481.01,21636.0,563.0,481.082314
LIN,2026-08-19 15:40:00+00:00,480.955,481.319,480.185,480.27,14530.0,513.0,480.775376
LIN,2026-08-19 15:45:00+00:00,480.23,480.36,479.965,480.2875,11981.0,490.0,480.154946
LIN,2026-08-19 15:50:00+00:00,480.3125,480.68,480.08,480.67,14241.0,466.0,480.293475
LIN,2026-08-19 15:55:00+00:00,480.58,480.925,480.415,480.74,12699.0,453.0,480.681192
LIN,2026-08-19 16:00:00+00:00,480.85,481.285,480.53,480.53,19767.0,699.0,480.945385
LIN,2026-08-19 16:05:00+00:00,480.505,481.01,480.505,480.81,11812.0,473.0,480.700899
LIN,2026-08-19 16:10:00+00:00,480.81,481.53,480.77,481.375,18005.0,616.0,481.089423
LIN,2026-08-19 16:15:00+00:00,481.375,482.19,481.17,482.09,26232.0,791.0,481.692405
LIN,2026-08-19 16:20:00+00:00,482.15,482.16,481.3901,481.605,14434.0,568.0,481.81141
LIN,2026-08-19 16:25:00+00:00,481.82,482.5688,480.9371,482.28,26632.0,566.0,481.485611
LIN,2026-08-19 16:30:00+00:00,482.4,482.4,481.72,482.23,14667.0,551.0,482.061403
LIN,2026-08-19 16:35:00+00:00,482.17,482.36,481.84,482.36,12372.0,468.0,482.142102
LIN,2026-08-19 16:40:00+00:00,482.33,482.34,481.91,482.26,11983.0,380.0,482.117209
LIN,2026-08-19 16:45:00+00:00,482.26,482.545,482.205,482.3536,11664.0,420.0,482.386476
LIN,2026-08-19 16:50:00+00:00,482.37,482.98,482.37,482.87,11885.0,514.0,482.653567
LIN,2026-08-19 16:55:00+00:00,482.8,482.9345,482.2701,482.75,5815.0,335.0,482.680658
LIN,2026-08-19 17:00:00+00:00,482.75,483.22,482.75,482.925,5682.0,326.0,483.083231
LIN,2026-08-19 17:05:00+00:00,482.71,482.95,482.25,482.25,8512.0,364.0,482.617656
LIN,2026-08-19 17:10:00+00:00,482.26,482.86,482.07,482.81,20639.0,595.0,482.491737
LIN,2026-08-19 17:15:00+00:00,482.81,482.89,482.685,482.86,7825.0,363.0,482.798082
LIN,2026-08-19 17:20:00+00:00,482.89,482.99,482.59,482.76,10190.0,456.0,482.815181
LIN,2026-08-19 17:25:00+00:00,482.83,483.21,482.83,482.94,14790.0,554.0,483.022772
LIN,2026-08-19 17:30:00+00:00,482.94,482.98,482.76,482.9,9106.0,442.0,482.88176
LIN,2026-08-19 17:35:00+00:00,482.91,483.46,482.82,483.445,9172.0,432.0,483.164628
LIN,2026-08-19 17:40:00+00:00,483.44,483.53,482.9201,483.145,10403.0,428.0,483.274484
LIN,2026-08-19 17:45:00+00:00,483.145,483.48,482.965,483.25,7997.0,448.0,483.214101
LIN,2026-08-19 17:50:00+00:00,483.3,483.3494,482.55,482.9,15509.0,555.0,482.890361
LIN,2026-08-19 17:55:00+00:00,482.87,482.885,482.26,482.285,13846.0,447.0,482.479764
LIN,2026-08-19 18:00:00+00:00,482.285,482.82,482.25,482.615,10057.0,493.0,482.478473
LIN,2026-08-19 18:05:00+00:00,482.615,482.8799,481.72,482.63,32775.0,793.0,482.177432
LIN,2026-08-19 18:10:00+00:00,482.67,483.66,482.62,483.66,14074.0,564.0,483.098851
LIN,2026-08-19 18:15:00+00:00,483.66,483.67,483.315,483.315,14796.0,494.0,483.544859
LIN,2026-08-19 18:20:00+00:00,483.325,483.49,483.1025,483.345,12352.0,527.0,483.276297
LIN,2026-08-19 18:25:00+00:00,483.345,483.45,483.0,483.2,9912.0,485.0,483.202928
LIN,2026-08-19 18:30:00+00:00,483.24,483.34,483.01,483.14,10884.0,504.0,483.170623
LIN,2026-08-19 18:35:00+00:00,483.22,483.96,483.135,483.745,11315.0,577.0,483.656553
LIN,2026-08-19 18:40:00+00:00,483.755,483.97,483.43,483.72,12280.0,486.0,483.644243
LIN,2026-08-19 18:45:00+00:00,483.72,483.72,483.44,483.585,14195.0,538.0,483.572516
LIN,2026-08-19 18:50:00+00:00,483.57,483.5821,483.0536,483.211,14157.0,516.0,483.407745
LIN,2026-08-19 18:55:00+00:00,483.06,483.33,482.9,483.07,16878.0,486.0,483.076624
LIN,2026-08-19 19:00:00+00:00,483.07,483.24,482.865,482.9,14348.0,536.0,483.029852
LIN,2026-08-19 19:05:00+00:00,482.75,482.84,482.41,482.41,14707.0,511.0,482.603798
LIN,2026-08-19 19:10:00+00:00,482.33,482.49,481.65,481.675,33196.0,805.0,481.965678
LIN,2026-08-19 19:15:00+00:00,481.66,482.16,481.465,482.13,19330.0,661.0,481.80066
LIN,2026-08-19 19:20:00+00:00,482.16,482.16,481.705,481.94,32540.0,865.0,481.944244
LIN,2026-08-19 19:25:00+00:00,481.93,481.93,481.5513,481.64,15782.0,640.0,481.723154
LIN,2026-08-19 19:30:00+00:00,481.7,482.43,481.7,482.43,24485.0,1011.0,482.163179
LIN,2026-08-19 19:35:00+00:00,482.47,482.77,482.165,482.42,24009.0,777.0,482.442181
LIN,2026-08-19 19:40:00+00:00,482.42,482.63,482.18,482.185,21921.0,906.0,482.40024
LIN,2026-08-19 19:45:00+00:00,482.06,482.4225,481.9,481.905,29414.0,1077.0,482.213061
LIN,2026-08-19 19:50:00+00:00,481.88,481.88,481.355,481.76,58163.0,2011.0,481.590254
LIN,2026-08-19 19:55:00+00:00,481.75,481.75,480.91,481.12,604451.0,6085.0,481.191821
LIN,2026-08-19 20:00:00+00:00,481.13,481.13,481.13,481.13,568136.0,137.0,481.13
LIN,2026-08-19 20:35:00+00:00,481.14,481.14,481.14,481.14,50.0,3.0,481.14
LIN,2026-08-20 08:00:00+00:00,480.33,480.33,480.33,480.33,301.0,49.0,480.33
LIN,2026-08-20 08:40:00+00:00,480.69,480.75,480.69,480.75,100.0,3.0,480.719697
LIN,2026-08-20 11:15:00+00:00,481.684,481.684,481.684,481.684,100.0,1.0,481.684
LIN,2026-08-20 11:20:00+00:00,479.73,479.73,479.73,479.73,504.0,2.0,479.73
LIN,2026-08-20 12:15:00+00:00,480.96,480.96,480.96,480.96,62.0,3.0,480.96
LIN,2026-08-20 12:55:00+00:00,480.97,480.97,479.78,479.78,201.0,5.0,480.131972
LIN,2026-08-20 13:05:00+00:00,479.84,479.84,479.84,479.84,122.0,15.0,479.84
LIN,2026-08-20 13:20:00+00:00,480.88,480.91,480.88,480.91,217.0,7.0,480.895226
LIN,2026-08-20 13:25:00+00:00,481.06,481.06,480.71,481.02,1126.0,39.0,480.959346
LIN,2026-08-20 13:30:00+00:00,480.53,485.7,480.52,485.14,44129.0,1045.0,482.160033
LIN,2026-08-20 13:35:00+00:00,485.52,487.42,484.895,487.22,47673.0,1126.0,486.019836
LIN,2026-08-20 13:40:00+00:00,487.1548,488.03,486.66,487.635,33525.0,947.0,487.518852
LIN,2026-08-20 13:45:00+00:00,487.68,489.47,487.68,487.755,58468.0,1430.0,488.857414
LIN,2026-08-20 13:50:00+00:00,488.0,488.34,486.4668,487.455,27220.0,915.0,487.729679
LIN,2026-08-20 13:55:00+00:00,487.53,487.96,486.68,486.91,29282.0,597.0,486.974887
LIN,2026-08-20 14:00:00+00:00,487.28,487.615,486.21,486.75,16524.0,694.0,486.8346
LIN,2026-08-20 14:05:00+00:00,486.88,486.96,485.6975,486.34,11577.0,572.0,486.425297
LIN,2026-08-20 14:10:00+00:00,486.1,486.29,484.99,485.6,15031.0,599.0,485.534957
LIN,2026-08-20 14:15:00+00:00,485.61,485.955,485.3436,485.54,15588.0,516.0,485.629266
LIN,2026-08-20 14:20:00+00:00,485.49,486.335,485.48,486.01,20173.0,603.0,485.851315
LIN,2026-08-20 14:25:00+00:00,486.045,487.0,485.76,486.34,7880.0,402.0,486.298669
LIN,2026-08-20 14:30:00+00:00,486.44,486.84,486.255,486.74,11947.0,491.0,486.548269
LIN,2026-08-20 14:35:00+00:00,486.535,487.05,486.38,486.615,11084.0,515.0,486.626709
LIN,2026-08-20 14:40:00+00:00,486.41,486.745,486.13,486.5923,10371.0,476.0,486.427291
LIN,2026-08-20 14:45:00+00:00,486.605,487.2,486.6,487.0499,12544.0,545.0,486.950468
LIN,2026-08-20 14:50:00+00:00,487.05,488.2,486.65,487.785,12336.0,553.0,487.396417
LIN,2026-08-20 14:55:00+00:00,487.77,488.34,487.69,488.0801,15673.0,610.0,487.96178
LIN,2026-08-20 15:00:00+00:00,488.08,489.1799,487.76,488.54,13259.0,517.0,488.381066
LIN,2026-08-20 15:05:00+00:00,488.63,489.2,488.19,488.37,10976.0,423.0,488.633353
LIN,2026-08-20 15:10:00+00:00,488.19,489.4,488.0248,489.195,20971.0,559.0,488.664398
LIN,2026-08-20 15:15:00+00:00,489.195,489.73,488.9,488.99,12867.0,491.0,489.196735
LIN,2026-08-20 15:20:00+00:00,489.18,489.37,488.91,489.19,17528.0,468.0,489.100168
LIN,2026-08-20 15:25:00+00:00,489.35,489.795,488.79,489.44,50242.0,769.0,489.026764
LIN,2026-08-20 15:30:00+00:00,489.56,489.72,488.82,488.85,12545.0,514.0,489.267433
LIN,2026-08-20 15:35:00+00:00,488.77,488.77,487.0,487.0,9983.0,428.0,487.839151
LIN,2026-08-20 15:40:00+00:00,486.945,487.36,486.68,487.215,14934.0,410.0,486.958501
LIN,2026-08-20 15:45:00+00:00,487.24,487.49,487.02,487.335,11695.0,345.0,487.31948
LIN,2026-08-20 15:50:00+00:00,487.335,487.92,487.25,487.755,13835.0,458.0,487.63842
LIN,2026-08-20 15:55:00+00:00,487.63,487.6799,487.11,487.2,6834.0,352.0,487.372378
LIN,2026-08-20 16:00:00+00:00,487.01,487.01,486.69,486.8,5116.0,328.0,486.860712
LIN,2026-08-20 16:05:00+00:00,486.805,486.9,486.18,486.18,7347.0,344.0,486.657771
LIN,2026-08-20 16:10:00+00:00,486.17,486.37,485.52,485.52,7694.0,338.0,485.762233
LIN,2026-08-20 16:15:00+00:00,485.62,485.69,485.42,485.42,8214.0,410.0,485.584202
LIN,2026-08-20 16:20:00+00:00,485.35,485.49,484.9082,484.95,8952.0,391.0,485.201001
LIN,2026-08-20 16:25:00+00:00,484.95,485.03,484.3,484.4,7319.0,420.0,484.776429
LIN,2026-08-20 16:30:00+00:00,484.31,484.56,484.28,484.315,6321.0,324.0,484.426774
LIN,2026-08-20 16:35:00+00:00,484.18,484.18,483.25,483.4,4226.0,299.0,483.699412
LIN,2026-08-20 16:40:00+00:00,483.4,483.635,483.26,483.635,6245.0,339.0,483.379007
LIN,2026-08-20 16:45:00+00:00,483.645,483.9075,483.55,483.55,5309.0,285.0,483.745524
LIN,2026-08-20 16:50:00+00:00,483.49,483.86,483.49,483.58,5733.0,282.0,483.753683
LIN,2026-08-20 16:55:00+00:00,483.51,483.545,483.0,483.25,12890.0,445.0,483.158876
LIN,2026-08-20 17:00:00+00:00,483.22,483.71,483.0,483.627,10184.0,353.0,483.211063
LIN,2026-08-20 17:05:00+00:00,483.58,483.66,483.175,483.175,4531.0,266.0,483.451812
LIN,2026-08-20 17:10:00+00:00,483.135,483.28,482.9335,483.155,5836.0,266.0,483.094127
LIN,2026-08-20 17:15:00+00:00,483.155,483.21,482.3613,482.53,7928.0,319.0,482.722554
LIN,2026-08-20 17:20:00+00:00,482.5589,482.75,482.3342,482.52,6719.0,364.0,482.471392
LIN,2026-08-20 17:25:00+00:00,482.46,482.51,482.18,482.26,8481.0,358.0,482.302376
LIN,2026-08-20 17:30:00+00:00,482.26,482.285,481.95,482.01,9953.0,416.0,482.177496
LIN,2026-08-20 17:35:00+00:00,481.945,482.029,481.3,481.335,7235.0,296.0,481.570291
LIN,2026-08-20 17:40:00+00:00,481.335,481.335,480.4719,480.73,9739.0,399.0,480.82496
LIN,2026-08-20 17:45:00+00:00,480.76,481.17,480.73,480.92,8922.0,463.0,480.92785
LIN,2026-08-20 17:50:00+00:00,480.925,481.08,480.31,480.31,9771.0,448.0,480.701367
LIN,2026-08-20 17:55:00+00:00,480.31,480.31,479.44,479.6,13064.0,633.0,479.832948
LIN,2026-08-20 18:00:00+00:00,479.77,480.52,479.48,480.465,20364.0,649.0,479.952999
LIN,2026-08-20 18:05:00+00:00,480.46,480.61,480.02,480.02,7821.0,405.0,480.235091
LIN,2026-08-20 18:10:00+00:00,480.02,480.088,479.61,479.685,12743.0,496.0,479.793579
LIN,2026-08-20 18:15:00+00:00,479.685,480.115,479.3699,479.97,19722.0,686.0,479.622269
LIN,2026-08-20 18:20:00+00:00,479.96,480.36,479.9,480.075,17045.0,548.0,480.112544
LIN,2026-08-20 18:25:00+00:00,480.075,480.5835,480.02,480.5835,12459.0,503.0,480.259499
LIN,2026-08-20 18:30:00+00:00,480.4,480.5696,480.25,480.25,11094.0,539.0,480.404681
LIN,2026-08-20 18:35:00+00:00,480.35,480.53,480.05,480.44,15477.0,640.0,480.287758
LIN,2026-08-20 18:40:00+00:00,480.62,480.62,480.24,480.33,8938.0,455.0,480.445841
LIN,2026-08-20 18:45:00+00:00,480.21,480.3043,479.99,480.195,11693.0,560.0,480.116701
LIN,2026-08-20 18:50:00+00:00,480.0901,480.34,480.0901,480.17,13882.0,554.0,480.210007
LIN,2026-08-20 18:55:00+00:00,480.12,480.26,479.92,479.99,11939.0,509.0,480.038615
LIN,2026-08-20 19:00:00+00:00,479.99,480.95,479.97,480.94,13895.0,588.0,480.188336
LIN,2026-08-20 19:05:00+00:00,480.94,481.05,480.5,480.94,15381.0,569.0,480.766489
LIN,2026-08-20 19:10:00+00:00,481.07,481.17,480.92,481.125,11233.0,501.0,481.071063
LIN,2026-08-20 19:15:00+00:00,481.1,481.2297,480.99,480.99,12720.0,604.0,481.11419
LIN,2026-08-20 19:20:00+00:00,481.03,481.33,480.82,481.17,15817.0,686.0,481.058011
LIN,2026-08-20 19:25:00+00:00,481.03,481.16,480.48,480.48,16148.0,672.0,480.861549
LIN,2026-08-20 19:30:00+00:00,480.48,480.92,480.465,480.67,30442.0,902.0,480.676191
LIN,2026-08-20 19:35:00+00:00,480.76,481.23,480.47,481.085,16802.0,836.0,480.962028
LIN,2026-08-20 19:40:00+00:00,481.17,481.34,480.93,481.03,18377.0,840.0,481.09046
LIN,2026-08-20 19:45:00+00:00,481.02,481.59,480.965,481.505,16891.0,934.0,481.238184
LIN,2026-08-20 19:50:00+00:00,481.6,482.3,481.5,482.17,31537.0,1520.0,481.888247
LIN,2026-08-20 19:55:00+00:00,481.88,482.19,481.17,481.21,90455.0,4079.0,481.50735
LIN,2026-08-20 20:00:00+00:00,481.29,481.29,481.29,481.29,388980.0,77.0,481.29
LIN,2026-08-21 08:35:00+00:00,482.76,482.77,482.76,482.77,100.0,3.0,482.765758
LIN,2026-08-21 08:50:00+00:00,481.65,482.9543,480.596,482.3008,721.0,21.0,481.986682
LIN,2026-08-21 10:35:00+00:00,482.66,482.66,482.66,482.66,44.0,2.0,482.66
LIN,2026-08-21 12:45:00+00:00,483.02,483.02,483.02,483.02,158.0,8.0,483.02
LIN,2026-08-21 13:25:00+00:00,483.26,486.72,483.19,486.47,9779.0,414.0,485.556563
LIN,2026-08-21 13:30:00+00:00,485.98,486.35,482.47,482.6,246128.0,1151.0,486.144957
LIN,2026-08-21 13:35:00+00:00,482.775,486.65,482.765,486.42,27931.0,935.0,485.061173
LIN,2026-08-21 13:40:00+00:00,486.59,488.0,486.41,487.705,27646.0,905.0,487.201678
LIN,2026-08-21 13:45:00+00:00,487.66,488.27,487.02,487.02,19378.0,806.0,487.710027
LIN,2026-08-21 13:50:00+00:00,487.07,488.37,487.04,488.2,24019.0,763.0,487.907807
LIN,2026-08-21 13:55:00+00:00,488.02,488.865,487.44,488.01,32454.0,966.0,488.154101
LIN,2026-08-21 14:00:00+00:00,487.8,489.22,487.59,489.04,58232.0,1240.0,488.473037
LIN,2026-08-21 14:05:00+00:00,489.105,489.68,488.33,488.945,31676.0,858.0,489.069505
LIN,2026-08-21 14:10:00+00:00,489.14,490.7,488.995,490.68,27165.0,929.0,490.119757
LIN,2026-08-21 14:15:00+00:00,490.77,491.69,490.22,491.69,23197.0,825.0,490.76649
LIN,2026-08-21 14:20:00+00:00,491.69,491.77,490.66,490.885,38499.0,1150.0,491.243812
LIN,2026-08-21 14:25:00+00:00,490.875,491.19,490.55,490.755,18020.0,773.0,490.843097
LIN,2026-08-21 14:30:00+00:00,490.87,491.61,490.2,490.43,17462.0,718.0,490.787636
LIN,2026-08-21 14:35:00+00:00,490.435,491.09,490.15,490.38,17653.0,720.0,490.581256
LIN,2026-08-21 14:40:00+00:00,490.39,490.49,489.7,490.015,10305.0,598.0,490.18706
LIN,2026-08-21 14:45:00+00:00,490.025,490.31,489.64,489.95,14289.0,555.0,490.037036
LIN,2026-08-21 14:50:00+00:00,489.81,490.429,489.69,490.32,21438.0,655.0,490.145352
LIN,2026-08-21 14:55:00+00:00,490.2305,490.32,489.78,490.235,14761.0,567.0,490.074136
LIN,2026-08-21 15:00:00+00:00,490.235,490.47,489.96,490.15,8696.0,415.0,490.176689
LIN,2026-08-21 15:05:00+00:00,490.15,490.43,489.63,489.72,29965.0,635.0,490.142528
LIN,2026-08-21 15:10:00+00:00,489.68,489.99,489.0871,489.24,15188.0,580.0,489.548987
LIN,2026-08-21 15:15:00+00:00,489.225,490.0,489.14,489.46,18228.0,707.0,489.622957
LIN,2026-08-21 15:20:00+00:00,489.3,489.46,488.45,488.51,10015.0,435.0,488.913051
LIN,2026-08-21 15:25:00+00:00,488.5,488.68,488.45,488.555,10228.0,479.0,488.547195
LIN,2026-08-21 15:30:00+00:00,488.55,490.04,488.34,490.01,32594.0,743.0,489.203445
LIN,2026-08-21 15:35:00+00:00,490.02,490.34,489.74,490.085,6895.0,376.0,490.057646
LIN,2026-08-21 15:40:00+00:00,489.95,490.76,489.89,490.59,55368.0,955.0,490.28803
LIN,2026-08-21 15:45:00+00:00,490.53,490.71,490.23,490.61,8035.0,397.0,490.475608
LIN,2026-08-21 15:50:00+00:00,490.44,490.73,490.425,490.465,11608.0,569.0,490.571481
LIN,2026-08-21 15:55:00+00:00,490.36,490.7,490.07,490.6,12769.0,583.0,490.348687
LIN,2026-08-21 16:00:00+00:00,490.58,490.585,489.96,489.96,11940.0,504.0,490.329118
LIN,2026-08-21 16:05:00+00:00,489.99,490.87,489.92,490.85,19739.0,594.0,490.293539
LIN,2026-08-21 16:10:00+00:00,490.775,490.87,490.08,490.145,6163.0,364.0,490.618568
LIN,2026-08-21 16:15:00+00:00,490.095,490.18,489.54,489.6,5501.0,344.0,489.870016
LIN,2026-08-21 16:20:00+00:00,489.52,490.17,489.52,490.05,9701.0,408.0,489.934589
LIN,2026-08-21 16:25:00+00:00,490.085,490.11,489.6,489.6,9850.0,432.0,489.857769
LIN,2026-08-21 16:30:00+00:00,489.51,489.51,488.64,488.64,5769.0,306.0,489.235009
LIN,2026-08-21 16:35:00+00:00,488.705,488.8799,488.08,488.315,8099.0,350.0,488.62736
LIN,2026-08-21 16:40:00+00:00,488.315,488.315,487.99,488.06,4567.0,315.0,488.165035
LIN,2026-08-21 16:45:00+00:00,488.085,488.25,487.77,488.25,5086.0,321.0,488.083812
LIN,2026-08-21 16:50:00+00:00,488.2,489.2699,488.07,489.12,15119.0,427.0,488.771417
LIN,2026-08-21 16:55:00+00:00,489.27,489.27,488.71,488.89,53808.0,632.0,488.96529
LIN,2026-08-21 17:00:00+00:00,488.845,488.845,487.76,487.825,9035.0,322.0,488.275178
LIN,2026-08-21 17:05:00+00:00,487.805,487.995,487.425,487.945,4302.0,268.0,487.762676
LIN,2026-08-21 17:10:00+00:00,487.945,488.43,487.79,487.9103,6001.0,332.0,488.034042
LIN,2026-08-21 17:15:00+00:00,488.0,488.175,487.79,487.905,4096.0,253.0,487.943787
LIN,2026-08-21 17:20:00+00:00,487.905,487.905,487.67,487.76,4063.0,247.0,487.755073
LIN,2026-08-21 17:25:00+00:00,487.71,487.82,487.375,487.535,5499.0,304.0,487.578731
LIN,2026-08-21 17:30:00+00:00,487.5,487.5,487.1375,487.14,5572.0,319.0,487.338976
LIN,2026-08-21 17:35:00+00:00,487.22,487.4,486.965,487.26,6380.0,365.0,487.198686
LIN,2026-08-21 17:40:00+00:00,487.325,487.68,486.9001,487.165,12017.0,457.0,487.245538
LIN,2026-08-21 17:45:00+00:00,487.28,487.42,487.02,487.31,5310.0,296.0,487.191245
LIN,2026-08-21 17:50:00+00:00,487.3,487.39,487.21,487.21,5040.0,295.0,487.268651
LIN,2026-08-21 17:55:00+00:00,487.21,487.25,486.76,487.075,6025.0,310.0,487.064237
LIN,2026-08-21 18:00:00+00:00,487.02,487.05,486.75,486.8,8067.0,379.0,486.942112
LIN,2026-08-21 18:05:00+00:00,486.73,487.3,486.64,487.13,13292.0,381.0,487.207439
LIN,2026-08-21 18:10:00+00:00,487.27,487.3,487.07,487.27,5873.0,382.0,487.179654
LIN,2026-08-21 18:15:00+00:00,487.22,487.28,486.99,487.13,6348.0,357.0,487.182029
LIN,2026-08-21 18:20:00+00:00,487.16,487.625,486.91,487.58,10238.0,512.0,487.38517
LIN,2026-08-21 18:25:00+00:00,487.74,488.23,487.61,487.785,43686.0,971.0,487.926812
LIN,2026-08-21 18:30:00+00:00,487.775,487.8999,487.27,487.325,8643.0,461.0,487.551273
LIN,2026-08-21 18:35:00+00:00,487.44,487.54,487.23,487.31,6066.0,352.0,487.384123
LIN,2026-08-21 18:40:00+00:00,487.22,487.41,487.18,487.315,7490.0,372.0,487.275412
LIN,2026-08-21 18:45:00+00:00,487.38,487.4,487.015,487.36,7952.0,446.0,487.259476
LIN,2026-08-21 18:50:00+00:00,487.335,487.85,487.16,487.85,10968.0,493.0,487.46442
LIN,2026-08-21 18:55:00+00:00,487.9,487.91,487.74,487.78,8698.0,398.0,487.825105
LIN,2026-08-21 19:00:00+00:00,487.82,488.13,487.53,487.545,22247.0,641.0,487.772851
LIN,2026-08-21 19:05:00+00:00,487.605,487.94,487.45,487.765,14483.0,528.0,487.697032
LIN,2026-08-21 19:10:00+00:00,487.69,488.16,487.68,487.97,9580.0,583.0,487.972112
LIN,2026-08-21 19:15:00+00:00,488.0,488.05,486.88,486.88,18991.0,643.0,487.662266
LIN,2026-08-21 19:20:00+00:00,486.875,487.67,486.875,487.605,10845.0,466.0,487.298239
LIN,2026-08-21 19:25:00+00:00,487.595,487.595,487.12,487.31,12407.0,601.0,487.334738
LIN,2026-08-21 19:30:00+00:00,487.4,487.69,486.66,486.67,24084.0,785.0,487.267494
LIN,2026-08-21 19:35:00+00:00,486.67,487.47,486.6,487.37,13080.0,659.0,487.127981
LIN,2026-08-21 19:40:00+00:00,487.24,487.4,486.8736,487.335,14142.0,696.0,487.177928
LIN,2026-08-21 19:45:00+00:00,487.335,487.71,487.2025,487.52,22950.0,1058.0,487.474454
LIN,2026-08-21 19:50:00+00:00,487.58,488.27,487.4,487.75,40550.0,1913.0,487.910015
LIN,2026-08-21 19:55:00+00:00,487.59,488.19,487.31,487.52,81781.0,3821.0,487.770455
LIN,2026-08-21 20:00:00+00:00,487.57,487.57,487.57,487.57,440705.0,98.0,487.57
LIN,2026-08-21 20:45:00+00:00,487.51,487.51,487.51,487.51,87.0,5.0,487.51
LIN,2026-08-24 08:00:00+00:00,488.25,489.0,487.0,489.0,268.0,18.0,487.906818
LIN,2026-08-24 08:45:00+00:00,488.82,488.95,488.82,488.95,100.0,3.0,488.885657
LIN,2026-08-24 11:00:00+00:00,488.65,488.88,488.64,488.88,487.0,25.0,488.727746
LIN,2026-08-24 11:10:00+00:00,489.45,489.45,489.45,489.45,50.0,1.0,489.45
LIN,2026-08-24 11:35:00+00:00,488.9,488.9,488.15,488.15,213.0,22.0,488.62118
LIN,2026-08-24 12:05:00+00:00,489.52,489.52,489.52,489.52,110.0,7.0,489.52
LIN,2026-08-24 12:20:00+00:00,490.15,490.15,490.15,490.15,145.0,10.0,490.15
LIN,2026-08-24 12:30:00+00:00,491.0,491.0,491.0,491.0,247.0,9.0,491.0
LIN,2026-08-24 13:00:00+00:00,491.94,491.94,491.94,491.94,240.0,11.0,491.94
LIN,2026-08-24 13:25:00+00:00,491.78,492.18,488.43,488.52,2438.0,114.0,490.135246
LIN,2026-08-24 13:30:00+00:00,488.73,490.66,488.25,489.595,72885.0,1112.0,488.80865
LIN,2026-08-24 13:35:00+00:00,489.595,490.1899,488.86,490.06,16888.0,647.0,489.563067
LIN,2026-08-24 13:40:00+00:00,489.8553,490.5,488.48,488.48,41097.0,1231.0,489.505609
LIN,2026-08-24 13:45:00+00:00,489.01,489.8678,488.25,488.75,22866.0,736.0,488.937544
LIN,2026-08-24 13:50:00+00:00,488.74,489.63,488.48,489.63,20150.0,686.0,488.828806
LIN,2026-08-24 13:55:00+00:00,489.28,489.795,488.64,489.43,11097.0,509.0,489.242346
LIN,2026-08-24 14:00:00+00:00,489.43,489.66,488.53,488.875,34296.0,962.0,489.051911
LIN,2026-08-24 14:05:00+00:00,488.915,489.71,488.65,489.58,18007.0,640.0,489.132278
LIN,2026-08-24 14:10:00+00:00,489.505,490.26,488.51,489.844,32947.0,901.0,489.254651
LIN,2026-08-24 14:15:00+00:00,489.78,490.32,489.49,490.205,12163.0,600.0,490.057809
LIN,2026-08-24 14:20:00+00:00,490.21,491.135,490.2,491.09,16048.0,521.0,490.571616
LIN,2026-08-24 14:25:00+00:00,491.29,491.49,490.17,490.17,16866.0,521.0,490.925561
LIN,2026-08-24 14:30:00+00:00,490.335,490.335,489.09,489.54,12778.0,637.0,489.756308
LIN,2026-08-24 14:35:00+00:00,489.5,489.81,489.17,489.45,14914.0,460.0,489.576654
LIN,2026-08-24 14:40:00+00:00,489.415,489.415,488.82,489.18,17670.0,555.0,489.030046
LIN,2026-08-24 14:45:00+00:00,489.18,489.34,487.67,487.761,34198.0,808.0,488.578183
LIN,2026-08-24 14:50:00+00:00,487.695,487.93,487.28,487.46,18134.0,600.0,487.611857
LIN,2026-08-24 14:55:00+00:00,487.54,487.54,486.945,487.245,9335.0,401.0,487.183123
LIN,2026-08-24 15:00:00+00:00,487.2,487.54,486.66,487.165,10701.0,424.0,487.207412
LIN,2026-08-24 15:05:00+00:00,487.29,487.97,487.0701,487.465,15159.0,524.0,487.482564
LIN,2026-08-24 15:10:00+00:00,487.325,488.33,487.0,488.33,30209.0,767.0,487.537686
LIN,2026-08-24 15:15:00+00:00,488.18,488.315,488.0,488.26,9041.0,377.0,488.160873
LIN,2026-08-24 15:20:00+00:00,488.29,488.49,487.905,487.9075,14718.0,468.0,488.236928
LIN,2026-08-24 15:25:00+00:00,487.91,489.24,487.91,488.48,37510.0,826.0,488.699874
LIN,2026-08-24 15:30:00+00:00,488.54,489.33,487.9501,488.985,31980.0,842.0,488.561405
LIN,2026-08-24 15:35:00+00:00,489.1588,489.29,488.68,488.72,24930.0,583.0,488.920613
LIN,2026-08-24 15:40:00+00:00,488.56,488.67,487.85,487.85,10191.0,494.0,488.089879
LIN,2026-08-24 15:45:00+00:00,487.865,487.865,486.665,486.79,10768.0,458.0,486.935923
LIN,2026-08-24 15:50:00+00:00,486.835,486.89,486.02,486.43,18173.0,551.0,486.549702
LIN,2026-08-24 15:55:00+00:00,486.475,486.495,485.0,485.76,31798.0,890.0,485.909567
LIN,2026-08-24 16:00:00+00:00,486.03,486.16,485.0,485.58,41783.0,837.0,485.399346
LIN,2026-08-24 16:05:00+00:00,485.43,486.24,485.43,485.83,43381.0,790.0,485.997781
LIN,2026-08-24 16:10:00+00:00,485.83,485.93,485.35,485.35,5532.0,318.0,485.683419
LIN,2026-08-24 16:15:00+00:00,485.32,485.61,485.15,485.61,13246.0,652.0,485.337469
LIN,2026-08-24 16:20:00+00:00,485.54,485.5756,485.0,485.27,11698.0,500.0,485.1825
LIN,2026-08-24 16:25:00+00:00,485.28,485.28,485.0,485.145,9767.0,370.0,485.138398
LIN,2026-08-24 16:30:00+00:00,485.155,485.88,485.02,485.76,8844.0,394.0,485.543714
LIN,2026-08-24 16:35:00+00:00,485.69,485.77,485.2201,485.345,7040.0,353.0,485.408589
LIN,2026-08-24 16:40:00+00:00,485.3475,485.49,485.13,485.41,7728.0,410.0,485.361516
LIN,2026-08-24 16:45:00+00:00,485.39,485.76,485.32,485.76,5132.0,340.0,485.484793
LIN,2026-08-24 16:50:00+00:00,485.79,486.14,485.59,486.08,5746.0,375.0,485.884265
LIN,2026-08-24 16:55:00+00:00,486.11,486.265,486.04,486.12,9259.0,429.0,486.148639
LIN,2026-08-24 17:00:00+00:00,486.195,486.21,485.5901,485.835,6968.0,467.0,485.985928
LIN,2026-08-24 17:05:00+00:00,485.985,485.99,485.74,485.74,6263.0,374.0,485.875693
LIN,2026-08-24 17:10:00+00:00,485.735,486.1561,485.735,486.0,6662.0,331.0,485.965178
LIN,2026-08-24 17:15:00+00:00,485.96,485.9899,485.7,485.785,6199.0,426.0,485.832029
LIN,2026-08-24 17:20:00+00:00,485.63,485.99,485.63,485.8,9623.0,477.0,485.863612
LIN,2026-08-24 17:25:00+00:00,485.8,485.96,485.595,485.69,7432.0,479.0,485.748292
LIN,2026-08-24 17:30:00+00:00,485.875,486.04,485.8273,485.87,6241.0,321.0,485.97414
LIN,2026-08-24 17:35:00+00:00,485.93,486.29,485.86,486.28,27674.0,726.0,486.07394
LIN,2026-08-24 17:40:00+00:00,486.365,486.455,486.08,486.08,6345.0,406.0,486.303845
LIN,2026-08-24 17:45:00+00:00,486.08,486.08,485.73,485.915,15455.0,562.0,485.85333
LIN,2026-08-24 17:50:00+00:00,485.91,486.22,485.72,485.86,8145.0,432.0,486.002591
LIN,2026-08-24 17:55:00+00:00,485.86,486.095,485.79,486.0,4093.0,280.0,485.956196
LIN,2026-08-24 18:00:00+00:00,485.91,487.05,485.91,487.045,17730.0,532.0,486.278837
LIN,2026-08-24 18:05:00+00:00,487.05,487.185,486.13,486.24,10260.0,455.0,486.713271
LIN,2026-08-24 18:10:00+00:00,486.38,486.44,486.13,486.345,10758.0,484.0,486.303472
LIN,2026-08-24 18:15:00+00:00,486.36,487.32,486.345,487.17,14089.0,453.0,486.569275
LIN,2026-08-24 18:20:00+00:00,487.24,487.34,486.8638,486.925,86242.0,303.0,487.143061
LIN,2026-08-24 18:25:00+00:00,486.955,487.515,486.89,487.415,8866.0,511.0,487.111582
LIN,2026-08-24 18:30:00+00:00,487.34,487.4263,486.64,487.325,21909.0,676.0,486.870183
LIN,2026-08-24 18:35:00+00:00,487.32,487.3982,486.75,486.83,10603.0,474.0,487.13465
LIN,2026-08-24 18:40:00+00:00,486.935,487.04,486.39,486.395,24029.0,572.0,486.776399
LIN,2026-08-24 18:45:00+00:00,486.455,487.035,486.36,486.775,10920.0,582.0,486.747132
LIN,2026-08-24 18:50:00+00:00,486.775,486.91,486.54,486.86,11955.0,500.0,486.729446
LIN,2026-08-24 18:55:00+00:00,486.9,487.34,486.59,487.04,12930.0,476.0,486.787091
LIN,2026-08-24 19:00:00+00:00,487.185,487.29,486.98,487.29,6283.0,406.0,487.104042
LIN,2026-08-24 19:05:00+00:00,487.2,487.46,486.83,487.4,20963.0,642.0,487.106081
LIN,2026-08-24 19:10:00+00:00,487.42,487.53,487.08,487.105,7680.0,470.0,487.370016
LIN,2026-08-24 19:15:00+00:00,487.33,487.33,486.98,487.18,9694.0,519.0,487.166682
LIN,2026-08-24 19:20:00+00:00,487.055,487.3899,486.99,487.26,12574.0,665.0,487.240695
LIN,2026-08-24 19:25:00+00:00,487.26,487.39,486.96,487.225,9568.0,469.0,487.185385
LIN,2026-08-24 19:30:00+00:00,487.225,487.965,487.02,487.93,24872.0,1025.0,487.273599
LIN,2026-08-24 19:35:00+00:00,487.8775,488.24,487.8775,488.02,10872.0,599.0,488.095608
LIN,2026-08-24 19:40:00+00:00,488.1,488.28,487.89,488.245,14049.0,694.0,488.04999
LIN,2026-08-24 19:45:00+00:00,488.19,488.3,487.89,488.035,19365.0,894.0,488.144411
LIN,2026-08-24 19:50:00+00:00,487.99,488.15,487.36,487.875,43158.0,2029.0,487.753437
LIN,2026-08-24 19:55:00+00:00,488.08,490.22,487.84,490.03,120259.0,4214.0,489.666525
LIN,2026-08-24 20:00:00+00:00,490.03,490.03,490.03,490.03,419420.0,103.0,490.03
LIN,2026-08-24 20:05:00+00:00,490.03,490.03,490.03,490.03,200000.0,1.0,490.03
LIN,2026-08-24 20:10:00+00:00,490.04,490.04,490.04,490.04,60.0,1.0,490.04
LIN,2026-08-24 21:15:00+00:00,490.9497,490.9497,490.9497,490.9497,67.0,1.0,490.9497
LIN,2026-08-25 08:00:00+00:00,490.6,491.55,490.6,491.55,260.0,32.0,491.106471
LIN,2026-08-25 08:20:00+00:00,489.54,489.54,489.54,489.54,182.0,3.0,489.54
LIN,2026-08-25 09:45:00+00:00,489.25,489.25,489.25,489.25,170.0,3.0,489.25
LIN,2026-08-25 10:55:00+00:00,488.75,490.0,488.75,490.0,637.0,13.0,489.490994
LIN,2026-08-25 11:30:00+00:00,489.52,489.52,489.52,489.52,226.0,13.0,489.52
LIN,2026-08-25 12:05:00+00:00,489.54,489.54,489.52,489.52,144.0,12.0,489.53
LIN,2026-08-25 12:20:00+00:00,489.0,489.0,489.0,489.0,100.0,1.0,489.0
LIN,2026-08-25 12:30:00+00:00,489.0,489.0,489.0,489.0,40.0,1.0,489.0
LIN,2026-08-25 12:35:00+00:00,489.71,489.73,489.71,489.73,215.0,6.0,489.72
LIN,2026-08-25 13:25:00+00:00,489.3,491.0,488.76,489.82,1044.0,41.0,489.902056
LIN,2026-08-25 13:30:00+00:00,489.2,490.62,488.57,490.005,60374.0,1014.0,489.287894
LIN,2026-08-25 13:35:00+00:00,489.89,490.01,488.52,488.81,25961.0,723.0,489.409699
LIN,2026-08-25 13:40:00+00:00,489.044,489.044,486.54,486.54,16009.0,648.0,487.976821
LIN,2026-08-25 13:45:00+00:00,486.23,488.48,486.16,487.83,17879.0,703.0,487.42376
LIN,2026-08-25 13:50:00+00:00,487.61,487.61,486.44,487.035,19586.0,578.0,487.121591
LIN,2026-08-25 13:55:00+00:00,487.015,487.295,486.33,486.535,10470.0,483.0,486.871961
LIN,2026-08-25 14:00:00+00:00,486.38,487.39,486.0,487.39,16811.0,621.0,486.505311
LIN,2026-08-25 14:05:00+00:00,487.235,487.4499,486.62,487.2,6894.0,363.0,486.936613
LIN,2026-08-25 14:10:00+00:00,487.02,487.18,485.79,486.48,10535.0,529.0,486.496027
LIN,2026-08-25 14:15:00+00:00,486.355,486.55,485.29,486.26,12875.0,504.0,485.910061
LIN,2026-08-25 14:20:00+00:00,486.26,486.97,486.04,486.685,15766.0,492.0,486.372399
LIN,2026-08-25 14:25:00+00:00,486.47,486.54,485.64,486.17,7371.0,374.0,486.070218
LIN,2026-08-25 14:30:00+00:00,486.255,486.6,485.37,486.3975,19337.0,894.0,486.220471
LIN,2026-08-25 14:35:00+00:00,486.5999,486.6,486.16,486.42,4942.0,322.0,486.353287
LIN,2026-08-25 14:40:00+00:00,486.64,486.99,486.59,486.71,5353.0,397.0,486.787147
LIN,2026-08-25 14:45:00+00:00,486.71,486.94,486.34,486.6,12314.0,409.0,486.693227
LIN,2026-08-25 14:50:00+00:00,486.575,486.81,486.28,486.7249,10274.0,367.0,486.511332
LIN,2026-08-25 14:55:00+00:00,486.56,486.96,486.46,486.84,11581.0,486.0,486.695835
LIN,2026-08-25 15:00:00+00:00,486.7725,486.96,486.23,486.42,7228.0,364.0,486.522207
LIN,2026-08-25 15:05:00+00:00,486.7,487.39,486.38,486.76,8524.0,387.0,486.814102
LIN,2026-08-25 15:10:00+00:00,486.76,486.83,486.0101,486.21,4280.0,276.0,486.562536
LIN,2026-08-25 15:15:00+00:00,486.21,486.73,486.0001,486.71,14192.0,476.0,486.478428
LIN,2026-08-25 15:20:00+00:00,486.63,486.63,485.685,486.15,8183.0,427.0,486.171653
LIN,2026-08-25 15:25:00+00:00,486.105,486.105,485.62,485.74,4468.0,325.0,485.870893
LIN,2026-08-25 15:30:00+00:00,485.92,486.3,485.82,486.17,8099.0,429.0,486.040697
LIN,2026-08-25 15:35:00+00:00,486.125,486.24,485.426,485.495,14362.0,482.0,485.779239
LIN,2026-08-25 15:40:00+00:00,485.475,485.7,485.3,485.495,6345.0,345.0,485.46467
LIN,2026-08-25 15:45:00+00:00,485.535,485.61,485.12,485.245,6788.0,345.0,485.328987
LIN,2026-08-25 15:50:00+00:00,485.25,485.62,485.16,485.35,5336.0,352.0,485.366914
LIN,2026-08-25 15:55:00+00:00,485.23,485.86,485.22,485.86,4507.0,363.0,485.519471
LIN,2026-08-25 16:00:00+00:00,485.85,485.875,485.47,485.55,9676.0,427.0,485.734087
LIN,2026-08-25 16:05:00+00:00,485.755,486.0,485.5601,485.755,5453.0,321.0,485.747601
LIN,2026-08-25 16:10:00+00:00,485.72,485.789,485.36,485.57,6388.0,315.0,485.60548
LIN,2026-08-25 16:15:00+00:00,485.57,485.72,485.27,485.62,3610.0,245.0,485.522949
LIN,2026-08-25 16:20:00+00:00,485.62,485.77,485.41,485.62,2749.0,255.0,485.585053
LIN,2026-08-25 16:25:00+00:00,485.7799,485.83,485.4901,485.695,6310.0,349.0,485.686431
LIN,2026-08-25 16:30:00+00:00,485.9,486.47,485.9,486.47,4434.0,309.0,486.191967
LIN,2026-08-25 16:35:00+00:00,486.4,486.5201,486.3,486.3501,2379.0,237.0,486.40214
LIN,2026-08-25 16:40:00+00:00,486.35,486.56,486.32,486.495,3605.0,339.0,486.448241
LIN,2026-08-25 16:45:00+00:00,486.56,486.7,486.34,486.35,5063.0,315.0,486.538401
LIN,2026-08-25 16:50:00+00:00,486.33,486.39,486.19,486.39,2770.0,237.0,486.326491
LIN,2026-08-25 16:55:00+00:00,486.28,486.38,486.13,486.23,3657.0,276.0,486.256451
LIN,2026-08-25 17:00:00+00:00,486.13,486.24,485.58,485.895,5666.0,299.0,486.06841
LIN,2026-08-25 17:05:00+00:00,485.87,486.2,485.87,486.08,4515.0,348.0,485.998254
LIN,2026-08-25 17:10:00+00:00,486.125,486.465,486.125,486.16,4211.0,282.0,486.274706
LIN,2026-08-25 17:15:00+00:00,486.135,486.4057,486.07,486.21,3641.0,253.0,486.206717
LIN,2026-08-25 17:20:00+00:00,486.24,486.35,486.0901,486.22,2618.0,212.0,486.216226
LIN,2026-08-25 17:25:00+00:00,486.215,486.34,486.09,486.195,4340.0,283.0,486.215348
LIN,2026-08-25 17:30:00+00:00,486.2,486.51,486.1,486.1,6754.0,381.0,486.320929
LIN,2026-08-25 17:35:00+00:00,486.235,486.235,486.0101,486.125,4434.0,244.0,486.126906
LIN,2026-08-25 17:40:00+00:00,486.125,486.44,486.0,486.355,4092.0,299.0,486.143141
LIN,2026-08-25 17:45:00+00:00,486.3,486.3,485.87,485.91,7114.0,424.0,486.177657
LIN,2026-08-25 17:50:00+00:00,485.85,485.995,485.85,485.965,1638.0,174.0,485.957413
LIN,2026-08-25 17:55:00+00:00,485.965,485.965,485.37,485.605,4936.0,331.0,485.599971
LIN,2026-08-25 18:00:00+00:00,485.61,486.06,485.545,486.06,9072.0,494.0,485.739389
LIN,2026-08-25 18:05:00+00:00,486.03,486.35,485.8601,486.35,4280.0,314.0,486.108442
LIN,2026-08-25 18:10:00+00:00,486.365,486.56,486.16,486.285,12054.0,438.0,486.309036
LIN,2026-08-25 18:15:00+00:00,486.26,486.7,486.225,486.61,11733.0,372.0,486.45047
LIN,2026-08-25 18:20:00+00:00,486.58,486.605,486.345,486.55,6913.0,346.0,486.505044
LIN,2026-08-25 18:25:00+00:00,486.5452,486.73,486.5018,486.565,3784.0,249.0,486.598475
LIN,2026-08-25 18:30:00+00:00,486.51,487.085,486.51,487.085,3862.0,304.0,486.879119
LIN,2026-08-25 18:35:00+00:00,487.11,487.22,486.99,487.13,6056.0,355.0,487.105975
LIN,2026-08-25 18:40:00+00:00,487.095,487.4,487.095,487.4,6043.0,214.0,487.312747
LIN,2026-08-25 18:45:00+00:00,487.345,487.345,486.69,486.95,10400.0,480.0,486.918075
LIN,2026-08-25 18:50:00+00:00,487.1,487.11,486.86,486.99,5910.0,311.0,486.988961
LIN,2026-08-25 18:55:00+00:00,486.954,487.55,486.954,487.45,6046.0,358.0,487.317314
LIN,2026-08-25 19:00:00+00:00,487.43,487.49,487.24,487.33,7404.0,352.0,487.378544
LIN,2026-08-25 19:05:00+00:00,487.325,487.382,486.95,487.115,11655.0,481.0,487.147509
LIN,2026-08-25 19:10:00+00:00,487.145,487.155,486.94,487.125,6243.0,357.0,487.024756
LIN,2026-08-25 19:15:00+00:00,487.125,487.41,487.1001,487.1601,5139.0,327.0,487.219087
LIN,2026-08-25 19:20:00+00:00,487.16,487.43,487.1,487.41,7864.0,502.0,487.249091
LIN,2026-08-25 19:25:00+00:00,487.555,487.65,487.271,487.375,9530.0,457.0,487.478631
LIN,2026-08-25 19:30:00+00:00,487.375,487.64,487.26,487.42,12342.0,694.0,487.408816
LIN,2026-08-25 19:35:00+00:00,487.335,487.335,487.0,487.095,8093.0,502.0,487.151201
LIN,2026-08-25 19:40:00+00:00,487.095,487.51,487.03,487.51,13678.0,683.0,487.210493
LIN,2026-08-25 19:45:00+00:00,487.51,487.62,487.3201,487.47,11404.0,620.0,487.479132
LIN,2026-08-25 19:50:00+00:00,487.59,487.77,487.15,487.53,26068.0,1271.0,487.46016
LIN,2026-08-25 19:55:00+00:00,487.91,487.98,487.18,487.21,116840.0,4178.0,487.515189
LIN,2026-08-25 20:00:00+00:00,487.2,488.61,487.2,488.61,961967.0,106.0,487.200544
LIN,2026-08-25 20:05:00+00:00,487.0,487.0,487.0,487.0,255.0,4.0,487.0
LIN,2026-08-25 22:15:00+00:00,487.2,487.2,487.2,487.2,68.0,1.0,487.2
LIN,2026-08-26 12:15:00+00:00,487.2,487.2,487.2,487.2,100.0,1.0,487.2
LIN,2026-08-26 13:00:00+00:00,487.23,487.23,487.23,487.23,286.0,13.0,487.23
LIN,2026-08-26 13:20:00+00:00,487.76,487.76,487.76,487.76,226.0,6.0,487.76
LIN,2026-08-26 13:25:00+00:00,488.35,488.35,488.25,488.25,475.0,21.0,488.282086
LIN,2026-08-26 13:30:00+00:00,488.55,491.0,488.0101,489.46,45700.0,1022.0,489.196326
LIN,2026-08-26 13:35:00+00:00,489.76,490.11,488.19,489.92,28032.0,776.0,489.023961
LIN,2026-08-26 13:40:00+00:00,489.947,491.4,489.4354,491.4,12961.0,495.0,490.572524
LIN,2026-08-26 13:45:00+00:00,491.43,493.5,491.08,493.33,20713.0,716.0,492.240176
LIN,2026-08-26 13:50:00+00:00,493.33,494.41,492.895,493.935,40358.0,608.0,494.158621
LIN,2026-08-26 13:55:00+00:00,493.823,494.5,493.05,494.42,23244.0,556.0,493.775857
LIN,2026-08-26 14:00:00+00:00,494.42,494.42,492.33,492.36,33922.0,865.0,493.607557
LIN,2026-08-26 14:05:00+00:00,492.35,492.69,491.74,492.69,28346.0,741.0,492.186205
LIN,2026-08-26 14:10:00+00:00,492.61,493.41,491.96,493.1,12415.0,502.0,492.485583
LIN,2026-08-26 14:15:00+00:00,493.08,493.2799,492.36,492.51,12367.0,415.0,492.766629
LIN,2026-08-26 14:20:00+00:00,492.515,492.8,492.1201,492.62,10002.0,436.0,492.541464
LIN,2026-08-26 14:25:00+00:00,492.57,492.62,491.4701,491.67,24621.0,686.0,492.028819
LIN,2026-08-26 14:30:00+00:00,491.66,492.59,491.29,492.26,26604.0,756.0,492.153863
LIN,2026-08-26 14:35:00+00:00,492.255,492.255,490.76,490.76,17235.0,569.0,491.805985
LIN,2026-08-26 14:40:00+00:00,490.675,490.77,490.26,490.36,15531.0,428.0,490.530074
LIN,2026-08-26 14:45:00+00:00,490.555,490.935,490.25,490.33,26736.0,750.0,490.47869
LIN,2026-08-26 14:50:00+00:00,490.22,491.33,490.22,491.32,8637.0,401.0,491.037823
LIN,2026-08-26 14:55:00+00:00,491.3,491.32,490.66,490.89,9181.0,421.0,490.980469
LIN,2026-08-26 15:00:00+00:00,490.85,491.15,490.515,490.6755,7675.0,379.0,490.842369
LIN,2026-08-26 15:05:00+00:00,490.725,491.425,490.5801,491.35,9256.0,397.0,491.178252
LIN,2026-08-26 15:10:00+00:00,491.22,491.64,491.09,491.55,16615.0,490.0,491.493939
LIN,2026-08-26 15:15:00+00:00,491.7099,491.78,490.96,491.36,14221.0,568.0,491.278135
LIN,2026-08-26 15:20:00+00:00,491.56,491.9491,491.175,491.175,10009.0,377.0,491.59565
LIN,2026-08-26 15:25:00+00:00,491.175,491.485,490.91,491.09,8595.0,414.0,491.141767
LIN,2026-08-26 15:30:00+00:00,491.1,491.24,490.78,490.945,11641.0,451.0,490.985321
LIN,2026-08-26 15:35:00+00:00,490.94,491.07,490.51,490.615,10186.0,352.0,490.753994
LIN,2026-08-26 15:40:00+00:00,490.76,491.16,490.5,491.16,7713.0,385.0,490.6731
LIN,2026-08-26 15:45:00+00:00,491.12,491.305,490.7,491.05,11463.0,443.0,490.975709
LIN,2026-08-26 15:50:00+00:00,491.22,491.55,491.025,491.48,6531.0,373.0,491.26611
LIN,2026-08-26 15:55:00+00:00,491.51,492.18,491.4425,492.17,8335.0,461.0,491.78688
LIN,2026-08-26 16:00:00+00:00,492.17,492.195,491.67,491.67,12748.0,585.0,492.016014
LIN,2026-08-26 16:05:00+00:00,491.77,492.0999,491.465,491.465,6741.0,380.0,491.790161
LIN,2026-08-26 16:10:00+00:00,491.61,491.685,491.33,491.47,11133.0,469.0,491.524419
LIN,2026-08-26 16:15:00+00:00,491.59,491.62,490.92,491.07,14171.0,495.0,491.338453
LIN,2026-08-26 16:20:00+00:00,490.98,491.54,490.81,491.2401,8257.0,407.0,491.053401
LIN,2026-08-26 16:25:00+00:00,491.25,491.3,490.99,491.17,8535.0,363.0,491.127307
LIN,2026-08-26 16:30:00+00:00,491.155,491.155,490.855,491.15,4967.0,306.0,490.974972
LIN,2026-08-26 16:35:00+00:00,490.99,491.36,490.99,491.1275,5671.0,311.0,491.150334
LIN,2026-08-26 16:40:00+00:00,491.01,491.19,490.93,491.04,4599.0,325.0,491.050732
LIN,2026-08-26 16:45:00+00:00,491.04,491.15,490.845,490.91,6045.0,374.0,490.981479
LIN,2026-08-26 16:50:00+00:00,491.1051,491.13,490.93,491.04,3351.0,213.0,491.03821
LIN,2026-08-26 16:55:00+00:00,491.04,491.215,490.84,490.95,8523.0,443.0,491.054967
LIN,2026-08-26 17:00:00+00:00,490.945,491.06,490.53,490.73,7275.0,384.0,490.796396
LIN,2026-08-26 17:05:00+00:00,490.71,490.72,490.42,490.52,4937.0,288.0,490.571636
LIN,2026-08-26 17:10:00+00:00,490.41,490.61,490.41,490.575,4705.0,316.0,490.530642
LIN,2026-08-26 17:15:00+00:00,490.66,490.72,490.24,490.4,6434.0,372.0,490.553706
LIN,2026-08-26 17:20:00+00:00,490.39,490.655,490.26,490.45,7802.0,434.0,490.485733
LIN,2026-08-26 17:25:00+00:00,490.4,490.44,490.18,490.31,4837.0,239.0,490.293229
LIN,2026-08-26 17:30:00+00:00,490.32,490.935,490.315,490.43,7950.0,434.0,490.564355
LIN,2026-08-26 17:35:00+00:00,490.425,490.487,490.12,490.12,4982.0,315.0,490.326437
LIN,2026-08-26 17:40:00+00:00,490.28,490.45,490.11,490.445,7826.0,349.0,490.290919
LIN,2026-08-26 17:45:00+00:00,490.415,490.595,490.31,490.49,4325.0,309.0,490.399618
LIN,2026-08-26 17:50:00+00:00,490.485,490.63,490.35,490.52,4537.0,340.0,490.469941
LIN,2026-08-26 17:55:00+00:00,490.515,490.62,490.33,490.455,6972.0,313.0,490.513241
LIN,2026-08-26 18:00:00+00:00,490.45,490.4842,490.0,490.16,5496.0,308.0,490.271224
LIN,2026-08-26 18:05:00+00:00,490.22,490.3,490.04,490.08,7635.0,358.0,490.198801
LIN,2026-08-26 18:10:00+00:00,490.07,490.2753,490.0,490.185,7261.0,314.0,490.147072
LIN,2026-08-26 18:15:00+00:00,490.185,490.24,489.82,490.0,10031.0,442.0,490.076128
LIN,2026-08-26 18:20:00+00:00,490.0,490.16,490.0,490.045,5709.0,343.0,490.105448
LIN,2026-08-26 18:25:00+00:00,490.005,490.07,489.85,489.99,7016.0,356.0,489.962176
LIN,2026-08-26 18:30:00+00:00,489.93,490.145,489.81,490.145,5282.0,346.0,489.949394
LIN,2026-08-26 18:35:00+00:00,490.06,490.1,489.78,489.96,7258.0,414.0,489.937203
LIN,2026-08-26 18:40:00+00:00,489.975,490.17,489.975,490.17,6056.0,320.0,490.086003
LIN,2026-08-26 18:45:00+00:00,490.11,490.22,489.795,489.83,6508.0,333.0,490.022874
LIN,2026-08-26 18:50:00+00:00,489.88,490.16,489.79,490.05,6364.0,326.0,489.895561
LIN,2026-08-26 18:55:00+00:00,490.045,490.3,490.03,490.28,6420.0,371.0,490.131148
LIN,2026-08-26 19:00:00+00:00,490.275,490.46,490.13,490.245,5429.0,365.0,490.272988
LIN,2026-08-26 19:05:00+00:00,490.245,490.35,489.8145,489.96,11301.0,456.0,490.134611
LIN,2026-08-26 19:10:00+00:00,489.945,490.42,489.91,490.42,7264.0,333.0,490.077193
LIN,2026-08-26 19:15:00+00:00,490.305,490.42,490.09,490.29,10438.0,473.0,490.217646
LIN,2026-08-26 19:20:00+00:00,490.29,490.33,490.14,490.285,10442.0,517.0,490.268819
LIN,2026-08-26 19:25:00+00:00,490.28,490.51,490.0201,490.51,11286.0,621.0,490.235535
LIN,2026-08-26 19:30:00+00:00,490.75,492.01,490.61,492.0025,19960.0,810.0,491.237819
LIN,2026-08-26 19:35:00+00:00,491.88,492.24,491.8,492.23,20561.0,740.0,491.984195
LIN,2026-08-26 19:40:00+00:00,492.23,492.63,491.97,492.63,20529.0,863.0,492.255006
LIN,2026-08-26 19:45:00+00:00,492.6,493.0,492.5,492.99,17225.0,712.0,492.765284
LIN,2026-08-26 19:50:00+00:00,492.96,493.06,492.185,492.385,48843.0,1955.0,492.702363
LIN,2026-08-26 19:55:00+00:00,492.43,492.43,490.23,490.28,98431.0,3622.0,490.856372
LIN,2026-08-26 20:00:00+00:00,490.33,490.33,483.0,483.0,545264.0,114.0,490.329315
LIN,2026-08-26 21:25:00+00:00,487.99,487.99,487.99,487.99,94.0,2.0,487.99
LIN,2026-08-26 22:00:00+00:00,488.2,492.0,488.2,489.33,363.0,14.0,490.078378
LIN,2026-08-26 22:05:00+00:00,489.33,490.1,488.95,490.1,530.0,48.0,489.477326
LIN,2026-08-26 22:15:00+00:00,489.53,489.53,489.5,489.5,187.0,3.0,489.517059
LIN,2026-08-27 08:00:00+00:00,488.83,488.83,487.9,487.91,1616.0,337.0,488.122461
LIN,2026-08-27 08:05:00+00:00,488.05,488.05,488.05,488.05,111.0,5.0,488.05
LIN,2026-08-27 11:20:00+00:00,486.99,486.99,486.99,486.99,234.0,16.0,486.99
LIN,2026-08-27 11:25:00+00:00,487.25,487.25,487.25,487.25,100.0,6.0,487.25
LIN,2026-08-27 11:40:00+00:00,486.73,487.13,486.67,487.13,670.0,18.0,486.800304
LIN,2026-08-27 11:45:00+00:00,486.0,486.0,486.0,486.0,186.0,11.0,486.0
LIN,2026-08-27 12:15:00+00:00,486.78,486.78,486.78,486.78,60.0,1.0,486.78
LIN,2026-08-27 13:20:00+00:00,485.33,485.33,485.33,485.33,116.0,4.0,485.33
LIN,2026-08-27 13:25:00+00:00,485.1,485.28,484.43,485.28,736.0,38.0,485.107547
LIN,2026-08-27 13:30:00+00:00,485.28,485.28,481.0,482.62,63849.0,1197.0,483.978065
LIN,2026-08-27 13:35:00+00:00,482.45,483.51,482.28,482.46,21814.0,776.0,482.876379
LIN,2026-08-27 13:40:00+00:00,481.84,482.92,481.07,482.74,22485.0,769.0,481.880716
LIN,2026-08-27 13:45:00+00:00,482.57,483.5,482.34,483.4799,17141.0,687.0,482.937359
LIN,2026-08-27 13:50:00+00:00,483.08,483.89,482.66,483.345,9598.0,434.0,483.357127
LIN,2026-08-27 13:55:00+00:00,483.345,483.73,483.01,483.255,8740.0,437.0,483.353605
LIN,2026-08-27 14:00:00+00:00,483.26,483.46,482.98,483.39,8895.0,507.0,483.210277
LIN,2026-08-27 14:05:00+00:00,483.69,483.79,482.83,482.995,9392.0,408.0,483.198195
LIN,2026-08-27 14:10:00+00:00,482.89,483.16,481.62,482.215,18648.0,688.0,482.268419
LIN,2026-08-27 14:15:00+00:00,482.21,483.05,482.21,482.79,11664.0,623.0,482.708961
LIN,2026-08-27 14:20:00+00:00,483.05,483.28,482.195,483.26,55656.0,1251.0,482.693691
LIN,2026-08-27 14:25:00+00:00,483.3,483.9,482.3001,482.78,11489.0,603.0,482.930662
LIN,2026-08-27 14:30:00+00:00,482.7,483.24,482.5546,483.24,10933.0,554.0,482.884376
LIN,2026-08-27 14:35:00+00:00,483.6199,484.75,483.3239,484.73,9808.0,441.0,483.879956
LIN,2026-08-27 14:40:00+00:00,484.8,484.98,484.3,484.77,11430.0,586.0,484.568333
LIN,2026-08-27 14:45:00+00:00,484.97,485.3,484.86,485.27,8534.0,317.0,485.122223
LIN,2026-08-27 14:50:00+00:00,485.11,485.3,484.59,485.015,10747.0,499.0,484.88885
LIN,2026-08-27 14:55:00+00:00,485.01,485.01,484.235,484.49,5721.0,305.0,484.611792
LIN,2026-08-27 15:00:00+00:00,484.36,484.52,484.245,484.52,7187.0,382.0,484.351071
LIN,2026-08-27 15:05:00+00:00,484.52,485.1,484.51,484.75,7184.0,462.0,484.718602
LIN,2026-08-27 15:10:00+00:00,484.86,486.2431,484.75,486.15,21627.0,514.0,485.201392
LIN,2026-08-27 15:15:00+00:00,486.15,486.69,485.66,485.66,12015.0,433.0,486.250826
LIN,2026-08-27 15:20:00+00:00,485.76,486.19,485.32,486.175,15529.0,373.0,485.693851
LIN,2026-08-27 15:25:00+00:00,486.19,486.19,485.57,485.81,6100.0,347.0,485.894007
LIN,2026-08-27 15:30:00+00:00,485.33,486.01,485.33,485.785,6899.0,333.0,485.779287
LIN,2026-08-27 15:35:00+00:00,485.53,485.825,485.05,485.05,6196.0,337.0,485.563898
LIN,2026-08-27 15:40:00+00:00,485.23,485.4499,484.82,485.245,6051.0,293.0,485.147526
LIN,2026-08-27 15:45:00+00:00,485.245,485.81,485.245,485.6,9130.0,432.0,485.606749
LIN,2026-08-27 15:50:00+00:00,485.54,485.77,485.44,485.44,6675.0,300.0,485.630013
LIN,2026-08-27 15:55:00+00:00,485.44,485.52,484.85,485.28,18935.0,468.0,485.076531
LIN,2026-08-27 16:00:00+00:00,485.56,485.65,485.35,485.425,6084.0,369.0,485.494651
LIN,2026-08-27 16:05:00+00:00,485.32,485.32,484.315,484.315,5483.0,323.0,484.818766
LIN,2026-08-27 16:10:00+00:00,484.31,484.38,483.765,483.765,11303.0,388.0,484.201383
LIN,2026-08-27 16:15:00+00:00,483.75,483.99,483.51,483.8,5612.0,366.0,483.732518
LIN,2026-08-27 16:20:00+00:00,483.88,483.92,483.745,483.82,6286.0,285.0,483.838061
LIN,2026-08-27 16:25:00+00:00,483.76,483.81,483.116,483.34,9355.0,408.0,483.32512
LIN,2026-08-27 16:30:00+00:00,483.34,483.68,483.1301,483.66,6314.0,359.0,483.330788
LIN,2026-08-27 16:35:00+00:00,483.71,484.03,483.645,483.96,6942.0,349.0,483.820966
LIN,2026-08-27 16:40:00+00:00,483.985,484.315,483.9675,484.315,5048.0,306.0,484.130301
LIN,2026-08-27 16:45:00+00:00,484.315,484.45,484.05,484.295,6639.0,285.0,484.2162
LIN,2026-08-27 16:50:00+00:00,484.305,484.8,484.305,484.6,7524.0,319.0,484.612475
LIN,2026-08-27 16:55:00+00:00,484.6,484.66,484.47,484.61,5738.0,242.0,484.560294
LIN,2026-08-27 17:00:00+00:00,484.625,484.63,484.275,484.315,4109.0,262.0,484.478631
LIN,2026-08-27 17:05:00+00:00,484.2,484.29,483.97,484.29,7354.0,351.0,484.100729
LIN,2026-08-27 17:10:00+00:00,484.13,484.46,484.06,484.385,6571.0,326.0,484.234618
LIN,2026-08-27 17:15:00+00:00,484.385,484.91,484.385,484.8,4389.0,224.0,484.646146
LIN,2026-08-27 17:20:00+00:00,484.825,485.09,484.825,484.885,6265.0,276.0,484.928599
LIN,2026-08-27 17:25:00+00:00,484.875,485.14,484.83,484.92,5828.0,343.0,485.030126
LIN,2026-08-27 17:30:00+00:00,484.92,485.1,484.79,485.08,12432.0,363.0,484.908528
LIN,2026-08-27 17:35:00+00:00,485.09,485.18,485.02,485.075,4961.0,284.0,485.079197
LIN,2026-08-27 17:40:00+00:00,485.075,485.61,485.075,485.61,12163.0,400.0,485.43898
LIN,2026-08-27 17:45:00+00:00,485.48,485.74,485.4154,485.59,5499.0,308.0,485.62316
LIN,2026-08-27 17:50:00+00:00,485.6,485.97,485.595,485.84,9029.0,379.0,485.759593
LIN,2026-08-27 17:55:00+00:00,485.835,486.055,485.715,485.915,4997.0,275.0,485.889505
LIN,2026-08-27 18:00:00+00:00,485.87,485.87,485.29,485.44,7949.0,394.0,485.603166
LIN,2026-08-27 18:05:00+00:00,485.445,485.93,485.3101,485.78,13703.0,477.0,485.652866
LIN,2026-08-27 18:10:00+00:00,485.87,485.87,485.53,485.675,6539.0,344.0,485.667333
LIN,2026-08-27 18:15:00+00:00,485.67,485.745,485.32,485.4,5726.0,319.0,485.636598
LIN,2026-08-27 18:20:00+00:00,485.4,485.58,485.29,485.58,6743.0,395.0,485.437114
LIN,2026-08-27 18:25:00+00:00,485.53,485.65,485.24,485.37,9578.0,413.0,485.400933
LIN,2026-08-27 18:30:00+00:00,485.355,485.355,485.09,485.09,4916.0,263.0,485.223498
LIN,2026-08-27 18:35:00+00:00,485.25,485.35,484.935,484.94,6791.0,427.0,485.145555
LIN,2026-08-27 18:40:00+00:00,484.94,485.01,484.87,484.875,8399.0,397.0,484.919968
LIN,2026-08-27 18:45:00+00:00,484.86,485.1307,484.86,485.075,4388.0,302.0,485.012537
LIN,2026-08-27 18:50:00+00:00,485.075,485.08,484.68,484.68,5613.0,377.0,484.9041
LIN,2026-08-27 18:55:00+00:00,484.745,484.9399,484.42,484.5503,5840.0,360.0,484.579549
LIN,2026-08-27 19:00:00+00:00,484.4025,485.005,484.4025,484.7901,8689.0,426.0,484.671263
LIN,2026-08-27 19:05:00+00:00,484.99,485.04,484.74,484.785,6440.0,366.0,484.852888
LIN,2026-08-27 19:10:00+00:00,484.795,485.09,484.69,485.09,12088.0,478.0,484.8842
LIN,2026-08-27 19:15:00+00:00,485.095,485.28,484.7401,485.11,8201.0,449.0,484.983838
LIN,2026-08-27 19:20:00+00:00,485.195,485.2199,484.94,485.03,11285.0,434.0,485.096344
LIN,2026-08-27 19:25:00+00:00,485.025,485.17,484.95,485.055,9617.0,482.0,485.033701
LIN,2026-08-27 19:30:00+00:00,485.055,485.185,484.9501,485.05,9526.0,502.0,485.072026
LIN,2026-08-27 19:35:00+00:00,485.07,485.42,485.07,485.17,11985.0,570.0,485.259898
LIN,2026-08-27 19:40:00+00:00,485.23,485.62,485.18,485.62,11855.0,572.0,485.381232
LIN,2026-08-27 19:45:00+00:00,485.6,485.68,485.465,485.515,16103.0,616.0,485.54288
LIN,2026-08-27 19:50:00+00:00,485.44,485.51,484.461,484.925,30660.0,1280.0,484.888389
LIN,2026-08-27 19:55:00+00:00,485.01,485.945,485.01,485.26,118245.0,4537.0,485.340967
LIN,2026-08-27 20:00:00+00:00,485.35,485.35,485.35,485.35,810332.0,119.0,485.35
LIN,2026-08-27 20:15:00+00:00,485.35,485.35,485.35,485.35,299.0,1.0,485.35
LIN,2026-08-28 08:00:00+00:00,486.85,486.85,486.85,486.85,52.0,4.0,486.85
LIN,2026-08-28 08:10:00+00:00,486.96,486.96,486.96,486.96,47.0,2.0,486.96
LIN,2026-08-28 11:40:00+00:00,487.48,487.48,487.48,487.48,50.0,1.0,487.48
LIN,2026-08-28 12:10:00+00:00,487.02,487.02,487.01,487.01,100.0,2.0,487.016
LIN,2026-08-28 12:55:00+00:00,487.77,487.77,487.74,487.74,215.0,6.0,487.752534
LIN,2026-08-28 13:15:00+00:00,487.75,487.75,487.73,487.73,100.0,3.0,487.738889
LIN,2026-08-28 13:25:00+00:00,488.47,488.47,487.58,487.99,689.0,44.0,488.055933
LIN,2026-08-28 13:30:00+00:00,487.0,489.525,486.7301,487.575,37151.0,531.0,488.022915
LIN,2026-08-28 13:35:00+00:00,487.4,488.36,486.92,487.37,10040.0,451.0,487.557793
LIN,2026-08-28 13:40:00+00:00,487.3956,488.09,486.74,487.82,11020.0,317.0,487.578748
LIN,2026-08-28 13:45:00+00:00,487.82,488.18,487.47,487.92,12543.0,383.0,487.838968
LIN,2026-08-28 13:50:00+00:00,487.71,488.59,487.4,488.37,7635.0,295.0,488.119486
LIN,2026-08-28 13:55:00+00:00,488.37,489.35,488.315,488.74,5699.0,287.0,488.699909
LIN,2026-08-28 14:00:00+00:00,488.71,489.2925,488.46,488.6,8670.0,443.0,488.833385
LIN,2026-08-28 14:05:00+00:00,488.545,488.99,488.171,488.49,13108.0,447.0,488.692408
LIN,2026-08-28 14:10:00+00:00,488.31,488.99,487.79,487.81,8953.0,453.0,488.487069
LIN,2026-08-28 14:15:00+00:00,487.81,488.45,487.64,488.26,5425.0,242.0,488.120727
LIN,2026-08-28 14:20:00+00:00,487.96,488.245,487.0925,487.21,8134.0,361.0,487.754794
LIN,2026-08-28 14:25:00+00:00,487.35,487.59,486.8,486.84,9968.0,468.0,487.268715
LIN,2026-08-28 14:30:00+00:00,487.08,487.62,486.7,487.4,7695.0,544.0,487.252616
LIN,2026-08-28 14:35:00+00:00,487.465,488.56,487.465,488.465,21567.0,473.0,488.055179
LIN,2026-08-28 14:40:00+00:00,488.4,488.4,487.78,488.19,23321.0,453.0,488.231281
LIN,2026-08-28 14:45:00+00:00,488.06,488.44,487.51,487.64,6407.0,332.0,487.886917
LIN,2026-08-28 14:50:00+00:00,487.6,488.0,487.6,487.9,5798.0,274.0,487.906031
LIN,2026-08-28 14:55:00+00:00,488.055,488.46,487.82,487.82,6496.0,306.0,488.089814
LIN,2026-08-28 15:00:00+00:00,487.97,488.525,487.97,488.195,12332.0,340.0,488.207346
LIN,2026-08-28 15:05:00+00:00,488.1901,488.2,487.8,488.07,5188.0,319.0,488.033886
LIN,2026-08-28 15:10:00+00:00,488.075,488.26,487.77,488.12,5318.0,312.0,488.05533
LIN,2026-08-28 15:15:00+00:00,488.0,488.78,488.0,488.73,6926.0,360.0,488.322418
LIN,2026-08-28 15:20:00+00:00,488.71,489.055,488.61,489.055,7499.0,294.0,488.835053
LIN,2026-08-28 15:25:00+00:00,489.05,489.26,488.88,489.08,4738.0,290.0,489.039756
LIN,2026-08-28 15:30:00+00:00,488.89,488.89,487.06,487.25,17809.0,479.0,487.940293
LIN,2026-08-28 15:35:00+00:00,487.62,488.38,487.445,487.89,10116.0,397.0,488.01714
LIN,2026-08-28 15:40:00+00:00,487.89,488.2299,487.58,488.04,8166.0,421.0,487.810898
LIN,2026-08-28 15:45:00+00:00,488.095,488.4397,487.9901,488.14,6143.0,282.0,488.23997
LIN,2026-08-28 15:50:00+00:00,488.08,488.46,487.75,488.46,7148.0,382.0,488.029871
LIN,2026-08-28 15:55:00+00:00,488.34,488.5499,488.0569,488.26,8070.0,362.0,488.30565
LIN,2026-08-28 16:00:00+00:00,488.37,489.27,488.31,488.85,10146.0,436.0,488.924933
LIN,2026-08-28 16:05:00+00:00,488.835,489.04,488.59,488.59,7516.0,318.0,488.849533
LIN,2026-08-28 16:10:00+00:00,488.605,488.95,488.0,488.24,5220.0,267.0,488.550292
LIN,2026-08-28 16:15:00+00:00,488.16,488.53,488.16,488.33,6474.0,277.0,488.331045
LIN,2026-08-28 16:20:00+00:00,488.29,488.29,487.72,487.78,9788.0,412.0,487.970773
LIN,2026-08-28 16:25:00+00:00,487.75,487.98,487.58,487.72,5742.0,308.0,487.78512
LIN,2026-08-28 16:30:00+00:00,487.66,488.22,487.66,488.065,5775.0,357.0,487.990415
LIN,2026-08-28 16:35:00+00:00,487.99,488.19,487.92,487.95,4844.0,297.0,488.036402
LIN,2026-08-28 16:40:00+00:00,487.95,488.05,487.63,487.97,13434.0,412.0,487.827102
LIN,2026-08-28 16:45:00+00:00,487.97,487.97,487.545,487.7026,4769.0,229.0,487.666942
LIN,2026-08-28 16:50:00+00:00,487.72,487.99,487.72,487.77,3870.0,249.0,487.830382
LIN,2026-08-28 16:55:00+00:00,487.77,487.92,487.63,487.74,5856.0,246.0,487.760456
LIN,2026-08-28 17:00:00+00:00,487.74,487.985,487.6601,487.985,2741.0,155.0,487.810064
LIN,2026-08-28 17:05:00+00:00,487.8911,488.0968,487.675,487.68,5213.0,286.0,487.900755
LIN,2026-08-28 17:10:00+00:00,487.695,487.8,487.55,487.6,3341.0,186.0,487.638665
LIN,2026-08-28 17:15:00+00:00,487.54,487.89,487.3,487.43,5676.0,305.0,487.522177
LIN,2026-08-28 17:20:00+00:00,487.47,487.59,487.2171,487.39,4501.0,279.0,487.450456
LIN,2026-08-28 17:25:00+00:00,487.4325,487.625,487.35,487.46,2890.0,227.0,487.509667
LIN,2026-08-28 17:30:00+00:00,487.365,487.71,487.36,487.71,4958.0,270.0,487.529078
LIN,2026-08-28 17:35:00+00:00,487.9809,487.9809,487.45,487.5125,5578.0,295.0,487.755349
LIN,2026-08-28 17:40:00+00:00,487.515,488.05,487.515,487.86,4873.0,272.0,487.806346
LIN,2026-08-28 17:45:00+00:00,487.845,487.94,487.61,487.835,3843.0,192.0,487.797397
LIN,2026-08-28 17:50:00+00:00,487.94,488.04,487.72,487.83,4408.0,293.0,487.864114
LIN,2026-08-28 17:55:00+00:00,487.82,487.83,487.63,487.82,9278.0,267.0,487.724766
LIN,2026-08-28 18:00:00+00:00,487.7201,487.815,487.5649,487.76,3368.0,161.0,487.682884
LIN,2026-08-28 18:05:00+00:00,487.87,488.17,487.82,488.105,5023.0,287.0,488.025246
LIN,2026-08-28 18:10:00+00:00,488.105,488.34,487.87,487.895,5896.0,327.0,488.192117
LIN,2026-08-28 18:15:00+00:00,487.94,488.09,487.43,487.9,5213.0,280.0,487.777211
LIN,2026-08-28 18:20:00+00:00,487.66,487.73,487.535,487.58,3730.0,213.0,487.586544
LIN,2026-08-28 18:25:00+00:00,487.74,487.98,487.67,487.975,7378.0,287.0,487.854771
LIN,2026-08-28 18:30:00+00:00,487.975,488.17,487.89,488.025,4444.0,306.0,488.045447
LIN,2026-08-28 18:35:00+00:00,488.025,488.06,487.9,487.965,3955.0,234.0,487.978456
LIN,2026-08-28 18:40:00+00:00,487.965,488.07,487.75,488.07,5055.0,340.0,487.889539
LIN,2026-08-28 18:45:00+00:00,488.155,488.205,487.84,487.94,5548.0,283.0,488.095398
LIN,2026-08-28 18:50:00+00:00,487.98,488.2,487.97,488.07,5641.0,321.0,488.061615
LIN,2026-08-28 18:55:00+00:00,488.05,488.28,488.03,488.03,5565.0,337.0,488.174554
LIN,2026-08-28 19:00:00+00:00,488.07,488.2,487.9,487.955,7854.0,407.0,488.023736
LIN,2026-08-28 19:05:00+00:00,487.81,488.07,487.81,488.01,5924.0,323.0,487.977346
LIN,2026-08-28 19:10:00+00:00,488.0,488.1665,487.68,487.875,8783.0,477.0,487.884499
LIN,2026-08-28 19:15:00+00:00,487.87,488.045,487.78,487.91,7721.0,442.0,487.925524
LIN,2026-08-28 19:20:00+00:00,487.91,488.4234,487.89,488.34,9212.0,531.0,488.069043
LIN,2026-08-28 19:25:00+00:00,488.31,488.49,488.24,488.35,11375.0,565.0,488.376286
LIN,2026-08-28 19:30:00+00:00,488.28,488.34,488.01,488.24,11392.0,615.0,488.191936
LIN,2026-08-28 19:35:00+00:00,488.2,488.2,487.68,488.085,10579.0,547.0,487.900956
LIN,2026-08-28 19:40:00+00:00,488.085,488.18,487.79,488.0,13065.0,679.0,488.052976
LIN,2026-08-28 19:45:00+00:00,488.005,488.17,487.865,487.92,11206.0,670.0,488.02963
LIN,2026-08-28 19:50:00+00:00,488.1,488.43,487.8025,488.19,29808.0,1431.0,488.177474
LIN,2026-08-28 19:55:00+00:00,488.36,489.6,488.36,489.51,89713.0,3508.0,489.218071
LIN,2026-08-28 20:00:00+00:00,489.51,489.51,489.51,489.51,346277.0,112.0,489.51
LIN,2026-08-28 20:40:00+00:00,489.51,489.51,489.51,489.51,162636.0,1.0,489.51
LIN,2026-08-28 20:55:00+00:00,487.1694,487.943,487.1694,487.943,100.0,2.0,487.5562
LIN,2026-08-31 08:00:00+00:00,489.03,489.03,487.75,487.75,616.0,41.0,488.142793
LIN,2026-08-31 09:05:00+00:00,490.08,490.08,490.07,490.07,93.0,2.0,490.074839
LIN,2026-08-31 09:15:00+00:00,490.23,490.23,490.23,490.23,106.0,2.0,490.23
LIN,2026-08-31 09:40:00+00:00,489.33,489.33,489.27,489.28,214.0,6.0,489.2875
LIN,2026-08-31 10:10:00+00:00,488.93,488.93,488.93,488.93,50.0,1.0,488.93
LIN,2026-08-31 11:35:00+00:00,489.34,489.42,489.34,489.42,515.0,16.0,489.352912
LIN,2026-08-31 12:00:00+00:00,489.49,489.49,489.49,489.49,121.0,7.0,489.49
LIN,2026-08-31 13:25:00+00:00,489.84,490.0,489.82,490.0,591.0,15.0,489.870847
LIN,2026-08-31 13:30:00+00:00,489.05,490.77,489.05,490.27,32287.0,827.0,489.798357
LIN,2026-08-31 13:35:00+00:00,490.62,492.49,490.38,490.39,42063.0,825.0,491.564576
LIN,2026-08-31 13:40:00+00:00,490.365,490.97,489.84,490.47,7050.0,376.0,490.420068
LIN,2026-08-31 13:45:00+00:00,490.66,491.44,490.05,491.01,9737.0,512.0,490.825463
LIN,2026-08-31 13:50:00+00:00,491.32,491.43,490.56,490.63,7090.0,411.0,490.99493
LIN,2026-08-31 13:55:00+00:00,490.6,491.2,490.46,491.03,4971.0,260.0,490.873123
LIN,2026-08-31 14:00:00+00:00,490.77,491.18,490.74,490.96,8777.0,447.0,491.014608
LIN,2026-08-31 14:05:00+00:00,491.07,491.93,490.955,491.85,13656.0,541.0,491.423998
LIN,2026-08-31 14:10:00+00:00,491.8,491.97,491.14,491.4,10137.0,417.0,491.572858
LIN,2026-08-31 14:15:00+00:00,491.4,491.67,490.42,490.98,14489.0,453.0,491.190534
LIN,2026-08-31 14:20:00+00:00,491.1,491.1299,490.51,490.765,9553.0,481.0,490.729376
LIN,2026-08-31 14:25:00+00:00,490.76,490.76,489.91,489.92,8393.0,550.0,490.178938
LIN,2026-08-31 14:30:00+00:00,489.91,490.34,489.69,490.11,10883.0,491.0,490.006894
LIN,2026-08-31 14:35:00+00:00,490.22,490.71,490.11,490.41,9338.0,461.0,490.418408
LIN,2026-08-31 14:40:00+00:00,490.74,491.23,490.28,491.23,12752.0,488.0,490.849828
LIN,2026-08-31 14:45:00+00:00,491.18,491.18,490.74,490.88,6695.0,363.0,490.952704
LIN,2026-08-31 14:50:00+00:00,490.785,490.975,490.48,490.8099,6085.0,361.0,490.77229
LIN,2026-08-31 14:55:00+00:00,490.62,490.75,489.85,489.885,13264.0,564.0,490.288247
LIN,2026-08-31 15:00:00+00:00,489.89,490.34,489.8706,489.96,13067.0,502.0,490.083212
LIN,2026-08-31 15:05:00+00:00,489.96,489.96,489.04,489.04,12817.0,463.0,489.535157
LIN,2026-08-31 15:10:00+00:00,489.125,489.31,488.71,488.77,16759.0,566.0,488.97372
LIN,2026-08-31 15:15:00+00:00,488.77,489.05,488.57,488.97,14113.0,509.0,488.784353
LIN,2026-08-31 15:20:00+00:00,488.93,489.09,487.45,487.45,10205.0,444.0,488.432525
LIN,2026-08-31 15:25:00+00:00,487.55,488.445,487.5401,488.33,15759.0,592.0,488.019963
LIN,2026-08-31 15:30:00+00:00,488.33,488.81,488.33,488.7725,21547.0,645.0,488.489366
LIN,2026-08-31 15:35:00+00:00,488.745,489.32,488.745,489.0,9714.0,366.0,489.050328
LIN,2026-08-31 15:40:00+00:00,489.015,489.015,488.5,488.83,14834.0,471.0,488.670195
LIN,2026-08-31 15:45:00+00:00,488.91,489.02,488.285,488.285,8231.0,360.0,488.592979
LIN,2026-08-31 15:50:00+00:00,488.385,488.5114,488.22,488.395,9733.0,427.0,488.40012
LIN,2026-08-31 15:55:00+00:00,488.3101,488.4699,487.96,487.97,8598.0,469.0,488.163479
LIN,2026-08-31 16:00:00+00:00,488.0,488.29,487.96,488.23,8853.0,509.0,488.113562
LIN,2026-08-31 16:05:00+00:00,488.23,488.54,488.0701,488.53,8318.0,473.0,488.260819
LIN,2026-08-31 16:10:00+00:00,488.54,488.65,488.35,488.36,5921.0,317.0,488.522493
LIN,2026-08-31 16:15:00+00:00,488.3,488.31,487.8,487.8,4761.0,282.0,488.052463
LIN,2026-08-31 16:20:00+00:00,487.79,487.87,487.335,487.35,7167.0,395.0,487.694118
LIN,2026-08-31 16:25:00+00:00,487.25,487.3525,486.82,487.07,10519.0,478.0,487.128103
LIN,2026-08-31 16:30:00+00:00,487.14,487.45,486.97,487.25,5314.0,342.0,487.132603
LIN,2026-08-31 16:35:00+00:00,487.25,487.375,486.59,486.59,6623.0,320.0,487.158877
LIN,2026-08-31 16:40:00+00:00,486.58,486.7,486.45,486.7,7963.0,381.0,486.578554
LIN,2026-08-31 16:45:00+00:00,486.66,487.05,486.52,487.05,7735.0,370.0,486.795951
LIN,2026-08-31 16:50:00+00:00,486.89,487.02,486.7,486.7,5260.0,322.0,486.820909
LIN,2026-08-31 16:55:00+00:00,486.8,488.02,486.79,487.83,13914.0,399.0,487.224902
LIN,2026-08-31 17:00:00+00:00,487.86,488.5,487.79,488.355,9782.0,385.0,488.224469
LIN,2026-08-31 17:05:00+00:00,488.5,488.74,488.41,488.74,4348.0,246.0,488.550812
LIN,2026-08-31 17:10:00+00:00,488.74,489.2399,488.61,488.9901,15651.0,331.0,488.883827
LIN,2026-08-31 17:15:00+00:00,489.315,489.35,489.0,489.175,20838.0,321.0,489.181325
LIN,2026-08-31 17:20:00+00:00,489.175,489.445,489.09,489.09,16106.0,371.0,489.271793
LIN,2026-08-31 17:25:00+00:00,489.09,489.165,488.49,488.6969,6415.0,355.0,488.773306
LIN,2026-08-31 17:30:00+00:00,488.61,488.6699,488.27,488.3,5444.0,270.0,488.502421
LIN,2026-08-31 17:35:00+00:00,488.33,488.62,488.07,488.217322,10419.0,441.0,488.384448
LIN,2026-08-31 17:40:00+00:00,488.1475,488.39,488.02,488.14,16464.0,300.0,488.103987
LIN,2026-08-31 17:45:00+00:00,488.14,488.38,488.14,488.24,4154.0,315.0,488.228455
LIN,2026-08-31 17:50:00+00:00,488.33,488.56,488.115,488.285,11247.0,418.0,488.264251
LIN,2026-08-31 17:55:00+00:00,488.335,489.04,488.3001,489.04,8917.0,360.0,488.523076
LIN,2026-08-31 18:00:00+00:00,488.985,489.19,488.895,488.9701,7134.0,375.0,489.051507
LIN,2026-08-31 18:05:00+00:00,489.16,489.57,488.92,489.095,5917.0,315.0,489.172044
LIN,2026-08-31 18:10:00+00:00,489.27,489.31,488.93,489.31,7973.0,386.0,489.100101
LIN,2026-08-31 18:15:00+00:00,489.31,489.44,489.05,489.44,8424.0,409.0,489.214867
LIN,2026-08-31 18:20:00+00:00,489.52,489.87,489.39,489.82,13086.0,394.0,489.666602
LIN,2026-08-31 18:25:00+00:00,489.725,490.0,489.6208,489.81,8889.0,487.0,489.838771
LIN,2026-08-31 18:30:00+00:00,489.73,490.085,489.6936,489.815,5967.0,438.0,489.864595
LIN,2026-08-31 18:35:00+00:00,489.880888,489.880888,489.26,489.4,7195.0,370.0,489.529708
LIN,2026-08-31 18:40:00+00:00,489.41,489.57,489.2701,489.2701,7483.0,361.0,489.441918
LIN,2026-08-31 18:45:00+00:00,489.4,489.53,489.17,489.21,7477.0,382.0,489.375554
LIN,2026-08-31 18:50:00+00:00,489.18,489.6499,489.18,489.2799,7968.0,434.0,489.435361
LIN,2026-08-31 18:55:00+00:00,489.22,489.34,489.13,489.26,8201.0,420.0,489.217962
LIN,2026-08-31 19:00:00+00:00,489.32,489.4225,488.91,488.96,5655.0,386.0,489.206177
LIN,2026-08-31 19:05:00+00:00,488.86,489.36,488.82,489.23,11992.0,466.0,489.082337
LIN,2026-08-31 19:10:00+00:00,489.17,489.42,489.02,489.167,7135.0,395.0,489.237035
LIN,2026-08-31 19:15:00+00:00,489.095,489.095,488.66,488.695,6328.0,410.0,488.896488
LIN,2026-08-31 19:20:00+00:00,488.77,489.015,488.65,488.65,6324.0,405.0,488.830898
LIN,2026-08-31 19:25:00+00:00,488.66,488.78,488.49,488.78,11884.0,489.0,488.627186
LIN,2026-08-31 19:30:00+00:00,488.87,489.14,488.64,489.14,10028.0,529.0,488.79967
LIN,2026-08-31 19:35:00+00:00,489.26,489.585,489.12,489.27,12687.0,553.0,489.30611
LIN,2026-08-31 19:40:00+00:00,489.27,489.64,489.27,489.46,18125.0,773.0,489.447871
LIN,2026-08-31 19:45:00+00:00,489.41,489.55,489.1,489.41,25194.0,699.0,489.30643
LIN,2026-08-31 19:50:00+00:00,489.93,490.69,489.49,489.49,47880.0,1699.0,489.868753
LIN,2026-08-31 19:55:00+00:00,489.72,490.005,489.37,489.6,108135.0,4036.0,489.692718
LIN,2026-08-31 20:00:00+00:00,489.58,489.59,489.52,489.58,743404.0,159.0,489.579911
LIN,2026-08-31 20:55:00+00:00,489.58,489.58,489.58,489.58,268537.0,3.0,489.58
LIN,2026-08-31 21:20:00+00:00,489.41,489.41,489.41,489.41,50.0,3.0,489.41
LIN,2026-09-01 08:00:00+00:00,489.3,489.3,489.3,489.3,168.0,56.0,489.3
LIN,2026-09-01 08:10:00+00:00,489.7,489.7,489.7,489.7,186.0,12.0,489.7
LIN,2026-09-01 09:30:00+00:00,489.72,489.73,489.72,489.73,549.0,67.0,489.72541
LIN,2026-09-01 09:55:00+00:00,489.43,489.43,489.43,489.43,164.0,8.0,489.43
LIN,2026-09-01 10:15:00+00:00,489.38,489.58,489.38,489.58,447.0,26.0,489.432923
LIN,2026-09-01 10:20:00+00:00,489.4,489.4,489.4,489.4,50.0,2.0,489.4
LIN,2026-09-01 10:30:00+00:00,489.32,489.32,489.31,489.31,498.0,27.0,489.31293
LIN,2026-09-01 11:00:00+00:00,488.79,489.14,488.79,489.14,314.0,9.0,488.887561
LIN,2026-09-01 11:20:00+00:00,489.24,489.24,489.24,489.24,165.0,9.0,489.24
LIN,2026-09-01 11:25:00+00:00,490.0,490.0,490.0,490.0,110.0,3.0,490.0
LIN,2026-09-01 12:15:00+00:00,490.14,490.14,490.14,490.14,50.0,1.0,490.14
LIN,2026-09-01 12:35:00+00:00,490.74,490.74,490.74,490.74,286.0,9.0,490.74
LIN,2026-09-01 12:55:00+00:00,490.74,490.74,490.73,490.74,1106.0,59.0,490.739084
LIN,2026-09-01 13:15:00+00:00,490.94,491.0,490.94,491.0,310.0,14.0,490.974222
LIN,2026-09-01 13:20:00+00:00,491.48,492.06,491.48,492.06,287.0,4.0,491.916605
LIN,2026-09-01 13:25:00+00:00,489.6,489.6,488.51,488.51,444.0,29.0,489.202063
LIN,2026-09-01 13:30:00+00:00,488.5,488.955,485.75,487.245,55143.0,886.0,488.058812
LIN,2026-09-01 13:35:00+00:00,487.285,488.04,485.46,485.46,15277.0,597.0,486.748663
LIN,2026-09-01 13:40:00+00:00,485.37,485.91,485.0,485.3,12966.0,560.0,485.378428
LIN,2026-09-01 13:45:00+00:00,485.3,485.54,483.75,484.37,17645.0,525.0,484.539174
LIN,2026-09-01 13:50:00+00:00,484.38,485.2,484.1,484.4643,21828.0,497.0,484.768124
LIN,2026-09-01 13:55:00+00:00,484.365,484.635,483.38,483.49,15119.0,510.0,484.034435
LIN,2026-09-01 14:00:00+00:00,483.49,484.51,483.41,484.28,21739.0,722.0,483.726804
LIN,2026-09-01 14:05:00+00:00,484.28,484.47,483.39,483.58,13447.0,580.0,483.872228
LIN,2026-09-01 14:10:00+00:00,483.36,483.5599,482.535,483.4,23939.0,716.0,483.083834
LIN,2026-09-01 14:15:00+00:00,483.395,483.74,482.54,483.2525,22649.0,653.0,483.226767
LIN,2026-09-01 14:20:00+00:00,483.48,484.1399,483.41,483.65,10647.0,565.0,483.740105
LIN,2026-09-01 14:25:00+00:00,483.91,484.09,483.56,483.95,12884.0,683.0,483.828987
LIN,2026-09-01 14:30:00+00:00,483.94,484.841,483.8369,484.31,8775.0,635.0,484.352603
LIN,2026-09-01 14:35:00+00:00,484.22,484.49,484.01,484.05,9970.0,509.0,484.329597
LIN,2026-09-01 14:40:00+00:00,484.12,484.12,483.1,483.2597,14014.0,514.0,483.770388
LIN,2026-09-01 14:45:00+00:00,483.15,483.52,483.15,483.3,10749.0,470.0,483.336922
LIN,2026-09-01 14:50:00+00:00,483.42,483.5,482.97,483.36,13281.0,613.0,483.283621
LIN,2026-09-01 14:55:00+00:00,483.44,483.44,482.94,483.235,10346.0,452.0,483.158956
LIN,2026-09-01 15:00:00+00:00,483.18,483.99,482.7,483.83,35214.0,726.0,483.218731
LIN,2026-09-01 15:05:00+00:00,483.895,484.83,483.62,484.605,16174.0,488.0,483.896689
LIN,2026-09-01 15:10:00+00:00,484.5475,484.94,483.625,483.625,21744.0,491.0,484.375822
LIN,2026-09-01 15:15:00+00:00,483.56,484.32,483.33,484.245,13947.0,604.0,483.901484
LIN,2026-09-01 15:20:00+00:00,484.17,484.23,483.475,483.555,9125.0,451.0,483.924922
LIN,2026-09-01 15:25:00+00:00,483.41,484.22,483.26,483.8968,20864.0,586.0,483.645617
LIN,2026-09-01 15:30:00+00:00,483.84,483.97,482.84,482.975,9867.0,480.0,483.57217
LIN,2026-09-01 15:35:00+00:00,482.85,483.33,482.7,482.96,12591.0,492.0,482.94516
LIN,2026-09-01 15:40:00+00:00,483.33,483.41,482.83,483.04,6497.0,320.0,483.201441
LIN,2026-09-01 15:45:00+00:00,483.045,483.26,482.58,482.76,8973.0,395.0,482.87354
LIN,2026-09-01 15:50:00+00:00,482.78,483.015,482.415,483.015,15523.0,574.0,482.680151
LIN,2026-09-01 15:55:00+00:00,483.02,483.47,482.58,482.78,11292.0,398.0,483.041961
LIN,2026-09-01 16:00:00+00:00,482.84,483.46,482.77,483.46,17346.0,433.0,483.133099
LIN,2026-09-01 16:05:00+00:00,483.45,483.58,483.065,483.08,6747.0,345.0,483.244837
LIN,2026-09-01 16:10:00+00:00,483.28,483.38,483.19,483.19,7541.0,277.0,483.300287
LIN,2026-09-01 16:15:00+00:00,483.22,483.59,483.1901,483.59,5419.0,331.0,483.348688
LIN,2026-09-01 16:20:00+00:00,483.62,483.64,483.04,483.47,5318.0,334.0,483.331981
LIN,2026-09-01 16:25:00+00:00,483.4575,483.465,482.7,482.9,5075.0,279.0,483.05638
LIN,2026-09-01 16:30:00+00:00,482.8725,483.25,482.7,482.89,7498.0,348.0,482.996673
LIN,2026-09-01 16:35:00+00:00,482.885,483.01,482.46,482.905,7029.0,366.0,482.728949
LIN,2026-09-01 16:40:00+00:00,482.905,483.39,482.905,483.3,8849.0,308.0,483.167523
LIN,2026-09-01 16:45:00+00:00,483.305,483.305,482.69,482.69,11754.0,405.0,482.890174
LIN,2026-09-01 16:50:00+00:00,482.6,482.635,482.22,482.43,6170.0,316.0,482.425209
LIN,2026-09-01 16:55:00+00:00,482.43,482.8,482.16,482.755,24104.0,517.0,482.43449
LIN,2026-09-01 17:00:00+00:00,482.755,482.92,482.465,482.76,9652.0,329.0,482.70128
LIN,2026-09-01 17:05:00+00:00,482.93,483.59,482.77,483.34,10564.0,354.0,483.021484
LIN,2026-09-01 17:10:00+00:00,483.22,483.64,483.07,483.12,10738.0,379.0,483.301268
LIN,2026-09-01 17:15:00+00:00,483.13,483.24,482.68,482.78,4682.0,300.0,482.984909
LIN,2026-09-01 17:20:00+00:00,482.77,483.03,482.76,482.99,7050.0,299.0,482.860738
LIN,2026-09-01 17:25:00+00:00,482.95,483.45,482.79,483.45,13195.0,432.0,483.09826
LIN,2026-09-01 17:30:00+00:00,483.45,483.67,483.34,483.6,4011.0,289.0,483.565364
LIN,2026-09-01 17:35:00+00:00,483.67,484.24,483.67,484.24,5795.0,331.0,484.022255
LIN,2026-09-01 17:40:00+00:00,484.34,484.995,484.34,484.72,7180.0,249.0,484.512188
LIN,2026-09-01 17:45:00+00:00,484.725,485.2689,484.63,485.235,9869.0,276.0,484.924807
LIN,2026-09-01 17:50:00+00:00,485.24,485.335,484.9701,485.205,5063.0,258.0,485.2193
LIN,2026-09-01 17:55:00+00:00,485.205,485.44,485.08,485.4,7705.0,401.0,485.238707
LIN,2026-09-01 18:00:00+00:00,485.45,486.0,485.45,485.64,6542.0,355.0,485.727613
LIN,2026-09-01 18:05:00+00:00,485.71,486.07,485.71,485.86,6217.0,304.0,485.883009
LIN,2026-09-01 18:10:00+00:00,485.86,486.23,485.72,486.01,10897.0,429.0,485.990204
LIN,2026-09-01 18:15:00+00:00,486.015,486.93,486.015,486.72,10128.0,447.0,486.64484
LIN,2026-09-01 18:20:00+00:00,486.67,486.805,486.58,486.72,5811.0,295.0,486.701734
LIN,2026-09-01 18:25:00+00:00,486.68,486.79,486.55,486.55,7100.0,329.0,486.657148
LIN,2026-09-01 18:30:00+00:00,486.55,486.59,485.695,486.17,26093.0,604.0,486.203762
LIN,2026-09-01 18:35:00+00:00,486.2786,486.33,486.03,486.24,3981.0,282.0,486.12889
LIN,2026-09-01 18:40:00+00:00,486.22,486.535,486.13,486.305,9186.0,418.0,486.417183
LIN,2026-09-01 18:45:00+00:00,486.2601,486.495,486.24,486.33,7585.0,468.0,486.303696
LIN,2026-09-01 18:50:00+00:00,486.345,486.77,486.27,486.39,12660.0,597.0,486.586433
LIN,2026-09-01 18:55:00+00:00,486.44,486.59,486.2932,486.35,8926.0,455.0,486.422836
LIN,2026-09-01 19:00:00+00:00,486.27,486.545,486.1,486.495,6125.0,359.0,486.37845
LIN,2026-09-01 19:05:00+00:00,486.44,486.47,486.25,486.405,6077.0,337.0,486.389227
LIN,2026-09-01 19:10:00+00:00,486.405,486.46,485.87,486.2,17754.0,689.0,486.228545
LIN,2026-09-01 19:15:00+00:00,486.255,486.43,485.9,485.9,12812.0,544.0,486.199936
LIN,2026-09-01 19:20:00+00:00,486.02,486.29,485.78,485.78,13617.0,604.0,486.084329
LIN,2026-09-01 19:25:00+00:00,485.875,485.9859,485.58,485.7,11308.0,534.0,485.689342
LIN,2026-09-01 19:30:00+00:00,485.695,486.36,485.58,486.1375,10461.0,567.0,486.020892
LIN,2026-09-01 19:35:00+00:00,486.125,486.23,485.715,485.78,10371.0,522.0,485.9695
LIN,2026-09-01 19:40:00+00:00,485.7,486.07,485.7,485.85,10130.0,547.0,485.918201
LIN,2026-09-01 19:45:00+00:00,485.85,486.05,485.6,485.765,13054.0,616.0,485.867668
LIN,2026-09-01 19:50:00+00:00,485.93,486.97,485.6001,486.71,31641.0,1447.0,486.410229
LIN,2026-09-01 19:55:00+00:00,486.93,487.13,486.12,487.01,127021.0,3928.0,486.632906
LIN,2026-09-01 20:00:00+00:00,487.0,487.0,486.76,486.76,523144.0,101.0,486.760068
LIN,2026-09-01 20:05:00+00:00,486.76,486.76,486.76,486.76,240.0,1.0,486.76
LIN,2026-09-01 23:35:00+00:00,487.0,487.0,487.0,487.0,139.0,16.0,487.0
LIN,2026-09-02 08:00:00+00:00,487.69,487.69,487.25,487.25,168.0,13.0,487.375714
LIN,2026-09-02 10:10:00+00:00,486.0,486.0,486.0,486.0,44.0,1.0,486.0
LIN,2026-09-02 11:05:00+00:00,487.62,488.0,487.62,488.0,201.0,6.0,487.843804
LIN,2026-09-02 11:20:00+00:00,484.79,484.79,484.78,484.78,145.0,5.0,484.786835
LIN,2026-09-02 11:50:00+00:00,489.0,489.0,489.0,489.0,100.0,1.0,489.0
LIN,2026-09-02 12:20:00+00:00,485.06,485.06,485.06,485.06,77.0,6.0,485.06
LIN,2026-09-02 13:25:00+00:00,487.95,488.0,485.66,486.08,3514.0,282.0,486.405583
LIN,2026-09-02 13:30:00+00:00,487.9,490.98,485.52,490.175,48220.0,871.0,488.393955
LIN,2026-09-02 13:35:00+00:00,489.88,490.4875,488.91,488.91,14983.0,461.0,489.636114
LIN,2026-09-02 13:40:00+00:00,488.8954,489.1301,487.57,487.76,11375.0,497.0,488.319268
LIN,2026-09-02 13:45:00+00:00,488.03,488.36,487.0,487.265,11224.0,506.0,487.341343
LIN,2026-09-02 13:50:00+00:00,487.43,488.32,487.19,488.07,11549.0,422.0,487.78245
LIN,2026-09-02 13:55:00+00:00,488.225,488.62,487.39,487.56,14550.0,528.0,488.232291
LIN,2026-09-02 14:00:00+00:00,487.57,487.985,487.125,487.41,24322.0,603.0,487.360831
LIN,2026-09-02 14:05:00+00:00,487.59,487.59,485.54,486.02,21574.0,683.0,486.168371
LIN,2026-09-02 14:10:00+00:00,485.86,486.97,485.73,486.97,13364.0,574.0,486.043259
LIN,2026-09-02 14:15:00+00:00,487.0,487.7099,486.8,487.58,12046.0,454.0,487.143507
LIN,2026-09-02 14:20:00+00:00,487.52,488.33,487.29,487.59,15355.0,598.0,487.79188
LIN,2026-09-02 14:25:00+00:00,487.52,488.3999,487.36,488.1079,6493.0,472.0,487.860931
LIN,2026-09-02 14:30:00+00:00,487.93,488.63,487.78,488.495,6893.0,431.0,488.096817
LIN,2026-09-02 14:35:00+00:00,488.37,489.035,488.05,488.865,11332.0,503.0,488.428707
LIN,2026-09-02 14:40:00+00:00,488.72,489.415,488.72,489.185,11246.0,508.0,489.135067
LIN,2026-09-02 14:45:00+00:00,489.09,489.09,488.58,488.95,17020.0,617.0,488.775689
LIN,2026-09-02 14:50:00+00:00,488.99,489.72,488.92,489.72,8410.0,335.0,489.111512
LIN,2026-09-02 14:55:00+00:00,489.54,489.585,489.17,489.405,5845.0,379.0,489.439363
LIN,2026-09-02 15:00:00+00:00,489.365,489.68,488.614,488.72,11004.0,483.0,489.356144
LIN,2026-09-02 15:05:00+00:00,488.65,488.91,488.57,488.67,5983.0,380.0,488.751881
LIN,2026-09-02 15:10:00+00:00,488.62,488.915,488.36,488.83,8759.0,439.0,488.636107
LIN,2026-09-02 15:15:00+00:00,488.82,489.48,488.6934,489.14,9955.0,431.0,489.075949
LIN,2026-09-02 15:20:00+00:00,488.9732,489.1,488.52,488.63,6335.0,375.0,488.726437
LIN,2026-09-02 15:25:00+00:00,488.68,489.105,488.595,489.07,9709.0,475.0,488.894835
LIN,2026-09-02 15:30:00+00:00,488.86,489.6799,488.77,489.435,8930.0,442.0,489.086986
LIN,2026-09-02 15:35:00+00:00,489.2,489.4671,489.09,489.19,11686.0,440.0,489.225602
LIN,2026-09-02 15:40:00+00:00,489.145,489.32,489.03,489.3,3315.0,240.0,489.177042
LIN,2026-09-02 15:45:00+00:00,489.14,489.45,488.98,489.22,9837.0,427.0,489.222842
LIN,2026-09-02 15:50:00+00:00,489.38,489.75,489.28,489.56,7277.0,424.0,489.420578
LIN,2026-09-02 15:55:00+00:00,489.48,489.7699,489.48,489.65,6552.0,366.0,489.592359
LIN,2026-09-02 16:00:00+00:00,489.57,489.605,489.19,489.245,3671.0,250.0,489.368337
LIN,2026-09-02 16:05:00+00:00,489.305,489.5364,489.2,489.5002,4070.0,258.0,489.397698
LIN,2026-09-02 16:10:00+00:00,489.58,490.13,489.515,490.055,11159.0,444.0,489.787537
LIN,2026-09-02 16:15:00+00:00,489.94,490.01,489.8,489.9537,6740.0,339.0,489.900639
LIN,2026-09-02 16:20:00+00:00,489.905,490.1,489.79,489.83,7589.0,378.0,489.902198
LIN,2026-09-02 16:25:00+00:00,489.8425,490.18,489.8425,490.115,2541.0,207.0,489.962494
LIN,2026-09-02 16:30:00+00:00,490.21,490.21,489.475,489.475,6203.0,381.0,489.885538
LIN,2026-09-02 16:35:00+00:00,489.36,489.36,489.09,489.23,2884.0,196.0,489.226707
LIN,2026-09-02 16:40:00+00:00,489.2136,489.326,488.94,488.945,4150.0,258.0,489.139431
LIN,2026-09-02 16:45:00+00:00,488.85,488.85,488.56,488.6452,7363.0,257.0,488.756203
LIN,2026-09-02 16:50:00+00:00,488.525,488.71,488.3301,488.38,6380.0,288.0,488.459368
LIN,2026-09-02 16:55:00+00:00,488.37,488.37,487.97,488.01,4257.0,326.0,488.193934
LIN,2026-09-02 17:00:00+00:00,488.17,488.67,488.11,488.54,4409.0,270.0,488.358405
LIN,2026-09-02 17:05:00+00:00,488.5,488.9197,488.475,488.75,3928.0,248.0,488.707439
LIN,2026-09-02 17:10:00+00:00,488.76,488.8,488.5,488.5,4067.0,250.0,488.657805
LIN,2026-09-02 17:15:00+00:00,488.47,488.62,488.32,488.4,2391.0,178.0,488.519231
LIN,2026-09-02 17:20:00+00:00,488.4,488.5,488.06,488.36,8517.0,357.0,488.188106
LIN,2026-09-02 17:25:00+00:00,488.35,488.49,488.06,488.385,2930.0,218.0,488.281854
LIN,2026-09-02 17:30:00+00:00,488.385,488.65,488.385,488.5,4990.0,277.0,488.536221
LIN,2026-09-02 17:35:00+00:00,488.75,488.9006,488.52,488.845,4565.0,278.0,488.717766
LIN,2026-09-02 17:40:00+00:00,488.845,489.295,488.845,489.295,6060.0,318.0,489.139632
LIN,2026-09-02 17:45:00+00:00,489.295,489.38,489.01,489.0701,7298.0,381.0,489.133555
LIN,2026-09-02 17:50:00+00:00,489.21,489.34,488.9648,489.1,5582.0,411.0,489.09356
LIN,2026-09-02 17:55:00+00:00,489.17,489.175,488.96,488.97,6734.0,287.0,489.069083
LIN,2026-09-02 18:00:00+00:00,489.1749,489.65,488.97,489.37,3603.0,267.0,489.237214
LIN,2026-09-02 18:05:00+00:00,489.37,489.47,489.14,489.18,5326.0,318.0,489.318573
LIN,2026-09-02 18:10:00+00:00,489.07,489.475,489.07,489.2475,4966.0,307.0,489.247606
LIN,2026-09-02 18:15:00+00:00,489.255,489.38,489.07,489.07,10604.0,474.0,489.200721
LIN,2026-09-02 18:20:00+00:00,489.15,489.55,489.15,489.4,5457.0,326.0,489.360627
LIN,2026-09-02 18:25:00+00:00,489.33,489.63,489.29,489.49,9431.0,384.0,489.423776
LIN,2026-09-02 18:30:00+00:00,489.4,489.52,489.22,489.335,16271.0,468.0,489.265396
LIN,2026-09-02 18:35:00+00:00,489.33,489.5,488.89,488.95,5941.0,376.0,489.197735
LIN,2026-09-02 18:40:00+00:00,488.95,488.95,488.42,488.57,5163.0,367.0,488.71444
LIN,2026-09-02 18:45:00+00:00,488.52,488.64,488.45,488.45,6075.0,320.0,488.522313
LIN,2026-09-02 18:50:00+00:00,488.57,488.83,488.365,488.745,4053.0,316.0,488.595605
LIN,2026-09-02 18:55:00+00:00,488.73,488.93,488.37,488.515,8286.0,395.0,488.750664
LIN,2026-09-02 19:00:00+00:00,488.525,488.68,488.39,488.39,4145.0,291.0,488.532471
LIN,2026-09-02 19:05:00+00:00,488.555,488.78,488.27,488.42,7514.0,395.0,488.488307
LIN,2026-09-02 19:10:00+00:00,488.5,488.915,488.5,488.81,6944.0,432.0,488.731812
LIN,2026-09-02 19:15:00+00:00,488.6634,488.85,488.61,488.815,5893.0,409.0,488.740471
LIN,2026-09-02 19:20:00+00:00,488.73,488.745,488.145,488.2082,5919.0,383.0,488.503844
LIN,2026-09-02 19:25:00+00:00,488.125,488.312,488.02,488.205,12954.0,584.0,488.203332
LIN,2026-09-02 19:30:00+00:00,488.24,488.5846,488.24,488.46,14714.0,640.0,488.467974
LIN,2026-09-02 19:35:00+00:00,488.465,488.755,488.465,488.6,10137.0,479.0,488.608046
LIN,2026-09-02 19:40:00+00:00,488.61,488.8,488.48,488.8,12267.0,573.0,488.62612
LIN,2026-09-02 19:45:00+00:00,488.8,488.89,488.61,488.89,10991.0,478.0,488.764042
LIN,2026-09-02 19:50:00+00:00,488.77,488.8799,487.515,487.93,25198.0,1202.0,488.332209
LIN,2026-09-02 19:55:00+00:00,487.68,487.895,487.15,487.59,84454.0,3439.0,487.52895
LIN,2026-09-02 20:00:00+00:00,487.67,487.67,487.45,487.45,364848.0,113.0,487.450058
LIN,2026-09-02 20:05:00+00:00,488.55,488.55,488.55,488.55,176.0,2.0,488.55
LIN,2026-09-02 20:10:00+00:00,488.55,488.55,488.34,488.34,398.0,4.0,488.416412
LIN,2026-09-02 20:15:00+00:00,489.73,489.73,489.73,489.73,291.0,29.0,489.73
LIN,2026-09-03 10:30:00+00:00,486.25,486.25,486.25,486.25,65.0,1.0,486.25
LIN,2026-09-03 11:10:00+00:00,485.25,485.25,485.25,485.25,132.0,13.0,485.25
LIN,2026-09-03 11:55:00+00:00,485.35,485.35,485.35,485.35,100.0,1.0,485.35
LIN,2026-09-03 12:30:00+00:00,485.0,485.0,485.0,485.0,229.0,4.0,485.0
LIN,2026-09-03 12:35:00+00:00,485.8,485.8,485.8,485.8,41.0,2.0,485.8
LIN,2026-09-03 13:25:00+00:00,485.29,488.27,485.29,488.27,539.0,18.0,487.831578
LIN,2026-09-03 13:30:00+00:00,489.45,491.18,487.47,491.17,41791.0,774.0,488.828421
LIN,2026-09-03 13:35:00+00:00,490.575,491.98,488.66,488.81,32090.0,663.0,490.523315
LIN,2026-09-03 13:40:00+00:00,489.015,489.015,486.18,486.35,15446.0,446.0,487.417894
LIN,2026-09-03 13:45:00+00:00,486.36,486.65,485.27,485.32,7710.0,400.0,486.073555
LIN,2026-09-03 13:50:00+00:00,485.61,486.225,484.88,485.21,8061.0,413.0,485.598355
LIN,2026-09-03 13:55:00+00:00,485.35,485.82,484.7,484.7,10388.0,444.0,485.345441
LIN,2026-09-03 14:00:00+00:00,484.7,484.7,483.21,483.67,11935.0,562.0,483.917452
LIN,2026-09-03 14:05:00+00:00,483.92,484.28,481.85,482.025,26708.0,793.0,483.106979
LIN,2026-09-03 14:10:00+00:00,481.85,482.245,481.52,481.58,12093.0,490.0,481.863862
LIN,2026-09-03 14:15:00+00:00,481.8646,481.8646,480.87,481.18,13352.0,504.0,481.419815
LIN,2026-09-03 14:20:00+00:00,481.28,481.28,480.05,481.065,17473.0,632.0,480.579894
LIN,2026-09-03 14:25:00+00:00,481.105,481.419,480.51,481.16,18718.0,481.0,480.891785
LIN,2026-09-03 14:30:00+00:00,481.29,481.4999,480.25,481.2,18392.0,655.0,481.066064
LIN,2026-09-03 14:35:00+00:00,481.0,481.71,480.705,481.39,9511.0,506.0,481.120566
LIN,2026-09-03 14:40:00+00:00,481.39,482.15,480.9898,481.12,7494.0,368.0,481.641144
LIN,2026-09-03 14:45:00+00:00,481.14,482.1,480.88,481.64,8394.0,414.0,481.687218
LIN,2026-09-03 14:50:00+00:00,481.92,482.975,481.49,482.975,35080.0,671.0,482.273603
LIN,2026-09-03 14:55:00+00:00,482.975,484.47,482.62,484.12,21696.0,756.0,483.399557
LIN,2026-09-03 15:00:00+00:00,484.13,484.8,484.13,484.5799,13543.0,553.0,484.47728
LIN,2026-09-03 15:05:00+00:00,484.355,484.4292,483.32,483.32,11208.0,536.0,484.028352
LIN,2026-09-03 15:10:00+00:00,483.25,483.985,483.0,483.985,11520.0,421.0,483.417398
LIN,2026-09-03 15:15:00+00:00,483.88,484.015,483.05,483.75,10425.0,383.0,483.547467
LIN,2026-09-03 15:20:00+00:00,483.95,484.0099,483.4601,483.58,5231.0,317.0,483.717487
LIN,2026-09-03 15:25:00+00:00,483.77,484.1399,483.44,483.7,32649.0,782.0,483.784644
LIN,2026-09-03 15:30:00+00:00,483.625,483.66,482.605,482.86,12128.0,507.0,483.146059
LIN,2026-09-03 15:35:00+00:00,482.6,482.735,481.61,482.305,17074.0,629.0,482.318419
LIN,2026-09-03 15:40:00+00:00,482.29,482.91,482.29,482.91,8399.0,328.0,482.613572
LIN,2026-09-03 15:45:00+00:00,482.91,483.399,482.84,483.205,9150.0,311.0,483.1107
LIN,2026-09-03 15:50:00+00:00,483.21,483.45,482.8817,482.9,10608.0,393.0,483.158435
LIN,2026-09-03 15:55:00+00:00,482.88,483.03,482.25,482.52,5911.0,350.0,482.732008
LIN,2026-09-03 16:00:00+00:00,482.19,482.9,482.19,482.75,5659.0,284.0,482.738466
LIN,2026-09-03 16:05:00+00:00,482.69,482.82,482.59,482.72,3493.0,259.0,482.694902
LIN,2026-09-03 16:10:00+00:00,482.55,482.62,481.96,482.225,7568.0,379.0,482.320589
LIN,2026-09-03 16:15:00+00:00,482.23,482.505,481.96,482.395,7841.0,354.0,482.186873
LIN,2026-09-03 16:20:00+00:00,482.33,482.8,482.14,482.71,3963.0,262.0,482.530649
LIN,2026-09-03 16:25:00+00:00,482.71,483.235,482.565,483.235,8016.0,340.0,482.815779
LIN,2026-09-03 16:30:00+00:00,483.235,483.87,482.98,483.63,15395.0,396.0,483.22928
LIN,2026-09-03 16:35:00+00:00,483.44,483.93,483.44,483.8,6876.0,309.0,483.776013
LIN,2026-09-03 16:40:00+00:00,483.77,484.08,483.6367,484.04,4895.0,256.0,483.855656
LIN,2026-09-03 16:45:00+00:00,484.0,484.185,483.4816,483.705,7275.0,365.0,483.932836
LIN,2026-09-03 16:50:00+00:00,483.83,484.205,483.715,484.14,15938.0,294.0,484.086654
LIN,2026-09-03 16:55:00+00:00,484.1,484.1,483.8,483.9231,5333.0,255.0,483.941444
LIN,2026-09-03 17:00:00+00:00,483.94,484.03,483.77,483.84,5092.0,270.0,483.927066
LIN,2026-09-03 17:05:00+00:00,483.73,484.3,483.73,484.13,5843.0,278.0,484.063016
LIN,2026-09-03 17:10:00+00:00,484.13,484.1351,483.22,483.57,5039.0,304.0,483.734499
LIN,2026-09-03 17:15:00+00:00,483.42,483.5756,483.31,483.31,2895.0,226.0,483.438869
LIN,2026-09-03 17:20:00+00:00,483.51,483.51,483.12,483.28,5245.0,300.0,483.326695
LIN,2026-09-03 17:25:00+00:00,483.0995,483.3,483.05,483.22,4549.0,229.0,483.215361
LIN,2026-09-03 17:30:00+00:00,483.145,483.33,482.8,483.28,7294.0,368.0,483.029339
LIN,2026-09-03 17:35:00+00:00,483.56,483.59,483.25,483.54,3857.0,180.0,483.472097
LIN,2026-09-03 17:40:00+00:00,483.69,484.13,483.461,483.98,8364.0,375.0,483.871916
LIN,2026-09-03 17:45:00+00:00,483.985,484.12,483.54,483.903,7554.0,307.0,483.72015
LIN,2026-09-03 17:50:00+00:00,483.8,483.9,483.345,483.375,6376.0,406.0,483.52708
LIN,2026-09-03 17:55:00+00:00,483.33,483.375,482.99,482.99,7891.0,393.0,483.165743
LIN,2026-09-03 18:00:00+00:00,482.995,483.18,482.25,482.63,9012.0,460.0,482.615324
LIN,2026-09-03 18:05:00+00:00,482.46,482.7,481.86,481.88,20207.0,546.0,482.298406
LIN,2026-09-03 18:10:00+00:00,481.88,482.31,481.87,482.155,9774.0,398.0,482.117596
LIN,2026-09-03 18:15:00+00:00,482.155,482.62,482.0,482.395,6755.0,377.0,482.288408
LIN,2026-09-03 18:20:00+00:00,482.46,482.675,482.11,482.545,8504.0,359.0,482.396958
LIN,2026-09-03 18:25:00+00:00,482.56,482.6099,482.24,482.24,4674.0,294.0,482.461556
LIN,2026-09-03 18:30:00+00:00,482.34,482.45,481.97,482.1,7799.0,333.0,482.294537
LIN,2026-09-03 18:35:00+00:00,481.99,482.28,481.98,482.075,9153.0,429.0,482.09648
LIN,2026-09-03 18:40:00+00:00,482.06,482.34,481.965,482.185,8951.0,368.0,482.168099
LIN,2026-09-03 18:45:00+00:00,482.26,482.41,482.15,482.27,12055.0,420.0,482.296922
LIN,2026-09-03 18:50:00+00:00,482.18,482.7199,482.1,482.64,11520.0,486.0,482.40182
LIN,2026-09-03 18:55:00+00:00,482.645,482.85,482.54,482.85,13510.0,465.0,482.69869
LIN,2026-09-03 19:00:00+00:00,482.85,482.85,482.33,482.6,6744.0,365.0,482.589915
LIN,2026-09-03 19:05:00+00:00,482.3401,482.8926,482.3401,482.83,14073.0,455.0,482.728837
LIN,2026-09-03 19:10:00+00:00,482.76,482.99,482.58,482.78,13232.0,535.0,482.7849
LIN,2026-09-03 19:15:00+00:00,482.785,482.89,482.46,482.5,19050.0,476.0,482.557554
LIN,2026-09-03 19:20:00+00:00,482.5,482.78,482.37,482.665,15100.0,652.0,482.594569
LIN,2026-09-03 19:25:00+00:00,482.675,482.74,481.91,481.91,8882.0,513.0,482.5038
LIN,2026-09-03 19:30:00+00:00,482.08,482.435,481.79,482.41,11071.0,598.0,482.135422
LIN,2026-09-03 19:35:00+00:00,482.4,482.82,482.275,482.685,11791.0,543.0,482.537965
LIN,2026-09-03 19:40:00+00:00,482.65,482.77,482.29,482.3,16651.0,673.0,482.634996
LIN,2026-09-03 19:45:00+00:00,482.29,482.45,481.91,482.25,13010.0,700.0,482.117298
LIN,2026-09-03 19:50:00+00:00,482.2,482.57,481.7601,481.8975,30747.0,1304.0,482.232507
LIN,2026-09-03 19:55:00+00:00,481.835,482.5,481.55,482.405,82964.0,3319.0,482.116561
LIN,2026-09-03 20:00:00+00:00,482.19,482.19,482.19,482.19,418434.0,103.0,482.19
LIN,2026-09-03 20:05:00+00:00,482.19,482.19,482.19,482.19,1127.0,1.0,482.19
LIN,2026-09-03 20:15:00+00:00,482.25,482.25,482.25,482.25,110.0,4.0,482.25
LIN,2026-09-03 21:15:00+00:00,483.8025,483.8025,482.21,482.21,210.0,8.0,483.156944
LIN,2026-09-04 08:00:00+00:00,483.5,483.5,482.12,482.12,736.0,57.0,483.095336
LIN,2026-09-04 08:15:00+00:00,482.0,482.0,482.0,482.0,100.0,2.0,482.0
LIN,2026-09-04 11:10:00+00:00,481.5,481.5,481.5,481.5,100.0,2.0,481.5
LIN,2026-09-04 11:15:00+00:00,481.5,481.52,481.5,481.52,140.0,3.0,481.506957
LIN,2026-09-04 13:30:00+00:00,478.93,480.0225,478.4,480.0225,30468.0,636.0,478.720579
LIN,2026-09-04 13:35:00+00:00,479.795,479.89,477.01,477.35,23379.0,772.0,478.549096
LIN,2026-09-04 13:40:00+00:00,477.4204,479.98,476.48,479.5187,21008.0,641.0,477.856079
LIN,2026-09-04 13:45:00+00:00,479.8375,480.2496,478.91,479.49,11543.0,510.0,479.701988
LIN,2026-09-04 13:50:00+00:00,479.33,480.2525,478.85,480.04,37650.0,685.0,479.730973
LIN,2026-09-04 13:55:00+00:00,480.0,480.89,479.64,480.15,20719.0,537.0,480.085627
LIN,2026-09-04 14:00:00+00:00,480.15,481.17,479.965,480.235,24753.0,673.0,480.401799
LIN,2026-09-04 14:05:00+00:00,480.235,481.69,480.235,481.54,12373.0,533.0,481.222855
LIN,2026-09-04 14:10:00+00:00,481.52,481.61,480.67,480.735,14315.0,724.0,481.072179
LIN,2026-09-04 14:15:00+00:00,480.735,481.955,480.735,481.955,17912.0,708.0,481.266764
LIN,2026-09-04 14:20:00+00:00,482.265,482.405,481.32,481.74,27204.0,902.0,482.014787
LIN,2026-09-04 14:25:00+00:00,481.74,482.37,481.35,481.99,15400.0,608.0,481.914756
LIN,2026-09-04 14:30:00+00:00,482.25,482.96,482.23,482.84,11217.0,718.0,482.642361
LIN,2026-09-04 14:35:00+00:00,482.74,482.74,482.21,482.21,7055.0,427.0,482.493923
LIN,2026-09-04 14:40:00+00:00,482.3344,482.3344,481.55,481.82,8754.0,519.0,481.719736
LIN,2026-09-04 14:45:00+00:00,481.835,482.1675,481.67,481.88,9722.0,506.0,481.952257
LIN,2026-09-04 14:50:00+00:00,481.9175,482.41,481.84,482.205,11083.0,526.0,482.114016
LIN,2026-09-04 14:55:00+00:00,482.05,482.27,481.565,481.565,11543.0,521.0,481.888307
LIN,2026-09-04 15:00:00+00:00,481.68,482.2086,481.6,481.68,8080.0,429.0,481.809355
LIN,2026-09-04 15:05:00+00:00,481.82,481.82,481.05,481.05,8023.0,413.0,481.565027
LIN,2026-09-04 15:10:00+00:00,481.08,481.63,481.0,481.43,16775.0,542.0,481.234768
LIN,2026-09-04 15:15:00+00:00,481.44,481.4786,481.075,481.29,9982.0,472.0,481.297585
LIN,2026-09-04 15:20:00+00:00,481.45,481.64,481.1,481.1,12745.0,592.0,481.319265
LIN,2026-09-04 15:25:00+00:00,481.145,481.145,480.74,480.74,10197.0,513.0,480.981106
LIN,2026-09-04 15:30:00+00:00,480.6791,480.6791,480.28,480.565,13125.0,614.0,480.47263
LIN,2026-09-04 15:35:00+00:00,480.4301,480.61,480.35,480.525,15888.0,459.0,480.485859
LIN,2026-09-04 15:40:00+00:00,480.632,480.7899,480.38,480.42,4227.0,316.0,480.557123
LIN,2026-09-04 15:45:00+00:00,480.35,480.56,480.25,480.325,5656.0,352.0,480.366484
LIN,2026-09-04 15:50:00+00:00,480.3185,480.495,480.26,480.39,4091.0,255.0,480.381108
LIN,2026-09-04 15:55:00+00:00,480.28,480.3525,479.81,480.247,16526.0,478.0,480.128894
LIN,2026-09-04 16:00:00+00:00,480.185,480.36,479.9101,480.225,6964.0,343.0,480.095223
LIN,2026-09-04 16:05:00+00:00,480.4759,480.4759,480.1,480.1,5044.0,283.0,480.243292
LIN,2026-09-04 16:10:00+00:00,480.215,480.62,480.215,480.61,4092.0,280.0,480.359341
LIN,2026-09-04 16:15:00+00:00,480.63,480.83,480.38,480.83,5175.0,372.0,480.576371
LIN,2026-09-04 16:20:00+00:00,480.74,481.0275,480.64,480.67,9692.0,400.0,480.893234
LIN,2026-09-04 16:25:00+00:00,480.675,480.7702,480.47,480.565,5626.0,322.0,480.646768
LIN,2026-09-04 16:30:00+00:00,480.39,480.57,480.2,480.3,7325.0,355.0,480.321136
LIN,2026-09-04 16:35:00+00:00,480.44,480.48,480.125,480.125,7625.0,374.0,480.302461
LIN,2026-09-04 16:40:00+00:00,480.125,480.26,479.99,480.155,6581.0,350.0,480.12203
LIN,2026-09-04 16:45:00+00:00,480.155,480.41,480.13,480.4,5851.0,331.0,480.287376
LIN,2026-09-04 16:50:00+00:00,480.33,480.56,480.19,480.41,9192.0,398.0,480.347263
LIN,2026-09-04 16:55:00+00:00,480.415,480.4186,480.19,480.31,5002.0,286.0,480.331554
LIN,2026-09-04 17:00:00+00:00,480.23,480.37,480.11,480.155,5717.0,359.0,480.27227
LIN,2026-09-04 17:05:00+00:00,480.04,480.18,479.48,479.6175,13317.0,485.0,479.922092
LIN,2026-09-04 17:10:00+00:00,479.65,479.935,479.56,479.56,19873.0,549.0,479.747297
LIN,2026-09-04 17:15:00+00:00,479.55,479.7,479.45,479.455,6902.0,309.0,479.543005
LIN,2026-09-04 17:20:00+00:00,479.37,479.72,479.16,479.21,7106.0,331.0,479.348361
LIN,2026-09-04 17:25:00+00:00,479.28,479.34,478.9,478.9,6361.0,375.0,479.159215
LIN,2026-09-04 17:30:00+00:00,478.81,478.99,478.72,478.99,6867.0,345.0,478.844541
LIN,2026-09-04 17:35:00+00:00,478.94,479.03,478.83,479.005,3138.0,215.0,478.940402
LIN,2026-09-04 17:40:00+00:00,479.005,479.15,478.84,479.1,11612.0,528.0,479.006025
LIN,2026-09-04 17:45:00+00:00,478.99,479.16,478.74,478.84,4934.0,459.0,478.891088
LIN,2026-09-04 17:50:00+00:00,478.84,479.15,478.84,479.1,7336.0,343.0,479.007433
LIN,2026-09-04 17:55:00+00:00,479.065,479.16,478.95,479.07,6025.0,320.0,479.07337
LIN,2026-09-04 18:00:00+00:00,479.15,479.5144,479.04,479.085,8569.0,427.0,479.16716
LIN,2026-09-04 18:05:00+00:00,479.03,479.05,478.525,478.66,8358.0,467.0,478.837302
LIN,2026-09-04 18:10:00+00:00,478.5401,478.73,478.54,478.625,6873.0,470.0,478.633503
LIN,2026-09-04 18:15:00+00:00,478.62,478.9,478.62,478.75,7425.0,446.0,478.789248
LIN,2026-09-04 18:20:00+00:00,478.795,478.91,478.54,478.68,5654.0,360.0,478.698799
LIN,2026-09-04 18:25:00+00:00,478.68,478.68,478.39,478.54,5547.0,276.0,478.53386
LIN,2026-09-04 18:30:00+00:00,478.48,479.05,478.48,478.99,9189.0,405.0,478.789081
LIN,2026-09-04 18:35:00+00:00,478.93,478.93,478.69,478.87,7068.0,346.0,478.818877
LIN,2026-09-04 18:40:00+00:00,478.855,478.98,478.37,478.38,12609.0,491.0,478.729126
LIN,2026-09-04 18:45:00+00:00,478.36,478.5799,478.34,478.4,7842.0,420.0,478.406511
LIN,2026-09-04 18:50:00+00:00,478.37,478.4499,478.165,478.2675,6449.0,348.0,478.303891
LIN,2026-09-04 18:55:00+00:00,478.235,478.26,478.1088,478.115,6090.0,373.0,478.160788
LIN,2026-09-04 19:00:00+00:00,478.02,478.14,477.64,477.64,4563.0,361.0,477.949454
LIN,2026-09-04 19:05:00+00:00,477.64,477.88,477.35,477.88,13736.0,506.0,477.56121
LIN,2026-09-04 19:10:00+00:00,477.855,477.855,477.45,477.45,7252.0,415.0,477.656177
LIN,2026-09-04 19:15:00+00:00,477.45,477.77,477.4201,477.77,4658.0,369.0,477.57819
LIN,2026-09-04 19:20:00+00:00,477.63,478.432,477.61,478.25,8747.0,477.0,478.069907
LIN,2026-09-04 19:25:00+00:00,478.31,478.6,478.31,478.46,11310.0,465.0,478.442636
LIN,2026-09-04 19:30:00+00:00,478.47,478.47,477.84,477.88,11916.0,594.0,478.238572
LIN,2026-09-04 19:35:00+00:00,477.93,478.17,477.83,477.84,9695.0,566.0,477.998226
LIN,2026-09-04 19:40:00+00:00,477.75,478.1,477.6573,477.96,11422.0,619.0,477.877504
LIN,2026-09-04 19:45:00+00:00,477.96,477.96,477.64,477.7798,8015.0,512.0,477.806659
LIN,2026-09-04 19:50:00+00:00,477.84,478.46,477.46,478.2,37967.0,1476.0,477.93129
LIN,2026-09-04 19:55:00+00:00,478.1,478.235,477.29,477.49,121614.0,4177.0,477.615008
LIN,2026-09-04 20:00:00+00:00,477.57,477.57,477.57,477.57,898534.0,96.0,477.57
LIN,2026-09-04 20:10:00+00:00,477.87,477.87,477.87,477.87,104.0,2.0,477.87
LIN,2026-09-04 20:15:00+00:00,477.57,477.96,477.57,477.57,2042.0,16.0,477.598344
LIN,2026-09-08 08:00:00+00:00,476.54,476.54,476.54,476.54,415.0,55.0,476.54
LIN,2026-09-08 08:35:00+00:00,476.1,476.1,476.1,476.1,60.0,2.0,476.1
LIN,2026-09-08 11:35:00+00:00,475.93,475.93,475.93,475.93,88.0,8.0,475.93
LIN,2026-09-08 12:10:00+00:00,476.01,476.01,476.01,476.01,84.0,3.0,476.01
LIN,2026-09-08 12:15:00+00:00,476.5,477.0,476.5,477.0,300.0,3.0,476.802867
LIN,2026-09-08 13:00:00+00:00,476.1,476.1,476.1,476.1,57.0,4.0,476.1
LIN,2026-09-08 13:15:00+00:00,476.0,476.0,476.0,476.0,56.0,7.0,476.0
LIN,2026-09-08 13:25:00+00:00,474.15,474.15,472.88,472.88,1080.0,180.0,473.209118
LIN,2026-09-08 13:30:00+00:00,474.01,474.01,469.77,471.31,184630.0,2201.0,471.6271
LIN,2026-09-08 13:35:00+00:00,471.31,472.56,470.015,470.03,47470.0,1078.0,471.236585
LIN,2026-09-08 13:40:00+00:00,470.01,470.09,467.47,469.68,63483.0,1788.0,468.94634
LIN,2026-09-08 13:45:00+00:00,469.67,471.1999,469.67,470.1,38308.0,1011.0,470.480782
LIN,2026-09-08 13:50:00+00:00,470.25,470.68,468.84,469.56,32887.0,971.0,469.879908
LIN,2026-09-08 13:55:00+00:00,469.88,471.31,469.82,470.385,12662.0,553.0,470.503037
LIN,2026-09-08 14:00:00+00:00,470.58,472.405,470.21,472.27,29403.0,1020.0,471.377581
LIN,2026-09-08 14:05:00+00:00,472.19,472.68,471.85,472.3,15537.0,780.0,472.359366
LIN,2026-09-08 14:10:00+00:00,472.17,472.17,470.89,471.03,47959.0,1114.0,471.635928
LIN,2026-09-08 14:15:00+00:00,471.0,471.86,470.85,471.22,23772.0,729.0,471.382079
LIN,2026-09-08 14:20:00+00:00,471.1,471.825,470.19,471.29,18034.0,761.0,471.051541
LIN,2026-09-08 14:25:00+00:00,471.25,471.49,470.73,471.33,10280.0,488.0,470.989545
LIN,2026-09-08 14:30:00+00:00,471.49,472.33,471.48,472.27,7646.0,575.0,471.802121
LIN,2026-09-08 14:35:00+00:00,472.32,472.345,471.15,472.21,15643.0,696.0,471.948822
LIN,2026-09-08 14:40:00+00:00,472.02,472.8196,471.89,472.315,17964.0,698.0,472.193829
LIN,2026-09-08 14:45:00+00:00,472.16,472.615,471.98,472.44,18175.0,695.0,472.242073
LIN,2026-09-08 14:50:00+00:00,472.45,472.98,472.25,472.815,22197.0,722.0,472.640803
LIN,2026-09-08 14:55:00+00:00,472.93,472.97,472.07,472.12,26860.0,923.0,472.58632
LIN,2026-09-08 15:00:00+00:00,472.0,472.37,471.58,471.67,19693.0,698.0,471.789725
LIN,2026-09-08 15:05:00+00:00,471.51,471.7314,470.68,470.71,15331.0,783.0,471.336428
LIN,2026-09-08 15:10:00+00:00,470.745,471.08,470.38,470.67,23896.0,803.0,470.664546
LIN,2026-09-08 15:15:00+00:00,470.49,470.92,470.22,470.7,24040.0,882.0,470.462344
LIN,2026-09-08 15:20:00+00:00,470.7,470.8,470.27,470.335,12594.0,700.0,470.564998
LIN,2026-09-08 15:25:00+00:00,470.2386,470.66,469.71,469.865,25517.0,809.0,470.171619
LIN,2026-09-08 15:30:00+00:00,469.865,470.58,469.865,470.32,21763.0,676.0,470.302919
LIN,2026-09-08 15:35:00+00:00,470.3,470.35,469.87,470.045,16935.0,680.0,470.050199
LIN,2026-09-08 15:40:00+00:00,470.05,470.16,469.05,469.05,22876.0,643.0,469.417854
LIN,2026-09-08 15:45:00+00:00,469.19,469.35,468.55,468.67,16604.0,689.0,468.93972
LIN,2026-09-08 15:50:00+00:00,468.847,468.847,468.235,468.235,23448.0,860.0,468.494316
LIN,2026-09-08 15:55:00+00:00,468.14,468.4,467.23,467.33,17533.0,875.0,467.94252
LIN,2026-09-08 16:00:00+00:00,467.345,468.13,467.22,467.73,31225.0,786.0,467.587926
LIN,2026-09-08 16:05:00+00:00,467.8,468.16,467.635,468.06,11063.0,593.0,467.863071
LIN,2026-09-08 16:10:00+00:00,468.09,468.35,467.7,467.7,10512.0,463.0,467.969254
LIN,2026-09-08 16:15:00+00:00,467.93,468.19,467.58,468.105,8166.0,462.0,467.874231
LIN,2026-09-08 16:20:00+00:00,468.105,468.49,467.7,468.39,14639.0,569.0,468.179317
LIN,2026-09-08 16:25:00+00:00,468.39,468.39,467.55,467.89,31243.0,811.0,468.033186
LIN,2026-09-08 16:30:00+00:00,467.89,468.01,466.92,467.09,35693.0,1252.0,467.438451
LIN,2026-09-08 16:35:00+00:00,467.04,467.12,466.28,466.45,22687.0,857.0,466.674117
LIN,2026-09-08 16:40:00+00:00,466.52,467.46,466.0,467.32,24238.0,845.0,466.4776
LIN,2026-09-08 16:45:00+00:00,467.32,468.85,467.07,468.72,14072.0,581.0,467.930675
LIN,2026-09-08 16:50:00+00:00,468.725,469.0,468.395,468.67,16188.0,610.0,468.677434
LIN,2026-09-08 16:55:00+00:00,468.77,469.745,468.71,469.69,11845.0,554.0,469.312084
LIN,2026-09-08 17:00:00+00:00,469.76,470.17,468.97,469.595,9560.0,444.0,469.812699
LIN,2026-09-08 17:05:00+00:00,469.4,469.585,468.5401,468.77,16724.0,355.0,469.256334
LIN,2026-09-08 17:10:00+00:00,468.87,469.335,468.86,469.11,18558.0,573.0,469.092262
LIN,2026-09-08 17:15:00+00:00,468.92,469.45,468.08,468.195,23122.0,536.0,469.030793
LIN,2026-09-08 17:20:00+00:00,468.2,468.76,468.0201,468.72,12475.0,471.0,468.398059
LIN,2026-09-08 17:25:00+00:00,468.59,468.97,468.49,468.79,10470.0,453.0,468.642376
LIN,2026-09-08 17:30:00+00:00,468.79,468.94,468.49,468.91,15589.0,523.0,468.726422
LIN,2026-09-08 17:35:00+00:00,468.91,469.2,468.4375,468.745,42855.0,870.0,468.895896
LIN,2026-09-08 17:40:00+00:00,468.74,469.22,468.64,468.93,31768.0,719.0,468.950228
LIN,2026-09-08 17:45:00+00:00,469.15,469.23,468.78,469.23,9241.0,483.0,468.966584
LIN,2026-09-08 17:50:00+00:00,469.24,469.61,469.06,469.475,7660.0,468.0,469.31554
LIN,2026-09-08 17:55:00+00:00,469.59,469.8,469.37,469.57,15700.0,758.0,469.548523
LIN,2026-09-08 18:00:00+00:00,469.57,469.93,469.315,469.46,10976.0,516.0,469.694252
LIN,2026-09-08 18:05:00+00:00,469.46,469.665,469.27,469.42,11752.0,539.0,469.496625
LIN,2026-09-08 18:10:00+00:00,469.535,469.66,469.306,469.585,11482.0,495.0,469.497673
LIN,2026-09-08 18:15:00+00:00,469.49,469.54,469.18,469.26,17617.0,666.0,469.346937
LIN,2026-09-08 18:20:00+00:00,469.25,469.31,469.0393,469.31,11587.0,535.0,469.189033
LIN,2026-09-08 18:25:00+00:00,469.275,469.275,468.8091,469.105,14858.0,684.0,469.094631
LIN,2026-09-08 18:30:00+00:00,469.105,469.15,468.9,469.14,8054.0,444.0,468.99925
LIN,2026-09-08 18:35:00+00:00,469.09,469.34,469.01,469.01,12114.0,494.0,469.201235
LIN,2026-09-08 18:40:00+00:00,469.11,469.18,469.0,469.16,7369.0,368.0,469.107211
LIN,2026-09-08 18:45:00+00:00,469.11,469.29,468.51,468.73,22273.0,960.0,469.022254
LIN,2026-09-08 18:50:00+00:00,468.76,469.06,468.58,468.73,18572.0,559.0,468.905575
LIN,2026-09-08 18:55:00+00:00,468.6925,468.9099,468.5,468.585,11887.0,473.0,468.684387
LIN,2026-09-08 19:00:00+00:00,468.58,468.58,467.39,467.39,32724.0,877.0,468.008821
LIN,2026-09-08 19:05:00+00:00,467.73,468.52,467.33,468.5,11582.0,550.0,468.049811
LIN,2026-09-08 19:10:00+00:00,468.47,468.82,468.24,468.24,14933.0,665.0,468.595541
LIN,2026-09-08 19:15:00+00:00,468.24,468.82,468.11,468.67,13352.0,514.0,468.612555
LIN,2026-09-08 19:20:00+00:00,468.6301,468.83,468.56,468.69,16955.0,614.0,468.72462
LIN,2026-09-08 19:25:00+00:00,468.7,469.045,468.6,468.63,24121.0,871.0,468.826451
LIN,2026-09-08 19:30:00+00:00,468.625,469.16,468.625,469.05,27436.0,986.0,468.808305
LIN,2026-09-08 19:35:00+00:00,469.05,469.125,468.84,468.89,19480.0,731.0,468.983717
LIN,2026-09-08 19:40:00+00:00,468.935,469.015,468.66,468.935,27395.0,949.0,468.903963
LIN,2026-09-08 19:45:00+00:00,468.89,469.4,468.82,469.04,36163.0,1228.0,469.064274
LIN,2026-09-08 19:50:00+00:00,468.985,468.985,467.75,468.08,53617.0,1920.0,468.163104
LIN,2026-09-08 19:55:00+00:00,468.34,468.935,468.01,468.19,181948.0,5903.0,468.372037
LIN,2026-09-08 20:00:00+00:00,468.15,468.46,468.15,468.38,594569.0,140.0,468.379969
LIN,2026-09-08 20:40:00+00:00,471.4384,471.4384,471.4384,471.4384,250.0,1.0,471.4384
LIN,2026-09-09 09:55:00+00:00,467.5,467.5,466.84,467.19,266.0,7.0,467.316533
LIN,2026-09-09 10:40:00+00:00,466.84,466.85,466.82,466.82,241.0,10.0,466.829091
LIN,2026-09-09 10:55:00+00:00,466.82,466.82,466.82,466.82,132.0,2.0,466.82
LIN,2026-09-09 11:25:00+00:00,467.95,467.96,467.0,467.0,858.0,30.0,467.220418
LIN,2026-09-09 12:45:00+00:00,467.8,467.8,467.7,467.7,185.0,4.0,467.727397
LIN,2026-09-09 13:15:00+00:00,468.25,468.25,468.25,468.25,40.0,1.0,468.25
LIN,2026-09-09 13:20:00+00:00,468.26,468.26,468.26,468.26,55.0,6.0,468.26
LIN,2026-09-09 13:25:00+00:00,467.81,469.09,466.41,468.69,3517.0,79.0,468.303421
LIN,2026-09-09 13:30:00+00:00,468.71,468.71,466.1501,467.145,83383.0,1267.0,467.831245
LIN,2026-09-09 13:35:00+00:00,467.145,468.26,465.01,465.715,27816.0,1078.0,466.529527
LIN,2026-09-09 13:40:00+00:00,465.769,466.0099,464.93,465.14,19454.0,904.0,465.425249
LIN,2026-09-09 13:45:00+00:00,465.35,465.45,464.92,465.085,10030.0,562.0,465.234688
LIN,2026-09-09 13:50:00+00:00,465.07,465.14,464.24,464.49,11620.0,675.0,464.638894
LIN,2026-09-09 13:55:00+00:00,464.545,464.7699,464.19,464.61,9253.0,447.0,464.383493
LIN,2026-09-09 14:00:00+00:00,464.61,465.055,464.25,464.845,15415.0,810.0,464.647009
LIN,2026-09-09 14:05:00+00:00,464.969,465.82,464.865,465.28,33332.0,647.0,465.191235
LIN,2026-09-09 14:10:00+00:00,465.28,465.285,464.51,464.79,10955.0,590.0,464.857878
LIN,2026-09-09 14:15:00+00:00,464.59,464.8475,464.095,464.6,16277.0,914.0,464.635119
LIN,2026-09-09 14:20:00+00:00,464.8215,464.8215,463.705,463.705,14691.0,760.0,464.457727
LIN,2026-09-09 14:25:00+00:00,463.74,464.6799,463.54,464.41,20802.0,825.0,464.101884
LIN,2026-09-09 14:30:00+00:00,464.535,464.71,463.88,464.02,20055.0,918.0,464.343553
LIN,2026-09-09 14:35:00+00:00,464.02,464.52,463.8,464.455,18987.0,841.0,464.115527
LIN,2026-09-09 14:40:00+00:00,464.325,464.97,464.3,464.885,17696.0,759.0,464.487685
LIN,2026-09-09 14:45:00+00:00,464.885,465.08,464.31,464.945,15136.0,720.0,464.665523
LIN,2026-09-09 14:50:00+00:00,464.95,465.24,464.77,464.895,16181.0,600.0,465.034547
LIN,2026-09-09 14:55:00+00:00,464.72,464.785,464.1,464.39,11116.0,603.0,464.48202
LIN,2026-09-09 15:00:00+00:00,464.11,464.43,463.5,463.59,27379.0,1074.0,464.096218
LIN,2026-09-09 15:05:00+00:00,463.69,464.21,463.42,464.04,16782.0,666.0,463.892031
LIN,2026-09-09 15:10:00+00:00,463.87,464.01,463.54,463.96,10940.0,522.0,463.828507
LIN,2026-09-09 15:15:00+00:00,463.87,463.988,463.37,463.4,10970.0,652.0,463.757258
LIN,2026-09-09 15:20:00+00:00,463.38,464.17,463.38,463.97,25208.0,854.0,463.865248
LIN,2026-09-09 15:25:00+00:00,464.02,464.73,463.945,464.7,11727.0,669.0,464.307108
LIN,2026-09-09 15:30:00+00:00,464.75,464.98,464.64,464.9,12076.0,614.0,464.810147
LIN,2026-09-09 15:35:00+00:00,464.89,465.16,464.55,464.77,15568.0,710.0,464.895758
LIN,2026-09-09 15:40:00+00:00,464.775,465.12,464.64,464.96,8287.0,554.0,464.837583
LIN,2026-09-09 15:45:00+00:00,464.96,465.06,464.71,464.97,9313.0,435.0,464.812915
LIN,2026-09-09 15:50:00+00:00,465.02,465.14,464.825,465.02,10936.0,507.0,464.991358
LIN,2026-09-09 15:55:00+00:00,465.025,465.17,464.53,464.605,20262.0,634.0,464.725872
LIN,2026-09-09 16:00:00+00:00,464.62,464.9,464.45,464.845,14246.0,511.0,464.650577
LIN,2026-09-09 16:05:00+00:00,464.78,465.04,464.75,464.94,12527.0,523.0,464.895319
LIN,2026-09-09 16:10:00+00:00,464.88,465.16,464.75,465.075,10803.0,456.0,464.955657
LIN,2026-09-09 16:15:00+00:00,465.17,465.21,464.64,464.75,9180.0,496.0,464.937535
LIN,2026-09-09 16:20:00+00:00,464.75,465.27,464.74,465.215,9307.0,502.0,464.914529
LIN,2026-09-09 16:25:00+00:00,465.215,465.48,465.21,465.23,7516.0,379.0,465.338399
LIN,2026-09-09 16:30:00+00:00,465.23,465.91,465.23,465.68,9178.0,419.0,465.510439
LIN,2026-09-09 16:35:00+00:00,465.79,465.91,465.39,465.45,7200.0,411.0,465.663418
LIN,2026-09-09 16:40:00+00:00,465.48,465.55,465.22,465.37,6444.0,376.0,465.37269
LIN,2026-09-09 16:45:00+00:00,465.41,465.98,465.275,465.725,8776.0,544.0,465.576792
LIN,2026-09-09 16:50:00+00:00,465.69,466.08,465.69,465.8741,5457.0,335.0,465.907313
LIN,2026-09-09 16:55:00+00:00,465.925,466.18,465.925,466.01,7823.0,326.0,466.021331
LIN,2026-09-09 17:00:00+00:00,466.09,466.46,465.99,466.35,262503.0,448.0,466.088852
LIN,2026-09-09 17:05:00+00:00,466.35,466.655,466.1,466.235,11966.0,482.0,466.460248
LIN,2026-09-09 17:10:00+00:00,466.235,466.33,466.0201,466.07,4912.0,239.0,466.16203
LIN,2026-09-09 17:15:00+00:00,466.165,466.32,466.0207,466.22,10947.0,471.0,466.177155
LIN,2026-09-09 17:20:00+00:00,466.31,466.72,466.25,466.675,9943.0,423.0,466.444046
LIN,2026-09-09 17:25:00+00:00,466.675,466.675,466.3,466.35,5362.0,349.0,466.466683
LIN,2026-09-09 17:30:00+00:00,466.375,466.375,465.55,466.03,14565.0,520.0,466.002645
LIN,2026-09-09 17:35:00+00:00,465.99,466.46,465.9711,466.33,10087.0,469.0,466.216116
LIN,2026-09-09 17:40:00+00:00,466.19,466.35,466.1,466.225,5888.0,245.0,466.236064
LIN,2026-09-09 17:45:00+00:00,466.15,466.4,466.15,466.31,14396.0,449.0,466.275352
LIN,2026-09-09 17:50:00+00:00,466.31,466.36,466.07,466.07,8614.0,407.0,466.251647
LIN,2026-09-09 17:55:00+00:00,466.07,466.07,465.92,466.005,5398.0,331.0,466.034449
LIN,2026-09-09 18:00:00+00:00,466.05,466.635,466.015,466.635,12380.0,530.0,466.215317
LIN,2026-09-09 18:05:00+00:00,466.65,466.89,466.65,466.77,4811.0,325.0,466.789642
LIN,2026-09-09 18:10:00+00:00,466.82,466.8908,466.49,466.49,13910.0,514.0,466.614457
LIN,2026-09-09 18:15:00+00:00,466.57,466.87,466.4676,466.4676,10437.0,463.0,466.70405
LIN,2026-09-09 18:20:00+00:00,466.6,466.7141,466.41,466.511,5671.0,355.0,466.543176
LIN,2026-09-09 18:25:00+00:00,466.47,466.96,466.45,466.95,7191.0,412.0,466.693001
LIN,2026-09-09 18:30:00+00:00,467.0,467.56,466.935,467.46,9781.0,531.0,467.292595
LIN,2026-09-09 18:35:00+00:00,467.46,467.49,467.22,467.43,8782.0,427.0,467.358753
LIN,2026-09-09 18:40:00+00:00,467.3606,467.59,467.34,467.44,7993.0,411.0,467.443983
LIN,2026-09-09 18:45:00+00:00,467.44,467.44,466.41,466.505,11361.0,580.0,466.729423
LIN,2026-09-09 18:50:00+00:00,466.4,466.63,466.12,466.12,13122.0,537.0,466.311186
LIN,2026-09-09 18:55:00+00:00,466.14,466.37,465.98,465.98,11369.0,505.0,466.187307
LIN,2026-09-09 19:00:00+00:00,465.96,466.1,465.81,465.9568,16257.0,637.0,465.947867
LIN,2026-09-09 19:05:00+00:00,465.94,466.14,465.79,466.13,9990.0,443.0,465.90962
LIN,2026-09-09 19:10:00+00:00,466.1,466.2,465.7,465.7,7870.0,508.0,465.917075
LIN,2026-09-09 19:15:00+00:00,465.67,465.735,465.54,465.715,8290.0,545.0,465.627961
LIN,2026-09-09 19:20:00+00:00,465.7,465.95,465.65,465.87,9732.0,625.0,465.835619
LIN,2026-09-09 19:25:00+00:00,465.86,465.97,465.705,465.79,9662.0,473.0,465.837417
LIN,2026-09-09 19:30:00+00:00,465.805,466.285,465.805,466.07,13144.0,776.0,466.049253
LIN,2026-09-09 19:35:00+00:00,466.11,466.19,466.0,466.0,9164.0,605.0,466.075887
LIN,2026-09-09 19:40:00+00:00,466.065,466.63,466.065,466.17,13729.0,802.0,466.290251
LIN,2026-09-09 19:45:00+00:00,466.15,466.5,466.13,466.42,25864.0,731.0,466.198524
LIN,2026-09-09 19:50:00+00:00,466.41,467.59,466.125,466.74,49125.0,2211.0,466.646979
LIN,2026-09-09 19:55:00+00:00,466.7,467.15,466.295,466.54,179196.0,5856.0,466.601617
LIN,2026-09-09 20:00:00+00:00,466.65,466.65,466.65,466.65,578643.0,107.0,466.65
LIN,2026-09-09 20:20:00+00:00,466.65,466.65,466.65,466.65,901.0,1.0,466.65
LIN,2026-09-10 12:30:00+00:00,467.0,467.0,467.0,467.0,214.0,23.0,467.0
LIN,2026-09-10 12:35:00+00:00,466.65,466.65,466.65,466.65,160001.0,2.0,466.65
LIN,2026-09-10 13:00:00+00:00,467.08,467.35,467.08,467.35,706.0,21.0,467.297628
LIN,2026-09-10 13:10:00+00:00,467.85,467.85,467.85,467.85,162.0,5.0,467.85
LIN,2026-09-10 13:15:00+00:00,467.85,467.85,467.85,467.85,200.0,2.0,467.85
LIN,2026-09-10 13:25:00+00:00,467.02,467.85,464.55,464.55,1563.0,63.0,465.847793
LIN,2026-09-10 13:30:00+00:00,465.41,467.125,464.37,467.03,57576.0,932.0,465.823297
LIN,2026-09-10 13:35:00+00:00,466.67,466.67,464.28,464.28,10126.0,484.0,465.094279
LIN,2026-09-10 13:40:00+00:00,464.3841,465.35,464.0401,464.2,6945.0,407.0,464.627318
LIN,2026-09-10 13:45:00+00:00,464.19,464.19,462.695,463.355,31907.0,1135.0,463.145277
LIN,2026-09-10 13:50:00+00:00,463.355,464.0,463.16,463.3,26210.0,662.0,463.431803
LIN,2026-09-10 13:55:00+00:00,463.395,463.85,463.08,463.35,15182.0,710.0,463.451363
LIN,2026-09-10 14:00:00+00:00,463.35,463.56,463.08,463.3625,15419.0,694.0,463.295497
LIN,2026-09-10 14:05:00+00:00,463.27,463.27,462.65,462.99,16577.0,772.0,462.950077
LIN,2026-09-10 14:10:00+00:00,463.0,463.23,462.21,463.045,18928.0,778.0,462.739927
LIN,2026-09-10 14:15:00+00:00,462.91,463.4799,462.75,463.15,16637.0,719.0,463.119546
LIN,2026-09-10 14:20:00+00:00,463.155,463.21,462.26,462.78,19241.0,820.0,462.581453
LIN,2026-09-10 14:25:00+00:00,462.72,462.895,461.97,462.0425,14025.0,768.0,462.269742
LIN,2026-09-10 14:30:00+00:00,462.08,462.45,461.78,462.0,13489.0,962.0,462.022808
LIN,2026-09-10 14:35:00+00:00,461.945,462.2844,461.86,461.93,9565.0,555.0,462.038473
LIN,2026-09-10 14:40:00+00:00,461.9,462.21,461.63,461.725,8830.0,575.0,461.966005
LIN,2026-09-10 14:45:00+00:00,461.72,461.88,461.01,461.36,20041.0,726.0,461.382664
LIN,2026-09-10 14:50:00+00:00,461.335,461.71,461.16,461.71,17627.0,740.0,461.409693
LIN,2026-09-10 14:55:00+00:00,461.77,461.93,461.0,461.05,27390.0,752.0,461.636401
LIN,2026-09-10 15:00:00+00:00,460.945,461.035,460.3206,460.59,37961.0,862.0,460.571538
LIN,2026-09-10 15:05:00+00:00,460.6,460.875,460.37,460.425,22000.0,770.0,460.687375
LIN,2026-09-10 15:10:00+00:00,460.475,461.03,460.2,460.55,23966.0,868.0,460.610101
LIN,2026-09-10 15:15:00+00:00,460.51,461.43,460.4,461.26,12065.0,685.0,460.961813
LIN,2026-09-10 15:20:00+00:00,461.28,461.67,461.12,461.655,9808.0,500.0,461.326233
LIN,2026-09-10 15:25:00+00:00,461.52,462.065,461.36,461.6675,12951.0,666.0,461.722543
LIN,2026-09-10 15:30:00+00:00,461.62,461.82,461.17,461.505,8780.0,520.0,461.527951
LIN,2026-09-10 15:35:00+00:00,461.6,461.9435,461.24,461.28,7794.0,474.0,461.522599
LIN,2026-09-10 15:40:00+00:00,461.285,461.45,461.085,461.11,108728.0,466.0,461.205621
LIN,2026-09-10 15:45:00+00:00,461.11,461.25,460.82,460.92,14757.0,462.0,461.000224
LIN,2026-09-10 15:50:00+00:00,460.92,461.223,460.715,460.96,10641.0,586.0,460.989035
LIN,2026-09-10 15:55:00+00:00,460.95,462.03,460.81,462.03,20152.0,743.0,461.28081
LIN,2026-09-10 16:00:00+00:00,461.945,462.12,461.69,461.72,12493.0,491.0,461.908172
LIN,2026-09-10 16:05:00+00:00,461.61,462.0,461.55,461.9,15960.0,363.0,461.773627
LIN,2026-09-10 16:10:00+00:00,461.845,462.87,461.845,462.8,11302.0,443.0,462.286499
LIN,2026-09-10 16:15:00+00:00,462.59,462.85,462.49,462.665,8899.0,389.0,462.702226
LIN,2026-09-10 16:20:00+00:00,462.75,463.46,462.75,463.135,14665.0,479.0,463.016268
LIN,2026-09-10 16:25:00+00:00,463.04,463.3326,462.785,463.1,17059.0,592.0,463.069923
LIN,2026-09-10 16:30:00+00:00,462.955,463.07,462.54,462.74,9647.0,499.0,462.786428
LIN,2026-09-10 16:35:00+00:00,462.72,463.28,462.64,463.195,8161.0,342.0,462.880719
LIN,2026-09-10 16:40:00+00:00,463.195,463.35,462.9,463.18,11648.0,413.0,463.165715
LIN,2026-09-10 16:45:00+00:00,463.09,463.19,462.93,463.11,9498.0,342.0,463.067195
LIN,2026-09-10 16:50:00+00:00,463.09,463.14,462.85,462.9,12907.0,352.0,462.966627
LIN,2026-09-10 16:55:00+00:00,462.9,463.1,462.53,462.965,13808.0,520.0,462.811001
LIN,2026-09-10 17:00:00+00:00,462.92,462.97,462.4307,462.63,10616.0,511.0,462.756776
LIN,2026-09-10 17:05:00+00:00,462.64,462.78,462.4801,462.65,12066.0,352.0,462.61038
LIN,2026-09-10 17:10:00+00:00,462.62,462.99,462.215,462.68,14789.0,502.0,462.568337
LIN,2026-09-10 17:15:00+00:00,462.7,462.85,462.2,462.2,26168.0,454.0,462.707862
LIN,2026-09-10 17:20:00+00:00,462.115,462.3335,461.75,461.82,11718.0,437.0,462.077111
LIN,2026-09-10 17:25:00+00:00,461.8818,461.9,461.3,461.39,14679.0,553.0,461.539743
LIN,2026-09-10 17:30:00+00:00,461.39,461.67,461.355,461.67,11759.0,457.0,461.450972
LIN,2026-09-10 17:35:00+00:00,461.605,461.615,461.22,461.26,8445.0,405.0,461.47709
LIN,2026-09-10 17:40:00+00:00,461.265,461.31,461.05,461.155,9626.0,398.0,461.192105
LIN,2026-09-10 17:45:00+00:00,461.11,461.2,460.735,461.155,11304.0,567.0,460.996794
LIN,2026-09-10 17:50:00+00:00,461.04,461.42,460.905,461.42,8071.0,441.0,461.116265
LIN,2026-09-10 17:55:00+00:00,461.435,461.56,461.28,461.46,9707.0,458.0,461.397443
LIN,2026-09-10 18:00:00+00:00,461.53,462.1,461.53,462.1,7023.0,371.0,461.761339
LIN,2026-09-10 18:05:00+00:00,461.89,462.19,461.65,461.995,10835.0,457.0,461.90221
LIN,2026-09-10 18:10:00+00:00,461.82,461.87,461.61,461.76,10724.0,467.0,461.720629
LIN,2026-09-10 18:15:00+00:00,461.76,461.895,461.625,461.66,10618.0,482.0,461.729866
LIN,2026-09-10 18:20:00+00:00,461.66,461.86,461.57,461.76,20272.0,521.0,461.663196
LIN,2026-09-10 18:25:00+00:00,461.66,461.71,461.345,461.35,12983.0,535.0,461.523206
LIN,2026-09-10 18:30:00+00:00,461.3425,461.38,461.2,461.31,12831.0,527.0,461.308738
LIN,2026-09-10 18:35:00+00:00,461.24,461.72,461.21,461.5,13505.0,596.0,461.468929
LIN,2026-09-10 18:40:00+00:00,461.59,461.78,461.555,461.71,8881.0,449.0,461.688779
LIN,2026-09-10 18:45:00+00:00,461.74,462.0936,461.671,461.87,13400.0,588.0,461.862749
LIN,2026-09-10 18:50:00+00:00,461.78,462.255,461.78,462.12,13918.0,552.0,462.026713
LIN,2026-09-10 18:55:00+00:00,462.08,462.15,461.895,461.895,17376.0,655.0,462.012539
LIN,2026-09-10 19:00:00+00:00,461.855,461.855,461.55,461.55,17990.0,625.0,461.67944
LIN,2026-09-10 19:05:00+00:00,461.5575,461.74,461.18,461.62,21855.0,871.0,461.558314
LIN,2026-09-10 19:10:00+00:00,461.62,461.62,461.1,461.345,14695.0,647.0,461.298759
LIN,2026-09-10 19:15:00+00:00,461.405,461.5,460.98,461.015,15165.0,734.0,461.277233
LIN,2026-09-10 19:20:00+00:00,461.015,461.545,460.98,461.46,12468.0,585.0,461.222308
LIN,2026-09-10 19:25:00+00:00,461.45,461.51,461.155,461.47,18006.0,794.0,461.333433
LIN,2026-09-10 19:30:00+00:00,461.25,461.375,460.96,461.145,18944.0,824.0,461.143995
LIN,2026-09-10 19:35:00+00:00,461.12,461.175,460.848,460.96,26217.0,1041.0,461.056376
LIN,2026-09-10 19:40:00+00:00,460.96,461.11,460.85,460.92,19420.0,837.0,460.988776
LIN,2026-09-10 19:45:00+00:00,460.86,460.99,460.72,460.755,33855.0,1391.0,460.811018
LIN,2026-09-10 19:50:00+00:00,460.79,461.985,460.786,461.87,49679.0,2196.0,461.384533
LIN,2026-09-10 19:55:00+00:00,461.845,461.93,460.38,461.49,168520.0,6024.0,461.375305
LIN,2026-09-10 20:00:00+00:00,461.62,461.62,461.62,461.62,474599.0,129.0,461.62
LIN,2026-09-10 20:15:00+00:00,462.5,462.5,462.5,462.5,387.0,13.0,462.5
LIN,2026-09-10 20:20:00+00:00,462.5,462.5,462.11,462.11,856.0,7.0,462.421608
LIN,2026-09-10 20:30:00+00:00,462.11,462.11,462.11,462.11,100.0,1.0,462.11
LIN,2026-09-10 20:50:00+00:00,462.11,462.11,462.11,462.11,100.0,1.0,462.11
LIN,2026-09-10 21:00:00+00:00,461.62,461.62,461.62,461.62,192.0,1.0,461.62
LIN,2026-09-10 23:25:00+00:00,460.5472,460.5472,460.5472,460.5472,100.0,1.0,460.5472
LIN,2026-09-11 08:00:00+00:00,461.2091,462.43,461.2091,462.43,205.0,16.0,461.827444
LIN,2026-09-11 09:15:00+00:00,463.43,463.43,463.43,463.43,179.0,5.0,463.43
LIN,2026-09-11 11:00:00+00:00,463.5,463.5,463.5,463.5,105.0,3.0,463.5
LIN,2026-09-11 13:25:00+00:00,462.55,462.55,462.55,462.55,362.0,26.0,462.55
LIN,2026-09-11 13:30:00+00:00,462.83,463.8999,460.69,463.13,43367.0,784.0,462.652465
LIN,2026-09-11 13:35:00+00:00,462.53,464.7,462.53,464.06,30267.0,874.0,463.992462
LIN,2026-09-11 13:40:00+00:00,463.977,465.1,463.977,464.93,17633.0,518.0,464.547661
LIN,2026-09-11 13:45:00+00:00,465.18,465.27,463.54,464.58,32677.0,907.0,464.436295
LIN,2026-09-11 13:50:00+00:00,464.58,465.01,464.125,464.2875,15893.0,496.0,464.485872
LIN,2026-09-11 13:55:00+00:00,464.39,465.975,464.39,465.975,22652.0,676.0,465.203395
LIN,2026-09-11 14:00:00+00:00,465.655,465.745,463.79,463.925,20817.0,808.0,464.464298
LIN,2026-09-11 14:05:00+00:00,463.925,464.51,462.995,464.4,27669.0,940.0,463.66379
LIN,2026-09-11 14:10:00+00:00,464.04,464.04,463.34,463.9,30677.0,922.0,463.715776
LIN,2026-09-11 14:15:00+00:00,463.8,464.51,463.52,464.2,9230.0,500.0,464.021666
LIN,2026-09-11 14:20:00+00:00,463.99,464.57,463.99,464.2225,8250.0,457.0,464.299883
LIN,2026-09-11 14:25:00+00:00,464.235,464.515,464.08,464.495,12518.0,490.0,464.284541
LIN,2026-09-11 14:30:00+00:00,464.58,464.66,464.1,464.1,8518.0,472.0,464.343254
LIN,2026-09-11 14:35:00+00:00,464.02,465.0,463.955,464.89,9613.0,667.0,464.440403
LIN,2026-09-11 14:40:00+00:00,464.85,464.86,464.0,464.0,10482.0,529.0,464.547516
LIN,2026-09-11 14:45:00+00:00,464.08,464.73,463.885,464.615,10878.0,500.0,464.402441
LIN,2026-09-11 14:50:00+00:00,464.7799,464.7799,464.21,464.31,12510.0,447.0,464.556364
LIN,2026-09-11 14:55:00+00:00,464.21,464.37,463.92,464.17,21749.0,754.0,464.126475
LIN,2026-09-11 15:00:00+00:00,464.1,464.1,463.51,463.94,15526.0,684.0,463.733753
LIN,2026-09-11 15:05:00+00:00,463.925,464.63,463.88,464.29,12469.0,518.0,464.240538
LIN,2026-09-11 15:10:00+00:00,464.29,464.42,463.8,464.39,9457.0,438.0,464.125832
LIN,2026-09-11 15:15:00+00:00,464.39,464.57,464.3,464.56,7849.0,430.0,464.454615
LIN,2026-09-11 15:20:00+00:00,464.55,465.07,464.55,464.96,8604.0,464.0,464.915287
LIN,2026-09-11 15:25:00+00:00,465.02,465.1499,464.63,464.64,10453.0,545.0,464.911136
LIN,2026-09-11 15:30:00+00:00,464.62,464.625,464.305,464.56,8049.0,433.0,464.49345
LIN,2026-09-11 15:35:00+00:00,464.44,465.08,464.44,464.99,5460.0,350.0,464.741416
LIN,2026-09-11 15:40:00+00:00,465.01,465.59,465.01,465.59,6435.0,377.0,465.255553
LIN,2026-09-11 15:45:00+00:00,465.59,465.6099,465.125,465.165,7536.0,385.0,465.344255
LIN,2026-09-11 15:50:00+00:00,465.15,465.17,464.78,464.925,9956.0,466.0,464.962919
LIN,2026-09-11 15:55:00+00:00,465.0,465.37,464.93,465.18,9641.0,424.0,465.07123
LIN,2026-09-11 16:00:00+00:00,465.2,465.36,464.9,465.36,5796.0,408.0,465.153404
LIN,2026-09-11 16:05:00+00:00,465.21,465.2968,464.94,464.975,6007.0,414.0,465.081727
LIN,2026-09-11 16:10:00+00:00,464.96,465.07,464.63,464.865,10887.0,502.0,464.82992
LIN,2026-09-11 16:15:00+00:00,464.865,464.87,464.56,464.635,5441.0,320.0,464.656179
LIN,2026-09-11 16:20:00+00:00,464.68,464.76,464.576,464.61,9088.0,475.0,464.679332
LIN,2026-09-11 16:25:00+00:00,464.72,464.85,464.62,464.825,8627.0,398.0,464.764369
LIN,2026-09-11 16:30:00+00:00,464.825,465.43,464.76,465.285,6397.0,378.0,465.148702
LIN,2026-09-11 16:35:00+00:00,465.285,465.45,465.1002,465.345,7971.0,306.0,465.250565
LIN,2026-09-11 16:40:00+00:00,465.345,465.56,465.3,465.355,14462.0,475.0,465.453518
LIN,2026-09-11 16:45:00+00:00,465.39,466.36,465.36,466.09,9224.0,383.0,465.838851
LIN,2026-09-11 16:50:00+00:00,466.16,466.32,466.03,466.23,10142.0,435.0,466.184244
LIN,2026-09-11 16:55:00+00:00,466.31,466.35,466.0632,466.315,8653.0,424.0,466.193663
LIN,2026-09-11 17:00:00+00:00,466.38,466.51,466.3,466.51,6042.0,327.0,466.396534
LIN,2026-09-11 17:05:00+00:00,466.495,466.63,466.463,466.54,11524.0,480.0,466.528905
LIN,2026-09-11 17:10:00+00:00,466.51,466.64,466.405,466.64,13187.0,432.0,466.528813
LIN,2026-09-11 17:15:00+00:00,466.74,467.1299,466.74,467.07,7091.0,305.0,466.90218
LIN,2026-09-11 17:20:00+00:00,467.01,467.225,466.9201,467.14,8261.0,461.0,467.089584
LIN,2026-09-11 17:25:00+00:00,467.1,467.265,467.085,467.11,5707.0,342.0,467.169061
LIN,2026-09-11 17:30:00+00:00,467.2,467.27,466.84,466.935,22973.0,628.0,467.064948
LIN,2026-09-11 17:35:00+00:00,466.935,467.1,466.7025,466.965,20804.0,559.0,466.893244
LIN,2026-09-11 17:40:00+00:00,466.965,467.05,466.78,466.975,11675.0,402.0,466.891239
LIN,2026-09-11 17:45:00+00:00,467.04,467.1,466.95,466.99,8869.0,510.0,467.021021
LIN,2026-09-11 17:50:00+00:00,466.96,467.04,466.37,466.375,17333.0,533.0,466.834011
LIN,2026-09-11 17:55:00+00:00,466.38,466.78,466.35,466.75,12300.0,427.0,466.539657
LIN,2026-09-11 18:00:00+00:00,466.755,466.85,466.505,466.83,8853.0,427.0,466.714845
LIN,2026-09-11 18:05:00+00:00,466.84,466.985,466.425,466.51,13311.0,473.0,466.5409
LIN,2026-09-11 18:10:00+00:00,466.48,466.5075,466.11,466.205,20511.0,539.0,466.305315
LIN,2026-09-11 18:15:00+00:00,466.29,466.46,466.1401,466.31,13401.0,487.0,466.275719
LIN,2026-09-11 18:20:00+00:00,466.26,466.29,465.94,466.05,13121.0,564.0,466.100311
LIN,2026-09-11 18:25:00+00:00,466.06,466.12,465.68,465.775,16628.0,467.0,465.878708
LIN,2026-09-11 18:30:00+00:00,465.775,465.96,465.42,465.83,12671.0,604.0,465.672111
LIN,2026-09-11 18:35:00+00:00,465.825,465.845,465.64,465.68,8486.0,406.0,465.744224
LIN,2026-09-11 18:40:00+00:00,465.645,465.79,465.55,465.69,11465.0,530.0,465.684788
LIN,2026-09-11 18:45:00+00:00,465.79,465.82,465.49,465.68,7354.0,427.0,465.663403
LIN,2026-09-11 18:50:00+00:00,465.625,465.86,465.48,465.5,10251.0,500.0,465.692158
LIN,2026-09-11 18:55:00+00:00,465.465,465.68,465.35,465.54,12404.0,503.0,465.501139
LIN,2026-09-11 19:00:00+00:00,465.615,466.12,465.46,466.12,8816.0,501.0,465.641897
LIN,2026-09-11 19:05:00+00:00,466.06,466.53,465.99,466.3,15379.0,554.0,466.340992
LIN,2026-09-11 19:10:00+00:00,466.27,466.77,465.94,466.5,28481.0,844.0,466.300968
LIN,2026-09-11 19:15:00+00:00,466.495,466.64,466.24,466.5566,11312.0,516.0,466.452335
LIN,2026-09-11 19:20:00+00:00,466.615,466.99,466.54,466.69,23342.0,928.0,466.735704
LIN,2026-09-11 19:25:00+00:00,466.68,466.97,466.68,466.895,8271.0,545.0,466.812306
LIN,2026-09-11 19:30:00+00:00,466.97,467.2,466.92,467.1,24533.0,1125.0,467.054976
LIN,2026-09-11 19:35:00+00:00,467.1,467.23,466.95,467.205,21065.0,798.0,467.099725
LIN,2026-09-11 19:40:00+00:00,467.25,467.36,467.08,467.152,19052.0,852.0,467.226339
LIN,2026-09-11 19:45:00+00:00,467.15,467.46,467.15,467.255,27789.0,1131.0,467.311661
LIN,2026-09-11 19:50:00+00:00,467.21,467.66,466.43,467.555,59840.0,1945.0,467.068737
LIN,2026-09-11 19:55:00+00:00,467.66,467.66,466.03,466.26,99191.0,3727.0,466.496899
LIN,2026-09-11 20:00:00+00:00,466.22,466.22,466.22,466.22,419880.0,139.0,466.22
LIN,2026-09-11 20:10:00+00:00,466.22,466.22,466.22,466.22,306.0,10.0,466.22
LIN,2026-09-11 22:10:00+00:00,469.848,469.848,469.848,469.848,40.0,1.0,469.848
LIN,2026-09-11 22:30:00+00:00,467.11,467.11,467.0,467.01,254.0,16.0,467.037209
LIN,2026-09-11 22:45:00+00:00,467.0,467.0,467.0,467.0,100.0,3.0,467.0
LIN,2026-09-14 08:00:00+00:00,467.0,467.0,465.52,466.09,433.0,34.0,466.318395
LIN,2026-09-14 08:20:00+00:00,467.96,467.96,467.96,467.96,44.0,2.0,467.96
LIN,2026-09-14 08:25:00+00:00,468.0,468.03,468.0,468.03,247.0,9.0,468.020566
LIN,2026-09-14 08:40:00+00:00,467.72,467.72,467.65,467.65,178.0,5.0,467.672632
LIN,2026-09-14 09:15:00+00:00,467.67,467.67,467.67,467.67,72.0,2.0,467.67
LIN,2026-09-14 09:20:00+00:00,467.46,467.46,467.46,467.46,386.0,12.0,467.46
LIN,2026-09-14 09:40:00+00:00,467.25,467.25,467.25,467.25,350.0,8.0,467.25
LIN,2026-09-14 12:05:00+00:00,466.92,468.0,466.92,468.0,590.0,38.0,467.665854
LIN,2026-09-14 12:10:00+00:00,469.7816,469.7816,469.7816,469.7816,100.0,1.0,469.7816
LIN,2026-09-14 12:20:00+00:00,466.25,466.25,466.25,466.25,47.0,2.0,466.25
LIN,2026-09-14 12:25:00+00:00,466.73,466.73,466.73,466.73,45.0,2.0,466.73
LIN,2026-09-14 12:30:00+00:00,466.82,466.82,466.82,466.82,100.0,12.0,466.82
LIN,2026-09-14 12:35:00+00:00,466.57,466.57,466.47,466.47,233.0,20.0,466.525
LIN,2026-09-14 12:40:00+00:00,466.5,468.0597,466.5,466.52,463.0,21.0,467.160189
LIN,2026-09-14 12:45:00+00:00,466.82,467.99,466.82,466.82,545.0,14.0,467.085909
LIN,2026-09-14 12:50:00+00:00,466.82,466.87,466.82,466.87,146.0,4.0,466.853471
LIN,2026-09-14 13:05:00+00:00,467.52,468.28,466.55,468.28,557.0,22.0,467.130706
LIN,2026-09-14 13:10:00+00:00,466.67,466.76,466.62,466.62,383.0,14.0,466.68
LIN,2026-09-14 13:15:00+00:00,466.86,466.86,466.86,466.86,49.0,2.0,466.86
LIN,2026-09-14 13:25:00+00:00,467.6,468.18,467.6,468.18,483.0,13.0,467.650435
LIN,2026-09-14 13:30:00+00:00,467.58,467.88,464.41,464.6,36776.0,929.0,467.286434
LIN,2026-09-14 13:35:00+00:00,464.45,465.46,464.1,464.345,11434.0,538.0,464.688358
LIN,2026-09-14 13:40:00+00:00,464.345,464.74,462.72,463.36,11189.0,538.0,463.929785
LIN,2026-09-14 13:45:00+00:00,463.36,463.58,461.71,462.66,12470.0,580.0,462.342837
LIN,2026-09-14 13:50:00+00:00,462.66,462.98,462.18,462.18,9037.0,520.0,462.562606
LIN,2026-09-14 13:55:00+00:00,462.46,462.76,461.9338,462.31,15769.0,503.0,462.480893
LIN,2026-09-14 14:00:00+00:00,462.31,463.23,462.0,463.09,14709.0,769.0,462.598959
LIN,2026-09-14 14:05:00+00:00,463.25,463.25,462.74,462.9626,9867.0,503.0,462.979661
LIN,2026-09-14 14:10:00+00:00,462.855,462.9799,462.36,462.735,15330.0,726.0,462.628915
LIN,2026-09-14 14:15:00+00:00,462.83,463.03,462.68,462.885,10245.0,563.0,462.843578
LIN,2026-09-14 14:20:00+00:00,462.77,463.515,462.6,463.04,12865.0,580.0,462.977332
LIN,2026-09-14 14:25:00+00:00,462.85,462.85,462.19,462.355,7684.0,505.0,462.491275
LIN,2026-09-14 14:30:00+00:00,462.355,462.37,461.625,461.805,29757.0,939.0,461.856404
LIN,2026-09-14 14:35:00+00:00,461.85,462.59,461.35,461.51,20710.0,864.0,461.978666
LIN,2026-09-14 14:40:00+00:00,461.525,462.475,461.3901,462.2,11530.0,590.0,461.89813
LIN,2026-09-14 14:45:00+00:00,462.285,462.37,461.92,462.02,9515.0,501.0,462.144836
LIN,2026-09-14 14:50:00+00:00,462.075,462.115,461.85,462.01,7007.0,441.0,461.961871
LIN,2026-09-14 14:55:00+00:00,461.8301,461.96,461.595,461.92,8346.0,492.0,461.738708
LIN,2026-09-14 15:00:00+00:00,461.86,462.68,461.735,462.65,18524.0,676.0,462.078213
LIN,2026-09-14 15:05:00+00:00,462.675,463.32,462.49,463.045,18736.0,933.0,462.868515
LIN,2026-09-14 15:10:00+00:00,463.05,463.37,462.74,462.78,10177.0,535.0,462.995071
LIN,2026-09-14 15:15:00+00:00,462.75,462.75,462.4,462.555,7913.0,460.0,462.581832
LIN,2026-09-14 15:20:00+00:00,462.545,462.86,462.545,462.685,11641.0,566.0,462.719801
LIN,2026-09-14 15:25:00+00:00,462.685,462.78,462.38,462.495,8600.0,501.0,462.576893
LIN,2026-09-14 15:30:00+00:00,462.49,462.91,462.35,462.91,18411.0,830.0,462.607659
LIN,2026-09-14 15:35:00+00:00,462.815,462.955,462.525,462.92,8607.0,544.0,462.73263
LIN,2026-09-14 15:40:00+00:00,462.92,463.64,462.87,463.64,9746.0,550.0,463.100198
LIN,2026-09-14 15:45:00+00:00,463.78,463.9271,463.45,463.45,9491.0,505.0,463.736219
LIN,2026-09-14 15:50:00+00:00,463.445,463.745,463.41,463.735,7738.0,448.0,463.554016
LIN,2026-09-14 15:55:00+00:00,463.73,464.8099,463.73,464.335,8321.0,543.0,464.202909
LIN,2026-09-14 16:00:00+00:00,464.275,465.0,464.275,464.7544,10152.0,525.0,464.73577
LIN,2026-09-14 16:05:00+00:00,464.73,464.95,464.54,464.705,6883.0,440.0,464.78612
LIN,2026-09-14 16:10:00+00:00,464.71,465.229,464.71,465.18,13366.0,407.0,465.019744
LIN,2026-09-14 16:15:00+00:00,465.22,465.22,464.7,464.945,7961.0,427.0,464.949476
LIN,2026-09-14 16:20:00+00:00,465.04,465.21,464.76,464.76,12547.0,554.0,465.030146
LIN,2026-09-14 16:25:00+00:00,464.83,465.11,464.8,464.91,7973.0,481.0,464.964461
LIN,2026-09-14 16:30:00+00:00,464.91,465.21,464.555,464.555,11340.0,464.0,464.929856
LIN,2026-09-14 16:35:00+00:00,464.555,464.94,464.535,464.79,7299.0,396.0,464.792076
LIN,2026-09-14 16:40:00+00:00,464.8,464.86,464.59,464.615,8006.0,410.0,464.693027
LIN,2026-09-14 16:45:00+00:00,464.615,464.98,464.51,464.77,11262.0,601.0,464.728254
LIN,2026-09-14 16:50:00+00:00,464.83,465.13,464.73,464.73,9097.0,396.0,464.941179
LIN,2026-09-14 16:55:00+00:00,464.67,464.67,464.19,464.45,7741.0,419.0,464.493722
LIN,2026-09-14 17:00:00+00:00,464.38,464.5299,464.195,464.25,5894.0,357.0,464.35401
LIN,2026-09-14 17:05:00+00:00,464.2,464.35,464.04,464.1,7917.0,357.0,464.189261
LIN,2026-09-14 17:10:00+00:00,464.115,464.34,464.08,464.34,5916.0,349.0,464.182232
LIN,2026-09-14 17:15:00+00:00,464.33,464.39,464.155,464.225,5850.0,316.0,464.219636
LIN,2026-09-14 17:20:00+00:00,464.16,464.23,463.95,464.02,10198.0,413.0,464.130717
LIN,2026-09-14 17:25:00+00:00,464.02,464.31,464.0,464.31,8196.0,352.0,464.127074
LIN,2026-09-14 17:30:00+00:00,464.28,464.59,464.28,464.42,8912.0,405.0,464.431421
LIN,2026-09-14 17:35:00+00:00,464.42,464.66,464.36,464.65,6590.0,333.0,464.48158
LIN,2026-09-14 17:40:00+00:00,464.68,464.825,464.52,464.605,5720.0,346.0,464.694756
LIN,2026-09-14 17:45:00+00:00,464.57,464.57,464.25,464.25,7815.0,454.0,464.39519
LIN,2026-09-14 17:50:00+00:00,464.295,464.69,464.295,464.66,7440.0,407.0,464.497949
LIN,2026-09-14 17:55:00+00:00,464.595,464.7,464.43,464.51,8901.0,516.0,464.537487
LIN,2026-09-14 18:00:00+00:00,464.51,464.53,463.9,463.9,10457.0,540.0,464.343167
LIN,2026-09-14 18:05:00+00:00,463.91,464.035,463.465,463.465,10086.0,495.0,463.802766
LIN,2026-09-14 18:10:00+00:00,463.44,463.735,463.39,463.675,13811.0,625.0,463.462173
LIN,2026-09-14 18:15:00+00:00,463.77,463.94,463.75,463.92,9619.0,329.0,463.853795
LIN,2026-09-14 18:20:00+00:00,463.92,464.27,463.92,464.1275,7867.0,357.0,464.067926
LIN,2026-09-14 18:25:00+00:00,464.23,464.23,464.0301,464.125,6496.0,432.0,464.161032
LIN,2026-09-14 18:30:00+00:00,464.17,464.17,464.0,464.07,6332.0,391.0,464.065668
LIN,2026-09-14 18:35:00+00:00,464.08,464.17,463.925,464.04,10248.0,509.0,464.089549
LIN,2026-09-14 18:40:00+00:00,464.065,464.16,463.9,464.14,8019.0,464.0,464.048332
LIN,2026-09-14 18:45:00+00:00,464.14,464.28,464.03,464.255,10865.0,566.0,464.143559
LIN,2026-09-14 18:50:00+00:00,464.21,464.27,464.06,464.06,7767.0,415.0,464.17295
LIN,2026-09-14 18:55:00+00:00,464.09,464.29,464.09,464.2,9669.0,425.0,464.181086
LIN,2026-09-14 19:00:00+00:00,464.25,464.27,464.05,464.07,10074.0,548.0,464.15342
LIN,2026-09-14 19:05:00+00:00,464.02,464.2175,464.02,464.21,9854.0,522.0,464.139722
LIN,2026-09-14 19:10:00+00:00,464.16,464.66,464.1,464.625,11121.0,585.0,464.411358
LIN,2026-09-14 19:15:00+00:00,464.625,464.69,464.44,464.47,10621.0,507.0,464.573961
LIN,2026-09-14 19:20:00+00:00,464.49,464.63,464.22,464.22,13098.0,666.0,464.481984
LIN,2026-09-14 19:25:00+00:00,464.235,464.235,463.69,463.715,10588.0,694.0,463.89601
LIN,2026-09-14 19:30:00+00:00,463.71,463.95,462.98,463.135,34706.0,1235.0,463.292289
LIN,2026-09-14 19:35:00+00:00,463.155,463.64,462.99,463.08,22955.0,989.0,463.291999
LIN,2026-09-14 19:40:00+00:00,463.15,463.36,462.87,463.23,26077.0,1287.0,463.077566
LIN,2026-09-14 19:45:00+00:00,463.25,463.76,463.22,463.75,18087.0,856.0,463.513442
LIN,2026-09-14 19:50:00+00:00,463.75,464.37,463.7101,463.9325,48666.0,1771.0,464.16511
LIN,2026-09-14 19:55:00+00:00,464.03,464.56,463.94,464.405,121809.0,5329.0,464.325809
LIN,2026-09-14 20:00:00+00:00,464.41,464.41,464.41,464.41,366765.0,98.0,464.41
LIN,2026-09-14 21:25:00+00:00,466.8,466.8,465.01,465.01,280.0,4.0,465.516364
LIN,2026-09-14 23:50:00+00:00,465.0,465.0,465.0,465.0,187.0,17.0,465.0
LIN,2026-09-15 08:00:00+00:00,462.74,463.0,462.74,463.0,100.0,3.0,462.873171
LIN,2026-09-15 08:10:00+00:00,462.53,462.53,462.53,462.53,254.0,10.0,462.53
LIN,2026-09-15 09:00:00+00:00,462.21,462.3,462.21,462.21,193.0,7.0,462.230368
LIN,2026-09-15 11:50:00+00:00,463.0,463.0,463.0,463.0,220.0,4.0,463.0
LIN,2026-09-15 13:15:00+00:00,463.08,463.44,463.08,463.44,255.0,6.0,463.1925
LIN,2026-09-15 13:25:00+00:00,462.41,462.41,462.4,462.4,354.0,33.0,462.403778
LIN,2026-09-15 13:30:00+00:00,462.56,463.11,461.21,461.26,31404.0,897.0,462.293972
LIN,2026-09-15 13:35:00+00:00,461.26,461.26,460.11,460.2,18691.0,678.0,460.653481
LIN,2026-09-15 13:40:00+00:00,460.01,460.7399,459.58,460.5,20223.0,930.0,460.10477
LIN,2026-09-15 13:45:00+00:00,460.43,461.2,460.185,460.185,9585.0,429.0,460.715361
LIN,2026-09-15 13:50:00+00:00,460.18,461.35,460.0,461.35,11831.0,408.0,460.920091
LIN,2026-09-15 13:55:00+00:00,461.48,461.48,460.81,460.905,7167.0,359.0,461.169324
LIN,2026-09-15 14:00:00+00:00,460.82,460.82,460.16,460.46,18689.0,631.0,460.577624
LIN,2026-09-15 14:05:00+00:00,460.46,461.5,460.4177,461.165,10822.0,514.0,461.098518
LIN,2026-09-15 14:10:00+00:00,461.085,461.7399,461.08,461.44,11830.0,448.0,461.361105
LIN,2026-09-15 14:15:00+00:00,461.425,461.75,461.09,461.75,7228.0,386.0,461.47596
LIN,2026-09-15 14:20:00+00:00,461.69,461.88,461.6,461.66,8712.0,467.0,461.756583
LIN,2026-09-15 14:25:00+00:00,461.565,461.92,461.28,461.79,8133.0,406.0,461.666495
LIN,2026-09-15 14:30:00+00:00,461.615,462.33,461.615,462.22,8417.0,525.0,462.034839
LIN,2026-09-15 14:35:00+00:00,462.225,462.3899,461.87,461.89,7945.0,290.0,462.112187
LIN,2026-09-15 14:40:00+00:00,461.9,462.21,461.9,462.165,10985.0,498.0,462.079769
LIN,2026-09-15 14:45:00+00:00,462.235,462.83,461.9956,462.83,15113.0,603.0,462.408615
LIN,2026-09-15 14:50:00+00:00,462.83,462.885,461.77,461.89,13884.0,561.0,462.498297
LIN,2026-09-15 14:55:00+00:00,461.91,462.03,461.54,461.93,7803.0,429.0,461.809648
LIN,2026-09-15 15:00:00+00:00,461.9,461.9272,461.14,461.28,7256.0,424.0,461.565337
LIN,2026-09-15 15:05:00+00:00,461.15,461.45,461.04,461.04,13030.0,536.0,461.247614
LIN,2026-09-15 15:10:00+00:00,461.0,461.0,459.73,460.545,33117.0,1076.0,460.210439
LIN,2026-09-15 15:15:00+00:00,460.49,460.67,460.1,460.11,8370.0,411.0,460.449638
LIN,2026-09-15 15:20:00+00:00,460.12,461.125,460.12,461.125,15335.0,547.0,460.678816
LIN,2026-09-15 15:25:00+00:00,460.975,461.32,460.76,461.17,15707.0,556.0,461.005528
LIN,2026-09-15 15:30:00+00:00,461.24,461.45,461.08,461.27,14866.0,562.0,461.330453
LIN,2026-09-15 15:35:00+00:00,461.36,461.5,461.265,461.49,6663.0,364.0,461.404991
LIN,2026-09-15 15:40:00+00:00,461.44,461.8,461.375,461.66,12886.0,517.0,461.532151
LIN,2026-09-15 15:45:00+00:00,461.7,462.06,461.66,462.04,6489.0,395.0,461.918609
LIN,2026-09-15 15:50:00+00:00,462.025,462.46,462.005,462.445,10363.0,509.0,462.209198
LIN,2026-09-15 15:55:00+00:00,462.35,462.53,461.85,462.45,13959.0,692.0,462.227976
LIN,2026-09-15 16:00:00+00:00,462.425,462.69,462.4,462.69,5458.0,306.0,462.530315
LIN,2026-09-15 16:05:00+00:00,462.62,462.84,462.36,462.4596,11471.0,578.0,462.620316
LIN,2026-09-15 16:10:00+00:00,462.48,463.12,462.3658,463.08,7153.0,387.0,462.781623
LIN,2026-09-15 16:15:00+00:00,463.015,463.2,462.59,462.73,5205.0,317.0,462.993308
LIN,2026-09-15 16:20:00+00:00,462.605,463.02,462.53,463.0,5841.0,368.0,462.717156
LIN,2026-09-15 16:25:00+00:00,462.875,463.42,462.72,463.335,8335.0,416.0,463.121686
LIN,2026-09-15 16:30:00+00:00,463.33,463.5,463.05,463.115,8746.0,404.0,463.292354
LIN,2026-09-15 16:35:00+00:00,463.265,463.265,462.86,462.98,5425.0,296.0,463.056874
LIN,2026-09-15 16:40:00+00:00,462.955,463.27,462.955,463.2,4815.0,289.0,463.111923
LIN,2026-09-15 16:45:00+00:00,463.26,463.44,463.14,463.43,6916.0,364.0,463.264593
LIN,2026-09-15 16:50:00+00:00,463.385,463.79,463.1501,463.725,7681.0,324.0,463.494835
LIN,2026-09-15 16:55:00+00:00,463.78,463.99,463.63,463.8375,7009.0,387.0,463.81288
LIN,2026-09-15 17:00:00+00:00,463.79,464.035,463.31,463.31,6777.0,394.0,463.866872
LIN,2026-09-15 17:05:00+00:00,463.6,463.84,463.34,463.84,6307.0,298.0,463.595411
LIN,2026-09-15 17:10:00+00:00,463.885,464.04,463.47,463.49,6287.0,303.0,463.75488
LIN,2026-09-15 17:15:00+00:00,463.63,463.645,463.0401,463.135,6346.0,330.0,463.362017
LIN,2026-09-15 17:20:00+00:00,463.135,463.135,462.22,462.37,28143.0,517.0,462.547036
LIN,2026-09-15 17:25:00+00:00,462.37,463.19,462.08,462.9,22325.0,517.0,462.394624
LIN,2026-09-15 17:30:00+00:00,462.99,463.0,462.31,462.365,9560.0,264.0,462.479923
LIN,2026-09-15 17:35:00+00:00,462.395,462.62,462.32,462.4761,7195.0,344.0,462.483174
LIN,2026-09-15 17:40:00+00:00,462.56,462.6505,462.15,462.15,8540.0,331.0,462.444854
LIN,2026-09-15 17:45:00+00:00,462.28,462.35,462.14,462.19,6738.0,365.0,462.2565
LIN,2026-09-15 17:50:00+00:00,462.25,462.74,462.25,462.625,17517.0,402.0,462.512079
LIN,2026-09-15 17:55:00+00:00,462.62,462.73,462.11,462.11,7774.0,368.0,462.564292
LIN,2026-09-15 18:00:00+00:00,462.29,462.55,462.17,462.46,7789.0,363.0,462.337032
LIN,2026-09-15 18:05:00+00:00,462.56,462.63,462.08,462.21,15683.0,341.0,462.369016
LIN,2026-09-15 18:10:00+00:00,462.3299,462.37,462.14,462.14,8109.0,388.0,462.26751
LIN,2026-09-15 18:15:00+00:00,462.15,462.31,462.13,462.13,5271.0,278.0,462.228571
LIN,2026-09-15 18:20:00+00:00,462.2,462.25,461.875,461.895,8890.0,405.0,462.021558
LIN,2026-09-15 18:25:00+00:00,461.86,462.14,461.8,462.13,9759.0,446.0,461.935778
LIN,2026-09-15 18:30:00+00:00,462.05,462.05,461.805,462.04,7476.0,361.0,461.946555
LIN,2026-09-15 18:35:00+00:00,462.01,462.255,462.01,462.12,14745.0,454.0,462.131416
LIN,2026-09-15 18:40:00+00:00,462.1,462.12,461.89,462.015,10204.0,395.0,462.012532
LIN,2026-09-15 18:45:00+00:00,461.95,462.13,461.92,462.085,11024.0,499.0,462.029632
LIN,2026-09-15 18:50:00+00:00,462.085,462.13,461.57,461.75,17898.0,533.0,461.694678
LIN,2026-09-15 18:55:00+00:00,461.79,462.08,461.19,461.335,8442.0,431.0,461.663873
LIN,2026-09-15 19:00:00+00:00,461.335,461.57,461.01,461.145,8775.0,436.0,461.280715
LIN,2026-09-15 19:05:00+00:00,461.14,461.2296,460.83,461.04,14710.0,518.0,460.985166
LIN,2026-09-15 19:10:00+00:00,461.1,461.32,460.86,461.215,11786.0,528.0,461.175943
LIN,2026-09-15 19:15:00+00:00,461.22,461.72,461.13,461.54,12220.0,447.0,461.336197
LIN,2026-09-15 19:20:00+00:00,461.6,461.76,461.42,461.685,11668.0,526.0,461.59856
LIN,2026-09-15 19:25:00+00:00,461.7021,461.74,461.37,461.58,10129.0,573.0,461.536996
LIN,2026-09-15 19:30:00+00:00,461.6299,461.68,461.41,461.41,15009.0,717.0,461.588269
LIN,2026-09-15 19:35:00+00:00,461.59,461.75,461.45,461.535,14850.0,707.0,461.660919
LIN,2026-09-15 19:40:00+00:00,461.515,461.77,461.39,461.5901,21780.0,756.0,461.638675
LIN,2026-09-15 19:45:00+00:00,461.62,462.41,461.54,462.41,21856.0,872.0,461.872765
LIN,2026-09-15 19:50:00+00:00,462.48,462.75,462.24,462.445,38647.0,1642.0,462.466072
LIN,2026-09-15 19:55:00+00:00,462.445,463.05,462.37,463.04,88854.0,3925.0,462.694269
LIN,2026-09-15 20:00:00+00:00,463.04,463.04,462.96,462.96,610253.0,122.0,462.960006
LIN,2026-09-15 20:10:00+00:00,463.32,463.32,463.32,463.32,415.0,19.0,463.32
LIN,2026-09-15 20:30:00+00:00,463.21,463.21,463.21,463.21,41.0,2.0,463.21
LIN,2026-09-15 21:00:00+00:00,460.4861,460.4861,460.4861,460.4861,40.0,1.0,460.4861
LIN,2026-09-15 22:15:00+00:00,467.0,467.0,467.0,467.0,91.0,3.0,467.0
LIN,2026-09-15 22:40:00+00:00,464.06,464.49,464.05,464.49,289.0,11.0,464.22272
LIN,2026-09-15 23:05:00+00:00,464.51,464.51,464.51,464.51,200.0,22.0,464.51
LIN,2026-09-15 23:20:00+00:00,464.44,464.44,464.44,464.44,48.0,1.0,464.44
LIN,2026-09-15 23:55:00+00:00,464.5,464.5,464.5,464.5,60.0,1.0,464.5
LIN,2026-09-16 08:00:00+00:00,461.7,463.05,461.7,462.83,494.0,15.0,462.24
LIN,2026-09-16 08:30:00+00:00,462.46,462.46,462.25,462.25,230.0,7.0,462.34
LIN,2026-09-16 12:40:00+00:00,463.0,463.0,463.0,463.0,581.0,36.0,463.0
LIN,2026-09-16 13:25:00+00:00,463.8,464.06,462.44,463.04,2252.0,46.0,463.235077
LIN,2026-09-16 13:30:00+00:00,462.86,464.59,462.64,464.4925,38811.0,751.0,463.185817
LIN,2026-09-16 13:35:00+00:00,464.525,466.0,464.21,465.93,8783.0,386.0,465.141042
LIN,2026-09-16 13:40:00+00:00,465.8381,465.93,464.79,464.89,14332.0,574.0,465.280084
LIN,2026-09-16 13:45:00+00:00,464.89,466.24,464.89,465.35,16717.0,589.0,465.628861
LIN,2026-09-16 13:50:00+00:00,465.52,465.57,464.605,464.625,11098.0,415.0,464.973986
LIN,2026-09-16 13:55:00+00:00,464.625,464.96,464.355,464.38,8976.0,387.0,464.651354
LIN,2026-09-16 14:00:00+00:00,464.495,464.8699,464.08,464.43,14487.0,415.0,464.471363
LIN,2026-09-16 14:05:00+00:00,464.24,464.65,464.05,464.635,7774.0,341.0,464.340082
LIN,2026-09-16 14:10:00+00:00,464.625,465.43,464.3801,465.43,7976.0,394.0,464.764721
LIN,2026-09-16 14:15:00+00:00,465.43,465.5799,464.87,464.97,12517.0,496.0,465.043758
LIN,2026-09-16 14:20:00+00:00,465.1099,465.39,464.8201,465.09,8185.0,459.0,465.169008
LIN,2026-09-16 14:25:00+00:00,465.0011,465.08,464.42,464.835,8013.0,414.0,464.839155
LIN,2026-09-16 14:30:00+00:00,464.81,465.03,464.4801,464.75,7078.0,462.0,464.806843
LIN,2026-09-16 14:35:00+00:00,464.675,465.06,464.62,464.885,10354.0,550.0,464.741211
LIN,2026-09-16 14:40:00+00:00,464.885,464.98,464.72,464.85,6325.0,346.0,464.842635
LIN,2026-09-16 14:45:00+00:00,464.85,464.93,464.34,464.41,7170.0,361.0,464.550075
LIN,2026-09-16 14:50:00+00:00,464.37,464.59,464.115,464.34,9639.0,478.0,464.330354
LIN,2026-09-16 14:55:00+00:00,464.3,464.48,463.97,464.03,8974.0,455.0,464.138236
LIN,2026-09-16 15:00:00+00:00,464.1935,464.27,463.78,464.15,9284.0,500.0,464.040271
LIN,2026-09-16 15:05:00+00:00,464.155,464.175,463.75,463.795,7987.0,423.0,464.020486
LIN,2026-09-16 15:10:00+00:00,463.961,464.57,463.88,464.44,12338.0,443.0,464.206095
LIN,2026-09-16 15:15:00+00:00,464.44,465.0,464.425,465.0,8706.0,448.0,464.647577
LIN,2026-09-16 15:20:00+00:00,465.0712,465.41,465.02,465.395,6703.0,360.0,465.21807
LIN,2026-09-16 15:25:00+00:00,465.4,465.62,464.89,464.89,13446.0,532.0,465.279812
LIN,2026-09-16 15:30:00+00:00,464.92,465.02,464.64,464.68,10334.0,425.0,464.855283
LIN,2026-09-16 15:35:00+00:00,464.68,464.93,464.65,464.815,5298.0,332.0,464.776681
LIN,2026-09-16 15:40:00+00:00,464.81,465.29,464.72,464.72,12215.0,508.0,465.049314
LIN,2026-09-16 15:45:00+00:00,464.82,464.99,464.635,464.66,9816.0,519.0,464.782757
LIN,2026-09-16 15:50:00+00:00,464.715,464.765,464.365,464.73,9092.0,446.0,464.600926
LIN,2026-09-16 15:55:00+00:00,464.54,464.66,464.005,464.07,8702.0,382.0,464.377074
LIN,2026-09-16 16:00:00+00:00,464.0277,464.065,463.7,463.79,5708.0,292.0,463.899382
LIN,2026-09-16 16:05:00+00:00,463.715,464.1899,463.715,464.085,5311.0,327.0,463.966392
LIN,2026-09-16 16:10:00+00:00,464.06,464.781,464.01,464.59,9766.0,398.0,464.510619
LIN,2026-09-16 16:15:00+00:00,464.675,464.78,464.54,464.635,3607.0,183.0,464.646232
LIN,2026-09-16 16:20:00+00:00,464.635,464.95,464.635,464.915,6431.0,338.0,464.836603
LIN,2026-09-16 16:25:00+00:00,464.915,465.2299,464.81,464.95,12542.0,402.0,464.910704
LIN,2026-09-16 16:30:00+00:00,464.98,465.029,464.71,464.71,5673.0,308.0,464.886406
LIN,2026-09-16 16:35:00+00:00,464.76,464.82,464.57,464.615,8307.0,358.0,464.659762
LIN,2026-09-16 16:40:00+00:00,464.57,464.69,464.43,464.625,5183.0,304.0,464.537145
LIN,2026-09-16 16:45:00+00:00,464.71,464.885,464.59,464.8425,6778.0,329.0,464.718423
LIN,2026-09-16 16:50:00+00:00,464.85,464.895,464.68,464.89,5312.0,333.0,464.785824
LIN,2026-09-16 16:55:00+00:00,464.895,464.915,464.57,464.57,6562.0,410.0,464.759606
LIN,2026-09-16 17:00:00+00:00,464.545,464.545,464.15,464.27,2742.0,170.0,464.252274
LIN,2026-09-16 17:05:00+00:00,464.21,464.46,464.21,464.4,4425.0,276.0,464.34891
LIN,2026-09-16 17:10:00+00:00,464.4,464.7199,464.4,464.62,4970.0,264.0,464.515405
LIN,2026-09-16 17:15:00+00:00,464.63,464.63,464.35,464.4,8286.0,354.0,464.432015
LIN,2026-09-16 17:20:00+00:00,464.4,464.6457,464.2619,464.27,10068.0,355.0,464.437219
LIN,2026-09-16 17:25:00+00:00,464.32,464.415,464.295,464.41,3926.0,247.0,464.360675
LIN,2026-09-16 17:30:00+00:00,464.47,464.4999,464.055,464.055,6122.0,349.0,464.238114
LIN,2026-09-16 17:35:00+00:00,464.055,464.265,464.04,464.185,4793.0,273.0,464.184721
LIN,2026-09-16 17:40:00+00:00,464.2,464.265,463.9,463.9,9639.0,474.0,464.110099
LIN,2026-09-16 17:45:00+00:00,463.92,464.09,463.89,463.98,10269.0,431.0,463.992268
LIN,2026-09-16 17:50:00+00:00,463.98,464.54,463.98,464.26,16687.0,532.0,464.202401
LIN,2026-09-16 17:55:00+00:00,464.27,464.41,464.0101,464.41,7404.0,411.0,464.227405
LIN,2026-09-16 18:00:00+00:00,464.1201,464.5,463.28,463.28,19451.0,639.0,464.150612
LIN,2026-09-16 18:05:00+00:00,463.13,463.28,462.6401,463.155,9081.0,345.0,463.015802
LIN,2026-09-16 18:10:00+00:00,463.15,463.86,463.15,463.775,14122.0,477.0,463.573727
LIN,2026-09-16 18:15:00+00:00,463.715,463.85,462.981,463.36,10154.0,481.0,463.448836
LIN,2026-09-16 18:20:00+00:00,463.19,463.21,462.8601,462.99,5180.0,346.0,463.020019
LIN,2026-09-16 18:25:00+00:00,462.985,462.985,462.43,462.5025,7656.0,384.0,462.671726
LIN,2026-09-16 18:30:00+00:00,462.515,462.57,461.3,461.31,10539.0,578.0,461.976057
LIN,2026-09-16 18:35:00+00:00,461.22,462.22,460.96,462.215,15721.0,626.0,461.476514
LIN,2026-09-16 18:40:00+00:00,462.235,463.29,462.235,462.69,9514.0,542.0,462.710813
LIN,2026-09-16 18:45:00+00:00,462.73,462.735,462.19,462.44,11018.0,454.0,462.373635
LIN,2026-09-16 18:50:00+00:00,462.57,462.57,461.655,461.89,12153.0,536.0,462.281754
LIN,2026-09-16 18:55:00+00:00,461.535,461.67,461.3,461.31,8268.0,523.0,461.470439
LIN,2026-09-16 19:00:00+00:00,461.385,462.21,461.27,461.8,14110.0,609.0,461.545521
LIN,2026-09-16 19:05:00+00:00,461.85,461.98,461.54,461.54,9037.0,475.0,461.828437
LIN,2026-09-16 19:10:00+00:00,461.47,461.47,460.78,461.02,14809.0,638.0,460.977542
LIN,2026-09-16 19:15:00+00:00,461.02,461.255,460.2,460.315,13836.0,689.0,460.631763
LIN,2026-09-16 19:20:00+00:00,460.57,460.71,460.0901,460.0901,12455.0,576.0,460.360994
LIN,2026-09-16 19:25:00+00:00,460.245,460.54,459.77,460.415,15171.0,720.0,460.129867
LIN,2026-09-16 19:30:00+00:00,460.415,460.815,460.41,460.74,16592.0,790.0,460.614129
LIN,2026-09-16 19:35:00+00:00,460.62,460.71,460.175,460.36,12327.0,641.0,460.424625
LIN,2026-09-16 19:40:00+00:00,460.3328,460.715,460.23,460.615,15950.0,880.0,460.580435
LIN,2026-09-16 19:45:00+00:00,460.56,461.04,460.53,461.04,23126.0,1135.0,460.800143
LIN,2026-09-16 19:50:00+00:00,461.06,462.35,460.9,462.315,36321.0,1664.0,461.429304
LIN,2026-09-16 19:55:00+00:00,462.44,462.54,461.69,462.32,91203.0,3669.0,462.145867
LIN,2026-09-16 20:00:00+00:00,462.09,462.09,462.09,462.09,414841.0,101.0,462.09
LIN,2026-09-16 20:10:00+00:00,462.09,462.09,462.09,462.09,885.0,8.0,462.09
LIN,2026-09-16 20:15:00+00:00,462.09,462.09,462.09,462.09,50.0,2.0,462.09
LIN,2026-09-16 20:55:00+00:00,464.0,464.0,464.0,464.0,132.0,5.0,464.0
LIN,2026-09-16 23:20:00+00:00,461.0,461.06,461.0,461.06,200.0,5.0,461.04
LIN,2026-09-17 10:50:00+00:00,461.39,461.4,461.39,461.4,350.0,13.0,461.394203
LIN,2026-09-17 12:15:00+00:00,462.2,462.2,462.2,462.2,75.0,2.0,462.2
LIN,2026-09-17 12:25:00+00:00,462.94,463.0,462.94,463.0,424.0,13.0,462.978056
LIN,2026-09-17 13:25:00+00:00,463.65,463.65,463.5,463.5,590.0,35.0,463.552597
LIN,2026-09-17 13:30:00+00:00,462.37,462.96,460.92,461.5,42149.0,866.0,461.797897
LIN,2026-09-17 13:35:00+00:00,461.5,461.93,460.275,460.275,26178.0,679.0,460.826105
LIN,2026-09-17 13:40:00+00:00,460.17,460.326,458.98,459.605,24061.0,970.0,459.589187
LIN,2026-09-17 13:45:00+00:00,459.605,460.25,459.13,460.185,18170.0,870.0,459.649326
LIN,2026-09-17 13:50:00+00:00,460.07,460.24,459.21,459.21,20814.0,760.0,459.665855
LIN,2026-09-17 13:55:00+00:00,459.36,459.52,458.46,458.6,19622.0,870.0,458.927747
LIN,2026-09-17 14:00:00+00:00,458.48,458.86,457.79,457.87,18587.0,894.0,458.429524
LIN,2026-09-17 14:05:00+00:00,457.87,458.23,457.58,457.96,14669.0,841.0,457.901475
LIN,2026-09-17 14:10:00+00:00,458.06,458.34,457.59,458.15,10416.0,644.0,457.973992
LIN,2026-09-17 14:15:00+00:00,458.04,458.5807,457.65,458.25,13316.0,492.0,457.978742
LIN,2026-09-17 14:20:00+00:00,458.76,458.92,458.27,458.27,20248.0,732.0,458.579792
LIN,2026-09-17 14:25:00+00:00,458.2501,458.5731,457.97,458.0,15971.0,740.0,458.257042
LIN,2026-09-17 14:30:00+00:00,458.05,458.47,457.97,458.35,16530.0,790.0,458.259417
LIN,2026-09-17 14:35:00+00:00,458.39,458.95,458.1675,458.195,20682.0,738.0,458.576596
LIN,2026-09-17 14:40:00+00:00,458.07,458.26,457.59,457.68,30404.0,716.0,457.885502
LIN,2026-09-17 14:45:00+00:00,457.68,457.82,456.99,457.0,22425.0,1011.0,457.483154
LIN,2026-09-17 14:50:00+00:00,457.085,457.13,456.0,456.221,37799.0,937.0,456.654879
LIN,2026-09-17 14:55:00+00:00,456.01,456.487,455.695,456.285,30461.0,916.0,456.057139
LIN,2026-09-17 15:00:00+00:00,456.285,456.47,455.88,456.225,15044.0,600.0,456.096277
LIN,2026-09-17 15:05:00+00:00,456.12,456.93,456.12,456.6301,9586.0,501.0,456.543069
LIN,2026-09-17 15:10:00+00:00,456.6401,457.35,456.6401,456.925,18463.0,729.0,457.019897
LIN,2026-09-17 15:15:00+00:00,456.7938,457.22,456.44,456.765,7912.0,494.0,456.705116
LIN,2026-09-17 15:20:00+00:00,456.825,457.14,456.56,456.96,27645.0,785.0,456.769965
LIN,2026-09-17 15:25:00+00:00,456.96,456.98,456.39,456.66,19115.0,640.0,456.597164
LIN,2026-09-17 15:30:00+00:00,456.665,457.1106,456.42,457.075,55217.0,768.0,456.713473
LIN,2026-09-17 15:35:00+00:00,457.0001,457.53,457.0,457.515,17875.0,582.0,457.304344
LIN,2026-09-17 15:40:00+00:00,457.515,457.9,457.48,457.57,7183.0,456.0,457.67716
LIN,2026-09-17 15:45:00+00:00,457.575,458.05,457.575,457.76,9131.0,414.0,457.848111
LIN,2026-09-17 15:50:00+00:00,457.88,457.96,457.47,457.61,7962.0,484.0,457.723959
LIN,2026-09-17 15:55:00+00:00,457.615,458.28,457.46,458.21,16225.0,615.0,457.824515
LIN,2026-09-17 16:00:00+00:00,458.21,458.48,458.13,458.16,23883.0,551.0,458.282138
LIN,2026-09-17 16:05:00+00:00,458.2,458.33,458.06,458.23,10805.0,441.0,458.216381
LIN,2026-09-17 16:10:00+00:00,458.25,458.35,457.88,458.35,9022.0,405.0,458.1613
LIN,2026-09-17 16:15:00+00:00,458.22,458.44,458.22,458.32,6662.0,370.0,458.351569
LIN,2026-09-17 16:20:00+00:00,458.375,458.52,458.29,458.51,8212.0,320.0,458.441938
LIN,2026-09-17 16:25:00+00:00,458.52,458.58,458.36,458.554,5745.0,340.0,458.475804
LIN,2026-09-17 16:30:00+00:00,458.455,458.77,458.36,458.52,8816.0,466.0,458.507179
LIN,2026-09-17 16:35:00+00:00,458.66,458.82,458.41,458.6217,4067.0,316.0,458.581571
LIN,2026-09-17 16:40:00+00:00,458.9199,459.155,458.785,459.105,6220.0,329.0,458.96065
LIN,2026-09-17 16:45:00+00:00,459.04,459.1,458.78,458.99,5607.0,356.0,458.902455
LIN,2026-09-17 16:50:00+00:00,458.99,458.99,458.41,458.41,6567.0,371.0,458.778162
LIN,2026-09-17 16:55:00+00:00,458.41,458.83,458.21,458.825,8551.0,499.0,458.468743
LIN,2026-09-17 17:00:00+00:00,458.83,459.1,458.7301,459.03,6660.0,373.0,458.873364
LIN,2026-09-17 17:05:00+00:00,458.99,459.28,458.97,459.005,8736.0,348.0,459.104323
LIN,2026-09-17 17:10:00+00:00,459.045,459.195,458.79,459.195,4570.0,280.0,459.023593
LIN,2026-09-17 17:15:00+00:00,459.16,459.41,458.8401,459.395,5033.0,228.0,459.101958
LIN,2026-09-17 17:20:00+00:00,459.35,459.76,459.06,459.51,5936.0,334.0,459.371207
LIN,2026-09-17 17:25:00+00:00,459.48,459.55,459.2425,459.475,6128.0,671.0,459.443258
LIN,2026-09-17 17:30:00+00:00,459.47,459.565,459.0856,459.175,17952.0,605.0,459.391284
LIN,2026-09-17 17:35:00+00:00,459.175,459.35,458.85,459.06,16274.0,528.0,459.137466
LIN,2026-09-17 17:40:00+00:00,459.075,459.41,458.98,458.99,33152.0,417.0,459.189881
LIN,2026-09-17 17:45:00+00:00,458.99,459.0505,458.805,458.96,17348.0,535.0,458.912127
LIN,2026-09-17 17:50:00+00:00,458.965,459.09,458.89,459.025,10035.0,374.0,459.008142
LIN,2026-09-17 17:55:00+00:00,459.025,459.31,458.86,458.93,16256.0,603.0,459.099421
LIN,2026-09-17 18:00:00+00:00,458.87,458.88,458.51,458.74,31059.0,687.0,458.695337
LIN,2026-09-17 18:05:00+00:00,458.74,458.75,458.425,458.57,51714.0,847.0,458.617727
LIN,2026-09-17 18:10:00+00:00,458.4801,458.556,458.22,458.325,26923.0,701.0,458.380152
LIN,2026-09-17 18:15:00+00:00,458.325,458.505,457.86,457.955,28059.0,747.0,458.124354
LIN,2026-09-17 18:20:00+00:00,457.95,458.05,457.86,457.92,20465.0,645.0,457.957733
LIN,2026-09-17 18:25:00+00:00,457.86,457.925,457.5,457.61,16005.0,491.0,457.643274
LIN,2026-09-17 18:30:00+00:00,457.665,458.01,457.56,457.64,29476.0,830.0,457.702039
LIN,2026-09-17 18:35:00+00:00,457.64,458.025,457.64,457.735,21271.0,600.0,457.792661
LIN,2026-09-17 18:40:00+00:00,457.74,458.11,457.6,457.601,9895.0,449.0,457.83032
LIN,2026-09-17 18:45:00+00:00,457.6,457.71,457.365,457.56,11560.0,561.0,457.53781
LIN,2026-09-17 18:50:00+00:00,457.51,457.51,457.01,457.22,9480.0,437.0,457.314528
LIN,2026-09-17 18:55:00+00:00,457.22,457.495,457.22,457.49,13506.0,586.0,457.349435
LIN,2026-09-17 19:00:00+00:00,457.465,457.66,457.22,457.405,13028.0,543.0,457.449209
LIN,2026-09-17 19:05:00+00:00,457.405,457.51,456.92,457.435,24978.0,839.0,457.188864
LIN,2026-09-17 19:10:00+00:00,457.4673,457.57,457.06,457.06,13013.0,606.0,457.380571
LIN,2026-09-17 19:15:00+00:00,457.22,457.53,457.17,457.53,14959.0,708.0,457.317204
LIN,2026-09-17 19:20:00+00:00,457.5,457.99,457.5,457.92,21872.0,951.0,457.810139
LIN,2026-09-17 19:25:00+00:00,457.9,458.3,457.9,458.12,23635.0,1031.0,458.064988
LIN,2026-09-17 19:30:00+00:00,458.14,458.1799,457.9,457.995,23960.0,993.0,458.023907
LIN,2026-09-17 19:35:00+00:00,457.95,458.04,457.72,457.875,19010.0,809.0,457.873398
LIN,2026-09-17 19:40:00+00:00,457.875,458.255,457.775,458.18,23590.0,946.0,458.04147
LIN,2026-09-17 19:45:00+00:00,458.12,458.39,457.315,457.315,27121.0,1041.0,458.053933
LIN,2026-09-17 19:50:00+00:00,457.31,458.44,457.31,458.39,48531.0,1891.0,457.980256
LIN,2026-09-17 19:55:00+00:00,458.47,458.75,458.29,458.435,149653.0,5200.0,458.554037
LIN,2026-09-17 20:00:00+00:00,458.48,458.48,458.402,458.402,645816.0,119.0,458.479987
LIN,2026-09-17 20:35:00+00:00,458.46,458.46,458.46,458.46,76.0,5.0,458.46
LIN,2026-09-17 20:55:00+00:00,457.24,457.24,457.24,457.24,61.0,2.0,457.24
LIN,2026-09-17 21:40:00+00:00,458.25,458.25,458.25,458.25,100.0,1.0,458.25
LIN,2026-09-18 08:00:00+00:00,457.11,457.11,457.11,457.11,310.0,10.0,457.11
LIN,2026-09-18 08:10:00+00:00,458.43,458.43,458.43,458.43,80.0,2.0,458.43
LIN,2026-09-18 09:00:00+00:00,456.46,456.46,456.46,456.46,72.0,3.0,456.46
LIN,2026-09-18 10:15:00+00:00,456.0,456.0,456.0,456.0,437.0,27.0,456.0
LIN,2026-09-18 10:25:00+00:00,456.53,456.53,456.53,456.53,102.0,2.0,456.53
LIN,2026-09-18 10:30:00+00:00,456.53,456.99,456.53,456.98,295.0,12.0,456.847222
LIN,2026-09-18 10:35:00+00:00,456.98,456.98,456.98,456.98,40.0,1.0,456.98
LIN,2026-09-18 10:55:00+00:00,456.68,456.68,456.68,456.68,232.0,16.0,456.68
LIN,2026-09-18 11:00:00+00:00,456.99,456.99,456.85,456.85,132.0,6.0,456.925269
LIN,2026-09-18 11:35:00+00:00,456.5,456.5,456.5,456.5,54.0,5.0,456.5
LIN,2026-09-18 12:40:00+00:00,457.17,457.17,457.17,457.17,50.0,1.0,457.17
LIN,2026-09-18 13:20:00+00:00,455.69,455.69,455.69,455.69,124.0,9.0,455.69
LIN,2026-09-18 13:25:00+00:00,456.86,459.0,456.4603,457.37,30915.0,754.0,457.775764
LIN,2026-09-18 13:30:00+00:00,457.14,458.38,455.3,455.9,581350.0,1280.0,458.310105
LIN,2026-09-18 13:35:00+00:00,456.13,456.31,454.19,455.085,22906.0,1100.0,455.29877
LIN,2026-09-18 13:40:00+00:00,454.983,455.72,454.94,455.15,20591.0,831.0,455.342246
LIN,2026-09-18 13:45:00+00:00,455.205,455.76,454.77,455.43,32737.0,1141.0,455.212997
LIN,2026-09-18 13:50:00+00:00,455.5225,455.6,455.11,455.18,16099.0,804.0,455.357252
LIN,2026-09-18 13:55:00+00:00,455.3,456.0178,455.17,455.59,32387.0,1092.0,455.547965
LIN,2026-09-18 14:00:00+00:00,455.82,456.735,455.54,456.71,33097.0,1061.0,456.377605
LIN,2026-09-18 14:05:00+00:00,456.53,456.53,455.78,455.89,18592.0,623.0,456.175429
LIN,2026-09-18 14:10:00+00:00,455.91,456.9,455.55,455.7899,36718.0,909.0,456.267303
LIN,2026-09-18 14:15:00+00:00,456.06,457.05,456.06,456.8775,11601.0,439.0,456.685372
LIN,2026-09-18 14:20:00+00:00,456.86,457.31,456.67,456.695,18410.0,653.0,457.017673
LIN,2026-09-18 14:25:00+00:00,456.67,456.89,456.11,456.295,14808.0,558.0,456.495233
LIN,2026-09-18 14:30:00+00:00,456.39,457.48,456.03,456.765,32731.0,1090.0,456.926766
LIN,2026-09-18 14:35:00+00:00,456.67,457.54,456.55,457.54,17258.0,756.0,456.891679
LIN,2026-09-18 14:40:00+00:00,457.725,458.25,457.4325,457.645,15434.0,604.0,457.765277
LIN,2026-09-18 14:45:00+00:00,457.71,458.45,457.585,458.3,16796.0,732.0,457.890988
LIN,2026-09-18 14:50:00+00:00,458.3,458.41,458.11,458.16,9441.0,491.0,458.235906
LIN,2026-09-18 14:55:00+00:00,458.17,458.46,457.8801,458.46,11987.0,606.0,458.155715
LIN,2026-09-18 15:00:00+00:00,458.5,458.58,457.73,457.73,17828.0,728.0,458.209578
LIN,2026-09-18 15:05:00+00:00,457.73,458.25,457.35,458.19,17982.0,591.0,457.720532
LIN,2026-09-18 15:10:00+00:00,458.21,458.6,458.1732,458.54,14128.0,576.0,458.36942
LIN,2026-09-18 15:15:00+00:00,458.56,458.785,458.11,458.715,10789.0,460.0,458.396402
LIN,2026-09-18 15:20:00+00:00,458.79,458.96,458.43,458.675,12619.0,577.0,458.698581
LIN,2026-09-18 15:25:00+00:00,458.69,458.76,458.49,458.55,10523.0,476.0,458.638548
LIN,2026-09-18 15:30:00+00:00,458.55,458.77,458.41,458.62,15548.0,637.0,458.56125
LIN,2026-09-18 15:35:00+00:00,458.62,458.62,457.99,457.99,14531.0,590.0,458.348418
LIN,2026-09-18 15:40:00+00:00,458.02,458.17,457.64,458.03,12277.0,445.0,457.863266
LIN,2026-09-18 15:45:00+00:00,458.0,458.25,458.0,458.03,4823.0,300.0,458.102588
LIN,2026-09-18 15:50:00+00:00,458.1,458.1251,457.88,458.125,7295.0,368.0,457.994962
LIN,2026-09-18 15:55:00+00:00,458.1,458.18,457.85,457.85,8176.0,436.0,458.013292
LIN,2026-09-18 16:00:00+00:00,457.9,457.95,457.8,457.86,6623.0,340.0,457.878029
LIN,2026-09-18 16:05:00+00:00,457.89,458.35,457.81,458.15,11373.0,525.0,458.085081
LIN,2026-09-18 16:10:00+00:00,458.2,458.55,458.05,458.5413,11811.0,354.0,458.278304
LIN,2026-09-18 16:15:00+00:00,458.62,458.78,458.39,458.78,8031.0,302.0,458.615179
LIN,2026-09-18 16:20:00+00:00,458.68,458.82,458.43,458.545,6039.0,314.0,458.650617
LIN,2026-09-18 16:25:00+00:00,458.575,458.7785,458.49,458.7785,7698.0,411.0,458.661257
LIN,2026-09-18 16:30:00+00:00,458.685,459.575,458.65,459.45,6296.0,403.0,459.105121
LIN,2026-09-18 16:35:00+00:00,459.41,459.58,459.1701,459.54,5522.0,352.0,459.3647
LIN,2026-09-18 16:40:00+00:00,459.615,459.615,459.37,459.52,2630.0,250.0,459.505583
LIN,2026-09-18 16:45:00+00:00,459.54,459.7,459.285,459.6201,5986.0,372.0,459.490653
LIN,2026-09-18 16:50:00+00:00,459.79,460.38,459.67,460.29,15034.0,467.0,460.059326
LIN,2026-09-18 16:55:00+00:00,460.21,460.37,460.12,460.365,6545.0,378.0,460.252656
LIN,2026-09-18 17:00:00+00:00,460.365,460.65,460.34,460.4801,4017.0,241.0,460.480189
LIN,2026-09-18 17:05:00+00:00,460.5,460.55,459.91,459.91,9362.0,390.0,460.307243
LIN,2026-09-18 17:10:00+00:00,459.86,459.945,459.715,459.8,4019.0,226.0,459.835111
LIN,2026-09-18 17:15:00+00:00,459.8,459.81,459.6301,459.7,6318.0,341.0,459.726616
LIN,2026-09-18 17:20:00+00:00,459.73,459.82,459.66,459.67,12097.0,359.0,459.743155
LIN,2026-09-18 17:25:00+00:00,459.67,460.009,459.67,459.815,13155.0,433.0,459.772404
LIN,2026-09-18 17:30:00+00:00,459.805,459.835,459.42,459.46,11215.0,383.0,459.551488
LIN,2026-09-18 17:35:00+00:00,459.52,459.61,459.39,459.39,4730.0,297.0,459.514796
LIN,2026-09-18 17:40:00+00:00,459.42,459.475,459.13,459.175,8762.0,425.0,459.328044
LIN,2026-09-18 17:45:00+00:00,459.17,459.215,459.05,459.1901,5872.0,382.0,459.134826
LIN,2026-09-18 17:50:00+00:00,459.245,459.33,459.19,459.22,7664.0,348.0,459.261697
LIN,2026-09-18 17:55:00+00:00,459.22,459.49,459.17,459.49,8923.0,390.0,459.289553
LIN,2026-09-18 18:00:00+00:00,459.51,459.86,459.36,459.8,11526.0,322.0,459.474089
LIN,2026-09-18 18:05:00+00:00,459.8,459.8,459.5012,459.66,5973.0,347.0,459.641471
LIN,2026-09-18 18:10:00+00:00,459.69,459.72,459.5001,459.58,7325.0,339.0,459.591131
LIN,2026-09-18 18:15:00+00:00,459.63,459.96,459.47,459.96,9928.0,495.0,459.674528
LIN,2026-09-18 18:20:00+00:00,460.07,460.375,459.86,460.375,5962.0,346.0,460.229179
LIN,2026-09-18 18:25:00+00:00,460.36,460.65,460.36,460.63,7519.0,418.0,460.545499
LIN,2026-09-18 18:30:00+00:00,460.61,460.87,460.46,460.76,7956.0,351.0,460.633219
LIN,2026-09-18 18:35:00+00:00,460.76,460.94,460.73,460.785,7821.0,449.0,460.8137
LIN,2026-09-18 18:40:00+00:00,460.75,460.84,460.27,460.32,7057.0,418.0,460.472082
LIN,2026-09-18 18:45:00+00:00,460.2501,460.89,460.2501,460.575,10204.0,491.0,460.633227
LIN,2026-09-18 18:50:00+00:00,460.575,460.775,460.4887,460.555,7028.0,664.0,460.635791
LIN,2026-09-18 18:55:00+00:00,460.555,460.93,460.53,460.65,9118.0,541.0,460.717779
LIN,2026-09-18 19:00:00+00:00,460.605,460.95,460.55,460.89,6600.0,431.0,460.736581
LIN,2026-09-18 19:05:00+00:00,460.89,461.265,460.89,461.265,8747.0,494.0,461.051304
LIN,2026-09-18 19:10:00+00:00,461.33,461.3799,461.015,461.025,10241.0,726.0,461.20645
LIN,2026-09-18 19:15:00+00:00,461.0295,461.17,460.7622,460.82,10469.0,619.0,460.948626
LIN,2026-09-18 19:20:00+00:00,460.82,460.91,460.58,460.68,8590.0,479.0,460.705267
LIN,2026-09-18 19:25:00+00:00,460.7,460.89,460.6,460.6175,8397.0,480.0,460.749364
LIN,2026-09-18 19:30:00+00:00,460.615,460.72,460.435,460.575,16079.0,652.0,460.590282
LIN,2026-09-18 19:35:00+00:00,460.575,461.34,460.535,461.34,13814.0,715.0,460.919999
LIN,2026-09-18 19:40:00+00:00,461.34,461.703,461.28,461.425,21793.0,854.0,461.407169
LIN,2026-09-18 19:45:00+00:00,461.41,461.435,461.09,461.29,22579.0,1014.0,461.281019
LIN,2026-09-18 19:50:00+00:00,461.2,461.2,459.845,460.65,47145.0,2003.0,460.625186
LIN,2026-09-18 19:55:00+00:00,460.42,460.88,459.9,460.11,209113.0,6364.0,460.197649
LIN,2026-09-18 20:00:00+00:00,460.11,460.6,460.11,460.4,2396149.0,106.0,460.399673
LIN,2026-09-18 20:10:00+00:00,460.4,460.4,460.4,460.4,20412.0,1.0,460.4
LIN,2026-09-18 20:30:00+00:00,461.482,461.482,461.482,461.482,46.0,1.0,461.482
LIN,2026-09-18 20:45:00+00:00,461.3,461.3,461.3,461.3,158.0,1.0,461.3
LIN,2026-09-18 20:50:00+00:00,461.1,461.1,461.1,461.1,88.0,2.0,461.1
LIN,2026-09-18 21:00:00+00:00,461.06,461.06,461.06,461.06,125.0,2.0,461.06
LIN,2026-09-18 21:20:00+00:00,461.44,461.5,461.44,461.5,681.0,20.0,461.485427
