symbol,timestamp,open,high,low,close,volume,trade_count,vwap
TROW,2026-08-14 11:45:00+00:00,111.0,111.0,111.0,111.0,370.0,7.0,111.0
TROW,2026-08-14 12:30:00+00:00,111.0,111.0,111.0,111.0,100.0,1.0,111.0
TROW,2026-08-14 13:30:00+00:00,110.93,111.465,110.52,111.048,12509.0,131.0,110.926013
TROW,2026-08-14 13:35:00+00:00,110.77,110.77,110.36,110.36,13940.0,312.0,110.516875
TROW,2026-08-14 13:40:00+00:00,110.27,110.4831,109.77,109.77,10159.0,278.0,110.26693
TROW,2026-08-14 13:45:00+00:00,109.9,110.11,109.82,109.87,13705.0,336.0,109.929758
TROW,2026-08-14 13:50:00+00:00,109.885,110.115,109.885,110.115,13586.0,305.0,110.000345
TROW,2026-08-14 13:55:00+00:00,110.06,110.26,110.04,110.26,8613.0,333.0,110.12606
TROW,2026-08-14 14:00:00+00:00,110.53,110.53,110.0775,110.0775,6417.0,299.0,110.16052
TROW,2026-08-14 14:05:00+00:00,110.02,110.08,109.83,109.895,8201.0,324.0,109.953045
TROW,2026-08-14 14:10:00+00:00,109.9,109.9569,109.83,109.88,7323.0,320.0,109.900383
TROW,2026-08-14 14:15:00+00:00,109.98,110.19,109.915,110.045,10190.0,346.0,110.066294
TROW,2026-08-14 14:20:00+00:00,110.07,110.1,109.825,109.83,6789.0,258.0,109.995027
TROW,2026-08-14 14:25:00+00:00,109.83,109.91,109.76,109.89,8576.0,327.0,109.844356
TROW,2026-08-14 14:30:00+00:00,109.82,109.88,109.805,109.855,6973.0,241.0,109.839122
TROW,2026-08-14 14:35:00+00:00,109.85,110.06,109.83,110.05,7457.0,284.0,109.935878
TROW,2026-08-14 14:40:00+00:00,110.01,110.0624,109.9,109.91,5158.0,255.0,109.994539
TROW,2026-08-14 14:45:00+00:00,109.895,110.185,109.885,110.1201,8372.0,269.0,110.056008
TROW,2026-08-14 14:50:00+00:00,110.13,110.16,109.885,109.885,6001.0,257.0,110.024879
TROW,2026-08-14 14:55:00+00:00,109.885,110.05,109.885,110.03,8282.0,299.0,109.980828
TROW,2026-08-14 15:00:00+00:00,110.02,110.09,110.005,110.09,6323.0,226.0,110.041045
TROW,2026-08-14 15:05:00+00:00,110.137,110.155,110.035,110.04,11393.0,312.0,110.112681
TROW,2026-08-14 15:10:00+00:00,110.055,110.11,110.05,110.07,7594.0,175.0,110.075717
TROW,2026-08-14 15:15:00+00:00,110.07,110.17,110.04,110.15,20329.0,320.0,110.084052
TROW,2026-08-14 15:20:00+00:00,110.19,110.22,110.11,110.18,9063.0,289.0,110.173403
TROW,2026-08-14 15:25:00+00:00,110.19,110.35,110.185,110.28,4756.0,240.0,110.246022
TROW,2026-08-14 15:30:00+00:00,110.25,110.315,110.21,110.27,5410.0,241.0,110.24694
TROW,2026-08-14 15:35:00+00:00,110.225,110.35,110.225,110.31,3305.0,123.0,110.276771
TROW,2026-08-14 15:40:00+00:00,110.33,110.345,110.25,110.315,6687.0,272.0,110.303808
TROW,2026-08-14 15:45:00+00:00,110.35,110.45,110.32,110.405,4026.0,159.0,110.402047
TROW,2026-08-14 15:50:00+00:00,110.41,110.56,110.41,110.47,6887.0,251.0,110.457872
TROW,2026-08-14 15:55:00+00:00,110.5528,110.5699,110.445,110.515,3999.0,152.0,110.500305
TROW,2026-08-14 16:00:00+00:00,110.59,110.6,110.57,110.575,2256.0,110.0,110.581915
TROW,2026-08-14 16:05:00+00:00,110.52,110.54,110.51,110.51,3224.0,173.0,110.5225
TROW,2026-08-14 16:10:00+00:00,110.495,110.495,110.445,110.465,4450.0,225.0,110.464624
TROW,2026-08-14 16:15:00+00:00,110.47,110.47,110.41,110.43,6050.0,246.0,110.439588
TROW,2026-08-14 16:20:00+00:00,110.42,110.425,110.3701,110.425,1471.0,80.0,110.408777
TROW,2026-08-14 16:25:00+00:00,110.39,110.45,110.37,110.39,5651.0,140.0,110.42489
TROW,2026-08-14 16:30:00+00:00,110.425,110.44,110.4,110.4,6175.0,141.0,110.420292
TROW,2026-08-14 16:35:00+00:00,110.42,110.42,110.35,110.355,5497.0,213.0,110.373767
TROW,2026-08-14 16:40:00+00:00,110.355,110.43,110.355,110.39,5412.0,199.0,110.399848
TROW,2026-08-14 16:45:00+00:00,110.35,110.36,110.3,110.3,5307.0,213.0,110.334109
TROW,2026-08-14 16:50:00+00:00,110.3,110.365,110.28,110.365,6338.0,231.0,110.310849
TROW,2026-08-14 16:55:00+00:00,110.37,110.49,110.37,110.43,4326.0,195.0,110.419144
TROW,2026-08-14 17:00:00+00:00,110.39,110.435,110.3358,110.35,5509.0,165.0,110.383248
TROW,2026-08-14 17:05:00+00:00,110.35,110.39,110.35,110.3819,1520.0,51.0,110.362485
TROW,2026-08-14 17:10:00+00:00,110.36,110.445,110.33,110.4401,4037.0,162.0,110.389142
TROW,2026-08-14 17:15:00+00:00,110.435,110.435,110.35,110.39,2463.0,112.0,110.395851
TROW,2026-08-14 17:20:00+00:00,110.395,110.395,110.395,110.395,526.0,23.0,110.395
TROW,2026-08-14 17:25:00+00:00,110.355,110.375,110.355,110.37,1972.0,89.0,110.361562
TROW,2026-08-14 17:30:00+00:00,110.37,110.425,110.33,110.33,6023.0,239.0,110.380536
TROW,2026-08-14 17:35:00+00:00,110.34,110.34,110.34,110.34,725.0,36.0,110.34
TROW,2026-08-14 17:40:00+00:00,110.305,110.3527,110.2801,110.34,3397.0,107.0,110.318914
TROW,2026-08-14 17:45:00+00:00,110.34,110.37,110.34,110.37,2322.0,87.0,110.360357
TROW,2026-08-14 17:50:00+00:00,110.33,110.365,110.24,110.365,9112.0,309.0,110.284805
TROW,2026-08-14 17:55:00+00:00,110.37,110.405,110.3675,110.405,2560.0,140.0,110.377017
TROW,2026-08-14 18:00:00+00:00,110.4,110.43,110.36,110.38,9228.0,285.0,110.402055
TROW,2026-08-14 18:05:00+00:00,110.43,110.52,110.42,110.5,7688.0,251.0,110.478216
TROW,2026-08-14 18:10:00+00:00,110.505,110.51,110.46,110.49,7150.0,251.0,110.477819
TROW,2026-08-14 18:15:00+00:00,110.5,110.545,110.4601,110.545,6052.0,217.0,110.493152
TROW,2026-08-14 18:20:00+00:00,110.51,110.58,110.49,110.58,4483.0,207.0,110.533077
TROW,2026-08-14 18:25:00+00:00,110.585,110.585,110.54,110.54,4592.0,189.0,110.561269
TROW,2026-08-14 18:30:00+00:00,110.545,110.56,110.51,110.51,3024.0,132.0,110.527579
TROW,2026-08-14 18:35:00+00:00,110.475,110.56,110.475,110.56,9015.0,287.0,110.520684
TROW,2026-08-14 18:40:00+00:00,110.57,110.57,110.51,110.51,5302.0,247.0,110.556454
TROW,2026-08-14 18:45:00+00:00,110.51,110.55,110.4315,110.55,7493.0,320.0,110.49225
TROW,2026-08-14 18:50:00+00:00,110.595,110.615,110.5,110.525,9427.0,272.0,110.541196
TROW,2026-08-14 18:55:00+00:00,110.525,110.57,110.49,110.49,8050.0,255.0,110.519533
TROW,2026-08-14 19:00:00+00:00,110.48,110.55,110.42,110.42,4565.0,187.0,110.478957
TROW,2026-08-14 19:05:00+00:00,110.45,110.46,110.42,110.445,7398.0,271.0,110.442589
TROW,2026-08-14 19:10:00+00:00,110.48,110.48,110.42,110.44,4809.0,216.0,110.447201
TROW,2026-08-14 19:15:00+00:00,110.44,110.465,110.4,110.41,10856.0,385.0,110.424337
TROW,2026-08-14 19:20:00+00:00,110.39,110.445,110.38,110.44,6518.0,210.0,110.415064
TROW,2026-08-14 19:25:00+00:00,110.445,110.47,110.43,110.465,8518.0,279.0,110.455649
TROW,2026-08-14 19:30:00+00:00,110.43,110.435,110.33,110.345,16153.0,547.0,110.39989
TROW,2026-08-14 19:35:00+00:00,110.36,110.38,110.23,110.23,23767.0,532.0,110.303449
TROW,2026-08-14 19:40:00+00:00,110.235,110.2962,110.23,110.25,19548.0,452.0,110.263857
TROW,2026-08-14 19:45:00+00:00,110.27,110.33,110.27,110.33,15121.0,428.0,110.301585
TROW,2026-08-14 19:50:00+00:00,110.33,110.39,110.2,110.385,41753.0,869.0,110.265594
TROW,2026-08-14 19:55:00+00:00,110.33,110.59,110.27,110.55,130696.0,2606.0,110.489294
TROW,2026-08-14 20:00:00+00:00,110.56,110.56,110.56,110.56,285608.0,63.0,110.56
TROW,2026-08-14 22:00:00+00:00,111.0,111.0,111.0,111.0,316.0,1.0,111.0
TROW,2026-08-17 08:15:00+00:00,110.0,110.0,110.0,110.0,507.0,16.0,110.0
TROW,2026-08-17 10:40:00+00:00,110.42,110.42,110.42,110.42,212.0,5.0,110.42
TROW,2026-08-17 13:30:00+00:00,110.47,110.505,110.0201,110.09,9644.0,182.0,110.437559
TROW,2026-08-17 13:35:00+00:00,110.27,110.75,110.27,110.75,4522.0,130.0,110.443884
TROW,2026-08-17 13:40:00+00:00,110.631,111.0,110.5675,110.87,12630.0,192.0,110.755969
TROW,2026-08-17 13:45:00+00:00,110.87,110.96,110.5,110.53,5853.0,188.0,110.658391
TROW,2026-08-17 13:50:00+00:00,110.605,110.61,110.05,110.145,8298.0,194.0,110.43405
TROW,2026-08-17 13:55:00+00:00,110.08,110.135,109.94,110.03,13558.0,283.0,110.056177
TROW,2026-08-17 14:00:00+00:00,110.04,110.59,110.03,110.47,14034.0,284.0,110.141678
TROW,2026-08-17 14:05:00+00:00,110.505,110.725,110.42,110.4999,7387.0,226.0,110.523601
TROW,2026-08-17 14:10:00+00:00,110.5,110.5625,110.4,110.5,5753.0,185.0,110.493236
TROW,2026-08-17 14:15:00+00:00,110.45,110.56,110.43,110.5,2681.0,145.0,110.516683
TROW,2026-08-17 14:20:00+00:00,110.575,110.625,110.5315,110.54,4307.0,182.0,110.576965
TROW,2026-08-17 14:25:00+00:00,110.59,110.59,110.3701,110.4389,7614.0,225.0,110.46199
TROW,2026-08-17 14:30:00+00:00,110.37,110.55,110.37,110.445,6468.0,272.0,110.470153
TROW,2026-08-17 14:35:00+00:00,110.38,110.41,110.08,110.1275,4473.0,223.0,110.211707
TROW,2026-08-17 14:40:00+00:00,110.15,110.155,110.05,110.055,5254.0,182.0,110.119474
TROW,2026-08-17 14:45:00+00:00,110.13,110.15,110.07,110.145,5595.0,225.0,110.12899
TROW,2026-08-17 14:50:00+00:00,110.09,110.21,110.09,110.14,4038.0,188.0,110.144097
TROW,2026-08-17 14:55:00+00:00,110.14,110.23,110.08,110.16,14005.0,403.0,110.160973
TROW,2026-08-17 15:00:00+00:00,110.19,110.405,110.19,110.38,8413.0,270.0,110.285927
TROW,2026-08-17 15:05:00+00:00,110.32,110.355,110.13,110.23,17807.0,384.0,110.197544
TROW,2026-08-17 15:10:00+00:00,110.225,110.345,110.215,110.25,7565.0,232.0,110.255186
TROW,2026-08-17 15:15:00+00:00,110.22,110.235,110.16,110.2,2978.0,118.0,110.204013
TROW,2026-08-17 15:20:00+00:00,110.22,110.39,110.21,110.33,5767.0,193.0,110.285
TROW,2026-08-17 15:25:00+00:00,110.305,110.32,110.17,110.22,6159.0,173.0,110.232761
TROW,2026-08-17 15:30:00+00:00,110.19,110.22,110.1,110.145,5340.0,197.0,110.156237
TROW,2026-08-17 15:35:00+00:00,110.19,110.19,110.05,110.17,6987.0,219.0,110.126825
TROW,2026-08-17 15:40:00+00:00,110.2561,110.2561,110.17,110.19,2639.0,119.0,110.198267
TROW,2026-08-17 15:45:00+00:00,110.21,110.28,110.18,110.26,7203.0,256.0,110.231491
TROW,2026-08-17 15:50:00+00:00,110.26,110.26,110.15,110.2,7865.0,273.0,110.217988
TROW,2026-08-17 15:55:00+00:00,110.18,110.18,110.08,110.08,3176.0,194.0,110.150383
TROW,2026-08-17 16:00:00+00:00,110.12,110.19,110.08,110.12,18771.0,284.0,110.132477
TROW,2026-08-17 16:05:00+00:00,110.2,110.28,110.18,110.245,8691.0,341.0,110.228971
TROW,2026-08-17 16:10:00+00:00,110.23,110.29,110.22,110.23,5605.0,206.0,110.265636
TROW,2026-08-17 16:15:00+00:00,110.3,110.37,110.28,110.32,7652.0,260.0,110.314662
TROW,2026-08-17 16:20:00+00:00,110.34,110.37,110.285,110.285,6540.0,262.0,110.331853
TROW,2026-08-17 16:25:00+00:00,110.29,110.36,110.26,110.36,6551.0,247.0,110.309083
TROW,2026-08-17 16:30:00+00:00,110.4,110.45,110.34,110.34,6063.0,239.0,110.39603
TROW,2026-08-17 16:35:00+00:00,110.36,110.48,110.36,110.465,5582.0,195.0,110.41009
TROW,2026-08-17 16:40:00+00:00,110.535,110.535,110.44,110.44,4574.0,193.0,110.490579
TROW,2026-08-17 16:45:00+00:00,110.43,110.47,110.41,110.42,5502.0,170.0,110.439212
TROW,2026-08-17 16:50:00+00:00,110.445,110.445,110.3474,110.3937,5061.0,204.0,110.39706
TROW,2026-08-17 16:55:00+00:00,110.33,110.38,110.31,110.33,4963.0,178.0,110.346269
TROW,2026-08-17 17:00:00+00:00,110.34,110.595,110.34,110.51,37014.0,475.0,110.518911
TROW,2026-08-17 17:05:00+00:00,110.51,110.5984,110.51,110.555,7256.0,211.0,110.542836
TROW,2026-08-17 17:10:00+00:00,110.52,110.67,110.52,110.64,15382.0,239.0,110.608257
TROW,2026-08-17 17:15:00+00:00,110.65,110.7,110.59,110.645,15850.0,353.0,110.651933
TROW,2026-08-17 17:20:00+00:00,110.68,110.785,110.6,110.7,69696.0,344.0,110.654816
TROW,2026-08-17 17:25:00+00:00,110.72,110.84,110.675,110.775,14780.0,334.0,110.745773
TROW,2026-08-17 17:30:00+00:00,110.83,111.07,110.83,111.04,9461.0,273.0,110.971775
TROW,2026-08-17 17:35:00+00:00,110.98,110.98,110.835,110.835,14767.0,320.0,110.92506
TROW,2026-08-17 17:40:00+00:00,110.885,111.03,110.83,111.015,10403.0,269.0,110.942432
TROW,2026-08-17 17:45:00+00:00,110.975,111.03,110.93,111.0,18371.0,375.0,110.993444
TROW,2026-08-17 17:50:00+00:00,111.04,111.255,111.01,111.205,14316.0,320.0,111.103994
TROW,2026-08-17 17:55:00+00:00,111.16,111.2,111.05,111.05,11914.0,323.0,111.158429
TROW,2026-08-17 18:00:00+00:00,111.05,111.11,111.025,111.08,8559.0,267.0,111.066744
TROW,2026-08-17 18:05:00+00:00,111.1,111.215,111.09,111.14,9577.0,358.0,111.157863
TROW,2026-08-17 18:10:00+00:00,111.09,111.13,111.04,111.09,21025.0,393.0,111.069313
TROW,2026-08-17 18:15:00+00:00,111.105,111.15,111.07,111.1,9671.0,296.0,111.106694
TROW,2026-08-17 18:20:00+00:00,111.11,111.11,111.06,111.11,9278.0,306.0,111.086022
TROW,2026-08-17 18:25:00+00:00,111.12,111.12,111.07,111.07,6286.0,276.0,111.089849
TROW,2026-08-17 18:30:00+00:00,111.11,111.15,111.01,111.06,12843.0,424.0,111.084515
TROW,2026-08-17 18:35:00+00:00,111.11,111.13,111.05,111.105,5285.0,210.0,111.0988
TROW,2026-08-17 18:40:00+00:00,111.11,111.135,111.03,111.03,12404.0,350.0,111.078293
TROW,2026-08-17 18:45:00+00:00,111.045,111.14,110.98,111.1,16510.0,438.0,111.037998
TROW,2026-08-17 18:50:00+00:00,111.11,111.11,110.96,110.98,20404.0,478.0,111.046581
TROW,2026-08-17 18:55:00+00:00,110.96,110.96,110.835,110.86,14618.0,422.0,110.881731
TROW,2026-08-17 19:00:00+00:00,110.86,110.872,110.74,110.75,13847.0,323.0,110.804297
TROW,2026-08-17 19:05:00+00:00,110.8,110.81,110.655,110.695,20328.0,397.0,110.702881
TROW,2026-08-17 19:10:00+00:00,110.6805,110.82,110.6805,110.77,14175.0,387.0,110.757979
TROW,2026-08-17 19:15:00+00:00,110.76,110.84,110.66,110.75,33739.0,550.0,110.713592
TROW,2026-08-17 19:20:00+00:00,110.72,110.9,110.72,110.86,35638.0,605.0,110.830202
TROW,2026-08-17 19:25:00+00:00,110.87,110.895,110.775,110.775,18199.0,523.0,110.832731
TROW,2026-08-17 19:30:00+00:00,110.74,110.76,110.625,110.635,19007.0,496.0,110.668423
TROW,2026-08-17 19:35:00+00:00,110.64,110.735,110.64,110.735,16735.0,503.0,110.670767
TROW,2026-08-17 19:40:00+00:00,110.735,110.78,110.65,110.68,33707.0,729.0,110.71303
TROW,2026-08-17 19:45:00+00:00,110.685,110.73,110.605,110.68,28268.0,630.0,110.67584
TROW,2026-08-17 19:50:00+00:00,110.67,110.76,110.52,110.65,52035.0,1150.0,110.611022
TROW,2026-08-17 19:55:00+00:00,110.65,110.75,110.425,110.44,141415.0,3067.0,110.543768
TROW,2026-08-17 20:00:00+00:00,110.46,110.46,110.46,110.46,488731.0,89.0,110.46
TROW,2026-08-17 20:45:00+00:00,110.56,110.56,110.56,110.56,101.0,2.0,110.56
TROW,2026-08-18 08:20:00+00:00,110.0,110.0,110.0,110.0,248.0,13.0,110.0
TROW,2026-08-18 08:25:00+00:00,109.8,109.8,109.8,109.8,204.0,4.0,109.8
TROW,2026-08-18 11:00:00+00:00,110.5,110.5,110.5,110.5,200.0,2.0,110.5
TROW,2026-08-18 13:30:00+00:00,110.53,110.53,109.3967,109.855,15088.0,282.0,110.164917
TROW,2026-08-18 13:35:00+00:00,109.855,110.08,109.855,109.89,9005.0,184.0,109.959104
TROW,2026-08-18 13:40:00+00:00,110.04,110.06,109.65,109.68,8347.0,246.0,109.823362
TROW,2026-08-18 13:45:00+00:00,109.62,110.14,109.62,110.04,13684.0,212.0,109.964939
TROW,2026-08-18 13:50:00+00:00,110.17,110.615,110.09,110.615,8064.0,199.0,110.28109
TROW,2026-08-18 13:55:00+00:00,110.63,110.82,110.55,110.61,5667.0,220.0,110.653835
TROW,2026-08-18 14:00:00+00:00,110.69,110.77,110.39,110.54,8603.0,272.0,110.555106
TROW,2026-08-18 14:05:00+00:00,110.545,110.66,110.43,110.66,4768.0,186.0,110.58382
TROW,2026-08-18 14:10:00+00:00,110.715,110.79,110.59,110.715,7166.0,254.0,110.698665
TROW,2026-08-18 14:15:00+00:00,110.8097,111.0,110.7,110.77,18579.0,423.0,110.877002
TROW,2026-08-18 14:20:00+00:00,110.7,110.83,110.67,110.83,5985.0,236.0,110.713338
TROW,2026-08-18 14:25:00+00:00,110.81,110.81,110.62,110.705,5187.0,242.0,110.675033
TROW,2026-08-18 14:30:00+00:00,110.74,110.88,110.74,110.795,4724.0,203.0,110.797864
TROW,2026-08-18 14:35:00+00:00,110.79,110.87,110.71,110.79,4609.0,195.0,110.784324
TROW,2026-08-18 14:40:00+00:00,110.795,110.8,110.63,110.63,6380.0,309.0,110.712894
TROW,2026-08-18 14:45:00+00:00,110.685,110.99,110.685,110.96,11975.0,306.0,110.847453
TROW,2026-08-18 14:50:00+00:00,110.96,111.115,110.89,110.89,7631.0,246.0,111.060431
TROW,2026-08-18 14:55:00+00:00,110.87,110.94,110.83,110.865,3275.0,104.0,110.900454
TROW,2026-08-18 15:00:00+00:00,110.82,110.89,110.68,110.89,12577.0,292.0,110.745472
TROW,2026-08-18 15:05:00+00:00,110.88,110.88,110.65,110.65,4738.0,185.0,110.776716
TROW,2026-08-18 15:10:00+00:00,110.64,110.7,110.575,110.67,5567.0,175.0,110.629518
TROW,2026-08-18 15:15:00+00:00,110.72,110.72,110.41,110.41,5756.0,208.0,110.564335
TROW,2026-08-18 15:20:00+00:00,110.39,110.435,110.355,110.38,4835.0,182.0,110.391214
TROW,2026-08-18 15:25:00+00:00,110.395,110.47,110.33,110.435,3995.0,173.0,110.410804
TROW,2026-08-18 15:30:00+00:00,110.47,110.48,110.38,110.46,8262.0,292.0,110.42774
TROW,2026-08-18 15:35:00+00:00,110.415,110.45,110.38,110.45,3842.0,145.0,110.420856
TROW,2026-08-18 15:40:00+00:00,110.445,110.575,110.445,110.491,5687.0,227.0,110.520509
TROW,2026-08-18 15:45:00+00:00,110.535,110.625,110.47,110.47,4783.0,212.0,110.572115
TROW,2026-08-18 15:50:00+00:00,110.51,110.6501,110.51,110.55,3860.0,197.0,110.577114
TROW,2026-08-18 15:55:00+00:00,110.54,110.54,110.335,110.375,5213.0,256.0,110.41135
TROW,2026-08-18 16:00:00+00:00,110.41,110.54,110.37,110.53,35794.0,493.0,110.402617
TROW,2026-08-18 16:05:00+00:00,110.54,110.54,110.51,110.51,1716.0,81.0,110.528103
TROW,2026-08-18 16:10:00+00:00,110.495,110.575,110.495,110.52,5246.0,185.0,110.535884
TROW,2026-08-18 16:15:00+00:00,110.52,110.57,110.515,110.535,3580.0,134.0,110.545023
TROW,2026-08-18 16:20:00+00:00,110.53,110.64,110.51,110.62,4614.0,168.0,110.588018
TROW,2026-08-18 16:25:00+00:00,110.625,110.7,110.625,110.6995,4257.0,133.0,110.66303
TROW,2026-08-18 16:30:00+00:00,110.63,110.7,110.62,110.665,6259.0,166.0,110.649872
TROW,2026-08-18 16:35:00+00:00,110.63,110.79,110.63,110.78,4791.0,148.0,110.735734
TROW,2026-08-18 16:40:00+00:00,110.795,110.91,110.76,110.91,2212.0,118.0,110.839085
TROW,2026-08-18 16:45:00+00:00,110.94,111.03,110.91,110.98,6202.0,225.0,110.977347
TROW,2026-08-18 16:50:00+00:00,110.98,111.02,110.9,110.9,4089.0,206.0,110.962978
TROW,2026-08-18 16:55:00+00:00,110.9,110.93,110.865,110.88,4237.0,159.0,110.905622
TROW,2026-08-18 17:00:00+00:00,110.83,110.92,110.81,110.9,6496.0,189.0,110.852764
TROW,2026-08-18 17:05:00+00:00,110.9,110.93,110.845,110.89,5818.0,184.0,110.901586
TROW,2026-08-18 17:10:00+00:00,110.94,110.97,110.87,110.895,3136.0,170.0,110.909494
TROW,2026-08-18 17:15:00+00:00,110.91,110.91,110.83,110.885,4806.0,150.0,110.869365
TROW,2026-08-18 17:20:00+00:00,110.91,110.91,110.75,110.865,6759.0,260.0,110.808779
TROW,2026-08-18 17:25:00+00:00,110.85,110.8699,110.81,110.8699,1699.0,92.0,110.841894
TROW,2026-08-18 17:30:00+00:00,110.82,110.87,110.78,110.87,4401.0,155.0,110.822762
TROW,2026-08-18 17:35:00+00:00,110.85,110.8919,110.815,110.8919,6957.0,228.0,110.835443
TROW,2026-08-18 17:40:00+00:00,110.855,110.92,110.84,110.8714,3551.0,145.0,110.866912
TROW,2026-08-18 17:45:00+00:00,110.91,110.94,110.91,110.94,5843.0,201.0,110.928265
TROW,2026-08-18 17:50:00+00:00,110.98,111.02,110.92,110.95,6074.0,253.0,110.965507
TROW,2026-08-18 17:55:00+00:00,110.91,110.96,110.75,110.75,8030.0,315.0,110.849662
TROW,2026-08-18 18:00:00+00:00,110.74,110.86,110.73,110.86,5119.0,167.0,110.795721
TROW,2026-08-18 18:05:00+00:00,110.84,110.92,110.8,110.92,3547.0,138.0,110.844302
TROW,2026-08-18 18:10:00+00:00,110.905,111.12,110.905,111.12,6750.0,219.0,111.027535
TROW,2026-08-18 18:15:00+00:00,111.09,111.16,111.075,111.14,2946.0,170.0,111.116818
TROW,2026-08-18 18:20:00+00:00,111.08,111.14,111.05,111.11,10107.0,326.0,111.101467
TROW,2026-08-18 18:25:00+00:00,111.095,111.16,111.09,111.09,5794.0,240.0,111.112524
TROW,2026-08-18 18:30:00+00:00,111.075,111.16,111.015,111.03,4345.0,185.0,111.064445
TROW,2026-08-18 18:35:00+00:00,111.04,111.125,111.04,111.05,3274.0,191.0,111.079107
TROW,2026-08-18 18:40:00+00:00,111.04,111.16,111.01,111.105,4938.0,208.0,111.049524
TROW,2026-08-18 18:45:00+00:00,111.135,111.205,111.095,111.14,10743.0,337.0,111.161553
TROW,2026-08-18 18:50:00+00:00,111.15,111.25,111.15,111.23,6696.0,238.0,111.192341
TROW,2026-08-18 18:55:00+00:00,111.27,111.27,111.05,111.08,8674.0,345.0,111.123117
TROW,2026-08-18 19:00:00+00:00,111.05,111.26,111.04,111.135,11095.0,328.0,111.123655
TROW,2026-08-18 19:05:00+00:00,111.12,111.12,111.03,111.045,6514.0,288.0,111.05927
TROW,2026-08-18 19:10:00+00:00,111.045,111.095,111.015,111.03,6503.0,264.0,111.050132
TROW,2026-08-18 19:15:00+00:00,111.035,111.17,111.035,111.12,7542.0,314.0,111.095888
TROW,2026-08-18 19:20:00+00:00,111.09,111.21,111.09,111.145,9917.0,403.0,111.126674
TROW,2026-08-18 19:25:00+00:00,111.175,111.2,111.11,111.115,10576.0,452.0,111.154023
TROW,2026-08-18 19:30:00+00:00,111.12,111.205,111.065,111.1,12566.0,458.0,111.127107
TROW,2026-08-18 19:35:00+00:00,111.1,111.1292,110.97,110.97,17361.0,512.0,111.014487
TROW,2026-08-18 19:40:00+00:00,110.98,110.98,110.81,110.83,18132.0,534.0,110.873323
TROW,2026-08-18 19:45:00+00:00,110.85,110.85,110.63,110.74,20984.0,608.0,110.740917
TROW,2026-08-18 19:50:00+00:00,110.73,110.865,110.6,110.6,33068.0,973.0,110.752816
TROW,2026-08-18 19:55:00+00:00,110.59,110.59,110.25,110.33,144113.0,3305.0,110.341262
TROW,2026-08-18 20:00:00+00:00,110.32,110.32,110.32,110.32,380889.0,71.0,110.32
TROW,2026-08-19 13:25:00+00:00,111.01,111.01,111.01,111.01,125.0,1.0,111.01
TROW,2026-08-19 13:30:00+00:00,111.15,112.11,110.825,112.06,15446.0,170.0,111.254777
TROW,2026-08-19 13:35:00+00:00,111.99,112.34,111.76,111.82,10403.0,222.0,112.053596
TROW,2026-08-19 13:40:00+00:00,111.76,112.27,111.71,112.27,7465.0,195.0,111.931677
TROW,2026-08-19 13:45:00+00:00,112.17,112.17,111.9482,112.16,8908.0,278.0,112.103433
TROW,2026-08-19 13:50:00+00:00,112.12,112.5,112.1,112.3299,10789.0,353.0,112.308825
TROW,2026-08-19 13:55:00+00:00,112.215,112.31,112.145,112.31,7843.0,220.0,112.21214
TROW,2026-08-19 14:00:00+00:00,112.31,112.629,112.27,112.365,8454.0,271.0,112.400748
TROW,2026-08-19 14:05:00+00:00,112.33,112.69,112.274,112.69,5909.0,250.0,112.528987
TROW,2026-08-19 14:10:00+00:00,112.585,112.76,112.57,112.695,8999.0,262.0,112.669918
TROW,2026-08-19 14:15:00+00:00,112.695,113.175,112.64,113.175,13434.0,310.0,112.831177
TROW,2026-08-19 14:20:00+00:00,113.195,113.195,112.88,112.9,9451.0,335.0,113.056877
TROW,2026-08-19 14:25:00+00:00,112.95,113.2,112.94,113.03,14826.0,367.0,113.092993
TROW,2026-08-19 14:30:00+00:00,112.91,113.35,112.89,113.285,9157.0,330.0,113.163578
TROW,2026-08-19 14:35:00+00:00,113.3,113.33,113.13,113.13,7871.0,213.0,113.225939
TROW,2026-08-19 14:40:00+00:00,113.13,113.27,113.01,113.1867,8943.0,293.0,113.163541
TROW,2026-08-19 14:45:00+00:00,113.075,113.075,112.78,112.78,5428.0,234.0,112.924471
TROW,2026-08-19 14:50:00+00:00,112.78,112.85,112.55,112.55,14481.0,411.0,112.735941
TROW,2026-08-19 14:55:00+00:00,112.45,112.7536,112.45,112.73,30646.0,244.0,112.714769
TROW,2026-08-19 15:00:00+00:00,112.79,113.095,112.79,113.07,10124.0,267.0,113.004624
TROW,2026-08-19 15:05:00+00:00,113.12,113.25,112.92,112.985,23815.0,596.0,113.125606
TROW,2026-08-19 15:10:00+00:00,112.98,113.21,112.88,113.13,11166.0,445.0,113.032279
TROW,2026-08-19 15:15:00+00:00,113.12,113.12,112.9,112.9,7185.0,298.0,113.026174
TROW,2026-08-19 15:20:00+00:00,112.915,113.16,112.8401,112.99,22614.0,465.0,112.944628
TROW,2026-08-19 15:25:00+00:00,112.995,113.08,112.81,112.81,6597.0,249.0,112.957663
TROW,2026-08-19 15:30:00+00:00,112.81,112.885,112.7975,112.7975,7725.0,269.0,112.85558
TROW,2026-08-19 15:35:00+00:00,112.865,112.88,112.66,112.68,8084.0,274.0,112.804821
TROW,2026-08-19 15:40:00+00:00,112.59,112.63,112.55,112.615,7661.0,280.0,112.599145
TROW,2026-08-19 15:45:00+00:00,112.67,112.67,112.45,112.45,7354.0,309.0,112.552897
TROW,2026-08-19 15:50:00+00:00,112.47,112.5,112.18,112.18,7528.0,325.0,112.392449
TROW,2026-08-19 15:55:00+00:00,112.13,112.25,112.11,112.24,4312.0,200.0,112.199441
TROW,2026-08-19 16:00:00+00:00,112.235,112.275,112.17,112.24,5682.0,170.0,112.211275
TROW,2026-08-19 16:05:00+00:00,112.37,112.37,112.28,112.32,3959.0,155.0,112.32611
TROW,2026-08-19 16:10:00+00:00,112.295,112.45,112.295,112.42,4277.0,160.0,112.391698
TROW,2026-08-19 16:15:00+00:00,112.4599,112.55,112.4599,112.47,6270.0,233.0,112.495727
TROW,2026-08-19 16:20:00+00:00,112.5,112.5,112.41,112.455,6491.0,228.0,112.470515
TROW,2026-08-19 16:25:00+00:00,112.445,112.51,112.32,112.32,6752.0,263.0,112.438004
TROW,2026-08-19 16:30:00+00:00,112.29,112.34,112.23,112.25,5434.0,257.0,112.29594
TROW,2026-08-19 16:35:00+00:00,112.255,112.3,112.22,112.28,3559.0,149.0,112.249256
TROW,2026-08-19 16:40:00+00:00,112.235,112.24,112.15,112.165,5107.0,199.0,112.185184
TROW,2026-08-19 16:45:00+00:00,112.17,112.26,112.165,112.26,7775.0,310.0,112.203898
TROW,2026-08-19 16:50:00+00:00,112.21,112.3,112.21,112.23,8761.0,249.0,112.258643
TROW,2026-08-19 16:55:00+00:00,112.19,112.22,112.1,112.15,5728.0,240.0,112.170553
TROW,2026-08-19 17:00:00+00:00,112.19,112.32,112.19,112.29,6233.0,253.0,112.251091
TROW,2026-08-19 17:05:00+00:00,112.32,112.36,112.2025,112.25,6670.0,220.0,112.313085
TROW,2026-08-19 17:10:00+00:00,112.29,112.36,112.27,112.35,6711.0,140.0,112.325082
TROW,2026-08-19 17:15:00+00:00,112.31,112.31,112.17,112.17,3992.0,161.0,112.264168
TROW,2026-08-19 17:20:00+00:00,112.21,112.33,112.18,112.29,11539.0,246.0,112.255832
TROW,2026-08-19 17:25:00+00:00,112.3699,112.3699,112.29,112.36,5314.0,127.0,112.343595
TROW,2026-08-19 17:30:00+00:00,112.3,112.355,112.255,112.29,5621.0,169.0,112.304762
TROW,2026-08-19 17:35:00+00:00,112.34,112.34,112.29,112.3,3791.0,135.0,112.314462
TROW,2026-08-19 17:40:00+00:00,112.29,112.35,112.29,112.345,6305.0,179.0,112.322267
TROW,2026-08-19 17:45:00+00:00,112.32,112.4225,112.23,112.23,15866.0,413.0,112.331778
TROW,2026-08-19 17:50:00+00:00,112.2522,112.32,112.2522,112.265,8413.0,318.0,112.273494
TROW,2026-08-19 17:55:00+00:00,112.28,112.355,112.27,112.32,8322.0,323.0,112.324696
TROW,2026-08-19 18:00:00+00:00,112.325,112.39,112.275,112.32,20303.0,420.0,112.322542
TROW,2026-08-19 18:05:00+00:00,112.315,112.315,112.1084,112.25,11887.0,202.0,112.220922
TROW,2026-08-19 18:10:00+00:00,112.24,112.25,112.23,112.23,3102.0,120.0,112.240924
TROW,2026-08-19 18:15:00+00:00,112.23,112.39,112.23,112.35,6587.0,238.0,112.299371
TROW,2026-08-19 18:20:00+00:00,112.32,112.36,112.315,112.325,3579.0,144.0,112.330001
TROW,2026-08-19 18:25:00+00:00,112.325,112.345,112.275,112.345,11360.0,312.0,112.307078
TROW,2026-08-19 18:30:00+00:00,112.34,112.37,112.31,112.33,4881.0,187.0,112.340904
TROW,2026-08-19 18:35:00+00:00,112.305,112.305,112.26,112.29,5707.0,152.0,112.280029
TROW,2026-08-19 18:40:00+00:00,112.28,112.28,112.17,112.185,4863.0,183.0,112.234594
TROW,2026-08-19 18:45:00+00:00,112.155,112.22,112.11,112.22,7559.0,249.0,112.158361
TROW,2026-08-19 18:50:00+00:00,112.3,112.35,112.095,112.095,10633.0,297.0,112.240303
TROW,2026-08-19 18:55:00+00:00,112.09,112.15,112.0701,112.105,7656.0,263.0,112.100689
TROW,2026-08-19 19:00:00+00:00,112.07,112.16,112.015,112.05,7417.0,258.0,112.078373
TROW,2026-08-19 19:05:00+00:00,112.03,112.11,112.03,112.09,5466.0,205.0,112.067606
TROW,2026-08-19 19:10:00+00:00,112.11,112.12,112.01,112.03,8953.0,285.0,112.055505
TROW,2026-08-19 19:15:00+00:00,111.98,112.01,111.9,111.935,8464.0,289.0,111.949774
TROW,2026-08-19 19:20:00+00:00,111.935,112.03,111.91,111.96,10230.0,386.0,111.975368
TROW,2026-08-19 19:25:00+00:00,111.96,111.96,111.81,111.87,13014.0,381.0,111.868198
TROW,2026-08-19 19:30:00+00:00,111.93,112.2,111.93,112.11,11385.0,397.0,112.105628
TROW,2026-08-19 19:35:00+00:00,112.09,112.09,111.85,111.85,14788.0,468.0,111.987492
TROW,2026-08-19 19:40:00+00:00,111.8725,112.05,111.84,112.05,23431.0,462.0,111.969708
TROW,2026-08-19 19:45:00+00:00,112.08,112.1799,112.03,112.1799,23549.0,446.0,112.104481
TROW,2026-08-19 19:50:00+00:00,112.18,112.32,111.92,111.985,55840.0,1194.0,112.161318
TROW,2026-08-19 19:55:00+00:00,111.985,112.33,111.985,112.28,115576.0,2904.0,112.209728
TROW,2026-08-19 20:00:00+00:00,112.23,112.23,112.23,112.23,322597.0,81.0,112.23
TROW,2026-08-20 13:30:00+00:00,112.13,112.74,112.13,112.62,12434.0,161.0,112.243946
TROW,2026-08-20 13:35:00+00:00,112.63,112.63,112.14,112.36,3199.0,113.0,112.262512
TROW,2026-08-20 13:40:00+00:00,112.1674,112.39,112.14,112.39,8004.0,236.0,112.212185
TROW,2026-08-20 13:45:00+00:00,112.34,112.85,112.34,112.85,8531.0,271.0,112.600844
TROW,2026-08-20 13:50:00+00:00,112.885,112.885,112.4901,112.64,4365.0,196.0,112.675274
TROW,2026-08-20 13:55:00+00:00,112.65,112.81,112.49,112.57,19897.0,305.0,112.682723
TROW,2026-08-20 14:00:00+00:00,112.5,112.6,112.3,112.445,5817.0,233.0,112.451241
TROW,2026-08-20 14:05:00+00:00,112.59,112.64,112.21,112.31,7466.0,279.0,112.488234
TROW,2026-08-20 14:10:00+00:00,112.275,112.29,112.14,112.24,4028.0,138.0,112.223497
TROW,2026-08-20 14:15:00+00:00,112.24,112.35,112.1135,112.315,12418.0,428.0,112.26698
TROW,2026-08-20 14:20:00+00:00,112.4,112.6477,112.34,112.61,16539.0,348.0,112.550611
TROW,2026-08-20 14:25:00+00:00,112.66,112.705,112.54,112.565,3027.0,145.0,112.619601
TROW,2026-08-20 14:30:00+00:00,112.57,112.74,112.57,112.675,7523.0,235.0,112.647552
TROW,2026-08-20 14:35:00+00:00,112.61,112.7777,112.5275,112.5275,4239.0,169.0,112.673576
TROW,2026-08-20 14:40:00+00:00,112.64,112.745,112.64,112.745,3361.0,172.0,112.689568
TROW,2026-08-20 14:45:00+00:00,112.74,112.82,112.62,112.69,5835.0,255.0,112.740417
TROW,2026-08-20 14:50:00+00:00,112.7,113.12,112.7,113.01,8831.0,322.0,112.984593
TROW,2026-08-20 14:55:00+00:00,113.0,113.0,112.87,112.935,4534.0,238.0,112.943305
TROW,2026-08-20 15:00:00+00:00,112.89,113.33,112.89,113.295,6063.0,283.0,113.11345
TROW,2026-08-20 15:05:00+00:00,113.29,113.29,113.01,113.01,9239.0,277.0,113.163021
TROW,2026-08-20 15:10:00+00:00,112.94,113.11,112.93,113.06,5233.0,259.0,113.014327
TROW,2026-08-20 15:15:00+00:00,113.15,113.27,113.08,113.205,7223.0,239.0,113.162647
TROW,2026-08-20 15:20:00+00:00,113.205,113.205,113.105,113.105,4967.0,192.0,113.159406
TROW,2026-08-20 15:25:00+00:00,113.105,113.21,113.05,113.16,20649.0,355.0,113.143772
TROW,2026-08-20 15:30:00+00:00,113.24,113.47,113.24,113.365,29184.0,475.0,113.363646
TROW,2026-08-20 15:35:00+00:00,113.35,113.365,113.2,113.255,6582.0,279.0,113.314265
TROW,2026-08-20 15:40:00+00:00,113.25,113.255,113.09,113.1,5125.0,181.0,113.195117
TROW,2026-08-20 15:45:00+00:00,113.075,113.11,112.99,113.04,4629.0,227.0,113.04557
TROW,2026-08-20 15:50:00+00:00,112.995,113.12,112.995,113.095,5458.0,233.0,113.069741
TROW,2026-08-20 15:55:00+00:00,113.095,113.14,113.039,113.095,4154.0,147.0,113.075418
TROW,2026-08-20 16:00:00+00:00,113.08,113.18,113.03,113.125,6161.0,214.0,113.078109
TROW,2026-08-20 16:05:00+00:00,113.125,113.23,113.125,113.135,7516.0,286.0,113.172901
TROW,2026-08-20 16:10:00+00:00,113.135,113.145,113.04,113.045,4895.0,187.0,113.092856
TROW,2026-08-20 16:15:00+00:00,113.05,113.05,112.99,113.015,3967.0,195.0,113.021591
TROW,2026-08-20 16:20:00+00:00,113.005,113.005,112.85,112.88,4072.0,196.0,112.923634
TROW,2026-08-20 16:25:00+00:00,112.85,112.87,112.8116,112.855,7151.0,181.0,112.835328
TROW,2026-08-20 16:30:00+00:00,112.84,112.97,112.84,112.97,3178.0,172.0,112.897619
TROW,2026-08-20 16:35:00+00:00,112.945,112.97,112.89,112.97,4242.0,178.0,112.944382
TROW,2026-08-20 16:40:00+00:00,112.98,113.035,112.9301,113.0,6960.0,228.0,113.000419
TROW,2026-08-20 16:45:00+00:00,112.95,112.9596,112.87,112.87,5204.0,213.0,112.908816
TROW,2026-08-20 16:50:00+00:00,112.83,112.9,112.82,112.86,9953.0,270.0,112.849802
TROW,2026-08-20 16:55:00+00:00,112.84,112.883,112.79,112.883,10420.0,272.0,112.846277
TROW,2026-08-20 17:00:00+00:00,112.9,112.93,112.8,112.81,6760.0,214.0,112.878539
TROW,2026-08-20 17:05:00+00:00,112.78,112.88,112.78,112.8674,6563.0,224.0,112.837623
TROW,2026-08-20 17:10:00+00:00,112.77,112.82,112.5512,112.63,16772.0,328.0,112.63976
TROW,2026-08-20 17:15:00+00:00,112.68,112.7,112.565,112.565,3208.0,121.0,112.635194
TROW,2026-08-20 17:20:00+00:00,112.56,112.5699,112.515,112.5699,4337.0,205.0,112.545672
TROW,2026-08-20 17:25:00+00:00,112.525,112.6352,112.5,112.6,4394.0,191.0,112.555434
TROW,2026-08-20 17:30:00+00:00,112.6,112.61,112.52,112.54,5833.0,222.0,112.555507
TROW,2026-08-20 17:35:00+00:00,112.51,112.545,112.5,112.515,5689.0,212.0,112.519541
TROW,2026-08-20 17:40:00+00:00,112.515,112.53,112.46,112.515,5652.0,180.0,112.506656
TROW,2026-08-20 17:45:00+00:00,112.515,112.55,112.4701,112.51,8289.0,177.0,112.495601
TROW,2026-08-20 17:50:00+00:00,112.505,112.555,112.485,112.51,6638.0,269.0,112.505424
TROW,2026-08-20 17:55:00+00:00,112.55,112.5889,112.521,112.55,6856.0,234.0,112.553272
TROW,2026-08-20 18:00:00+00:00,112.51,112.6,112.34,112.6,7865.0,370.0,112.487473
TROW,2026-08-20 18:05:00+00:00,112.6,112.6,112.47,112.545,6832.0,275.0,112.54729
TROW,2026-08-20 18:10:00+00:00,112.545,112.6099,112.49,112.585,3643.0,127.0,112.571345
TROW,2026-08-20 18:15:00+00:00,112.56,112.63,112.52,112.62,6403.0,233.0,112.570221
TROW,2026-08-20 18:20:00+00:00,112.63,112.705,112.63,112.705,7196.0,249.0,112.640059
TROW,2026-08-20 18:25:00+00:00,112.7,112.76,112.655,112.755,12381.0,412.0,112.696794
TROW,2026-08-20 18:30:00+00:00,112.7525,112.7525,112.64,112.665,10180.0,334.0,112.680703
TROW,2026-08-20 18:35:00+00:00,112.665,112.76,112.665,112.74,8315.0,339.0,112.722065
TROW,2026-08-20 18:40:00+00:00,112.7072,112.76,112.7,112.73,5868.0,286.0,112.721568
TROW,2026-08-20 18:45:00+00:00,112.725,112.77,112.72,112.72,7083.0,260.0,112.736806
TROW,2026-08-20 18:50:00+00:00,112.7225,112.7225,112.62,112.66,7944.0,327.0,112.670693
TROW,2026-08-20 18:55:00+00:00,112.675,112.69,112.6129,112.665,3694.0,172.0,112.65415
TROW,2026-08-20 19:00:00+00:00,112.65,112.665,112.53,112.59,7182.0,348.0,112.593604
TROW,2026-08-20 19:05:00+00:00,112.61,112.62,112.505,112.55,12703.0,385.0,112.571807
TROW,2026-08-20 19:10:00+00:00,112.535,112.585,112.53,112.585,5317.0,186.0,112.551814
TROW,2026-08-20 19:15:00+00:00,112.58,112.61,112.4525,112.4525,11941.0,404.0,112.5487
TROW,2026-08-20 19:20:00+00:00,112.43,112.5,112.4,112.5,8532.0,357.0,112.449889
TROW,2026-08-20 19:25:00+00:00,112.49,112.49,112.15,112.15,16611.0,516.0,112.330334
TROW,2026-08-20 19:30:00+00:00,112.16,112.285,112.16,112.18,13963.0,465.0,112.219719
TROW,2026-08-20 19:35:00+00:00,112.21,112.25,112.13,112.205,21150.0,671.0,112.17609
TROW,2026-08-20 19:40:00+00:00,112.22,112.22,112.1,112.11,17635.0,610.0,112.154339
TROW,2026-08-20 19:45:00+00:00,112.115,112.23,112.02,112.215,18098.0,660.0,112.110968
TROW,2026-08-20 19:50:00+00:00,112.25,112.35,112.14,112.25,37976.0,1087.0,112.252365
TROW,2026-08-20 19:55:00+00:00,112.29,112.41,112.08,112.18,106467.0,2857.0,112.194358
TROW,2026-08-20 20:00:00+00:00,112.19,112.19,112.19,112.19,342789.0,59.0,112.19
TROW,2026-08-21 13:30:00+00:00,113.58,113.58,113.1,113.2975,70878.0,139.0,113.457715
TROW,2026-08-21 13:35:00+00:00,113.28,113.28,112.96,113.09,2512.0,82.0,113.133801
TROW,2026-08-21 13:40:00+00:00,113.2868,113.58,113.26,113.58,6200.0,181.0,113.376581
TROW,2026-08-21 13:45:00+00:00,113.73,113.87,113.5,113.77,12833.0,279.0,113.707974
TROW,2026-08-21 13:50:00+00:00,113.86,113.96,113.77,113.9,4198.0,125.0,113.866136
TROW,2026-08-21 13:55:00+00:00,113.85,113.96,113.65,113.65,15976.0,363.0,113.776622
TROW,2026-08-21 14:00:00+00:00,113.675,114.09,113.66,114.075,6402.0,211.0,113.898538
TROW,2026-08-21 14:05:00+00:00,113.94,113.945,113.62,113.7,12443.0,321.0,113.829895
TROW,2026-08-21 14:10:00+00:00,113.67,113.69,113.395,113.395,10458.0,297.0,113.554764
TROW,2026-08-21 14:15:00+00:00,113.4,113.45,113.1,113.215,7073.0,226.0,113.311269
TROW,2026-08-21 14:20:00+00:00,113.15,113.32,113.05,113.13,8262.0,253.0,113.136975
TROW,2026-08-21 14:25:00+00:00,113.205,113.29,112.86,112.87,11666.0,305.0,113.150622
TROW,2026-08-21 14:30:00+00:00,112.94,113.07,112.555,112.61,8772.0,261.0,112.802955
TROW,2026-08-21 14:35:00+00:00,112.46,112.515,112.3,112.4,6416.0,222.0,112.406716
TROW,2026-08-21 14:40:00+00:00,112.4,112.4025,112.31,112.395,3810.0,147.0,112.37964
TROW,2026-08-21 14:45:00+00:00,112.29,112.4,112.29,112.395,4871.0,207.0,112.351154
TROW,2026-08-21 14:50:00+00:00,112.4,112.63,112.4,112.62,11170.0,417.0,112.509293
TROW,2026-08-21 14:55:00+00:00,112.63,113.105,112.63,113.105,6266.0,318.0,112.837757
TROW,2026-08-21 15:00:00+00:00,113.095,113.095,112.82,112.925,9503.0,337.0,112.942401
TROW,2026-08-21 15:05:00+00:00,112.83,113.0,112.81,112.84,9425.0,377.0,112.861739
TROW,2026-08-21 15:10:00+00:00,112.885,112.885,112.71,112.72,6698.0,255.0,112.792211
TROW,2026-08-21 15:15:00+00:00,112.73,112.785,112.56,112.585,8933.0,305.0,112.716609
TROW,2026-08-21 15:20:00+00:00,112.5305,112.555,112.44,112.555,7586.0,242.0,112.501411
TROW,2026-08-21 15:25:00+00:00,112.55,112.695,112.455,112.455,13795.0,346.0,112.606205
TROW,2026-08-21 15:30:00+00:00,112.48,112.515,112.24,112.24,6769.0,267.0,112.380248
TROW,2026-08-21 15:35:00+00:00,112.32,112.38,112.26,112.36,7591.0,347.0,112.325714
TROW,2026-08-21 15:40:00+00:00,112.36,112.5,112.36,112.43,13795.0,305.0,112.434809
TROW,2026-08-21 15:45:00+00:00,112.44,112.44,112.16,112.205,9037.0,317.0,112.3111
TROW,2026-08-21 15:50:00+00:00,112.147,112.205,111.9,111.91,8195.0,260.0,112.064088
TROW,2026-08-21 15:55:00+00:00,111.91,112.2,111.88,112.16,16827.0,370.0,111.908247
TROW,2026-08-21 16:00:00+00:00,112.165,112.22,112.13,112.14,12715.0,272.0,112.178946
TROW,2026-08-21 16:05:00+00:00,112.21,112.25,112.13,112.25,5029.0,229.0,112.187083
TROW,2026-08-21 16:10:00+00:00,112.26,112.32,112.19,112.195,8145.0,283.0,112.271263
TROW,2026-08-21 16:15:00+00:00,112.215,112.3425,112.18,112.31,9674.0,283.0,112.257342
TROW,2026-08-21 16:20:00+00:00,112.23,112.37,112.21,112.27,6611.0,273.0,112.267965
TROW,2026-08-21 16:25:00+00:00,112.315,112.51,112.315,112.5,6618.0,284.0,112.419657
TROW,2026-08-21 16:30:00+00:00,112.44,112.51,112.33,112.33,9318.0,335.0,112.436609
TROW,2026-08-21 16:35:00+00:00,112.355,112.53,112.35,112.5025,11025.0,188.0,112.400012
TROW,2026-08-21 16:40:00+00:00,112.45,112.55,112.43,112.55,6917.0,247.0,112.467595
TROW,2026-08-21 16:45:00+00:00,112.47,112.515,112.33,112.35,12178.0,281.0,112.393777
TROW,2026-08-21 16:50:00+00:00,112.35,112.35,112.23,112.305,2291.0,113.0,112.28773
TROW,2026-08-21 16:55:00+00:00,112.31,112.47,112.31,112.4,7163.0,244.0,112.392588
TROW,2026-08-21 17:00:00+00:00,112.4,112.435,112.19,112.2,10840.0,329.0,112.35102
TROW,2026-08-21 17:05:00+00:00,112.16,112.3,112.15,112.265,10086.0,195.0,112.226615
TROW,2026-08-21 17:10:00+00:00,112.27,112.27,112.1,112.12,5031.0,189.0,112.147792
TROW,2026-08-21 17:15:00+00:00,112.14,112.16,112.115,112.16,4474.0,162.0,112.133871
TROW,2026-08-21 17:20:00+00:00,112.135,112.1899,111.9,111.94,16070.0,322.0,111.977068
TROW,2026-08-21 17:25:00+00:00,111.9,111.9,111.79,111.81,7618.0,294.0,111.844858
TROW,2026-08-21 17:30:00+00:00,111.79,111.86,111.786,111.82,6057.0,165.0,111.829622
TROW,2026-08-21 17:35:00+00:00,111.825,111.92,111.78,111.78,8433.0,269.0,111.860602
TROW,2026-08-21 17:40:00+00:00,111.78,111.8699,111.78,111.845,8292.0,199.0,111.82354
TROW,2026-08-21 17:45:00+00:00,111.835,111.91,111.82,111.885,7112.0,168.0,111.858152
TROW,2026-08-21 17:50:00+00:00,111.86,111.86,111.68,111.735,11726.0,307.0,111.761602
TROW,2026-08-21 17:55:00+00:00,111.72,111.9325,111.72,111.91,5339.0,243.0,111.847175
TROW,2026-08-21 18:00:00+00:00,111.87,111.91,111.81,111.91,6804.0,212.0,111.862617
TROW,2026-08-21 18:05:00+00:00,111.91,111.95,111.87,111.925,7872.0,208.0,111.916834
TROW,2026-08-21 18:10:00+00:00,111.88,112.04,111.88,112.03,5473.0,193.0,111.923289
TROW,2026-08-21 18:15:00+00:00,112.015,112.08,111.97,111.995,11205.0,248.0,112.005643
TROW,2026-08-21 18:20:00+00:00,112.02,112.02,111.96,111.96,5336.0,202.0,111.996694
TROW,2026-08-21 18:25:00+00:00,111.995,112.07,111.99,111.99,9912.0,303.0,112.023329
TROW,2026-08-21 18:30:00+00:00,111.96,111.9899,111.87,111.92,10228.0,280.0,111.919631
TROW,2026-08-21 18:35:00+00:00,111.94,111.94,111.72,111.755,16360.0,373.0,111.80012
TROW,2026-08-21 18:40:00+00:00,111.78,111.865,111.76,111.845,6160.0,212.0,111.818828
TROW,2026-08-21 18:45:00+00:00,111.82,111.835,111.76,111.78,8546.0,293.0,111.796651
TROW,2026-08-21 18:50:00+00:00,111.84,111.84,111.72,111.77,16657.0,464.0,111.76024
TROW,2026-08-21 18:55:00+00:00,111.77,111.77,111.67,111.75,13718.0,369.0,111.730148
TROW,2026-08-21 19:00:00+00:00,111.73,111.8099,111.7,111.71,10960.0,309.0,111.743684
TROW,2026-08-21 19:05:00+00:00,111.71,111.8,111.68,111.68,15623.0,242.0,111.754639
TROW,2026-08-21 19:10:00+00:00,111.7,111.72,111.65,111.72,10365.0,336.0,111.687869
TROW,2026-08-21 19:15:00+00:00,111.72,111.73,111.54,111.54,20365.0,534.0,111.646492
TROW,2026-08-21 19:20:00+00:00,111.54,111.645,111.52,111.64,20368.0,430.0,111.575342
TROW,2026-08-21 19:25:00+00:00,111.64,111.66,111.56,111.58,15099.0,410.0,111.613941
TROW,2026-08-21 19:30:00+00:00,111.58,111.67,111.43,111.48,23677.0,576.0,111.549907
TROW,2026-08-21 19:35:00+00:00,111.48,111.6646,111.48,111.61,11307.0,395.0,111.607102
TROW,2026-08-21 19:40:00+00:00,111.6,111.65,111.53,111.54,19777.0,554.0,111.576065
TROW,2026-08-21 19:45:00+00:00,111.54,111.76,111.53,111.76,16949.0,397.0,111.60946
TROW,2026-08-21 19:50:00+00:00,111.68,111.69,111.4,111.48,39100.0,805.0,111.576413
TROW,2026-08-21 19:55:00+00:00,111.42,111.6,111.38,111.52,107692.0,2283.0,111.515453
TROW,2026-08-21 20:00:00+00:00,111.51,111.51,111.51,111.51,305187.0,74.0,111.51
TROW,2026-08-24 11:10:00+00:00,110.8293,110.8293,110.8293,110.8293,100.0,1.0,110.8293
TROW,2026-08-24 13:30:00+00:00,111.16,111.34,110.85,110.8571,24042.0,235.0,111.17508
TROW,2026-08-24 13:35:00+00:00,110.95,111.31,110.51,111.25,16058.0,297.0,110.884027
TROW,2026-08-24 13:40:00+00:00,111.375,111.62,111.26,111.505,14560.0,248.0,111.353947
TROW,2026-08-24 13:45:00+00:00,111.41,111.89,111.4,111.71,13429.0,266.0,111.630851
TROW,2026-08-24 13:50:00+00:00,111.57,111.98,111.48,111.98,8256.0,208.0,111.72554
TROW,2026-08-24 13:55:00+00:00,111.9,111.9,111.53,111.56,5172.0,250.0,111.679382
TROW,2026-08-24 14:00:00+00:00,111.52,111.565,111.51,111.565,7088.0,205.0,111.55451
TROW,2026-08-24 14:05:00+00:00,111.605,111.62,111.265,111.37,5867.0,237.0,111.426936
TROW,2026-08-24 14:10:00+00:00,111.34,111.7799,111.34,111.66,9408.0,276.0,111.565966
TROW,2026-08-24 14:15:00+00:00,111.65,111.7599,111.4421,111.4421,12160.0,241.0,111.638296
TROW,2026-08-24 14:20:00+00:00,111.5054,111.705,111.5054,111.645,8691.0,264.0,111.569729
TROW,2026-08-24 14:25:00+00:00,111.68,111.86,111.62,111.86,11073.0,195.0,111.74597
TROW,2026-08-24 14:30:00+00:00,111.85,111.975,111.75,111.795,5101.0,176.0,111.880591
TROW,2026-08-24 14:35:00+00:00,111.795,111.795,111.64,111.745,7235.0,207.0,111.718607
TROW,2026-08-24 14:40:00+00:00,111.63,111.66,111.551,111.555,5827.0,175.0,111.634738
TROW,2026-08-24 14:45:00+00:00,111.56,111.74,111.56,111.675,10033.0,202.0,111.657066
TROW,2026-08-24 14:50:00+00:00,111.75,111.91,111.75,111.8,5236.0,216.0,111.826222
TROW,2026-08-24 14:55:00+00:00,111.86,112.12,111.81,112.12,8866.0,270.0,111.908814
TROW,2026-08-24 15:00:00+00:00,112.15,112.17,112.08,112.1,8626.0,251.0,112.119875
TROW,2026-08-24 15:05:00+00:00,112.105,112.25,112.105,112.25,11084.0,237.0,112.194893
TROW,2026-08-24 15:10:00+00:00,112.215,112.31,112.14,112.27,8462.0,238.0,112.209097
TROW,2026-08-24 15:15:00+00:00,112.255,112.265,112.16,112.16,5018.0,223.0,112.207413
TROW,2026-08-24 15:20:00+00:00,112.165,112.34,112.165,112.34,4740.0,204.0,112.240342
TROW,2026-08-24 15:25:00+00:00,112.28,112.32,112.205,112.27,5038.0,165.0,112.276807
TROW,2026-08-24 15:30:00+00:00,112.26,112.35,112.08,112.08,9758.0,315.0,112.227667
TROW,2026-08-24 15:35:00+00:00,112.04,112.045,111.75,111.83,11997.0,283.0,111.861956
TROW,2026-08-24 15:40:00+00:00,111.8,111.84,111.75,111.75,6508.0,194.0,111.814144
TROW,2026-08-24 15:45:00+00:00,111.71,111.775,111.65,111.67,4432.0,182.0,111.698792
TROW,2026-08-24 15:50:00+00:00,111.685,111.765,111.685,111.76,4764.0,109.0,111.733652
TROW,2026-08-24 15:55:00+00:00,111.72,111.83,111.6201,111.6201,14990.0,330.0,111.765395
TROW,2026-08-24 16:00:00+00:00,111.685,111.805,111.6745,111.6745,4745.0,133.0,111.730301
TROW,2026-08-24 16:05:00+00:00,111.715,111.75,111.4005,111.475,19506.0,291.0,111.504308
TROW,2026-08-24 16:10:00+00:00,111.47,111.475,111.37,111.37,5349.0,157.0,111.421161
TROW,2026-08-24 16:15:00+00:00,111.41,111.41,111.26,111.365,10872.0,311.0,111.320246
TROW,2026-08-24 16:20:00+00:00,111.423,111.423,111.14,111.2,6697.0,241.0,111.270308
TROW,2026-08-24 16:25:00+00:00,111.16,111.315,111.16,111.29,6467.0,180.0,111.226652
TROW,2026-08-24 16:30:00+00:00,111.295,111.295,111.05,111.05,4710.0,215.0,111.172438
TROW,2026-08-24 16:35:00+00:00,111.0655,111.135,110.96,111.03,9287.0,233.0,111.025174
TROW,2026-08-24 16:40:00+00:00,110.975,110.99,110.9,110.93,7071.0,215.0,110.937836
TROW,2026-08-24 16:45:00+00:00,110.87,110.935,110.87,110.93,3931.0,148.0,110.897696
TROW,2026-08-24 16:50:00+00:00,110.92,110.93,110.85,110.85,6232.0,216.0,110.882279
TROW,2026-08-24 16:55:00+00:00,110.85,110.89,110.82,110.845,5886.0,237.0,110.855303
TROW,2026-08-24 17:00:00+00:00,110.79,110.9899,110.79,110.905,9750.0,205.0,110.903923
TROW,2026-08-24 17:05:00+00:00,110.905,111.035,110.87,110.965,11000.0,284.0,110.954167
TROW,2026-08-24 17:10:00+00:00,110.955,111.1475,110.955,111.1475,13464.0,224.0,111.032142
TROW,2026-08-24 17:15:00+00:00,111.15,111.15,111.0,111.055,8869.0,263.0,111.057368
TROW,2026-08-24 17:20:00+00:00,111.065,111.07,110.92,110.93,6578.0,219.0,110.992774
TROW,2026-08-24 17:25:00+00:00,110.92,110.99,110.87,110.99,11314.0,216.0,110.911041
TROW,2026-08-24 17:30:00+00:00,110.99,111.08,110.96,111.08,4797.0,159.0,111.0071
TROW,2026-08-24 17:35:00+00:00,111.01,111.03,110.96,110.985,7731.0,237.0,110.992631
TROW,2026-08-24 17:40:00+00:00,111.025,111.03,110.84,110.84,7208.0,231.0,110.937113
TROW,2026-08-24 17:45:00+00:00,110.825,110.995,110.7987,110.9697,9512.0,242.0,110.919254
TROW,2026-08-24 17:50:00+00:00,110.99,111.0398,110.91,110.95,9034.0,277.0,110.969956
TROW,2026-08-24 17:55:00+00:00,110.92,111.05,110.92,111.0,9659.0,233.0,110.977018
TROW,2026-08-24 18:00:00+00:00,111.0,111.03,110.95,110.985,7689.0,231.0,110.993079
TROW,2026-08-24 18:05:00+00:00,110.97,111.09,110.87,111.09,13459.0,319.0,110.965538
TROW,2026-08-24 18:10:00+00:00,111.1625,111.18,111.12,111.13,3211.0,126.0,111.14655
TROW,2026-08-24 18:15:00+00:00,111.1487,111.22,111.13,111.22,17751.0,316.0,111.161048
TROW,2026-08-24 18:20:00+00:00,111.22,111.27,111.1,111.21,7496.0,241.0,111.228549
TROW,2026-08-24 18:25:00+00:00,111.16,111.29,111.16,111.265,7107.0,234.0,111.244044
TROW,2026-08-24 18:30:00+00:00,111.3,111.425,111.2601,111.335,8507.0,240.0,111.335374
TROW,2026-08-24 18:35:00+00:00,111.335,111.54,111.335,111.53,6471.0,226.0,111.426789
TROW,2026-08-24 18:40:00+00:00,111.5,111.56,111.48,111.48,10038.0,299.0,111.521013
TROW,2026-08-24 18:45:00+00:00,111.5,111.5,111.42,111.445,8165.0,313.0,111.44895
TROW,2026-08-24 18:50:00+00:00,111.47,111.55,111.435,111.44,10457.0,292.0,111.468106
TROW,2026-08-24 18:55:00+00:00,111.44,111.5299,111.44,111.495,6289.0,216.0,111.499738
TROW,2026-08-24 19:00:00+00:00,111.5,111.56,111.45,111.45,10219.0,294.0,111.494851
TROW,2026-08-24 19:05:00+00:00,111.43,111.495,111.395,111.47,7319.0,278.0,111.450282
TROW,2026-08-24 19:10:00+00:00,111.465,111.645,111.465,111.58,12948.0,298.0,111.534884
TROW,2026-08-24 19:15:00+00:00,111.545,111.735,111.545,111.68,13674.0,386.0,111.67029
TROW,2026-08-24 19:20:00+00:00,111.67,111.675,111.47,111.495,25038.0,526.0,111.611509
TROW,2026-08-24 19:25:00+00:00,111.495,111.56,111.49,111.55,10795.0,315.0,111.515896
TROW,2026-08-24 19:30:00+00:00,111.59,111.71,111.565,111.585,18031.0,447.0,111.609699
TROW,2026-08-24 19:35:00+00:00,111.59,111.67,111.59,111.64,13914.0,420.0,111.618113
TROW,2026-08-24 19:40:00+00:00,111.66,111.7,111.57,111.675,21706.0,574.0,111.619758
TROW,2026-08-24 19:45:00+00:00,111.695,111.78,111.64,111.73,17582.0,421.0,111.703763
TROW,2026-08-24 19:50:00+00:00,111.72,112.01,111.575,111.92,88661.0,1446.0,111.74792
TROW,2026-08-24 19:55:00+00:00,111.96,112.33,111.95,112.31,114587.0,2345.0,112.243212
TROW,2026-08-24 20:00:00+00:00,112.3,112.3,112.3,112.3,705207.0,106.0,112.3
TROW,2026-08-24 21:15:00+00:00,111.12,111.12,111.12,111.12,1000.0,1.0,111.12
TROW,2026-08-25 13:15:00+00:00,112.46,112.46,112.46,112.46,366.0,2.0,112.46
TROW,2026-08-25 13:30:00+00:00,112.3,112.3,111.73,112.04,20449.0,233.0,112.217751
TROW,2026-08-25 13:35:00+00:00,112.04,112.35,111.98,112.23,8968.0,303.0,112.186463
TROW,2026-08-25 13:40:00+00:00,112.2411,112.525,112.1,112.41,13525.0,194.0,112.27344
TROW,2026-08-25 13:45:00+00:00,112.54,112.64,112.2065,112.3,8187.0,268.0,112.40594
TROW,2026-08-25 13:50:00+00:00,112.28,112.32,111.97,111.995,14780.0,272.0,112.102891
TROW,2026-08-25 13:55:00+00:00,112.035,112.145,111.8518,112.145,13151.0,242.0,112.0354
TROW,2026-08-25 14:00:00+00:00,112.075,112.16,111.61,111.61,11685.0,231.0,112.041364
TROW,2026-08-25 14:05:00+00:00,111.61,112.11,111.56,112.11,4652.0,198.0,111.82699
TROW,2026-08-25 14:10:00+00:00,111.975,112.1,111.975,111.98,1569.0,70.0,111.99649
TROW,2026-08-25 14:15:00+00:00,112.025,112.025,111.645,111.81,5667.0,216.0,111.843561
TROW,2026-08-25 14:20:00+00:00,111.75,112.215,111.75,112.19,7082.0,215.0,111.943629
TROW,2026-08-25 14:25:00+00:00,112.12,112.12,111.7121,112.11,13239.0,225.0,111.833583
TROW,2026-08-25 14:30:00+00:00,112.09,112.09,111.8,111.89,4706.0,236.0,111.948097
TROW,2026-08-25 14:35:00+00:00,111.92,111.92,111.68,111.81,1968.0,137.0,111.786
TROW,2026-08-25 14:40:00+00:00,111.81,112.1,111.81,111.8225,8427.0,177.0,111.970286
TROW,2026-08-25 14:45:00+00:00,111.785,111.785,111.6,111.63,3755.0,156.0,111.641693
TROW,2026-08-25 14:50:00+00:00,111.66,111.7,111.62,111.62,3354.0,182.0,111.663417
TROW,2026-08-25 14:55:00+00:00,111.625,111.7399,111.57,111.57,3319.0,187.0,111.651989
TROW,2026-08-25 15:00:00+00:00,111.57,111.74,111.49,111.74,3402.0,163.0,111.571278
TROW,2026-08-25 15:05:00+00:00,111.55,111.68,111.55,111.68,3567.0,173.0,111.635407
TROW,2026-08-25 15:10:00+00:00,111.58,111.64,111.56,111.64,1800.0,104.0,111.593284
TROW,2026-08-25 15:15:00+00:00,111.67,111.75,111.67,111.75,1750.0,126.0,111.706667
TROW,2026-08-25 15:20:00+00:00,111.735,111.815,111.735,111.785,3450.0,229.0,111.784623
TROW,2026-08-25 15:25:00+00:00,111.79,111.79,111.67,111.755,2937.0,161.0,111.743077
TROW,2026-08-25 15:30:00+00:00,111.74,111.9,111.74,111.87,6683.0,230.0,111.816502
TROW,2026-08-25 15:35:00+00:00,111.87,111.87,111.82,111.855,3913.0,134.0,111.86186
TROW,2026-08-25 15:40:00+00:00,111.83,111.85,111.73,111.85,3854.0,178.0,111.80031
TROW,2026-08-25 15:45:00+00:00,111.77,111.82,111.76,111.76,1800.0,93.0,111.781465
TROW,2026-08-25 15:50:00+00:00,111.76,111.82,111.74,111.82,2884.0,113.0,111.777249
TROW,2026-08-25 15:55:00+00:00,111.82,111.87,111.82,111.83,3614.0,190.0,111.846077
TROW,2026-08-25 16:00:00+00:00,111.82,112.0,111.82,112.0,4720.0,190.0,111.905173
TROW,2026-08-25 16:05:00+00:00,111.91,111.915,111.89,111.89,1439.0,100.0,111.905712
TROW,2026-08-25 16:10:00+00:00,111.88,111.88,111.83,111.845,3951.0,165.0,111.846173
TROW,2026-08-25 16:15:00+00:00,111.84,111.84,111.7125,111.7125,3261.0,108.0,111.804286
TROW,2026-08-25 16:20:00+00:00,111.76,111.82,111.745,111.82,2782.0,137.0,111.771304
TROW,2026-08-25 16:25:00+00:00,111.835,111.88,111.83,111.88,2051.0,135.0,111.840714
TROW,2026-08-25 16:30:00+00:00,111.825,111.825,111.7891,111.7891,2046.0,112.0,111.81916
TROW,2026-08-25 16:35:00+00:00,111.85,111.885,111.84,111.885,2098.0,90.0,111.865744
TROW,2026-08-25 16:40:00+00:00,111.8892,111.89,111.88,111.89,2268.0,94.0,111.88664
TROW,2026-08-25 16:45:00+00:00,111.905,111.955,111.901,111.901,4812.0,149.0,111.934245
TROW,2026-08-25 16:50:00+00:00,111.973,111.973,111.945,111.945,645.0,50.0,111.962818
TROW,2026-08-25 16:55:00+00:00,111.92,111.98,111.92,111.955,3001.0,139.0,111.952993
TROW,2026-08-25 17:00:00+00:00,111.945,111.945,111.91,111.92,1401.0,83.0,111.925165
TROW,2026-08-25 17:05:00+00:00,111.94,111.99,111.94,111.99,2975.0,159.0,111.974546
TROW,2026-08-25 17:10:00+00:00,111.9941,111.9941,111.98,111.98,650.0,21.0,111.991644
TROW,2026-08-25 17:15:00+00:00,111.975,112.1042,111.975,112.1042,2561.0,124.0,112.022969
TROW,2026-08-25 17:20:00+00:00,112.13,112.195,112.12,112.19,3311.0,144.0,112.164532
TROW,2026-08-25 17:25:00+00:00,112.1901,112.3699,112.13,112.3699,4217.0,124.0,112.236204
TROW,2026-08-25 17:30:00+00:00,112.34,112.57,112.34,112.485,7549.0,236.0,112.481984
TROW,2026-08-25 17:35:00+00:00,112.485,112.485,112.4101,112.46,3068.0,89.0,112.464721
TROW,2026-08-25 17:40:00+00:00,112.51,112.56,112.445,112.52,3079.0,167.0,112.516361
TROW,2026-08-25 17:45:00+00:00,112.515,112.54,112.46,112.515,4638.0,235.0,112.511746
TROW,2026-08-25 17:50:00+00:00,112.53,112.645,112.53,112.57,3292.0,191.0,112.596878
TROW,2026-08-25 17:55:00+00:00,112.57,112.71,112.57,112.685,4884.0,201.0,112.619579
TROW,2026-08-25 18:00:00+00:00,112.665,112.74,112.63,112.715,8761.0,222.0,112.680124
TROW,2026-08-25 18:05:00+00:00,112.6835,112.89,112.6835,112.76,6302.0,216.0,112.765194
TROW,2026-08-25 18:10:00+00:00,112.92,112.92,112.7513,112.88,11593.0,205.0,112.856733
TROW,2026-08-25 18:15:00+00:00,112.87,112.94,112.84,112.84,4933.0,194.0,112.886691
TROW,2026-08-25 18:20:00+00:00,112.905,112.94,112.905,112.94,1717.0,86.0,112.919028
TROW,2026-08-25 18:25:00+00:00,113.0,113.06,113.0,113.0405,9777.0,239.0,113.04149
TROW,2026-08-25 18:30:00+00:00,113.04,113.04,112.7501,112.79,12991.0,333.0,112.891681
TROW,2026-08-25 18:35:00+00:00,112.83,112.83,112.64,112.65,12989.0,322.0,112.758139
TROW,2026-08-25 18:40:00+00:00,112.655,112.79,112.655,112.76,2146.0,96.0,112.722635
TROW,2026-08-25 18:45:00+00:00,112.745,112.8,112.72,112.8,5394.0,239.0,112.757742
TROW,2026-08-25 18:50:00+00:00,112.8,112.85,112.785,112.83,3391.0,149.0,112.811981
TROW,2026-08-25 18:55:00+00:00,112.75,112.77,112.71,112.77,4580.0,241.0,112.746126
TROW,2026-08-25 19:00:00+00:00,112.8,112.85,112.78,112.85,3989.0,145.0,112.80494
TROW,2026-08-25 19:05:00+00:00,112.805,112.92,112.805,112.92,12202.0,302.0,112.854497
TROW,2026-08-25 19:10:00+00:00,112.88,112.885,112.805,112.845,9020.0,255.0,112.868788
TROW,2026-08-25 19:15:00+00:00,112.825,112.85,112.81,112.83,6835.0,252.0,112.831409
TROW,2026-08-25 19:20:00+00:00,112.85,113.0,112.85,113.0,7679.0,304.0,112.953039
TROW,2026-08-25 19:25:00+00:00,113.045,113.13,113.0,113.13,8902.0,318.0,113.04975
TROW,2026-08-25 19:30:00+00:00,113.095,113.15,113.03,113.03,22157.0,504.0,113.096781
TROW,2026-08-25 19:35:00+00:00,113.045,113.12,112.91,112.91,13696.0,433.0,113.030564
TROW,2026-08-25 19:40:00+00:00,112.905,113.06,112.905,113.015,10368.0,405.0,112.990008
TROW,2026-08-25 19:45:00+00:00,113.025,113.08,112.97,113.055,14881.0,438.0,113.039991
TROW,2026-08-25 19:50:00+00:00,113.055,113.16,113.02,113.045,19705.0,666.0,113.089508
TROW,2026-08-25 19:55:00+00:00,113.06,113.0724,112.76,112.83,84500.0,1978.0,112.905731
TROW,2026-08-25 20:00:00+00:00,112.87,112.87,112.87,112.87,253676.0,61.0,112.87
TROW,2026-08-26 11:00:00+00:00,112.86,112.86,112.86,112.86,183.0,18.0,112.86
TROW,2026-08-26 12:25:00+00:00,112.89,112.89,112.89,112.89,190.0,3.0,112.89
TROW,2026-08-26 13:30:00+00:00,113.16,113.3,112.28,113.03,17301.0,118.0,112.94549
TROW,2026-08-26 13:35:00+00:00,112.3,113.23,112.3,113.23,8417.0,113.0,112.861969
TROW,2026-08-26 13:40:00+00:00,113.2127,113.38,113.18,113.18,1043.0,50.0,113.252789
TROW,2026-08-26 13:45:00+00:00,113.39,113.49,113.015,113.045,6194.0,187.0,113.225416
TROW,2026-08-26 13:50:00+00:00,113.045,113.045,112.86,112.86,3957.0,92.0,112.93747
TROW,2026-08-26 13:55:00+00:00,112.93,112.97,112.77,112.89,5347.0,197.0,112.905899
TROW,2026-08-26 14:00:00+00:00,113.19,113.19,113.125,113.125,917.0,48.0,113.145
TROW,2026-08-26 14:05:00+00:00,113.115,113.1879,113.075,113.075,1665.0,101.0,113.134044
TROW,2026-08-26 14:10:00+00:00,112.98,113.0,112.71,112.835,2909.0,110.0,112.875536
TROW,2026-08-26 14:15:00+00:00,112.785,112.795,112.445,112.63,3633.0,129.0,112.601261
TROW,2026-08-26 14:20:00+00:00,112.51,112.62,112.51,112.51,4890.0,166.0,112.546318
TROW,2026-08-26 14:25:00+00:00,112.52,112.525,112.41,112.525,2868.0,57.0,112.427862
TROW,2026-08-26 14:30:00+00:00,112.47,112.52,112.305,112.305,6415.0,175.0,112.415305
TROW,2026-08-26 14:35:00+00:00,112.33,112.33,112.0,112.0,6115.0,173.0,112.165407
TROW,2026-08-26 14:40:00+00:00,111.87,112.06,111.845,112.06,4461.0,148.0,111.989253
TROW,2026-08-26 14:45:00+00:00,112.055,112.055,111.97,112.035,1659.0,57.0,112.006258
TROW,2026-08-26 14:50:00+00:00,112.06,112.06,111.92,112.015,3796.0,134.0,111.976475
TROW,2026-08-26 14:55:00+00:00,112.02,112.06,111.995,112.05,2307.0,118.0,112.021667
TROW,2026-08-26 15:00:00+00:00,112.05,112.31,111.99,112.115,8291.0,293.0,112.182062
TROW,2026-08-26 15:05:00+00:00,112.0,112.1,111.95,111.995,2771.0,110.0,112.008661
TROW,2026-08-26 15:10:00+00:00,111.985,111.985,111.89,111.98,6403.0,250.0,111.936102
TROW,2026-08-26 15:15:00+00:00,111.97,111.98,111.96,111.96,1539.0,64.0,111.974652
TROW,2026-08-26 15:20:00+00:00,111.975,112.12,111.975,112.12,1993.0,124.0,112.051599
TROW,2026-08-26 15:25:00+00:00,112.095,112.095,112.04,112.04,1285.0,93.0,112.056667
TROW,2026-08-26 15:30:00+00:00,111.98,112.07,111.955,112.07,5710.0,179.0,112.018226
TROW,2026-08-26 15:35:00+00:00,112.0,112.0432,111.855,111.925,4127.0,177.0,111.938573
TROW,2026-08-26 15:40:00+00:00,111.94,112.045,111.884,111.945,3655.0,158.0,111.989724
TROW,2026-08-26 15:45:00+00:00,111.98,112.114,111.97,112.01,4443.0,190.0,112.026509
TROW,2026-08-26 15:50:00+00:00,111.995,111.995,111.8827,111.915,12190.0,153.0,111.898123
TROW,2026-08-26 15:55:00+00:00,111.99,112.125,111.93,112.11,2480.0,145.0,112.025859
TROW,2026-08-26 16:00:00+00:00,112.1,112.13,112.04,112.12,12489.0,285.0,112.090034
TROW,2026-08-26 16:05:00+00:00,112.13,112.2,112.13,112.14,3021.0,152.0,112.166028
TROW,2026-08-26 16:10:00+00:00,112.04,112.12,112.04,112.12,1917.0,125.0,112.078571
TROW,2026-08-26 16:15:00+00:00,112.115,112.115,112.07,112.095,1722.0,97.0,112.09085
TROW,2026-08-26 16:20:00+00:00,112.095,112.095,112.05,112.05,1923.0,115.0,112.0698
TROW,2026-08-26 16:25:00+00:00,112.035,112.07,112.035,112.07,3040.0,102.0,112.049737
TROW,2026-08-26 16:30:00+00:00,112.045,112.09,112.045,112.05,2592.0,114.0,112.071402
TROW,2026-08-26 16:35:00+00:00,112.08,112.1,112.01,112.06,5453.0,187.0,112.071216
TROW,2026-08-26 16:40:00+00:00,112.01,112.02,111.95,111.95,2493.0,126.0,111.998923
TROW,2026-08-26 16:45:00+00:00,111.95,112.01,111.95,111.95,5907.0,221.0,111.985703
TROW,2026-08-26 16:50:00+00:00,111.965,111.965,111.924,111.94,1292.0,64.0,111.947293
TROW,2026-08-26 16:55:00+00:00,111.91,111.98,111.91,111.9305,6475.0,234.0,111.933044
TROW,2026-08-26 17:00:00+00:00,111.935,112.01,111.935,112.01,2783.0,123.0,111.971099
TROW,2026-08-26 17:05:00+00:00,112.04,112.04,111.97,111.98,3909.0,126.0,111.98752
TROW,2026-08-26 17:10:00+00:00,111.96,111.96,111.96,111.96,731.0,24.0,111.96
TROW,2026-08-26 17:15:00+00:00,111.97,112.01,111.965,111.985,5231.0,177.0,111.99864
TROW,2026-08-26 17:20:00+00:00,111.995,112.05,111.9916,112.015,3397.0,133.0,112.017088
TROW,2026-08-26 17:25:00+00:00,112.012,112.07,112.012,112.07,2948.0,98.0,112.035203
TROW,2026-08-26 17:30:00+00:00,112.1,112.1041,112.08,112.1041,2032.0,101.0,112.095484
TROW,2026-08-26 17:35:00+00:00,112.06,112.11,112.05,112.07,4920.0,148.0,112.079606
TROW,2026-08-26 17:40:00+00:00,112.065,112.12,112.0401,112.085,6176.0,174.0,112.08629
TROW,2026-08-26 17:45:00+00:00,112.12,112.19,112.12,112.18,7751.0,205.0,112.16476
TROW,2026-08-26 17:50:00+00:00,112.19,112.2,112.19,112.195,2272.0,79.0,112.191503
TROW,2026-08-26 17:55:00+00:00,112.25,112.25,112.18,112.18,2139.0,96.0,112.208687
TROW,2026-08-26 18:00:00+00:00,112.175,112.215,112.175,112.205,4365.0,171.0,112.195973
TROW,2026-08-26 18:05:00+00:00,112.15,112.245,112.15,112.245,4941.0,153.0,112.206258
TROW,2026-08-26 18:10:00+00:00,112.23,112.305,112.23,112.28,3545.0,168.0,112.270099
TROW,2026-08-26 18:15:00+00:00,112.25,112.265,112.23,112.25,4420.0,170.0,112.250315
TROW,2026-08-26 18:20:00+00:00,112.23,112.2334,112.23,112.2334,1453.0,90.0,112.23085
TROW,2026-08-26 18:25:00+00:00,112.215,112.24,112.2,112.2,3269.0,142.0,112.218089
TROW,2026-08-26 18:30:00+00:00,112.23,112.26,112.23,112.24,3026.0,112.0,112.238572
TROW,2026-08-26 18:35:00+00:00,112.232,112.34,112.232,112.34,2162.0,69.0,112.295214
TROW,2026-08-26 18:40:00+00:00,112.32,112.37,112.32,112.37,4932.0,127.0,112.35393
TROW,2026-08-26 18:45:00+00:00,112.4,112.455,112.4,112.455,2731.0,135.0,112.435032
TROW,2026-08-26 18:50:00+00:00,112.395,112.44,112.39,112.425,4658.0,202.0,112.416267
TROW,2026-08-26 18:55:00+00:00,112.39,112.42,112.38,112.42,2986.0,143.0,112.389826
TROW,2026-08-26 19:00:00+00:00,112.47,112.56,112.47,112.55,4678.0,194.0,112.534186
TROW,2026-08-26 19:05:00+00:00,112.565,112.565,112.51,112.52,6291.0,131.0,112.530569
TROW,2026-08-26 19:10:00+00:00,112.5128,112.59,112.5128,112.59,4311.0,134.0,112.563723
TROW,2026-08-26 19:15:00+00:00,112.595,112.615,112.56,112.615,5145.0,186.0,112.578706
TROW,2026-08-26 19:20:00+00:00,112.625,112.64,112.58,112.58,4379.0,188.0,112.59845
TROW,2026-08-26 19:25:00+00:00,112.575,112.6328,112.56,112.59,10247.0,263.0,112.599144
TROW,2026-08-26 19:30:00+00:00,112.59,112.6334,112.59,112.62,9686.0,310.0,112.610047
TROW,2026-08-26 19:35:00+00:00,112.65,112.69,112.6,112.61,6936.0,292.0,112.624974
TROW,2026-08-26 19:40:00+00:00,112.63,112.735,112.61,112.69,9777.0,357.0,112.674758
TROW,2026-08-26 19:45:00+00:00,112.73,112.785,112.69,112.76,9966.0,324.0,112.735127
TROW,2026-08-26 19:50:00+00:00,112.84,112.95,112.79,112.815,22447.0,635.0,112.854302
TROW,2026-08-26 19:55:00+00:00,112.79,112.79,112.49,112.53,58116.0,1496.0,112.600442
TROW,2026-08-26 20:00:00+00:00,112.55,112.55,112.55,112.55,219676.0,88.0,112.55
TROW,2026-08-26 20:25:00+00:00,112.55,112.55,112.55,112.55,2432.0,1.0,112.55
TROW,2026-08-27 12:15:00+00:00,112.0,112.0,112.0,112.0,200.0,1.0,112.0
TROW,2026-08-27 13:30:00+00:00,111.9,112.015,111.75,112.015,9868.0,155.0,111.901442
TROW,2026-08-27 13:35:00+00:00,112.2,112.78,111.97,112.78,20459.0,316.0,112.281449
TROW,2026-08-27 13:40:00+00:00,112.67,112.73,112.52,112.52,2605.0,91.0,112.621708
TROW,2026-08-27 13:45:00+00:00,112.45,112.45,112.32,112.41,5462.0,156.0,112.370955
TROW,2026-08-27 13:50:00+00:00,112.42,112.77,112.42,112.77,2484.0,129.0,112.555463
TROW,2026-08-27 13:55:00+00:00,112.7,113.03,112.7,112.985,2722.0,125.0,112.884728
TROW,2026-08-27 14:00:00+00:00,112.88,112.9599,112.3,112.46,18759.0,320.0,112.56771
TROW,2026-08-27 14:05:00+00:00,112.425,112.55,112.28,112.29,7814.0,269.0,112.449102
TROW,2026-08-27 14:10:00+00:00,112.285,112.285,112.07,112.16,7043.0,141.0,112.187163
TROW,2026-08-27 14:15:00+00:00,112.24,112.39,112.09,112.39,10329.0,319.0,112.250158
TROW,2026-08-27 14:20:00+00:00,112.32,112.39,112.27,112.36,10562.0,277.0,112.340676
TROW,2026-08-27 14:25:00+00:00,112.37,112.38,112.18,112.24,2889.0,135.0,112.309336
TROW,2026-08-27 14:30:00+00:00,112.265,112.39,112.195,112.335,8467.0,248.0,112.291528
TROW,2026-08-27 14:35:00+00:00,112.335,112.61,112.335,112.575,9588.0,254.0,112.508907
TROW,2026-08-27 14:40:00+00:00,112.59,112.75,112.475,112.675,5705.0,234.0,112.557879
TROW,2026-08-27 14:45:00+00:00,112.69,112.8,112.61,112.61,13708.0,350.0,112.714295
TROW,2026-08-27 14:50:00+00:00,112.56,112.735,112.54,112.73,7484.0,223.0,112.646897
TROW,2026-08-27 14:55:00+00:00,112.695,112.74,112.6146,112.675,5802.0,114.0,112.642687
TROW,2026-08-27 15:00:00+00:00,112.74,112.78,112.69,112.74,5307.0,217.0,112.745061
TROW,2026-08-27 15:05:00+00:00,112.74,112.83,112.645,112.83,8366.0,266.0,112.741104
TROW,2026-08-27 15:10:00+00:00,112.89,113.02,112.88,112.975,4447.0,158.0,112.931764
TROW,2026-08-27 15:15:00+00:00,112.975,113.16,112.975,113.15,4925.0,174.0,113.054041
TROW,2026-08-27 15:20:00+00:00,113.1,113.25,113.085,113.23,7245.0,223.0,113.16327
TROW,2026-08-27 15:25:00+00:00,113.14,113.24,113.14,113.24,3443.0,128.0,113.209777
TROW,2026-08-27 15:30:00+00:00,113.25,113.33,113.16,113.2057,4109.0,166.0,113.23985
TROW,2026-08-27 15:35:00+00:00,113.13,113.39,113.13,113.28,7817.0,204.0,113.274223
TROW,2026-08-27 15:40:00+00:00,113.22,113.2808,113.19,113.21,3530.0,92.0,113.219451
TROW,2026-08-27 15:45:00+00:00,113.28,113.32,113.23,113.31,2832.0,129.0,113.2625
TROW,2026-08-27 15:50:00+00:00,113.25,113.32,113.19,113.23,3175.0,140.0,113.279524
TROW,2026-08-27 15:55:00+00:00,113.19,113.23,113.14,113.1875,3556.0,156.0,113.184464
TROW,2026-08-27 16:00:00+00:00,113.21,113.23,113.165,113.21,4284.0,214.0,113.195743
TROW,2026-08-27 16:05:00+00:00,113.16,113.1901,112.9841,112.9841,4450.0,203.0,113.11871
TROW,2026-08-27 16:10:00+00:00,112.96,113.03,112.96,113.03,3053.0,124.0,112.992245
TROW,2026-08-27 16:15:00+00:00,112.99,113.03,112.95,112.95,3681.0,144.0,113.002638
TROW,2026-08-27 16:20:00+00:00,112.98,113.05,112.96,113.05,2298.0,114.0,112.998143
TROW,2026-08-27 16:25:00+00:00,113.01,113.04,112.93,113.04,2838.0,132.0,112.993271
TROW,2026-08-27 16:30:00+00:00,112.975,112.98,112.93,112.98,1786.0,92.0,112.956913
TROW,2026-08-27 16:35:00+00:00,112.955,112.955,112.86,112.86,4496.0,183.0,112.885353
TROW,2026-08-27 16:40:00+00:00,112.86,112.9,112.82,112.9,2684.0,109.0,112.867579
TROW,2026-08-27 16:45:00+00:00,112.87,112.97,112.87,112.925,3286.0,172.0,112.9175
TROW,2026-08-27 16:50:00+00:00,112.885,112.92,112.8401,112.89,2705.0,129.0,112.876585
TROW,2026-08-27 16:55:00+00:00,112.92,113.01,112.89,113.01,4722.0,208.0,112.93218
TROW,2026-08-27 17:00:00+00:00,112.99,112.99,112.84,112.84,4621.0,195.0,112.883589
TROW,2026-08-27 17:05:00+00:00,112.89,112.9,112.83,112.85,4044.0,172.0,112.858442
TROW,2026-08-27 17:10:00+00:00,112.82,112.9,112.78,112.82,4037.0,171.0,112.830396
TROW,2026-08-27 17:15:00+00:00,112.78,112.855,112.78,112.82,4512.0,195.0,112.813563
TROW,2026-08-27 17:20:00+00:00,112.84,112.91,112.795,112.795,5435.0,174.0,112.838036
TROW,2026-08-27 17:25:00+00:00,112.82,112.87,112.82,112.82,3546.0,179.0,112.830309
TROW,2026-08-27 17:30:00+00:00,112.815,112.92,112.77,112.92,5230.0,207.0,112.828355
TROW,2026-08-27 17:35:00+00:00,112.92,112.92,112.58,112.58,4502.0,191.0,112.754611
TROW,2026-08-27 17:40:00+00:00,112.55,112.61,112.5189,112.545,2336.0,65.0,112.579048
TROW,2026-08-27 17:45:00+00:00,112.6,112.6,112.495,112.59,3965.0,172.0,112.549698
TROW,2026-08-27 17:50:00+00:00,112.6,112.6,112.425,112.425,3171.0,152.0,112.535785
TROW,2026-08-27 17:55:00+00:00,112.405,112.5,112.36,112.41,6294.0,173.0,112.434346
TROW,2026-08-27 18:00:00+00:00,112.42,112.46,112.36,112.42,4687.0,135.0,112.38473
TROW,2026-08-27 18:05:00+00:00,112.44,112.53,112.42,112.5,11296.0,230.0,112.477928
TROW,2026-08-27 18:10:00+00:00,112.499,112.52,112.465,112.5,3672.0,120.0,112.505175
TROW,2026-08-27 18:15:00+00:00,112.5,112.59,112.445,112.53,8067.0,261.0,112.5485
TROW,2026-08-27 18:20:00+00:00,112.515,112.55,112.47,112.475,5953.0,149.0,112.512768
TROW,2026-08-27 18:25:00+00:00,112.48,112.55,112.46,112.55,8810.0,214.0,112.526773
TROW,2026-08-27 18:30:00+00:00,112.57,112.58,112.455,112.55,6672.0,192.0,112.503771
TROW,2026-08-27 18:35:00+00:00,112.51,112.53,112.48,112.53,4698.0,120.0,112.514456
TROW,2026-08-27 18:40:00+00:00,112.5,112.6,112.5,112.6,3014.0,152.0,112.545
TROW,2026-08-27 18:45:00+00:00,112.6,112.6,112.51,112.5499,5453.0,166.0,112.557951
TROW,2026-08-27 18:50:00+00:00,112.45,112.46,112.42,112.42,2469.0,70.0,112.445123
TROW,2026-08-27 18:55:00+00:00,112.51,112.64,112.49,112.57,6073.0,227.0,112.563917
TROW,2026-08-27 19:00:00+00:00,112.61,112.71,112.59,112.66,7107.0,180.0,112.65522
TROW,2026-08-27 19:05:00+00:00,112.625,112.66,112.61,112.61,4572.0,135.0,112.631891
TROW,2026-08-27 19:10:00+00:00,112.6,112.645,112.56,112.59,11357.0,252.0,112.609005
TROW,2026-08-27 19:15:00+00:00,112.61,112.63,112.51,112.51,7526.0,190.0,112.598359
TROW,2026-08-27 19:20:00+00:00,112.54,112.54,112.435,112.445,10491.0,307.0,112.482191
TROW,2026-08-27 19:25:00+00:00,112.445,112.46,112.39,112.39,9598.0,292.0,112.436685
TROW,2026-08-27 19:30:00+00:00,112.44,112.49,112.34,112.49,12441.0,371.0,112.411649
TROW,2026-08-27 19:35:00+00:00,112.44,112.48,112.37,112.37,10060.0,356.0,112.440052
TROW,2026-08-27 19:40:00+00:00,112.405,112.455,112.35,112.425,10732.0,360.0,112.403185
TROW,2026-08-27 19:45:00+00:00,112.43,112.47,112.41,112.435,10049.0,354.0,112.451381
TROW,2026-08-27 19:50:00+00:00,112.48,112.57,112.47,112.51,25890.0,857.0,112.517554
TROW,2026-08-27 19:55:00+00:00,112.45,112.45,112.26,112.35,60126.0,1591.0,112.347101
TROW,2026-08-27 20:00:00+00:00,112.36,112.36,112.36,112.36,282952.0,70.0,112.36
TROW,2026-08-28 13:30:00+00:00,112.69,113.34,112.45,112.765,15032.0,110.0,112.755977
TROW,2026-08-28 13:35:00+00:00,112.765,113.01,112.7325,112.745,3444.0,67.0,112.759337
TROW,2026-08-28 13:40:00+00:00,112.715,112.91,112.705,112.705,3358.0,70.0,112.720499
TROW,2026-08-28 13:45:00+00:00,112.73,113.03,112.73,112.95,6540.0,164.0,112.895395
TROW,2026-08-28 13:50:00+00:00,112.844,112.875,112.8,112.875,1812.0,79.0,112.842789
TROW,2026-08-28 13:55:00+00:00,112.88,113.04,112.88,113.03,5305.0,131.0,112.933678
TROW,2026-08-28 14:00:00+00:00,113.09,113.09,112.735,112.735,9062.0,155.0,112.852919
TROW,2026-08-28 14:05:00+00:00,112.73,112.895,112.59,112.855,5869.0,203.0,112.737077
TROW,2026-08-28 14:10:00+00:00,112.72,112.72,112.47,112.56,3814.0,88.0,112.582423
TROW,2026-08-28 14:15:00+00:00,112.51,112.665,112.4601,112.645,6027.0,111.0,112.566421
TROW,2026-08-28 14:20:00+00:00,112.75,112.76,112.53,112.5316,4773.0,138.0,112.656635
TROW,2026-08-28 14:25:00+00:00,112.46,112.46,112.33,112.33,1613.0,57.0,112.434444
TROW,2026-08-28 14:30:00+00:00,112.26,112.54,112.13,112.52,6783.0,224.0,112.243911
TROW,2026-08-28 14:35:00+00:00,112.58,112.62,112.41,112.56,2981.0,90.0,112.544055
TROW,2026-08-28 14:40:00+00:00,112.535,112.67,112.45,112.67,3169.0,126.0,112.555116
TROW,2026-08-28 14:45:00+00:00,112.715,112.715,112.54,112.64,1975.0,71.0,112.64
TROW,2026-08-28 14:50:00+00:00,112.66,112.7,112.57,112.64,3564.0,86.0,112.632038
TROW,2026-08-28 14:55:00+00:00,112.66,112.765,112.66,112.765,3322.0,126.0,112.729908
TROW,2026-08-28 15:00:00+00:00,112.795,112.795,112.57,112.57,4322.0,162.0,112.7073
TROW,2026-08-28 15:05:00+00:00,112.52,112.53,112.46,112.47,2009.0,88.0,112.494442
TROW,2026-08-28 15:10:00+00:00,112.48,112.6,112.41,112.6,3602.0,145.0,112.496949
TROW,2026-08-28 15:15:00+00:00,112.66,112.7999,112.55,112.7999,2642.0,68.0,112.70318
TROW,2026-08-28 15:20:00+00:00,112.82,112.82,112.58,112.58,9762.0,210.0,112.711818
TROW,2026-08-28 15:25:00+00:00,112.7,112.8,112.59,112.59,6138.0,205.0,112.675393
TROW,2026-08-28 15:30:00+00:00,112.62,112.62,112.405,112.405,4389.0,158.0,112.530113
TROW,2026-08-28 15:35:00+00:00,112.46,112.46,112.21,112.25,5127.0,197.0,112.335225
TROW,2026-08-28 15:40:00+00:00,112.17,112.195,112.11,112.11,3343.0,130.0,112.175831
TROW,2026-08-28 15:45:00+00:00,112.08,112.23,112.03,112.16,4071.0,165.0,112.136414
TROW,2026-08-28 15:50:00+00:00,112.1,112.13,112.06,112.13,2213.0,105.0,112.085455
TROW,2026-08-28 15:55:00+00:00,112.14,112.16,112.02,112.095,5746.0,245.0,112.098787
TROW,2026-08-28 16:00:00+00:00,112.13,112.21,112.12,112.12,3048.0,123.0,112.158624
TROW,2026-08-28 16:05:00+00:00,112.105,112.205,112.105,112.205,3436.0,135.0,112.149828
TROW,2026-08-28 16:10:00+00:00,112.185,112.185,111.86,111.86,5909.0,170.0,111.997729
TROW,2026-08-28 16:15:00+00:00,111.86,111.865,111.64,111.665,5700.0,186.0,111.734393
TROW,2026-08-28 16:20:00+00:00,111.72,111.84,111.55,111.55,6967.0,114.0,111.723122
TROW,2026-08-28 16:25:00+00:00,111.54,111.6,111.54,111.595,1201.0,53.0,111.5625
TROW,2026-08-28 16:30:00+00:00,111.5,111.715,111.5,111.59,7091.0,196.0,111.613217
TROW,2026-08-28 16:35:00+00:00,111.63,111.69,111.55,111.55,2796.0,149.0,111.624564
TROW,2026-08-28 16:40:00+00:00,111.54,111.55,111.48,111.5,2788.0,137.0,111.524615
TROW,2026-08-28 16:45:00+00:00,111.56,111.61,111.55,111.61,3948.0,140.0,111.583394
TROW,2026-08-28 16:50:00+00:00,111.64,111.645,111.62,111.645,2483.0,120.0,111.633733
TROW,2026-08-28 16:55:00+00:00,111.595,111.6199,111.55,111.6199,2558.0,79.0,111.587303
TROW,2026-08-28 17:00:00+00:00,111.55,111.6,111.5,111.5,6925.0,189.0,111.569819
TROW,2026-08-28 17:05:00+00:00,111.41,111.429,111.2821,111.33,4977.0,235.0,111.365684
TROW,2026-08-28 17:10:00+00:00,111.28,111.43,111.28,111.43,3382.0,116.0,111.360938
TROW,2026-08-28 17:15:00+00:00,111.4,111.63,111.4,111.61,5215.0,179.0,111.551925
TROW,2026-08-28 17:20:00+00:00,111.55,111.56,111.4301,111.4301,8261.0,234.0,111.504103
TROW,2026-08-28 17:25:00+00:00,111.45,111.45,111.33,111.33,8776.0,207.0,111.374941
TROW,2026-08-28 17:30:00+00:00,111.28,111.28,111.1,111.18,15881.0,392.0,111.177498
TROW,2026-08-28 17:35:00+00:00,111.16,111.16,110.93,110.93,5666.0,185.0,111.060533
TROW,2026-08-28 17:40:00+00:00,110.895,111.115,110.895,110.95,5997.0,188.0,110.978633
TROW,2026-08-28 17:45:00+00:00,110.93,111.0,110.82,110.84,5335.0,161.0,110.910706
TROW,2026-08-28 17:50:00+00:00,110.81,110.905,110.81,110.905,5855.0,236.0,110.861108
TROW,2026-08-28 17:55:00+00:00,110.85,110.9099,110.8,110.81,4817.0,205.0,110.847315
TROW,2026-08-28 18:00:00+00:00,110.845,110.89,110.73,110.865,5473.0,205.0,110.828695
TROW,2026-08-28 18:05:00+00:00,110.87,111.0325,110.87,110.995,8297.0,269.0,110.913517
TROW,2026-08-28 18:10:00+00:00,110.94,110.99,110.88,110.95,4574.0,152.0,110.951407
TROW,2026-08-28 18:15:00+00:00,110.88,111.12,110.88,111.12,3301.0,143.0,110.990467
TROW,2026-08-28 18:20:00+00:00,111.08,111.08,110.99,111.03,3180.0,94.0,111.015766
TROW,2026-08-28 18:25:00+00:00,110.98,111.02,110.89,110.99,4085.0,148.0,110.963188
TROW,2026-08-28 18:30:00+00:00,110.96,111.07,110.93,111.07,5349.0,178.0,111.012999
TROW,2026-08-28 18:35:00+00:00,111.06,111.27,111.06,111.27,12360.0,303.0,111.169167
TROW,2026-08-28 18:40:00+00:00,111.32,111.36,111.31,111.35,8904.0,184.0,111.340338
TROW,2026-08-28 18:45:00+00:00,111.3,111.335,111.22,111.225,11623.0,239.0,111.279654
TROW,2026-08-28 18:50:00+00:00,111.23,111.23,111.18,111.2,6190.0,214.0,111.208942
TROW,2026-08-28 18:55:00+00:00,111.2,111.23,111.17,111.2,6970.0,205.0,111.187524
TROW,2026-08-28 19:00:00+00:00,111.155,111.29,111.14,111.255,10996.0,306.0,111.219919
TROW,2026-08-28 19:05:00+00:00,111.245,111.49,111.245,111.49,10567.0,304.0,111.357331
TROW,2026-08-28 19:10:00+00:00,111.55,111.58,111.52,111.55,10363.0,280.0,111.547926
TROW,2026-08-28 19:15:00+00:00,111.535,111.5573,111.49,111.515,37618.0,276.0,111.506391
TROW,2026-08-28 19:20:00+00:00,111.5025,111.6,111.4,111.585,15325.0,402.0,111.502574
TROW,2026-08-28 19:25:00+00:00,111.59,111.82,111.59,111.82,19151.0,434.0,111.71481
TROW,2026-08-28 19:30:00+00:00,111.78,111.78,111.615,111.64,36186.0,546.0,111.673191
TROW,2026-08-28 19:35:00+00:00,111.64,111.81,111.575,111.81,30905.0,513.0,111.645675
TROW,2026-08-28 19:40:00+00:00,111.89,111.93,111.79,111.84,26872.0,502.0,111.874432
TROW,2026-08-28 19:45:00+00:00,111.845,111.845,111.385,111.39,24584.0,539.0,111.650968
TROW,2026-08-28 19:50:00+00:00,111.35,111.47,111.27,111.345,39510.0,790.0,111.366066
TROW,2026-08-28 19:55:00+00:00,111.31,111.31,111.13,111.27,115675.0,2314.0,111.238048
TROW,2026-08-28 20:00:00+00:00,111.24,111.24,111.24,111.24,311353.0,46.0,111.24
TROW,2026-08-28 20:10:00+00:00,111.6,111.6,111.6,111.6,224.0,2.0,111.6
TROW,2026-08-31 13:00:00+00:00,111.41,111.41,111.41,111.41,114.0,14.0,111.41
TROW,2026-08-31 13:30:00+00:00,111.1,111.1,111.01,111.01,18718.0,147.0,111.031848
TROW,2026-08-31 13:35:00+00:00,110.8,110.8,109.905,110.02,14621.0,386.0,110.128514
TROW,2026-08-31 13:40:00+00:00,110.41,110.43,109.87,109.87,9582.0,155.0,110.245048
TROW,2026-08-31 13:45:00+00:00,109.925,110.0,109.67,109.86,10234.0,248.0,109.866927
TROW,2026-08-31 13:50:00+00:00,109.99,110.48,109.64,109.66,29120.0,405.0,110.112527
TROW,2026-08-31 13:55:00+00:00,109.915,110.01,109.915,109.95,1990.0,94.0,109.95
TROW,2026-08-31 14:00:00+00:00,109.88,110.26,109.8,110.26,10798.0,313.0,109.951587
TROW,2026-08-31 14:05:00+00:00,110.175,110.47,110.1,110.32,5262.0,220.0,110.237182
TROW,2026-08-31 14:10:00+00:00,110.38,110.39,110.11,110.11,8361.0,253.0,110.272569
TROW,2026-08-31 14:15:00+00:00,110.165,110.37,110.11,110.345,8969.0,247.0,110.230961
TROW,2026-08-31 14:20:00+00:00,110.37,110.57,110.34,110.35,9072.0,293.0,110.414012
TROW,2026-08-31 14:25:00+00:00,110.46,110.47,110.362,110.362,5547.0,230.0,110.415678
TROW,2026-08-31 14:30:00+00:00,110.42,110.5599,110.27,110.3,6609.0,220.0,110.423426
TROW,2026-08-31 14:35:00+00:00,110.33,110.64,110.33,110.53,5633.0,209.0,110.464787
TROW,2026-08-31 14:40:00+00:00,110.46,110.79,110.46,110.68,10057.0,281.0,110.707595
TROW,2026-08-31 14:45:00+00:00,110.665,110.865,110.62,110.85,6096.0,206.0,110.739116
TROW,2026-08-31 14:50:00+00:00,110.85,110.96,110.72,110.94,9802.0,325.0,110.870104
TROW,2026-08-31 14:55:00+00:00,110.895,111.15,110.84,110.88,12688.0,338.0,111.012423
TROW,2026-08-31 15:00:00+00:00,110.955,111.03,110.92,110.97,7510.0,268.0,110.976607
TROW,2026-08-31 15:05:00+00:00,110.94,110.98,110.74,110.75,7707.0,292.0,110.857165
TROW,2026-08-31 15:10:00+00:00,110.745,110.78,110.66,110.69,6603.0,220.0,110.730975
TROW,2026-08-31 15:15:00+00:00,110.715,110.76,110.65,110.69,5539.0,256.0,110.709489
TROW,2026-08-31 15:20:00+00:00,110.71,110.76,110.55,110.75,18704.0,458.0,110.651056
TROW,2026-08-31 15:25:00+00:00,110.82,110.82,110.72,110.81,24502.0,189.0,110.727156
TROW,2026-08-31 15:30:00+00:00,110.81,110.92,110.78,110.84,9992.0,360.0,110.861908
TROW,2026-08-31 15:35:00+00:00,110.94,111.0,110.92,110.92,4989.0,216.0,110.959057
TROW,2026-08-31 15:40:00+00:00,110.9701,111.05,110.92,110.92,9325.0,318.0,110.980702
TROW,2026-08-31 15:45:00+00:00,111.06,111.16,111.06,111.15,4943.0,220.0,111.096667
TROW,2026-08-31 15:50:00+00:00,111.11,111.135,111.07,111.08,3222.0,165.0,111.093845
TROW,2026-08-31 15:55:00+00:00,111.09,111.09,110.77,110.77,8161.0,302.0,110.896811
TROW,2026-08-31 16:00:00+00:00,110.7,110.775,110.58,110.58,4718.0,200.0,110.700839
TROW,2026-08-31 16:05:00+00:00,110.595,110.595,110.5,110.52,3759.0,150.0,110.54334
TROW,2026-08-31 16:10:00+00:00,110.5,110.61,110.39,110.43,12243.0,380.0,110.49232
TROW,2026-08-31 16:15:00+00:00,110.43,110.47,110.37,110.39,9260.0,307.0,110.41612
TROW,2026-08-31 16:20:00+00:00,110.338603,110.34,110.29,110.33,3691.0,165.0,110.333329
TROW,2026-08-31 16:25:00+00:00,110.335,110.45,110.29,110.36,8215.0,313.0,110.379994
TROW,2026-08-31 16:30:00+00:00,110.36,110.565,110.33,110.565,8165.0,293.0,110.430494
TROW,2026-08-31 16:35:00+00:00,110.52,110.546,110.44,110.44,5586.0,199.0,110.501837
TROW,2026-08-31 16:40:00+00:00,110.48,110.69,110.45,110.54,8963.0,361.0,110.544923
TROW,2026-08-31 16:45:00+00:00,110.5,110.69,110.5,110.69,5245.0,233.0,110.630411
TROW,2026-08-31 16:50:00+00:00,110.695,110.73,110.675,110.685,3361.0,138.0,110.692888
TROW,2026-08-31 16:55:00+00:00,110.685,110.685,110.61,110.65,7637.0,301.0,110.64915
TROW,2026-08-31 17:00:00+00:00,110.65,110.66,110.61,110.66,7126.0,252.0,110.640213
TROW,2026-08-31 17:05:00+00:00,110.66,110.71,110.57,110.58,20587.0,479.0,110.657737
TROW,2026-08-31 17:10:00+00:00,110.62,110.7999,110.61,110.73,12673.0,333.0,110.69987
TROW,2026-08-31 17:15:00+00:00,110.765,110.78,110.69,110.74,8464.0,271.0,110.726105
TROW,2026-08-31 17:20:00+00:00,110.745,110.78,110.7185,110.745,2906.0,158.0,110.742772
TROW,2026-08-31 17:25:00+00:00,110.77,110.77,110.62,110.64,9039.0,283.0,110.689117
TROW,2026-08-31 17:30:00+00:00,110.64,110.8101,110.63,110.77,14943.0,386.0,110.713982
TROW,2026-08-31 17:35:00+00:00,110.836,110.836,110.62,110.675,10197.0,293.0,110.714862
TROW,2026-08-31 17:40:00+00:00,110.67,110.73,110.62,110.7,5615.0,181.0,110.67736
TROW,2026-08-31 17:45:00+00:00,110.71,110.73,110.66,110.69,5199.0,211.0,110.694758
TROW,2026-08-31 17:50:00+00:00,110.7,110.7,110.61,110.655,14592.0,396.0,110.646729
TROW,2026-08-31 17:55:00+00:00,110.655,110.86,110.655,110.855,15827.0,485.0,110.735599
TROW,2026-08-31 18:00:00+00:00,110.86,110.99,110.83,110.84,14150.0,467.0,110.910539
TROW,2026-08-31 18:05:00+00:00,110.87,110.87,110.78,110.835,6393.0,248.0,110.821
TROW,2026-08-31 18:10:00+00:00,110.86,110.94,110.83,110.91,6889.0,209.0,110.883291
TROW,2026-08-31 18:15:00+00:00,110.91,111.0801,110.89,111.04,11629.0,364.0,110.986658
TROW,2026-08-31 18:20:00+00:00,111.01,111.0362,110.99,111.02,6438.0,176.0,111.013631
TROW,2026-08-31 18:25:00+00:00,111.02,111.07,110.98,111.05,8941.0,299.0,111.007675
TROW,2026-08-31 18:30:00+00:00,111.06,111.1218,111.02,111.06,8199.0,309.0,111.056285
TROW,2026-08-31 18:35:00+00:00,111.06,111.06,110.94,110.975,10007.0,317.0,110.993714
TROW,2026-08-31 18:40:00+00:00,110.96,111.11,110.83,110.83,21566.0,466.0,111.007001
TROW,2026-08-31 18:45:00+00:00,110.89,111.1,110.89,111.02,12887.0,242.0,110.992688
TROW,2026-08-31 18:50:00+00:00,111.09,111.23,111.05,111.12,14025.0,370.0,111.133752
TROW,2026-08-31 18:55:00+00:00,111.115,111.2,111.0701,111.165,5218.0,257.0,111.163581
TROW,2026-08-31 19:00:00+00:00,111.2,111.305,111.15,111.185,16512.0,418.0,111.243485
TROW,2026-08-31 19:05:00+00:00,111.21,111.365,111.21,111.365,6546.0,238.0,111.287096
TROW,2026-08-31 19:10:00+00:00,111.3999,111.43,111.195,111.29,20921.0,428.0,111.317489
TROW,2026-08-31 19:15:00+00:00,111.275,111.32,111.24,111.24,18456.0,355.0,111.280383
TROW,2026-08-31 19:20:00+00:00,111.24,111.35,111.16,111.35,17950.0,485.0,111.226429
TROW,2026-08-31 19:25:00+00:00,111.305,111.34,111.15,111.16,17423.0,483.0,111.231964
TROW,2026-08-31 19:30:00+00:00,111.13,111.25,111.1075,111.21,20022.0,541.0,111.199087
TROW,2026-08-31 19:35:00+00:00,111.2,111.27,111.18,111.205,13669.0,382.0,111.228199
TROW,2026-08-31 19:40:00+00:00,111.23,111.44,111.22,111.27,36939.0,796.0,111.323162
TROW,2026-08-31 19:45:00+00:00,111.2072,111.26,111.1598,111.185,15912.0,421.0,111.210505
TROW,2026-08-31 19:50:00+00:00,111.2,111.63,111.13,111.27,78022.0,1540.0,111.278968
TROW,2026-08-31 19:55:00+00:00,111.29,111.58,111.19,111.19,191224.0,3799.0,111.315147
TROW,2026-08-31 20:00:00+00:00,111.28,111.2828,111.2772,111.28,970554.0,53.0,111.280072
TROW,2026-08-31 20:05:00+00:00,111.28,111.28,111.28,111.28,5499.0,2.0,111.28
TROW,2026-09-01 13:25:00+00:00,109.79,110.29,109.4,109.75,6418.0,66.0,109.752762
TROW,2026-09-01 13:30:00+00:00,109.23,110.265,108.975,108.975,28475.0,322.0,109.296764
TROW,2026-09-01 13:35:00+00:00,108.5101,110.07,108.5101,109.52,8863.0,252.0,109.400714
TROW,2026-09-01 13:40:00+00:00,109.5473,109.95,109.445,109.95,4702.0,150.0,109.568048
TROW,2026-09-01 13:45:00+00:00,109.7337,109.9,109.35,109.44,10816.0,294.0,109.650022
TROW,2026-09-01 13:50:00+00:00,109.35,109.57,108.9621,109.32,11496.0,322.0,109.233016
TROW,2026-09-01 13:55:00+00:00,109.43,109.955,109.43,109.91,8360.0,307.0,109.731002
TROW,2026-09-01 14:00:00+00:00,109.89,109.91,109.66,109.715,12664.0,290.0,109.808387
TROW,2026-09-01 14:05:00+00:00,109.76,110.33,109.76,110.175,13385.0,411.0,110.091847
TROW,2026-09-01 14:10:00+00:00,110.08,110.56,110.08,110.56,12798.0,341.0,110.303049
TROW,2026-09-01 14:15:00+00:00,110.57,110.57,110.15,110.405,13262.0,420.0,110.366144
TROW,2026-09-01 14:20:00+00:00,110.44,111.0,110.44,110.87,20368.0,455.0,110.735144
TROW,2026-09-01 14:25:00+00:00,110.865,111.0,110.8,110.82,11361.0,395.0,110.892342
TROW,2026-09-01 14:30:00+00:00,110.845,111.01,110.75,110.86,19200.0,415.0,110.84475
TROW,2026-09-01 14:35:00+00:00,110.89,110.89,110.55,110.615,6757.0,300.0,110.687086
TROW,2026-09-01 14:40:00+00:00,110.635,110.635,110.07,110.07,7054.0,301.0,110.243551
TROW,2026-09-01 14:45:00+00:00,110.04,110.15,109.495,109.5801,23633.0,464.0,109.807324
TROW,2026-09-01 14:50:00+00:00,109.635,109.69,109.3,109.49,11392.0,325.0,109.50962
TROW,2026-09-01 14:55:00+00:00,109.57,109.58,109.34,109.445,16657.0,492.0,109.43726
TROW,2026-09-01 15:00:00+00:00,109.455,109.455,109.28,109.3,14667.0,425.0,109.336233
TROW,2026-09-01 15:05:00+00:00,109.3,109.42,109.3,109.355,11547.0,386.0,109.361349
TROW,2026-09-01 15:10:00+00:00,109.35,109.51,109.3,109.445,10545.0,389.0,109.423375
TROW,2026-09-01 15:15:00+00:00,109.445,109.57,109.25,109.52,22938.0,410.0,109.383792
TROW,2026-09-01 15:20:00+00:00,109.57,109.58,109.49,109.49,11112.0,369.0,109.528334
TROW,2026-09-01 15:25:00+00:00,109.49,109.54,109.3,109.3,8416.0,288.0,109.430327
TROW,2026-09-01 15:30:00+00:00,109.29,109.37,109.27,109.37,7900.0,271.0,109.316671
TROW,2026-09-01 15:35:00+00:00,109.39,109.39,109.2,109.21,8020.0,330.0,109.307035
TROW,2026-09-01 15:40:00+00:00,109.185,109.33,109.185,109.3,8804.0,324.0,109.238728
TROW,2026-09-01 15:45:00+00:00,109.285,109.41,109.285,109.335,8123.0,298.0,109.354191
TROW,2026-09-01 15:50:00+00:00,109.31,109.325,109.15,109.21,11544.0,359.0,109.232574
TROW,2026-09-01 15:55:00+00:00,109.19,109.3,109.19,109.3,8238.0,271.0,109.246241
TROW,2026-09-01 16:00:00+00:00,109.3,109.3,109.085,109.16,9822.0,326.0,109.193568
TROW,2026-09-01 16:05:00+00:00,109.21,109.28,109.18,109.205,10728.0,379.0,109.226397
TROW,2026-09-01 16:10:00+00:00,109.26,109.3899,109.26,109.305,13157.0,336.0,109.341982
TROW,2026-09-01 16:15:00+00:00,109.305,109.325,109.055,109.065,9367.0,355.0,109.208697
TROW,2026-09-01 16:20:00+00:00,109.045,109.045,108.9,108.905,8401.0,305.0,108.97655
TROW,2026-09-01 16:25:00+00:00,108.965,109.03,108.9,108.94,10528.0,352.0,108.968563
TROW,2026-09-01 16:30:00+00:00,108.98,108.98,108.69,108.7051,6703.0,277.0,108.855035
TROW,2026-09-01 16:35:00+00:00,108.61,108.88,108.6,108.87,11667.0,363.0,108.686109
TROW,2026-09-01 16:40:00+00:00,108.875,109.0,108.8,108.85,8919.0,291.0,108.901144
TROW,2026-09-01 16:45:00+00:00,108.8,108.98,108.8,108.845,5966.0,249.0,108.863643
TROW,2026-09-01 16:50:00+00:00,108.84,108.97,108.84,108.925,5159.0,248.0,108.89508
TROW,2026-09-01 16:55:00+00:00,108.88,108.97,108.88,108.945,10326.0,335.0,108.922172
TROW,2026-09-01 17:00:00+00:00,108.93,108.99,108.89,108.89,8828.0,321.0,108.946384
TROW,2026-09-01 17:05:00+00:00,108.91,109.025,108.91,108.97,8044.0,333.0,108.9804
TROW,2026-09-01 17:10:00+00:00,108.97,109.05,108.955,108.955,7750.0,333.0,108.990326
TROW,2026-09-01 17:15:00+00:00,108.95,109.04,108.9436,108.98,6909.0,274.0,108.984669
TROW,2026-09-01 17:20:00+00:00,109.02,109.02,108.945,108.95,3678.0,208.0,108.968797
TROW,2026-09-01 17:25:00+00:00,108.93,109.04,108.84,108.945,10059.0,420.0,108.922675
TROW,2026-09-01 17:30:00+00:00,108.97,109.12,108.97,109.12,12746.0,407.0,109.03129
TROW,2026-09-01 17:35:00+00:00,109.12,109.12,108.91,108.945,11218.0,306.0,109.007854
TROW,2026-09-01 17:40:00+00:00,108.935,109.085,108.895,109.03,10327.0,327.0,108.988891
TROW,2026-09-01 17:45:00+00:00,109.07,109.105,108.96,109.07,5341.0,225.0,109.04727
TROW,2026-09-01 17:50:00+00:00,109.07,109.08,108.99,109.01,6931.0,302.0,109.052901
TROW,2026-09-01 17:55:00+00:00,108.96,109.0,108.87,108.9,13484.0,368.0,108.919711
TROW,2026-09-01 18:00:00+00:00,108.9,109.01,108.9,108.95,5591.0,256.0,108.963315
TROW,2026-09-01 18:05:00+00:00,108.95,108.9899,108.925,108.965,9905.0,287.0,108.954992
TROW,2026-09-01 18:10:00+00:00,108.94,109.09,108.94,109.01,13678.0,359.0,109.005518
TROW,2026-09-01 18:15:00+00:00,109.055,109.16,109.01,109.01,10893.0,313.0,109.080462
TROW,2026-09-01 18:20:00+00:00,109.01,109.01,108.885,108.9,5496.0,218.0,108.949244
TROW,2026-09-01 18:25:00+00:00,108.9,108.915,108.8,108.89,14563.0,306.0,108.872644
TROW,2026-09-01 18:30:00+00:00,108.91,108.94,108.785,108.79,7978.0,287.0,108.853648
TROW,2026-09-01 18:35:00+00:00,108.82,108.94,108.78,108.9,14277.0,310.0,108.868775
TROW,2026-09-01 18:40:00+00:00,108.895,108.93,108.83,108.83,9153.0,331.0,108.880633
TROW,2026-09-01 18:45:00+00:00,108.825,108.895,108.8,108.895,9927.0,333.0,108.852737
TROW,2026-09-01 18:50:00+00:00,108.91,108.915,108.81,108.81,7826.0,267.0,108.880036
TROW,2026-09-01 18:55:00+00:00,108.845,108.845,108.76,108.77,11852.0,361.0,108.804296
TROW,2026-09-01 19:00:00+00:00,108.75,108.89,108.75,108.83,9601.0,348.0,108.82461
TROW,2026-09-01 19:05:00+00:00,108.85,108.89,108.81,108.89,8422.0,326.0,108.853213
TROW,2026-09-01 19:10:00+00:00,108.9,108.9,108.81,108.87,16184.0,372.0,108.838301
TROW,2026-09-01 19:15:00+00:00,108.88,108.92,108.81,108.83,9544.0,344.0,108.884197
TROW,2026-09-01 19:20:00+00:00,108.85,108.855,108.79,108.82,11496.0,404.0,108.835633
TROW,2026-09-01 19:25:00+00:00,108.86,108.895,108.85,108.88,14101.0,429.0,108.871042
TROW,2026-09-01 19:30:00+00:00,108.85,108.865,108.77,108.865,18276.0,555.0,108.821203
TROW,2026-09-01 19:35:00+00:00,108.87,108.925,108.84,108.89,14510.0,460.0,108.87678
TROW,2026-09-01 19:40:00+00:00,108.875,108.9,108.73,108.76,19194.0,585.0,108.802691
TROW,2026-09-01 19:45:00+00:00,108.77,108.8,108.72,108.8,18783.0,569.0,108.758143
TROW,2026-09-01 19:50:00+00:00,108.82,108.945,108.745,108.76,43544.0,1021.0,108.846241
TROW,2026-09-01 19:55:00+00:00,108.79,108.99,108.76,108.99,116463.0,2510.0,108.847388
TROW,2026-09-01 20:00:00+00:00,108.975,108.975,108.975,108.975,235575.0,59.0,108.975
TROW,2026-09-02 13:30:00+00:00,109.29,109.9,109.15,109.435,13424.0,127.0,109.324832
TROW,2026-09-02 13:35:00+00:00,109.41,109.41,109.36,109.41,1649.0,78.0,109.391111
TROW,2026-09-02 13:40:00+00:00,109.3523,109.8181,109.14,109.8181,4470.0,120.0,109.494213
TROW,2026-09-02 13:45:00+00:00,109.61,109.895,109.595,109.845,5765.0,216.0,109.763751
TROW,2026-09-02 13:50:00+00:00,109.81,110.05,109.64,110.05,4723.0,230.0,109.841709
TROW,2026-09-02 13:55:00+00:00,110.135,110.18,109.91,109.91,6688.0,240.0,110.073353
TROW,2026-09-02 14:00:00+00:00,109.99,110.075,109.875,110.01,4106.0,144.0,109.962795
TROW,2026-09-02 14:05:00+00:00,110.025,110.29,109.655,110.1575,23809.0,406.0,109.815587
TROW,2026-09-02 14:10:00+00:00,110.165,110.27,109.87,109.935,12916.0,315.0,110.032045
TROW,2026-09-02 14:15:00+00:00,109.94,110.08,109.87,109.96,7700.0,283.0,109.973349
TROW,2026-09-02 14:20:00+00:00,109.97,110.17,109.88,110.12,7071.0,303.0,110.02669
TROW,2026-09-02 14:25:00+00:00,110.06,110.33,110.06,110.25,15017.0,353.0,110.287988
TROW,2026-09-02 14:30:00+00:00,110.23,110.29,110.14,110.29,8727.0,177.0,110.207172
TROW,2026-09-02 14:35:00+00:00,110.33,110.65,110.33,110.65,4613.0,278.0,110.469423
TROW,2026-09-02 14:40:00+00:00,110.68,110.69,110.665,110.69,2697.0,132.0,110.679022
TROW,2026-09-02 14:45:00+00:00,110.705,110.87,110.64,110.85,6628.0,271.0,110.753582
TROW,2026-09-02 14:50:00+00:00,110.8001,110.87,110.76,110.845,7309.0,171.0,110.814708
TROW,2026-09-02 14:55:00+00:00,110.85,110.855,110.66,110.66,4201.0,185.0,110.78125
TROW,2026-09-02 15:00:00+00:00,110.66,110.725,110.52,110.58,7004.0,261.0,110.650644
TROW,2026-09-02 15:05:00+00:00,110.5001,110.52,110.33,110.35,3872.0,174.0,110.433214
TROW,2026-09-02 15:10:00+00:00,110.32,110.3599,110.13,110.18,4648.0,191.0,110.249691
TROW,2026-09-02 15:15:00+00:00,110.11,110.16,110.05,110.09,4864.0,178.0,110.1
TROW,2026-09-02 15:20:00+00:00,110.075,110.125,109.775,109.79,12561.0,284.0,110.004972
TROW,2026-09-02 15:25:00+00:00,109.74,109.85,109.74,109.75,6056.0,263.0,109.790255
TROW,2026-09-02 15:30:00+00:00,109.79,109.83,109.7,109.815,6323.0,258.0,109.765313
TROW,2026-09-02 15:35:00+00:00,109.76,109.975,109.75,109.815,6878.0,165.0,109.850442
TROW,2026-09-02 15:40:00+00:00,109.815,109.9,109.815,109.825,3602.0,202.0,109.846662
TROW,2026-09-02 15:45:00+00:00,109.78,109.78,109.515,109.515,2668.0,132.0,109.642382
TROW,2026-09-02 15:50:00+00:00,109.58,109.63,109.57,109.57,4780.0,202.0,109.60511
TROW,2026-09-02 15:55:00+00:00,109.63,109.715,109.52,109.69,8169.0,238.0,109.641482
TROW,2026-09-02 16:00:00+00:00,109.69,109.69,109.51,109.5899,2165.0,100.0,109.60194
TROW,2026-09-02 16:05:00+00:00,109.48,109.705,109.465,109.57,5089.0,169.0,109.576186
TROW,2026-09-02 16:10:00+00:00,109.545,109.66,109.45,109.66,5301.0,165.0,109.559489
TROW,2026-09-02 16:15:00+00:00,109.67,109.71,109.635,109.67,2709.0,125.0,109.663361
TROW,2026-09-02 16:20:00+00:00,109.665,109.665,109.34,109.34,5642.0,222.0,109.541357
TROW,2026-09-02 16:25:00+00:00,109.32,109.33,109.12,109.1912,6447.0,160.0,109.176971
TROW,2026-09-02 16:30:00+00:00,109.22,109.4038,109.22,109.4038,5426.0,177.0,109.265673
TROW,2026-09-02 16:35:00+00:00,109.42,109.585,109.39,109.585,4679.0,221.0,109.476359
TROW,2026-09-02 16:40:00+00:00,109.54,109.5909,109.51,109.5909,2136.0,106.0,109.5398
TROW,2026-09-02 16:45:00+00:00,109.575,109.635,109.575,109.61,6824.0,234.0,109.600322
TROW,2026-09-02 16:50:00+00:00,109.62,109.645,109.535,109.56,4086.0,158.0,109.597766
TROW,2026-09-02 16:55:00+00:00,109.565,109.565,109.5,109.51,5185.0,154.0,109.532484
TROW,2026-09-02 17:00:00+00:00,109.5488,109.76,109.4896,109.76,4919.0,208.0,109.607733
TROW,2026-09-02 17:05:00+00:00,109.83,109.83,109.8,109.805,1495.0,88.0,109.806356
TROW,2026-09-02 17:10:00+00:00,109.8,109.88,109.705,109.705,9003.0,224.0,109.812705
TROW,2026-09-02 17:15:00+00:00,109.71,109.86,109.6847,109.6847,5110.0,175.0,109.771979
TROW,2026-09-02 17:20:00+00:00,109.74,109.8174,109.48,109.48,5476.0,214.0,109.631879
TROW,2026-09-02 17:25:00+00:00,109.52,109.605,109.52,109.5531,4096.0,203.0,109.55148
TROW,2026-09-02 17:30:00+00:00,109.605,109.66,109.6,109.6,2119.0,95.0,109.622892
TROW,2026-09-02 17:35:00+00:00,109.61,109.615,109.54,109.545,6360.0,247.0,109.567763
TROW,2026-09-02 17:40:00+00:00,109.545,109.64,109.545,109.64,8960.0,284.0,109.585016
TROW,2026-09-02 17:45:00+00:00,109.6,109.75,109.6,109.65,6738.0,250.0,109.668685
TROW,2026-09-02 17:50:00+00:00,109.65,109.705,109.65,109.65,5405.0,234.0,109.676774
TROW,2026-09-02 17:55:00+00:00,109.69,109.75,109.67,109.75,6552.0,303.0,109.716343
TROW,2026-09-02 18:00:00+00:00,109.75,109.97,109.75,109.97,6116.0,342.0,109.850435
TROW,2026-09-02 18:05:00+00:00,109.89,109.99,109.855,109.94,4983.0,202.0,109.921068
TROW,2026-09-02 18:10:00+00:00,109.98,110.03,109.905,109.95,11618.0,255.0,110.013546
TROW,2026-09-02 18:15:00+00:00,109.96,110.0,109.88,109.93,5842.0,258.0,109.939089
TROW,2026-09-02 18:20:00+00:00,109.85,109.85,109.73,109.74,2948.0,162.0,109.781607
TROW,2026-09-02 18:25:00+00:00,109.73,109.76,109.67,109.67,3986.0,164.0,109.705901
TROW,2026-09-02 18:30:00+00:00,109.65,109.7,109.57,109.62,4900.0,246.0,109.630306
TROW,2026-09-02 18:35:00+00:00,109.655,109.6727,109.63,109.655,2214.0,162.0,109.651053
TROW,2026-09-02 18:40:00+00:00,109.63,109.655,109.62,109.64,4408.0,211.0,109.63132
TROW,2026-09-02 18:45:00+00:00,109.63,109.68,109.62,109.6594,7924.0,299.0,109.650604
TROW,2026-09-02 18:50:00+00:00,109.63,109.68,109.59,109.61,4654.0,200.0,109.641778
TROW,2026-09-02 18:55:00+00:00,109.61,109.615,109.57,109.58,4435.0,272.0,109.595
TROW,2026-09-02 19:00:00+00:00,109.58,109.65,109.58,109.64,6749.0,279.0,109.616419
TROW,2026-09-02 19:05:00+00:00,109.62,109.66,109.58,109.65,7229.0,312.0,109.619707
TROW,2026-09-02 19:10:00+00:00,109.625,109.65,109.58,109.615,5496.0,243.0,109.623818
TROW,2026-09-02 19:15:00+00:00,109.62,109.63,109.59,109.59,5421.0,258.0,109.605275
TROW,2026-09-02 19:20:00+00:00,109.57,109.63,109.52,109.6,8166.0,385.0,109.558137
TROW,2026-09-02 19:25:00+00:00,109.6,109.65,109.6,109.63,7852.0,346.0,109.627294
TROW,2026-09-02 19:30:00+00:00,109.62,109.64,109.56,109.56,11894.0,430.0,109.60961
TROW,2026-09-02 19:35:00+00:00,109.585,109.635,109.58,109.6,8298.0,323.0,109.604623
TROW,2026-09-02 19:40:00+00:00,109.595,109.62,109.56,109.58,14277.0,484.0,109.589734
TROW,2026-09-02 19:45:00+00:00,109.6,109.62,109.53,109.59,11376.0,450.0,109.566271
TROW,2026-09-02 19:50:00+00:00,109.6,109.69,109.415,109.44,38805.0,945.0,109.556127
TROW,2026-09-02 19:55:00+00:00,109.47,109.48,109.24,109.4,62922.0,1837.0,109.383208
TROW,2026-09-02 20:00:00+00:00,109.38,109.38,109.38,109.38,476926.0,83.0,109.38
TROW,2026-09-03 13:30:00+00:00,110.0,111.0,109.935,110.9,13746.0,154.0,110.415875
TROW,2026-09-03 13:35:00+00:00,111.29,111.6999,111.14,111.245,18287.0,263.0,111.485671
TROW,2026-09-03 13:40:00+00:00,111.2392,111.34,110.8,111.25,8882.0,213.0,111.079789
TROW,2026-09-03 13:45:00+00:00,111.2,111.24,110.255,110.255,11402.0,225.0,110.932948
TROW,2026-09-03 13:50:00+00:00,110.2575,110.48,110.2,110.405,21522.0,389.0,110.391624
TROW,2026-09-03 13:55:00+00:00,110.31,110.5,110.19,110.27,32307.0,510.0,110.337969
TROW,2026-09-03 14:00:00+00:00,110.2,110.25,109.95,110.0475,18245.0,392.0,110.058943
TROW,2026-09-03 14:05:00+00:00,110.18,110.25,109.97,109.97,6085.0,227.0,110.17087
TROW,2026-09-03 14:10:00+00:00,109.96,109.99,109.604,109.655,8085.0,289.0,109.751892
TROW,2026-09-03 14:15:00+00:00,109.655,109.82,109.5394,109.79,12031.0,338.0,109.69832
TROW,2026-09-03 14:20:00+00:00,109.86,109.86,109.434,109.473,4991.0,184.0,109.575864
TROW,2026-09-03 14:25:00+00:00,109.4585,109.69,109.436,109.555,4541.0,154.0,109.556031
TROW,2026-09-03 14:30:00+00:00,109.49,109.615,109.405,109.615,9936.0,315.0,109.491174
TROW,2026-09-03 14:35:00+00:00,109.645,109.7643,109.56,109.65,3640.0,222.0,109.686198
TROW,2026-09-03 14:40:00+00:00,109.82,109.82,109.43,109.59,9635.0,251.0,109.558919
TROW,2026-09-03 14:45:00+00:00,109.575,109.82,109.575,109.82,2727.0,122.0,109.676964
TROW,2026-09-03 14:50:00+00:00,109.72,109.7234,109.705,109.7234,1967.0,103.0,109.716338
TROW,2026-09-03 14:55:00+00:00,109.75,109.81,109.52,109.76,7330.0,222.0,109.722862
TROW,2026-09-03 15:00:00+00:00,109.685,109.71,109.6,109.69,7647.0,259.0,109.673842
TROW,2026-09-03 15:05:00+00:00,109.75,109.87,109.75,109.84,7898.0,256.0,109.834595
TROW,2026-09-03 15:10:00+00:00,109.855,109.855,109.75,109.78,5280.0,212.0,109.792903
TROW,2026-09-03 15:15:00+00:00,109.77,109.84,109.71,109.84,7798.0,236.0,109.749798
TROW,2026-09-03 15:20:00+00:00,109.9,109.9,109.765,109.84,4814.0,197.0,109.836165
TROW,2026-09-03 15:25:00+00:00,109.86,109.95,109.81,109.95,6141.0,193.0,109.885889
TROW,2026-09-03 15:30:00+00:00,110.02,110.03,109.895,109.895,4982.0,187.0,110.011242
TROW,2026-09-03 15:35:00+00:00,109.96,110.0,109.77,109.82,8379.0,280.0,109.892534
TROW,2026-09-03 15:40:00+00:00,109.81,109.93,109.81,109.93,3886.0,171.0,109.882775
TROW,2026-09-03 15:45:00+00:00,109.94,110.06,109.94,110.06,7147.0,195.0,110.034219
TROW,2026-09-03 15:50:00+00:00,110.06,110.12,110.0301,110.055,6745.0,196.0,110.068618
TROW,2026-09-03 15:55:00+00:00,110.06,110.18,110.06,110.18,5231.0,193.0,110.121989
TROW,2026-09-03 16:00:00+00:00,110.2,110.2,110.005,110.035,5387.0,182.0,110.076329
TROW,2026-09-03 16:05:00+00:00,110.1,110.17,110.1,110.15,4398.0,163.0,110.139976
TROW,2026-09-03 16:10:00+00:00,110.13,110.23,110.1128,110.19,3950.0,174.0,110.176844
TROW,2026-09-03 16:15:00+00:00,110.19,110.2,110.09,110.2,4730.0,178.0,110.158313
TROW,2026-09-03 16:20:00+00:00,110.2,110.28,110.2,110.28,4040.0,195.0,110.244472
TROW,2026-09-03 16:25:00+00:00,110.23,110.23,110.135,110.145,3999.0,164.0,110.195184
TROW,2026-09-03 16:30:00+00:00,110.15,110.23,110.14,110.23,4491.0,193.0,110.168512
TROW,2026-09-03 16:35:00+00:00,110.225,110.26,110.185,110.2,3414.0,189.0,110.219615
TROW,2026-09-03 16:40:00+00:00,110.2,110.29,110.2,110.27,3050.0,97.0,110.242963
TROW,2026-09-03 16:45:00+00:00,110.23,110.26,110.2,110.26,1656.0,97.0,110.22891
TROW,2026-09-03 16:50:00+00:00,110.2,110.2299,110.1701,110.2,4499.0,110.0,110.190019
TROW,2026-09-03 16:55:00+00:00,110.23,110.24,110.1774,110.21,11087.0,221.0,110.203219
TROW,2026-09-03 17:00:00+00:00,110.1879,110.24,110.1751,110.21,6362.0,199.0,110.213402
TROW,2026-09-03 17:05:00+00:00,110.207,110.24,109.99,109.99,5103.0,252.0,110.155478
TROW,2026-09-03 17:10:00+00:00,109.9399,110.01,109.935,109.965,5821.0,159.0,109.961826
TROW,2026-09-03 17:15:00+00:00,110.03,110.05,109.87,109.87,5625.0,192.0,109.955822
TROW,2026-09-03 17:20:00+00:00,109.84,110.06,109.8225,110.06,8859.0,318.0,109.92571
TROW,2026-09-03 17:25:00+00:00,110.07,110.09,110.0204,110.09,2421.0,108.0,110.056951
TROW,2026-09-03 17:30:00+00:00,110.1,110.16,110.065,110.145,5717.0,225.0,110.124411
TROW,2026-09-03 17:35:00+00:00,110.21,110.29,110.11,110.29,5784.0,191.0,110.179865
TROW,2026-09-03 17:40:00+00:00,110.265,110.37,110.23,110.365,7646.0,190.0,110.340912
TROW,2026-09-03 17:45:00+00:00,110.33,110.47,110.33,110.435,9269.0,285.0,110.422248
TROW,2026-09-03 17:50:00+00:00,110.435,110.57,110.435,110.57,5328.0,161.0,110.500091
TROW,2026-09-03 17:55:00+00:00,110.57,110.59,110.51,110.56,4286.0,137.0,110.553189
TROW,2026-09-03 18:00:00+00:00,110.6,110.62,110.57,110.6116,4425.0,176.0,110.596583
TROW,2026-09-03 18:05:00+00:00,110.56,110.64,110.54,110.585,8774.0,253.0,110.584136
TROW,2026-09-03 18:10:00+00:00,110.6,110.6,110.51,110.51,6711.0,195.0,110.567635
TROW,2026-09-03 18:15:00+00:00,110.5325,110.64,110.5325,110.64,4994.0,210.0,110.582144
TROW,2026-09-03 18:20:00+00:00,110.64,110.65,110.61,110.65,3448.0,154.0,110.630495
TROW,2026-09-03 18:25:00+00:00,110.65,110.66,110.62,110.63,4720.0,186.0,110.63748
TROW,2026-09-03 18:30:00+00:00,110.6,110.72,110.595,110.7,6181.0,231.0,110.637927
TROW,2026-09-03 18:35:00+00:00,110.69,110.73,110.65,110.695,5162.0,181.0,110.67343
TROW,2026-09-03 18:40:00+00:00,110.695,110.7351,110.65,110.69,5564.0,196.0,110.701118
TROW,2026-09-03 18:45:00+00:00,110.7,110.82,110.7,110.805,7821.0,256.0,110.778952
TROW,2026-09-03 18:50:00+00:00,110.77,110.77,110.66,110.725,6164.0,222.0,110.716115
TROW,2026-09-03 18:55:00+00:00,110.76,110.76,110.71,110.735,4396.0,157.0,110.735233
TROW,2026-09-03 19:00:00+00:00,110.71,110.76,110.68,110.72,6406.0,208.0,110.715315
TROW,2026-09-03 19:05:00+00:00,110.705,110.76,110.7,110.74,7080.0,215.0,110.725672
TROW,2026-09-03 19:10:00+00:00,110.77,110.8,110.74,110.74,8784.0,304.0,110.767601
TROW,2026-09-03 19:15:00+00:00,110.76,110.86,110.76,110.86,5453.0,201.0,110.79321
TROW,2026-09-03 19:20:00+00:00,110.845,110.85,110.705,110.705,10316.0,275.0,110.779549
TROW,2026-09-03 19:25:00+00:00,110.695,110.85,110.695,110.82,10527.0,357.0,110.767375
TROW,2026-09-03 19:30:00+00:00,110.835,110.85,110.765,110.78,9240.0,332.0,110.797685
TROW,2026-09-03 19:35:00+00:00,110.8,110.955,110.8,110.91,12292.0,443.0,110.891354
TROW,2026-09-03 19:40:00+00:00,110.915,110.915,110.785,110.81,12462.0,366.0,110.845092
TROW,2026-09-03 19:45:00+00:00,110.731,110.8599,110.675,110.8599,12804.0,412.0,110.735682
TROW,2026-09-03 19:50:00+00:00,110.86,110.93,110.71,110.73,28988.0,737.0,110.835838
TROW,2026-09-03 19:55:00+00:00,110.74,110.925,110.7,110.88,71902.0,1893.0,110.842503
TROW,2026-09-03 20:00:00+00:00,110.88,110.88,110.88,110.88,231259.0,69.0,110.88
TROW,2026-09-03 20:05:00+00:00,110.88,110.88,110.88,110.88,522.0,1.0,110.88
TROW,2026-09-04 12:10:00+00:00,110.9,110.9,110.9,110.9,250.0,1.0,110.9
TROW,2026-09-04 12:30:00+00:00,110.61,110.61,110.61,110.61,350.0,14.0,110.61
TROW,2026-09-04 13:10:00+00:00,110.5,110.5,110.5,110.5,134.0,1.0,110.5
TROW,2026-09-04 13:25:00+00:00,110.5,110.5,109.81,109.81,621.0,19.0,110.007143
TROW,2026-09-04 13:30:00+00:00,109.61,110.01,109.06,109.53,25638.0,372.0,109.598271
TROW,2026-09-04 13:35:00+00:00,109.8075,110.08,108.55,109.035,20880.0,427.0,109.119275
TROW,2026-09-04 13:40:00+00:00,109.0145,109.315,108.96,109.18,9406.0,295.0,109.077906
TROW,2026-09-04 13:45:00+00:00,109.175,109.438,109.15,109.29,8434.0,273.0,109.277614
TROW,2026-09-04 13:50:00+00:00,109.28,109.61,109.255,109.52,16589.0,463.0,109.385763
TROW,2026-09-04 13:55:00+00:00,109.425,109.47,108.965,109.05,33706.0,445.0,109.2708
TROW,2026-09-04 14:00:00+00:00,109.04,109.27,108.935,109.01,20385.0,446.0,109.041618
TROW,2026-09-04 14:05:00+00:00,109.01,109.245,109.01,109.1,14071.0,346.0,109.13396
TROW,2026-09-04 14:10:00+00:00,109.12,109.23,109.095,109.15,8550.0,278.0,109.159727
TROW,2026-09-04 14:15:00+00:00,108.9975,109.29,108.9975,109.225,6412.0,196.0,109.134123
TROW,2026-09-04 14:20:00+00:00,109.25,109.475,109.1801,109.44,5673.0,207.0,109.359677
TROW,2026-09-04 14:25:00+00:00,109.45,109.83,109.39,109.805,44422.0,366.0,109.524147
TROW,2026-09-04 14:30:00+00:00,109.815,110.009,109.775,109.775,6388.0,252.0,109.881212
TROW,2026-09-04 14:35:00+00:00,109.775,109.83,109.695,109.775,4901.0,179.0,109.778591
TROW,2026-09-04 14:40:00+00:00,109.795,109.83,109.525,109.525,9424.0,276.0,109.737736
TROW,2026-09-04 14:45:00+00:00,109.57,109.6,109.43,109.44,7246.0,225.0,109.514856
TROW,2026-09-04 14:50:00+00:00,109.44,109.655,109.44,109.655,2764.0,110.0,109.572218
TROW,2026-09-04 14:55:00+00:00,109.6,109.625,109.53,109.555,5385.0,183.0,109.591778
TROW,2026-09-04 15:00:00+00:00,109.62,109.72,109.615,109.72,4667.0,194.0,109.647806
TROW,2026-09-04 15:05:00+00:00,109.75,109.82,109.715,109.81,6592.0,229.0,109.758913
TROW,2026-09-04 15:10:00+00:00,109.78,109.82,109.725,109.82,5375.0,167.0,109.764155
TROW,2026-09-04 15:15:00+00:00,109.76,109.79,109.595,109.709,4880.0,201.0,109.703761
TROW,2026-09-04 15:20:00+00:00,109.63,109.745,109.63,109.71,4172.0,159.0,109.716238
TROW,2026-09-04 15:25:00+00:00,109.71,109.8,109.65,109.8,5256.0,214.0,109.709238
TROW,2026-09-04 15:30:00+00:00,109.74,109.75,109.68,109.75,3800.0,191.0,109.728889
TROW,2026-09-04 15:35:00+00:00,109.72,109.82,109.72,109.77,3578.0,121.0,109.747297
TROW,2026-09-04 15:40:00+00:00,109.82,109.9782,109.82,109.8836,5994.0,190.0,109.899389
TROW,2026-09-04 15:45:00+00:00,109.93,110.07,109.93,110.0,5063.0,179.0,109.990554
TROW,2026-09-04 15:50:00+00:00,109.9101,110.14,109.9101,110.14,3723.0,138.0,110.018788
TROW,2026-09-04 15:55:00+00:00,110.16,110.16,110.03,110.09,3701.0,138.0,110.069242
TROW,2026-09-04 16:00:00+00:00,110.09,110.1399,109.9862,110.04,6243.0,231.0,110.036767
TROW,2026-09-04 16:05:00+00:00,110.04,110.12,110.04,110.12,2913.0,126.0,110.07419
TROW,2026-09-04 16:10:00+00:00,110.085,110.2,110.085,110.2,3043.0,164.0,110.143046
TROW,2026-09-04 16:15:00+00:00,110.19,110.21,110.11,110.16,6352.0,182.0,110.161923
TROW,2026-09-04 16:20:00+00:00,110.145,110.2,110.145,110.19,3743.0,135.0,110.18473
TROW,2026-09-04 16:25:00+00:00,110.13,110.13,110.025,110.07,3176.0,125.0,110.057982
TROW,2026-09-04 16:30:00+00:00,110.065,110.115,110.03,110.04,4167.0,156.0,110.067678
TROW,2026-09-04 16:35:00+00:00,109.97,110.015,109.9,109.9,4491.0,118.0,109.923779
TROW,2026-09-04 16:40:00+00:00,109.9,109.98,109.9,109.955,4543.0,132.0,109.944602
TROW,2026-09-04 16:45:00+00:00,109.99,110.02,109.87,109.87,4475.0,182.0,109.980251
TROW,2026-09-04 16:50:00+00:00,109.84,109.97,109.84,109.97,3308.0,158.0,109.946696
TROW,2026-09-04 16:55:00+00:00,109.97,109.97,109.92,109.96,5926.0,106.0,109.939256
TROW,2026-09-04 17:00:00+00:00,109.96,110.02,109.96,110.0058,3474.0,128.0,109.998405
TROW,2026-09-04 17:05:00+00:00,110.005,110.05,109.995,110.0,2210.0,97.0,110.014131
TROW,2026-09-04 17:10:00+00:00,110.0,110.04,109.995,110.0,3836.0,154.0,110.017632
TROW,2026-09-04 17:15:00+00:00,109.995,110.0299,109.95,109.97,3437.0,143.0,109.982128
TROW,2026-09-04 17:20:00+00:00,110.02,110.0228,109.97,109.985,3050.0,135.0,109.998224
TROW,2026-09-04 17:25:00+00:00,110.01,110.07,110.01,110.07,2876.0,124.0,110.041489
TROW,2026-09-04 17:30:00+00:00,110.035,110.11,110.035,110.11,1695.0,88.0,110.0745
TROW,2026-09-04 17:35:00+00:00,110.14,110.19,110.09,110.1,3697.0,128.0,110.12383
TROW,2026-09-04 17:40:00+00:00,110.08,110.08,110.005,110.005,2565.0,115.0,110.031517
TROW,2026-09-04 17:45:00+00:00,109.96,110.0,109.83,109.83,20601.0,435.0,109.923916
TROW,2026-09-04 17:50:00+00:00,109.82,109.9289,109.76,109.9289,5352.0,178.0,109.840029
TROW,2026-09-04 17:55:00+00:00,109.89,109.915,109.89,109.9,4504.0,141.0,109.904943
TROW,2026-09-04 18:00:00+00:00,109.92,109.98,109.91,109.98,5652.0,194.0,109.931609
TROW,2026-09-04 18:05:00+00:00,109.965,110.09,109.955,110.06,2445.0,128.0,109.997716
TROW,2026-09-04 18:10:00+00:00,110.08,110.165,110.07,110.165,3460.0,102.0,110.127557
TROW,2026-09-04 18:15:00+00:00,110.13,110.18,110.13,110.16,4802.0,189.0,110.157158
TROW,2026-09-04 18:20:00+00:00,110.16,110.21,110.16,110.195,3927.0,165.0,110.190109
TROW,2026-09-04 18:25:00+00:00,110.195,110.23,110.175,110.19,6443.0,225.0,110.199328
TROW,2026-09-04 18:30:00+00:00,110.19,110.24,110.19,110.24,2519.0,100.0,110.21753
TROW,2026-09-04 18:35:00+00:00,110.26,110.26,110.2,110.225,1181.0,77.0,110.233757
TROW,2026-09-04 18:40:00+00:00,110.21,110.21,110.17,110.2,1131.0,62.0,110.197964
TROW,2026-09-04 18:45:00+00:00,110.16,110.16,110.12,110.125,6069.0,248.0,110.140539
TROW,2026-09-04 18:50:00+00:00,110.13,110.14,110.11,110.12,2494.0,144.0,110.127471
TROW,2026-09-04 18:55:00+00:00,110.12,110.16,110.11,110.16,5500.0,244.0,110.123709
TROW,2026-09-04 19:00:00+00:00,110.14,110.145,110.085,110.085,4271.0,165.0,110.112268
TROW,2026-09-04 19:05:00+00:00,110.085,110.11,109.98,110.04,14877.0,314.0,110.017581
TROW,2026-09-04 19:10:00+00:00,110.045,110.0834,110.01,110.04,5014.0,170.0,110.042714
TROW,2026-09-04 19:15:00+00:00,110.03,110.05,109.985,109.99,6459.0,235.0,110.01685
TROW,2026-09-04 19:20:00+00:00,109.98,109.9849,109.85,109.89,7671.0,270.0,109.908828
TROW,2026-09-04 19:25:00+00:00,109.86,109.99,109.86,109.92,8894.0,284.0,109.934728
TROW,2026-09-04 19:30:00+00:00,109.9,109.9,109.82,109.835,11657.0,440.0,109.85452
TROW,2026-09-04 19:35:00+00:00,109.79,109.79,109.64,109.64,9228.0,349.0,109.724057
TROW,2026-09-04 19:40:00+00:00,109.665,109.72,109.64,109.64,8469.0,328.0,109.682148
TROW,2026-09-04 19:45:00+00:00,109.68,109.78,109.53,109.7625,15726.0,514.0,109.661956
TROW,2026-09-04 19:50:00+00:00,109.79,109.89,109.64,109.64,27088.0,840.0,109.799345
TROW,2026-09-04 19:55:00+00:00,109.71,109.88,109.67,109.77,118043.0,2333.0,109.761276
TROW,2026-09-04 20:00:00+00:00,109.74,109.78,109.74,109.78,274750.0,48.0,109.779722
TROW,2026-09-04 20:15:00+00:00,109.78,109.78,109.78,109.78,527.0,4.0,109.78
TROW,2026-09-04 22:15:00+00:00,110.6064,110.6064,110.6064,110.6064,218.0,1.0,110.6064
TROW,2026-09-08 11:00:00+00:00,108.83,109.0,108.83,109.0,314.0,6.0,108.891439
TROW,2026-09-08 13:25:00+00:00,109.5,109.5,109.49,109.49,749.0,14.0,109.493165
TROW,2026-09-08 13:30:00+00:00,109.36,109.78,108.68,109.38,22603.0,295.0,109.401863
TROW,2026-09-08 13:35:00+00:00,109.245,109.245,108.642,108.642,2902.0,138.0,108.986507
TROW,2026-09-08 13:40:00+00:00,108.7858,109.0,108.5416,108.9892,4353.0,163.0,108.751774
TROW,2026-09-08 13:45:00+00:00,109.03,109.21,108.87,109.2,11818.0,379.0,109.05377
TROW,2026-09-08 13:50:00+00:00,109.33,109.3881,109.04,109.11,4809.0,229.0,109.276739
TROW,2026-09-08 13:55:00+00:00,109.04,109.13,108.84,109.02,7129.0,277.0,108.972996
TROW,2026-09-08 14:00:00+00:00,109.05,109.385,109.05,109.14,12820.0,342.0,109.261829
TROW,2026-09-08 14:05:00+00:00,109.155,109.27,109.125,109.27,3241.0,111.0,109.156515
TROW,2026-09-08 14:10:00+00:00,109.27,109.3602,109.1243,109.215,7693.0,205.0,109.230239
TROW,2026-09-08 14:15:00+00:00,109.3,109.66,109.3,109.365,20315.0,445.0,109.531797
TROW,2026-09-08 14:20:00+00:00,109.41,109.58,109.4006,109.58,4833.0,181.0,109.46562
TROW,2026-09-08 14:25:00+00:00,109.625,109.71,109.43,109.43,16200.0,358.0,109.583331
TROW,2026-09-08 14:30:00+00:00,109.39,109.45,109.37,109.45,4771.0,203.0,109.409147
TROW,2026-09-08 14:35:00+00:00,109.42,109.45,109.4,109.4,7648.0,221.0,109.431573
TROW,2026-09-08 14:40:00+00:00,109.44,109.44,109.095,109.095,9294.0,323.0,109.271766
TROW,2026-09-08 14:45:00+00:00,109.095,109.42,109.095,109.415,5877.0,238.0,109.310097
TROW,2026-09-08 14:50:00+00:00,109.45,109.66,109.45,109.6,10593.0,347.0,109.56395
TROW,2026-09-08 14:55:00+00:00,109.61,109.65,109.49,109.52,9087.0,229.0,109.560156
TROW,2026-09-08 15:00:00+00:00,109.49,109.61,109.46,109.61,7793.0,277.0,109.546511
TROW,2026-09-08 15:05:00+00:00,109.62,109.67,109.58,109.62,4505.0,181.0,109.635489
TROW,2026-09-08 15:10:00+00:00,109.6,109.69,109.58,109.6125,10030.0,316.0,109.631283
TROW,2026-09-08 15:15:00+00:00,109.605,109.615,109.54,109.54,7150.0,235.0,109.575539
TROW,2026-09-08 15:20:00+00:00,109.53,109.55,109.5,109.54,4533.0,169.0,109.522415
TROW,2026-09-08 15:25:00+00:00,109.56,109.64,109.5,109.5,11486.0,331.0,109.585326
TROW,2026-09-08 15:30:00+00:00,109.58,109.76,109.58,109.73,10559.0,344.0,109.687238
TROW,2026-09-08 15:35:00+00:00,109.71,109.71,109.5571,109.5571,9752.0,234.0,109.632539
TROW,2026-09-08 15:40:00+00:00,109.58,109.66,109.55,109.66,5851.0,182.0,109.61779
TROW,2026-09-08 15:45:00+00:00,109.64,109.655,109.5654,109.63,4556.0,160.0,109.620846
TROW,2026-09-08 15:50:00+00:00,109.66,109.76,109.655,109.76,5738.0,299.0,109.705954
TROW,2026-09-08 15:55:00+00:00,109.765,109.77,109.68,109.68,7885.0,298.0,109.7253
TROW,2026-09-08 16:00:00+00:00,109.68,109.7399,109.5425,109.7399,24573.0,497.0,109.596448
TROW,2026-09-08 16:05:00+00:00,109.71,109.82,109.71,109.795,7895.0,316.0,109.765613
TROW,2026-09-08 16:10:00+00:00,109.78,109.83,109.75,109.79,4653.0,237.0,109.773141
TROW,2026-09-08 16:15:00+00:00,109.78,109.855,109.76,109.78,6247.0,252.0,109.796687
TROW,2026-09-08 16:20:00+00:00,109.8,109.89,109.8,109.89,2454.0,147.0,109.864095
TROW,2026-09-08 16:25:00+00:00,109.9,109.935,109.8,109.8,17688.0,422.0,109.865532
TROW,2026-09-08 16:30:00+00:00,109.815,110.12,109.77,110.09,25069.0,380.0,109.863599
TROW,2026-09-08 16:35:00+00:00,110.095,110.15,110.065,110.13,7273.0,218.0,110.099713
TROW,2026-09-08 16:40:00+00:00,110.17,110.17,110.04,110.07,10122.0,320.0,110.099868
TROW,2026-09-08 16:45:00+00:00,110.12,110.12,110.04,110.08,4025.0,209.0,110.065108
TROW,2026-09-08 16:50:00+00:00,110.08,110.22,110.08,110.195,13255.0,393.0,110.155908
TROW,2026-09-08 16:55:00+00:00,110.195,110.22,110.05,110.11,13372.0,269.0,110.158579
TROW,2026-09-08 17:00:00+00:00,110.115,110.18,110.09,110.18,3912.0,194.0,110.119352
TROW,2026-09-08 17:05:00+00:00,110.17,110.17,110.12,110.145,4644.0,202.0,110.15341
TROW,2026-09-08 17:10:00+00:00,110.13,110.2,110.13,110.2,5555.0,293.0,110.17165
TROW,2026-09-08 17:15:00+00:00,110.23,110.24,110.13,110.13,6677.0,242.0,110.179315
TROW,2026-09-08 17:20:00+00:00,110.12,110.195,110.12,110.165,4167.0,231.0,110.156508
TROW,2026-09-08 17:25:00+00:00,110.16,110.16,110.01,110.025,6398.0,261.0,110.084098
TROW,2026-09-08 17:30:00+00:00,110.025,110.08,109.99,110.0625,7390.0,291.0,110.044602
TROW,2026-09-08 17:35:00+00:00,110.03,110.115,110.02,110.035,11253.0,334.0,110.08375
TROW,2026-09-08 17:40:00+00:00,110.03,110.0799,110.0,110.03,7761.0,254.0,110.034481
TROW,2026-09-08 17:45:00+00:00,110.03,110.07,110.0,110.0,5494.0,266.0,110.041236
TROW,2026-09-08 17:50:00+00:00,110.02,110.05,110.02,110.025,5132.0,326.0,110.029725
TROW,2026-09-08 17:55:00+00:00,109.99,110.015,109.89,109.91,10626.0,355.0,109.972659
TROW,2026-09-08 18:00:00+00:00,109.935,109.935,109.87,109.91,7474.0,308.0,109.905088
TROW,2026-09-08 18:05:00+00:00,109.91,109.95,109.88,109.94,5492.0,213.0,109.916482
TROW,2026-09-08 18:10:00+00:00,109.92,110.03,109.88,110.015,8231.0,318.0,109.941954
TROW,2026-09-08 18:15:00+00:00,110.05,110.125,110.035,110.07,13166.0,355.0,110.053697
TROW,2026-09-08 18:20:00+00:00,110.07,110.125,110.06,110.08,4009.0,175.0,110.095832
TROW,2026-09-08 18:25:00+00:00,110.095,110.15,110.09,110.1,7531.0,302.0,110.11564
TROW,2026-09-08 18:30:00+00:00,110.08,110.09,110.03,110.03,9200.0,346.0,110.061381
TROW,2026-09-08 18:35:00+00:00,110.05,110.065,109.92,109.94,14425.0,341.0,109.990049
TROW,2026-09-08 18:40:00+00:00,109.9375,110.03,109.91,110.03,10627.0,361.0,109.948939
TROW,2026-09-08 18:45:00+00:00,110.025,110.1,109.73,109.75,17576.0,496.0,109.981835
TROW,2026-09-08 18:50:00+00:00,109.75,109.81,109.71,109.725,7229.0,282.0,109.755018
TROW,2026-09-08 18:55:00+00:00,109.74,109.755,109.64,109.64,6556.0,290.0,109.701161
TROW,2026-09-08 19:00:00+00:00,109.59,109.655,109.581,109.63,8883.0,282.0,109.617045
TROW,2026-09-08 19:05:00+00:00,109.63,109.66,109.59,109.59,7306.0,309.0,109.616263
TROW,2026-09-08 19:10:00+00:00,109.58,109.665,109.58,109.645,6491.0,227.0,109.629923
TROW,2026-09-08 19:15:00+00:00,109.64,109.67,109.525,109.555,13764.0,407.0,109.58922
TROW,2026-09-08 19:20:00+00:00,109.54,109.59,109.5,109.525,13406.0,444.0,109.544896
TROW,2026-09-08 19:25:00+00:00,109.52,109.58,109.52,109.575,16978.0,526.0,109.547341
TROW,2026-09-08 19:30:00+00:00,109.575,109.645,109.52,109.59,26041.0,647.0,109.584041
TROW,2026-09-08 19:35:00+00:00,109.63,109.63,109.47,109.52,18822.0,488.0,109.537102
TROW,2026-09-08 19:40:00+00:00,109.5,109.56,109.47,109.53,17005.0,460.0,109.522877
TROW,2026-09-08 19:45:00+00:00,109.525,109.56,109.31,109.42,43301.0,1015.0,109.462094
TROW,2026-09-08 19:50:00+00:00,109.41,109.48,109.17,109.42,44426.0,1037.0,109.293949
TROW,2026-09-08 19:55:00+00:00,109.435,109.47,109.35,109.42,84174.0,2104.0,109.406445
TROW,2026-09-08 20:00:00+00:00,109.42,109.42,109.42,109.42,453026.0,94.0,109.42
TROW,2026-09-09 13:30:00+00:00,109.46,109.62,108.75,109.62,19176.0,217.0,109.253009
TROW,2026-09-09 13:35:00+00:00,109.245,109.245,108.89,108.89,2849.0,68.0,109.15475
TROW,2026-09-09 13:40:00+00:00,108.79,108.93,108.66,108.93,8748.0,219.0,108.792856
TROW,2026-09-09 13:45:00+00:00,108.91,109.01,108.765,108.765,4414.0,155.0,108.891944
TROW,2026-09-09 13:50:00+00:00,108.85,108.85,108.235,108.34,23062.0,342.0,108.508332
TROW,2026-09-09 13:55:00+00:00,108.42,108.42,108.07,108.23,14856.0,380.0,108.209498
TROW,2026-09-09 14:00:00+00:00,108.26,108.74,108.26,108.645,8647.0,355.0,108.388565
TROW,2026-09-09 14:05:00+00:00,108.725,108.91,108.6575,108.785,6547.0,324.0,108.75372
TROW,2026-09-09 14:10:00+00:00,108.745,108.81,108.495,108.81,8421.0,367.0,108.63361
TROW,2026-09-09 14:15:00+00:00,108.89,109.17,108.87,108.93,30953.0,952.0,109.043195
TROW,2026-09-09 14:20:00+00:00,109.005,109.005,108.88,108.935,6206.0,257.0,108.932909
TROW,2026-09-09 14:25:00+00:00,108.935,109.06,108.905,109.015,10090.0,357.0,108.971109
TROW,2026-09-09 14:30:00+00:00,109.0,109.03,108.76,108.77,18567.0,521.0,108.84711
TROW,2026-09-09 14:35:00+00:00,108.77,108.88,108.75,108.86,7424.0,172.0,108.802539
TROW,2026-09-09 14:40:00+00:00,108.825,108.825,108.64,108.64,4775.0,237.0,108.713644
TROW,2026-09-09 14:45:00+00:00,108.6,108.7,108.5601,108.7,9524.0,310.0,108.605686
TROW,2026-09-09 14:50:00+00:00,108.7,108.84,108.7,108.745,5427.0,270.0,108.766265
TROW,2026-09-09 14:55:00+00:00,108.75,108.77,108.68,108.72,5210.0,241.0,108.736402
TROW,2026-09-09 15:00:00+00:00,108.79,108.87,108.49,108.49,9652.0,386.0,108.72645
TROW,2026-09-09 15:05:00+00:00,108.4,108.485,108.32,108.365,16136.0,421.0,108.383676
TROW,2026-09-09 15:10:00+00:00,108.32,108.565,108.32,108.49,12841.0,336.0,108.399264
TROW,2026-09-09 15:15:00+00:00,108.51,108.54,108.38,108.38,6944.0,211.0,108.457786
TROW,2026-09-09 15:20:00+00:00,108.36,108.36,108.29,108.36,7062.0,262.0,108.320832
TROW,2026-09-09 15:25:00+00:00,108.3066,108.38,108.2,108.31,9762.0,357.0,108.308492
TROW,2026-09-09 15:30:00+00:00,108.3,108.42,108.3,108.42,6776.0,319.0,108.344765
TROW,2026-09-09 15:35:00+00:00,108.43,108.6,108.43,108.6,6845.0,289.0,108.462828
TROW,2026-09-09 15:40:00+00:00,108.67,108.73,108.455,108.55,10402.0,354.0,108.585339
TROW,2026-09-09 15:45:00+00:00,108.51,108.5544,108.485,108.485,2243.0,149.0,108.512523
TROW,2026-09-09 15:50:00+00:00,108.485,108.485,108.385,108.385,3913.0,201.0,108.437407
TROW,2026-09-09 15:55:00+00:00,108.37,108.38,108.31,108.335,7106.0,275.0,108.350463
TROW,2026-09-09 16:00:00+00:00,108.335,108.42,108.335,108.42,4516.0,229.0,108.377636
TROW,2026-09-09 16:05:00+00:00,108.4,108.4,108.29,108.32,10175.0,294.0,108.330183
TROW,2026-09-09 16:10:00+00:00,108.32,108.5,108.27,108.5,8447.0,273.0,108.333584
TROW,2026-09-09 16:15:00+00:00,108.46,108.47,108.39,108.43,4497.0,180.0,108.432903
TROW,2026-09-09 16:20:00+00:00,108.435,108.46,108.39,108.46,4706.0,207.0,108.412605
TROW,2026-09-09 16:25:00+00:00,108.53,108.53,108.44,108.44,6545.0,258.0,108.480124
TROW,2026-09-09 16:30:00+00:00,108.415,108.46,108.415,108.44,4815.0,204.0,108.434415
TROW,2026-09-09 16:35:00+00:00,108.46,108.47,108.455,108.455,2029.0,104.0,108.459375
TROW,2026-09-09 16:40:00+00:00,108.465,108.5299,108.43,108.495,5675.0,219.0,108.478957
TROW,2026-09-09 16:45:00+00:00,108.48,108.5,108.48,108.49,2285.0,135.0,108.493193
TROW,2026-09-09 16:50:00+00:00,108.52,108.53,108.36,108.36,7408.0,222.0,108.492346
TROW,2026-09-09 16:55:00+00:00,108.39,108.4,108.33,108.335,9281.0,221.0,108.347257
TROW,2026-09-09 17:00:00+00:00,108.32,108.33,108.27,108.3,7656.0,271.0,108.297714
TROW,2026-09-09 17:05:00+00:00,108.3,108.34,108.3,108.325,3759.0,163.0,108.322487
TROW,2026-09-09 17:10:00+00:00,108.29,108.435,108.29,108.41,9013.0,302.0,108.370798
TROW,2026-09-09 17:15:00+00:00,108.38,108.42,108.375,108.4,5120.0,202.0,108.396377
TROW,2026-09-09 17:20:00+00:00,108.42,108.5,108.42,108.475,4174.0,187.0,108.455058
TROW,2026-09-09 17:25:00+00:00,108.52,108.585,108.475,108.475,7015.0,262.0,108.528893
TROW,2026-09-09 17:30:00+00:00,108.485,108.52,108.435,108.48,5285.0,214.0,108.474079
TROW,2026-09-09 17:35:00+00:00,108.53,108.545,108.45,108.47,8288.0,251.0,108.514904
TROW,2026-09-09 17:40:00+00:00,108.5,108.5,108.445,108.47,7758.0,216.0,108.480597
TROW,2026-09-09 17:45:00+00:00,108.46,108.5199,108.45,108.49,4576.0,242.0,108.487355
TROW,2026-09-09 17:50:00+00:00,108.49,108.495,108.4,108.42,5261.0,266.0,108.460236
TROW,2026-09-09 17:55:00+00:00,108.405,108.42,108.36,108.37,5200.0,221.0,108.38844
TROW,2026-09-09 18:00:00+00:00,108.41,108.43,108.27,108.27,6032.0,264.0,108.378446
TROW,2026-09-09 18:05:00+00:00,108.3,108.3293,108.28,108.32,4882.0,208.0,108.303558
TROW,2026-09-09 18:10:00+00:00,108.305,108.305,108.215,108.235,3419.0,154.0,108.251839
TROW,2026-09-09 18:15:00+00:00,108.215,108.31,108.215,108.25,6529.0,226.0,108.24379
TROW,2026-09-09 18:20:00+00:00,108.24,108.29,108.24,108.27,5546.0,230.0,108.261106
TROW,2026-09-09 18:25:00+00:00,108.26,108.26,108.21,108.255,6269.0,204.0,108.247328
TROW,2026-09-09 18:30:00+00:00,108.255,108.34,108.25,108.325,5854.0,244.0,108.292115
TROW,2026-09-09 18:35:00+00:00,108.325,108.41,108.31,108.375,6459.0,266.0,108.341824
TROW,2026-09-09 18:40:00+00:00,108.4,108.4,108.275,108.295,14927.0,340.0,108.311369
TROW,2026-09-09 18:45:00+00:00,108.3,108.3,108.13,108.2,8050.0,327.0,108.233181
TROW,2026-09-09 18:50:00+00:00,108.2,108.2,108.13,108.13,8816.0,291.0,108.150985
TROW,2026-09-09 18:55:00+00:00,108.1,108.16,108.09,108.135,5742.0,203.0,108.130567
TROW,2026-09-09 19:00:00+00:00,108.135,108.245,108.135,108.24,9777.0,293.0,108.201574
TROW,2026-09-09 19:05:00+00:00,108.2,108.26,108.15,108.26,8095.0,300.0,108.191331
TROW,2026-09-09 19:10:00+00:00,108.27,108.375,108.25,108.33,10344.0,362.0,108.306428
TROW,2026-09-09 19:15:00+00:00,108.33,108.33,108.24,108.26,8885.0,306.0,108.291742
TROW,2026-09-09 19:20:00+00:00,108.29,108.37,108.26,108.285,14773.0,395.0,108.294469
TROW,2026-09-09 19:25:00+00:00,108.31,108.355,108.1901,108.1901,12369.0,378.0,108.281602
TROW,2026-09-09 19:30:00+00:00,108.215,108.29,108.12,108.15,31734.0,729.0,108.210878
TROW,2026-09-09 19:35:00+00:00,108.14,108.19,108.09,108.09,17227.0,489.0,108.153065
TROW,2026-09-09 19:40:00+00:00,108.07,108.11,108.01,108.035,23258.0,588.0,108.063108
TROW,2026-09-09 19:45:00+00:00,108.05,108.135,107.96,107.97,27420.0,764.0,108.020849
TROW,2026-09-09 19:50:00+00:00,107.92,107.96,107.67,107.8,49833.0,1083.0,107.766504
TROW,2026-09-09 19:55:00+00:00,107.78,107.855,107.71,107.77,111235.0,2685.0,107.784155
TROW,2026-09-09 20:00:00+00:00,107.74,107.74,107.74,107.74,357769.0,98.0,107.74
TROW,2026-09-09 20:10:00+00:00,107.74,107.74,107.74,107.74,1748.0,10.0,107.74
TROW,2026-09-10 13:25:00+00:00,107.51,107.51,107.31,107.51,497.0,27.0,107.443333
TROW,2026-09-10 13:30:00+00:00,107.68,107.83,106.75,106.83,41178.0,486.0,107.481258
TROW,2026-09-10 13:35:00+00:00,107.12,107.325,106.925,107.08,8746.0,268.0,107.086924
TROW,2026-09-10 13:40:00+00:00,107.055,107.63,106.96,107.2,6287.0,172.0,107.261687
TROW,2026-09-10 13:45:00+00:00,107.19,107.31,107.09,107.09,8011.0,301.0,107.208387
TROW,2026-09-10 13:50:00+00:00,106.97,107.18,106.87,107.145,4785.0,222.0,107.020944
TROW,2026-09-10 13:55:00+00:00,107.16,107.58,107.08,107.45,17160.0,374.0,107.370113
TROW,2026-09-10 14:00:00+00:00,107.5,107.57,107.43,107.43,7531.0,279.0,107.519255
TROW,2026-09-10 14:05:00+00:00,107.43,107.43,107.27,107.31,9889.0,285.0,107.354521
TROW,2026-09-10 14:10:00+00:00,107.36,107.52,107.215,107.465,10726.0,301.0,107.333632
TROW,2026-09-10 14:15:00+00:00,107.46,107.675,107.45,107.45,10126.0,304.0,107.576207
TROW,2026-09-10 14:20:00+00:00,107.6,108.01,107.575,107.84,12887.0,316.0,107.695205
TROW,2026-09-10 14:25:00+00:00,107.955,107.955,107.62,107.62,8279.0,203.0,107.879386
TROW,2026-09-10 14:30:00+00:00,107.635,107.71,107.5,107.71,5197.0,192.0,107.612632
TROW,2026-09-10 14:35:00+00:00,107.61,107.675,107.505,107.505,4201.0,190.0,107.615698
TROW,2026-09-10 14:40:00+00:00,107.57,107.7,107.57,107.63,5916.0,214.0,107.629726
TROW,2026-09-10 14:45:00+00:00,107.62,107.91,107.61,107.845,4526.0,184.0,107.729609
TROW,2026-09-10 14:50:00+00:00,107.91,107.9886,107.845,107.87,4086.0,175.0,107.89296
TROW,2026-09-10 14:55:00+00:00,107.895,107.895,107.65,107.685,8794.0,261.0,107.759537
TROW,2026-09-10 15:00:00+00:00,107.685,107.73,107.6,107.73,15098.0,294.0,107.642177
TROW,2026-09-10 15:05:00+00:00,107.735,107.935,107.735,107.89,7475.0,307.0,107.825579
TROW,2026-09-10 15:10:00+00:00,107.94,107.945,107.86,107.87,4008.0,179.0,107.902132
TROW,2026-09-10 15:15:00+00:00,107.89,108.12,107.89,108.12,4603.0,217.0,107.963087
TROW,2026-09-10 15:20:00+00:00,108.12,108.12,107.94,108.065,9375.0,309.0,108.034526
TROW,2026-09-10 15:25:00+00:00,108.065,108.065,107.94,107.965,5457.0,228.0,108.005876
TROW,2026-09-10 15:30:00+00:00,107.975,108.087,107.97,108.03,6249.0,261.0,108.03544
TROW,2026-09-10 15:35:00+00:00,108.07,108.147,107.92,107.92,7508.0,267.0,108.066394
TROW,2026-09-10 15:40:00+00:00,107.92,107.92,107.755,107.76,4928.0,214.0,107.813484
TROW,2026-09-10 15:45:00+00:00,107.795,107.831,107.71,107.81,4464.0,188.0,107.779925
TROW,2026-09-10 15:50:00+00:00,107.79,107.79,107.73,107.74,3023.0,168.0,107.761277
TROW,2026-09-10 15:55:00+00:00,107.72,107.77,107.69,107.72,4789.0,262.0,107.734891
TROW,2026-09-10 16:00:00+00:00,107.735,107.78,107.64,107.74,4990.0,247.0,107.71936
TROW,2026-09-10 16:05:00+00:00,107.74,107.8,107.66,107.66,4711.0,152.0,107.731817
TROW,2026-09-10 16:10:00+00:00,107.7,107.77,107.66,107.74,6836.0,229.0,107.720792
TROW,2026-09-10 16:15:00+00:00,107.78,107.9384,107.78,107.9,3274.0,195.0,107.866364
TROW,2026-09-10 16:20:00+00:00,107.885,107.91,107.84,107.87,5894.0,225.0,107.868949
TROW,2026-09-10 16:25:00+00:00,107.84,107.84,107.75,107.765,10125.0,315.0,107.790641
TROW,2026-09-10 16:30:00+00:00,107.74,107.74,107.64,107.64,8033.0,306.0,107.692954
TROW,2026-09-10 16:35:00+00:00,107.62,107.8,107.62,107.77,5081.0,210.0,107.725775
TROW,2026-09-10 16:40:00+00:00,107.76,107.76,107.69,107.73,4042.0,190.0,107.735344
TROW,2026-09-10 16:45:00+00:00,107.73,107.805,107.71,107.77,5099.0,227.0,107.769971
TROW,2026-09-10 16:50:00+00:00,107.75,107.8,107.73,107.785,10531.0,249.0,107.760859
TROW,2026-09-10 16:55:00+00:00,107.7833,107.83,107.74,107.79,7066.0,299.0,107.77731
TROW,2026-09-10 17:00:00+00:00,107.795,107.99,107.795,107.83,15010.0,504.0,107.887574
TROW,2026-09-10 17:05:00+00:00,107.865,107.94,107.82,107.82,11513.0,356.0,107.865688
TROW,2026-09-10 17:10:00+00:00,107.7675,107.785,107.7,107.7375,8633.0,192.0,107.71766
TROW,2026-09-10 17:15:00+00:00,107.69,107.74,107.685,107.7,8116.0,247.0,107.70873
TROW,2026-09-10 17:20:00+00:00,107.68,107.705,107.6201,107.6201,5146.0,209.0,107.671229
TROW,2026-09-10 17:25:00+00:00,107.66,107.7099,107.635,107.64,7752.0,284.0,107.668081
TROW,2026-09-10 17:30:00+00:00,107.645,107.74,107.61,107.74,5470.0,218.0,107.683955
TROW,2026-09-10 17:35:00+00:00,107.705,107.705,107.6,107.6,5854.0,243.0,107.660769
TROW,2026-09-10 17:40:00+00:00,107.615,107.64,107.44,107.45,6122.0,259.0,107.550998
TROW,2026-09-10 17:45:00+00:00,107.44,107.53,107.44,107.5,5483.0,235.0,107.504773
TROW,2026-09-10 17:50:00+00:00,107.52,107.57,107.51,107.56,5522.0,200.0,107.5303
TROW,2026-09-10 17:55:00+00:00,107.53,107.62,107.52,107.6,3461.0,243.0,107.564211
TROW,2026-09-10 18:00:00+00:00,107.625,107.69,107.55,107.58,8419.0,303.0,107.604792
TROW,2026-09-10 18:05:00+00:00,107.58,107.58,107.5,107.5,6163.0,268.0,107.546778
TROW,2026-09-10 18:10:00+00:00,107.52,107.59,107.52,107.58,12156.0,368.0,107.557705
TROW,2026-09-10 18:15:00+00:00,107.58,107.65,107.56,107.63,4994.0,247.0,107.61494
TROW,2026-09-10 18:20:00+00:00,107.61,107.625,107.58,107.625,7789.0,312.0,107.595011
TROW,2026-09-10 18:25:00+00:00,107.605,107.61,107.525,107.525,9252.0,382.0,107.57627
TROW,2026-09-10 18:30:00+00:00,107.5,107.519,107.4,107.435,6228.0,279.0,107.461455
TROW,2026-09-10 18:35:00+00:00,107.435,107.51,107.43,107.465,7826.0,290.0,107.468832
TROW,2026-09-10 18:40:00+00:00,107.5,107.52,107.44,107.5,9190.0,280.0,107.492074
TROW,2026-09-10 18:45:00+00:00,107.48,107.51,107.44,107.44,14455.0,470.0,107.479076
TROW,2026-09-10 18:50:00+00:00,107.43,107.59,107.42,107.48,12955.0,520.0,107.484097
TROW,2026-09-10 18:55:00+00:00,107.5,107.525,107.48,107.48,8969.0,349.0,107.502421
TROW,2026-09-10 19:00:00+00:00,107.47,107.51,107.435,107.45,9892.0,291.0,107.473443
TROW,2026-09-10 19:05:00+00:00,107.43,107.615,107.43,107.615,9653.0,367.0,107.529948
TROW,2026-09-10 19:10:00+00:00,107.62,107.62,107.53,107.585,7167.0,279.0,107.569546
TROW,2026-09-10 19:15:00+00:00,107.585,107.585,107.45,107.555,16041.0,472.0,107.53925
TROW,2026-09-10 19:20:00+00:00,107.55,107.64,107.52,107.64,9950.0,334.0,107.570455
TROW,2026-09-10 19:25:00+00:00,107.635,107.635,107.54,107.55,10799.0,385.0,107.574426
TROW,2026-09-10 19:30:00+00:00,107.54,107.57,107.46,107.565,17979.0,550.0,107.515763
TROW,2026-09-10 19:35:00+00:00,107.53,107.62,107.51,107.615,15161.0,471.0,107.54922
TROW,2026-09-10 19:40:00+00:00,107.615,107.63,107.5,107.54,19097.0,538.0,107.57318
TROW,2026-09-10 19:45:00+00:00,107.55,107.57,107.475,107.52,18378.0,482.0,107.52893
TROW,2026-09-10 19:50:00+00:00,107.52,107.595,107.44,107.595,45018.0,1046.0,107.501022
TROW,2026-09-10 19:55:00+00:00,107.53,107.58,107.42,107.57,99175.0,2363.0,107.530509
TROW,2026-09-10 20:00:00+00:00,107.55,107.55,107.55,107.55,270049.0,59.0,107.55
TROW,2026-09-10 21:00:00+00:00,107.55,107.55,107.55,107.55,936.0,1.0,107.55
TROW,2026-09-10 22:20:00+00:00,107.55,107.55,107.55,107.55,200.0,1.0,107.55
TROW,2026-09-11 13:00:00+00:00,108.88,108.88,108.88,108.88,200.0,2.0,108.88
TROW,2026-09-11 13:30:00+00:00,108.54,108.77,107.72,107.72,26506.0,451.0,108.381242
TROW,2026-09-11 13:35:00+00:00,107.66,107.82,106.38,106.38,81014.0,1122.0,107.353599
TROW,2026-09-11 13:40:00+00:00,106.385,106.6,105.8001,105.975,69669.0,730.0,106.30871
TROW,2026-09-11 13:45:00+00:00,105.87,106.37,105.605,105.71,14245.0,349.0,106.019558
TROW,2026-09-11 13:50:00+00:00,105.92,106.45,105.83,106.18,10981.0,356.0,106.147763
TROW,2026-09-11 13:55:00+00:00,106.17,106.58,106.17,106.58,7861.0,273.0,106.384373
TROW,2026-09-11 14:00:00+00:00,106.44,106.73,106.325,106.73,11670.0,304.0,106.546671
TROW,2026-09-11 14:05:00+00:00,106.78,107.36,106.655,107.165,19818.0,486.0,107.096913
TROW,2026-09-11 14:10:00+00:00,107.16,107.165,106.345,106.345,15350.0,426.0,106.875958
TROW,2026-09-11 14:15:00+00:00,106.25,106.55,106.25,106.55,10436.0,339.0,106.372849
TROW,2026-09-11 14:20:00+00:00,106.6,106.61,106.31,106.42,7973.0,292.0,106.38366
TROW,2026-09-11 14:25:00+00:00,106.36,106.46,106.29,106.46,8587.0,337.0,106.374233
TROW,2026-09-11 14:30:00+00:00,106.455,106.455,106.255,106.305,9272.0,324.0,106.394992
TROW,2026-09-11 14:35:00+00:00,106.36,106.39,106.25,106.25,4378.0,170.0,106.340572
TROW,2026-09-11 14:40:00+00:00,106.28,106.48,106.28,106.35,5863.0,301.0,106.351168
TROW,2026-09-11 14:45:00+00:00,106.37,107.0,106.37,107.0,10830.0,504.0,106.629588
TROW,2026-09-11 14:50:00+00:00,106.93,106.93,106.76,106.76,4910.0,225.0,106.819237
TROW,2026-09-11 14:55:00+00:00,106.81,106.8799,106.66,106.74,17512.0,418.0,106.770424
TROW,2026-09-11 15:00:00+00:00,106.735,106.735,106.44,106.625,8560.0,337.0,106.593051
TROW,2026-09-11 15:05:00+00:00,106.58,106.82,106.575,106.64,8115.0,312.0,106.666491
TROW,2026-09-11 15:10:00+00:00,106.5,106.775,106.5,106.74,7742.0,341.0,106.640621
TROW,2026-09-11 15:15:00+00:00,106.78,106.78,106.56,106.76,7448.0,328.0,106.661003
TROW,2026-09-11 15:20:00+00:00,106.755,106.79,106.68,106.77,6637.0,301.0,106.752128
TROW,2026-09-11 15:25:00+00:00,106.75,106.75,106.56,106.58,5811.0,250.0,106.64218
TROW,2026-09-11 15:30:00+00:00,106.555,106.66,106.5301,106.605,8447.0,282.0,106.59378
TROW,2026-09-11 15:35:00+00:00,106.61,106.7,106.605,106.7,8320.0,319.0,106.644601
TROW,2026-09-11 15:40:00+00:00,106.73,106.77,106.73,106.76,4528.0,225.0,106.753333
TROW,2026-09-11 15:45:00+00:00,106.75,106.765,106.68,106.68,4056.0,196.0,106.733056
TROW,2026-09-11 15:50:00+00:00,106.68,106.77,106.53,106.59,24786.0,448.0,106.690589
TROW,2026-09-11 15:55:00+00:00,106.595,106.865,106.595,106.865,7917.0,287.0,106.680822
TROW,2026-09-11 16:00:00+00:00,106.865,106.9275,106.79,106.91,15569.0,454.0,106.8535
TROW,2026-09-11 16:05:00+00:00,106.92,106.94,106.82,106.825,8143.0,253.0,106.888229
TROW,2026-09-11 16:10:00+00:00,106.82,106.91,106.82,106.87,2606.0,134.0,106.873915
TROW,2026-09-11 16:15:00+00:00,106.84,107.105,106.83,107.0,10320.0,302.0,106.919164
TROW,2026-09-11 16:20:00+00:00,107.0,107.09,106.98,107.09,7427.0,257.0,107.039639
TROW,2026-09-11 16:25:00+00:00,107.09,107.095,107.0,107.025,7251.0,191.0,107.046877
TROW,2026-09-11 16:30:00+00:00,107.025,107.22,107.01,107.205,12864.0,357.0,107.096409
TROW,2026-09-11 16:35:00+00:00,107.25,107.255,107.04,107.04,7828.0,285.0,107.123261
TROW,2026-09-11 16:40:00+00:00,107.04,107.04,106.94,107.04,12669.0,351.0,106.983466
TROW,2026-09-11 16:45:00+00:00,107.055,107.06,106.93,106.965,17892.0,412.0,106.999623
TROW,2026-09-11 16:50:00+00:00,106.965,106.98,106.69,106.69,14238.0,364.0,106.90481
TROW,2026-09-11 16:55:00+00:00,106.63,106.67,106.565,106.565,6562.0,263.0,106.617182
TROW,2026-09-11 17:00:00+00:00,106.61,106.61,106.455,106.6,9804.0,294.0,106.554309
TROW,2026-09-11 17:05:00+00:00,106.6,106.7,106.46,106.5,14498.0,381.0,106.55493
TROW,2026-09-11 17:10:00+00:00,106.53,106.58,106.44,106.515,9938.0,241.0,106.503593
TROW,2026-09-11 17:15:00+00:00,106.51,106.545,106.495,106.52,6840.0,255.0,106.5134
TROW,2026-09-11 17:20:00+00:00,106.545,106.5777,106.5001,106.525,6087.0,228.0,106.532984
TROW,2026-09-11 17:25:00+00:00,106.55,106.59,106.55,106.57,6863.0,292.0,106.564656
TROW,2026-09-11 17:30:00+00:00,106.575,106.665,106.575,106.665,6949.0,288.0,106.624331
TROW,2026-09-11 17:35:00+00:00,106.66,106.66,106.42,106.455,9232.0,320.0,106.49774
TROW,2026-09-11 17:40:00+00:00,106.48,106.5529,106.44,106.47,6720.0,309.0,106.486533
TROW,2026-09-11 17:45:00+00:00,106.44,106.56,106.44,106.5,3452.0,180.0,106.515903
TROW,2026-09-11 17:50:00+00:00,106.535,106.6,106.5,106.6,5796.0,253.0,106.532652
TROW,2026-09-11 17:55:00+00:00,106.54,106.56,106.47,106.56,6182.0,260.0,106.497826
TROW,2026-09-11 18:00:00+00:00,106.655,106.655,106.57,106.58,3034.0,142.0,106.585314
TROW,2026-09-11 18:05:00+00:00,106.55,106.59,106.535,106.565,4288.0,193.0,106.562273
TROW,2026-09-11 18:10:00+00:00,106.53,106.56,106.48,106.51,8419.0,323.0,106.51302
TROW,2026-09-11 18:15:00+00:00,106.52,106.665,106.52,106.595,5367.0,210.0,106.572408
TROW,2026-09-11 18:20:00+00:00,106.55,106.6,106.435,106.435,8622.0,398.0,106.536573
TROW,2026-09-11 18:25:00+00:00,106.4425,106.4425,106.275,106.275,13737.0,412.0,106.351661
TROW,2026-09-11 18:30:00+00:00,106.315,106.3445,106.24,106.27,8210.0,302.0,106.276008
TROW,2026-09-11 18:35:00+00:00,106.275,106.3,106.24,106.27,6221.0,268.0,106.281294
TROW,2026-09-11 18:40:00+00:00,106.2,106.21,106.16,106.18,6486.0,300.0,106.187794
TROW,2026-09-11 18:45:00+00:00,106.15,106.155,106.12,106.135,7219.0,317.0,106.143263
TROW,2026-09-11 18:50:00+00:00,106.14,106.21,106.14,106.185,7180.0,299.0,106.166898
TROW,2026-09-11 18:55:00+00:00,106.19,106.2999,106.18,106.2,21310.0,614.0,106.241639
TROW,2026-09-11 19:00:00+00:00,106.2,106.26,106.2,106.255,3953.0,164.0,106.226852
TROW,2026-09-11 19:05:00+00:00,106.24,106.295,106.2,106.25,6435.0,324.0,106.237516
TROW,2026-09-11 19:10:00+00:00,106.255,106.315,106.1948,106.26,13209.0,434.0,106.238564
TROW,2026-09-11 19:15:00+00:00,106.26,106.36,106.23,106.2975,10112.0,434.0,106.26634
TROW,2026-09-11 19:20:00+00:00,106.27,106.3,106.21,106.25,12695.0,419.0,106.25237
TROW,2026-09-11 19:25:00+00:00,106.25,106.34,106.23,106.26,15385.0,509.0,106.269612
TROW,2026-09-11 19:30:00+00:00,106.265,106.3,106.17,106.175,17553.0,672.0,106.245012
TROW,2026-09-11 19:35:00+00:00,106.2,106.27,106.2,106.23,19227.0,568.0,106.229374
TROW,2026-09-11 19:40:00+00:00,106.2225,106.28,106.14,106.25,31260.0,985.0,106.216598
TROW,2026-09-11 19:45:00+00:00,106.235,106.33,106.15,106.315,25850.0,876.0,106.231378
TROW,2026-09-11 19:50:00+00:00,106.3,106.38,106.205,106.305,43426.0,1473.0,106.293506
TROW,2026-09-11 19:55:00+00:00,106.3,106.34,106.2,106.27,101197.0,2796.0,106.27157
TROW,2026-09-11 20:00:00+00:00,106.29,106.29,106.29,106.29,434078.0,109.0,106.29
TROW,2026-09-14 08:00:00+00:00,106.49,106.53,106.49,106.53,503.0,11.0,106.514436
TROW,2026-09-14 09:15:00+00:00,106.7,106.7,106.7,106.7,100.0,1.0,106.7
TROW,2026-09-14 11:10:00+00:00,106.44,106.49,106.41,106.45,865.0,12.0,106.45617
TROW,2026-09-14 11:20:00+00:00,106.47,106.47,106.47,106.47,420.0,5.0,106.47
TROW,2026-09-14 11:40:00+00:00,106.465,106.465,106.465,106.465,803.0,15.0,106.465
TROW,2026-09-14 11:50:00+00:00,106.4,106.4,106.4,106.4,100.0,1.0,106.4
TROW,2026-09-14 12:05:00+00:00,106.32,106.32,106.32,106.32,117.0,2.0,106.32
TROW,2026-09-14 13:30:00+00:00,106.425,106.74,106.18,106.63,49698.0,467.0,106.423531
TROW,2026-09-14 13:35:00+00:00,106.48,106.84,106.45,106.705,13815.0,217.0,106.688917
TROW,2026-09-14 13:40:00+00:00,106.81,106.985,106.53,106.785,11132.0,244.0,106.759075
TROW,2026-09-14 13:45:00+00:00,106.58,106.58,106.25,106.3,8243.0,229.0,106.433706
TROW,2026-09-14 13:50:00+00:00,106.36,106.8935,106.335,106.63,8715.0,305.0,106.507024
TROW,2026-09-14 13:55:00+00:00,106.55,106.7125,106.33,106.34,12202.0,268.0,106.488296
TROW,2026-09-14 14:00:00+00:00,106.38,106.56,106.33,106.435,9967.0,340.0,106.444048
TROW,2026-09-14 14:05:00+00:00,106.51,106.51,106.38,106.38,7147.0,307.0,106.453985
TROW,2026-09-14 14:10:00+00:00,106.31,106.36,106.28,106.355,4352.0,207.0,106.342275
TROW,2026-09-14 14:15:00+00:00,106.4,106.5926,106.4,106.465,14586.0,282.0,106.505728
TROW,2026-09-14 14:20:00+00:00,106.43,106.43,106.275,106.325,5799.0,309.0,106.330384
TROW,2026-09-14 14:25:00+00:00,106.305,106.38,106.13,106.16,9540.0,375.0,106.237421
TROW,2026-09-14 14:30:00+00:00,106.1,106.3281,106.1,106.3281,5909.0,260.0,106.214405
TROW,2026-09-14 14:35:00+00:00,106.27,106.31,106.175,106.26,6043.0,268.0,106.244075
TROW,2026-09-14 14:40:00+00:00,106.2329,106.31,106.21,106.21,3400.0,129.0,106.255178
TROW,2026-09-14 14:45:00+00:00,106.21,106.28,106.13,106.16,7466.0,338.0,106.198565
TROW,2026-09-14 14:50:00+00:00,106.16,106.23,106.09,106.11,18791.0,373.0,106.19504
TROW,2026-09-14 14:55:00+00:00,106.08,106.18,106.04,106.18,4798.0,232.0,106.116341
TROW,2026-09-14 15:00:00+00:00,106.06,106.23,106.04,106.2063,5141.0,231.0,106.099717
TROW,2026-09-14 15:05:00+00:00,106.16,106.41,106.14,106.16,9855.0,396.0,106.281553
TROW,2026-09-14 15:10:00+00:00,106.1,106.14,105.955,106.015,6963.0,247.0,106.011227
TROW,2026-09-14 15:15:00+00:00,105.96,106.0799,105.925,105.925,5996.0,209.0,105.963447
TROW,2026-09-14 15:20:00+00:00,105.925,106.03,105.88,105.88,6791.0,282.0,105.967686
TROW,2026-09-14 15:25:00+00:00,105.87,105.9,105.8149,105.86,4717.0,239.0,105.861352
TROW,2026-09-14 15:30:00+00:00,105.85,105.965,105.8,105.89,6565.0,320.0,105.884288
TROW,2026-09-14 15:35:00+00:00,105.88,105.945,105.69,105.945,7970.0,299.0,105.806111
TROW,2026-09-14 15:40:00+00:00,106.0,106.17,105.97,106.17,4339.0,193.0,106.038454
TROW,2026-09-14 15:45:00+00:00,106.27,106.3978,106.1,106.3978,5921.0,235.0,106.178861
TROW,2026-09-14 15:50:00+00:00,106.3057,106.43,106.3057,106.43,3572.0,139.0,106.356189
TROW,2026-09-14 15:55:00+00:00,106.37,106.425,106.37,106.39,2718.0,124.0,106.404167
TROW,2026-09-14 16:00:00+00:00,106.41,106.485,106.32,106.43,4692.0,215.0,106.39805
TROW,2026-09-14 16:05:00+00:00,106.4,106.43,106.4,106.425,3119.0,83.0,106.407797
TROW,2026-09-14 16:10:00+00:00,106.41,106.41,106.31,106.36,4029.0,137.0,106.360855
TROW,2026-09-14 16:15:00+00:00,106.35,106.4,106.27,106.4,4246.0,177.0,106.336878
TROW,2026-09-14 16:20:00+00:00,106.4,106.47,106.4,106.44,4971.0,171.0,106.443266
TROW,2026-09-14 16:25:00+00:00,106.4,106.47,106.3,106.43,15843.0,288.0,106.414407
TROW,2026-09-14 16:30:00+00:00,106.5,106.62,106.4401,106.52,4417.0,177.0,106.521685
TROW,2026-09-14 16:35:00+00:00,106.525,106.55,106.48,106.55,9017.0,183.0,106.509733
TROW,2026-09-14 16:40:00+00:00,106.56,106.6,106.56,106.58,11350.0,80.0,106.596786
TROW,2026-09-14 16:45:00+00:00,106.58,106.795,106.52,106.795,8121.0,262.0,106.631936
TROW,2026-09-14 16:50:00+00:00,106.71,106.8255,106.71,106.76,4996.0,129.0,106.75901
TROW,2026-09-14 16:55:00+00:00,106.71,106.71,106.46,106.52,6156.0,241.0,106.55861
TROW,2026-09-14 17:00:00+00:00,106.52,106.52,106.46,106.465,2983.0,93.0,106.481311
TROW,2026-09-14 17:05:00+00:00,106.43,106.475,106.28,106.28,6743.0,191.0,106.436881
TROW,2026-09-14 17:10:00+00:00,106.27,106.27,106.05,106.05,3956.0,151.0,106.204725
TROW,2026-09-14 17:15:00+00:00,106.03,106.04,105.95,106.0,11236.0,347.0,106.000213
TROW,2026-09-14 17:20:00+00:00,106.02,106.03,105.89,105.94,6211.0,213.0,105.979258
TROW,2026-09-14 17:25:00+00:00,105.85,106.06,105.85,105.995,7236.0,204.0,105.933771
TROW,2026-09-14 17:30:00+00:00,105.995,106.0981,105.965,105.965,10065.0,249.0,106.045005
TROW,2026-09-14 17:35:00+00:00,105.965,106.015,105.96,105.97,5198.0,202.0,105.983586
TROW,2026-09-14 17:40:00+00:00,105.91,105.91,105.75,105.79,4525.0,173.0,105.805186
TROW,2026-09-14 17:45:00+00:00,105.84,105.86,105.7,105.7,11083.0,213.0,105.800116
TROW,2026-09-14 17:50:00+00:00,105.66,105.7,105.58,105.58,15805.0,326.0,105.595979
TROW,2026-09-14 17:55:00+00:00,105.58,105.65,105.57,105.64,5742.0,194.0,105.60393
TROW,2026-09-14 18:00:00+00:00,105.605,105.6699,105.51,105.51,8146.0,235.0,105.583864
TROW,2026-09-14 18:05:00+00:00,105.47,105.55,105.38,105.45,7773.0,297.0,105.441386
TROW,2026-09-14 18:10:00+00:00,105.44,105.45,105.325,105.33,4140.0,177.0,105.36919
TROW,2026-09-14 18:15:00+00:00,105.37,105.42,105.33,105.41,9131.0,269.0,105.395354
TROW,2026-09-14 18:20:00+00:00,105.4,105.4,105.275,105.29,8811.0,310.0,105.332269
TROW,2026-09-14 18:25:00+00:00,105.29,105.29,105.17,105.18,7831.0,252.0,105.243147
TROW,2026-09-14 18:30:00+00:00,105.18,105.18,105.13,105.135,6919.0,197.0,105.150762
TROW,2026-09-14 18:35:00+00:00,105.13,105.25,105.1041,105.235,5552.0,209.0,105.178785
TROW,2026-09-14 18:40:00+00:00,105.22,105.6,105.22,105.6,12990.0,338.0,105.368636
TROW,2026-09-14 18:45:00+00:00,105.6,105.64,105.53,105.6,10378.0,355.0,105.578559
TROW,2026-09-14 18:50:00+00:00,105.56,105.56,105.465,105.54,4997.0,238.0,105.510938
TROW,2026-09-14 18:55:00+00:00,105.51,105.58,105.51,105.58,7014.0,263.0,105.550068
TROW,2026-09-14 19:00:00+00:00,105.55,105.65,105.55,105.65,6974.0,291.0,105.590142
TROW,2026-09-14 19:05:00+00:00,105.62,105.63,105.59,105.59,7133.0,283.0,105.607608
TROW,2026-09-14 19:10:00+00:00,105.59,105.7,105.59,105.69,24945.0,403.0,105.623665
TROW,2026-09-14 19:15:00+00:00,105.69,105.8499,105.69,105.74,8808.0,290.0,105.740601
TROW,2026-09-14 19:20:00+00:00,105.71,105.73,105.63,105.73,11829.0,383.0,105.690707
TROW,2026-09-14 19:25:00+00:00,105.71,105.71,105.64,105.66,13909.0,404.0,105.675223
TROW,2026-09-14 19:30:00+00:00,105.655,105.77,105.655,105.72,11544.0,383.0,105.718125
TROW,2026-09-14 19:35:00+00:00,105.715,105.715,105.63,105.695,18642.0,448.0,105.684557
TROW,2026-09-14 19:40:00+00:00,105.69,105.705,105.64,105.66,14186.0,448.0,105.667275
TROW,2026-09-14 19:45:00+00:00,105.64,105.68,105.57,105.57,22111.0,505.0,105.63546
TROW,2026-09-14 19:50:00+00:00,105.55,105.87,105.36,105.7,62579.0,1265.0,105.604141
TROW,2026-09-14 19:55:00+00:00,105.705,105.84,105.705,105.82,86133.0,2330.0,105.778537
TROW,2026-09-14 20:00:00+00:00,105.8,105.8,105.8,105.8,1026390.0,80.0,105.8
TROW,2026-09-15 09:20:00+00:00,102.81,102.81,102.81,102.81,362.0,21.0,102.81
TROW,2026-09-15 13:30:00+00:00,104.7,104.8499,103.7174,103.7174,27714.0,393.0,104.495871
TROW,2026-09-15 13:35:00+00:00,103.785,104.005,103.5866,103.67,6737.0,257.0,103.777349
TROW,2026-09-15 13:40:00+00:00,103.6794,104.015,103.6794,103.8725,5919.0,267.0,103.773488
TROW,2026-09-15 13:45:00+00:00,103.59,103.86,103.59,103.85,3655.0,264.0,103.770619
TROW,2026-09-15 13:50:00+00:00,103.95,104.19,103.845,104.165,6221.0,250.0,104.04803
TROW,2026-09-15 13:55:00+00:00,104.32,104.32,104.01,104.1,7213.0,265.0,104.186084
TROW,2026-09-15 14:00:00+00:00,104.2,104.225,104.025,104.075,8265.0,380.0,104.117229
TROW,2026-09-15 14:05:00+00:00,104.08,104.09,103.93,104.04,9367.0,390.0,103.99356
TROW,2026-09-15 14:10:00+00:00,104.045,104.045,103.9,103.92,8364.0,262.0,103.933705
TROW,2026-09-15 14:15:00+00:00,103.92,104.025,103.775,103.935,13673.0,331.0,103.932518
TROW,2026-09-15 14:20:00+00:00,103.935,104.25,103.91,104.24,46645.0,611.0,104.131137
TROW,2026-09-15 14:25:00+00:00,104.26,104.26,104.08,104.11,11147.0,265.0,104.139763
TROW,2026-09-15 14:30:00+00:00,104.08,104.16,104.0,104.12,11674.0,393.0,104.086367
TROW,2026-09-15 14:35:00+00:00,104.165,104.22,104.13,104.18,10262.0,333.0,104.164489
TROW,2026-09-15 14:40:00+00:00,104.175,104.24,104.15,104.22,13980.0,358.0,104.209124
TROW,2026-09-15 14:45:00+00:00,104.23,104.28,104.05,104.125,44623.0,470.0,104.146977
TROW,2026-09-15 14:50:00+00:00,104.08,104.17,104.07,104.12,7993.0,285.0,104.127064
TROW,2026-09-15 14:55:00+00:00,104.2,104.26,104.13,104.245,10881.0,387.0,104.190066
TROW,2026-09-15 15:00:00+00:00,104.2395,104.3,104.15,104.19,20572.0,364.0,104.258298
TROW,2026-09-15 15:05:00+00:00,104.15,104.235,104.15,104.18,12022.0,327.0,104.193492
TROW,2026-09-15 15:10:00+00:00,104.14,104.14,104.0401,104.09,15548.0,287.0,104.086086
TROW,2026-09-15 15:15:00+00:00,104.125,104.205,104.115,104.205,9134.0,208.0,104.143551
TROW,2026-09-15 15:20:00+00:00,104.17,104.54,104.17,104.51,23710.0,493.0,104.366791
TROW,2026-09-15 15:25:00+00:00,104.485,104.62,104.41,104.61,44793.0,582.0,104.490803
TROW,2026-09-15 15:30:00+00:00,104.66,104.86,104.65,104.86,24076.0,436.0,104.75292
TROW,2026-09-15 15:35:00+00:00,104.855,104.89,104.6375,104.89,46193.0,518.0,104.776253
TROW,2026-09-15 15:40:00+00:00,104.9,105.085,104.8101,104.99,28963.0,522.0,104.968715
TROW,2026-09-15 15:45:00+00:00,104.975,105.12,104.94,105.0,40452.0,651.0,105.040504
TROW,2026-09-15 15:50:00+00:00,105.04,105.14,104.98,105.0,58059.0,577.0,105.069109
TROW,2026-09-15 15:55:00+00:00,104.98,105.02,104.91,104.955,31603.0,369.0,104.98329
TROW,2026-09-15 16:00:00+00:00,104.955,104.955,104.72,104.76,42643.0,524.0,104.860035
TROW,2026-09-15 16:05:00+00:00,104.75,104.81,104.61,104.61,12616.0,225.0,104.757678
TROW,2026-09-15 16:10:00+00:00,104.66,104.73,104.635,104.675,8771.0,227.0,104.679975
TROW,2026-09-15 16:15:00+00:00,104.68,104.71,104.56,104.61,11119.0,273.0,104.642445
TROW,2026-09-15 16:20:00+00:00,104.61,104.61,104.455,104.55,8161.0,373.0,104.521648
TROW,2026-09-15 16:25:00+00:00,104.54,104.56,104.51,104.53,5339.0,196.0,104.530115
TROW,2026-09-15 16:30:00+00:00,104.62,104.71,104.56,104.6,11207.0,334.0,104.655424
TROW,2026-09-15 16:35:00+00:00,104.61,104.61,104.4,104.4,12611.0,322.0,104.533915
TROW,2026-09-15 16:40:00+00:00,104.4,104.76,104.37,104.725,29111.0,520.0,104.603956
TROW,2026-09-15 16:45:00+00:00,104.73,104.91,104.695,104.82,5663.0,250.0,104.776376
TROW,2026-09-15 16:50:00+00:00,104.795,104.91,104.76,104.88,13070.0,347.0,104.820502
TROW,2026-09-15 16:55:00+00:00,104.9298,105.01,104.86,104.86,26757.0,521.0,104.929281
TROW,2026-09-15 17:00:00+00:00,104.88,104.97,104.83,104.865,7930.0,221.0,104.901895
TROW,2026-09-15 17:05:00+00:00,104.865,104.865,104.617,104.6451,10671.0,230.0,104.77191
TROW,2026-09-15 17:10:00+00:00,104.68,104.77,104.68,104.74,9627.0,299.0,104.727308
TROW,2026-09-15 17:15:00+00:00,104.72,104.77,104.64,104.675,6892.0,199.0,104.708118
TROW,2026-09-15 17:20:00+00:00,104.675,104.7,104.64,104.69,6963.0,246.0,104.67822
TROW,2026-09-15 17:25:00+00:00,104.7,104.77,104.685,104.725,6825.0,312.0,104.733182
TROW,2026-09-15 17:30:00+00:00,104.74,104.88,104.74,104.78,14652.0,388.0,104.829529
TROW,2026-09-15 17:35:00+00:00,104.79,104.855,104.79,104.855,5141.0,198.0,104.812979
TROW,2026-09-15 17:40:00+00:00,104.85,104.935,104.85,104.91,8917.0,288.0,104.885587
TROW,2026-09-15 17:45:00+00:00,104.92,105.005,104.89,104.92,11219.0,366.0,104.942664
TROW,2026-09-15 17:50:00+00:00,104.92,104.92,104.76,104.76,8664.0,247.0,104.836317
TROW,2026-09-15 17:55:00+00:00,104.75,104.88,104.75,104.85,9810.0,302.0,104.809796
TROW,2026-09-15 18:00:00+00:00,104.855,104.86,104.78,104.78,8746.0,244.0,104.808148
TROW,2026-09-15 18:05:00+00:00,104.78,104.95,104.78,104.92,13647.0,324.0,104.905086
TROW,2026-09-15 18:10:00+00:00,104.94,105.0,104.94,104.965,9412.0,325.0,104.965687
TROW,2026-09-15 18:15:00+00:00,104.97,104.99,104.915,104.915,7575.0,239.0,104.952175
TROW,2026-09-15 18:20:00+00:00,104.94,104.98,104.77,104.77,9235.0,355.0,104.907018
TROW,2026-09-15 18:25:00+00:00,104.755,104.76,104.58,104.58,10145.0,276.0,104.679286
TROW,2026-09-15 18:30:00+00:00,104.57,104.6,104.51,104.57,9573.0,285.0,104.566336
TROW,2026-09-15 18:35:00+00:00,104.56,104.62,104.49,104.53,8677.0,302.0,104.543574
TROW,2026-09-15 18:40:00+00:00,104.5,104.615,104.5,104.56,5082.0,163.0,104.549235
TROW,2026-09-15 18:45:00+00:00,104.54,104.58,104.43,104.495,12516.0,404.0,104.510414
TROW,2026-09-15 18:50:00+00:00,104.53,104.63,104.53,104.6,9672.0,371.0,104.595541
TROW,2026-09-15 18:55:00+00:00,104.63,104.83,104.61,104.83,10953.0,386.0,104.728303
TROW,2026-09-15 19:00:00+00:00,104.825,104.86,104.77,104.83,9503.0,283.0,104.825816
TROW,2026-09-15 19:05:00+00:00,104.825,104.87,104.78,104.86,14366.0,408.0,104.822591
TROW,2026-09-15 19:10:00+00:00,104.88,104.885,104.715,104.715,14152.0,427.0,104.810439
TROW,2026-09-15 19:15:00+00:00,104.725,104.775,104.63,104.63,13887.0,446.0,104.729516
TROW,2026-09-15 19:20:00+00:00,104.62,104.62,104.51,104.51,14023.0,467.0,104.571961
TROW,2026-09-15 19:25:00+00:00,104.48,104.62,104.44,104.48,28164.0,636.0,104.539813
TROW,2026-09-15 19:30:00+00:00,104.46,104.54,104.44,104.52,19025.0,579.0,104.495558
TROW,2026-09-15 19:35:00+00:00,104.535,104.555,104.46,104.46,18134.0,527.0,104.51357
TROW,2026-09-15 19:40:00+00:00,104.47,104.53,104.45,104.45,21942.0,651.0,104.497168
TROW,2026-09-15 19:45:00+00:00,104.425,104.425,104.265,104.265,24894.0,725.0,104.327434
TROW,2026-09-15 19:50:00+00:00,104.24,104.415,104.17,104.26,62135.0,1381.0,104.296798
TROW,2026-09-15 19:55:00+00:00,104.22,104.27,104.15,104.235,132448.0,2592.0,104.226537
TROW,2026-09-15 20:00:00+00:00,104.23,104.23,104.23,104.23,761359.0,61.0,104.23
TROW,2026-09-16 11:40:00+00:00,104.25,104.25,104.25,104.25,501.0,6.0,104.25
TROW,2026-09-16 12:00:00+00:00,104.25,104.25,104.25,104.25,250.0,1.0,104.25
TROW,2026-09-16 13:30:00+00:00,104.3,104.37,103.65,103.67,23520.0,273.0,104.112157
TROW,2026-09-16 13:35:00+00:00,103.81,103.93,103.81,103.87,2672.0,112.0,103.87875
TROW,2026-09-16 13:40:00+00:00,103.86,104.2679,103.8517,104.2679,3392.0,186.0,104.054704
TROW,2026-09-16 13:45:00+00:00,104.03,104.14,103.98,104.01,6048.0,247.0,104.063098
TROW,2026-09-16 13:50:00+00:00,104.034,104.4,104.025,104.4,7768.0,232.0,104.142886
TROW,2026-09-16 13:55:00+00:00,104.395,104.48,104.3,104.3,6910.0,189.0,104.377985
TROW,2026-09-16 14:00:00+00:00,104.325,104.605,104.325,104.56,7230.0,243.0,104.458493
TROW,2026-09-16 14:05:00+00:00,104.45,104.45,104.235,104.315,5081.0,243.0,104.301259
TROW,2026-09-16 14:10:00+00:00,104.315,104.315,104.255,104.27,3601.0,191.0,104.273839
TROW,2026-09-16 14:15:00+00:00,104.235,104.29,104.06,104.28,10040.0,290.0,104.217207
TROW,2026-09-16 14:20:00+00:00,104.2201,104.29,104.07,104.09,8187.0,242.0,104.219449
TROW,2026-09-16 14:25:00+00:00,104.09,104.25,104.025,104.25,6335.0,263.0,104.101841
TROW,2026-09-16 14:30:00+00:00,104.1862,104.26,104.18,104.2497,4472.0,180.0,104.225933
TROW,2026-09-16 14:35:00+00:00,104.2,104.45,104.2,104.3688,18248.0,318.0,104.294659
TROW,2026-09-16 14:40:00+00:00,104.3572,104.52,104.35,104.45,22395.0,463.0,104.466487
TROW,2026-09-16 14:45:00+00:00,104.44,104.46,104.41,104.44,7358.0,193.0,104.426253
TROW,2026-09-16 14:50:00+00:00,104.425,104.425,104.32,104.32,4768.0,178.0,104.394863
TROW,2026-09-16 14:55:00+00:00,104.34,104.34,104.22,104.27,11770.0,188.0,104.275541
TROW,2026-09-16 15:00:00+00:00,104.24,104.45,104.24,104.42,5736.0,208.0,104.347827
TROW,2026-09-16 15:05:00+00:00,104.43,104.4543,104.285,104.385,14722.0,355.0,104.344665
TROW,2026-09-16 15:10:00+00:00,104.36,104.36,104.255,104.35,10276.0,361.0,104.294289
TROW,2026-09-16 15:15:00+00:00,104.32,104.335,104.26,104.28,5533.0,221.0,104.300689
TROW,2026-09-16 15:20:00+00:00,104.32,104.32,104.23,104.29,4694.0,211.0,104.293056
TROW,2026-09-16 15:25:00+00:00,104.325,104.42,104.21,104.26,15081.0,357.0,104.264148
TROW,2026-09-16 15:30:00+00:00,104.245,104.2725,104.1,104.125,4492.0,195.0,104.166406
TROW,2026-09-16 15:35:00+00:00,104.15,104.245,104.15,104.19,7135.0,304.0,104.198328
TROW,2026-09-16 15:40:00+00:00,104.185,104.185,104.15,104.15,1938.0,113.0,104.173333
TROW,2026-09-16 15:45:00+00:00,104.21,104.36,104.205,104.21,10688.0,358.0,104.276782
TROW,2026-09-16 15:50:00+00:00,104.185,104.27,104.185,104.25,5570.0,233.0,104.235799
TROW,2026-09-16 15:55:00+00:00,104.26,104.275,104.22,104.27,4204.0,183.0,104.244722
TROW,2026-09-16 16:00:00+00:00,104.27,104.29,104.27,104.29,1163.0,64.0,104.28
TROW,2026-09-16 16:05:00+00:00,104.295,104.3,104.24,104.3,4279.0,175.0,104.283602
TROW,2026-09-16 16:10:00+00:00,104.28,104.28,104.16,104.16,7347.0,245.0,104.231554
TROW,2026-09-16 16:15:00+00:00,104.18,104.18,104.14,104.15,3199.0,151.0,104.160358
TROW,2026-09-16 16:20:00+00:00,104.16,104.24,104.15,104.22,5890.0,206.0,104.174915
TROW,2026-09-16 16:25:00+00:00,104.2251,104.2251,104.17,104.17,4255.0,152.0,104.198178
TROW,2026-09-16 16:30:00+00:00,104.18,104.18,104.075,104.075,7208.0,230.0,104.123637
TROW,2026-09-16 16:35:00+00:00,104.11,104.14,104.08,104.1,5394.0,225.0,104.097425
TROW,2026-09-16 16:40:00+00:00,104.12,104.12,104.07,104.07,4385.0,181.0,104.096824
TROW,2026-09-16 16:45:00+00:00,104.07,104.07,104.06,104.06,1899.0,83.0,104.063328
TROW,2026-09-16 16:50:00+00:00,104.06,104.07,103.96,104.03,12359.0,381.0,104.01148
TROW,2026-09-16 16:55:00+00:00,104.05,104.065,104.03,104.03,5019.0,211.0,104.045734
TROW,2026-09-16 17:00:00+00:00,104.01,104.05,104.0,104.025,6139.0,199.0,104.023681
TROW,2026-09-16 17:05:00+00:00,104.04,104.04,103.995,103.995,1831.0,96.0,104.03129
TROW,2026-09-16 17:10:00+00:00,103.98,104.065,103.92,104.065,7262.0,268.0,103.971231
TROW,2026-09-16 17:15:00+00:00,104.085,104.085,104.03,104.05,7254.0,209.0,104.061022
TROW,2026-09-16 17:20:00+00:00,104.04,104.0799,104.01,104.02,10021.0,258.0,104.036649
TROW,2026-09-16 17:25:00+00:00,104.03,104.08,104.03,104.075,3468.0,158.0,104.054918
TROW,2026-09-16 17:30:00+00:00,104.1,104.105,104.07,104.08,7094.0,261.0,104.084647
TROW,2026-09-16 17:35:00+00:00,104.1099,104.1099,104.08,104.105,3384.0,133.0,104.095247
TROW,2026-09-16 17:40:00+00:00,104.13,104.28,104.13,104.22,6478.0,275.0,104.204784
TROW,2026-09-16 17:45:00+00:00,104.23,104.265,104.2,104.2,6867.0,242.0,104.227789
TROW,2026-09-16 17:50:00+00:00,104.185,104.275,104.16,104.27,8640.0,264.0,104.221137
TROW,2026-09-16 17:55:00+00:00,104.29,104.305,104.17,104.17,11070.0,252.0,104.251903
TROW,2026-09-16 18:00:00+00:00,104.16,104.19,103.435,103.45,19491.0,515.0,103.683009
TROW,2026-09-16 18:05:00+00:00,103.455,103.935,103.45,103.84,11021.0,354.0,103.710424
TROW,2026-09-16 18:10:00+00:00,103.785,103.875,103.76,103.77,16232.0,409.0,103.792159
TROW,2026-09-16 18:15:00+00:00,103.78,103.895,103.73,103.88,11937.0,316.0,103.79184
TROW,2026-09-16 18:20:00+00:00,103.85,103.95,103.8,103.94,6147.0,232.0,103.883333
TROW,2026-09-16 18:25:00+00:00,103.94,103.94,103.765,103.93,8900.0,270.0,103.864074
TROW,2026-09-16 18:30:00+00:00,103.905,103.905,103.45,103.51,29396.0,626.0,103.590443
TROW,2026-09-16 18:35:00+00:00,103.46,103.505,103.22,103.22,17724.0,425.0,103.365906
TROW,2026-09-16 18:40:00+00:00,103.27,103.7694,103.27,103.55,38625.0,450.0,103.432233
TROW,2026-09-16 18:45:00+00:00,103.545,103.555,103.24,103.255,14843.0,367.0,103.47493
TROW,2026-09-16 18:50:00+00:00,103.26,103.3199,102.82,102.82,21246.0,516.0,103.039673
TROW,2026-09-16 18:55:00+00:00,102.84,102.8899,102.44,102.44,17695.0,465.0,102.673262
TROW,2026-09-16 19:00:00+00:00,102.49,102.63,102.31,102.5,17687.0,509.0,102.505787
TROW,2026-09-16 19:05:00+00:00,102.48,102.48,102.16,102.22,18733.0,474.0,102.328735
TROW,2026-09-16 19:10:00+00:00,102.18,102.22,101.97,101.97,14893.0,454.0,102.100459
TROW,2026-09-16 19:15:00+00:00,101.94,101.97,101.66,101.7,18649.0,485.0,101.823641
TROW,2026-09-16 19:20:00+00:00,101.7,101.7893,101.46,101.51,22291.0,553.0,101.59932
TROW,2026-09-16 19:25:00+00:00,101.5,101.68,101.45,101.67,25015.0,625.0,101.568619
TROW,2026-09-16 19:30:00+00:00,101.675,101.9427,101.63,101.9,42959.0,885.0,101.791821
TROW,2026-09-16 19:35:00+00:00,101.91,102.08,101.86,101.99,38576.0,767.0,101.945261
TROW,2026-09-16 19:40:00+00:00,102.01,102.12,101.91,101.91,23810.0,618.0,102.025418
TROW,2026-09-16 19:45:00+00:00,101.89,102.33,101.88,102.295,34756.0,856.0,102.080745
TROW,2026-09-16 19:50:00+00:00,102.26,102.43,102.17,102.415,67162.0,1344.0,102.294573
TROW,2026-09-16 19:55:00+00:00,102.39,102.475,102.28,102.4,156192.0,3268.0,102.386713
TROW,2026-09-16 20:00:00+00:00,102.4,102.5,102.4,102.4,431628.0,61.0,102.400129
TROW,2026-09-16 22:05:00+00:00,103.0,103.0,103.0,103.0,100.0,1.0,103.0
TROW,2026-09-17 12:55:00+00:00,102.25,102.25,102.25,102.25,1000.0,1.0,102.25
TROW,2026-09-17 13:25:00+00:00,103.69,103.69,103.69,103.69,305.0,11.0,103.69
TROW,2026-09-17 13:30:00+00:00,103.75,103.75,103.07,103.32,20418.0,290.0,103.49942
TROW,2026-09-17 13:35:00+00:00,103.35,103.35,103.06,103.085,5199.0,204.0,103.164185
TROW,2026-09-17 13:40:00+00:00,103.0862,103.45,103.08,103.365,24404.0,292.0,103.343011
TROW,2026-09-17 13:45:00+00:00,103.38,103.45,103.15,103.45,6755.0,216.0,103.269684
TROW,2026-09-17 13:50:00+00:00,103.53,103.63,103.33,103.4,4468.0,210.0,103.473
TROW,2026-09-17 13:55:00+00:00,103.245,103.415,103.18,103.27,6581.0,208.0,103.290397
TROW,2026-09-17 14:00:00+00:00,103.22,103.26,103.1,103.105,8168.0,280.0,103.182146
TROW,2026-09-17 14:05:00+00:00,103.07,103.29,103.06,103.285,5438.0,243.0,103.168302
TROW,2026-09-17 14:10:00+00:00,103.24,103.39,103.1698,103.375,6442.0,256.0,103.293876
TROW,2026-09-17 14:15:00+00:00,103.32,103.325,103.2046,103.295,10847.0,313.0,103.253747
TROW,2026-09-17 14:20:00+00:00,103.355,103.375,103.18,103.2,6773.0,258.0,103.306035
TROW,2026-09-17 14:25:00+00:00,103.1399,103.344,103.1399,103.265,3900.0,176.0,103.278571
TROW,2026-09-17 14:30:00+00:00,103.265,103.265,103.03,103.095,12745.0,293.0,103.154589
TROW,2026-09-17 14:35:00+00:00,103.1498,103.21,103.06,103.06,6617.0,266.0,103.144257
TROW,2026-09-17 14:40:00+00:00,103.045,103.1,103.045,103.1,3847.0,187.0,103.082322
TROW,2026-09-17 14:45:00+00:00,103.1,103.15,102.85,102.85,16005.0,357.0,102.98289
TROW,2026-09-17 14:50:00+00:00,102.815,102.825,102.6207,102.715,10178.0,317.0,102.728029
TROW,2026-09-17 14:55:00+00:00,102.645,103.06,102.645,103.06,8573.0,263.0,102.825382
TROW,2026-09-17 15:00:00+00:00,103.04,103.04,102.905,102.905,9368.0,322.0,102.978861
TROW,2026-09-17 15:05:00+00:00,102.93,103.05,102.93,102.98,9451.0,254.0,102.971263
TROW,2026-09-17 15:10:00+00:00,102.99,103.03,102.915,102.99,6499.0,248.0,102.974144
TROW,2026-09-17 15:15:00+00:00,103.06,103.06,102.875,102.975,9102.0,259.0,102.967671
TROW,2026-09-17 15:20:00+00:00,102.975,103.02,102.79,102.8,7435.0,288.0,102.881408
TROW,2026-09-17 15:25:00+00:00,102.795,102.88,102.78,102.795,9043.0,305.0,102.822735
TROW,2026-09-17 15:30:00+00:00,102.835,102.9125,102.82,102.89,3513.0,192.0,102.871099
TROW,2026-09-17 15:35:00+00:00,102.855,103.065,102.855,103.065,8719.0,284.0,102.965937
TROW,2026-09-17 15:40:00+00:00,103.08,103.115,102.97,102.97,14902.0,359.0,103.036043
TROW,2026-09-17 15:45:00+00:00,102.97,103.0,102.77,102.99,16880.0,381.0,102.862976
TROW,2026-09-17 15:50:00+00:00,102.995,103.01,102.905,102.905,4257.0,121.0,102.971478
TROW,2026-09-17 15:55:00+00:00,102.88,103.06,102.88,103.06,7970.0,241.0,102.9566
TROW,2026-09-17 16:00:00+00:00,103.1,103.14,103.06,103.115,9834.0,279.0,103.112363
TROW,2026-09-17 16:05:00+00:00,103.14,103.2,102.955,102.99,15607.0,395.0,103.122744
TROW,2026-09-17 16:10:00+00:00,102.99,103.03,102.8,102.8,10281.0,326.0,102.945948
TROW,2026-09-17 16:15:00+00:00,102.875,102.95,102.85,102.885,10255.0,293.0,102.892492
TROW,2026-09-17 16:20:00+00:00,102.93,103.03,102.92,102.945,10922.0,327.0,102.956344
TROW,2026-09-17 16:25:00+00:00,102.9,102.985,102.87,102.925,9036.0,275.0,102.935435
TROW,2026-09-17 16:30:00+00:00,102.96,103.025,102.9101,102.965,6520.0,216.0,102.969275
TROW,2026-09-17 16:35:00+00:00,102.965,102.965,102.84,102.91,6651.0,243.0,102.911905
TROW,2026-09-17 16:40:00+00:00,102.91,103.08,102.91,103.065,7764.0,214.0,102.989871
TROW,2026-09-17 16:45:00+00:00,103.04,103.06,102.87,102.95,6674.0,250.0,103.009072
TROW,2026-09-17 16:50:00+00:00,102.95,102.9599,102.89,102.89,5722.0,232.0,102.921139
TROW,2026-09-17 16:55:00+00:00,102.93,102.93,102.82,102.895,8329.0,315.0,102.886586
TROW,2026-09-17 17:00:00+00:00,102.93,102.965,102.91,102.945,8048.0,250.0,102.931662
TROW,2026-09-17 17:05:00+00:00,102.94,102.95,102.82,102.94,16548.0,329.0,102.916463
TROW,2026-09-17 17:10:00+00:00,102.9729,102.9729,102.82,102.82,3430.0,130.0,102.902348
TROW,2026-09-17 17:15:00+00:00,102.8625,102.8852,102.81,102.855,5960.0,235.0,102.860727
TROW,2026-09-17 17:20:00+00:00,102.86,102.8912,102.7204,102.765,12126.0,326.0,102.80426
TROW,2026-09-17 17:25:00+00:00,102.765,102.8635,102.68,102.815,10350.0,316.0,102.783577
TROW,2026-09-17 17:30:00+00:00,102.8613,102.965,102.8613,102.96,7729.0,255.0,102.910713
TROW,2026-09-17 17:35:00+00:00,102.965,102.99,102.92,102.97,9656.0,292.0,102.969299
TROW,2026-09-17 17:40:00+00:00,102.97,103.02,102.91,102.92,14536.0,319.0,102.964289
TROW,2026-09-17 17:45:00+00:00,102.94,102.985,102.895,102.985,6834.0,307.0,102.938401
TROW,2026-09-17 17:50:00+00:00,102.98,102.9999,102.975,102.975,5055.0,226.0,102.980715
TROW,2026-09-17 17:55:00+00:00,102.9999,103.035,102.99,103.01,8016.0,171.0,103.014124
TROW,2026-09-17 18:00:00+00:00,103.015,103.05,102.96,103.0425,9177.0,284.0,103.019991
TROW,2026-09-17 18:05:00+00:00,103.035,103.045,102.96,102.985,11593.0,318.0,103.001956
TROW,2026-09-17 18:10:00+00:00,102.985,103.0599,102.98,103.04,10147.0,266.0,103.014037
TROW,2026-09-17 18:15:00+00:00,103.0599,103.06,102.98,102.9861,5416.0,205.0,103.014812
TROW,2026-09-17 18:20:00+00:00,103.02,103.02,102.88,102.905,10657.0,365.0,102.953894
TROW,2026-09-17 18:25:00+00:00,102.9187,103.02,102.9,103.0,9566.0,346.0,102.949864
TROW,2026-09-17 18:30:00+00:00,103.0,103.0,102.92,102.92,4424.0,232.0,102.982205
TROW,2026-09-17 18:35:00+00:00,102.88,102.9,102.78,102.805,8127.0,345.0,102.843622
TROW,2026-09-17 18:40:00+00:00,102.83,102.9,102.81,102.9,11631.0,353.0,102.872639
TROW,2026-09-17 18:45:00+00:00,102.88,103.005,102.87,102.9,17072.0,624.0,102.932848
TROW,2026-09-17 18:50:00+00:00,102.9,102.9,102.85,102.875,8270.0,327.0,102.886824
TROW,2026-09-17 18:55:00+00:00,102.9,102.91,102.88,102.8951,8950.0,296.0,102.897789
TROW,2026-09-17 19:00:00+00:00,102.895,102.95,102.87,102.885,11633.0,378.0,102.911341
TROW,2026-09-17 19:05:00+00:00,102.9,102.91,102.87,102.89,11096.0,438.0,102.887414
TROW,2026-09-17 19:10:00+00:00,102.89,102.96,102.85,102.9,22852.0,511.0,102.89394
TROW,2026-09-17 19:15:00+00:00,102.9,103.0,102.87,102.99,14468.0,318.0,102.927535
TROW,2026-09-17 19:20:00+00:00,102.975,102.9751,102.85,102.94,15305.0,439.0,102.906956
TROW,2026-09-17 19:25:00+00:00,102.94,102.98,102.9,102.96,10642.0,384.0,102.938697
TROW,2026-09-17 19:30:00+00:00,102.945,103.05,102.92,103.05,43079.0,693.0,102.968912
TROW,2026-09-17 19:35:00+00:00,103.03,103.13,103.02,103.09,18979.0,611.0,103.071442
TROW,2026-09-17 19:40:00+00:00,103.11,103.11,102.94,102.96,37134.0,700.0,102.988422
TROW,2026-09-17 19:45:00+00:00,102.96,103.05,102.91,102.93,48620.0,803.0,102.981245
TROW,2026-09-17 19:50:00+00:00,102.89,103.0,102.85,102.955,58138.0,1383.0,102.929441
TROW,2026-09-17 19:55:00+00:00,102.93,102.98,102.81,102.81,119159.0,2768.0,102.896401
TROW,2026-09-17 20:00:00+00:00,102.82,102.84,102.82,102.84,533736.0,77.0,102.839993
TROW,2026-09-17 20:15:00+00:00,102.7395,102.7395,102.7395,102.7395,319.0,1.0,102.7395
TROW,2026-09-18 11:15:00+00:00,102.7,102.7,102.7,102.7,205.0,4.0,102.7
TROW,2026-09-18 12:35:00+00:00,102.78,102.78,102.78,102.78,195.0,3.0,102.78
TROW,2026-09-18 12:45:00+00:00,102.78,102.8,102.78,102.8,216.0,3.0,102.789302
TROW,2026-09-18 13:25:00+00:00,102.79,102.79,102.79,102.79,493.0,8.0,102.79
TROW,2026-09-18 13:30:00+00:00,102.73,102.865,102.5,102.595,160851.0,287.0,102.820327
TROW,2026-09-18 13:35:00+00:00,102.37,102.46,102.18,102.315,8613.0,209.0,102.342512
TROW,2026-09-18 13:40:00+00:00,102.3475,102.705,102.3475,102.705,2206.0,111.0,102.524053
TROW,2026-09-18 13:45:00+00:00,102.58,102.64,102.46,102.64,2809.0,125.0,102.567376
TROW,2026-09-18 13:50:00+00:00,102.7,102.73,102.51,102.555,7687.0,191.0,102.619026
TROW,2026-09-18 13:55:00+00:00,102.49,102.53,102.38,102.475,3901.0,147.0,102.450132
TROW,2026-09-18 14:00:00+00:00,102.48,102.565,102.4,102.5475,5945.0,218.0,102.504697
TROW,2026-09-18 14:05:00+00:00,102.57,102.735,102.44,102.735,9246.0,269.0,102.587519
TROW,2026-09-18 14:10:00+00:00,102.765,102.9499,102.57,102.65,9592.0,291.0,102.782136
TROW,2026-09-18 14:15:00+00:00,102.65,102.81,102.6401,102.695,6202.0,182.0,102.718451
TROW,2026-09-18 14:20:00+00:00,102.72,102.86,102.67,102.77,7548.0,237.0,102.778711
TROW,2026-09-18 14:25:00+00:00,102.8875,102.91,102.8,102.91,4123.0,227.0,102.860016
TROW,2026-09-18 14:30:00+00:00,102.91,102.91,102.77,102.83,3287.0,146.0,102.8524
TROW,2026-09-18 14:35:00+00:00,102.83,103.155,102.83,103.11,18854.0,393.0,103.018991
TROW,2026-09-18 14:40:00+00:00,103.115,103.19,102.99,103.05,6477.0,192.0,103.105791
TROW,2026-09-18 14:45:00+00:00,103.01,103.14,102.94,103.0649,8673.0,234.0,103.028035
TROW,2026-09-18 14:50:00+00:00,103.1,103.23,103.085,103.21,20178.0,340.0,103.174494
TROW,2026-09-18 14:55:00+00:00,103.21,103.27,103.12,103.27,9749.0,267.0,103.15739
TROW,2026-09-18 15:00:00+00:00,103.25,103.25,103.08,103.09,10348.0,333.0,103.193133
TROW,2026-09-18 15:05:00+00:00,103.1,103.1,103.02,103.02,11051.0,265.0,103.061646
TROW,2026-09-18 15:10:00+00:00,103.02,103.115,103.01,103.115,7211.0,226.0,103.068098
TROW,2026-09-18 15:15:00+00:00,103.1688,103.1688,103.05,103.09,7892.0,199.0,103.086901
TROW,2026-09-18 15:20:00+00:00,103.09,103.11,103.065,103.11,7485.0,238.0,103.084776
TROW,2026-09-18 15:25:00+00:00,103.125,103.16,103.125,103.14,6184.0,225.0,103.142551
TROW,2026-09-18 15:30:00+00:00,103.14,103.145,103.04,103.12,9409.0,253.0,103.102428
TROW,2026-09-18 15:35:00+00:00,103.155,103.18,103.09,103.105,5828.0,208.0,103.135556
TROW,2026-09-18 15:40:00+00:00,103.14,103.14,103.1,103.11,2372.0,109.0,103.114951
TROW,2026-09-18 15:45:00+00:00,103.08,103.1,103.02,103.05,6427.0,255.0,103.053579
TROW,2026-09-18 15:50:00+00:00,103.02,103.055,102.97,103.01,5429.0,216.0,103.01197
TROW,2026-09-18 15:55:00+00:00,103.02,103.05,102.975,102.975,6881.0,232.0,103.026114
TROW,2026-09-18 16:00:00+00:00,102.965,102.965,102.91,102.945,5631.0,211.0,102.93717
TROW,2026-09-18 16:05:00+00:00,102.94,103.07,102.93,102.99,11958.0,338.0,102.983564
TROW,2026-09-18 16:10:00+00:00,102.99,103.07,102.99,103.055,3391.0,107.0,103.044855
TROW,2026-09-18 16:15:00+00:00,103.09,103.14,103.02,103.025,7803.0,192.0,103.09338
TROW,2026-09-18 16:20:00+00:00,103.025,103.08,103.01,103.01,5017.0,160.0,103.055608
TROW,2026-09-18 16:25:00+00:00,103.02,103.185,103.005,103.185,7212.0,253.0,103.090588
TROW,2026-09-18 16:30:00+00:00,103.13,103.385,103.1,103.21,29607.0,510.0,103.325513
TROW,2026-09-18 16:35:00+00:00,103.22,103.24,103.2,103.2,4003.0,134.0,103.208333
TROW,2026-09-18 16:40:00+00:00,103.19,103.3,103.19,103.27,9180.0,251.0,103.242362
TROW,2026-09-18 16:45:00+00:00,103.25,103.355,103.23,103.355,8445.0,286.0,103.288608
TROW,2026-09-18 16:50:00+00:00,103.355,103.49,103.29,103.46,14572.0,280.0,103.380889
TROW,2026-09-18 16:55:00+00:00,103.49,103.49,103.46,103.46,2716.0,142.0,103.464722
TROW,2026-09-18 17:00:00+00:00,103.46,103.46,103.38,103.405,7680.0,248.0,103.403738
TROW,2026-09-18 17:05:00+00:00,103.405,103.47,103.36,103.37,11553.0,361.0,103.398499
TROW,2026-09-18 17:10:00+00:00,103.37,103.41,103.34,103.34,7499.0,236.0,103.371012
TROW,2026-09-18 17:15:00+00:00,103.34,103.36,103.285,103.29,14411.0,253.0,103.326672
TROW,2026-09-18 17:20:00+00:00,103.29,103.295,103.29,103.295,3568.0,145.0,103.290267
TROW,2026-09-18 17:25:00+00:00,103.315,103.44,103.315,103.38,25166.0,359.0,103.381011
TROW,2026-09-18 17:30:00+00:00,103.37,103.47,103.37,103.4301,6705.0,211.0,103.426736
TROW,2026-09-18 17:35:00+00:00,103.47,103.5599,103.46,103.53,20505.0,329.0,103.497498
TROW,2026-09-18 17:40:00+00:00,103.53,103.53,103.49,103.53,8323.0,236.0,103.506282
TROW,2026-09-18 17:45:00+00:00,103.53,103.53,103.47,103.5213,10250.0,262.0,103.494
TROW,2026-09-18 17:50:00+00:00,103.515,103.5799,103.5145,103.565,4955.0,191.0,103.557486
TROW,2026-09-18 17:55:00+00:00,103.57,103.58,103.54,103.58,11122.0,272.0,103.562412
TROW,2026-09-18 18:00:00+00:00,103.54,103.575,103.5225,103.55,14355.0,338.0,103.537456
TROW,2026-09-18 18:05:00+00:00,103.55,103.59,103.4725,103.56,25682.0,405.0,103.534255
TROW,2026-09-18 18:10:00+00:00,103.59,103.66,103.585,103.64,5597.0,189.0,103.634436
TROW,2026-09-18 18:15:00+00:00,103.64,103.67,103.62,103.64,5719.0,201.0,103.653212
TROW,2026-09-18 18:20:00+00:00,103.65,103.6799,103.63,103.63,7832.0,228.0,103.646879
TROW,2026-09-18 18:25:00+00:00,103.67,103.68,103.65,103.68,3544.0,159.0,103.66828
TROW,2026-09-18 18:30:00+00:00,103.69,103.7,103.67,103.7,9654.0,228.0,103.689365
TROW,2026-09-18 18:35:00+00:00,103.7,103.74,103.66,103.675,13433.0,282.0,103.702941
TROW,2026-09-18 18:40:00+00:00,103.68,103.7928,103.68,103.78,8533.0,324.0,103.737987
TROW,2026-09-18 18:45:00+00:00,103.78,103.8952,103.78,103.88,9074.0,287.0,103.852577
TROW,2026-09-18 18:50:00+00:00,103.88,103.88,103.81,103.84,18648.0,371.0,103.851365
TROW,2026-09-18 18:55:00+00:00,103.86,103.94,103.8,103.9,15850.0,420.0,103.878568
TROW,2026-09-18 19:00:00+00:00,103.895,103.895,103.835,103.87,11400.0,332.0,103.870292
TROW,2026-09-18 19:05:00+00:00,103.86,103.95,103.86,103.945,9337.0,378.0,103.902184
TROW,2026-09-18 19:10:00+00:00,103.945,103.965,103.8502,103.88,16903.0,426.0,103.915968
TROW,2026-09-18 19:15:00+00:00,103.885,103.95,103.88,103.95,6874.0,322.0,103.927233
TROW,2026-09-18 19:20:00+00:00,103.95,104.02,103.92,104.02,19565.0,417.0,103.975438
TROW,2026-09-18 19:25:00+00:00,104.02,104.085,104.02,104.04,17672.0,517.0,104.056057
TROW,2026-09-18 19:30:00+00:00,104.03,104.12,104.0,104.07,28700.0,547.0,104.064871
TROW,2026-09-18 19:35:00+00:00,104.07,104.195,104.07,104.17,21489.0,508.0,104.145485
TROW,2026-09-18 19:40:00+00:00,104.18,104.23,104.16,104.215,14952.0,519.0,104.183371
TROW,2026-09-18 19:45:00+00:00,104.22,104.22,104.13,104.165,32279.0,781.0,104.169365
TROW,2026-09-18 19:50:00+00:00,104.18,104.77,103.99,104.16,98470.0,1769.0,104.171156
TROW,2026-09-18 19:55:00+00:00,104.09,104.31,103.925,104.16,160311.0,2922.0,104.144329
TROW,2026-09-18 20:00:00+00:00,104.16,104.1923,104.16,104.16,1502650.0,59.0,104.16012
TROW,2026-09-18 20:25:00+00:00,104.5,104.5,104.5,104.5,200.0,1.0,104.5
