symbol,timestamp,open,high,low,close,volume,trade_count,vwap
NYT,2026-08-14 10:55:00+00:00,64.13,64.13,64.13,64.13,170.0,2.0,64.13
NYT,2026-08-14 13:30:00+00:00,64.46,64.4704,64.26,64.4704,13946.0,191.0,64.444849
NYT,2026-08-14 13:35:00+00:00,64.395,64.56,64.375,64.4901,14050.0,254.0,64.458766
NYT,2026-08-14 13:40:00+00:00,64.45,64.58,64.43,64.5,7908.0,205.0,64.494058
NYT,2026-08-14 13:45:00+00:00,64.46,64.63,64.43,64.51,13945.0,340.0,64.527829
NYT,2026-08-14 13:50:00+00:00,64.505,64.67,64.505,64.65,5803.0,170.0,64.606395
NYT,2026-08-14 13:55:00+00:00,64.6,64.62,64.53,64.56,7413.0,193.0,64.576118
NYT,2026-08-14 14:00:00+00:00,64.57,64.99,64.54,64.755,20755.0,396.0,64.765054
NYT,2026-08-14 14:05:00+00:00,64.75,64.8,64.57,64.74,19878.0,295.0,64.655498
NYT,2026-08-14 14:10:00+00:00,64.7,64.83,64.7,64.8,6117.0,189.0,64.787123
NYT,2026-08-14 14:15:00+00:00,64.78,64.89,64.76,64.79,12682.0,313.0,64.826705
NYT,2026-08-14 14:20:00+00:00,64.82,64.9,64.75,64.86,10320.0,222.0,64.833627
NYT,2026-08-14 14:25:00+00:00,64.9,64.9,64.71,64.79,9241.0,223.0,64.793653
NYT,2026-08-14 14:30:00+00:00,64.79,64.795,64.65,64.67,8826.0,206.0,64.718004
NYT,2026-08-14 14:35:00+00:00,64.65,64.74,64.645,64.72,10177.0,182.0,64.692759
NYT,2026-08-14 14:40:00+00:00,64.715,64.87,64.7,64.84,15729.0,292.0,64.793144
NYT,2026-08-14 14:45:00+00:00,64.85,64.96,64.79,64.845,15411.0,367.0,64.859504
NYT,2026-08-14 14:50:00+00:00,64.79,64.925,64.765,64.925,12164.0,254.0,64.830871
NYT,2026-08-14 14:55:00+00:00,64.92,64.99,64.88,64.99,9829.0,264.0,64.931147
NYT,2026-08-14 15:00:00+00:00,64.94,64.99,64.93,64.96,9265.0,199.0,64.954871
NYT,2026-08-14 15:05:00+00:00,64.96,64.98,64.93,64.98,8593.0,177.0,64.948826
NYT,2026-08-14 15:10:00+00:00,64.965,65.01,64.9,64.9,12511.0,310.0,64.970165
NYT,2026-08-14 15:15:00+00:00,64.89,64.89,64.82,64.87,15776.0,227.0,64.850879
NYT,2026-08-14 15:20:00+00:00,64.89,65.0,64.86,64.91,16122.0,267.0,64.927614
NYT,2026-08-14 15:25:00+00:00,64.885,64.885,64.82,64.82,6101.0,192.0,64.845071
NYT,2026-08-14 15:30:00+00:00,64.82,64.825,64.7,64.715,8570.0,209.0,64.76766
NYT,2026-08-14 15:35:00+00:00,64.725,64.91,64.715,64.87,18104.0,224.0,64.781276
NYT,2026-08-14 15:40:00+00:00,64.87,64.915,64.86,64.89,9714.0,207.0,64.88791
NYT,2026-08-14 15:45:00+00:00,64.9,64.96,64.9,64.925,5446.0,164.0,64.928511
NYT,2026-08-14 15:50:00+00:00,64.9,64.9,64.88,64.9,6398.0,176.0,64.888884
NYT,2026-08-14 15:55:00+00:00,64.91,64.98,64.905,64.92,14156.0,282.0,64.925052
NYT,2026-08-14 16:00:00+00:00,64.89,64.915,64.805,64.84,5628.0,171.0,64.856229
NYT,2026-08-14 16:05:00+00:00,64.84,64.86,64.84,64.845,10376.0,173.0,64.845535
NYT,2026-08-14 16:10:00+00:00,64.86,64.87,64.8,64.86,7899.0,219.0,64.837737
NYT,2026-08-14 16:15:00+00:00,64.87,64.9,64.87,64.88,5162.0,143.0,64.880661
NYT,2026-08-14 16:20:00+00:00,64.92,64.93,64.88,64.92,7061.0,169.0,64.905871
NYT,2026-08-14 16:25:00+00:00,64.91,64.92,64.8351,64.8351,6942.0,212.0,64.889288
NYT,2026-08-14 16:30:00+00:00,64.82,64.87,64.785,64.87,9254.0,234.0,64.820962
NYT,2026-08-14 16:35:00+00:00,64.87,64.905,64.66,64.66,10005.0,283.0,64.814628
NYT,2026-08-14 16:40:00+00:00,64.69,64.846,64.69,64.82,7986.0,195.0,64.755093
NYT,2026-08-14 16:45:00+00:00,64.82,64.85,64.79,64.845,6553.0,184.0,64.829332
NYT,2026-08-14 16:50:00+00:00,64.845,64.8845,64.82,64.8845,7561.0,232.0,64.840247
NYT,2026-08-14 16:55:00+00:00,64.875,64.895,64.84,64.84,6727.0,194.0,64.881044
NYT,2026-08-14 17:00:00+00:00,64.83,65.0,64.83,64.985,14474.0,194.0,64.90418
NYT,2026-08-14 17:05:00+00:00,64.985,65.07,64.985,65.01,13284.0,214.0,65.04788
NYT,2026-08-14 17:10:00+00:00,65.0,65.0,64.885,64.91,7396.0,208.0,64.946178
NYT,2026-08-14 17:15:00+00:00,64.92,64.93,64.855,64.855,5871.0,134.0,64.883721
NYT,2026-08-14 17:20:00+00:00,64.85,64.88,64.81,64.88,3883.0,109.0,64.83476
NYT,2026-08-14 17:25:00+00:00,64.8817,64.8817,64.84,64.86,4980.0,138.0,64.869682
NYT,2026-08-14 17:30:00+00:00,64.86,64.9,64.84,64.855,6101.0,186.0,64.879201
NYT,2026-08-14 17:35:00+00:00,64.87,64.9,64.855,64.9,5201.0,161.0,64.881794
NYT,2026-08-14 17:40:00+00:00,64.89,64.95,64.89,64.92,8312.0,178.0,64.932842
NYT,2026-08-14 17:45:00+00:00,64.9,64.96,64.89,64.935,10166.0,256.0,64.927943
NYT,2026-08-14 17:50:00+00:00,64.95,65.045,64.95,65.025,18187.0,281.0,65.006284
NYT,2026-08-14 17:55:00+00:00,65.025,65.05,65.01,65.025,9859.0,242.0,65.02933
NYT,2026-08-14 18:00:00+00:00,65.015,65.03,64.95,65.01,10985.0,327.0,64.99503
NYT,2026-08-14 18:05:00+00:00,65.0,65.03,64.95,64.98,7581.0,224.0,64.989133
NYT,2026-08-14 18:10:00+00:00,64.985,65.02,64.97,65.0,9400.0,265.0,64.993305
NYT,2026-08-14 18:15:00+00:00,64.98,64.98,64.88,64.905,7323.0,239.0,64.94896
NYT,2026-08-14 18:20:00+00:00,64.92,64.94,64.9,64.93,7856.0,197.0,64.923676
NYT,2026-08-14 18:25:00+00:00,64.93,64.99,64.91,64.99,9426.0,242.0,64.934297
NYT,2026-08-14 18:30:00+00:00,64.97,65.0499,64.97,65.035,10790.0,260.0,64.999916
NYT,2026-08-14 18:35:00+00:00,65.01,65.04,65.0,65.015,9903.0,272.0,65.012461
NYT,2026-08-14 18:40:00+00:00,65.0,65.025,64.98,65.02,12408.0,280.0,64.999978
NYT,2026-08-14 18:45:00+00:00,65.0,65.03,64.995,65.02,5771.0,220.0,65.009762
NYT,2026-08-14 18:50:00+00:00,65.02,65.04,64.995,65.04,12056.0,307.0,65.010565
NYT,2026-08-14 18:55:00+00:00,65.05,65.11,65.05,65.07,11430.0,285.0,65.089326
NYT,2026-08-14 19:00:00+00:00,65.09,65.19,65.075,65.1775,17013.0,419.0,65.127993
NYT,2026-08-14 19:05:00+00:00,65.16,65.175,65.14,65.17,5928.0,209.0,65.162951
NYT,2026-08-14 19:10:00+00:00,65.17,65.265,65.15,65.21,21489.0,460.0,65.190721
NYT,2026-08-14 19:15:00+00:00,65.2,65.22,65.15,65.17,15052.0,339.0,65.183118
NYT,2026-08-14 19:20:00+00:00,65.15,65.15,64.86,64.86,70618.0,752.0,64.953699
NYT,2026-08-14 19:25:00+00:00,64.85,65.22,64.85,65.17,167510.0,767.0,65.053556
NYT,2026-08-14 19:30:00+00:00,65.12,65.18,65.11,65.14,15688.0,409.0,65.131767
NYT,2026-08-14 19:35:00+00:00,65.13,65.19,65.1,65.175,35187.0,572.0,65.127981
NYT,2026-08-14 19:40:00+00:00,65.2,65.26,65.04,65.06,43472.0,631.0,65.185819
NYT,2026-08-14 19:45:00+00:00,65.065,65.115,65.01,65.06,35817.0,659.0,65.042147
NYT,2026-08-14 19:50:00+00:00,65.08,65.1,64.86,64.9,35312.0,695.0,64.983107
NYT,2026-08-14 19:55:00+00:00,64.89,64.99,64.73,64.78,132107.0,2498.0,64.83979
NYT,2026-08-14 20:00:00+00:00,64.79,64.79,64.79,64.79,182894.0,34.0,64.79
NYT,2026-08-14 20:05:00+00:00,64.5488,64.5488,64.5488,64.5488,173.0,1.0,64.5488
NYT,2026-08-14 20:35:00+00:00,65.4795,65.4795,65.4795,65.4795,100.0,1.0,65.4795
NYT,2026-08-14 21:50:00+00:00,65.1,65.1,65.1,65.1,140.0,1.0,65.1
NYT,2026-08-14 22:15:00+00:00,64.8,64.8,64.8,64.8,1380.0,1.0,64.8
NYT,2026-08-17 09:15:00+00:00,65.59,65.59,65.59,65.59,100.0,1.0,65.59
NYT,2026-08-17 13:30:00+00:00,64.59,64.81,64.48,64.7834,16674.0,178.0,64.593783
NYT,2026-08-17 13:35:00+00:00,64.6,64.66,64.48,64.574,2035.0,66.0,64.602134
NYT,2026-08-17 13:40:00+00:00,64.49,64.51,64.32,64.42,4266.0,116.0,64.451779
NYT,2026-08-17 13:45:00+00:00,64.33,64.33,64.085,64.085,12157.0,251.0,64.168735
NYT,2026-08-17 13:50:00+00:00,64.18,64.34,64.18,64.34,3206.0,116.0,64.2405
NYT,2026-08-17 13:55:00+00:00,64.34,64.38,64.26,64.26,3214.0,109.0,64.322308
NYT,2026-08-17 14:00:00+00:00,64.3075,64.4299,64.245,64.39,8961.0,175.0,64.349789
NYT,2026-08-17 14:05:00+00:00,64.39,64.55,64.39,64.55,2959.0,110.0,64.475926
NYT,2026-08-17 14:10:00+00:00,64.55,64.55,64.41,64.495,5887.0,151.0,64.490724
NYT,2026-08-17 14:15:00+00:00,64.49,64.68,64.44,64.565,7375.0,201.0,64.580336
NYT,2026-08-17 14:20:00+00:00,64.5575,64.5575,64.38,64.38,5616.0,177.0,64.465433
NYT,2026-08-17 14:25:00+00:00,64.3,64.42,64.25,64.39,9373.0,187.0,64.319321
NYT,2026-08-17 14:30:00+00:00,64.39,64.39,64.3,64.34,3395.0,158.0,64.362167
NYT,2026-08-17 14:35:00+00:00,64.3,64.345,64.3,64.34,5190.0,179.0,64.312805
NYT,2026-08-17 14:40:00+00:00,64.36,64.425,64.36,64.41,7474.0,186.0,64.408336
NYT,2026-08-17 14:45:00+00:00,64.41,64.43,64.34,64.37,9639.0,286.0,64.396616
NYT,2026-08-17 14:50:00+00:00,64.37,64.595,64.31,64.58,9324.0,214.0,64.438276
NYT,2026-08-17 14:55:00+00:00,64.58,64.59,64.39,64.39,9785.0,255.0,64.493086
NYT,2026-08-17 15:00:00+00:00,64.425,64.425,64.31,64.41,4438.0,149.0,64.398369
NYT,2026-08-17 15:05:00+00:00,64.41,64.5146,64.405,64.49,6335.0,167.0,64.448062
NYT,2026-08-17 15:10:00+00:00,64.54,64.615,64.525,64.605,7788.0,183.0,64.54591
NYT,2026-08-17 15:15:00+00:00,64.58,64.595,64.5,64.5,6402.0,185.0,64.558768
NYT,2026-08-17 15:20:00+00:00,64.515,64.515,64.305,64.38,7322.0,223.0,64.389219
NYT,2026-08-17 15:25:00+00:00,64.38,64.3925,64.31,64.31,5494.0,165.0,64.354231
NYT,2026-08-17 15:30:00+00:00,64.31,64.31,64.26,64.31,6161.0,191.0,64.290322
NYT,2026-08-17 15:35:00+00:00,64.29,64.39,64.29,64.32,13441.0,306.0,64.336898
NYT,2026-08-17 15:40:00+00:00,64.33,64.37,64.3,64.325,6281.0,200.0,64.341395
NYT,2026-08-17 15:45:00+00:00,64.32,64.4,64.32,64.36,14769.0,209.0,64.370925
NYT,2026-08-17 15:50:00+00:00,64.37,64.37,64.31,64.31,5158.0,173.0,64.342709
NYT,2026-08-17 15:55:00+00:00,64.3,64.315,64.28,64.29,5182.0,138.0,64.296986
NYT,2026-08-17 16:00:00+00:00,64.33,64.51,64.295,64.45,12619.0,307.0,64.423836
NYT,2026-08-17 16:05:00+00:00,64.42,64.48,64.42,64.46,7203.0,194.0,64.458009
NYT,2026-08-17 16:10:00+00:00,64.46,64.65,64.44,64.625,17580.0,276.0,64.482205
NYT,2026-08-17 16:15:00+00:00,64.63,64.715,64.63,64.71,10189.0,236.0,64.675065
NYT,2026-08-17 16:20:00+00:00,64.7,64.75,64.69,64.75,6769.0,165.0,64.710928
NYT,2026-08-17 16:25:00+00:00,64.77,64.83,64.76,64.8,12219.0,275.0,64.786109
NYT,2026-08-17 16:30:00+00:00,64.805,64.96,64.8,64.915,5167.0,155.0,64.856128
NYT,2026-08-17 16:35:00+00:00,64.87,64.875,64.84,64.855,5627.0,168.0,64.861145
NYT,2026-08-17 16:40:00+00:00,64.83,64.86,64.81,64.84,9295.0,218.0,64.841556
NYT,2026-08-17 16:45:00+00:00,64.87,64.92,64.87,64.88,6170.0,133.0,64.893511
NYT,2026-08-17 16:50:00+00:00,64.88,64.89,64.835,64.85,9723.0,239.0,64.85305
NYT,2026-08-17 16:55:00+00:00,64.85,64.87,64.79,64.82,9579.0,263.0,64.834322
NYT,2026-08-17 17:00:00+00:00,64.8,64.86,64.79,64.86,6964.0,203.0,64.819131
NYT,2026-08-17 17:05:00+00:00,64.85,64.85,64.7829,64.7829,8361.0,190.0,64.809116
NYT,2026-08-17 17:10:00+00:00,64.81,64.81,64.77,64.77,4452.0,167.0,64.784789
NYT,2026-08-17 17:15:00+00:00,64.77,64.77,64.72,64.725,7317.0,193.0,64.746187
NYT,2026-08-17 17:20:00+00:00,64.72,64.76,64.7001,64.76,8838.0,215.0,64.728893
NYT,2026-08-17 17:25:00+00:00,64.75,64.77,64.66,64.68,8231.0,203.0,64.732474
NYT,2026-08-17 17:30:00+00:00,64.68,64.71,64.68,64.71,5365.0,179.0,64.694783
NYT,2026-08-17 17:35:00+00:00,64.7,64.7,64.63,64.66,8403.0,230.0,64.657611
NYT,2026-08-17 17:40:00+00:00,64.67,64.67,64.64,64.65,5784.0,159.0,64.656842
NYT,2026-08-17 17:45:00+00:00,64.65,64.67,64.63,64.65,8004.0,177.0,64.652773
NYT,2026-08-17 17:50:00+00:00,64.65,64.72,64.65,64.705,10828.0,221.0,64.676751
NYT,2026-08-17 17:55:00+00:00,64.705,64.73,64.7,64.71,15775.0,282.0,64.711398
NYT,2026-08-17 18:00:00+00:00,64.73,64.88,64.73,64.85,8465.0,233.0,64.779377
NYT,2026-08-17 18:05:00+00:00,64.8201,64.92,64.8201,64.86,7234.0,238.0,64.880077
NYT,2026-08-17 18:10:00+00:00,64.88,64.89,64.84,64.88,7601.0,232.0,64.863897
NYT,2026-08-17 18:15:00+00:00,64.885,64.9,64.86,64.9,6029.0,165.0,64.878789
NYT,2026-08-17 18:20:00+00:00,64.87,64.88,64.85,64.88,8952.0,230.0,64.8651
NYT,2026-08-17 18:25:00+00:00,64.88,64.88,64.87,64.875,5003.0,168.0,64.873256
NYT,2026-08-17 18:30:00+00:00,64.86,64.8811,64.83,64.88,8524.0,282.0,64.853104
NYT,2026-08-17 18:35:00+00:00,64.905,64.909,64.855,64.87,6206.0,177.0,64.878469
NYT,2026-08-17 18:40:00+00:00,64.8925,64.94,64.885,64.94,8459.0,233.0,64.918371
NYT,2026-08-17 18:45:00+00:00,64.94,64.945,64.86,64.885,13105.0,328.0,64.904047
NYT,2026-08-17 18:50:00+00:00,64.91,64.93,64.895,64.91,6322.0,189.0,64.910862
NYT,2026-08-17 18:55:00+00:00,64.9,64.93,64.83,64.91,21511.0,487.0,64.887619
NYT,2026-08-17 19:00:00+00:00,64.925,64.95,64.88,64.88,10400.0,309.0,64.920964
NYT,2026-08-17 19:05:00+00:00,64.88,64.9025,64.79,64.85,19796.0,388.0,64.838357
NYT,2026-08-17 19:10:00+00:00,64.855,64.92,64.855,64.915,14463.0,283.0,64.89812
NYT,2026-08-17 19:15:00+00:00,64.91,64.97,64.9,64.94,26380.0,492.0,64.924381
NYT,2026-08-17 19:20:00+00:00,64.94,65.0,64.935,64.94,17082.0,366.0,64.974503
NYT,2026-08-17 19:25:00+00:00,64.94,64.985,64.915,64.985,30989.0,492.0,64.940971
NYT,2026-08-17 19:30:00+00:00,64.985,65.06,64.93,65.06,40716.0,564.0,64.974055
NYT,2026-08-17 19:35:00+00:00,65.075,65.075,64.88,64.89,27811.0,574.0,64.956544
NYT,2026-08-17 19:40:00+00:00,64.89,65.015,64.89,65.005,17745.0,463.0,64.970781
NYT,2026-08-17 19:45:00+00:00,65.005,65.12,65.005,65.12,33370.0,752.0,65.064044
NYT,2026-08-17 19:50:00+00:00,65.145,65.27,65.11,65.2,50182.0,929.0,65.202408
NYT,2026-08-17 19:55:00+00:00,65.194,65.37,65.16,65.27,215717.0,3151.0,65.287992
NYT,2026-08-17 20:00:00+00:00,65.27,65.27,65.27,65.27,476328.0,54.0,65.27
NYT,2026-08-18 09:40:00+00:00,65.45,65.5,65.45,65.5,992.0,4.0,65.494078
NYT,2026-08-18 12:40:00+00:00,65.01,65.01,65.01,65.01,226.0,15.0,65.01
NYT,2026-08-18 13:10:00+00:00,65.41,65.41,64.81,64.81,741.0,14.0,64.921811
NYT,2026-08-18 13:15:00+00:00,65.3,65.3,65.3,65.3,557.0,6.0,65.3
NYT,2026-08-18 13:30:00+00:00,65.23,65.4631,65.23,65.4631,39600.0,162.0,65.251317
NYT,2026-08-18 13:35:00+00:00,65.45,65.73,65.395,65.605,19788.0,438.0,65.561039
NYT,2026-08-18 13:40:00+00:00,65.595,65.68,65.4,65.41,14686.0,275.0,65.566238
NYT,2026-08-18 13:45:00+00:00,65.395,65.59,65.395,65.575,6933.0,195.0,65.479072
NYT,2026-08-18 13:50:00+00:00,65.75,65.86,65.75,65.79,7143.0,146.0,65.824935
NYT,2026-08-18 13:55:00+00:00,65.81,66.08,65.8,66.05,19365.0,371.0,65.986492
NYT,2026-08-18 14:00:00+00:00,66.05,66.16,65.9,65.905,22593.0,499.0,66.058944
NYT,2026-08-18 14:05:00+00:00,65.91,66.07,65.8558,66.05,8108.0,280.0,65.976506
NYT,2026-08-18 14:10:00+00:00,66.02,66.08,65.98,66.025,5998.0,215.0,66.025272
NYT,2026-08-18 14:15:00+00:00,66.02,66.02,65.66,65.675,17547.0,410.0,65.800068
NYT,2026-08-18 14:20:00+00:00,65.67,65.755,65.64,65.755,9702.0,222.0,65.690917
NYT,2026-08-18 14:25:00+00:00,65.715,65.715,65.58,65.6599,10499.0,159.0,65.630316
NYT,2026-08-18 14:30:00+00:00,65.62,65.69,65.58,65.675,9642.0,195.0,65.635946
NYT,2026-08-18 14:35:00+00:00,65.66,65.675,65.61,65.61,12351.0,246.0,65.640618
NYT,2026-08-18 14:40:00+00:00,65.61,65.63,65.54,65.54,9432.0,227.0,65.582853
NYT,2026-08-18 14:45:00+00:00,65.575,65.68,65.575,65.64,8915.0,249.0,65.632586
NYT,2026-08-18 14:50:00+00:00,65.64,65.82,65.64,65.665,13056.0,346.0,65.756728
NYT,2026-08-18 14:55:00+00:00,65.66,65.68,65.58,65.67,8258.0,190.0,65.647646
NYT,2026-08-18 15:00:00+00:00,65.64,65.72,65.595,65.595,8337.0,254.0,65.676084
NYT,2026-08-18 15:05:00+00:00,65.595,65.595,65.5,65.585,7583.0,145.0,65.519045
NYT,2026-08-18 15:10:00+00:00,65.58,65.59,65.51,65.525,5237.0,154.0,65.542108
NYT,2026-08-18 15:15:00+00:00,65.525,65.57,65.5,65.57,7606.0,209.0,65.52311
NYT,2026-08-18 15:20:00+00:00,65.535,65.56,65.29,65.29,10682.0,269.0,65.45863
NYT,2026-08-18 15:25:00+00:00,65.285,65.33,65.26,65.29,5722.0,172.0,65.303139
NYT,2026-08-18 15:30:00+00:00,65.285,65.34,65.2025,65.2025,12201.0,285.0,65.284368
NYT,2026-08-18 15:35:00+00:00,65.25,65.495,65.25,65.485,8761.0,252.0,65.365148
NYT,2026-08-18 15:40:00+00:00,65.47,65.51,65.45,65.48,7074.0,208.0,65.471394
NYT,2026-08-18 15:45:00+00:00,65.47,65.5875,65.47,65.54,10528.0,255.0,65.540146
NYT,2026-08-18 15:50:00+00:00,65.545,65.57,65.53,65.54,4891.0,193.0,65.555542
NYT,2026-08-18 15:55:00+00:00,65.54,65.56,65.51,65.525,6661.0,225.0,65.535517
NYT,2026-08-18 16:00:00+00:00,65.52,65.56,65.47,65.555,8397.0,267.0,65.511011
NYT,2026-08-18 16:05:00+00:00,65.535,65.56,65.4882,65.55,6524.0,194.0,65.530119
NYT,2026-08-18 16:10:00+00:00,65.55,65.56,65.53,65.535,5412.0,167.0,65.540648
NYT,2026-08-18 16:15:00+00:00,65.535,65.6032,65.53,65.5964,12715.0,310.0,65.564932
NYT,2026-08-18 16:20:00+00:00,65.6,65.69,65.6,65.64,7333.0,253.0,65.652422
NYT,2026-08-18 16:25:00+00:00,65.64,65.71,65.63,65.71,6155.0,194.0,65.660366
NYT,2026-08-18 16:30:00+00:00,65.72,65.76,65.71,65.73,7985.0,226.0,65.740777
NYT,2026-08-18 16:35:00+00:00,65.72,65.745,65.69,65.745,7414.0,195.0,65.720193
NYT,2026-08-18 16:40:00+00:00,65.745,65.76,65.64,65.64,7157.0,222.0,65.71084
NYT,2026-08-18 16:45:00+00:00,65.63,65.63,65.56,65.58,3468.0,162.0,65.582173
NYT,2026-08-18 16:50:00+00:00,65.58,65.6,65.555,65.585,8990.0,263.0,65.580377
NYT,2026-08-18 16:55:00+00:00,65.58,65.58,65.52,65.555,9874.0,260.0,65.545292
NYT,2026-08-18 17:00:00+00:00,65.55,65.55,65.53,65.53,6263.0,177.0,65.539459
NYT,2026-08-18 17:05:00+00:00,65.53,65.63,65.53,65.63,7921.0,233.0,65.577924
NYT,2026-08-18 17:10:00+00:00,65.635,65.645,65.62,65.62,4005.0,147.0,65.630332
NYT,2026-08-18 17:15:00+00:00,65.62,65.62,65.58,65.62,9963.0,201.0,65.597643
NYT,2026-08-18 17:20:00+00:00,65.62,65.64,65.59,65.62,6597.0,159.0,65.606773
NYT,2026-08-18 17:25:00+00:00,65.62,65.62,65.58,65.595,5174.0,146.0,65.598596
NYT,2026-08-18 17:30:00+00:00,65.595,65.6,65.535,65.535,9892.0,269.0,65.580296
NYT,2026-08-18 17:35:00+00:00,65.53,65.58,65.53,65.53,7543.0,234.0,65.563198
NYT,2026-08-18 17:40:00+00:00,65.53,65.5302,65.485,65.51,6457.0,175.0,65.505326
NYT,2026-08-18 17:45:00+00:00,65.51,65.545,65.51,65.51,6410.0,213.0,65.5248
NYT,2026-08-18 17:50:00+00:00,65.525,65.525,65.505,65.52,5575.0,117.0,65.513424
NYT,2026-08-18 17:55:00+00:00,65.51,65.525,65.48,65.485,10996.0,242.0,65.509254
NYT,2026-08-18 18:00:00+00:00,65.485,65.485,65.4,65.4,6330.0,223.0,65.4409
NYT,2026-08-18 18:05:00+00:00,65.39,65.39,65.25,65.265,19176.0,325.0,65.32205
NYT,2026-08-18 18:10:00+00:00,65.262,65.29,65.26,65.27,16721.0,313.0,65.277926
NYT,2026-08-18 18:15:00+00:00,65.28,65.29,65.24,65.27,16366.0,369.0,65.264418
NYT,2026-08-18 18:20:00+00:00,65.27,65.31,65.24,65.27,24585.0,363.0,65.2665
NYT,2026-08-18 18:25:00+00:00,65.28,65.28,65.1,65.23,39006.0,598.0,65.158581
NYT,2026-08-18 18:30:00+00:00,65.23,65.245,65.18,65.185,12248.0,346.0,65.222806
NYT,2026-08-18 18:35:00+00:00,65.19,65.245,65.165,65.23,10900.0,314.0,65.203909
NYT,2026-08-18 18:40:00+00:00,65.21,65.225,65.18,65.18,6878.0,206.0,65.210488
NYT,2026-08-18 18:45:00+00:00,65.16,65.17,65.105,65.155,12393.0,318.0,65.13767
NYT,2026-08-18 18:50:00+00:00,65.16,65.195,65.16,65.18,7330.0,228.0,65.178447
NYT,2026-08-18 18:55:00+00:00,65.18,65.185,65.105,65.12,10300.0,302.0,65.136894
NYT,2026-08-18 19:00:00+00:00,65.115,65.145,65.09,65.09,9287.0,244.0,65.114258
NYT,2026-08-18 19:05:00+00:00,65.09,65.0999,64.94,64.94,11060.0,335.0,64.992902
NYT,2026-08-18 19:10:00+00:00,64.945,65.05,64.9324,65.035,12074.0,343.0,64.996028
NYT,2026-08-18 19:15:00+00:00,65.035,65.035,64.99,64.99,10620.0,296.0,65.007479
NYT,2026-08-18 19:20:00+00:00,64.99,64.99,64.945,64.98,16263.0,401.0,64.965983
NYT,2026-08-18 19:25:00+00:00,64.99,64.99,64.905,64.97,16899.0,420.0,64.95234
NYT,2026-08-18 19:30:00+00:00,64.98,65.04,64.98,65.015,21889.0,514.0,65.010597
NYT,2026-08-18 19:35:00+00:00,65.015,65.13,64.97,65.13,27782.0,608.0,65.027085
NYT,2026-08-18 19:40:00+00:00,65.135,65.135,64.93,65.03,41926.0,630.0,65.05105
NYT,2026-08-18 19:45:00+00:00,65.025,65.075,64.95,65.045,27115.0,585.0,65.0136
NYT,2026-08-18 19:50:00+00:00,65.01,65.1,64.92,65.055,43348.0,854.0,65.011707
NYT,2026-08-18 19:55:00+00:00,65.04,65.1,64.92,65.07,153469.0,2722.0,65.022072
NYT,2026-08-18 20:00:00+00:00,65.07,65.07,65.07,65.07,275885.0,46.0,65.07
NYT,2026-08-18 20:35:00+00:00,64.99,64.99,64.99,64.99,1500.0,2.0,64.99
NYT,2026-08-19 11:05:00+00:00,65.07,65.07,65.07,65.07,784.0,2.0,65.07
NYT,2026-08-19 12:20:00+00:00,65.0194,65.0194,65.0194,65.0194,759.0,1.0,65.0194
NYT,2026-08-19 12:30:00+00:00,65.5,65.5,65.5,65.5,101.0,2.0,65.5
NYT,2026-08-19 13:30:00+00:00,65.23,65.34,65.0,65.22,10289.0,162.0,65.207231
NYT,2026-08-19 13:35:00+00:00,65.28,65.55,65.265,65.55,3579.0,77.0,65.420222
NYT,2026-08-19 13:40:00+00:00,65.665,65.72,65.48,65.535,2748.0,99.0,65.63
NYT,2026-08-19 13:45:00+00:00,65.53,65.7448,65.53,65.65,5073.0,95.0,65.644193
NYT,2026-08-19 13:50:00+00:00,65.6575,65.83,65.6575,65.83,4930.0,161.0,65.724617
NYT,2026-08-19 13:55:00+00:00,65.83,65.99,65.72,65.94,10001.0,216.0,65.897654
NYT,2026-08-19 14:00:00+00:00,65.96,66.25,65.96,66.185,9689.0,200.0,66.100118
NYT,2026-08-19 14:05:00+00:00,66.16,66.4616,66.13,66.39,12699.0,213.0,66.32985
NYT,2026-08-19 14:10:00+00:00,66.4,66.45,66.19,66.19,9188.0,186.0,66.318428
NYT,2026-08-19 14:15:00+00:00,66.265,66.5,66.265,66.48,6358.0,174.0,66.394681
NYT,2026-08-19 14:20:00+00:00,66.43,66.45,66.31,66.31,5254.0,203.0,66.387595
NYT,2026-08-19 14:25:00+00:00,66.32,66.41,66.2,66.2,4159.0,202.0,66.299959
NYT,2026-08-19 14:30:00+00:00,66.15,66.28,66.0715,66.28,9113.0,217.0,66.164502
NYT,2026-08-19 14:35:00+00:00,66.28,66.28,66.18,66.185,8125.0,297.0,66.24208
NYT,2026-08-19 14:40:00+00:00,66.14,66.38,66.1095,66.3,9989.0,253.0,66.261642
NYT,2026-08-19 14:45:00+00:00,66.3,66.405,66.3,66.405,5577.0,180.0,66.354306
NYT,2026-08-19 14:50:00+00:00,66.37,66.43,66.31,66.4,44657.0,289.0,66.36933
NYT,2026-08-19 14:55:00+00:00,66.4,66.575,66.4,66.515,12797.0,355.0,66.483319
NYT,2026-08-19 15:00:00+00:00,66.53,66.62,66.45,66.615,48631.0,462.0,66.52371
NYT,2026-08-19 15:05:00+00:00,66.61,66.615,66.395,66.395,7225.0,186.0,66.520974
NYT,2026-08-19 15:10:00+00:00,66.465,66.465,66.34,66.35,2304.0,83.0,66.380815
NYT,2026-08-19 15:15:00+00:00,66.345,66.35,66.23,66.23,5403.0,182.0,66.283997
NYT,2026-08-19 15:20:00+00:00,66.265,66.27,66.17,66.2,3594.0,147.0,66.204142
NYT,2026-08-19 15:25:00+00:00,66.2,66.22,66.14,66.19,9869.0,276.0,66.198116
NYT,2026-08-19 15:30:00+00:00,66.19,66.27,66.19,66.26,5238.0,170.0,66.222152
NYT,2026-08-19 15:35:00+00:00,66.23,66.28,66.062,66.14,72568.0,883.0,66.165703
NYT,2026-08-19 15:40:00+00:00,66.13,66.2,66.11,66.11,11992.0,300.0,66.137938
NYT,2026-08-19 15:45:00+00:00,66.13,66.13,66.045,66.05,6460.0,175.0,66.073969
NYT,2026-08-19 15:50:00+00:00,66.075,66.42,66.07,66.365,70194.0,647.0,66.200435
NYT,2026-08-19 15:55:00+00:00,66.3,66.35,66.19,66.31,21234.0,315.0,66.312309
NYT,2026-08-19 16:00:00+00:00,66.33,66.405,66.33,66.375,12028.0,271.0,66.358619
NYT,2026-08-19 16:05:00+00:00,66.375,66.385,66.29,66.29,6768.0,203.0,66.348062
NYT,2026-08-19 16:10:00+00:00,66.3,66.4,66.3,66.39,12163.0,221.0,66.329465
NYT,2026-08-19 16:15:00+00:00,66.38,66.4,66.36,66.385,6948.0,136.0,66.378274
NYT,2026-08-19 16:20:00+00:00,66.385,66.385,66.2,66.2,7383.0,219.0,66.316906
NYT,2026-08-19 16:25:00+00:00,66.23,66.25,66.19,66.205,3358.0,158.0,66.217273
NYT,2026-08-19 16:30:00+00:00,66.195,66.195,66.12,66.18,7527.0,181.0,66.145837
NYT,2026-08-19 16:35:00+00:00,66.15,66.23,66.14,66.175,6174.0,213.0,66.181622
NYT,2026-08-19 16:40:00+00:00,66.155,66.17,66.125,66.14,2703.0,135.0,66.143488
NYT,2026-08-19 16:45:00+00:00,66.16,66.22,66.15,66.175,4611.0,177.0,66.17425
NYT,2026-08-19 16:50:00+00:00,66.175,66.19,66.09,66.09,5138.0,164.0,66.131324
NYT,2026-08-19 16:55:00+00:00,66.11,66.139,66.0595,66.0595,4143.0,152.0,66.108789
NYT,2026-08-19 17:00:00+00:00,66.085,66.14,66.08,66.115,6992.0,175.0,66.116105
NYT,2026-08-19 17:05:00+00:00,66.14,66.17,66.109,66.15,6225.0,221.0,66.137171
NYT,2026-08-19 17:10:00+00:00,66.14,66.14,66.12,66.13,2864.0,125.0,66.136289
NYT,2026-08-19 17:15:00+00:00,66.13,66.13,66.045,66.08,4922.0,181.0,66.08775
NYT,2026-08-19 17:20:00+00:00,66.07,66.07,66.01,66.02,4796.0,166.0,66.0475
NYT,2026-08-19 17:25:00+00:00,66.05,66.06,66.0,66.03,5486.0,148.0,66.040808
NYT,2026-08-19 17:30:00+00:00,66.04,66.145,66.04,66.11,10830.0,250.0,66.105266
NYT,2026-08-19 17:35:00+00:00,66.14,66.23,66.12,66.225,6348.0,206.0,66.180857
NYT,2026-08-19 17:40:00+00:00,66.26,66.33,66.24,66.3,13141.0,256.0,66.269169
NYT,2026-08-19 17:45:00+00:00,66.325,66.325,66.23,66.26,9173.0,254.0,66.252714
NYT,2026-08-19 17:50:00+00:00,66.28,66.34,66.24,66.33,6940.0,215.0,66.287754
NYT,2026-08-19 17:55:00+00:00,66.295,66.37,66.2901,66.34,10246.0,286.0,66.347944
NYT,2026-08-19 18:00:00+00:00,66.315,66.34,66.29,66.33,7394.0,226.0,66.312699
NYT,2026-08-19 18:05:00+00:00,66.35,66.37,66.33,66.34,5641.0,172.0,66.347572
NYT,2026-08-19 18:10:00+00:00,66.355,66.42,66.345,66.42,9232.0,270.0,66.369422
NYT,2026-08-19 18:15:00+00:00,66.42,66.46,66.41,66.43,11878.0,261.0,66.424842
NYT,2026-08-19 18:20:00+00:00,66.4,66.45,66.38,66.39,9139.0,245.0,66.408861
NYT,2026-08-19 18:25:00+00:00,66.41,66.525,66.39,66.5,13932.0,317.0,66.442024
NYT,2026-08-19 18:30:00+00:00,66.53,66.53,66.47,66.515,7469.0,190.0,66.501591
NYT,2026-08-19 18:35:00+00:00,66.51,66.6,66.505,66.57,23853.0,275.0,66.522597
NYT,2026-08-19 18:40:00+00:00,66.57,66.584,66.525,66.55,7962.0,239.0,66.5521
NYT,2026-08-19 18:45:00+00:00,66.56,66.57,66.54,66.54,9459.0,251.0,66.554638
NYT,2026-08-19 18:50:00+00:00,66.54,66.6,66.5201,66.57,12290.0,236.0,66.554774
NYT,2026-08-19 18:55:00+00:00,66.56,66.56,66.42,66.45,9616.0,270.0,66.494588
NYT,2026-08-19 19:00:00+00:00,66.46,66.47,66.32,66.4,13436.0,330.0,66.410017
NYT,2026-08-19 19:05:00+00:00,66.405,66.43,66.28,66.285,12712.0,433.0,66.357188
NYT,2026-08-19 19:10:00+00:00,66.29,66.325,66.195,66.215,11543.0,456.0,66.266998
NYT,2026-08-19 19:15:00+00:00,66.2,66.2,66.14,66.17,9259.0,563.0,66.175561
NYT,2026-08-19 19:20:00+00:00,66.17,66.17,66.04,66.04,15967.0,794.0,66.128206
NYT,2026-08-19 19:25:00+00:00,66.04,66.04,65.94,65.965,15944.0,623.0,65.98088
NYT,2026-08-19 19:30:00+00:00,65.97,66.0,65.805,65.81,20731.0,639.0,65.906767
NYT,2026-08-19 19:35:00+00:00,65.81,65.82,65.735,65.76,18928.0,612.0,65.770914
NYT,2026-08-19 19:40:00+00:00,65.745,65.79,65.7,65.725,19416.0,552.0,65.741297
NYT,2026-08-19 19:45:00+00:00,65.725,65.775,65.69,65.74,32331.0,749.0,65.733748
NYT,2026-08-19 19:50:00+00:00,65.76,65.76,65.63,65.65,42940.0,910.0,65.701901
NYT,2026-08-19 19:55:00+00:00,65.65,66.02,65.63,65.98,187090.0,3045.0,65.826196
NYT,2026-08-19 20:00:00+00:00,65.96,65.96,65.96,65.96,319982.0,36.0,65.96
NYT,2026-08-20 08:00:00+00:00,65.74,65.75,65.74,65.75,420.0,9.0,65.743443
NYT,2026-08-20 11:45:00+00:00,65.97,65.97,65.96,65.96,309.0,10.0,65.963333
NYT,2026-08-20 13:30:00+00:00,65.63,66.0,65.62,65.895,12913.0,171.0,65.725501
NYT,2026-08-20 13:35:00+00:00,65.885,66.13,65.885,65.99,1016.0,30.0,65.978171
NYT,2026-08-20 13:40:00+00:00,66.0,66.0,65.995,66.0,1861.0,62.0,65.998846
NYT,2026-08-20 13:45:00+00:00,66.08,66.43,66.06,66.24,10439.0,206.0,66.255066
NYT,2026-08-20 13:50:00+00:00,66.33,66.42,66.22,66.31,8697.0,222.0,66.350787
NYT,2026-08-20 13:55:00+00:00,66.295,66.295,66.13,66.13,5211.0,138.0,66.236472
NYT,2026-08-20 14:00:00+00:00,66.11,66.11,65.62,65.62,13921.0,394.0,65.853948
NYT,2026-08-20 14:05:00+00:00,65.5,65.5,65.19,65.2,20743.0,646.0,65.307959
NYT,2026-08-20 14:10:00+00:00,65.19,65.25,65.03,65.19,13293.0,444.0,65.170079
NYT,2026-08-20 14:15:00+00:00,65.145,65.18,65.001,65.1,10646.0,398.0,65.08692
NYT,2026-08-20 14:20:00+00:00,65.095,65.095,64.78,64.82,24949.0,614.0,64.946987
NYT,2026-08-20 14:25:00+00:00,64.9899,65.0,64.81,65.0,10742.0,367.0,64.899575
NYT,2026-08-20 14:30:00+00:00,65.03,65.11,64.96,65.07,5374.0,239.0,65.050917
NYT,2026-08-20 14:35:00+00:00,65.07,65.17,65.07,65.11,2377.0,58.0,65.144414
NYT,2026-08-20 14:40:00+00:00,65.15,65.18,65.08,65.175,13576.0,431.0,65.143562
NYT,2026-08-20 14:45:00+00:00,65.26,65.365,65.26,65.31,7240.0,265.0,65.299704
NYT,2026-08-20 14:50:00+00:00,65.27,65.3999,65.27,65.3999,4423.0,175.0,65.33833
NYT,2026-08-20 14:55:00+00:00,65.39,65.42,65.375,65.42,3266.0,143.0,65.392692
NYT,2026-08-20 15:00:00+00:00,65.43,65.66,65.42,65.621,6438.0,271.0,65.512211
NYT,2026-08-20 15:05:00+00:00,65.66,65.69,65.59,65.68,15360.0,402.0,65.654754
NYT,2026-08-20 15:10:00+00:00,65.65,65.65,65.59,65.59,4738.0,178.0,65.638687
NYT,2026-08-20 15:15:00+00:00,65.62,65.62,65.445,65.5367,10497.0,315.0,65.522957
NYT,2026-08-20 15:20:00+00:00,65.495,65.55,65.44,65.53,8464.0,272.0,65.506729
NYT,2026-08-20 15:25:00+00:00,65.48,65.48,65.43,65.46,6031.0,213.0,65.468555
NYT,2026-08-20 15:30:00+00:00,65.47,65.52,65.421,65.52,5805.0,181.0,65.464906
NYT,2026-08-20 15:35:00+00:00,65.48,65.52,65.48,65.52,3835.0,80.0,65.502083
NYT,2026-08-20 15:40:00+00:00,65.49,65.54,65.49,65.495,5886.0,201.0,65.512265
NYT,2026-08-20 15:45:00+00:00,65.495,65.52,65.45,65.48,2297.0,64.0,65.48866
NYT,2026-08-20 15:50:00+00:00,65.5,65.57,65.3975,65.535,7710.0,252.0,65.46602
NYT,2026-08-20 15:55:00+00:00,65.53,65.53,65.475,65.475,3497.0,112.0,65.491458
NYT,2026-08-20 16:00:00+00:00,65.45,65.545,65.45,65.54,6266.0,181.0,65.496617
NYT,2026-08-20 16:05:00+00:00,65.535,65.535,65.5,65.515,2814.0,105.0,65.518343
NYT,2026-08-20 16:10:00+00:00,65.515,65.515,65.45,65.45,5897.0,170.0,65.492178
NYT,2026-08-20 16:15:00+00:00,65.45,65.48,65.42,65.44,6674.0,200.0,65.448122
NYT,2026-08-20 16:20:00+00:00,65.42,65.48,65.4,65.45,3819.0,152.0,65.45125
NYT,2026-08-20 16:25:00+00:00,65.485,65.485,65.42,65.43,4046.0,157.0,65.461667
NYT,2026-08-20 16:30:00+00:00,65.4,65.5,65.4,65.49,8456.0,195.0,65.482555
NYT,2026-08-20 16:35:00+00:00,65.49,65.5,65.46,65.46,3697.0,150.0,65.479167
NYT,2026-08-20 16:40:00+00:00,65.44,65.47,65.3901,65.435,10295.0,153.0,65.408577
NYT,2026-08-20 16:45:00+00:00,65.43,65.51,65.4101,65.47,5950.0,186.0,65.463289
NYT,2026-08-20 16:50:00+00:00,65.47,65.54,65.47,65.54,5095.0,149.0,65.513178
NYT,2026-08-20 16:55:00+00:00,65.54,65.55,65.49,65.52,3237.0,112.0,65.53125
NYT,2026-08-20 17:00:00+00:00,65.49,65.49,65.39,65.39,6960.0,213.0,65.447515
NYT,2026-08-20 17:05:00+00:00,65.415,65.415,65.35,65.35,3268.0,122.0,65.389795
NYT,2026-08-20 17:10:00+00:00,65.37,65.45,65.37,65.435,6650.0,191.0,65.401909
NYT,2026-08-20 17:15:00+00:00,65.44,65.47,65.35,65.35,8944.0,176.0,65.417875
NYT,2026-08-20 17:20:00+00:00,65.395,65.395,65.245,65.26,4217.0,162.0,65.335003
NYT,2026-08-20 17:25:00+00:00,65.26,65.26,65.185,65.185,4621.0,186.0,65.22886
NYT,2026-08-20 17:30:00+00:00,65.2241,65.24,65.19,65.2,4565.0,144.0,65.221515
NYT,2026-08-20 17:35:00+00:00,65.22,65.22,65.17,65.21,4506.0,129.0,65.207089
NYT,2026-08-20 17:40:00+00:00,65.18,65.25,65.17,65.17,6004.0,180.0,65.199186
NYT,2026-08-20 17:45:00+00:00,65.14,65.23,65.14,65.17,15790.0,341.0,65.191398
NYT,2026-08-20 17:50:00+00:00,65.16,65.2,65.1,65.135,15182.0,311.0,65.160468
NYT,2026-08-20 17:55:00+00:00,65.135,65.15,65.06,65.105,8900.0,265.0,65.116315
NYT,2026-08-20 18:00:00+00:00,65.1,65.11,65.05,65.06,5641.0,201.0,65.08485
NYT,2026-08-20 18:05:00+00:00,65.075,65.11,65.06,65.11,6462.0,181.0,65.093233
NYT,2026-08-20 18:10:00+00:00,65.09,65.1,65.03,65.08,11846.0,290.0,65.065162
NYT,2026-08-20 18:15:00+00:00,65.1,65.16,65.1,65.12,5966.0,206.0,65.136073
NYT,2026-08-20 18:20:00+00:00,65.115,65.2399,65.05,65.215,23028.0,414.0,65.114194
NYT,2026-08-20 18:25:00+00:00,65.21,65.28,65.2,65.23,18100.0,361.0,65.221855
NYT,2026-08-20 18:30:00+00:00,65.2202,65.3,65.22,65.28,8799.0,180.0,65.278069
NYT,2026-08-20 18:35:00+00:00,65.275,65.335,65.26,65.31,13318.0,254.0,65.294705
NYT,2026-08-20 18:40:00+00:00,65.3137,65.34,65.3,65.315,8317.0,215.0,65.319169
NYT,2026-08-20 18:45:00+00:00,65.315,65.38,65.315,65.345,9671.0,257.0,65.34911
NYT,2026-08-20 18:50:00+00:00,65.345,65.4,65.3,65.3,11849.0,273.0,65.365822
NYT,2026-08-20 18:55:00+00:00,65.3,65.52,65.3,65.5,51077.0,610.0,65.419238
NYT,2026-08-20 19:00:00+00:00,65.49,65.505,65.35,65.49,31253.0,398.0,65.398675
NYT,2026-08-20 19:05:00+00:00,65.49,65.565,65.48,65.51,16854.0,286.0,65.52812
NYT,2026-08-20 19:10:00+00:00,65.5372,65.54,65.48,65.51,13439.0,286.0,65.513795
NYT,2026-08-20 19:15:00+00:00,65.53,65.56,65.47,65.47,14888.0,283.0,65.520233
NYT,2026-08-20 19:20:00+00:00,65.5,65.525,65.47,65.5,12541.0,272.0,65.500407
NYT,2026-08-20 19:25:00+00:00,65.48,65.5,65.45,65.455,19739.0,422.0,65.474638
NYT,2026-08-20 19:30:00+00:00,65.47,65.525,65.24,65.265,22918.0,514.0,65.406019
NYT,2026-08-20 19:35:00+00:00,65.25,65.39,65.25,65.375,23895.0,411.0,65.341756
NYT,2026-08-20 19:40:00+00:00,65.375,65.42,65.35,65.405,38047.0,517.0,65.392296
NYT,2026-08-20 19:45:00+00:00,65.4,65.42,65.36,65.39,24440.0,492.0,65.391013
NYT,2026-08-20 19:50:00+00:00,65.38,65.4,65.28,65.325,49309.0,958.0,65.324665
NYT,2026-08-20 19:55:00+00:00,65.37,65.52,65.21,65.3,208273.0,3234.0,65.362014
NYT,2026-08-20 20:00:00+00:00,65.3,65.3,65.3,65.3,336060.0,45.0,65.3
NYT,2026-08-21 11:00:00+00:00,66.02,66.02,66.02,66.02,150.0,1.0,66.02
NYT,2026-08-21 13:30:00+00:00,65.67,65.815,65.33,65.45,18693.0,162.0,65.632812
NYT,2026-08-21 13:35:00+00:00,65.425,65.73,65.31,65.73,6175.0,151.0,65.460857
NYT,2026-08-21 13:40:00+00:00,65.74,65.765,65.46,65.55,3564.0,115.0,65.611765
NYT,2026-08-21 13:45:00+00:00,65.55,65.59,65.34,65.59,6182.0,157.0,65.436137
NYT,2026-08-21 13:50:00+00:00,65.635,65.82,65.635,65.79,5611.0,147.0,65.745473
NYT,2026-08-21 13:55:00+00:00,65.7,65.89,65.51,65.58,20791.0,278.0,65.711803
NYT,2026-08-21 14:00:00+00:00,65.47,65.805,65.4,65.7,20722.0,214.0,65.617189
NYT,2026-08-21 14:05:00+00:00,65.695,65.86,65.66,65.86,8954.0,180.0,65.814365
NYT,2026-08-21 14:10:00+00:00,65.86,65.93,65.56,65.56,21940.0,361.0,65.747983
NYT,2026-08-21 14:15:00+00:00,65.55,65.825,65.395,65.825,38490.0,387.0,65.584667
NYT,2026-08-21 14:20:00+00:00,65.725,65.83,65.59,65.64,9591.0,191.0,65.694913
NYT,2026-08-21 14:25:00+00:00,65.64,65.785,65.6,65.76,12700.0,237.0,65.681341
NYT,2026-08-21 14:30:00+00:00,65.755,65.84,65.755,65.78,8400.0,188.0,65.794399
NYT,2026-08-21 14:35:00+00:00,65.775,65.81,65.73,65.77,5889.0,89.0,65.775983
NYT,2026-08-21 14:40:00+00:00,65.765,65.87,65.765,65.81,7219.0,203.0,65.835224
NYT,2026-08-21 14:45:00+00:00,65.81,65.89,65.8,65.83,12655.0,198.0,65.84887
NYT,2026-08-21 14:50:00+00:00,65.875,66.05,65.875,66.05,8349.0,217.0,65.945228
NYT,2026-08-21 14:55:00+00:00,66.05,66.055,66.015,66.0214,4354.0,136.0,66.044042
NYT,2026-08-21 15:00:00+00:00,66.055,66.31,66.055,66.31,12683.0,307.0,66.190391
NYT,2026-08-21 15:05:00+00:00,66.34,66.38,66.12,66.12,6935.0,210.0,66.28825
NYT,2026-08-21 15:10:00+00:00,66.1,66.1,66.045,66.045,2401.0,94.0,66.067403
NYT,2026-08-21 15:15:00+00:00,66.07,66.16,66.07,66.0905,7276.0,170.0,66.10429
NYT,2026-08-21 15:20:00+00:00,66.12,66.15,66.07,66.11,6934.0,174.0,66.113523
NYT,2026-08-21 15:25:00+00:00,66.11,66.11,66.06,66.09,3512.0,115.0,66.08477
NYT,2026-08-21 15:30:00+00:00,66.07,66.16,66.0601,66.135,13287.0,284.0,66.107088
NYT,2026-08-21 15:35:00+00:00,66.11,66.145,66.095,66.14,4269.0,161.0,66.123292
NYT,2026-08-21 15:40:00+00:00,66.115,66.19,66.08,66.12,9028.0,229.0,66.134031
NYT,2026-08-21 15:45:00+00:00,66.135,66.14,66.07,66.08,5348.0,157.0,66.108792
NYT,2026-08-21 15:50:00+00:00,66.075,66.09,66.02,66.02,14096.0,218.0,66.056513
NYT,2026-08-21 15:55:00+00:00,66.01,66.06,65.95,66.06,6884.0,256.0,66.015447
NYT,2026-08-21 16:00:00+00:00,66.05,66.06,65.925,65.925,5517.0,222.0,66.013492
NYT,2026-08-21 16:05:00+00:00,65.92,65.92,65.86,65.9,5194.0,151.0,65.889825
NYT,2026-08-21 16:10:00+00:00,65.91,65.91,65.765,65.765,5872.0,178.0,65.802654
NYT,2026-08-21 16:15:00+00:00,65.79,65.805,65.74,65.74,3310.0,101.0,65.78625
NYT,2026-08-21 16:20:00+00:00,65.76,65.8,65.75,65.79,8436.0,192.0,65.770743
NYT,2026-08-21 16:25:00+00:00,65.8,65.835,65.78,65.805,6593.0,183.0,65.810266
NYT,2026-08-21 16:30:00+00:00,65.82,65.86,65.815,65.85,6197.0,134.0,65.831343
NYT,2026-08-21 16:35:00+00:00,65.83,65.87,65.83,65.87,4918.0,191.0,65.844393
NYT,2026-08-21 16:40:00+00:00,65.87,65.87,65.85,65.86,2619.0,113.0,65.86102
NYT,2026-08-21 16:45:00+00:00,65.85,65.85,65.8,65.81,7131.0,180.0,65.82458
NYT,2026-08-21 16:50:00+00:00,65.82,65.83,65.79,65.81,4908.0,143.0,65.814128
NYT,2026-08-21 16:55:00+00:00,65.82,65.83,65.79,65.83,5831.0,200.0,65.813417
NYT,2026-08-21 17:00:00+00:00,65.815,65.87,65.73,65.7573,6316.0,215.0,65.805999
NYT,2026-08-21 17:05:00+00:00,65.7625,65.77,65.74,65.77,5708.0,150.0,65.755688
NYT,2026-08-21 17:10:00+00:00,65.77,65.77,65.755,65.7575,2389.0,63.0,65.763283
NYT,2026-08-21 17:15:00+00:00,65.77,65.82,65.72,65.72,9213.0,236.0,65.778858
NYT,2026-08-21 17:20:00+00:00,65.715,65.73,65.615,65.615,4418.0,170.0,65.670689
NYT,2026-08-21 17:25:00+00:00,65.63,65.64,65.5275,65.55,10133.0,233.0,65.591494
NYT,2026-08-21 17:30:00+00:00,65.56,65.56,65.52,65.52,8644.0,235.0,65.545161
NYT,2026-08-21 17:35:00+00:00,65.53,65.56,65.46,65.46,11166.0,271.0,65.533773
NYT,2026-08-21 17:40:00+00:00,65.47,65.57,65.4675,65.545,7731.0,218.0,65.52212
NYT,2026-08-21 17:45:00+00:00,65.54,65.55,65.485,65.485,4851.0,146.0,65.526664
NYT,2026-08-21 17:50:00+00:00,65.485,65.55,65.485,65.525,7993.0,229.0,65.520254
NYT,2026-08-21 17:55:00+00:00,65.535,65.615,65.53,65.61,7114.0,199.0,65.57037
NYT,2026-08-21 18:00:00+00:00,65.605,65.635,65.6,65.62,5687.0,135.0,65.614192
NYT,2026-08-21 18:05:00+00:00,65.61,65.65,65.58,65.65,10005.0,225.0,65.611176
NYT,2026-08-21 18:10:00+00:00,65.635,65.68,65.62,65.65,8881.0,183.0,65.64003
NYT,2026-08-21 18:15:00+00:00,65.67,65.69,65.61,65.625,8705.0,205.0,65.649994
NYT,2026-08-21 18:20:00+00:00,65.625,65.625,65.57,65.625,9279.0,236.0,65.594429
NYT,2026-08-21 18:25:00+00:00,65.625,65.675,65.62,65.66,8890.0,189.0,65.641705
NYT,2026-08-21 18:30:00+00:00,65.66,65.67,65.59,65.605,8101.0,218.0,65.628675
NYT,2026-08-21 18:35:00+00:00,65.61,65.62,65.54,65.55,7058.0,185.0,65.585683
NYT,2026-08-21 18:40:00+00:00,65.56,65.6399,65.56,65.57,15289.0,326.0,65.602388
NYT,2026-08-21 18:45:00+00:00,65.57,65.749,65.545,65.72,13303.0,346.0,65.644841
NYT,2026-08-21 18:50:00+00:00,65.75,65.77,65.74,65.76,10557.0,230.0,65.754116
NYT,2026-08-21 18:55:00+00:00,65.77,65.795,65.72,65.72,12480.0,228.0,65.757953
NYT,2026-08-21 19:00:00+00:00,65.71,65.75,65.64,65.64,12996.0,301.0,65.699715
NYT,2026-08-21 19:05:00+00:00,65.655,65.725,65.655,65.685,16957.0,334.0,65.691574
NYT,2026-08-21 19:10:00+00:00,65.68,65.82,65.67,65.8,14767.0,360.0,65.739653
NYT,2026-08-21 19:15:00+00:00,65.795,65.82,65.75,65.79,16488.0,364.0,65.785205
NYT,2026-08-21 19:20:00+00:00,65.795,65.795,65.69,65.72,16587.0,348.0,65.733626
NYT,2026-08-21 19:25:00+00:00,65.715,65.74,65.64,65.66,12077.0,323.0,65.678426
NYT,2026-08-21 19:30:00+00:00,65.66,65.79,65.63,65.79,23088.0,479.0,65.681157
NYT,2026-08-21 19:35:00+00:00,65.795,65.87,65.795,65.855,20285.0,392.0,65.846744
NYT,2026-08-21 19:40:00+00:00,65.86,65.97,65.86,65.97,21688.0,469.0,65.921232
NYT,2026-08-21 19:45:00+00:00,65.985,66.058,65.96,66.058,36042.0,531.0,66.000058
NYT,2026-08-21 19:50:00+00:00,66.075,66.1,65.84,65.89,46798.0,801.0,65.98367
NYT,2026-08-21 19:55:00+00:00,65.9,66.04,65.66,65.66,211822.0,2911.0,65.845266
NYT,2026-08-21 20:00:00+00:00,65.69,65.69,65.69,65.69,546608.0,43.0,65.69
NYT,2026-08-24 11:20:00+00:00,65.62,65.62,65.62,65.62,850.0,37.0,65.62
NYT,2026-08-24 11:55:00+00:00,66.14,66.14,66.14,66.14,100.0,1.0,66.14
NYT,2026-08-24 13:20:00+00:00,66.16,66.16,66.16,66.16,152.0,1.0,66.16
NYT,2026-08-24 13:30:00+00:00,65.71,66.48,65.71,66.48,27930.0,171.0,65.854682
NYT,2026-08-24 13:35:00+00:00,66.375,66.52,66.375,66.485,4318.0,116.0,66.429403
NYT,2026-08-24 13:40:00+00:00,66.44,66.44,66.06,66.145,18798.0,154.0,66.226836
NYT,2026-08-24 13:45:00+00:00,66.1,66.32,66.08,66.32,9875.0,237.0,66.218447
NYT,2026-08-24 13:50:00+00:00,66.35,66.39,66.3,66.3,6532.0,176.0,66.346753
NYT,2026-08-24 13:55:00+00:00,66.29,66.42,66.275,66.36,3788.0,135.0,66.360631
NYT,2026-08-24 14:00:00+00:00,66.355,66.765,66.35,66.765,13351.0,292.0,66.638627
NYT,2026-08-24 14:05:00+00:00,66.755,66.8488,66.6071,66.6071,11415.0,222.0,66.710706
NYT,2026-08-24 14:10:00+00:00,66.64,66.75,66.635,66.73,8863.0,202.0,66.689316
NYT,2026-08-24 14:15:00+00:00,66.73,66.73,66.48,66.54,60971.0,746.0,66.539446
NYT,2026-08-24 14:20:00+00:00,66.51,66.65,66.47,66.52,22582.0,374.0,66.538896
NYT,2026-08-24 14:25:00+00:00,66.52,66.68,66.52,66.59,10934.0,150.0,66.574233
NYT,2026-08-24 14:30:00+00:00,66.605,66.605,66.38,66.385,7938.0,212.0,66.45295
NYT,2026-08-24 14:35:00+00:00,66.395,66.53,66.34,66.46,24842.0,389.0,66.474958
NYT,2026-08-24 14:40:00+00:00,66.455,66.58,66.455,66.58,5921.0,180.0,66.515991
NYT,2026-08-24 14:45:00+00:00,66.61,66.65,66.57,66.57,6086.0,150.0,66.611148
NYT,2026-08-24 14:50:00+00:00,66.575,66.67,66.575,66.655,6369.0,164.0,66.618011
NYT,2026-08-24 14:55:00+00:00,66.665,66.72,66.665,66.71,8250.0,203.0,66.688184
NYT,2026-08-24 15:00:00+00:00,66.69,66.695,66.59,66.59,4251.0,135.0,66.666389
NYT,2026-08-24 15:05:00+00:00,66.58,66.59,66.54,66.58,6846.0,177.0,66.570193
NYT,2026-08-24 15:10:00+00:00,66.6,66.6299,66.51,66.57,8149.0,209.0,66.565465
NYT,2026-08-24 15:15:00+00:00,66.61,66.82,66.61,66.78,13766.0,324.0,66.721975
NYT,2026-08-24 15:20:00+00:00,66.78,66.78,66.71,66.76,6564.0,177.0,66.744717
NYT,2026-08-24 15:25:00+00:00,66.74,66.78,66.69,66.76,8277.0,224.0,66.740417
NYT,2026-08-24 15:30:00+00:00,66.73,66.8499,66.73,66.835,9246.0,287.0,66.786973
NYT,2026-08-24 15:35:00+00:00,66.835,67.0,66.83,66.98,21689.0,356.0,66.892677
NYT,2026-08-24 15:40:00+00:00,66.98,67.005,66.885,66.99,19656.0,338.0,66.955673
NYT,2026-08-24 15:45:00+00:00,66.94,66.94,66.87,66.91,7339.0,206.0,66.905298
NYT,2026-08-24 15:50:00+00:00,66.915,66.915,66.84,66.9,6524.0,201.0,66.875835
NYT,2026-08-24 15:55:00+00:00,66.8472,66.9,66.8,66.83,6639.0,203.0,66.857505
NYT,2026-08-24 16:00:00+00:00,66.8,66.89,66.76,66.89,8334.0,243.0,66.831793
NYT,2026-08-24 16:05:00+00:00,66.93,66.95,66.85,66.86,7176.0,190.0,66.897594
NYT,2026-08-24 16:10:00+00:00,66.85,66.85,66.755,66.8,9309.0,212.0,66.804113
NYT,2026-08-24 16:15:00+00:00,66.8,66.81,66.69,66.71,5378.0,135.0,66.751651
NYT,2026-08-24 16:20:00+00:00,66.68,66.72,66.6,66.645,8334.0,197.0,66.678289
NYT,2026-08-24 16:25:00+00:00,66.6,66.69,66.6,66.65,6799.0,191.0,66.648283
NYT,2026-08-24 16:30:00+00:00,66.69,66.69,66.56,66.61,13940.0,279.0,66.632255
NYT,2026-08-24 16:35:00+00:00,66.625,66.685,66.62,66.645,9693.0,211.0,66.641708
NYT,2026-08-24 16:40:00+00:00,66.655,66.69,66.645,66.675,4259.0,134.0,66.673149
NYT,2026-08-24 16:45:00+00:00,66.69,66.7499,66.69,66.74,8208.0,219.0,66.718127
NYT,2026-08-24 16:50:00+00:00,66.72,66.78,66.7,66.78,12505.0,301.0,66.741447
NYT,2026-08-24 16:55:00+00:00,66.78,66.8,66.72,66.74,7176.0,177.0,66.771414
NYT,2026-08-24 17:00:00+00:00,66.73,66.73,66.64,66.64,9836.0,214.0,66.697949
NYT,2026-08-24 17:05:00+00:00,66.68,66.82,66.665,66.81,14157.0,291.0,66.71028
NYT,2026-08-24 17:10:00+00:00,66.83,66.9,66.83,66.86,5775.0,232.0,66.864792
NYT,2026-08-24 17:15:00+00:00,66.83,66.86,66.81,66.825,9002.0,222.0,66.835011
NYT,2026-08-24 17:20:00+00:00,66.83,66.83,66.78,66.78,9960.0,257.0,66.798812
NYT,2026-08-24 17:25:00+00:00,66.78,66.84,66.7601,66.83,9644.0,246.0,66.807798
NYT,2026-08-24 17:30:00+00:00,66.84,67.18,66.82,67.18,136937.0,1101.0,66.998359
NYT,2026-08-24 17:35:00+00:00,67.18,67.18,66.95,66.9825,18959.0,394.0,67.068426
NYT,2026-08-24 17:40:00+00:00,66.9825,67.02,66.9,67.01,28612.0,390.0,66.95903
NYT,2026-08-24 17:45:00+00:00,67.0,67.055,66.97,66.97,16740.0,342.0,67.009595
NYT,2026-08-24 17:50:00+00:00,66.98,67.02,66.94,67.01,7641.0,225.0,66.983901
NYT,2026-08-24 17:55:00+00:00,67.0,67.0,66.87,66.91,7125.0,192.0,66.943514
NYT,2026-08-24 18:00:00+00:00,66.93,67.13,66.93,67.13,20869.0,408.0,67.017389
NYT,2026-08-24 18:05:00+00:00,67.135,67.14,67.1,67.14,7268.0,203.0,67.123964
NYT,2026-08-24 18:10:00+00:00,67.14,67.21,67.13,67.205,10021.0,288.0,67.176246
NYT,2026-08-24 18:15:00+00:00,67.205,67.205,67.14,67.14,12497.0,283.0,67.173895
NYT,2026-08-24 18:20:00+00:00,67.13,67.19,67.13,67.175,5382.0,177.0,67.165073
NYT,2026-08-24 18:25:00+00:00,67.16,67.16,67.08,67.13,11012.0,285.0,67.105849
NYT,2026-08-24 18:30:00+00:00,67.125,67.16,67.1,67.115,11757.0,256.0,67.137623
NYT,2026-08-24 18:35:00+00:00,67.115,67.145,66.955,66.99,15781.0,368.0,67.058685
NYT,2026-08-24 18:40:00+00:00,66.99,67.025,66.96,67.0051,11950.0,330.0,66.999984
NYT,2026-08-24 18:45:00+00:00,67.02,67.03,66.98,67.01,16881.0,377.0,67.004156
NYT,2026-08-24 18:50:00+00:00,67.0,67.0092,66.91,66.95,13967.0,370.0,66.958942
NYT,2026-08-24 18:55:00+00:00,66.97,66.985,66.93,66.97,14566.0,370.0,66.951864
NYT,2026-08-24 19:00:00+00:00,66.97,67.01,66.945,66.945,13030.0,308.0,66.979142
NYT,2026-08-24 19:05:00+00:00,66.935,66.96,66.92,66.95,11253.0,245.0,66.944156
NYT,2026-08-24 19:10:00+00:00,66.94,67.03,66.94,67.02,21411.0,391.0,67.00501
NYT,2026-08-24 19:15:00+00:00,67.01,67.17,67.01,67.15,26903.0,405.0,67.038143
NYT,2026-08-24 19:20:00+00:00,67.15,67.19,67.09,67.115,15604.0,359.0,67.144901
NYT,2026-08-24 19:25:00+00:00,67.115,67.22,67.115,67.21,11604.0,321.0,67.159255
NYT,2026-08-24 19:30:00+00:00,67.22,67.35,67.11,67.215,197842.0,1041.0,67.229571
NYT,2026-08-24 19:35:00+00:00,67.2,67.23,67.13,67.13,17940.0,420.0,67.167691
NYT,2026-08-24 19:40:00+00:00,67.14,67.22,67.115,67.22,20032.0,528.0,67.160962
NYT,2026-08-24 19:45:00+00:00,67.25,67.49,67.225,67.46,37088.0,735.0,67.279394
NYT,2026-08-24 19:50:00+00:00,67.42,67.52,67.28,67.45,62863.0,1059.0,67.382538
NYT,2026-08-24 19:55:00+00:00,67.44,67.59,67.44,67.495,262321.0,3987.0,67.527506
NYT,2026-08-24 20:00:00+00:00,67.49,67.6,67.49,67.6,580631.0,31.0,67.490059
NYT,2026-08-24 20:05:00+00:00,67.4,67.4,67.4,67.4,100.0,1.0,67.4
NYT,2026-08-24 21:05:00+00:00,67.4,67.4,67.4,67.4,107.0,1.0,67.4
NYT,2026-08-25 13:30:00+00:00,67.75,68.035,67.355,67.355,17500.0,212.0,67.833699
NYT,2026-08-25 13:35:00+00:00,67.38,67.83,67.345,67.58,2677.0,53.0,67.518421
NYT,2026-08-25 13:40:00+00:00,67.71,67.84,67.41,67.46,6203.0,141.0,67.55942
NYT,2026-08-25 13:45:00+00:00,67.36,67.54,67.29,67.44,9120.0,190.0,67.352876
NYT,2026-08-25 13:50:00+00:00,67.29,67.44,67.13,67.2125,7874.0,144.0,67.263855
NYT,2026-08-25 13:55:00+00:00,67.29,67.46,67.21,67.4,9813.0,236.0,67.33756
NYT,2026-08-25 14:00:00+00:00,67.43,67.47,67.31,67.34,12219.0,286.0,67.365131
NYT,2026-08-25 14:05:00+00:00,67.39,67.505,67.26,67.36,18947.0,336.0,67.366646
NYT,2026-08-25 14:10:00+00:00,67.35,67.58,67.325,67.53,6305.0,193.0,67.424162
NYT,2026-08-25 14:15:00+00:00,67.5799,67.72,67.53,67.675,16089.0,264.0,67.577291
NYT,2026-08-25 14:20:00+00:00,67.65,67.715,67.54,67.585,13748.0,271.0,67.61731
NYT,2026-08-25 14:25:00+00:00,67.58,67.585,67.42,67.42,6893.0,148.0,67.533964
NYT,2026-08-25 14:30:00+00:00,67.415,67.44,67.28,67.28,9015.0,214.0,67.354792
NYT,2026-08-25 14:35:00+00:00,67.365,67.51,67.3,67.505,7242.0,246.0,67.408549
NYT,2026-08-25 14:40:00+00:00,67.505,67.52,67.38,67.48,9410.0,212.0,67.462585
NYT,2026-08-25 14:45:00+00:00,67.44,67.45,67.37,67.44,8199.0,178.0,67.386097
NYT,2026-08-25 14:50:00+00:00,67.405,67.43,67.275,67.34,6537.0,186.0,67.364843
NYT,2026-08-25 14:55:00+00:00,67.305,67.4,67.305,67.4,8083.0,229.0,67.337993
NYT,2026-08-25 15:00:00+00:00,67.3729,67.46,67.3729,67.45,6283.0,184.0,67.434897
NYT,2026-08-25 15:05:00+00:00,67.4,67.475,67.39,67.475,5020.0,215.0,67.411262
NYT,2026-08-25 15:10:00+00:00,67.475,67.52,67.43,67.48,13453.0,294.0,67.461643
NYT,2026-08-25 15:15:00+00:00,67.5056,67.51,67.45,67.49,11735.0,237.0,67.475632
NYT,2026-08-25 15:20:00+00:00,67.5,67.55,67.485,67.52,6888.0,232.0,67.508924
NYT,2026-08-25 15:25:00+00:00,67.52,67.55,67.47,67.55,11117.0,264.0,67.50209
NYT,2026-08-25 15:30:00+00:00,67.55,67.57,67.52,67.545,9648.0,275.0,67.546853
NYT,2026-08-25 15:35:00+00:00,67.58,67.7,67.58,67.7,10472.0,213.0,67.614411
NYT,2026-08-25 15:40:00+00:00,67.7,67.86,67.69,67.855,29356.0,405.0,67.776036
NYT,2026-08-25 15:45:00+00:00,67.855,67.855,67.69,67.695,10372.0,222.0,67.746573
NYT,2026-08-25 15:50:00+00:00,67.695,67.76,67.68,67.755,11320.0,304.0,67.719004
NYT,2026-08-25 15:55:00+00:00,67.76,67.81,67.72,67.72,8500.0,223.0,67.758864
NYT,2026-08-25 16:00:00+00:00,67.75,67.79,67.75,67.76,3714.0,138.0,67.76176
NYT,2026-08-25 16:05:00+00:00,67.755,67.8,67.735,67.78,6104.0,200.0,67.757813
NYT,2026-08-25 16:10:00+00:00,67.77,67.86,67.77,67.84,9246.0,276.0,67.82621
NYT,2026-08-25 16:15:00+00:00,67.85,67.95,67.8201,67.935,5882.0,241.0,67.886694
NYT,2026-08-25 16:20:00+00:00,67.91,67.965,67.91,67.955,11749.0,280.0,67.934885
NYT,2026-08-25 16:25:00+00:00,67.96,67.97,67.8925,67.955,10096.0,269.0,67.936306
NYT,2026-08-25 16:30:00+00:00,67.95,67.96,67.92,67.96,4428.0,130.0,67.933449
NYT,2026-08-25 16:35:00+00:00,67.94,67.96,67.93,67.945,4960.0,166.0,67.94465
NYT,2026-08-25 16:40:00+00:00,67.945,68.17,67.945,68.1,20054.0,435.0,68.094286
NYT,2026-08-25 16:45:00+00:00,68.08,68.1,67.98,67.995,8513.0,218.0,68.063943
NYT,2026-08-25 16:50:00+00:00,68.005,68.055,68.0,68.02,10875.0,263.0,68.025725
NYT,2026-08-25 16:55:00+00:00,68.04,68.1019,68.03,68.085,7986.0,232.0,68.072383
NYT,2026-08-25 17:00:00+00:00,68.06,68.1,68.06,68.08,7256.0,204.0,68.076518
NYT,2026-08-25 17:05:00+00:00,68.08,68.095,68.05,68.095,6011.0,225.0,68.070558
NYT,2026-08-25 17:10:00+00:00,68.105,68.21,68.1,68.205,8624.0,265.0,68.165572
NYT,2026-08-25 17:15:00+00:00,68.2,68.245,68.195,68.23,11824.0,263.0,68.213854
NYT,2026-08-25 17:20:00+00:00,68.225,68.325,68.22,68.32,9768.0,295.0,68.280803
NYT,2026-08-25 17:25:00+00:00,68.32,68.35,68.28,68.285,10375.0,272.0,68.307548
NYT,2026-08-25 17:30:00+00:00,68.28,68.415,68.28,68.415,8580.0,262.0,68.353522
NYT,2026-08-25 17:35:00+00:00,68.42,68.485,68.416,68.485,12333.0,281.0,68.434575
NYT,2026-08-25 17:40:00+00:00,68.49,68.61,68.48,68.61,15042.0,348.0,68.515666
NYT,2026-08-25 17:45:00+00:00,68.625,68.625,68.44,68.47,11516.0,319.0,68.528681
NYT,2026-08-25 17:50:00+00:00,68.47,68.5,68.45,68.5,5662.0,200.0,68.489896
NYT,2026-08-25 17:55:00+00:00,68.51,68.55,68.48,68.48,12662.0,347.0,68.519586
NYT,2026-08-25 18:00:00+00:00,68.45,68.55,68.43,68.54,17060.0,328.0,68.476455
NYT,2026-08-25 18:05:00+00:00,68.54,68.67,68.53,68.65,15617.0,370.0,68.619393
NYT,2026-08-25 18:10:00+00:00,68.6351,68.68,68.63,68.675,9928.0,294.0,68.651372
NYT,2026-08-25 18:15:00+00:00,68.68,68.73,68.66,68.67,16009.0,420.0,68.703475
NYT,2026-08-25 18:20:00+00:00,68.67,68.67,68.625,68.65,11335.0,254.0,68.649991
NYT,2026-08-25 18:25:00+00:00,68.65,68.65,68.56,68.5725,37153.0,323.0,68.589391
NYT,2026-08-25 18:30:00+00:00,68.55,68.5501,68.41,68.41,18162.0,354.0,68.480312
NYT,2026-08-25 18:35:00+00:00,68.41,68.41,68.265,68.36,16580.0,344.0,68.35501
NYT,2026-08-25 18:40:00+00:00,68.3732,68.46,68.3732,68.435,16574.0,343.0,68.41487
NYT,2026-08-25 18:45:00+00:00,68.435,68.585,68.435,68.515,30010.0,500.0,68.503993
NYT,2026-08-25 18:50:00+00:00,68.49,68.545,68.46,68.525,16800.0,344.0,68.505843
NYT,2026-08-25 18:55:00+00:00,68.535,68.535,68.495,68.505,17072.0,331.0,68.508575
NYT,2026-08-25 19:00:00+00:00,68.505,68.52,68.47,68.47,12603.0,304.0,68.491531
NYT,2026-08-25 19:05:00+00:00,68.45,68.51,68.43,68.43,21786.0,439.0,68.474901
NYT,2026-08-25 19:10:00+00:00,68.44,68.53,68.44,68.47,15563.0,391.0,68.493283
NYT,2026-08-25 19:15:00+00:00,68.465,68.49,68.43,68.43,9434.0,308.0,68.470251
NYT,2026-08-25 19:20:00+00:00,68.425,68.63,68.425,68.59,35322.0,651.0,68.529385
NYT,2026-08-25 19:25:00+00:00,68.595,68.66,68.5906,68.63,32058.0,518.0,68.634972
NYT,2026-08-25 19:30:00+00:00,68.63,68.735,68.61,68.7,36752.0,682.0,68.660654
NYT,2026-08-25 19:35:00+00:00,68.69,68.77,68.66,68.75,26688.0,532.0,68.712614
NYT,2026-08-25 19:40:00+00:00,68.74,68.75,68.68,68.695,44077.0,747.0,68.715918
NYT,2026-08-25 19:45:00+00:00,68.695,68.73,68.63,68.65,36166.0,673.0,68.691163
NYT,2026-08-25 19:50:00+00:00,68.65,68.67,68.51,68.57,67386.0,1082.0,68.575564
NYT,2026-08-25 19:55:00+00:00,68.58,68.675,68.405,68.6,253894.0,3536.0,68.545734
NYT,2026-08-25 20:00:00+00:00,68.61,68.61,68.61,68.61,394242.0,69.0,68.61
NYT,2026-08-25 20:50:00+00:00,68.27,68.27,68.27,68.27,250.0,1.0,68.27
NYT,2026-08-25 21:10:00+00:00,68.27,68.27,68.27,68.27,2000.0,1.0,68.27
NYT,2026-08-26 13:05:00+00:00,68.65,68.65,68.65,68.65,500.0,16.0,68.65
NYT,2026-08-26 13:30:00+00:00,68.72,69.14,68.72,69.02,16632.0,168.0,68.830339
NYT,2026-08-26 13:35:00+00:00,69.14,69.39,69.085,69.23,17075.0,368.0,69.272376
NYT,2026-08-26 13:40:00+00:00,69.05,69.05,68.8301,69.04,7652.0,179.0,69.000321
NYT,2026-08-26 13:45:00+00:00,69.03,69.68,69.03,69.65,25594.0,294.0,69.281645
NYT,2026-08-26 13:50:00+00:00,69.62,69.65,69.55,69.61,9446.0,237.0,69.603591
NYT,2026-08-26 13:55:00+00:00,69.61,69.61,69.49,69.49,12138.0,177.0,69.578099
NYT,2026-08-26 14:00:00+00:00,69.48,69.48,69.255,69.255,8639.0,246.0,69.363478
NYT,2026-08-26 14:05:00+00:00,69.285,69.285,69.13,69.13,6999.0,187.0,69.192308
NYT,2026-08-26 14:10:00+00:00,69.13,69.13,69.04,69.04,6367.0,199.0,69.100479
NYT,2026-08-26 14:15:00+00:00,69.085,69.25,69.03,69.035,23071.0,435.0,69.179007
NYT,2026-08-26 14:20:00+00:00,69.035,69.035,68.94,68.94,4979.0,128.0,68.997996
NYT,2026-08-26 14:25:00+00:00,68.88,68.94,68.855,68.91,12005.0,280.0,68.901666
NYT,2026-08-26 14:30:00+00:00,68.905,68.94,68.85,68.9,14789.0,271.0,68.903729
NYT,2026-08-26 14:35:00+00:00,68.895,68.9,68.755,68.755,5116.0,188.0,68.840028
NYT,2026-08-26 14:40:00+00:00,68.75,68.77,68.595,68.595,6719.0,190.0,68.680766
NYT,2026-08-26 14:45:00+00:00,68.54,68.73,68.52,68.73,13014.0,344.0,68.587883
NYT,2026-08-26 14:50:00+00:00,68.725,68.895,68.69,68.895,11569.0,272.0,68.781021
NYT,2026-08-26 14:55:00+00:00,68.85,68.85,68.79,68.805,4274.0,141.0,68.808865
NYT,2026-08-26 15:00:00+00:00,68.805,68.805,68.71,68.71,8033.0,209.0,68.765809
NYT,2026-08-26 15:05:00+00:00,68.73,68.8,68.67,68.76,7158.0,208.0,68.727378
NYT,2026-08-26 15:10:00+00:00,68.765,68.78,68.67,68.78,6611.0,197.0,68.728547
NYT,2026-08-26 15:15:00+00:00,68.765,68.765,68.64,68.65,5724.0,156.0,68.703731
NYT,2026-08-26 15:20:00+00:00,68.65,68.8,68.61,68.705,9712.0,222.0,68.708472
NYT,2026-08-26 15:25:00+00:00,68.71,68.715,68.6563,68.68,5244.0,159.0,68.697605
NYT,2026-08-26 15:30:00+00:00,68.68,68.69,68.64,68.67,3960.0,116.0,68.673775
NYT,2026-08-26 15:35:00+00:00,68.7,68.7,68.62,68.63,9574.0,219.0,68.667307
NYT,2026-08-26 15:40:00+00:00,68.6,68.645,68.56,68.615,6977.0,196.0,68.605573
NYT,2026-08-26 15:45:00+00:00,68.615,68.615,68.54,68.57,6684.0,148.0,68.577569
NYT,2026-08-26 15:50:00+00:00,68.55,68.61,68.475,68.575,11424.0,274.0,68.559566
NYT,2026-08-26 15:55:00+00:00,68.575,68.62,68.54,68.61,7607.0,238.0,68.585882
NYT,2026-08-26 16:00:00+00:00,68.58,68.645,68.575,68.575,6463.0,198.0,68.612921
NYT,2026-08-26 16:05:00+00:00,68.61,68.61,68.51,68.52,7042.0,201.0,68.549117
NYT,2026-08-26 16:10:00+00:00,68.515,68.59,68.51,68.57,5205.0,184.0,68.555109
NYT,2026-08-26 16:15:00+00:00,68.56,68.59,68.48,68.5,3954.0,128.0,68.544547
NYT,2026-08-26 16:20:00+00:00,68.51,68.565,68.5,68.565,6718.0,193.0,68.540918
NYT,2026-08-26 16:25:00+00:00,68.53,68.58,68.53,68.58,2520.0,114.0,68.542438
NYT,2026-08-26 16:30:00+00:00,68.6,68.61,68.51,68.51,6432.0,203.0,68.574045
NYT,2026-08-26 16:35:00+00:00,68.54,68.57,68.54,68.55,5565.0,159.0,68.555049
NYT,2026-08-26 16:40:00+00:00,68.545,68.6,68.53,68.53,6980.0,173.0,68.558912
NYT,2026-08-26 16:45:00+00:00,68.53,68.54,68.48,68.51,22156.0,358.0,68.50317
NYT,2026-08-26 16:50:00+00:00,68.51,68.61,68.51,68.61,7250.0,216.0,68.548486
NYT,2026-08-26 16:55:00+00:00,68.61,68.645,68.55,68.58,9289.0,197.0,68.614171
NYT,2026-08-26 17:00:00+00:00,68.595,68.6699,68.59,68.61,7916.0,192.0,68.633324
NYT,2026-08-26 17:05:00+00:00,68.595,68.64,68.59,68.62,2534.0,75.0,68.607533
NYT,2026-08-26 17:10:00+00:00,68.625,68.65,68.61,68.615,6000.0,143.0,68.631705
NYT,2026-08-26 17:15:00+00:00,68.6,68.66,68.6,68.62,6125.0,193.0,68.620806
NYT,2026-08-26 17:20:00+00:00,68.62,68.685,68.58,68.6841,7174.0,213.0,68.633163
NYT,2026-08-26 17:25:00+00:00,68.665,68.69,68.665,68.68,3987.0,95.0,68.680819
NYT,2026-08-26 17:30:00+00:00,68.684,68.72,68.665,68.705,7189.0,236.0,68.697755
NYT,2026-08-26 17:35:00+00:00,68.67,68.74,68.65,68.74,7828.0,209.0,68.700765
NYT,2026-08-26 17:40:00+00:00,68.75,68.78,68.72,68.74,8616.0,202.0,68.750081
NYT,2026-08-26 17:45:00+00:00,68.72,68.74,68.65,68.72,8590.0,264.0,68.699988
NYT,2026-08-26 17:50:00+00:00,68.72,68.76,68.68,68.76,5322.0,201.0,68.72338
NYT,2026-08-26 17:55:00+00:00,68.77,68.825,68.74,68.79,6940.0,236.0,68.779504
NYT,2026-08-26 18:00:00+00:00,68.84,69.15,68.84,69.02,32800.0,539.0,69.02578
NYT,2026-08-26 18:05:00+00:00,68.96,69.02,68.93,68.94,11205.0,212.0,68.946542
NYT,2026-08-26 18:10:00+00:00,68.94,69.165,68.89,69.165,25425.0,331.0,69.001059
NYT,2026-08-26 18:15:00+00:00,69.11,69.335,69.11,69.3,17133.0,326.0,69.252831
NYT,2026-08-26 18:20:00+00:00,69.33,69.44,69.32,69.33,19310.0,437.0,69.378767
NYT,2026-08-26 18:25:00+00:00,69.37,69.4,69.37,69.37,5754.0,158.0,69.375518
NYT,2026-08-26 18:30:00+00:00,69.39,69.4,69.31,69.34,12978.0,252.0,69.347041
NYT,2026-08-26 18:35:00+00:00,69.325,69.34,69.27,69.3,13790.0,266.0,69.299963
NYT,2026-08-26 18:40:00+00:00,69.3,69.325,69.27,69.27,16493.0,302.0,69.298255
NYT,2026-08-26 18:45:00+00:00,69.295,69.31,69.0801,69.115,30418.0,545.0,69.168014
NYT,2026-08-26 18:50:00+00:00,69.115,69.145,69.01,69.03,46544.0,577.0,69.071189
NYT,2026-08-26 18:55:00+00:00,69.035,69.0425,68.83,68.9,56053.0,678.0,68.926446
NYT,2026-08-26 19:00:00+00:00,68.92,69.025,68.735,68.735,38960.0,568.0,68.913353
NYT,2026-08-26 19:05:00+00:00,68.76,68.83,68.685,68.715,80893.0,982.0,68.757376
NYT,2026-08-26 19:10:00+00:00,68.715,68.775,68.7,68.7625,18880.0,405.0,68.745501
NYT,2026-08-26 19:15:00+00:00,68.74,68.74,68.64,68.66,21569.0,378.0,68.688907
NYT,2026-08-26 19:20:00+00:00,68.635,68.635,68.17,68.41,92449.0,1012.0,68.336299
NYT,2026-08-26 19:25:00+00:00,68.3709,68.6,68.28,68.495,53194.0,810.0,68.437086
NYT,2026-08-26 19:30:00+00:00,68.53,68.59,68.4,68.485,51035.0,737.0,68.49514
NYT,2026-08-26 19:35:00+00:00,68.5,68.57,68.49,68.515,25565.0,536.0,68.522384
NYT,2026-08-26 19:40:00+00:00,68.52,68.5465,68.45,68.465,28793.0,559.0,68.495825
NYT,2026-08-26 19:45:00+00:00,68.48,68.55,68.42,68.42,32277.0,721.0,68.493862
NYT,2026-08-26 19:50:00+00:00,68.4,68.44,68.35,68.35,44790.0,799.0,68.379652
NYT,2026-08-26 19:55:00+00:00,68.34,68.47,68.245,68.41,210185.0,3296.0,68.368556
NYT,2026-08-26 20:00:00+00:00,68.42,68.42,68.42,68.42,290265.0,53.0,68.42
NYT,2026-08-26 20:30:00+00:00,68.11,68.11,68.11,68.11,100.0,1.0,68.11
NYT,2026-08-26 21:00:00+00:00,68.0878,68.0878,68.0878,68.0878,100.0,1.0,68.0878
NYT,2026-08-27 10:30:00+00:00,67.99,68.0,67.99,68.0,401.0,16.0,67.995238
NYT,2026-08-27 13:30:00+00:00,67.97,68.145,67.37,67.53,12942.0,216.0,67.780029
NYT,2026-08-27 13:35:00+00:00,67.625,67.8725,67.505,67.675,6206.0,171.0,67.674036
NYT,2026-08-27 13:40:00+00:00,67.58,67.66,67.31,67.57,10115.0,251.0,67.437212
NYT,2026-08-27 13:45:00+00:00,67.54,67.9999,67.52,67.9789,24833.0,577.0,67.754143
NYT,2026-08-27 13:50:00+00:00,67.905,68.17,67.85,68.065,12308.0,303.0,67.976591
NYT,2026-08-27 13:55:00+00:00,68.12,68.42,68.06,68.35,7024.0,228.0,68.250936
NYT,2026-08-27 14:00:00+00:00,68.42,68.42,67.93,68.06,12250.0,258.0,68.117381
NYT,2026-08-27 14:05:00+00:00,67.98,68.04,67.95,67.95,5653.0,212.0,67.9844
NYT,2026-08-27 14:10:00+00:00,68.03,68.115,67.89,67.92,14383.0,333.0,67.977128
NYT,2026-08-27 14:15:00+00:00,67.975,68.03,67.87,67.98,9756.0,264.0,67.955971
NYT,2026-08-27 14:20:00+00:00,67.88,67.905,67.75,67.85,18162.0,386.0,67.852551
NYT,2026-08-27 14:25:00+00:00,67.85,67.88,67.8012,67.87,6752.0,227.0,67.844567
NYT,2026-08-27 14:30:00+00:00,67.81,67.85,67.75,67.77,10457.0,286.0,67.801446
NYT,2026-08-27 14:35:00+00:00,67.81,68.1,67.74,67.94,31084.0,520.0,67.800927
NYT,2026-08-27 14:40:00+00:00,67.92,67.99,67.75,67.75,7762.0,287.0,67.887426
NYT,2026-08-27 14:45:00+00:00,67.74,67.85,67.72,67.85,14240.0,428.0,67.770307
NYT,2026-08-27 14:50:00+00:00,67.86,67.89,67.78,67.78,7103.0,321.0,67.833725
NYT,2026-08-27 14:55:00+00:00,67.76,67.93,67.74,67.88,10647.0,350.0,67.801894
NYT,2026-08-27 15:00:00+00:00,67.93,67.9301,67.78,67.84,10416.0,298.0,67.848182
NYT,2026-08-27 15:05:00+00:00,67.83,67.86,67.82,67.86,5041.0,229.0,67.843651
NYT,2026-08-27 15:10:00+00:00,67.89,67.89,67.82,67.85,7504.0,269.0,67.865852
NYT,2026-08-27 15:15:00+00:00,67.87,67.88,67.845,67.87,4616.0,200.0,67.866659
NYT,2026-08-27 15:20:00+00:00,67.88,67.95,67.715,67.73,9288.0,323.0,67.833029
NYT,2026-08-27 15:25:00+00:00,67.71,67.745,67.565,67.6,10082.0,329.0,67.658687
NYT,2026-08-27 15:30:00+00:00,67.56,67.62,67.56,67.605,5172.0,213.0,67.585416
NYT,2026-08-27 15:35:00+00:00,67.605,67.785,67.6,67.755,9990.0,260.0,67.731171
NYT,2026-08-27 15:40:00+00:00,67.75,67.76,67.7108,67.7425,12372.0,365.0,67.735014
NYT,2026-08-27 15:45:00+00:00,67.745,67.78,67.745,67.77,5144.0,215.0,67.762133
NYT,2026-08-27 15:50:00+00:00,67.8,67.84,67.72,67.725,8941.0,266.0,67.767915
NYT,2026-08-27 15:55:00+00:00,67.7,67.75,67.695,67.75,8895.0,240.0,67.717592
NYT,2026-08-27 16:00:00+00:00,67.75,67.8,67.75,67.8,3822.0,160.0,67.781
NYT,2026-08-27 16:05:00+00:00,67.79,67.79,67.58,67.62,17002.0,313.0,67.655594
NYT,2026-08-27 16:10:00+00:00,67.5817,67.67,67.58,67.63,10205.0,272.0,67.624331
NYT,2026-08-27 16:15:00+00:00,67.62,67.66,67.62,67.64,6646.0,221.0,67.642473
NYT,2026-08-27 16:20:00+00:00,67.68,67.68,67.585,67.61,5931.0,206.0,67.635089
NYT,2026-08-27 16:25:00+00:00,67.59,67.65,67.57,67.65,6014.0,186.0,67.608634
NYT,2026-08-27 16:30:00+00:00,67.63,67.63,67.581,67.6,5225.0,196.0,67.60964
NYT,2026-08-27 16:35:00+00:00,67.59,67.63,67.58,67.63,6358.0,181.0,67.608194
NYT,2026-08-27 16:40:00+00:00,67.61,67.67,67.56,67.635,11269.0,293.0,67.616434
NYT,2026-08-27 16:45:00+00:00,67.625,67.67,67.625,67.66,2553.0,114.0,67.649331
NYT,2026-08-27 16:50:00+00:00,67.64,67.66,67.61,67.66,7015.0,263.0,67.63454
NYT,2026-08-27 16:55:00+00:00,67.66,67.66,67.605,67.605,5583.0,179.0,67.633693
NYT,2026-08-27 17:00:00+00:00,67.615,67.64,67.575,67.6,5612.0,177.0,67.59916
NYT,2026-08-27 17:05:00+00:00,67.61,67.66,67.56,67.5701,7239.0,246.0,67.614961
NYT,2026-08-27 17:10:00+00:00,67.56,67.57,67.54,67.55,5612.0,140.0,67.551656
NYT,2026-08-27 17:15:00+00:00,67.57,67.58,67.54,67.54,4359.0,127.0,67.561452
NYT,2026-08-27 17:20:00+00:00,67.53,67.6225,67.53,67.605,6757.0,261.0,67.565254
NYT,2026-08-27 17:25:00+00:00,67.6,67.6,67.52,67.535,4938.0,179.0,67.550155
NYT,2026-08-27 17:30:00+00:00,67.54,67.75,67.52,67.75,35672.0,393.0,67.556843
NYT,2026-08-27 17:35:00+00:00,67.77,67.77,67.7,67.76,9313.0,292.0,67.726207
NYT,2026-08-27 17:40:00+00:00,67.77,67.88,67.77,67.87,5911.0,189.0,67.818374
NYT,2026-08-27 17:45:00+00:00,67.86,67.93,67.85,67.915,13579.0,289.0,67.894461
NYT,2026-08-27 17:50:00+00:00,67.915,67.98,67.89,67.97,9948.0,289.0,67.939746
NYT,2026-08-27 17:55:00+00:00,67.955,67.98,67.95,67.965,13922.0,277.0,67.963552
NYT,2026-08-27 18:00:00+00:00,67.98,68.05,67.92,68.045,19526.0,453.0,67.975631
NYT,2026-08-27 18:05:00+00:00,68.05,68.13,68.04,68.1,10833.0,257.0,68.087863
NYT,2026-08-27 18:10:00+00:00,68.095,68.17,68.08,68.155,23725.0,425.0,68.097243
NYT,2026-08-27 18:15:00+00:00,68.155,68.155,68.08,68.09,18994.0,304.0,68.116529
NYT,2026-08-27 18:20:00+00:00,68.09,68.12,68.04,68.05,13527.0,283.0,68.091809
NYT,2026-08-27 18:25:00+00:00,68.03,68.03,67.9375,67.94,10389.0,307.0,67.985172
NYT,2026-08-27 18:30:00+00:00,67.94,67.97,67.94,67.95,6042.0,214.0,67.955327
NYT,2026-08-27 18:35:00+00:00,67.95,67.95,67.915,67.915,7769.0,202.0,67.935489
NYT,2026-08-27 18:40:00+00:00,67.93,68.05,67.925,68.05,11464.0,352.0,67.963153
NYT,2026-08-27 18:45:00+00:00,68.05,68.11,68.02,68.08,11245.0,354.0,68.039957
NYT,2026-08-27 18:50:00+00:00,68.055,68.17,68.055,68.17,12487.0,304.0,68.117524
NYT,2026-08-27 18:55:00+00:00,68.17,68.27,68.15,68.15,19841.0,435.0,68.195134
NYT,2026-08-27 19:00:00+00:00,68.15,68.215,68.12,68.125,14576.0,413.0,68.165035
NYT,2026-08-27 19:05:00+00:00,68.15,68.16,68.11,68.14,9479.0,242.0,68.139695
NYT,2026-08-27 19:10:00+00:00,68.11,68.13,68.11,68.125,8703.0,276.0,68.120175
NYT,2026-08-27 19:15:00+00:00,68.12,68.15,68.085,68.125,14290.0,339.0,68.113868
NYT,2026-08-27 19:20:00+00:00,68.125,68.15,68.09,68.11,19401.0,428.0,68.11449
NYT,2026-08-27 19:25:00+00:00,68.11,68.28,67.995,68.055,33485.0,698.0,68.122918
NYT,2026-08-27 19:30:00+00:00,68.075,68.075,67.9,67.905,32779.0,661.0,68.000575
NYT,2026-08-27 19:35:00+00:00,67.91,68.055,67.91,68.055,25217.0,596.0,67.974208
NYT,2026-08-27 19:40:00+00:00,68.0343,68.16,68.0343,68.06,26366.0,589.0,68.081991
NYT,2026-08-27 19:45:00+00:00,68.08,68.295,68.06,68.285,33680.0,761.0,68.161016
NYT,2026-08-27 19:50:00+00:00,68.3,68.31,68.16,68.16,39103.0,810.0,68.227747
NYT,2026-08-27 19:55:00+00:00,68.15,68.405,68.11,68.13,144060.0,2622.0,68.21176
NYT,2026-08-27 20:00:00+00:00,68.12,68.12,68.12,68.12,323349.0,39.0,68.12
NYT,2026-08-28 13:30:00+00:00,68.55,68.9146,68.46,68.46,7987.0,112.0,68.603149
NYT,2026-08-28 13:35:00+00:00,68.44,68.62,68.25,68.25,3898.0,143.0,68.439913
NYT,2026-08-28 13:40:00+00:00,68.56,68.56,67.87,68.26,18258.0,279.0,68.047651
NYT,2026-08-28 13:45:00+00:00,68.295,68.39,68.09,68.26,6473.0,162.0,68.251053
NYT,2026-08-28 13:50:00+00:00,68.32,68.425,68.32,68.345,2213.0,85.0,68.3675
NYT,2026-08-28 13:55:00+00:00,68.29,68.4117,68.27,68.27,4331.0,160.0,68.295921
NYT,2026-08-28 14:00:00+00:00,68.43,68.43,68.06,68.06,3980.0,162.0,68.289725
NYT,2026-08-28 14:05:00+00:00,68.035,68.34,68.03,68.335,8054.0,157.0,68.148158
NYT,2026-08-28 14:10:00+00:00,68.235,68.25,68.23,68.25,8439.0,48.0,68.249259
NYT,2026-08-28 14:15:00+00:00,68.17,68.295,68.1101,68.2301,4318.0,131.0,68.195338
NYT,2026-08-28 14:20:00+00:00,68.275,68.35,68.24,68.24,3211.0,90.0,68.284835
NYT,2026-08-28 14:25:00+00:00,68.2,68.23,68.08,68.08,5771.0,779.0,68.1482
NYT,2026-08-28 14:30:00+00:00,68.065,68.15,68.06,68.15,5588.0,135.0,68.103039
NYT,2026-08-28 14:35:00+00:00,68.17,68.37,68.09,68.33,5607.0,161.0,68.265641
NYT,2026-08-28 14:40:00+00:00,68.42,68.42,68.22,68.265,2173.0,99.0,68.31
NYT,2026-08-28 14:45:00+00:00,68.29,68.41,68.28,68.345,3238.0,141.0,68.328333
NYT,2026-08-28 14:50:00+00:00,68.365,68.3705,68.34,68.34,3899.0,109.0,68.358198
NYT,2026-08-28 14:55:00+00:00,68.32,68.34,68.28,68.28,2926.0,97.0,68.305909
NYT,2026-08-28 15:00:00+00:00,68.26,68.4604,68.24,68.4604,8144.0,202.0,68.353365
NYT,2026-08-28 15:05:00+00:00,68.43,68.4605,68.3,68.325,4168.0,145.0,68.374925
NYT,2026-08-28 15:10:00+00:00,68.325,68.325,68.23,68.23,2851.0,121.0,68.278159
NYT,2026-08-28 15:15:00+00:00,68.235,68.41,68.235,68.37,7716.0,206.0,68.299688
NYT,2026-08-28 15:20:00+00:00,68.37,68.41,68.33,68.33,2352.0,89.0,68.357273
NYT,2026-08-28 15:25:00+00:00,68.34,68.35,68.26,68.35,11379.0,144.0,68.288773
NYT,2026-08-28 15:30:00+00:00,68.35,68.35,68.31,68.315,4039.0,129.0,68.318392
NYT,2026-08-28 15:35:00+00:00,68.35,68.49,68.35,68.48,8009.0,243.0,68.40964
NYT,2026-08-28 15:40:00+00:00,68.54,68.54,68.4584,68.4584,5604.0,166.0,68.490066
NYT,2026-08-28 15:45:00+00:00,68.5099,68.52,68.41,68.52,6246.0,162.0,68.465532
NYT,2026-08-28 15:50:00+00:00,68.56,68.6,68.56,68.57,2625.0,94.0,68.574743
NYT,2026-08-28 15:55:00+00:00,68.575,68.575,68.505,68.505,2773.0,121.0,68.538333
NYT,2026-08-28 16:00:00+00:00,68.505,68.55,68.505,68.545,12548.0,219.0,68.522403
NYT,2026-08-28 16:05:00+00:00,68.52,68.52,68.46,68.46,3928.0,127.0,68.498128
NYT,2026-08-28 16:10:00+00:00,68.43,68.48,68.29,68.335,6263.0,148.0,68.420005
NYT,2026-08-28 16:15:00+00:00,68.35,68.43,68.35,68.39,6829.0,158.0,68.389071
NYT,2026-08-28 16:20:00+00:00,68.3801,68.3801,68.275,68.275,2996.0,98.0,68.327095
NYT,2026-08-28 16:25:00+00:00,68.25,68.32,68.25,68.32,3206.0,104.0,68.298721
NYT,2026-08-28 16:30:00+00:00,68.295,68.295,68.18,68.2,7481.0,159.0,68.235363
NYT,2026-08-28 16:35:00+00:00,68.2,68.27,68.2,68.22,13260.0,181.0,68.224751
NYT,2026-08-28 16:40:00+00:00,68.19,68.28,68.19,68.26,15616.0,261.0,68.236201
NYT,2026-08-28 16:45:00+00:00,68.26,68.29,68.23,68.26,5747.0,119.0,68.263835
NYT,2026-08-28 16:50:00+00:00,68.255,68.355,68.23,68.355,12659.0,237.0,68.269849
NYT,2026-08-28 16:55:00+00:00,68.38,68.43,68.3,68.3,13422.0,298.0,68.345606
NYT,2026-08-28 17:00:00+00:00,68.3,68.32,68.29,68.32,3750.0,129.0,68.307146
NYT,2026-08-28 17:05:00+00:00,68.3,68.305,68.23,68.23,4510.0,134.0,68.273479
NYT,2026-08-28 17:10:00+00:00,68.225,68.305,68.21,68.305,8839.0,215.0,68.247262
NYT,2026-08-28 17:15:00+00:00,68.305,68.305,68.26,68.26,6026.0,95.0,68.288064
NYT,2026-08-28 17:20:00+00:00,68.26,68.335,68.26,68.31,4847.0,138.0,68.298652
NYT,2026-08-28 17:25:00+00:00,68.34,68.34,68.255,68.255,5343.0,142.0,68.30972
NYT,2026-08-28 17:30:00+00:00,68.25,68.28,68.22,68.26,9375.0,134.0,68.240459
NYT,2026-08-28 17:35:00+00:00,68.26,68.27,68.255,68.255,2196.0,50.0,68.257131
NYT,2026-08-28 17:40:00+00:00,68.29,68.33,68.29,68.305,3572.0,126.0,68.305
NYT,2026-08-28 17:45:00+00:00,68.33,68.33,68.24,68.24,3587.0,111.0,68.29513
NYT,2026-08-28 17:50:00+00:00,68.24,68.275,68.21,68.27,13552.0,229.0,68.240047
NYT,2026-08-28 17:55:00+00:00,68.27,68.27,68.2309,68.255,3259.0,98.0,68.245099
NYT,2026-08-28 18:00:00+00:00,68.27,68.335,68.22,68.31,16663.0,323.0,68.262125
NYT,2026-08-28 18:05:00+00:00,68.33,68.42,68.31,68.395,6682.0,203.0,68.3525
NYT,2026-08-28 18:10:00+00:00,68.395,68.42,68.27,68.315,8358.0,315.0,68.331201
NYT,2026-08-28 18:15:00+00:00,68.31,68.36,68.31,68.33,4067.0,147.0,68.326896
NYT,2026-08-28 18:20:00+00:00,68.33,68.33,68.3,68.3,4832.0,179.0,68.315182
NYT,2026-08-28 18:25:00+00:00,68.2775,68.335,68.2775,68.33,6493.0,191.0,68.301472
NYT,2026-08-28 18:30:00+00:00,68.345,68.38,68.26,68.27,12692.0,296.0,68.327779
NYT,2026-08-28 18:35:00+00:00,68.26,68.2799,68.21,68.21,5717.0,188.0,68.256642
NYT,2026-08-28 18:40:00+00:00,68.23,68.24,68.1525,68.16,23130.0,369.0,68.200552
NYT,2026-08-28 18:45:00+00:00,68.13,68.145,68.04,68.06,15486.0,303.0,68.0913
NYT,2026-08-28 18:50:00+00:00,68.06,68.11,68.02,68.08,11216.0,258.0,68.071308
NYT,2026-08-28 18:55:00+00:00,68.04,68.09,68.01,68.01,11540.0,280.0,68.049817
NYT,2026-08-28 19:00:00+00:00,68.005,68.02,67.87,67.89,9822.0,246.0,67.925458
NYT,2026-08-28 19:05:00+00:00,67.86,67.91,67.74,67.89,14555.0,303.0,67.828047
NYT,2026-08-28 19:10:00+00:00,67.895,67.96,67.8701,67.96,10222.0,297.0,67.931788
NYT,2026-08-28 19:15:00+00:00,67.955,68.03,67.955,67.99,19924.0,313.0,67.990165
NYT,2026-08-28 19:20:00+00:00,67.99,68.03,67.99,68.025,7674.0,185.0,68.000145
NYT,2026-08-28 19:25:00+00:00,68.025,68.17,68.025,68.16,15953.0,393.0,68.103816
NYT,2026-08-28 19:30:00+00:00,68.16,68.195,68.14,68.17,15536.0,368.0,68.17146
NYT,2026-08-28 19:35:00+00:00,68.17,68.23,68.17,68.22,18980.0,425.0,68.200881
NYT,2026-08-28 19:40:00+00:00,68.215,68.245,68.19,68.2,19592.0,478.0,68.222486
NYT,2026-08-28 19:45:00+00:00,68.19,68.2,68.08,68.195,31411.0,561.0,68.159423
NYT,2026-08-28 19:50:00+00:00,68.195,68.22,68.16,68.205,28544.0,570.0,68.190932
NYT,2026-08-28 19:55:00+00:00,68.205,68.35,68.155,68.19,124667.0,2314.0,68.231835
NYT,2026-08-28 20:00:00+00:00,68.15,68.16,68.15,68.16,195126.0,38.0,68.159995
NYT,2026-08-28 20:30:00+00:00,68.16,68.16,68.16,68.16,1300.0,1.0,68.16
NYT,2026-08-31 13:30:00+00:00,67.92,68.055,67.37,67.445,52946.0,297.0,67.905994
NYT,2026-08-31 13:35:00+00:00,67.45,67.71,67.45,67.71,7829.0,218.0,67.544003
NYT,2026-08-31 13:40:00+00:00,67.66,67.66,67.38,67.565,6604.0,186.0,67.522375
NYT,2026-08-31 13:45:00+00:00,67.64,67.69,67.52,67.55,6311.0,207.0,67.633735
NYT,2026-08-31 13:50:00+00:00,67.56,67.69,67.56,67.63,5935.0,181.0,67.633393
NYT,2026-08-31 13:55:00+00:00,67.66,67.7,67.64,67.695,5925.0,192.0,67.65376
NYT,2026-08-31 14:00:00+00:00,67.695,67.94,67.695,67.9,6869.0,230.0,67.826077
NYT,2026-08-31 14:05:00+00:00,67.85,67.865,67.79,67.865,4032.0,157.0,67.844047
NYT,2026-08-31 14:10:00+00:00,67.865,67.97,67.855,67.95,9427.0,200.0,67.886754
NYT,2026-08-31 14:15:00+00:00,67.91,67.91,67.735,67.89,13752.0,251.0,67.831684
NYT,2026-08-31 14:20:00+00:00,67.845,67.845,67.715,67.78,8916.0,198.0,67.784522
NYT,2026-08-31 14:25:00+00:00,67.795,67.795,67.725,67.725,3080.0,118.0,67.7729
NYT,2026-08-31 14:30:00+00:00,67.73,67.845,67.73,67.82,6913.0,1029.0,67.803336
NYT,2026-08-31 14:35:00+00:00,67.825,68.04,67.765,68.04,8773.0,216.0,67.864577
NYT,2026-08-31 14:40:00+00:00,67.99,68.05,67.94,67.94,8102.0,258.0,67.98561
NYT,2026-08-31 14:45:00+00:00,67.9,67.9699,67.67,67.67,12844.0,325.0,67.762452
NYT,2026-08-31 14:50:00+00:00,67.7,67.73,67.635,67.7,8756.0,243.0,67.688864
NYT,2026-08-31 14:55:00+00:00,67.67,67.785,67.66,67.72,14374.0,239.0,67.709838
NYT,2026-08-31 15:00:00+00:00,67.72,67.77,67.675,67.73,12111.0,247.0,67.732523
NYT,2026-08-31 15:05:00+00:00,67.73,67.84,67.73,67.82,12756.0,264.0,67.758097
NYT,2026-08-31 15:10:00+00:00,67.815,67.815,67.78,67.79,2867.0,132.0,67.802257
NYT,2026-08-31 15:15:00+00:00,67.78,67.83,67.78,67.78,2758.0,124.0,67.797143
NYT,2026-08-31 15:20:00+00:00,67.81,67.85,67.735,67.735,6051.0,244.0,67.796687
NYT,2026-08-31 15:25:00+00:00,67.725,67.725,67.62,67.675,35963.0,448.0,67.65839
NYT,2026-08-31 15:30:00+00:00,67.64,67.73,67.635,67.715,9106.0,318.0,67.669262
NYT,2026-08-31 15:35:00+00:00,67.7,67.76,67.6412,67.67,9442.0,243.0,67.684151
NYT,2026-08-31 15:40:00+00:00,67.67,67.69,67.67,67.675,2194.0,93.0,67.675
NYT,2026-08-31 15:45:00+00:00,67.68,67.68,67.61,67.615,4568.0,150.0,67.654316
NYT,2026-08-31 15:50:00+00:00,67.63,67.655,67.63,67.655,2426.0,122.0,67.6415
NYT,2026-08-31 15:55:00+00:00,67.65,67.67,67.63,67.635,5679.0,243.0,67.648471
NYT,2026-08-31 16:00:00+00:00,67.64,67.745,67.64,67.745,4399.0,229.0,67.682222
NYT,2026-08-31 16:05:00+00:00,67.74,67.75,67.73,67.735,4445.0,142.0,67.738208
NYT,2026-08-31 16:10:00+00:00,67.735,67.74,67.72,67.735,4925.0,197.0,67.727222
NYT,2026-08-31 16:15:00+00:00,67.71,67.725,67.595,67.65,5834.0,212.0,67.657774
NYT,2026-08-31 16:20:00+00:00,67.65,67.67,67.6,67.6,3559.0,176.0,67.647183
NYT,2026-08-31 16:25:00+00:00,67.62,67.625,67.58,67.59,4825.0,190.0,67.598127
NYT,2026-08-31 16:30:00+00:00,67.615,67.72,67.615,67.695,7614.0,229.0,67.678257
NYT,2026-08-31 16:35:00+00:00,67.68,67.815,67.68,67.77,7480.0,201.0,67.750315
NYT,2026-08-31 16:40:00+00:00,67.785,67.785,67.76,67.76,2852.0,131.0,67.7695
NYT,2026-08-31 16:45:00+00:00,67.765,67.8,67.74,67.755,3219.0,147.0,67.773158
NYT,2026-08-31 16:50:00+00:00,67.74,67.8299,67.74,67.775,4243.0,145.0,67.770068
NYT,2026-08-31 16:55:00+00:00,67.76,67.79,67.75,67.79,4610.0,161.0,67.773891
NYT,2026-08-31 17:00:00+00:00,67.785,67.795,67.77,67.79,2939.0,126.0,67.782992
NYT,2026-08-31 17:05:00+00:00,67.81,67.97,67.795,67.84,20257.0,480.0,67.886808
NYT,2026-08-31 17:10:00+00:00,67.87,67.935,67.87,67.9,7020.0,153.0,67.90696
NYT,2026-08-31 17:15:00+00:00,67.905,67.91,67.84,67.84,5071.0,169.0,67.870222
NYT,2026-08-31 17:20:00+00:00,67.84,67.84,67.73,67.775,7039.0,194.0,67.791634
NYT,2026-08-31 17:25:00+00:00,67.795,67.81,67.78,67.78,4751.0,164.0,67.798634
NYT,2026-08-31 17:30:00+00:00,67.795,67.82,67.79,67.795,2779.0,109.0,67.795417
NYT,2026-08-31 17:35:00+00:00,67.8,67.885,67.8,67.85,9281.0,214.0,67.844058
NYT,2026-08-31 17:40:00+00:00,67.865,67.885,67.84,67.845,6055.0,201.0,67.857894
NYT,2026-08-31 17:45:00+00:00,67.85,67.86,67.78,67.78,4090.0,132.0,67.821688
NYT,2026-08-31 17:50:00+00:00,67.8,67.835,67.79,67.79,6194.0,162.0,67.807278
NYT,2026-08-31 17:55:00+00:00,67.81,67.84,67.81,67.83,3697.0,146.0,67.821984
NYT,2026-08-31 18:00:00+00:00,67.81,67.83,67.77,67.785,6996.0,192.0,67.803156
NYT,2026-08-31 18:05:00+00:00,67.78,67.78,67.7,67.72,11032.0,338.0,67.740849
NYT,2026-08-31 18:10:00+00:00,67.72,67.72,67.58,67.61,15281.0,380.0,67.627791
NYT,2026-08-31 18:15:00+00:00,67.605,67.62,67.53,67.59,15697.0,441.0,67.593847
NYT,2026-08-31 18:20:00+00:00,67.595,67.595,67.48,67.48,7257.0,256.0,67.537792
NYT,2026-08-31 18:25:00+00:00,67.48,67.4801,67.35,67.42,19419.0,459.0,67.424658
NYT,2026-08-31 18:30:00+00:00,67.42,67.48,67.39,67.4099,26913.0,387.0,67.445934
NYT,2026-08-31 18:35:00+00:00,67.38,67.39,67.28,67.33,10402.0,287.0,67.350954
NYT,2026-08-31 18:40:00+00:00,67.35,67.46,67.3,67.46,12075.0,382.0,67.39682
NYT,2026-08-31 18:45:00+00:00,67.465,67.48,67.36,67.46,25938.0,448.0,67.429381
NYT,2026-08-31 18:50:00+00:00,67.44,67.5,67.4,67.485,13518.0,300.0,67.452251
NYT,2026-08-31 18:55:00+00:00,67.48,67.53,67.42,67.42,20695.0,393.0,67.492247
NYT,2026-08-31 19:00:00+00:00,67.415,67.5,67.38,67.38,10114.0,307.0,67.445803
NYT,2026-08-31 19:05:00+00:00,67.395,67.47,67.395,67.46,16000.0,377.0,67.434261
NYT,2026-08-31 19:10:00+00:00,67.48,67.48,67.36,67.425,12563.0,309.0,67.403839
NYT,2026-08-31 19:15:00+00:00,67.42,67.44,67.4,67.41,8565.0,249.0,67.418696
NYT,2026-08-31 19:20:00+00:00,67.42,67.48,67.39,67.4,11789.0,352.0,67.442721
NYT,2026-08-31 19:25:00+00:00,67.41,67.43,67.1632,67.18,19412.0,512.0,67.349404
NYT,2026-08-31 19:30:00+00:00,67.2,67.56,67.17,67.56,47699.0,780.0,67.327351
NYT,2026-08-31 19:35:00+00:00,67.53,67.64,67.5,67.55,42904.0,725.0,67.555585
NYT,2026-08-31 19:40:00+00:00,67.535,67.71,67.49,67.595,47629.0,877.0,67.614473
NYT,2026-08-31 19:45:00+00:00,67.62,67.66,67.5175,67.53,66485.0,1021.0,67.587609
NYT,2026-08-31 19:50:00+00:00,67.55,67.57,67.24,67.2575,150927.0,1948.0,67.37684
NYT,2026-08-31 19:55:00+00:00,67.27,67.33,67.14,67.245,337046.0,3715.0,67.222597
NYT,2026-08-31 20:00:00+00:00,67.27,67.27,67.27,67.27,950656.0,44.0,67.27
NYT,2026-08-31 20:05:00+00:00,67.27,67.27,67.27,67.27,799.0,1.0,67.27
NYT,2026-09-01 13:05:00+00:00,67.05,67.05,67.0,67.0,681.0,50.0,67.025124
NYT,2026-09-01 13:30:00+00:00,67.5,68.06,67.45,67.7,32508.0,216.0,67.656674
NYT,2026-09-01 13:35:00+00:00,67.71,67.71,67.27,67.27,8445.0,205.0,67.497239
NYT,2026-09-01 13:40:00+00:00,67.285,67.425,67.18,67.425,4516.0,142.0,67.321936
NYT,2026-09-01 13:45:00+00:00,67.42,67.545,67.41,67.45,21914.0,309.0,67.488326
NYT,2026-09-01 13:50:00+00:00,67.51,67.885,67.51,67.885,20113.0,364.0,67.671569
NYT,2026-09-01 13:55:00+00:00,67.855,67.87,67.79,67.81,7803.0,263.0,67.836197
NYT,2026-09-01 14:00:00+00:00,67.835,68.1,67.78,68.1,28746.0,518.0,67.956011
NYT,2026-09-01 14:05:00+00:00,68.09,68.1,67.7,67.93,59735.0,684.0,67.927855
NYT,2026-09-01 14:10:00+00:00,67.93,68.0245,67.8613,67.91,18526.0,367.0,67.925102
NYT,2026-09-01 14:15:00+00:00,67.945,67.945,67.64,67.7251,28530.0,321.0,67.711332
NYT,2026-09-01 14:20:00+00:00,67.705,67.83,67.705,67.78,8476.0,210.0,67.762065
NYT,2026-09-01 14:25:00+00:00,67.78,68.035,67.78,67.96,10611.0,391.0,67.881436
NYT,2026-09-01 14:30:00+00:00,67.94,68.01,67.9,67.9,5089.0,178.0,67.960302
NYT,2026-09-01 14:35:00+00:00,67.9,68.0,67.83,68.0,24168.0,387.0,67.899503
NYT,2026-09-01 14:40:00+00:00,68.0,68.17,68.0,68.0901,5624.0,220.0,68.0863
NYT,2026-09-01 14:45:00+00:00,68.1025,68.42,68.1025,68.32,14468.0,337.0,68.306166
NYT,2026-09-01 14:50:00+00:00,68.315,68.3201,67.985,67.99,8892.0,246.0,68.099901
NYT,2026-09-01 14:55:00+00:00,68.055,68.065,67.86,67.88,11813.0,239.0,68.006665
NYT,2026-09-01 15:00:00+00:00,67.84,67.84,67.71,67.72,13734.0,339.0,67.758381
NYT,2026-09-01 15:05:00+00:00,67.72,67.77,67.7,67.73,4305.0,154.0,67.744539
NYT,2026-09-01 15:10:00+00:00,67.71,67.79,67.68,67.735,10727.0,270.0,67.74839
NYT,2026-09-01 15:15:00+00:00,67.745,67.81,67.72,67.79,18520.0,283.0,67.770845
NYT,2026-09-01 15:20:00+00:00,67.84,67.99,67.83,67.88,15337.0,310.0,67.901467
NYT,2026-09-01 15:25:00+00:00,67.91,67.92,67.86,67.895,8142.0,216.0,67.891292
NYT,2026-09-01 15:30:00+00:00,67.895,67.92,67.82,67.875,20198.0,314.0,67.865414
NYT,2026-09-01 15:35:00+00:00,67.875,68.0,67.8713,67.99,24167.0,333.0,67.919735
NYT,2026-09-01 15:40:00+00:00,67.985,68.0,67.9,67.98,12223.0,270.0,67.962134
NYT,2026-09-01 15:45:00+00:00,67.985,68.01,67.97,67.985,7613.0,212.0,67.986333
NYT,2026-09-01 15:50:00+00:00,67.98,68.065,67.98,68.045,7203.0,191.0,68.012271
NYT,2026-09-01 15:55:00+00:00,68.06,68.21,68.05,68.185,11146.0,309.0,68.121206
NYT,2026-09-01 16:00:00+00:00,68.21,68.35,68.21,68.335,18012.0,291.0,68.305744
NYT,2026-09-01 16:05:00+00:00,68.33,68.33,68.27,68.295,11628.0,277.0,68.296318
NYT,2026-09-01 16:10:00+00:00,68.3,68.32,68.25,68.305,16490.0,305.0,68.296945
NYT,2026-09-01 16:15:00+00:00,68.34,68.35,68.315,68.315,7273.0,193.0,68.329423
NYT,2026-09-01 16:20:00+00:00,68.315,68.315,68.13,68.13,8231.0,285.0,68.211194
NYT,2026-09-01 16:25:00+00:00,68.18,68.27,68.18,68.26,13561.0,234.0,68.246097
NYT,2026-09-01 16:30:00+00:00,68.26,68.26,68.21,68.23,11589.0,297.0,68.239482
NYT,2026-09-01 16:35:00+00:00,68.25,68.28,68.2,68.2345,8331.0,240.0,68.253476
NYT,2026-09-01 16:40:00+00:00,68.225,68.26,68.21,68.24,15511.0,267.0,68.237225
NYT,2026-09-01 16:45:00+00:00,68.21,68.26,68.21,68.23,6796.0,251.0,68.235954
NYT,2026-09-01 16:50:00+00:00,68.26,68.32,68.24,68.27,12164.0,243.0,68.278582
NYT,2026-09-01 16:55:00+00:00,68.28,68.325,68.24,68.31,15607.0,289.0,68.274388
NYT,2026-09-01 17:00:00+00:00,68.315,68.385,68.3,68.375,12244.0,291.0,68.328962
NYT,2026-09-01 17:05:00+00:00,68.35,68.365,68.28,68.28,8602.0,244.0,68.324273
NYT,2026-09-01 17:10:00+00:00,68.28,68.31,68.275,68.29,8637.0,232.0,68.286381
NYT,2026-09-01 17:15:00+00:00,68.29,68.32,68.2654,68.315,20108.0,320.0,68.290175
NYT,2026-09-01 17:20:00+00:00,68.315,68.355,68.29,68.29,7084.0,261.0,68.340081
NYT,2026-09-01 17:25:00+00:00,68.25,68.31,68.25,68.26,8396.0,282.0,68.283624
NYT,2026-09-01 17:30:00+00:00,68.265,68.31,68.26,68.31,8986.0,259.0,68.281902
NYT,2026-09-01 17:35:00+00:00,68.32,68.4,68.32,68.4,5063.0,186.0,68.353297
NYT,2026-09-01 17:40:00+00:00,68.39,68.445,68.33,68.36,9282.0,282.0,68.393059
NYT,2026-09-01 17:45:00+00:00,68.363,68.5,68.363,68.465,12029.0,187.0,68.392222
NYT,2026-09-01 17:50:00+00:00,68.46,68.48,68.45,68.4501,5250.0,158.0,68.462988
NYT,2026-09-01 17:55:00+00:00,68.48,68.535,68.47,68.49,6370.0,274.0,68.491602
NYT,2026-09-01 18:00:00+00:00,68.47,68.49,68.22,68.26,10989.0,331.0,68.312588
NYT,2026-09-01 18:05:00+00:00,68.27,68.32,68.26,68.32,2545.0,112.0,68.295272
NYT,2026-09-01 18:10:00+00:00,68.32,68.32,68.24,68.24,5181.0,227.0,68.279527
NYT,2026-09-01 18:15:00+00:00,68.25,68.29,68.16,68.16,10366.0,285.0,68.237696
NYT,2026-09-01 18:20:00+00:00,68.16,68.18,68.14,68.17,3625.0,151.0,68.157384
NYT,2026-09-01 18:25:00+00:00,68.15,68.15,68.01,68.01,13256.0,324.0,68.083221
NYT,2026-09-01 18:30:00+00:00,67.99,67.99,67.95,67.97,9863.0,272.0,67.968903
NYT,2026-09-01 18:35:00+00:00,67.95,68.07,67.93,68.07,19860.0,359.0,67.976057
NYT,2026-09-01 18:40:00+00:00,68.075,68.08,68.03,68.045,4319.0,180.0,68.051628
NYT,2026-09-01 18:45:00+00:00,68.01,68.02,67.91,67.99,15932.0,383.0,67.971049
NYT,2026-09-01 18:50:00+00:00,67.98,68.02,67.95,67.95,6047.0,187.0,67.990716
NYT,2026-09-01 18:55:00+00:00,67.95,67.95,67.89,67.89,14431.0,293.0,67.931179
NYT,2026-09-01 19:00:00+00:00,67.89,67.97,67.89,67.91,13064.0,353.0,67.9337
NYT,2026-09-01 19:05:00+00:00,67.91,67.91,67.83,67.84,8777.0,214.0,67.873823
NYT,2026-09-01 19:10:00+00:00,67.85,67.855,67.8,67.82,10717.0,315.0,67.832615
NYT,2026-09-01 19:15:00+00:00,67.83,67.87,67.79,67.86,24570.0,469.0,67.825086
NYT,2026-09-01 19:20:00+00:00,67.83,67.84,67.78,67.795,14443.0,400.0,67.801441
NYT,2026-09-01 19:25:00+00:00,67.78,67.79,67.66,67.69,19196.0,438.0,67.721006
NYT,2026-09-01 19:30:00+00:00,67.7,67.86,67.68,67.85,21285.0,488.0,67.762924
NYT,2026-09-01 19:35:00+00:00,67.85,67.86,67.7,67.71,19942.0,473.0,67.761321
NYT,2026-09-01 19:40:00+00:00,67.7,67.7,67.63,67.64,26283.0,595.0,67.66061
NYT,2026-09-01 19:45:00+00:00,67.65,67.79,67.55,67.7,66995.0,967.0,67.6403
NYT,2026-09-01 19:50:00+00:00,67.69,67.845,67.63,67.705,44702.0,791.0,67.738721
NYT,2026-09-01 19:55:00+00:00,67.68,67.83,67.66,67.73,143839.0,2606.0,67.763681
NYT,2026-09-01 20:00:00+00:00,67.76,68.1,67.004,67.004,303481.0,69.0,67.729877
NYT,2026-09-02 08:00:00+00:00,67.07,67.07,67.07,67.07,283.0,2.0,67.07
NYT,2026-09-02 13:30:00+00:00,67.79,68.06,67.72,68.06,9933.0,82.0,67.795229
NYT,2026-09-02 13:35:00+00:00,68.11,68.16,67.81,67.83,6873.0,137.0,68.004025
NYT,2026-09-02 13:40:00+00:00,68.051,68.2,67.92,68.19,3962.0,113.0,68.114626
NYT,2026-09-02 13:45:00+00:00,68.295,68.39,68.29,68.39,2995.0,99.0,68.321361
NYT,2026-09-02 13:50:00+00:00,68.39,68.49,68.281,68.48,4817.0,152.0,68.414406
NYT,2026-09-02 13:55:00+00:00,68.415,68.415,68.21,68.21,6564.0,154.0,68.309131
NYT,2026-09-02 14:00:00+00:00,68.245,68.39,68.125,68.125,8555.0,194.0,68.288213
NYT,2026-09-02 14:05:00+00:00,68.12,68.18,68.02,68.085,6680.0,115.0,68.079508
NYT,2026-09-02 14:10:00+00:00,68.045,68.1,67.95,67.98,6570.0,181.0,67.985632
NYT,2026-09-02 14:15:00+00:00,67.99,68.11,67.96,68.08,18804.0,436.0,68.019535
NYT,2026-09-02 14:20:00+00:00,68.1399,68.1399,67.9301,68.1,5509.0,136.0,68.002008
NYT,2026-09-02 14:25:00+00:00,68.05,68.07,67.7,67.72,25624.0,457.0,67.96597
NYT,2026-09-02 14:30:00+00:00,67.655,67.655,67.475,67.585,4924.0,139.0,67.527985
NYT,2026-09-02 14:35:00+00:00,67.58,67.91,67.58,67.88,7077.0,222.0,67.783146
NYT,2026-09-02 14:40:00+00:00,67.96,67.96,67.77,67.85,5023.0,130.0,67.853704
NYT,2026-09-02 14:45:00+00:00,67.86,67.89,67.84,67.845,5747.0,154.0,67.864013
NYT,2026-09-02 14:50:00+00:00,68.01,68.01,67.875,67.895,4204.0,147.0,67.922319
NYT,2026-09-02 14:55:00+00:00,67.895,67.94,67.81,67.81,6923.0,232.0,67.888907
NYT,2026-09-02 15:00:00+00:00,67.83,67.83,67.78,67.83,5494.0,254.0,67.804419
NYT,2026-09-02 15:05:00+00:00,67.785,67.875,67.785,67.83,8832.0,207.0,67.828957
NYT,2026-09-02 15:10:00+00:00,67.87,67.88,67.83,67.86,7403.0,163.0,67.849336
NYT,2026-09-02 15:15:00+00:00,67.86,67.91,67.84,67.91,4896.0,179.0,67.876511
NYT,2026-09-02 15:20:00+00:00,67.95,67.95,67.74,67.825,10784.0,337.0,67.797183
NYT,2026-09-02 15:25:00+00:00,67.8,67.9,67.8,67.84,6885.0,168.0,67.839655
NYT,2026-09-02 15:30:00+00:00,67.81,67.81,67.695,67.695,6013.0,227.0,67.768031
NYT,2026-09-02 15:35:00+00:00,67.705,67.7547,67.65,67.73,7276.0,205.0,67.694294
NYT,2026-09-02 15:40:00+00:00,67.73,67.75,67.69,67.73,5606.0,164.0,67.717227
NYT,2026-09-02 15:45:00+00:00,67.7,67.7,67.54,67.54,11604.0,372.0,67.586569
NYT,2026-09-02 15:50:00+00:00,67.575,67.66,67.57,67.59,4218.0,185.0,67.59999
NYT,2026-09-02 15:55:00+00:00,67.54,67.57,67.52,67.545,5413.0,142.0,67.544117
NYT,2026-09-02 16:00:00+00:00,67.53,67.54,67.445,67.54,11173.0,304.0,67.48536
NYT,2026-09-02 16:05:00+00:00,67.56,67.62,67.535,67.62,12531.0,290.0,67.588319
NYT,2026-09-02 16:10:00+00:00,67.66,67.7,67.66,67.7,5299.0,197.0,67.678151
NYT,2026-09-02 16:15:00+00:00,67.7,67.71,67.62,67.6475,4568.0,188.0,67.673093
NYT,2026-09-02 16:20:00+00:00,67.645,67.7,67.64,67.695,6343.0,217.0,67.672646
NYT,2026-09-02 16:25:00+00:00,67.695,68.08,67.66,68.05,13555.0,363.0,67.828616
NYT,2026-09-02 16:30:00+00:00,68.06,68.23,68.06,68.14,7846.0,235.0,68.141144
NYT,2026-09-02 16:35:00+00:00,68.12,68.255,68.12,68.24,5762.0,167.0,68.193841
NYT,2026-09-02 16:40:00+00:00,68.22,68.22,68.13,68.21,3758.0,161.0,68.190294
NYT,2026-09-02 16:45:00+00:00,68.14,68.21,68.14,68.17,4707.0,188.0,68.163422
NYT,2026-09-02 16:50:00+00:00,68.21,68.24,68.165,68.165,4665.0,182.0,68.2186
NYT,2026-09-02 16:55:00+00:00,68.15,68.19,67.97,68.12,40523.0,499.0,68.158216
NYT,2026-09-02 17:00:00+00:00,68.155,68.27,68.155,68.27,6119.0,215.0,68.231894
NYT,2026-09-02 17:05:00+00:00,68.27,68.27,68.21,68.215,5586.0,186.0,68.234983
NYT,2026-09-02 17:10:00+00:00,68.18,68.18,68.095,68.115,8076.0,255.0,68.131597
NYT,2026-09-02 17:15:00+00:00,68.115,68.115,68.02,68.02,3637.0,209.0,68.064389
NYT,2026-09-02 17:20:00+00:00,68.02,68.0387,67.94,68.0,7671.0,246.0,67.964027
NYT,2026-09-02 17:25:00+00:00,68.015,68.07,68.01,68.06,6212.0,231.0,68.044988
NYT,2026-09-02 17:30:00+00:00,68.06,68.14,68.06,68.07,7556.0,245.0,68.104052
NYT,2026-09-02 17:35:00+00:00,68.065,68.1,68.06,68.07,3515.0,116.0,68.079492
NYT,2026-09-02 17:40:00+00:00,68.085,68.2232,68.085,68.18,10978.0,274.0,68.156535
NYT,2026-09-02 17:45:00+00:00,68.185,68.21,68.17,68.19,3902.0,153.0,68.187132
NYT,2026-09-02 17:50:00+00:00,68.18,68.295,68.1401,68.295,6627.0,207.0,68.213188
NYT,2026-09-02 17:55:00+00:00,68.295,68.325,68.24,68.31,16602.0,210.0,68.276035
NYT,2026-09-02 18:00:00+00:00,68.31,68.32,68.16,68.255,13307.0,347.0,68.241534
NYT,2026-09-02 18:05:00+00:00,68.26,68.345,68.26,68.345,10417.0,252.0,68.3047
NYT,2026-09-02 18:10:00+00:00,68.39,68.4304,68.34,68.355,16576.0,253.0,68.371032
NYT,2026-09-02 18:15:00+00:00,68.375,68.43,68.32,68.43,23208.0,345.0,68.358622
NYT,2026-09-02 18:20:00+00:00,68.44,68.47,68.24,68.375,41975.0,405.0,68.35844
NYT,2026-09-02 18:25:00+00:00,68.375,68.53,68.375,68.495,14190.0,282.0,68.460254
NYT,2026-09-02 18:30:00+00:00,68.495,68.495,68.0,68.395,54440.0,901.0,68.391327
NYT,2026-09-02 18:35:00+00:00,68.43,68.47,68.395,68.395,25168.0,416.0,68.423625
NYT,2026-09-02 18:40:00+00:00,68.395,68.395,68.225,68.27,19351.0,380.0,68.274685
NYT,2026-09-02 18:45:00+00:00,68.28,68.325,68.24,68.24,14842.0,310.0,68.277538
NYT,2026-09-02 18:50:00+00:00,68.24,68.2724,67.89,68.0,76690.0,1077.0,68.07451
NYT,2026-09-02 18:55:00+00:00,68.0,68.015,67.64,67.785,56817.0,927.0,67.803962
NYT,2026-09-02 19:00:00+00:00,67.8,67.8,67.53,67.53,40766.0,640.0,67.735114
NYT,2026-09-02 19:05:00+00:00,67.51,67.665,67.3,67.44,47113.0,692.0,67.480874
NYT,2026-09-02 19:10:00+00:00,67.51,67.62,67.17,67.3,36572.0,775.0,67.39716
NYT,2026-09-02 19:15:00+00:00,67.275,67.57,67.275,67.57,11401.0,314.0,67.442742
NYT,2026-09-02 19:20:00+00:00,67.57,67.58,67.4075,67.49,14849.0,381.0,67.485768
NYT,2026-09-02 19:25:00+00:00,67.475,67.475,67.35,67.415,14059.0,413.0,67.415393
NYT,2026-09-02 19:30:00+00:00,67.44,67.5,67.26,67.5,16184.0,560.0,67.377109
NYT,2026-09-02 19:35:00+00:00,67.5125,67.5125,67.36,67.36,16620.0,443.0,67.435673
NYT,2026-09-02 19:40:00+00:00,67.38,67.57,67.38,67.56,15078.0,491.0,67.489881
NYT,2026-09-02 19:45:00+00:00,67.5525,67.555,67.37,67.515,27573.0,658.0,67.460696
NYT,2026-09-02 19:50:00+00:00,67.51,67.51,67.22,67.25,33036.0,705.0,67.347923
NYT,2026-09-02 19:55:00+00:00,67.25,67.7,67.25,67.7,157603.0,3092.0,67.532192
NYT,2026-09-02 20:00:00+00:00,67.68,67.68,67.68,67.68,466700.0,47.0,67.68
NYT,2026-09-02 20:30:00+00:00,67.6,67.6,67.6,67.6,1000.0,4.0,67.6
NYT,2026-09-03 13:30:00+00:00,68.31,68.35,68.02,68.13,20205.0,200.0,68.271229
NYT,2026-09-03 13:35:00+00:00,68.27,68.385,68.21,68.36,32849.0,286.0,68.29873
NYT,2026-09-03 13:40:00+00:00,68.365,68.595,68.35,68.55,6359.0,132.0,68.434973
NYT,2026-09-03 13:45:00+00:00,68.545,68.69,68.5,68.5,7863.0,153.0,68.569308
NYT,2026-09-03 13:50:00+00:00,68.58,68.605,68.33,68.605,35585.0,234.0,68.551549
NYT,2026-09-03 13:55:00+00:00,68.6,68.63,68.51,68.51,6904.0,177.0,68.56922
NYT,2026-09-03 14:00:00+00:00,68.515,68.53,68.43,68.45,10054.0,222.0,68.487427
NYT,2026-09-03 14:05:00+00:00,68.48,68.62,68.48,68.62,3913.0,161.0,68.572706
NYT,2026-09-03 14:10:00+00:00,68.57,68.57,68.4,68.445,3902.0,165.0,68.48668
NYT,2026-09-03 14:15:00+00:00,68.49,68.49,68.14,68.14,5739.0,158.0,68.300299
NYT,2026-09-03 14:20:00+00:00,68.14,68.14,67.91,67.91,7796.0,218.0,68.034654
NYT,2026-09-03 14:25:00+00:00,67.97,67.98,67.775,67.875,6039.0,158.0,67.882545
NYT,2026-09-03 14:30:00+00:00,67.92,68.06,67.88,67.88,4403.0,144.0,67.97826
NYT,2026-09-03 14:35:00+00:00,67.885,67.885,67.75,67.79,6007.0,185.0,67.788332
NYT,2026-09-03 14:40:00+00:00,67.75,67.75,67.715,67.72,2592.0,89.0,67.728609
NYT,2026-09-03 14:45:00+00:00,67.71,67.81,67.645,67.81,5792.0,199.0,67.740227
NYT,2026-09-03 14:50:00+00:00,67.7495,67.78,67.74,67.76,3008.0,123.0,67.763359
NYT,2026-09-03 14:55:00+00:00,67.76,67.77,67.54,67.6005,9572.0,284.0,67.632011
NYT,2026-09-03 15:00:00+00:00,67.6,67.71,67.57,67.69,8245.0,247.0,67.629572
NYT,2026-09-03 15:05:00+00:00,67.72,67.78,67.71,67.765,3977.0,130.0,67.741429
NYT,2026-09-03 15:10:00+00:00,67.75,67.87,67.75,67.83,14043.0,346.0,67.801069
NYT,2026-09-03 15:15:00+00:00,67.84,67.84,67.78,67.78,2828.0,120.0,67.811057
NYT,2026-09-03 15:20:00+00:00,67.78,67.81,67.73,67.785,5397.0,201.0,67.783487
NYT,2026-09-03 15:25:00+00:00,67.78,67.87,67.76,67.86,5582.0,214.0,67.815428
NYT,2026-09-03 15:30:00+00:00,67.85,67.94,67.845,67.94,3782.0,103.0,67.870859
NYT,2026-09-03 15:35:00+00:00,67.93,67.93,67.84,67.84,1130.0,27.0,67.877248
NYT,2026-09-03 15:40:00+00:00,67.88,67.93,67.88,67.905,4598.0,169.0,67.900786
NYT,2026-09-03 15:45:00+00:00,67.92,67.93,67.9,67.9,3278.0,95.0,67.917065
NYT,2026-09-03 15:50:00+00:00,67.905,67.98,67.905,67.98,5039.0,195.0,67.941278
NYT,2026-09-03 15:55:00+00:00,67.96,68.06,67.96,68.06,3655.0,167.0,68.009349
NYT,2026-09-03 16:00:00+00:00,68.03,68.05,68.01,68.04,2739.0,106.0,68.034462
NYT,2026-09-03 16:05:00+00:00,68.02,68.06,68.0,68.06,3886.0,184.0,68.024434
NYT,2026-09-03 16:10:00+00:00,68.02,68.06,68.01,68.01,2878.0,96.0,68.024487
NYT,2026-09-03 16:15:00+00:00,67.995,68.03,67.985,68.03,6099.0,232.0,68.002312
NYT,2026-09-03 16:20:00+00:00,67.99,68.03,67.99,68.01,3389.0,160.0,68.007544
NYT,2026-09-03 16:25:00+00:00,68.02,68.07,68.015,68.06,7628.0,272.0,68.040047
NYT,2026-09-03 16:30:00+00:00,68.04,68.04,68.0,68.0,2303.0,118.0,68.016
NYT,2026-09-03 16:35:00+00:00,68.0,68.0,67.95,67.97,3844.0,136.0,67.970209
NYT,2026-09-03 16:40:00+00:00,67.98,67.98,67.96,67.96,2683.0,100.0,67.96375
NYT,2026-09-03 16:45:00+00:00,67.93,67.94,67.895,67.91,6430.0,215.0,67.912781
NYT,2026-09-03 16:50:00+00:00,67.93,67.93,67.89,67.89,4149.0,149.0,67.898322
NYT,2026-09-03 16:55:00+00:00,67.9,67.9,67.86,67.86,3556.0,126.0,67.877719
NYT,2026-09-03 17:00:00+00:00,67.85,67.93,67.85,67.92,6392.0,218.0,67.877184
NYT,2026-09-03 17:05:00+00:00,67.95,68.01,67.93,68.01,6865.0,237.0,67.969603
NYT,2026-09-03 17:10:00+00:00,67.99,67.99,67.925,67.96,3875.0,150.0,67.964949
NYT,2026-09-03 17:15:00+00:00,67.96,67.96,67.94,67.955,2119.0,94.0,67.952857
NYT,2026-09-03 17:20:00+00:00,67.935,67.95,67.88,67.88,4409.0,215.0,67.907372
NYT,2026-09-03 17:25:00+00:00,67.91,67.91,67.8801,67.8801,2332.0,116.0,67.902795
NYT,2026-09-03 17:30:00+00:00,67.88,67.92,67.88,67.92,3017.0,125.0,67.897361
NYT,2026-09-03 17:35:00+00:00,67.92,67.98,67.92,67.93,4017.0,146.0,67.956121
NYT,2026-09-03 17:40:00+00:00,67.96,67.97,67.94,67.94,5210.0,143.0,67.948384
NYT,2026-09-03 17:45:00+00:00,67.9201,67.945,67.88,67.89,4251.0,163.0,67.916494
NYT,2026-09-03 17:50:00+00:00,67.86,67.89,67.86,67.865,4198.0,162.0,67.875362
NYT,2026-09-03 17:55:00+00:00,67.865,67.92,67.865,67.9,10038.0,248.0,67.890518
NYT,2026-09-03 18:00:00+00:00,67.89,67.97,67.89,67.94,8364.0,256.0,67.932482
NYT,2026-09-03 18:05:00+00:00,67.97,67.98,67.96,67.97,2535.0,97.0,67.971118
NYT,2026-09-03 18:10:00+00:00,67.953,67.9617,67.91,67.91,9514.0,309.0,67.939341
NYT,2026-09-03 18:15:00+00:00,67.85,67.87,67.83,67.83,5722.0,229.0,67.853618
NYT,2026-09-03 18:20:00+00:00,67.85,67.85,67.79,67.8,7278.0,321.0,67.816943
NYT,2026-09-03 18:25:00+00:00,67.8,67.83,67.795,67.82,6764.0,208.0,67.808264
NYT,2026-09-03 18:30:00+00:00,67.8,67.82,67.8,67.805,6854.0,200.0,67.815142
NYT,2026-09-03 18:35:00+00:00,67.8,67.82,67.685,67.73,11363.0,436.0,67.784011
NYT,2026-09-03 18:40:00+00:00,67.71,67.74,67.71,67.73,7622.0,216.0,67.728987
NYT,2026-09-03 18:45:00+00:00,67.715,67.715,67.665,67.705,8683.0,333.0,67.691025
NYT,2026-09-03 18:50:00+00:00,67.7,67.74,67.67,67.67,13792.0,386.0,67.708159
NYT,2026-09-03 18:55:00+00:00,67.66,67.665,67.59,67.6,6285.0,204.0,67.643377
NYT,2026-09-03 19:00:00+00:00,67.59,67.59,67.4,67.4,16892.0,442.0,67.507506
NYT,2026-09-03 19:05:00+00:00,67.32,67.405,67.32,67.36,15929.0,452.0,67.366357
NYT,2026-09-03 19:10:00+00:00,67.36,67.38,67.31,67.37,17421.0,453.0,67.348494
NYT,2026-09-03 19:15:00+00:00,67.37,67.48,67.37,67.47,18513.0,373.0,67.418596
NYT,2026-09-03 19:20:00+00:00,67.46,67.48,67.4,67.4,12596.0,364.0,67.454317
NYT,2026-09-03 19:25:00+00:00,67.4,67.4,67.29,67.32,31353.0,732.0,67.355574
NYT,2026-09-03 19:30:00+00:00,67.32,67.4917,67.32,67.475,19884.0,445.0,67.416889
NYT,2026-09-03 19:35:00+00:00,67.475,67.48,67.42,67.46,21151.0,518.0,67.454203
NYT,2026-09-03 19:40:00+00:00,67.45,67.45,67.34,67.34,17372.0,430.0,67.404277
NYT,2026-09-03 19:45:00+00:00,67.36,67.38,67.14,67.2,40488.0,855.0,67.284482
NYT,2026-09-03 19:50:00+00:00,67.19,67.26,67.06,67.25,62977.0,1035.0,67.133894
NYT,2026-09-03 19:55:00+00:00,67.23,67.241,67.01,67.05,177468.0,2828.0,67.13556
NYT,2026-09-03 20:00:00+00:00,67.06,67.06,67.06,67.06,327282.0,45.0,67.06
NYT,2026-09-04 08:00:00+00:00,67.2,67.2,67.2,67.2,630.0,2.0,67.2
NYT,2026-09-04 09:45:00+00:00,67.01,67.01,67.01,67.01,121.0,5.0,67.01
NYT,2026-09-04 13:30:00+00:00,67.06,67.32,66.39,66.58,55872.0,207.0,66.848061
NYT,2026-09-04 13:35:00+00:00,66.645,67.085,66.45,66.915,9852.0,145.0,66.838692
NYT,2026-09-04 13:40:00+00:00,66.915,66.99,66.6,66.99,15496.0,210.0,66.851382
NYT,2026-09-04 13:45:00+00:00,67.13,67.28,66.9,67.205,18206.0,243.0,67.026613
NYT,2026-09-04 13:50:00+00:00,67.275,67.31,67.12,67.12,6522.0,133.0,67.169245
NYT,2026-09-04 13:55:00+00:00,67.195,67.45,67.12,67.29,8658.0,252.0,67.332035
NYT,2026-09-04 14:00:00+00:00,67.19,67.21,66.99,67.1,4222.0,165.0,67.123461
NYT,2026-09-04 14:05:00+00:00,67.1,67.285,67.06,67.19,8515.0,251.0,67.206261
NYT,2026-09-04 14:10:00+00:00,67.09,67.26,67.0,67.0,8062.0,219.0,67.189545
NYT,2026-09-04 14:15:00+00:00,67.04,67.24,67.02,67.085,35080.0,324.0,67.190075
NYT,2026-09-04 14:20:00+00:00,67.105,67.355,67.105,67.23,16918.0,339.0,67.190788
NYT,2026-09-04 14:25:00+00:00,67.275,67.275,67.01,67.09,5753.0,242.0,67.138901
NYT,2026-09-04 14:30:00+00:00,67.13,67.16,66.99,67.07,12423.0,376.0,67.108305
NYT,2026-09-04 14:35:00+00:00,67.005,67.1,67.0,67.08,9159.0,337.0,67.035679
NYT,2026-09-04 14:40:00+00:00,67.04,67.22,67.04,67.22,16186.0,375.0,67.116246
NYT,2026-09-04 14:45:00+00:00,67.25,67.3,67.2,67.25,7252.0,316.0,67.26619
NYT,2026-09-04 14:50:00+00:00,67.23,67.27,67.15,67.2317,10454.0,320.0,67.202859
NYT,2026-09-04 14:55:00+00:00,67.24,67.29,67.205,67.24,10282.0,313.0,67.254145
NYT,2026-09-04 15:00:00+00:00,67.265,67.38,67.25,67.355,9312.0,263.0,67.307396
NYT,2026-09-04 15:05:00+00:00,67.36,67.56,67.36,67.56,14059.0,328.0,67.455426
NYT,2026-09-04 15:10:00+00:00,67.575,67.75,67.54,67.66,10124.0,357.0,67.670183
NYT,2026-09-04 15:15:00+00:00,67.66,67.7,67.58,67.58,6932.0,306.0,67.645615
NYT,2026-09-04 15:20:00+00:00,67.64,67.71,67.605,67.645,16309.0,263.0,67.634516
NYT,2026-09-04 15:25:00+00:00,67.64,67.64,67.515,67.555,7021.0,276.0,67.574488
NYT,2026-09-04 15:30:00+00:00,67.53,67.62,67.53,67.56,9894.0,308.0,67.566507
NYT,2026-09-04 15:35:00+00:00,67.585,67.64,67.52,67.63,7857.0,191.0,67.597196
NYT,2026-09-04 15:40:00+00:00,67.615,67.62,67.54,67.57,7121.0,201.0,67.586607
NYT,2026-09-04 15:45:00+00:00,67.6,67.63,67.45,67.47,10264.0,276.0,67.524539
NYT,2026-09-04 15:50:00+00:00,67.45,67.55,67.42,67.54,8250.0,211.0,67.475953
NYT,2026-09-04 15:55:00+00:00,67.57,67.57,67.5,67.535,7836.0,223.0,67.541767
NYT,2026-09-04 16:00:00+00:00,67.51,67.54,67.47,67.475,7583.0,169.0,67.505
NYT,2026-09-04 16:05:00+00:00,67.475,67.475,67.3,67.405,14398.0,298.0,67.40688
NYT,2026-09-04 16:10:00+00:00,67.405,67.485,67.4,67.485,6986.0,238.0,67.442849
NYT,2026-09-04 16:15:00+00:00,67.5,67.55,67.48,67.525,6996.0,155.0,67.521823
NYT,2026-09-04 16:20:00+00:00,67.525,67.57,67.525,67.56,19219.0,223.0,67.538661
NYT,2026-09-04 16:25:00+00:00,67.55,67.625,67.52,67.6,7758.0,215.0,67.575557
NYT,2026-09-04 16:30:00+00:00,67.6,67.84,67.59,67.72,17785.0,317.0,67.757417
NYT,2026-09-04 16:35:00+00:00,67.695,67.765,67.68,67.76,8915.0,201.0,67.725567
NYT,2026-09-04 16:40:00+00:00,67.77,67.82,67.75,67.785,16895.0,296.0,67.788022
NYT,2026-09-04 16:45:00+00:00,67.82,67.82,67.77,67.79,5011.0,175.0,67.802803
NYT,2026-09-04 16:50:00+00:00,67.79,67.905,67.77,67.77,19330.0,468.0,67.817013
NYT,2026-09-04 16:55:00+00:00,67.775,67.83,67.775,67.83,21019.0,342.0,67.799178
NYT,2026-09-04 17:00:00+00:00,67.78,67.83,67.76,67.76,10750.0,243.0,67.79301
NYT,2026-09-04 17:05:00+00:00,67.775,68.0,67.75,67.84,36402.0,479.0,67.924267
NYT,2026-09-04 17:10:00+00:00,67.86,67.86,67.82,67.84,6630.0,144.0,67.843739
NYT,2026-09-04 17:15:00+00:00,67.84,67.86,67.785,67.86,6992.0,240.0,67.824971
NYT,2026-09-04 17:20:00+00:00,67.87,67.89,67.83,67.84,6558.0,185.0,67.859445
NYT,2026-09-04 17:25:00+00:00,67.835,67.86,67.815,67.815,6982.0,181.0,67.845762
NYT,2026-09-04 17:30:00+00:00,67.825,67.885,67.81,67.885,7671.0,249.0,67.845543
NYT,2026-09-04 17:35:00+00:00,67.9,67.925,67.78,67.84,14259.0,303.0,67.858809
NYT,2026-09-04 17:40:00+00:00,67.91,67.91,67.89,67.9,3655.0,115.0,67.904304
NYT,2026-09-04 17:45:00+00:00,67.895,67.895,67.8,67.83,6184.0,191.0,67.865965
NYT,2026-09-04 17:50:00+00:00,67.83,67.83,67.8,67.815,7083.0,155.0,67.823843
NYT,2026-09-04 17:55:00+00:00,67.81,67.89,67.79,67.88,13307.0,317.0,67.827264
NYT,2026-09-04 18:00:00+00:00,67.89,67.969,67.89,67.9338,15628.0,309.0,67.913207
NYT,2026-09-04 18:05:00+00:00,67.945,67.98,67.92,67.98,8160.0,235.0,67.946938
NYT,2026-09-04 18:10:00+00:00,67.97,67.97,67.93,67.96,12132.0,249.0,67.955614
NYT,2026-09-04 18:15:00+00:00,67.97,67.98,67.76,67.76,26976.0,336.0,67.922017
NYT,2026-09-04 18:20:00+00:00,67.75,67.7625,67.43,67.48,56664.0,738.0,67.511755
NYT,2026-09-04 18:25:00+00:00,67.48,67.53,67.435,67.53,20659.0,317.0,67.47762
NYT,2026-09-04 18:30:00+00:00,67.539,67.59,67.5,67.58,12433.0,254.0,67.550374
NYT,2026-09-04 18:35:00+00:00,67.59,67.595,67.5,67.5,12129.0,250.0,67.569519
NYT,2026-09-04 18:40:00+00:00,67.48,67.55,67.475,67.54,10451.0,239.0,67.507538
NYT,2026-09-04 18:45:00+00:00,67.54,67.54,67.49,67.535,12598.0,257.0,67.520972
NYT,2026-09-04 18:50:00+00:00,67.53,67.53,67.41,67.49,14443.0,333.0,67.489946
NYT,2026-09-04 18:55:00+00:00,67.485,67.665,67.4801,67.61,15599.0,336.0,67.564037
NYT,2026-09-04 19:00:00+00:00,67.61,67.66,67.6001,67.61,12375.0,300.0,67.637245
NYT,2026-09-04 19:05:00+00:00,67.61,67.63,67.57,67.605,12727.0,284.0,67.605897
NYT,2026-09-04 19:10:00+00:00,67.6,67.61,67.51,67.51,13489.0,305.0,67.565042
NYT,2026-09-04 19:15:00+00:00,67.51,67.53,67.44,67.47,11177.0,236.0,67.486637
NYT,2026-09-04 19:20:00+00:00,67.485,67.52,67.45,67.5,14619.0,285.0,67.47659
NYT,2026-09-04 19:25:00+00:00,67.5,67.53,67.37,67.395,24349.0,544.0,67.465724
NYT,2026-09-04 19:30:00+00:00,67.395,67.395,67.26,67.34,32229.0,610.0,67.321009
NYT,2026-09-04 19:35:00+00:00,67.35,67.41,67.34,67.37,40356.0,641.0,67.3796
NYT,2026-09-04 19:40:00+00:00,67.39,67.485,67.32,67.35,29669.0,602.0,67.418317
NYT,2026-09-04 19:45:00+00:00,67.35,67.41,67.29,67.39,47895.0,821.0,67.348271
NYT,2026-09-04 19:50:00+00:00,67.41,67.435,67.21,67.37,67703.0,1209.0,67.300662
NYT,2026-09-04 19:55:00+00:00,67.35,67.41,67.22,67.285,266208.0,3711.0,67.314791
NYT,2026-09-04 20:00:00+00:00,67.28,67.28,67.28,67.28,409931.0,48.0,67.28
NYT,2026-09-04 20:40:00+00:00,67.28,67.28,67.28,67.28,500.0,1.0,67.28
NYT,2026-09-08 08:00:00+00:00,67.77,67.77,67.77,67.77,131.0,4.0,67.77
NYT,2026-09-08 08:10:00+00:00,67.16,67.16,67.16,67.16,222.0,15.0,67.16
NYT,2026-09-08 09:10:00+00:00,67.02,67.02,67.02,67.02,107.0,4.0,67.02
NYT,2026-09-08 13:30:00+00:00,66.72,66.72,66.08,66.223,31979.0,280.0,66.589467
NYT,2026-09-08 13:35:00+00:00,66.285,66.47,66.14,66.205,19100.0,305.0,66.258661
NYT,2026-09-08 13:40:00+00:00,66.2,66.5499,66.11,66.455,47596.0,429.0,66.22779
NYT,2026-09-08 13:45:00+00:00,66.455,66.97,66.428,66.958,29252.0,567.0,66.636664
NYT,2026-09-08 13:50:00+00:00,66.98,67.13,66.98,67.1,14121.0,301.0,67.060986
NYT,2026-09-08 13:55:00+00:00,67.093,67.17,66.98,66.99,34953.0,455.0,67.052414
NYT,2026-09-08 14:00:00+00:00,67.06,67.35,66.94,67.0,20466.0,378.0,67.183987
NYT,2026-09-08 14:05:00+00:00,66.9,67.21,66.9,67.21,8313.0,277.0,67.053425
NYT,2026-09-08 14:10:00+00:00,67.27,67.27,67.12,67.22,16656.0,420.0,67.172414
NYT,2026-09-08 14:15:00+00:00,67.16,67.34,67.16,67.3,34220.0,398.0,67.195381
NYT,2026-09-08 14:20:00+00:00,67.25,67.38,67.18,67.38,8761.0,304.0,67.268357
NYT,2026-09-08 14:25:00+00:00,67.415,67.57,67.415,67.545,8191.0,233.0,67.48713
NYT,2026-09-08 14:30:00+00:00,67.59,67.61,67.54,67.6,6567.0,271.0,67.581565
NYT,2026-09-08 14:35:00+00:00,67.565,67.71,67.495,67.5,14418.0,411.0,67.593316
NYT,2026-09-08 14:40:00+00:00,67.5699,67.63,67.48,67.56,8992.0,235.0,67.552891
NYT,2026-09-08 14:45:00+00:00,67.54,67.56,67.35,67.35,8036.0,273.0,67.424817
NYT,2026-09-08 14:50:00+00:00,67.33,67.425,67.2,67.34,26335.0,520.0,67.296353
NYT,2026-09-08 14:55:00+00:00,67.37,67.37,67.095,67.095,6924.0,280.0,67.216598
NYT,2026-09-08 15:00:00+00:00,67.2,67.27,67.2,67.215,6332.0,249.0,67.22248
NYT,2026-09-08 15:05:00+00:00,67.21,67.33,67.21,67.33,6680.0,277.0,67.268568
NYT,2026-09-08 15:10:00+00:00,67.34,67.46,67.34,67.41,10592.0,253.0,67.409061
NYT,2026-09-08 15:15:00+00:00,67.39,67.39,67.225,67.225,9039.0,308.0,67.314161
NYT,2026-09-08 15:20:00+00:00,67.23,67.27,67.18,67.27,32671.0,416.0,67.20933
NYT,2026-09-08 15:25:00+00:00,67.27,67.32,67.21,67.315,11325.0,327.0,67.264682
NYT,2026-09-08 15:30:00+00:00,67.32,67.46,67.3,67.46,8992.0,269.0,67.367926
NYT,2026-09-08 15:35:00+00:00,67.46,67.47,67.43,67.47,7135.0,238.0,67.445125
NYT,2026-09-08 15:40:00+00:00,67.47,67.47,67.36,67.38,13744.0,374.0,67.409031
NYT,2026-09-08 15:45:00+00:00,67.38,67.4099,67.34,67.35,7648.0,269.0,67.365976
NYT,2026-09-08 15:50:00+00:00,67.35,67.42,67.35,67.36,8689.0,273.0,67.387599
NYT,2026-09-08 15:55:00+00:00,67.38,67.42,67.295,67.315,14483.0,370.0,67.358827
NYT,2026-09-08 16:00:00+00:00,67.315,67.35,67.305,67.315,11691.0,327.0,67.328737
NYT,2026-09-08 16:05:00+00:00,67.3,67.3,67.25,67.275,7029.0,266.0,67.274206
NYT,2026-09-08 16:10:00+00:00,67.275,67.28,67.195,67.195,11203.0,332.0,67.247212
NYT,2026-09-08 16:15:00+00:00,67.19,67.25,67.16,67.17,28821.0,404.0,67.197005
NYT,2026-09-08 16:20:00+00:00,67.21,67.36,67.21,67.33,11452.0,339.0,67.291165
NYT,2026-09-08 16:25:00+00:00,67.33,67.33,67.3,67.32,5771.0,172.0,67.318095
NYT,2026-09-08 16:30:00+00:00,67.35,67.35,67.235,67.28,8884.0,305.0,67.300711
NYT,2026-09-08 16:35:00+00:00,67.28,67.33,67.28,67.325,5728.0,226.0,67.311683
NYT,2026-09-08 16:40:00+00:00,67.33,67.36,67.27,67.29,6779.0,263.0,67.307118
NYT,2026-09-08 16:45:00+00:00,67.275,67.29,67.17,67.19,8519.0,261.0,67.240939
NYT,2026-09-08 16:50:00+00:00,67.16,67.245,67.1546,67.175,5780.0,182.0,67.201906
NYT,2026-09-08 16:55:00+00:00,67.17,67.185,67.16,67.16,2959.0,128.0,67.175
NYT,2026-09-08 17:00:00+00:00,67.17,67.17,66.92,66.92,25199.0,437.0,67.080107
NYT,2026-09-08 17:05:00+00:00,66.96,66.96,66.76,66.785,8192.0,239.0,66.879629
NYT,2026-09-08 17:10:00+00:00,66.765,66.91,66.76,66.875,11542.0,239.0,66.835771
NYT,2026-09-08 17:15:00+00:00,66.875,66.96,66.875,66.9,7909.0,207.0,66.929827
NYT,2026-09-08 17:20:00+00:00,66.9,67.02,66.9,66.98,11959.0,217.0,66.975815
NYT,2026-09-08 17:25:00+00:00,66.97,67.11,66.93,67.09,33226.0,422.0,67.013605
NYT,2026-09-08 17:30:00+00:00,67.105,67.185,67.035,67.15,57459.0,463.0,67.088244
NYT,2026-09-08 17:35:00+00:00,67.12,67.12,67.0,67.1,11939.0,232.0,67.082456
NYT,2026-09-08 17:40:00+00:00,67.1,67.21,67.1,67.15,14253.0,318.0,67.143732
NYT,2026-09-08 17:45:00+00:00,67.16,67.22,67.13,67.13,7581.0,259.0,67.161811
NYT,2026-09-08 17:50:00+00:00,67.12,67.31,67.11,67.225,22698.0,389.0,67.202879
NYT,2026-09-08 17:55:00+00:00,67.2304,67.295,67.2,67.245,24280.0,382.0,67.237608
NYT,2026-09-08 18:00:00+00:00,67.22,67.379,67.22,67.37,7330.0,262.0,67.305325
NYT,2026-09-08 18:05:00+00:00,67.35,67.35,67.25,67.255,11353.0,283.0,67.29697
NYT,2026-09-08 18:10:00+00:00,67.255,67.33,67.255,67.325,8250.0,291.0,67.301088
NYT,2026-09-08 18:15:00+00:00,67.33,67.4,67.33,67.3563,18851.0,327.0,67.344913
NYT,2026-09-08 18:20:00+00:00,67.36,67.36,67.2556,67.2875,13993.0,352.0,67.299412
NYT,2026-09-08 18:25:00+00:00,67.285,67.335,67.26,67.335,12727.0,350.0,67.289676
NYT,2026-09-08 18:30:00+00:00,67.335,67.36,67.31,67.34,17791.0,418.0,67.328049
NYT,2026-09-08 18:35:00+00:00,67.34,67.435,67.3101,67.43,29340.0,443.0,67.361432
NYT,2026-09-08 18:40:00+00:00,67.445,67.585,67.42,67.58,36059.0,435.0,67.456068
NYT,2026-09-08 18:45:00+00:00,67.61,67.75,67.53,67.59,34156.0,653.0,67.622239
NYT,2026-09-08 18:50:00+00:00,67.585,67.62,67.47,67.48,23065.0,413.0,67.535607
NYT,2026-09-08 18:55:00+00:00,67.51,67.53,67.35,67.48,21219.0,431.0,67.44231
NYT,2026-09-08 19:00:00+00:00,67.465,67.49,67.41,67.475,31637.0,507.0,67.441164
NYT,2026-09-08 19:05:00+00:00,67.475,67.59,67.45,67.49,28100.0,582.0,67.513532
NYT,2026-09-08 19:10:00+00:00,67.495,67.62,67.46,67.62,13194.0,379.0,67.555324
NYT,2026-09-08 19:15:00+00:00,67.615,67.71,67.56,67.57,20893.0,434.0,67.636207
NYT,2026-09-08 19:20:00+00:00,67.58,67.59,67.46,67.475,27287.0,539.0,67.536744
NYT,2026-09-08 19:25:00+00:00,67.49,67.615,67.485,67.615,17459.0,410.0,67.538522
NYT,2026-09-08 19:30:00+00:00,67.64,67.83,67.64,67.7725,30318.0,638.0,67.738508
NYT,2026-09-08 19:35:00+00:00,67.775,67.875,67.76,67.785,41767.0,894.0,67.801442
NYT,2026-09-08 19:40:00+00:00,67.785,67.84,67.73,67.77,24789.0,647.0,67.797144
NYT,2026-09-08 19:45:00+00:00,67.77,67.88,67.74,67.85,31938.0,754.0,67.830997
NYT,2026-09-08 19:50:00+00:00,67.85,67.85,67.68,67.72,52250.0,1146.0,67.776299
NYT,2026-09-08 19:55:00+00:00,67.705,67.99,67.59,67.97,247356.0,4028.0,67.783346
NYT,2026-09-08 20:00:00+00:00,67.96,67.96,67.96,67.96,380735.0,56.0,67.96
NYT,2026-09-09 08:00:00+00:00,67.95,67.95,67.95,67.95,275.0,5.0,67.95
NYT,2026-09-09 11:50:00+00:00,66.6313,66.6313,66.6313,66.6313,300.0,1.0,66.6313
NYT,2026-09-09 13:10:00+00:00,67.96,67.96,67.96,67.96,2222.0,4.0,67.96
NYT,2026-09-09 13:30:00+00:00,67.65,67.9,67.19,67.26,41973.0,418.0,67.733309
NYT,2026-09-09 13:35:00+00:00,67.26,67.465,66.68,66.84,4905.0,101.0,67.087353
NYT,2026-09-09 13:40:00+00:00,66.86,67.02,66.85,67.005,8212.0,99.0,66.988826
NYT,2026-09-09 13:45:00+00:00,67.0,67.0,66.73,66.81,22084.0,346.0,66.937175
NYT,2026-09-09 13:50:00+00:00,66.89,67.25,66.77,67.17,33837.0,547.0,67.057803
NYT,2026-09-09 13:55:00+00:00,67.17,67.47,66.97,67.075,201633.0,1219.0,67.363955
NYT,2026-09-09 14:00:00+00:00,67.075,67.35,66.99,67.27,18626.0,342.0,67.162096
NYT,2026-09-09 14:05:00+00:00,67.27,67.32,67.04,67.32,26960.0,399.0,67.188737
NYT,2026-09-09 14:10:00+00:00,67.36,67.43,67.23,67.34,11623.0,293.0,67.328422
NYT,2026-09-09 14:15:00+00:00,67.34,67.34,66.88,67.04,18864.0,322.0,67.070445
NYT,2026-09-09 14:20:00+00:00,67.045,67.12,66.98,66.99,10632.0,194.0,67.059609
NYT,2026-09-09 14:25:00+00:00,66.99,67.0,66.88,66.97,15089.0,262.0,66.957121
NYT,2026-09-09 14:30:00+00:00,66.91,66.95,66.77,66.83,17088.0,325.0,66.894956
NYT,2026-09-09 14:35:00+00:00,66.82,66.87,66.71,66.74,25842.0,447.0,66.797178
NYT,2026-09-09 14:40:00+00:00,66.73,66.92,66.61,66.84,42360.0,632.0,66.745586
NYT,2026-09-09 14:45:00+00:00,66.81,66.85,66.55,66.68,36574.0,480.0,66.736897
NYT,2026-09-09 14:50:00+00:00,66.7,66.82,66.65,66.68,25632.0,231.0,66.746097
NYT,2026-09-09 14:55:00+00:00,66.715,66.77,66.62,66.66,21442.0,388.0,66.691683
NYT,2026-09-09 15:00:00+00:00,66.715,66.97,66.715,66.93,27256.0,417.0,66.874163
NYT,2026-09-09 15:05:00+00:00,66.885,66.99,66.83,66.85,32179.0,352.0,66.93081
NYT,2026-09-09 15:10:00+00:00,66.89,66.955,66.74,66.845,100211.0,999.0,66.852037
NYT,2026-09-09 15:15:00+00:00,66.81,66.81,66.26,66.27,195085.0,2413.0,66.450181
NYT,2026-09-09 15:20:00+00:00,66.26,66.365,66.21,66.3,30801.0,434.0,66.307989
NYT,2026-09-09 15:25:00+00:00,66.21,66.325,66.09,66.15,34382.0,561.0,66.245973
NYT,2026-09-09 15:30:00+00:00,66.215,66.265,66.115,66.25,12355.0,269.0,66.197007
NYT,2026-09-09 15:35:00+00:00,66.25,66.32,66.18,66.29,14642.0,291.0,66.244205
NYT,2026-09-09 15:40:00+00:00,66.33,66.34,66.2504,66.255,7267.0,215.0,66.290152
NYT,2026-09-09 15:45:00+00:00,66.255,66.35,65.86,66.11,87631.0,1421.0,66.038345
NYT,2026-09-09 15:50:00+00:00,66.095,66.18,66.095,66.17,12093.0,233.0,66.150269
NYT,2026-09-09 15:55:00+00:00,66.145,66.26,66.11,66.25,17560.0,389.0,66.196869
NYT,2026-09-09 16:00:00+00:00,66.2899,66.4,66.26,66.345,20029.0,355.0,66.350921
NYT,2026-09-09 16:05:00+00:00,66.355,66.445,66.32,66.38,17178.0,330.0,66.37727
NYT,2026-09-09 16:10:00+00:00,66.36,66.52,66.34,66.505,12500.0,233.0,66.410386
NYT,2026-09-09 16:15:00+00:00,66.48,66.5185,66.39,66.42,8254.0,180.0,66.450907
NYT,2026-09-09 16:20:00+00:00,66.4,66.54,66.395,66.54,14923.0,264.0,66.430551
NYT,2026-09-09 16:25:00+00:00,66.57,66.66,66.5201,66.625,11902.0,274.0,66.588566
NYT,2026-09-09 16:30:00+00:00,66.625,66.69,66.59,66.67,7913.0,187.0,66.635338
NYT,2026-09-09 16:35:00+00:00,66.645,66.645,66.45,66.46,18280.0,422.0,66.497241
NYT,2026-09-09 16:40:00+00:00,66.51,66.6,66.485,66.555,7537.0,204.0,66.531745
NYT,2026-09-09 16:45:00+00:00,66.58,66.59,65.83,65.87,209984.0,2055.0,66.221234
NYT,2026-09-09 16:50:00+00:00,65.88,66.18,65.86,66.08,109708.0,1236.0,65.978535
NYT,2026-09-09 16:55:00+00:00,66.075,66.44,65.96,66.4275,92311.0,523.0,66.304784
NYT,2026-09-09 17:00:00+00:00,66.44,66.51,66.11,66.175,123651.0,915.0,66.319471
NYT,2026-09-09 17:05:00+00:00,66.15,66.21,65.73,65.83,184055.0,1399.0,66.010247
NYT,2026-09-09 17:10:00+00:00,65.83,66.21,65.83,66.07,41368.0,445.0,66.057345
NYT,2026-09-09 17:15:00+00:00,66.08,66.27,66.05,66.22,16570.0,309.0,66.150019
NYT,2026-09-09 17:20:00+00:00,66.245,66.545,66.14,66.545,30294.0,604.0,66.268336
NYT,2026-09-09 17:25:00+00:00,66.55,66.58,66.46,66.565,9960.0,259.0,66.524401
NYT,2026-09-09 17:30:00+00:00,66.59,66.69,66.45,66.53,24194.0,462.0,66.564245
NYT,2026-09-09 17:35:00+00:00,66.5,66.66,66.465,66.625,9350.0,236.0,66.560352
NYT,2026-09-09 17:40:00+00:00,66.59,66.63,66.325,66.375,20681.0,409.0,66.537206
NYT,2026-09-09 17:45:00+00:00,66.33,66.42,66.23,66.32,13175.0,308.0,66.331766
NYT,2026-09-09 17:50:00+00:00,66.37,66.51,66.345,66.35,11641.0,296.0,66.421792
NYT,2026-09-09 17:55:00+00:00,66.37,66.38,66.13,66.155,15300.0,279.0,66.231107
NYT,2026-09-09 18:00:00+00:00,66.2,66.34,66.16,66.26,19541.0,370.0,66.256242
NYT,2026-09-09 18:05:00+00:00,66.315,66.44,66.31,66.405,9351.0,245.0,66.352287
NYT,2026-09-09 18:10:00+00:00,66.405,66.48,66.35,66.37,15008.0,345.0,66.420446
NYT,2026-09-09 18:15:00+00:00,66.385,66.45,66.385,66.44,11491.0,213.0,66.425833
NYT,2026-09-09 18:20:00+00:00,66.44,66.48,66.39,66.47,12877.0,313.0,66.430632
NYT,2026-09-09 18:25:00+00:00,66.46,66.46,66.15,66.36,43220.0,891.0,66.346385
NYT,2026-09-09 18:30:00+00:00,66.41,66.44,66.33,66.4,19360.0,396.0,66.39794
NYT,2026-09-09 18:35:00+00:00,66.37,66.47,66.32,66.42,20652.0,426.0,66.395206
NYT,2026-09-09 18:40:00+00:00,66.38,66.48,66.38,66.42,12261.0,252.0,66.417927
NYT,2026-09-09 18:45:00+00:00,66.42,66.58,66.38,66.485,10923.0,320.0,66.477375
NYT,2026-09-09 18:50:00+00:00,66.485,66.75,66.485,66.605,52965.0,510.0,66.629413
NYT,2026-09-09 18:55:00+00:00,66.56,66.745,66.535,66.69,16763.0,410.0,66.66031
NYT,2026-09-09 19:00:00+00:00,66.725,66.78,66.65,66.76,23237.0,469.0,66.720554
NYT,2026-09-09 19:05:00+00:00,66.76,66.785,66.415,66.415,49654.0,701.0,66.682593
NYT,2026-09-09 19:10:00+00:00,66.4,66.51,66.345,66.44,17456.0,402.0,66.442881
NYT,2026-09-09 19:15:00+00:00,66.42,66.42,66.15,66.15,14575.0,376.0,66.255481
NYT,2026-09-09 19:20:00+00:00,66.16,66.4,66.12,66.35,24814.0,511.0,66.243258
NYT,2026-09-09 19:25:00+00:00,66.32,66.68,66.29,66.52,58325.0,786.0,66.430441
NYT,2026-09-09 19:30:00+00:00,66.54,66.57,66.35,66.57,30836.0,581.0,66.42958
NYT,2026-09-09 19:35:00+00:00,66.57,66.64,66.56,66.56,24826.0,522.0,66.59905
NYT,2026-09-09 19:40:00+00:00,66.54,66.58,66.48,66.525,29508.0,573.0,66.535349
NYT,2026-09-09 19:45:00+00:00,66.52,66.71,66.48,66.71,56749.0,1096.0,66.621791
NYT,2026-09-09 19:50:00+00:00,66.64,67.03,66.63,66.98,65011.0,1112.0,66.810987
NYT,2026-09-09 19:55:00+00:00,66.97,66.99,66.58,66.59,267363.0,3886.0,66.720526
NYT,2026-09-09 20:00:00+00:00,66.6,66.6,66.6,66.6,541634.0,42.0,66.6
NYT,2026-09-10 12:20:00+00:00,66.6,66.6,66.6,66.6,1400.0,34.0,66.6
NYT,2026-09-10 13:30:00+00:00,66.67,66.885,66.6,66.665,8810.0,155.0,66.670631
NYT,2026-09-10 13:35:00+00:00,66.575,66.575,66.17,66.23,6393.0,197.0,66.362199
NYT,2026-09-10 13:40:00+00:00,66.335,66.39,65.965,66.045,11972.0,249.0,66.092168
NYT,2026-09-10 13:45:00+00:00,66.05,66.25,65.935,66.24,35823.0,323.0,66.088303
NYT,2026-09-10 13:50:00+00:00,66.19,66.435,66.19,66.435,21612.0,271.0,66.33155
NYT,2026-09-10 13:55:00+00:00,66.34,66.48,66.2,66.33,32838.0,410.0,66.276201
NYT,2026-09-10 14:00:00+00:00,66.335,66.335,66.12,66.22,56638.0,404.0,66.21487
NYT,2026-09-10 14:05:00+00:00,66.2,66.33,66.025,66.17,42501.0,681.0,66.177992
NYT,2026-09-10 14:10:00+00:00,66.18,66.45,66.09,66.406,111372.0,526.0,66.199452
NYT,2026-09-10 14:15:00+00:00,66.33,66.41,66.2,66.2,8837.0,219.0,66.348046
NYT,2026-09-10 14:20:00+00:00,66.23,66.5,66.16,66.46,37201.0,589.0,66.261669
NYT,2026-09-10 14:25:00+00:00,66.45,66.52,66.44,66.51,7721.0,256.0,66.479862
NYT,2026-09-10 14:30:00+00:00,66.445,66.445,66.33,66.405,13788.0,303.0,66.38996
NYT,2026-09-10 14:35:00+00:00,66.4,66.405,66.17,66.17,11416.0,263.0,66.28256
NYT,2026-09-10 14:40:00+00:00,66.22,66.58,66.22,66.58,38920.0,339.0,66.326666
NYT,2026-09-10 14:45:00+00:00,66.58,66.58,66.425,66.54,10646.0,218.0,66.485782
NYT,2026-09-10 14:50:00+00:00,66.545,66.67,66.41,66.41,10660.0,298.0,66.557402
NYT,2026-09-10 14:55:00+00:00,66.47,66.59,66.465,66.53,8974.0,268.0,66.516276
NYT,2026-09-10 15:00:00+00:00,66.49,66.495,66.42,66.48,10174.0,240.0,66.455716
NYT,2026-09-10 15:05:00+00:00,66.465,66.535,66.4,66.45,12140.0,274.0,66.498334
NYT,2026-09-10 15:10:00+00:00,66.46,66.48,66.29,66.42,24319.0,367.0,66.414788
NYT,2026-09-10 15:15:00+00:00,66.43,66.45,66.345,66.38,8490.0,228.0,66.392706
NYT,2026-09-10 15:20:00+00:00,66.375,66.51,66.375,66.48,14611.0,320.0,66.44953
NYT,2026-09-10 15:25:00+00:00,66.48,66.56,66.46,66.545,10024.0,243.0,66.502256
NYT,2026-09-10 15:30:00+00:00,66.545,66.55,66.28,66.315,21513.0,316.0,66.403778
NYT,2026-09-10 15:35:00+00:00,66.29,66.34,66.16,66.22,52240.0,594.0,66.221344
NYT,2026-09-10 15:40:00+00:00,66.22,66.4,66.21,66.4,11738.0,320.0,66.292215
NYT,2026-09-10 15:45:00+00:00,66.38,66.38,66.29,66.38,13174.0,266.0,66.340762
NYT,2026-09-10 15:50:00+00:00,66.38,66.43,66.35,66.395,8223.0,184.0,66.393482
NYT,2026-09-10 15:55:00+00:00,66.37,66.4,66.32,66.36,10527.0,221.0,66.364727
NYT,2026-09-10 16:00:00+00:00,66.375,66.41,66.34,66.34,9852.0,218.0,66.379359
NYT,2026-09-10 16:05:00+00:00,66.32,66.43,66.3,66.42,10698.0,230.0,66.370336
NYT,2026-09-10 16:10:00+00:00,66.42,66.42,66.31,66.4,8099.0,223.0,66.365626
NYT,2026-09-10 16:15:00+00:00,66.375,66.375,66.31,66.35,10146.0,227.0,66.337908
NYT,2026-09-10 16:20:00+00:00,66.335,66.38,66.31,66.37,11426.0,279.0,66.354179
NYT,2026-09-10 16:25:00+00:00,66.37,66.43,66.32,66.415,9453.0,235.0,66.379812
NYT,2026-09-10 16:30:00+00:00,66.45,66.45,66.35,66.38,16511.0,321.0,66.385462
NYT,2026-09-10 16:35:00+00:00,66.37,66.48,66.36,66.42,10171.0,252.0,66.408024
NYT,2026-09-10 16:40:00+00:00,66.45,66.45,66.4,66.415,7007.0,186.0,66.424989
NYT,2026-09-10 16:45:00+00:00,66.41,66.41,66.34,66.36,14222.0,366.0,66.364398
NYT,2026-09-10 16:50:00+00:00,66.36,66.39,66.29,66.38,7547.0,246.0,66.355738
NYT,2026-09-10 16:55:00+00:00,66.37,66.395,66.35,66.37,8395.0,236.0,66.373578
NYT,2026-09-10 17:00:00+00:00,66.37,66.39,66.34,66.355,6780.0,199.0,66.362419
NYT,2026-09-10 17:05:00+00:00,66.355,66.355,66.3,66.33,8203.0,302.0,66.326975
NYT,2026-09-10 17:10:00+00:00,66.34,66.36,66.33,66.33,4619.0,165.0,66.346823
NYT,2026-09-10 17:15:00+00:00,66.34,66.38,66.34,66.35,10394.0,275.0,66.361442
NYT,2026-09-10 17:20:00+00:00,66.345,66.41,66.345,66.375,15638.0,343.0,66.388646
NYT,2026-09-10 17:25:00+00:00,66.375,66.375,66.27,66.31,18935.0,349.0,66.311914
NYT,2026-09-10 17:30:00+00:00,66.315,66.36,66.31,66.35,15256.0,296.0,66.337145
NYT,2026-09-10 17:35:00+00:00,66.345,66.4,66.33,66.4,11626.0,269.0,66.353461
NYT,2026-09-10 17:40:00+00:00,66.415,66.46,66.38,66.43,29856.0,536.0,66.418034
NYT,2026-09-10 17:45:00+00:00,66.43,66.48,66.42,66.475,9072.0,229.0,66.455544
NYT,2026-09-10 17:50:00+00:00,66.47,66.54,66.47,66.48,5913.0,175.0,66.514516
NYT,2026-09-10 17:55:00+00:00,66.48,66.5,66.44,66.44,7813.0,231.0,66.473115
NYT,2026-09-10 18:00:00+00:00,66.445,66.635,66.445,66.61,14690.0,325.0,66.530841
NYT,2026-09-10 18:05:00+00:00,66.56,66.585,66.54,66.57,9983.0,232.0,66.56633
NYT,2026-09-10 18:10:00+00:00,66.57,66.58,66.52,66.53,7865.0,267.0,66.560037
NYT,2026-09-10 18:15:00+00:00,66.545,66.61,66.53,66.565,11817.0,260.0,66.568436
NYT,2026-09-10 18:20:00+00:00,66.55,66.68,66.53,66.64,13961.0,384.0,66.606177
NYT,2026-09-10 18:25:00+00:00,66.62,66.67,66.61,66.63,10433.0,278.0,66.645451
NYT,2026-09-10 18:30:00+00:00,66.62,66.635,66.52,66.545,13113.0,323.0,66.577125
NYT,2026-09-10 18:35:00+00:00,66.53,66.56,66.485,66.54,11542.0,281.0,66.523604
NYT,2026-09-10 18:40:00+00:00,66.54,66.62,66.51,66.515,13424.0,311.0,66.57556
NYT,2026-09-10 18:45:00+00:00,66.5,66.53,66.44,66.505,16496.0,389.0,66.477723
NYT,2026-09-10 18:50:00+00:00,66.505,66.55,66.47,66.47,11993.0,329.0,66.521445
NYT,2026-09-10 18:55:00+00:00,66.46,66.53,66.46,66.46,14079.0,336.0,66.489659
NYT,2026-09-10 19:00:00+00:00,66.465,66.58,66.46,66.575,22574.0,476.0,66.517805
NYT,2026-09-10 19:05:00+00:00,66.56,66.6,66.54,66.58,15075.0,422.0,66.574365
NYT,2026-09-10 19:10:00+00:00,66.58,66.65,66.56,66.64,39123.0,623.0,66.594365
NYT,2026-09-10 19:15:00+00:00,66.64,66.64,66.55,66.6,27643.0,524.0,66.583141
NYT,2026-09-10 19:20:00+00:00,66.6,66.645,66.56,66.61,23537.0,439.0,66.605937
NYT,2026-09-10 19:25:00+00:00,66.62,66.645,66.575,66.61,37616.0,738.0,66.611741
NYT,2026-09-10 19:30:00+00:00,66.61,66.66,66.6,66.64,27704.0,579.0,66.633413
NYT,2026-09-10 19:35:00+00:00,66.645,66.695,66.62,66.62,37490.0,670.0,66.657318
NYT,2026-09-10 19:40:00+00:00,66.63,66.715,66.63,66.65,43252.0,769.0,66.66819
NYT,2026-09-10 19:45:00+00:00,66.65,66.68,66.475,66.475,59021.0,937.0,66.591248
NYT,2026-09-10 19:50:00+00:00,66.49,66.58,66.4,66.54,82733.0,1331.0,66.462653
NYT,2026-09-10 19:55:00+00:00,66.545,66.715,66.48,66.58,249267.0,3316.0,66.612746
NYT,2026-09-10 20:00:00+00:00,66.57,66.57,66.57,66.57,554878.0,38.0,66.57
NYT,2026-09-11 13:30:00+00:00,66.8,66.9,66.425,66.51,13888.0,206.0,66.704513
NYT,2026-09-11 13:35:00+00:00,66.48,66.56,66.405,66.405,10935.0,273.0,66.528623
NYT,2026-09-11 13:40:00+00:00,66.405,66.545,66.405,66.47,5833.0,140.0,66.464147
NYT,2026-09-11 13:45:00+00:00,66.4,66.4,66.15,66.155,10084.0,244.0,66.228383
NYT,2026-09-11 13:50:00+00:00,66.17,66.17,65.75,66.04,17057.0,398.0,65.930155
NYT,2026-09-11 13:55:00+00:00,66.1086,66.36,66.1086,66.25,4955.0,104.0,66.219301
NYT,2026-09-11 14:00:00+00:00,66.26,66.45,66.11,66.43,24779.0,356.0,66.26705
NYT,2026-09-11 14:05:00+00:00,66.43,66.45,66.24,66.36,35381.0,561.0,66.369721
NYT,2026-09-11 14:10:00+00:00,66.365,66.365,66.29,66.34,5886.0,151.0,66.32359
NYT,2026-09-11 14:15:00+00:00,66.34,66.51,66.28,66.51,15376.0,274.0,66.392957
NYT,2026-09-11 14:20:00+00:00,66.455,66.455,66.38,66.38,3358.0,120.0,66.412703
NYT,2026-09-11 14:25:00+00:00,66.38,66.43,66.31,66.31,8240.0,219.0,66.371603
NYT,2026-09-11 14:30:00+00:00,66.34,66.42,66.34,66.35,8583.0,210.0,66.384026
NYT,2026-09-11 14:35:00+00:00,66.32,66.39,66.28,66.38,7296.0,198.0,66.331774
NYT,2026-09-11 14:40:00+00:00,66.375,66.59,66.375,66.59,14413.0,284.0,66.4879
NYT,2026-09-11 14:45:00+00:00,66.63,66.77,66.55,66.755,19800.0,296.0,66.592282
NYT,2026-09-11 14:50:00+00:00,66.74,66.8,66.69,66.79,5304.0,183.0,66.745968
NYT,2026-09-11 14:55:00+00:00,66.79,66.84,66.77,66.77,9205.0,277.0,66.803883
NYT,2026-09-11 15:00:00+00:00,66.79,66.83,66.61,66.7,10715.0,306.0,66.703051
NYT,2026-09-11 15:05:00+00:00,66.7,66.725,66.6,66.65,10376.0,248.0,66.662053
NYT,2026-09-11 15:10:00+00:00,66.62,66.7,66.57,66.7,9322.0,331.0,66.635992
NYT,2026-09-11 15:15:00+00:00,66.73,66.75,66.69,66.705,5919.0,211.0,66.72268
NYT,2026-09-11 15:20:00+00:00,66.705,66.78,66.705,66.72,7506.0,243.0,66.749195
NYT,2026-09-11 15:25:00+00:00,66.74,66.78,66.71,66.78,6129.0,273.0,66.756831
NYT,2026-09-11 15:30:00+00:00,66.775,66.84,66.7,66.81,10895.0,240.0,66.736662
NYT,2026-09-11 15:35:00+00:00,66.805,66.86,66.77,66.84,13204.0,359.0,66.808145
NYT,2026-09-11 15:40:00+00:00,66.845,66.88,66.8,66.82,9685.0,291.0,66.838694
NYT,2026-09-11 15:45:00+00:00,66.805,66.87,66.805,66.855,6588.0,210.0,66.843451
NYT,2026-09-11 15:50:00+00:00,66.865,66.865,66.82,66.825,5388.0,188.0,66.842964
NYT,2026-09-11 15:55:00+00:00,66.835,66.86,66.75,66.76,8975.0,229.0,66.836997
NYT,2026-09-11 16:00:00+00:00,66.735,66.735,66.66,66.7,17585.0,282.0,66.717091
NYT,2026-09-11 16:05:00+00:00,66.705,66.745,66.67,66.72,17420.0,287.0,66.706451
NYT,2026-09-11 16:10:00+00:00,66.74,66.78,66.73,66.77,5717.0,187.0,66.762217
NYT,2026-09-11 16:15:00+00:00,66.78,66.8,66.76,66.785,3926.0,157.0,66.785486
NYT,2026-09-11 16:20:00+00:00,66.75,66.78,66.74,66.75,8084.0,200.0,66.762649
NYT,2026-09-11 16:25:00+00:00,66.75,66.81,66.73,66.775,7552.0,266.0,66.776538
NYT,2026-09-11 16:30:00+00:00,66.75,66.79,66.75,66.78,4238.0,182.0,66.77
NYT,2026-09-11 16:35:00+00:00,66.79,66.79,66.69,66.69,7411.0,203.0,66.766589
NYT,2026-09-11 16:40:00+00:00,66.68,66.755,66.64,66.71,10938.0,350.0,66.693303
NYT,2026-09-11 16:45:00+00:00,66.725,66.73,66.695,66.715,5770.0,179.0,66.716238
NYT,2026-09-11 16:50:00+00:00,66.7,66.73,66.69,66.71,14502.0,266.0,66.703057
NYT,2026-09-11 16:55:00+00:00,66.75,66.79,66.74,66.74,7867.0,338.0,66.762745
NYT,2026-09-11 17:00:00+00:00,66.77,66.77,66.57,66.65,27088.0,382.0,66.6334
NYT,2026-09-11 17:05:00+00:00,66.66,66.68,66.63,66.645,20151.0,265.0,66.656875
NYT,2026-09-11 17:10:00+00:00,66.67,66.73,66.67,66.7,7358.0,259.0,66.691263
NYT,2026-09-11 17:15:00+00:00,66.7,66.74,66.67,66.72,4702.0,173.0,66.709885
NYT,2026-09-11 17:20:00+00:00,66.69,66.75,66.66,66.66,6594.0,205.0,66.70233
NYT,2026-09-11 17:25:00+00:00,66.665,66.7,66.585,66.6,16400.0,286.0,66.670029
NYT,2026-09-11 17:30:00+00:00,66.61,66.835,66.61,66.775,9404.0,319.0,66.724384
NYT,2026-09-11 17:35:00+00:00,66.775,66.89,66.775,66.865,9132.0,263.0,66.860616
NYT,2026-09-11 17:40:00+00:00,66.865,66.89,66.83,66.865,7641.0,257.0,66.866016
NYT,2026-09-11 17:45:00+00:00,66.87,66.89,66.84,66.885,8366.0,269.0,66.870482
NYT,2026-09-11 17:50:00+00:00,66.88,66.9,66.83,66.84,8451.0,228.0,66.872643
NYT,2026-09-11 17:55:00+00:00,66.84,66.91,66.84,66.88,8894.0,301.0,66.88063
NYT,2026-09-11 18:00:00+00:00,66.88,67.0,66.88,67.0,9381.0,263.0,66.944173
NYT,2026-09-11 18:05:00+00:00,67.01,67.055,66.94,66.945,8897.0,277.0,66.997855
NYT,2026-09-11 18:10:00+00:00,66.95,66.98,66.93,66.98,7239.0,254.0,66.959799
NYT,2026-09-11 18:15:00+00:00,66.99,67.02,66.97,66.985,8175.0,258.0,66.992474
NYT,2026-09-11 18:20:00+00:00,66.96,66.96,66.875,66.91,8636.0,257.0,66.914849
NYT,2026-09-11 18:25:00+00:00,66.89,66.89,66.84,66.84,9194.0,298.0,66.867051
NYT,2026-09-11 18:30:00+00:00,66.845,66.87,66.8375,66.855,7992.0,233.0,66.851353
NYT,2026-09-11 18:35:00+00:00,66.86,66.885,66.81,66.81,12122.0,331.0,66.85844
NYT,2026-09-11 18:40:00+00:00,66.81,66.835,66.8,66.82,9140.0,245.0,66.814493
NYT,2026-09-11 18:45:00+00:00,66.82,66.905,66.82,66.88,12074.0,333.0,66.861588
NYT,2026-09-11 18:50:00+00:00,66.89,66.92,66.885,66.905,8396.0,275.0,66.902405
NYT,2026-09-11 18:55:00+00:00,66.905,66.97,66.905,66.93,18899.0,436.0,66.933821
NYT,2026-09-11 19:00:00+00:00,66.93,66.955,66.85,66.855,16186.0,450.0,66.909127
NYT,2026-09-11 19:05:00+00:00,66.8575,66.875,66.83,66.83,10209.0,313.0,66.846464
NYT,2026-09-11 19:10:00+00:00,66.82,66.99,66.82,66.99,20521.0,504.0,66.889087
NYT,2026-09-11 19:15:00+00:00,66.99,67.035,66.96,67.035,16398.0,429.0,66.991852
NYT,2026-09-11 19:20:00+00:00,67.0201,67.025,66.93,66.98,15697.0,425.0,66.977514
NYT,2026-09-11 19:25:00+00:00,66.98,66.98,66.895,66.94,26942.0,607.0,66.931577
NYT,2026-09-11 19:30:00+00:00,66.93,67.065,66.905,67.04,23384.0,588.0,66.957621
NYT,2026-09-11 19:35:00+00:00,67.04,67.065,67.015,67.05,18106.0,511.0,67.042086
NYT,2026-09-11 19:40:00+00:00,67.05,67.05,66.95,66.95,24230.0,518.0,67.008555
NYT,2026-09-11 19:45:00+00:00,66.95,66.95,66.7875,66.815,34539.0,745.0,66.868671
NYT,2026-09-11 19:50:00+00:00,66.81,66.855,66.7,66.84,51862.0,1093.0,66.761681
NYT,2026-09-11 19:55:00+00:00,66.84,67.02,66.76,66.87,174512.0,3105.0,66.910736
NYT,2026-09-11 20:00:00+00:00,66.88,66.88,66.88,66.88,269017.0,57.0,66.88
NYT,2026-09-14 08:50:00+00:00,66.83,66.83,66.83,66.83,100.0,1.0,66.83
NYT,2026-09-14 11:00:00+00:00,66.85,66.85,66.85,66.85,508.0,4.0,66.85
NYT,2026-09-14 11:55:00+00:00,66.9,66.9,66.9,66.9,100.0,1.0,66.9
NYT,2026-09-14 12:10:00+00:00,66.9,66.9,66.9,66.9,100.0,1.0,66.9
NYT,2026-09-14 13:30:00+00:00,67.72,68.38,67.72,68.38,17781.0,230.0,68.060423
NYT,2026-09-14 13:35:00+00:00,68.42,68.81,68.2081,68.54,12726.0,294.0,68.582104
NYT,2026-09-14 13:40:00+00:00,68.87,69.2499,68.71,68.89,7475.0,206.0,68.909082
NYT,2026-09-14 13:45:00+00:00,68.845,68.9,68.56,68.62,10087.0,273.0,68.776257
NYT,2026-09-14 13:50:00+00:00,68.68,69.06,68.64,68.865,8113.0,258.0,68.866604
NYT,2026-09-14 13:55:00+00:00,68.825,68.87,68.62,68.76,18317.0,284.0,68.695917
NYT,2026-09-14 14:00:00+00:00,68.76,69.16,68.76,69.115,59721.0,370.0,68.866981
NYT,2026-09-14 14:05:00+00:00,69.14,69.245,68.92,68.98,23961.0,531.0,69.019698
NYT,2026-09-14 14:10:00+00:00,68.98,68.98,68.8,68.89,8595.0,266.0,68.865084
NYT,2026-09-14 14:15:00+00:00,68.88,68.915,68.63,68.63,9392.0,251.0,68.872496
NYT,2026-09-14 14:20:00+00:00,68.64,68.75,68.57,68.62,9981.0,204.0,68.67038
NYT,2026-09-14 14:25:00+00:00,68.56,68.56,68.43,68.45,6064.0,211.0,68.48323
NYT,2026-09-14 14:30:00+00:00,68.42,68.42,68.21,68.26,6904.0,312.0,68.29817
NYT,2026-09-14 14:35:00+00:00,68.25,68.3,68.11,68.13,8356.0,237.0,68.226024
NYT,2026-09-14 14:40:00+00:00,68.21,68.21,68.085,68.1434,4985.0,217.0,68.129911
NYT,2026-09-14 14:45:00+00:00,68.14,68.14,68.08,68.1,2726.0,157.0,68.111429
NYT,2026-09-14 14:50:00+00:00,68.14,68.28,68.125,68.26,9052.0,260.0,68.21632
NYT,2026-09-14 14:55:00+00:00,68.23,68.275,68.19,68.245,7516.0,222.0,68.253008
NYT,2026-09-14 15:00:00+00:00,68.3,68.62,68.3,68.59,23284.0,415.0,68.545455
NYT,2026-09-14 15:05:00+00:00,68.575,68.67,68.47,68.63,11185.0,381.0,68.583839
NYT,2026-09-14 15:10:00+00:00,68.66,68.7,68.48,68.53,6994.0,246.0,68.595215
NYT,2026-09-14 15:15:00+00:00,68.43,68.53,68.36,68.53,17952.0,252.0,68.449022
NYT,2026-09-14 15:20:00+00:00,68.515,68.55,68.4,68.46,4865.0,249.0,68.481711
NYT,2026-09-14 15:25:00+00:00,68.495,68.54,68.41,68.44,8697.0,284.0,68.46917
NYT,2026-09-14 15:30:00+00:00,68.5,68.51,68.365,68.45,9702.0,254.0,68.449066
NYT,2026-09-14 15:35:00+00:00,68.37,68.6,68.28,68.585,37291.0,338.0,68.368837
NYT,2026-09-14 15:40:00+00:00,68.55,68.77,68.525,68.77,5347.0,162.0,68.626223
NYT,2026-09-14 15:45:00+00:00,68.77,68.77,68.61,68.69,8346.0,224.0,68.675344
NYT,2026-09-14 15:50:00+00:00,68.73,69.03,68.73,69.03,99180.0,358.0,68.930449
NYT,2026-09-14 15:55:00+00:00,69.055,69.055,68.93,68.93,9086.0,315.0,68.99254
NYT,2026-09-14 16:00:00+00:00,68.935,69.215,68.935,69.205,14269.0,382.0,69.056593
NYT,2026-09-14 16:05:00+00:00,69.18,69.2,69.12,69.14,4950.0,198.0,69.147204
NYT,2026-09-14 16:10:00+00:00,69.16,69.3,69.14,69.3,18377.0,368.0,69.213051
NYT,2026-09-14 16:15:00+00:00,69.29,69.34,69.24,69.34,12750.0,354.0,69.289461
NYT,2026-09-14 16:20:00+00:00,69.325,69.41,69.325,69.38,9722.0,355.0,69.37874
NYT,2026-09-14 16:25:00+00:00,69.39,69.45,69.34,69.42,8227.0,278.0,69.388101
NYT,2026-09-14 16:30:00+00:00,69.44,69.5,69.365,69.44,12679.0,322.0,69.44938
NYT,2026-09-14 16:35:00+00:00,69.42,69.54,69.42,69.54,6426.0,184.0,69.472959
NYT,2026-09-14 16:40:00+00:00,69.56,69.56,69.45,69.48,7142.0,205.0,69.496803
NYT,2026-09-14 16:45:00+00:00,69.51,69.62,69.5,69.61,10214.0,326.0,69.540854
NYT,2026-09-14 16:50:00+00:00,69.61,69.71,69.61,69.66,8165.0,248.0,69.669198
NYT,2026-09-14 16:55:00+00:00,69.65,69.65,69.53,69.57,9503.0,295.0,69.581163
NYT,2026-09-14 17:00:00+00:00,69.56,69.63,69.505,69.61,8440.0,315.0,69.56192
NYT,2026-09-14 17:05:00+00:00,69.62,69.65,69.55,69.55,6413.0,257.0,69.606851
NYT,2026-09-14 17:10:00+00:00,69.57,69.67,69.51,69.65,26608.0,388.0,69.571862
NYT,2026-09-14 17:15:00+00:00,69.665,69.82,69.64,69.815,17829.0,502.0,69.742971
NYT,2026-09-14 17:20:00+00:00,69.815,69.905,69.7708,69.845,17521.0,413.0,69.839414
NYT,2026-09-14 17:25:00+00:00,69.87,69.915,69.795,69.8,29094.0,391.0,69.88378
NYT,2026-09-14 17:30:00+00:00,69.8,69.9428,69.8,69.865,10401.0,284.0,69.876364
NYT,2026-09-14 17:35:00+00:00,69.865,69.8675,69.81,69.85,10874.0,310.0,69.845906
NYT,2026-09-14 17:40:00+00:00,69.858,69.92,69.845,69.915,7483.0,239.0,69.876517
NYT,2026-09-14 17:45:00+00:00,69.9,69.94,69.9,69.94,9693.0,311.0,69.923551
NYT,2026-09-14 17:50:00+00:00,69.94,69.99,69.89,69.91,12432.0,344.0,69.95358
NYT,2026-09-14 17:55:00+00:00,69.92,69.975,69.88,69.96,8925.0,262.0,69.93972
NYT,2026-09-14 18:00:00+00:00,69.94,69.96,69.87,69.87,13586.0,306.0,69.913574
NYT,2026-09-14 18:05:00+00:00,69.85,69.95,69.82,69.93,9756.0,268.0,69.909826
NYT,2026-09-14 18:10:00+00:00,69.92,70.04,69.92,70.04,22283.0,325.0,69.999353
NYT,2026-09-14 18:15:00+00:00,70.059,70.17,70.04,70.17,16020.0,425.0,70.091505
NYT,2026-09-14 18:20:00+00:00,70.175,70.19,70.06,70.1,9219.0,249.0,70.128735
NYT,2026-09-14 18:25:00+00:00,70.11,70.18,70.1,70.13,12483.0,314.0,70.144623
NYT,2026-09-14 18:30:00+00:00,70.125,70.14,70.03,70.11,17524.0,442.0,70.088091
NYT,2026-09-14 18:35:00+00:00,70.11,70.11,70.02,70.03,11095.0,277.0,70.069179
NYT,2026-09-14 18:40:00+00:00,70.02,70.149,69.97,70.02,18313.0,415.0,70.068811
NYT,2026-09-14 18:45:00+00:00,70.04,70.18,70.03,70.18,17697.0,421.0,70.089237
NYT,2026-09-14 18:50:00+00:00,70.17,70.35,70.14,70.26,45844.0,556.0,70.201581
NYT,2026-09-14 18:55:00+00:00,70.3,70.33,70.23,70.23,19231.0,443.0,70.285217
NYT,2026-09-14 19:00:00+00:00,70.26,70.3,70.025,70.1,16054.0,404.0,70.154685
NYT,2026-09-14 19:05:00+00:00,70.07,70.17,70.05,70.15,17986.0,439.0,70.108893
NYT,2026-09-14 19:10:00+00:00,70.15,70.27,70.14,70.245,16951.0,415.0,70.200325
NYT,2026-09-14 19:15:00+00:00,70.24,70.24,70.085,70.09,14948.0,380.0,70.14777
NYT,2026-09-14 19:20:00+00:00,70.085,70.11,70.0,70.03,35380.0,663.0,70.041099
NYT,2026-09-14 19:25:00+00:00,70.045,70.15,69.94,70.105,96157.0,879.0,69.991771
NYT,2026-09-14 19:30:00+00:00,70.11,70.22,70.08,70.1,25459.0,574.0,70.158824
NYT,2026-09-14 19:35:00+00:00,70.09,70.14,70.05,70.07,25318.0,578.0,70.105782
NYT,2026-09-14 19:40:00+00:00,70.06,70.06,69.885,69.965,32933.0,758.0,69.953412
NYT,2026-09-14 19:45:00+00:00,69.98,70.49,69.97,70.42,89252.0,1275.0,70.27492
NYT,2026-09-14 19:50:00+00:00,70.41,70.49,70.08,70.44,218633.0,1540.0,70.243799
NYT,2026-09-14 19:55:00+00:00,70.455,70.5,70.27,70.35,333866.0,4576.0,70.398343
NYT,2026-09-14 20:00:00+00:00,70.34,70.34,70.34,70.34,401845.0,43.0,70.34
NYT,2026-09-14 20:15:00+00:00,69.9687,69.9687,69.9687,69.9687,1759.0,1.0,69.9687
NYT,2026-09-15 08:30:00+00:00,70.22,70.22,70.15,70.15,461.0,3.0,70.176326
NYT,2026-09-15 08:35:00+00:00,69.81,69.81,69.81,69.81,246.0,8.0,69.81
NYT,2026-09-15 10:00:00+00:00,70.32,70.75,70.32,70.75,2200.0,81.0,70.450073
NYT,2026-09-15 10:05:00+00:00,71.21,71.21,71.2,71.2,581.0,6.0,71.202375
NYT,2026-09-15 10:35:00+00:00,70.91,70.91,70.91,70.91,300.0,2.0,70.91
NYT,2026-09-15 12:20:00+00:00,71.17,71.17,71.17,71.17,347.0,6.0,71.17
NYT,2026-09-15 12:45:00+00:00,71.24,71.25,71.24,71.25,439.0,21.0,71.246667
NYT,2026-09-15 13:15:00+00:00,71.24,71.24,71.24,71.24,147.0,1.0,71.24
NYT,2026-09-15 13:20:00+00:00,71.54,71.54,71.49,71.5,967.0,18.0,71.510511
NYT,2026-09-15 13:30:00+00:00,71.31,71.33,70.76,70.86,58411.0,336.0,71.14004
NYT,2026-09-15 13:35:00+00:00,70.8725,71.32,70.5279,71.23,28476.0,416.0,71.046214
NYT,2026-09-15 13:40:00+00:00,71.26,71.51,71.1797,71.395,13431.0,315.0,71.322661
NYT,2026-09-15 13:45:00+00:00,71.395,71.395,71.04,71.15,44352.0,436.0,71.196309
NYT,2026-09-15 13:50:00+00:00,71.23,71.6,71.23,71.38,11086.0,307.0,71.428823
NYT,2026-09-15 13:55:00+00:00,71.36,71.44,71.17,71.235,60566.0,512.0,71.302442
NYT,2026-09-15 14:00:00+00:00,71.26,71.52,71.01,71.52,21076.0,462.0,71.291385
NYT,2026-09-15 14:05:00+00:00,71.4,71.79,71.4,71.67,26210.0,476.0,71.579089
NYT,2026-09-15 14:10:00+00:00,71.665,71.72,71.49,71.695,34003.0,393.0,71.579078
NYT,2026-09-15 14:15:00+00:00,71.705,71.825,71.63,71.8,24710.0,476.0,71.738629
NYT,2026-09-15 14:20:00+00:00,71.81,71.82,71.61,71.63,14709.0,289.0,71.756076
NYT,2026-09-15 14:25:00+00:00,71.72,71.735,71.52,71.55,11390.0,284.0,71.633719
NYT,2026-09-15 14:30:00+00:00,71.54,71.62,71.495,71.565,14574.0,282.0,71.562275
NYT,2026-09-15 14:35:00+00:00,71.53,71.63,71.53,71.59,9699.0,213.0,71.589648
NYT,2026-09-15 14:40:00+00:00,71.61,71.63,71.54,71.55,8687.0,261.0,71.586206
NYT,2026-09-15 14:45:00+00:00,71.58,71.67,71.58,71.615,9550.0,263.0,71.61675
NYT,2026-09-15 14:50:00+00:00,71.615,71.68,71.57,71.585,12309.0,319.0,71.626741
NYT,2026-09-15 14:55:00+00:00,71.61,71.8,71.59,71.77,14500.0,368.0,71.704392
NYT,2026-09-15 15:00:00+00:00,71.76,71.785,71.71,71.72,13693.0,329.0,71.751067
NYT,2026-09-15 15:05:00+00:00,71.69,71.81,71.69,71.715,11650.0,249.0,71.74196
NYT,2026-09-15 15:10:00+00:00,71.74,71.9,71.74,71.88,17021.0,414.0,71.820446
NYT,2026-09-15 15:15:00+00:00,71.89,71.91,71.84,71.9,8463.0,228.0,71.879927
NYT,2026-09-15 15:20:00+00:00,71.895,71.93,71.875,71.89,9911.0,222.0,71.90218
NYT,2026-09-15 15:25:00+00:00,71.89,71.91,71.84,71.85,17223.0,390.0,71.873437
NYT,2026-09-15 15:30:00+00:00,71.87,71.895,71.81,71.89,9558.0,261.0,71.854289
NYT,2026-09-15 15:35:00+00:00,71.86,71.92,71.82,71.92,15382.0,341.0,71.874173
NYT,2026-09-15 15:40:00+00:00,71.92,72.02,71.8875,71.95,20884.0,482.0,71.984943
NYT,2026-09-15 15:45:00+00:00,71.93,72.06,71.91,72.025,12856.0,323.0,71.973817
NYT,2026-09-15 15:50:00+00:00,72.03,72.17,71.98,72.13,18572.0,455.0,72.065946
NYT,2026-09-15 15:55:00+00:00,72.19,72.39,72.18,72.365,14257.0,361.0,72.299493
NYT,2026-09-15 16:00:00+00:00,72.35,72.46,72.32,72.43,30898.0,433.0,72.401825
NYT,2026-09-15 16:05:00+00:00,72.47,72.48,72.33,72.41,10838.0,313.0,72.405302
NYT,2026-09-15 16:10:00+00:00,72.405,72.5,72.37,72.43,41001.0,500.0,72.402981
NYT,2026-09-15 16:15:00+00:00,72.46,72.53,72.44,72.53,11000.0,322.0,72.470252
NYT,2026-09-15 16:20:00+00:00,72.56,72.57,72.42,72.525,14592.0,351.0,72.471324
NYT,2026-09-15 16:25:00+00:00,72.57,72.62,72.53,72.55,13000.0,335.0,72.563127
NYT,2026-09-15 16:30:00+00:00,72.53,72.53,72.445,72.46,10771.0,299.0,72.506728
NYT,2026-09-15 16:35:00+00:00,72.49,72.5,72.47,72.49,6838.0,209.0,72.487399
NYT,2026-09-15 16:40:00+00:00,72.485,72.485,72.41,72.47,16623.0,321.0,72.461286
NYT,2026-09-15 16:45:00+00:00,72.48,72.53,72.47,72.52,9155.0,268.0,72.494244
NYT,2026-09-15 16:50:00+00:00,72.545,72.64,72.52,72.63,16060.0,416.0,72.566382
NYT,2026-09-15 16:55:00+00:00,72.635,72.755,72.62,72.71,18249.0,491.0,72.703404
NYT,2026-09-15 17:00:00+00:00,72.715,72.83,72.71,72.785,16737.0,491.0,72.766474
NYT,2026-09-15 17:05:00+00:00,72.77,72.9599,72.76,72.945,16776.0,446.0,72.850491
NYT,2026-09-15 17:10:00+00:00,72.945,72.975,72.85,72.867,17108.0,393.0,72.933747
NYT,2026-09-15 17:15:00+00:00,72.865,72.88,72.69,72.69,15650.0,417.0,72.802983
NYT,2026-09-15 17:20:00+00:00,72.695,72.77,72.68,72.68,11822.0,323.0,72.727183
NYT,2026-09-15 17:25:00+00:00,72.69,72.76,72.62,72.655,13871.0,376.0,72.708491
NYT,2026-09-15 17:30:00+00:00,72.68,72.85,72.67,72.85,17241.0,441.0,72.709809
NYT,2026-09-15 17:35:00+00:00,72.83,72.98,72.83,72.97,12303.0,348.0,72.928639
NYT,2026-09-15 17:40:00+00:00,72.97,72.97,72.845,72.94,35460.0,598.0,72.935409
NYT,2026-09-15 17:45:00+00:00,72.94,73.01,72.93,73.005,30854.0,504.0,72.977982
NYT,2026-09-15 17:50:00+00:00,73.005,73.07,73.0,73.065,19646.0,493.0,73.027218
NYT,2026-09-15 17:55:00+00:00,73.07,73.1,73.02,73.02,44721.0,685.0,73.059466
NYT,2026-09-15 18:00:00+00:00,73.04,73.26,73.04,73.14,27803.0,579.0,73.126767
NYT,2026-09-15 18:05:00+00:00,73.13,73.16,72.84,72.845,33135.0,618.0,73.023551
NYT,2026-09-15 18:10:00+00:00,72.86,72.925,72.81,72.81,20864.0,459.0,72.875238
NYT,2026-09-15 18:15:00+00:00,72.83,72.84,72.74,72.745,15141.0,392.0,72.793699
NYT,2026-09-15 18:20:00+00:00,72.745,72.785,72.71,72.74,17733.0,427.0,72.744246
NYT,2026-09-15 18:25:00+00:00,72.73,73.0,72.69,72.96,26962.0,661.0,72.849949
NYT,2026-09-15 18:30:00+00:00,72.97,73.09,72.97,73.085,30497.0,568.0,73.034362
NYT,2026-09-15 18:35:00+00:00,73.05,73.12,73.03,73.035,27064.0,580.0,73.059177
NYT,2026-09-15 18:40:00+00:00,73.035,73.14,73.035,73.13,22821.0,537.0,73.096982
NYT,2026-09-15 18:45:00+00:00,73.14,73.18,73.09,73.13,52898.0,816.0,73.139198
NYT,2026-09-15 18:50:00+00:00,73.13,73.23,73.12,73.155,24206.0,572.0,73.176957
NYT,2026-09-15 18:55:00+00:00,73.17,73.245,73.16,73.18,56771.0,892.0,73.198418
NYT,2026-09-15 19:00:00+00:00,73.17,73.37,73.015,73.255,131832.0,1531.0,73.187914
NYT,2026-09-15 19:05:00+00:00,73.255,73.34,73.17,73.28,39154.0,699.0,73.267854
NYT,2026-09-15 19:10:00+00:00,73.285,73.45,73.27,73.355,89635.0,1213.0,73.368082
NYT,2026-09-15 19:15:00+00:00,73.35,73.36,73.21,73.26,39099.0,738.0,73.307283
NYT,2026-09-15 19:20:00+00:00,73.28,73.37,73.09,73.09,50304.0,929.0,73.26237
NYT,2026-09-15 19:25:00+00:00,73.09,73.115,72.68,72.68,62465.0,1148.0,72.912165
NYT,2026-09-15 19:30:00+00:00,72.65,72.745,72.03,72.19,159984.0,1903.0,72.48656
NYT,2026-09-15 19:35:00+00:00,72.18,72.26,72.06,72.13,45226.0,913.0,72.166229
NYT,2026-09-15 19:40:00+00:00,72.1,72.26,72.06,72.245,51217.0,935.0,72.137713
NYT,2026-09-15 19:45:00+00:00,72.25,72.25,71.95,72.145,73990.0,1277.0,72.112406
NYT,2026-09-15 19:50:00+00:00,72.2,72.26,71.9,71.92,83924.0,1488.0,72.028911
NYT,2026-09-15 19:55:00+00:00,71.94,71.98,71.61,71.71,269726.0,4573.0,71.803733
NYT,2026-09-15 20:00:00+00:00,71.85,71.85,71.71,71.71,528906.0,63.0,71.710263
NYT,2026-09-15 23:45:00+00:00,71.77,71.77,71.77,71.77,400.0,1.0,71.77
NYT,2026-09-16 13:30:00+00:00,71.39,71.63,71.15,71.63,27194.0,289.0,71.440869
NYT,2026-09-16 13:35:00+00:00,71.67,71.93,71.355,71.775,7501.0,229.0,71.746686
NYT,2026-09-16 13:40:00+00:00,71.78,71.79,71.49,71.76,7402.0,186.0,71.687734
NYT,2026-09-16 13:45:00+00:00,71.65,71.74,71.42,71.5,8024.0,215.0,71.588925
NYT,2026-09-16 13:50:00+00:00,71.515,71.78,71.515,71.78,4596.0,201.0,71.653491
NYT,2026-09-16 13:55:00+00:00,71.695,71.83,71.67,71.83,13453.0,208.0,71.720017
NYT,2026-09-16 14:00:00+00:00,71.82,72.09,71.67,72.09,9916.0,360.0,71.833475
NYT,2026-09-16 14:05:00+00:00,72.09,72.63,72.0206,72.57,11632.0,455.0,72.309645
NYT,2026-09-16 14:10:00+00:00,72.58,72.67,72.43,72.67,13347.0,467.0,72.55485
NYT,2026-09-16 14:15:00+00:00,72.68,72.77,72.58,72.76,9732.0,325.0,72.695025
NYT,2026-09-16 14:20:00+00:00,72.765,72.84,72.7,72.82,13900.0,359.0,72.756938
NYT,2026-09-16 14:25:00+00:00,72.7566,72.98,72.7566,72.84,9039.0,354.0,72.856362
NYT,2026-09-16 14:30:00+00:00,72.855,72.855,72.455,72.5,58785.0,529.0,72.735844
NYT,2026-09-16 14:35:00+00:00,72.52,72.61,72.4,72.54,14844.0,391.0,72.469081
NYT,2026-09-16 14:40:00+00:00,72.59,72.78,72.59,72.705,12436.0,400.0,72.67623
NYT,2026-09-16 14:45:00+00:00,72.705,72.9033,72.705,72.8428,21252.0,403.0,72.796304
NYT,2026-09-16 14:50:00+00:00,72.86,72.93,72.785,72.81,12440.0,363.0,72.858236
NYT,2026-09-16 14:55:00+00:00,72.805,73.23,72.805,73.23,20227.0,541.0,73.050311
NYT,2026-09-16 15:00:00+00:00,73.2,73.28,72.95,72.975,34930.0,548.0,73.206914
NYT,2026-09-16 15:05:00+00:00,72.95,73.04,72.92,72.98,15753.0,545.0,72.990139
NYT,2026-09-16 15:10:00+00:00,72.97,73.0,72.84,72.87,9050.0,335.0,72.917567
NYT,2026-09-16 15:15:00+00:00,72.87,72.89,72.8,72.89,10045.0,314.0,72.834982
NYT,2026-09-16 15:20:00+00:00,72.9,72.92,72.81,72.86,12706.0,333.0,72.866505
NYT,2026-09-16 15:25:00+00:00,72.82,72.84,72.77,72.83,7313.0,301.0,72.800464
NYT,2026-09-16 15:30:00+00:00,72.85,73.02,72.72,72.997,35457.0,783.0,72.852053
NYT,2026-09-16 15:35:00+00:00,73.03,73.2,72.95,73.01,50684.0,630.0,73.123686
NYT,2026-09-16 15:40:00+00:00,73.01,73.05,72.97,73.05,7716.0,304.0,73.014792
NYT,2026-09-16 15:45:00+00:00,73.04,73.045,72.99,73.035,10273.0,317.0,73.026396
NYT,2026-09-16 15:50:00+00:00,73.02,73.03,72.92,72.93,9511.0,249.0,72.979551
NYT,2026-09-16 15:55:00+00:00,72.93,72.93,72.815,72.86,11441.0,407.0,72.863205
NYT,2026-09-16 16:00:00+00:00,72.87,72.89,72.68,72.68,8932.0,303.0,72.800589
NYT,2026-09-16 16:05:00+00:00,72.69,72.69,72.55,72.68,18105.0,369.0,72.658453
NYT,2026-09-16 16:10:00+00:00,72.6999,72.74,72.68,72.69,9433.0,336.0,72.712088
NYT,2026-09-16 16:15:00+00:00,72.69,72.695,72.595,72.63,6059.0,233.0,72.65304
NYT,2026-09-16 16:20:00+00:00,72.659,72.7,72.545,72.545,8090.0,293.0,72.649327
NYT,2026-09-16 16:25:00+00:00,72.55,72.55,72.53,72.53,5301.0,173.0,72.540886
NYT,2026-09-16 16:30:00+00:00,72.535,72.535,72.4,72.44,8731.0,239.0,72.452976
NYT,2026-09-16 16:35:00+00:00,72.44,72.56,72.41,72.5,12471.0,355.0,72.496551
NYT,2026-09-16 16:40:00+00:00,72.54,72.56,72.44,72.475,9101.0,228.0,72.493948
NYT,2026-09-16 16:45:00+00:00,72.51,72.52,72.46,72.46,5563.0,185.0,72.496607
NYT,2026-09-16 16:50:00+00:00,72.44,72.535,72.43,72.53,6330.0,192.0,72.501803
NYT,2026-09-16 16:55:00+00:00,72.52,72.585,72.5,72.57,13405.0,458.0,72.550248
NYT,2026-09-16 17:00:00+00:00,72.585,72.6,72.56,72.575,7366.0,202.0,72.575279
NYT,2026-09-16 17:05:00+00:00,72.57,72.5857,72.52,72.56,8303.0,304.0,72.545348
NYT,2026-09-16 17:10:00+00:00,72.575,72.67,72.575,72.66,3838.0,201.0,72.642301
NYT,2026-09-16 17:15:00+00:00,72.64,72.64,72.6,72.6,6692.0,272.0,72.628786
NYT,2026-09-16 17:20:00+00:00,72.62,72.65,72.61,72.62,8512.0,317.0,72.626819
NYT,2026-09-16 17:25:00+00:00,72.6298,72.6613,72.6,72.62,7601.0,234.0,72.627528
NYT,2026-09-16 17:30:00+00:00,72.64,72.76,72.64,72.76,19648.0,562.0,72.707116
NYT,2026-09-16 17:35:00+00:00,72.77,72.82,72.75,72.8,9562.0,323.0,72.782431
NYT,2026-09-16 17:40:00+00:00,72.81,72.84,72.8,72.83,6554.0,292.0,72.819226
NYT,2026-09-16 17:45:00+00:00,72.85,72.91,72.805,72.82,12757.0,340.0,72.861612
NYT,2026-09-16 17:50:00+00:00,72.86,72.865,72.785,72.8084,8815.0,301.0,72.8266
NYT,2026-09-16 17:55:00+00:00,72.8,72.81,72.759,72.76,9853.0,293.0,72.774271
NYT,2026-09-16 18:00:00+00:00,72.75,72.8125,72.7,72.81,16108.0,458.0,72.744447
NYT,2026-09-16 18:05:00+00:00,72.78,73.095,72.78,73.085,13281.0,414.0,72.917679
NYT,2026-09-16 18:10:00+00:00,73.13,73.26,73.005,73.17,62370.0,967.0,73.107552
NYT,2026-09-16 18:15:00+00:00,73.13,73.26,73.13,73.245,14113.0,365.0,73.218611
NYT,2026-09-16 18:20:00+00:00,73.26,73.33,73.215,73.215,33516.0,579.0,73.260452
NYT,2026-09-16 18:25:00+00:00,73.22,73.36,73.22,73.36,9397.0,367.0,73.265812
NYT,2026-09-16 18:30:00+00:00,73.355,73.37,73.235,73.235,16614.0,491.0,73.29045
NYT,2026-09-16 18:35:00+00:00,73.23,73.23,73.11,73.19,17623.0,490.0,73.18056
NYT,2026-09-16 18:40:00+00:00,73.17,73.28,73.17,73.23,15294.0,447.0,73.234696
NYT,2026-09-16 18:45:00+00:00,73.19,73.29,73.14,73.145,22480.0,646.0,73.220808
NYT,2026-09-16 18:50:00+00:00,73.14,73.15,72.98,73.02,20228.0,532.0,73.102344
NYT,2026-09-16 18:55:00+00:00,73.01,73.19,72.93,73.18,21800.0,594.0,73.029879
NYT,2026-09-16 19:00:00+00:00,73.18,73.23,73.09,73.23,19033.0,550.0,73.136269
NYT,2026-09-16 19:05:00+00:00,73.25,73.37,73.0,73.0,22045.0,579.0,73.250994
NYT,2026-09-16 19:10:00+00:00,73.0,73.03,72.92,72.96,20643.0,578.0,72.989296
NYT,2026-09-16 19:15:00+00:00,72.94,72.96,72.72,72.78,20723.0,513.0,72.844683
NYT,2026-09-16 19:20:00+00:00,72.76,72.78,72.67,72.77,20635.0,623.0,72.71845
NYT,2026-09-16 19:25:00+00:00,72.75,72.79,72.68,72.77,36284.0,893.0,72.73328
NYT,2026-09-16 19:30:00+00:00,72.75,72.885,72.53,72.635,33458.0,838.0,72.735959
NYT,2026-09-16 19:35:00+00:00,72.635,72.67,72.37,72.45,52468.0,1002.0,72.55058
NYT,2026-09-16 19:40:00+00:00,72.455,72.52,72.42,72.47,51221.0,1015.0,72.479261
NYT,2026-09-16 19:45:00+00:00,72.47,72.7,72.46,72.68,52093.0,1241.0,72.589766
NYT,2026-09-16 19:50:00+00:00,72.71,72.78,72.6,72.67,86818.0,2139.0,72.688362
NYT,2026-09-16 19:55:00+00:00,72.65,72.65,72.25,72.42,319419.0,4921.0,72.400999
NYT,2026-09-16 20:00:00+00:00,72.42,72.42,72.41,72.41,668400.0,74.0,72.410007
NYT,2026-09-16 21:10:00+00:00,72.77,72.77,72.77,72.77,299.0,1.0,72.77
NYT,2026-09-17 08:00:00+00:00,72.5,72.5,72.5,72.5,140.0,2.0,72.5
NYT,2026-09-17 11:50:00+00:00,72.0,72.0,72.0,72.0,118.0,2.0,72.0
NYT,2026-09-17 13:15:00+00:00,72.35,72.37,72.33,72.37,724.0,18.0,72.34318
NYT,2026-09-17 13:25:00+00:00,72.0,72.68,72.0,72.68,1301.0,7.0,72.495434
NYT,2026-09-17 13:30:00+00:00,72.42,72.42,71.62,71.885,17202.0,233.0,72.255795
NYT,2026-09-17 13:35:00+00:00,71.63,71.99,71.46,71.795,14028.0,290.0,71.67561
NYT,2026-09-17 13:40:00+00:00,71.7491,71.8,71.245,71.45,11477.0,265.0,71.525763
NYT,2026-09-17 13:45:00+00:00,71.59,71.59,71.26,71.405,13360.0,287.0,71.43774
NYT,2026-09-17 13:50:00+00:00,71.405,71.48,71.225,71.445,12135.0,256.0,71.357298
NYT,2026-09-17 13:55:00+00:00,71.455,71.56,71.36,71.495,17691.0,435.0,71.42584
NYT,2026-09-17 14:00:00+00:00,71.5,71.78,71.5,71.7,14359.0,430.0,71.648481
NYT,2026-09-17 14:05:00+00:00,71.63,71.63,71.23,71.27,10585.0,430.0,71.431786
NYT,2026-09-17 14:10:00+00:00,71.31,71.76,71.15,71.41,83823.0,942.0,71.587384
NYT,2026-09-17 14:15:00+00:00,71.485,71.49,71.25,71.3275,27555.0,552.0,71.381353
NYT,2026-09-17 14:20:00+00:00,71.355,71.43,71.28,71.32,16217.0,440.0,71.355356
NYT,2026-09-17 14:25:00+00:00,71.33,71.41,71.25,71.25,8806.0,299.0,71.325075
NYT,2026-09-17 14:30:00+00:00,71.25,71.34,71.22,71.22,13545.0,423.0,71.275973
NYT,2026-09-17 14:35:00+00:00,71.245,71.39,71.18,71.19,19671.0,482.0,71.284089
NYT,2026-09-17 14:40:00+00:00,71.15,71.15,70.97,71.08,14058.0,419.0,71.051502
NYT,2026-09-17 14:45:00+00:00,71.03,71.03,70.82,70.97,10452.0,431.0,70.955699
NYT,2026-09-17 14:50:00+00:00,70.93,71.08,70.93,71.02,38284.0,563.0,71.025822
NYT,2026-09-17 14:55:00+00:00,71.05,71.0501,70.79,70.83,21746.0,580.0,70.903557
NYT,2026-09-17 15:00:00+00:00,70.8,70.845,70.69,70.765,27097.0,592.0,70.762242
NYT,2026-09-17 15:05:00+00:00,70.73,70.74,70.62,70.62,21198.0,536.0,70.686904
NYT,2026-09-17 15:10:00+00:00,70.645,70.67,70.54,70.605,24776.0,615.0,70.615298
NYT,2026-09-17 15:15:00+00:00,70.61,70.78,70.54,70.68,31557.0,588.0,70.643596
NYT,2026-09-17 15:20:00+00:00,70.685,70.725,70.59,70.6,17600.0,447.0,70.643055
NYT,2026-09-17 15:25:00+00:00,70.6,70.65,70.415,70.425,36434.0,680.0,70.553673
NYT,2026-09-17 15:30:00+00:00,70.45,70.59,70.325,70.5,34600.0,759.0,70.441735
NYT,2026-09-17 15:35:00+00:00,70.475,70.585,70.475,70.55,15571.0,405.0,70.517966
NYT,2026-09-17 15:40:00+00:00,70.55,70.57,70.47,70.5,13993.0,463.0,70.526578
NYT,2026-09-17 15:45:00+00:00,70.495,70.53,70.46,70.505,28361.0,475.0,70.487519
NYT,2026-09-17 15:50:00+00:00,70.5,70.64,70.48,70.615,24349.0,580.0,70.541899
NYT,2026-09-17 15:55:00+00:00,70.62,70.7,70.53,70.635,17912.0,455.0,70.585564
NYT,2026-09-17 16:00:00+00:00,70.635,70.71,70.61,70.71,14350.0,424.0,70.668932
NYT,2026-09-17 16:05:00+00:00,70.695,70.715,70.63,70.64,9371.0,390.0,70.678324
NYT,2026-09-17 16:10:00+00:00,70.635,70.66,70.53,70.56,11398.0,350.0,70.585836
NYT,2026-09-17 16:15:00+00:00,70.52,70.58,70.5,70.53,10064.0,335.0,70.539093
NYT,2026-09-17 16:20:00+00:00,70.52,70.53,70.41,70.47,21838.0,361.0,70.490595
NYT,2026-09-17 16:25:00+00:00,70.48,70.5699,70.31,70.325,14578.0,429.0,70.460568
NYT,2026-09-17 16:30:00+00:00,70.325,70.48,70.325,70.48,9043.0,323.0,70.411775
NYT,2026-09-17 16:35:00+00:00,70.495,70.63,70.45,70.625,12949.0,316.0,70.537206
NYT,2026-09-17 16:40:00+00:00,70.62,70.75,70.59,70.75,11024.0,360.0,70.643009
NYT,2026-09-17 16:45:00+00:00,70.77,70.78,70.71,70.72,8002.0,312.0,70.7344
NYT,2026-09-17 16:50:00+00:00,70.705,70.73,70.535,70.535,10057.0,305.0,70.665251
NYT,2026-09-17 16:55:00+00:00,70.53,70.54,70.24,70.37,29874.0,713.0,70.372131
NYT,2026-09-17 17:00:00+00:00,70.36,70.46,70.3,70.31,11308.0,329.0,70.376147
NYT,2026-09-17 17:05:00+00:00,70.33,70.385,70.31,70.37,8343.0,310.0,70.348468
NYT,2026-09-17 17:10:00+00:00,70.385,70.46,70.355,70.455,7956.0,317.0,70.400675
NYT,2026-09-17 17:15:00+00:00,70.4475,70.47,70.28,70.295,24727.0,498.0,70.384142
NYT,2026-09-17 17:20:00+00:00,70.3,70.36,70.27,70.345,18033.0,446.0,70.311719
NYT,2026-09-17 17:25:00+00:00,70.345,70.45,70.345,70.445,12330.0,328.0,70.413551
NYT,2026-09-17 17:30:00+00:00,70.46,70.505,70.42,70.45,11536.0,374.0,70.468906
NYT,2026-09-17 17:35:00+00:00,70.48,70.495,70.36,70.44,28394.0,496.0,70.41597
NYT,2026-09-17 17:40:00+00:00,70.43,70.44,70.28,70.305,11246.0,380.0,70.363008
NYT,2026-09-17 17:45:00+00:00,70.27,70.385,70.23,70.37,56765.0,866.0,70.26892
NYT,2026-09-17 17:50:00+00:00,70.34,70.43,70.2,70.2,48372.0,715.0,70.313195
NYT,2026-09-17 17:55:00+00:00,70.185,70.28,69.995,70.065,190702.0,724.0,70.2385
NYT,2026-09-17 18:00:00+00:00,70.075,70.265,70.075,70.155,53289.0,600.0,70.17223
NYT,2026-09-17 18:05:00+00:00,70.155,70.52,70.03,70.4,90920.0,1057.0,70.297715
NYT,2026-09-17 18:10:00+00:00,70.365,70.465,70.29,70.44,91050.0,1226.0,70.349303
NYT,2026-09-17 18:15:00+00:00,70.45,70.54,70.1,70.235,136342.0,781.0,70.383551
NYT,2026-09-17 18:20:00+00:00,70.25,70.32,70.2,70.255,25938.0,479.0,70.274494
NYT,2026-09-17 18:25:00+00:00,70.25,70.34,70.12,70.34,39025.0,735.0,70.215759
NYT,2026-09-17 18:30:00+00:00,70.3,70.33,70.19,70.235,16037.0,450.0,70.247504
NYT,2026-09-17 18:35:00+00:00,70.235,70.27,70.15,70.17,19395.0,487.0,70.215463
NYT,2026-09-17 18:40:00+00:00,70.17,70.25,70.11,70.24,109078.0,927.0,70.173799
NYT,2026-09-17 18:45:00+00:00,70.245,70.245,70.085,70.1601,35109.0,765.0,70.130192
NYT,2026-09-17 18:50:00+00:00,70.18,70.18,70.06,70.1,48149.0,782.0,70.111558
NYT,2026-09-17 18:55:00+00:00,70.1,70.16,70.07,70.16,20214.0,505.0,70.121499
NYT,2026-09-17 19:00:00+00:00,70.155,70.465,70.13,70.46,66873.0,904.0,70.26662
NYT,2026-09-17 19:05:00+00:00,70.455,70.51,70.395,70.43,27629.0,653.0,70.442297
NYT,2026-09-17 19:10:00+00:00,70.42,70.43,70.28,70.28,28159.0,663.0,70.33748
NYT,2026-09-17 19:15:00+00:00,70.27,70.355,70.21,70.225,40027.0,807.0,70.274044
NYT,2026-09-17 19:20:00+00:00,70.22,70.26,70.155,70.23,35898.0,708.0,70.216094
NYT,2026-09-17 19:25:00+00:00,70.23,70.285,70.195,70.255,38588.0,750.0,70.251487
NYT,2026-09-17 19:30:00+00:00,70.25,70.26,70.09,70.09,41490.0,860.0,70.186295
NYT,2026-09-17 19:35:00+00:00,70.11,70.145,70.0,70.0,36428.0,779.0,70.077496
NYT,2026-09-17 19:40:00+00:00,70.005,70.02,69.89,70.015,71061.0,1294.0,69.948727
NYT,2026-09-17 19:45:00+00:00,70.015,70.015,69.89,69.93,62026.0,1211.0,69.954329
NYT,2026-09-17 19:50:00+00:00,69.925,69.93,69.665,69.76,135107.0,1965.0,69.830727
NYT,2026-09-17 19:55:00+00:00,69.755,69.99,69.71,69.94,286440.0,4104.0,69.872462
NYT,2026-09-17 20:00:00+00:00,69.94,69.94,69.94,69.94,447254.0,43.0,69.94
NYT,2026-09-17 20:30:00+00:00,69.95,69.95,69.95,69.95,179.0,1.0,69.95
NYT,2026-09-18 11:00:00+00:00,69.96,69.96,69.96,69.96,213.0,7.0,69.96
NYT,2026-09-18 13:30:00+00:00,69.75,70.17,69.29,69.37,150627.0,300.0,70.016759
NYT,2026-09-18 13:35:00+00:00,69.515,69.56,69.32,69.53,16055.0,347.0,69.465049
NYT,2026-09-18 13:40:00+00:00,69.53,69.61,69.3801,69.39,34964.0,488.0,69.465339
NYT,2026-09-18 13:45:00+00:00,69.39,69.59,69.24,69.53,38040.0,670.0,69.427622
NYT,2026-09-18 13:50:00+00:00,69.5,69.62,69.445,69.5425,12707.0,348.0,69.528227
NYT,2026-09-18 13:55:00+00:00,69.545,69.615,69.49,69.49,11439.0,394.0,69.566707
NYT,2026-09-18 14:00:00+00:00,69.48,69.73,69.47,69.565,44757.0,622.0,69.579892
NYT,2026-09-18 14:05:00+00:00,69.565,69.755,69.5,69.755,28510.0,606.0,69.678438
NYT,2026-09-18 14:10:00+00:00,69.8,69.88,69.74,69.85,45746.0,576.0,69.832968
NYT,2026-09-18 14:15:00+00:00,69.8,69.8,69.63,69.695,14969.0,361.0,69.708221
NYT,2026-09-18 14:20:00+00:00,69.695,69.76,69.63,69.73,15588.0,422.0,69.697353
NYT,2026-09-18 14:25:00+00:00,69.73,69.73,69.53,69.62,20491.0,481.0,69.635508
NYT,2026-09-18 14:30:00+00:00,69.57,69.61,69.49,69.52,14487.0,396.0,69.564971
NYT,2026-09-18 14:35:00+00:00,69.52,69.7,69.48,69.58,25498.0,604.0,69.600909
NYT,2026-09-18 14:40:00+00:00,69.625,69.67,69.515,69.57,12093.0,328.0,69.581492
NYT,2026-09-18 14:45:00+00:00,69.55,69.89,69.55,69.885,36564.0,547.0,69.752594
NYT,2026-09-18 14:50:00+00:00,69.9,70.0,69.88,69.95,25048.0,500.0,69.935871
NYT,2026-09-18 14:55:00+00:00,69.98,70.04,69.87,69.98,30573.0,638.0,69.952411
NYT,2026-09-18 15:00:00+00:00,69.97,70.04,69.96,70.01,19447.0,457.0,69.991329
NYT,2026-09-18 15:05:00+00:00,69.99,70.01,69.83,69.83,15940.0,462.0,69.933923
NYT,2026-09-18 15:10:00+00:00,69.81,69.84,69.7,69.8,14166.0,420.0,69.783768
NYT,2026-09-18 15:15:00+00:00,69.8,69.83,69.75,69.8,14738.0,347.0,69.793496
NYT,2026-09-18 15:20:00+00:00,69.81,69.87,69.8,69.84,12458.0,351.0,69.827493
NYT,2026-09-18 15:25:00+00:00,69.85,69.875,69.83,69.865,12117.0,381.0,69.858164
NYT,2026-09-18 15:30:00+00:00,69.87,69.9,69.815,69.85,14401.0,427.0,69.87287
NYT,2026-09-18 15:35:00+00:00,69.84,69.945,69.82,69.88,13420.0,335.0,69.892586
NYT,2026-09-18 15:40:00+00:00,69.86,69.89,69.81,69.82,11850.0,337.0,69.84862
NYT,2026-09-18 15:45:00+00:00,69.84,70.04,69.79,70.01,21771.0,544.0,69.904791
NYT,2026-09-18 15:50:00+00:00,70.0,70.12,69.98,70.11,12685.0,335.0,70.052995
NYT,2026-09-18 15:55:00+00:00,70.09,70.14,70.06,70.115,13542.0,311.0,70.098382
NYT,2026-09-18 16:00:00+00:00,70.125,70.125,69.955,70.02,27449.0,483.0,70.016493
NYT,2026-09-18 16:05:00+00:00,69.99,70.16,69.99,70.1,11981.0,309.0,70.056779
NYT,2026-09-18 16:10:00+00:00,70.1,70.11,70.05,70.11,10874.0,286.0,70.085641
NYT,2026-09-18 16:15:00+00:00,70.06,70.13,70.06,70.11,17064.0,410.0,70.097457
NYT,2026-09-18 16:20:00+00:00,70.1,70.135,69.97,69.99,24509.0,519.0,70.062336
NYT,2026-09-18 16:25:00+00:00,69.95,70.15,69.95,70.15,24153.0,516.0,70.072444
NYT,2026-09-18 16:30:00+00:00,70.15,70.46,70.15,70.28,63864.0,1026.0,70.376875
NYT,2026-09-18 16:35:00+00:00,70.28,70.33,70.23,70.23,15063.0,393.0,70.260132
NYT,2026-09-18 16:40:00+00:00,70.24,70.34,70.235,70.32,10313.0,320.0,70.285525
NYT,2026-09-18 16:45:00+00:00,70.3,70.58,70.3,70.42,67747.0,945.0,70.461051
NYT,2026-09-18 16:50:00+00:00,70.415,70.44,70.3475,70.4,13249.0,321.0,70.391625
NYT,2026-09-18 16:55:00+00:00,70.42,70.44,70.4,70.425,11934.0,315.0,70.421418
NYT,2026-09-18 17:00:00+00:00,70.42,70.45,70.3907,70.41,15710.0,379.0,70.421363
NYT,2026-09-18 17:05:00+00:00,70.4,70.46,70.37,70.37,17362.0,366.0,70.415672
NYT,2026-09-18 17:10:00+00:00,70.37,70.38,70.3475,70.36,11931.0,321.0,70.359393
NYT,2026-09-18 17:15:00+00:00,70.35,70.45,70.31,70.445,19967.0,459.0,70.373987
NYT,2026-09-18 17:20:00+00:00,70.46,70.46,70.345,70.345,12340.0,303.0,70.368668
NYT,2026-09-18 17:25:00+00:00,70.345,70.35,70.3,70.3,13908.0,383.0,70.329719
NYT,2026-09-18 17:30:00+00:00,70.28,70.29,70.22,70.24,12256.0,303.0,70.258305
NYT,2026-09-18 17:35:00+00:00,70.24,70.32,70.24,70.29,11190.0,310.0,70.282377
NYT,2026-09-18 17:40:00+00:00,70.28,70.28,70.17,70.225,14513.0,425.0,70.22764
NYT,2026-09-18 17:45:00+00:00,70.21,70.24,70.18,70.18,13402.0,360.0,70.2073
NYT,2026-09-18 17:50:00+00:00,70.17,70.2,70.15,70.155,11146.0,288.0,70.174716
NYT,2026-09-18 17:55:00+00:00,70.155,70.17,70.11,70.11,13025.0,366.0,70.143566
NYT,2026-09-18 18:00:00+00:00,70.1,70.12,70.03,70.09,23670.0,436.0,70.076921
NYT,2026-09-18 18:05:00+00:00,70.1,70.225,70.095,70.11,16557.0,435.0,70.14296
NYT,2026-09-18 18:10:00+00:00,70.13,70.175,70.12,70.175,10043.0,301.0,70.136402
NYT,2026-09-18 18:15:00+00:00,70.165,70.17,70.12,70.12,10040.0,308.0,70.152896
NYT,2026-09-18 18:20:00+00:00,70.14,70.14,70.08,70.09,11332.0,316.0,70.107403
NYT,2026-09-18 18:25:00+00:00,70.08,70.09,70.06,70.085,17337.0,467.0,70.075098
NYT,2026-09-18 18:30:00+00:00,70.1,70.13,70.065,70.065,17816.0,429.0,70.097184
NYT,2026-09-18 18:35:00+00:00,70.065,70.16,70.065,70.15,22014.0,430.0,70.128024
NYT,2026-09-18 18:40:00+00:00,70.15,70.19,70.13,70.19,15708.0,399.0,70.155525
NYT,2026-09-18 18:45:00+00:00,70.19,70.395,70.185,70.3925,14318.0,469.0,70.288542
NYT,2026-09-18 18:50:00+00:00,70.395,70.395,70.295,70.37,16624.0,445.0,70.328428
NYT,2026-09-18 18:55:00+00:00,70.36,70.36,70.125,70.13,30457.0,613.0,70.276476
NYT,2026-09-18 19:00:00+00:00,70.16,70.445,70.16,70.445,33244.0,668.0,70.289195
NYT,2026-09-18 19:05:00+00:00,70.445,70.5,70.34,70.365,33394.0,731.0,70.424735
NYT,2026-09-18 19:10:00+00:00,70.365,70.5,70.36,70.465,25198.0,575.0,70.424074
NYT,2026-09-18 19:15:00+00:00,70.465,70.465,70.32,70.35,20302.0,481.0,70.385253
NYT,2026-09-18 19:20:00+00:00,70.345,70.54,70.305,70.525,40429.0,733.0,70.408711
NYT,2026-09-18 19:25:00+00:00,70.525,70.54,70.4,70.4,61007.0,1037.0,70.503788
NYT,2026-09-18 19:30:00+00:00,70.415,70.45,70.37,70.37,55331.0,931.0,70.40643
NYT,2026-09-18 19:35:00+00:00,70.385,70.57,70.38,70.57,59378.0,1100.0,70.458882
NYT,2026-09-18 19:40:00+00:00,70.56,70.63,70.55,70.56,47898.0,850.0,70.584954
NYT,2026-09-18 19:45:00+00:00,70.57,70.57,70.25,70.29,97654.0,1849.0,70.409804
NYT,2026-09-18 19:50:00+00:00,70.27,70.295,70.01,70.24,84161.0,1550.0,70.229479
NYT,2026-09-18 19:55:00+00:00,70.25,70.265,69.99,70.21,268218.0,4199.0,70.080659
NYT,2026-09-18 20:00:00+00:00,70.21,70.21,70.21,70.21,4152012.0,24.0,70.21
NYT,2026-09-18 20:10:00+00:00,70.21,70.21,70.21,70.21,22314.0,1.0,70.21
NYT,2026-09-18 20:25:00+00:00,70.215,70.215,70.2125,70.2125,61264.0,2.0,70.213402
