symbol,timestamp,open,high,low,close,volume,trade_count,vwap
SLB,2026-08-14 08:00:00+00:00,52.2,52.2,52.2,52.2,154.0,6.0,52.2
SLB,2026-08-14 10:05:00+00:00,51.9604,51.9604,51.9604,51.9604,400.0,1.0,51.9604
SLB,2026-08-14 12:00:00+00:00,52.23,52.23,52.23,52.23,302.0,4.0,52.23
SLB,2026-08-14 13:25:00+00:00,52.25,52.25,52.25,52.25,284.0,6.0,52.25
SLB,2026-08-14 13:30:00+00:00,52.27,52.665,52.195,52.58,143471.0,850.0,52.352867
SLB,2026-08-14 13:35:00+00:00,52.62,52.96,52.56,52.91,115553.0,1454.0,52.785216
SLB,2026-08-14 13:40:00+00:00,52.94,53.12,52.825,53.12,134066.0,1252.0,53.004657
SLB,2026-08-14 13:45:00+00:00,53.12,53.43,53.1,53.335,167194.0,1711.0,53.322811
SLB,2026-08-14 13:50:00+00:00,53.32,53.4,53.2637,53.345,122870.0,1529.0,53.342709
SLB,2026-08-14 13:55:00+00:00,53.36,53.45,53.26,53.28,112125.0,1386.0,53.349963
SLB,2026-08-14 14:00:00+00:00,53.29,53.58,53.23,53.57,84467.0,1492.0,53.431492
SLB,2026-08-14 14:05:00+00:00,53.58,53.605,53.46,53.52,88712.0,1446.0,53.538739
SLB,2026-08-14 14:10:00+00:00,53.51,53.57,53.5,53.56,84152.0,1054.0,53.525543
SLB,2026-08-14 14:15:00+00:00,53.55,53.585,53.505,53.54,72861.0,1012.0,53.537608
SLB,2026-08-14 14:20:00+00:00,53.545,53.56,53.48,53.54,54841.0,929.0,53.525969
SLB,2026-08-14 14:25:00+00:00,53.55,53.67,53.55,53.66,66045.0,1287.0,53.621345
SLB,2026-08-14 14:30:00+00:00,53.665,53.72,53.58,53.66,70375.0,1315.0,53.654096
SLB,2026-08-14 14:35:00+00:00,53.65,53.79,53.615,53.73,296755.0,1312.0,53.741563
SLB,2026-08-14 14:40:00+00:00,53.73,53.75,53.595,53.6,47065.0,850.0,53.668769
SLB,2026-08-14 14:45:00+00:00,53.595,53.595,53.52,53.55,57820.0,766.0,53.558996
SLB,2026-08-14 14:50:00+00:00,53.56,53.6,53.51,53.51,30096.0,667.0,53.563071
SLB,2026-08-14 14:55:00+00:00,53.52,53.59,53.47,53.49,37259.0,748.0,53.532884
SLB,2026-08-14 15:00:00+00:00,53.48,53.48,53.43,53.455,45586.0,718.0,53.454718
SLB,2026-08-14 15:05:00+00:00,53.4518,53.48,53.4,53.455,42053.0,730.0,53.445263
SLB,2026-08-14 15:10:00+00:00,53.45,53.495,53.44,53.45,33443.0,522.0,53.468877
SLB,2026-08-14 15:15:00+00:00,53.45,53.525,53.385,53.515,84258.0,932.0,53.45197
SLB,2026-08-14 15:20:00+00:00,53.52,53.56,53.425,53.55,71022.0,813.0,53.487826
SLB,2026-08-14 15:25:00+00:00,53.5503,53.695,53.51,53.685,49553.0,774.0,53.613379
SLB,2026-08-14 15:30:00+00:00,53.7,53.83,53.695,53.795,231438.0,1798.0,53.766212
SLB,2026-08-14 15:35:00+00:00,53.7999,53.815,53.76,53.79,47302.0,754.0,53.786484
SLB,2026-08-14 15:40:00+00:00,53.78,53.789,53.73,53.7475,44237.0,781.0,53.760864
SLB,2026-08-14 15:45:00+00:00,53.7426,53.87,53.72,53.79,90177.0,1099.0,53.810098
SLB,2026-08-14 15:50:00+00:00,53.795,53.83,53.75,53.765,79340.0,903.0,53.796688
SLB,2026-08-14 15:55:00+00:00,53.765,53.8198,53.76,53.78,40533.0,755.0,53.782148
SLB,2026-08-14 16:00:00+00:00,53.77,53.829,53.77,53.785,45723.0,786.0,53.799072
SLB,2026-08-14 16:05:00+00:00,53.8,53.8,53.7203,53.76,40408.0,697.0,53.749287
SLB,2026-08-14 16:10:00+00:00,53.76,53.8,53.6805,53.8,45682.0,757.0,53.743541
SLB,2026-08-14 16:15:00+00:00,53.8,53.81,53.76,53.76,28118.0,593.0,53.787074
SLB,2026-08-14 16:20:00+00:00,53.755,53.8,53.735,53.75,39094.0,683.0,53.758228
SLB,2026-08-14 16:25:00+00:00,53.745,53.775,53.72,53.739,41774.0,542.0,53.744501
SLB,2026-08-14 16:30:00+00:00,53.74,53.775,53.735,53.745,35747.0,648.0,53.754553
SLB,2026-08-14 16:35:00+00:00,53.745,53.79,53.73,53.785,35589.0,524.0,53.755264
SLB,2026-08-14 16:40:00+00:00,53.785,53.83,53.78,53.82,30808.0,673.0,53.805172
SLB,2026-08-14 16:45:00+00:00,53.83,53.835,53.755,53.8,57627.0,908.0,53.794549
SLB,2026-08-14 16:50:00+00:00,53.81,53.85,53.81,53.85,28776.0,508.0,53.835699
SLB,2026-08-14 16:55:00+00:00,53.855,53.875,53.84,53.855,35824.0,619.0,53.857029
SLB,2026-08-14 17:00:00+00:00,53.855,53.855,53.771,53.815,27417.0,636.0,53.807295
SLB,2026-08-14 17:05:00+00:00,53.82,53.86,53.785,53.86,40503.0,645.0,53.810141
SLB,2026-08-14 17:10:00+00:00,53.86,53.86,53.785,53.785,45867.0,709.0,53.836204
SLB,2026-08-14 17:15:00+00:00,53.79,53.8,53.771,53.775,37407.0,543.0,53.786208
SLB,2026-08-14 17:20:00+00:00,53.775,53.819,53.76,53.765,45684.0,625.0,53.782767
SLB,2026-08-14 17:25:00+00:00,53.77,53.79,53.695,53.78,27952.0,621.0,53.734808
SLB,2026-08-14 17:30:00+00:00,53.775,53.8,53.72,53.72,30004.0,694.0,53.762199
SLB,2026-08-14 17:35:00+00:00,53.725,53.85,53.69,53.85,167313.0,815.0,53.734774
SLB,2026-08-14 17:40:00+00:00,53.84,53.8451,53.735,53.79,196398.0,869.0,53.780235
SLB,2026-08-14 17:45:00+00:00,53.785,53.79,53.73,53.74,168734.0,619.0,53.748309
SLB,2026-08-14 17:50:00+00:00,53.74,53.815,53.7,53.815,143324.0,746.0,53.751887
SLB,2026-08-14 17:55:00+00:00,53.81,53.825,53.56,53.575,80712.0,751.0,53.744849
SLB,2026-08-14 18:00:00+00:00,53.57,53.675,53.561,53.59,51980.0,809.0,53.62994
SLB,2026-08-14 18:05:00+00:00,53.59,53.6075,53.535,53.575,33700.0,634.0,53.564335
SLB,2026-08-14 18:10:00+00:00,53.58,53.75,53.56,53.725,48340.0,834.0,53.648787
SLB,2026-08-14 18:15:00+00:00,53.735,53.76,53.6997,53.6997,32788.0,520.0,53.73839
SLB,2026-08-14 18:20:00+00:00,53.695,53.755,53.695,53.725,52673.0,700.0,53.720483
SLB,2026-08-14 18:25:00+00:00,53.725,53.765,53.695,53.755,67667.0,675.0,53.711198
SLB,2026-08-14 18:30:00+00:00,53.755,53.81,53.731,53.795,63802.0,741.0,53.782806
SLB,2026-08-14 18:35:00+00:00,53.79,53.84,53.78,53.835,110613.0,1005.0,53.793939
SLB,2026-08-14 18:40:00+00:00,53.83,53.895,53.825,53.89,32469.0,652.0,53.86228
SLB,2026-08-14 18:45:00+00:00,53.89,53.97,53.89,53.965,55215.0,758.0,53.924798
SLB,2026-08-14 18:50:00+00:00,53.97,53.98,53.935,53.98,47278.0,685.0,53.966737
SLB,2026-08-14 18:55:00+00:00,53.975,53.985,53.935,53.935,40655.0,758.0,53.96556
SLB,2026-08-14 19:00:00+00:00,53.935,53.951,53.89,53.895,47905.0,697.0,53.93243
SLB,2026-08-14 19:05:00+00:00,53.9,53.94,53.895,53.925,38242.0,640.0,53.920108
SLB,2026-08-14 19:10:00+00:00,53.93,53.93,53.885,53.915,47728.0,847.0,53.905156
SLB,2026-08-14 19:15:00+00:00,53.915,53.935,53.9,53.92,39948.0,808.0,53.916293
SLB,2026-08-14 19:20:00+00:00,53.915,53.915,53.8303,53.845,58140.0,1003.0,53.874149
SLB,2026-08-14 19:25:00+00:00,53.84,53.855,53.741,53.75,79111.0,1150.0,53.801686
SLB,2026-08-14 19:30:00+00:00,53.74,53.74,53.62,53.675,93908.0,1352.0,53.67695
SLB,2026-08-14 19:35:00+00:00,53.69,53.78,53.67,53.765,155667.0,1634.0,53.732896
SLB,2026-08-14 19:40:00+00:00,53.765,53.85,53.755,53.85,105211.0,1434.0,53.802059
SLB,2026-08-14 19:45:00+00:00,53.85,53.9199,53.84,53.865,139278.0,1833.0,53.882792
SLB,2026-08-14 19:50:00+00:00,53.86,53.908,53.77,53.825,597560.0,5587.0,53.837254
SLB,2026-08-14 19:55:00+00:00,53.825,53.92,53.745,53.75,1135069.0,9136.0,53.826453
SLB,2026-08-14 20:00:00+00:00,53.77,53.8,53.77,53.8,2406393.0,71.0,53.770002
SLB,2026-08-14 20:40:00+00:00,53.8091,53.8091,53.8091,53.8091,101.0,2.0,53.8091
SLB,2026-08-14 23:50:00+00:00,53.77,53.77,53.77,53.77,321.0,8.0,53.77
SLB,2026-08-17 08:00:00+00:00,53.78,53.78,53.78,53.78,244.0,10.0,53.78
SLB,2026-08-17 09:10:00+00:00,54.0,54.0,54.0,54.0,100.0,1.0,54.0
SLB,2026-08-17 11:00:00+00:00,53.62,53.62,53.368,53.368,1122.0,8.0,53.508
SLB,2026-08-17 13:00:00+00:00,53.8628,53.8628,53.8628,53.8628,160.0,1.0,53.8628
SLB,2026-08-17 13:25:00+00:00,53.91,53.91,53.8,53.8,612.0,13.0,53.853012
SLB,2026-08-17 13:30:00+00:00,53.98,54.0,53.3,53.3263,221017.0,1902.0,53.847631
SLB,2026-08-17 13:35:00+00:00,53.315,53.5299,53.315,53.45,70339.0,1302.0,53.43123
SLB,2026-08-17 13:40:00+00:00,53.4499,53.6,53.38,53.585,45817.0,1053.0,53.466888
SLB,2026-08-17 13:45:00+00:00,53.57,53.57,53.38,53.3842,66622.0,1501.0,53.48984
SLB,2026-08-17 13:50:00+00:00,53.38,53.49,53.28,53.295,53509.0,1411.0,53.385394
SLB,2026-08-17 13:55:00+00:00,53.29,53.41,53.22,53.35,64610.0,1075.0,53.287434
SLB,2026-08-17 14:00:00+00:00,53.35,53.65,53.335,53.65,71507.0,1231.0,53.481209
SLB,2026-08-17 14:05:00+00:00,53.63,53.68,53.54,53.54,65021.0,1145.0,53.626092
SLB,2026-08-17 14:10:00+00:00,53.55,53.55,53.42,53.46,81314.0,971.0,53.482562
SLB,2026-08-17 14:15:00+00:00,53.45,53.45,53.31,53.4,106782.0,1403.0,53.375435
SLB,2026-08-17 14:20:00+00:00,53.395,53.41,53.25,53.34,46868.0,994.0,53.33386
SLB,2026-08-17 14:25:00+00:00,53.35,53.45,53.34,53.425,27322.0,643.0,53.389877
SLB,2026-08-17 14:30:00+00:00,53.43,53.5,53.415,53.44,51144.0,918.0,53.454408
SLB,2026-08-17 14:35:00+00:00,53.41,53.41,53.31,53.31,69902.0,1069.0,53.366426
SLB,2026-08-17 14:40:00+00:00,53.3,53.37,53.29,53.3,54266.0,1013.0,53.328015
SLB,2026-08-17 14:45:00+00:00,53.29,53.35,53.25,53.29,42502.0,786.0,53.288267
SLB,2026-08-17 14:50:00+00:00,53.2845,53.36,53.225,53.265,46632.0,822.0,53.293757
SLB,2026-08-17 14:55:00+00:00,53.26,53.265,53.1322,53.18,45050.0,738.0,53.206753
SLB,2026-08-17 15:00:00+00:00,53.18,53.24,53.1,53.105,36213.0,760.0,53.175269
SLB,2026-08-17 15:05:00+00:00,53.1,53.2,53.075,53.17,40877.0,729.0,53.122652
SLB,2026-08-17 15:10:00+00:00,53.165,53.24,53.13,53.2,35758.0,662.0,53.180277
SLB,2026-08-17 15:15:00+00:00,53.18,53.24,53.145,53.195,41975.0,610.0,53.198813
SLB,2026-08-17 15:20:00+00:00,53.19,53.28,53.155,53.27,28720.0,576.0,53.220213
SLB,2026-08-17 15:25:00+00:00,53.26,53.26,53.185,53.21,32286.0,634.0,53.221333
SLB,2026-08-17 15:30:00+00:00,53.21,53.27,53.195,53.195,52717.0,680.0,53.227757
SLB,2026-08-17 15:35:00+00:00,53.19,53.215,53.12,53.16,34073.0,577.0,53.15881
SLB,2026-08-17 15:40:00+00:00,53.17,53.245,53.14,53.23,23415.0,507.0,53.183113
SLB,2026-08-17 15:45:00+00:00,53.23,53.28,53.22,53.245,35938.0,602.0,53.253481
SLB,2026-08-17 15:50:00+00:00,53.24,53.305,53.23,53.3,24003.0,528.0,53.26759
SLB,2026-08-17 15:55:00+00:00,53.305,53.33,53.275,53.315,22579.0,470.0,53.305167
SLB,2026-08-17 16:00:00+00:00,53.315,53.335,53.25,53.25,47072.0,561.0,53.31775
SLB,2026-08-17 16:05:00+00:00,53.259,53.33,53.259,53.31,21941.0,488.0,53.298162
SLB,2026-08-17 16:10:00+00:00,53.31,53.34,53.25,53.31,54176.0,909.0,53.306766
SLB,2026-08-17 16:15:00+00:00,53.32,53.37,53.31,53.34,37140.0,667.0,53.340189
SLB,2026-08-17 16:20:00+00:00,53.34,53.365,53.3301,53.345,40473.0,676.0,53.344179
SLB,2026-08-17 16:25:00+00:00,53.345,53.39,53.32,53.36,34231.0,622.0,53.360334
SLB,2026-08-17 16:30:00+00:00,53.3522,53.4,53.34,53.395,31728.0,536.0,53.363818
SLB,2026-08-17 16:35:00+00:00,53.4,53.42,53.3599,53.385,28325.0,584.0,53.39879
SLB,2026-08-17 16:40:00+00:00,53.385,53.415,53.375,53.405,21754.0,501.0,53.390772
SLB,2026-08-17 16:45:00+00:00,53.405,53.41,53.355,53.38,41072.0,722.0,53.380278
SLB,2026-08-17 16:50:00+00:00,53.38,53.4,53.36,53.375,21964.0,503.0,53.377426
SLB,2026-08-17 16:55:00+00:00,53.38,53.41,53.37,53.385,29686.0,668.0,53.39318
SLB,2026-08-17 17:00:00+00:00,53.38,53.4,53.37,53.38,26020.0,639.0,53.380886
SLB,2026-08-17 17:05:00+00:00,53.38,53.43,53.37,53.3998,37149.0,606.0,53.391781
SLB,2026-08-17 17:10:00+00:00,53.4,53.445,53.4,53.42,34189.0,585.0,53.424656
SLB,2026-08-17 17:15:00+00:00,53.415,53.47,53.4101,53.445,29922.0,598.0,53.447185
SLB,2026-08-17 17:20:00+00:00,53.445,53.47,53.415,53.465,42216.0,668.0,53.444537
SLB,2026-08-17 17:25:00+00:00,53.465,53.465,53.43,53.4475,30756.0,668.0,53.444089
SLB,2026-08-17 17:30:00+00:00,53.445,53.46,53.35,53.359,70164.0,985.0,53.415602
SLB,2026-08-17 17:35:00+00:00,53.35,53.415,53.33,53.405,47093.0,756.0,53.372675
SLB,2026-08-17 17:40:00+00:00,53.41,53.47,53.41,53.47,29676.0,662.0,53.442814
SLB,2026-08-17 17:45:00+00:00,53.46,53.485,53.455,53.46,39299.0,596.0,53.469522
SLB,2026-08-17 17:50:00+00:00,53.46,53.48,53.441,53.4701,32580.0,633.0,53.466035
SLB,2026-08-17 17:55:00+00:00,53.475,53.525,53.47,53.52,43341.0,630.0,53.49407
SLB,2026-08-17 18:00:00+00:00,53.515,53.525,53.47,53.5,51578.0,775.0,53.499289
SLB,2026-08-17 18:05:00+00:00,53.495,53.6,53.49,53.555,58349.0,763.0,53.548327
SLB,2026-08-17 18:10:00+00:00,53.55,53.625,53.53,53.585,45305.0,702.0,53.561001
SLB,2026-08-17 18:15:00+00:00,53.585,53.6472,53.57,53.615,47377.0,613.0,53.604213
SLB,2026-08-17 18:20:00+00:00,53.61,53.63,53.57,53.6,31455.0,605.0,53.601153
SLB,2026-08-17 18:25:00+00:00,53.6017,53.61,53.56,53.605,34073.0,648.0,53.582204
SLB,2026-08-17 18:30:00+00:00,53.6,53.65,53.585,53.63,102420.0,861.0,53.604969
SLB,2026-08-17 18:35:00+00:00,53.63,53.69,53.625,53.685,31905.0,623.0,53.671906
SLB,2026-08-17 18:40:00+00:00,53.675,53.68,53.645,53.67,35771.0,683.0,53.657354
SLB,2026-08-17 18:45:00+00:00,53.6601,53.68,53.62,53.68,36560.0,728.0,53.656086
SLB,2026-08-17 18:50:00+00:00,53.68,53.705,53.61,53.61,141639.0,1046.0,53.655189
SLB,2026-08-17 18:55:00+00:00,53.61,53.66,53.595,53.61,76390.0,760.0,53.620513
SLB,2026-08-17 19:00:00+00:00,53.61,53.625,53.585,53.585,42563.0,813.0,53.609029
SLB,2026-08-17 19:05:00+00:00,53.585,53.62,53.565,53.61,67188.0,696.0,53.58256
SLB,2026-08-17 19:10:00+00:00,53.6,53.65,53.58,53.65,71436.0,1018.0,53.614934
SLB,2026-08-17 19:15:00+00:00,53.66,53.765,53.655,53.73,59794.0,968.0,53.722589
SLB,2026-08-17 19:20:00+00:00,53.73,53.73,53.635,53.6363,44249.0,818.0,53.679636
SLB,2026-08-17 19:25:00+00:00,53.63,53.66,53.62,53.64,54824.0,949.0,53.639681
SLB,2026-08-17 19:30:00+00:00,53.64,53.73,53.6,53.725,67607.0,1077.0,53.662499
SLB,2026-08-17 19:35:00+00:00,53.725,53.775,53.7,53.76,63241.0,1114.0,53.744156
SLB,2026-08-17 19:40:00+00:00,53.77,53.795,53.741,53.755,99193.0,1551.0,53.767539
SLB,2026-08-17 19:45:00+00:00,53.755,53.79,53.722,53.76,137392.0,1702.0,53.762946
SLB,2026-08-17 19:50:00+00:00,53.77,53.8,53.71,53.77,245965.0,2828.0,53.756391
SLB,2026-08-17 19:55:00+00:00,53.765,53.96,53.765,53.885,703495.0,6696.0,53.914425
SLB,2026-08-17 20:00:00+00:00,53.885,53.885,53.8,53.8,1326569.0,165.0,53.860123
SLB,2026-08-17 20:35:00+00:00,53.75,53.75,53.74,53.75,1771.0,4.0,53.744915
SLB,2026-08-17 20:40:00+00:00,53.75,53.75,53.7499,53.75,5684.0,3.0,53.749956
SLB,2026-08-17 20:55:00+00:00,53.84,53.84,53.748,53.748,1072.0,6.0,53.794
SLB,2026-08-17 21:00:00+00:00,53.84,53.86,53.84,53.86,1533.0,15.0,53.849928
SLB,2026-08-17 21:40:00+00:00,53.3613,53.3613,53.3613,53.3613,102.0,2.0,53.3613
SLB,2026-08-18 08:00:00+00:00,54.0,54.0,54.0,54.0,413.0,15.0,54.0
SLB,2026-08-18 11:40:00+00:00,53.694,53.694,53.694,53.694,101.0,2.0,53.694
SLB,2026-08-18 11:55:00+00:00,53.8,54.0,53.8,54.0,1051.0,35.0,53.956294
SLB,2026-08-18 12:35:00+00:00,53.82,53.82,53.79,53.79,878.0,9.0,53.803825
SLB,2026-08-18 12:55:00+00:00,54.07,54.07,54.07,54.07,404.0,12.0,54.07
SLB,2026-08-18 13:30:00+00:00,54.06,54.58,54.0,54.28,277649.0,2299.0,54.209801
SLB,2026-08-18 13:35:00+00:00,54.25,54.49,54.19,54.335,91503.0,1391.0,54.337423
SLB,2026-08-18 13:40:00+00:00,54.3472,54.36,54.0,54.065,117656.0,1295.0,54.136595
SLB,2026-08-18 13:45:00+00:00,54.07,54.17,53.905,53.97,127345.0,1458.0,54.002963
SLB,2026-08-18 13:50:00+00:00,53.975,54.1218,53.975,54.105,56360.0,802.0,54.016576
SLB,2026-08-18 13:55:00+00:00,54.1,54.19,54.095,54.12,72484.0,959.0,54.154455
SLB,2026-08-18 14:00:00+00:00,54.12,54.13,53.935,54.035,46319.0,787.0,54.037627
SLB,2026-08-18 14:05:00+00:00,54.05,54.05,53.94,53.94,39218.0,756.0,54.012824
SLB,2026-08-18 14:10:00+00:00,53.91,54.06,53.91,53.9595,91566.0,1202.0,53.970727
SLB,2026-08-18 14:15:00+00:00,53.955,54.01,53.87,53.89,59550.0,1101.0,53.935526
SLB,2026-08-18 14:20:00+00:00,53.9,53.96,53.875,53.935,42904.0,879.0,53.915843
SLB,2026-08-18 14:25:00+00:00,53.93,54.0,53.84,53.875,83369.0,991.0,53.899085
SLB,2026-08-18 14:30:00+00:00,53.875,54.02,53.87,53.87,83276.0,1194.0,53.945258
SLB,2026-08-18 14:35:00+00:00,53.87,53.895,53.78,53.785,55530.0,934.0,53.839845
SLB,2026-08-18 14:40:00+00:00,53.79,53.85,53.73,53.73,65238.0,978.0,53.773695
SLB,2026-08-18 14:45:00+00:00,53.725,53.76,53.65,53.73,106032.0,1285.0,53.701199
SLB,2026-08-18 14:50:00+00:00,53.72,53.73,53.63,53.65,53691.0,1148.0,53.680734
SLB,2026-08-18 14:55:00+00:00,53.65,53.65,53.515,53.52,57251.0,987.0,53.569312
SLB,2026-08-18 15:00:00+00:00,53.52,53.605,53.495,53.59,65028.0,1262.0,53.541625
SLB,2026-08-18 15:05:00+00:00,53.6,53.63,53.56,53.565,48708.0,846.0,53.596237
SLB,2026-08-18 15:10:00+00:00,53.55,53.69,53.54,53.62,34982.0,823.0,53.620396
SLB,2026-08-18 15:15:00+00:00,53.63,53.66,53.58,53.58,32770.0,725.0,53.619409
SLB,2026-08-18 15:20:00+00:00,53.56,53.62,53.515,53.595,38613.0,813.0,53.554973
SLB,2026-08-18 15:25:00+00:00,53.5951,53.63,53.57,53.62,28661.0,673.0,53.597809
SLB,2026-08-18 15:30:00+00:00,53.635,53.6883,53.615,53.66,45441.0,933.0,53.644482
SLB,2026-08-18 15:35:00+00:00,53.66,53.66,53.5195,53.54,63237.0,1029.0,53.589038
SLB,2026-08-18 15:40:00+00:00,53.53,53.53,53.47,53.52,33194.0,769.0,53.505394
SLB,2026-08-18 15:45:00+00:00,53.52,53.6,53.52,53.575,35243.0,801.0,53.56272
SLB,2026-08-18 15:50:00+00:00,53.58,53.609,53.4986,53.54,40497.0,806.0,53.545678
SLB,2026-08-18 15:55:00+00:00,53.53,53.55,53.5,53.55,31844.0,704.0,53.52545
SLB,2026-08-18 16:00:00+00:00,53.53,53.589,53.52,53.525,25380.0,605.0,53.552172
SLB,2026-08-18 16:05:00+00:00,53.52,53.52,53.4696,53.49,27860.0,623.0,53.489704
SLB,2026-08-18 16:10:00+00:00,53.47,53.47,53.38,53.4,23532.0,548.0,53.414869
SLB,2026-08-18 16:15:00+00:00,53.4,53.4,53.32,53.32,28276.0,600.0,53.378128
SLB,2026-08-18 16:20:00+00:00,53.32,53.35,53.28,53.29,20568.0,520.0,53.316314
SLB,2026-08-18 16:25:00+00:00,53.3,53.39,53.3,53.35,65633.0,695.0,53.369026
SLB,2026-08-18 16:30:00+00:00,53.345,53.37,53.33,53.34,57304.0,1011.0,53.352432
SLB,2026-08-18 16:35:00+00:00,53.32,53.34,53.2605,53.2605,18812.0,501.0,53.318929
SLB,2026-08-18 16:40:00+00:00,53.25,53.29,53.23,53.29,23852.0,603.0,53.252221
SLB,2026-08-18 16:45:00+00:00,53.3,53.32,53.24,53.24,21425.0,558.0,53.286966
SLB,2026-08-18 16:50:00+00:00,53.245,53.245,53.205,53.24,19756.0,554.0,53.224342
SLB,2026-08-18 16:55:00+00:00,53.24,53.26,53.22,53.25,27178.0,528.0,53.247145
SLB,2026-08-18 17:00:00+00:00,53.255,53.3199,53.225,53.2909,23181.0,583.0,53.270355
SLB,2026-08-18 17:05:00+00:00,53.29,53.31,53.27,53.31,25881.0,634.0,53.295789
SLB,2026-08-18 17:10:00+00:00,53.31,53.3699,53.2411,53.36,38761.0,784.0,53.299866
SLB,2026-08-18 17:15:00+00:00,53.35,53.355,53.305,53.31,26067.0,561.0,53.326834
SLB,2026-08-18 17:20:00+00:00,53.31,53.31,53.215,53.26,30598.0,685.0,53.269648
SLB,2026-08-18 17:25:00+00:00,53.25,53.26,53.18,53.212,35074.0,642.0,53.221551
SLB,2026-08-18 17:30:00+00:00,53.22,53.26,53.22,53.23,29278.0,762.0,53.246549
SLB,2026-08-18 17:35:00+00:00,53.23,53.24,53.19,53.22,19579.0,511.0,53.210804
SLB,2026-08-18 17:40:00+00:00,53.21,53.285,53.21,53.28,16339.0,445.0,53.24378
SLB,2026-08-18 17:45:00+00:00,53.29,53.29,53.235,53.235,28374.0,531.0,53.25534
SLB,2026-08-18 17:50:00+00:00,53.235,53.3,53.225,53.26,19262.0,469.0,53.263104
SLB,2026-08-18 17:55:00+00:00,53.25,53.28,53.24,53.25,18353.0,498.0,53.265746
SLB,2026-08-18 18:00:00+00:00,53.25,53.3,53.25,53.295,21486.0,572.0,53.284326
SLB,2026-08-18 18:05:00+00:00,53.3,53.35,53.265,53.275,46005.0,880.0,53.308488
SLB,2026-08-18 18:10:00+00:00,53.28,53.32,53.26,53.295,41364.0,559.0,53.303618
SLB,2026-08-18 18:15:00+00:00,53.295,53.35,53.295,53.34,25858.0,610.0,53.330354
SLB,2026-08-18 18:20:00+00:00,53.35,53.35,53.3,53.331,25818.0,599.0,53.320727
SLB,2026-08-18 18:25:00+00:00,53.34,53.365,53.33,53.335,34324.0,683.0,53.349869
SLB,2026-08-18 18:30:00+00:00,53.335,53.35,53.3,53.345,47088.0,800.0,53.335456
SLB,2026-08-18 18:35:00+00:00,53.35,53.39,53.34,53.38,29862.0,708.0,53.369434
SLB,2026-08-18 18:40:00+00:00,53.3801,53.385,53.33,53.385,26927.0,652.0,53.359978
SLB,2026-08-18 18:45:00+00:00,53.38,53.42,53.36,53.365,34392.0,671.0,53.39202
SLB,2026-08-18 18:50:00+00:00,53.365,53.365,53.285,53.34,37794.0,748.0,53.31184
SLB,2026-08-18 18:55:00+00:00,53.33,53.365,53.3,53.35,29276.0,690.0,53.336114
SLB,2026-08-18 19:00:00+00:00,53.34,53.37,53.31,53.335,29519.0,624.0,53.345312
SLB,2026-08-18 19:05:00+00:00,53.34,53.37,53.33,53.3469,21671.0,543.0,53.356747
SLB,2026-08-18 19:10:00+00:00,53.345,53.35,53.315,53.34,26229.0,570.0,53.332405
SLB,2026-08-18 19:15:00+00:00,53.33,53.39,53.325,53.38,36753.0,771.0,53.365014
SLB,2026-08-18 19:20:00+00:00,53.385,53.385,53.345,53.365,35945.0,857.0,53.361843
SLB,2026-08-18 19:25:00+00:00,53.37,53.42,53.365,53.39,47162.0,966.0,53.392842
SLB,2026-08-18 19:30:00+00:00,53.38,53.38,53.301,53.32,61917.0,1352.0,53.344614
SLB,2026-08-18 19:35:00+00:00,53.325,53.4,53.31,53.321,64514.0,1346.0,53.356519
SLB,2026-08-18 19:40:00+00:00,53.325,53.375,53.2905,53.365,70363.0,1376.0,53.329342
SLB,2026-08-18 19:45:00+00:00,53.36,53.365,53.335,53.36,73256.0,1355.0,53.34876
SLB,2026-08-18 19:50:00+00:00,53.35,53.35,53.235,53.24,110517.0,1952.0,53.273529
SLB,2026-08-18 19:55:00+00:00,53.25,53.34,53.175,53.22,522334.0,6593.0,53.256639
SLB,2026-08-18 20:00:00+00:00,53.21,53.21,53.21,53.21,1070212.0,93.0,53.21
SLB,2026-08-18 20:05:00+00:00,53.24,53.24,53.24,53.24,100.0,1.0,53.24
SLB,2026-08-18 20:40:00+00:00,53.56,53.57,53.4085,53.4085,5144.0,23.0,53.565886
SLB,2026-08-18 20:45:00+00:00,53.35,53.4085,53.35,53.35,741.0,7.0,53.362132
SLB,2026-08-18 21:30:00+00:00,53.33,53.33,53.32,53.32,505.0,4.0,53.325
SLB,2026-08-18 21:40:00+00:00,53.32,53.32,53.32,53.32,110.0,2.0,53.32
SLB,2026-08-18 21:50:00+00:00,53.31,53.44,53.3,53.44,1000.0,8.0,53.372081
SLB,2026-08-18 22:20:00+00:00,53.3,53.3,53.3,53.3,200.0,1.0,53.3
SLB,2026-08-18 22:25:00+00:00,53.31,53.31,53.26,53.26,710.0,8.0,53.283571
SLB,2026-08-18 23:25:00+00:00,53.25,53.25,53.25,53.25,107.0,1.0,53.25
SLB,2026-08-19 08:10:00+00:00,53.2,53.47,53.2,53.47,421.0,15.0,53.301591
SLB,2026-08-19 10:50:00+00:00,53.2,53.2,53.19,53.2,2126.0,41.0,53.198465
SLB,2026-08-19 10:55:00+00:00,53.19,53.2,53.19,53.2,592.0,4.0,53.195429
SLB,2026-08-19 11:00:00+00:00,53.2,53.49,53.2,53.49,542.0,6.0,53.341809
SLB,2026-08-19 11:10:00+00:00,53.4225,53.4225,53.4225,53.4225,100.0,1.0,53.4225
SLB,2026-08-19 12:05:00+00:00,53.4,53.4,53.4,53.4,500.0,1.0,53.4
SLB,2026-08-19 12:35:00+00:00,53.49,53.49,53.4837,53.4837,3034.0,23.0,53.485736
SLB,2026-08-19 12:40:00+00:00,53.5,53.5,53.5,53.5,5004.0,2.0,53.5
SLB,2026-08-19 12:45:00+00:00,53.5,53.5,53.5,53.5,2362.0,32.0,53.5
SLB,2026-08-19 13:20:00+00:00,53.7,53.7,53.7,53.7,195.0,3.0,53.7
SLB,2026-08-19 13:25:00+00:00,53.55,53.7,53.55,53.7,1857.0,20.0,53.685766
SLB,2026-08-19 13:30:00+00:00,53.7,54.18,53.7,53.98,155607.0,1147.0,53.82456
SLB,2026-08-19 13:35:00+00:00,53.97,54.06,53.855,53.91,56087.0,959.0,53.951188
SLB,2026-08-19 13:40:00+00:00,53.86,54.07,53.76,54.05,98013.0,1065.0,53.962137
SLB,2026-08-19 13:45:00+00:00,54.05,54.19,53.93,53.9715,147701.0,1458.0,54.121703
SLB,2026-08-19 13:50:00+00:00,53.985,54.04,53.865,54.025,87662.0,1213.0,53.94818
SLB,2026-08-19 13:55:00+00:00,54.0142,54.09,53.78,53.79,73731.0,1108.0,53.910867
SLB,2026-08-19 14:00:00+00:00,53.79,53.8,53.6205,53.73,77416.0,1144.0,53.70886
SLB,2026-08-19 14:05:00+00:00,53.745,53.81,53.6,53.62,44826.0,780.0,53.709309
SLB,2026-08-19 14:10:00+00:00,53.6126,53.64,53.37,53.38,51056.0,919.0,53.485817
SLB,2026-08-19 14:15:00+00:00,53.36,53.6,53.35,53.56,76258.0,1125.0,53.489007
SLB,2026-08-19 14:20:00+00:00,53.55,53.605,53.46,53.605,35913.0,723.0,53.538196
SLB,2026-08-19 14:25:00+00:00,53.61,53.7399,53.595,53.71,42217.0,732.0,53.663489
SLB,2026-08-19 14:30:00+00:00,53.715,53.7399,53.61,53.63,39213.0,737.0,53.67863
SLB,2026-08-19 14:35:00+00:00,53.62,53.74,53.54,53.705,128144.0,1360.0,53.636472
SLB,2026-08-19 14:40:00+00:00,53.71,53.795,53.69,53.72,58210.0,807.0,53.738299
SLB,2026-08-19 14:45:00+00:00,53.7377,53.8,53.645,53.78,59370.0,1012.0,53.730938
SLB,2026-08-19 14:50:00+00:00,53.775,53.79,53.64,53.67,88375.0,826.0,53.714876
SLB,2026-08-19 14:55:00+00:00,53.67,53.78,53.63,53.705,51617.0,882.0,53.704057
SLB,2026-08-19 15:00:00+00:00,53.71,53.81,53.695,53.74,62687.0,912.0,53.752627
SLB,2026-08-19 15:05:00+00:00,53.74,53.81,53.685,53.81,51798.0,789.0,53.746812
SLB,2026-08-19 15:10:00+00:00,53.805,53.8099,53.68,53.755,41320.0,587.0,53.745438
SLB,2026-08-19 15:15:00+00:00,53.76,53.76,53.59,53.63,41415.0,701.0,53.6637
SLB,2026-08-19 15:20:00+00:00,53.62,53.81,53.62,53.76,229426.0,1281.0,53.747692
SLB,2026-08-19 15:25:00+00:00,53.77,53.8201,53.705,53.705,49657.0,812.0,53.773901
SLB,2026-08-19 15:30:00+00:00,53.71,53.72,53.52,53.53,42957.0,759.0,53.616185
SLB,2026-08-19 15:35:00+00:00,53.529,53.64,53.485,53.58,67846.0,1038.0,53.558347
SLB,2026-08-19 15:40:00+00:00,53.57,53.605,53.485,53.485,38640.0,653.0,53.542838
SLB,2026-08-19 15:45:00+00:00,53.485,53.51,53.35,53.37,43227.0,778.0,53.436046
SLB,2026-08-19 15:50:00+00:00,53.36,53.54,53.35,53.445,99028.0,977.0,53.430758
SLB,2026-08-19 15:55:00+00:00,53.4499,53.5,53.435,53.47,55731.0,695.0,53.465375
SLB,2026-08-19 16:00:00+00:00,53.475,53.6,53.4662,53.48,89929.0,1015.0,53.549227
SLB,2026-08-19 16:05:00+00:00,53.49,53.495,53.43,53.435,37296.0,698.0,53.45812
SLB,2026-08-19 16:10:00+00:00,53.435,53.465,53.41,53.435,38355.0,692.0,53.436937
SLB,2026-08-19 16:15:00+00:00,53.435,53.49,53.385,53.4,89961.0,1074.0,53.44734
SLB,2026-08-19 16:20:00+00:00,53.41,53.44,53.365,53.43,44173.0,775.0,53.399035
SLB,2026-08-19 16:25:00+00:00,53.44,53.46,53.4001,53.41,33242.0,603.0,53.438293
SLB,2026-08-19 16:30:00+00:00,53.415,53.45,53.35,53.43,62195.0,924.0,53.406488
SLB,2026-08-19 16:35:00+00:00,53.43,53.49,53.4,53.46,28931.0,609.0,53.451111
SLB,2026-08-19 16:40:00+00:00,53.47,53.5,53.425,53.489,41721.0,462.0,53.457257
SLB,2026-08-19 16:45:00+00:00,53.495,53.5795,53.495,53.55,53306.0,632.0,53.519198
SLB,2026-08-19 16:50:00+00:00,53.54,53.585,53.535,53.55,35012.0,451.0,53.556153
SLB,2026-08-19 16:55:00+00:00,53.55,53.62,53.53,53.599,47926.0,627.0,53.583224
SLB,2026-08-19 17:00:00+00:00,53.595,53.6,53.5,53.5,19443.0,475.0,53.572457
SLB,2026-08-19 17:05:00+00:00,53.51,53.58,53.45,53.47,25150.0,581.0,53.511434
SLB,2026-08-19 17:10:00+00:00,53.47,53.51,53.44,53.46,64349.0,648.0,53.475169
SLB,2026-08-19 17:15:00+00:00,53.46,53.475,53.43,53.45,25196.0,420.0,53.463871
SLB,2026-08-19 17:20:00+00:00,53.44,53.47,53.37,53.44,60076.0,878.0,53.426884
SLB,2026-08-19 17:25:00+00:00,53.435,53.455,53.395,53.395,25593.0,423.0,53.439287
SLB,2026-08-19 17:30:00+00:00,53.395,53.4,53.33,53.385,34365.0,507.0,53.370788
SLB,2026-08-19 17:35:00+00:00,53.38,53.4,53.25,53.255,61629.0,565.0,53.357313
SLB,2026-08-19 17:40:00+00:00,53.26,53.345,53.26,53.34,35358.0,506.0,53.297835
SLB,2026-08-19 17:45:00+00:00,53.34,53.35,53.23,53.23,36114.0,666.0,53.298053
SLB,2026-08-19 17:50:00+00:00,53.225,53.24,53.15,53.205,76937.0,600.0,53.187412
SLB,2026-08-19 17:55:00+00:00,53.2,53.245,53.195,53.245,29122.0,508.0,53.217522
SLB,2026-08-19 18:00:00+00:00,53.25,53.33,53.21,53.22,115773.0,1012.0,53.294914
SLB,2026-08-19 18:05:00+00:00,53.215,53.22,53.115,53.13,63588.0,720.0,53.170731
SLB,2026-08-19 18:10:00+00:00,53.13,53.17,53.13,53.13,30576.0,644.0,53.150209
SLB,2026-08-19 18:15:00+00:00,53.13,53.15,53.0617,53.115,31607.0,710.0,53.105144
SLB,2026-08-19 18:20:00+00:00,53.11,53.15,53.101,53.14,20434.0,514.0,53.122499
SLB,2026-08-19 18:25:00+00:00,53.15,53.24,53.15,53.24,43624.0,668.0,53.207711
SLB,2026-08-19 18:30:00+00:00,53.235,53.24,53.185,53.235,41195.0,555.0,53.219676
SLB,2026-08-19 18:35:00+00:00,53.235,53.235,53.19,53.19,28157.0,560.0,53.208569
SLB,2026-08-19 18:40:00+00:00,53.21,53.29,53.21,53.29,29735.0,605.0,53.259592
SLB,2026-08-19 18:45:00+00:00,53.285,53.295,53.245,53.265,48754.0,733.0,53.273828
SLB,2026-08-19 18:50:00+00:00,53.27,53.305,53.26,53.29,43978.0,603.0,53.288222
SLB,2026-08-19 18:55:00+00:00,53.29,53.38,53.28,53.355,53257.0,901.0,53.313863
SLB,2026-08-19 19:00:00+00:00,53.35,53.38,53.32,53.36,61021.0,960.0,53.347834
SLB,2026-08-19 19:05:00+00:00,53.36,53.375,53.31,53.32,46292.0,857.0,53.332153
SLB,2026-08-19 19:10:00+00:00,53.32,53.445,53.32,53.38,41515.0,843.0,53.388867
SLB,2026-08-19 19:15:00+00:00,53.39,53.41,53.355,53.4,44483.0,898.0,53.382962
SLB,2026-08-19 19:20:00+00:00,53.4014,53.41,53.315,53.38,101906.0,1077.0,53.377775
SLB,2026-08-19 19:25:00+00:00,53.37,53.3761,53.305,53.335,68090.0,1156.0,53.336764
SLB,2026-08-19 19:30:00+00:00,53.34,53.37,53.285,53.33,118312.0,1734.0,53.323189
SLB,2026-08-19 19:35:00+00:00,53.325,53.415,53.265,53.405,131980.0,1570.0,53.315274
SLB,2026-08-19 19:40:00+00:00,53.405,53.475,53.39,53.41,108646.0,1715.0,53.427761
SLB,2026-08-19 19:45:00+00:00,53.41,53.485,53.4,53.415,147648.0,1972.0,53.44424
SLB,2026-08-19 19:50:00+00:00,53.41,53.505,53.265,53.499,262461.0,3190.0,53.361991
SLB,2026-08-19 19:55:00+00:00,53.5,53.63,53.435,53.575,624524.0,6739.0,53.569968
SLB,2026-08-19 20:00:00+00:00,53.57,53.57,53.55,53.55,1253749.0,106.0,53.550122
SLB,2026-08-19 20:45:00+00:00,53.55,53.55,53.42,53.44,8520.0,38.0,53.480495
SLB,2026-08-19 22:00:00+00:00,53.64,53.64,53.64,53.64,100.0,1.0,53.64
SLB,2026-08-19 22:25:00+00:00,53.5,53.5,53.5,53.5,100.0,1.0,53.5
SLB,2026-08-19 22:30:00+00:00,53.51,53.51,53.51,53.51,150.0,2.0,53.51
SLB,2026-08-19 23:05:00+00:00,53.5,53.5,53.5,53.5,467.0,6.0,53.5
SLB,2026-08-20 08:00:00+00:00,53.82,53.82,53.82,53.82,1132.0,74.0,53.82
SLB,2026-08-20 09:40:00+00:00,53.61,53.61,53.55,53.55,900.0,10.0,53.571176
SLB,2026-08-20 11:10:00+00:00,53.78,53.78,53.78,53.78,1002.0,3.0,53.78
SLB,2026-08-20 11:30:00+00:00,53.84,53.99,53.84,53.99,5009.0,39.0,53.930695
SLB,2026-08-20 11:40:00+00:00,53.99,53.99,53.99,53.99,2002.0,3.0,53.99
SLB,2026-08-20 11:45:00+00:00,53.96,53.96,53.96,53.96,277.0,6.0,53.96
SLB,2026-08-20 11:50:00+00:00,54.0,54.0,54.0,54.0,130.0,1.0,54.0
SLB,2026-08-20 12:20:00+00:00,53.98,54.0,53.98,54.0,371.0,12.0,53.991803
SLB,2026-08-20 12:25:00+00:00,54.0,54.0,54.0,54.0,601.0,2.0,54.0
SLB,2026-08-20 12:35:00+00:00,53.96,54.0,53.96,54.0,2084.0,28.0,53.990253
SLB,2026-08-20 12:40:00+00:00,54.0,54.13,54.0,54.13,478.0,5.0,54.030516
SLB,2026-08-20 13:00:00+00:00,54.0,54.1,54.0,54.1,1303.0,19.0,54.018692
SLB,2026-08-20 13:05:00+00:00,54.014,54.014,54.014,54.014,100.0,1.0,54.014
SLB,2026-08-20 13:25:00+00:00,53.93,54.04,53.92,54.04,1718.0,13.0,53.987557
SLB,2026-08-20 13:30:00+00:00,53.87,54.2,53.87,54.13,261276.0,1402.0,53.978985
SLB,2026-08-20 13:35:00+00:00,54.13,54.2695,53.92,54.2695,95945.0,1264.0,54.064907
SLB,2026-08-20 13:40:00+00:00,54.23,54.33,54.14,54.17,102546.0,1392.0,54.237081
SLB,2026-08-20 13:45:00+00:00,54.2,54.25,54.05,54.075,92536.0,1071.0,54.172034
SLB,2026-08-20 13:50:00+00:00,54.09,54.14,53.9537,54.1262,89786.0,1200.0,54.061262
SLB,2026-08-20 13:55:00+00:00,54.13,54.13,53.9528,53.965,96620.0,1034.0,54.05871
SLB,2026-08-20 14:00:00+00:00,53.96,54.066,53.955,54.06,71407.0,945.0,54.002132
SLB,2026-08-20 14:05:00+00:00,54.06,54.07,53.95,53.99,59809.0,843.0,54.004825
SLB,2026-08-20 14:10:00+00:00,53.99,54.105,53.98,54.08,97029.0,816.0,54.028936
SLB,2026-08-20 14:15:00+00:00,54.07,54.09,53.825,53.835,89250.0,1113.0,53.976235
SLB,2026-08-20 14:20:00+00:00,53.82,53.965,53.81,53.92,77390.0,1192.0,53.91462
SLB,2026-08-20 14:25:00+00:00,53.92,53.9347,53.83,53.9,94318.0,951.0,53.885979
SLB,2026-08-20 14:30:00+00:00,53.92,54.065,53.85,54.065,35042.0,771.0,53.97078
SLB,2026-08-20 14:35:00+00:00,54.06,54.0955,53.95,54.015,94887.0,1085.0,54.016587
SLB,2026-08-20 14:40:00+00:00,54.01,54.15,53.95,54.12,121415.0,1366.0,54.101645
SLB,2026-08-20 14:45:00+00:00,54.115,54.195,54.06,54.105,57285.0,924.0,54.141276
SLB,2026-08-20 14:50:00+00:00,54.11,54.23,54.09,54.135,48760.0,945.0,54.171009
SLB,2026-08-20 14:55:00+00:00,54.135,54.175,54.07,54.13,42134.0,833.0,54.120681
SLB,2026-08-20 15:00:00+00:00,54.13,54.255,54.1011,54.205,70445.0,1070.0,54.204649
SLB,2026-08-20 15:05:00+00:00,54.2,54.265,54.13,54.14,64428.0,770.0,54.225158
SLB,2026-08-20 15:10:00+00:00,54.13,54.23,54.065,54.23,48998.0,957.0,54.133112
SLB,2026-08-20 15:15:00+00:00,54.22,54.23,54.135,54.18,67694.0,744.0,54.176451
SLB,2026-08-20 15:20:00+00:00,54.18,54.19,54.025,54.06,41439.0,769.0,54.104767
SLB,2026-08-20 15:25:00+00:00,54.07,54.095,54.045,54.09,37945.0,733.0,54.073567
SLB,2026-08-20 15:30:00+00:00,54.09,54.11,54.01,54.015,35034.0,662.0,54.058317
SLB,2026-08-20 15:35:00+00:00,54.01,54.015,53.95,53.97,37763.0,649.0,53.978083
SLB,2026-08-20 15:40:00+00:00,53.95,53.985,53.9,53.93,56102.0,659.0,53.943876
SLB,2026-08-20 15:45:00+00:00,53.93,53.98,53.85,53.85,24228.0,698.0,53.93719
SLB,2026-08-20 15:50:00+00:00,53.86,53.89,53.841,53.85,35785.0,628.0,53.866373
SLB,2026-08-20 15:55:00+00:00,53.86,53.9,53.85,53.88,45613.0,907.0,53.878237
SLB,2026-08-20 16:00:00+00:00,53.875,53.875,53.7645,53.83,86719.0,1010.0,53.806565
SLB,2026-08-20 16:05:00+00:00,53.83,53.845,53.755,53.795,104363.0,1183.0,53.804716
SLB,2026-08-20 16:10:00+00:00,53.795,53.81,53.615,53.65,78375.0,826.0,53.737887
SLB,2026-08-20 16:15:00+00:00,53.65,53.67,53.585,53.61,33250.0,602.0,53.628824
SLB,2026-08-20 16:20:00+00:00,53.62,53.675,53.6,53.675,37227.0,629.0,53.633341
SLB,2026-08-20 16:25:00+00:00,53.68,53.68,53.605,53.61,26830.0,600.0,53.63196
SLB,2026-08-20 16:30:00+00:00,53.605,53.625,53.56,53.565,21027.0,636.0,53.591534
SLB,2026-08-20 16:35:00+00:00,53.56,53.61,53.55,53.555,29870.0,790.0,53.586675
SLB,2026-08-20 16:40:00+00:00,53.555,53.59,53.5343,53.565,32133.0,734.0,53.561819
SLB,2026-08-20 16:45:00+00:00,53.56,53.73,53.555,53.635,48594.0,831.0,53.646227
SLB,2026-08-20 16:50:00+00:00,53.64,53.7,53.62,53.69,35784.0,667.0,53.660806
SLB,2026-08-20 16:55:00+00:00,53.68,53.735,53.68,53.73,57989.0,745.0,53.713111
SLB,2026-08-20 17:00:00+00:00,53.72,53.725,53.63,53.681,48694.0,799.0,53.681585
SLB,2026-08-20 17:05:00+00:00,53.69,53.69,53.625,53.63,24245.0,606.0,53.648352
SLB,2026-08-20 17:10:00+00:00,53.635,53.695,53.6,53.64,37736.0,880.0,53.657208
SLB,2026-08-20 17:15:00+00:00,53.63,53.655,53.591,53.625,23870.0,560.0,53.625799
SLB,2026-08-20 17:20:00+00:00,53.625,53.66,53.62,53.6399,19788.0,592.0,53.635442
SLB,2026-08-20 17:25:00+00:00,53.63,53.64,53.5703,53.62,28253.0,775.0,53.606232
SLB,2026-08-20 17:30:00+00:00,53.625,53.72,53.625,53.7,34892.0,823.0,53.685773
SLB,2026-08-20 17:35:00+00:00,53.705,53.745,53.67,53.73,56555.0,703.0,53.712421
SLB,2026-08-20 17:40:00+00:00,53.73,53.735,53.67,53.7,24755.0,619.0,53.706861
SLB,2026-08-20 17:45:00+00:00,53.71,53.74,53.7,53.705,20690.0,632.0,53.719371
SLB,2026-08-20 17:50:00+00:00,53.705,53.705,53.67,53.695,54467.0,865.0,53.689142
SLB,2026-08-20 17:55:00+00:00,53.7,53.725,53.665,53.705,26872.0,730.0,53.699405
SLB,2026-08-20 18:00:00+00:00,53.685,53.71,53.665,53.685,34305.0,811.0,53.685541
SLB,2026-08-20 18:05:00+00:00,53.685,53.685,53.59,53.615,37260.0,693.0,53.62511
SLB,2026-08-20 18:10:00+00:00,53.615,53.7,53.6,53.68,34426.0,786.0,53.650007
SLB,2026-08-20 18:15:00+00:00,53.68,53.705,53.612,53.705,30111.0,715.0,53.661352
SLB,2026-08-20 18:20:00+00:00,53.7,53.72,53.685,53.715,43702.0,843.0,53.703544
SLB,2026-08-20 18:25:00+00:00,53.715,53.805,53.7099,53.795,44370.0,1027.0,53.754412
SLB,2026-08-20 18:30:00+00:00,53.791,53.815,53.725,53.74,33226.0,813.0,53.776364
SLB,2026-08-20 18:35:00+00:00,53.745,53.79,53.73,53.7799,35435.0,854.0,53.766878
SLB,2026-08-20 18:40:00+00:00,53.775,53.785,53.74,53.75,31744.0,735.0,53.766066
SLB,2026-08-20 18:45:00+00:00,53.74,53.7699,53.73,53.745,51883.0,946.0,53.750108
SLB,2026-08-20 18:50:00+00:00,53.745,53.785,53.735,53.745,34036.0,865.0,53.758863
SLB,2026-08-20 18:55:00+00:00,53.75,53.77,53.72,53.725,36135.0,851.0,53.755273
SLB,2026-08-20 19:00:00+00:00,53.729,53.765,53.71,53.71,46750.0,1035.0,53.742689
SLB,2026-08-20 19:05:00+00:00,53.71,53.775,53.69,53.77,49331.0,1033.0,53.727502
SLB,2026-08-20 19:10:00+00:00,53.765,53.779,53.715,53.725,39396.0,814.0,53.734457
SLB,2026-08-20 19:15:00+00:00,53.73,53.775,53.72,53.765,39579.0,838.0,53.742549
SLB,2026-08-20 19:20:00+00:00,53.765,53.78,53.73,53.74,55683.0,1189.0,53.756106
SLB,2026-08-20 19:25:00+00:00,53.7318,53.7318,53.65,53.65,66476.0,1055.0,53.689587
SLB,2026-08-20 19:30:00+00:00,53.655,53.695,53.62,53.67,86735.0,1508.0,53.660671
SLB,2026-08-20 19:35:00+00:00,53.66,53.73,53.64,53.64,76367.0,1394.0,53.685575
SLB,2026-08-20 19:40:00+00:00,53.64,53.64,53.58,53.605,73113.0,1326.0,53.609541
SLB,2026-08-20 19:45:00+00:00,53.6,53.665,53.59,53.65,86673.0,1613.0,53.614739
SLB,2026-08-20 19:50:00+00:00,53.66,53.7,53.615,53.68,132418.0,2742.0,53.670412
SLB,2026-08-20 19:55:00+00:00,53.685,53.71,53.525,53.57,629141.0,7744.0,53.609086
SLB,2026-08-20 20:00:00+00:00,53.55,53.55,53.54,53.55,210911.0,87.0,53.549958
SLB,2026-08-20 20:05:00+00:00,53.61,53.61,53.61,53.61,142.0,1.0,53.61
SLB,2026-08-20 20:55:00+00:00,53.71,53.71,53.7,53.7,500.0,3.0,53.705
SLB,2026-08-20 21:00:00+00:00,53.68,53.68,53.66,53.66,5659.0,12.0,53.66233
SLB,2026-08-21 08:15:00+00:00,53.5,53.71,53.5,53.71,530.0,4.0,53.542
SLB,2026-08-21 10:35:00+00:00,53.46,53.46,53.46,53.46,185.0,1.0,53.46
SLB,2026-08-21 11:15:00+00:00,53.7,53.75,53.7,53.75,1344.0,8.0,53.741888
SLB,2026-08-21 11:25:00+00:00,53.75,53.75,53.75,53.75,100.0,1.0,53.75
SLB,2026-08-21 11:40:00+00:00,53.52,53.5395,53.52,53.5395,673.0,2.0,53.534487
SLB,2026-08-21 12:15:00+00:00,53.69,53.71,53.69,53.71,1000.0,10.0,53.702
SLB,2026-08-21 12:50:00+00:00,53.66,53.66,53.66,53.66,200.0,2.0,53.66
SLB,2026-08-21 13:00:00+00:00,53.74,53.74,53.74,53.74,198.0,4.0,53.74
SLB,2026-08-21 13:10:00+00:00,53.69,53.69,53.67,53.67,519.0,10.0,53.683298
SLB,2026-08-21 13:20:00+00:00,53.7277,53.7277,53.7277,53.7277,379.0,2.0,53.7277
SLB,2026-08-21 13:25:00+00:00,53.74,53.78,53.74,53.78,3398.0,19.0,53.75
SLB,2026-08-21 13:30:00+00:00,54.0,54.06,53.71,53.885,772282.0,1961.0,53.990523
SLB,2026-08-21 13:35:00+00:00,53.9,54.15,53.85,53.89,174486.0,1537.0,53.988824
SLB,2026-08-21 13:40:00+00:00,53.88,53.93,53.74,53.85,107801.0,1301.0,53.836883
SLB,2026-08-21 13:45:00+00:00,53.85,53.955,53.675,53.93,114373.0,1261.0,53.864977
SLB,2026-08-21 13:50:00+00:00,53.925,53.97,53.75,53.775,74280.0,1135.0,53.852006
SLB,2026-08-21 13:55:00+00:00,53.77,53.77,53.52,53.53,53647.0,869.0,53.620451
SLB,2026-08-21 14:00:00+00:00,53.55,53.585,53.5,53.585,72947.0,1058.0,53.534032
SLB,2026-08-21 14:05:00+00:00,53.58,53.58,53.425,53.55,77509.0,970.0,53.492943
SLB,2026-08-21 14:10:00+00:00,53.55,53.56,53.36,53.435,96889.0,986.0,53.444304
SLB,2026-08-21 14:15:00+00:00,53.45,53.475,53.34,53.36,70213.0,975.0,53.41142
SLB,2026-08-21 14:20:00+00:00,53.365,53.52,53.355,53.46,54302.0,1098.0,53.450331
SLB,2026-08-21 14:25:00+00:00,53.46,53.46,53.35,53.35,30150.0,663.0,53.411956
SLB,2026-08-21 14:30:00+00:00,53.335,53.445,53.335,53.4,53583.0,769.0,53.393589
SLB,2026-08-21 14:35:00+00:00,53.405,53.41,53.28,53.325,49394.0,737.0,53.336927
SLB,2026-08-21 14:40:00+00:00,53.335,53.49,53.33,53.48,57131.0,933.0,53.394477
SLB,2026-08-21 14:45:00+00:00,53.47,53.63,53.46,53.63,76148.0,815.0,53.536273
SLB,2026-08-21 14:50:00+00:00,53.62,53.625,53.4,53.4,40804.0,772.0,53.50137
SLB,2026-08-21 14:55:00+00:00,53.405,53.46,53.37,53.37,43160.0,828.0,53.409686
SLB,2026-08-21 15:00:00+00:00,53.375,53.48,53.375,53.46,50647.0,877.0,53.426506
SLB,2026-08-21 15:05:00+00:00,53.45,53.46,53.25,53.26,44807.0,909.0,53.344554
SLB,2026-08-21 15:10:00+00:00,53.255,53.315,53.19,53.28,55554.0,1061.0,53.263246
SLB,2026-08-21 15:15:00+00:00,53.28,53.29,53.22,53.25,36042.0,643.0,53.263117
SLB,2026-08-21 15:20:00+00:00,53.25,53.28,53.22,53.27,91654.0,622.0,53.250192
SLB,2026-08-21 15:25:00+00:00,53.27,53.275,53.225,53.245,30384.0,701.0,53.246949
SLB,2026-08-21 15:30:00+00:00,53.26,53.37,53.26,53.365,30045.0,699.0,53.333666
SLB,2026-08-21 15:35:00+00:00,53.37,53.48,53.37,53.425,48010.0,799.0,53.42222
SLB,2026-08-21 15:40:00+00:00,53.43,53.45,53.385,53.42,48310.0,733.0,53.424868
SLB,2026-08-21 15:45:00+00:00,53.425,53.5,53.4,53.5,28021.0,572.0,53.443013
SLB,2026-08-21 15:50:00+00:00,53.495,53.74,53.49,53.73,145637.0,1975.0,53.633185
SLB,2026-08-21 15:55:00+00:00,53.73,53.77,53.66,53.695,61483.0,946.0,53.711929
SLB,2026-08-21 16:00:00+00:00,53.69,53.77,53.68,53.729,53062.0,890.0,53.73978
SLB,2026-08-21 16:05:00+00:00,53.725,53.755,53.65,53.72,92807.0,992.0,53.689451
SLB,2026-08-21 16:10:00+00:00,53.715,53.715,53.645,53.645,34963.0,615.0,53.684719
SLB,2026-08-21 16:15:00+00:00,53.645,53.67,53.625,53.625,46307.0,584.0,53.652026
SLB,2026-08-21 16:20:00+00:00,53.625,53.625,53.5128,53.515,56070.0,928.0,53.573356
SLB,2026-08-21 16:25:00+00:00,53.515,53.605,53.515,53.595,30486.0,608.0,53.565115
SLB,2026-08-21 16:30:00+00:00,53.6,53.605,53.55,53.57,26293.0,507.0,53.57373
SLB,2026-08-21 16:35:00+00:00,53.56,53.685,53.555,53.675,27806.0,536.0,53.627777
SLB,2026-08-21 16:40:00+00:00,53.68,53.69,53.63,53.63,30701.0,495.0,53.666475
SLB,2026-08-21 16:45:00+00:00,53.635,53.71,53.635,53.68,25935.0,528.0,53.678174
SLB,2026-08-21 16:50:00+00:00,53.675,53.735,53.63,53.63,65386.0,790.0,53.679269
SLB,2026-08-21 16:55:00+00:00,53.64,53.661,53.61,53.645,82440.0,969.0,53.638015
SLB,2026-08-21 17:00:00+00:00,53.645,53.7,53.62,53.64,87772.0,846.0,53.669215
SLB,2026-08-21 17:05:00+00:00,53.645,53.76,53.645,53.72,25914.0,570.0,53.720483
SLB,2026-08-21 17:10:00+00:00,53.71,53.761,53.695,53.755,20549.0,472.0,53.734247
SLB,2026-08-21 17:15:00+00:00,53.76,53.795,53.73,53.765,32008.0,612.0,53.761194
SLB,2026-08-21 17:20:00+00:00,53.76,53.76,53.58,53.625,51204.0,793.0,53.67696
SLB,2026-08-21 17:25:00+00:00,53.62,53.645,53.595,53.6,36628.0,776.0,53.625893
SLB,2026-08-21 17:30:00+00:00,53.6,53.6,53.55,53.565,55252.0,919.0,53.57285
SLB,2026-08-21 17:35:00+00:00,53.57,53.63,53.555,53.58,41256.0,755.0,53.595604
SLB,2026-08-21 17:40:00+00:00,53.575,53.586,53.545,53.555,53245.0,928.0,53.565246
SLB,2026-08-21 17:45:00+00:00,53.555,53.605,53.55,53.59,45230.0,808.0,53.574786
SLB,2026-08-21 17:50:00+00:00,53.585,53.62,53.57,53.5705,55203.0,790.0,53.596851
SLB,2026-08-21 17:55:00+00:00,53.575,53.58,53.545,53.555,37206.0,685.0,53.563411
SLB,2026-08-21 18:00:00+00:00,53.55,53.63,53.535,53.61,54866.0,940.0,53.585516
SLB,2026-08-21 18:05:00+00:00,53.6175,53.72,53.6175,53.675,68280.0,809.0,53.684493
SLB,2026-08-21 18:10:00+00:00,53.675,53.765,53.6505,53.745,51883.0,863.0,53.707546
SLB,2026-08-21 18:15:00+00:00,53.745,53.815,53.7,53.795,54835.0,847.0,53.771121
SLB,2026-08-21 18:20:00+00:00,53.795,53.795,53.735,53.765,49705.0,914.0,53.760664
SLB,2026-08-21 18:25:00+00:00,53.765,53.785,53.73,53.775,54818.0,905.0,53.757197
SLB,2026-08-21 18:30:00+00:00,53.775,53.785,53.71,53.755,65706.0,963.0,53.744815
SLB,2026-08-21 18:35:00+00:00,53.755,53.765,53.71,53.725,36748.0,694.0,53.739719
SLB,2026-08-21 18:40:00+00:00,53.725,53.78,53.7,53.765,29404.0,682.0,53.737753
SLB,2026-08-21 18:45:00+00:00,53.76,53.835,53.75,53.79,38499.0,743.0,53.792314
SLB,2026-08-21 18:50:00+00:00,53.785,53.8283,53.765,53.805,30340.0,657.0,53.799336
SLB,2026-08-21 18:55:00+00:00,53.805,53.82,53.785,53.815,35686.0,723.0,53.802838
SLB,2026-08-21 19:00:00+00:00,53.815,53.815,53.7746,53.795,37880.0,701.0,53.789135
SLB,2026-08-21 19:05:00+00:00,53.795,53.84,53.78,53.84,36366.0,769.0,53.806115
SLB,2026-08-21 19:10:00+00:00,53.83,53.85,53.82,53.83,35126.0,873.0,53.831067
SLB,2026-08-21 19:15:00+00:00,53.84,53.85,53.805,53.805,45936.0,791.0,53.826345
SLB,2026-08-21 19:20:00+00:00,53.8,53.805,53.745,53.76,43404.0,901.0,53.778819
SLB,2026-08-21 19:25:00+00:00,53.755,53.805,53.735,53.805,78095.0,1225.0,53.765617
SLB,2026-08-21 19:30:00+00:00,53.81,53.905,53.81,53.875,60889.0,1106.0,53.868541
SLB,2026-08-21 19:35:00+00:00,53.88,53.91,53.825,53.84,64636.0,1167.0,53.854242
SLB,2026-08-21 19:40:00+00:00,53.84,53.875,53.815,53.845,103728.0,1441.0,53.846265
SLB,2026-08-21 19:45:00+00:00,53.84,53.96,53.84,53.96,154028.0,1822.0,53.916256
SLB,2026-08-21 19:50:00+00:00,53.95,54.0,53.895,53.895,127419.0,2435.0,53.956721
SLB,2026-08-21 19:55:00+00:00,53.89,53.935,53.835,53.87,433288.0,5943.0,53.888451
SLB,2026-08-21 20:00:00+00:00,53.87,53.87,53.87,53.87,1359689.0,113.0,53.87
SLB,2026-08-21 20:05:00+00:00,53.81,53.81,53.67,53.67,885.0,33.0,53.694476
SLB,2026-08-21 20:50:00+00:00,53.6,53.6,53.6,53.6,100.0,1.0,53.6
SLB,2026-08-21 21:00:00+00:00,53.5,53.5,53.5,53.5,1308.0,1.0,53.5
SLB,2026-08-21 22:55:00+00:00,53.8,53.8,53.8,53.8,100.0,1.0,53.8
SLB,2026-08-21 23:05:00+00:00,53.79,53.79,53.79,53.79,202.0,3.0,53.79
SLB,2026-08-24 08:00:00+00:00,53.78,53.78,53.78,53.78,389.0,6.0,53.78
SLB,2026-08-24 11:00:00+00:00,53.53,53.53,53.53,53.53,563.0,19.0,53.53
SLB,2026-08-24 11:30:00+00:00,53.5,53.5,53.5,53.5,110.0,1.0,53.5
SLB,2026-08-24 11:55:00+00:00,53.65,53.65,53.64,53.64,252.0,5.0,53.645
SLB,2026-08-24 12:00:00+00:00,53.61,53.61,53.61,53.61,100.0,1.0,53.61
SLB,2026-08-24 12:20:00+00:00,53.58,53.58,53.56,53.56,500.0,3.0,53.564008
SLB,2026-08-24 13:10:00+00:00,53.5232,53.5232,53.5232,53.5232,100.0,1.0,53.5232
SLB,2026-08-24 13:30:00+00:00,53.62,53.92,53.53,53.625,194092.0,1294.0,53.657968
SLB,2026-08-24 13:35:00+00:00,53.6,53.7,53.365,53.485,71163.0,1031.0,53.568804
SLB,2026-08-24 13:40:00+00:00,53.485,53.52,53.28,53.45,114203.0,1151.0,53.372096
SLB,2026-08-24 13:45:00+00:00,53.465,53.49,53.24,53.245,108878.0,1183.0,53.349998
SLB,2026-08-24 13:50:00+00:00,53.26,53.27,52.94,53.025,80935.0,1200.0,53.098003
SLB,2026-08-24 13:55:00+00:00,53.025,53.14,52.89,52.905,63143.0,783.0,52.982311
SLB,2026-08-24 14:00:00+00:00,52.895,52.895,52.69,52.85,104624.0,1335.0,52.798743
SLB,2026-08-24 14:05:00+00:00,52.865,52.97,52.83,52.83,44486.0,892.0,52.888274
SLB,2026-08-24 14:10:00+00:00,52.87,52.895,52.81,52.86,42605.0,765.0,52.854789
SLB,2026-08-24 14:15:00+00:00,52.85,52.89,52.76,52.86,45300.0,738.0,52.823688
SLB,2026-08-24 14:20:00+00:00,52.845,52.88,52.79,52.8,59379.0,839.0,52.851898
SLB,2026-08-24 14:25:00+00:00,52.8,52.92,52.795,52.8599,55469.0,824.0,52.862215
SLB,2026-08-24 14:30:00+00:00,52.86,53.035,52.855,53.02,63556.0,821.0,52.966211
SLB,2026-08-24 14:35:00+00:00,53.0,53.01,52.885,52.92,36456.0,641.0,52.963907
SLB,2026-08-24 14:40:00+00:00,52.895,52.935,52.83,52.83,38658.0,718.0,52.873411
SLB,2026-08-24 14:45:00+00:00,52.8299,52.835,52.56,52.575,88848.0,1069.0,52.655642
SLB,2026-08-24 14:50:00+00:00,52.57,52.65,52.52,52.642,66954.0,1021.0,52.581653
SLB,2026-08-24 14:55:00+00:00,52.645,52.81,52.58,52.7,341822.0,2486.0,52.697542
SLB,2026-08-24 15:00:00+00:00,52.695,52.77,52.6,52.74,94374.0,1373.0,52.690055
SLB,2026-08-24 15:05:00+00:00,52.74,52.815,52.64,52.81,159312.0,1889.0,52.733791
SLB,2026-08-24 15:10:00+00:00,52.81,52.91,52.715,52.88,95656.0,1243.0,52.838322
SLB,2026-08-24 15:15:00+00:00,52.89,52.89,52.82,52.825,75910.0,1181.0,52.849339
SLB,2026-08-24 15:20:00+00:00,52.82,52.86,52.735,52.815,68430.0,1220.0,52.788939
SLB,2026-08-24 15:25:00+00:00,52.83,52.875,52.795,52.8,89661.0,1413.0,52.832818
SLB,2026-08-24 15:30:00+00:00,52.8,52.87,52.745,52.78,90424.0,1355.0,52.800389
SLB,2026-08-24 15:35:00+00:00,52.77,52.785,52.705,52.75,82416.0,1363.0,52.735494
SLB,2026-08-24 15:40:00+00:00,52.76,52.865,52.755,52.85,56262.0,846.0,52.811078
SLB,2026-08-24 15:45:00+00:00,52.85,53.02,52.84,52.85,76029.0,1133.0,52.924835
SLB,2026-08-24 15:50:00+00:00,52.85,52.905,52.76,52.88,114259.0,1199.0,52.819698
SLB,2026-08-24 15:55:00+00:00,52.885,52.95,52.85,52.93,44812.0,797.0,52.905724
SLB,2026-08-24 16:00:00+00:00,52.94,53.02,52.94,53.02,63947.0,989.0,52.975775
SLB,2026-08-24 16:05:00+00:00,53.02,53.055,52.93,52.935,55485.0,746.0,53.00418
SLB,2026-08-24 16:10:00+00:00,52.93,53.0,52.87,52.96,59844.0,886.0,52.949937
SLB,2026-08-24 16:15:00+00:00,52.955,52.99,52.91,52.98,107946.0,696.0,52.957209
SLB,2026-08-24 16:20:00+00:00,52.97,53.04,52.905,53.04,57979.0,747.0,52.98053
SLB,2026-08-24 16:25:00+00:00,53.04,53.175,53.035,53.17,41126.0,667.0,53.119413
SLB,2026-08-24 16:30:00+00:00,53.165,53.18,53.095,53.17,98259.0,998.0,53.137485
SLB,2026-08-24 16:35:00+00:00,53.175,53.19,53.06,53.13,48527.0,818.0,53.127212
SLB,2026-08-24 16:40:00+00:00,53.12,53.16,53.1,53.15,36391.0,747.0,53.127329
SLB,2026-08-24 16:45:00+00:00,53.15,53.155,53.095,53.155,44635.0,812.0,53.120522
SLB,2026-08-24 16:50:00+00:00,53.155,53.19,53.12,53.15,31344.0,586.0,53.155429
SLB,2026-08-24 16:55:00+00:00,53.155,53.17,53.1201,53.135,36308.0,740.0,53.153446
SLB,2026-08-24 17:00:00+00:00,53.13,53.13,53.05,53.1,32185.0,702.0,53.089688
SLB,2026-08-24 17:05:00+00:00,53.1,53.18,53.1,53.175,34074.0,700.0,53.146593
SLB,2026-08-24 17:10:00+00:00,53.175,53.23,53.175,53.215,39283.0,739.0,53.205486
SLB,2026-08-24 17:15:00+00:00,53.205,53.22,53.1,53.115,61751.0,1016.0,53.179751
SLB,2026-08-24 17:20:00+00:00,53.12,53.13,53.02,53.075,91224.0,1289.0,53.07285
SLB,2026-08-24 17:25:00+00:00,53.07,53.525,53.05,53.49,456179.0,4242.0,53.335992
SLB,2026-08-24 17:30:00+00:00,53.49,53.5592,53.38,53.49,162581.0,2005.0,53.455097
SLB,2026-08-24 17:35:00+00:00,53.49,53.535,53.47,53.505,62864.0,869.0,53.504643
SLB,2026-08-24 17:40:00+00:00,53.51,53.535,53.43,53.43,59625.0,905.0,53.478255
SLB,2026-08-24 17:45:00+00:00,53.44,53.53,53.42,53.495,48674.0,935.0,53.48317
SLB,2026-08-24 17:50:00+00:00,53.4971,53.5,53.425,53.45,53427.0,803.0,53.471943
SLB,2026-08-24 17:55:00+00:00,53.46,53.52,53.445,53.45,32547.0,666.0,53.493248
SLB,2026-08-24 18:00:00+00:00,53.44,53.52,53.44,53.515,34633.0,752.0,53.486571
SLB,2026-08-24 18:05:00+00:00,53.515,53.555,53.49,53.515,50202.0,851.0,53.519057
SLB,2026-08-24 18:10:00+00:00,53.52,53.585,53.48,53.585,47723.0,847.0,53.521204
SLB,2026-08-24 18:15:00+00:00,53.58,53.68,53.565,53.61,105511.0,1084.0,53.633837
SLB,2026-08-24 18:20:00+00:00,53.62,53.7,53.6,53.695,54345.0,867.0,53.666036
SLB,2026-08-24 18:25:00+00:00,53.695,53.745,53.575,53.735,112031.0,1128.0,53.662373
SLB,2026-08-24 18:30:00+00:00,53.73,53.795,53.695,53.795,98714.0,1020.0,53.741982
SLB,2026-08-24 18:35:00+00:00,53.795,53.84,53.755,53.835,96914.0,1134.0,53.793207
SLB,2026-08-24 18:40:00+00:00,53.835,53.935,53.825,53.905,82609.0,1059.0,53.87878
SLB,2026-08-24 18:45:00+00:00,53.9,53.935,53.835,53.845,74960.0,1116.0,53.889753
SLB,2026-08-24 18:50:00+00:00,53.845,53.9395,53.84,53.915,61731.0,1044.0,53.899607
SLB,2026-08-24 18:55:00+00:00,53.915,53.925,53.8,53.805,65431.0,1112.0,53.880956
SLB,2026-08-24 19:00:00+00:00,53.81,53.8623,53.76,53.85,55678.0,1004.0,53.802331
SLB,2026-08-24 19:05:00+00:00,53.84,53.905,53.8,53.825,129440.0,1587.0,53.844526
SLB,2026-08-24 19:10:00+00:00,53.82,53.925,53.81,53.905,49482.0,976.0,53.887868
SLB,2026-08-24 19:15:00+00:00,53.895,53.93,53.8811,53.885,72540.0,1131.0,53.907993
SLB,2026-08-24 19:20:00+00:00,53.89,53.925,53.88,53.905,55779.0,949.0,53.900077
SLB,2026-08-24 19:25:00+00:00,53.9,53.95,53.9,53.9151,57895.0,1036.0,53.927645
SLB,2026-08-24 19:30:00+00:00,53.915,54.035,53.88,53.995,90085.0,1344.0,53.974388
SLB,2026-08-24 19:35:00+00:00,53.99,54.025,53.97,53.98,86565.0,1390.0,53.993374
SLB,2026-08-24 19:40:00+00:00,53.975,53.985,53.92,53.95,92881.0,1452.0,53.952115
SLB,2026-08-24 19:45:00+00:00,53.95,54.035,53.94,54.03,147364.0,2022.0,53.994336
SLB,2026-08-24 19:50:00+00:00,54.04,54.075,54.02,54.0601,191626.0,2782.0,54.046788
SLB,2026-08-24 19:55:00+00:00,54.07,54.085,53.97,54.005,554330.0,6706.0,54.034063
SLB,2026-08-24 20:00:00+00:00,54.0,54.0,54.0,54.0,4138407.0,84.0,54.0
SLB,2026-08-24 21:05:00+00:00,53.66,53.66,53.66,53.66,200.0,1.0,53.66
SLB,2026-08-24 22:50:00+00:00,54.0,54.0,54.0,54.0,100.0,1.0,54.0
SLB,2026-08-24 22:55:00+00:00,54.0,54.0,54.0,54.0,100.0,1.0,54.0
SLB,2026-08-25 08:00:00+00:00,54.01,54.01,54.01,54.01,200.0,1.0,54.01
SLB,2026-08-25 08:20:00+00:00,54.24,54.24,54.24,54.24,102.0,1.0,54.24
SLB,2026-08-25 08:50:00+00:00,53.7414,53.7414,53.7414,53.7414,102.0,1.0,53.7414
SLB,2026-08-25 09:30:00+00:00,53.97,53.98,53.97,53.98,305.0,3.0,53.975
SLB,2026-08-25 09:45:00+00:00,53.76,53.76,53.76,53.76,267.0,7.0,53.76
SLB,2026-08-25 09:50:00+00:00,53.74,53.74,53.58,53.58,2845.0,95.0,53.692689
SLB,2026-08-25 11:00:00+00:00,53.77,53.77,53.77,53.77,297.0,5.0,53.77
SLB,2026-08-25 11:10:00+00:00,53.77,53.8,53.77,53.8,556.0,14.0,53.783491
SLB,2026-08-25 11:50:00+00:00,53.53,53.53,53.51,53.51,858.0,5.0,53.521638
SLB,2026-08-25 12:15:00+00:00,53.78,53.78,53.78,53.78,101.0,2.0,53.78
SLB,2026-08-25 12:30:00+00:00,53.6,53.6,53.6,53.6,1000.0,1.0,53.6
SLB,2026-08-25 12:55:00+00:00,53.64,53.65,53.6,53.6,1199.0,15.0,53.618947
SLB,2026-08-25 13:00:00+00:00,53.61,53.61,53.61,53.61,101.0,2.0,53.61
SLB,2026-08-25 13:05:00+00:00,53.57,53.57,53.53,53.53,1008.0,27.0,53.548461
SLB,2026-08-25 13:10:00+00:00,53.88,53.88,53.88,53.88,100.0,1.0,53.88
SLB,2026-08-25 13:15:00+00:00,53.1,53.1,53.1,53.1,278.0,2.0,53.1
SLB,2026-08-25 13:20:00+00:00,53.42,53.42,53.42,53.42,990.0,267.0,53.42
SLB,2026-08-25 13:30:00+00:00,53.6,54.37,53.395,54.37,225281.0,1602.0,53.730071
SLB,2026-08-25 13:35:00+00:00,54.38,54.4,53.947,53.947,159166.0,1442.0,54.148962
SLB,2026-08-25 13:40:00+00:00,53.95,54.01,53.7901,53.805,64903.0,923.0,53.893114
SLB,2026-08-25 13:45:00+00:00,53.815,53.88,53.7,53.7,152606.0,1470.0,53.811511
SLB,2026-08-25 13:50:00+00:00,53.715,53.83,53.67,53.7,134077.0,1200.0,53.757658
SLB,2026-08-25 13:55:00+00:00,53.685,53.705,53.52,53.62,92177.0,1193.0,53.635925
SLB,2026-08-25 14:00:00+00:00,53.59,53.72,53.52,53.71,73135.0,1057.0,53.625893
SLB,2026-08-25 14:05:00+00:00,53.72,53.95,53.72,53.85,119180.0,1271.0,53.842038
SLB,2026-08-25 14:10:00+00:00,53.85,53.96,53.65,53.66,163365.0,1828.0,53.791574
SLB,2026-08-25 14:15:00+00:00,53.665,53.75,53.62,53.67,72497.0,1035.0,53.682427
SLB,2026-08-25 14:20:00+00:00,53.66,53.785,53.635,53.765,67002.0,980.0,53.714527
SLB,2026-08-25 14:25:00+00:00,53.765,53.83,53.725,53.745,71009.0,954.0,53.785118
SLB,2026-08-25 14:30:00+00:00,53.75,53.82,53.69,53.79,137833.0,1932.0,53.73773
SLB,2026-08-25 14:35:00+00:00,53.78,53.95,53.765,53.91,44368.0,663.0,53.855364
SLB,2026-08-25 14:40:00+00:00,53.915,53.925,53.795,53.83,49022.0,788.0,53.855594
SLB,2026-08-25 14:45:00+00:00,53.825,53.825,53.665,53.675,64560.0,899.0,53.740347
SLB,2026-08-25 14:50:00+00:00,53.675,53.77,53.66,53.715,80750.0,940.0,53.725954
SLB,2026-08-25 14:55:00+00:00,53.715,53.85,53.675,53.845,124730.0,960.0,53.73821
SLB,2026-08-25 15:00:00+00:00,53.85,53.98,53.85,53.94,50233.0,858.0,53.914228
SLB,2026-08-25 15:05:00+00:00,53.93,53.99,53.915,53.94,46857.0,732.0,53.950203
SLB,2026-08-25 15:10:00+00:00,53.95,54.03,53.92,54.02,67174.0,911.0,53.987112
SLB,2026-08-25 15:15:00+00:00,54.005,54.055,53.99,54.05,66772.0,781.0,54.019611
SLB,2026-08-25 15:20:00+00:00,54.045,54.11,54.02,54.1001,49662.0,816.0,54.04409
SLB,2026-08-25 15:25:00+00:00,54.105,54.11,54.035,54.11,55307.0,906.0,54.074726
SLB,2026-08-25 15:30:00+00:00,54.12,54.17,54.115,54.14,62505.0,949.0,54.141866
SLB,2026-08-25 15:35:00+00:00,54.155,54.18,53.895,53.905,125507.0,1667.0,54.055145
SLB,2026-08-25 15:40:00+00:00,53.905,53.935,53.81,53.855,86018.0,1332.0,53.878877
SLB,2026-08-25 15:45:00+00:00,53.865,53.935,53.82,53.925,59541.0,870.0,53.883144
SLB,2026-08-25 15:50:00+00:00,53.93,53.945,53.87,53.895,59009.0,831.0,53.912873
SLB,2026-08-25 15:55:00+00:00,53.9,54.035,53.9,54.01,43084.0,704.0,53.984009
SLB,2026-08-25 16:00:00+00:00,54.0,54.015,53.89,53.91,54934.0,949.0,53.948575
SLB,2026-08-25 16:05:00+00:00,53.92,53.975,53.84,53.845,77019.0,985.0,53.895792
SLB,2026-08-25 16:10:00+00:00,53.85,53.87,53.64,53.655,56772.0,880.0,53.791045
SLB,2026-08-25 16:15:00+00:00,53.66,53.745,53.645,53.705,71015.0,1132.0,53.693691
SLB,2026-08-25 16:20:00+00:00,53.705,53.74,53.67,53.735,43235.0,748.0,53.704301
SLB,2026-08-25 16:25:00+00:00,53.735,53.745,53.56,53.6,57969.0,887.0,53.668923
SLB,2026-08-25 16:30:00+00:00,53.605,53.61,53.54,53.56,41039.0,740.0,53.581041
SLB,2026-08-25 16:35:00+00:00,53.565,53.565,53.51,53.525,24232.0,531.0,53.530704
SLB,2026-08-25 16:40:00+00:00,53.525,53.535,53.46,53.49,54602.0,815.0,53.501984
SLB,2026-08-25 16:45:00+00:00,53.5,53.535,53.4801,53.525,28877.0,655.0,53.502302
SLB,2026-08-25 16:50:00+00:00,53.52,53.52,53.44,53.49,22125.0,616.0,53.487073
SLB,2026-08-25 16:55:00+00:00,53.5,53.53,53.4775,53.485,28498.0,616.0,53.499035
SLB,2026-08-25 17:00:00+00:00,53.485,53.485,53.39,53.39,33944.0,626.0,53.444578
SLB,2026-08-25 17:05:00+00:00,53.385,53.42,53.36,53.39,38530.0,662.0,53.396638
SLB,2026-08-25 17:10:00+00:00,53.385,53.415,53.37,53.415,23170.0,516.0,53.390911
SLB,2026-08-25 17:15:00+00:00,53.415,53.42,53.325,53.34,25836.0,489.0,53.381766
SLB,2026-08-25 17:20:00+00:00,53.345,53.35,53.27,53.285,31301.0,612.0,53.303395
SLB,2026-08-25 17:25:00+00:00,53.28,53.3,53.19,53.205,34965.0,699.0,53.249158
SLB,2026-08-25 17:30:00+00:00,53.205,53.315,53.205,53.255,76189.0,1059.0,53.254374
SLB,2026-08-25 17:35:00+00:00,53.25,53.295,53.18,53.18,61396.0,824.0,53.250504
SLB,2026-08-25 17:40:00+00:00,53.185,53.2,53.12,53.145,61429.0,864.0,53.159304
SLB,2026-08-25 17:45:00+00:00,53.14,54.9,52.96,53.47,1661592.0,19525.0,53.648617
SLB,2026-08-25 17:50:00+00:00,53.43,53.44,53.04,53.12,255213.0,2785.0,53.195294
SLB,2026-08-25 17:55:00+00:00,53.1395,53.21,52.96,52.98,104912.0,1469.0,53.095533
SLB,2026-08-25 18:00:00+00:00,52.98,53.145,52.97,53.14,89535.0,1326.0,53.055817
SLB,2026-08-25 18:05:00+00:00,53.14,53.215,53.1,53.13,76402.0,1161.0,53.160402
SLB,2026-08-25 18:10:00+00:00,53.135,53.285,53.08,53.255,80973.0,1116.0,53.195664
SLB,2026-08-25 18:15:00+00:00,53.255,53.36,53.23,53.355,89872.0,1213.0,53.302084
SLB,2026-08-25 18:20:00+00:00,53.3568,53.43,53.33,53.41,79257.0,1029.0,53.369304
SLB,2026-08-25 18:25:00+00:00,53.4099,53.44,53.3601,53.42,70102.0,1010.0,53.409069
SLB,2026-08-25 18:30:00+00:00,53.41,53.575,53.41,53.55,77288.0,1134.0,53.481435
SLB,2026-08-25 18:35:00+00:00,53.55,53.62,53.55,53.585,56926.0,906.0,53.583127
SLB,2026-08-25 18:40:00+00:00,53.585,53.63,53.565,53.61,55130.0,930.0,53.598596
SLB,2026-08-25 18:45:00+00:00,53.61,53.665,53.435,53.53,113312.0,1461.0,53.56331
SLB,2026-08-25 18:50:00+00:00,53.54,53.57,53.455,53.455,95423.0,1224.0,53.5096
SLB,2026-08-25 18:55:00+00:00,53.455,53.525,53.44,53.47,63541.0,1102.0,53.47809
SLB,2026-08-25 19:00:00+00:00,53.465,53.465,53.41,53.445,79415.0,1186.0,53.439384
SLB,2026-08-25 19:05:00+00:00,53.445,53.495,53.29,53.3,73066.0,1078.0,53.404545
SLB,2026-08-25 19:10:00+00:00,53.3,53.3,53.135,53.195,203766.0,1979.0,53.196754
SLB,2026-08-25 19:15:00+00:00,53.2,53.28,53.135,53.135,79909.0,1348.0,53.214594
SLB,2026-08-25 19:20:00+00:00,53.135,53.24,53.13,53.205,69071.0,1265.0,53.182506
SLB,2026-08-25 19:25:00+00:00,53.205,53.265,53.185,53.255,79934.0,1374.0,53.236132
SLB,2026-08-25 19:30:00+00:00,53.255,53.33,53.22,53.315,101229.0,1693.0,53.259673
SLB,2026-08-25 19:35:00+00:00,53.31,53.315,53.235,53.245,118225.0,1646.0,53.287854
SLB,2026-08-25 19:40:00+00:00,53.245,53.245,53.125,53.14,111207.0,1588.0,53.195492
SLB,2026-08-25 19:45:00+00:00,53.14,53.29,53.13,53.28,175792.0,2400.0,53.183685
SLB,2026-08-25 19:50:00+00:00,53.31,53.345,53.255,53.27,200925.0,2333.0,53.306292
SLB,2026-08-25 19:55:00+00:00,53.27,53.34,53.22,53.3,687485.0,7708.0,53.289454
SLB,2026-08-25 20:00:00+00:00,53.29,53.29,52.58,53.29,2089329.0,184.0,53.289249
SLB,2026-08-25 20:05:00+00:00,53.338,53.59,53.29,53.29,3729.0,25.0,53.304195
SLB,2026-08-25 20:10:00+00:00,53.26,53.26,52.8,53.0,3741.0,41.0,53.135526
SLB,2026-08-25 20:15:00+00:00,52.94,52.94,52.8,52.8,5049.0,41.0,52.808328
SLB,2026-08-25 20:35:00+00:00,53.3574,53.3574,53.3574,53.3574,100.0,1.0,53.3574
SLB,2026-08-25 21:05:00+00:00,53.38,53.38,53.38,53.38,242.0,13.0,53.38
SLB,2026-08-25 21:10:00+00:00,53.3169,53.3169,53.3169,53.3169,100.0,1.0,53.3169
SLB,2026-08-25 22:15:00+00:00,53.02,53.02,53.0,53.01,4511.0,12.0,53.001333
SLB,2026-08-25 23:15:00+00:00,53.23,53.23,53.23,53.23,200.0,2.0,53.23
SLB,2026-08-25 23:40:00+00:00,53.2,53.2,53.2,53.2,753.0,2.0,53.2
SLB,2026-08-26 11:35:00+00:00,52.55,52.78,52.55,52.78,638.0,18.0,52.7225
SLB,2026-08-26 12:20:00+00:00,53.5,53.5,53.09,53.28,1455.0,15.0,53.381728
SLB,2026-08-26 12:25:00+00:00,52.8,52.8,52.8,52.8,300.0,3.0,52.8
SLB,2026-08-26 12:45:00+00:00,52.83,52.83,52.82,52.82,990.0,4.0,52.821026
SLB,2026-08-26 13:00:00+00:00,52.85,52.85,52.85,52.85,220.0,2.0,52.85
SLB,2026-08-26 13:05:00+00:00,52.9611,52.9611,52.9611,52.9611,2000.0,1.0,52.9611
SLB,2026-08-26 13:20:00+00:00,52.85,52.85,52.79,52.79,2861.0,16.0,52.799671
SLB,2026-08-26 13:25:00+00:00,52.96,52.96,52.38,52.51,1666.0,33.0,52.554447
SLB,2026-08-26 13:30:00+00:00,52.55,52.55,52.13,52.14,360966.0,1683.0,52.454374
SLB,2026-08-26 13:35:00+00:00,52.18,52.31,51.98,52.25,87818.0,1177.0,52.129834
SLB,2026-08-26 13:40:00+00:00,52.25,52.87,52.24,52.605,99709.0,1185.0,52.570473
SLB,2026-08-26 13:45:00+00:00,52.605,52.81,52.605,52.78,121128.0,1398.0,52.731189
SLB,2026-08-26 13:50:00+00:00,52.77,53.16,52.68,53.115,130260.0,1657.0,53.014227
SLB,2026-08-26 13:55:00+00:00,53.125,53.23,53.01,53.01,157682.0,1308.0,53.150045
SLB,2026-08-26 14:00:00+00:00,53.025,53.355,53.02,53.325,151611.0,1342.0,53.162341
SLB,2026-08-26 14:05:00+00:00,53.33,53.37,53.26,53.36,167038.0,1556.0,53.329135
SLB,2026-08-26 14:10:00+00:00,53.36,53.495,53.325,53.48,70534.0,1078.0,53.419232
SLB,2026-08-26 14:15:00+00:00,53.47,53.7,53.44,53.685,91633.0,1322.0,53.553924
SLB,2026-08-26 14:20:00+00:00,53.68,53.875,53.665,53.84,86323.0,1230.0,53.776448
SLB,2026-08-26 14:25:00+00:00,53.83,53.84,53.73,53.74,66810.0,961.0,53.783675
SLB,2026-08-26 14:30:00+00:00,53.74,53.91,53.74,53.82,114895.0,1636.0,53.845649
SLB,2026-08-26 14:35:00+00:00,53.81,53.855,53.7,53.775,86841.0,1307.0,53.788062
SLB,2026-08-26 14:40:00+00:00,53.78,53.86,53.6827,53.74,74557.0,1032.0,53.791881
SLB,2026-08-26 14:45:00+00:00,53.735,53.75,53.57,53.59,90278.0,1195.0,53.682481
SLB,2026-08-26 14:50:00+00:00,53.59,53.65,53.475,53.5,58474.0,971.0,53.560237
SLB,2026-08-26 14:55:00+00:00,53.505,53.52,53.395,53.48,70068.0,995.0,53.449442
SLB,2026-08-26 15:00:00+00:00,53.485,53.515,53.43,53.47,68139.0,1022.0,53.470261
SLB,2026-08-26 15:05:00+00:00,53.46,53.515,53.43,53.46,38905.0,732.0,53.469664
SLB,2026-08-26 15:10:00+00:00,53.45,53.565,53.43,53.545,96582.0,1238.0,53.486701
SLB,2026-08-26 15:15:00+00:00,53.56,53.615,53.51,53.575,58245.0,834.0,53.574749
SLB,2026-08-26 15:20:00+00:00,53.575,53.61,53.44,53.57,139251.0,1159.0,53.509728
SLB,2026-08-26 15:25:00+00:00,53.58,53.605,53.465,53.48,51533.0,835.0,53.541858
SLB,2026-08-26 15:30:00+00:00,53.48,53.56,53.42,53.55,93964.0,1085.0,53.477473
SLB,2026-08-26 15:35:00+00:00,53.54,53.54,53.405,53.42,60663.0,740.0,53.487244
SLB,2026-08-26 15:40:00+00:00,53.4239,53.485,53.4239,53.435,41668.0,676.0,53.457108
SLB,2026-08-26 15:45:00+00:00,53.44,53.5,53.405,53.44,68909.0,943.0,53.450476
SLB,2026-08-26 15:50:00+00:00,53.435,53.54,53.425,53.48,50534.0,835.0,53.476887
SLB,2026-08-26 15:55:00+00:00,53.485,53.66,53.485,53.655,96814.0,1457.0,53.562051
SLB,2026-08-26 16:00:00+00:00,53.65,53.755,53.56,53.635,133828.0,1849.0,53.693524
SLB,2026-08-26 16:05:00+00:00,53.63,53.635,53.54,53.55,41669.0,816.0,53.596938
SLB,2026-08-26 16:10:00+00:00,53.54,53.59,53.44,53.565,58205.0,989.0,53.551272
SLB,2026-08-26 16:15:00+00:00,53.565,53.65,53.24,53.57,93274.0,1444.0,53.572319
SLB,2026-08-26 16:20:00+00:00,53.58,53.61,53.56,53.565,43039.0,698.0,53.582909
SLB,2026-08-26 16:25:00+00:00,53.565,53.605,53.542,53.56,34744.0,761.0,53.570548
SLB,2026-08-26 16:30:00+00:00,53.56,53.575,53.495,53.565,46361.0,763.0,53.541976
SLB,2026-08-26 16:35:00+00:00,53.565,53.58,53.485,53.485,31000.0,592.0,53.530386
SLB,2026-08-26 16:40:00+00:00,53.48,53.505,53.45,53.45,46981.0,722.0,53.475528
SLB,2026-08-26 16:45:00+00:00,53.45,53.46,53.44,53.455,28790.0,597.0,53.451807
SLB,2026-08-26 16:50:00+00:00,53.46,53.52,53.455,53.465,26409.0,592.0,53.483371
SLB,2026-08-26 16:55:00+00:00,53.465,53.555,53.46,53.495,60911.0,999.0,53.514204
SLB,2026-08-26 17:00:00+00:00,53.5,53.51,53.42,53.42,60459.0,768.0,53.492094
SLB,2026-08-26 17:05:00+00:00,53.41,53.46,53.38,53.39,90593.0,860.0,53.399816
SLB,2026-08-26 17:10:00+00:00,53.381,53.425,53.37,53.39,49310.0,660.0,53.378855
SLB,2026-08-26 17:15:00+00:00,53.39,53.45,53.38,53.395,57454.0,790.0,53.404115
SLB,2026-08-26 17:20:00+00:00,53.4,53.44,53.39,53.43,20564.0,520.0,53.409125
SLB,2026-08-26 17:25:00+00:00,53.42,53.42,53.35,53.365,40340.0,745.0,53.379177
SLB,2026-08-26 17:30:00+00:00,53.365,53.43,53.365,53.415,27761.0,659.0,53.392076
SLB,2026-08-26 17:35:00+00:00,53.4203,53.425,53.325,53.325,22549.0,559.0,53.374328
SLB,2026-08-26 17:40:00+00:00,53.32,53.335,53.25,53.265,37295.0,706.0,53.2937
SLB,2026-08-26 17:45:00+00:00,53.28,53.36,53.28,53.349,87765.0,1426.0,53.315384
SLB,2026-08-26 17:50:00+00:00,53.35,53.355,53.3,53.345,43575.0,813.0,53.332493
SLB,2026-08-26 17:55:00+00:00,53.34,53.34,53.21,53.22,73693.0,1238.0,53.273974
SLB,2026-08-26 18:00:00+00:00,53.21,53.21,53.11,53.145,38746.0,760.0,53.134984
SLB,2026-08-26 18:05:00+00:00,53.15,53.195,53.12,53.135,37452.0,713.0,53.167166
SLB,2026-08-26 18:10:00+00:00,53.14,53.26,53.135,53.26,35507.0,734.0,53.210731
SLB,2026-08-26 18:15:00+00:00,53.251,53.335,53.245,53.335,52622.0,743.0,53.28412
SLB,2026-08-26 18:20:00+00:00,53.33,53.34,53.215,53.215,45746.0,801.0,53.285294
SLB,2026-08-26 18:25:00+00:00,53.21,53.275,53.14,53.275,91337.0,1172.0,53.186989
SLB,2026-08-26 18:30:00+00:00,53.275,53.295,53.205,53.205,39711.0,763.0,53.249435
SLB,2026-08-26 18:35:00+00:00,53.21,53.28,53.21,53.28,39925.0,692.0,53.250633
SLB,2026-08-26 18:40:00+00:00,53.275,53.305,53.27,53.305,52280.0,820.0,53.284595
SLB,2026-08-26 18:45:00+00:00,53.3,53.32,53.28,53.305,42852.0,645.0,53.297212
SLB,2026-08-26 18:50:00+00:00,53.305,53.42,53.29,53.4,57660.0,905.0,53.338337
SLB,2026-08-26 18:55:00+00:00,53.39,53.455,53.39,53.445,56482.0,791.0,53.418723
SLB,2026-08-26 19:00:00+00:00,53.45,53.489,53.41,53.48,64215.0,950.0,53.467241
SLB,2026-08-26 19:05:00+00:00,53.48,53.51,53.43,53.505,50665.0,758.0,53.482445
SLB,2026-08-26 19:10:00+00:00,53.51,53.59,53.51,53.565,60948.0,920.0,53.562289
SLB,2026-08-26 19:15:00+00:00,53.565,53.59,53.5,53.51,50775.0,900.0,53.554616
SLB,2026-08-26 19:20:00+00:00,53.515,53.59,53.49,53.58,62262.0,944.0,53.531431
SLB,2026-08-26 19:25:00+00:00,53.58,53.58,53.48,53.53,63380.0,992.0,53.518511
SLB,2026-08-26 19:30:00+00:00,53.54,53.58,53.52,53.55,96131.0,1205.0,53.555615
SLB,2026-08-26 19:35:00+00:00,53.55,53.6,53.52,53.59,87758.0,1282.0,53.567617
SLB,2026-08-26 19:40:00+00:00,53.58,53.65,53.575,53.645,128154.0,1552.0,53.621222
SLB,2026-08-26 19:45:00+00:00,53.645,53.69,53.63,53.6377,143887.0,1742.0,53.660773
SLB,2026-08-26 19:50:00+00:00,53.635,53.705,53.6,53.65,151159.0,2104.0,53.669877
SLB,2026-08-26 19:55:00+00:00,53.655,53.69,53.58,53.6,570890.0,6078.0,53.626053
SLB,2026-08-26 20:00:00+00:00,53.6,53.6,53.6,53.6,1522450.0,87.0,53.6
SLB,2026-08-26 20:20:00+00:00,53.6,53.6,53.6,53.6,195.0,2.0,53.6
SLB,2026-08-26 20:25:00+00:00,53.6,53.6,53.6,53.6,52260.0,1.0,53.6
SLB,2026-08-26 21:05:00+00:00,53.1,53.1,53.1,53.1,430.0,6.0,53.1
SLB,2026-08-26 22:10:00+00:00,53.54,53.54,53.5018,53.5018,400.0,2.0,53.5209
SLB,2026-08-26 23:25:00+00:00,53.54,53.55,53.54,53.54,840.0,6.0,53.543333
SLB,2026-08-26 23:30:00+00:00,53.55,53.55,53.55,53.55,207.0,2.0,53.55
SLB,2026-08-27 08:00:00+00:00,53.0436,53.0483,53.0427,53.0453,3569.0,73.0,53.044657
SLB,2026-08-27 11:30:00+00:00,53.4,53.4,53.38,53.38,671.0,4.0,53.387988
SLB,2026-08-27 11:35:00+00:00,53.38,53.38,53.37,53.37,482.0,14.0,53.375
SLB,2026-08-27 11:45:00+00:00,53.07,53.07,53.01,53.01,900.0,8.0,53.028247
SLB,2026-08-27 12:15:00+00:00,53.355,53.355,53.355,53.355,150.0,2.0,53.355
SLB,2026-08-27 13:20:00+00:00,53.31,53.31,53.3,53.3,578.0,14.0,53.305
SLB,2026-08-27 13:30:00+00:00,53.17,53.84,53.08,53.66,248803.0,1938.0,53.38245
SLB,2026-08-27 13:35:00+00:00,53.66,54.02,53.63,53.9,102720.0,1165.0,53.888576
SLB,2026-08-27 13:40:00+00:00,53.895,53.94,53.38,53.41,141836.0,1664.0,53.698492
SLB,2026-08-27 13:45:00+00:00,53.38,53.53,53.3088,53.475,87238.0,977.0,53.430298
SLB,2026-08-27 13:50:00+00:00,53.48,53.715,53.475,53.69,51371.0,860.0,53.597836
SLB,2026-08-27 13:55:00+00:00,53.705,53.705,53.47,53.495,58632.0,847.0,53.583257
SLB,2026-08-27 14:00:00+00:00,53.48,53.48,53.315,53.33,73275.0,919.0,53.411693
SLB,2026-08-27 14:05:00+00:00,53.34,53.6,53.3,53.47,118046.0,1576.0,53.461287
SLB,2026-08-27 14:10:00+00:00,53.46,53.51,53.4219,53.462,59411.0,915.0,53.468873
SLB,2026-08-27 14:15:00+00:00,53.46,53.66,53.44,53.66,94268.0,1261.0,53.530849
SLB,2026-08-27 14:20:00+00:00,53.66,53.84,53.66,53.755,47843.0,771.0,53.759619
SLB,2026-08-27 14:25:00+00:00,53.755,53.795,53.64,53.65,50680.0,880.0,53.702815
SLB,2026-08-27 14:30:00+00:00,53.66,53.73,53.62,53.675,49817.0,1013.0,53.676444
SLB,2026-08-27 14:35:00+00:00,53.675,53.79,53.675,53.775,61199.0,1131.0,53.729907
SLB,2026-08-27 14:40:00+00:00,53.76,53.89,53.75,53.8,56265.0,925.0,53.819803
SLB,2026-08-27 14:45:00+00:00,53.8,53.84,53.745,53.765,104759.0,1714.0,53.796792
SLB,2026-08-27 14:50:00+00:00,53.765,53.78,53.68,53.73,123087.0,1182.0,53.762691
SLB,2026-08-27 14:55:00+00:00,53.73,53.74,53.62,53.645,100927.0,1349.0,53.656933
SLB,2026-08-27 15:00:00+00:00,53.65,53.715,53.63,53.665,60279.0,1018.0,53.666388
SLB,2026-08-27 15:05:00+00:00,53.66,53.745,53.63,53.745,74709.0,1192.0,53.686661
SLB,2026-08-27 15:10:00+00:00,53.745,53.84,53.685,53.8021,69814.0,1149.0,53.764031
SLB,2026-08-27 15:15:00+00:00,53.8084,53.875,53.79,53.84,44797.0,860.0,53.839964
SLB,2026-08-27 15:20:00+00:00,53.83,53.95,53.83,53.95,101172.0,1230.0,53.893028
SLB,2026-08-27 15:25:00+00:00,53.945,53.955,53.9,53.91,56069.0,871.0,53.928022
SLB,2026-08-27 15:30:00+00:00,53.915,53.96,53.8,53.81,117549.0,1362.0,53.882993
SLB,2026-08-27 15:35:00+00:00,53.81,53.845,53.73,53.74,35676.0,773.0,53.795563
SLB,2026-08-27 15:40:00+00:00,53.7351,53.79,53.725,53.74,52099.0,839.0,53.74848
SLB,2026-08-27 15:45:00+00:00,53.74,53.82,53.73,53.82,34326.0,730.0,53.777012
SLB,2026-08-27 15:50:00+00:00,53.82,53.9,53.81,53.875,131279.0,789.0,53.863858
SLB,2026-08-27 15:55:00+00:00,53.87,53.925,53.865,53.915,29119.0,711.0,53.894951
SLB,2026-08-27 16:00:00+00:00,53.915,54.0,53.915,53.985,41390.0,740.0,53.969563
SLB,2026-08-27 16:05:00+00:00,53.99,54.01,53.915,53.915,46106.0,870.0,53.97356
SLB,2026-08-27 16:10:00+00:00,53.91,53.91,53.755,53.775,45832.0,701.0,53.834311
SLB,2026-08-27 16:15:00+00:00,53.77,53.785,53.725,53.765,33223.0,627.0,53.75313
SLB,2026-08-27 16:20:00+00:00,53.765,53.785,53.74,53.76,26881.0,592.0,53.764622
SLB,2026-08-27 16:25:00+00:00,53.76,53.77,53.58,53.58,32148.0,685.0,53.660525
SLB,2026-08-27 16:30:00+00:00,53.565,53.735,53.555,53.72,39024.0,685.0,53.654172
SLB,2026-08-27 16:35:00+00:00,53.715,53.745,53.7,53.705,20814.0,468.0,53.718356
SLB,2026-08-27 16:40:00+00:00,53.725,53.75,53.72,53.73,19872.0,438.0,53.736392
SLB,2026-08-27 16:45:00+00:00,53.735,53.86,53.725,53.83,48206.0,688.0,53.761914
SLB,2026-08-27 16:50:00+00:00,53.83,53.885,53.8,53.885,28721.0,615.0,53.846253
SLB,2026-08-27 16:55:00+00:00,53.895,53.9,53.84,53.86,21399.0,493.0,53.870627
SLB,2026-08-27 17:00:00+00:00,53.875,53.88,53.82,53.845,30042.0,697.0,53.848907
SLB,2026-08-27 17:05:00+00:00,53.85,54.305,53.85,54.29,295985.0,3308.0,54.133547
SLB,2026-08-27 17:10:00+00:00,54.29,54.33,54.15,54.17,187897.0,2102.0,54.227579
SLB,2026-08-27 17:15:00+00:00,54.18,54.99,54.18,54.895,654445.0,6045.0,54.610268
SLB,2026-08-27 17:20:00+00:00,54.93,54.955,54.5806,54.595,270266.0,2802.0,54.798075
SLB,2026-08-27 17:25:00+00:00,54.59,54.82,54.52,54.7,271786.0,3062.0,54.700267
SLB,2026-08-27 17:30:00+00:00,54.71,55.08,54.67,55.06,595498.0,5079.0,54.915075
SLB,2026-08-27 17:35:00+00:00,55.05,55.21,54.895,55.02,363941.0,3726.0,55.061629
SLB,2026-08-27 17:40:00+00:00,55.02,55.61,55.0,55.55,762080.0,6534.0,55.382202
SLB,2026-08-27 17:45:00+00:00,55.54,55.56,55.31,55.33,382749.0,3981.0,55.461041
SLB,2026-08-27 17:50:00+00:00,55.32,55.505,55.29,55.46,144984.0,1966.0,55.381915
SLB,2026-08-27 17:55:00+00:00,55.46,55.8,55.455,55.77,241449.0,3033.0,55.664331
SLB,2026-08-27 18:00:00+00:00,55.76,55.765,55.59,55.605,184193.0,2344.0,55.675258
SLB,2026-08-27 18:05:00+00:00,55.6,55.82,55.56,55.78,212827.0,2569.0,55.680786
SLB,2026-08-27 18:10:00+00:00,55.77,55.885,55.72,55.81,248561.0,2235.0,55.820609
SLB,2026-08-27 18:15:00+00:00,55.82,55.85,55.7,55.75,151832.0,1625.0,55.776575
SLB,2026-08-27 18:20:00+00:00,55.765,55.805,55.715,55.75,97499.0,1168.0,55.763472
SLB,2026-08-27 18:25:00+00:00,55.75,55.78,55.58,55.59,86982.0,1062.0,55.683695
SLB,2026-08-27 18:30:00+00:00,55.585,55.785,55.54,55.7,276562.0,2338.0,55.696439
SLB,2026-08-27 18:35:00+00:00,55.7,55.865,55.695,55.795,122419.0,1415.0,55.776312
SLB,2026-08-27 18:40:00+00:00,55.795,55.845,55.735,55.785,84688.0,1253.0,55.805011
SLB,2026-08-27 18:45:00+00:00,55.78,55.78,55.65,55.655,101861.0,1362.0,55.729761
SLB,2026-08-27 18:50:00+00:00,55.65,55.655,55.46,55.475,79473.0,1101.0,55.569522
SLB,2026-08-27 18:55:00+00:00,55.47,55.55,55.415,55.495,90735.0,1428.0,55.482306
SLB,2026-08-27 19:00:00+00:00,55.49,55.61,55.46,55.59,74645.0,1167.0,55.537603
SLB,2026-08-27 19:05:00+00:00,55.595,55.615,55.51,55.54,65817.0,1022.0,55.552701
SLB,2026-08-27 19:10:00+00:00,55.54,55.65,55.53,55.565,183657.0,1777.0,55.587711
SLB,2026-08-27 19:15:00+00:00,55.57,55.695,55.54,55.675,263667.0,2727.0,55.620219
SLB,2026-08-27 19:20:00+00:00,55.675,55.725,55.505,55.525,115537.0,1580.0,55.630362
SLB,2026-08-27 19:25:00+00:00,55.52,55.7,55.51,55.675,176583.0,2075.0,55.651948
SLB,2026-08-27 19:30:00+00:00,55.675,55.8,55.665,55.725,225430.0,2214.0,55.752204
SLB,2026-08-27 19:35:00+00:00,55.73,55.8,55.645,55.645,206550.0,2204.0,55.718432
SLB,2026-08-27 19:40:00+00:00,55.645,55.7,55.564,55.585,392848.0,3273.0,55.611182
SLB,2026-08-27 19:45:00+00:00,55.585,55.585,55.255,55.265,235046.0,2669.0,55.372414
SLB,2026-08-27 19:50:00+00:00,55.26,55.26,54.91,54.985,427219.0,4985.0,55.04482
SLB,2026-08-27 19:55:00+00:00,54.99,55.08,54.905,55.01,1168179.0,10966.0,55.022328
SLB,2026-08-27 20:00:00+00:00,55.01,55.01,54.34,54.8083,2310649.0,100.0,54.995563
SLB,2026-08-27 20:05:00+00:00,54.45,54.96,54.45,54.96,2681.0,5.0,54.671739
SLB,2026-08-27 20:10:00+00:00,55.01,55.01,55.01,55.01,524439.0,1.0,55.01
SLB,2026-08-27 20:15:00+00:00,54.95,54.96,54.95,54.96,1003.0,23.0,54.953856
SLB,2026-08-27 20:30:00+00:00,55.0,55.13,55.0,55.13,2889.0,46.0,55.079471
SLB,2026-08-27 20:35:00+00:00,55.12,55.12,55.12,55.12,7634.0,51.0,55.12
SLB,2026-08-27 20:45:00+00:00,55.15,55.15,55.15,55.15,434.0,1.0,55.15
SLB,2026-08-27 21:30:00+00:00,55.2716,55.2716,55.2716,55.2716,200.0,1.0,55.2716
SLB,2026-08-27 21:45:00+00:00,55.1,55.1,55.1,55.1,100.0,1.0,55.1
SLB,2026-08-27 22:05:00+00:00,55.15,55.15,55.15,55.15,1000.0,1.0,55.15
SLB,2026-08-27 22:50:00+00:00,55.05,55.05,54.9793,54.9793,555.0,3.0,55.030718
SLB,2026-08-27 23:15:00+00:00,55.08,55.08,55.08,55.08,125.0,1.0,55.08
SLB,2026-08-27 23:50:00+00:00,55.02,55.04,55.02,55.04,405.0,7.0,55.033333
SLB,2026-08-27 23:55:00+00:00,55.18,55.2,55.18,55.2,400.0,2.0,55.185
SLB,2026-08-28 08:00:00+00:00,55.137,55.137,55.09,55.09,1351.0,100.0,55.110878
SLB,2026-08-28 11:10:00+00:00,55.6471,55.6471,55.6471,55.6471,210.0,4.0,55.6471
SLB,2026-08-28 11:25:00+00:00,55.4,55.4,55.4,55.4,1811.0,3.0,55.4
SLB,2026-08-28 11:55:00+00:00,55.5955,55.5955,55.5955,55.5955,2000.0,1.0,55.5955
SLB,2026-08-28 12:00:00+00:00,55.5462,55.5462,55.5462,55.5462,1000.0,1.0,55.5462
SLB,2026-08-28 12:50:00+00:00,55.3,55.3,55.3,55.3,143.0,2.0,55.3
SLB,2026-08-28 13:10:00+00:00,55.08,55.08,55.05,55.05,1124.0,21.0,55.062162
SLB,2026-08-28 13:15:00+00:00,54.98,54.98,54.86,54.86,1050.0,10.0,54.919869
SLB,2026-08-28 13:30:00+00:00,55.19,55.85,54.6677,55.12,449248.0,3694.0,55.214048
SLB,2026-08-28 13:35:00+00:00,55.105,55.13,54.82,55.06,94682.0,1000.0,54.962421
SLB,2026-08-28 13:40:00+00:00,55.04,55.72,55.035,55.7,362062.0,3409.0,55.439057
SLB,2026-08-28 13:45:00+00:00,55.67,55.84,55.5317,55.57,564305.0,4091.0,55.691571
SLB,2026-08-28 13:50:00+00:00,55.565,55.81,55.5,55.71,193721.0,2254.0,55.676452
SLB,2026-08-28 13:55:00+00:00,55.695,55.95,55.55,55.745,244196.0,2044.0,55.762761
SLB,2026-08-28 14:00:00+00:00,55.745,55.86,55.56,55.65,212006.0,2347.0,55.667845
SLB,2026-08-28 14:05:00+00:00,55.63,55.7,55.29,55.35,268015.0,3300.0,55.415361
SLB,2026-08-28 14:10:00+00:00,55.34,55.455,55.135,55.33,144899.0,1702.0,55.287218
SLB,2026-08-28 14:15:00+00:00,55.34,55.69,55.325,55.66,175149.0,1563.0,55.537488
SLB,2026-08-28 14:20:00+00:00,55.66,55.685,55.395,55.475,211361.0,1756.0,55.558553
SLB,2026-08-28 14:25:00+00:00,55.49,55.585,55.4319,55.57,139620.0,1611.0,55.510948
SLB,2026-08-28 14:30:00+00:00,55.57,55.77,55.57,55.76,155817.0,1849.0,55.676802
SLB,2026-08-28 14:35:00+00:00,55.76,55.83,55.645,55.78,125398.0,1404.0,55.747214
SLB,2026-08-28 14:40:00+00:00,55.77,55.785,55.7,55.78,145572.0,1504.0,55.739417
SLB,2026-08-28 14:45:00+00:00,55.765,55.78,55.595,55.71,108927.0,1435.0,55.686347
SLB,2026-08-28 14:50:00+00:00,55.715,55.755,55.61,55.63,154365.0,1630.0,55.690055
SLB,2026-08-28 14:55:00+00:00,55.63,55.745,55.615,55.745,133183.0,1471.0,55.668112
SLB,2026-08-28 15:00:00+00:00,55.745,55.82,55.67,55.68,123651.0,1674.0,55.736489
SLB,2026-08-28 15:05:00+00:00,55.69,55.77,55.68,55.73,114694.0,1359.0,55.725778
SLB,2026-08-28 15:10:00+00:00,55.74,55.915,55.74,55.895,86895.0,1342.0,55.845083
SLB,2026-08-28 15:15:00+00:00,55.87,56.12,55.84,56.07,177883.0,2037.0,55.986323
SLB,2026-08-28 15:20:00+00:00,56.07,56.11,56.01,56.06,153688.0,1649.0,56.054177
SLB,2026-08-28 15:25:00+00:00,56.05,56.09,55.92,55.945,157878.0,1683.0,56.019019
SLB,2026-08-28 15:30:00+00:00,55.9405,56.02,55.87,55.875,104815.0,1138.0,55.943855
SLB,2026-08-28 15:35:00+00:00,55.855,56.03,55.845,55.99,140855.0,1672.0,55.947103
SLB,2026-08-28 15:40:00+00:00,55.99,56.03,55.89,55.9,97216.0,1212.0,55.972883
SLB,2026-08-28 15:45:00+00:00,55.895,55.98,55.835,55.98,145217.0,1475.0,55.908307
SLB,2026-08-28 15:50:00+00:00,55.98,56.05,55.925,56.01,128153.0,1423.0,55.977165
SLB,2026-08-28 15:55:00+00:00,56.01,56.095,55.9325,56.045,173809.0,1841.0,56.019037
SLB,2026-08-28 16:00:00+00:00,56.045,56.07,55.98,56.06,98346.0,1291.0,56.021209
SLB,2026-08-28 16:05:00+00:00,56.055,56.165,56.04,56.11,89414.0,1081.0,56.113664
SLB,2026-08-28 16:10:00+00:00,56.12,56.32,56.12,56.205,211920.0,1947.0,56.231166
SLB,2026-08-28 16:15:00+00:00,56.21,56.23,56.14,56.165,157184.0,1479.0,56.182646
SLB,2026-08-28 16:20:00+00:00,56.15,56.23,56.055,56.215,138720.0,1658.0,56.160969
SLB,2026-08-28 16:25:00+00:00,56.21,56.335,56.2,56.275,127561.0,1261.0,56.282037
SLB,2026-08-28 16:30:00+00:00,56.28,56.36,56.2652,56.305,201387.0,1832.0,56.317694
SLB,2026-08-28 16:35:00+00:00,56.305,56.48,56.305,56.44,171921.0,1638.0,56.426389
SLB,2026-08-28 16:40:00+00:00,56.435,56.445,56.39,56.42,90207.0,1200.0,56.420094
SLB,2026-08-28 16:45:00+00:00,56.415,56.475,56.36,56.4,150776.0,1509.0,56.417373
SLB,2026-08-28 16:50:00+00:00,56.4,56.515,56.385,56.4385,126651.0,1389.0,56.463766
SLB,2026-08-28 16:55:00+00:00,56.435,56.475,56.43,56.435,80207.0,1076.0,56.454646
SLB,2026-08-28 17:00:00+00:00,56.435,56.59,56.41,56.59,99179.0,1292.0,56.490867
SLB,2026-08-28 17:05:00+00:00,56.585,56.66,56.565,56.6,130189.0,1528.0,56.613096
SLB,2026-08-28 17:10:00+00:00,56.59,56.845,56.59,56.77,308698.0,2807.0,56.726216
SLB,2026-08-28 17:15:00+00:00,56.77,56.81,56.7,56.755,149908.0,1681.0,56.754688
SLB,2026-08-28 17:20:00+00:00,56.75,56.77,56.61,56.635,99300.0,1231.0,56.687731
SLB,2026-08-28 17:25:00+00:00,56.645,56.7599,56.63,56.735,76838.0,973.0,56.700794
SLB,2026-08-28 17:30:00+00:00,56.735,56.745,56.545,56.565,97599.0,1209.0,56.659409
SLB,2026-08-28 17:35:00+00:00,56.565,56.695,56.52,56.53,114988.0,1301.0,56.588078
SLB,2026-08-28 17:40:00+00:00,56.535,56.675,56.49,56.675,89176.0,1329.0,56.55991
SLB,2026-08-28 17:45:00+00:00,56.675,56.71,56.615,56.6401,82799.0,1099.0,56.664535
SLB,2026-08-28 17:50:00+00:00,56.645,56.645,56.52,56.525,63394.0,931.0,56.591542
SLB,2026-08-28 17:55:00+00:00,56.525,56.6,56.4,56.6,117754.0,1372.0,56.474018
SLB,2026-08-28 18:00:00+00:00,56.595,56.955,56.585,56.95,503516.0,4205.0,56.758879
SLB,2026-08-28 18:05:00+00:00,56.94,57.15,56.9,57.13,372327.0,3390.0,56.982654
SLB,2026-08-28 18:10:00+00:00,57.125,57.26,57.11,57.135,346746.0,3132.0,57.19662
SLB,2026-08-28 18:15:00+00:00,57.14,57.27,57.09,57.245,213683.0,2323.0,57.165602
SLB,2026-08-28 18:20:00+00:00,57.25,57.265,57.14,57.205,222630.0,2379.0,57.208301
SLB,2026-08-28 18:25:00+00:00,57.2,57.21,57.0224,57.05,156002.0,1949.0,57.104942
SLB,2026-08-28 18:30:00+00:00,57.045,57.09,57.02,57.08,119264.0,1637.0,57.048355
SLB,2026-08-28 18:35:00+00:00,57.075,57.12,57.0,57.005,159716.0,1708.0,57.048926
SLB,2026-08-28 18:40:00+00:00,57.0,57.17,56.975,57.145,163094.0,1877.0,57.074857
SLB,2026-08-28 18:45:00+00:00,57.14,57.185,57.08,57.1525,110819.0,1524.0,57.128082
SLB,2026-08-28 18:50:00+00:00,57.16,57.255,57.105,57.17,230321.0,2539.0,57.189904
SLB,2026-08-28 18:55:00+00:00,57.165,57.18,57.135,57.16,146645.0,1654.0,57.160021
SLB,2026-08-28 19:00:00+00:00,57.155,57.285,57.155,57.26,211239.0,2503.0,57.243236
SLB,2026-08-28 19:05:00+00:00,57.255,57.315,57.19,57.205,173800.0,1974.0,57.25742
SLB,2026-08-28 19:10:00+00:00,57.205,57.25,57.165,57.22,171899.0,2029.0,57.204434
SLB,2026-08-28 19:15:00+00:00,57.22,57.225,57.105,57.12,149910.0,1779.0,57.165772
SLB,2026-08-28 19:20:00+00:00,57.11,57.17,57.06,57.1,168811.0,2052.0,57.116641
SLB,2026-08-28 19:25:00+00:00,57.11,57.21,57.105,57.115,162488.0,1933.0,57.145706
SLB,2026-08-28 19:30:00+00:00,57.115,57.115,57.055,57.065,212628.0,2248.0,57.0816
SLB,2026-08-28 19:35:00+00:00,57.055,57.08,56.97,57.065,273802.0,2602.0,57.033782
SLB,2026-08-28 19:40:00+00:00,57.06,57.09,56.97,56.99,240258.0,2836.0,57.025374
SLB,2026-08-28 19:45:00+00:00,56.99,57.16,56.96,57.115,274691.0,3294.0,57.047356
SLB,2026-08-28 19:50:00+00:00,57.12,57.28,57.09,57.265,669128.0,6356.0,57.204948
SLB,2026-08-28 19:55:00+00:00,57.26,57.42,57.24,57.32,1213859.0,10631.0,57.350421
SLB,2026-08-28 20:00:00+00:00,57.33,57.33,57.06,57.3,2550336.0,156.0,57.329925
SLB,2026-08-28 20:15:00+00:00,57.1999,57.2017,57.1999,57.2017,1547.0,6.0,57.200543
SLB,2026-08-28 20:20:00+00:00,57.2,57.27,57.2,57.27,6831.0,7.0,57.20794
SLB,2026-08-28 20:30:00+00:00,57.27,57.27,57.27,57.27,615.0,3.0,57.27
SLB,2026-08-28 20:35:00+00:00,57.33,57.33,57.33,57.33,1494.0,2.0,57.33
SLB,2026-08-28 20:55:00+00:00,57.36,57.36,57.36,57.36,132.0,1.0,57.36
SLB,2026-08-28 21:00:00+00:00,57.4475,57.4475,57.4475,57.4475,135862.0,2.0,57.4475
SLB,2026-08-28 21:30:00+00:00,57.25,57.25,57.25,57.25,101.0,2.0,57.25
SLB,2026-08-28 21:40:00+00:00,57.2082,57.2082,57.2082,57.2082,200.0,1.0,57.2082
SLB,2026-08-28 21:55:00+00:00,57.29,57.29,57.29,57.29,140.0,3.0,57.29
SLB,2026-08-28 22:55:00+00:00,57.2086,57.2845,57.2086,57.2845,346.0,3.0,57.2546
SLB,2026-08-28 23:05:00+00:00,57.3,57.3,57.3,57.3,869.0,17.0,57.3
SLB,2026-08-28 23:10:00+00:00,57.41,57.41,57.41,57.41,101.0,2.0,57.41
SLB,2026-08-28 23:25:00+00:00,57.4,57.65,57.4,57.65,2627.0,121.0,57.498619
SLB,2026-08-28 23:30:00+00:00,57.75,57.75,57.7323,57.75,875.0,20.0,57.744196
SLB,2026-08-28 23:35:00+00:00,57.75,57.75,57.64,57.64,898.0,8.0,57.715881
SLB,2026-08-28 23:45:00+00:00,57.75,57.75,57.6317,57.6317,221.0,2.0,57.685229
SLB,2026-08-28 23:50:00+00:00,57.65,57.65,57.65,57.65,100.0,1.0,57.65
SLB,2026-08-28 23:55:00+00:00,57.655,57.69,57.61,57.61,1997.0,26.0,57.646158
SLB,2026-08-31 08:00:00+00:00,57.75,57.8,57.5,57.61,6811.0,178.0,57.711343
SLB,2026-08-31 08:05:00+00:00,57.88,57.88,57.88,57.88,679.0,33.0,57.88
SLB,2026-08-31 08:20:00+00:00,57.92,57.92,57.92,57.92,214.0,21.0,57.92
SLB,2026-08-31 08:30:00+00:00,57.92,57.92,57.92,57.92,172.0,1.0,57.92
SLB,2026-08-31 08:35:00+00:00,58.0,58.0,58.0,58.0,2140.0,34.0,58.0
SLB,2026-08-31 08:45:00+00:00,58.49,58.49,58.49,58.49,300.0,1.0,58.49
SLB,2026-08-31 09:00:00+00:00,58.28,58.3,58.28,58.3,1426.0,29.0,58.291489
SLB,2026-08-31 09:40:00+00:00,58.4,58.4,58.4,58.4,160.0,3.0,58.4
SLB,2026-08-31 09:50:00+00:00,58.4892,58.68,58.44,58.67,4111.0,29.0,58.578922
SLB,2026-08-31 09:55:00+00:00,58.6,58.61,58.6,58.6,1312.0,5.0,58.603846
SLB,2026-08-31 10:00:00+00:00,58.35,58.6,58.32,58.5,1553.0,14.0,58.529319
SLB,2026-08-31 10:05:00+00:00,58.51,58.51,58.51,58.51,1694.0,1.0,58.51
SLB,2026-08-31 10:10:00+00:00,58.8398,58.8398,58.8398,58.8398,101.0,2.0,58.8398
SLB,2026-08-31 10:25:00+00:00,58.5,58.5,58.42,58.42,450.0,2.0,58.464444
SLB,2026-08-31 10:30:00+00:00,58.5,58.5,58.5,58.5,340.0,1.0,58.5
SLB,2026-08-31 10:35:00+00:00,58.73,58.73,58.73,58.73,174.0,5.0,58.73
SLB,2026-08-31 10:40:00+00:00,58.42,58.42,58.14,58.42,7560.0,81.0,58.252437
SLB,2026-08-31 10:50:00+00:00,58.47,58.4897,58.35,58.35,680.0,6.0,58.462099
SLB,2026-08-31 10:55:00+00:00,58.48,58.48,58.48,58.48,155.0,4.0,58.48
SLB,2026-08-31 11:00:00+00:00,58.23,58.7,58.1,58.53,9848.0,144.0,58.344126
SLB,2026-08-31 11:05:00+00:00,58.61,58.61,58.61,58.61,344.0,6.0,58.61
SLB,2026-08-31 11:10:00+00:00,58.5,58.5,58.0,58.0,7234.0,53.0,58.090824
SLB,2026-08-31 11:15:00+00:00,58.08,58.08,58.0,58.0,339.0,6.0,58.052414
SLB,2026-08-31 11:20:00+00:00,58.24,58.24,58.24,58.24,289.0,2.0,58.24
SLB,2026-08-31 11:25:00+00:00,58.05,58.05,57.95,58.0,1094.0,14.0,58.000527
SLB,2026-08-31 11:30:00+00:00,57.8,58.16,57.65,57.8,5882.0,72.0,57.820086
SLB,2026-08-31 11:35:00+00:00,57.78,58.18,57.7,58.18,2612.0,15.0,57.763396
SLB,2026-08-31 11:40:00+00:00,58.11,58.11,57.98,57.98,2822.0,13.0,58.093371
SLB,2026-08-31 11:45:00+00:00,58.0,58.0,58.0,58.0,232.0,5.0,58.0
SLB,2026-08-31 11:50:00+00:00,58.04,58.16,58.04,58.1,5810.0,27.0,58.092576
SLB,2026-08-31 11:55:00+00:00,58.1,58.1,58.06,58.06,374.0,5.0,58.082295
SLB,2026-08-31 12:00:00+00:00,58.09,58.1645,58.0,58.0,4624.0,26.0,58.036147
SLB,2026-08-31 12:05:00+00:00,58.18,58.18,57.7,57.7,2685.0,6.0,57.727714
SLB,2026-08-31 12:10:00+00:00,57.7957,58.1429,57.7957,58.1429,892.0,9.0,57.918318
SLB,2026-08-31 12:15:00+00:00,58.0,58.1685,58.0,58.1685,2115.0,4.0,58.009087
SLB,2026-08-31 12:25:00+00:00,58.18,58.18,58.18,58.18,225.0,7.0,58.18
SLB,2026-08-31 12:30:00+00:00,58.29,58.35,58.29,58.35,1049.0,14.0,58.341848
SLB,2026-08-31 12:35:00+00:00,58.4675,58.5,58.3396,58.3396,734.0,10.0,58.451756
SLB,2026-08-31 12:45:00+00:00,58.3643,58.4,58.28,58.4,5494.0,39.0,58.354428
SLB,2026-08-31 12:50:00+00:00,58.4485,58.5,58.4,58.4,546.0,10.0,58.460611
SLB,2026-08-31 12:55:00+00:00,58.19,58.25,57.7,58.1,2352.0,18.0,58.005742
SLB,2026-08-31 13:00:00+00:00,58.1,58.29,58.1,58.29,653.0,4.0,58.179819
SLB,2026-08-31 13:05:00+00:00,58.1,58.209,58.01,58.01,3209.0,37.0,58.088981
SLB,2026-08-31 13:10:00+00:00,57.95,58.0,57.85,57.99,4932.0,21.0,57.89772
SLB,2026-08-31 13:15:00+00:00,58.01,58.01,57.99,57.99,1283.0,22.0,58.0025
SLB,2026-08-31 13:20:00+00:00,58.11,58.14,58.06,58.14,496.0,13.0,58.1075
SLB,2026-08-31 13:25:00+00:00,58.15,58.4392,58.13,58.24,5866.0,65.0,58.258215
SLB,2026-08-31 13:30:00+00:00,58.23,59.2,57.97,59.18,1187112.0,6280.0,58.536512
SLB,2026-08-31 13:35:00+00:00,59.19,59.6684,59.1494,59.5,470411.0,4474.0,59.395589
SLB,2026-08-31 13:40:00+00:00,59.5,59.598,59.3,59.52,294660.0,2890.0,59.472051
SLB,2026-08-31 13:45:00+00:00,59.52,59.98,59.52,59.96,545794.0,5762.0,59.801837
SLB,2026-08-31 13:50:00+00:00,59.98,60.4399,59.96,60.37,1037828.0,7948.0,60.099144
SLB,2026-08-31 13:55:00+00:00,60.37,60.46,60.0301,60.045,347259.0,3638.0,60.21554
SLB,2026-08-31 14:00:00+00:00,60.06,60.19,59.365,59.395,493732.0,4781.0,59.769813
SLB,2026-08-31 14:05:00+00:00,59.395,59.475,59.115,59.39,349763.0,3445.0,59.2988
SLB,2026-08-31 14:10:00+00:00,59.39,59.5999,59.28,59.485,376081.0,4367.0,59.485777
SLB,2026-08-31 14:15:00+00:00,59.48,59.55,59.37,59.43,540611.0,4826.0,59.469155
SLB,2026-08-31 14:20:00+00:00,59.43,59.5,59.31,59.385,313392.0,3726.0,59.403776
SLB,2026-08-31 14:25:00+00:00,59.38,59.395,59.22,59.235,257323.0,3204.0,59.278289
SLB,2026-08-31 14:30:00+00:00,59.24,59.44,59.24,59.275,238849.0,2539.0,59.314511
SLB,2026-08-31 14:35:00+00:00,59.28,59.28,59.075,59.195,230343.0,2760.0,59.151347
SLB,2026-08-31 14:40:00+00:00,59.196,59.285,58.9341,59.0,375406.0,3279.0,59.083839
SLB,2026-08-31 14:45:00+00:00,59.01,59.015,58.78,58.835,450903.0,3720.0,58.935128
SLB,2026-08-31 14:50:00+00:00,58.835,58.855,58.71,58.785,203848.0,2149.0,58.765105
SLB,2026-08-31 14:55:00+00:00,58.79,58.84,58.55,58.57,182409.0,2173.0,58.677877
SLB,2026-08-31 15:00:00+00:00,58.58,58.595,58.34,58.435,213669.0,2508.0,58.460803
SLB,2026-08-31 15:05:00+00:00,58.44,58.635,58.415,58.45,233385.0,2934.0,58.490427
SLB,2026-08-31 15:10:00+00:00,58.44,58.475,58.36,58.4,150494.0,1848.0,58.411536
SLB,2026-08-31 15:15:00+00:00,58.4,58.46,58.3,58.445,343002.0,3104.0,58.399702
SLB,2026-08-31 15:20:00+00:00,58.45,58.625,58.425,58.55,366703.0,3416.0,58.492031
SLB,2026-08-31 15:25:00+00:00,58.55,58.73,58.54,58.68,167060.0,1913.0,58.62789
SLB,2026-08-31 15:30:00+00:00,58.68,58.755,58.535,58.735,229269.0,2465.0,58.610095
SLB,2026-08-31 15:35:00+00:00,58.73,58.735,58.57,58.695,136337.0,1697.0,58.658932
SLB,2026-08-31 15:40:00+00:00,58.7,58.845,58.67,58.815,219943.0,2161.0,58.739419
SLB,2026-08-31 15:45:00+00:00,58.815,58.88,58.79,58.805,147895.0,1698.0,58.835073
SLB,2026-08-31 15:50:00+00:00,58.81,58.845,58.75,58.755,126991.0,1391.0,58.797235
SLB,2026-08-31 15:55:00+00:00,58.76,58.865,58.74,58.855,177907.0,1714.0,58.792215
SLB,2026-08-31 16:00:00+00:00,58.86,58.86,58.69,58.695,205129.0,1907.0,58.74915
SLB,2026-08-31 16:05:00+00:00,58.7,58.74,58.57,58.58,200855.0,1955.0,58.641124
SLB,2026-08-31 16:10:00+00:00,58.57,58.63,58.475,58.61,79389.0,1053.0,58.558229
SLB,2026-08-31 16:15:00+00:00,58.6,58.61,58.53,58.605,81317.0,1062.0,58.566979
SLB,2026-08-31 16:20:00+00:00,58.61,58.74,58.59,58.595,110166.0,1600.0,58.687608
SLB,2026-08-31 16:25:00+00:00,58.595,58.68,58.57,58.61,230405.0,2494.0,58.619117
SLB,2026-08-31 16:30:00+00:00,58.61,58.62,58.51,58.515,90332.0,1266.0,58.562768
SLB,2026-08-31 16:35:00+00:00,58.51,58.51,58.42,58.46,65937.0,998.0,58.464604
SLB,2026-08-31 16:40:00+00:00,58.465,58.53,58.44,58.51,101168.0,1345.0,58.48081
SLB,2026-08-31 16:45:00+00:00,58.51,58.6,58.465,58.57,102744.0,1430.0,58.524643
SLB,2026-08-31 16:50:00+00:00,58.565,58.57,58.455,58.52,190795.0,1961.0,58.499684
SLB,2026-08-31 16:55:00+00:00,58.515,58.59,58.465,58.575,128036.0,1472.0,58.529121
SLB,2026-08-31 17:00:00+00:00,58.57,58.635,58.495,58.625,150301.0,1652.0,58.569645
SLB,2026-08-31 17:05:00+00:00,58.63,58.72,58.615,58.68,137926.0,1674.0,58.674249
SLB,2026-08-31 17:10:00+00:00,58.68,58.755,58.68,58.71,97775.0,1330.0,58.713955
SLB,2026-08-31 17:15:00+00:00,58.72,58.76,58.68,58.7,111857.0,1180.0,58.713985
SLB,2026-08-31 17:20:00+00:00,58.691,58.835,58.685,58.82,141071.0,1666.0,58.744858
SLB,2026-08-31 17:25:00+00:00,58.825,59.005,58.79,58.95,267313.0,2541.0,58.911366
SLB,2026-08-31 17:30:00+00:00,58.94,58.995,58.82,58.94,205909.0,1868.0,58.907918
SLB,2026-08-31 17:35:00+00:00,58.9489,59.125,58.945,59.075,188991.0,2011.0,59.040113
SLB,2026-08-31 17:40:00+00:00,59.07,59.135,59.06,59.135,149146.0,1688.0,59.100302
SLB,2026-08-31 17:45:00+00:00,59.1399,59.2,59.11,59.16,148485.0,1696.0,59.167092
SLB,2026-08-31 17:50:00+00:00,59.16,59.36,59.16,59.36,146967.0,1748.0,59.274346
SLB,2026-08-31 17:55:00+00:00,59.355,59.385,59.27,59.37,147129.0,1583.0,59.321488
SLB,2026-08-31 18:00:00+00:00,59.37,59.53,59.315,59.485,187216.0,2020.0,59.428853
SLB,2026-08-31 18:05:00+00:00,59.4869,59.56,59.25,59.265,275274.0,2638.0,59.431483
SLB,2026-08-31 18:10:00+00:00,59.27,59.32,59.165,59.19,135162.0,1630.0,59.232868
SLB,2026-08-31 18:15:00+00:00,59.2,59.31,59.185,59.305,135193.0,1649.0,59.244616
SLB,2026-08-31 18:20:00+00:00,59.32,59.455,59.315,59.405,181522.0,1938.0,59.404062
SLB,2026-08-31 18:25:00+00:00,59.41,59.555,59.39,59.54,154118.0,1909.0,59.471305
SLB,2026-08-31 18:30:00+00:00,59.55,59.59,59.45,59.47,200462.0,1920.0,59.511864
SLB,2026-08-31 18:35:00+00:00,59.47,59.495,59.39,59.445,194892.0,1839.0,59.442557
SLB,2026-08-31 18:40:00+00:00,59.445,59.4797,59.385,59.45,203277.0,2191.0,59.431057
SLB,2026-08-31 18:45:00+00:00,59.45,59.51,59.4216,59.485,274823.0,2760.0,59.470272
SLB,2026-08-31 18:50:00+00:00,59.48,59.485,59.415,59.465,277525.0,2088.0,59.449454
SLB,2026-08-31 18:55:00+00:00,59.465,59.565,59.425,59.52,201481.0,2152.0,59.496859
SLB,2026-08-31 19:00:00+00:00,59.515,59.72,59.515,59.63,222358.0,2257.0,59.640547
SLB,2026-08-31 19:05:00+00:00,59.62,59.71,59.605,59.695,196997.0,2164.0,59.665815
SLB,2026-08-31 19:10:00+00:00,59.695,59.87,59.65,59.86,263122.0,2467.0,59.72607
SLB,2026-08-31 19:15:00+00:00,59.86,60.085,59.83,60.076,510343.0,4124.0,59.969531
SLB,2026-08-31 19:20:00+00:00,60.075,60.15,60.0,60.115,492445.0,4292.0,60.071977
SLB,2026-08-31 19:25:00+00:00,60.115,60.133027,60.0,60.133027,383630.0,3329.0,60.083882
SLB,2026-08-31 19:30:00+00:00,60.14,60.295,60.12,60.29,402206.0,3643.0,60.222701
SLB,2026-08-31 19:35:00+00:00,60.29,60.335,60.185,60.3,669521.0,5790.0,60.264478
SLB,2026-08-31 19:40:00+00:00,60.31,60.37,60.17,60.225,482734.0,4659.0,60.26997
SLB,2026-08-31 19:45:00+00:00,60.215,60.305,59.835,59.935,799345.0,7196.0,60.133321
SLB,2026-08-31 19:50:00+00:00,59.94,60.205,59.88,60.095,735118.0,7209.0,60.073925
SLB,2026-08-31 19:55:00+00:00,60.095,60.31,60.065,60.13,1606481.0,13843.0,60.20115
SLB,2026-08-31 20:00:00+00:00,60.1,60.331,60.1,60.1328,10347017.0,165.0,60.100018
SLB,2026-08-31 20:05:00+00:00,60.1,60.329,60.1,60.17,30249.0,15.0,60.102008
SLB,2026-08-31 20:10:00+00:00,60.1119,60.1119,60.1119,60.1119,9601.0,15.0,60.1119
SLB,2026-08-31 20:15:00+00:00,60.17,60.17,60.1587,60.1587,2051.0,4.0,60.159265
SLB,2026-08-31 20:20:00+00:00,60.16,60.1683,60.1592,60.1683,614.0,10.0,60.161319
SLB,2026-08-31 20:25:00+00:00,60.114,60.114,60.114,60.114,4007.0,4.0,60.114
SLB,2026-08-31 20:30:00+00:00,60.1,60.16,60.1,60.16,447.0,3.0,60.115882
SLB,2026-08-31 20:35:00+00:00,60.16,60.17,60.16,60.17,656.0,21.0,60.164107
SLB,2026-08-31 20:40:00+00:00,60.27,60.27,60.27,60.27,120.0,1.0,60.27
SLB,2026-08-31 20:45:00+00:00,60.2282,60.2282,60.2282,60.2282,1012.0,6.0,60.2282
SLB,2026-08-31 20:50:00+00:00,60.1,60.1,60.1,60.1,589.0,12.0,60.1
SLB,2026-08-31 20:55:00+00:00,60.1198,60.1198,60.1198,60.1198,150.0,1.0,60.1198
SLB,2026-08-31 21:05:00+00:00,60.15,60.2,60.15,60.2,3556.0,25.0,60.156378
SLB,2026-08-31 21:10:00+00:00,60.28,60.28,60.28,60.28,101.0,2.0,60.28
SLB,2026-08-31 21:15:00+00:00,60.2822,60.2822,60.2,60.2,280.0,3.0,60.2411
SLB,2026-08-31 21:20:00+00:00,60.2822,60.2822,60.18,60.18,242.0,4.0,60.2311
SLB,2026-08-31 21:25:00+00:00,60.15,60.23,60.15,60.23,509.0,5.0,60.184665
SLB,2026-08-31 21:35:00+00:00,60.25,60.25,60.19,60.19,206.0,3.0,60.22
SLB,2026-08-31 21:40:00+00:00,60.19,60.25,60.19,60.25,300.0,4.0,60.223333
SLB,2026-08-31 21:50:00+00:00,60.18,60.2441,60.18,60.2441,1220.0,3.0,60.190683
SLB,2026-08-31 21:55:00+00:00,60.18,60.18,60.18,60.18,1000.0,6.0,60.18
SLB,2026-08-31 22:05:00+00:00,60.21,60.21,60.2,60.2,1865.0,17.0,60.201111
SLB,2026-08-31 22:10:00+00:00,60.2,60.2,60.2,60.2,100.0,1.0,60.2
SLB,2026-08-31 22:15:00+00:00,60.2,60.2,60.2,60.2,202.0,2.0,60.2
SLB,2026-08-31 22:20:00+00:00,60.21,60.21,60.21,60.21,201.0,2.0,60.21
SLB,2026-08-31 22:25:00+00:00,60.25,60.25,60.25,60.25,300.0,1.0,60.25
SLB,2026-08-31 22:30:00+00:00,60.2462,60.3,60.2462,60.3,377.0,7.0,60.27861
SLB,2026-08-31 22:40:00+00:00,60.3,60.3,60.3,60.3,205.0,2.0,60.3
SLB,2026-08-31 22:45:00+00:00,60.25,60.25,60.25,60.25,1626.0,5.0,60.25
SLB,2026-08-31 22:50:00+00:00,60.25,60.2967,60.2,60.2909,1906.0,6.0,60.277868
SLB,2026-08-31 22:55:00+00:00,60.3,60.3,60.3,60.3,150.0,1.0,60.3
SLB,2026-08-31 23:05:00+00:00,60.27,60.27,60.27,60.27,135.0,2.0,60.27
SLB,2026-08-31 23:10:00+00:00,60.22,60.2961,60.21,60.2961,1090.0,11.0,60.269753
SLB,2026-08-31 23:15:00+00:00,60.3,60.3,60.3,60.3,306.0,3.0,60.3
SLB,2026-08-31 23:25:00+00:00,60.3,60.3,60.3,60.3,166.0,1.0,60.3
SLB,2026-08-31 23:30:00+00:00,60.2845,60.2845,60.2,60.2,523.0,6.0,60.218862
SLB,2026-08-31 23:40:00+00:00,60.28,60.28,60.25,60.25,6407.0,16.0,60.251208
SLB,2026-08-31 23:45:00+00:00,60.28,60.3,60.231,60.231,2490.0,4.0,60.268273
SLB,2026-08-31 23:50:00+00:00,60.369,60.3742,60.3,60.3083,785.0,8.0,60.330647
SLB,2026-08-31 23:55:00+00:00,60.4,60.4,60.35,60.4,1880.0,11.0,60.392882
SLB,2026-09-01 08:00:00+00:00,60.3,60.97,60.27,60.64,3898.0,119.0,60.508227
SLB,2026-09-01 08:05:00+00:00,60.7,60.97,60.7,60.9,3218.0,31.0,60.909322
SLB,2026-09-01 08:10:00+00:00,60.64,60.64,60.64,60.64,305.0,4.0,60.64
SLB,2026-09-01 08:15:00+00:00,60.84,60.84,60.84,60.84,100.0,1.0,60.84
SLB,2026-09-01 08:20:00+00:00,60.84,60.89,60.84,60.89,844.0,21.0,60.865773
SLB,2026-09-01 08:30:00+00:00,60.94,60.97,60.94,60.97,516.0,4.0,60.952048
SLB,2026-09-01 08:35:00+00:00,60.96,60.96,60.9357,60.9357,200.0,2.0,60.94785
SLB,2026-09-01 08:50:00+00:00,60.97,60.97,60.97,60.97,229.0,5.0,60.97
SLB,2026-09-01 08:55:00+00:00,61.14,61.15,61.14,61.15,817.0,13.0,61.145595
SLB,2026-09-01 09:00:00+00:00,61.15,61.15,61.15,61.15,115.0,3.0,61.15
SLB,2026-09-01 09:10:00+00:00,60.95,61.09,60.95,61.09,542.0,11.0,61.022758
SLB,2026-09-01 09:15:00+00:00,61.01,61.01,61.0,61.0,706.0,6.0,61.00304
SLB,2026-09-01 09:25:00+00:00,60.92,60.92,60.9,60.9,493.0,7.0,60.914135
SLB,2026-09-01 09:35:00+00:00,60.925,61.04,60.925,61.04,500.0,4.0,60.997778
SLB,2026-09-01 09:40:00+00:00,60.925,60.945,60.85,60.85,1114.0,16.0,60.881676
SLB,2026-09-01 09:45:00+00:00,61.0,61.0,61.0,61.0,250.0,1.0,61.0
SLB,2026-09-01 10:00:00+00:00,60.88,60.88,60.79,60.79,2161.0,36.0,60.831501
SLB,2026-09-01 10:10:00+00:00,60.79,60.8,60.79,60.8,787.0,18.0,60.793282
SLB,2026-09-01 10:20:00+00:00,60.75,60.75,60.75,60.75,328.0,14.0,60.75
SLB,2026-09-01 10:35:00+00:00,60.79,60.79,60.79,60.79,100.0,1.0,60.79
SLB,2026-09-01 10:55:00+00:00,60.8,60.8,60.8,60.8,123.0,1.0,60.8
SLB,2026-09-01 11:00:00+00:00,60.5465,60.8,60.5465,60.8,3049.0,39.0,60.749918
SLB,2026-09-01 11:05:00+00:00,60.8,60.8,60.8,60.8,100.0,1.0,60.8
SLB,2026-09-01 11:20:00+00:00,60.69,60.69,60.69,60.69,298.0,1.0,60.69
SLB,2026-09-01 11:25:00+00:00,60.7356,60.76,60.6263,60.6263,604.0,8.0,60.68705
SLB,2026-09-01 11:45:00+00:00,60.7,60.7356,60.7,60.7356,1061.0,27.0,60.711867
SLB,2026-09-01 11:50:00+00:00,60.7,60.7,60.7,60.7,408.0,7.0,60.7
SLB,2026-09-01 11:55:00+00:00,60.7334,60.7388,60.7334,60.7388,706.0,4.0,60.738029
SLB,2026-09-01 12:00:00+00:00,60.72,60.7681,60.72,60.7681,1090.0,34.0,60.753711
SLB,2026-09-01 12:05:00+00:00,60.77,60.8052,60.77,60.8052,225.0,6.0,60.7876
SLB,2026-09-01 12:10:00+00:00,60.73,60.73,60.69,60.69,715.0,13.0,60.713333
SLB,2026-09-01 12:15:00+00:00,60.64,60.64,60.64,60.64,376.0,12.0,60.64
SLB,2026-09-01 12:20:00+00:00,60.7,60.7,60.7,60.7,231.0,4.0,60.7
SLB,2026-09-01 12:25:00+00:00,60.88,60.88,60.88,60.88,149.0,4.0,60.88
SLB,2026-09-01 12:30:00+00:00,60.8,60.8,60.4183,60.4183,4987.0,70.0,60.558051
SLB,2026-09-01 12:35:00+00:00,60.41,60.48,60.357,60.48,5222.0,38.0,60.405385
SLB,2026-09-01 12:40:00+00:00,60.3632,60.83,60.1,60.83,167751.0,16.0,60.101076
SLB,2026-09-01 12:45:00+00:00,60.69,60.69,60.68,60.68,2417.0,30.0,60.680983
SLB,2026-09-01 12:50:00+00:00,60.67,60.87,60.54,60.54,3120.0,257.0,60.69966
SLB,2026-09-01 12:55:00+00:00,60.53,60.53,60.53,60.53,406.0,6.0,60.53
SLB,2026-09-01 13:00:00+00:00,60.54,60.54,60.3,60.4,5159.0,59.0,60.371595
SLB,2026-09-01 13:10:00+00:00,60.4966,60.56,60.4966,60.56,2137.0,22.0,60.518182
SLB,2026-09-01 13:15:00+00:00,60.5804,60.6,60.52,60.52,2158.0,27.0,60.578111
SLB,2026-09-01 13:20:00+00:00,60.51,60.51,60.47,60.47,499.0,11.0,60.49
SLB,2026-09-01 13:25:00+00:00,60.38,60.93,60.0,60.01,8983.0,153.0,60.311607
SLB,2026-09-01 13:30:00+00:00,60.0,60.18,58.98,59.046,909635.0,5258.0,59.719357
SLB,2026-09-01 13:35:00+00:00,59.02,59.58,59.02,59.48,259644.0,3109.0,59.310276
SLB,2026-09-01 13:40:00+00:00,59.48,59.62,59.12,59.18,202061.0,2568.0,59.385874
SLB,2026-09-01 13:45:00+00:00,59.18,59.24,58.81,59.13,253994.0,3216.0,59.031875
SLB,2026-09-01 13:50:00+00:00,59.14,59.39,59.14,59.265,360069.0,3230.0,59.259417
SLB,2026-09-01 13:55:00+00:00,59.26,59.395,59.16,59.295,209644.0,2626.0,59.274721
SLB,2026-09-01 14:00:00+00:00,59.28,59.44,59.04,59.395,328224.0,3590.0,59.252155
SLB,2026-09-01 14:05:00+00:00,59.39,59.465,58.9,58.91,232609.0,2808.0,59.166523
SLB,2026-09-01 14:10:00+00:00,58.91,59.0,58.71,58.965,246244.0,2689.0,58.864257
SLB,2026-09-01 14:15:00+00:00,58.965,58.99,58.865,58.91,386213.0,3590.0,58.923368
SLB,2026-09-01 14:20:00+00:00,58.92,58.97,58.61,58.62,199587.0,2301.0,58.791803
SLB,2026-09-01 14:25:00+00:00,58.615,58.67,58.56,58.65,144784.0,1913.0,58.614809
SLB,2026-09-01 14:30:00+00:00,58.655,58.865,58.6,58.6701,163773.0,2252.0,58.732037
SLB,2026-09-01 14:35:00+00:00,58.68,58.77,58.68,58.75,85072.0,1318.0,58.728661
SLB,2026-09-01 14:40:00+00:00,58.745,58.775,58.45,58.52,170485.0,2436.0,58.580713
SLB,2026-09-01 14:45:00+00:00,58.51,58.655,58.46,58.49,117812.0,1572.0,58.531768
SLB,2026-09-01 14:50:00+00:00,58.485,58.495,58.375,58.42,131526.0,1864.0,58.434749
SLB,2026-09-01 14:55:00+00:00,58.415,58.475,58.345,58.36,249141.0,2123.0,58.419511
SLB,2026-09-01 15:00:00+00:00,58.345,58.35,58.14,58.16,186962.0,2210.0,58.229296
SLB,2026-09-01 15:05:00+00:00,58.16,58.245,58.095,58.165,134126.0,1589.0,58.163998
SLB,2026-09-01 15:10:00+00:00,58.165,58.255,58.135,58.21,109699.0,1352.0,58.188853
SLB,2026-09-01 15:15:00+00:00,58.205,58.39,58.14,58.37,182194.0,1937.0,58.280703
SLB,2026-09-01 15:20:00+00:00,58.38,58.785,58.365,58.78,360510.0,3329.0,58.522359
SLB,2026-09-01 15:25:00+00:00,58.775,58.775,58.385,58.58,264334.0,3032.0,58.567138
SLB,2026-09-01 15:30:00+00:00,58.575,58.67,58.535,58.635,131445.0,1447.0,58.586412
SLB,2026-09-01 15:35:00+00:00,58.635,58.73,58.575,58.685,140503.0,1632.0,58.649036
SLB,2026-09-01 15:40:00+00:00,58.685,58.815,58.682,58.72,105368.0,1558.0,58.739195
SLB,2026-09-01 15:45:00+00:00,58.71,58.73,58.5,58.575,96456.0,1394.0,58.587576
SLB,2026-09-01 15:50:00+00:00,58.58,58.62,58.465,58.4944,245554.0,2455.0,58.508824
SLB,2026-09-01 15:55:00+00:00,58.49,58.49,58.305,58.305,68231.0,1085.0,58.373769
SLB,2026-09-01 16:00:00+00:00,58.315,58.355,58.15,58.15,84620.0,1343.0,58.263446
SLB,2026-09-01 16:05:00+00:00,58.15,58.16,58.0,58.085,110513.0,1467.0,58.074885
SLB,2026-09-01 16:10:00+00:00,58.09,58.115,58.06,58.07,87253.0,1042.0,58.0845
SLB,2026-09-01 16:15:00+00:00,58.075,58.125,57.98,58.105,75330.0,1227.0,58.055594
SLB,2026-09-01 16:20:00+00:00,58.105,58.18,58.06,58.175,83815.0,1266.0,58.115404
SLB,2026-09-01 16:25:00+00:00,58.175,58.225,58.075,58.12,81183.0,1309.0,58.161927
SLB,2026-09-01 16:30:00+00:00,58.115,58.195,58.091,58.17,62353.0,1285.0,58.153148
SLB,2026-09-01 16:35:00+00:00,58.165,58.215,58.14,58.2,50814.0,881.0,58.174003
SLB,2026-09-01 16:40:00+00:00,58.195,58.22,58.0,58.1,185642.0,1800.0,58.090441
SLB,2026-09-01 16:45:00+00:00,58.11,58.15,57.92,57.935,177528.0,1661.0,58.043578
SLB,2026-09-01 16:50:00+00:00,57.93,57.95,57.88,57.885,83676.0,1010.0,57.923115
SLB,2026-09-01 16:55:00+00:00,57.89,58.03,57.875,57.98,131788.0,1730.0,57.946792
SLB,2026-09-01 17:00:00+00:00,57.975,58.08,57.965,58.07,117272.0,1505.0,58.022649
SLB,2026-09-01 17:05:00+00:00,58.075,58.0862,57.915,57.95,85070.0,1322.0,57.99559
SLB,2026-09-01 17:10:00+00:00,57.95,57.97,57.85,57.855,75049.0,1178.0,57.931556
SLB,2026-09-01 17:15:00+00:00,57.8505,57.8595,57.81,57.82,61997.0,1148.0,57.831903
SLB,2026-09-01 17:20:00+00:00,57.82,57.86,57.81,57.855,47484.0,889.0,57.837002
SLB,2026-09-01 17:25:00+00:00,57.86,57.95,57.825,57.945,83494.0,1501.0,57.870252
SLB,2026-09-01 17:30:00+00:00,57.94,57.95,57.835,57.835,55222.0,981.0,57.910922
SLB,2026-09-01 17:35:00+00:00,57.84,57.9,57.83,57.885,61502.0,1032.0,57.881155
SLB,2026-09-01 17:40:00+00:00,57.89,58.055,57.88,57.92,220691.0,2364.0,57.990818
SLB,2026-09-01 17:45:00+00:00,57.92,57.93,57.785,57.91,98175.0,1341.0,57.854968
SLB,2026-09-01 17:50:00+00:00,57.91,58.0,57.865,57.87,127376.0,1473.0,57.933962
SLB,2026-09-01 17:55:00+00:00,57.87,57.99,57.835,57.88,121688.0,1657.0,57.891828
SLB,2026-09-01 18:00:00+00:00,57.885,57.885,57.725,57.7536,101972.0,1501.0,57.805009
SLB,2026-09-01 18:05:00+00:00,57.76,57.815,57.7401,57.795,74837.0,1077.0,57.780323
SLB,2026-09-01 18:10:00+00:00,57.795,57.815,57.77,57.775,50722.0,879.0,57.79059
SLB,2026-09-01 18:15:00+00:00,57.77,57.79,57.7,57.785,137434.0,1278.0,57.75155
SLB,2026-09-01 18:20:00+00:00,57.785,57.785,57.705,57.705,66817.0,959.0,57.755033
SLB,2026-09-01 18:25:00+00:00,57.705,57.855,57.65,57.775,139288.0,1613.0,57.748455
SLB,2026-09-01 18:30:00+00:00,57.7701,57.925,57.77,57.9,112592.0,1346.0,57.866938
SLB,2026-09-01 18:35:00+00:00,57.9,57.945,57.89,57.9,65538.0,1022.0,57.911924
SLB,2026-09-01 18:40:00+00:00,57.915,57.955,57.87,57.88,70075.0,1063.0,57.908377
SLB,2026-09-01 18:45:00+00:00,57.885,57.915,57.81,57.815,69405.0,1101.0,57.870207
SLB,2026-09-01 18:50:00+00:00,57.81,57.969,57.8,57.825,140185.0,1736.0,57.889145
SLB,2026-09-01 18:55:00+00:00,57.825,57.98,57.805,57.98,117881.0,1522.0,57.895161
SLB,2026-09-01 19:00:00+00:00,57.98,58.0,57.925,57.97,123330.0,1503.0,57.965945
SLB,2026-09-01 19:05:00+00:00,57.96,57.96,57.79,57.815,118801.0,1473.0,57.876547
SLB,2026-09-01 19:10:00+00:00,57.815,57.85,57.7748,57.825,155993.0,1936.0,57.812922
SLB,2026-09-01 19:15:00+00:00,57.825,57.84,57.69,57.8,173733.0,2135.0,57.781244
SLB,2026-09-01 19:20:00+00:00,57.795,57.86,57.765,57.855,170139.0,1937.0,57.809594
SLB,2026-09-01 19:25:00+00:00,57.855,57.865,57.695,57.78,209777.0,2052.0,57.753107
SLB,2026-09-01 19:30:00+00:00,57.79,57.795,57.605,57.655,233195.0,2811.0,57.698587
SLB,2026-09-01 19:35:00+00:00,57.655,57.705,57.5,57.541,360040.0,3155.0,57.615857
SLB,2026-09-01 19:40:00+00:00,57.545,57.56,57.36,57.475,236591.0,3000.0,57.452603
SLB,2026-09-01 19:45:00+00:00,57.475,57.535,57.33,57.33,570858.0,4834.0,57.446627
SLB,2026-09-01 19:50:00+00:00,57.33,57.38,57.25,57.295,550285.0,5109.0,57.321237
SLB,2026-09-01 19:55:00+00:00,57.3,57.355,57.07,57.15,1660672.0,12888.0,57.172922
SLB,2026-09-01 20:00:00+00:00,57.15,57.42,57.1327,57.2,3293051.0,155.0,57.150048
SLB,2026-09-01 20:05:00+00:00,57.36,57.36,57.09,57.09,2727.0,19.0,57.145657
SLB,2026-09-01 20:10:00+00:00,57.21,57.21,57.16,57.16,7021.0,9.0,57.193251
SLB,2026-09-01 20:15:00+00:00,57.29,57.3,57.29,57.29,1209.0,15.0,57.292
SLB,2026-09-01 20:20:00+00:00,57.16,57.26,57.16,57.2,4021.0,27.0,57.207574
SLB,2026-09-01 20:35:00+00:00,57.3,57.3,57.3,57.3,227.0,6.0,57.3
SLB,2026-09-01 20:40:00+00:00,57.26,57.26,57.26,57.26,372.0,1.0,57.26
SLB,2026-09-01 20:45:00+00:00,57.3,57.3,57.3,57.3,100.0,1.0,57.3
SLB,2026-09-01 20:50:00+00:00,57.3,57.3,57.3,57.3,499.0,2.0,57.3
SLB,2026-09-01 21:00:00+00:00,57.3,57.404,57.3,57.404,1003.0,6.0,57.352953
SLB,2026-09-01 21:15:00+00:00,57.31,57.76,57.3,57.76,6834.0,76.0,57.387734
SLB,2026-09-01 21:20:00+00:00,57.48,57.76,57.48,57.66,4733.0,74.0,57.702267
SLB,2026-09-01 21:25:00+00:00,57.66,57.66,57.5,57.5,1209.0,5.0,57.645455
SLB,2026-09-01 21:30:00+00:00,57.6427,57.6427,57.62,57.62,833.0,5.0,57.639863
SLB,2026-09-01 21:35:00+00:00,57.5348,57.5348,57.5348,57.5348,3000.0,1.0,57.5348
SLB,2026-09-01 21:40:00+00:00,57.52,57.52,57.51,57.51,507.0,3.0,57.514
SLB,2026-09-01 21:45:00+00:00,57.5,57.5,57.5,57.5,93802.0,6.0,57.5
SLB,2026-09-01 21:50:00+00:00,57.48,57.48,57.48,57.48,3570.0,9.0,57.48
SLB,2026-09-01 22:00:00+00:00,57.45,57.45,57.4317,57.4317,1101.0,4.0,57.448154
SLB,2026-09-01 22:10:00+00:00,57.5407,57.5407,57.5407,57.5407,135.0,2.0,57.5407
SLB,2026-09-01 22:15:00+00:00,57.54,57.54,57.48,57.48,413.0,4.0,57.51
SLB,2026-09-01 22:30:00+00:00,57.475,57.5,57.46,57.46,1843.0,9.0,57.489895
SLB,2026-09-01 22:40:00+00:00,57.42,57.42,57.4121,57.4121,1526.0,6.0,57.417266
SLB,2026-09-01 22:45:00+00:00,57.42,57.42,57.4,57.41,2354.0,9.0,57.404466
SLB,2026-09-01 22:55:00+00:00,57.4217,57.4217,57.4217,57.4217,1029.0,1.0,57.4217
SLB,2026-09-01 23:15:00+00:00,57.5183,57.5183,57.5183,57.5183,200.0,1.0,57.5183
SLB,2026-09-01 23:20:00+00:00,57.5,57.5,57.5,57.5,125.0,1.0,57.5
SLB,2026-09-01 23:30:00+00:00,57.5183,57.5183,57.5183,57.5183,100.0,1.0,57.5183
SLB,2026-09-01 23:35:00+00:00,57.47,57.5,57.47,57.5,1000.0,4.0,57.493884
SLB,2026-09-01 23:40:00+00:00,57.41,57.41,57.41,57.41,106.0,2.0,57.41
SLB,2026-09-01 23:45:00+00:00,57.41,57.48,57.41,57.48,217.0,3.0,57.444653
SLB,2026-09-01 23:50:00+00:00,57.4,57.41,57.4,57.4,2740.0,25.0,57.401008
SLB,2026-09-01 23:55:00+00:00,57.4015,57.4015,57.4015,57.4015,516.0,4.0,57.4015
SLB,2026-09-02 08:00:00+00:00,57.3,57.45,57.14,57.45,1264.0,58.0,57.223323
SLB,2026-09-02 08:10:00+00:00,57.15,57.15,57.15,57.15,303.0,5.0,57.15
SLB,2026-09-02 08:45:00+00:00,57.15,57.15,57.15,57.15,222.0,1.0,57.15
SLB,2026-09-02 08:50:00+00:00,57.05,57.05,57.05,57.05,293.0,1.0,57.05
SLB,2026-09-02 09:00:00+00:00,57.12,57.12,57.12,57.12,300.0,5.0,57.12
SLB,2026-09-02 10:50:00+00:00,57.01,57.01,57.01,57.01,109.0,2.0,57.01
SLB,2026-09-02 10:55:00+00:00,56.96,56.96,56.95,56.95,369.0,10.0,56.955096
SLB,2026-09-02 11:00:00+00:00,57.12,57.14,57.07,57.07,1963.0,20.0,57.116025
SLB,2026-09-02 11:15:00+00:00,57.04,57.04,57.04,57.04,550.0,9.0,57.04
SLB,2026-09-02 11:30:00+00:00,56.98,56.98,56.9,56.9,1155.0,20.0,56.930992
SLB,2026-09-02 11:45:00+00:00,56.86,56.86,56.86,56.86,200.0,4.0,56.86
SLB,2026-09-02 11:55:00+00:00,56.73,56.73,56.73,56.73,275.0,16.0,56.73
SLB,2026-09-02 12:05:00+00:00,56.7,56.7,56.6396,56.6396,1612.0,25.0,56.661644
SLB,2026-09-02 12:15:00+00:00,56.3764,56.55,56.3764,56.55,1045.0,5.0,56.458632
SLB,2026-09-02 12:20:00+00:00,56.3104,56.3104,56.3104,56.3104,1002.0,4.0,56.3104
SLB,2026-09-02 12:35:00+00:00,56.99,57.0,56.99,57.0,600.0,3.0,56.996
SLB,2026-09-02 12:40:00+00:00,56.94,56.95,56.94,56.95,438.0,2.0,56.944521
SLB,2026-09-02 12:50:00+00:00,56.6321,56.6321,56.6321,56.6321,100.0,1.0,56.6321
SLB,2026-09-02 12:55:00+00:00,56.9,56.92,56.9,56.92,1400.0,2.0,56.914286
SLB,2026-09-02 13:00:00+00:00,56.9,56.92,56.9,56.92,305.0,4.0,56.906667
SLB,2026-09-02 13:05:00+00:00,56.76,56.9,56.76,56.8701,793.0,14.0,56.811454
SLB,2026-09-02 13:10:00+00:00,56.8701,56.89,56.8701,56.89,228.0,4.0,56.88005
SLB,2026-09-02 13:20:00+00:00,56.82,56.82,56.78,56.78,319.0,7.0,56.8
SLB,2026-09-02 13:25:00+00:00,56.93,56.94,56.93,56.94,667.0,15.0,56.9325
SLB,2026-09-02 13:30:00+00:00,56.655,57.15,56.3,57.085,550995.0,2810.0,56.521966
SLB,2026-09-02 13:35:00+00:00,57.08,57.57,57.07,57.33,227190.0,2273.0,57.347645
SLB,2026-09-02 13:40:00+00:00,57.325,57.41,57.05,57.21,110117.0,1399.0,57.257876
SLB,2026-09-02 13:45:00+00:00,57.2,57.275,57.13,57.21,139845.0,1480.0,57.185347
SLB,2026-09-02 13:50:00+00:00,57.2,57.25,57.07,57.075,117765.0,1130.0,57.141472
SLB,2026-09-02 13:55:00+00:00,57.09,57.17,56.85,56.85,242327.0,1552.0,57.069252
SLB,2026-09-02 14:00:00+00:00,56.84,57.22,56.81,57.22,74031.0,1106.0,57.041382
SLB,2026-09-02 14:05:00+00:00,57.22,57.25,57.07,57.225,81861.0,1119.0,57.160314
SLB,2026-09-02 14:10:00+00:00,57.225,57.24,56.955,56.965,104882.0,1505.0,57.118063
SLB,2026-09-02 14:15:00+00:00,56.96,57.03,56.86,56.91,110864.0,1354.0,56.947278
SLB,2026-09-02 14:20:00+00:00,56.92,57.02,56.88,57.0,122189.0,1267.0,56.938319
SLB,2026-09-02 14:25:00+00:00,57.0,57.16,56.98,57.07,81997.0,1003.0,57.064627
SLB,2026-09-02 14:30:00+00:00,57.07,57.34,57.0447,57.33,104772.0,1292.0,57.126384
SLB,2026-09-02 14:35:00+00:00,57.325,57.355,57.1501,57.18,124446.0,1447.0,57.292429
SLB,2026-09-02 14:40:00+00:00,57.18,57.42,57.16,57.39,116573.0,1552.0,57.330426
SLB,2026-09-02 14:45:00+00:00,57.39,57.77,57.3605,57.735,183832.0,1615.0,57.529907
SLB,2026-09-02 14:50:00+00:00,57.735,57.79,57.62,57.7,121127.0,1680.0,57.684268
SLB,2026-09-02 14:55:00+00:00,57.69,57.75,57.615,57.71,106384.0,1277.0,57.688241
SLB,2026-09-02 15:00:00+00:00,57.71,57.77,57.62,57.68,112405.0,1462.0,57.677482
SLB,2026-09-02 15:05:00+00:00,57.67,57.86,57.65,57.785,166219.0,2089.0,57.766897
SLB,2026-09-02 15:10:00+00:00,57.81,58.009,57.795,58.009,180447.0,2234.0,57.933382
SLB,2026-09-02 15:15:00+00:00,58.005,58.12,57.955,58.07,242874.0,2167.0,58.026771
SLB,2026-09-02 15:20:00+00:00,58.07,58.18,58.01,58.035,99922.0,1426.0,58.079093
SLB,2026-09-02 15:25:00+00:00,58.025,58.12,57.975,58.115,228631.0,2001.0,58.04975
SLB,2026-09-02 15:30:00+00:00,58.12,58.235,58.04,58.125,213945.0,2186.0,58.141777
SLB,2026-09-02 15:35:00+00:00,58.125,58.36,58.115,58.35,232995.0,2758.0,58.258985
SLB,2026-09-02 15:40:00+00:00,58.359,58.45,58.335,58.39,70303.0,1160.0,58.390732
SLB,2026-09-02 15:45:00+00:00,58.39,58.47,58.36,58.395,116887.0,1508.0,58.419618
SLB,2026-09-02 15:50:00+00:00,58.395,58.45,58.32,58.32,73370.0,1107.0,58.390573
SLB,2026-09-02 15:55:00+00:00,58.325,58.37,58.28,58.32,76619.0,1127.0,58.322595
SLB,2026-09-02 16:00:00+00:00,58.315,58.315,58.03,58.085,104874.0,1387.0,58.160739
SLB,2026-09-02 16:05:00+00:00,58.08,58.13,57.91,57.91,114096.0,1346.0,58.029612
SLB,2026-09-02 16:10:00+00:00,57.9,57.94,57.85,57.9,80095.0,1167.0,57.89912
SLB,2026-09-02 16:15:00+00:00,57.9,57.99,57.875,57.955,76755.0,1065.0,57.924959
SLB,2026-09-02 16:20:00+00:00,57.96,58.09,57.95,58.04,136066.0,1373.0,58.035609
SLB,2026-09-02 16:25:00+00:00,58.04,58.075,58.01,58.01,67726.0,925.0,58.038102
SLB,2026-09-02 16:30:00+00:00,58.005,58.11,57.9901,58.07,205029.0,1960.0,58.060079
SLB,2026-09-02 16:35:00+00:00,58.07,58.08,57.98,58.01,71026.0,1065.0,58.031514
SLB,2026-09-02 16:40:00+00:00,58.0,58.05,57.985,58.03,65497.0,1076.0,58.013505
SLB,2026-09-02 16:45:00+00:00,58.025,58.13,58.01,58.02,100463.0,1215.0,58.071791
SLB,2026-09-02 16:50:00+00:00,58.015,58.03,57.9627,58.03,99555.0,1060.0,58.004501
SLB,2026-09-02 16:55:00+00:00,58.03,58.155,58.0,58.13,103779.0,1399.0,58.065557
SLB,2026-09-02 17:00:00+00:00,58.12,58.12,57.975,57.975,92588.0,1229.0,58.037932
SLB,2026-09-02 17:05:00+00:00,57.97,58.0,57.95,57.98,44096.0,793.0,57.972514
SLB,2026-09-02 17:10:00+00:00,57.99,58.075,57.97,58.0707,56207.0,914.0,58.010964
SLB,2026-09-02 17:15:00+00:00,58.07,58.085,58.015,58.025,46304.0,841.0,58.044534
SLB,2026-09-02 17:20:00+00:00,58.025,58.025,57.8901,57.8901,105888.0,1402.0,57.943794
SLB,2026-09-02 17:25:00+00:00,57.895,57.95,57.87,57.95,53950.0,735.0,57.903934
SLB,2026-09-02 17:30:00+00:00,57.945,58.025,57.94,58.025,79345.0,968.0,57.972696
SLB,2026-09-02 17:35:00+00:00,58.025,58.03,57.97,57.9821,103960.0,1239.0,58.00317
SLB,2026-09-02 17:40:00+00:00,57.985,58.055,57.945,57.97,86620.0,1142.0,58.008507
SLB,2026-09-02 17:45:00+00:00,57.96,58.125,57.945,58.06,197162.0,2093.0,58.037873
SLB,2026-09-02 17:50:00+00:00,58.06,58.065,57.985,58.0,58952.0,872.0,58.020073
SLB,2026-09-02 17:55:00+00:00,57.995,58.01,57.98,58.005,53323.0,864.0,57.995121
SLB,2026-09-02 18:00:00+00:00,58.005,58.045,57.965,57.9699,131973.0,1546.0,58.006059
SLB,2026-09-02 18:05:00+00:00,57.975,58.1,57.975,58.08,100515.0,1141.0,58.056531
SLB,2026-09-02 18:10:00+00:00,58.085,58.16,58.08,58.115,147580.0,1848.0,58.124521
SLB,2026-09-02 18:15:00+00:00,58.11,58.16,58.08,58.145,181241.0,1742.0,58.128071
SLB,2026-09-02 18:20:00+00:00,58.15,58.25,58.145,58.175,103850.0,1208.0,58.206416
SLB,2026-09-02 18:25:00+00:00,58.17,58.25,58.155,58.17,77522.0,1071.0,58.213869
SLB,2026-09-02 18:30:00+00:00,58.17,58.285,58.115,58.25,100094.0,1313.0,58.175109
SLB,2026-09-02 18:35:00+00:00,58.245,58.27,58.215,58.26,74344.0,1051.0,58.244077
SLB,2026-09-02 18:40:00+00:00,58.265,58.33,58.22,58.255,90916.0,1160.0,58.274114
SLB,2026-09-02 18:45:00+00:00,58.255,58.275,58.205,58.25,49705.0,863.0,58.240435
SLB,2026-09-02 18:50:00+00:00,58.255,58.31,58.22,58.305,71555.0,1043.0,58.258755
SLB,2026-09-02 18:55:00+00:00,58.3,58.305,58.225,58.225,81122.0,1157.0,58.258454
SLB,2026-09-02 19:00:00+00:00,58.225,58.25,58.18,58.205,91324.0,1328.0,58.205247
SLB,2026-09-02 19:05:00+00:00,58.205,58.25,58.16,58.16,115895.0,1338.0,58.200321
SLB,2026-09-02 19:10:00+00:00,58.165,58.205,58.16,58.195,62472.0,1049.0,58.186855
SLB,2026-09-02 19:15:00+00:00,58.2,58.33,58.17,58.23,366058.0,3800.0,58.254536
SLB,2026-09-02 19:20:00+00:00,58.22,58.37,58.18,58.345,177492.0,2211.0,58.286452
SLB,2026-09-02 19:25:00+00:00,58.345,58.345,58.255,58.33,117884.0,1582.0,58.306453
SLB,2026-09-02 19:30:00+00:00,58.32,58.325,58.23,58.285,141894.0,1864.0,58.292082
SLB,2026-09-02 19:35:00+00:00,58.28,58.31,58.2,58.2,105802.0,1645.0,58.254728
SLB,2026-09-02 19:40:00+00:00,58.19,58.255,58.17,58.255,131714.0,1803.0,58.194816
SLB,2026-09-02 19:45:00+00:00,58.255,58.33,58.25,58.285,158109.0,2379.0,58.284955
SLB,2026-09-02 19:50:00+00:00,58.29,58.3,57.95,57.98,299623.0,3443.0,58.132797
SLB,2026-09-02 19:55:00+00:00,57.98,58.155,57.98,58.145,817902.0,8862.0,58.090323
SLB,2026-09-02 20:00:00+00:00,58.14,58.145,57.84,57.84,3233594.0,139.0,58.129991
SLB,2026-09-02 20:05:00+00:00,58.56,58.56,58.56,58.56,216.0,16.0,58.56
SLB,2026-09-02 20:15:00+00:00,57.4,57.4,57.3347,57.3347,370.0,2.0,57.369997
SLB,2026-09-02 20:20:00+00:00,58.2,58.2,58.2,58.2,1171.0,2.0,58.2
SLB,2026-09-02 20:25:00+00:00,58.27,58.3353,58.27,58.3353,468.0,5.0,58.302812
SLB,2026-09-02 20:30:00+00:00,58.13,58.56,58.13,58.56,7879.0,8.0,58.143938
SLB,2026-09-02 20:35:00+00:00,58.32,58.32,58.32,58.32,200.0,7.0,58.32
SLB,2026-09-02 21:40:00+00:00,58.32,58.32,58.32,58.32,161.0,2.0,58.32
SLB,2026-09-02 21:45:00+00:00,58.2,58.2,58.045,58.045,200.0,2.0,58.1225
SLB,2026-09-02 21:50:00+00:00,58.56,58.56,58.56,58.56,1043.0,3.0,58.56
SLB,2026-09-02 22:00:00+00:00,58.1,58.1,58.1,58.1,332.0,2.0,58.1
SLB,2026-09-02 23:20:00+00:00,58.21,58.21,58.21,58.21,199.0,1.0,58.21
SLB,2026-09-02 23:30:00+00:00,58.22,58.252,58.21,58.252,2000.0,16.0,58.234896
SLB,2026-09-02 23:35:00+00:00,58.2,58.21,58.2,58.2,1100.0,15.0,58.201185
SLB,2026-09-02 23:40:00+00:00,58.27,58.27,58.27,58.27,300.0,1.0,58.27
SLB,2026-09-02 23:45:00+00:00,58.2,58.2,58.2,58.2,109.0,3.0,58.2
SLB,2026-09-03 08:00:00+00:00,58.09,58.35,58.09,58.35,561.0,16.0,58.17184
SLB,2026-09-03 08:20:00+00:00,57.94,57.94,57.94,57.94,250.0,1.0,57.94
SLB,2026-09-03 10:10:00+00:00,58.15,58.15,58.15,58.15,152.0,3.0,58.15
SLB,2026-09-03 10:15:00+00:00,58.55,58.55,58.55,58.55,258.0,3.0,58.55
SLB,2026-09-03 10:35:00+00:00,58.37,58.5,58.37,58.44,2303.0,24.0,58.463194
SLB,2026-09-03 11:20:00+00:00,58.3867,58.3867,58.3867,58.3867,684.0,1.0,58.3867
SLB,2026-09-03 11:25:00+00:00,58.3828,58.3828,58.3828,58.3828,170.0,2.0,58.3828
SLB,2026-09-03 11:30:00+00:00,58.39,58.4,58.39,58.4,2265.0,4.0,58.397558
SLB,2026-09-03 11:35:00+00:00,58.304,58.304,58.2918,58.2918,555.0,7.0,58.301782
SLB,2026-09-03 12:00:00+00:00,58.5,58.72,58.5,58.72,444.0,6.0,58.562857
SLB,2026-09-03 12:10:00+00:00,58.51,58.51,58.51,58.51,340.0,8.0,58.51
SLB,2026-09-03 12:25:00+00:00,58.5,58.51,58.5,58.51,201.0,3.0,58.505
SLB,2026-09-03 12:30:00+00:00,58.37,58.37,58.26,58.26,2192.0,19.0,58.319965
SLB,2026-09-03 12:50:00+00:00,58.49,58.5202,58.48,58.5192,2205.0,18.0,58.500732
SLB,2026-09-03 12:55:00+00:00,58.37,58.37,58.37,58.37,502.0,4.0,58.37
SLB,2026-09-03 13:05:00+00:00,58.54,58.54,58.54,58.54,176.0,2.0,58.54
SLB,2026-09-03 13:10:00+00:00,58.38,58.38,58.33,58.33,307.0,3.0,58.349455
SLB,2026-09-03 13:20:00+00:00,58.35,58.35,58.35,58.35,168.0,2.0,58.35
SLB,2026-09-03 13:25:00+00:00,58.26,58.41,58.15,58.15,627.0,10.0,58.240319
SLB,2026-09-03 13:30:00+00:00,58.17,58.95,58.14,58.8,243662.0,1430.0,58.484497
SLB,2026-09-03 13:35:00+00:00,58.799,59.025,58.77,58.9,153847.0,1140.0,58.949654
SLB,2026-09-03 13:40:00+00:00,58.87,58.94,58.764,58.94,93084.0,1274.0,58.854063
SLB,2026-09-03 13:45:00+00:00,58.93,59.36,58.93,59.0305,200467.0,1612.0,59.11245
SLB,2026-09-03 13:50:00+00:00,59.045,59.165,58.735,58.76,199128.0,1793.0,58.873037
SLB,2026-09-03 13:55:00+00:00,58.755,58.9,58.67,58.74,132503.0,1425.0,58.760146
SLB,2026-09-03 14:00:00+00:00,58.74,58.875,58.58,58.79,127149.0,1247.0,58.732778
SLB,2026-09-03 14:05:00+00:00,58.76,58.8125,58.53,58.56,173975.0,1620.0,58.624849
SLB,2026-09-03 14:10:00+00:00,58.57,58.605,58.4,58.59,190900.0,1711.0,58.494049
SLB,2026-09-03 14:15:00+00:00,58.6,58.75,58.58,58.73,80294.0,1222.0,58.662467
SLB,2026-09-03 14:20:00+00:00,58.73,58.78,58.66,58.73,69062.0,1113.0,58.727643
SLB,2026-09-03 14:25:00+00:00,58.73,58.73,58.55,58.615,92534.0,1173.0,58.616586
SLB,2026-09-03 14:30:00+00:00,58.61,58.66,58.45,58.635,187611.0,2173.0,58.548254
SLB,2026-09-03 14:35:00+00:00,58.63,58.755,58.62,58.7399,55164.0,1054.0,58.698905
SLB,2026-09-03 14:40:00+00:00,58.73,58.74,58.57,58.59,55834.0,1082.0,58.669119
SLB,2026-09-03 14:45:00+00:00,58.6,58.625,58.475,58.51,74908.0,1270.0,58.543143
SLB,2026-09-03 14:50:00+00:00,58.52,58.675,58.48,58.48,93712.0,1405.0,58.564497
SLB,2026-09-03 14:55:00+00:00,58.48,58.565,58.342,58.39,178865.0,2474.0,58.487842
SLB,2026-09-03 15:00:00+00:00,58.37,58.415,58.255,58.28,96272.0,1251.0,58.330425
SLB,2026-09-03 15:05:00+00:00,58.29,58.38,58.26,58.31,58761.0,963.0,58.319337
SLB,2026-09-03 15:10:00+00:00,58.325,58.395,58.16,58.16,93034.0,1188.0,58.250108
SLB,2026-09-03 15:15:00+00:00,58.16,58.335,58.15,58.3,49276.0,897.0,58.22604
SLB,2026-09-03 15:20:00+00:00,58.3,58.36,58.21,58.355,47690.0,804.0,58.286068
SLB,2026-09-03 15:25:00+00:00,58.36,58.445,58.28,58.35,91666.0,1097.0,58.372044
SLB,2026-09-03 15:30:00+00:00,58.37,58.47,58.32,58.36,211291.0,1578.0,58.39771
SLB,2026-09-03 15:35:00+00:00,58.36,58.41,58.28,58.32,67627.0,997.0,58.344555
SLB,2026-09-03 15:40:00+00:00,58.325,58.385,58.3,58.32,39134.0,672.0,58.342119
SLB,2026-09-03 15:45:00+00:00,58.32,58.38,58.31,58.365,50520.0,861.0,58.356147
SLB,2026-09-03 15:50:00+00:00,58.355,58.37,58.29,58.32,41784.0,733.0,58.333565
SLB,2026-09-03 15:55:00+00:00,58.33,58.355,58.21,58.26,58778.0,957.0,58.254352
SLB,2026-09-03 16:00:00+00:00,58.26,58.26,58.04,58.05,80685.0,1038.0,58.104675
SLB,2026-09-03 16:05:00+00:00,58.055,58.09,57.965,57.995,59005.0,920.0,58.028243
SLB,2026-09-03 16:10:00+00:00,57.9851,58.0086,57.89,58.0086,63349.0,970.0,57.949242
SLB,2026-09-03 16:15:00+00:00,58.015,58.085,58.005,58.02,40109.0,643.0,58.043382
SLB,2026-09-03 16:20:00+00:00,58.015,58.09,57.99,58.075,35114.0,689.0,58.042371
SLB,2026-09-03 16:25:00+00:00,58.065,58.135,57.97,57.99,43358.0,743.0,58.059988
SLB,2026-09-03 16:30:00+00:00,57.995,58.035,57.87,57.895,102024.0,1321.0,57.971016
SLB,2026-09-03 16:35:00+00:00,57.89,57.9099,57.81,57.8417,48991.0,784.0,57.851952
SLB,2026-09-03 16:40:00+00:00,57.84,57.84,57.78,57.8,118847.0,1567.0,57.805165
SLB,2026-09-03 16:45:00+00:00,57.8,57.88,57.78,57.8,91040.0,1228.0,57.836622
SLB,2026-09-03 16:50:00+00:00,57.795,57.82,57.64,57.675,69024.0,1044.0,57.707222
SLB,2026-09-03 16:55:00+00:00,57.6701,57.81,57.67,57.8001,45189.0,725.0,57.735275
SLB,2026-09-03 17:00:00+00:00,57.81,57.855,57.765,57.81,52498.0,707.0,57.819433
SLB,2026-09-03 17:05:00+00:00,57.82,57.845,57.77,57.84,29794.0,610.0,57.808095
SLB,2026-09-03 17:10:00+00:00,57.83,57.855,57.78,57.855,43874.0,725.0,57.831328
SLB,2026-09-03 17:15:00+00:00,57.855,57.89,57.82,57.855,34587.0,625.0,57.867573
SLB,2026-09-03 17:20:00+00:00,57.855,57.93,57.835,57.895,28388.0,663.0,57.885758
SLB,2026-09-03 17:25:00+00:00,57.895,57.895,57.8,57.85,68818.0,989.0,57.841379
SLB,2026-09-03 17:30:00+00:00,57.85,57.965,57.83,57.95,33473.0,688.0,57.893337
SLB,2026-09-03 17:35:00+00:00,57.95,57.95,57.7,57.735,53253.0,833.0,57.785972
SLB,2026-09-03 17:40:00+00:00,57.731,57.75,57.645,57.68,43510.0,798.0,57.694919
SLB,2026-09-03 17:45:00+00:00,57.68,57.75,57.68,57.7,60325.0,967.0,57.705524
SLB,2026-09-03 17:50:00+00:00,57.6999,57.745,57.691,57.735,35857.0,737.0,57.721131
SLB,2026-09-03 17:55:00+00:00,57.735,57.78,57.73,57.76,29080.0,591.0,57.750025
SLB,2026-09-03 18:00:00+00:00,57.77,57.87,57.74,57.86,61473.0,1039.0,57.797914
SLB,2026-09-03 18:05:00+00:00,57.855,57.86,57.75,57.755,36961.0,778.0,57.822296
SLB,2026-09-03 18:10:00+00:00,57.76,57.78,57.72,57.775,30645.0,675.0,57.762215
SLB,2026-09-03 18:15:00+00:00,57.775,57.79,57.67,57.695,50716.0,895.0,57.732878
SLB,2026-09-03 18:20:00+00:00,57.69,57.705,57.66,57.695,30043.0,660.0,57.687047
SLB,2026-09-03 18:25:00+00:00,57.695,57.71,57.68,57.685,37712.0,680.0,57.69575
SLB,2026-09-03 18:30:00+00:00,57.67,57.685,57.605,57.615,48455.0,786.0,57.654626
SLB,2026-09-03 18:35:00+00:00,57.61,57.61,57.45,57.505,75874.0,1221.0,57.50688
SLB,2026-09-03 18:40:00+00:00,57.505,57.52,57.475,57.505,37739.0,774.0,57.494769
SLB,2026-09-03 18:45:00+00:00,57.51,57.515,57.42,57.42,66207.0,948.0,57.469843
SLB,2026-09-03 18:50:00+00:00,57.41,57.46,57.37,57.37,81259.0,1064.0,57.409975
SLB,2026-09-03 18:55:00+00:00,57.37,57.425,57.36,57.415,58968.0,959.0,57.397489
SLB,2026-09-03 19:00:00+00:00,57.415,57.44,57.36,57.37,81582.0,1008.0,57.408144
SLB,2026-09-03 19:05:00+00:00,57.37,57.405,57.345,57.395,57934.0,956.0,57.376027
SLB,2026-09-03 19:10:00+00:00,57.4,57.415,57.325,57.355,58406.0,984.0,57.371252
SLB,2026-09-03 19:15:00+00:00,57.35,57.43,57.35,57.42,69931.0,1131.0,57.392271
SLB,2026-09-03 19:20:00+00:00,57.415,57.455,57.335,57.335,69090.0,1213.0,57.403974
SLB,2026-09-03 19:25:00+00:00,57.33,57.44,57.261,57.42,98598.0,1630.0,57.337153
SLB,2026-09-03 19:30:00+00:00,57.415,57.495,57.33,57.465,113271.0,1305.0,57.42983
SLB,2026-09-03 19:35:00+00:00,57.465,57.56,57.46,57.505,81988.0,1452.0,57.510609
SLB,2026-09-03 19:40:00+00:00,57.505,57.505,57.435,57.44,95378.0,1399.0,57.472994
SLB,2026-09-03 19:45:00+00:00,57.445,57.655,57.445,57.645,129221.0,1790.0,57.539713
SLB,2026-09-03 19:50:00+00:00,57.64,57.705,57.54,57.545,174658.0,2400.0,57.623468
SLB,2026-09-03 19:55:00+00:00,57.545,57.57,57.365,57.42,648809.0,7717.0,57.445131
SLB,2026-09-03 20:00:00+00:00,57.41,57.41,57.41,57.41,1927967.0,131.0,57.41
SLB,2026-09-03 20:05:00+00:00,57.62,57.62,57.41,57.41,4274.0,39.0,57.423778
SLB,2026-09-03 20:20:00+00:00,57.2904,57.2904,57.2904,57.2904,827.0,1.0,57.2904
SLB,2026-09-03 20:35:00+00:00,57.41,57.41,57.41,57.41,3519.0,2.0,57.41
SLB,2026-09-03 20:50:00+00:00,58.05,58.05,58.05,58.05,111.0,2.0,58.05
SLB,2026-09-03 21:50:00+00:00,57.55,57.55,57.55,57.55,300.0,1.0,57.55
SLB,2026-09-03 22:15:00+00:00,57.51,57.51,57.51,57.51,309.0,4.0,57.51
SLB,2026-09-03 22:20:00+00:00,57.35,57.35,57.35,57.35,201.0,2.0,57.35
SLB,2026-09-04 08:00:00+00:00,57.34,57.34,57.34,57.34,291.0,12.0,57.34
SLB,2026-09-04 08:05:00+00:00,57.5,57.5,57.5,57.5,300.0,1.0,57.5
SLB,2026-09-04 08:35:00+00:00,57.22,57.22,57.22,57.22,137.0,1.0,57.22
SLB,2026-09-04 09:10:00+00:00,57.01,57.09,57.0,57.09,1510.0,36.0,57.013682
SLB,2026-09-04 10:10:00+00:00,57.25,57.25,57.25,57.25,264.0,3.0,57.25
SLB,2026-09-04 10:35:00+00:00,57.12,57.12,57.12,57.12,210.0,2.0,57.12
SLB,2026-09-04 11:00:00+00:00,57.1228,57.1228,57.1228,57.1228,401.0,2.0,57.1228
SLB,2026-09-04 11:05:00+00:00,57.11,57.12,57.11,57.12,2000.0,6.0,57.119485
SLB,2026-09-04 11:15:00+00:00,57.12,57.12,57.12,57.12,600.0,5.0,57.12
SLB,2026-09-04 11:30:00+00:00,57.15,57.15,57.15,57.15,927.0,21.0,57.15
SLB,2026-09-04 11:35:00+00:00,57.17,57.17,57.16,57.16,482.0,7.0,57.165571
SLB,2026-09-04 11:40:00+00:00,57.17,57.17,57.16,57.16,1253.0,16.0,57.163846
SLB,2026-09-04 11:45:00+00:00,57.1255,57.1255,57.1255,57.1255,255.0,1.0,57.1255
SLB,2026-09-04 12:00:00+00:00,57.11,57.11,57.11,57.11,346.0,7.0,57.11
SLB,2026-09-04 12:15:00+00:00,57.11,57.11,57.11,57.11,260.0,10.0,57.11
SLB,2026-09-04 12:30:00+00:00,57.0,57.0,56.8,56.8,602.0,30.0,56.942529
SLB,2026-09-04 13:05:00+00:00,56.84,56.84,56.84,56.84,104.0,2.0,56.84
SLB,2026-09-04 13:10:00+00:00,56.9,56.9,56.9,56.9,100.0,1.0,56.9
SLB,2026-09-04 13:20:00+00:00,56.92,56.99,56.92,56.99,4850.0,38.0,56.947934
SLB,2026-09-04 13:30:00+00:00,57.0,57.05,56.62,56.625,173716.0,1279.0,56.91962
SLB,2026-09-04 13:35:00+00:00,56.61,56.8229,56.31,56.32,103482.0,1258.0,56.580466
SLB,2026-09-04 13:40:00+00:00,56.33,56.6,56.27,56.57,102929.0,1216.0,56.37313
SLB,2026-09-04 13:45:00+00:00,56.57,56.72,56.47,56.535,84068.0,1316.0,56.586714
SLB,2026-09-04 13:50:00+00:00,56.52,56.55,56.33,56.36,72564.0,1109.0,56.478072
SLB,2026-09-04 13:55:00+00:00,56.36,56.425,56.24,56.27,99503.0,1399.0,56.324357
SLB,2026-09-04 14:00:00+00:00,56.26,56.535,56.26,56.48,280177.0,3317.0,56.436559
SLB,2026-09-04 14:05:00+00:00,56.45,56.485,56.275,56.335,95309.0,1800.0,56.37837
SLB,2026-09-04 14:10:00+00:00,56.34,56.39,56.265,56.355,98647.0,1556.0,56.326103
SLB,2026-09-04 14:15:00+00:00,56.355,56.495,56.32,56.465,103880.0,1462.0,56.417248
SLB,2026-09-04 14:20:00+00:00,56.465,56.65,56.455,56.51,167491.0,2255.0,56.522267
SLB,2026-09-04 14:25:00+00:00,56.505,56.69,56.48,56.69,275566.0,3175.0,56.596664
SLB,2026-09-04 14:30:00+00:00,56.685,56.745,56.55,56.555,102121.0,1668.0,56.655108
SLB,2026-09-04 14:35:00+00:00,56.55,56.66,56.52,56.63,48215.0,873.0,56.571379
SLB,2026-09-04 14:40:00+00:00,56.6382,56.71,56.62,56.66,59254.0,991.0,56.673411
SLB,2026-09-04 14:45:00+00:00,56.66,56.785,56.62,56.775,54955.0,1023.0,56.695183
SLB,2026-09-04 14:50:00+00:00,56.78,56.89,56.75,56.76,138416.0,1818.0,56.827996
SLB,2026-09-04 14:55:00+00:00,56.755,56.845,56.74,56.775,88444.0,1087.0,56.806498
SLB,2026-09-04 15:00:00+00:00,56.77,56.8,56.7,56.7,60244.0,1022.0,56.768662
SLB,2026-09-04 15:05:00+00:00,56.715,56.76,56.635,56.685,43541.0,837.0,56.692975
SLB,2026-09-04 15:10:00+00:00,56.68,56.72,56.645,56.705,40467.0,696.0,56.678084
SLB,2026-09-04 15:15:00+00:00,56.705,56.8176,56.675,56.755,90570.0,1067.0,56.748403
SLB,2026-09-04 15:20:00+00:00,56.755,56.83,56.755,56.81,41533.0,811.0,56.788041
SLB,2026-09-04 15:25:00+00:00,56.81,56.845,56.775,56.78,44741.0,818.0,56.811066
SLB,2026-09-04 15:30:00+00:00,56.775,56.86,56.695,56.7198,120890.0,1321.0,56.769393
SLB,2026-09-04 15:35:00+00:00,56.725,56.79,56.7098,56.79,49031.0,870.0,56.750642
SLB,2026-09-04 15:40:00+00:00,56.79,56.85,56.75,56.84,58111.0,916.0,56.818701
SLB,2026-09-04 15:45:00+00:00,56.835,56.91,56.79,56.865,343552.0,1056.0,56.823041
SLB,2026-09-04 15:50:00+00:00,56.86,56.92,56.81,56.86,85391.0,1098.0,56.856935
SLB,2026-09-04 15:55:00+00:00,56.855,56.97,56.852,56.935,51755.0,873.0,56.920577
SLB,2026-09-04 16:00:00+00:00,56.93,57.04,56.9,57.0,39993.0,887.0,56.965743
SLB,2026-09-04 16:05:00+00:00,57.005,57.005,56.93,56.99,29381.0,692.0,56.970865
SLB,2026-09-04 16:10:00+00:00,57.0,57.005,56.96,56.99,20814.0,579.0,56.97938
SLB,2026-09-04 16:15:00+00:00,56.99,57.035,56.965,57.035,32282.0,693.0,57.002985
SLB,2026-09-04 16:20:00+00:00,57.035,57.16,57.02,57.045,49640.0,920.0,57.095151
SLB,2026-09-04 16:25:00+00:00,57.04,57.055,57.01,57.05,38935.0,707.0,57.033393
SLB,2026-09-04 16:30:00+00:00,57.045,57.09,57.02,57.05,35054.0,707.0,57.051317
SLB,2026-09-04 16:35:00+00:00,57.05,57.125,57.03,57.125,51159.0,858.0,57.077205
SLB,2026-09-04 16:40:00+00:00,57.125,57.1499,57.09,57.14,27936.0,603.0,57.123401
SLB,2026-09-04 16:45:00+00:00,57.135,57.15,57.105,57.11,30977.0,626.0,57.131735
SLB,2026-09-04 16:50:00+00:00,57.11,57.175,57.095,57.14,30110.0,690.0,57.135872
SLB,2026-09-04 16:55:00+00:00,57.135,57.155,57.055,57.09,29854.0,716.0,57.106319
SLB,2026-09-04 17:00:00+00:00,57.085,57.11,57.055,57.055,35441.0,741.0,57.079587
SLB,2026-09-04 17:05:00+00:00,57.05,57.065,56.98,56.99,68796.0,914.0,57.036562
SLB,2026-09-04 17:10:00+00:00,56.9828,56.995,56.96,56.975,32252.0,598.0,56.9768
SLB,2026-09-04 17:15:00+00:00,56.97,56.995,56.945,56.995,41020.0,806.0,56.960347
SLB,2026-09-04 17:20:00+00:00,57.005,57.09,57.0,57.09,54308.0,732.0,57.044346
SLB,2026-09-04 17:25:00+00:00,57.09,57.105,57.07,57.075,46608.0,850.0,57.087646
SLB,2026-09-04 17:30:00+00:00,57.075,57.14,57.075,57.0899,66522.0,977.0,57.101352
SLB,2026-09-04 17:35:00+00:00,57.089,57.115,57.045,57.075,42483.0,806.0,57.080807
SLB,2026-09-04 17:40:00+00:00,57.075,57.09,57.015,57.0414,42776.0,691.0,57.049347
SLB,2026-09-04 17:45:00+00:00,57.04,57.065,57.02,57.035,32316.0,676.0,57.036912
SLB,2026-09-04 17:50:00+00:00,57.04,57.075,57.035,57.065,41089.0,748.0,57.052739
SLB,2026-09-04 17:55:00+00:00,57.065,57.085,57.05,57.05,30252.0,667.0,57.062358
SLB,2026-09-04 18:00:00+00:00,57.045,57.06,57.03,57.045,37912.0,813.0,57.047426
SLB,2026-09-04 18:05:00+00:00,57.05,57.145,57.045,57.139,48711.0,911.0,57.074752
SLB,2026-09-04 18:10:00+00:00,57.15,57.21,57.14,57.203,52727.0,737.0,57.164571
SLB,2026-09-04 18:15:00+00:00,57.205,57.205,57.17,57.17,30355.0,709.0,57.190699
SLB,2026-09-04 18:20:00+00:00,57.17,57.18,57.14,57.145,52454.0,707.0,57.159224
SLB,2026-09-04 18:25:00+00:00,57.14,57.145,56.98,56.995,50067.0,1008.0,57.03799
SLB,2026-09-04 18:30:00+00:00,57.0,57.155,56.995,57.135,88624.0,1066.0,57.075861
SLB,2026-09-04 18:35:00+00:00,57.135,57.195,57.115,57.195,72703.0,1093.0,57.138307
SLB,2026-09-04 18:40:00+00:00,57.195,57.24,57.18,57.24,57706.0,1043.0,57.215436
SLB,2026-09-04 18:45:00+00:00,57.23,57.235,57.195,57.235,49127.0,921.0,57.215034
SLB,2026-09-04 18:50:00+00:00,57.23,57.23,57.2,57.23,37876.0,699.0,57.221344
SLB,2026-09-04 18:55:00+00:00,57.23,57.3,57.22,57.29,46905.0,981.0,57.267006
SLB,2026-09-04 19:00:00+00:00,57.285,57.29,57.185,57.185,56646.0,1109.0,57.228804
SLB,2026-09-04 19:05:00+00:00,57.185,57.2,57.15,57.155,40360.0,783.0,57.179987
SLB,2026-09-04 19:10:00+00:00,57.15,57.175,57.11,57.115,53858.0,1086.0,57.141697
SLB,2026-09-04 19:15:00+00:00,57.115,57.25,57.115,57.245,55266.0,984.0,57.19671
SLB,2026-09-04 19:20:00+00:00,57.25,57.279,57.155,57.175,71702.0,1225.0,57.21786
SLB,2026-09-04 19:25:00+00:00,57.175,57.205,57.145,57.2,55392.0,1038.0,57.18089
SLB,2026-09-04 19:30:00+00:00,57.19,57.2399,57.18,57.235,61580.0,1248.0,57.21436
SLB,2026-09-04 19:35:00+00:00,57.23,57.295,57.225,57.265,79957.0,1549.0,57.255685
SLB,2026-09-04 19:40:00+00:00,57.26,57.35,57.22,57.35,78993.0,1417.0,57.283949
SLB,2026-09-04 19:45:00+00:00,57.35,57.395,57.3,57.365,135003.0,2208.0,57.334218
SLB,2026-09-04 19:50:00+00:00,57.36,57.47,57.355,57.455,142127.0,2221.0,57.425262
SLB,2026-09-04 19:55:00+00:00,57.45,57.55,57.42,57.51,530575.0,6774.0,57.486189
SLB,2026-09-04 20:00:00+00:00,57.5,57.51,57.5,57.51,1209990.0,72.0,57.509934
SLB,2026-09-04 20:15:00+00:00,57.51,57.51,57.51,57.51,3664.0,7.0,57.51
SLB,2026-09-04 20:25:00+00:00,57.2,57.2,57.2,57.2,345.0,2.0,57.2
SLB,2026-09-04 20:30:00+00:00,57.51,57.51,57.51,57.51,323.0,1.0,57.51
SLB,2026-09-04 20:40:00+00:00,57.74,57.74,57.74,57.74,100.0,1.0,57.74
SLB,2026-09-04 21:10:00+00:00,57.5,57.5,57.5,57.5,400.0,3.0,57.5
SLB,2026-09-04 23:15:00+00:00,57.74,57.74,57.74,57.74,250.0,1.0,57.74
SLB,2026-09-04 23:35:00+00:00,57.0,57.0,57.0,57.0,100.0,1.0,57.0
SLB,2026-09-08 08:00:00+00:00,57.61,57.9,57.54,57.9,2251.0,119.0,57.729147
SLB,2026-09-08 08:05:00+00:00,57.6,57.6,57.6,57.6,252.0,8.0,57.6
SLB,2026-09-08 08:50:00+00:00,57.93,57.93,57.93,57.93,407.0,10.0,57.93
SLB,2026-09-08 09:05:00+00:00,57.61,57.61,57.61,57.61,394.0,10.0,57.61
SLB,2026-09-08 10:15:00+00:00,57.74,57.74,57.74,57.74,182.0,1.0,57.74
SLB,2026-09-08 10:20:00+00:00,57.76,57.76,57.76,57.76,319.0,4.0,57.76
SLB,2026-09-08 11:15:00+00:00,57.82,57.82,57.82,57.82,500.0,1.0,57.82
SLB,2026-09-08 11:45:00+00:00,57.8,57.8,57.8,57.8,329.0,3.0,57.8
SLB,2026-09-08 11:50:00+00:00,57.84,58.0,57.84,58.0,455.0,6.0,57.930141
SLB,2026-09-08 11:55:00+00:00,57.978,57.978,57.49,57.49,529.0,6.0,57.738557
SLB,2026-09-08 12:20:00+00:00,57.95,57.95,57.95,57.95,200.0,1.0,57.95
SLB,2026-09-08 12:30:00+00:00,57.955,58.19,57.955,58.05,2481.0,41.0,58.027387
SLB,2026-09-08 13:10:00+00:00,58.1,58.1,58.06,58.06,370.0,4.0,58.08
SLB,2026-09-08 13:25:00+00:00,58.09,58.09,58.09,58.09,1257.0,22.0,58.09
SLB,2026-09-08 13:30:00+00:00,57.81,58.2942,57.735,57.88,262666.0,1531.0,57.974016
SLB,2026-09-08 13:35:00+00:00,57.86,57.97,57.62,57.79,67536.0,865.0,57.810983
SLB,2026-09-08 13:40:00+00:00,57.7924,57.93,57.59,57.89,63517.0,1162.0,57.752603
SLB,2026-09-08 13:45:00+00:00,57.885,58.09,57.81,58.035,77273.0,1220.0,57.950893
SLB,2026-09-08 13:50:00+00:00,58.06,58.07,57.88,57.97,62755.0,1119.0,57.98241
SLB,2026-09-08 13:55:00+00:00,57.95,57.97,57.85,57.95,60923.0,896.0,57.913297
SLB,2026-09-08 14:00:00+00:00,57.95,58.38,57.95,58.38,93555.0,1453.0,58.246231
SLB,2026-09-08 14:05:00+00:00,58.375,58.46,58.3,58.38,71061.0,1250.0,58.377505
SLB,2026-09-08 14:10:00+00:00,58.39,58.47,58.3414,58.385,43668.0,1069.0,58.397989
SLB,2026-09-08 14:15:00+00:00,58.385,58.385,58.2,58.295,67618.0,1255.0,58.279785
SLB,2026-09-08 14:20:00+00:00,58.315,58.33,58.19,58.32,45500.0,1016.0,58.256021
SLB,2026-09-08 14:25:00+00:00,58.35,58.35,58.19,58.28,86902.0,1555.0,58.263618
SLB,2026-09-08 14:30:00+00:00,58.27,58.395,58.26,58.3,62035.0,1267.0,58.320358
SLB,2026-09-08 14:35:00+00:00,58.29,58.305,58.225,58.275,49453.0,957.0,58.272661
SLB,2026-09-08 14:40:00+00:00,58.28,58.37,58.26,58.295,83157.0,1414.0,58.31547
SLB,2026-09-08 14:45:00+00:00,58.3,58.3751,58.205,58.26,158625.0,1835.0,58.28175
SLB,2026-09-08 14:50:00+00:00,58.25,58.26,58.06,58.06,71052.0,1119.0,58.149631
SLB,2026-09-08 14:55:00+00:00,58.075,58.1584,58.04,58.11,57637.0,1076.0,58.099925
SLB,2026-09-08 15:00:00+00:00,58.12,58.245,58.05,58.055,175046.0,2407.0,58.144064
SLB,2026-09-08 15:05:00+00:00,58.055,58.245,58.055,58.23,76042.0,1121.0,58.17634
SLB,2026-09-08 15:10:00+00:00,58.225,58.28,58.18,58.24,55245.0,998.0,58.218019
SLB,2026-09-08 15:15:00+00:00,58.235,58.31,58.19,58.31,49491.0,1025.0,58.246106
SLB,2026-09-08 15:20:00+00:00,58.3003,58.32,58.19,58.2,63401.0,928.0,58.237299
SLB,2026-09-08 15:25:00+00:00,58.205,58.205,58.045,58.06,43426.0,920.0,58.099021
SLB,2026-09-08 15:30:00+00:00,58.06,58.075,57.97,57.975,68751.0,843.0,58.026155
SLB,2026-09-08 15:35:00+00:00,57.97,58.145,57.9205,57.95,116095.0,1582.0,58.034977
SLB,2026-09-08 15:40:00+00:00,57.96,58.05,57.93,57.98,39694.0,789.0,58.00074
SLB,2026-09-08 15:45:00+00:00,57.97,58.0,57.92,57.955,31473.0,729.0,57.965615
SLB,2026-09-08 15:50:00+00:00,57.955,57.96,57.875,57.885,48135.0,900.0,57.918284
SLB,2026-09-08 15:55:00+00:00,57.885,57.9075,57.865,57.895,38800.0,934.0,57.888252
SLB,2026-09-08 16:00:00+00:00,57.9,57.98,57.875,57.945,40222.0,845.0,57.919464
SLB,2026-09-08 16:05:00+00:00,57.94,57.96,57.865,57.865,51019.0,778.0,57.914784
SLB,2026-09-08 16:10:00+00:00,57.86,57.87,57.735,57.78,601297.0,1179.0,57.805524
SLB,2026-09-08 16:15:00+00:00,57.77,57.8299,57.7,57.765,82514.0,988.0,57.768566
SLB,2026-09-08 16:20:00+00:00,57.76,57.795,57.755,57.79,36193.0,647.0,57.772274
SLB,2026-09-08 16:25:00+00:00,57.8,57.825,57.8,57.82,27705.0,479.0,57.816809
SLB,2026-09-08 16:30:00+00:00,57.82,57.835,57.74,57.785,45895.0,739.0,57.805234
SLB,2026-09-08 16:35:00+00:00,57.78,57.78,57.51,57.5312,395295.0,2196.0,57.696777
SLB,2026-09-08 16:40:00+00:00,57.535,57.56,57.4305,57.445,74193.0,1062.0,57.517245
SLB,2026-09-08 16:45:00+00:00,57.445,57.505,57.36,57.415,91444.0,1241.0,57.427178
SLB,2026-09-08 16:50:00+00:00,57.41,57.42,57.04,57.1,110716.0,1249.0,57.224271
SLB,2026-09-08 16:55:00+00:00,57.1,57.21,57.07,57.165,86807.0,1386.0,57.147477
SLB,2026-09-08 17:00:00+00:00,57.165,57.22,57.05,57.07,49421.0,948.0,57.157592
SLB,2026-09-08 17:05:00+00:00,57.075,57.11,57.02,57.035,59264.0,928.0,57.074977
SLB,2026-09-08 17:10:00+00:00,57.04,57.095,57.04,57.05,73904.0,1158.0,57.067047
SLB,2026-09-08 17:15:00+00:00,57.05,57.115,57.04,57.11,51169.0,834.0,57.087938
SLB,2026-09-08 17:20:00+00:00,57.11,57.19,56.97,57.025,141582.0,1957.0,57.048955
SLB,2026-09-08 17:25:00+00:00,57.03,57.11,57.02,57.1,53265.0,797.0,57.076036
SLB,2026-09-08 17:30:00+00:00,57.1,57.19,57.1,57.17,48649.0,813.0,57.146687
SLB,2026-09-08 17:35:00+00:00,57.175,57.23,57.13,57.165,94356.0,1535.0,57.178714
SLB,2026-09-08 17:40:00+00:00,57.16,57.3,57.11,57.225,102883.0,1431.0,57.208667
SLB,2026-09-08 17:45:00+00:00,57.21,57.29,57.18,57.29,35432.0,763.0,57.221452
SLB,2026-09-08 17:50:00+00:00,57.285,57.315,57.225,57.225,47202.0,767.0,57.277868
SLB,2026-09-08 17:55:00+00:00,57.225,57.29,57.225,57.27,37448.0,711.0,57.270199
SLB,2026-09-08 18:00:00+00:00,57.272,57.415,57.272,57.33,60448.0,1062.0,57.349091
SLB,2026-09-08 18:05:00+00:00,57.335,57.37,57.3,57.325,56327.0,826.0,57.323857
SLB,2026-09-08 18:10:00+00:00,57.33,57.365,57.3,57.34,34536.0,791.0,57.336621
SLB,2026-09-08 18:15:00+00:00,57.335,57.39,57.275,57.375,73861.0,1071.0,57.333287
SLB,2026-09-08 18:20:00+00:00,57.375,57.4799,57.375,57.47,56025.0,956.0,57.4157
SLB,2026-09-08 18:25:00+00:00,57.475,57.54,57.45,57.465,57664.0,1043.0,57.496801
SLB,2026-09-08 18:30:00+00:00,57.45,57.5,57.445,57.465,54379.0,882.0,57.470264
SLB,2026-09-08 18:35:00+00:00,57.46,57.46,57.345,57.36,53636.0,886.0,57.380504
SLB,2026-09-08 18:40:00+00:00,57.365,57.41,57.335,57.405,63917.0,934.0,57.379942
SLB,2026-09-08 18:45:00+00:00,57.405,57.5,57.35,57.355,158125.0,2148.0,57.436772
SLB,2026-09-08 18:50:00+00:00,57.34,57.5,57.34,57.46,184043.0,2134.0,57.440907
SLB,2026-09-08 18:55:00+00:00,57.45,57.48,57.395,57.43,63466.0,1024.0,57.430454
SLB,2026-09-08 19:00:00+00:00,57.43,57.43,57.32,57.335,58723.0,1150.0,57.361883
SLB,2026-09-08 19:05:00+00:00,57.34,57.42,57.31,57.4,69337.0,1146.0,57.355995
SLB,2026-09-08 19:10:00+00:00,57.4,57.41,57.315,57.32,60378.0,1186.0,57.369242
SLB,2026-09-08 19:15:00+00:00,57.32,57.43,57.305,57.395,131926.0,1908.0,57.348735
SLB,2026-09-08 19:20:00+00:00,57.4,57.45,57.275,57.28,116941.0,1506.0,57.372059
SLB,2026-09-08 19:25:00+00:00,57.28,57.385,57.28,57.375,221358.0,2354.0,57.33468
SLB,2026-09-08 19:30:00+00:00,57.38,57.395,57.285,57.305,135909.0,1699.0,57.31957
SLB,2026-09-08 19:35:00+00:00,57.305,57.345,57.225,57.345,229422.0,1842.0,57.265366
SLB,2026-09-08 19:40:00+00:00,57.345,57.395,57.24,57.355,159666.0,2495.0,57.333247
SLB,2026-09-08 19:45:00+00:00,57.35,57.365,57.29,57.325,98999.0,1810.0,57.330442
SLB,2026-09-08 19:50:00+00:00,57.32,57.375,57.245,57.295,195855.0,2888.0,57.30457
SLB,2026-09-08 19:55:00+00:00,57.29,57.41,57.09,57.1,825142.0,8866.0,57.228733
SLB,2026-09-08 20:00:00+00:00,57.11,57.11,57.03,57.04,1374797.0,125.0,57.100177
SLB,2026-09-08 20:25:00+00:00,57.1362,57.1362,57.1362,57.1362,121.0,2.0,57.1362
SLB,2026-09-08 20:35:00+00:00,57.1,57.1,57.1,57.1,305.0,2.0,57.1
SLB,2026-09-08 22:30:00+00:00,57.37,57.37,57.17,57.17,3081.0,35.0,57.25464
SLB,2026-09-08 22:35:00+00:00,57.1601,57.1833,57.1601,57.1833,772.0,3.0,57.167895
SLB,2026-09-08 23:15:00+00:00,57.37,57.37,57.37,57.37,100.0,1.0,57.37
SLB,2026-09-09 11:00:00+00:00,57.4,57.4,57.4,57.4,148.0,9.0,57.4
SLB,2026-09-09 11:45:00+00:00,57.3765,57.3765,57.3765,57.3765,133.0,2.0,57.3765
SLB,2026-09-09 11:55:00+00:00,57.5,57.5,57.5,57.5,500.0,1.0,57.5
SLB,2026-09-09 13:00:00+00:00,57.619,57.619,57.619,57.619,1035.0,2.0,57.619
SLB,2026-09-09 13:05:00+00:00,57.47,57.6,57.46,57.6,3232.0,28.0,57.483798
SLB,2026-09-09 13:10:00+00:00,57.6,57.6,57.6,57.6,500.0,1.0,57.6
SLB,2026-09-09 13:15:00+00:00,57.94,58.01,57.94,58.01,556.0,9.0,57.974859
SLB,2026-09-09 13:20:00+00:00,57.9408,57.9408,57.9408,57.9408,100.0,1.0,57.9408
SLB,2026-09-09 13:25:00+00:00,57.7,57.7,57.55,57.55,4189.0,16.0,57.553926
SLB,2026-09-09 13:30:00+00:00,57.81,59.035,57.67,58.93,573046.0,3192.0,58.273848
SLB,2026-09-09 13:35:00+00:00,58.91,58.95,58.74,58.82,163253.0,1989.0,58.850897
SLB,2026-09-09 13:40:00+00:00,58.8198,59.06,58.65,59.06,448607.0,4206.0,58.830231
SLB,2026-09-09 13:45:00+00:00,59.07,59.1599,58.97,59.13,217861.0,2224.0,59.078169
SLB,2026-09-09 13:50:00+00:00,59.125,59.25,59.04,59.11,131146.0,1755.0,59.138374
SLB,2026-09-09 13:55:00+00:00,59.11,59.11,58.91,58.9806,108513.0,1550.0,59.01052
SLB,2026-09-09 14:00:00+00:00,58.99,59.1095,58.86,58.99,180911.0,2055.0,58.976885
SLB,2026-09-09 14:05:00+00:00,58.98,59.015,58.635,58.73,226904.0,2871.0,58.796043
SLB,2026-09-09 14:10:00+00:00,58.73,58.735,58.485,58.62,155502.0,1717.0,58.619979
SLB,2026-09-09 14:15:00+00:00,58.615,58.615,58.22,58.33,172858.0,1852.0,58.395609
SLB,2026-09-09 14:20:00+00:00,58.32,58.53,58.27,58.48,143208.0,1974.0,58.397956
SLB,2026-09-09 14:25:00+00:00,58.495,58.58,58.32,58.33,80603.0,1346.0,58.453215
SLB,2026-09-09 14:30:00+00:00,58.34,58.435,58.11,58.14,136880.0,1834.0,58.233142
SLB,2026-09-09 14:35:00+00:00,58.14,58.175,58.0,58.04,163875.0,1971.0,58.096365
SLB,2026-09-09 14:40:00+00:00,58.03,58.11,57.95,58.05,286456.0,1963.0,58.00886
SLB,2026-09-09 14:45:00+00:00,58.06,58.32,58.005,58.275,146309.0,1749.0,58.136292
SLB,2026-09-09 14:50:00+00:00,58.275,58.3,57.87,57.875,201748.0,1954.0,58.089212
SLB,2026-09-09 14:55:00+00:00,57.87,57.9,57.71,57.77,108237.0,1359.0,57.797893
SLB,2026-09-09 15:00:00+00:00,57.775,57.9,57.76,57.89,93687.0,1366.0,57.844993
SLB,2026-09-09 15:05:00+00:00,57.89,57.89,57.72,57.76,54287.0,912.0,57.786491
SLB,2026-09-09 15:10:00+00:00,57.755,57.76,57.6,57.665,60247.0,999.0,57.669801
SLB,2026-09-09 15:15:00+00:00,57.665,57.72,57.57,57.635,111727.0,1391.0,57.637619
SLB,2026-09-09 15:20:00+00:00,57.65,57.71,57.62,57.645,66052.0,901.0,57.676381
SLB,2026-09-09 15:25:00+00:00,57.64,57.8,57.63,57.79,115900.0,1164.0,57.736747
SLB,2026-09-09 15:30:00+00:00,57.785,57.815,57.71,57.745,67205.0,956.0,57.769254
SLB,2026-09-09 15:35:00+00:00,57.745,57.78,57.685,57.76,143744.0,1276.0,57.732921
SLB,2026-09-09 15:40:00+00:00,57.75,57.81,57.67,57.675,86608.0,955.0,57.757363
SLB,2026-09-09 15:45:00+00:00,57.675,57.715,57.605,57.69,50577.0,813.0,57.650812
SLB,2026-09-09 15:50:00+00:00,57.71,57.75,57.57,57.61,70698.0,809.0,57.662144
SLB,2026-09-09 15:55:00+00:00,57.61,57.635,57.57,57.63,84845.0,727.0,57.60267
SLB,2026-09-09 16:00:00+00:00,57.635,57.7,57.595,57.67,60283.0,639.0,57.64286
SLB,2026-09-09 16:05:00+00:00,57.67,57.67,57.625,57.66,32633.0,554.0,57.654448
SLB,2026-09-09 16:10:00+00:00,57.65,57.68,57.62,57.67,36871.0,628.0,57.645993
SLB,2026-09-09 16:15:00+00:00,57.665,57.67,57.565,57.58,40999.0,617.0,57.617784
SLB,2026-09-09 16:20:00+00:00,57.59,57.64,57.585,57.63,26570.0,510.0,57.607767
SLB,2026-09-09 16:25:00+00:00,57.62,57.705,57.615,57.7,98249.0,729.0,57.666543
SLB,2026-09-09 16:30:00+00:00,57.695,57.81,57.695,57.79,39031.0,576.0,57.770008
SLB,2026-09-09 16:35:00+00:00,57.785,57.7862,57.685,57.7,43504.0,684.0,57.748115
SLB,2026-09-09 16:40:00+00:00,57.7,57.7,57.57,57.595,52120.0,698.0,57.63689
SLB,2026-09-09 16:45:00+00:00,57.595,57.68,57.59,57.63,46991.0,718.0,57.623902
SLB,2026-09-09 16:50:00+00:00,57.625,57.65,57.48,57.49,59464.0,827.0,57.558758
SLB,2026-09-09 16:55:00+00:00,57.48,57.545,57.48,57.54,51113.0,729.0,57.522593
SLB,2026-09-09 17:00:00+00:00,57.54,57.54,57.4101,57.43,37855.0,697.0,57.473884
SLB,2026-09-09 17:05:00+00:00,57.42,57.525,57.405,57.4581,71041.0,838.0,57.459397
SLB,2026-09-09 17:10:00+00:00,57.44,57.56,57.44,57.545,33535.0,643.0,57.500608
SLB,2026-09-09 17:15:00+00:00,57.5445,57.66,57.535,57.64,45785.0,712.0,57.598517
SLB,2026-09-09 17:20:00+00:00,57.65,57.74,57.65,57.74,29415.0,545.0,57.696492
SLB,2026-09-09 17:25:00+00:00,57.74,57.77,57.67,57.7,40778.0,718.0,57.725409
SLB,2026-09-09 17:30:00+00:00,57.71,57.73,57.63,57.695,54609.0,914.0,57.680803
SLB,2026-09-09 17:35:00+00:00,57.695,57.74,57.685,57.72,45921.0,771.0,57.709147
SLB,2026-09-09 17:40:00+00:00,57.715,57.77,57.69,57.69,45980.0,774.0,57.735317
SLB,2026-09-09 17:45:00+00:00,57.69,57.71,57.67,57.69,21831.0,585.0,57.68329
SLB,2026-09-09 17:50:00+00:00,57.69,57.7,57.665,57.67,27349.0,608.0,57.682814
SLB,2026-09-09 17:55:00+00:00,57.66,57.66,57.59,57.635,25332.0,603.0,57.621615
SLB,2026-09-09 18:00:00+00:00,57.635,57.665,57.52,57.545,70460.0,1051.0,57.591724
SLB,2026-09-09 18:05:00+00:00,57.54,57.575,57.51,57.55,40526.0,724.0,57.551968
SLB,2026-09-09 18:10:00+00:00,57.54,57.565,57.51,57.545,32198.0,629.0,57.540124
SLB,2026-09-09 18:15:00+00:00,57.55,57.64,57.535,57.615,56238.0,765.0,57.584182
SLB,2026-09-09 18:20:00+00:00,57.61,57.61,57.485,57.535,40987.0,728.0,57.541792
SLB,2026-09-09 18:25:00+00:00,57.535,57.57,57.49,57.555,69534.0,809.0,57.542164
SLB,2026-09-09 18:30:00+00:00,57.56,57.62,57.55,57.58,64018.0,1041.0,57.58049
SLB,2026-09-09 18:35:00+00:00,57.585,57.59,57.53,57.55,33939.0,717.0,57.548565
SLB,2026-09-09 18:40:00+00:00,57.56,57.56,57.46,57.505,51267.0,855.0,57.508653
SLB,2026-09-09 18:45:00+00:00,57.5,57.5,57.44,57.47,62400.0,963.0,57.472827
SLB,2026-09-09 18:50:00+00:00,57.475,57.49,57.43,57.43,60958.0,832.0,57.461714
SLB,2026-09-09 18:55:00+00:00,57.43,57.525,57.43,57.525,59625.0,1093.0,57.479243
SLB,2026-09-09 19:00:00+00:00,57.525,57.56,57.515,57.525,40938.0,787.0,57.536277
SLB,2026-09-09 19:05:00+00:00,57.53,57.53,57.47,57.52,44934.0,868.0,57.491925
SLB,2026-09-09 19:10:00+00:00,57.505,57.58,57.505,57.575,47505.0,852.0,57.542222
SLB,2026-09-09 19:15:00+00:00,57.58,57.625,57.545,57.585,74309.0,1192.0,57.591193
SLB,2026-09-09 19:20:00+00:00,57.585,57.635,57.405,57.425,151382.0,2105.0,57.508636
SLB,2026-09-09 19:25:00+00:00,57.42,57.485,57.42,57.46,90539.0,1396.0,57.452584
SLB,2026-09-09 19:30:00+00:00,57.465,57.465,57.345,57.35,101853.0,1608.0,57.40728
SLB,2026-09-09 19:35:00+00:00,57.345,57.345,57.19,57.22,169497.0,1893.0,57.238814
SLB,2026-09-09 19:40:00+00:00,57.224,57.235,57.17,57.195,127689.0,1789.0,57.207414
SLB,2026-09-09 19:45:00+00:00,57.19,57.23,57.155,57.175,154238.0,2269.0,57.196189
SLB,2026-09-09 19:50:00+00:00,57.18,57.18,57.075,57.085,257580.0,3493.0,57.119387
SLB,2026-09-09 19:55:00+00:00,57.08,57.14,57.025,57.07,764070.0,8866.0,57.08043
SLB,2026-09-09 20:00:00+00:00,57.06,57.11,57.0,57.05,6502416.0,143.0,57.050002
SLB,2026-09-09 20:40:00+00:00,57.05,57.05,57.05,57.05,6775.0,1.0,57.05
SLB,2026-09-09 20:50:00+00:00,57.09,57.09,57.09,57.09,144.0,3.0,57.09
SLB,2026-09-09 21:45:00+00:00,57.12,57.12,57.1,57.1,1013.0,11.0,57.106964
SLB,2026-09-09 22:05:00+00:00,57.25,57.25,57.25,57.25,100.0,1.0,57.25
SLB,2026-09-09 22:50:00+00:00,57.1414,57.1414,57.1414,57.1414,1003.0,2.0,57.1414
SLB,2026-09-09 23:50:00+00:00,57.55,57.55,57.55,57.55,175.0,1.0,57.55
SLB,2026-09-09 23:55:00+00:00,57.37,57.37,57.37,57.37,150.0,2.0,57.37
SLB,2026-09-10 08:00:00+00:00,57.1,57.1,57.1,57.1,247.0,7.0,57.1
SLB,2026-09-10 08:55:00+00:00,57.46,57.46,57.46,57.46,400.0,6.0,57.46
SLB,2026-09-10 10:05:00+00:00,57.46,57.46,57.46,57.46,756.0,14.0,57.46
SLB,2026-09-10 12:10:00+00:00,57.35,57.35,57.35,57.35,100.0,1.0,57.35
SLB,2026-09-10 12:35:00+00:00,57.67,57.78,57.62,57.78,1643.0,17.0,57.677452
SLB,2026-09-10 12:40:00+00:00,57.88,57.88,57.85,57.86,780.0,15.0,57.866925
SLB,2026-09-10 13:05:00+00:00,57.87,57.87,57.61,57.61,599.0,14.0,57.797778
SLB,2026-09-10 13:15:00+00:00,57.81,57.81,57.81,57.81,401.0,5.0,57.81
SLB,2026-09-10 13:20:00+00:00,57.69,57.69,57.63,57.63,845.0,28.0,57.67796
SLB,2026-09-10 13:25:00+00:00,57.63,57.63,57.0,57.02,5272.0,92.0,57.40791
SLB,2026-09-10 13:30:00+00:00,57.46,57.56,56.42,56.65,244157.0,1493.0,57.032597
SLB,2026-09-10 13:35:00+00:00,56.6628,56.7,56.164,56.28,178100.0,1873.0,56.429002
SLB,2026-09-10 13:40:00+00:00,56.26,56.34,55.7819,55.84,145475.0,2109.0,56.00222
SLB,2026-09-10 13:45:00+00:00,55.8599,55.98,55.68,55.81,245962.0,2329.0,55.859533
SLB,2026-09-10 13:50:00+00:00,55.79,55.945,55.71,55.78,189496.0,2104.0,55.835326
SLB,2026-09-10 13:55:00+00:00,55.8,55.89,55.535,55.545,140549.0,1850.0,55.770717
SLB,2026-09-10 14:00:00+00:00,55.55,55.75,55.53,55.73,130313.0,1626.0,55.618386
SLB,2026-09-10 14:05:00+00:00,55.72,55.77,55.325,55.42,189399.0,2166.0,55.508035
SLB,2026-09-10 14:10:00+00:00,55.415,55.42,55.16,55.16,163617.0,1872.0,55.279846
SLB,2026-09-10 14:15:00+00:00,55.15,55.49,55.15,55.45,202275.0,2287.0,55.293816
SLB,2026-09-10 14:20:00+00:00,55.45,55.66,55.45,55.625,147563.0,1959.0,55.574963
SLB,2026-09-10 14:25:00+00:00,55.625,55.645,55.4,55.56,180807.0,2068.0,55.532733
SLB,2026-09-10 14:30:00+00:00,55.5401,55.69,55.38,55.59,156560.0,1977.0,55.539835
SLB,2026-09-10 14:35:00+00:00,55.6,55.6999,55.56,55.57,100000.0,1314.0,55.643112
SLB,2026-09-10 14:40:00+00:00,55.57,55.6,55.455,55.54,116161.0,1626.0,55.523277
SLB,2026-09-10 14:45:00+00:00,55.5499,55.67,55.535,55.54,99010.0,1479.0,55.609514
SLB,2026-09-10 14:50:00+00:00,55.54,55.5899,55.475,55.535,157609.0,1731.0,55.532016
SLB,2026-09-10 14:55:00+00:00,55.53,55.68,55.515,55.67,101667.0,1473.0,55.618829
SLB,2026-09-10 15:00:00+00:00,55.65,55.665,55.47,55.53,120883.0,1321.0,55.525429
SLB,2026-09-10 15:05:00+00:00,55.535,55.69,55.515,55.655,130584.0,1255.0,55.624078
SLB,2026-09-10 15:10:00+00:00,55.66,55.71,55.46,55.535,127746.0,1743.0,55.590891
SLB,2026-09-10 15:15:00+00:00,55.535,55.58,55.43,55.49,91389.0,1308.0,55.499476
SLB,2026-09-10 15:20:00+00:00,55.5,55.56,55.435,55.51,135126.0,1595.0,55.47718
SLB,2026-09-10 15:25:00+00:00,55.515,55.61,55.5,55.595,62012.0,1030.0,55.548911
SLB,2026-09-10 15:30:00+00:00,55.595,55.63,55.54,55.565,81153.0,1115.0,55.575843
SLB,2026-09-10 15:35:00+00:00,55.565,55.61,55.535,55.58,59656.0,945.0,55.565815
SLB,2026-09-10 15:40:00+00:00,55.58,55.625,55.43,55.565,118158.0,1322.0,55.500128
SLB,2026-09-10 15:45:00+00:00,55.56,55.615,55.53,55.57,56993.0,1012.0,55.568567
SLB,2026-09-10 15:50:00+00:00,55.575,55.7,55.57,55.665,67667.0,1154.0,55.642839
SLB,2026-09-10 15:55:00+00:00,55.665,55.735,55.6,55.7,62803.0,1082.0,55.66056
SLB,2026-09-10 16:00:00+00:00,55.69,55.73,55.61,55.62,74156.0,1213.0,55.659849
SLB,2026-09-10 16:05:00+00:00,55.635,55.715,55.59,55.69,78396.0,1196.0,55.653325
SLB,2026-09-10 16:10:00+00:00,55.69,55.8,55.685,55.775,75322.0,1000.0,55.7422
SLB,2026-09-10 16:15:00+00:00,55.775,55.89,55.765,55.875,80373.0,1131.0,55.825121
SLB,2026-09-10 16:20:00+00:00,55.875,55.975,55.82,55.835,64256.0,1076.0,55.89807
SLB,2026-09-10 16:25:00+00:00,55.85,55.94,55.825,55.92,89181.0,1290.0,55.881463
SLB,2026-09-10 16:30:00+00:00,55.92,55.975,55.78,55.8,124751.0,1673.0,55.873952
SLB,2026-09-10 16:35:00+00:00,55.805,55.935,55.785,55.895,113025.0,1103.0,55.880291
SLB,2026-09-10 16:40:00+00:00,55.895,55.955,55.86,55.875,52400.0,921.0,55.908104
SLB,2026-09-10 16:45:00+00:00,55.88,55.91,55.85,55.865,49683.0,897.0,55.877004
SLB,2026-09-10 16:50:00+00:00,55.865,55.945,55.86,55.915,57107.0,747.0,55.882315
SLB,2026-09-10 16:55:00+00:00,55.915,55.93,55.875,55.915,64487.0,1029.0,55.901931
SLB,2026-09-10 17:00:00+00:00,55.91,55.945,55.87,55.885,35962.0,762.0,55.907686
SLB,2026-09-10 17:05:00+00:00,55.89,56.03,55.88,56.015,58709.0,866.0,55.977673
SLB,2026-09-10 17:10:00+00:00,56.015,56.09,56.01,56.05,48774.0,868.0,56.050541
SLB,2026-09-10 17:15:00+00:00,56.045,56.11,56.045,56.105,41230.0,660.0,56.077681
SLB,2026-09-10 17:20:00+00:00,56.105,56.12,56.02,56.065,53812.0,826.0,56.0699
SLB,2026-09-10 17:25:00+00:00,56.065,56.12,56.06,56.07,63588.0,1111.0,56.095637
SLB,2026-09-10 17:30:00+00:00,56.08,56.08,55.99,56.015,48280.0,885.0,56.022675
SLB,2026-09-10 17:35:00+00:00,56.015,56.0803,56.01,56.025,50136.0,862.0,56.041656
SLB,2026-09-10 17:40:00+00:00,56.02,56.025,55.93,55.99,82697.0,1241.0,55.972567
SLB,2026-09-10 17:45:00+00:00,56.01,56.015,55.94,55.9623,42910.0,786.0,55.989738
SLB,2026-09-10 17:50:00+00:00,55.97,55.98,55.87,55.9,44422.0,862.0,55.909708
SLB,2026-09-10 17:55:00+00:00,55.895,55.965,55.89,55.96,31394.0,663.0,55.928662
SLB,2026-09-10 18:00:00+00:00,55.965,55.965,55.89,55.945,42723.0,785.0,55.93471
SLB,2026-09-10 18:05:00+00:00,55.945,56.06,55.925,56.015,54406.0,906.0,55.995467
SLB,2026-09-10 18:10:00+00:00,56.005,56.04,56.0,56.03,44129.0,713.0,56.01963
SLB,2026-09-10 18:15:00+00:00,56.025,56.1,56.02,56.095,59443.0,870.0,56.065982
SLB,2026-09-10 18:20:00+00:00,56.095,56.095,56.02,56.04,54718.0,934.0,56.07081
SLB,2026-09-10 18:25:00+00:00,56.045,56.0997,56.03,56.065,48035.0,802.0,56.071999
SLB,2026-09-10 18:30:00+00:00,56.06,56.065,55.95,56.005,51113.0,837.0,55.99168
SLB,2026-09-10 18:35:00+00:00,56.0,56.095,56.0,56.095,51666.0,846.0,56.052516
SLB,2026-09-10 18:40:00+00:00,56.095,56.13,56.06,56.09,51643.0,842.0,56.091815
SLB,2026-09-10 18:45:00+00:00,56.095,56.095,56.0,56.025,53882.0,951.0,56.044147
SLB,2026-09-10 18:50:00+00:00,56.025,56.025,55.96,55.99,62294.0,977.0,55.985221
SLB,2026-09-10 18:55:00+00:00,55.995,56.115,55.99,56.115,60724.0,940.0,56.044498
SLB,2026-09-10 19:00:00+00:00,56.11,56.255,56.11,56.195,90621.0,1312.0,56.212883
SLB,2026-09-10 19:05:00+00:00,56.2,56.245,56.19,56.215,75667.0,1269.0,56.221031
SLB,2026-09-10 19:10:00+00:00,56.215,56.215,56.14,56.165,63318.0,1030.0,56.178853
SLB,2026-09-10 19:15:00+00:00,56.165,56.249,56.14,56.24,60999.0,1035.0,56.196718
SLB,2026-09-10 19:20:00+00:00,56.245,56.255,56.15,56.165,55095.0,953.0,56.211603
SLB,2026-09-10 19:25:00+00:00,56.16,56.16,56.1,56.115,80303.0,1252.0,56.128306
SLB,2026-09-10 19:30:00+00:00,56.11,56.14,56.06,56.09,81154.0,1412.0,56.107689
SLB,2026-09-10 19:35:00+00:00,56.095,56.1,56.03,56.1,93808.0,1331.0,56.075477
SLB,2026-09-10 19:40:00+00:00,56.1,56.14,56.08,56.09,90885.0,1346.0,56.110992
SLB,2026-09-10 19:45:00+00:00,56.09,56.13,56.03,56.115,258624.0,3141.0,56.083017
SLB,2026-09-10 19:50:00+00:00,56.12,56.129,56.0,56.03,205400.0,2412.0,56.054701
SLB,2026-09-10 19:55:00+00:00,56.03,56.03,55.9,56.0,556033.0,6285.0,55.98542
SLB,2026-09-10 20:00:00+00:00,56.01,56.01,56.0,56.01,3765240.0,101.0,56.009999
SLB,2026-09-10 20:10:00+00:00,55.3948,55.3948,55.3948,55.3948,101.0,2.0,55.3948
SLB,2026-09-10 20:35:00+00:00,55.68,56.01,55.68,56.01,2432.0,8.0,55.994142
SLB,2026-09-10 21:00:00+00:00,56.01,56.01,56.01,56.01,1810.0,2.0,56.01
SLB,2026-09-10 22:45:00+00:00,55.96,55.96,55.96,55.96,200.0,2.0,55.96
SLB,2026-09-11 08:00:00+00:00,56.11,56.11,56.11,56.11,300.0,28.0,56.11
SLB,2026-09-11 08:20:00+00:00,56.0,56.0,56.0,56.0,410.0,4.0,56.0
SLB,2026-09-11 08:35:00+00:00,56.0,56.0,55.96,55.96,1152.0,14.0,55.968308
SLB,2026-09-11 11:00:00+00:00,55.86,55.86,55.86,55.86,202.0,3.0,55.86
SLB,2026-09-11 11:20:00+00:00,55.86,55.86,55.86,55.86,257.0,5.0,55.86
SLB,2026-09-11 12:30:00+00:00,55.5239,55.5239,55.5239,55.5239,140.0,2.0,55.5239
SLB,2026-09-11 12:40:00+00:00,55.86,55.86,55.6189,55.6189,427.0,3.0,55.789088
SLB,2026-09-11 12:50:00+00:00,56.06,56.06,56.06,56.06,210.0,4.0,56.06
SLB,2026-09-11 13:00:00+00:00,56.04,56.08,55.85,55.85,3320.0,52.0,55.945976
SLB,2026-09-11 13:05:00+00:00,55.92,55.92,55.92,55.92,200.0,5.0,55.92
SLB,2026-09-11 13:10:00+00:00,55.91,55.91,55.91,55.91,206.0,5.0,55.91
SLB,2026-09-11 13:15:00+00:00,55.89,55.89,55.89,55.89,286.0,7.0,55.89
SLB,2026-09-11 13:25:00+00:00,56.126,56.3,56.126,56.3,1325.0,45.0,56.177809
SLB,2026-09-11 13:30:00+00:00,56.57,56.865,56.19,56.58,175163.0,1447.0,56.580458
SLB,2026-09-11 13:35:00+00:00,56.53,56.54,56.21,56.48,50500.0,921.0,56.392944
SLB,2026-09-11 13:40:00+00:00,56.475,56.49,56.32,56.365,74648.0,1084.0,56.403789
SLB,2026-09-11 13:45:00+00:00,56.365,56.41,56.22,56.355,72468.0,1207.0,56.343539
SLB,2026-09-11 13:50:00+00:00,56.34,56.57,56.31,56.555,59032.0,1073.0,56.409711
SLB,2026-09-11 13:55:00+00:00,56.56,56.57,56.41,56.49,44204.0,879.0,56.458564
SLB,2026-09-11 14:00:00+00:00,56.5,56.64,56.42,56.53,74106.0,1080.0,56.535292
SLB,2026-09-11 14:05:00+00:00,56.53,56.535,56.29,56.3,66318.0,1085.0,56.380861
SLB,2026-09-11 14:10:00+00:00,56.31,56.45,56.21,56.36,92318.0,1321.0,56.328948
SLB,2026-09-11 14:15:00+00:00,56.36,56.375,56.18,56.195,86323.0,1165.0,56.314993
SLB,2026-09-11 14:20:00+00:00,56.21,56.23,56.09,56.2,78175.0,1128.0,56.151784
SLB,2026-09-11 14:25:00+00:00,56.195,56.195,56.06,56.15,72316.0,971.0,56.130914
SLB,2026-09-11 14:30:00+00:00,56.165,56.18,56.05,56.05,93770.0,1291.0,56.119114
SLB,2026-09-11 14:35:00+00:00,56.04,56.14,55.975,56.03,94504.0,1329.0,56.041467
SLB,2026-09-11 14:40:00+00:00,56.035,56.045,55.87,55.88,79556.0,1121.0,55.958404
SLB,2026-09-11 14:45:00+00:00,55.88,55.95,55.845,55.9,125874.0,1768.0,55.891781
SLB,2026-09-11 14:50:00+00:00,55.9,55.995,55.865,55.92,74550.0,1211.0,55.935709
SLB,2026-09-11 14:55:00+00:00,55.915,55.915,55.77,55.908,138109.0,1227.0,55.840381
SLB,2026-09-11 15:00:00+00:00,55.92,56.025,55.88,56.01,63230.0,994.0,55.941331
SLB,2026-09-11 15:05:00+00:00,56.015,56.08,55.985,56.06,54625.0,886.0,56.041033
SLB,2026-09-11 15:10:00+00:00,56.055,56.08,55.97,55.99,61927.0,1017.0,56.017167
SLB,2026-09-11 15:15:00+00:00,55.975,56.045,55.885,56.01,326348.0,3040.0,55.967132
SLB,2026-09-11 15:20:00+00:00,56.0,56.17,56.0,56.105,144507.0,1430.0,56.074112
SLB,2026-09-11 15:25:00+00:00,56.105,56.105,55.945,55.96,223270.0,1739.0,56.0348
SLB,2026-09-11 15:30:00+00:00,55.955,55.965,55.85,55.9,143562.0,1890.0,55.918259
SLB,2026-09-11 15:35:00+00:00,55.895,55.9,55.785,55.855,81708.0,1225.0,55.848566
SLB,2026-09-11 15:40:00+00:00,55.86,55.885,55.76,55.845,67668.0,1040.0,55.815857
SLB,2026-09-11 15:45:00+00:00,55.845,55.8451,55.75,55.81,75623.0,1120.0,55.795476
SLB,2026-09-11 15:50:00+00:00,55.82,55.825,55.755,55.81,54725.0,889.0,55.795088
SLB,2026-09-11 15:55:00+00:00,55.8,55.8,55.745,55.755,45582.0,788.0,55.773983
SLB,2026-09-11 16:00:00+00:00,55.755,55.79,55.7,55.78,57757.0,1018.0,55.744168
SLB,2026-09-11 16:05:00+00:00,55.78,55.815,55.745,55.755,37722.0,716.0,55.780002
SLB,2026-09-11 16:10:00+00:00,55.76,55.83,55.76,55.805,34803.0,666.0,55.788171
SLB,2026-09-11 16:15:00+00:00,55.81,55.81,55.725,55.755,35776.0,648.0,55.75347
SLB,2026-09-11 16:20:00+00:00,55.755,55.83,55.74,55.83,70408.0,749.0,55.781984
SLB,2026-09-11 16:25:00+00:00,55.84,55.9,55.825,55.86,39846.0,686.0,55.857476
SLB,2026-09-11 16:30:00+00:00,55.87,55.885,55.79,55.825,52416.0,873.0,55.848695
SLB,2026-09-11 16:35:00+00:00,55.825,55.83,55.715,55.73,34779.0,629.0,55.749318
SLB,2026-09-11 16:40:00+00:00,55.72,55.765,55.61,55.755,72873.0,1101.0,55.70008
SLB,2026-09-11 16:45:00+00:00,55.76,55.795,55.71,55.795,42576.0,735.0,55.759292
SLB,2026-09-11 16:50:00+00:00,55.795,55.8,55.7,55.705,60519.0,910.0,55.744826
SLB,2026-09-11 16:55:00+00:00,55.705,55.75,55.68,55.75,40761.0,758.0,55.716032
SLB,2026-09-11 17:00:00+00:00,55.745,55.75,55.68,55.725,33437.0,660.0,55.720769
SLB,2026-09-11 17:05:00+00:00,55.73,55.765,55.695,55.72,50609.0,723.0,55.725528
SLB,2026-09-11 17:10:00+00:00,55.72,55.725,55.67,55.71,33567.0,570.0,55.694419
SLB,2026-09-11 17:15:00+00:00,55.71,55.79,55.695,55.79,53765.0,769.0,55.741539
SLB,2026-09-11 17:20:00+00:00,55.795,55.855,55.79,55.835,44280.0,633.0,55.82322
SLB,2026-09-11 17:25:00+00:00,55.835,55.915,55.835,55.885,38849.0,672.0,55.866041
SLB,2026-09-11 17:30:00+00:00,55.885,55.94,55.81,55.915,60565.0,865.0,55.869171
SLB,2026-09-11 17:35:00+00:00,55.91,56.015,55.91,56.0146,62274.0,676.0,55.98974
SLB,2026-09-11 17:40:00+00:00,56.015,56.03,55.98,55.99,45567.0,738.0,56.006536
SLB,2026-09-11 17:45:00+00:00,56.0,56.005,55.935,55.935,39219.0,697.0,55.982778
SLB,2026-09-11 17:50:00+00:00,55.93,55.96,55.915,55.925,38912.0,670.0,55.941276
SLB,2026-09-11 17:55:00+00:00,55.895,55.91,55.855,55.865,42780.0,719.0,55.885245
SLB,2026-09-11 18:00:00+00:00,55.87,55.9,55.81,55.89,42826.0,766.0,55.84038
SLB,2026-09-11 18:05:00+00:00,55.885,55.92,55.87,55.875,53671.0,807.0,55.893759
SLB,2026-09-11 18:10:00+00:00,55.875,55.875,55.77,55.815,87165.0,950.0,55.806588
SLB,2026-09-11 18:15:00+00:00,55.81,55.905,55.805,55.885,76411.0,1008.0,55.863858
SLB,2026-09-11 18:20:00+00:00,55.89,56.05,55.88,56.045,79315.0,1162.0,55.940719
SLB,2026-09-11 18:25:00+00:00,56.045,56.05,55.905,55.925,60387.0,794.0,55.967539
SLB,2026-09-11 18:30:00+00:00,55.925,55.96,55.9,55.96,58590.0,832.0,55.925282
SLB,2026-09-11 18:35:00+00:00,55.945,56.0,55.925,55.965,50491.0,670.0,55.963112
SLB,2026-09-11 18:40:00+00:00,55.965,55.97,55.915,55.945,74381.0,925.0,55.950969
SLB,2026-09-11 18:45:00+00:00,55.94,55.99,55.935,55.985,52499.0,751.0,55.957183
SLB,2026-09-11 18:50:00+00:00,55.985,56.02,55.97,55.98,45220.0,626.0,55.993609
SLB,2026-09-11 18:55:00+00:00,55.975,56.005,55.97,55.985,66783.0,861.0,55.988883
SLB,2026-09-11 19:00:00+00:00,55.99,56.06,55.965,56.005,70600.0,905.0,55.999618
SLB,2026-09-11 19:05:00+00:00,56.005,56.01,55.9,55.935,107941.0,1199.0,55.943775
SLB,2026-09-11 19:10:00+00:00,55.94,56.04,55.94,56.025,93513.0,1083.0,55.995973
SLB,2026-09-11 19:15:00+00:00,56.025,56.06,55.9913,56.035,76443.0,1076.0,56.032203
SLB,2026-09-11 19:20:00+00:00,56.035,56.06,55.955,56.0201,91259.0,1198.0,56.00123
SLB,2026-09-11 19:25:00+00:00,56.025,56.095,56.02,56.095,83590.0,1096.0,56.067546
SLB,2026-09-11 19:30:00+00:00,56.095,56.16,56.065,56.145,118256.0,1550.0,56.123298
SLB,2026-09-11 19:35:00+00:00,56.145,56.19,56.05,56.075,166718.0,1684.0,56.11443
SLB,2026-09-11 19:40:00+00:00,56.07,56.08,55.995,56.055,152535.0,1629.0,56.040729
SLB,2026-09-11 19:45:00+00:00,56.055,56.08,56.0,56.015,265870.0,2242.0,56.037741
SLB,2026-09-11 19:50:00+00:00,56.02,56.023,55.9,55.925,273093.0,2956.0,55.936537
SLB,2026-09-11 19:55:00+00:00,55.925,56.11,55.85,56.05,637113.0,7041.0,55.989773
SLB,2026-09-11 20:00:00+00:00,56.06,56.06,56.06,56.06,1809774.0,124.0,56.06
SLB,2026-09-11 20:10:00+00:00,56.06,56.06,56.06,56.06,2835.0,11.0,56.06
SLB,2026-09-11 20:30:00+00:00,56.0,56.01,56.0,56.01,1000.0,14.0,56.006739
SLB,2026-09-11 20:40:00+00:00,56.0,56.0,56.0,56.0,1013.0,3.0,56.0
SLB,2026-09-11 21:25:00+00:00,55.55,55.55,55.55,55.55,146.0,1.0,55.55
SLB,2026-09-11 22:05:00+00:00,55.75,55.75,55.75,55.75,303.0,1.0,55.75
SLB,2026-09-11 22:20:00+00:00,55.75,55.75,55.75,55.75,670.0,6.0,55.75
SLB,2026-09-11 22:45:00+00:00,56.0,56.0,56.0,56.0,500.0,3.0,56.0
SLB,2026-09-11 22:50:00+00:00,56.0,56.0,56.0,56.0,450.0,26.0,56.0
SLB,2026-09-14 08:00:00+00:00,56.05,56.43,56.05,56.43,2228.0,33.0,56.202169
SLB,2026-09-14 08:55:00+00:00,56.14,56.14,56.14,56.14,144.0,1.0,56.14
SLB,2026-09-14 10:15:00+00:00,56.4,56.4,56.4,56.4,3560.0,1.0,56.4
SLB,2026-09-14 11:00:00+00:00,56.53,56.6,56.53,56.6,1451.0,10.0,56.594842
SLB,2026-09-14 11:15:00+00:00,56.34,56.35,56.34,56.35,982.0,18.0,56.346
SLB,2026-09-14 11:20:00+00:00,56.36,56.36,56.36,56.36,650.0,1.0,56.36
SLB,2026-09-14 11:35:00+00:00,56.5373,56.5373,56.28,56.28,1288.0,4.0,56.504913
SLB,2026-09-14 11:40:00+00:00,56.536,56.536,56.536,56.536,1072.0,2.0,56.536
SLB,2026-09-14 11:50:00+00:00,56.41,56.41,56.41,56.41,1995.0,3.0,56.41
SLB,2026-09-14 12:10:00+00:00,56.21,56.21,56.2,56.2,344.0,3.0,56.205294
SLB,2026-09-14 12:40:00+00:00,56.37,56.37,56.37,56.37,642.0,13.0,56.37
SLB,2026-09-14 12:50:00+00:00,56.29,56.3,56.155,56.28,3568.0,58.0,56.278246
SLB,2026-09-14 13:10:00+00:00,56.2,56.32,56.2,56.32,367.0,5.0,56.277576
SLB,2026-09-14 13:20:00+00:00,56.23,56.24,56.01,56.01,2444.0,59.0,56.148054
SLB,2026-09-14 13:25:00+00:00,55.77,55.77,55.53,55.53,1080.0,9.0,55.735236
SLB,2026-09-14 13:30:00+00:00,55.8,55.98,55.1,55.16,314846.0,2550.0,55.736538
SLB,2026-09-14 13:35:00+00:00,55.16,55.275,54.81,54.81,171885.0,2276.0,55.060947
SLB,2026-09-14 13:40:00+00:00,54.82,55.005,54.76,55.005,107024.0,1696.0,54.876577
SLB,2026-09-14 13:45:00+00:00,54.99,55.0899,54.875,55.025,114894.0,1797.0,54.97507
SLB,2026-09-14 13:50:00+00:00,55.01,55.01,54.76,54.8189,96433.0,1441.0,54.879297
SLB,2026-09-14 13:55:00+00:00,54.82,54.86,54.64,54.65,147551.0,1658.0,54.771548
SLB,2026-09-14 14:00:00+00:00,54.65,54.79,54.62,54.74,106399.0,1427.0,54.729567
SLB,2026-09-14 14:05:00+00:00,54.74,54.805,54.64,54.77,155587.0,1869.0,54.716706
SLB,2026-09-14 14:10:00+00:00,54.765,54.77,54.54,54.63,125109.0,1866.0,54.61174
SLB,2026-09-14 14:15:00+00:00,54.61,54.77,54.56,54.74,126440.0,1695.0,54.695978
SLB,2026-09-14 14:20:00+00:00,54.745,54.785,54.585,54.665,96028.0,1316.0,54.685834
SLB,2026-09-14 14:25:00+00:00,54.67,54.765,54.502,54.502,76563.0,1223.0,54.648432
SLB,2026-09-14 14:30:00+00:00,54.51,54.54,54.455,54.505,111647.0,1388.0,54.493675
SLB,2026-09-14 14:35:00+00:00,54.505,54.525,54.36,54.41,102261.0,1321.0,54.42966
SLB,2026-09-14 14:40:00+00:00,54.42,54.5,54.345,54.35,91481.0,1289.0,54.430604
SLB,2026-09-14 14:45:00+00:00,54.35,54.43,54.29,54.34,132078.0,1644.0,54.351282
SLB,2026-09-14 14:50:00+00:00,54.33,54.33,54.1,54.21,139732.0,1802.0,54.22654
SLB,2026-09-14 14:55:00+00:00,54.22,54.27,54.16,54.205,153286.0,1805.0,54.202146
SLB,2026-09-14 15:00:00+00:00,54.205,54.22,54.14,54.145,90584.0,1369.0,54.181165
SLB,2026-09-14 15:05:00+00:00,54.15,54.175,53.635,53.67,323015.0,3998.0,53.916983
SLB,2026-09-14 15:10:00+00:00,53.66,53.81,53.47,53.64,197812.0,2622.0,53.625028
SLB,2026-09-14 15:15:00+00:00,53.64,53.7,53.535,53.7,126189.0,1756.0,53.61279
SLB,2026-09-14 15:20:00+00:00,53.69,53.81,53.655,53.7,76735.0,1233.0,53.718281
SLB,2026-09-14 15:25:00+00:00,53.695,53.74,53.5505,53.67,86614.0,1357.0,53.67772
SLB,2026-09-14 15:30:00+00:00,53.665,53.77,53.5,53.63,138224.0,2023.0,53.642105
SLB,2026-09-14 15:35:00+00:00,53.63,53.805,53.63,53.78,67214.0,1084.0,53.720903
SLB,2026-09-14 15:40:00+00:00,53.78,53.94,53.76,53.83,149571.0,1943.0,53.876006
SLB,2026-09-14 15:45:00+00:00,53.825,53.895,53.745,53.855,62317.0,951.0,53.836391
SLB,2026-09-14 15:50:00+00:00,53.855,53.96,53.855,53.92,93449.0,1130.0,53.917682
SLB,2026-09-14 15:55:00+00:00,53.92,54.0,53.905,53.985,70174.0,878.0,53.952952
SLB,2026-09-14 16:00:00+00:00,53.99,54.015,53.895,53.94,53496.0,855.0,53.949399
SLB,2026-09-14 16:05:00+00:00,53.94,53.96,53.815,53.82,41552.0,720.0,53.888412
SLB,2026-09-14 16:10:00+00:00,53.82,53.855,53.745,53.845,54984.0,771.0,53.800141
SLB,2026-09-14 16:15:00+00:00,53.85,53.85,53.77,53.805,39311.0,660.0,53.797735
SLB,2026-09-14 16:20:00+00:00,53.81,53.91,53.81,53.905,38809.0,741.0,53.854796
SLB,2026-09-14 16:25:00+00:00,53.91,54.0,53.9047,53.98,46694.0,868.0,53.949523
SLB,2026-09-14 16:30:00+00:00,53.985,54.04,53.96,53.98,67524.0,964.0,54.009757
SLB,2026-09-14 16:35:00+00:00,53.98,53.985,53.92,53.985,37956.0,736.0,53.953078
SLB,2026-09-14 16:40:00+00:00,53.98,54.04,53.98,54.005,69376.0,1008.0,54.010361
SLB,2026-09-14 16:45:00+00:00,54.005,54.005,53.59,53.635,155037.0,2047.0,53.820098
SLB,2026-09-14 16:50:00+00:00,53.63,53.78,53.575,53.62,131442.0,1611.0,53.685479
SLB,2026-09-14 16:55:00+00:00,53.62,53.645,53.48,53.555,93571.0,1368.0,53.57417
SLB,2026-09-14 17:00:00+00:00,53.555,53.605,53.495,53.53,87648.0,1181.0,53.561623
SLB,2026-09-14 17:05:00+00:00,53.525,53.555,53.4,53.47,80254.0,984.0,53.489543
SLB,2026-09-14 17:10:00+00:00,53.46,53.545,53.46,53.485,44161.0,739.0,53.507878
SLB,2026-09-14 17:15:00+00:00,53.5,53.51,53.465,53.475,39847.0,659.0,53.490254
SLB,2026-09-14 17:20:00+00:00,53.465,53.52,53.375,53.385,68082.0,939.0,53.462232
SLB,2026-09-14 17:25:00+00:00,53.385,53.44,53.355,53.41,72815.0,1066.0,53.388523
SLB,2026-09-14 17:30:00+00:00,53.41,53.42,53.36,53.405,45849.0,753.0,53.394769
SLB,2026-09-14 17:35:00+00:00,53.405,53.455,53.375,53.3767,52300.0,949.0,53.410554
SLB,2026-09-14 17:40:00+00:00,53.37,53.405,53.27,53.32,88749.0,1110.0,53.335943
SLB,2026-09-14 17:45:00+00:00,53.325,53.34,53.285,53.31,50322.0,881.0,53.310558
SLB,2026-09-14 17:50:00+00:00,53.3,53.31,53.18,53.195,51751.0,945.0,53.239893
SLB,2026-09-14 17:55:00+00:00,53.205,53.215,53.18,53.19,42456.0,868.0,53.1965
SLB,2026-09-14 18:00:00+00:00,53.19,53.22,53.145,53.215,78327.0,1211.0,53.1891
SLB,2026-09-14 18:05:00+00:00,53.215,53.26,53.15,53.15,91221.0,1174.0,53.203203
SLB,2026-09-14 18:10:00+00:00,53.145,53.275,53.09,53.27,73981.0,1164.0,53.17446
SLB,2026-09-14 18:15:00+00:00,53.275,53.43,53.275,53.43,53845.0,921.0,53.333384
SLB,2026-09-14 18:20:00+00:00,53.44,53.48,53.375,53.38,48666.0,899.0,53.439584
SLB,2026-09-14 18:25:00+00:00,53.385,53.42,53.355,53.36,51282.0,979.0,53.38914
SLB,2026-09-14 18:30:00+00:00,53.355,53.37,53.325,53.335,47545.0,819.0,53.348219
SLB,2026-09-14 18:35:00+00:00,53.33,53.38,53.255,53.27,51349.0,879.0,53.320059
SLB,2026-09-14 18:40:00+00:00,53.265,53.32,53.24,53.285,58986.0,1018.0,53.279504
SLB,2026-09-14 18:45:00+00:00,53.275,53.35,53.26,53.35,59468.0,1006.0,53.296757
SLB,2026-09-14 18:50:00+00:00,53.345,53.355,53.275,53.305,48600.0,875.0,53.300871
SLB,2026-09-14 18:55:00+00:00,53.31,53.4,53.22,53.255,103577.0,1351.0,53.305812
SLB,2026-09-14 19:00:00+00:00,53.255,53.355,53.205,53.205,194825.0,2579.0,53.286191
SLB,2026-09-14 19:05:00+00:00,53.21,53.25,53.145,53.155,62036.0,982.0,53.189611
SLB,2026-09-14 19:10:00+00:00,53.155,53.25,53.145,53.205,80892.0,1208.0,53.187089
SLB,2026-09-14 19:15:00+00:00,53.2,53.29,53.185,53.27,68264.0,1142.0,53.242792
SLB,2026-09-14 19:20:00+00:00,53.27,53.36,53.27,53.345,65773.0,1179.0,53.316597
SLB,2026-09-14 19:25:00+00:00,53.345,53.375,53.23,53.23,80990.0,1357.0,53.314871
SLB,2026-09-14 19:30:00+00:00,53.225,53.335,53.165,53.325,124850.0,1837.0,53.230854
SLB,2026-09-14 19:35:00+00:00,53.33,53.35,53.245,53.25,131130.0,1881.0,53.281536
SLB,2026-09-14 19:40:00+00:00,53.25,53.28,53.22,53.255,129376.0,2014.0,53.249332
SLB,2026-09-14 19:45:00+00:00,53.25,53.37,53.235,53.305,219721.0,3141.0,53.2946
SLB,2026-09-14 19:50:00+00:00,53.31,53.345,53.17,53.34,376091.0,4613.0,53.256286
SLB,2026-09-14 19:55:00+00:00,53.335,53.355,53.255,53.32,599215.0,7297.0,53.307576
SLB,2026-09-14 20:00:00+00:00,53.32,53.35,53.32,53.33,1519926.0,112.0,53.320003
SLB,2026-09-14 20:55:00+00:00,53.51,53.51,53.51,53.51,100.0,1.0,53.51
SLB,2026-09-14 21:05:00+00:00,53.5,53.52,53.5,53.51,1153.0,14.0,53.508619
SLB,2026-09-14 21:10:00+00:00,53.48,53.5,53.48,53.5,755.0,11.0,53.493151
SLB,2026-09-14 21:30:00+00:00,53.46,53.46,53.45,53.45,742.0,11.0,53.453236
SLB,2026-09-14 21:50:00+00:00,53.43,53.43,53.43,53.43,177.0,2.0,53.43
SLB,2026-09-14 22:55:00+00:00,53.5979,53.5979,53.5979,53.5979,1900.0,1.0,53.5979
SLB,2026-09-14 23:40:00+00:00,53.4809,53.4809,53.4809,53.4809,185.0,2.0,53.4809
SLB,2026-09-15 08:00:00+00:00,53.34,53.34,53.34,53.34,316.0,13.0,53.34
SLB,2026-09-15 09:55:00+00:00,53.68,53.7,53.68,53.7,851.0,9.0,53.69
SLB,2026-09-15 10:00:00+00:00,53.88,53.88,53.88,53.88,387.0,12.0,53.88
SLB,2026-09-15 10:20:00+00:00,53.64,53.64,53.6,53.6,700.0,10.0,53.6225
SLB,2026-09-15 11:00:00+00:00,53.59,53.59,53.3718,53.3718,1661.0,4.0,53.411258
SLB,2026-09-15 11:25:00+00:00,53.4,53.4,53.4,53.4,285.0,1.0,53.4
SLB,2026-09-15 11:30:00+00:00,53.43,53.43,53.43,53.43,120.0,1.0,53.43
SLB,2026-09-15 11:45:00+00:00,53.475,53.475,53.475,53.475,273.0,15.0,53.475
SLB,2026-09-15 12:25:00+00:00,54.01,54.01,54.01,54.01,177.0,3.0,54.01
SLB,2026-09-15 12:35:00+00:00,53.62,53.62,53.59,53.59,1234.0,10.0,53.598251
SLB,2026-09-15 12:45:00+00:00,53.64,53.64,53.47,53.47,7001.0,41.0,53.50758
SLB,2026-09-15 12:50:00+00:00,53.39,53.39,53.38,53.38,362.0,6.0,53.385
SLB,2026-09-15 12:55:00+00:00,53.46,53.6,53.46,53.6,2362.0,32.0,53.577249
SLB,2026-09-15 13:00:00+00:00,53.64,53.64,53.55,53.55,1000.0,2.0,53.56701
SLB,2026-09-15 13:05:00+00:00,53.55,53.55,53.49,53.49,429.0,5.0,53.516313
SLB,2026-09-15 13:10:00+00:00,53.4963,53.4963,53.475,53.475,300.0,4.0,53.48565
SLB,2026-09-15 13:15:00+00:00,53.5,53.5,53.5,53.5,565.0,22.0,53.5
SLB,2026-09-15 13:30:00+00:00,53.79,54.0,53.5875,53.6675,295941.0,2749.0,53.746088
SLB,2026-09-15 13:35:00+00:00,53.67,53.68,53.2,53.32,139992.0,1691.0,53.36847
SLB,2026-09-15 13:40:00+00:00,53.31,53.45,53.09,53.1,95645.0,1286.0,53.333638
SLB,2026-09-15 13:45:00+00:00,53.13,53.43,53.13,53.41,91279.0,1507.0,53.31266
SLB,2026-09-15 13:50:00+00:00,53.41,53.73,53.4,53.54,144274.0,2149.0,53.572704
SLB,2026-09-15 13:55:00+00:00,53.545,53.65,53.51,53.63,116925.0,1688.0,53.567604
SLB,2026-09-15 14:00:00+00:00,53.635,53.79,53.57,53.765,268340.0,2152.0,53.662124
SLB,2026-09-15 14:05:00+00:00,53.76,53.915,53.645,53.755,342994.0,4190.0,53.809249
SLB,2026-09-15 14:10:00+00:00,53.75,53.82,53.725,53.775,117730.0,1757.0,53.77089
SLB,2026-09-15 14:15:00+00:00,53.775,53.78,53.565,53.76,135602.0,1682.0,53.665121
SLB,2026-09-15 14:20:00+00:00,53.74,53.79,53.675,53.75,125733.0,1906.0,53.73471
SLB,2026-09-15 14:25:00+00:00,53.73,53.775,53.66,53.685,89764.0,1630.0,53.72203
SLB,2026-09-15 14:30:00+00:00,53.69,53.945,53.685,53.7827,137627.0,2338.0,53.829327
SLB,2026-09-15 14:35:00+00:00,53.79,53.88,53.76,53.83,98929.0,1794.0,53.80698
SLB,2026-09-15 14:40:00+00:00,53.83,53.84,53.68,53.68,93667.0,1551.0,53.748559
SLB,2026-09-15 14:45:00+00:00,53.665,53.67,53.475,53.585,86508.0,1326.0,53.546331
SLB,2026-09-15 14:50:00+00:00,53.585,53.69,53.58,53.645,103553.0,1697.0,53.638655
SLB,2026-09-15 14:55:00+00:00,53.65,53.71,53.61,53.7,86267.0,1332.0,53.661758
SLB,2026-09-15 15:00:00+00:00,53.695,53.785,53.67,53.7601,92537.0,1468.0,53.723025
SLB,2026-09-15 15:05:00+00:00,53.765,53.79,53.73,53.735,64393.0,965.0,53.759869
SLB,2026-09-15 15:10:00+00:00,53.74,53.75,53.565,53.585,149701.0,2002.0,53.646207
SLB,2026-09-15 15:15:00+00:00,53.59,53.88,53.57,53.875,211488.0,2830.0,53.697759
SLB,2026-09-15 15:20:00+00:00,53.88,53.91,53.735,53.87,123757.0,1893.0,53.824705
SLB,2026-09-15 15:25:00+00:00,53.875,53.95,53.82,53.835,106066.0,1425.0,53.87739
SLB,2026-09-15 15:30:00+00:00,53.84,53.94,53.84,53.94,87902.0,1444.0,53.878492
SLB,2026-09-15 15:35:00+00:00,53.95,53.975,53.825,53.87,137263.0,1739.0,53.891582
SLB,2026-09-15 15:40:00+00:00,53.87,53.9,53.795,53.795,76111.0,1191.0,53.870131
SLB,2026-09-15 15:45:00+00:00,53.775,53.88,53.77,53.815,67749.0,988.0,53.827903
SLB,2026-09-15 15:50:00+00:00,53.81,53.86,53.75,53.835,95054.0,1371.0,53.81006
SLB,2026-09-15 15:55:00+00:00,53.84,53.87,53.81,53.835,82124.0,1353.0,53.838388
SLB,2026-09-15 16:00:00+00:00,53.83,53.89,53.805,53.875,76334.0,1202.0,53.860622
SLB,2026-09-15 16:05:00+00:00,53.875,53.97,53.835,53.895,228727.0,2209.0,53.90271
SLB,2026-09-15 16:10:00+00:00,53.9,54.16,53.885,54.13,262791.0,2665.0,54.068338
SLB,2026-09-15 16:15:00+00:00,54.13,54.13,54.03,54.07,75070.0,1323.0,54.07446
SLB,2026-09-15 16:20:00+00:00,54.07,54.17,54.035,54.16,117705.0,1125.0,54.082807
SLB,2026-09-15 16:25:00+00:00,54.15,54.245,54.14,54.225,81821.0,1206.0,54.195647
SLB,2026-09-15 16:30:00+00:00,54.23,54.255,54.185,54.21,46359.0,835.0,54.225563
SLB,2026-09-15 16:35:00+00:00,54.21,54.28,54.195,54.26,82156.0,1007.0,54.237631
SLB,2026-09-15 16:40:00+00:00,54.255,54.39,54.255,54.38,85532.0,1033.0,54.304811
SLB,2026-09-15 16:45:00+00:00,54.38,54.43,54.33,54.33,54656.0,951.0,54.387559
SLB,2026-09-15 16:50:00+00:00,54.335,54.43,54.315,54.425,87073.0,1254.0,54.381878
SLB,2026-09-15 16:55:00+00:00,54.43,54.46,54.375,54.425,36826.0,822.0,54.427128
SLB,2026-09-15 17:00:00+00:00,54.43,54.48,54.25,54.25,85433.0,1253.0,54.327586
SLB,2026-09-15 17:05:00+00:00,54.255,54.27,54.16,54.235,71305.0,1002.0,54.228782
SLB,2026-09-15 17:10:00+00:00,54.235,54.26,54.18,54.235,61167.0,972.0,54.217609
SLB,2026-09-15 17:15:00+00:00,54.235,54.24,54.14,54.1525,58875.0,936.0,54.172676
SLB,2026-09-15 17:20:00+00:00,54.15,54.21,54.11,54.195,82502.0,1068.0,54.153791
SLB,2026-09-15 17:25:00+00:00,54.19,54.26,54.16,54.175,66214.0,992.0,54.215172
SLB,2026-09-15 17:30:00+00:00,54.18,54.32,54.18,54.265,86596.0,1177.0,54.243961
SLB,2026-09-15 17:35:00+00:00,54.265,54.27,54.225,54.259,59105.0,999.0,54.246231
SLB,2026-09-15 17:40:00+00:00,54.26,54.29,54.255,54.26,50596.0,939.0,54.266309
SLB,2026-09-15 17:45:00+00:00,54.258,54.27,54.2,54.215,47032.0,836.0,54.236292
SLB,2026-09-15 17:50:00+00:00,54.22,54.3,54.22,54.285,78739.0,1293.0,54.270124
SLB,2026-09-15 17:55:00+00:00,54.28,54.3,54.24,54.255,85023.0,1364.0,54.274063
SLB,2026-09-15 18:00:00+00:00,54.26,54.28,54.205,54.22,77942.0,1301.0,54.24355
SLB,2026-09-15 18:05:00+00:00,54.215,54.29,54.215,54.255,68701.0,1233.0,54.244194
SLB,2026-09-15 18:10:00+00:00,54.25,54.25,54.145,54.185,53094.0,1006.0,54.189586
SLB,2026-09-15 18:15:00+00:00,54.189,54.21,54.165,54.175,64575.0,792.0,54.183627
SLB,2026-09-15 18:20:00+00:00,54.17,54.18,54.045,54.065,78554.0,1024.0,54.08454
SLB,2026-09-15 18:25:00+00:00,54.065,54.07,54.005,54.035,64630.0,1113.0,54.036837
SLB,2026-09-15 18:30:00+00:00,54.04,54.05,53.965,53.99,48230.0,799.0,53.99144
SLB,2026-09-15 18:35:00+00:00,53.995,54.1,53.995,54.06,52843.0,942.0,54.064862
SLB,2026-09-15 18:40:00+00:00,54.065,54.07,53.995,54.045,53687.0,1029.0,54.02734
SLB,2026-09-15 18:45:00+00:00,54.045,54.07,54.005,54.0594,85467.0,1251.0,54.035987
SLB,2026-09-15 18:50:00+00:00,54.05,54.06,54.005,54.035,64525.0,1029.0,54.027153
SLB,2026-09-15 18:55:00+00:00,54.035,54.06,54.005,54.055,78959.0,1093.0,54.033594
SLB,2026-09-15 19:00:00+00:00,54.06,54.08,54.0,54.015,63721.0,1220.0,54.041834
SLB,2026-09-15 19:05:00+00:00,54.015,54.08,53.97,54.08,71110.0,1090.0,54.012102
SLB,2026-09-15 19:10:00+00:00,54.07,54.08,54.04,54.075,77730.0,1176.0,54.061734
SLB,2026-09-15 19:15:00+00:00,54.075,54.1,54.04,54.045,64607.0,1110.0,54.064058
SLB,2026-09-15 19:20:00+00:00,54.045,54.1,53.97,54.09,93895.0,1289.0,54.03405
SLB,2026-09-15 19:25:00+00:00,54.0899,54.13,54.085,54.11,78867.0,991.0,54.108404
SLB,2026-09-15 19:30:00+00:00,54.09,54.12,54.025,54.04,129231.0,1599.0,54.07693
SLB,2026-09-15 19:35:00+00:00,54.04,54.1,54.035,54.045,99294.0,1371.0,54.070068
SLB,2026-09-15 19:40:00+00:00,54.04,54.08,53.985,54.025,244544.0,2238.0,54.01265
SLB,2026-09-15 19:45:00+00:00,54.02,54.06,53.92,54.015,251980.0,2974.0,53.994982
SLB,2026-09-15 19:50:00+00:00,54.02,54.19,54.01,54.17,259242.0,3684.0,54.089766
SLB,2026-09-15 19:55:00+00:00,54.18,54.3,54.135,54.19,468544.0,7070.0,54.198565
SLB,2026-09-15 20:00:00+00:00,54.18,54.31,54.18,54.31,4158193.0,143.0,54.199983
SLB,2026-09-15 20:15:00+00:00,54.2,54.2,54.2,54.2,156.0,7.0,54.2
SLB,2026-09-15 20:20:00+00:00,53.9229,53.9229,53.9229,53.9229,175.0,1.0,53.9229
SLB,2026-09-15 20:25:00+00:00,53.9479,53.9479,53.9479,53.9479,369.0,1.0,53.9479
SLB,2026-09-15 21:30:00+00:00,54.21,54.21,54.21,54.21,339.0,14.0,54.21
SLB,2026-09-15 22:05:00+00:00,54.23,54.23,54.23,54.23,400.0,2.0,54.23
SLB,2026-09-15 23:25:00+00:00,54.15,54.15,54.15,54.15,1000.0,10.0,54.15
SLB,2026-09-15 23:35:00+00:00,54.22,54.22,54.22,54.22,200.0,2.0,54.22
SLB,2026-09-16 11:00:00+00:00,54.02,54.02,53.945,53.945,590.0,8.0,54.004663
SLB,2026-09-16 11:45:00+00:00,54.0,54.0,54.0,54.0,800.0,1.0,54.0
SLB,2026-09-16 12:25:00+00:00,53.4569,53.4569,53.4569,53.4569,100.0,1.0,53.4569
SLB,2026-09-16 12:35:00+00:00,53.77,53.77,53.47,53.64,4011.0,110.0,53.579652
SLB,2026-09-16 13:00:00+00:00,53.6606,53.6606,53.6606,53.6606,1070.0,4.0,53.6606
SLB,2026-09-16 13:25:00+00:00,54.19,54.19,54.19,54.19,245.0,5.0,54.19
SLB,2026-09-16 13:30:00+00:00,54.29,54.29,53.5,53.695,253802.0,1799.0,53.851435
SLB,2026-09-16 13:35:00+00:00,53.71,53.9,53.35,53.42,109104.0,1751.0,53.647539
SLB,2026-09-16 13:40:00+00:00,53.3936,53.41,53.135,53.245,143028.0,1645.0,53.227765
SLB,2026-09-16 13:45:00+00:00,53.245,53.635,53.2,53.52,199640.0,2142.0,53.340581
SLB,2026-09-16 13:50:00+00:00,53.53,53.655,53.525,53.655,45410.0,795.0,53.583844
SLB,2026-09-16 13:55:00+00:00,53.655,53.7,53.51,53.51,183351.0,1267.0,53.650275
SLB,2026-09-16 14:00:00+00:00,53.525,53.66,53.47,53.53,108575.0,1472.0,53.554028
SLB,2026-09-16 14:05:00+00:00,53.535,53.56,53.36,53.5,108742.0,1373.0,53.466377
SLB,2026-09-16 14:10:00+00:00,53.51,53.65,53.48,53.485,82099.0,1444.0,53.574229
SLB,2026-09-16 14:15:00+00:00,53.485,53.535,53.36,53.385,173569.0,1655.0,53.456414
SLB,2026-09-16 14:20:00+00:00,53.38,53.39,53.07,53.07,85322.0,1217.0,53.220352
SLB,2026-09-16 14:25:00+00:00,53.08,53.15,53.02,53.15,71635.0,1107.0,53.062806
SLB,2026-09-16 14:30:00+00:00,53.165,53.25,53.14,53.22,50162.0,960.0,53.203587
SLB,2026-09-16 14:35:00+00:00,53.215,53.27,53.06,53.19,95564.0,1455.0,53.164633
SLB,2026-09-16 14:40:00+00:00,53.195,53.195,53.025,53.025,49705.0,995.0,53.117166
SLB,2026-09-16 14:45:00+00:00,53.03,53.1,52.95,52.95,71852.0,1291.0,53.035507
SLB,2026-09-16 14:50:00+00:00,52.95,53.12,52.9214,53.115,112472.0,1501.0,53.014067
SLB,2026-09-16 14:55:00+00:00,53.12,53.195,52.93,52.95,131438.0,1995.0,53.039568
SLB,2026-09-16 15:00:00+00:00,52.95,52.99,52.765,52.86,128743.0,1750.0,52.876084
SLB,2026-09-16 15:05:00+00:00,52.85,52.86,52.65,52.665,191222.0,2027.0,52.784718
SLB,2026-09-16 15:10:00+00:00,52.665,53.1171,52.665,53.06,134406.0,1921.0,52.918699
SLB,2026-09-16 15:15:00+00:00,53.055,53.08,52.99,53.08,94210.0,1458.0,53.038531
SLB,2026-09-16 15:20:00+00:00,53.09,53.15,52.9,53.028,179700.0,1880.0,53.006283
SLB,2026-09-16 15:25:00+00:00,53.02,53.2,52.98,53.185,217266.0,1266.0,53.02512
SLB,2026-09-16 15:30:00+00:00,53.18,53.3,53.1,53.295,176269.0,1436.0,53.19641
SLB,2026-09-16 15:35:00+00:00,53.295,53.37,53.24,53.37,83571.0,1166.0,53.30518
SLB,2026-09-16 15:40:00+00:00,53.365,53.39,53.2798,53.28,78282.0,919.0,53.340751
SLB,2026-09-16 15:45:00+00:00,53.28,53.2999,52.975,53.095,272003.0,3260.0,53.100007
SLB,2026-09-16 15:50:00+00:00,53.1,53.29,53.1,53.22,114116.0,1443.0,53.181315
SLB,2026-09-16 15:55:00+00:00,53.215,53.35,53.17,53.205,260768.0,1907.0,53.245093
SLB,2026-09-16 16:00:00+00:00,53.19,53.23,53.125,53.175,196212.0,1650.0,53.178588
SLB,2026-09-16 16:05:00+00:00,53.17,53.17,53.07,53.13,68533.0,846.0,53.125533
SLB,2026-09-16 16:10:00+00:00,53.13,53.22,53.1,53.215,94490.0,1071.0,53.179839
SLB,2026-09-16 16:15:00+00:00,53.215,53.255,53.155,53.16,46105.0,811.0,53.211028
SLB,2026-09-16 16:20:00+00:00,53.155,53.25,53.13,53.25,33841.0,683.0,53.179008
SLB,2026-09-16 16:25:00+00:00,53.265,53.3,53.18,53.3,76964.0,1125.0,53.235544
SLB,2026-09-16 16:30:00+00:00,53.295,53.2999,53.25,53.29,54126.0,847.0,53.274066
SLB,2026-09-16 16:35:00+00:00,53.295,53.32,53.225,53.2475,70240.0,879.0,53.283642
SLB,2026-09-16 16:40:00+00:00,53.25,53.305,53.21,53.24,74611.0,985.0,53.253933
SLB,2026-09-16 16:45:00+00:00,53.24,53.24,53.18,53.22,81522.0,901.0,53.205328
SLB,2026-09-16 16:50:00+00:00,53.225,53.32,53.225,53.29,51855.0,786.0,53.282284
SLB,2026-09-16 16:55:00+00:00,53.295,53.2975,53.225,53.26,128136.0,1539.0,53.256745
SLB,2026-09-16 17:00:00+00:00,53.26,53.28,53.2,53.26,131282.0,1131.0,53.219634
SLB,2026-09-16 17:05:00+00:00,53.265,53.32,53.22,53.24,67289.0,977.0,53.286039
SLB,2026-09-16 17:10:00+00:00,53.235,53.325,53.22,53.305,49190.0,659.0,53.259756
SLB,2026-09-16 17:15:00+00:00,53.32,53.34,53.2,53.205,56786.0,838.0,53.275749
SLB,2026-09-16 17:20:00+00:00,53.205,53.23,53.19,53.195,31315.0,593.0,53.208498
SLB,2026-09-16 17:25:00+00:00,53.195,53.25,53.18,53.21,89641.0,1220.0,53.218947
SLB,2026-09-16 17:30:00+00:00,53.2,53.425,53.2,53.405,336593.0,3326.0,53.327111
SLB,2026-09-16 17:35:00+00:00,53.405,53.465,53.35,53.42,179245.0,1650.0,53.400645
SLB,2026-09-16 17:40:00+00:00,53.415,53.45,53.41,53.44,39652.0,819.0,53.433346
SLB,2026-09-16 17:45:00+00:00,53.445,53.505,53.405,53.405,119705.0,1243.0,53.471034
SLB,2026-09-16 17:50:00+00:00,53.405,53.435,53.385,53.425,52675.0,874.0,53.408304
SLB,2026-09-16 17:55:00+00:00,53.43,53.489,53.43,53.48,105806.0,1163.0,53.449102
SLB,2026-09-16 18:00:00+00:00,53.48,53.52,53.26,53.51,208045.0,1854.0,53.370702
SLB,2026-09-16 18:05:00+00:00,53.53,53.715,53.52,53.69,57494.0,956.0,53.639499
SLB,2026-09-16 18:10:00+00:00,53.68,53.72,53.57,53.6213,80382.0,1148.0,53.656036
SLB,2026-09-16 18:15:00+00:00,53.63,53.6425,53.56,53.62,46005.0,826.0,53.616924
SLB,2026-09-16 18:20:00+00:00,53.615,53.645,53.42,53.425,75313.0,987.0,53.54867
SLB,2026-09-16 18:25:00+00:00,53.41,53.415,53.345,53.385,71520.0,978.0,53.373239
SLB,2026-09-16 18:30:00+00:00,53.38,53.4,53.195,53.22,83961.0,1074.0,53.267808
SLB,2026-09-16 18:35:00+00:00,53.21,53.21,53.02,53.085,57856.0,1043.0,53.09677
SLB,2026-09-16 18:40:00+00:00,53.09,53.2,53.065,53.11,69268.0,1037.0,53.123025
SLB,2026-09-16 18:45:00+00:00,53.1,53.12,52.935,52.94,61867.0,1185.0,53.047939
SLB,2026-09-16 18:50:00+00:00,52.95,52.995,52.715,52.715,126201.0,1607.0,52.862414
SLB,2026-09-16 18:55:00+00:00,52.7,52.795,52.665,52.665,199853.0,1958.0,52.715615
SLB,2026-09-16 19:00:00+00:00,52.67,52.75,52.345,52.375,407288.0,3095.0,52.500879
SLB,2026-09-16 19:05:00+00:00,52.38,52.38,52.12,52.16,92754.0,1603.0,52.22438
SLB,2026-09-16 19:10:00+00:00,52.165,52.17,51.91,51.92,167650.0,2325.0,52.049264
SLB,2026-09-16 19:15:00+00:00,51.92,51.99,51.79,51.88,119179.0,1740.0,51.869055
SLB,2026-09-16 19:20:00+00:00,51.875,51.88,51.645,51.7125,136083.0,1870.0,51.731791
SLB,2026-09-16 19:25:00+00:00,51.72,51.73,51.56,51.66,102346.0,1744.0,51.615848
SLB,2026-09-16 19:30:00+00:00,51.66,51.89,51.65,51.87,132230.0,1942.0,51.772786
SLB,2026-09-16 19:35:00+00:00,51.86,51.9,51.761,51.845,104075.0,1691.0,51.844148
SLB,2026-09-16 19:40:00+00:00,51.85,51.91,51.795,51.855,139187.0,2145.0,51.862451
SLB,2026-09-16 19:45:00+00:00,51.85,52.19,51.85,52.18,224492.0,3078.0,52.037146
SLB,2026-09-16 19:50:00+00:00,52.18,52.37,52.16,52.355,264036.0,3545.0,52.300247
SLB,2026-09-16 19:55:00+00:00,52.35,52.38,52.28,52.31,555044.0,6641.0,52.326337
SLB,2026-09-16 20:00:00+00:00,52.3,52.3,52.3,52.3,8111731.0,114.0,52.3
SLB,2026-09-16 20:10:00+00:00,52.3,52.79,52.3,52.79,12535.0,10.0,52.335204
SLB,2026-09-16 20:15:00+00:00,52.3,52.3,52.3,52.3,937.0,12.0,52.3
SLB,2026-09-16 20:45:00+00:00,52.2786,52.2786,52.2786,52.2786,150.0,1.0,52.2786
SLB,2026-09-16 21:00:00+00:00,52.35,52.35,52.35,52.35,400.0,4.0,52.35
SLB,2026-09-16 22:05:00+00:00,52.45,52.45,52.45,52.45,200.0,1.0,52.45
SLB,2026-09-16 22:10:00+00:00,52.45,52.45,52.4,52.4,800.0,3.0,52.43625
SLB,2026-09-16 22:25:00+00:00,52.5451,52.5451,52.5451,52.5451,100.0,1.0,52.5451
SLB,2026-09-16 23:25:00+00:00,52.5606,52.5606,52.5606,52.5606,1750.0,1.0,52.5606
SLB,2026-09-17 08:00:00+00:00,52.52,52.53,52.52,52.53,765.0,21.0,52.523824
SLB,2026-09-17 08:05:00+00:00,52.7,52.7,52.7,52.7,175.0,1.0,52.7
SLB,2026-09-17 09:10:00+00:00,53.2284,53.2284,53.2284,53.2284,100.0,1.0,53.2284
SLB,2026-09-17 09:25:00+00:00,52.52,52.52,52.28,52.52,2782.0,38.0,52.448987
SLB,2026-09-17 10:50:00+00:00,52.66,52.69,52.66,52.69,357.0,13.0,52.68
SLB,2026-09-17 11:00:00+00:00,52.53,52.53,52.44,52.44,500.0,3.0,52.458036
SLB,2026-09-17 11:40:00+00:00,52.6,52.6,52.6,52.6,192.0,3.0,52.6
SLB,2026-09-17 11:55:00+00:00,52.59,52.61,52.5,52.52,2690.0,20.0,52.539357
SLB,2026-09-17 12:05:00+00:00,52.54,52.54,52.54,52.54,100.0,1.0,52.54
SLB,2026-09-17 12:10:00+00:00,52.36,52.36,52.3,52.3,1923.0,27.0,52.326121
SLB,2026-09-17 12:25:00+00:00,52.26,52.26,51.9,51.9,1748.0,13.0,52.203961
SLB,2026-09-17 12:30:00+00:00,51.9825,51.9825,51.9825,51.9825,190.0,1.0,51.9825
SLB,2026-09-17 12:35:00+00:00,51.91,52.41,51.91,52.23,1231.0,53.0,52.174079
SLB,2026-09-17 12:45:00+00:00,52.18,52.25,52.0,52.0,3065.0,12.0,52.024286
SLB,2026-09-17 12:50:00+00:00,52.05,52.24,52.05,52.2,1960.0,28.0,52.16891
SLB,2026-09-17 12:55:00+00:00,52.14,52.15,52.1,52.1,1284.0,11.0,52.123913
SLB,2026-09-17 13:10:00+00:00,52.19,52.2,52.19,52.2,761.0,230.0,52.195
SLB,2026-09-17 13:15:00+00:00,52.4,52.4,52.35,52.37,945.0,38.0,52.368732
SLB,2026-09-17 13:30:00+00:00,52.45,52.77,52.3162,52.6,204176.0,1640.0,52.585934
SLB,2026-09-17 13:35:00+00:00,52.595,52.8,52.515,52.635,93717.0,1628.0,52.651596
SLB,2026-09-17 13:40:00+00:00,52.6305,52.86,52.53,52.845,77240.0,1571.0,52.654794
SLB,2026-09-17 13:45:00+00:00,52.84,52.87,52.66,52.75,115232.0,1604.0,52.786566
SLB,2026-09-17 13:50:00+00:00,52.75,52.775,52.64,52.7103,84173.0,1249.0,52.705004
SLB,2026-09-17 13:55:00+00:00,52.7,52.7399,52.585,52.63,63487.0,1117.0,52.682262
SLB,2026-09-17 14:00:00+00:00,52.64,52.655,52.405,52.49,116666.0,1599.0,52.521645
SLB,2026-09-17 14:05:00+00:00,52.49,52.515,52.155,52.17,160001.0,1909.0,52.348377
SLB,2026-09-17 14:10:00+00:00,52.175,52.225,52.065,52.195,150419.0,1725.0,52.15661
SLB,2026-09-17 14:15:00+00:00,52.195,52.3,52.1195,52.17,131329.0,1538.0,52.197097
SLB,2026-09-17 14:20:00+00:00,52.165,52.27,52.14,52.24,152341.0,1623.0,52.20897
SLB,2026-09-17 14:25:00+00:00,52.25,52.31,52.21,52.2451,87125.0,1059.0,52.25597
SLB,2026-09-17 14:30:00+00:00,52.245,52.26,52.09,52.215,96818.0,1282.0,52.170458
SLB,2026-09-17 14:35:00+00:00,52.225,52.32,52.17,52.29,65460.0,1123.0,52.240923
SLB,2026-09-17 14:40:00+00:00,52.3,52.36,52.23,52.245,56315.0,902.0,52.312523
SLB,2026-09-17 14:45:00+00:00,52.24,52.255,52.17,52.225,74258.0,1025.0,52.215988
SLB,2026-09-17 14:50:00+00:00,52.225,52.25,52.1,52.1,62950.0,972.0,52.190519
SLB,2026-09-17 14:55:00+00:00,52.11,52.22,52.05,52.1895,181492.0,1225.0,52.17776
SLB,2026-09-17 15:00:00+00:00,52.19,52.2,51.985,52.03,84792.0,1131.0,52.091541
SLB,2026-09-17 15:05:00+00:00,52.03,52.05,51.955,51.99,77744.0,1089.0,51.992505
SLB,2026-09-17 15:10:00+00:00,52.0,52.02,51.9,51.905,110940.0,1419.0,51.962931
SLB,2026-09-17 15:15:00+00:00,51.91,52.14,51.865,52.13,186405.0,1875.0,51.986612
SLB,2026-09-17 15:20:00+00:00,52.12,52.205,52.095,52.14,72346.0,1023.0,52.13877
SLB,2026-09-17 15:25:00+00:00,52.145,52.215,52.07,52.195,76918.0,1215.0,52.137535
SLB,2026-09-17 15:30:00+00:00,52.2,52.25,52.16,52.235,84211.0,1219.0,52.216176
SLB,2026-09-17 15:35:00+00:00,52.23,52.26,52.185,52.225,54398.0,944.0,52.222665
SLB,2026-09-17 15:40:00+00:00,52.226,52.29,52.226,52.255,45731.0,827.0,52.252191
SLB,2026-09-17 15:45:00+00:00,52.26,52.26,52.14,52.15,77809.0,1024.0,52.183793
SLB,2026-09-17 15:50:00+00:00,52.155,52.155,52.085,52.11,53415.0,784.0,52.118115
SLB,2026-09-17 15:55:00+00:00,52.115,52.15,52.095,52.145,32565.0,608.0,52.120691
SLB,2026-09-17 16:00:00+00:00,52.155,52.205,52.14,52.17,66402.0,939.0,52.167859
SLB,2026-09-17 16:05:00+00:00,52.16,52.24,52.14,52.24,47234.0,595.0,52.174408
SLB,2026-09-17 16:10:00+00:00,52.23,52.26,52.17,52.23,40661.0,810.0,52.213972
SLB,2026-09-17 16:15:00+00:00,52.23,52.315,52.195,52.195,92936.0,976.0,52.247744
SLB,2026-09-17 16:20:00+00:00,52.19,52.19,52.09,52.125,112292.0,1093.0,52.122431
SLB,2026-09-17 16:25:00+00:00,52.13,52.215,52.11,52.205,38556.0,664.0,52.155597
SLB,2026-09-17 16:30:00+00:00,52.21,52.26,52.205,52.225,40336.0,700.0,52.241674
SLB,2026-09-17 16:35:00+00:00,52.22,52.22,52.05,52.08,155918.0,1282.0,52.096917
SLB,2026-09-17 16:40:00+00:00,52.075,52.185,52.075,52.16,65820.0,813.0,52.120125
SLB,2026-09-17 16:45:00+00:00,52.17,52.21,52.165,52.195,52313.0,738.0,52.184181
SLB,2026-09-17 16:50:00+00:00,52.2,52.22,52.175,52.195,44569.0,699.0,52.198191
SLB,2026-09-17 16:55:00+00:00,52.195,52.28,52.18,52.27,41229.0,741.0,52.224558
SLB,2026-09-17 17:00:00+00:00,52.265,52.3,52.235,52.29,77066.0,918.0,52.270848
SLB,2026-09-17 17:05:00+00:00,52.29,52.35,52.285,52.285,54664.0,775.0,52.322785
SLB,2026-09-17 17:10:00+00:00,52.28,52.28,52.22,52.225,52836.0,896.0,52.251562
SLB,2026-09-17 17:15:00+00:00,52.22,52.255,52.2,52.25,56995.0,690.0,52.22647
SLB,2026-09-17 17:20:00+00:00,52.245,52.245,52.185,52.21,37551.0,554.0,52.2111
SLB,2026-09-17 17:25:00+00:00,52.21,52.23,52.19,52.21,41990.0,619.0,52.207751
SLB,2026-09-17 17:30:00+00:00,52.22,52.295,52.215,52.29,62861.0,955.0,52.247704
SLB,2026-09-17 17:35:00+00:00,52.285,52.3,52.26,52.26,34583.0,601.0,52.279956
SLB,2026-09-17 17:40:00+00:00,52.25,52.27,52.2101,52.225,49923.0,710.0,52.246768
SLB,2026-09-17 17:45:00+00:00,52.225,52.235,52.175,52.185,55147.0,796.0,52.213159
SLB,2026-09-17 17:50:00+00:00,52.185,52.295,52.185,52.295,48001.0,703.0,52.237493
SLB,2026-09-17 17:55:00+00:00,52.3,52.36,52.275,52.34,46391.0,711.0,52.308378
SLB,2026-09-17 18:00:00+00:00,52.345,52.3899,52.345,52.385,35368.0,593.0,52.369181
SLB,2026-09-17 18:05:00+00:00,52.3899,52.3899,52.29,52.375,81483.0,1120.0,52.344739
SLB,2026-09-17 18:10:00+00:00,52.38,52.445,52.36,52.425,40705.0,718.0,52.401465
SLB,2026-09-17 18:15:00+00:00,52.42,52.525,52.42,52.525,71308.0,897.0,52.467529
SLB,2026-09-17 18:20:00+00:00,52.535,52.535,52.45,52.53,58079.0,951.0,52.496288
SLB,2026-09-17 18:25:00+00:00,52.525,52.525,52.4427,52.48,55876.0,866.0,52.483572
SLB,2026-09-17 18:30:00+00:00,52.485,52.49,52.405,52.425,48038.0,754.0,52.441646
SLB,2026-09-17 18:35:00+00:00,52.425,52.455,52.4,52.41,32057.0,546.0,52.432471
SLB,2026-09-17 18:40:00+00:00,52.405,52.405,52.35,52.365,51420.0,745.0,52.374397
SLB,2026-09-17 18:45:00+00:00,52.365,52.45,52.35,52.435,72259.0,818.0,52.395058
SLB,2026-09-17 18:50:00+00:00,52.435,52.445,52.37,52.38,54415.0,855.0,52.401254
SLB,2026-09-17 18:55:00+00:00,52.385,52.42,52.38,52.415,119590.0,898.0,52.402376
SLB,2026-09-17 19:00:00+00:00,52.415,52.445,52.4,52.415,52603.0,776.0,52.41716
SLB,2026-09-17 19:05:00+00:00,52.42,52.455,52.38,52.384,76803.0,932.0,52.429957
SLB,2026-09-17 19:10:00+00:00,52.385,52.42,52.36,52.375,60838.0,985.0,52.392734
SLB,2026-09-17 19:15:00+00:00,52.375,52.425,52.23,52.285,87285.0,1225.0,52.339574
SLB,2026-09-17 19:20:00+00:00,52.28,52.29,52.225,52.26,71888.0,1055.0,52.25829
SLB,2026-09-17 19:25:00+00:00,52.26,52.29,52.235,52.255,67619.0,1115.0,52.256512
SLB,2026-09-17 19:30:00+00:00,52.255,52.32,52.23,52.265,103338.0,1493.0,52.281514
SLB,2026-09-17 19:35:00+00:00,52.265,52.29,52.24,52.265,85717.0,1232.0,52.266167
SLB,2026-09-17 19:40:00+00:00,52.27,52.27,52.21,52.21,119978.0,1833.0,52.235942
SLB,2026-09-17 19:45:00+00:00,52.2,52.2,52.06,52.065,141174.0,2084.0,52.122622
SLB,2026-09-17 19:50:00+00:00,52.07,52.08,51.99,52.005,252502.0,3677.0,52.026384
SLB,2026-09-17 19:55:00+00:00,52.01,52.135,51.98,52.085,654828.0,7628.0,52.067558
SLB,2026-09-17 20:00:00+00:00,52.09,52.09,52.08,52.08,2178004.0,121.0,52.080029
SLB,2026-09-17 20:45:00+00:00,52.06,52.06,52.06,52.06,300.0,2.0,52.06
SLB,2026-09-17 21:35:00+00:00,52.2,52.2,52.2,52.2,365.0,1.0,52.2
SLB,2026-09-17 22:50:00+00:00,52.19,52.2,52.19,52.2,506.0,6.0,52.192557
SLB,2026-09-18 08:00:00+00:00,51.62,52.01,51.29,52.01,4072.0,172.0,51.615013
SLB,2026-09-18 08:50:00+00:00,51.71,51.73,51.71,51.73,1015.0,29.0,51.71977
SLB,2026-09-18 09:55:00+00:00,51.93,52.0,51.93,52.0,605.0,6.0,51.974916
SLB,2026-09-18 10:15:00+00:00,51.79,51.79,51.78,51.79,571.0,10.0,51.786289
SLB,2026-09-18 11:00:00+00:00,51.81,51.81,51.81,51.81,351.0,27.0,51.81
SLB,2026-09-18 11:05:00+00:00,51.77,51.77,51.77,51.77,275.0,3.0,51.77
SLB,2026-09-18 11:35:00+00:00,51.8,51.8,51.8,51.8,153.0,5.0,51.8
SLB,2026-09-18 12:25:00+00:00,51.84,51.94,51.84,51.94,1013.0,9.0,51.889421
SLB,2026-09-18 12:40:00+00:00,51.88,51.88,51.86,51.86,1200.0,4.0,51.861818
SLB,2026-09-18 12:45:00+00:00,51.7,51.7,51.7,51.7,250.0,3.0,51.7
SLB,2026-09-18 13:00:00+00:00,51.96,51.96,51.96,51.96,865.0,33.0,51.96
SLB,2026-09-18 13:05:00+00:00,51.97,51.97,51.97,51.97,567.0,5.0,51.97
SLB,2026-09-18 13:10:00+00:00,51.98,52.0,51.96,52.0,2724.0,48.0,51.983962
SLB,2026-09-18 13:15:00+00:00,52.09,52.09,52.03,52.03,1254.0,22.0,52.061053
SLB,2026-09-18 13:20:00+00:00,52.14,52.14,51.911,52.11,798.0,20.0,52.017465
SLB,2026-09-18 13:25:00+00:00,51.72,51.94,51.6,51.6,3751.0,37.0,51.751059
SLB,2026-09-18 13:30:00+00:00,51.78,51.78,51.3524,51.481,2317208.0,1888.0,51.770176
SLB,2026-09-18 13:35:00+00:00,51.48,51.48,51.31,51.34,109203.0,1645.0,51.373178
SLB,2026-09-18 13:40:00+00:00,51.335,51.59,51.32,51.52,285909.0,3305.0,51.423943
SLB,2026-09-18 13:45:00+00:00,51.5,51.53,51.345,51.35,145077.0,1783.0,51.422354
SLB,2026-09-18 13:50:00+00:00,51.35,51.415,51.165,51.17,164116.0,1989.0,51.331791
SLB,2026-09-18 13:55:00+00:00,51.16,51.28,51.065,51.28,215751.0,1614.0,51.133673
SLB,2026-09-18 14:00:00+00:00,51.275,51.43,51.205,51.31,78399.0,1335.0,51.312617
SLB,2026-09-18 14:05:00+00:00,51.31,51.31,51.09,51.235,172587.0,2114.0,51.171159
SLB,2026-09-18 14:10:00+00:00,51.235,51.32,51.17,51.225,66765.0,1065.0,51.239616
SLB,2026-09-18 14:15:00+00:00,51.23,51.3,51.19,51.26,122225.0,1534.0,51.25338
SLB,2026-09-18 14:20:00+00:00,51.265,51.45,51.235,51.335,90372.0,1253.0,51.33212
SLB,2026-09-18 14:25:00+00:00,51.335,51.43,51.275,51.39,65274.0,1092.0,51.357502
SLB,2026-09-18 14:30:00+00:00,51.39,51.46,51.34,51.38,53913.0,990.0,51.406964
SLB,2026-09-18 14:35:00+00:00,51.385,51.43,51.3514,51.43,65772.0,1015.0,51.383259
SLB,2026-09-18 14:40:00+00:00,51.42,51.525,51.39,51.5113,70599.0,1155.0,51.462153
SLB,2026-09-18 14:45:00+00:00,51.515,51.54,51.44,51.505,54492.0,1038.0,51.49437
SLB,2026-09-18 14:50:00+00:00,51.505,51.52,51.23,51.25,116726.0,1450.0,51.36528
SLB,2026-09-18 14:55:00+00:00,51.255,51.405,51.255,51.39,63661.0,1017.0,51.338695
SLB,2026-09-18 15:00:00+00:00,51.395,51.46,51.34,51.38,47866.0,864.0,51.389447
SLB,2026-09-18 15:05:00+00:00,51.39,51.47,51.385,51.455,64116.0,1000.0,51.421199
SLB,2026-09-18 15:10:00+00:00,51.45,51.465,51.38,51.45,52192.0,897.0,51.433961
SLB,2026-09-18 15:15:00+00:00,51.465,51.51,51.425,51.4498,101657.0,1092.0,51.455503
SLB,2026-09-18 15:20:00+00:00,51.445,51.47,51.4,51.435,44962.0,860.0,51.435986
SLB,2026-09-18 15:25:00+00:00,51.435,51.45,51.31,51.375,61853.0,907.0,51.375057
SLB,2026-09-18 15:30:00+00:00,51.38,51.445,51.35,51.445,61806.0,1022.0,51.391831
SLB,2026-09-18 15:35:00+00:00,51.445,51.46,51.37,51.37,67511.0,892.0,51.424173
SLB,2026-09-18 15:40:00+00:00,51.36,51.415,51.305,51.345,103555.0,1141.0,51.345071
SLB,2026-09-18 15:45:00+00:00,51.35,51.365,51.285,51.305,53775.0,782.0,51.33903
SLB,2026-09-18 15:50:00+00:00,51.305,51.355,51.285,51.285,34448.0,613.0,51.317888
SLB,2026-09-18 15:55:00+00:00,51.29,51.29,51.23,51.27,93225.0,935.0,51.259641
SLB,2026-09-18 16:00:00+00:00,51.26,51.265,51.2201,51.225,36832.0,659.0,51.244859
SLB,2026-09-18 16:05:00+00:00,51.225,51.3,51.22,51.245,42737.0,721.0,51.252525
SLB,2026-09-18 16:10:00+00:00,51.24,51.27,51.235,51.265,34900.0,547.0,51.258881
SLB,2026-09-18 16:15:00+00:00,51.265,51.3057,51.2543,51.26,45040.0,784.0,51.277036
SLB,2026-09-18 16:20:00+00:00,51.255,51.3,51.24,51.275,55710.0,987.0,51.272412
SLB,2026-09-18 16:25:00+00:00,51.275,51.28,51.14,51.18,55526.0,888.0,51.221093
SLB,2026-09-18 16:30:00+00:00,51.18,51.25,51.16,51.22,43401.0,766.0,51.193508
SLB,2026-09-18 16:35:00+00:00,51.215,51.255,51.14,51.14,30360.0,625.0,51.216858
SLB,2026-09-18 16:40:00+00:00,51.14,51.165,51.09,51.14,63275.0,1033.0,51.125154
SLB,2026-09-18 16:45:00+00:00,51.135,51.15,51.085,51.14,62273.0,804.0,51.12356
SLB,2026-09-18 16:50:00+00:00,51.145,51.16,51.09,51.1285,50655.0,905.0,51.140507
SLB,2026-09-18 16:55:00+00:00,51.125,51.15,51.03,51.13,158978.0,1366.0,51.075984
SLB,2026-09-18 17:00:00+00:00,51.125,51.125,51.01,51.09,87883.0,1084.0,51.055034
SLB,2026-09-18 17:05:00+00:00,51.095,51.11,51.035,51.045,34562.0,710.0,51.068131
SLB,2026-09-18 17:10:00+00:00,51.045,51.1,51.025,51.085,47577.0,895.0,51.048749
SLB,2026-09-18 17:15:00+00:00,51.09,51.12,51.05,51.105,42120.0,787.0,51.090825
SLB,2026-09-18 17:20:00+00:00,51.105,51.12,51.085,51.115,39660.0,644.0,51.104013
SLB,2026-09-18 17:25:00+00:00,51.115,51.19,51.115,51.145,38021.0,649.0,51.147072
SLB,2026-09-18 17:30:00+00:00,51.15,51.185,51.145,51.165,30855.0,681.0,51.169532
SLB,2026-09-18 17:35:00+00:00,51.165,51.17,51.1001,51.11,41797.0,745.0,51.132944
SLB,2026-09-18 17:40:00+00:00,51.1,51.12,51.045,51.075,89904.0,1187.0,51.077381
SLB,2026-09-18 17:45:00+00:00,51.065,51.085,51.035,51.085,60117.0,961.0,51.057384
SLB,2026-09-18 17:50:00+00:00,51.09,51.12,51.075,51.0802,40505.0,777.0,51.094875
SLB,2026-09-18 17:55:00+00:00,51.085,51.09,51.04,51.075,42895.0,763.0,51.068849
SLB,2026-09-18 18:00:00+00:00,51.075,51.075,51.03,51.045,63086.0,820.0,51.053361
SLB,2026-09-18 18:05:00+00:00,51.05,51.0951,50.985,51.06,100481.0,1475.0,51.027971
SLB,2026-09-18 18:10:00+00:00,51.06,51.14,51.01,51.075,64032.0,815.0,51.065516
SLB,2026-09-18 18:15:00+00:00,51.07,51.07,51.0,51.04,60813.0,998.0,51.025258
SLB,2026-09-18 18:20:00+00:00,51.035,51.05,50.995,50.995,59846.0,981.0,51.017543
SLB,2026-09-18 18:25:00+00:00,50.99,51.01,50.945,50.985,78277.0,1055.0,50.975553
SLB,2026-09-18 18:30:00+00:00,50.985,50.99,50.905,50.92,62993.0,1005.0,50.957883
SLB,2026-09-18 18:35:00+00:00,50.915,50.98,50.8902,50.95,85292.0,1106.0,50.939445
SLB,2026-09-18 18:40:00+00:00,50.96,50.985,50.94,50.945,50086.0,804.0,50.957945
SLB,2026-09-18 18:45:00+00:00,50.94,50.975,50.9,50.9138,55087.0,1034.0,50.939818
SLB,2026-09-18 18:50:00+00:00,50.9,50.935,50.87,50.915,88050.0,1266.0,50.904861
SLB,2026-09-18 18:55:00+00:00,50.915,50.93,50.835,50.84,93771.0,1046.0,50.894109
SLB,2026-09-18 19:00:00+00:00,50.845,50.885,50.8,50.81,74994.0,1298.0,50.837467
SLB,2026-09-18 19:05:00+00:00,50.81,50.91,50.81,50.86,77495.0,1124.0,50.865801
SLB,2026-09-18 19:10:00+00:00,50.86,50.92,50.815,50.825,93029.0,1251.0,50.879056
SLB,2026-09-18 19:15:00+00:00,50.83,50.85,50.78,50.815,64040.0,1059.0,50.812896
SLB,2026-09-18 19:20:00+00:00,50.82,50.86,50.77,50.805,71859.0,1157.0,50.801522
SLB,2026-09-18 19:25:00+00:00,50.805,50.875,50.795,50.845,80416.0,1369.0,50.837927
SLB,2026-09-18 19:30:00+00:00,50.84,50.925,50.8381,50.875,88486.0,1459.0,50.87708
SLB,2026-09-18 19:35:00+00:00,50.88,51.07,50.875,51.055,153171.0,2166.0,50.984189
SLB,2026-09-18 19:40:00+00:00,51.06,51.11,51.025,51.075,186324.0,2419.0,51.070377
SLB,2026-09-18 19:45:00+00:00,51.075,51.08,50.98,51.005,324339.0,4000.0,51.030228
SLB,2026-09-18 19:50:00+00:00,51.0,51.175,50.95,51.12,349420.0,3792.0,51.083645
SLB,2026-09-18 19:55:00+00:00,51.11,51.18,51.06,51.125,923899.0,8971.0,51.114042
SLB,2026-09-18 20:00:00+00:00,51.12,51.42,51.12,51.42,12276399.0,110.0,51.120003
SLB,2026-09-18 20:10:00+00:00,51.12,51.14,51.12,51.12,217744.0,43.0,51.120056
SLB,2026-09-18 20:35:00+00:00,51.1501,51.1501,51.1501,51.1501,900.0,1.0,51.1501
SLB,2026-09-18 20:40:00+00:00,51.1801,51.2001,51.1801,51.2001,2700.0,3.0,51.186767
SLB,2026-09-18 20:55:00+00:00,51.16,51.16,51.16,51.16,178.0,3.0,51.16
SLB,2026-09-18 21:05:00+00:00,51.2,51.2,51.2,51.2,1040.0,3.0,51.2
SLB,2026-09-18 21:25:00+00:00,51.15,51.15,51.15,51.15,100.0,1.0,51.15
SLB,2026-09-18 21:30:00+00:00,51.2356,51.2356,51.2356,51.2356,750.0,1.0,51.2356
SLB,2026-09-18 21:35:00+00:00,51.1739,51.1739,51.1739,51.1739,750.0,1.0,51.1739
SLB,2026-09-18 21:55:00+00:00,51.16,51.16,51.16,51.16,1008.0,2.0,51.16
SLB,2026-09-18 22:10:00+00:00,51.16,51.16,51.16,51.16,2209.0,5.0,51.16
