symbol,timestamp,open,high,low,close,volume,trade_count,vwap
HAS,2026-08-14 13:30:00+00:00,96.96,97.1,96.23,96.775,13769.0,158.0,97.01324
HAS,2026-08-14 13:35:00+00:00,96.875,97.36,96.85,96.92,3141.0,114.0,97.054104
HAS,2026-08-14 13:40:00+00:00,96.78,96.89,96.75,96.89,2574.0,67.0,96.822435
HAS,2026-08-14 13:45:00+00:00,96.88,97.33,96.88,97.265,8538.0,188.0,97.159194
HAS,2026-08-14 13:50:00+00:00,97.4,97.53,97.32,97.32,3096.0,49.0,97.410259
HAS,2026-08-14 13:55:00+00:00,97.33,97.54,97.23,97.5,7414.0,129.0,97.442827
HAS,2026-08-14 14:00:00+00:00,97.7,97.96,97.65,97.79,6217.0,214.0,97.737152
HAS,2026-08-14 14:05:00+00:00,97.89,97.94,97.74,97.805,11090.0,308.0,97.882894
HAS,2026-08-14 14:10:00+00:00,97.81,97.8899,97.655,97.765,6750.0,182.0,97.77192
HAS,2026-08-14 14:15:00+00:00,97.85,98.07,97.67,97.67,17025.0,391.0,97.947759
HAS,2026-08-14 14:20:00+00:00,97.65,97.75,97.37,97.37,7747.0,275.0,97.602746
HAS,2026-08-14 14:25:00+00:00,97.45,97.53,97.36,97.44,2435.0,120.0,97.492698
HAS,2026-08-14 14:30:00+00:00,97.48,97.48,97.25,97.25,4318.0,228.0,97.324288
HAS,2026-08-14 14:35:00+00:00,97.2,97.41,97.2,97.33,6765.0,222.0,97.328876
HAS,2026-08-14 14:40:00+00:00,97.27,97.32,97.2,97.265,2913.0,147.0,97.248463
HAS,2026-08-14 14:45:00+00:00,97.32,97.385,97.2,97.205,5891.0,215.0,97.318097
HAS,2026-08-14 14:50:00+00:00,97.2425,97.2425,97.0,97.0699,5805.0,196.0,97.085428
HAS,2026-08-14 14:55:00+00:00,96.995,97.19,96.995,97.16,5833.0,206.0,97.134413
HAS,2026-08-14 15:00:00+00:00,97.22,97.27,97.22,97.23,3019.0,177.0,97.24125
HAS,2026-08-14 15:05:00+00:00,97.2,97.2,97.12,97.15,4075.0,203.0,97.168055
HAS,2026-08-14 15:10:00+00:00,97.18,97.2,97.115,97.14,5400.0,225.0,97.170484
HAS,2026-08-14 15:15:00+00:00,97.14,97.24,97.14,97.22,2591.0,150.0,97.201667
HAS,2026-08-14 15:20:00+00:00,97.24,97.265,97.19,97.265,3898.0,176.0,97.224139
HAS,2026-08-14 15:25:00+00:00,97.2332,97.28,97.23,97.2691,3409.0,119.0,97.246015
HAS,2026-08-14 15:30:00+00:00,97.27,97.31,97.24,97.24,3870.0,158.0,97.268042
HAS,2026-08-14 15:35:00+00:00,97.23,97.24,97.17,97.19,4364.0,222.0,97.208334
HAS,2026-08-14 15:40:00+00:00,97.19,97.19,97.065,97.115,7835.0,240.0,97.137102
HAS,2026-08-14 15:45:00+00:00,97.17,97.17,97.085,97.085,4117.0,169.0,97.117209
HAS,2026-08-14 15:50:00+00:00,97.085,97.085,96.98,96.98,2699.0,182.0,97.026667
HAS,2026-08-14 15:55:00+00:00,96.98,97.02,96.91,96.95,3207.0,187.0,96.972276
HAS,2026-08-14 16:00:00+00:00,96.97,97.13,96.97,97.08,9587.0,256.0,97.068469
HAS,2026-08-14 16:05:00+00:00,97.12,97.12,96.93,96.93,3883.0,138.0,97.027739
HAS,2026-08-14 16:10:00+00:00,96.87,96.905,96.785,96.805,6792.0,233.0,96.864743
HAS,2026-08-14 16:15:00+00:00,96.86,96.86,96.775,96.79,2104.0,114.0,96.803268
HAS,2026-08-14 16:20:00+00:00,96.79,96.79,96.69,96.69,4021.0,192.0,96.747988
HAS,2026-08-14 16:25:00+00:00,96.74,96.84,96.74,96.8,18371.0,262.0,96.82784
HAS,2026-08-14 16:30:00+00:00,96.83,96.93,96.83,96.93,5245.0,180.0,96.864532
HAS,2026-08-14 16:35:00+00:00,96.95,97.05,96.95,96.97,3064.0,175.0,97.00625
HAS,2026-08-14 16:40:00+00:00,96.955,96.955,96.74,96.745,7245.0,197.0,96.793019
HAS,2026-08-14 16:45:00+00:00,96.74,96.84,96.6806,96.84,7149.0,168.0,96.744839
HAS,2026-08-14 16:50:00+00:00,96.8139,96.945,96.8139,96.93,7610.0,255.0,96.891121
HAS,2026-08-14 16:55:00+00:00,96.94,97.02,96.895,96.895,21471.0,230.0,96.981185
HAS,2026-08-14 17:00:00+00:00,96.915,97.01,96.87,96.87,14277.0,243.0,96.933708
HAS,2026-08-14 17:05:00+00:00,96.81,96.81,96.71,96.7215,4672.0,257.0,96.753338
HAS,2026-08-14 17:10:00+00:00,96.8,96.84,96.76,96.84,2741.0,132.0,96.808014
HAS,2026-08-14 17:15:00+00:00,96.8,96.85,96.736,96.78,4648.0,181.0,96.779677
HAS,2026-08-14 17:20:00+00:00,96.78,96.8,96.775,96.775,1818.0,90.0,96.789524
HAS,2026-08-14 17:25:00+00:00,96.78,96.8,96.7,96.75,8795.0,221.0,96.750808
HAS,2026-08-14 17:30:00+00:00,96.76,96.77,96.7,96.7,1929.0,138.0,96.733711
HAS,2026-08-14 17:35:00+00:00,96.7,96.73,96.7,96.725,2837.0,74.0,96.706173
HAS,2026-08-14 17:40:00+00:00,96.72,96.82,96.6801,96.79,8026.0,275.0,96.739245
HAS,2026-08-14 17:45:00+00:00,96.76,96.79,96.65,96.685,5204.0,212.0,96.735478
HAS,2026-08-14 17:50:00+00:00,96.66,96.72,96.535,96.59,3796.0,195.0,96.624625
HAS,2026-08-14 17:55:00+00:00,96.63,96.65,96.605,96.64,2779.0,190.0,96.62625
HAS,2026-08-14 18:00:00+00:00,96.65,96.66,96.59,96.595,5725.0,168.0,96.614658
HAS,2026-08-14 18:05:00+00:00,96.58,96.6,96.45,96.51,12108.0,298.0,96.542322
HAS,2026-08-14 18:10:00+00:00,96.49,96.6,96.485,96.5,15599.0,377.0,96.541245
HAS,2026-08-14 18:15:00+00:00,96.46,96.61,96.46,96.61,6927.0,279.0,96.522991
HAS,2026-08-14 18:20:00+00:00,96.61,96.76,96.61,96.735,4706.0,232.0,96.705347
HAS,2026-08-14 18:25:00+00:00,96.75,96.75,96.69,96.74,6214.0,255.0,96.710617
HAS,2026-08-14 18:30:00+00:00,96.73,96.73,96.65,96.73,8599.0,258.0,96.695447
HAS,2026-08-14 18:35:00+00:00,96.75,96.75,96.7,96.73,5104.0,174.0,96.736768
HAS,2026-08-14 18:40:00+00:00,96.73,96.79,96.705,96.74,7035.0,306.0,96.759026
HAS,2026-08-14 18:45:00+00:00,96.71,96.73,96.66,96.73,5836.0,233.0,96.708446
HAS,2026-08-14 18:50:00+00:00,96.74,96.83,96.74,96.77,6958.0,284.0,96.773027
HAS,2026-08-14 18:55:00+00:00,96.77,96.8,96.76,96.77,5305.0,239.0,96.777858
HAS,2026-08-14 19:00:00+00:00,96.78,96.81,96.74,96.77,7250.0,277.0,96.768632
HAS,2026-08-14 19:05:00+00:00,96.75,96.8,96.74,96.755,5001.0,218.0,96.768104
HAS,2026-08-14 19:10:00+00:00,96.79,96.8,96.75,96.8,7019.0,236.0,96.777198
HAS,2026-08-14 19:15:00+00:00,96.76,96.76,96.58,96.74,11737.0,425.0,96.689746
HAS,2026-08-14 19:20:00+00:00,96.75,96.79,96.74,96.77,6086.0,273.0,96.756904
HAS,2026-08-14 19:25:00+00:00,96.78,96.81,96.726,96.726,9106.0,362.0,96.772253
HAS,2026-08-14 19:30:00+00:00,96.725,96.86,96.725,96.86,10846.0,376.0,96.789776
HAS,2026-08-14 19:35:00+00:00,96.845,96.899,96.825,96.825,14420.0,510.0,96.849843
HAS,2026-08-14 19:40:00+00:00,96.83,96.89,96.825,96.89,13516.0,461.0,96.852002
HAS,2026-08-14 19:45:00+00:00,96.86,96.9,96.81,96.81,18212.0,555.0,96.852699
HAS,2026-08-14 19:50:00+00:00,96.77,96.77,96.52,96.65,37921.0,990.0,96.603238
HAS,2026-08-14 19:55:00+00:00,96.665,96.73,96.601,96.73,93786.0,2364.0,96.682307
HAS,2026-08-14 20:00:00+00:00,96.7,96.7,96.7,96.7,461344.0,84.0,96.7
HAS,2026-08-17 10:00:00+00:00,96.7,96.7,96.7,96.7,824.0,1.0,96.7
HAS,2026-08-17 13:30:00+00:00,96.11,96.7,96.0401,96.38,12153.0,194.0,96.245569
HAS,2026-08-17 13:35:00+00:00,96.05,96.66,95.89,96.575,6665.0,172.0,96.17667
HAS,2026-08-17 13:40:00+00:00,96.705,96.705,96.37,96.37,4496.0,109.0,96.486123
HAS,2026-08-17 13:45:00+00:00,96.37,96.51,96.19,96.305,24342.0,403.0,96.285693
HAS,2026-08-17 13:50:00+00:00,96.315,96.315,95.97,95.97,12493.0,150.0,96.16937
HAS,2026-08-17 13:55:00+00:00,95.89,96.12,95.89,95.99,5137.0,131.0,96.000523
HAS,2026-08-17 14:00:00+00:00,95.88,96.21,95.85,96.17,15295.0,360.0,96.044191
HAS,2026-08-17 14:05:00+00:00,96.2,96.485,96.2,96.38,10726.0,223.0,96.362864
HAS,2026-08-17 14:10:00+00:00,96.38,96.38,96.095,96.24,5880.0,181.0,96.247439
HAS,2026-08-17 14:15:00+00:00,96.235,96.3032,96.0904,96.3032,5274.0,181.0,96.209935
HAS,2026-08-17 14:20:00+00:00,96.295,96.35,96.19,96.24,4976.0,133.0,96.286668
HAS,2026-08-17 14:25:00+00:00,96.2,96.2,96.14,96.15,1481.0,68.0,96.155
HAS,2026-08-17 14:30:00+00:00,96.175,96.27,96.01,96.09,7470.0,228.0,96.178799
HAS,2026-08-17 14:35:00+00:00,96.035,96.035,95.711,95.711,8847.0,241.0,95.795104
HAS,2026-08-17 14:40:00+00:00,95.73,95.81,95.625,95.625,4453.0,175.0,95.672134
HAS,2026-08-17 14:45:00+00:00,95.63,95.735,95.4975,95.505,4234.0,174.0,95.60492
HAS,2026-08-17 14:50:00+00:00,95.6,95.625,95.53,95.625,6698.0,252.0,95.596027
HAS,2026-08-17 14:55:00+00:00,95.61,95.75,95.52,95.75,7893.0,275.0,95.592767
HAS,2026-08-17 15:00:00+00:00,95.7,95.75,95.65,95.67,3617.0,186.0,95.692677
HAS,2026-08-17 15:05:00+00:00,95.555,95.555,95.43,95.505,3731.0,156.0,95.486134
HAS,2026-08-17 15:10:00+00:00,95.53,95.55,95.42,95.42,4675.0,154.0,95.4625
HAS,2026-08-17 15:15:00+00:00,95.425,95.46,95.36,95.36,4399.0,164.0,95.422866
HAS,2026-08-17 15:20:00+00:00,95.37,95.37,95.245,95.34,8240.0,181.0,95.320272
HAS,2026-08-17 15:25:00+00:00,95.31,95.41,95.31,95.41,3371.0,167.0,95.357013
HAS,2026-08-17 15:30:00+00:00,95.35,95.35,95.18,95.2,5069.0,233.0,95.271573
HAS,2026-08-17 15:35:00+00:00,95.2,95.205,95.2,95.205,958.0,51.0,95.2025
HAS,2026-08-17 15:40:00+00:00,95.16,95.16,95.06,95.12,2555.0,118.0,95.124615
HAS,2026-08-17 15:45:00+00:00,95.12,95.12,95.08,95.11,1743.0,93.0,95.103648
HAS,2026-08-17 15:50:00+00:00,95.12,95.12,95.01,95.04,4255.0,205.0,95.054454
HAS,2026-08-17 15:55:00+00:00,95.04,95.12,95.04,95.11,3859.0,168.0,95.078258
HAS,2026-08-17 16:00:00+00:00,95.15,95.29,95.15,95.29,6034.0,286.0,95.237455
HAS,2026-08-17 16:05:00+00:00,95.25,95.25,95.215,95.22,2327.0,136.0,95.235714
HAS,2026-08-17 16:10:00+00:00,95.23,95.29,95.23,95.275,5425.0,248.0,95.26096
HAS,2026-08-17 16:15:00+00:00,95.29,95.4,95.29,95.34,12071.0,377.0,95.343492
HAS,2026-08-17 16:20:00+00:00,95.29,95.36,95.17,95.17,5638.0,209.0,95.285784
HAS,2026-08-17 16:25:00+00:00,95.225,95.26,95.17,95.225,4284.0,171.0,95.197607
HAS,2026-08-17 16:30:00+00:00,95.235,95.29,95.185,95.29,7967.0,200.0,95.218488
HAS,2026-08-17 16:35:00+00:00,95.315,95.36,95.31,95.35,2043.0,94.0,95.323129
HAS,2026-08-17 16:40:00+00:00,95.28,95.28,95.21,95.225,3218.0,151.0,95.248753
HAS,2026-08-17 16:45:00+00:00,95.17,95.235,95.12,95.19,4992.0,207.0,95.190086
HAS,2026-08-17 16:50:00+00:00,95.16,95.17,95.03,95.03,7593.0,327.0,95.109714
HAS,2026-08-17 16:55:00+00:00,95.09,95.115,95.055,95.07,8132.0,279.0,95.084292
HAS,2026-08-17 17:00:00+00:00,95.11,95.15,95.11,95.145,5913.0,174.0,95.129894
HAS,2026-08-17 17:05:00+00:00,95.175,95.33,95.15,95.28,9432.0,361.0,95.268722
HAS,2026-08-17 17:10:00+00:00,95.31,95.355,95.27,95.355,2791.0,114.0,95.304477
HAS,2026-08-17 17:15:00+00:00,95.31,95.31,95.3,95.3,1555.0,72.0,95.305
HAS,2026-08-17 17:20:00+00:00,95.32,95.32,95.21,95.21,3232.0,172.0,95.263772
HAS,2026-08-17 17:25:00+00:00,95.2,95.24,95.12,95.24,3604.0,185.0,95.181962
HAS,2026-08-17 17:30:00+00:00,95.24,95.285,95.18,95.18,5515.0,259.0,95.252951
HAS,2026-08-17 17:35:00+00:00,95.2052,95.2052,95.07,95.075,3314.0,163.0,95.144262
HAS,2026-08-17 17:40:00+00:00,95.11,95.16,95.11,95.12,2286.0,118.0,95.137
HAS,2026-08-17 17:45:00+00:00,95.1,95.1,94.98,95.02,4904.0,200.0,95.030994
HAS,2026-08-17 17:50:00+00:00,95.015,95.015,94.86,94.86,15419.0,300.0,94.953137
HAS,2026-08-17 17:55:00+00:00,94.895,94.93,94.83,94.84,5144.0,192.0,94.874819
HAS,2026-08-17 18:00:00+00:00,94.855,94.89,94.8098,94.89,6455.0,299.0,94.848714
HAS,2026-08-17 18:05:00+00:00,94.93,94.985,94.91,94.95,9269.0,381.0,94.933528
HAS,2026-08-17 18:10:00+00:00,94.965,95.0,94.91,94.98,6615.0,334.0,94.961252
HAS,2026-08-17 18:15:00+00:00,94.98,95.005,94.945,94.965,11868.0,360.0,94.989563
HAS,2026-08-17 18:20:00+00:00,94.965,95.11,94.965,95.0395,10630.0,408.0,95.058939
HAS,2026-08-17 18:25:00+00:00,95.01,95.025,94.93,94.93,4629.0,213.0,94.989651
HAS,2026-08-17 18:30:00+00:00,94.98,95.04,94.89,94.92,14278.0,466.0,94.955463
HAS,2026-08-17 18:35:00+00:00,94.96,95.05,94.93,94.97,6026.0,222.0,95.018781
HAS,2026-08-17 18:40:00+00:00,94.94,95.02,94.93,94.99,6780.0,263.0,94.975503
HAS,2026-08-17 18:45:00+00:00,94.99,95.14,94.99,95.1,17903.0,537.0,95.086673
HAS,2026-08-17 18:50:00+00:00,95.1,95.19,95.1,95.19,5088.0,246.0,95.155954
HAS,2026-08-17 18:55:00+00:00,95.2,95.26,95.18,95.26,10555.0,331.0,95.226388
HAS,2026-08-17 19:00:00+00:00,95.3,95.33,95.2,95.21,7361.0,264.0,95.27474
HAS,2026-08-17 19:05:00+00:00,95.2,95.285,95.145,95.235,7423.0,326.0,95.223864
HAS,2026-08-17 19:10:00+00:00,95.23,95.29,95.11,95.265,19373.0,563.0,95.219545
HAS,2026-08-17 19:15:00+00:00,95.3,95.36,95.261,95.27,8578.0,297.0,95.322287
HAS,2026-08-17 19:20:00+00:00,95.28,95.39,95.28,95.39,8109.0,304.0,95.35386
HAS,2026-08-17 19:25:00+00:00,95.36,95.4,95.255,95.295,15963.0,503.0,95.30654
HAS,2026-08-17 19:30:00+00:00,95.29,95.38,95.29,95.33,12354.0,403.0,95.338214
HAS,2026-08-17 19:35:00+00:00,95.335,95.335,95.19,95.19,11880.0,409.0,95.267196
HAS,2026-08-17 19:40:00+00:00,95.23,95.245,95.05,95.11,28103.0,682.0,95.14348
HAS,2026-08-17 19:45:00+00:00,95.105,95.22,95.105,95.2,15184.0,512.0,95.180848
HAS,2026-08-17 19:50:00+00:00,95.17,95.17,94.9,95.04,47150.0,1107.0,94.961993
HAS,2026-08-17 19:55:00+00:00,95.05,95.08,94.99,95.06,145103.0,2764.0,95.044417
HAS,2026-08-17 20:00:00+00:00,95.05,95.05,95.05,95.05,391836.0,61.0,95.05
HAS,2026-08-17 20:20:00+00:00,95.05,95.05,95.05,95.05,759.0,1.0,95.05
HAS,2026-08-18 13:00:00+00:00,95.3,95.3,95.3,95.3,103.0,2.0,95.3
HAS,2026-08-18 13:30:00+00:00,95.83,96.025,95.535,95.54,11852.0,199.0,95.806677
HAS,2026-08-18 13:35:00+00:00,95.46,95.46,95.0,95.295,3783.0,176.0,95.162502
HAS,2026-08-18 13:40:00+00:00,95.29,95.5,95.26,95.5,2624.0,105.0,95.375684
HAS,2026-08-18 13:45:00+00:00,95.7,95.7,95.42,95.42,3250.0,140.0,95.532412
HAS,2026-08-18 13:50:00+00:00,95.36,95.52,95.35,95.43,8852.0,178.0,95.38823
HAS,2026-08-18 13:55:00+00:00,95.4082,95.645,95.37,95.475,6630.0,196.0,95.459947
HAS,2026-08-18 14:00:00+00:00,95.47,95.47,95.32,95.38,4490.0,183.0,95.400475
HAS,2026-08-18 14:05:00+00:00,95.57,95.7625,95.535,95.65,7596.0,266.0,95.660841
HAS,2026-08-18 14:10:00+00:00,95.705,95.72,95.44,95.46,8496.0,230.0,95.595562
HAS,2026-08-18 14:15:00+00:00,95.44,95.72,95.25,95.5501,10180.0,306.0,95.389446
HAS,2026-08-18 14:20:00+00:00,95.69,95.73,95.62,95.73,2908.0,120.0,95.682136
HAS,2026-08-18 14:25:00+00:00,95.77,95.81,95.6,95.6,7909.0,267.0,95.752999
HAS,2026-08-18 14:30:00+00:00,95.59,95.775,95.58,95.74,5307.0,222.0,95.682532
HAS,2026-08-18 14:35:00+00:00,95.7625,95.7625,95.63,95.655,3586.0,181.0,95.681376
HAS,2026-08-18 14:40:00+00:00,95.71,95.89,95.7,95.865,7632.0,261.0,95.757313
HAS,2026-08-18 14:45:00+00:00,95.845,95.93,95.75,95.93,3822.0,248.0,95.873505
HAS,2026-08-18 14:50:00+00:00,95.91,96.075,95.89,95.97,8174.0,372.0,95.986899
HAS,2026-08-18 14:55:00+00:00,96.02,96.03,95.92,95.98,2775.0,193.0,95.981404
HAS,2026-08-18 15:00:00+00:00,95.98,95.98,95.67,95.94,6853.0,318.0,95.850489
HAS,2026-08-18 15:05:00+00:00,95.96,96.01,95.915,95.915,3667.0,225.0,95.983183
HAS,2026-08-18 15:10:00+00:00,95.89,95.89,95.72,95.73,3874.0,218.0,95.814208
HAS,2026-08-18 15:15:00+00:00,95.745,95.78,95.64,95.68,5248.0,219.0,95.747591
HAS,2026-08-18 15:20:00+00:00,95.71,95.72,95.465,95.465,5386.0,241.0,95.64841
HAS,2026-08-18 15:25:00+00:00,95.45,95.54,95.39,95.54,4598.0,176.0,95.471325
HAS,2026-08-18 15:30:00+00:00,95.54,95.61,95.5001,95.57,15067.0,315.0,95.555446
HAS,2026-08-18 15:35:00+00:00,95.54,95.77,95.54,95.755,8769.0,298.0,95.644438
HAS,2026-08-18 15:40:00+00:00,95.76,95.82,95.62,95.62,9796.0,286.0,95.772485
HAS,2026-08-18 15:45:00+00:00,95.62,95.755,95.615,95.67,4005.0,205.0,95.665156
HAS,2026-08-18 15:50:00+00:00,95.76,95.76,95.68,95.7,3318.0,242.0,95.718328
HAS,2026-08-18 15:55:00+00:00,95.61,95.68,95.59,95.68,7034.0,271.0,95.636393
HAS,2026-08-18 16:00:00+00:00,95.67,96.01,95.67,95.98,11939.0,327.0,95.786979
HAS,2026-08-18 16:05:00+00:00,95.95,95.975,95.845,95.845,3698.0,166.0,95.937105
HAS,2026-08-18 16:10:00+00:00,95.78,95.84,95.77,95.84,2239.0,75.0,95.801834
HAS,2026-08-18 16:15:00+00:00,95.78,95.83,95.75,95.79,5671.0,203.0,95.793056
HAS,2026-08-18 16:20:00+00:00,95.8399,95.85,95.8,95.85,3285.0,128.0,95.826681
HAS,2026-08-18 16:25:00+00:00,95.835,95.835,95.77,95.785,2423.0,113.0,95.824644
HAS,2026-08-18 16:30:00+00:00,95.785,95.83,95.72,95.72,4684.0,236.0,95.768341
HAS,2026-08-18 16:35:00+00:00,95.725,95.76,95.725,95.725,2596.0,105.0,95.743587
HAS,2026-08-18 16:40:00+00:00,95.715,95.75,95.69,95.73,4608.0,148.0,95.726674
HAS,2026-08-18 16:45:00+00:00,95.72,95.73,95.705,95.73,2840.0,128.0,95.712662
HAS,2026-08-18 16:50:00+00:00,95.7,95.7,95.64,95.7,8216.0,282.0,95.677775
HAS,2026-08-18 16:55:00+00:00,95.71,95.715,95.65,95.65,1994.0,129.0,95.678125
HAS,2026-08-18 17:00:00+00:00,95.64,95.69,95.58,95.585,7799.0,256.0,95.619192
HAS,2026-08-18 17:05:00+00:00,95.6,95.64,95.6,95.63,1354.0,81.0,95.627223
HAS,2026-08-18 17:10:00+00:00,95.625,95.625,95.57,95.59,2308.0,84.0,95.601778
HAS,2026-08-18 17:15:00+00:00,95.56,95.615,95.56,95.6,8123.0,245.0,95.589512
HAS,2026-08-18 17:20:00+00:00,95.6,95.6,95.55,95.57,4412.0,155.0,95.581498
HAS,2026-08-18 17:25:00+00:00,95.56,95.56,95.44,95.51,6595.0,279.0,95.510251
HAS,2026-08-18 17:30:00+00:00,95.5117,95.5117,95.45,95.475,2396.0,141.0,95.469946
HAS,2026-08-18 17:35:00+00:00,95.475,95.53,95.44,95.5,8786.0,289.0,95.488038
HAS,2026-08-18 17:40:00+00:00,95.5,95.5,95.43,95.46,16019.0,342.0,95.462924
HAS,2026-08-18 17:45:00+00:00,95.42,95.52,95.39,95.52,7492.0,258.0,95.43077
HAS,2026-08-18 17:50:00+00:00,95.505,95.6,95.49,95.6,6074.0,228.0,95.53592
HAS,2026-08-18 17:55:00+00:00,95.64,95.68,95.62,95.68,5068.0,249.0,95.647989
HAS,2026-08-18 18:00:00+00:00,95.695,95.695,95.55,95.56,6538.0,242.0,95.618804
HAS,2026-08-18 18:05:00+00:00,95.53,95.53,95.45,95.45,7246.0,292.0,95.498071
HAS,2026-08-18 18:10:00+00:00,95.47,95.54,95.46,95.54,7716.0,311.0,95.500992
HAS,2026-08-18 18:15:00+00:00,95.52,95.52,95.38,95.38,9820.0,301.0,95.45363
HAS,2026-08-18 18:20:00+00:00,95.3801,95.415,95.38,95.415,4058.0,181.0,95.401743
HAS,2026-08-18 18:25:00+00:00,95.415,95.5,95.405,95.495,6645.0,306.0,95.447188
HAS,2026-08-18 18:30:00+00:00,95.49,95.59,95.46,95.59,8996.0,298.0,95.499448
HAS,2026-08-18 18:35:00+00:00,95.58,95.58,95.5,95.5,6793.0,240.0,95.545801
HAS,2026-08-18 18:40:00+00:00,95.47,95.49,95.43,95.49,3065.0,177.0,95.475263
HAS,2026-08-18 18:45:00+00:00,95.49,95.49,95.39,95.43,8619.0,305.0,95.44681
HAS,2026-08-18 18:50:00+00:00,95.42,95.46,95.41,95.42,7119.0,231.0,95.433182
HAS,2026-08-18 18:55:00+00:00,95.46,95.46,95.3723,95.425,8660.0,276.0,95.418318
HAS,2026-08-18 19:00:00+00:00,95.425,95.425,95.27,95.33,7343.0,263.0,95.333187
HAS,2026-08-18 19:05:00+00:00,95.315,95.315,95.12,95.13,14340.0,431.0,95.228702
HAS,2026-08-18 19:10:00+00:00,95.17,95.27,95.02,95.045,11244.0,387.0,95.173797
HAS,2026-08-18 19:15:00+00:00,95.045,95.115,94.99,95.115,18333.0,448.0,95.063081
HAS,2026-08-18 19:20:00+00:00,95.13,95.17,95.01,95.015,11186.0,392.0,95.108355
HAS,2026-08-18 19:25:00+00:00,95.015,95.07,94.915,94.915,9793.0,390.0,95.032617
HAS,2026-08-18 19:30:00+00:00,94.91,94.96,94.84,94.86,17258.0,561.0,94.911862
HAS,2026-08-18 19:35:00+00:00,94.855,94.86,94.705,94.77,17797.0,584.0,94.796047
HAS,2026-08-18 19:40:00+00:00,94.755,94.795,94.68,94.7,20646.0,595.0,94.741284
HAS,2026-08-18 19:45:00+00:00,94.705,94.71,94.55,94.57,15060.0,439.0,94.644108
HAS,2026-08-18 19:50:00+00:00,94.54,94.57,94.27,94.3499,53826.0,1331.0,94.38647
HAS,2026-08-18 19:55:00+00:00,94.31,94.31,93.9022,94.01,136449.0,3408.0,94.011303
HAS,2026-08-18 20:00:00+00:00,93.99,93.99,93.99,93.99,620565.0,59.0,93.99
HAS,2026-08-18 21:25:00+00:00,94.33,94.33,94.33,94.33,135.0,3.0,94.33
HAS,2026-08-18 21:30:00+00:00,94.3,94.3,94.3,94.3,500.0,3.0,94.3
HAS,2026-08-19 11:00:00+00:00,93.5,93.5,93.5,93.5,3500.0,3.0,93.5
HAS,2026-08-19 13:15:00+00:00,94.2,94.2,94.2,94.2,100.0,1.0,94.2
HAS,2026-08-19 13:30:00+00:00,93.68,94.815,93.68,94.81,93007.0,386.0,94.346947
HAS,2026-08-19 13:35:00+00:00,94.7,94.78,94.35,94.77,7791.0,176.0,94.482635
HAS,2026-08-19 13:40:00+00:00,94.89,94.95,94.445,94.7,11901.0,228.0,94.734352
HAS,2026-08-19 13:45:00+00:00,94.61,94.82,94.5,94.58,10565.0,298.0,94.606002
HAS,2026-08-19 13:50:00+00:00,94.58,94.765,94.54,94.7,8193.0,195.0,94.651567
HAS,2026-08-19 13:55:00+00:00,94.715,94.715,94.47,94.47,3642.0,109.0,94.573203
HAS,2026-08-19 14:00:00+00:00,94.54,94.84,94.36,94.37,22200.0,377.0,94.630799
HAS,2026-08-19 14:05:00+00:00,94.32,94.465,94.31,94.465,4764.0,192.0,94.373179
HAS,2026-08-19 14:10:00+00:00,94.39,94.45,94.1,94.1,13563.0,351.0,94.338988
HAS,2026-08-19 14:15:00+00:00,93.95,94.1599,93.95,94.14,10957.0,304.0,94.069215
HAS,2026-08-19 14:20:00+00:00,94.28,94.5,94.28,94.5,3746.0,150.0,94.395
HAS,2026-08-19 14:25:00+00:00,94.495,94.495,94.36,94.46,4997.0,167.0,94.434285
HAS,2026-08-19 14:30:00+00:00,94.43,94.465,94.3412,94.43,6808.0,210.0,94.422992
HAS,2026-08-19 14:35:00+00:00,94.35,94.37,94.11,94.25,9781.0,400.0,94.272387
HAS,2026-08-19 14:40:00+00:00,94.2966,94.305,94.17,94.23,7762.0,246.0,94.240042
HAS,2026-08-19 14:45:00+00:00,94.28,94.56,94.235,94.56,7955.0,283.0,94.358502
HAS,2026-08-19 14:50:00+00:00,94.51,94.635,94.505,94.61,7227.0,254.0,94.581422
HAS,2026-08-19 14:55:00+00:00,94.58,94.58,94.4301,94.4867,5538.0,224.0,94.481696
HAS,2026-08-19 15:00:00+00:00,94.48,94.61,94.47,94.49,5576.0,252.0,94.52553
HAS,2026-08-19 15:05:00+00:00,94.46,94.46,94.31,94.36,4486.0,260.0,94.384625
HAS,2026-08-19 15:10:00+00:00,94.36,94.4699,94.35,94.36,4874.0,188.0,94.380833
HAS,2026-08-19 15:15:00+00:00,94.36,94.46,94.31,94.44,5677.0,194.0,94.385655
HAS,2026-08-19 15:20:00+00:00,94.39,94.39,94.2805,94.31,7122.0,217.0,94.324767
HAS,2026-08-19 15:25:00+00:00,94.3718,94.38,94.11,94.18,8688.0,252.0,94.252153
HAS,2026-08-19 15:30:00+00:00,94.222,94.25,94.17,94.17,7953.0,250.0,94.22343
HAS,2026-08-19 15:35:00+00:00,94.14,94.26,94.08,94.09,10213.0,253.0,94.185906
HAS,2026-08-19 15:40:00+00:00,94.08,94.085,93.98,93.99,8615.0,236.0,94.013245
HAS,2026-08-19 15:45:00+00:00,94.05,94.11,94.0,94.105,7445.0,220.0,94.062604
HAS,2026-08-19 15:50:00+00:00,94.095,94.37,94.095,94.28,5578.0,265.0,94.259307
HAS,2026-08-19 15:55:00+00:00,94.25,94.25,94.08,94.145,5222.0,222.0,94.14859
HAS,2026-08-19 16:00:00+00:00,94.23,94.23,93.945,94.01,12733.0,360.0,94.136884
HAS,2026-08-19 16:05:00+00:00,94.01,94.01,93.735,93.735,10854.0,186.0,93.867392
HAS,2026-08-19 16:10:00+00:00,93.74,93.74,93.65,93.72,4288.0,168.0,93.688156
HAS,2026-08-19 16:15:00+00:00,93.78,93.79,93.73,93.73,3019.0,120.0,93.777687
HAS,2026-08-19 16:20:00+00:00,93.71,93.76,93.71,93.76,2594.0,130.0,93.736818
HAS,2026-08-19 16:25:00+00:00,93.71,93.78,93.7,93.7,6971.0,236.0,93.72671
HAS,2026-08-19 16:30:00+00:00,93.7,93.77,93.66,93.77,6627.0,177.0,93.715033
HAS,2026-08-19 16:35:00+00:00,93.85,93.855,93.73,93.775,4779.0,209.0,93.826875
HAS,2026-08-19 16:40:00+00:00,93.72,93.72,93.65,93.695,3053.0,166.0,93.686237
HAS,2026-08-19 16:45:00+00:00,93.695,93.81,93.695,93.745,4262.0,130.0,93.771812
HAS,2026-08-19 16:50:00+00:00,93.71,93.71,93.64,93.675,3204.0,155.0,93.681423
HAS,2026-08-19 16:55:00+00:00,93.7,93.7,93.6,93.6,4725.0,216.0,93.65124
HAS,2026-08-19 17:00:00+00:00,93.66,93.72,93.64,93.72,2039.0,129.0,93.671017
HAS,2026-08-19 17:05:00+00:00,93.66,93.66,93.59,93.59,3616.0,173.0,93.627797
HAS,2026-08-19 17:10:00+00:00,93.56,93.56,93.52,93.545,4344.0,145.0,93.546434
HAS,2026-08-19 17:15:00+00:00,93.59,93.65,93.59,93.63,4075.0,172.0,93.626946
HAS,2026-08-19 17:20:00+00:00,93.635,93.83,93.635,93.83,9054.0,196.0,93.690682
HAS,2026-08-19 17:25:00+00:00,93.88,93.97,93.79,93.79,5491.0,239.0,93.901352
HAS,2026-08-19 17:30:00+00:00,93.78,93.815,93.74,93.79,4483.0,201.0,93.785283
HAS,2026-08-19 17:35:00+00:00,93.87,93.87,93.62,93.69,4439.0,182.0,93.722174
HAS,2026-08-19 17:40:00+00:00,93.64,93.72,93.59,93.7,5552.0,237.0,93.682833
HAS,2026-08-19 17:45:00+00:00,93.66,93.685,93.66,93.665,3297.0,177.0,93.672813
HAS,2026-08-19 17:50:00+00:00,93.62,93.675,93.605,93.64,4329.0,200.0,93.630864
HAS,2026-08-19 17:55:00+00:00,93.6017,93.68,93.57,93.6,4356.0,184.0,93.615041
HAS,2026-08-19 18:00:00+00:00,93.62,93.76,93.62,93.72,4042.0,147.0,93.699551
HAS,2026-08-19 18:05:00+00:00,93.755,93.79,93.755,93.785,5572.0,199.0,93.779819
HAS,2026-08-19 18:10:00+00:00,93.785,93.79,93.69,93.69,9473.0,241.0,93.742512
HAS,2026-08-19 18:15:00+00:00,93.75,93.75,93.69,93.7,4332.0,166.0,93.723287
HAS,2026-08-19 18:20:00+00:00,93.725,93.8076,93.72,93.72,4984.0,175.0,93.741457
HAS,2026-08-19 18:25:00+00:00,93.76,94.0,93.76,93.99,6337.0,269.0,93.831104
HAS,2026-08-19 18:30:00+00:00,93.97,94.0,93.92,93.98,5630.0,229.0,93.948933
HAS,2026-08-19 18:35:00+00:00,93.985,94.005,93.92,94.005,4350.0,219.0,93.959818
HAS,2026-08-19 18:40:00+00:00,94.0128,94.03,93.96,93.98,5509.0,216.0,93.995373
HAS,2026-08-19 18:45:00+00:00,93.97,93.97,93.865,93.865,5001.0,227.0,93.927637
HAS,2026-08-19 18:50:00+00:00,93.86,93.86,93.71,93.74,4125.0,167.0,93.759704
HAS,2026-08-19 18:55:00+00:00,93.74,93.795,93.71,93.73,6093.0,284.0,93.746257
HAS,2026-08-19 19:00:00+00:00,93.67,93.75,93.63,93.64,4576.0,224.0,93.686683
HAS,2026-08-19 19:05:00+00:00,93.62,93.665,93.55,93.62,5713.0,239.0,93.606832
HAS,2026-08-19 19:10:00+00:00,93.58,93.63,93.545,93.59,8108.0,312.0,93.577846
HAS,2026-08-19 19:15:00+00:00,93.62,93.72,93.61,93.69,6808.0,285.0,93.669617
HAS,2026-08-19 19:20:00+00:00,93.68,93.82,93.68,93.72,9545.0,271.0,93.740855
HAS,2026-08-19 19:25:00+00:00,93.69,93.69,93.59,93.64,9048.0,355.0,93.6351
HAS,2026-08-19 19:30:00+00:00,93.64,93.74,93.59,93.725,14562.0,434.0,93.680605
HAS,2026-08-19 19:35:00+00:00,93.7,93.72,93.69,93.7,10943.0,355.0,93.705769
HAS,2026-08-19 19:40:00+00:00,93.73,93.74,93.42,93.42,20599.0,652.0,93.590796
HAS,2026-08-19 19:45:00+00:00,93.42,93.45,93.23,93.36,18861.0,553.0,93.348393
HAS,2026-08-19 19:50:00+00:00,93.335,93.395,93.18,93.215,36737.0,949.0,93.289925
HAS,2026-08-19 19:55:00+00:00,93.13,93.42,93.03,93.36,163194.0,3139.0,93.269615
HAS,2026-08-19 20:00:00+00:00,93.33,93.33,93.33,93.33,282636.0,51.0,93.33
HAS,2026-08-19 20:35:00+00:00,93.33,93.33,93.33,93.33,495.0,1.0,93.33
HAS,2026-08-20 12:15:00+00:00,92.45,92.45,92.45,92.45,100.0,1.0,92.45
HAS,2026-08-20 13:25:00+00:00,92.14,92.14,92.14,92.14,314.0,13.0,92.14
HAS,2026-08-20 13:30:00+00:00,92.31,92.765,92.01,92.465,19772.0,166.0,92.278974
HAS,2026-08-20 13:35:00+00:00,92.71,92.89,92.47,92.72,2484.0,174.0,92.70887
HAS,2026-08-20 13:40:00+00:00,92.54,92.54,92.03,92.31,6642.0,139.0,92.268182
HAS,2026-08-20 13:45:00+00:00,92.41,93.0379,92.4,93.03,8589.0,185.0,92.808571
HAS,2026-08-20 13:50:00+00:00,93.03,93.275,93.03,93.1023,2893.0,105.0,93.161828
HAS,2026-08-20 13:55:00+00:00,93.31,93.32,93.1,93.14,3490.0,100.0,93.21575
HAS,2026-08-20 14:00:00+00:00,93.24,93.499,93.18,93.3,16342.0,352.0,93.26614
HAS,2026-08-20 14:05:00+00:00,93.32,93.325,92.95,93.265,29887.0,516.0,93.225595
HAS,2026-08-20 14:10:00+00:00,93.15,93.15,92.98,92.98,2789.0,98.0,93.102348
HAS,2026-08-20 14:15:00+00:00,93.14,93.41,93.14,93.41,7271.0,265.0,93.237393
HAS,2026-08-20 14:20:00+00:00,93.45,93.45,93.32,93.365,4103.0,172.0,93.39457
HAS,2026-08-20 14:25:00+00:00,93.325,93.61,93.325,93.53,11853.0,297.0,93.450079
HAS,2026-08-20 14:30:00+00:00,93.4903,93.57,93.38,93.38,6536.0,351.0,93.472509
HAS,2026-08-20 14:35:00+00:00,93.48,93.585,93.46,93.47,6699.0,270.0,93.522521
HAS,2026-08-20 14:40:00+00:00,93.4801,93.57,93.41,93.52,4034.0,229.0,93.511524
HAS,2026-08-20 14:45:00+00:00,93.46,93.7,93.46,93.55,6137.0,260.0,93.624879
HAS,2026-08-20 14:50:00+00:00,93.57,93.62,93.44,93.565,11406.0,307.0,93.492242
HAS,2026-08-20 14:55:00+00:00,93.62,93.68,93.59,93.66,9060.0,198.0,93.640275
HAS,2026-08-20 15:00:00+00:00,93.695,93.995,93.695,93.995,3887.0,199.0,93.818571
HAS,2026-08-20 15:05:00+00:00,93.95,94.14,93.9301,93.9301,7190.0,313.0,94.036787
HAS,2026-08-20 15:10:00+00:00,94.02,94.14,94.02,94.12,3342.0,194.0,94.06638
HAS,2026-08-20 15:15:00+00:00,94.15,94.37,94.15,94.335,9153.0,362.0,94.31602
HAS,2026-08-20 15:20:00+00:00,94.32,94.38,94.015,94.0731,42093.0,819.0,94.177684
HAS,2026-08-20 15:25:00+00:00,94.065,94.17,94.065,94.13,5847.0,313.0,94.123876
HAS,2026-08-20 15:30:00+00:00,94.105,94.105,93.85,93.85,27020.0,390.0,93.970213
HAS,2026-08-20 15:35:00+00:00,93.8,93.83,93.8,93.8,3623.0,196.0,93.805
HAS,2026-08-20 15:40:00+00:00,93.84,93.84,93.78,93.83,2822.0,128.0,93.80662
HAS,2026-08-20 15:45:00+00:00,93.78,93.7999,93.78,93.7999,969.0,91.0,93.789967
HAS,2026-08-20 15:50:00+00:00,93.79,93.79,93.61,93.66,7497.0,257.0,93.726724
HAS,2026-08-20 15:55:00+00:00,93.71,93.71,93.65,93.66,1929.0,138.0,93.665
HAS,2026-08-20 16:00:00+00:00,93.7,93.7,93.6,93.68,5281.0,263.0,93.652231
HAS,2026-08-20 16:05:00+00:00,93.71,93.8,93.71,93.8,4246.0,202.0,93.76637
HAS,2026-08-20 16:10:00+00:00,93.8211,94.005,93.8211,94.005,3730.0,191.0,93.890961
HAS,2026-08-20 16:15:00+00:00,93.96,94.09,93.96,94.09,2789.0,132.0,94.024091
HAS,2026-08-20 16:20:00+00:00,94.1,94.105,93.92,93.92,5778.0,265.0,94.050806
HAS,2026-08-20 16:25:00+00:00,93.905,93.905,93.82,93.835,2835.0,179.0,93.861719
HAS,2026-08-20 16:30:00+00:00,93.82,93.86,93.78,93.78,4273.0,257.0,93.823692
HAS,2026-08-20 16:35:00+00:00,93.75,93.75,93.67,93.67,6204.0,151.0,93.728533
HAS,2026-08-20 16:40:00+00:00,93.7,93.7,93.49,93.55,5417.0,292.0,93.594937
HAS,2026-08-20 16:45:00+00:00,93.62,93.64,93.58,93.59,2237.0,189.0,93.611428
HAS,2026-08-20 16:50:00+00:00,93.63,93.92,93.63,93.9,7355.0,346.0,93.802376
HAS,2026-08-20 16:55:00+00:00,93.92,93.95,93.86,93.95,3362.0,231.0,93.907345
HAS,2026-08-20 17:00:00+00:00,93.895,93.9,93.84,93.9,3434.0,248.0,93.875886
HAS,2026-08-20 17:05:00+00:00,93.9,93.9,93.76,93.76,4127.0,220.0,93.857799
HAS,2026-08-20 17:10:00+00:00,93.77,93.82,93.77,93.82,4228.0,229.0,93.79836
HAS,2026-08-20 17:15:00+00:00,93.85,93.96,93.81,93.81,5995.0,323.0,93.896649
HAS,2026-08-20 17:20:00+00:00,93.9,93.94,93.855,93.9,3794.0,268.0,93.910548
HAS,2026-08-20 17:25:00+00:00,93.88,93.95,93.88,93.88,4667.0,310.0,93.913044
HAS,2026-08-20 17:30:00+00:00,93.84,93.84,93.7772,93.84,4105.0,265.0,93.808389
HAS,2026-08-20 17:35:00+00:00,93.84,93.84,93.74,93.82,8519.0,339.0,93.791201
HAS,2026-08-20 17:40:00+00:00,93.815,93.815,93.74,93.74,2731.0,210.0,93.785213
HAS,2026-08-20 17:45:00+00:00,93.76,93.78,93.74,93.78,4334.0,194.0,93.763387
HAS,2026-08-20 17:50:00+00:00,93.79,93.82,93.74,93.746,4823.0,271.0,93.78359
HAS,2026-08-20 17:55:00+00:00,93.79,93.82,93.7,93.79,6137.0,329.0,93.762399
HAS,2026-08-20 18:00:00+00:00,93.76,93.79,93.71,93.75,5012.0,299.0,93.752738
HAS,2026-08-20 18:05:00+00:00,93.81,93.81,93.72,93.72,5523.0,279.0,93.761692
HAS,2026-08-20 18:10:00+00:00,93.79,93.865,93.715,93.75,6084.0,428.0,93.78125
HAS,2026-08-20 18:15:00+00:00,93.715,93.83,93.715,93.76,7569.0,376.0,93.764055
HAS,2026-08-20 18:20:00+00:00,93.795,93.835,93.78,93.8,4729.0,254.0,93.809091
HAS,2026-08-20 18:25:00+00:00,93.8,93.84,93.7603,93.83,2327.0,172.0,93.797684
HAS,2026-08-20 18:30:00+00:00,93.8,93.84,93.73,93.775,11087.0,433.0,93.785743
HAS,2026-08-20 18:35:00+00:00,93.775,93.78,93.65,93.65,7224.0,407.0,93.724301
HAS,2026-08-20 18:40:00+00:00,93.68,93.74,93.68,93.71,3698.0,271.0,93.73073
HAS,2026-08-20 18:45:00+00:00,93.74,93.88,93.74,93.82,7258.0,400.0,93.823656
HAS,2026-08-20 18:50:00+00:00,93.8499,93.8499,93.75,93.83,13082.0,478.0,93.791608
HAS,2026-08-20 18:55:00+00:00,93.8,93.845,93.79,93.81,4670.0,257.0,93.823667
HAS,2026-08-20 19:00:00+00:00,93.785,93.815,93.645,93.815,8491.0,357.0,93.734729
HAS,2026-08-20 19:05:00+00:00,93.815,93.82,93.74,93.8,7436.0,304.0,93.787885
HAS,2026-08-20 19:10:00+00:00,93.79,93.895,93.75,93.895,6344.0,325.0,93.794508
HAS,2026-08-20 19:15:00+00:00,93.89,94.0,93.84,93.85,21216.0,459.0,93.954256
HAS,2026-08-20 19:20:00+00:00,93.85,94.07,93.85,94.05,7575.0,377.0,93.963939
HAS,2026-08-20 19:25:00+00:00,94.08,94.08,93.94,94.04,12445.0,434.0,94.010303
HAS,2026-08-20 19:30:00+00:00,94.06,94.13,93.95,94.02,22106.0,597.0,94.016419
HAS,2026-08-20 19:35:00+00:00,93.99,94.13,93.99,94.04,14456.0,549.0,94.061809
HAS,2026-08-20 19:40:00+00:00,94.02,94.07,93.88,93.91,13618.0,536.0,93.990154
HAS,2026-08-20 19:45:00+00:00,93.91,94.0,93.895,93.99,19698.0,583.0,93.945956
HAS,2026-08-20 19:50:00+00:00,93.97,94.0,93.73,93.83,31123.0,898.0,93.935029
HAS,2026-08-20 19:55:00+00:00,93.79,93.79,93.47,93.57,148272.0,3262.0,93.548077
HAS,2026-08-20 20:00:00+00:00,93.56,93.56,93.56,93.56,19854.0,57.0,93.56
HAS,2026-08-21 13:25:00+00:00,94.14,94.14,94.14,94.14,467.0,15.0,94.14
HAS,2026-08-21 13:30:00+00:00,94.14,94.38,93.58,94.1985,62197.0,194.0,94.147282
HAS,2026-08-21 13:35:00+00:00,94.275,94.415,94.215,94.215,5744.0,262.0,94.297603
HAS,2026-08-21 13:40:00+00:00,94.22,94.23,93.59,93.93,9699.0,115.0,93.925406
HAS,2026-08-21 13:45:00+00:00,93.89,93.89,93.55,93.68,8615.0,235.0,93.688324
HAS,2026-08-21 13:50:00+00:00,93.715,93.88,93.63,93.63,9784.0,340.0,93.762276
HAS,2026-08-21 13:55:00+00:00,93.68,93.86,93.64,93.77,5352.0,199.0,93.765539
HAS,2026-08-21 14:00:00+00:00,93.8,93.8,93.55,93.76,5447.0,161.0,93.689441
HAS,2026-08-21 14:05:00+00:00,93.76,93.82,93.59,93.59,11030.0,212.0,93.718491
HAS,2026-08-21 14:10:00+00:00,93.635,94.01,93.635,93.9,4413.0,177.0,93.801306
HAS,2026-08-21 14:15:00+00:00,93.9,94.02,93.74,93.98,5226.0,164.0,93.916525
HAS,2026-08-21 14:20:00+00:00,94.02,94.215,94.02,94.15,3251.0,122.0,94.141804
HAS,2026-08-21 14:25:00+00:00,94.16,94.1999,94.07,94.07,2551.0,107.0,94.123518
HAS,2026-08-21 14:30:00+00:00,94.15,94.23,94.125,94.125,4821.0,175.0,94.194507
HAS,2026-08-21 14:35:00+00:00,94.1,94.14,94.005,94.02,4250.0,202.0,94.071138
HAS,2026-08-21 14:40:00+00:00,93.98,94.0275,93.88,93.93,6204.0,261.0,93.950421
HAS,2026-08-21 14:45:00+00:00,93.93,93.97,93.795,93.96,6835.0,236.0,93.891383
HAS,2026-08-21 14:50:00+00:00,93.9675,94.07,93.885,93.94,17090.0,427.0,93.967089
HAS,2026-08-21 14:55:00+00:00,93.925,94.04,93.8801,94.02,10581.0,209.0,93.967908
HAS,2026-08-21 15:00:00+00:00,94.055,94.09,93.96,94.04,4099.0,206.0,94.040225
HAS,2026-08-21 15:05:00+00:00,94.08,94.13,93.95,93.975,9397.0,292.0,94.081482
HAS,2026-08-21 15:10:00+00:00,94.0,94.01,93.92,93.9427,3705.0,151.0,93.967274
HAS,2026-08-21 15:15:00+00:00,94.02,94.055,93.945,94.05,6929.0,199.0,93.996253
HAS,2026-08-21 15:20:00+00:00,93.99,93.99,93.905,93.905,1610.0,96.0,93.929677
HAS,2026-08-21 15:25:00+00:00,93.89,94.05,93.89,94.045,3936.0,155.0,93.995121
HAS,2026-08-21 15:30:00+00:00,94.04,94.07,93.98,94.07,6090.0,213.0,94.032497
HAS,2026-08-21 15:35:00+00:00,94.075,94.12,94.07,94.08,6903.0,173.0,94.095658
HAS,2026-08-21 15:40:00+00:00,94.11,94.23,94.05,94.05,5954.0,253.0,94.151321
HAS,2026-08-21 15:45:00+00:00,94.08,94.08,93.875,93.875,3474.0,181.0,93.968504
HAS,2026-08-21 15:50:00+00:00,93.865,94.02,93.83,94.02,4322.0,175.0,93.878462
HAS,2026-08-21 15:55:00+00:00,94.04,94.04,94.02,94.02,638.0,53.0,94.029756
HAS,2026-08-21 16:00:00+00:00,94.035,94.175,94.035,94.135,8436.0,229.0,94.106054
HAS,2026-08-21 16:05:00+00:00,94.135,94.35,94.05,94.325,10444.0,239.0,94.144743
HAS,2026-08-21 16:10:00+00:00,94.34,94.34,94.26,94.3,4810.0,187.0,94.288334
HAS,2026-08-21 16:15:00+00:00,94.27,94.27,94.12,94.21,9433.0,225.0,94.191578
HAS,2026-08-21 16:20:00+00:00,94.2,94.26,94.18,94.18,5154.0,155.0,94.232623
HAS,2026-08-21 16:25:00+00:00,94.16,94.22,94.15,94.22,3829.0,169.0,94.176561
HAS,2026-08-21 16:30:00+00:00,94.215,94.32,94.15,94.16,14023.0,386.0,94.23509
HAS,2026-08-21 16:35:00+00:00,94.14,94.195,94.13,94.195,6884.0,184.0,94.153069
HAS,2026-08-21 16:40:00+00:00,94.19,94.29,94.17,94.29,4821.0,155.0,94.190329
HAS,2026-08-21 16:45:00+00:00,94.26,94.34,94.26,94.34,3884.0,158.0,94.301169
HAS,2026-08-21 16:50:00+00:00,94.35,94.35,94.25,94.31,5222.0,190.0,94.289252
HAS,2026-08-21 16:55:00+00:00,94.33,94.445,94.33,94.445,6071.0,264.0,94.376727
HAS,2026-08-21 17:00:00+00:00,94.43,94.46,94.35,94.35,6562.0,206.0,94.422759
HAS,2026-08-21 17:05:00+00:00,94.37,94.37,94.295,94.34,5839.0,226.0,94.338543
HAS,2026-08-21 17:10:00+00:00,94.34,94.34,94.28,94.31,3525.0,176.0,94.299375
HAS,2026-08-21 17:15:00+00:00,94.33,94.33,94.19,94.19,13080.0,303.0,94.268853
HAS,2026-08-21 17:20:00+00:00,94.21,94.3,94.16,94.28,4557.0,174.0,94.222819
HAS,2026-08-21 17:25:00+00:00,94.3,94.34,94.28,94.32,5034.0,168.0,94.313721
HAS,2026-08-21 17:30:00+00:00,94.315,94.315,94.19,94.29,8020.0,259.0,94.244463
HAS,2026-08-21 17:35:00+00:00,94.32,94.38,94.3,94.33,3568.0,141.0,94.330399
HAS,2026-08-21 17:40:00+00:00,94.32,94.39,94.32,94.39,3046.0,118.0,94.342785
HAS,2026-08-21 17:45:00+00:00,94.346,94.415,94.3,94.3,5722.0,176.0,94.344855
HAS,2026-08-21 17:50:00+00:00,94.29,94.335,94.27,94.335,4283.0,192.0,94.294576
HAS,2026-08-21 17:55:00+00:00,94.33,94.35,94.3,94.33,5023.0,192.0,94.328298
HAS,2026-08-21 18:00:00+00:00,94.33,94.33,94.23,94.31,6331.0,231.0,94.274871
HAS,2026-08-21 18:05:00+00:00,94.28,94.28,94.115,94.12,4893.0,187.0,94.212447
HAS,2026-08-21 18:10:00+00:00,94.095,94.12,94.055,94.1,6862.0,196.0,94.080477
HAS,2026-08-21 18:15:00+00:00,94.08,94.08,93.995,93.995,5152.0,199.0,94.024615
HAS,2026-08-21 18:20:00+00:00,93.97,93.98,93.78,93.825,8935.0,214.0,93.878407
HAS,2026-08-21 18:25:00+00:00,93.825,93.85,93.745,93.79,8204.0,247.0,93.810502
HAS,2026-08-21 18:30:00+00:00,93.81,93.8229,93.39,93.55,17918.0,451.0,93.621183
HAS,2026-08-21 18:35:00+00:00,93.55,93.6899,93.52,93.53,8518.0,266.0,93.563216
HAS,2026-08-21 18:40:00+00:00,93.515,93.6,93.515,93.59,7908.0,281.0,93.558865
HAS,2026-08-21 18:45:00+00:00,93.605,93.635,93.58,93.58,7218.0,270.0,93.612349
HAS,2026-08-21 18:50:00+00:00,93.61,93.72,93.6,93.695,6114.0,244.0,93.647851
HAS,2026-08-21 18:55:00+00:00,93.695,93.8,93.635,93.8,9491.0,324.0,93.698042
HAS,2026-08-21 19:00:00+00:00,93.82,93.91,93.82,93.87,8376.0,237.0,93.867805
HAS,2026-08-21 19:05:00+00:00,93.88,93.9,93.81,93.885,9854.0,341.0,93.863573
HAS,2026-08-21 19:10:00+00:00,93.88,93.92,93.83,93.92,8963.0,316.0,93.876342
HAS,2026-08-21 19:15:00+00:00,93.925,93.925,93.87,93.885,4625.0,287.0,93.892072
HAS,2026-08-21 19:20:00+00:00,93.87,93.89,93.81,93.88,16594.0,499.0,93.851698
HAS,2026-08-21 19:25:00+00:00,93.87,93.98,93.87,93.965,9220.0,423.0,93.926218
HAS,2026-08-21 19:30:00+00:00,93.975,93.975,93.82,93.89,12077.0,456.0,93.88512
HAS,2026-08-21 19:35:00+00:00,93.885,94.06,93.885,94.06,9943.0,368.0,93.977541
HAS,2026-08-21 19:40:00+00:00,94.055,94.09,93.99,94.005,22111.0,657.0,94.053203
HAS,2026-08-21 19:45:00+00:00,94.005,94.16,93.96,94.135,22634.0,626.0,94.036533
HAS,2026-08-21 19:50:00+00:00,94.11,94.19,93.5,93.56,77386.0,1492.0,93.913945
HAS,2026-08-21 19:55:00+00:00,93.48,93.63,93.3,93.54,255657.0,4577.0,93.474652
HAS,2026-08-21 20:00:00+00:00,93.54,93.54,93.54,93.54,628058.0,84.0,93.54
HAS,2026-08-24 13:30:00+00:00,93.54,94.59,93.505,94.16,15357.0,171.0,93.615597
HAS,2026-08-24 13:35:00+00:00,94.165,94.165,93.71,93.73,4614.0,108.0,93.759034
HAS,2026-08-24 13:40:00+00:00,93.94,94.31,93.94,94.24,6777.0,133.0,94.162978
HAS,2026-08-24 13:45:00+00:00,94.49,94.6,94.19,94.33,13726.0,393.0,94.324627
HAS,2026-08-24 13:50:00+00:00,94.2577,94.4425,94.2577,94.34,1741.0,81.0,94.343749
HAS,2026-08-24 13:55:00+00:00,94.29,94.29,94.12,94.125,4092.0,180.0,94.23
HAS,2026-08-24 14:00:00+00:00,94.2,94.49,94.2,94.43,10302.0,245.0,94.362224
HAS,2026-08-24 14:05:00+00:00,94.31,94.31,94.05,94.22,7400.0,230.0,94.102516
HAS,2026-08-24 14:10:00+00:00,94.155,94.155,93.825,94.04,7649.0,281.0,93.973894
HAS,2026-08-24 14:15:00+00:00,94.05,94.05,93.82,93.9,4444.0,150.0,93.888548
HAS,2026-08-24 14:20:00+00:00,93.955,94.19,93.955,94.175,8376.0,250.0,94.070221
HAS,2026-08-24 14:25:00+00:00,94.18,94.41,94.18,94.3601,6441.0,235.0,94.353546
HAS,2026-08-24 14:30:00+00:00,94.37,94.41,94.32,94.36,6227.0,131.0,94.348921
HAS,2026-08-24 14:35:00+00:00,94.27,94.34,94.22,94.3,3502.0,180.0,94.281833
HAS,2026-08-24 14:40:00+00:00,94.31,94.37,94.13,94.13,6786.0,234.0,94.264618
HAS,2026-08-24 14:45:00+00:00,94.085,94.085,93.83,93.895,4520.0,150.0,93.936278
HAS,2026-08-24 14:50:00+00:00,93.84,94.01,93.765,93.88,6120.0,184.0,93.885102
HAS,2026-08-24 14:55:00+00:00,93.8,93.98,93.79,93.93,6188.0,193.0,93.901752
HAS,2026-08-24 15:00:00+00:00,93.935,93.9889,93.85,93.85,3111.0,93.0,93.931976
HAS,2026-08-24 15:05:00+00:00,93.84,94.05,93.84,94.03,11094.0,194.0,93.992676
HAS,2026-08-24 15:10:00+00:00,93.99,94.03,93.72,93.73,14696.0,223.0,93.760732
HAS,2026-08-24 15:15:00+00:00,93.78,93.85,93.775,93.8233,5363.0,142.0,93.804459
HAS,2026-08-24 15:20:00+00:00,93.82,93.91,93.78,93.875,4631.0,191.0,93.844381
HAS,2026-08-24 15:25:00+00:00,93.86,93.86,93.76,93.84,5789.0,210.0,93.807428
HAS,2026-08-24 15:30:00+00:00,93.76,93.99,93.72,93.94,8183.0,280.0,93.862306
HAS,2026-08-24 15:35:00+00:00,93.89,93.95,93.89,93.94,4789.0,139.0,93.920014
HAS,2026-08-24 15:40:00+00:00,93.945,94.055,93.9,94.055,7103.0,271.0,93.963022
HAS,2026-08-24 15:45:00+00:00,94.02,94.02,93.9,93.92,3865.0,192.0,93.953528
HAS,2026-08-24 15:50:00+00:00,93.9,94.0,93.9,93.975,4901.0,209.0,93.955685
HAS,2026-08-24 15:55:00+00:00,94.02,94.08,93.99,94.08,8787.0,341.0,94.015795
HAS,2026-08-24 16:00:00+00:00,94.08,94.29,94.08,94.245,15117.0,403.0,94.218217
HAS,2026-08-24 16:05:00+00:00,94.32,94.325,94.21,94.28,8738.0,270.0,94.27814
HAS,2026-08-24 16:10:00+00:00,94.33,94.42,94.33,94.38,12514.0,305.0,94.361672
HAS,2026-08-24 16:15:00+00:00,94.4,94.42,94.31,94.31,7316.0,212.0,94.37906
HAS,2026-08-24 16:20:00+00:00,94.345,94.39,94.32,94.32,6204.0,230.0,94.357535
HAS,2026-08-24 16:25:00+00:00,94.32,94.5,94.32,94.49,9130.0,297.0,94.403889
HAS,2026-08-24 16:30:00+00:00,94.5164,94.72,94.4899,94.585,20213.0,486.0,94.610531
HAS,2026-08-24 16:35:00+00:00,94.595,94.64,94.56,94.62,12977.0,399.0,94.608397
HAS,2026-08-24 16:40:00+00:00,94.62,94.64,94.61,94.61,10494.0,289.0,94.627185
HAS,2026-08-24 16:45:00+00:00,94.61,94.61,94.54,94.57,11847.0,347.0,94.585951
HAS,2026-08-24 16:50:00+00:00,94.58,94.63,94.58,94.615,6403.0,247.0,94.604564
HAS,2026-08-24 16:55:00+00:00,94.63,94.72,94.625,94.69,6473.0,213.0,94.670224
HAS,2026-08-24 17:00:00+00:00,94.695,94.705,94.62,94.64,8741.0,284.0,94.670239
HAS,2026-08-24 17:05:00+00:00,94.64,94.785,94.64,94.76,7579.0,305.0,94.736551
HAS,2026-08-24 17:10:00+00:00,94.75,94.77,94.72,94.77,6764.0,263.0,94.751705
HAS,2026-08-24 17:15:00+00:00,94.775,94.83,94.72,94.83,10247.0,352.0,94.771566
HAS,2026-08-24 17:20:00+00:00,94.865,94.865,94.66,94.675,8960.0,302.0,94.772837
HAS,2026-08-24 17:25:00+00:00,94.66,94.73,94.66,94.73,6071.0,218.0,94.698116
HAS,2026-08-24 17:30:00+00:00,94.73,94.795,94.71,94.73,7056.0,261.0,94.748999
HAS,2026-08-24 17:35:00+00:00,94.71,94.78,94.7,94.745,7076.0,266.0,94.752291
HAS,2026-08-24 17:40:00+00:00,94.755,94.96,94.72,94.905,14280.0,415.0,94.841277
HAS,2026-08-24 17:45:00+00:00,94.905,94.905,94.84,94.895,8829.0,270.0,94.865929
HAS,2026-08-24 17:50:00+00:00,94.895,94.965,94.85,94.95,9807.0,334.0,94.903203
HAS,2026-08-24 17:55:00+00:00,94.98,94.99,94.94,94.94,5428.0,222.0,94.965652
HAS,2026-08-24 18:00:00+00:00,94.94,95.0,94.93,94.975,8217.0,317.0,94.963145
HAS,2026-08-24 18:05:00+00:00,94.98,94.99,94.88,94.93,6621.0,263.0,94.930922
HAS,2026-08-24 18:10:00+00:00,94.925,95.04,94.925,94.99,6474.0,233.0,95.010309
HAS,2026-08-24 18:15:00+00:00,94.99,95.14,94.95,95.095,28215.0,507.0,95.057394
HAS,2026-08-24 18:20:00+00:00,95.085,95.09,95.0,95.035,5364.0,227.0,95.044463
HAS,2026-08-24 18:25:00+00:00,95.06,95.145,95.05,95.11,8752.0,297.0,95.101105
HAS,2026-08-24 18:30:00+00:00,95.115,95.16,95.0832,95.15,9091.0,300.0,95.123127
HAS,2026-08-24 18:35:00+00:00,95.11,95.26,95.11,95.19,9143.0,275.0,95.219955
HAS,2026-08-24 18:40:00+00:00,95.22,95.625,95.22,95.46,62993.0,600.0,95.399379
HAS,2026-08-24 18:45:00+00:00,95.535,95.71,95.5,95.71,22402.0,440.0,95.592163
HAS,2026-08-24 18:50:00+00:00,95.715,95.72,95.625,95.71,8674.0,280.0,95.683462
HAS,2026-08-24 18:55:00+00:00,95.7,95.71,95.535,95.535,10258.0,340.0,95.63153
HAS,2026-08-24 19:00:00+00:00,95.555,95.69,95.555,95.605,8898.0,304.0,95.624014
HAS,2026-08-24 19:05:00+00:00,95.63,95.63,95.54,95.54,6624.0,281.0,95.586873
HAS,2026-08-24 19:10:00+00:00,95.56,95.78,95.54,95.61,16165.0,537.0,95.649648
HAS,2026-08-24 19:15:00+00:00,95.58,95.585,95.39,95.39,8948.0,340.0,95.481552
HAS,2026-08-24 19:20:00+00:00,95.395,95.415,95.28,95.415,13126.0,430.0,95.355315
HAS,2026-08-24 19:25:00+00:00,95.39,95.395,95.33,95.39,9437.0,398.0,95.363665
HAS,2026-08-24 19:30:00+00:00,95.375,95.465,95.2701,95.33,22004.0,611.0,95.35773
HAS,2026-08-24 19:35:00+00:00,95.34,95.45,95.3,95.31,24697.0,627.0,95.35584
HAS,2026-08-24 19:40:00+00:00,95.3,95.37,95.24,95.27,25506.0,656.0,95.297115
HAS,2026-08-24 19:45:00+00:00,95.295,95.31,95.09,95.13,22728.0,663.0,95.193432
HAS,2026-08-24 19:50:00+00:00,95.18,95.43,95.18,95.43,39636.0,1197.0,95.271007
HAS,2026-08-24 19:55:00+00:00,95.41,95.47,95.34,95.42,111465.0,2618.0,95.398645
HAS,2026-08-24 20:00:00+00:00,95.41,95.41,95.41,95.41,680225.0,87.0,95.41
HAS,2026-08-24 21:00:00+00:00,94.3581,94.3581,94.3581,94.3581,100.0,1.0,94.3581
HAS,2026-08-25 13:30:00+00:00,94.87,95.125,94.74,94.74,14819.0,139.0,94.877923
HAS,2026-08-25 13:35:00+00:00,94.54,95.38,94.46,95.31,11810.0,269.0,94.999651
HAS,2026-08-25 13:40:00+00:00,95.3,95.83,95.28,95.76,19399.0,291.0,95.530312
HAS,2026-08-25 13:45:00+00:00,95.84,95.99,95.57,95.57,6764.0,142.0,95.779956
HAS,2026-08-25 13:50:00+00:00,95.52,95.52,94.9,94.9,8005.0,169.0,95.346657
HAS,2026-08-25 13:55:00+00:00,94.935,95.05,94.83,94.83,3896.0,95.0,94.948727
HAS,2026-08-25 14:00:00+00:00,94.9,94.91,94.7,94.87,13033.0,214.0,94.841214
HAS,2026-08-25 14:05:00+00:00,94.95,95.065,94.79,95.065,12336.0,292.0,94.915116
HAS,2026-08-25 14:10:00+00:00,95.155,95.58,95.13,95.5,24162.0,300.0,95.280798
HAS,2026-08-25 14:15:00+00:00,95.49,95.85,95.49,95.7875,7064.0,222.0,95.745203
HAS,2026-08-25 14:20:00+00:00,95.86,96.2,95.81,96.2,20577.0,308.0,95.924224
HAS,2026-08-25 14:25:00+00:00,96.21,96.51,96.18,96.49,24126.0,405.0,96.266603
HAS,2026-08-25 14:30:00+00:00,96.43,96.45,96.22,96.24,14028.0,288.0,96.339548
HAS,2026-08-25 14:35:00+00:00,96.295,96.5,96.23,96.43,8578.0,167.0,96.343827
HAS,2026-08-25 14:40:00+00:00,96.36,96.58,96.3,96.42,24894.0,333.0,96.452348
HAS,2026-08-25 14:45:00+00:00,96.355,96.5399,96.24,96.24,7784.0,222.0,96.460188
HAS,2026-08-25 14:50:00+00:00,96.141,96.235,96.14,96.17,2775.0,93.0,96.169568
HAS,2026-08-25 14:55:00+00:00,96.205,96.205,96.1,96.1625,6093.0,181.0,96.149842
HAS,2026-08-25 15:00:00+00:00,96.19,96.25,95.93,95.93,10541.0,330.0,96.149369
HAS,2026-08-25 15:05:00+00:00,95.975,96.04,95.94,96.0325,7411.0,172.0,95.992562
HAS,2026-08-25 15:10:00+00:00,96.015,96.03,95.82,95.948,7868.0,204.0,95.939329
HAS,2026-08-25 15:15:00+00:00,95.86,96.09,95.82,96.05,11503.0,367.0,95.994646
HAS,2026-08-25 15:20:00+00:00,96.08,96.13,96.03,96.095,4200.0,114.0,96.061119
HAS,2026-08-25 15:25:00+00:00,96.095,96.095,96.0075,96.065,4425.0,138.0,96.046906
HAS,2026-08-25 15:30:00+00:00,96.06,96.16,96.045,96.145,11194.0,259.0,96.113701
HAS,2026-08-25 15:35:00+00:00,96.17,96.3,96.12,96.28,12645.0,308.0,96.189651
HAS,2026-08-25 15:40:00+00:00,96.32,96.38,96.21,96.26,7556.0,211.0,96.294294
HAS,2026-08-25 15:45:00+00:00,96.24,96.3351,96.24,96.3351,4897.0,217.0,96.301478
HAS,2026-08-25 15:50:00+00:00,96.38,96.59,96.38,96.41,16885.0,378.0,96.520258
HAS,2026-08-25 15:55:00+00:00,96.44,96.47,96.35,96.36,4217.0,157.0,96.409524
HAS,2026-08-25 16:00:00+00:00,96.36,96.7,96.36,96.48,15262.0,432.0,96.572458
HAS,2026-08-25 16:05:00+00:00,96.575,96.63,96.42,96.45,8459.0,245.0,96.526757
HAS,2026-08-25 16:10:00+00:00,96.425,96.91,96.39,96.88,18228.0,372.0,96.634334
HAS,2026-08-25 16:15:00+00:00,96.91,97.02,96.85,96.85,19783.0,287.0,96.942296
HAS,2026-08-25 16:20:00+00:00,96.87,96.87,96.73,96.8,9084.0,239.0,96.798561
HAS,2026-08-25 16:25:00+00:00,96.735,96.79,96.565,96.565,26533.0,266.0,96.75174
HAS,2026-08-25 16:30:00+00:00,96.575,96.64,96.52,96.545,9199.0,240.0,96.576809
HAS,2026-08-25 16:35:00+00:00,96.565,96.67,96.55,96.61,9150.0,247.0,96.61086
HAS,2026-08-25 16:40:00+00:00,96.6,96.6,96.505,96.56,9113.0,237.0,96.564485
HAS,2026-08-25 16:45:00+00:00,96.67,96.695,96.615,96.62,5304.0,203.0,96.65638
HAS,2026-08-25 16:50:00+00:00,96.52,96.6,96.45,96.555,6524.0,179.0,96.541724
HAS,2026-08-25 16:55:00+00:00,96.57,96.6899,96.57,96.6899,10181.0,279.0,96.634902
HAS,2026-08-25 17:00:00+00:00,96.64,96.68,96.58,96.62,7545.0,236.0,96.621053
HAS,2026-08-25 17:05:00+00:00,96.58,96.7799,96.54,96.69,10494.0,293.0,96.608515
HAS,2026-08-25 17:10:00+00:00,96.77,96.77,96.72,96.72,3552.0,204.0,96.730569
HAS,2026-08-25 17:15:00+00:00,96.75,96.8073,96.72,96.74,8589.0,261.0,96.748339
HAS,2026-08-25 17:20:00+00:00,96.78,96.795,96.69,96.73,9693.0,288.0,96.743591
HAS,2026-08-25 17:25:00+00:00,96.73,96.73,96.675,96.7,6220.0,261.0,96.695864
HAS,2026-08-25 17:30:00+00:00,96.705,96.77,96.56,96.62,16835.0,470.0,96.703799
HAS,2026-08-25 17:35:00+00:00,96.605,96.71,96.58,96.615,16813.0,361.0,96.632431
HAS,2026-08-25 17:40:00+00:00,96.65,96.81,96.63,96.81,6023.0,203.0,96.703773
HAS,2026-08-25 17:45:00+00:00,96.81,97.02,96.81,96.88,16417.0,440.0,96.926127
HAS,2026-08-25 17:50:00+00:00,96.89,97.015,96.83,97.015,10925.0,317.0,96.936262
HAS,2026-08-25 17:55:00+00:00,97.01,97.06,96.99,97.05,21920.0,419.0,97.02752
HAS,2026-08-25 18:00:00+00:00,97.03,97.17,97.02,97.13,14293.0,320.0,97.087568
HAS,2026-08-25 18:05:00+00:00,97.14,97.18,97.112,97.17,8834.0,268.0,97.144063
HAS,2026-08-25 18:10:00+00:00,97.15,97.18,97.1,97.11,8432.0,231.0,97.141934
HAS,2026-08-25 18:15:00+00:00,97.1,97.1,97.03,97.03,6238.0,227.0,97.063057
HAS,2026-08-25 18:20:00+00:00,97.02,97.2,97.02,97.17,22341.0,415.0,97.151625
HAS,2026-08-25 18:25:00+00:00,97.175,97.175,97.04,97.1,10491.0,288.0,97.118294
HAS,2026-08-25 18:30:00+00:00,97.1,97.14,97.04,97.13,12697.0,287.0,97.094689
HAS,2026-08-25 18:35:00+00:00,97.1,97.13,97.05,97.065,6139.0,196.0,97.095167
HAS,2026-08-25 18:40:00+00:00,97.05,97.06,96.98,96.99,9151.0,267.0,97.026555
HAS,2026-08-25 18:45:00+00:00,97.0,97.03,96.9,96.9,7910.0,255.0,96.983786
HAS,2026-08-25 18:50:00+00:00,96.895,96.93,96.82,96.82,7970.0,238.0,96.867241
HAS,2026-08-25 18:55:00+00:00,96.82,96.95,96.82,96.93,14736.0,382.0,96.891468
HAS,2026-08-25 19:00:00+00:00,96.94,97.085,96.915,96.94,12906.0,425.0,97.008023
HAS,2026-08-25 19:05:00+00:00,96.94,96.98,96.7,96.815,28418.0,390.0,96.814504
HAS,2026-08-25 19:10:00+00:00,96.825,97.17,96.82,96.95,19563.0,446.0,96.980738
HAS,2026-08-25 19:15:00+00:00,96.87,96.94,96.85,96.89,11870.0,338.0,96.898362
HAS,2026-08-25 19:20:00+00:00,96.895,96.895,96.71,96.775,9798.0,316.0,96.807541
HAS,2026-08-25 19:25:00+00:00,96.775,96.87,96.77,96.87,12961.0,470.0,96.809518
HAS,2026-08-25 19:30:00+00:00,96.86,96.915,96.73,96.77,21601.0,533.0,96.794844
HAS,2026-08-25 19:35:00+00:00,96.765,96.88,96.74,96.81,21659.0,545.0,96.808369
HAS,2026-08-25 19:40:00+00:00,96.85,96.85,96.635,96.665,23284.0,673.0,96.760246
HAS,2026-08-25 19:45:00+00:00,96.7,96.75,96.64,96.7,29158.0,648.0,96.699688
HAS,2026-08-25 19:50:00+00:00,96.75,96.91,96.72,96.88,41149.0,962.0,96.78627
HAS,2026-08-25 19:55:00+00:00,96.94,97.0,96.66,96.73,157591.0,3260.0,96.767432
HAS,2026-08-25 20:00:00+00:00,96.74,96.74,96.74,96.74,316280.0,98.0,96.74
HAS,2026-08-25 20:35:00+00:00,96.74,96.74,96.74,96.74,151.0,1.0,96.74
HAS,2026-08-25 22:15:00+00:00,97.0,97.0,97.0,97.0,100.0,1.0,97.0
HAS,2026-08-26 12:15:00+00:00,97.39,97.66,97.39,97.66,800.0,15.0,97.496667
HAS,2026-08-26 13:15:00+00:00,97.4,97.4,97.4,97.4,300.0,3.0,97.4
HAS,2026-08-26 13:30:00+00:00,97.22,97.49,96.8,97.145,16951.0,133.0,97.206082
HAS,2026-08-26 13:35:00+00:00,97.14,97.91,97.14,97.84,7652.0,215.0,97.574854
HAS,2026-08-26 13:40:00+00:00,97.895,98.2,97.89,98.13,9805.0,266.0,98.030732
HAS,2026-08-26 13:45:00+00:00,98.19,98.19,97.72,97.75,8047.0,259.0,97.905307
HAS,2026-08-26 13:50:00+00:00,97.61,97.675,97.425,97.66,3828.0,173.0,97.549873
HAS,2026-08-26 13:55:00+00:00,97.61,97.79,97.54,97.54,6047.0,192.0,97.706243
HAS,2026-08-26 14:00:00+00:00,97.43,97.475,97.01,97.05,6057.0,227.0,97.178416
HAS,2026-08-26 14:05:00+00:00,97.05,97.13,96.93,97.07,6320.0,227.0,97.044322
HAS,2026-08-26 14:10:00+00:00,97.09,97.14,96.97,97.09,9001.0,176.0,97.08267
HAS,2026-08-26 14:15:00+00:00,97.11,97.41,97.11,97.4,10129.0,285.0,97.305888
HAS,2026-08-26 14:20:00+00:00,97.38,97.38,97.17,97.2,7838.0,248.0,97.273642
HAS,2026-08-26 14:25:00+00:00,97.17,97.45,97.17,97.41,7747.0,292.0,97.317258
HAS,2026-08-26 14:30:00+00:00,97.36,97.47,97.27,97.29,8452.0,290.0,97.379086
HAS,2026-08-26 14:35:00+00:00,97.32,97.34,97.26,97.3299,5069.0,212.0,97.30043
HAS,2026-08-26 14:40:00+00:00,97.2708,97.32,97.16,97.17,14451.0,338.0,97.256894
HAS,2026-08-26 14:45:00+00:00,97.16,97.305,97.16,97.19,8927.0,284.0,97.227759
HAS,2026-08-26 14:50:00+00:00,97.19,97.31,97.13,97.305,5338.0,239.0,97.20259
HAS,2026-08-26 14:55:00+00:00,97.3394,97.3394,97.12,97.12,5058.0,200.0,97.269035
HAS,2026-08-26 15:00:00+00:00,97.1,97.11,97.03,97.07,6568.0,221.0,97.068091
HAS,2026-08-26 15:05:00+00:00,97.12,97.19,97.07,97.14,7549.0,243.0,97.129091
HAS,2026-08-26 15:10:00+00:00,97.11,97.17,96.88,96.94,11025.0,326.0,97.091269
HAS,2026-08-26 15:15:00+00:00,96.985,96.985,96.83,96.94,8534.0,242.0,96.875622
HAS,2026-08-26 15:20:00+00:00,96.93,96.96,96.88,96.943,3836.0,96.0,96.94457
HAS,2026-08-26 15:25:00+00:00,96.9,96.96,96.85,96.93,6502.0,222.0,96.924134
HAS,2026-08-26 15:30:00+00:00,96.91,96.91,96.64,96.64,8767.0,234.0,96.754148
HAS,2026-08-26 15:35:00+00:00,96.63,96.63,96.52,96.54,8422.0,249.0,96.569397
HAS,2026-08-26 15:40:00+00:00,96.49,96.49,96.36,96.395,3799.0,180.0,96.410253
HAS,2026-08-26 15:45:00+00:00,96.42,96.46,96.38,96.39,4661.0,154.0,96.426464
HAS,2026-08-26 15:50:00+00:00,96.39,96.8,96.33,96.76,20520.0,444.0,96.548328
HAS,2026-08-26 15:55:00+00:00,96.67,96.77,96.67,96.73,9337.0,239.0,96.711991
HAS,2026-08-26 16:00:00+00:00,96.74,96.79,96.58,96.635,6039.0,204.0,96.711147
HAS,2026-08-26 16:05:00+00:00,96.6,96.63,96.54,96.56,8681.0,221.0,96.583787
HAS,2026-08-26 16:10:00+00:00,96.565,96.585,96.525,96.525,1803.0,81.0,96.556364
HAS,2026-08-26 16:15:00+00:00,96.51,96.62,96.51,96.515,5605.0,172.0,96.545579
HAS,2026-08-26 16:20:00+00:00,96.47,96.495,95.85,95.85,24185.0,560.0,96.1687
HAS,2026-08-26 16:25:00+00:00,95.78,96.0,95.72,96.0,12165.0,369.0,95.835097
HAS,2026-08-26 16:30:00+00:00,96.0,96.0,95.825,95.85,3925.0,208.0,95.903667
HAS,2026-08-26 16:35:00+00:00,95.845,95.96,95.81,95.81,8965.0,293.0,95.857229
HAS,2026-08-26 16:40:00+00:00,95.795,95.8,95.685,95.69,4021.0,194.0,95.747376
HAS,2026-08-26 16:45:00+00:00,95.68,95.8,95.67,95.8,5236.0,192.0,95.724038
HAS,2026-08-26 16:50:00+00:00,95.8,95.94,95.8,95.855,3766.0,165.0,95.874544
HAS,2026-08-26 16:55:00+00:00,95.87,95.95,95.86,95.95,5306.0,162.0,95.885788
HAS,2026-08-26 17:00:00+00:00,95.95,96.09,95.95,95.99,4965.0,159.0,95.994528
HAS,2026-08-26 17:05:00+00:00,95.98,96.14,95.845,95.965,15092.0,445.0,95.971335
HAS,2026-08-26 17:10:00+00:00,95.965,95.97,95.9,95.97,1944.0,120.0,95.947754
HAS,2026-08-26 17:15:00+00:00,95.95,96.04,95.94,96.04,4713.0,216.0,95.994241
HAS,2026-08-26 17:20:00+00:00,96.01,96.04,95.99,96.03,5621.0,243.0,96.015666
HAS,2026-08-26 17:25:00+00:00,96.03,96.1386,96.01,96.065,8258.0,278.0,96.071516
HAS,2026-08-26 17:30:00+00:00,96.08,96.14,96.05,96.0876,5051.0,163.0,96.102804
HAS,2026-08-26 17:35:00+00:00,96.035,96.2,96.035,96.2,10582.0,248.0,96.083296
HAS,2026-08-26 17:40:00+00:00,96.14,96.22,96.14,96.215,4425.0,186.0,96.179917
HAS,2026-08-26 17:45:00+00:00,96.215,96.3,96.21,96.261,5431.0,220.0,96.263651
HAS,2026-08-26 17:50:00+00:00,96.26,96.26,96.19,96.215,10291.0,272.0,96.209746
HAS,2026-08-26 17:55:00+00:00,96.21,96.25,96.21,96.22,4257.0,202.0,96.238417
HAS,2026-08-26 18:00:00+00:00,96.29,96.29,96.135,96.165,6657.0,232.0,96.228154
HAS,2026-08-26 18:05:00+00:00,96.155,96.16,96.02,96.1,7996.0,281.0,96.106594
HAS,2026-08-26 18:10:00+00:00,96.04,96.07,96.03,96.05,6192.0,249.0,96.0517
HAS,2026-08-26 18:15:00+00:00,96.07,96.21,96.07,96.21,13566.0,267.0,96.146946
HAS,2026-08-26 18:20:00+00:00,96.23,96.25,96.19,96.225,4825.0,211.0,96.227917
HAS,2026-08-26 18:25:00+00:00,96.2,96.2,96.075,96.165,10869.0,307.0,96.154396
HAS,2026-08-26 18:30:00+00:00,96.165,96.19,96.13,96.13,6214.0,184.0,96.160999
HAS,2026-08-26 18:35:00+00:00,96.13,96.1565,96.07,96.12,7562.0,233.0,96.116239
HAS,2026-08-26 18:40:00+00:00,96.105,96.235,96.105,96.235,10291.0,316.0,96.183379
HAS,2026-08-26 18:45:00+00:00,96.22,96.24,96.146,96.225,7972.0,281.0,96.191724
HAS,2026-08-26 18:50:00+00:00,96.24,96.24,96.125,96.15,11952.0,338.0,96.166972
HAS,2026-08-26 18:55:00+00:00,96.15,96.195,96.1,96.145,9349.0,361.0,96.163167
HAS,2026-08-26 19:00:00+00:00,96.13,96.235,96.13,96.195,9054.0,293.0,96.203857
HAS,2026-08-26 19:05:00+00:00,96.2,96.305,96.145,96.28,17906.0,437.0,96.222077
HAS,2026-08-26 19:10:00+00:00,96.26,96.31,96.23,96.27,8656.0,289.0,96.276945
HAS,2026-08-26 19:15:00+00:00,96.285,96.31,96.17,96.19,12608.0,342.0,96.24404
HAS,2026-08-26 19:20:00+00:00,96.205,96.285,96.18,96.285,10245.0,364.0,96.229636
HAS,2026-08-26 19:25:00+00:00,96.29,96.35,96.25,96.34,13319.0,368.0,96.311207
HAS,2026-08-26 19:30:00+00:00,96.325,96.34,96.16,96.205,16315.0,475.0,96.24274
HAS,2026-08-26 19:35:00+00:00,96.205,96.25,96.13,96.24,18587.0,493.0,96.196042
HAS,2026-08-26 19:40:00+00:00,96.245,96.29,96.195,96.26,19700.0,580.0,96.254144
HAS,2026-08-26 19:45:00+00:00,96.26,96.3,96.185,96.26,22446.0,591.0,96.239931
HAS,2026-08-26 19:50:00+00:00,96.29,96.495,96.29,96.435,37156.0,1018.0,96.385306
HAS,2026-08-26 19:55:00+00:00,96.38,96.41,96.13,96.26,128234.0,2749.0,96.265921
HAS,2026-08-26 20:00:00+00:00,96.29,96.29,96.29,96.29,350030.0,71.0,96.29
HAS,2026-08-26 23:35:00+00:00,97.47,97.47,97.47,97.47,200.0,1.0,97.47
HAS,2026-08-27 08:40:00+00:00,96.5,96.5,96.5,96.5,200.0,1.0,96.5
HAS,2026-08-27 11:15:00+00:00,96.5,96.5,96.5,96.5,100.0,1.0,96.5
HAS,2026-08-27 11:45:00+00:00,96.5,96.5,96.5,96.5,200.0,2.0,96.5
HAS,2026-08-27 13:30:00+00:00,95.68,95.78,95.43,95.445,12004.0,109.0,95.651982
HAS,2026-08-27 13:35:00+00:00,95.45,95.79,95.45,95.79,1568.0,64.0,95.503056
HAS,2026-08-27 13:40:00+00:00,95.42,95.42,94.73,94.73,2982.0,117.0,95.214062
HAS,2026-08-27 13:45:00+00:00,95.02,95.3343,94.79,95.16,8806.0,232.0,95.0822
HAS,2026-08-27 13:50:00+00:00,95.0,95.27,94.78,94.78,2893.0,197.0,94.983846
HAS,2026-08-27 13:55:00+00:00,94.67,94.85,94.67,94.715,2557.0,81.0,94.794615
HAS,2026-08-27 14:00:00+00:00,94.8101,94.84,94.41,94.78,17513.0,453.0,94.627976
HAS,2026-08-27 14:05:00+00:00,94.815,95.11,94.65,95.05,17959.0,357.0,94.794269
HAS,2026-08-27 14:10:00+00:00,95.0469,95.1799,94.95,95.06,22340.0,489.0,95.059404
HAS,2026-08-27 14:15:00+00:00,95.03,95.08,94.96,94.96,6926.0,212.0,95.006506
HAS,2026-08-27 14:20:00+00:00,95.08,95.27,95.06,95.07,4341.0,123.0,95.090563
HAS,2026-08-27 14:25:00+00:00,95.03,95.03,94.65,94.65,8152.0,265.0,94.832792
HAS,2026-08-27 14:30:00+00:00,94.635,94.82,94.6,94.815,6189.0,209.0,94.658778
HAS,2026-08-27 14:35:00+00:00,94.9,94.9721,94.81,94.8201,3915.0,137.0,94.88937
HAS,2026-08-27 14:40:00+00:00,94.83,94.87,94.7,94.84,10258.0,346.0,94.799875
HAS,2026-08-27 14:45:00+00:00,94.83,94.93,94.8,94.88,4070.0,146.0,94.858407
HAS,2026-08-27 14:50:00+00:00,94.8825,95.04,94.87,94.88,12120.0,160.0,94.975754
HAS,2026-08-27 14:55:00+00:00,94.81,94.81,94.73,94.77,4747.0,170.0,94.752629
HAS,2026-08-27 15:00:00+00:00,94.75,94.75,94.67,94.74,4164.0,181.0,94.720455
HAS,2026-08-27 15:05:00+00:00,94.75,94.755,94.56,94.565,11689.0,316.0,94.620867
HAS,2026-08-27 15:10:00+00:00,94.52,94.61,94.49,94.525,15881.0,332.0,94.563174
HAS,2026-08-27 15:15:00+00:00,94.525,94.525,94.48,94.51,3114.0,112.0,94.515921
HAS,2026-08-27 15:20:00+00:00,94.5,94.62,94.5,94.61,6633.0,227.0,94.553951
HAS,2026-08-27 15:25:00+00:00,94.57,94.59,94.515,94.59,5771.0,148.0,94.543942
HAS,2026-08-27 15:30:00+00:00,94.57,94.61,94.53,94.575,5165.0,228.0,94.563372
HAS,2026-08-27 15:35:00+00:00,94.575,94.625,94.55,94.62,7131.0,197.0,94.595884
HAS,2026-08-27 15:40:00+00:00,94.58,94.605,94.5551,94.58,3557.0,158.0,94.577943
HAS,2026-08-27 15:45:00+00:00,94.59,94.675,94.55,94.55,6271.0,231.0,94.603899
HAS,2026-08-27 15:50:00+00:00,94.55,94.56,94.54,94.56,2081.0,82.0,94.550864
HAS,2026-08-27 15:55:00+00:00,94.52,94.52,94.405,94.42,5668.0,223.0,94.452143
HAS,2026-08-27 16:00:00+00:00,94.42,94.42,94.28,94.3,6208.0,262.0,94.332991
HAS,2026-08-27 16:05:00+00:00,94.28,94.3292,94.255,94.295,2790.0,108.0,94.285421
HAS,2026-08-27 16:10:00+00:00,94.295,94.295,94.22,94.24,2961.0,117.0,94.263495
HAS,2026-08-27 16:15:00+00:00,94.265,94.31,94.245,94.3,3666.0,168.0,94.27644
HAS,2026-08-27 16:20:00+00:00,94.26,94.26,94.15,94.165,3539.0,161.0,94.193034
HAS,2026-08-27 16:25:00+00:00,94.21,94.21,94.145,94.145,4256.0,152.0,94.165397
HAS,2026-08-27 16:30:00+00:00,94.13,94.17,94.06,94.16,7932.0,264.0,94.106654
HAS,2026-08-27 16:35:00+00:00,94.1741,94.22,94.1741,94.175,2796.0,55.0,94.202874
HAS,2026-08-27 16:40:00+00:00,94.17,94.17,94.025,94.13,9830.0,253.0,94.097831
HAS,2026-08-27 16:45:00+00:00,94.09,94.22,94.09,94.22,2513.0,100.0,94.187478
HAS,2026-08-27 16:50:00+00:00,94.21,94.419,94.175,94.335,8249.0,189.0,94.31199
HAS,2026-08-27 16:55:00+00:00,94.335,94.38,94.33,94.35,2479.0,103.0,94.345
HAS,2026-08-27 17:00:00+00:00,94.325,94.325,94.19,94.255,6328.0,200.0,94.243866
HAS,2026-08-27 17:05:00+00:00,94.255,94.38,94.255,94.38,3516.0,129.0,94.336345
HAS,2026-08-27 17:10:00+00:00,94.29,94.32,94.29,94.305,1302.0,76.0,94.309167
HAS,2026-08-27 17:15:00+00:00,94.3,94.33,94.295,94.315,2995.0,101.0,94.312149
HAS,2026-08-27 17:20:00+00:00,94.31,94.36,94.27,94.335,4905.0,138.0,94.315546
HAS,2026-08-27 17:25:00+00:00,94.33,94.385,94.33,94.36,5690.0,210.0,94.3625
HAS,2026-08-27 17:30:00+00:00,94.365,94.435,94.32,94.435,5086.0,258.0,94.363658
HAS,2026-08-27 17:35:00+00:00,94.43,94.5,94.43,94.47,2135.0,121.0,94.459474
HAS,2026-08-27 17:40:00+00:00,94.435,94.54,94.36,94.38,10955.0,297.0,94.4531
HAS,2026-08-27 17:45:00+00:00,94.355,94.355,94.25,94.25,3907.0,156.0,94.293113
HAS,2026-08-27 17:50:00+00:00,94.28,94.29,94.16,94.17,7108.0,179.0,94.184052
HAS,2026-08-27 17:55:00+00:00,94.18,94.21,94.15,94.15,3571.0,146.0,94.18295
HAS,2026-08-27 18:00:00+00:00,94.165,94.18,94.14,94.155,3111.0,137.0,94.156721
HAS,2026-08-27 18:05:00+00:00,94.13,94.13,94.06,94.08,4872.0,165.0,94.091938
HAS,2026-08-27 18:10:00+00:00,94.13,94.13,94.085,94.105,5302.0,222.0,94.105934
HAS,2026-08-27 18:15:00+00:00,94.12,94.175,94.04,94.04,13013.0,275.0,94.129924
HAS,2026-08-27 18:20:00+00:00,94.01,94.03,93.99,93.99,1600.0,87.0,94.004746
HAS,2026-08-27 18:25:00+00:00,94.0,94.185,93.995,94.1,7344.0,311.0,94.056023
HAS,2026-08-27 18:30:00+00:00,94.1,94.19,94.085,94.175,4903.0,198.0,94.123288
HAS,2026-08-27 18:35:00+00:00,94.2,94.21,94.12,94.17,6804.0,222.0,94.161728
HAS,2026-08-27 18:40:00+00:00,94.15,94.4699,94.15,94.39,11002.0,327.0,94.345338
HAS,2026-08-27 18:45:00+00:00,94.39,94.43,94.36,94.39,8198.0,260.0,94.394309
HAS,2026-08-27 18:50:00+00:00,94.38,94.485,94.375,94.46,9871.0,338.0,94.444355
HAS,2026-08-27 18:55:00+00:00,94.44,94.52,94.43,94.505,7521.0,307.0,94.473345
HAS,2026-08-27 19:00:00+00:00,94.52,94.61,94.5,94.6002,11236.0,387.0,94.560126
HAS,2026-08-27 19:05:00+00:00,94.595,94.67,94.58,94.605,7016.0,272.0,94.627328
HAS,2026-08-27 19:10:00+00:00,94.6,94.64,94.54,94.55,9625.0,330.0,94.598235
HAS,2026-08-27 19:15:00+00:00,94.56,94.56,94.4,94.465,8639.0,323.0,94.481359
HAS,2026-08-27 19:20:00+00:00,94.45,94.48,94.37,94.48,10603.0,342.0,94.444078
HAS,2026-08-27 19:25:00+00:00,94.481,94.481,94.4,94.4,8068.0,354.0,94.44657
HAS,2026-08-27 19:30:00+00:00,94.405,94.7,94.405,94.58,23408.0,639.0,94.534692
HAS,2026-08-27 19:35:00+00:00,94.575,94.62,94.51,94.53,12369.0,386.0,94.590555
HAS,2026-08-27 19:40:00+00:00,94.52,94.53,94.23,94.305,43472.0,682.0,94.388881
HAS,2026-08-27 19:45:00+00:00,94.305,94.56,94.305,94.435,19270.0,561.0,94.402432
HAS,2026-08-27 19:50:00+00:00,94.4,94.4,94.075,94.1,28018.0,771.0,94.222831
HAS,2026-08-27 19:55:00+00:00,94.12,94.3,94.02,94.19,113521.0,2611.0,94.138243
HAS,2026-08-27 20:00:00+00:00,94.18,94.18,94.18,94.18,188521.0,64.0,94.18
HAS,2026-08-27 20:15:00+00:00,94.18,94.18,94.18,94.18,788.0,1.0,94.18
HAS,2026-08-28 13:30:00+00:00,94.94,95.49,94.845,95.365,12297.0,92.0,94.9748
HAS,2026-08-28 13:35:00+00:00,95.09,95.09,95.0851,95.0851,939.0,37.0,95.0865
HAS,2026-08-28 13:40:00+00:00,95.09,95.16,94.97,95.09,8916.0,139.0,95.111145
HAS,2026-08-28 13:45:00+00:00,94.885,95.105,94.6901,95.105,3808.0,96.0,94.8948
HAS,2026-08-28 13:50:00+00:00,94.8939,95.275,94.8939,95.095,1669.0,48.0,95.02954
HAS,2026-08-28 13:55:00+00:00,95.225,95.225,94.79,94.79,6087.0,111.0,95.197464
HAS,2026-08-28 14:00:00+00:00,94.73,94.885,94.615,94.85,4742.0,81.0,94.70002
HAS,2026-08-28 14:05:00+00:00,94.72,94.92,94.62,94.77,4403.0,133.0,94.763488
HAS,2026-08-28 14:10:00+00:00,94.78,94.79,94.52,94.53,5500.0,163.0,94.696916
HAS,2026-08-28 14:15:00+00:00,94.52,94.64,94.52,94.58,5719.0,227.0,94.601468
HAS,2026-08-28 14:20:00+00:00,94.58,94.58,94.32,94.365,3899.0,151.0,94.392555
HAS,2026-08-28 14:25:00+00:00,94.3,94.31,94.18,94.245,6805.0,205.0,94.236767
HAS,2026-08-28 14:30:00+00:00,94.28,94.67,94.28,94.66,3629.0,185.0,94.542614
HAS,2026-08-28 14:35:00+00:00,94.64,94.72,94.64,94.72,2786.0,122.0,94.684259
HAS,2026-08-28 14:40:00+00:00,94.72,94.7305,94.7,94.7,1672.0,80.0,94.710491
HAS,2026-08-28 14:45:00+00:00,94.7,94.87,94.67,94.87,4941.0,193.0,94.730209
HAS,2026-08-28 14:50:00+00:00,94.795,95.11,94.7396,95.065,5899.0,205.0,94.914089
HAS,2026-08-28 14:55:00+00:00,94.99,95.17,94.89,95.17,15384.0,164.0,95.014559
HAS,2026-08-28 15:00:00+00:00,95.08,95.08,95.01,95.0734,3422.0,125.0,95.056388
HAS,2026-08-28 15:05:00+00:00,95.0,95.0,94.84,94.95,5113.0,187.0,94.919388
HAS,2026-08-28 15:10:00+00:00,94.95,95.03,94.95,95.03,4451.0,166.0,94.987621
HAS,2026-08-28 15:15:00+00:00,94.945,95.1099,94.928,94.95,4879.0,130.0,94.991778
HAS,2026-08-28 15:20:00+00:00,95.01,95.07,95.0,95.06,3593.0,176.0,95.039108
HAS,2026-08-28 15:25:00+00:00,95.025,95.15,95.025,95.15,3047.0,130.0,95.094823
HAS,2026-08-28 15:30:00+00:00,95.13,95.13,95.12,95.12,3600.0,113.0,95.125449
HAS,2026-08-28 15:35:00+00:00,95.16,95.37,95.16,95.37,6508.0,223.0,95.25536
HAS,2026-08-28 15:40:00+00:00,95.38,95.38,95.325,95.325,1899.0,85.0,95.338333
HAS,2026-08-28 15:45:00+00:00,95.29,95.35,95.28,95.305,7500.0,229.0,95.306382
HAS,2026-08-28 15:50:00+00:00,95.305,95.41,95.305,95.41,3456.0,153.0,95.36572
HAS,2026-08-28 15:55:00+00:00,95.4,95.48,95.34,95.435,4682.0,192.0,95.407826
HAS,2026-08-28 16:00:00+00:00,95.43,95.46,95.3,95.315,7678.0,252.0,95.400261
HAS,2026-08-28 16:05:00+00:00,95.3125,95.35,95.23,95.28,3716.0,160.0,95.290733
HAS,2026-08-28 16:10:00+00:00,95.26,95.26,95.185,95.24,3338.0,147.0,95.2175
HAS,2026-08-28 16:15:00+00:00,95.18,95.19,95.15,95.19,2673.0,110.0,95.183489
HAS,2026-08-28 16:20:00+00:00,95.19,95.19,95.06,95.06,5469.0,188.0,95.14395
HAS,2026-08-28 16:25:00+00:00,95.02,95.11,95.02,95.11,3525.0,120.0,95.092161
HAS,2026-08-28 16:30:00+00:00,95.12,95.175,95.105,95.105,3957.0,182.0,95.136875
HAS,2026-08-28 16:35:00+00:00,95.1,95.22,95.1,95.175,4540.0,162.0,95.176818
HAS,2026-08-28 16:40:00+00:00,95.21,95.21,95.145,95.2,3615.0,158.0,95.169189
HAS,2026-08-28 16:45:00+00:00,95.23,95.28,95.19,95.22,2833.0,134.0,95.218333
HAS,2026-08-28 16:50:00+00:00,95.215,95.24,95.165,95.165,4091.0,143.0,95.206433
HAS,2026-08-28 16:55:00+00:00,95.14,95.14,95.06,95.105,6457.0,215.0,95.101247
HAS,2026-08-28 17:00:00+00:00,95.13,95.13,94.98,94.99,3926.0,142.0,95.020476
HAS,2026-08-28 17:05:00+00:00,94.98,95.0,94.955,94.96,4318.0,110.0,94.973708
HAS,2026-08-28 17:10:00+00:00,94.96,95.05,94.96,95.05,5086.0,176.0,95.005094
HAS,2026-08-28 17:15:00+00:00,95.05,95.07,94.96,94.96,5180.0,192.0,95.013126
HAS,2026-08-28 17:20:00+00:00,95.0,95.1,95.0,95.1,3100.0,143.0,95.047839
HAS,2026-08-28 17:25:00+00:00,95.06,95.075,95.01,95.05,3060.0,106.0,95.039777
HAS,2026-08-28 17:30:00+00:00,95.06,95.06,95.02,95.05,2236.0,93.0,95.050811
HAS,2026-08-28 17:35:00+00:00,95.02,95.02,94.96,94.99,4654.0,172.0,94.994461
HAS,2026-08-28 17:40:00+00:00,94.9501,94.97,94.84,94.965,4985.0,160.0,94.936929
HAS,2026-08-28 17:45:00+00:00,94.96,95.09,94.96,94.96,4024.0,120.0,95.008132
HAS,2026-08-28 17:50:00+00:00,94.995,95.15,94.92,95.15,4314.0,188.0,95.002329
HAS,2026-08-28 17:55:00+00:00,95.17,95.26,95.13,95.2,4877.0,149.0,95.183153
HAS,2026-08-28 18:00:00+00:00,95.2,95.2,95.06,95.085,3781.0,128.0,95.11225
HAS,2026-08-28 18:05:00+00:00,95.02,95.02,94.85,94.85,4404.0,185.0,94.938371
HAS,2026-08-28 18:10:00+00:00,94.82,94.82,94.74,94.75,4120.0,178.0,94.76182
HAS,2026-08-28 18:15:00+00:00,94.73,94.765,94.72,94.73,3486.0,131.0,94.746073
HAS,2026-08-28 18:20:00+00:00,94.755,94.755,94.72,94.745,4594.0,66.0,94.744743
HAS,2026-08-28 18:25:00+00:00,94.745,94.745,94.72,94.745,2179.0,120.0,94.739358
HAS,2026-08-28 18:30:00+00:00,94.77,94.77,94.65,94.7,7798.0,355.0,94.726599
HAS,2026-08-28 18:35:00+00:00,94.67,94.75,94.66,94.67,3658.0,108.0,94.698238
HAS,2026-08-28 18:40:00+00:00,94.625,94.67,94.625,94.655,6074.0,247.0,94.646228
HAS,2026-08-28 18:45:00+00:00,94.67,94.67,94.64,94.665,1084.0,62.0,94.658333
HAS,2026-08-28 18:50:00+00:00,94.69,94.72,94.67,94.675,5157.0,181.0,94.678005
HAS,2026-08-28 18:55:00+00:00,94.65,94.76,94.65,94.755,5501.0,267.0,94.731524
HAS,2026-08-28 19:00:00+00:00,94.75,94.845,94.75,94.83,6725.0,278.0,94.801865
HAS,2026-08-28 19:05:00+00:00,94.84,94.875,94.84,94.85,3608.0,156.0,94.85457
HAS,2026-08-28 19:10:00+00:00,94.87,94.8737,94.83,94.83,2214.0,86.0,94.858799
HAS,2026-08-28 19:15:00+00:00,94.85,94.865,94.781,94.805,5344.0,226.0,94.815696
HAS,2026-08-28 19:20:00+00:00,94.815,94.91,94.81,94.81,7362.0,296.0,94.860409
HAS,2026-08-28 19:25:00+00:00,94.825,94.825,94.74,94.76,4800.0,211.0,94.780258
HAS,2026-08-28 19:30:00+00:00,94.75,94.75,94.61,94.65,13061.0,462.0,94.695331
HAS,2026-08-28 19:35:00+00:00,94.63,94.71,94.59,94.71,10182.0,349.0,94.638154
HAS,2026-08-28 19:40:00+00:00,94.71,94.73,94.6,94.6,11422.0,393.0,94.696287
HAS,2026-08-28 19:45:00+00:00,94.6,94.63,94.53,94.555,13100.0,414.0,94.601448
HAS,2026-08-28 19:50:00+00:00,94.57,94.59,94.38,94.42,27739.0,774.0,94.474496
HAS,2026-08-28 19:55:00+00:00,94.38,94.39,94.155,94.23,133030.0,2935.0,94.253933
HAS,2026-08-28 20:00:00+00:00,94.23,94.23,94.23,94.23,214169.0,70.0,94.23
HAS,2026-08-31 13:30:00+00:00,94.0,94.36,93.25,93.91,18704.0,217.0,94.075137
HAS,2026-08-31 13:35:00+00:00,93.905,94.27,93.905,94.23,3049.0,90.0,94.041696
HAS,2026-08-31 13:40:00+00:00,94.335,94.555,93.885,94.5,5711.0,122.0,94.313216
HAS,2026-08-31 13:45:00+00:00,94.38,94.39,94.03,94.08,16816.0,254.0,94.207644
HAS,2026-08-31 13:50:00+00:00,94.08,94.29,93.92,94.19,7014.0,190.0,94.10379
HAS,2026-08-31 13:55:00+00:00,94.225,94.4,94.225,94.4,3858.0,105.0,94.261907
HAS,2026-08-31 14:00:00+00:00,94.4,94.58,94.2,94.3,9262.0,271.0,94.398262
HAS,2026-08-31 14:05:00+00:00,94.27,94.285,94.1,94.1,6039.0,155.0,94.200484
HAS,2026-08-31 14:10:00+00:00,94.01,94.01,93.73,93.7901,10789.0,253.0,93.893911
HAS,2026-08-31 14:15:00+00:00,93.885,94.0,93.83,93.915,6643.0,153.0,93.915706
HAS,2026-08-31 14:20:00+00:00,93.915,94.115,93.88,94.11,11781.0,286.0,94.031482
HAS,2026-08-31 14:25:00+00:00,94.11,94.255,94.11,94.14,7478.0,212.0,94.169359
HAS,2026-08-31 14:30:00+00:00,94.14,94.17,94.06,94.085,3471.0,135.0,94.135735
HAS,2026-08-31 14:35:00+00:00,94.08,94.2,94.08,94.08,6255.0,199.0,94.135292
HAS,2026-08-31 14:40:00+00:00,94.08,94.42,94.08,94.26,10076.0,277.0,94.235364
HAS,2026-08-31 14:45:00+00:00,94.28,94.28,94.17,94.22,6916.0,199.0,94.223744
HAS,2026-08-31 14:50:00+00:00,94.215,94.25,94.065,94.16,27157.0,423.0,94.161295
HAS,2026-08-31 14:55:00+00:00,94.16,94.17,94.05,94.115,12549.0,232.0,94.135081
HAS,2026-08-31 15:00:00+00:00,94.11,94.11,93.97,94.035,5419.0,167.0,94.063028
HAS,2026-08-31 15:05:00+00:00,94.02,94.09,93.945,94.0475,11230.0,293.0,93.998092
HAS,2026-08-31 15:10:00+00:00,94.09,94.09,93.95,94.01,6092.0,219.0,94.022819
HAS,2026-08-31 15:15:00+00:00,94.05,94.0899,93.91,93.91,4782.0,169.0,94.039152
HAS,2026-08-31 15:20:00+00:00,93.87,93.96,93.87,93.9,6863.0,192.0,93.919788
HAS,2026-08-31 15:25:00+00:00,93.9,94.01,93.87,93.995,6535.0,214.0,93.939229
HAS,2026-08-31 15:30:00+00:00,94.03,94.081,93.96,94.035,6365.0,202.0,94.041544
HAS,2026-08-31 15:35:00+00:00,94.04,94.1,94.02,94.09,6496.0,164.0,94.060789
HAS,2026-08-31 15:40:00+00:00,94.06,94.1499,94.06,94.095,4040.0,137.0,94.095695
HAS,2026-08-31 15:45:00+00:00,94.11,94.13,94.08,94.1,4552.0,145.0,94.108691
HAS,2026-08-31 15:50:00+00:00,94.09,94.115,94.06,94.095,5028.0,180.0,94.09326
HAS,2026-08-31 15:55:00+00:00,94.08,94.08,94.0,94.0,5546.0,230.0,94.037864
HAS,2026-08-31 16:00:00+00:00,94.0,94.06,93.955,93.985,5459.0,221.0,94.004948
HAS,2026-08-31 16:05:00+00:00,94.01,94.01,93.915,93.94,4061.0,148.0,93.941152
HAS,2026-08-31 16:10:00+00:00,93.945,93.945,93.87,93.87,4001.0,139.0,93.902446
HAS,2026-08-31 16:15:00+00:00,93.87,93.87,93.765,93.765,6150.0,190.0,93.818444
HAS,2026-08-31 16:20:00+00:00,93.76,93.78,93.71,93.74,5935.0,189.0,93.743918
HAS,2026-08-31 16:25:00+00:00,93.74,93.745,93.7,93.711,6223.0,161.0,93.719605
HAS,2026-08-31 16:30:00+00:00,93.71,93.75,93.61,93.61,4933.0,213.0,93.706073
HAS,2026-08-31 16:35:00+00:00,93.64,93.67,93.6,93.6,4201.0,121.0,93.639529
HAS,2026-08-31 16:40:00+00:00,93.63,93.74,93.63,93.74,6172.0,176.0,93.645287
HAS,2026-08-31 16:45:00+00:00,93.72,93.72,93.62,93.64,18330.0,337.0,93.642284
HAS,2026-08-31 16:50:00+00:00,93.64,93.66,93.515,93.52,19187.0,390.0,93.60632
HAS,2026-08-31 16:55:00+00:00,93.49,93.54,93.475,93.49,5889.0,189.0,93.517857
HAS,2026-08-31 17:00:00+00:00,93.485,93.535,93.43,93.535,6823.0,215.0,93.484679
HAS,2026-08-31 17:05:00+00:00,93.535,93.56,93.49,93.495,4481.0,172.0,93.531
HAS,2026-08-31 17:10:00+00:00,93.52,93.58,93.52,93.565,6564.0,210.0,93.550536
HAS,2026-08-31 17:15:00+00:00,93.565,93.67,93.565,93.635,4599.0,135.0,93.619658
HAS,2026-08-31 17:20:00+00:00,93.645,93.66,93.6,93.61,5479.0,218.0,93.632299
HAS,2026-08-31 17:25:00+00:00,93.6,93.61,93.58,93.59,5222.0,163.0,93.594894
HAS,2026-08-31 17:30:00+00:00,93.56,93.64,93.545,93.635,4947.0,185.0,93.568991
HAS,2026-08-31 17:35:00+00:00,93.635,93.73,93.62,93.705,16870.0,191.0,93.65151
HAS,2026-08-31 17:40:00+00:00,93.72,93.8332,93.72,93.81,5618.0,174.0,93.782212
HAS,2026-08-31 17:45:00+00:00,93.9,93.9,93.83,93.84,2473.0,115.0,93.861667
HAS,2026-08-31 17:50:00+00:00,93.8951,93.98,93.84,93.865,16163.0,288.0,93.897888
HAS,2026-08-31 17:55:00+00:00,93.865,93.93,93.8423,93.885,5512.0,164.0,93.877129
HAS,2026-08-31 18:00:00+00:00,93.83,93.87,93.8,93.86,5910.0,202.0,93.83148
HAS,2026-08-31 18:05:00+00:00,93.86,93.91,93.805,93.805,4089.0,159.0,93.868409
HAS,2026-08-31 18:10:00+00:00,93.775,93.78,93.735,93.755,5118.0,169.0,93.760722
HAS,2026-08-31 18:15:00+00:00,93.79,93.89,93.79,93.83,6308.0,250.0,93.817039
HAS,2026-08-31 18:20:00+00:00,93.83,93.86,93.7908,93.855,7761.0,175.0,93.834733
HAS,2026-08-31 18:25:00+00:00,93.87,93.87,93.81,93.84,5611.0,199.0,93.847431
HAS,2026-08-31 18:30:00+00:00,93.84,93.94,93.84,93.89,10192.0,268.0,93.885623
HAS,2026-08-31 18:35:00+00:00,93.895,93.92,93.86,93.86,8539.0,192.0,93.894311
HAS,2026-08-31 18:40:00+00:00,93.86,93.87,93.835,93.86,6661.0,205.0,93.85733
HAS,2026-08-31 18:45:00+00:00,93.87,93.899,93.8213,93.88,7945.0,242.0,93.860081
HAS,2026-08-31 18:50:00+00:00,93.9,93.97,93.88,93.97,5943.0,189.0,93.920859
HAS,2026-08-31 18:55:00+00:00,94.0,94.045,93.99,93.99,4826.0,168.0,94.007553
HAS,2026-08-31 19:00:00+00:00,93.99,94.1,93.98,94.06,8046.0,261.0,94.049511
HAS,2026-08-31 19:05:00+00:00,94.065,94.08,93.89,93.89,12429.0,359.0,94.004409
HAS,2026-08-31 19:10:00+00:00,93.865,93.905,93.84,93.9,8772.0,246.0,93.884354
HAS,2026-08-31 19:15:00+00:00,93.91,93.94,93.87,93.9,9238.0,277.0,93.900882
HAS,2026-08-31 19:20:00+00:00,93.92,93.96,93.86,93.9,7664.0,252.0,93.918423
HAS,2026-08-31 19:25:00+00:00,93.915,93.94,93.895,93.94,11637.0,366.0,93.917642
HAS,2026-08-31 19:30:00+00:00,93.94,93.97,93.92,93.94,18142.0,464.0,93.937455
HAS,2026-08-31 19:35:00+00:00,93.95,94.065,93.94,93.94,18205.0,511.0,94.012211
HAS,2026-08-31 19:40:00+00:00,93.97,94.045,93.939,93.95,15506.0,463.0,93.969713
HAS,2026-08-31 19:45:00+00:00,93.94,94.07,93.92,94.07,20914.0,490.0,93.984293
HAS,2026-08-31 19:50:00+00:00,94.07,94.41,94.07,94.304,42913.0,943.0,94.266314
HAS,2026-08-31 19:55:00+00:00,94.27,94.28,94.07,94.095,94572.0,2206.0,94.14505
HAS,2026-08-31 20:00:00+00:00,94.1,94.1,94.1,94.1,509976.0,37.0,94.1
HAS,2026-09-01 13:30:00+00:00,93.41,93.91,93.41,93.68,21753.0,104.0,93.472216
HAS,2026-09-01 13:35:00+00:00,93.47,93.74,93.47,93.65,5667.0,126.0,93.642124
HAS,2026-09-01 13:40:00+00:00,93.75,93.98,93.75,93.75,5871.0,173.0,93.855238
HAS,2026-09-01 13:45:00+00:00,93.65,93.83,93.54,93.735,4484.0,109.0,93.7299
HAS,2026-09-01 13:50:00+00:00,93.66,94.02,93.49,93.49,7811.0,185.0,93.82231
HAS,2026-09-01 13:55:00+00:00,93.47,93.86,93.47,93.855,6488.0,188.0,93.670215
HAS,2026-09-01 14:00:00+00:00,93.98,93.995,93.89,93.995,3249.0,134.0,93.97657
HAS,2026-09-01 14:05:00+00:00,93.995,94.01,93.93,94.005,3923.0,182.0,93.993865
HAS,2026-09-01 14:10:00+00:00,94.0051,94.21,93.92,94.19,8841.0,238.0,94.037306
HAS,2026-09-01 14:15:00+00:00,94.32,94.42,94.26,94.385,4551.0,164.0,94.303933
HAS,2026-09-01 14:20:00+00:00,94.43,94.6299,94.37,94.53,6215.0,200.0,94.50762
HAS,2026-09-01 14:25:00+00:00,94.46,94.745,94.46,94.5,9232.0,281.0,94.622327
HAS,2026-09-01 14:30:00+00:00,94.57,94.65,94.53,94.58,12867.0,311.0,94.595562
HAS,2026-09-01 14:35:00+00:00,94.6,94.6,94.51,94.54,6563.0,209.0,94.555163
HAS,2026-09-01 14:40:00+00:00,94.54,94.5696,94.5,94.51,3593.0,150.0,94.534813
HAS,2026-09-01 14:45:00+00:00,94.46,94.54,94.34,94.35,9193.0,277.0,94.436517
HAS,2026-09-01 14:50:00+00:00,94.31,94.33,94.14,94.14,3702.0,167.0,94.240954
HAS,2026-09-01 14:55:00+00:00,94.075,94.17,93.96,94.005,3578.0,183.0,94.076515
HAS,2026-09-01 15:00:00+00:00,93.94,94.005,93.89,93.89,3278.0,145.0,93.946831
HAS,2026-09-01 15:05:00+00:00,93.945,94.05,93.945,93.96,11988.0,133.0,94.004835
HAS,2026-09-01 15:10:00+00:00,94.03,94.205,93.83,93.83,16722.0,333.0,94.067346
HAS,2026-09-01 15:15:00+00:00,93.84,94.11,93.81,94.11,8979.0,334.0,93.936621
HAS,2026-09-01 15:20:00+00:00,94.105,94.105,93.975,94.0,5826.0,253.0,94.037557
HAS,2026-09-01 15:25:00+00:00,93.92,94.01,93.92,93.98,4104.0,180.0,93.964462
HAS,2026-09-01 15:30:00+00:00,94.01,94.07,93.99,94.045,4641.0,201.0,94.025136
HAS,2026-09-01 15:35:00+00:00,94.025,94.025,94.02,94.02,860.0,51.0,94.022409
HAS,2026-09-01 15:40:00+00:00,94.06,94.19,94.06,94.09,6198.0,238.0,94.128092
HAS,2026-09-01 15:45:00+00:00,94.14,94.16,94.09,94.09,1149.0,53.0,94.144868
HAS,2026-09-01 15:50:00+00:00,94.101,94.15,94.06,94.15,5634.0,174.0,94.098581
HAS,2026-09-01 15:55:00+00:00,94.179,94.179,94.06,94.07,4809.0,156.0,94.104895
HAS,2026-09-01 16:00:00+00:00,94.1,94.12,94.03,94.093,4228.0,159.0,94.096566
HAS,2026-09-01 16:05:00+00:00,94.09,94.09,93.87,93.87,5952.0,195.0,93.999043
HAS,2026-09-01 16:10:00+00:00,93.9,93.92,93.86,93.905,10638.0,281.0,93.904861
HAS,2026-09-01 16:15:00+00:00,93.86,93.89,93.85,93.86,3207.0,156.0,93.876296
HAS,2026-09-01 16:20:00+00:00,93.85,93.86,93.78,93.79,4358.0,191.0,93.8324
HAS,2026-09-01 16:25:00+00:00,93.775,93.775,93.69,93.74,3933.0,169.0,93.726667
HAS,2026-09-01 16:30:00+00:00,93.7,93.7,93.54,93.54,4446.0,178.0,93.651972
HAS,2026-09-01 16:35:00+00:00,93.58,93.61,93.48,93.57,3840.0,138.0,93.574545
HAS,2026-09-01 16:40:00+00:00,93.61,93.61,93.55,93.55,3096.0,128.0,93.571812
HAS,2026-09-01 16:45:00+00:00,93.575,93.6,93.46,93.48,4835.0,187.0,93.509842
HAS,2026-09-01 16:50:00+00:00,93.525,93.56,93.49,93.54,3734.0,144.0,93.511586
HAS,2026-09-01 16:55:00+00:00,93.525,93.62,93.525,93.57,4656.0,178.0,93.5738
HAS,2026-09-01 17:00:00+00:00,93.6499,93.77,93.6,93.66,5819.0,196.0,93.704323
HAS,2026-09-01 17:05:00+00:00,93.62,93.64,93.59,93.64,1882.0,105.0,93.61765
HAS,2026-09-01 17:10:00+00:00,93.68,93.75,93.68,93.72,3514.0,167.0,93.725633
HAS,2026-09-01 17:15:00+00:00,93.7,93.725,93.64,93.66,2968.0,138.0,93.696667
HAS,2026-09-01 17:20:00+00:00,93.64,93.71,93.64,93.66,6972.0,173.0,93.693257
HAS,2026-09-01 17:25:00+00:00,93.645,93.645,93.53,93.54,3462.0,169.0,93.61082
HAS,2026-09-01 17:30:00+00:00,93.55,93.69,93.54,93.635,7214.0,208.0,93.628168
HAS,2026-09-01 17:35:00+00:00,93.57,93.57,93.38,93.38,3371.0,162.0,93.521747
HAS,2026-09-01 17:40:00+00:00,93.38,93.54,93.38,93.51,3487.0,119.0,93.50101
HAS,2026-09-01 17:45:00+00:00,93.49,93.54,93.43,93.54,6101.0,237.0,93.474732
HAS,2026-09-01 17:50:00+00:00,93.5,93.55,93.49,93.506,5586.0,207.0,93.516766
HAS,2026-09-01 17:55:00+00:00,93.52,93.57,93.48,93.57,5503.0,181.0,93.515316
HAS,2026-09-01 18:00:00+00:00,93.56,93.59,93.5213,93.59,3179.0,138.0,93.57104
HAS,2026-09-01 18:05:00+00:00,93.585,93.61,93.57,93.57,5450.0,190.0,93.595008
HAS,2026-09-01 18:10:00+00:00,93.56,93.561,93.46,93.56,9391.0,299.0,93.520298
HAS,2026-09-01 18:15:00+00:00,93.57,93.655,93.57,93.6,5601.0,230.0,93.624712
HAS,2026-09-01 18:20:00+00:00,93.62,93.665,93.62,93.62,2993.0,127.0,93.6375
HAS,2026-09-01 18:25:00+00:00,93.62,93.66,93.56,93.585,5821.0,256.0,93.620225
HAS,2026-09-01 18:30:00+00:00,93.61,93.65,93.585,93.65,5449.0,200.0,93.613037
HAS,2026-09-01 18:35:00+00:00,93.66,93.66,93.59,93.6,3795.0,180.0,93.619789
HAS,2026-09-01 18:40:00+00:00,93.595,93.62,93.51,93.51,6300.0,274.0,93.555791
HAS,2026-09-01 18:45:00+00:00,93.51,93.51,93.451,93.48,4056.0,191.0,93.488846
HAS,2026-09-01 18:50:00+00:00,93.48,93.51,93.47,93.485,3430.0,174.0,93.494269
HAS,2026-09-01 18:55:00+00:00,93.51,93.59,93.51,93.59,7151.0,336.0,93.553606
HAS,2026-09-01 19:00:00+00:00,93.584,93.61,93.56,93.61,5068.0,192.0,93.586794
HAS,2026-09-01 19:05:00+00:00,93.61,93.61,93.53,93.535,6118.0,234.0,93.552675
HAS,2026-09-01 19:10:00+00:00,93.56,93.63,93.53,93.6,9686.0,361.0,93.572977
HAS,2026-09-01 19:15:00+00:00,93.63,93.63,93.55,93.56,7245.0,238.0,93.586437
HAS,2026-09-01 19:20:00+00:00,93.56,93.6,93.505,93.56,12392.0,397.0,93.564697
HAS,2026-09-01 19:25:00+00:00,93.59,93.6,93.54,93.56,5156.0,231.0,93.57534
HAS,2026-09-01 19:30:00+00:00,93.56,93.63,93.53,93.63,16958.0,554.0,93.59304
HAS,2026-09-01 19:35:00+00:00,93.625,93.625,93.4,93.4,11606.0,486.0,93.516805
HAS,2026-09-01 19:40:00+00:00,93.39,93.4,93.27,93.29,21562.0,566.0,93.354623
HAS,2026-09-01 19:45:00+00:00,93.29,93.3,93.22,93.29,18221.0,559.0,93.277796
HAS,2026-09-01 19:50:00+00:00,93.28,93.4,93.02,93.295,47007.0,1205.0,93.160486
HAS,2026-09-01 19:55:00+00:00,93.275,93.275,92.98,93.21,124274.0,2380.0,93.100996
HAS,2026-09-01 20:00:00+00:00,93.2,93.2,93.2,93.2,528681.0,57.0,93.2
HAS,2026-09-02 13:30:00+00:00,93.43,94.215,92.93,94.0,18432.0,224.0,93.500217
HAS,2026-09-02 13:35:00+00:00,93.92,93.935,93.58,93.83,2682.0,122.0,93.830999
HAS,2026-09-02 13:40:00+00:00,93.83,93.83,93.375,93.415,3089.0,105.0,93.464638
HAS,2026-09-02 13:45:00+00:00,93.31,93.465,93.22,93.325,5775.0,161.0,93.337927
HAS,2026-09-02 13:50:00+00:00,93.335,93.695,93.335,93.695,1568.0,90.0,93.539729
HAS,2026-09-02 13:55:00+00:00,93.65,93.96,93.65,93.96,2520.0,79.0,93.842857
HAS,2026-09-02 14:00:00+00:00,93.845,93.845,93.51,93.6,3008.0,127.0,93.63054
HAS,2026-09-02 14:05:00+00:00,93.6,93.6,93.27,93.4999,13309.0,292.0,93.420723
HAS,2026-09-02 14:10:00+00:00,93.415,93.56,93.415,93.56,7302.0,215.0,93.496083
HAS,2026-09-02 14:15:00+00:00,93.53,93.53,93.28,93.28,10187.0,242.0,93.426584
HAS,2026-09-02 14:20:00+00:00,93.33,93.736,93.33,93.63,12650.0,280.0,93.562012
HAS,2026-09-02 14:25:00+00:00,93.625,93.79,93.625,93.705,6674.0,182.0,93.71208
HAS,2026-09-02 14:30:00+00:00,93.705,93.83,93.54,93.83,6159.0,200.0,93.664831
HAS,2026-09-02 14:35:00+00:00,93.91,93.96,93.79,93.82,3151.0,109.0,93.865853
HAS,2026-09-02 14:40:00+00:00,93.7633,93.95,93.7633,93.94,2251.0,106.0,93.8686
HAS,2026-09-02 14:45:00+00:00,93.8,93.89,93.8,93.89,1853.0,64.0,93.818462
HAS,2026-09-02 14:50:00+00:00,93.91,93.95,93.8625,93.95,4895.0,92.0,93.894038
HAS,2026-09-02 14:55:00+00:00,93.95,94.01,93.85,94.01,5914.0,221.0,93.930842
HAS,2026-09-02 15:00:00+00:00,94.06,94.069,93.96,94.0,4220.0,179.0,94.005592
HAS,2026-09-02 15:05:00+00:00,94.0,94.0,93.86,93.86,2935.0,154.0,93.971875
HAS,2026-09-02 15:10:00+00:00,93.94,93.94,93.94,93.94,313.0,17.0,93.94
HAS,2026-09-02 15:15:00+00:00,93.97,93.97,93.82,93.87,7170.0,240.0,93.91529
HAS,2026-09-02 15:20:00+00:00,93.86,93.86,93.72,93.77,6318.0,208.0,93.827756
HAS,2026-09-02 15:25:00+00:00,93.715,93.79,93.625,93.625,7667.0,232.0,93.722779
HAS,2026-09-02 15:30:00+00:00,93.66,93.69,93.58,93.62,3066.0,137.0,93.654176
HAS,2026-09-02 15:35:00+00:00,93.66,93.67,93.64,93.64,2937.0,160.0,93.648636
HAS,2026-09-02 15:40:00+00:00,93.64,93.655,93.535,93.535,4798.0,279.0,93.595039
HAS,2026-09-02 15:45:00+00:00,93.535,93.535,93.35,93.365,6360.0,283.0,93.42834
HAS,2026-09-02 15:50:00+00:00,93.365,93.38,93.3304,93.365,2489.0,136.0,93.359761
HAS,2026-09-02 15:55:00+00:00,93.3554,93.36,93.18,93.33,8651.0,302.0,93.262331
HAS,2026-09-02 16:00:00+00:00,93.295,93.295,93.165,93.165,6408.0,245.0,93.253456
HAS,2026-09-02 16:05:00+00:00,93.165,93.29,93.165,93.29,5049.0,154.0,93.246426
HAS,2026-09-02 16:10:00+00:00,93.33,93.38,93.295,93.38,4370.0,164.0,93.339959
HAS,2026-09-02 16:15:00+00:00,93.42,93.42,93.1,93.2,7651.0,269.0,93.255879
HAS,2026-09-02 16:20:00+00:00,93.27,93.27,93.2625,93.27,2534.0,97.0,93.265148
HAS,2026-09-02 16:25:00+00:00,93.255,93.255,93.18,93.18,1942.0,120.0,93.215039
HAS,2026-09-02 16:30:00+00:00,93.18,93.18,93.08,93.18,5232.0,146.0,93.123338
HAS,2026-09-02 16:35:00+00:00,93.21,93.22,93.17,93.18,3214.0,117.0,93.187403
HAS,2026-09-02 16:40:00+00:00,93.18,93.41,93.15,93.34,13466.0,205.0,93.25067
HAS,2026-09-02 16:45:00+00:00,93.35,93.385,93.32,93.375,6005.0,187.0,93.352879
HAS,2026-09-02 16:50:00+00:00,93.38,93.41,93.37,93.37,2789.0,110.0,93.391909
HAS,2026-09-02 16:55:00+00:00,93.365,93.365,93.26,93.27,3240.0,191.0,93.306413
HAS,2026-09-02 17:00:00+00:00,93.26,93.415,93.26,93.4047,5374.0,239.0,93.327614
HAS,2026-09-02 17:05:00+00:00,93.37,93.385,93.37,93.385,879.0,57.0,93.3775
HAS,2026-09-02 17:10:00+00:00,93.385,93.385,93.22,93.25,7027.0,244.0,93.311251
HAS,2026-09-02 17:15:00+00:00,93.22,93.22,93.17,93.17,3344.0,156.0,93.198079
HAS,2026-09-02 17:20:00+00:00,93.13,93.135,93.05,93.065,7495.0,274.0,93.106875
HAS,2026-09-02 17:25:00+00:00,93.065,93.07,92.99,92.99,2506.0,134.0,93.039286
HAS,2026-09-02 17:30:00+00:00,93.03,93.06,92.895,92.895,3685.0,209.0,93.002597
HAS,2026-09-02 17:35:00+00:00,92.93,92.97,92.88,92.895,4395.0,222.0,92.91675
HAS,2026-09-02 17:40:00+00:00,92.92,93.01,92.92,92.945,6134.0,252.0,92.969869
HAS,2026-09-02 17:45:00+00:00,92.94,92.98,92.88,92.98,2639.0,130.0,92.914421
HAS,2026-09-02 17:50:00+00:00,92.99,93.125,92.99,93.115,6438.0,322.0,93.035704
HAS,2026-09-02 17:55:00+00:00,93.12,93.25,93.12,93.24,4406.0,205.0,93.199276
HAS,2026-09-02 18:00:00+00:00,93.27,93.33,93.25,93.33,3770.0,202.0,93.284688
HAS,2026-09-02 18:05:00+00:00,93.32,93.35,93.25,93.265,9246.0,247.0,93.258345
HAS,2026-09-02 18:10:00+00:00,93.26,93.2999,92.83,92.83,12620.0,473.0,92.990529
HAS,2026-09-02 18:15:00+00:00,92.835,92.92,92.83,92.91,7827.0,370.0,92.884988
HAS,2026-09-02 18:20:00+00:00,92.79,92.79,92.67,92.67,4267.0,251.0,92.729333
HAS,2026-09-02 18:25:00+00:00,92.7,92.74,92.67,92.675,5532.0,300.0,92.694552
HAS,2026-09-02 18:30:00+00:00,92.675,92.71,92.645,92.655,8516.0,287.0,92.662054
HAS,2026-09-02 18:35:00+00:00,92.7,92.76,92.63,92.63,6026.0,270.0,92.701333
HAS,2026-09-02 18:40:00+00:00,92.66,92.81,92.64,92.81,4916.0,264.0,92.711579
HAS,2026-09-02 18:45:00+00:00,92.795,92.795,92.7001,92.745,6256.0,305.0,92.73202
HAS,2026-09-02 18:50:00+00:00,92.74,92.74,92.67,92.715,5688.0,314.0,92.700279
HAS,2026-09-02 18:55:00+00:00,92.76,92.9,92.76,92.9,6207.0,326.0,92.833655
HAS,2026-09-02 19:00:00+00:00,92.87,92.9884,92.8,92.83,7463.0,346.0,92.903709
HAS,2026-09-02 19:05:00+00:00,92.86,92.91,92.73,92.73,6808.0,298.0,92.857838
HAS,2026-09-02 19:10:00+00:00,92.73,92.84,92.73,92.82,7447.0,280.0,92.807818
HAS,2026-09-02 19:15:00+00:00,92.79,92.82,92.7365,92.81,5041.0,223.0,92.787418
HAS,2026-09-02 19:20:00+00:00,92.82,92.91,92.79,92.845,12610.0,408.0,92.847148
HAS,2026-09-02 19:25:00+00:00,92.89,93.1,92.87,93.07,9245.0,369.0,93.00343
HAS,2026-09-02 19:30:00+00:00,93.04,93.04,92.8901,92.93,10243.0,411.0,92.987826
HAS,2026-09-02 19:35:00+00:00,92.96,93.01,92.91,92.94,18326.0,537.0,92.956528
HAS,2026-09-02 19:40:00+00:00,92.945,93.045,92.91,93.045,17351.0,476.0,92.977703
HAS,2026-09-02 19:45:00+00:00,93.04,93.09,92.98,93.09,16539.0,556.0,93.044845
HAS,2026-09-02 19:50:00+00:00,93.075,93.28,92.94,93.265,40165.0,1005.0,93.056637
HAS,2026-09-02 19:55:00+00:00,93.32,93.62,93.24,93.49,195199.0,2996.0,93.491392
HAS,2026-09-02 20:00:00+00:00,93.5,93.5,93.5,93.5,212584.0,62.0,93.5
HAS,2026-09-02 20:10:00+00:00,93.5,93.5,93.5,93.5,195863.0,1.0,93.5
HAS,2026-09-03 12:55:00+00:00,93.99,93.99,93.99,93.99,343.0,8.0,93.99
HAS,2026-09-03 13:30:00+00:00,94.01,94.19,93.485,94.01,21293.0,218.0,94.0073
HAS,2026-09-03 13:35:00+00:00,93.93,93.945,93.83,93.83,2148.0,59.0,93.889345
HAS,2026-09-03 13:40:00+00:00,93.59,93.79,93.58,93.69,8527.0,163.0,93.677803
HAS,2026-09-03 13:45:00+00:00,93.665,94.03,93.665,93.7,5900.0,202.0,93.860138
HAS,2026-09-03 13:50:00+00:00,93.7,93.73,93.61,93.64,2835.0,99.0,93.670576
HAS,2026-09-03 13:55:00+00:00,93.78,93.82,93.58,93.61,5501.0,200.0,93.656116
HAS,2026-09-03 14:00:00+00:00,93.53,93.53,93.11,93.11,5364.0,267.0,93.292469
HAS,2026-09-03 14:05:00+00:00,93.26,93.26,93.01,93.01,8590.0,220.0,93.170044
HAS,2026-09-03 14:10:00+00:00,93.01,93.07,93.0,93.0,10516.0,251.0,93.05493
HAS,2026-09-03 14:15:00+00:00,93.0,93.0,92.775,92.945,14903.0,373.0,92.867824
HAS,2026-09-03 14:20:00+00:00,92.9,92.95,92.72,92.74,9812.0,262.0,92.798315
HAS,2026-09-03 14:25:00+00:00,92.74,92.91,92.73,92.83,9638.0,265.0,92.835018
HAS,2026-09-03 14:30:00+00:00,92.87,92.925,92.83,92.87,2808.0,101.0,92.896364
HAS,2026-09-03 14:35:00+00:00,92.93,93.135,92.925,93.13,9179.0,238.0,93.00302
HAS,2026-09-03 14:40:00+00:00,93.11,93.2,93.11,93.155,7682.0,187.0,93.131122
HAS,2026-09-03 14:45:00+00:00,93.2,93.4901,93.2,93.455,5938.0,209.0,93.382983
HAS,2026-09-03 14:50:00+00:00,93.48,93.48,93.36,93.36,3098.0,108.0,93.413187
HAS,2026-09-03 14:55:00+00:00,93.36,93.49,93.35,93.385,11353.0,320.0,93.422231
HAS,2026-09-03 15:00:00+00:00,93.39,93.39,93.225,93.28,6484.0,232.0,93.299751
HAS,2026-09-03 15:05:00+00:00,93.32,93.34,93.13,93.13,4718.0,196.0,93.268957
HAS,2026-09-03 15:10:00+00:00,93.15,93.19,92.76,92.825,34256.0,349.0,93.11992
HAS,2026-09-03 15:15:00+00:00,92.78,92.93,92.78,92.91,11316.0,381.0,92.881426
HAS,2026-09-03 15:20:00+00:00,92.82,92.85,92.78,92.825,3477.0,167.0,92.818203
HAS,2026-09-03 15:25:00+00:00,92.87,93.18,92.87,93.18,8118.0,302.0,93.006088
HAS,2026-09-03 15:30:00+00:00,93.18,93.31,93.115,93.22,5727.0,196.0,93.235187
HAS,2026-09-03 15:35:00+00:00,93.19,93.22,93.15,93.22,5184.0,343.0,93.185
HAS,2026-09-03 15:40:00+00:00,93.22,93.33,93.22,93.305,9444.0,244.0,93.267554
HAS,2026-09-03 15:45:00+00:00,93.315,93.38,93.26,93.33,3528.0,157.0,93.336349
HAS,2026-09-03 15:50:00+00:00,93.33,93.37,93.18,93.18,6946.0,205.0,93.30244
HAS,2026-09-03 15:55:00+00:00,93.22,93.27,93.19,93.26,6335.0,197.0,93.228952
HAS,2026-09-03 16:00:00+00:00,93.245,93.245,93.175,93.18,5679.0,210.0,93.197172
HAS,2026-09-03 16:05:00+00:00,93.18,93.18,93.1,93.11,3311.0,165.0,93.124024
HAS,2026-09-03 16:10:00+00:00,93.05,93.07,93.03,93.07,2058.0,98.0,93.055599
HAS,2026-09-03 16:15:00+00:00,93.07,93.1,92.92,92.95,7404.0,294.0,93.047766
HAS,2026-09-03 16:20:00+00:00,92.96,93.105,92.95,92.97,14503.0,448.0,93.035709
HAS,2026-09-03 16:25:00+00:00,92.985,92.985,92.94,92.97,2261.0,74.0,92.972352
HAS,2026-09-03 16:30:00+00:00,93.0,93.03,92.995,92.995,942.0,76.0,93.015
HAS,2026-09-03 16:35:00+00:00,93.0169,93.0169,92.84,92.95,3117.0,175.0,92.930025
HAS,2026-09-03 16:40:00+00:00,92.9066,92.98,92.905,92.97,3889.0,145.0,92.956843
HAS,2026-09-03 16:45:00+00:00,92.87,93.01,92.87,93.01,4027.0,146.0,92.976388
HAS,2026-09-03 16:50:00+00:00,92.98,92.98,92.82,92.82,3942.0,169.0,92.929608
HAS,2026-09-03 16:55:00+00:00,92.83,92.8453,92.785,92.785,3734.0,165.0,92.813905
HAS,2026-09-03 17:00:00+00:00,92.765,92.782,92.76,92.76,1967.0,146.0,92.766105
HAS,2026-09-03 17:05:00+00:00,92.73,92.76,92.72,92.76,2345.0,87.0,92.750099
HAS,2026-09-03 17:10:00+00:00,92.73,92.77,92.685,92.745,7858.0,280.0,92.731934
HAS,2026-09-03 17:15:00+00:00,92.76,92.78,92.59,92.59,6963.0,249.0,92.730625
HAS,2026-09-03 17:20:00+00:00,92.57,92.57,92.465,92.485,3520.0,149.0,92.532162
HAS,2026-09-03 17:25:00+00:00,92.52,92.53,92.35,92.37,4896.0,221.0,92.437
HAS,2026-09-03 17:30:00+00:00,92.36,92.44,92.32,92.38,8787.0,279.0,92.372817
HAS,2026-09-03 17:35:00+00:00,92.34,92.37,92.34,92.355,1196.0,72.0,92.355
HAS,2026-09-03 17:40:00+00:00,92.355,92.47,92.34,92.45,15369.0,274.0,92.421097
HAS,2026-09-03 17:45:00+00:00,92.49,92.82,92.49,92.65,75887.0,723.0,92.602771
HAS,2026-09-03 17:50:00+00:00,92.62,92.71,92.62,92.64,4547.0,181.0,92.671429
HAS,2026-09-03 17:55:00+00:00,92.69,92.77,92.62,92.62,5987.0,177.0,92.726722
HAS,2026-09-03 18:00:00+00:00,92.675,92.675,92.48,92.575,11491.0,337.0,92.546709
HAS,2026-09-03 18:05:00+00:00,92.5976,92.5976,92.49,92.505,4906.0,160.0,92.555226
HAS,2026-09-03 18:10:00+00:00,92.495,92.67,92.495,92.665,7286.0,253.0,92.596103
HAS,2026-09-03 18:15:00+00:00,92.665,92.71,92.61,92.695,5507.0,258.0,92.66059
HAS,2026-09-03 18:20:00+00:00,92.695,92.74,92.66,92.74,9175.0,326.0,92.710589
HAS,2026-09-03 18:25:00+00:00,92.715,92.715,92.5701,92.655,6158.0,311.0,92.652229
HAS,2026-09-03 18:30:00+00:00,92.645,92.79,92.64,92.79,8589.0,299.0,92.729692
HAS,2026-09-03 18:35:00+00:00,92.82,92.88,92.82,92.86,3749.0,184.0,92.84946
HAS,2026-09-03 18:40:00+00:00,92.86,92.88,92.81,92.82,3884.0,195.0,92.835755
HAS,2026-09-03 18:45:00+00:00,92.8,92.87,92.74,92.845,4559.0,200.0,92.808311
HAS,2026-09-03 18:50:00+00:00,92.85,92.88,92.82,92.85,4177.0,166.0,92.860861
HAS,2026-09-03 18:55:00+00:00,92.855,92.97,92.8,92.97,13607.0,404.0,92.905096
HAS,2026-09-03 19:00:00+00:00,92.95,92.99,92.94,92.99,4637.0,302.0,92.96287
HAS,2026-09-03 19:05:00+00:00,93.0,93.0,92.84,92.87,5477.0,220.0,92.944105
HAS,2026-09-03 19:10:00+00:00,92.865,93.035,92.865,92.96,8013.0,317.0,92.958867
HAS,2026-09-03 19:15:00+00:00,92.92,93.05,92.92,93.05,12621.0,338.0,92.992181
HAS,2026-09-03 19:20:00+00:00,93.05,93.05,93.01,93.01,4048.0,250.0,93.029964
HAS,2026-09-03 19:25:00+00:00,93.01,93.115,92.965,93.115,17276.0,480.0,93.016716
HAS,2026-09-03 19:30:00+00:00,93.11,93.24,93.11,93.205,8736.0,400.0,93.189467
HAS,2026-09-03 19:35:00+00:00,93.21,93.28,93.17,93.26,13676.0,391.0,93.23291
HAS,2026-09-03 19:40:00+00:00,93.255,93.28,93.21,93.225,14540.0,446.0,93.250417
HAS,2026-09-03 19:45:00+00:00,93.2,93.22,93.12,93.145,20581.0,609.0,93.171234
HAS,2026-09-03 19:50:00+00:00,93.12,93.13,92.855,92.865,37690.0,940.0,92.978496
HAS,2026-09-03 19:55:00+00:00,92.83,93.05,92.68,93.01,127051.0,2619.0,92.922872
HAS,2026-09-03 20:00:00+00:00,93.0,93.0,93.0,93.0,388465.0,80.0,93.0
HAS,2026-09-03 20:05:00+00:00,91.5084,93.0,91.5084,93.0,629.0,3.0,92.277952
HAS,2026-09-04 12:35:00+00:00,94.86,94.86,94.86,94.86,100.0,1.0,94.86
HAS,2026-09-04 13:30:00+00:00,92.15,92.74,92.15,92.4211,17976.0,244.0,92.298385
HAS,2026-09-04 13:35:00+00:00,92.82,92.845,92.106,92.525,12804.0,248.0,92.501194
HAS,2026-09-04 13:40:00+00:00,92.4997,92.815,92.42,92.42,8775.0,208.0,92.680669
HAS,2026-09-04 13:45:00+00:00,92.36,92.39,91.63,91.81,7834.0,241.0,92.067011
HAS,2026-09-04 13:50:00+00:00,91.82,91.82,91.61,91.61,9741.0,172.0,91.761205
HAS,2026-09-04 13:55:00+00:00,91.59,91.83,91.1,91.1,36372.0,502.0,91.560363
HAS,2026-09-04 14:00:00+00:00,91.175,91.34,91.01,91.15,5037.0,218.0,91.180312
HAS,2026-09-04 14:05:00+00:00,91.21,91.5,91.06,91.485,9286.0,427.0,91.26482
HAS,2026-09-04 14:10:00+00:00,91.485,91.5,91.355,91.49,7284.0,297.0,91.455554
HAS,2026-09-04 14:15:00+00:00,91.58,91.6799,91.415,91.59,13779.0,390.0,91.566904
HAS,2026-09-04 14:20:00+00:00,91.6125,92.0,91.605,92.0,11246.0,288.0,91.794752
HAS,2026-09-04 14:25:00+00:00,91.99,92.24,91.98,92.155,38020.0,460.0,92.106401
HAS,2026-09-04 14:30:00+00:00,92.08,92.145,91.95,91.95,10912.0,329.0,92.012596
HAS,2026-09-04 14:35:00+00:00,91.91,91.91,91.62,91.72,83584.0,772.0,91.70183
HAS,2026-09-04 14:40:00+00:00,91.715,91.89,91.715,91.875,8224.0,261.0,91.838462
HAS,2026-09-04 14:45:00+00:00,91.875,91.99,91.755,91.86,15041.0,296.0,91.888503
HAS,2026-09-04 14:50:00+00:00,91.8,91.8,91.56,91.57,9661.0,321.0,91.637068
HAS,2026-09-04 14:55:00+00:00,91.66,91.72,91.66,91.69,2342.0,123.0,91.684167
HAS,2026-09-04 15:00:00+00:00,91.7,92.04,91.67,92.04,12703.0,298.0,91.817677
HAS,2026-09-04 15:05:00+00:00,92.06,92.27,92.03,92.18,5714.0,171.0,92.101168
HAS,2026-09-04 15:10:00+00:00,92.15,92.23,92.04,92.165,10135.0,273.0,92.142527
HAS,2026-09-04 15:15:00+00:00,92.185,92.24,92.185,92.205,5529.0,170.0,92.216723
HAS,2026-09-04 15:20:00+00:00,92.205,92.77,92.205,92.76,12682.0,365.0,92.428062
HAS,2026-09-04 15:25:00+00:00,92.81,92.94,92.805,92.905,9260.0,303.0,92.870131
HAS,2026-09-04 15:30:00+00:00,92.83,92.99,92.76,92.77,11439.0,360.0,92.865305
HAS,2026-09-04 15:35:00+00:00,92.79,92.98,92.725,92.935,6534.0,247.0,92.848062
HAS,2026-09-04 15:40:00+00:00,92.935,93.07,92.935,93.07,4523.0,155.0,92.995687
HAS,2026-09-04 15:45:00+00:00,93.11,93.185,93.06,93.135,8246.0,291.0,93.142684
HAS,2026-09-04 15:50:00+00:00,93.1225,93.19,93.1225,93.16,4802.0,167.0,93.151124
HAS,2026-09-04 15:55:00+00:00,93.19,93.19,92.875,92.875,33530.0,644.0,93.119106
HAS,2026-09-04 16:00:00+00:00,92.875,93.085,92.85,92.92,5471.0,299.0,92.962017
HAS,2026-09-04 16:05:00+00:00,92.95,93.065,92.94,93.05,7598.0,181.0,92.98525
HAS,2026-09-04 16:10:00+00:00,93.05,93.06,93.0,93.05,4284.0,152.0,93.032356
HAS,2026-09-04 16:15:00+00:00,93.14,93.16,93.13,93.155,1868.0,70.0,93.149436
HAS,2026-09-04 16:20:00+00:00,93.19,93.32,93.175,93.3,3685.0,160.0,93.254492
HAS,2026-09-04 16:25:00+00:00,93.29,93.32,93.105,93.195,7489.0,246.0,93.233101
HAS,2026-09-04 16:30:00+00:00,93.175,93.175,93.13,93.14,5551.0,188.0,93.15697
HAS,2026-09-04 16:35:00+00:00,93.14,93.21,93.14,93.21,4382.0,98.0,93.162389
HAS,2026-09-04 16:40:00+00:00,93.17,93.17,93.035,93.07,4567.0,214.0,93.079753
HAS,2026-09-04 16:45:00+00:00,93.05,93.13,93.05,93.1,2833.0,122.0,93.099224
HAS,2026-09-04 16:50:00+00:00,93.13,93.13,93.02,93.04,4637.0,155.0,93.068093
HAS,2026-09-04 16:55:00+00:00,93.05,93.16,93.05,93.1,5232.0,261.0,93.121565
HAS,2026-09-04 17:00:00+00:00,93.08,93.1,92.95,92.99,4269.0,189.0,93.020968
HAS,2026-09-04 17:05:00+00:00,93.03,93.03,92.99,92.99,1070.0,52.0,93.00766
HAS,2026-09-04 17:10:00+00:00,92.98,93.07,92.98,93.035,2562.0,107.0,93.031451
HAS,2026-09-04 17:15:00+00:00,93.05,93.05,93.01,93.04,4873.0,151.0,93.032556
HAS,2026-09-04 17:20:00+00:00,93.045,93.05,92.99,92.99,4770.0,189.0,93.024742
HAS,2026-09-04 17:25:00+00:00,92.97,93.05,92.97,93.05,3703.0,113.0,92.997056
HAS,2026-09-04 17:30:00+00:00,93.065,93.08,93.02,93.08,4872.0,218.0,93.051397
HAS,2026-09-04 17:35:00+00:00,93.075,93.075,93.01,93.01,5363.0,171.0,93.052663
HAS,2026-09-04 17:40:00+00:00,93.04,93.045,92.99,93.03,4591.0,181.0,93.023258
HAS,2026-09-04 17:45:00+00:00,93.01,93.12,93.0,93.1,4602.0,216.0,93.047946
HAS,2026-09-04 17:50:00+00:00,93.105,93.19,93.09,93.18,9082.0,200.0,93.135831
HAS,2026-09-04 17:55:00+00:00,93.2,93.24,93.16,93.185,4390.0,159.0,93.193289
HAS,2026-09-04 18:00:00+00:00,93.185,93.295,93.175,93.27,8303.0,288.0,93.227057
HAS,2026-09-04 18:05:00+00:00,93.27,93.28,93.215,93.26,5159.0,173.0,93.245678
HAS,2026-09-04 18:10:00+00:00,93.29,93.35,93.26,93.33,7301.0,262.0,93.300569
HAS,2026-09-04 18:15:00+00:00,93.35,93.355,93.25,93.25,6498.0,258.0,93.307028
HAS,2026-09-04 18:20:00+00:00,93.26,93.29,93.22,93.22,6451.0,254.0,93.267615
HAS,2026-09-04 18:25:00+00:00,93.205,93.24,93.14,93.14,7093.0,258.0,93.199586
HAS,2026-09-04 18:30:00+00:00,93.1,93.19,93.1,93.19,5930.0,227.0,93.136739
HAS,2026-09-04 18:35:00+00:00,93.175,93.19,93.15,93.16,3658.0,204.0,93.172374
HAS,2026-09-04 18:40:00+00:00,93.16,93.18,93.12,93.15,6490.0,272.0,93.147627
HAS,2026-09-04 18:45:00+00:00,93.15,93.19,93.14,93.14,8987.0,359.0,93.160642
HAS,2026-09-04 18:50:00+00:00,93.12,93.15,93.07,93.12,9432.0,394.0,93.124367
HAS,2026-09-04 18:55:00+00:00,93.11,93.14,93.075,93.105,5340.0,243.0,93.109653
HAS,2026-09-04 19:00:00+00:00,93.07,93.075,93.03,93.075,4704.0,194.0,93.052378
HAS,2026-09-04 19:05:00+00:00,93.075,93.08,92.93,92.94,7348.0,371.0,93.025629
HAS,2026-09-04 19:10:00+00:00,92.935,92.95,92.855,92.89,8237.0,344.0,92.885998
HAS,2026-09-04 19:15:00+00:00,92.89,92.91,92.83,92.83,9019.0,367.0,92.87519
HAS,2026-09-04 19:20:00+00:00,92.835,92.93,92.835,92.87,9462.0,351.0,92.872757
HAS,2026-09-04 19:25:00+00:00,92.91,92.96,92.91,92.93,10896.0,392.0,92.940114
HAS,2026-09-04 19:30:00+00:00,92.935,92.95,92.92,92.93,13336.0,509.0,92.932938
HAS,2026-09-04 19:35:00+00:00,92.91,93.0,92.86,92.875,15723.0,520.0,92.920003
HAS,2026-09-04 19:40:00+00:00,92.85,93.03,92.83,92.93,21190.0,678.0,92.934556
HAS,2026-09-04 19:45:00+00:00,92.94,92.95,92.89,92.89,13822.0,450.0,92.925007
HAS,2026-09-04 19:50:00+00:00,92.85,92.85,92.61,92.745,38419.0,1041.0,92.710038
HAS,2026-09-04 19:55:00+00:00,92.74,92.74,92.49,92.5,108040.0,2640.0,92.585182
HAS,2026-09-04 20:00:00+00:00,92.53,92.53,92.53,92.53,208227.0,66.0,92.53
HAS,2026-09-04 20:15:00+00:00,92.53,92.53,92.53,92.53,331.0,3.0,92.53
HAS,2026-09-04 21:15:00+00:00,92.0,92.53,92.0,92.53,119343.0,7.0,92.145228
HAS,2026-09-04 21:20:00+00:00,92.53,92.53,92.53,92.53,114.0,1.0,92.53
HAS,2026-09-04 22:30:00+00:00,92.53,92.53,92.53,92.53,3336.0,1.0,92.53
HAS,2026-09-08 13:25:00+00:00,92.16,92.16,92.16,92.16,100.0,1.0,92.16
HAS,2026-09-08 13:30:00+00:00,91.915,92.08,91.255,91.27,19480.0,288.0,91.954148
HAS,2026-09-08 13:35:00+00:00,91.265,91.4532,90.64,90.93,9105.0,251.0,91.078884
HAS,2026-09-08 13:40:00+00:00,90.8632,91.045,90.7,91.045,9344.0,265.0,90.831907
HAS,2026-09-08 13:45:00+00:00,90.98,91.125,90.64,90.67,6289.0,204.0,90.914713
HAS,2026-09-08 13:50:00+00:00,90.735,90.735,90.5,90.54,4034.0,158.0,90.574642
HAS,2026-09-08 13:55:00+00:00,90.39,90.83,90.28,90.675,23421.0,417.0,90.648193
HAS,2026-09-08 14:00:00+00:00,90.6751,90.6751,89.73,89.795,27733.0,635.0,90.414483
HAS,2026-09-08 14:05:00+00:00,89.74,89.76,89.38,89.38,11740.0,364.0,89.654154
HAS,2026-09-08 14:10:00+00:00,89.36,89.55,89.21,89.46,19428.0,555.0,89.30514
HAS,2026-09-08 14:15:00+00:00,89.48,89.74,89.43,89.73,18901.0,477.0,89.499855
HAS,2026-09-08 14:20:00+00:00,89.78,90.15,89.615,89.78,31406.0,466.0,89.783621
HAS,2026-09-08 14:25:00+00:00,89.78,89.88,89.76,89.835,7517.0,260.0,89.788041
HAS,2026-09-08 14:30:00+00:00,89.86,90.09,89.85,90.005,14944.0,342.0,89.979811
HAS,2026-09-08 14:35:00+00:00,90.08,90.3,89.99,90.19,26883.0,468.0,90.078818
HAS,2026-09-08 14:40:00+00:00,90.11,90.29,90.05,90.29,6462.0,248.0,90.133751
HAS,2026-09-08 14:45:00+00:00,90.25,90.27,90.14,90.165,18310.0,316.0,90.225816
HAS,2026-09-08 14:50:00+00:00,90.165,90.615,90.09,90.615,19626.0,454.0,90.356163
HAS,2026-09-08 14:55:00+00:00,90.62,90.8,90.62,90.755,4496.0,178.0,90.715464
HAS,2026-09-08 15:00:00+00:00,90.73,90.73,90.47,90.49,13746.0,398.0,90.544388
HAS,2026-09-08 15:05:00+00:00,90.44,90.635,90.39,90.6,41670.0,608.0,90.470274
HAS,2026-09-08 15:10:00+00:00,90.645,90.66,90.25,90.25,16064.0,421.0,90.497893
HAS,2026-09-08 15:15:00+00:00,90.22,90.3,90.12,90.12,25590.0,568.0,90.218531
HAS,2026-09-08 15:20:00+00:00,90.1681,90.1681,89.82,89.875,27898.0,601.0,89.929829
HAS,2026-09-08 15:25:00+00:00,89.875,89.96,89.83,89.91,29115.0,522.0,89.898266
HAS,2026-09-08 15:30:00+00:00,89.91,90.045,89.8,89.92,30030.0,533.0,89.914207
HAS,2026-09-08 15:35:00+00:00,89.714,90.1,89.7,90.075,17979.0,465.0,89.917389
HAS,2026-09-08 15:40:00+00:00,90.02,90.31,90.0,90.31,17343.0,481.0,90.058721
HAS,2026-09-08 15:45:00+00:00,90.29,90.29,90.095,90.1375,10433.0,302.0,90.132589
HAS,2026-09-08 15:50:00+00:00,90.13,90.24,90.09,90.23,8127.0,277.0,90.138089
HAS,2026-09-08 15:55:00+00:00,90.22,90.26,90.16,90.16,9394.0,278.0,90.207156
HAS,2026-09-08 16:00:00+00:00,90.16,90.235,90.16,90.21,5703.0,200.0,90.185765
HAS,2026-09-08 16:05:00+00:00,90.21,90.21,90.09,90.09,8368.0,334.0,90.144754
HAS,2026-09-08 16:10:00+00:00,90.095,90.145,90.0,90.125,26802.0,512.0,90.095553
HAS,2026-09-08 16:15:00+00:00,90.125,90.16,90.02,90.1,22342.0,566.0,90.124361
HAS,2026-09-08 16:20:00+00:00,90.1,90.18,90.075,90.165,7375.0,279.0,90.12555
HAS,2026-09-08 16:25:00+00:00,90.165,90.21,90.165,90.17,6065.0,228.0,90.185848
HAS,2026-09-08 16:30:00+00:00,90.175,90.455,90.175,90.375,20140.0,549.0,90.323366
HAS,2026-09-08 16:35:00+00:00,90.44,90.58,90.435,90.48,23425.0,327.0,90.531406
HAS,2026-09-08 16:40:00+00:00,90.48,90.5025,90.45,90.5025,3597.0,126.0,90.468623
HAS,2026-09-08 16:45:00+00:00,90.47,90.88,90.47,90.84,16995.0,449.0,90.725022
HAS,2026-09-08 16:50:00+00:00,90.835,90.88,90.76,90.765,6101.0,238.0,90.825665
HAS,2026-09-08 16:55:00+00:00,90.73,91.05,90.73,91.03,51497.0,838.0,90.836322
HAS,2026-09-08 17:00:00+00:00,91.09,91.29,91.025,91.13,13873.0,238.0,91.182993
HAS,2026-09-08 17:05:00+00:00,91.085,91.125,91.045,91.045,7707.0,193.0,91.083885
HAS,2026-09-08 17:10:00+00:00,91.03,91.08,90.99,91.025,10055.0,268.0,91.04081
HAS,2026-09-08 17:15:00+00:00,91.035,91.07,90.95,90.965,10555.0,276.0,90.997424
HAS,2026-09-08 17:20:00+00:00,90.96,91.24,90.96,91.18,19699.0,445.0,91.090425
HAS,2026-09-08 17:25:00+00:00,91.18,91.355,91.18,91.28,13671.0,294.0,91.308127
HAS,2026-09-08 17:30:00+00:00,91.24,91.28,91.075,91.1,7594.0,229.0,91.144449
HAS,2026-09-08 17:35:00+00:00,91.095,91.095,90.82,90.87,12054.0,265.0,90.969743
HAS,2026-09-08 17:40:00+00:00,90.845,91.03,90.81,91.01,23820.0,481.0,90.878848
HAS,2026-09-08 17:45:00+00:00,91.025,91.05,90.99,91.01,7468.0,233.0,91.019209
HAS,2026-09-08 17:50:00+00:00,91.02,91.02,90.95,90.97,11746.0,237.0,90.972585
HAS,2026-09-08 17:55:00+00:00,90.93,90.93,90.68,90.715,23661.0,493.0,90.780729
HAS,2026-09-08 18:00:00+00:00,90.755,90.81,90.68,90.77,13325.0,425.0,90.754604
HAS,2026-09-08 18:05:00+00:00,90.795,90.815,90.71,90.71,7360.0,236.0,90.751764
HAS,2026-09-08 18:10:00+00:00,90.71,90.8,90.62,90.65,22779.0,643.0,90.720409
HAS,2026-09-08 18:15:00+00:00,90.65,90.865,90.65,90.86,7637.0,289.0,90.78398
HAS,2026-09-08 18:20:00+00:00,90.84,90.94,90.84,90.865,19542.0,368.0,90.881758
HAS,2026-09-08 18:25:00+00:00,90.91,90.91,90.81,90.835,7896.0,279.0,90.868555
HAS,2026-09-08 18:30:00+00:00,90.835,90.88,90.79,90.83,17480.0,454.0,90.831928
HAS,2026-09-08 18:35:00+00:00,90.835,90.86,90.73,90.8,19445.0,347.0,90.793506
HAS,2026-09-08 18:40:00+00:00,90.8,90.83,90.765,90.765,9173.0,312.0,90.792191
HAS,2026-09-08 18:45:00+00:00,90.765,90.78,90.49,90.49,11954.0,337.0,90.63999
HAS,2026-09-08 18:50:00+00:00,90.49,90.64,90.49,90.62,19164.0,513.0,90.55352
HAS,2026-09-08 18:55:00+00:00,90.63,90.65,90.6,90.615,9243.0,174.0,90.622843
HAS,2026-09-08 19:00:00+00:00,90.6,90.61,90.495,90.545,16079.0,446.0,90.539064
HAS,2026-09-08 19:05:00+00:00,90.5586,90.63,90.51,90.54,19662.0,432.0,90.557778
HAS,2026-09-08 19:10:00+00:00,90.555,90.56,90.24,90.26,13092.0,441.0,90.365379
HAS,2026-09-08 19:15:00+00:00,90.255,90.5299,90.255,90.44,22595.0,563.0,90.356297
HAS,2026-09-08 19:20:00+00:00,90.455,90.46,90.39,90.41,11006.0,380.0,90.433604
HAS,2026-09-08 19:25:00+00:00,90.415,90.62,90.41,90.62,18811.0,546.0,90.511799
HAS,2026-09-08 19:30:00+00:00,90.59,90.675,90.54,90.64,24216.0,659.0,90.607093
HAS,2026-09-08 19:35:00+00:00,90.66,90.66,90.56,90.6,22885.0,561.0,90.603296
HAS,2026-09-08 19:40:00+00:00,90.6,90.63,90.5,90.575,28308.0,663.0,90.569125
HAS,2026-09-08 19:45:00+00:00,90.57,90.57,90.33,90.335,31458.0,805.0,90.444041
HAS,2026-09-08 19:50:00+00:00,90.31,90.31,90.12,90.2,96434.0,1817.0,90.212317
HAS,2026-09-08 19:55:00+00:00,90.22,90.34,90.19,90.31,179290.0,2995.0,90.274723
HAS,2026-09-08 20:00:00+00:00,90.31,90.31,90.31,90.31,558533.0,84.0,90.31
HAS,2026-09-08 20:10:00+00:00,90.31,90.31,90.31,90.31,31201.0,1.0,90.31
HAS,2026-09-09 13:30:00+00:00,89.68,90.01,89.46,90.01,7614.0,99.0,89.681407
HAS,2026-09-09 13:35:00+00:00,90.0,90.005,89.57,89.92,2081.0,58.0,89.929256
HAS,2026-09-09 13:40:00+00:00,89.7194,90.28,89.57,90.13,6751.0,144.0,90.058951
HAS,2026-09-09 13:45:00+00:00,90.27,90.27,89.83,90.0625,5606.0,157.0,90.024456
HAS,2026-09-09 13:50:00+00:00,90.035,90.12,89.93,90.0,4650.0,162.0,90.048986
HAS,2026-09-09 13:55:00+00:00,90.1,90.14,89.97,90.1,13467.0,125.0,90.04261
HAS,2026-09-09 14:00:00+00:00,90.085,90.18,89.71,90.18,10447.0,305.0,89.909866
HAS,2026-09-09 14:05:00+00:00,90.13,90.13,89.93,89.945,7566.0,266.0,90.018302
HAS,2026-09-09 14:10:00+00:00,89.935,90.27,89.935,90.16,9033.0,294.0,90.141787
HAS,2026-09-09 14:15:00+00:00,90.1,90.243,89.97,90.12,13430.0,319.0,90.114388
HAS,2026-09-09 14:20:00+00:00,90.135,90.43,90.115,90.36,20820.0,428.0,90.256508
HAS,2026-09-09 14:25:00+00:00,90.345,90.47,90.27,90.335,5536.0,204.0,90.357222
HAS,2026-09-09 14:30:00+00:00,90.31,90.37,90.31,90.315,3431.0,91.0,90.319062
HAS,2026-09-09 14:35:00+00:00,90.315,90.4,90.16,90.32,9710.0,312.0,90.301372
HAS,2026-09-09 14:40:00+00:00,90.275,90.275,89.92,89.95,10763.0,278.0,90.13364
HAS,2026-09-09 14:45:00+00:00,89.95,89.98,89.86,89.94,4989.0,157.0,89.929232
HAS,2026-09-09 14:50:00+00:00,89.945,90.145,89.945,90.145,4178.0,180.0,90.011848
HAS,2026-09-09 14:55:00+00:00,90.12,90.13,90.04,90.09,5111.0,152.0,90.086203
HAS,2026-09-09 15:00:00+00:00,90.16,90.17,90.04,90.045,8844.0,290.0,90.113436
HAS,2026-09-09 15:05:00+00:00,90.06,90.19,90.06,90.155,7728.0,258.0,90.124761
HAS,2026-09-09 15:10:00+00:00,90.13,90.13,90.02,90.09,10203.0,280.0,90.078698
HAS,2026-09-09 15:15:00+00:00,90.09,90.15,90.05,90.05,3039.0,110.0,90.091862
HAS,2026-09-09 15:20:00+00:00,90.05,90.06,89.8916,89.91,10200.0,285.0,89.968096
HAS,2026-09-09 15:25:00+00:00,89.9425,89.9425,89.865,89.91,6291.0,232.0,89.891762
HAS,2026-09-09 15:30:00+00:00,89.91,89.91,89.71,89.855,13155.0,332.0,89.827562
HAS,2026-09-09 15:35:00+00:00,89.875,89.92,89.82,89.92,5535.0,204.0,89.860817
HAS,2026-09-09 15:40:00+00:00,89.96,89.96,89.82,89.855,4031.0,132.0,89.876522
HAS,2026-09-09 15:45:00+00:00,89.855,89.91,89.83,89.8775,4738.0,226.0,89.86718
HAS,2026-09-09 15:50:00+00:00,89.9,89.9,89.73,89.73,5824.0,261.0,89.800328
HAS,2026-09-09 15:55:00+00:00,89.72,89.72,89.54,89.55,4576.0,185.0,89.632857
HAS,2026-09-09 16:00:00+00:00,89.52,89.59,89.505,89.555,8604.0,266.0,89.543622
HAS,2026-09-09 16:05:00+00:00,89.555,89.5551,89.42,89.43,5122.0,196.0,89.49717
HAS,2026-09-09 16:10:00+00:00,89.42,89.42,89.24,89.24,10750.0,395.0,89.327047
HAS,2026-09-09 16:15:00+00:00,89.23,89.23,89.095,89.12,7443.0,329.0,89.126643
HAS,2026-09-09 16:20:00+00:00,89.09,89.115,88.87,88.99,16135.0,511.0,88.992657
HAS,2026-09-09 16:25:00+00:00,89.05,89.08,89.015,89.025,4010.0,193.0,89.043994
HAS,2026-09-09 16:30:00+00:00,89.105,89.19,89.105,89.175,10870.0,234.0,89.159357
HAS,2026-09-09 16:35:00+00:00,89.15,89.19,89.14,89.19,4524.0,178.0,89.149328
HAS,2026-09-09 16:40:00+00:00,89.18,89.34,89.18,89.24,9754.0,333.0,89.263427
HAS,2026-09-09 16:45:00+00:00,89.26,89.285,89.24,89.24,5763.0,216.0,89.258741
HAS,2026-09-09 16:50:00+00:00,89.265,89.3,89.235,89.235,5184.0,203.0,89.257093
HAS,2026-09-09 16:55:00+00:00,89.2699,89.435,89.235,89.435,7259.0,290.0,89.336165
HAS,2026-09-09 17:00:00+00:00,89.435,89.48,89.24,89.29,7054.0,232.0,89.380506
HAS,2026-09-09 17:05:00+00:00,89.31,89.31,89.29,89.31,3966.0,217.0,89.301656
HAS,2026-09-09 17:10:00+00:00,89.32,89.33,89.305,89.32,1818.0,72.0,89.315763
HAS,2026-09-09 17:15:00+00:00,89.36,89.36,89.32,89.33,2375.0,118.0,89.333889
HAS,2026-09-09 17:20:00+00:00,89.345,89.685,89.32,89.66,17946.0,502.0,89.513484
HAS,2026-09-09 17:25:00+00:00,89.66,89.705,89.65,89.705,4221.0,148.0,89.660917
HAS,2026-09-09 17:30:00+00:00,89.7,89.81,89.64,89.81,5551.0,255.0,89.69476
HAS,2026-09-09 17:35:00+00:00,89.77,89.77,89.61,89.61,5919.0,203.0,89.691481
HAS,2026-09-09 17:40:00+00:00,89.67,89.68,89.67,89.68,3075.0,176.0,89.674583
HAS,2026-09-09 17:45:00+00:00,89.665,89.665,89.5375,89.575,8155.0,206.0,89.615322
HAS,2026-09-09 17:50:00+00:00,89.57,89.61,89.52,89.61,6978.0,209.0,89.551209
HAS,2026-09-09 17:55:00+00:00,89.57,89.57,89.45,89.535,5679.0,180.0,89.5015
HAS,2026-09-09 18:00:00+00:00,89.54,89.655,89.54,89.61,10711.0,371.0,89.605784
HAS,2026-09-09 18:05:00+00:00,89.58,89.6,89.5,89.51,8003.0,317.0,89.557853
HAS,2026-09-09 18:10:00+00:00,89.51,89.54,89.47,89.53,5259.0,177.0,89.504533
HAS,2026-09-09 18:15:00+00:00,89.53,89.55,89.49,89.52,12857.0,636.0,89.5174
HAS,2026-09-09 18:20:00+00:00,89.51,89.52,89.45,89.45,6185.0,256.0,89.474828
HAS,2026-09-09 18:25:00+00:00,89.44,89.49,89.44,89.44,5860.0,301.0,89.457964
HAS,2026-09-09 18:30:00+00:00,89.445,89.525,89.42,89.52,18228.0,468.0,89.455579
HAS,2026-09-09 18:35:00+00:00,89.49,89.49,89.39,89.4413,8466.0,277.0,89.43733
HAS,2026-09-09 18:40:00+00:00,89.475,89.53,89.42,89.5099,10053.0,313.0,89.464151
HAS,2026-09-09 18:45:00+00:00,89.45,89.49,89.44,89.445,6451.0,231.0,89.461564
HAS,2026-09-09 18:50:00+00:00,89.43,89.48,89.37,89.445,21464.0,502.0,89.399079
HAS,2026-09-09 18:55:00+00:00,89.445,89.55,89.445,89.55,8994.0,343.0,89.487959
HAS,2026-09-09 19:00:00+00:00,89.555,89.56,89.41,89.475,13088.0,338.0,89.457414
HAS,2026-09-09 19:05:00+00:00,89.46,89.57,89.44,89.475,10863.0,362.0,89.511226
HAS,2026-09-09 19:10:00+00:00,89.475,89.51,89.395,89.45,9140.0,304.0,89.440437
HAS,2026-09-09 19:15:00+00:00,89.44,89.45,89.39,89.41,9152.0,301.0,89.409482
HAS,2026-09-09 19:20:00+00:00,89.405,89.445,89.38,89.445,22246.0,471.0,89.397367
HAS,2026-09-09 19:25:00+00:00,89.445,89.445,89.39,89.4,9783.0,323.0,89.40987
HAS,2026-09-09 19:30:00+00:00,89.415,89.57,89.39,89.56,17761.0,520.0,89.48193
HAS,2026-09-09 19:35:00+00:00,89.56,89.58,89.43,89.435,13343.0,452.0,89.507593
HAS,2026-09-09 19:40:00+00:00,89.435,89.44,89.185,89.185,53214.0,837.0,89.351651
HAS,2026-09-09 19:45:00+00:00,89.185,89.285,89.14,89.14,19237.0,581.0,89.217465
HAS,2026-09-09 19:50:00+00:00,89.065,89.125,89.015,89.015,36565.0,1043.0,89.076616
HAS,2026-09-09 19:55:00+00:00,88.98,89.06,88.885,88.98,126134.0,2960.0,88.968079
HAS,2026-09-09 20:00:00+00:00,88.97,88.97,88.97,88.97,216008.0,84.0,88.97
HAS,2026-09-10 13:30:00+00:00,88.7,88.845,87.72,87.99,25118.0,233.0,88.623509
HAS,2026-09-10 13:35:00+00:00,87.985,88.4,87.935,88.29,4465.0,113.0,88.25706
HAS,2026-09-10 13:40:00+00:00,88.09,88.1251,87.91,87.95,5412.0,552.0,87.998089
HAS,2026-09-10 13:45:00+00:00,87.815,88.1244,87.795,88.0,8023.0,186.0,87.881439
HAS,2026-09-10 13:50:00+00:00,87.995,88.465,87.995,88.38,9502.0,262.0,88.234627
HAS,2026-09-10 13:55:00+00:00,88.38,88.62,88.255,88.26,11164.0,390.0,88.450796
HAS,2026-09-10 14:00:00+00:00,88.34,88.62,88.265,88.3201,7727.0,190.0,88.403083
HAS,2026-09-10 14:05:00+00:00,88.45,88.45,88.23,88.265,8150.0,288.0,88.298323
HAS,2026-09-10 14:10:00+00:00,88.31,88.53,88.31,88.455,8774.0,311.0,88.447539
HAS,2026-09-10 14:15:00+00:00,88.455,88.54,88.33,88.54,7815.0,231.0,88.403225
HAS,2026-09-10 14:20:00+00:00,88.59,89.04,88.575,88.96,10427.0,330.0,88.829087
HAS,2026-09-10 14:25:00+00:00,89.005,89.005,88.765,88.775,4243.0,172.0,88.89241
HAS,2026-09-10 14:30:00+00:00,88.86,88.86,88.69,88.76,5264.0,214.0,88.747663
HAS,2026-09-10 14:35:00+00:00,88.76,88.87,88.715,88.83,5145.0,230.0,88.821326
HAS,2026-09-10 14:40:00+00:00,88.822,88.95,88.81,88.87,7651.0,304.0,88.859479
HAS,2026-09-10 14:45:00+00:00,88.81,89.2,88.8,89.17,10233.0,327.0,88.97779
HAS,2026-09-10 14:50:00+00:00,89.29,89.43,89.29,89.37,6735.0,281.0,89.374593
HAS,2026-09-10 14:55:00+00:00,89.36,89.44,89.245,89.29,11727.0,320.0,89.378108
HAS,2026-09-10 15:00:00+00:00,89.29,89.29,89.23,89.26,2300.0,146.0,89.253303
HAS,2026-09-10 15:05:00+00:00,89.35,89.38,89.3,89.3,6915.0,215.0,89.330394
HAS,2026-09-10 15:10:00+00:00,89.325,89.345,89.222,89.345,5365.0,221.0,89.287161
HAS,2026-09-10 15:15:00+00:00,89.335,89.555,89.33,89.44,7923.0,259.0,89.471288
HAS,2026-09-10 15:20:00+00:00,89.45,89.45,89.36,89.36,4302.0,157.0,89.407621
HAS,2026-09-10 15:25:00+00:00,89.345,89.53,89.345,89.52,6423.0,255.0,89.472129
HAS,2026-09-10 15:30:00+00:00,89.505,89.6697,89.405,89.59,12152.0,340.0,89.53048
HAS,2026-09-10 15:35:00+00:00,89.66,89.66,89.5,89.53,6949.0,254.0,89.591129
HAS,2026-09-10 15:40:00+00:00,89.56,89.58,89.51,89.52,5472.0,254.0,89.547488
HAS,2026-09-10 15:45:00+00:00,89.555,89.615,89.555,89.565,4714.0,157.0,89.587797
HAS,2026-09-10 15:50:00+00:00,89.52,89.52,89.46,89.46,7819.0,193.0,89.500038
HAS,2026-09-10 15:55:00+00:00,89.48,89.57,89.46,89.48,8843.0,300.0,89.516975
HAS,2026-09-10 16:00:00+00:00,89.49,89.55,89.42,89.55,5705.0,261.0,89.465115
HAS,2026-09-10 16:05:00+00:00,89.66,89.67,89.6,89.635,4321.0,166.0,89.633941
HAS,2026-09-10 16:10:00+00:00,89.76,89.77,89.74,89.74,5791.0,184.0,89.753812
HAS,2026-09-10 16:15:00+00:00,89.7,89.7,89.51,89.55,9512.0,297.0,89.618127
HAS,2026-09-10 16:20:00+00:00,89.57,89.64,89.53,89.59,4464.0,205.0,89.595164
HAS,2026-09-10 16:25:00+00:00,89.59,89.75,89.59,89.705,45079.0,541.0,89.653372
HAS,2026-09-10 16:30:00+00:00,89.71,89.8342,89.68,89.69,10319.0,287.0,89.761891
HAS,2026-09-10 16:35:00+00:00,89.695,89.8,89.695,89.79,6134.0,220.0,89.714858
HAS,2026-09-10 16:40:00+00:00,89.84,89.84,89.74,89.8,5704.0,154.0,89.763267
HAS,2026-09-10 16:45:00+00:00,89.8,89.82,89.74,89.78,7725.0,234.0,89.78213
HAS,2026-09-10 16:50:00+00:00,89.8099,89.86,89.75,89.86,6962.0,230.0,89.800872
HAS,2026-09-10 16:55:00+00:00,89.86,89.86,89.82,89.845,11153.0,245.0,89.84442
HAS,2026-09-10 17:00:00+00:00,89.845,90.05,89.83,89.935,12012.0,373.0,89.925121
HAS,2026-09-10 17:05:00+00:00,89.93,89.93,89.785,89.81,10837.0,277.0,89.827107
HAS,2026-09-10 17:10:00+00:00,89.85,90.08,89.85,90.065,6312.0,210.0,89.982185
HAS,2026-09-10 17:15:00+00:00,90.06,90.11,90.03,90.03,7535.0,245.0,90.06271
HAS,2026-09-10 17:20:00+00:00,90.04,90.04,89.91,89.93,6743.0,221.0,89.998365
HAS,2026-09-10 17:25:00+00:00,89.9,89.9,89.84,89.85,8202.0,253.0,89.873904
HAS,2026-09-10 17:30:00+00:00,89.88,89.9,89.8,89.9,6935.0,249.0,89.845534
HAS,2026-09-10 17:35:00+00:00,89.9,89.9,89.8,89.81,6430.0,229.0,89.866167
HAS,2026-09-10 17:40:00+00:00,89.83,89.83,89.75,89.825,7248.0,243.0,89.808389
HAS,2026-09-10 17:45:00+00:00,89.8298,89.8298,89.75,89.75,5896.0,222.0,89.784589
HAS,2026-09-10 17:50:00+00:00,89.78,89.84,89.78,89.825,6776.0,259.0,89.813397
HAS,2026-09-10 17:55:00+00:00,89.825,89.825,89.695,89.72,11549.0,316.0,89.766606
HAS,2026-09-10 18:00:00+00:00,89.76,89.87,89.76,89.78,8909.0,266.0,89.819292
HAS,2026-09-10 18:05:00+00:00,89.795,89.795,89.64,89.64,21928.0,354.0,89.754968
HAS,2026-09-10 18:10:00+00:00,89.665,89.7,89.58,89.7,7688.0,282.0,89.633566
HAS,2026-09-10 18:15:00+00:00,89.705,89.735,89.67,89.67,8734.0,276.0,89.697621
HAS,2026-09-10 18:20:00+00:00,89.69,89.735,89.68,89.7,8097.0,265.0,89.706934
HAS,2026-09-10 18:25:00+00:00,89.69,89.74,89.67,89.67,13581.0,355.0,89.698983
HAS,2026-09-10 18:30:00+00:00,89.65,89.665,89.51,89.545,7010.0,274.0,89.587864
HAS,2026-09-10 18:35:00+00:00,89.545,89.62,89.545,89.6,6983.0,277.0,89.591367
HAS,2026-09-10 18:40:00+00:00,89.6,89.62,89.5,89.56,9225.0,284.0,89.570553
HAS,2026-09-10 18:45:00+00:00,89.565,89.565,89.51,89.52,7642.0,277.0,89.541789
HAS,2026-09-10 18:50:00+00:00,89.51,89.51,89.37,89.41,7015.0,289.0,89.445005
HAS,2026-09-10 18:55:00+00:00,89.41,89.41,89.3,89.3,8257.0,280.0,89.331636
HAS,2026-09-10 19:00:00+00:00,89.2961,89.35,89.15,89.175,16428.0,341.0,89.296326
HAS,2026-09-10 19:05:00+00:00,89.17,89.405,89.17,89.4,13578.0,396.0,89.242224
HAS,2026-09-10 19:10:00+00:00,89.405,89.435,89.315,89.4,10912.0,372.0,89.381003
HAS,2026-09-10 19:15:00+00:00,89.38,89.505,89.38,89.505,12251.0,378.0,89.442226
HAS,2026-09-10 19:20:00+00:00,89.52,89.55,89.46,89.54,12316.0,416.0,89.507003
HAS,2026-09-10 19:25:00+00:00,89.545,89.57,89.49,89.56,14568.0,447.0,89.540172
HAS,2026-09-10 19:30:00+00:00,89.56,89.69,89.505,89.64,23904.0,657.0,89.612074
HAS,2026-09-10 19:35:00+00:00,89.645,89.735,89.62,89.735,23001.0,662.0,89.664337
HAS,2026-09-10 19:40:00+00:00,89.71,89.71,89.585,89.63,20443.0,628.0,89.658034
HAS,2026-09-10 19:45:00+00:00,89.64,89.71,89.59,89.69,40042.0,795.0,89.654606
HAS,2026-09-10 19:50:00+00:00,89.71,89.96,89.54,89.605,55008.0,1289.0,89.790518
HAS,2026-09-10 19:55:00+00:00,89.63,90.2,89.63,90.17,140403.0,2918.0,90.043
HAS,2026-09-10 20:00:00+00:00,90.16,90.16,90.16,90.16,496999.0,70.0,90.16
HAS,2026-09-10 21:00:00+00:00,90.16,90.16,90.16,90.16,1200.0,1.0,90.16
HAS,2026-09-11 13:25:00+00:00,90.18,91.61,90.18,91.61,482.0,9.0,91.086667
HAS,2026-09-11 13:30:00+00:00,91.61,92.565,91.54,92.035,31499.0,324.0,91.699726
HAS,2026-09-11 13:35:00+00:00,92.07,92.66,92.065,92.43,6472.0,139.0,92.377484
HAS,2026-09-11 13:40:00+00:00,92.39,92.44,92.28,92.34,4886.0,138.0,92.366722
HAS,2026-09-11 13:45:00+00:00,92.22,92.445,92.13,92.445,5596.0,211.0,92.27186
HAS,2026-09-11 13:50:00+00:00,92.435,92.45,92.11,92.21,31086.0,182.0,92.217658
HAS,2026-09-11 13:55:00+00:00,92.21,92.69,92.18,92.69,7540.0,161.0,92.445219
HAS,2026-09-11 14:00:00+00:00,92.52,92.73,92.25,92.65,9634.0,266.0,92.542502
HAS,2026-09-11 14:05:00+00:00,92.6,92.66,92.33,92.395,7938.0,246.0,92.565197
HAS,2026-09-11 14:10:00+00:00,92.27,92.27,92.02,92.035,4584.0,201.0,92.107946
HAS,2026-09-11 14:15:00+00:00,92.17,92.23,92.0008,92.2,5464.0,200.0,92.139393
HAS,2026-09-11 14:20:00+00:00,92.13,92.7099,92.12,92.7,13686.0,425.0,92.463561
HAS,2026-09-11 14:25:00+00:00,92.57,92.57,92.38,92.43,6368.0,215.0,92.439188
HAS,2026-09-11 14:30:00+00:00,92.43,92.645,92.43,92.435,25516.0,309.0,92.530176
HAS,2026-09-11 14:35:00+00:00,92.44,92.62,92.36,92.61,9864.0,224.0,92.468086
HAS,2026-09-11 14:40:00+00:00,92.62,92.725,92.61,92.725,9935.0,250.0,92.668573
HAS,2026-09-11 14:45:00+00:00,92.63,93.0,92.61,92.99,5639.0,233.0,92.849784
HAS,2026-09-11 14:50:00+00:00,92.96,93.025,92.8,92.895,11859.0,345.0,92.891568
HAS,2026-09-11 14:55:00+00:00,92.815,92.84,92.675,92.7,6000.0,181.0,92.770196
HAS,2026-09-11 15:00:00+00:00,92.67,92.69,92.44,92.59,9665.0,284.0,92.540155
HAS,2026-09-11 15:05:00+00:00,92.54,92.56,92.49,92.5,5576.0,129.0,92.52914
HAS,2026-09-11 15:10:00+00:00,92.47,92.6,92.415,92.59,12881.0,378.0,92.490037
HAS,2026-09-11 15:15:00+00:00,92.59,92.715,92.53,92.715,9851.0,320.0,92.6249
HAS,2026-09-11 15:20:00+00:00,92.71,92.715,92.56,92.56,4455.0,248.0,92.64816
HAS,2026-09-11 15:25:00+00:00,92.56,92.7,92.55,92.695,6466.0,223.0,92.657551
HAS,2026-09-11 15:30:00+00:00,92.66,92.66,92.44,92.44,10573.0,267.0,92.555429
HAS,2026-09-11 15:35:00+00:00,92.47,92.54,92.44,92.49,5317.0,126.0,92.493454
HAS,2026-09-11 15:40:00+00:00,92.545,92.68,92.4867,92.68,7806.0,270.0,92.555686
HAS,2026-09-11 15:45:00+00:00,92.64,92.86,92.6,92.79,7591.0,295.0,92.715
HAS,2026-09-11 15:50:00+00:00,92.83,92.83,92.65,92.7185,7296.0,214.0,92.751994
HAS,2026-09-11 15:55:00+00:00,92.685,92.685,92.44,92.44,8470.0,253.0,92.572652
HAS,2026-09-11 16:00:00+00:00,92.48,92.6,92.45,92.525,17179.0,416.0,92.548974
HAS,2026-09-11 16:05:00+00:00,92.44,92.45,92.29,92.33,4979.0,201.0,92.40018
HAS,2026-09-11 16:10:00+00:00,92.26,92.34,92.26,92.3,6503.0,205.0,92.301161
HAS,2026-09-11 16:15:00+00:00,92.3,92.35,92.26,92.31,6614.0,191.0,92.302857
HAS,2026-09-11 16:20:00+00:00,92.378,92.43,92.205,92.265,8957.0,269.0,92.301052
HAS,2026-09-11 16:25:00+00:00,92.265,92.31,92.15,92.15,4330.0,141.0,92.249649
HAS,2026-09-11 16:30:00+00:00,92.18,92.22,92.18,92.22,4024.0,113.0,92.189358
HAS,2026-09-11 16:35:00+00:00,92.21,92.26,92.2099,92.245,4692.0,127.0,92.220798
HAS,2026-09-11 16:40:00+00:00,92.245,92.245,92.15,92.17,4983.0,180.0,92.18094
HAS,2026-09-11 16:45:00+00:00,92.17,92.28,92.115,92.18,25808.0,309.0,92.178785
HAS,2026-09-11 16:50:00+00:00,92.14,92.18,92.085,92.18,7809.0,221.0,92.13106
HAS,2026-09-11 16:55:00+00:00,92.165,92.17,92.15,92.15,2486.0,126.0,92.162857
HAS,2026-09-11 17:00:00+00:00,92.15,92.195,92.07,92.08,4826.0,229.0,92.118822
HAS,2026-09-11 17:05:00+00:00,92.08,92.09,91.99,91.99,7958.0,267.0,92.033539
HAS,2026-09-11 17:10:00+00:00,91.99,92.08,91.98,92.08,3981.0,154.0,92.015375
HAS,2026-09-11 17:15:00+00:00,92.08,92.08,92.0,92.0388,5208.0,232.0,92.033625
HAS,2026-09-11 17:20:00+00:00,91.99,92.0,91.94,92.0,9508.0,316.0,91.962203
HAS,2026-09-11 17:25:00+00:00,91.945,92.01,91.945,91.995,4230.0,166.0,91.990716
HAS,2026-09-11 17:30:00+00:00,92.01,92.12,92.005,92.06,8462.0,249.0,92.042993
HAS,2026-09-11 17:35:00+00:00,92.105,92.105,92.045,92.09,3476.0,116.0,92.082915
HAS,2026-09-11 17:40:00+00:00,92.06,92.06,91.94,91.94,5931.0,194.0,91.969718
HAS,2026-09-11 17:45:00+00:00,91.92,91.93,91.805,91.93,4808.0,233.0,91.845921
HAS,2026-09-11 17:50:00+00:00,91.93,91.95,91.915,91.95,3703.0,113.0,91.925024
HAS,2026-09-11 17:55:00+00:00,92.0,92.0,91.94,91.94,1915.0,105.0,91.973334
HAS,2026-09-11 18:00:00+00:00,91.94,91.97,91.89,91.895,4748.0,160.0,91.930926
HAS,2026-09-11 18:05:00+00:00,91.84,91.87,91.83,91.83,2322.0,77.0,91.851818
HAS,2026-09-11 18:10:00+00:00,91.831,91.88,91.8225,91.88,7008.0,171.0,91.849704
HAS,2026-09-11 18:15:00+00:00,91.885,91.885,91.8,91.811,8272.0,203.0,91.849977
HAS,2026-09-11 18:20:00+00:00,91.81,91.81,91.75,91.775,5148.0,150.0,91.766129
HAS,2026-09-11 18:25:00+00:00,91.78,91.78,91.65,91.65,6332.0,237.0,91.717689
HAS,2026-09-11 18:30:00+00:00,91.64,91.64,91.54,91.565,8673.0,270.0,91.588943
HAS,2026-09-11 18:35:00+00:00,91.545,91.545,91.4,91.4,4518.0,158.0,91.480413
HAS,2026-09-11 18:40:00+00:00,91.4,91.45,91.39,91.45,8698.0,234.0,91.426259
HAS,2026-09-11 18:45:00+00:00,91.435,91.54,91.41,91.52,5095.0,192.0,91.471159
HAS,2026-09-11 18:50:00+00:00,91.52,91.58,91.52,91.55,14153.0,365.0,91.564911
HAS,2026-09-11 18:55:00+00:00,91.565,91.655,91.565,91.5725,12632.0,333.0,91.588218
HAS,2026-09-11 19:00:00+00:00,91.55,91.6,91.51,91.54,9387.0,278.0,91.54625
HAS,2026-09-11 19:05:00+00:00,91.54,91.63,91.54,91.56,9730.0,345.0,91.591728
HAS,2026-09-11 19:10:00+00:00,91.5475,91.62,91.54,91.605,5202.0,232.0,91.560714
HAS,2026-09-11 19:15:00+00:00,91.63,91.6451,91.555,91.62,11884.0,331.0,91.619182
HAS,2026-09-11 19:20:00+00:00,91.59,91.7,91.59,91.63,15432.0,394.0,91.641504
HAS,2026-09-11 19:25:00+00:00,91.64,91.75,91.62,91.72,14317.0,436.0,91.684705
HAS,2026-09-11 19:30:00+00:00,91.72,91.79,91.72,91.785,17618.0,462.0,91.76969
HAS,2026-09-11 19:35:00+00:00,91.775,91.915,91.745,91.745,23291.0,526.0,91.830076
HAS,2026-09-11 19:40:00+00:00,91.72,91.77,91.68,91.75,19795.0,500.0,91.712613
HAS,2026-09-11 19:45:00+00:00,91.74,91.75,91.62,91.625,16285.0,495.0,91.690647
HAS,2026-09-11 19:50:00+00:00,91.61,91.67,91.46,91.64,36373.0,898.0,91.536718
HAS,2026-09-11 19:55:00+00:00,91.54,91.66,91.49,91.55,102620.0,2289.0,91.594201
HAS,2026-09-11 20:00:00+00:00,91.54,91.54,91.54,91.54,195143.0,77.0,91.54
HAS,2026-09-11 20:10:00+00:00,91.54,91.54,91.54,91.54,2959.0,7.0,91.54
HAS,2026-09-14 08:10:00+00:00,91.53,91.68,91.53,91.68,441.0,5.0,91.644871
HAS,2026-09-14 08:40:00+00:00,91.62,91.62,91.62,91.62,152.0,1.0,91.62
HAS,2026-09-14 12:35:00+00:00,91.54,91.54,91.54,91.54,111.0,1.0,91.54
HAS,2026-09-14 12:40:00+00:00,91.78,92.0,91.78,92.0,329.0,11.0,91.89
HAS,2026-09-14 13:30:00+00:00,91.47,91.88,90.97,91.65,21402.0,339.0,91.379839
HAS,2026-09-14 13:35:00+00:00,91.68,92.16,91.56,91.905,7491.0,181.0,91.825436
HAS,2026-09-14 13:40:00+00:00,92.06,92.31,91.905,92.31,3848.0,160.0,92.130147
HAS,2026-09-14 13:45:00+00:00,92.15,92.41,91.8389,92.41,6343.0,206.0,92.153994
HAS,2026-09-14 13:50:00+00:00,92.39,92.51,92.2,92.25,4310.0,169.0,92.370638
HAS,2026-09-14 13:55:00+00:00,92.185,92.25,92.03,92.05,7299.0,202.0,92.150581
HAS,2026-09-14 14:00:00+00:00,92.04,92.04,91.84,91.93,3007.0,143.0,91.893469
HAS,2026-09-14 14:05:00+00:00,91.91,91.99,91.82,91.825,13079.0,226.0,91.856888
HAS,2026-09-14 14:10:00+00:00,91.84,91.85,91.61,91.72,8135.0,226.0,91.698899
HAS,2026-09-14 14:15:00+00:00,91.75,92.0,91.75,91.915,13752.0,265.0,91.828664
HAS,2026-09-14 14:20:00+00:00,91.86,92.05,91.84,92.04,6593.0,197.0,91.924504
HAS,2026-09-14 14:25:00+00:00,92.06,92.06,91.75,91.75,4810.0,231.0,91.90125
HAS,2026-09-14 14:30:00+00:00,91.77,92.07,91.73,92.005,9023.0,286.0,91.922839
HAS,2026-09-14 14:35:00+00:00,92.02,92.08,91.97,91.97,8294.0,204.0,92.031494
HAS,2026-09-14 14:40:00+00:00,91.98,92.16,91.98,92.065,11639.0,242.0,92.057442
HAS,2026-09-14 14:45:00+00:00,92.06,92.13,91.95,92.06,8547.0,227.0,92.046117
HAS,2026-09-14 14:50:00+00:00,92.09,92.17,92.08,92.13,7986.0,271.0,92.127307
HAS,2026-09-14 14:55:00+00:00,92.12,92.14,91.91,91.925,42285.0,610.0,92.082448
HAS,2026-09-14 15:00:00+00:00,91.89,92.1,91.855,92.05,8218.0,307.0,91.980857
HAS,2026-09-14 15:05:00+00:00,92.07,92.32,92.07,92.3,7506.0,302.0,92.231173
HAS,2026-09-14 15:10:00+00:00,92.26,92.26,92.0,92.0,7789.0,296.0,92.142024
HAS,2026-09-14 15:15:00+00:00,91.96,91.96,91.74,91.74,6749.0,286.0,91.840335
HAS,2026-09-14 15:20:00+00:00,91.76,91.77,91.68,91.68,5613.0,254.0,91.728807
HAS,2026-09-14 15:25:00+00:00,91.71,91.76,91.64,91.66,5149.0,237.0,91.702712
HAS,2026-09-14 15:30:00+00:00,91.7,91.865,91.6,91.865,11261.0,371.0,91.687223
HAS,2026-09-14 15:35:00+00:00,91.81,91.81,91.68,91.79,4494.0,161.0,91.765915
HAS,2026-09-14 15:40:00+00:00,91.79,91.94,91.7475,91.94,6024.0,266.0,91.81663
HAS,2026-09-14 15:45:00+00:00,92.0,92.0,91.89,91.92,8656.0,311.0,91.968171
HAS,2026-09-14 15:50:00+00:00,91.89,92.0,91.83,92.0,3306.0,152.0,91.92921
HAS,2026-09-14 15:55:00+00:00,91.93,91.94,91.86,91.885,4085.0,214.0,91.899976
HAS,2026-09-14 16:00:00+00:00,91.86,91.86,91.81,91.81,5151.0,234.0,91.82277
HAS,2026-09-14 16:05:00+00:00,91.835,91.93,91.835,91.92,4527.0,206.0,91.892998
HAS,2026-09-14 16:10:00+00:00,91.92,91.94,91.84,91.84,4449.0,182.0,91.869196
HAS,2026-09-14 16:15:00+00:00,91.86,91.97,91.86,91.88,5447.0,208.0,91.918505
HAS,2026-09-14 16:20:00+00:00,91.87,91.87,91.75,91.78,9423.0,248.0,91.781724
HAS,2026-09-14 16:25:00+00:00,91.76,91.785,91.72,91.72,2552.0,125.0,91.758131
HAS,2026-09-14 16:30:00+00:00,91.725,91.79,91.725,91.79,4287.0,201.0,91.759058
HAS,2026-09-14 16:35:00+00:00,91.775,91.775,91.69,91.69,3509.0,205.0,91.714955
HAS,2026-09-14 16:40:00+00:00,91.68,91.695,91.64,91.695,3505.0,139.0,91.678692
HAS,2026-09-14 16:45:00+00:00,91.66,91.77,91.66,91.665,6909.0,220.0,91.707669
HAS,2026-09-14 16:50:00+00:00,91.63,91.73,91.58,91.73,10021.0,308.0,91.64378
HAS,2026-09-14 16:55:00+00:00,91.72,91.72,91.6,91.6,3839.0,221.0,91.654286
HAS,2026-09-14 17:00:00+00:00,91.63,91.63,91.515,91.515,4098.0,177.0,91.587776
HAS,2026-09-14 17:05:00+00:00,91.499,91.53,91.451,91.451,4992.0,189.0,91.488384
HAS,2026-09-14 17:10:00+00:00,91.46,91.465,91.45,91.4626,3457.0,181.0,91.45726
HAS,2026-09-14 17:15:00+00:00,91.44,91.44,91.44,91.44,2095.0,110.0,91.44
HAS,2026-09-14 17:20:00+00:00,91.46,91.5299,91.42,91.5299,4833.0,211.0,91.454353
HAS,2026-09-14 17:25:00+00:00,91.49,91.54,91.48,91.54,3875.0,160.0,91.505772
HAS,2026-09-14 17:30:00+00:00,91.56,91.57,91.52,91.53,4395.0,145.0,91.545983
HAS,2026-09-14 17:35:00+00:00,91.55,91.58,91.51,91.51,4933.0,180.0,91.531775
HAS,2026-09-14 17:40:00+00:00,91.505,91.59,91.49,91.59,6990.0,245.0,91.556921
HAS,2026-09-14 17:45:00+00:00,91.595,91.605,91.59,91.59,2259.0,105.0,91.595285
HAS,2026-09-14 17:50:00+00:00,91.57,91.69,91.57,91.675,6314.0,291.0,91.643268
HAS,2026-09-14 17:55:00+00:00,91.675,91.675,91.59,91.6,5566.0,226.0,91.634665
HAS,2026-09-14 18:00:00+00:00,91.64,91.68,91.52,91.52,5051.0,219.0,91.593014
HAS,2026-09-14 18:05:00+00:00,91.5087,91.58,91.5087,91.54,3722.0,216.0,91.535021
HAS,2026-09-14 18:10:00+00:00,91.56,91.565,91.535,91.54,2646.0,116.0,91.551697
HAS,2026-09-14 18:15:00+00:00,91.54,91.59,91.525,91.5632,5793.0,246.0,91.562644
HAS,2026-09-14 18:20:00+00:00,91.49,91.51,91.48,91.48,4598.0,205.0,91.488109
HAS,2026-09-14 18:25:00+00:00,91.49,91.5,91.475,91.495,3460.0,152.0,91.489
HAS,2026-09-14 18:30:00+00:00,91.495,91.5,91.42,91.42,7061.0,275.0,91.472354
HAS,2026-09-14 18:35:00+00:00,91.43,91.43,91.38,91.38,2718.0,201.0,91.401698
HAS,2026-09-14 18:40:00+00:00,91.378,91.44,91.378,91.43,5805.0,264.0,91.422566
HAS,2026-09-14 18:45:00+00:00,91.39,91.48,91.35,91.46,7700.0,323.0,91.402988
HAS,2026-09-14 18:50:00+00:00,91.47,91.49,91.4,91.4,5932.0,263.0,91.465093
HAS,2026-09-14 18:55:00+00:00,91.43,91.44,91.36,91.36,3656.0,244.0,91.416821
HAS,2026-09-14 19:00:00+00:00,91.37,91.41,91.36,91.385,7953.0,340.0,91.379065
HAS,2026-09-14 19:05:00+00:00,91.385,91.4065,91.35,91.385,3271.0,171.0,91.379313
HAS,2026-09-14 19:10:00+00:00,91.38,91.4299,91.38,91.4299,9257.0,317.0,91.402096
HAS,2026-09-14 19:15:00+00:00,91.4,91.41,91.27,91.29,6401.0,240.0,91.32278
HAS,2026-09-14 19:20:00+00:00,91.29,91.29,91.215,91.25,5812.0,224.0,91.250209
HAS,2026-09-14 19:25:00+00:00,91.245,91.28,91.24,91.245,6618.0,250.0,91.256631
HAS,2026-09-14 19:30:00+00:00,91.245,91.26,91.1,91.1,13273.0,443.0,91.18731
HAS,2026-09-14 19:35:00+00:00,91.09,91.13,91.02,91.02,14209.0,415.0,91.058482
HAS,2026-09-14 19:40:00+00:00,91.0,91.1,90.98,91.1,19906.0,520.0,91.017695
HAS,2026-09-14 19:45:00+00:00,91.13,91.14,91.05,91.06,16535.0,507.0,91.097555
HAS,2026-09-14 19:50:00+00:00,91.04,91.04,90.78,90.94,37733.0,983.0,90.869434
HAS,2026-09-14 19:55:00+00:00,90.9,90.91,90.74,90.79,107420.0,2812.0,90.79443
HAS,2026-09-14 20:00:00+00:00,90.76,90.76,90.76,90.76,185698.0,76.0,90.76
HAS,2026-09-15 12:00:00+00:00,90.76,90.76,90.75,90.75,312.0,5.0,90.753333
HAS,2026-09-15 13:05:00+00:00,90.5,90.5,90.5,90.5,5006.0,2.0,90.5
HAS,2026-09-15 13:30:00+00:00,90.76,91.02,89.65,90.2,15712.0,226.0,90.561869
HAS,2026-09-15 13:35:00+00:00,90.05,90.12,89.66,89.885,8709.0,164.0,89.904816
HAS,2026-09-15 13:40:00+00:00,89.885,89.89,89.63,89.63,9045.0,186.0,89.679308
HAS,2026-09-15 13:45:00+00:00,89.62,89.77,89.51,89.655,10526.0,298.0,89.641583
HAS,2026-09-15 13:50:00+00:00,89.67,89.86,89.65,89.685,18108.0,238.0,89.788693
HAS,2026-09-15 13:55:00+00:00,89.64,89.7,89.4016,89.69,15871.0,140.0,89.513724
HAS,2026-09-15 14:00:00+00:00,89.74,89.915,89.56,89.58,19451.0,307.0,89.76236
HAS,2026-09-15 14:05:00+00:00,89.58,89.74,89.44,89.44,5753.0,200.0,89.626923
HAS,2026-09-15 14:10:00+00:00,89.335,89.54,89.335,89.52,3196.0,115.0,89.489989
HAS,2026-09-15 14:15:00+00:00,89.52,89.69,89.52,89.62,7142.0,212.0,89.619116
HAS,2026-09-15 14:20:00+00:00,89.61,89.76,89.52,89.565,11980.0,248.0,89.665012
HAS,2026-09-15 14:25:00+00:00,89.565,89.88,89.565,89.75,14607.0,305.0,89.77319
HAS,2026-09-15 14:30:00+00:00,89.755,90.02,89.6977,90.02,8507.0,228.0,89.86906
HAS,2026-09-15 14:35:00+00:00,90.02,90.02,89.75,89.75,6882.0,318.0,89.909417
HAS,2026-09-15 14:40:00+00:00,89.655,89.67,89.345,89.37,6381.0,257.0,89.534275
HAS,2026-09-15 14:45:00+00:00,89.335,89.34,89.22,89.2525,5025.0,177.0,89.278824
HAS,2026-09-15 14:50:00+00:00,89.255,89.545,89.255,89.465,13599.0,361.0,89.335939
HAS,2026-09-15 14:55:00+00:00,89.45,89.71,89.45,89.63,9608.0,254.0,89.596527
HAS,2026-09-15 15:00:00+00:00,89.745,89.79,89.7,89.75,2311.0,133.0,89.745298
HAS,2026-09-15 15:05:00+00:00,89.745,89.745,89.63,89.65,6394.0,217.0,89.687528
HAS,2026-09-15 15:10:00+00:00,89.65,89.875,89.55,89.875,8139.0,265.0,89.674524
HAS,2026-09-15 15:15:00+00:00,89.875,89.88,89.81,89.835,7628.0,154.0,89.836171
HAS,2026-09-15 15:20:00+00:00,89.915,89.99,89.83,89.99,3688.0,152.0,89.936785
HAS,2026-09-15 15:25:00+00:00,90.0699,90.14,90.0,90.075,10037.0,200.0,90.06038
HAS,2026-09-15 15:30:00+00:00,90.005,90.11,90.005,90.11,3438.0,139.0,90.080714
HAS,2026-09-15 15:35:00+00:00,90.095,90.095,89.995,90.04,4051.0,140.0,90.027266
HAS,2026-09-15 15:40:00+00:00,90.08,90.14,90.08,90.1,4388.0,159.0,90.1153
HAS,2026-09-15 15:45:00+00:00,90.08,90.17,90.06,90.16,6046.0,232.0,90.103182
HAS,2026-09-15 15:50:00+00:00,90.16,90.16,89.985,90.03,3964.0,169.0,90.102881
HAS,2026-09-15 15:55:00+00:00,90.005,90.1,90.005,90.03,4304.0,174.0,90.042008
HAS,2026-09-15 16:00:00+00:00,89.99,90.13,89.97,90.13,5705.0,211.0,90.039913
HAS,2026-09-15 16:05:00+00:00,90.14,90.14,90.075,90.075,2884.0,119.0,90.097143
HAS,2026-09-15 16:10:00+00:00,90.075,90.17,90.075,90.17,5875.0,153.0,90.122222
HAS,2026-09-15 16:15:00+00:00,90.17,90.18,90.06,90.12,4999.0,177.0,90.1262
HAS,2026-09-15 16:20:00+00:00,90.125,90.24,90.05,90.23,6283.0,240.0,90.1302
HAS,2026-09-15 16:25:00+00:00,90.245,90.26,90.22,90.22,2695.0,103.0,90.239334
HAS,2026-09-15 16:30:00+00:00,90.255,90.255,90.14,90.19,4735.0,154.0,90.208872
HAS,2026-09-15 16:35:00+00:00,90.21,90.21,90.12,90.12,2752.0,105.0,90.177273
HAS,2026-09-15 16:40:00+00:00,90.169,90.22,90.095,90.22,6706.0,218.0,90.1511
HAS,2026-09-15 16:45:00+00:00,90.295,90.335,90.205,90.275,5208.0,196.0,90.292359
HAS,2026-09-15 16:50:00+00:00,90.37,90.6425,90.37,90.6425,6140.0,203.0,90.483276
HAS,2026-09-15 16:55:00+00:00,90.62,90.74,90.6,90.69,11505.0,289.0,90.639264
HAS,2026-09-15 17:00:00+00:00,90.695,90.77,90.67,90.67,4348.0,175.0,90.717673
HAS,2026-09-15 17:05:00+00:00,90.66,90.87,90.65,90.87,3622.0,139.0,90.736648
HAS,2026-09-15 17:10:00+00:00,90.88,90.88,90.72,90.72,5593.0,217.0,90.816569
HAS,2026-09-15 17:15:00+00:00,90.68,90.68,90.59,90.61,4226.0,195.0,90.632896
HAS,2026-09-15 17:20:00+00:00,90.615,90.79,90.57,90.785,10386.0,399.0,90.738288
HAS,2026-09-15 17:25:00+00:00,90.7675,90.81,90.67,90.73,5170.0,174.0,90.739405
HAS,2026-09-15 17:30:00+00:00,90.735,90.75,90.6201,90.6201,43246.0,326.0,90.666517
HAS,2026-09-15 17:35:00+00:00,90.62,90.62,90.5,90.53,6049.0,260.0,90.533194
HAS,2026-09-15 17:40:00+00:00,90.53,90.5672,90.53,90.535,8150.0,214.0,90.537378
HAS,2026-09-15 17:45:00+00:00,90.535,90.64,90.535,90.57,5555.0,172.0,90.58321
HAS,2026-09-15 17:50:00+00:00,90.57,90.57,90.42,90.45,8117.0,239.0,90.492855
HAS,2026-09-15 17:55:00+00:00,90.45,90.51,90.411,90.445,6863.0,225.0,90.469798
HAS,2026-09-15 18:00:00+00:00,90.4784,90.545,90.41,90.545,8338.0,240.0,90.476013
HAS,2026-09-15 18:05:00+00:00,90.55,90.64,90.36,90.64,16183.0,389.0,90.469437
HAS,2026-09-15 18:10:00+00:00,90.595,90.68,90.595,90.66,3954.0,198.0,90.627517
HAS,2026-09-15 18:15:00+00:00,90.69,90.725,90.63,90.64,4745.0,203.0,90.681013
HAS,2026-09-15 18:20:00+00:00,90.66,90.68,90.59,90.59,8992.0,279.0,90.656429
HAS,2026-09-15 18:25:00+00:00,90.53,90.685,90.53,90.68,5120.0,239.0,90.64134
HAS,2026-09-15 18:30:00+00:00,90.636,90.67,90.56,90.63,13278.0,294.0,90.610904
HAS,2026-09-15 18:35:00+00:00,90.57,90.57,90.5,90.565,5428.0,202.0,90.540886
HAS,2026-09-15 18:40:00+00:00,90.58,90.67,90.515,90.55,6829.0,257.0,90.580916
HAS,2026-09-15 18:45:00+00:00,90.51,90.62,90.36,90.36,10871.0,301.0,90.556628
HAS,2026-09-15 18:50:00+00:00,90.36,90.55,90.357,90.525,6206.0,291.0,90.457853
HAS,2026-09-15 18:55:00+00:00,90.56,90.635,90.53,90.565,11888.0,346.0,90.598865
HAS,2026-09-15 19:00:00+00:00,90.54,90.61,90.52,90.55,3900.0,201.0,90.563418
HAS,2026-09-15 19:05:00+00:00,90.55,90.62,90.465,90.47,11211.0,368.0,90.540805
HAS,2026-09-15 19:10:00+00:00,90.475,90.475,90.4,90.415,7821.0,348.0,90.426385
HAS,2026-09-15 19:15:00+00:00,90.48,90.51,90.385,90.385,8998.0,323.0,90.457878
HAS,2026-09-15 19:20:00+00:00,90.4,90.435,90.3506,90.39,15694.0,412.0,90.389301
HAS,2026-09-15 19:25:00+00:00,90.42,90.52,90.4,90.5125,15332.0,420.0,90.460756
HAS,2026-09-15 19:30:00+00:00,90.54,90.575,90.37,90.405,15990.0,436.0,90.451857
HAS,2026-09-15 19:35:00+00:00,90.405,90.4575,90.35,90.37,16011.0,435.0,90.403604
HAS,2026-09-15 19:40:00+00:00,90.35,90.41,90.15,90.15,20044.0,616.0,90.319013
HAS,2026-09-15 19:45:00+00:00,90.145,90.45,90.05,90.39,29744.0,610.0,90.265429
HAS,2026-09-15 19:50:00+00:00,90.39,90.39,90.13,90.17,32903.0,989.0,90.239053
HAS,2026-09-15 19:55:00+00:00,90.19,90.3,90.08,90.17,107050.0,2525.0,90.18336
HAS,2026-09-15 20:00:00+00:00,90.21,90.21,90.21,90.21,375452.0,80.0,90.21
HAS,2026-09-16 13:30:00+00:00,90.38,91.59,90.32,90.64,22848.0,158.0,90.412507
HAS,2026-09-16 13:35:00+00:00,90.525,90.805,90.5,90.67,5889.0,68.0,90.570566
HAS,2026-09-16 13:40:00+00:00,90.49,90.57,90.23,90.43,18401.0,355.0,90.353833
HAS,2026-09-16 13:45:00+00:00,90.42,90.43,90.28,90.28,4631.0,162.0,90.368051
HAS,2026-09-16 13:50:00+00:00,90.24,90.405,90.24,90.405,3427.0,97.0,90.360015
HAS,2026-09-16 13:55:00+00:00,90.43,90.78,90.42,90.42,24750.0,289.0,90.636292
HAS,2026-09-16 14:00:00+00:00,90.48,90.53,90.31,90.4,12977.0,364.0,90.465656
HAS,2026-09-16 14:05:00+00:00,90.39,90.41,90.07,90.11,11850.0,220.0,90.160681
HAS,2026-09-16 14:10:00+00:00,90.12,90.18,89.93,89.93,11661.0,290.0,90.058303
HAS,2026-09-16 14:15:00+00:00,89.95,90.33,89.95,90.23,6793.0,218.0,90.137045
HAS,2026-09-16 14:20:00+00:00,90.225,90.33,90.11,90.11,6139.0,165.0,90.26378
HAS,2026-09-16 14:25:00+00:00,90.11,90.11,89.87,90.0,3806.0,172.0,89.997939
HAS,2026-09-16 14:30:00+00:00,90.04,90.125,90.03,90.12,5918.0,194.0,90.062284
HAS,2026-09-16 14:35:00+00:00,90.05,90.08,89.94,89.985,4930.0,194.0,90.011637
HAS,2026-09-16 14:40:00+00:00,89.985,89.985,89.85,89.89,7347.0,222.0,89.903279
HAS,2026-09-16 14:45:00+00:00,89.89,89.89,89.83,89.865,5250.0,189.0,89.865141
HAS,2026-09-16 14:50:00+00:00,89.865,89.99,89.865,89.915,7903.0,222.0,89.943061
HAS,2026-09-16 14:55:00+00:00,89.88,90.22,89.88,90.21,7948.0,275.0,90.086399
HAS,2026-09-16 15:00:00+00:00,90.21,90.34,90.19,90.3,10338.0,321.0,90.239969
HAS,2026-09-16 15:05:00+00:00,90.3799,90.66,90.32,90.615,11018.0,310.0,90.472009
HAS,2026-09-16 15:10:00+00:00,90.57,90.61,90.44,90.44,9240.0,257.0,90.544214
HAS,2026-09-16 15:15:00+00:00,90.49,90.495,90.39,90.49,5793.0,192.0,90.460507
HAS,2026-09-16 15:20:00+00:00,90.55,90.84,90.55,90.82,17280.0,437.0,90.743564
HAS,2026-09-16 15:25:00+00:00,90.835,90.835,90.545,90.545,9285.0,288.0,90.702007
HAS,2026-09-16 15:30:00+00:00,90.55,90.62,90.54,90.545,7165.0,184.0,90.571007
HAS,2026-09-16 15:35:00+00:00,90.52,90.64,90.52,90.64,6463.0,286.0,90.561928
HAS,2026-09-16 15:40:00+00:00,90.64,90.7799,90.61,90.74,8536.0,278.0,90.68512
HAS,2026-09-16 15:45:00+00:00,90.685,90.77,90.615,90.68,5011.0,220.0,90.687928
HAS,2026-09-16 15:50:00+00:00,90.65,90.65,90.54,90.6,8285.0,286.0,90.591303
HAS,2026-09-16 15:55:00+00:00,90.6,90.65,90.57,90.62,3818.0,171.0,90.61267
HAS,2026-09-16 16:00:00+00:00,90.64,90.7,90.64,90.67,5693.0,209.0,90.681078
HAS,2026-09-16 16:05:00+00:00,90.69,90.88,90.69,90.88,7442.0,208.0,90.780306
HAS,2026-09-16 16:10:00+00:00,90.92,90.975,90.85,90.875,7395.0,206.0,90.914935
HAS,2026-09-16 16:15:00+00:00,90.87,90.9,90.78,90.78,4372.0,190.0,90.844032
HAS,2026-09-16 16:20:00+00:00,90.775,90.775,90.64,90.7,4480.0,211.0,90.704711
HAS,2026-09-16 16:25:00+00:00,90.705,90.74,90.64,90.64,8815.0,304.0,90.695557
HAS,2026-09-16 16:30:00+00:00,90.65,90.66,90.605,90.6425,6357.0,209.0,90.633038
HAS,2026-09-16 16:35:00+00:00,90.65,90.65,90.58,90.58,5325.0,213.0,90.606106
HAS,2026-09-16 16:40:00+00:00,90.6,90.62,90.51,90.56,5957.0,225.0,90.553364
HAS,2026-09-16 16:45:00+00:00,90.58,90.59,90.52,90.545,4152.0,146.0,90.555958
HAS,2026-09-16 16:50:00+00:00,90.545,90.66,90.505,90.65,8101.0,307.0,90.564866
HAS,2026-09-16 16:55:00+00:00,90.67,90.78,90.66,90.77,4253.0,215.0,90.723421
HAS,2026-09-16 17:00:00+00:00,90.78,90.79,90.745,90.78,4836.0,219.0,90.773053
HAS,2026-09-16 17:05:00+00:00,90.78,90.86,90.76,90.845,6193.0,207.0,90.816694
HAS,2026-09-16 17:10:00+00:00,90.855,90.99,90.855,90.95,7093.0,177.0,90.929046
HAS,2026-09-16 17:15:00+00:00,90.965,90.965,90.76,90.795,14565.0,290.0,90.855105
HAS,2026-09-16 17:20:00+00:00,90.795,90.85,90.76,90.82,7535.0,247.0,90.801186
HAS,2026-09-16 17:25:00+00:00,90.8,90.81,90.685,90.74,4746.0,220.0,90.759583
HAS,2026-09-16 17:30:00+00:00,90.74,90.74,90.66,90.72,5403.0,180.0,90.693386
HAS,2026-09-16 17:35:00+00:00,90.69,90.73,90.68,90.715,5725.0,217.0,90.710506
HAS,2026-09-16 17:40:00+00:00,90.7,90.7,90.48,90.48,9216.0,322.0,90.585067
HAS,2026-09-16 17:45:00+00:00,90.46,90.535,90.46,90.535,5662.0,250.0,90.503632
HAS,2026-09-16 17:50:00+00:00,90.51,90.61,90.505,90.595,7979.0,360.0,90.550302
HAS,2026-09-16 17:55:00+00:00,90.575,90.6,90.56,90.565,3702.0,187.0,90.579518
HAS,2026-09-16 18:00:00+00:00,90.54,90.64,89.86,90.09,32079.0,623.0,90.102831
HAS,2026-09-16 18:05:00+00:00,90.05,90.15,90.0,90.14,6894.0,276.0,90.108262
HAS,2026-09-16 18:10:00+00:00,90.14,90.2,90.07,90.15,11315.0,355.0,90.128795
HAS,2026-09-16 18:15:00+00:00,90.2,90.2,90.105,90.17,7471.0,260.0,90.151678
HAS,2026-09-16 18:20:00+00:00,90.17,90.17,90.1289,90.16,5111.0,199.0,90.147912
HAS,2026-09-16 18:25:00+00:00,90.165,90.17,90.11,90.145,9192.0,297.0,90.148558
HAS,2026-09-16 18:30:00+00:00,90.155,90.2,89.92,89.92,15383.0,401.0,90.027709
HAS,2026-09-16 18:35:00+00:00,89.89,89.89,89.77,89.83,15659.0,362.0,89.835228
HAS,2026-09-16 18:40:00+00:00,89.85,89.98,89.8,89.89,11863.0,347.0,89.910648
HAS,2026-09-16 18:45:00+00:00,89.92,89.92,89.78,89.8,11557.0,343.0,89.847014
HAS,2026-09-16 18:50:00+00:00,89.78,89.83,89.42,89.42,17523.0,424.0,89.614324
HAS,2026-09-16 18:55:00+00:00,89.39,89.48,89.28,89.43,18574.0,467.0,89.389412
HAS,2026-09-16 19:00:00+00:00,89.44,89.65,89.44,89.65,14759.0,404.0,89.535184
HAS,2026-09-16 19:05:00+00:00,89.65,89.65,89.39,89.39,12415.0,315.0,89.509331
HAS,2026-09-16 19:10:00+00:00,89.4,89.4,89.18,89.18,18298.0,419.0,89.268656
HAS,2026-09-16 19:15:00+00:00,89.15,89.21,89.01,89.065,18355.0,456.0,89.141731
HAS,2026-09-16 19:20:00+00:00,89.09,89.1,88.92,88.9641,12260.0,355.0,89.02341
HAS,2026-09-16 19:25:00+00:00,88.99,88.99,88.865,88.94,20220.0,540.0,88.928805
HAS,2026-09-16 19:30:00+00:00,88.96,89.29,88.9575,89.285,16965.0,477.0,89.105378
HAS,2026-09-16 19:35:00+00:00,89.285,89.295,89.11,89.17,28885.0,647.0,89.194402
HAS,2026-09-16 19:40:00+00:00,89.15,89.16,88.99,89.03,24057.0,536.0,89.10895
HAS,2026-09-16 19:45:00+00:00,89.02,89.29,89.02,89.275,20970.0,553.0,89.159369
HAS,2026-09-16 19:50:00+00:00,89.24,89.27,89.14,89.16,37217.0,854.0,89.209149
HAS,2026-09-16 19:55:00+00:00,89.14,89.34,89.13,89.31,119127.0,2356.0,89.281803
HAS,2026-09-16 20:00:00+00:00,89.3,89.3,89.3,89.3,443877.0,50.0,89.3
HAS,2026-09-17 12:50:00+00:00,91.08,91.08,91.08,91.08,200.0,1.0,91.08
HAS,2026-09-17 13:30:00+00:00,90.74,90.74,90.08,90.3,24295.0,149.0,90.6247
HAS,2026-09-17 13:35:00+00:00,90.08,90.155,89.9,89.94,2068.0,79.0,90.02333
HAS,2026-09-17 13:40:00+00:00,90.0041,90.34,89.86,89.86,9636.0,234.0,90.097364
HAS,2026-09-17 13:45:00+00:00,89.76,89.95,89.59,89.89,8513.0,277.0,89.823123
HAS,2026-09-17 13:50:00+00:00,89.86,89.86,89.755,89.755,1548.0,53.0,89.846875
HAS,2026-09-17 13:55:00+00:00,89.69,89.85,89.3,89.3295,21079.0,227.0,89.682095
HAS,2026-09-17 14:00:00+00:00,89.49,89.61,89.37,89.37,9081.0,295.0,89.484253
HAS,2026-09-17 14:05:00+00:00,89.415,89.51,89.38,89.44,6250.0,219.0,89.450744
HAS,2026-09-17 14:10:00+00:00,89.38,89.61,89.34,89.47,21101.0,336.0,89.543241
HAS,2026-09-17 14:15:00+00:00,89.47,89.62,89.47,89.5,7631.0,249.0,89.539581
HAS,2026-09-17 14:20:00+00:00,89.5,89.5,89.15,89.185,12500.0,371.0,89.306304
HAS,2026-09-17 14:25:00+00:00,89.19,89.24,88.91,88.91,9518.0,254.0,89.046375
HAS,2026-09-17 14:30:00+00:00,88.966,88.966,88.795,88.795,13969.0,351.0,88.830883
HAS,2026-09-17 14:35:00+00:00,88.85,88.98,88.81,88.85,11052.0,366.0,88.871558
HAS,2026-09-17 14:40:00+00:00,88.95,89.08,88.95,88.97,4425.0,202.0,89.018126
HAS,2026-09-17 14:45:00+00:00,88.96,89.04,88.95,88.99,5306.0,223.0,88.989294
HAS,2026-09-17 14:50:00+00:00,88.99,88.99,88.765,88.79,10465.0,292.0,88.86888
HAS,2026-09-17 14:55:00+00:00,88.79,88.8885,88.785,88.8885,5656.0,202.0,88.846637
HAS,2026-09-17 15:00:00+00:00,88.855,89.0,88.855,88.98,6161.0,250.0,88.935663
HAS,2026-09-17 15:05:00+00:00,88.99,89.07,88.99,89.025,8892.0,276.0,89.031163
HAS,2026-09-17 15:10:00+00:00,89.015,89.105,88.99,89.1005,3295.0,151.0,89.046412
HAS,2026-09-17 15:15:00+00:00,89.08,89.22,89.05,89.17,6975.0,234.0,89.132842
HAS,2026-09-17 15:20:00+00:00,89.17,89.17,89.1,89.135,5503.0,210.0,89.121966
HAS,2026-09-17 15:25:00+00:00,89.16,89.365,89.155,89.275,11145.0,347.0,89.264548
HAS,2026-09-17 15:30:00+00:00,89.28,89.33,89.2131,89.32,8758.0,276.0,89.246837
HAS,2026-09-17 15:35:00+00:00,89.315,89.615,89.315,89.56,9918.0,313.0,89.481495
HAS,2026-09-17 15:40:00+00:00,89.54,89.62,89.54,89.62,4056.0,189.0,89.584045
HAS,2026-09-17 15:45:00+00:00,89.62,89.62,89.58,89.6,5055.0,161.0,89.601155
HAS,2026-09-17 15:50:00+00:00,89.59,89.59,89.451,89.5,12319.0,325.0,89.532077
HAS,2026-09-17 15:55:00+00:00,89.53,89.7,89.52,89.68,6168.0,258.0,89.619127
HAS,2026-09-17 16:00:00+00:00,89.755,89.935,89.71,89.85,23477.0,421.0,89.801777
HAS,2026-09-17 16:05:00+00:00,89.845,89.945,89.79,89.92,2461.0,146.0,89.898609
HAS,2026-09-17 16:10:00+00:00,89.9174,89.92,89.56,89.595,17076.0,321.0,89.8017
HAS,2026-09-17 16:15:00+00:00,89.6,89.63,89.52,89.52,5032.0,245.0,89.566462
HAS,2026-09-17 16:20:00+00:00,89.535,89.67,89.535,89.67,4943.0,207.0,89.59672
HAS,2026-09-17 16:25:00+00:00,89.655,89.77,89.64,89.665,7183.0,199.0,89.681627
HAS,2026-09-17 16:30:00+00:00,89.67,89.715,89.645,89.645,4143.0,191.0,89.677471
HAS,2026-09-17 16:35:00+00:00,89.645,89.645,89.64,89.64,1719.0,102.0,89.641665
HAS,2026-09-17 16:40:00+00:00,89.64,89.64,89.56,89.61,6236.0,243.0,89.595265
HAS,2026-09-17 16:45:00+00:00,89.62,89.65,89.62,89.635,5293.0,209.0,89.627884
HAS,2026-09-17 16:50:00+00:00,89.64,89.64,89.64,89.64,817.0,62.0,89.64
HAS,2026-09-17 16:55:00+00:00,89.64,89.64,89.485,89.55,10452.0,362.0,89.576555
HAS,2026-09-17 17:00:00+00:00,89.555,89.6,89.54,89.54,3311.0,200.0,89.585188
HAS,2026-09-17 17:05:00+00:00,89.575,89.6699,89.57,89.5901,6018.0,223.0,89.630508
HAS,2026-09-17 17:10:00+00:00,89.59,89.62,89.53,89.61,15187.0,313.0,89.556949
HAS,2026-09-17 17:15:00+00:00,89.59,89.59,89.5525,89.56,4258.0,156.0,89.570051
HAS,2026-09-17 17:20:00+00:00,89.56,89.595,89.52,89.58,2764.0,141.0,89.557
HAS,2026-09-17 17:25:00+00:00,89.55,89.645,89.5,89.635,9108.0,307.0,89.546634
HAS,2026-09-17 17:30:00+00:00,89.6164,89.64,89.59,89.59,5904.0,207.0,89.628094
HAS,2026-09-17 17:35:00+00:00,89.63,89.67,89.595,89.64,8264.0,284.0,89.632931
HAS,2026-09-17 17:40:00+00:00,89.67,89.71,89.66,89.7,6544.0,243.0,89.691667
HAS,2026-09-17 17:45:00+00:00,89.705,89.78,89.7,89.77,5487.0,195.0,89.743787
HAS,2026-09-17 17:50:00+00:00,89.75,89.78,89.675,89.685,9678.0,285.0,89.751889
HAS,2026-09-17 17:55:00+00:00,89.7,89.7,89.62,89.65,7368.0,262.0,89.661138
HAS,2026-09-17 18:00:00+00:00,89.68,89.69,89.64,89.665,3150.0,168.0,89.667801
HAS,2026-09-17 18:05:00+00:00,89.665,89.665,89.59,89.6,4538.0,158.0,89.626855
HAS,2026-09-17 18:10:00+00:00,89.61,89.7,89.61,89.675,6318.0,234.0,89.646697
HAS,2026-09-17 18:15:00+00:00,89.675,89.76,89.675,89.725,5908.0,202.0,89.723606
HAS,2026-09-17 18:20:00+00:00,89.76,89.76,89.65,89.675,6004.0,224.0,89.712639
HAS,2026-09-17 18:25:00+00:00,89.67,89.7,89.66,89.7,7456.0,238.0,89.68056
HAS,2026-09-17 18:30:00+00:00,89.695,89.71,89.6,89.6,9971.0,307.0,89.665364
HAS,2026-09-17 18:35:00+00:00,89.58,89.58,89.55,89.565,4761.0,178.0,89.563409
HAS,2026-09-17 18:40:00+00:00,89.54,89.61,89.54,89.575,8617.0,320.0,89.582044
HAS,2026-09-17 18:45:00+00:00,89.56,89.61,89.48,89.53,8377.0,299.0,89.545656
HAS,2026-09-17 18:50:00+00:00,89.52,89.52,89.42,89.47,7948.0,367.0,89.460786
HAS,2026-09-17 18:55:00+00:00,89.455,89.4551,89.255,89.26,11828.0,356.0,89.369803
HAS,2026-09-17 19:00:00+00:00,89.27,89.34,89.24,89.34,11013.0,322.0,89.277493
HAS,2026-09-17 19:05:00+00:00,89.33,89.34,89.28,89.33,10233.0,262.0,89.30651
HAS,2026-09-17 19:10:00+00:00,89.33,89.36,89.265,89.265,10701.0,387.0,89.331251
HAS,2026-09-17 19:15:00+00:00,89.26,89.34,89.24,89.25,9614.0,278.0,89.269225
HAS,2026-09-17 19:20:00+00:00,89.24,89.295,89.18,89.18,14773.0,442.0,89.254728
HAS,2026-09-17 19:25:00+00:00,89.18,89.21,89.17,89.18,10787.0,399.0,89.198437
HAS,2026-09-17 19:30:00+00:00,89.18,89.275,89.13,89.233,15552.0,522.0,89.20399
HAS,2026-09-17 19:35:00+00:00,89.23,89.255,89.17,89.215,15982.0,520.0,89.210118
HAS,2026-09-17 19:40:00+00:00,89.18,89.195,89.13,89.165,12615.0,427.0,89.160072
HAS,2026-09-17 19:45:00+00:00,89.165,89.165,88.91,88.915,23775.0,697.0,89.052893
HAS,2026-09-17 19:50:00+00:00,88.93,89.07,88.92,88.92,48508.0,1177.0,89.006343
HAS,2026-09-17 19:55:00+00:00,88.925,88.96,88.74,88.76,135320.0,3003.0,88.813617
HAS,2026-09-17 20:00:00+00:00,88.76,88.9,88.76,88.76,211975.0,69.0,88.760367
HAS,2026-09-18 12:00:00+00:00,88.65,88.65,88.65,88.65,195.0,2.0,88.65
HAS,2026-09-18 12:35:00+00:00,88.5,88.5,88.5,88.5,218.0,5.0,88.5
HAS,2026-09-18 12:40:00+00:00,88.55,88.7,88.55,88.69,1325.0,27.0,88.660463
HAS,2026-09-18 13:05:00+00:00,88.39,88.39,88.39,88.39,105.0,2.0,88.39
HAS,2026-09-18 13:30:00+00:00,88.54,88.8,87.02,88.15,180398.0,712.0,88.583893
HAS,2026-09-18 13:35:00+00:00,88.01,88.29,87.96,88.2,7299.0,200.0,88.115528
HAS,2026-09-18 13:40:00+00:00,88.2,88.295,88.01,88.06,2596.0,105.0,88.205807
HAS,2026-09-18 13:45:00+00:00,88.06,88.35,87.76,87.775,50838.0,588.0,88.21611
HAS,2026-09-18 13:50:00+00:00,87.795,87.87,87.73,87.73,3760.0,171.0,87.802236
HAS,2026-09-18 13:55:00+00:00,87.79,87.895,87.74,87.8,20747.0,187.0,87.88096
HAS,2026-09-18 14:00:00+00:00,87.81,87.93,87.61,87.71,23686.0,487.0,87.744809
HAS,2026-09-18 14:05:00+00:00,87.7,87.72,87.625,87.68,5565.0,151.0,87.673362
HAS,2026-09-18 14:10:00+00:00,87.77,87.89,87.68,87.75,8982.0,233.0,87.755499
HAS,2026-09-18 14:15:00+00:00,87.775,87.88,87.69,87.8,7946.0,196.0,87.78058
HAS,2026-09-18 14:20:00+00:00,87.805,87.935,87.76,87.935,5415.0,195.0,87.886038
HAS,2026-09-18 14:25:00+00:00,87.89,87.9499,87.845,87.92,2798.0,206.0,87.891581
HAS,2026-09-18 14:30:00+00:00,87.9225,88.255,87.9,88.255,9415.0,267.0,88.041701
HAS,2026-09-18 14:35:00+00:00,88.235,88.29,88.15,88.21,8034.0,259.0,88.241264
HAS,2026-09-18 14:40:00+00:00,88.28,88.34,88.17,88.26,21015.0,297.0,88.262079
HAS,2026-09-18 14:45:00+00:00,88.26,88.485,88.23,88.42,7719.0,277.0,88.371461
HAS,2026-09-18 14:50:00+00:00,88.43,88.47,88.29,88.45,7968.0,245.0,88.408161
HAS,2026-09-18 14:55:00+00:00,88.45,88.45,88.305,88.37,4748.0,225.0,88.368313
HAS,2026-09-18 15:00:00+00:00,88.34,88.34,88.18,88.29,3082.0,196.0,88.26
HAS,2026-09-18 15:05:00+00:00,88.295,88.3,88.225,88.225,2481.0,94.0,88.264059
HAS,2026-09-18 15:10:00+00:00,88.25,88.285,88.21,88.285,3177.0,150.0,88.23845
HAS,2026-09-18 15:15:00+00:00,88.285,88.31,88.165,88.245,9673.0,270.0,88.263804
HAS,2026-09-18 15:20:00+00:00,88.245,88.245,88.14,88.15,5129.0,148.0,88.175618
HAS,2026-09-18 15:25:00+00:00,88.19,88.29,88.13,88.22,14915.0,303.0,88.19145
HAS,2026-09-18 15:30:00+00:00,88.23,88.27,88.205,88.2399,4156.0,185.0,88.241392
HAS,2026-09-18 15:35:00+00:00,88.239,88.239,88.0377,88.045,12477.0,272.0,88.123701
HAS,2026-09-18 15:40:00+00:00,88.0425,88.07,87.78,87.87,4547.0,218.0,87.941875
HAS,2026-09-18 15:45:00+00:00,87.91,87.91,87.7,87.7,5243.0,189.0,87.800903
HAS,2026-09-18 15:50:00+00:00,87.7,87.735,87.68,87.68,2010.0,99.0,87.709681
HAS,2026-09-18 15:55:00+00:00,87.6408,87.7299,87.63,87.63,8256.0,245.0,87.670065
HAS,2026-09-18 16:00:00+00:00,87.635,87.635,87.6,87.6,3926.0,185.0,87.617371
HAS,2026-09-18 16:05:00+00:00,87.62,87.695,87.4,87.43,11117.0,305.0,87.609971
HAS,2026-09-18 16:10:00+00:00,87.435,87.435,87.2,87.28,10945.0,287.0,87.295315
HAS,2026-09-18 16:15:00+00:00,87.3,87.495,87.25,87.45,15656.0,369.0,87.348276
HAS,2026-09-18 16:20:00+00:00,87.66,87.75,87.59,87.59,7311.0,293.0,87.685069
HAS,2026-09-18 16:25:00+00:00,87.61,87.79,87.61,87.79,3622.0,142.0,87.687262
HAS,2026-09-18 16:30:00+00:00,87.765,87.82,87.76,87.8,2954.0,133.0,87.785824
HAS,2026-09-18 16:35:00+00:00,87.75,87.76,87.7,87.755,3140.0,121.0,87.730756
HAS,2026-09-18 16:40:00+00:00,87.81,87.885,87.795,87.795,6240.0,187.0,87.846898
HAS,2026-09-18 16:45:00+00:00,87.805,87.805,87.62,87.765,7051.0,250.0,87.690003
HAS,2026-09-18 16:50:00+00:00,87.79,87.79,87.64,87.64,5547.0,201.0,87.711819
HAS,2026-09-18 16:55:00+00:00,87.54,87.54,87.11,87.36,11960.0,434.0,87.279449
HAS,2026-09-18 17:00:00+00:00,87.29,87.29,87.065,87.065,6792.0,245.0,87.166748
HAS,2026-09-18 17:05:00+00:00,87.06,87.1927,87.05,87.14,5099.0,184.0,87.13093
HAS,2026-09-18 17:10:00+00:00,87.08,87.26,87.08,87.245,8533.0,260.0,87.178191
HAS,2026-09-18 17:15:00+00:00,87.25,87.345,87.25,87.31,5929.0,222.0,87.295408
HAS,2026-09-18 17:20:00+00:00,87.33,87.36,87.215,87.215,7163.0,160.0,87.291496
HAS,2026-09-18 17:25:00+00:00,87.2275,87.27,87.16,87.24,15526.0,275.0,87.228338
HAS,2026-09-18 17:30:00+00:00,87.23,87.28,87.205,87.26,9131.0,261.0,87.23079
HAS,2026-09-18 17:35:00+00:00,87.26,87.28,87.18,87.275,15125.0,386.0,87.223974
HAS,2026-09-18 17:40:00+00:00,87.3,87.3,87.12,87.205,33786.0,579.0,87.176644
HAS,2026-09-18 17:45:00+00:00,87.21,87.21,87.06,87.125,21720.0,354.0,87.154192
HAS,2026-09-18 17:50:00+00:00,87.125,87.19,87.08,87.19,22243.0,415.0,87.123114
HAS,2026-09-18 17:55:00+00:00,87.23,87.305,87.23,87.26,8338.0,236.0,87.273023
HAS,2026-09-18 18:00:00+00:00,87.275,87.31,87.21,87.305,6984.0,224.0,87.278165
HAS,2026-09-18 18:05:00+00:00,87.31,87.33,87.26,87.27,5957.0,208.0,87.289577
HAS,2026-09-18 18:10:00+00:00,87.285,87.285,87.2,87.23,8405.0,256.0,87.236966
HAS,2026-09-18 18:15:00+00:00,87.22,87.44,87.22,87.44,7318.0,246.0,87.338433
HAS,2026-09-18 18:20:00+00:00,87.435,87.49,87.39,87.49,6165.0,209.0,87.420393
HAS,2026-09-18 18:25:00+00:00,87.5,87.695,87.5,87.695,6733.0,229.0,87.592611
HAS,2026-09-18 18:30:00+00:00,87.75,87.88,87.68,87.74,9348.0,257.0,87.735588
HAS,2026-09-18 18:35:00+00:00,87.79,87.89,87.79,87.835,9573.0,251.0,87.817984
HAS,2026-09-18 18:40:00+00:00,87.89,87.97,87.8035,87.87,3955.0,213.0,87.885156
HAS,2026-09-18 18:45:00+00:00,87.88,88.03,87.88,87.985,7321.0,293.0,87.937926
HAS,2026-09-18 18:50:00+00:00,87.985,88.03,87.925,87.925,6851.0,235.0,87.970037
HAS,2026-09-18 18:55:00+00:00,87.92,87.92,87.85,87.865,9278.0,267.0,87.869403
HAS,2026-09-18 19:00:00+00:00,87.84,87.94,87.82,87.935,13162.0,347.0,87.876582
HAS,2026-09-18 19:05:00+00:00,87.93,87.95,87.8,87.905,9319.0,283.0,87.885378
HAS,2026-09-18 19:10:00+00:00,87.94,87.94,87.76,87.84,7214.0,190.0,87.826964
HAS,2026-09-18 19:15:00+00:00,87.83,87.895,87.79,87.8,13194.0,316.0,87.827977
HAS,2026-09-18 19:20:00+00:00,87.815,87.89,87.815,87.845,8109.0,246.0,87.851566
HAS,2026-09-18 19:25:00+00:00,87.835,87.93,87.785,87.92,17545.0,431.0,87.813698
HAS,2026-09-18 19:30:00+00:00,87.91,87.99,87.83,87.83,15148.0,462.0,87.905734
HAS,2026-09-18 19:35:00+00:00,87.86,87.99,87.84,87.96,21254.0,582.0,87.925068
HAS,2026-09-18 19:40:00+00:00,87.93,88.09,87.92,88.09,21341.0,670.0,87.981164
HAS,2026-09-18 19:45:00+00:00,88.06,88.11,88.02,88.05,15936.0,592.0,88.070815
HAS,2026-09-18 19:50:00+00:00,88.08,88.38,87.78,87.93,83206.0,1634.0,88.012423
HAS,2026-09-18 19:55:00+00:00,87.87,87.87,87.51,87.57,144841.0,2718.0,87.570545
HAS,2026-09-18 20:00:00+00:00,87.57,87.5971,87.57,87.57,2272522.0,80.0,87.57005
HAS,2026-09-18 20:10:00+00:00,87.57,87.57,87.57,87.57,90446.0,4.0,87.57
HAS,2026-09-18 20:35:00+00:00,87.57,87.57,87.57,87.57,600.0,1.0,87.57
