symbol,timestamp,open,high,low,close,volume,trade_count,vwap
O,2026-08-14 08:00:00+00:00,63.08,63.09,62.99,62.99,2774.0,303.0,63.070855
O,2026-08-14 08:20:00+00:00,63.0041,63.0041,63.0041,63.0041,556.0,1.0,63.0041
O,2026-08-14 08:50:00+00:00,63.01,63.035,63.01,63.035,305.0,3.0,63.026447
O,2026-08-14 09:05:00+00:00,63.0,63.0,63.0,63.0,660.0,35.0,63.0
O,2026-08-14 09:10:00+00:00,62.98,62.98,62.98,62.98,141.0,2.0,62.98
O,2026-08-14 09:35:00+00:00,62.95,62.95,62.95,62.95,254.0,3.0,62.95
O,2026-08-14 09:40:00+00:00,62.99,62.99,62.99,62.99,101.0,2.0,62.99
O,2026-08-14 10:05:00+00:00,62.9834,62.9834,62.9,62.9,2972.0,34.0,62.951461
O,2026-08-14 10:15:00+00:00,62.76,62.76,62.76,62.76,486.0,3.0,62.76
O,2026-08-14 10:30:00+00:00,62.91,62.91,62.91,62.91,230.0,9.0,62.91
O,2026-08-14 10:35:00+00:00,62.92,62.92,62.92,62.92,101.0,2.0,62.92
O,2026-08-14 10:50:00+00:00,62.96,62.96,62.96,62.96,175.0,4.0,62.96
O,2026-08-14 10:55:00+00:00,62.96,62.96,62.92,62.92,369.0,10.0,62.942652
O,2026-08-14 11:00:00+00:00,62.94,62.94,62.94,62.94,265.0,15.0,62.94
O,2026-08-14 11:15:00+00:00,62.97,62.97,62.97,62.97,116.0,6.0,62.97
O,2026-08-14 11:20:00+00:00,62.92,62.92,62.92,62.92,332.0,12.0,62.92
O,2026-08-14 11:25:00+00:00,62.9574,62.9574,62.9574,62.9574,1014.0,2.0,62.9574
O,2026-08-14 11:45:00+00:00,62.91,62.91,62.91,62.91,346.0,39.0,62.91
O,2026-08-14 11:50:00+00:00,62.91,62.91,62.91,62.91,4278.0,5.0,62.91
O,2026-08-14 11:55:00+00:00,62.96,62.96,62.96,62.96,400.0,1.0,62.96
O,2026-08-14 12:00:00+00:00,62.92,62.95,62.92,62.95,319.0,5.0,62.934952
O,2026-08-14 12:15:00+00:00,62.9221,62.9221,62.9221,62.9221,102.0,3.0,62.9221
O,2026-08-14 12:20:00+00:00,62.95,62.95,62.95,62.95,613.0,11.0,62.95
O,2026-08-14 12:25:00+00:00,62.95,62.95,62.95,62.95,207.0,5.0,62.95
O,2026-08-14 12:30:00+00:00,62.97,62.97,62.97,62.97,331.0,12.0,62.97
O,2026-08-14 12:35:00+00:00,63.0099,63.0099,62.97,62.97,3033.0,10.0,62.983336
O,2026-08-14 12:40:00+00:00,62.9247,62.9913,62.9247,62.9913,212.0,6.0,62.95767
O,2026-08-14 12:50:00+00:00,62.95,62.95,62.95,62.95,145.0,2.0,62.95
O,2026-08-14 12:55:00+00:00,62.92,62.92,62.9,62.9,1810.0,52.0,62.918624
O,2026-08-14 13:00:00+00:00,62.92,62.93,62.92,62.93,675.0,10.0,62.926383
O,2026-08-14 13:05:00+00:00,63.0,63.0,63.0,63.0,326.0,9.0,63.0
O,2026-08-14 13:10:00+00:00,62.9295,62.9295,62.91,62.91,477.0,18.0,62.918528
O,2026-08-14 13:20:00+00:00,62.94,62.9667,62.94,62.94,549.0,9.0,62.951443
O,2026-08-14 13:25:00+00:00,63.0,63.01,62.98,63.01,693.0,25.0,62.996667
O,2026-08-14 13:30:00+00:00,62.975,63.23,62.82,63.17,169529.0,2285.0,62.974673
O,2026-08-14 13:35:00+00:00,63.175,63.21,63.05,63.1,41105.0,1192.0,63.131206
O,2026-08-14 13:40:00+00:00,63.0953,63.2795,63.095,63.2,52729.0,1077.0,63.218326
O,2026-08-14 13:45:00+00:00,63.19,63.2,63.045,63.12,40726.0,971.0,63.115823
O,2026-08-14 13:50:00+00:00,63.11,63.17,63.08,63.08,27639.0,836.0,63.123021
O,2026-08-14 13:55:00+00:00,63.075,63.085,62.99,63.02,40371.0,1103.0,63.036121
O,2026-08-14 14:00:00+00:00,63.02,63.06,62.9001,62.96,24122.0,997.0,62.982184
O,2026-08-14 14:05:00+00:00,62.95,63.01,62.93,62.98,29942.0,1005.0,62.971203
O,2026-08-14 14:10:00+00:00,62.97,62.97,62.91,62.925,80432.0,1093.0,62.943108
O,2026-08-14 14:15:00+00:00,62.93,63.06,62.91,63.055,30841.0,984.0,62.994145
O,2026-08-14 14:20:00+00:00,63.07,63.12,63.035,63.035,31772.0,1063.0,63.084377
O,2026-08-14 14:25:00+00:00,63.015,63.035,62.91,62.93,46046.0,1249.0,62.973465
O,2026-08-14 14:30:00+00:00,62.92,62.92,62.82,62.82,44675.0,1440.0,62.867136
O,2026-08-14 14:35:00+00:00,62.82,62.86,62.75,62.75,44766.0,1471.0,62.809922
O,2026-08-14 14:40:00+00:00,62.75,62.7886,62.71,62.745,31836.0,1244.0,62.755901
O,2026-08-14 14:45:00+00:00,62.745,62.78,62.695,62.73,79617.0,1281.0,62.737869
O,2026-08-14 14:50:00+00:00,62.735,62.735,62.685,62.72,34015.0,1150.0,62.706414
O,2026-08-14 14:55:00+00:00,62.73,62.78,62.7,62.78,21765.0,1083.0,62.735094
O,2026-08-14 15:00:00+00:00,62.775,62.91,62.77,62.9,27658.0,933.0,62.838402
O,2026-08-14 15:05:00+00:00,62.91,63.02,62.91,63.02,29172.0,958.0,62.965281
O,2026-08-14 15:10:00+00:00,63.01,63.02,62.95,62.97,26243.0,1044.0,62.984021
O,2026-08-14 15:15:00+00:00,62.97,63.05,62.97,63.01,23973.0,905.0,63.010348
O,2026-08-14 15:20:00+00:00,63.01,63.1,62.975,63.095,43138.0,1169.0,63.068643
O,2026-08-14 15:25:00+00:00,63.09,63.115,63.055,63.08,27391.0,1041.0,63.079706
O,2026-08-14 15:30:00+00:00,63.075,63.08,63.015,63.02,355371.0,853.0,63.053716
O,2026-08-14 15:35:00+00:00,63.015,63.05,62.98,63.01,44609.0,922.0,63.008727
O,2026-08-14 15:40:00+00:00,63.01,63.06,63.01,63.01,19618.0,866.0,63.027843
O,2026-08-14 15:45:00+00:00,63.02,63.035,62.995,63.025,66573.0,877.0,63.009444
O,2026-08-14 15:50:00+00:00,63.02,63.02,62.945,62.945,23227.0,804.0,63.001736
O,2026-08-14 15:55:00+00:00,62.9401,62.95,62.92,62.935,28717.0,845.0,62.935386
O,2026-08-14 16:00:00+00:00,62.94,62.95,62.9,62.945,13111.0,759.0,62.931936
O,2026-08-14 16:05:00+00:00,62.945,62.965,62.9233,62.93,10501.0,683.0,62.950644
O,2026-08-14 16:10:00+00:00,62.93,62.965,62.89,62.965,17193.0,861.0,62.922283
O,2026-08-14 16:15:00+00:00,62.965,63.0,62.95,62.9777,11355.0,689.0,62.979461
O,2026-08-14 16:20:00+00:00,62.975,63.005,62.94,63.0,20136.0,649.0,62.977242
O,2026-08-14 16:25:00+00:00,63.01,63.01,62.95,62.96,13822.0,521.0,62.977442
O,2026-08-14 16:30:00+00:00,62.97,62.996,62.97,62.99,10531.0,451.0,62.986339
O,2026-08-14 16:35:00+00:00,62.98,63.0,62.965,62.99,13503.0,522.0,62.987883
O,2026-08-14 16:40:00+00:00,62.97,62.98,62.9,62.9,14064.0,534.0,62.968484
O,2026-08-14 16:45:00+00:00,62.895,62.93,62.89,62.9,18075.0,633.0,62.904594
O,2026-08-14 16:50:00+00:00,62.9,62.9,62.855,62.8799,23557.0,548.0,62.881083
O,2026-08-14 16:55:00+00:00,62.88,62.92,62.87,62.91,22751.0,616.0,62.896227
O,2026-08-14 17:00:00+00:00,62.909,62.93,62.8977,62.93,9422.0,427.0,62.914416
O,2026-08-14 17:05:00+00:00,62.94,62.95,62.935,62.95,10652.0,394.0,62.938282
O,2026-08-14 17:10:00+00:00,62.9531,62.965,62.925,62.94,27379.0,505.0,62.946242
O,2026-08-14 17:15:00+00:00,62.95,62.97,62.94,62.962,11826.0,395.0,62.951065
O,2026-08-14 17:20:00+00:00,62.955,63.0,62.94,62.99,17480.0,477.0,62.98204
O,2026-08-14 17:25:00+00:00,62.995,63.0123,62.99,63.0,12696.0,469.0,62.999925
O,2026-08-14 17:30:00+00:00,63.0,63.0,62.935,62.935,14918.0,618.0,62.956625
O,2026-08-14 17:35:00+00:00,62.94,62.945,62.905,62.935,15014.0,556.0,62.928446
O,2026-08-14 17:40:00+00:00,62.94,62.95,62.925,62.935,13042.0,449.0,62.935776
O,2026-08-14 17:45:00+00:00,62.935,62.94,62.89,62.8901,64176.0,491.0,62.92044
O,2026-08-14 17:50:00+00:00,62.89,62.897,62.875,62.88,12545.0,489.0,62.884538
O,2026-08-14 17:55:00+00:00,62.89,62.905,62.88,62.88,13536.0,1314.0,62.888487
O,2026-08-14 18:00:00+00:00,62.9,62.9,62.86,62.87,12801.0,505.0,62.87226
O,2026-08-14 18:05:00+00:00,62.86,62.93,62.86,62.915,16153.0,538.0,62.90532
O,2026-08-14 18:10:00+00:00,62.915,62.94,62.895,62.895,19004.0,549.0,62.924133
O,2026-08-14 18:15:00+00:00,62.895,62.95,62.895,62.935,13920.0,463.0,62.916689
O,2026-08-14 18:20:00+00:00,62.935,62.935,62.905,62.93,18331.0,550.0,62.922159
O,2026-08-14 18:25:00+00:00,62.92,62.94,62.915,62.935,10773.0,482.0,62.926566
O,2026-08-14 18:30:00+00:00,62.935,62.935,62.91,62.91,13044.0,427.0,62.922497
O,2026-08-14 18:35:00+00:00,62.915,62.935,62.91,62.915,15683.0,491.0,62.918688
O,2026-08-14 18:40:00+00:00,62.915,62.945,62.905,62.945,19064.0,575.0,62.920389
O,2026-08-14 18:45:00+00:00,62.945,62.95,62.91,62.92,24679.0,534.0,62.936099
O,2026-08-14 18:50:00+00:00,62.925,62.93,62.885,62.905,25417.0,734.0,62.906229
O,2026-08-14 18:55:00+00:00,62.9,62.905,62.88,62.885,19032.0,947.0,62.897777
O,2026-08-14 19:00:00+00:00,62.88,62.91,62.88,62.895,15610.0,496.0,62.900185
O,2026-08-14 19:05:00+00:00,62.9,62.92,62.895,62.91,14684.0,581.0,62.908036
O,2026-08-14 19:10:00+00:00,62.915,62.965,62.89,62.95,49548.0,756.0,62.93369
O,2026-08-14 19:15:00+00:00,62.945,62.965,62.93,62.93,23398.0,667.0,62.941207
O,2026-08-14 19:20:00+00:00,62.935,62.94,62.895,62.895,26848.0,622.0,62.923289
O,2026-08-14 19:25:00+00:00,62.89,62.94,62.89,62.92,29972.0,769.0,62.919224
O,2026-08-14 19:30:00+00:00,62.915,62.915,62.88,62.88,31955.0,814.0,62.901042
O,2026-08-14 19:35:00+00:00,62.88,62.88,62.835,62.845,79689.0,1055.0,62.862052
O,2026-08-14 19:40:00+00:00,62.845,62.865,62.785,62.845,35835.0,1055.0,62.82689
O,2026-08-14 19:45:00+00:00,62.84,62.865,62.815,62.82,60977.0,1153.0,62.838325
O,2026-08-14 19:50:00+00:00,62.81,62.9,62.81,62.875,73482.0,1457.0,62.869058
O,2026-08-14 19:55:00+00:00,62.86,62.875,62.7,62.745,301353.0,4251.0,62.764244
O,2026-08-14 20:00:00+00:00,62.75,62.75,62.74,62.74,674862.0,63.0,62.740059
O,2026-08-14 20:05:00+00:00,62.9482,62.9482,62.9482,62.9482,224.0,7.0,62.9482
O,2026-08-14 20:15:00+00:00,62.7,62.7,62.7,62.7,173.0,6.0,62.7
O,2026-08-14 20:20:00+00:00,62.77,62.77,62.77,62.77,100.0,1.0,62.77
O,2026-08-14 20:30:00+00:00,62.94,62.94,62.9,62.9,950.0,5.0,62.935521
O,2026-08-14 20:35:00+00:00,62.79,62.79,62.79,62.79,101.0,2.0,62.79
O,2026-08-14 20:40:00+00:00,62.81,62.81,62.81,62.81,107.0,4.0,62.81
O,2026-08-14 22:35:00+00:00,62.78,62.8768,62.77,62.77,1618.0,20.0,62.779092
O,2026-08-14 22:50:00+00:00,62.8,62.8,62.8,62.8,1504.0,3.0,62.8
O,2026-08-14 23:00:00+00:00,62.8913,62.8913,62.8913,62.8913,1000.0,1.0,62.8913
O,2026-08-14 23:40:00+00:00,62.77,62.77,62.76,62.76,535.0,12.0,62.765
O,2026-08-17 08:00:00+00:00,62.7992,62.9,62.69,62.72,14548.0,396.0,62.786512
O,2026-08-17 08:10:00+00:00,62.77,62.77,62.77,62.77,754.0,7.0,62.77
O,2026-08-17 08:15:00+00:00,62.71,62.71,62.71,62.71,161.0,2.0,62.71
O,2026-08-17 08:20:00+00:00,62.6024,62.6024,62.6024,62.6024,101.0,2.0,62.6024
O,2026-08-17 08:25:00+00:00,62.68,62.68,62.68,62.68,136.0,8.0,62.68
O,2026-08-17 08:45:00+00:00,62.8,62.8,62.75,62.75,4367.0,13.0,62.794465
O,2026-08-17 08:50:00+00:00,62.74,62.74,62.74,62.74,166.0,1.0,62.74
O,2026-08-17 09:10:00+00:00,62.75,62.75,62.75,62.75,305.0,4.0,62.75
O,2026-08-17 09:30:00+00:00,62.77,62.77,62.77,62.77,548.0,3.0,62.77
O,2026-08-17 09:35:00+00:00,62.76,62.76,62.76,62.76,193.0,5.0,62.76
O,2026-08-17 09:50:00+00:00,62.77,62.77,62.77,62.77,401.0,2.0,62.77
O,2026-08-17 10:00:00+00:00,62.77,62.77,62.77,62.77,1017.0,4.0,62.77
O,2026-08-17 11:00:00+00:00,62.74,62.78,62.74,62.76,2034.0,52.0,62.760398
O,2026-08-17 11:05:00+00:00,62.76,62.76,62.76,62.76,821.0,18.0,62.76
O,2026-08-17 11:10:00+00:00,62.69,62.69,62.68,62.68,1384.0,38.0,62.684
O,2026-08-17 11:30:00+00:00,62.68,62.68,62.68,62.68,268.0,4.0,62.68
O,2026-08-17 11:35:00+00:00,62.65,62.65,62.65,62.65,209.0,13.0,62.65
O,2026-08-17 11:40:00+00:00,62.62,62.62,62.62,62.62,350.0,6.0,62.62
O,2026-08-17 11:50:00+00:00,62.765,62.765,62.765,62.765,185.0,10.0,62.765
O,2026-08-17 12:25:00+00:00,62.66,62.66,62.64,62.65,1047.0,36.0,62.64892
O,2026-08-17 12:30:00+00:00,62.6,62.6,62.6,62.6,723.0,74.0,62.6
O,2026-08-17 12:35:00+00:00,62.62,62.62,62.56,62.56,1373.0,16.0,62.570178
O,2026-08-17 12:40:00+00:00,62.6543,62.6543,62.6543,62.6543,125.0,5.0,62.6543
O,2026-08-17 12:55:00+00:00,62.61,62.63,62.6,62.61,1089.0,21.0,62.613125
O,2026-08-17 13:00:00+00:00,62.6,62.6,62.58,62.59,945.0,27.0,62.590178
O,2026-08-17 13:05:00+00:00,62.6,62.6,62.55,62.55,2888.0,47.0,62.553191
O,2026-08-17 13:10:00+00:00,62.56,62.56,62.56,62.56,213.0,9.0,62.56
O,2026-08-17 13:25:00+00:00,62.54,62.555,62.49,62.49,4240.0,139.0,62.511838
O,2026-08-17 13:30:00+00:00,62.49,62.49,62.26,62.46,153908.0,4215.0,62.3159
O,2026-08-17 13:35:00+00:00,62.455,62.4972,62.365,62.435,51885.0,1521.0,62.417875
O,2026-08-17 13:40:00+00:00,62.45,62.58,62.435,62.58,59169.0,1506.0,62.486315
O,2026-08-17 13:45:00+00:00,62.58,62.59,62.365,62.38,45842.0,1243.0,62.477297
O,2026-08-17 13:50:00+00:00,62.37,62.45,62.32,62.35,36778.0,1160.0,62.387327
O,2026-08-17 13:55:00+00:00,62.345,62.36,62.27,62.2772,68360.0,1459.0,62.319338
O,2026-08-17 14:00:00+00:00,62.29,62.405,62.28,62.31,60418.0,1422.0,62.331799
O,2026-08-17 14:05:00+00:00,62.305,62.35,62.275,62.31,28704.0,1031.0,62.317765
O,2026-08-17 14:10:00+00:00,62.3,62.3,62.195,62.21,90535.0,1885.0,62.230108
O,2026-08-17 14:15:00+00:00,62.21,62.27,62.1301,62.26,50072.0,1570.0,62.186619
O,2026-08-17 14:20:00+00:00,62.2543,62.31,62.235,62.2458,44449.0,1301.0,62.272502
O,2026-08-17 14:25:00+00:00,62.2499,62.3198,62.24,62.3198,25733.0,1090.0,62.270233
O,2026-08-17 14:30:00+00:00,62.315,62.325,62.2875,62.3,32531.0,1096.0,62.303898
O,2026-08-17 14:35:00+00:00,62.295,62.295,62.22,62.24,45986.0,1338.0,62.242668
O,2026-08-17 14:40:00+00:00,62.235,62.26,62.2,62.245,39533.0,1382.0,62.228511
O,2026-08-17 14:45:00+00:00,62.245,62.366,62.245,62.3101,37417.0,1119.0,62.330036
O,2026-08-17 14:50:00+00:00,62.325,62.405,62.325,62.402,43328.0,1068.0,62.378322
O,2026-08-17 14:55:00+00:00,62.41,62.41,62.32,62.345,37788.0,1064.0,62.345942
O,2026-08-17 15:00:00+00:00,62.345,62.365,62.305,62.365,28530.0,1070.0,62.332255
O,2026-08-17 15:05:00+00:00,62.36,62.375,62.31,62.32,34410.0,979.0,62.336738
O,2026-08-17 15:10:00+00:00,62.315,62.34,62.22,62.225,32095.0,1095.0,62.271247
O,2026-08-17 15:15:00+00:00,62.23,62.28,62.22,62.25,41253.0,1055.0,62.249442
O,2026-08-17 15:20:00+00:00,62.26,62.26,62.17,62.21,32139.0,1074.0,62.214957
O,2026-08-17 15:25:00+00:00,62.205,62.27,62.2,62.26,28682.0,1008.0,62.246295
O,2026-08-17 15:30:00+00:00,62.265,62.295,62.25,62.28,22615.0,943.0,62.274135
O,2026-08-17 15:35:00+00:00,62.28,62.315,62.235,62.24,41606.0,1128.0,62.280771
O,2026-08-17 15:40:00+00:00,62.25,62.33,62.23,62.27,27348.0,941.0,62.28825
O,2026-08-17 15:45:00+00:00,62.265,62.29,62.23,62.29,28594.0,1058.0,62.251418
O,2026-08-17 15:50:00+00:00,62.29,62.305,62.27,62.275,22871.0,826.0,62.277375
O,2026-08-17 15:55:00+00:00,62.28,62.335,62.275,62.335,17726.0,809.0,62.309827
O,2026-08-17 16:00:00+00:00,62.33,62.365,62.3,62.36,19922.0,843.0,62.330062
O,2026-08-17 16:05:00+00:00,62.36,62.42,62.35,62.3901,22555.0,818.0,62.386763
O,2026-08-17 16:10:00+00:00,62.4,62.43,62.38,62.42,44658.0,993.0,62.400638
O,2026-08-17 16:15:00+00:00,62.42,62.43,62.3701,62.3701,52636.0,929.0,62.411697
O,2026-08-17 16:20:00+00:00,62.38,62.4625,62.37,62.4625,30531.0,893.0,62.401966
O,2026-08-17 16:25:00+00:00,62.47,62.475,62.415,62.415,34282.0,876.0,62.443612
O,2026-08-17 16:30:00+00:00,62.42,62.429,62.4,62.425,25450.0,529.0,62.41301
O,2026-08-17 16:35:00+00:00,62.43,62.47,62.42,62.455,23175.0,543.0,62.439517
O,2026-08-17 16:40:00+00:00,62.455,62.48,62.4301,62.4301,15574.0,466.0,62.455192
O,2026-08-17 16:45:00+00:00,62.43,62.45,62.42,62.43,20694.0,611.0,62.438133
O,2026-08-17 16:50:00+00:00,62.43,62.47,62.415,62.47,30442.0,591.0,62.44596
O,2026-08-17 16:55:00+00:00,62.475,62.48,62.435,62.435,14964.0,483.0,62.461732
O,2026-08-17 17:00:00+00:00,62.44,62.45,62.4217,62.43,16409.0,537.0,62.436066
O,2026-08-17 17:05:00+00:00,62.42,62.4297,62.38,62.4297,24951.0,591.0,62.407902
O,2026-08-17 17:10:00+00:00,62.415,62.45,62.41,62.45,14664.0,489.0,62.429791
O,2026-08-17 17:15:00+00:00,62.45,62.4597,62.43,62.435,17428.0,437.0,62.44437
O,2026-08-17 17:20:00+00:00,62.44,62.445,62.405,62.41,26089.0,617.0,62.423109
O,2026-08-17 17:25:00+00:00,62.405,62.41,62.335,62.39,189857.0,549.0,62.360536
O,2026-08-17 17:30:00+00:00,62.39,62.44,62.37,62.4101,120714.0,755.0,62.400301
O,2026-08-17 17:35:00+00:00,62.41,62.41,62.35,62.35,34830.0,578.0,62.374677
O,2026-08-17 17:40:00+00:00,62.35,62.385,62.34,62.36,23089.0,624.0,62.367358
O,2026-08-17 17:45:00+00:00,62.36,62.415,62.34,62.4,86241.0,721.0,62.369597
O,2026-08-17 17:50:00+00:00,62.41,62.465,62.41,62.4451,34937.0,548.0,62.446834
O,2026-08-17 17:55:00+00:00,62.44,62.44,62.415,62.415,22531.0,556.0,62.426706
O,2026-08-17 18:00:00+00:00,62.42,62.45,62.411,62.445,33905.0,1694.0,62.427243
O,2026-08-17 18:05:00+00:00,62.45,62.485,62.445,62.455,22598.0,629.0,62.46782
O,2026-08-17 18:10:00+00:00,62.455,62.485,62.434,62.485,26858.0,583.0,62.466102
O,2026-08-17 18:15:00+00:00,62.485,62.5,62.415,62.425,21013.0,553.0,62.457783
O,2026-08-17 18:20:00+00:00,62.435,62.45,62.41,62.42,29805.0,528.0,62.429667
O,2026-08-17 18:25:00+00:00,62.42,62.42,62.375,62.385,16614.0,485.0,62.399215
O,2026-08-17 18:30:00+00:00,62.385,62.39,62.3443,62.3443,24526.0,622.0,62.370044
O,2026-08-17 18:35:00+00:00,62.35,62.37,62.32,62.325,27967.0,621.0,62.349191
O,2026-08-17 18:40:00+00:00,62.325,62.335,62.27,62.275,30523.0,626.0,62.297284
O,2026-08-17 18:45:00+00:00,62.2799,62.28,62.2299,62.23,37402.0,776.0,62.253933
O,2026-08-17 18:50:00+00:00,62.2399,62.24,62.21,62.22,25445.0,589.0,62.22487
O,2026-08-17 18:55:00+00:00,62.225,62.29,62.22,62.28,17859.0,514.0,62.269784
O,2026-08-17 19:00:00+00:00,62.2701,62.285,62.25,62.28,48433.0,615.0,62.268791
O,2026-08-17 19:05:00+00:00,62.285,62.2899,62.26,62.28,20326.0,557.0,62.272762
O,2026-08-17 19:10:00+00:00,62.285,62.365,62.285,62.36,31959.0,614.0,62.336917
O,2026-08-17 19:15:00+00:00,62.3601,62.395,62.3601,62.38,21494.0,578.0,62.379085
O,2026-08-17 19:20:00+00:00,62.39,62.425,62.36,62.36,28373.0,665.0,62.403195
O,2026-08-17 19:25:00+00:00,62.36,62.365,62.31,62.345,31060.0,675.0,62.33664
O,2026-08-17 19:30:00+00:00,62.35,62.395,62.34,62.395,42566.0,925.0,62.361157
O,2026-08-17 19:35:00+00:00,62.39,62.415,62.375,62.4,49501.0,1061.0,62.395648
O,2026-08-17 19:40:00+00:00,62.4,62.44,62.395,62.44,58363.0,1203.0,62.41195
O,2026-08-17 19:45:00+00:00,62.43,62.51,62.425,62.495,62011.0,1273.0,62.47773
O,2026-08-17 19:50:00+00:00,62.5,62.5,62.425,62.45,86394.0,1533.0,62.449227
O,2026-08-17 19:55:00+00:00,62.44,62.525,62.4,62.41,461412.0,5029.0,62.45642
O,2026-08-17 20:00:00+00:00,62.4,62.45,62.4,62.45,1528689.0,113.0,62.400031
O,2026-08-17 20:20:00+00:00,62.496,62.496,62.496,62.496,410.0,2.0,62.496
O,2026-08-17 20:50:00+00:00,62.4898,62.4898,62.4898,62.4898,100.0,1.0,62.4898
O,2026-08-17 21:20:00+00:00,62.41,62.41,62.41,62.41,384.0,21.0,62.41
O,2026-08-17 22:05:00+00:00,62.51,62.51,62.51,62.51,404.0,2.0,62.51
O,2026-08-17 22:15:00+00:00,62.47,62.48,62.47,62.48,483.0,3.0,62.475
O,2026-08-17 22:45:00+00:00,62.44,62.44,62.44,62.44,230.0,7.0,62.44
O,2026-08-18 08:00:00+00:00,62.5,62.6,62.43,62.57,2844.0,182.0,62.51404
O,2026-08-18 08:05:00+00:00,62.6,62.6,62.6,62.6,1309.0,3.0,62.6
O,2026-08-18 08:20:00+00:00,62.58,62.59,62.58,62.59,434.0,6.0,62.582494
O,2026-08-18 08:30:00+00:00,62.6,62.6,62.6,62.6,952.0,7.0,62.6
O,2026-08-18 08:40:00+00:00,62.57,62.57,62.57,62.57,212.0,14.0,62.57
O,2026-08-18 08:55:00+00:00,62.64,62.64,62.64,62.64,100.0,1.0,62.64
O,2026-08-18 09:15:00+00:00,62.62,62.62,62.6,62.6,790.0,14.0,62.605714
O,2026-08-18 09:20:00+00:00,62.61,62.61,62.61,62.61,253.0,4.0,62.61
O,2026-08-18 09:25:00+00:00,62.61,62.61,62.58,62.58,687.0,10.0,62.591406
O,2026-08-18 09:30:00+00:00,62.58,62.58,62.58,62.58,293.0,6.0,62.58
O,2026-08-18 09:50:00+00:00,62.58,62.58,62.58,62.58,132.0,3.0,62.58
O,2026-08-18 10:15:00+00:00,62.65,62.65,62.65,62.65,235.0,7.0,62.65
O,2026-08-18 10:20:00+00:00,62.58,62.58,62.58,62.58,328.0,4.0,62.58
O,2026-08-18 10:50:00+00:00,62.58,62.58,62.58,62.58,110.0,2.0,62.58
O,2026-08-18 10:55:00+00:00,62.57,62.58,62.57,62.58,319.0,5.0,62.573861
O,2026-08-18 11:00:00+00:00,62.58,62.6,62.57,62.6,6461.0,44.0,62.595981
O,2026-08-18 11:30:00+00:00,62.61,62.61,62.61,62.61,1415.0,75.0,62.61
O,2026-08-18 11:45:00+00:00,62.6651,62.6651,62.6651,62.6651,304.0,3.0,62.6651
O,2026-08-18 11:55:00+00:00,62.62,62.6377,62.62,62.6377,1018.0,15.0,62.6301
O,2026-08-18 12:00:00+00:00,62.636,62.636,62.636,62.636,170.0,3.0,62.636
O,2026-08-18 12:05:00+00:00,62.67,62.67,62.67,62.67,1010.0,13.0,62.67
O,2026-08-18 12:20:00+00:00,62.68,62.68,62.66,62.66,578.0,16.0,62.670639
O,2026-08-18 12:25:00+00:00,62.66,62.67,62.64,62.67,901.0,16.0,62.657628
O,2026-08-18 12:35:00+00:00,62.65,62.65,62.65,62.65,291.0,8.0,62.65
O,2026-08-18 12:45:00+00:00,62.68,62.68,62.68,62.68,381.0,7.0,62.68
O,2026-08-18 12:50:00+00:00,62.7,62.7,62.68,62.68,2637.0,68.0,62.696024
O,2026-08-18 12:55:00+00:00,62.6247,62.6247,62.6247,62.6247,161.0,2.0,62.6247
O,2026-08-18 13:00:00+00:00,62.7014,62.7014,62.67,62.67,427.0,13.0,62.67785
O,2026-08-18 13:05:00+00:00,62.68,62.72,62.68,62.7,3325.0,41.0,62.695
O,2026-08-18 13:10:00+00:00,62.69,62.71,62.55,62.65,2084.0,46.0,62.652181
O,2026-08-18 13:15:00+00:00,62.71,62.71,62.71,62.71,232.0,5.0,62.71
O,2026-08-18 13:25:00+00:00,62.72,62.87,62.57,62.68,5680.0,73.0,62.815606
O,2026-08-18 13:30:00+00:00,62.87,62.96,62.6046,62.855,143370.0,2466.0,62.915942
O,2026-08-18 13:35:00+00:00,62.86,62.88,62.625,62.625,55947.0,1394.0,62.760113
O,2026-08-18 13:40:00+00:00,62.64,62.7784,62.61,62.73,44917.0,1091.0,62.677062
O,2026-08-18 13:45:00+00:00,62.74,62.87,62.74,62.81,58503.0,1105.0,62.79587
O,2026-08-18 13:50:00+00:00,62.82,62.87,62.7,62.72,40514.0,927.0,62.812162
O,2026-08-18 13:55:00+00:00,62.715,62.76,62.585,62.6,34461.0,944.0,62.677112
O,2026-08-18 14:00:00+00:00,62.59,62.61,62.425,62.445,43742.0,1293.0,62.528274
O,2026-08-18 14:05:00+00:00,62.44,62.56,62.43,62.5,48196.0,1130.0,62.502655
O,2026-08-18 14:10:00+00:00,62.52,62.565,62.48,62.55,41742.0,1111.0,62.521127
O,2026-08-18 14:15:00+00:00,62.55,62.55,62.435,62.455,31532.0,1141.0,62.492666
O,2026-08-18 14:20:00+00:00,62.46,62.5,62.405,62.44,58766.0,1280.0,62.453672
O,2026-08-18 14:25:00+00:00,62.43,62.4384,62.27,62.29,37739.0,1317.0,62.356085
O,2026-08-18 14:30:00+00:00,62.28,62.3,62.24,62.27,59373.0,1257.0,62.27269
O,2026-08-18 14:35:00+00:00,62.28,62.33,62.235,62.31,33764.0,1022.0,62.270922
O,2026-08-18 14:40:00+00:00,62.305,62.46,62.305,62.455,31109.0,974.0,62.406695
O,2026-08-18 14:45:00+00:00,62.4534,62.47,62.425,62.45,56588.0,873.0,62.445888
O,2026-08-18 14:50:00+00:00,62.445,62.51,62.445,62.51,35363.0,1080.0,62.481467
O,2026-08-18 14:55:00+00:00,62.515,62.55,62.505,62.54,56075.0,1285.0,62.526799
O,2026-08-18 15:00:00+00:00,62.535,62.555,62.435,62.5435,43039.0,1171.0,62.510905
O,2026-08-18 15:05:00+00:00,62.55,62.625,62.545,62.595,57376.0,1050.0,62.590697
O,2026-08-18 15:10:00+00:00,62.595,62.6,62.465,62.475,35494.0,1015.0,62.527123
O,2026-08-18 15:15:00+00:00,62.47,62.59,62.42,62.585,42185.0,1062.0,62.48254
O,2026-08-18 15:20:00+00:00,62.59,62.595,62.455,62.505,35795.0,979.0,62.514014
O,2026-08-18 15:25:00+00:00,62.505,62.505,62.4,62.4,37625.0,897.0,62.436963
O,2026-08-18 15:30:00+00:00,62.405,62.405,62.325,62.35,33185.0,985.0,62.367792
O,2026-08-18 15:35:00+00:00,62.35,62.459,62.35,62.455,27099.0,846.0,62.392119
O,2026-08-18 15:40:00+00:00,62.46,62.49,62.455,62.475,16596.0,721.0,62.472239
O,2026-08-18 15:45:00+00:00,62.475,62.49,62.41,62.445,30287.0,920.0,62.444733
O,2026-08-18 15:50:00+00:00,62.4475,62.49,62.445,62.45,17651.0,651.0,62.463928
O,2026-08-18 15:55:00+00:00,62.445,62.445,62.375,62.38,36279.0,757.0,62.408949
O,2026-08-18 16:00:00+00:00,62.38,62.395,62.35,62.3822,15686.0,747.0,62.373566
O,2026-08-18 16:05:00+00:00,62.385,62.415,62.36,62.4025,29901.0,820.0,62.393711
O,2026-08-18 16:10:00+00:00,62.4,62.4,62.365,62.4,23156.0,712.0,62.382037
O,2026-08-18 16:15:00+00:00,62.405,62.47,62.395,62.47,17780.0,579.0,62.430561
O,2026-08-18 16:20:00+00:00,62.4746,62.52,62.455,62.52,28523.0,590.0,62.481509
O,2026-08-18 16:25:00+00:00,62.511,62.52,62.45,62.465,32410.0,684.0,62.479717
O,2026-08-18 16:30:00+00:00,62.4601,62.505,62.45,62.495,26335.0,606.0,62.480023
O,2026-08-18 16:35:00+00:00,62.5,62.5099,62.4714,62.49,21471.0,530.0,62.491816
O,2026-08-18 16:40:00+00:00,62.49,62.5,62.455,62.46,37142.0,657.0,62.478803
O,2026-08-18 16:45:00+00:00,62.465,62.47,62.4,62.405,15445.0,444.0,62.429706
O,2026-08-18 16:50:00+00:00,62.4,62.405,62.37,62.38,27902.0,644.0,62.386945
O,2026-08-18 16:55:00+00:00,62.38,62.43,62.375,62.425,29509.0,544.0,62.394726
O,2026-08-18 17:00:00+00:00,62.425,62.4399,62.37,62.41,35471.0,562.0,62.416795
O,2026-08-18 17:05:00+00:00,62.41,62.485,62.405,62.455,20855.0,567.0,62.447706
O,2026-08-18 17:10:00+00:00,62.47,62.5025,62.47,62.485,17015.0,466.0,62.491297
O,2026-08-18 17:15:00+00:00,62.485,62.5099,62.48,62.5017,22848.0,407.0,62.498568
O,2026-08-18 17:20:00+00:00,62.5,62.5,62.45,62.465,23762.0,609.0,62.468273
O,2026-08-18 17:25:00+00:00,62.465,62.47,62.3949,62.395,44118.0,543.0,62.414657
O,2026-08-18 17:30:00+00:00,62.395,62.395,62.36,62.365,18868.0,591.0,62.379735
O,2026-08-18 17:35:00+00:00,62.355,62.41,62.35,62.405,25509.0,579.0,62.375824
O,2026-08-18 17:40:00+00:00,62.4,62.42,62.385,62.405,27892.0,535.0,62.401608
O,2026-08-18 17:45:00+00:00,62.4025,62.44,62.395,62.425,38960.0,1173.0,62.415399
O,2026-08-18 17:50:00+00:00,62.43,62.44,62.355,62.39,48070.0,768.0,62.389598
O,2026-08-18 17:55:00+00:00,62.385,62.39,62.36,62.37,17912.0,494.0,62.374142
O,2026-08-18 18:00:00+00:00,62.37,62.375,62.315,62.365,23095.0,591.0,62.345811
O,2026-08-18 18:05:00+00:00,62.36,62.3697,62.32,62.32,43535.0,817.0,62.344049
O,2026-08-18 18:10:00+00:00,62.31,62.335,62.3,62.325,24368.0,547.0,62.319905
O,2026-08-18 18:15:00+00:00,62.3277,62.3277,62.29,62.3,23139.0,571.0,62.30484
O,2026-08-18 18:20:00+00:00,62.29,62.315,62.28,62.311,41146.0,689.0,62.295254
O,2026-08-18 18:25:00+00:00,62.315,62.34,62.305,62.305,22808.0,567.0,62.324655
O,2026-08-18 18:30:00+00:00,62.305,62.35,62.29,62.315,40254.0,702.0,62.319587
O,2026-08-18 18:35:00+00:00,62.315,62.33,62.3,62.315,23568.0,505.0,62.311644
O,2026-08-18 18:40:00+00:00,62.31,62.36,62.31,62.32,111945.0,672.0,62.337979
O,2026-08-18 18:45:00+00:00,62.315,62.345,62.295,62.345,31857.0,646.0,62.313276
O,2026-08-18 18:50:00+00:00,62.3468,62.36,62.315,62.33,22139.0,542.0,62.338625
O,2026-08-18 18:55:00+00:00,62.34,62.355,62.31,62.355,20138.0,463.0,62.332841
O,2026-08-18 19:00:00+00:00,62.35,62.35,62.3023,62.3201,34710.0,612.0,62.322215
O,2026-08-18 19:05:00+00:00,62.33,62.35,62.2,62.215,105590.0,1009.0,62.254342
O,2026-08-18 19:10:00+00:00,62.215,62.2599,62.205,62.21,26332.0,648.0,62.230846
O,2026-08-18 19:15:00+00:00,62.215,62.25,62.2,62.24,33640.0,645.0,62.227611
O,2026-08-18 19:20:00+00:00,62.25,62.3,62.245,62.29,33445.0,649.0,62.268892
O,2026-08-18 19:25:00+00:00,62.28,62.28,62.225,62.245,30512.0,828.0,62.252622
O,2026-08-18 19:30:00+00:00,62.25,62.27,62.2399,62.24,49274.0,979.0,62.253638
O,2026-08-18 19:35:00+00:00,62.23,62.29,62.21,62.245,36869.0,1008.0,62.239937
O,2026-08-18 19:40:00+00:00,62.245,62.27,62.22,62.23,55698.0,999.0,62.237665
O,2026-08-18 19:45:00+00:00,62.23,62.325,62.2,62.275,74479.0,1305.0,62.24571
O,2026-08-18 19:50:00+00:00,62.26,62.33,62.22,62.295,102371.0,1792.0,62.281987
O,2026-08-18 19:55:00+00:00,62.29,62.315,62.205,62.235,335666.0,4633.0,62.27422
O,2026-08-18 20:00:00+00:00,62.21,62.39,62.21,62.39,670366.0,97.0,62.210059
O,2026-08-18 20:05:00+00:00,62.26,62.26,62.2225,62.2225,803.0,14.0,62.248611
O,2026-08-18 20:25:00+00:00,62.3,62.3,62.3,62.3,151.0,8.0,62.3
O,2026-08-18 20:45:00+00:00,62.2,62.2,62.2,62.2,102.0,2.0,62.2
O,2026-08-18 20:50:00+00:00,62.26,62.26,62.26,62.26,106.0,3.0,62.26
O,2026-08-18 20:55:00+00:00,62.298,62.298,62.298,62.298,779.0,4.0,62.298
O,2026-08-18 21:10:00+00:00,62.29,62.29,62.29,62.29,343.0,11.0,62.29
O,2026-08-18 21:15:00+00:00,62.23,62.23,62.23,62.23,110.0,2.0,62.23
O,2026-08-18 21:20:00+00:00,62.23,62.23,62.23,62.23,137.0,1.0,62.23
O,2026-08-18 21:25:00+00:00,62.32,62.32,62.32,62.32,510.0,2.0,62.32
O,2026-08-18 21:30:00+00:00,62.267,62.267,62.267,62.267,502.0,2.0,62.267
O,2026-08-18 22:00:00+00:00,62.29,62.3,62.29,62.3,275.0,6.0,62.295
O,2026-08-18 22:10:00+00:00,62.26,62.26,62.26,62.26,160.0,9.0,62.26
O,2026-08-18 22:35:00+00:00,62.3,62.3,62.3,62.3,155.0,1.0,62.3
O,2026-08-18 22:50:00+00:00,62.25,62.25,62.25,62.25,540.0,2.0,62.25
O,2026-08-18 23:25:00+00:00,62.3,62.3,62.3,62.3,500.0,1.0,62.3
O,2026-08-19 08:00:00+00:00,62.38,62.38,62.28,62.28,3151.0,213.0,62.314661
O,2026-08-19 08:05:00+00:00,62.37,62.38,62.37,62.38,886.0,9.0,62.372834
O,2026-08-19 08:15:00+00:00,62.35,62.35,62.35,62.35,309.0,11.0,62.35
O,2026-08-19 08:20:00+00:00,62.34,62.34,62.34,62.34,271.0,4.0,62.34
O,2026-08-19 08:25:00+00:00,62.32,62.32,62.3,62.3,2291.0,18.0,62.305952
O,2026-08-19 08:40:00+00:00,62.3471,62.35,62.3471,62.35,255.0,3.0,62.348284
O,2026-08-19 08:45:00+00:00,62.31,62.31,62.31,62.31,160.0,4.0,62.31
O,2026-08-19 08:55:00+00:00,62.33,62.33,62.33,62.33,162.0,3.0,62.33
O,2026-08-19 09:15:00+00:00,62.36,62.36,62.34,62.34,1041.0,11.0,62.351025
O,2026-08-19 09:25:00+00:00,62.34,62.34,62.34,62.34,191.0,3.0,62.34
O,2026-08-19 09:30:00+00:00,62.36,62.36,62.34,62.35,943.0,25.0,62.349375
O,2026-08-19 09:35:00+00:00,62.33,62.33,62.295,62.295,806.0,17.0,62.310345
O,2026-08-19 09:45:00+00:00,62.3,62.3,62.3,62.3,167.0,10.0,62.3
O,2026-08-19 09:50:00+00:00,62.29,62.3,62.29,62.3,831.0,9.0,62.298
O,2026-08-19 10:00:00+00:00,62.3,62.3,62.3,62.3,1031.0,2.0,62.3
O,2026-08-19 11:05:00+00:00,62.35,62.35,62.35,62.35,200.0,1.0,62.35
O,2026-08-19 11:10:00+00:00,62.35,62.4,62.35,62.4,4368.0,13.0,62.366379
O,2026-08-19 11:20:00+00:00,62.4294,62.4294,62.4294,62.4294,201.0,2.0,62.4294
O,2026-08-19 11:25:00+00:00,62.47,62.49,62.44,62.48,2005.0,46.0,62.475489
O,2026-08-19 11:35:00+00:00,62.4914,62.4914,62.48,62.48,1113.0,8.0,62.490364
O,2026-08-19 11:55:00+00:00,62.4982,62.5,62.4982,62.5,5836.0,16.0,62.498334
O,2026-08-19 12:05:00+00:00,62.59,62.6,62.58,62.6,1480.0,63.0,62.59345
O,2026-08-19 12:10:00+00:00,62.62,62.63,62.62,62.63,221.0,3.0,62.624545
O,2026-08-19 12:15:00+00:00,62.6,62.6,62.6,62.6,225.0,3.0,62.6
O,2026-08-19 12:20:00+00:00,62.61,62.61,62.61,62.61,586.0,6.0,62.61
O,2026-08-19 12:25:00+00:00,62.49,62.49,62.49,62.49,523.0,6.0,62.49
O,2026-08-19 12:35:00+00:00,62.5612,62.5612,62.55,62.55,2306.0,8.0,62.550654
O,2026-08-19 12:40:00+00:00,62.5,62.58,62.5,62.58,647.0,9.0,62.565898
O,2026-08-19 12:45:00+00:00,62.46,62.62,62.46,62.62,1992.0,29.0,62.600225
O,2026-08-19 12:50:00+00:00,62.64,62.68,62.64,62.68,502.0,10.0,62.65901
O,2026-08-19 12:55:00+00:00,62.68,62.7,62.68,62.68,999.0,22.0,62.690119
O,2026-08-19 13:00:00+00:00,62.7647,62.7647,62.7647,62.7647,214.0,4.0,62.7647
O,2026-08-19 13:05:00+00:00,62.75,62.8,62.6701,62.69,3812.0,45.0,62.734314
O,2026-08-19 13:10:00+00:00,62.7,62.7,62.65,62.69,3543.0,40.0,62.667735
O,2026-08-19 13:15:00+00:00,62.6,62.6,62.55,62.55,1358.0,47.0,62.557983
O,2026-08-19 13:25:00+00:00,62.543,62.7,62.543,62.7,941.0,21.0,62.676741
O,2026-08-19 13:30:00+00:00,62.61,62.85,62.53,62.725,148890.0,2869.0,62.65341
O,2026-08-19 13:35:00+00:00,62.725,62.93,62.72,62.925,85516.0,1538.0,62.810589
O,2026-08-19 13:40:00+00:00,62.91,62.965,62.82,62.84,62163.0,960.0,62.888239
O,2026-08-19 13:45:00+00:00,62.85,62.98,62.78,62.89,63294.0,1158.0,62.877052
O,2026-08-19 13:50:00+00:00,62.87,63.08,62.86,63.08,82336.0,1397.0,62.958882
O,2026-08-19 13:55:00+00:00,63.08,63.11,62.975,63.01,60734.0,1100.0,63.059291
O,2026-08-19 14:00:00+00:00,63.01,63.08,62.97,62.975,71072.0,1349.0,63.031967
O,2026-08-19 14:05:00+00:00,62.98,63.1,62.965,63.1,42753.0,1026.0,63.029412
O,2026-08-19 14:10:00+00:00,63.1,63.16,63.055,63.11,71404.0,1390.0,63.123988
O,2026-08-19 14:15:00+00:00,63.08,63.175,63.0619,63.14,40192.0,1283.0,63.118099
O,2026-08-19 14:20:00+00:00,63.125,63.13,63.045,63.05,37968.0,1213.0,63.095334
O,2026-08-19 14:25:00+00:00,63.04,63.05,62.84,62.84,37009.0,1116.0,62.950737
O,2026-08-19 14:30:00+00:00,62.84,62.92,62.81,62.92,44373.0,1349.0,62.85426
O,2026-08-19 14:35:00+00:00,62.92,62.92,62.83,62.845,21062.0,953.0,62.888151
O,2026-08-19 14:40:00+00:00,62.84,62.9,62.82,62.88,21926.0,958.0,62.860331
O,2026-08-19 14:45:00+00:00,62.88,62.96,62.8623,62.868,22648.0,919.0,62.923129
O,2026-08-19 14:50:00+00:00,62.87,62.875,62.71,62.72,28580.0,1068.0,62.787509
O,2026-08-19 14:55:00+00:00,62.73,62.865,62.73,62.865,32426.0,949.0,62.813089
O,2026-08-19 15:00:00+00:00,62.86,62.9358,62.8,62.93,24397.0,867.0,62.863864
O,2026-08-19 15:05:00+00:00,62.93,62.955,62.88,62.92,19183.0,919.0,62.920156
O,2026-08-19 15:10:00+00:00,62.91,62.91,62.81,62.81,18054.0,872.0,62.838889
O,2026-08-19 15:15:00+00:00,62.8183,62.825,62.74,62.795,21990.0,868.0,62.780567
O,2026-08-19 15:20:00+00:00,62.795,62.82,62.745,62.7906,14721.0,768.0,62.786213
O,2026-08-19 15:25:00+00:00,62.79,62.825,62.755,62.81,24416.0,895.0,62.790398
O,2026-08-19 15:30:00+00:00,62.825,62.84,62.75,62.76,27015.0,875.0,62.780345
O,2026-08-19 15:35:00+00:00,62.77,62.79,62.7,62.73,12754.0,772.0,62.735827
O,2026-08-19 15:40:00+00:00,62.7299,62.755,62.69,62.7,22224.0,819.0,62.731603
O,2026-08-19 15:45:00+00:00,62.7,62.73,62.69,62.71,16570.0,718.0,62.708315
O,2026-08-19 15:50:00+00:00,62.705,62.72,62.6899,62.7,21322.0,760.0,62.701901
O,2026-08-19 15:55:00+00:00,62.7099,62.71,62.66,62.67,61207.0,884.0,62.679114
O,2026-08-19 16:00:00+00:00,62.675,62.68,62.61,62.615,16286.0,760.0,62.637112
O,2026-08-19 16:05:00+00:00,62.6183,62.62,62.59,62.6099,19486.0,722.0,62.607468
O,2026-08-19 16:10:00+00:00,62.6,62.615,62.56,62.59,13237.0,646.0,62.58453
O,2026-08-19 16:15:00+00:00,62.6,62.64,62.59,62.6,31858.0,577.0,62.61194
O,2026-08-19 16:20:00+00:00,62.58,62.645,62.57,62.64,16323.0,468.0,62.607783
O,2026-08-19 16:25:00+00:00,62.65,62.68,62.65,62.66,29929.0,475.0,62.661384
O,2026-08-19 16:30:00+00:00,62.65,62.68,62.64,62.67,22069.0,455.0,62.659012
O,2026-08-19 16:35:00+00:00,62.675,62.69,62.65,62.67,9751.0,395.0,62.668126
O,2026-08-19 16:40:00+00:00,62.68,62.68,62.63,62.65,13395.0,384.0,62.653232
O,2026-08-19 16:45:00+00:00,62.645,62.685,62.645,62.67,10490.0,416.0,62.672646
O,2026-08-19 16:50:00+00:00,62.69,62.695,62.65,62.6705,13762.0,466.0,62.668278
O,2026-08-19 16:55:00+00:00,62.68,62.69,62.67,62.68,9316.0,366.0,62.678477
O,2026-08-19 17:00:00+00:00,62.6701,62.73,62.6701,62.68,12695.0,480.0,62.699659
O,2026-08-19 17:05:00+00:00,62.68,62.705,62.615,62.62,12778.0,482.0,62.667266
O,2026-08-19 17:10:00+00:00,62.61,62.63,62.6001,62.61,20746.0,483.0,62.615626
O,2026-08-19 17:15:00+00:00,62.62,62.65,62.615,62.64,11718.0,409.0,62.634303
O,2026-08-19 17:20:00+00:00,62.64,62.6599,62.625,62.63,11723.0,401.0,62.640085
O,2026-08-19 17:25:00+00:00,62.6302,62.6499,62.6201,62.6394,16549.0,364.0,62.632594
O,2026-08-19 17:30:00+00:00,62.635,62.6381,62.585,62.615,30397.0,605.0,62.611771
O,2026-08-19 17:35:00+00:00,62.62,62.67,62.61,62.66,14132.0,408.0,62.646372
O,2026-08-19 17:40:00+00:00,62.65,62.7,62.65,62.6899,16548.0,422.0,62.676576
O,2026-08-19 17:45:00+00:00,62.7,62.79,62.7,62.785,21056.0,443.0,62.745285
O,2026-08-19 17:50:00+00:00,62.785,62.82,62.7819,62.785,19883.0,525.0,62.796983
O,2026-08-19 17:55:00+00:00,62.785,62.79,62.76,62.77,17511.0,944.0,62.779619
O,2026-08-19 18:00:00+00:00,62.77,62.8,62.75,62.795,22889.0,537.0,62.772434
O,2026-08-19 18:05:00+00:00,62.8,62.875,62.795,62.875,16533.0,497.0,62.83565
O,2026-08-19 18:10:00+00:00,62.87,62.91,62.87,62.9,27312.0,450.0,62.885617
O,2026-08-19 18:15:00+00:00,62.905,62.905,62.875,62.875,17563.0,479.0,62.896423
O,2026-08-19 18:20:00+00:00,62.88,62.895,62.87,62.895,16153.0,483.0,62.884423
O,2026-08-19 18:25:00+00:00,62.9,62.9,62.885,62.89,13991.0,450.0,62.891848
O,2026-08-19 18:30:00+00:00,62.885,62.915,62.84,62.915,33859.0,709.0,62.875164
O,2026-08-19 18:35:00+00:00,62.915,62.975,62.9101,62.94,21568.0,539.0,62.952783
O,2026-08-19 18:40:00+00:00,62.94,62.95,62.88,62.885,94767.0,537.0,62.913602
O,2026-08-19 18:45:00+00:00,62.885,62.955,62.885,62.9375,85844.0,469.0,62.931122
O,2026-08-19 18:50:00+00:00,62.9399,62.985,62.92,62.93,37727.0,611.0,62.943239
O,2026-08-19 18:55:00+00:00,62.95,62.97,62.9245,62.9245,53601.0,529.0,62.941784
O,2026-08-19 19:00:00+00:00,62.93,62.9499,62.905,62.9394,30584.0,528.0,62.92155
O,2026-08-19 19:05:00+00:00,62.935,62.935,62.905,62.93,20176.0,556.0,62.919188
O,2026-08-19 19:10:00+00:00,62.93,62.935,62.88,62.89,25093.0,629.0,62.91141
O,2026-08-19 19:15:00+00:00,62.895,62.935,62.8825,62.915,27376.0,649.0,62.910135
O,2026-08-19 19:20:00+00:00,62.91,62.935,62.895,62.9,28608.0,692.0,62.916599
O,2026-08-19 19:25:00+00:00,62.9,62.95,62.89,62.935,39399.0,829.0,62.91339
O,2026-08-19 19:30:00+00:00,62.94,62.965,62.9,62.965,31724.0,769.0,62.928297
O,2026-08-19 19:35:00+00:00,62.96,63.025,62.96,63.005,59865.0,1129.0,62.994572
O,2026-08-19 19:40:00+00:00,63.01,63.05,63.01,63.02,57310.0,969.0,63.027873
O,2026-08-19 19:45:00+00:00,63.025,63.05,62.965,62.985,55980.0,1078.0,63.00481
O,2026-08-19 19:50:00+00:00,62.98,62.98,62.87,62.89,66438.0,1252.0,62.910985
O,2026-08-19 19:55:00+00:00,62.89,63.02,62.83,62.955,341187.0,4794.0,62.942087
O,2026-08-19 20:00:00+00:00,62.95,62.95,62.95,62.95,832463.0,97.0,62.95
O,2026-08-19 20:10:00+00:00,62.66,62.66,62.66,62.66,130.0,3.0,62.66
O,2026-08-19 20:50:00+00:00,63.0638,63.0638,63.0638,63.0638,1002.0,2.0,63.0638
O,2026-08-19 21:05:00+00:00,62.76,62.76,62.76,62.76,120.0,1.0,62.76
O,2026-08-19 21:40:00+00:00,63.0,63.0,63.0,63.0,1002.0,3.0,63.0
O,2026-08-19 22:00:00+00:00,62.99,62.99,62.99,62.99,323.0,18.0,62.99
O,2026-08-19 22:05:00+00:00,63.03,63.05,63.03,63.05,5488.0,33.0,63.047264
O,2026-08-19 22:10:00+00:00,63.05,63.05,62.77,62.77,248.0,3.0,62.921382
O,2026-08-19 23:40:00+00:00,63.01,63.01,63.01,63.01,122.0,2.0,63.01
O,2026-08-19 23:45:00+00:00,63.07,63.07,63.07,63.07,146.0,3.0,63.07
O,2026-08-19 23:50:00+00:00,63.0108,63.0108,63.0108,63.0108,1010.0,2.0,63.0108
O,2026-08-20 08:00:00+00:00,63.01,63.03,62.9212,63.01,2723.0,277.0,63.001064
O,2026-08-20 08:45:00+00:00,63.02,63.1,63.02,63.1,1118.0,33.0,63.063876
O,2026-08-20 09:05:00+00:00,63.04,63.08,63.04,63.07,633.0,8.0,63.06469
O,2026-08-20 09:45:00+00:00,63.01,63.01,62.96,62.96,5497.0,67.0,62.963984
O,2026-08-20 10:30:00+00:00,63.1066,63.1066,63.1066,63.1066,133.0,7.0,63.1066
O,2026-08-20 10:55:00+00:00,63.01,63.01,63.01,63.01,168.0,7.0,63.01
O,2026-08-20 11:00:00+00:00,62.95,62.95,62.95,62.95,126.0,14.0,62.95
O,2026-08-20 11:05:00+00:00,63.007,63.007,63.007,63.007,306.0,17.0,63.007
O,2026-08-20 11:10:00+00:00,62.9896,62.9896,62.94,62.94,924.0,20.0,62.950078
O,2026-08-20 11:15:00+00:00,62.826,62.826,62.826,62.826,2000.0,1.0,62.826
O,2026-08-20 11:20:00+00:00,62.9,62.9,62.9,62.9,175.0,8.0,62.9
O,2026-08-20 11:40:00+00:00,62.94,62.94,62.8388,62.8388,353.0,4.0,62.900728
O,2026-08-20 11:45:00+00:00,62.925,62.925,62.925,62.925,427.0,27.0,62.925
O,2026-08-20 11:50:00+00:00,62.9,62.9,62.9,62.9,100.0,1.0,62.9
O,2026-08-20 12:10:00+00:00,62.98,62.98,62.91,62.91,1057.0,33.0,62.945
O,2026-08-20 12:15:00+00:00,62.9,62.9,62.9,62.9,2507.0,13.0,62.9
O,2026-08-20 12:20:00+00:00,62.98,62.99,62.98,62.99,514.0,7.0,62.983857
O,2026-08-20 12:35:00+00:00,62.9683,62.9683,62.9683,62.9683,401.0,3.0,62.9683
O,2026-08-20 12:40:00+00:00,62.94,62.94,62.9011,62.9011,423.0,5.0,62.920599
O,2026-08-20 13:05:00+00:00,62.89,62.89,62.89,62.89,541.0,3.0,62.89
O,2026-08-20 13:20:00+00:00,62.85,62.9511,62.85,62.9511,1220.0,30.0,62.894774
O,2026-08-20 13:25:00+00:00,62.76,62.99,62.76,62.99,1230.0,62.0,62.866
O,2026-08-20 13:30:00+00:00,63.0,63.06,62.8,63.045,102243.0,2205.0,62.972614
O,2026-08-20 13:35:00+00:00,63.045,63.22,63.02,63.21,51704.0,1194.0,63.119194
O,2026-08-20 13:40:00+00:00,63.199,63.26,63.1651,63.17,76446.0,1582.0,63.211959
O,2026-08-20 13:45:00+00:00,63.17,63.28,63.13,63.24,51633.0,1089.0,63.210151
O,2026-08-20 13:50:00+00:00,63.24,63.305,63.1994,63.29,78499.0,1224.0,63.267136
O,2026-08-20 13:55:00+00:00,63.29,63.33,63.23,63.26,85531.0,1157.0,63.29352
O,2026-08-20 14:00:00+00:00,63.2607,63.3399,63.18,63.315,29593.0,924.0,63.28642
O,2026-08-20 14:05:00+00:00,63.3,63.33,63.22,63.22,24572.0,667.0,63.300784
O,2026-08-20 14:10:00+00:00,63.2,63.2599,63.18,63.19,30962.0,919.0,63.200849
O,2026-08-20 14:15:00+00:00,63.195,63.275,63.16,63.27,32070.0,1021.0,63.220452
O,2026-08-20 14:20:00+00:00,63.28,63.285,63.195,63.195,29333.0,924.0,63.225912
O,2026-08-20 14:25:00+00:00,63.19,63.2,63.075,63.075,34015.0,903.0,63.146056
O,2026-08-20 14:30:00+00:00,63.06,63.09,63.04,63.08,29405.0,906.0,63.070056
O,2026-08-20 14:35:00+00:00,63.08,63.1477,63.04,63.09,37582.0,894.0,63.109445
O,2026-08-20 14:40:00+00:00,63.08,63.1081,63.05,63.065,24798.0,953.0,63.077831
O,2026-08-20 14:45:00+00:00,63.065,63.1794,63.06,63.17,15319.0,814.0,63.140905
O,2026-08-20 14:50:00+00:00,63.18,63.19,63.11,63.115,21739.0,877.0,63.148068
O,2026-08-20 14:55:00+00:00,63.105,63.17,63.07,63.155,20113.0,811.0,63.126477
O,2026-08-20 15:00:00+00:00,63.15,63.19,63.125,63.18,24420.0,971.0,63.15518
O,2026-08-20 15:05:00+00:00,63.18,63.28,63.17,63.2575,83530.0,1138.0,63.258567
O,2026-08-20 15:10:00+00:00,63.255,63.355,63.24,63.355,55404.0,1054.0,63.313807
O,2026-08-20 15:15:00+00:00,63.35,63.445,63.33,63.41,80543.0,1288.0,63.376461
O,2026-08-20 15:20:00+00:00,63.42,63.42,63.35,63.35,32015.0,1000.0,63.382749
O,2026-08-20 15:25:00+00:00,63.355,63.39,63.3522,63.38,27269.0,931.0,63.369072
O,2026-08-20 15:30:00+00:00,63.38,63.426,63.34,63.345,37904.0,977.0,63.369322
O,2026-08-20 15:35:00+00:00,63.345,63.39,63.345,63.38,32242.0,950.0,63.36545
O,2026-08-20 15:40:00+00:00,63.37,63.425,63.355,63.425,15534.0,803.0,63.376588
O,2026-08-20 15:45:00+00:00,63.43,63.43,63.365,63.395,20540.0,803.0,63.395315
O,2026-08-20 15:50:00+00:00,63.39,63.3955,63.345,63.345,21831.0,765.0,63.371513
O,2026-08-20 15:55:00+00:00,63.345,63.365,63.32,63.345,26685.0,845.0,63.338225
O,2026-08-20 16:00:00+00:00,63.34,63.35,63.3,63.324,19418.0,674.0,63.320481
O,2026-08-20 16:05:00+00:00,63.32,63.36,63.32,63.335,18506.0,685.0,63.342053
O,2026-08-20 16:10:00+00:00,63.335,63.351,63.33,63.34,13870.0,662.0,63.342346
O,2026-08-20 16:15:00+00:00,63.3427,63.44,63.3217,63.41,21715.0,534.0,63.376201
O,2026-08-20 16:20:00+00:00,63.415,63.425,63.38,63.385,11360.0,384.0,63.405638
O,2026-08-20 16:25:00+00:00,63.381,63.4,63.375,63.375,16309.0,462.0,63.38817
O,2026-08-20 16:30:00+00:00,63.375,63.41,63.33,63.33,18222.0,422.0,63.375662
O,2026-08-20 16:35:00+00:00,63.335,63.35,63.29,63.3,37429.0,696.0,63.318707
O,2026-08-20 16:40:00+00:00,63.31,63.335,63.295,63.305,21172.0,494.0,63.316706
O,2026-08-20 16:45:00+00:00,63.305,63.33,63.3,63.305,16396.0,446.0,63.311902
O,2026-08-20 16:50:00+00:00,63.31,63.33,63.29,63.29,23332.0,536.0,63.310932
O,2026-08-20 16:55:00+00:00,63.305,63.315,63.26,63.28,21651.0,505.0,63.286975
O,2026-08-20 17:00:00+00:00,63.285,63.345,63.275,63.325,11520.0,426.0,63.312837
O,2026-08-20 17:05:00+00:00,63.325,63.34,63.295,63.295,38577.0,689.0,63.313303
O,2026-08-20 17:10:00+00:00,63.295,63.326,63.29,63.315,17200.0,455.0,63.308193
O,2026-08-20 17:15:00+00:00,63.32,63.345,63.32,63.32,13909.0,402.0,63.332694
O,2026-08-20 17:20:00+00:00,63.32,63.365,63.29,63.29,17510.0,547.0,63.328383
O,2026-08-20 17:25:00+00:00,63.3,63.32,63.29,63.32,10347.0,431.0,63.302741
O,2026-08-20 17:30:00+00:00,63.33,63.33,63.3,63.3001,17676.0,609.0,63.317525
O,2026-08-20 17:35:00+00:00,63.3,63.315,63.265,63.265,27029.0,523.0,63.295528
O,2026-08-20 17:40:00+00:00,63.27,63.285,63.265,63.28,12150.0,425.0,63.271186
O,2026-08-20 17:45:00+00:00,63.2706,63.305,63.2706,63.29,20734.0,479.0,63.287533
O,2026-08-20 17:50:00+00:00,63.295,63.355,63.29,63.355,33281.0,1097.0,63.316979
O,2026-08-20 17:55:00+00:00,63.355,63.365,63.34,63.355,23408.0,601.0,63.352534
O,2026-08-20 18:00:00+00:00,63.355,63.375,63.34,63.365,15537.0,566.0,63.359225
O,2026-08-20 18:05:00+00:00,63.365,63.395,63.365,63.3833,22847.0,645.0,63.379533
O,2026-08-20 18:10:00+00:00,63.385,63.44,63.3802,63.425,81616.0,755.0,63.417815
O,2026-08-20 18:15:00+00:00,63.425,63.438,63.38,63.38,27095.0,593.0,63.418362
O,2026-08-20 18:20:00+00:00,63.39,63.445,63.38,63.435,35657.0,632.0,63.401143
O,2026-08-20 18:25:00+00:00,63.43,63.4399,63.415,63.42,16195.0,533.0,63.424211
O,2026-08-20 18:30:00+00:00,63.415,63.45,63.405,63.45,32829.0,680.0,63.426509
O,2026-08-20 18:35:00+00:00,63.45,63.535,63.45,63.5301,45266.0,928.0,63.491929
O,2026-08-20 18:40:00+00:00,63.54,63.5401,63.505,63.535,48606.0,722.0,63.523328
O,2026-08-20 18:45:00+00:00,63.5314,63.535,63.485,63.4883,19335.0,610.0,63.511019
O,2026-08-20 18:50:00+00:00,63.48,63.51,63.46,63.506,24354.0,541.0,63.483056
O,2026-08-20 18:55:00+00:00,63.505,63.51,63.47,63.47,19447.0,576.0,63.499063
O,2026-08-20 19:00:00+00:00,63.46,63.46,63.41,63.44,28074.0,728.0,63.432656
O,2026-08-20 19:05:00+00:00,63.45,63.495,63.4406,63.49,32070.0,656.0,63.456859
O,2026-08-20 19:10:00+00:00,63.495,63.495,63.45,63.475,27250.0,668.0,63.470152
O,2026-08-20 19:15:00+00:00,63.48,63.5,63.415,63.455,22081.0,615.0,63.456682
O,2026-08-20 19:20:00+00:00,63.45,63.45,63.38,63.395,24400.0,734.0,63.402419
O,2026-08-20 19:25:00+00:00,63.39,63.39,63.3427,63.345,26140.0,888.0,63.363937
O,2026-08-20 19:30:00+00:00,63.345,63.345,63.29,63.31,36440.0,978.0,63.31876
O,2026-08-20 19:35:00+00:00,63.305,63.37,63.28,63.34,30869.0,917.0,63.321825
O,2026-08-20 19:40:00+00:00,63.32,63.325,63.28,63.295,49810.0,1122.0,63.30031
O,2026-08-20 19:45:00+00:00,63.29,63.32,63.2824,63.29,73576.0,1477.0,63.304837
O,2026-08-20 19:50:00+00:00,63.3,63.42,63.27,63.415,82044.0,2003.0,63.36763
O,2026-08-20 19:55:00+00:00,63.42,63.44,63.17,63.185,258820.0,4560.0,63.250195
O,2026-08-20 20:00:00+00:00,63.17,63.17,63.17,63.17,54362.0,78.0,63.17
O,2026-08-20 20:20:00+00:00,63.23,63.23,63.23,63.23,783.0,2.0,63.23
O,2026-08-20 21:30:00+00:00,63.21,63.21,63.21,63.21,1191.0,24.0,63.21
O,2026-08-20 22:10:00+00:00,63.24,63.24,63.24,63.24,160.0,2.0,63.24
O,2026-08-20 22:15:00+00:00,63.24,63.24,63.24,63.24,199.0,2.0,63.24
O,2026-08-20 22:25:00+00:00,63.2,63.2,63.2,63.2,142.0,3.0,63.2
O,2026-08-20 22:30:00+00:00,63.24,63.24,63.24,63.24,101.0,2.0,63.24
O,2026-08-20 22:35:00+00:00,63.24,63.25,63.24,63.25,1022.0,16.0,63.248571
O,2026-08-20 23:40:00+00:00,63.27,63.27,63.27,63.27,227.0,4.0,63.27
O,2026-08-21 08:00:00+00:00,63.19,63.23,63.17,63.18,4606.0,486.0,63.211223
O,2026-08-21 08:05:00+00:00,63.21,63.21,63.21,63.21,429.0,9.0,63.21
O,2026-08-21 08:55:00+00:00,63.23,63.23,63.16,63.16,636.0,11.0,63.177858
O,2026-08-21 09:10:00+00:00,63.21,63.21,63.21,63.21,240.0,3.0,63.21
O,2026-08-21 09:45:00+00:00,63.25,63.25,63.25,63.25,205.0,4.0,63.25
O,2026-08-21 11:00:00+00:00,63.28,63.28,63.28,63.28,226.0,8.0,63.28
O,2026-08-21 11:20:00+00:00,63.2085,63.27,63.2,63.26,791.0,8.0,63.242886
O,2026-08-21 11:50:00+00:00,63.23,63.23,63.23,63.23,1005.0,4.0,63.23
O,2026-08-21 11:55:00+00:00,63.23,63.23,63.2,63.21,593.0,14.0,63.21947
O,2026-08-21 12:50:00+00:00,63.28,63.3,63.27,63.3,1096.0,19.0,63.281015
O,2026-08-21 13:10:00+00:00,63.34,63.34,63.34,63.34,804.0,19.0,63.34
O,2026-08-21 13:25:00+00:00,63.28,63.37,63.23,63.37,3597.0,104.0,63.322092
O,2026-08-21 13:30:00+00:00,63.28,63.4,63.0831,63.1,382302.0,1968.0,63.278219
O,2026-08-21 13:35:00+00:00,63.12,63.24,63.02,63.02,32936.0,1212.0,63.10994
O,2026-08-21 13:40:00+00:00,63.01,63.2,63.01,63.19,36828.0,958.0,63.08047
O,2026-08-21 13:45:00+00:00,63.17,63.2,63.045,63.045,52473.0,1013.0,63.118542
O,2026-08-21 13:50:00+00:00,63.035,63.17,63.025,63.0845,26679.0,734.0,63.093875
O,2026-08-21 13:55:00+00:00,63.09,63.2,63.075,63.115,19196.0,566.0,63.138931
O,2026-08-21 14:00:00+00:00,63.11,63.18,63.11,63.145,20806.0,821.0,63.148624
O,2026-08-21 14:05:00+00:00,63.14,63.165,63.04,63.07,29719.0,863.0,63.087652
O,2026-08-21 14:10:00+00:00,63.055,63.08,63.01,63.07,29132.0,996.0,63.04779
O,2026-08-21 14:15:00+00:00,63.075,63.1,63.015,63.06,34817.0,1209.0,63.043554
O,2026-08-21 14:20:00+00:00,63.07,63.1,62.9138,62.93,41228.0,1333.0,63.000248
O,2026-08-21 14:25:00+00:00,62.93,62.935,62.84,62.84,27022.0,1062.0,62.879417
O,2026-08-21 14:30:00+00:00,62.85,62.85,62.71,62.715,76559.0,1597.0,62.777718
O,2026-08-21 14:35:00+00:00,62.71,62.71,62.62,62.638,63387.0,1311.0,62.670052
O,2026-08-21 14:40:00+00:00,62.63,62.76,62.63,62.685,63196.0,1253.0,62.713323
O,2026-08-21 14:45:00+00:00,62.685,62.8229,62.685,62.82,26190.0,953.0,62.746818
O,2026-08-21 14:50:00+00:00,62.82,62.89,62.8,62.87,30196.0,916.0,62.832477
O,2026-08-21 14:55:00+00:00,62.87,62.88,62.85,62.875,16508.0,878.0,62.863541
O,2026-08-21 15:00:00+00:00,62.875,62.93,62.86,62.92,28677.0,916.0,62.884366
O,2026-08-21 15:05:00+00:00,62.93,62.935,62.85,62.87,18703.0,910.0,62.907489
O,2026-08-21 15:10:00+00:00,62.88,62.9,62.78,62.8,24405.0,918.0,62.84658
O,2026-08-21 15:15:00+00:00,62.81,62.86,62.79,62.83,54716.0,854.0,62.824505
O,2026-08-21 15:20:00+00:00,62.83,62.84,62.76,62.76,21552.0,879.0,62.78704
O,2026-08-21 15:25:00+00:00,62.76,62.76,62.705,62.73,35810.0,976.0,62.729449
O,2026-08-21 15:30:00+00:00,62.73,62.81,62.73,62.78,97881.0,1528.0,62.776693
O,2026-08-21 15:35:00+00:00,62.775,62.8,62.75,62.79,70881.0,1364.0,62.768964
O,2026-08-21 15:40:00+00:00,62.795,62.86,62.775,62.86,29864.0,866.0,62.820904
O,2026-08-21 15:45:00+00:00,62.86,62.925,62.86,62.88,21631.0,713.0,62.903016
O,2026-08-21 15:50:00+00:00,62.8899,62.8899,62.82,62.82,17530.0,761.0,62.844517
O,2026-08-21 15:55:00+00:00,62.83,62.9,62.825,62.895,17314.0,757.0,62.872244
O,2026-08-21 16:00:00+00:00,62.9,62.93,62.885,62.9,19210.0,710.0,62.913844
O,2026-08-21 16:05:00+00:00,62.89,62.93,62.885,62.91,25714.0,785.0,62.906207
O,2026-08-21 16:10:00+00:00,62.9,62.9,62.83,62.83,18478.0,841.0,62.858359
O,2026-08-21 16:15:00+00:00,62.8294,62.865,62.8201,62.865,15654.0,590.0,62.841581
O,2026-08-21 16:20:00+00:00,62.86,62.895,62.845,62.88,17699.0,555.0,62.865541
O,2026-08-21 16:25:00+00:00,62.88,62.93,62.88,62.925,13320.0,482.0,62.909646
O,2026-08-21 16:30:00+00:00,62.915,62.915,62.85,62.86,13321.0,511.0,62.874254
O,2026-08-21 16:35:00+00:00,62.85,62.905,62.8411,62.89,19225.0,571.0,62.871904
O,2026-08-21 16:40:00+00:00,62.88,62.89,62.865,62.88,16594.0,487.0,62.882398
O,2026-08-21 16:45:00+00:00,62.89,62.89,62.865,62.89,23077.0,545.0,62.875147
O,2026-08-21 16:50:00+00:00,62.87,62.89,62.855,62.865,18264.0,509.0,62.872263
O,2026-08-21 16:55:00+00:00,62.86,62.86,62.785,62.785,16486.0,629.0,62.827958
O,2026-08-21 17:00:00+00:00,62.785,62.79,62.715,62.725,25737.0,659.0,62.760115
O,2026-08-21 17:05:00+00:00,62.725,62.74,62.705,62.73,15487.0,467.0,62.72008
O,2026-08-21 17:10:00+00:00,62.7299,62.74,62.71,62.72,15514.0,478.0,62.723179
O,2026-08-21 17:15:00+00:00,62.715,62.775,62.715,62.775,20727.0,429.0,62.754686
O,2026-08-21 17:20:00+00:00,62.78,62.78,62.76,62.7774,23090.0,471.0,62.771254
O,2026-08-21 17:25:00+00:00,62.775,62.78,62.735,62.74,17731.0,480.0,62.755955
O,2026-08-21 17:30:00+00:00,62.735,62.74,62.715,62.73,17270.0,561.0,62.73237
O,2026-08-21 17:35:00+00:00,62.735,62.7377,62.7,62.705,15866.0,463.0,62.713396
O,2026-08-21 17:40:00+00:00,62.71,62.7356,62.705,62.71,20451.0,532.0,62.719629
O,2026-08-21 17:45:00+00:00,62.7,62.725,62.7,62.725,20939.0,440.0,62.710163
O,2026-08-21 17:50:00+00:00,62.725,62.735,62.7,62.705,23145.0,472.0,62.72054
O,2026-08-21 17:55:00+00:00,62.705,62.775,62.695,62.7703,47064.0,1419.0,62.733678
O,2026-08-21 18:00:00+00:00,62.775,62.81,62.76,62.805,42870.0,564.0,62.786885
O,2026-08-21 18:05:00+00:00,62.81,62.85,62.81,62.845,18702.0,476.0,62.83361
O,2026-08-21 18:10:00+00:00,62.845,62.845,62.785,62.805,29627.0,567.0,62.811476
O,2026-08-21 18:15:00+00:00,62.805,62.825,62.8,62.81,16861.0,430.0,62.811787
O,2026-08-21 18:20:00+00:00,62.815,62.83,62.805,62.805,21071.0,457.0,62.817943
O,2026-08-21 18:25:00+00:00,62.805,62.82,62.762,62.765,34104.0,667.0,62.800089
O,2026-08-21 18:30:00+00:00,62.76,62.76,62.715,62.715,28621.0,630.0,62.744287
O,2026-08-21 18:35:00+00:00,62.72,62.735,62.7,62.7057,49171.0,591.0,62.717424
O,2026-08-21 18:40:00+00:00,62.7,62.72,62.68,62.71,23839.0,579.0,62.703183
O,2026-08-21 18:45:00+00:00,62.69,62.71,62.684,62.685,17174.0,477.0,62.6966
O,2026-08-21 18:50:00+00:00,62.6806,62.6806,62.635,62.635,20245.0,618.0,62.66274
O,2026-08-21 18:55:00+00:00,62.63,62.66,62.625,62.645,33481.0,720.0,62.642627
O,2026-08-21 19:00:00+00:00,62.645,62.685,62.645,62.675,29544.0,627.0,62.664277
O,2026-08-21 19:05:00+00:00,62.67,62.685,62.655,62.665,18673.0,626.0,62.673626
O,2026-08-21 19:10:00+00:00,62.68,62.725,62.6763,62.715,21080.0,632.0,62.705407
O,2026-08-21 19:15:00+00:00,62.71,62.72,62.6401,62.65,41930.0,940.0,62.691013
O,2026-08-21 19:20:00+00:00,62.65,62.67,62.58,62.6,41274.0,1001.0,62.620413
O,2026-08-21 19:25:00+00:00,62.6,62.6,62.54,62.55,48606.0,1019.0,62.560982
O,2026-08-21 19:30:00+00:00,62.55,62.575,62.5,62.54,122952.0,1207.0,62.554009
O,2026-08-21 19:35:00+00:00,62.53,62.595,62.52,62.5798,63498.0,947.0,62.559397
O,2026-08-21 19:40:00+00:00,62.565,62.66,62.565,62.65,54621.0,912.0,62.615747
O,2026-08-21 19:45:00+00:00,62.65,62.66,62.59,62.59,73589.0,1205.0,62.61437
O,2026-08-21 19:50:00+00:00,62.59,62.6,62.51,62.53,122677.0,1829.0,62.542093
O,2026-08-21 19:55:00+00:00,62.535,62.64,62.5206,62.6,288392.0,3912.0,62.594878
O,2026-08-21 20:00:00+00:00,62.6,62.6,62.6,62.6,819515.0,92.0,62.6
O,2026-08-21 20:10:00+00:00,62.6,62.6,62.6,62.6,10011.0,4.0,62.6
O,2026-08-21 20:25:00+00:00,62.8,62.8,62.74,62.74,14918.0,6.0,62.740404
O,2026-08-21 20:30:00+00:00,62.73,62.74,62.73,62.74,2608.0,9.0,62.739234
O,2026-08-21 20:35:00+00:00,62.71,62.71,62.7072,62.7072,15107.0,6.0,62.709796
O,2026-08-21 20:40:00+00:00,62.7008,62.7008,62.69,62.69,225.0,4.0,62.695891
O,2026-08-21 20:45:00+00:00,62.71,62.71,62.71,62.71,191.0,7.0,62.71
O,2026-08-21 21:00:00+00:00,62.68,62.68,62.68,62.68,190.0,2.0,62.68
O,2026-08-21 21:20:00+00:00,62.71,62.71,62.7,62.7,632.0,14.0,62.704425
O,2026-08-21 21:30:00+00:00,62.7,62.7,62.69,62.69,241.0,4.0,62.694255
O,2026-08-21 21:35:00+00:00,62.7,62.71,62.7,62.71,635.0,7.0,62.705124
O,2026-08-21 21:45:00+00:00,62.72,62.72,62.72,62.72,291.0,4.0,62.72
O,2026-08-21 22:00:00+00:00,62.69,62.75,62.69,62.75,935.0,5.0,62.717811
O,2026-08-21 22:10:00+00:00,62.69,62.69,62.69,62.69,2500.0,2.0,62.69
O,2026-08-21 22:25:00+00:00,62.73,62.73,62.73,62.73,206.0,6.0,62.73
O,2026-08-21 22:30:00+00:00,62.76,62.76,62.76,62.76,207.0,2.0,62.76
O,2026-08-21 22:50:00+00:00,62.73,62.73,62.73,62.73,100.0,1.0,62.73
O,2026-08-21 23:00:00+00:00,62.73,62.73,62.73,62.73,1132.0,5.0,62.73
O,2026-08-21 23:05:00+00:00,62.71,62.71,62.7,62.7,503.0,16.0,62.705769
O,2026-08-21 23:40:00+00:00,62.7461,62.7461,62.7461,62.7461,100.0,1.0,62.7461
O,2026-08-24 08:00:00+00:00,62.78,63.0,62.76,62.77,7545.0,312.0,62.836083
O,2026-08-24 08:40:00+00:00,62.9128,62.9128,62.9128,62.9128,100.0,1.0,62.9128
O,2026-08-24 08:45:00+00:00,62.96,62.96,62.9,62.9,508.0,27.0,62.930876
O,2026-08-24 08:50:00+00:00,62.9,62.9,62.84,62.84,634.0,3.0,62.885024
O,2026-08-24 09:00:00+00:00,62.88,62.88,62.83,62.83,201.0,2.0,62.854876
O,2026-08-24 09:10:00+00:00,62.9,62.9,62.87,62.89,511.0,9.0,62.88522
O,2026-08-24 09:25:00+00:00,62.9,62.9,62.9,62.9,300.0,4.0,62.9
O,2026-08-24 10:20:00+00:00,62.88,62.88,62.88,62.88,767.0,10.0,62.88
O,2026-08-24 10:25:00+00:00,62.89,62.89,62.89,62.89,565.0,14.0,62.89
O,2026-08-24 10:55:00+00:00,62.92,62.92,62.92,62.92,163.0,3.0,62.92
O,2026-08-24 11:00:00+00:00,62.92,62.92,62.92,62.92,255.0,6.0,62.92
O,2026-08-24 11:10:00+00:00,62.95,62.95,62.95,62.95,210.0,3.0,62.95
O,2026-08-24 11:15:00+00:00,62.9642,62.9642,62.9642,62.9642,101.0,2.0,62.9642
O,2026-08-24 11:30:00+00:00,62.95,62.95,62.89,62.89,1068.0,7.0,62.92
O,2026-08-24 11:35:00+00:00,62.9,62.9,62.9,62.9,249.0,1.0,62.9
O,2026-08-24 11:40:00+00:00,62.96,62.96,62.96,62.96,401.0,7.0,62.96
O,2026-08-24 11:50:00+00:00,62.96,62.96,62.96,62.96,200.0,3.0,62.96
O,2026-08-24 12:05:00+00:00,62.98,62.98,62.98,62.98,132.0,6.0,62.98
O,2026-08-24 12:15:00+00:00,62.9895,62.993,62.96,62.97,713.0,16.0,62.977039
O,2026-08-24 12:30:00+00:00,62.95,62.95,62.95,62.95,474.0,10.0,62.95
O,2026-08-24 12:35:00+00:00,62.92,63.0,62.89,63.0,2068.0,14.0,62.907722
O,2026-08-24 12:40:00+00:00,62.93,62.93,62.89,62.89,1310.0,15.0,62.909128
O,2026-08-24 12:45:00+00:00,62.93,62.97,62.9,62.9,984.0,32.0,62.936244
O,2026-08-24 12:50:00+00:00,62.96,62.97,62.96,62.97,425.0,5.0,62.967317
O,2026-08-24 12:55:00+00:00,62.95,62.95,62.95,62.95,161.0,2.0,62.95
O,2026-08-24 13:05:00+00:00,62.945,62.945,62.945,62.945,224.0,12.0,62.945
O,2026-08-24 13:10:00+00:00,62.94,63.01,62.94,63.01,2813.0,42.0,62.986556
O,2026-08-24 13:15:00+00:00,62.9596,63.0117,62.9596,63.0117,779.0,16.0,62.989992
O,2026-08-24 13:20:00+00:00,63.0,63.0,62.95,62.9579,1226.0,11.0,62.992401
O,2026-08-24 13:25:00+00:00,62.95,62.95,62.94,62.94,721.0,23.0,62.946573
O,2026-08-24 13:30:00+00:00,62.91,63.065,62.8719,62.895,135879.0,3406.0,62.950509
O,2026-08-24 13:35:00+00:00,62.88,63.0,62.84,62.95,58844.0,1342.0,62.933087
O,2026-08-24 13:40:00+00:00,62.98,63.27,62.92,63.2487,100218.0,1304.0,63.077626
O,2026-08-24 13:45:00+00:00,63.25,63.32,63.1901,63.26,78365.0,1343.0,63.278775
O,2026-08-24 13:50:00+00:00,63.28,63.41,63.2642,63.32,59268.0,1169.0,63.34323
O,2026-08-24 13:55:00+00:00,63.33,63.37,63.2302,63.25,30550.0,905.0,63.273493
O,2026-08-24 14:00:00+00:00,63.24,63.4,63.2294,63.35,39528.0,1192.0,63.31783
O,2026-08-24 14:05:00+00:00,63.365,63.375,63.26,63.275,47254.0,1133.0,63.334732
O,2026-08-24 14:10:00+00:00,63.275,63.35,63.23,63.245,53598.0,1352.0,63.288658
O,2026-08-24 14:15:00+00:00,63.23,63.27,63.175,63.26,30575.0,1055.0,63.221666
O,2026-08-24 14:20:00+00:00,63.25,63.2555,63.142,63.145,24317.0,928.0,63.192961
O,2026-08-24 14:25:00+00:00,63.14,63.16,63.09,63.11,36681.0,1035.0,63.124141
O,2026-08-24 14:30:00+00:00,63.11,63.11,62.98,62.98,26729.0,963.0,63.063683
O,2026-08-24 14:35:00+00:00,62.97,63.04,62.965,62.982,29695.0,918.0,63.006592
O,2026-08-24 14:40:00+00:00,62.985,62.99,62.91,62.96,39188.0,937.0,62.947814
O,2026-08-24 14:45:00+00:00,62.97,62.975,62.82,62.85,22776.0,902.0,62.922262
O,2026-08-24 14:50:00+00:00,62.85,62.89,62.83,62.88,26158.0,852.0,62.861399
O,2026-08-24 14:55:00+00:00,62.885,62.97,62.885,62.925,23955.0,868.0,62.936275
O,2026-08-24 15:00:00+00:00,62.92,62.93,62.87,62.92,23148.0,928.0,62.899107
O,2026-08-24 15:05:00+00:00,62.92,62.94,62.855,62.86,16109.0,856.0,62.909141
O,2026-08-24 15:10:00+00:00,62.87,62.91,62.85,62.91,19443.0,853.0,62.876093
O,2026-08-24 15:15:00+00:00,62.92,62.92,62.87,62.89,15344.0,781.0,62.896448
O,2026-08-24 15:20:00+00:00,62.895,62.905,62.855,62.89,20246.0,806.0,62.878511
O,2026-08-24 15:25:00+00:00,62.885,62.89,62.865,62.878,25571.0,891.0,62.878276
O,2026-08-24 15:30:00+00:00,62.87,62.94,62.84,62.88,40891.0,1020.0,62.877333
O,2026-08-24 15:35:00+00:00,62.88,62.8879,62.79,62.85,37692.0,1098.0,62.834029
O,2026-08-24 15:40:00+00:00,62.85,62.87,62.82,62.82,27338.0,845.0,62.843378
O,2026-08-24 15:45:00+00:00,62.815,62.87,62.815,62.87,19037.0,776.0,62.839437
O,2026-08-24 15:50:00+00:00,62.8606,62.87,62.84,62.84,17487.0,823.0,62.855943
O,2026-08-24 15:55:00+00:00,62.845,62.97,62.845,62.945,22292.0,702.0,62.906806
O,2026-08-24 16:00:00+00:00,62.95,63.04,62.95,63.03,35770.0,849.0,62.990587
O,2026-08-24 16:05:00+00:00,63.03,63.06,62.985,63.03,18281.0,769.0,63.020361
O,2026-08-24 16:10:00+00:00,63.02,63.07,63.0029,63.04,17357.0,785.0,63.044354
O,2026-08-24 16:15:00+00:00,63.04,63.08,63.04,63.06,18089.0,768.0,63.063368
O,2026-08-24 16:20:00+00:00,63.0799,63.1,63.04,63.0724,19576.0,779.0,63.070571
O,2026-08-24 16:25:00+00:00,63.09,63.1,63.07,63.09,15004.0,508.0,63.090469
O,2026-08-24 16:30:00+00:00,63.075,63.09,63.05,63.0594,16713.0,489.0,63.067702
O,2026-08-24 16:35:00+00:00,63.06,63.07,63.03,63.045,14928.0,495.0,63.049701
O,2026-08-24 16:40:00+00:00,63.045,63.0451,62.97,62.99,24507.0,558.0,63.01963
O,2026-08-24 16:45:00+00:00,62.9927,62.9927,62.945,62.95,23082.0,491.0,62.970258
O,2026-08-24 16:50:00+00:00,62.93,62.95,62.9,62.95,16185.0,501.0,62.928484
O,2026-08-24 16:55:00+00:00,62.95,62.98,62.948,62.975,18198.0,496.0,62.968361
O,2026-08-24 17:00:00+00:00,62.98,62.985,62.96,62.975,14356.0,463.0,62.973754
O,2026-08-24 17:05:00+00:00,62.975,63.01,62.9525,62.975,15985.0,517.0,62.980428
O,2026-08-24 17:10:00+00:00,62.97,63.005,62.97,62.99,15001.0,450.0,62.98642
O,2026-08-24 17:15:00+00:00,62.99,63.045,62.96,63.04,28428.0,627.0,62.998794
O,2026-08-24 17:20:00+00:00,63.03,63.05,63.0099,63.0099,24226.0,598.0,63.036183
O,2026-08-24 17:25:00+00:00,63.005,63.005,62.965,62.975,15588.0,521.0,62.983132
O,2026-08-24 17:30:00+00:00,62.9736,62.9736,62.92,62.92,30680.0,738.0,62.94306
O,2026-08-24 17:35:00+00:00,62.9133,62.9281,62.88,62.915,19700.0,556.0,62.905151
O,2026-08-24 17:40:00+00:00,62.915,62.915,62.88,62.88,21416.0,581.0,62.893174
O,2026-08-24 17:45:00+00:00,62.885,62.885,62.7545,62.8,94057.0,1847.0,62.789059
O,2026-08-24 17:50:00+00:00,62.795,62.81,62.765,62.795,32747.0,654.0,62.786292
O,2026-08-24 17:55:00+00:00,62.8,62.83,62.7845,62.81,20892.0,532.0,62.809011
O,2026-08-24 18:00:00+00:00,62.82,62.8701,62.805,62.8701,18131.0,525.0,62.830594
O,2026-08-24 18:05:00+00:00,62.875,62.8899,62.865,62.87,27472.0,470.0,62.877091
O,2026-08-24 18:10:00+00:00,62.87,62.93,62.85,62.93,27029.0,592.0,62.883168
O,2026-08-24 18:15:00+00:00,62.93,62.935,62.9,62.9,27126.0,597.0,62.915904
O,2026-08-24 18:20:00+00:00,62.9,62.9,62.835,62.845,34864.0,623.0,62.861143
O,2026-08-24 18:25:00+00:00,62.84,62.888,62.835,62.88,27090.0,496.0,62.853715
O,2026-08-24 18:30:00+00:00,62.875,62.885,62.86,62.87,20597.0,522.0,62.878531
O,2026-08-24 18:35:00+00:00,62.87,62.91,62.84,62.84,31370.0,703.0,62.873798
O,2026-08-24 18:40:00+00:00,62.845,62.945,62.845,62.945,63306.0,962.0,62.888655
O,2026-08-24 18:45:00+00:00,62.945,63.03,62.945,63.015,36818.0,671.0,62.997411
O,2026-08-24 18:50:00+00:00,62.9946,63.035,62.98,63.018,52038.0,693.0,63.00589
O,2026-08-24 18:55:00+00:00,63.02,63.045,63.015,63.0396,40428.0,675.0,63.032827
O,2026-08-24 19:00:00+00:00,63.04,63.045,62.92,62.955,36440.0,803.0,62.96504
O,2026-08-24 19:05:00+00:00,62.955,62.955,62.91,62.93,77272.0,588.0,62.925314
O,2026-08-24 19:10:00+00:00,62.935,62.98,62.93,62.975,29069.0,646.0,62.956832
O,2026-08-24 19:15:00+00:00,62.975,63.07,62.975,63.02,36386.0,683.0,63.040258
O,2026-08-24 19:20:00+00:00,63.02,63.025,62.995,63.0083,23380.0,614.0,63.008558
O,2026-08-24 19:25:00+00:00,63.005,63.01,62.97,62.98,44749.0,768.0,62.985908
O,2026-08-24 19:30:00+00:00,62.98,63.015,62.95,63.0,48067.0,853.0,62.981207
O,2026-08-24 19:35:00+00:00,62.995,63.02,62.97,62.975,38020.0,739.0,62.988967
O,2026-08-24 19:40:00+00:00,62.975,63.025,62.94,63.025,48513.0,988.0,62.981754
O,2026-08-24 19:45:00+00:00,63.02,63.04,62.98,63.025,56022.0,991.0,63.014207
O,2026-08-24 19:50:00+00:00,63.02,63.145,63.02,63.085,86422.0,1580.0,63.086657
O,2026-08-24 19:55:00+00:00,63.09,63.26,63.09,63.16,336816.0,5185.0,63.187877
O,2026-08-24 20:00:00+00:00,63.17,63.26,63.17,63.26,840665.0,91.0,63.170012
O,2026-08-24 20:05:00+00:00,63.1,63.1,63.1,63.1,2610.0,34.0,63.1
O,2026-08-24 20:30:00+00:00,63.19,63.19,63.19,63.19,202.0,2.0,63.19
O,2026-08-24 21:05:00+00:00,63.17,63.17,63.17,63.17,207.0,9.0,63.17
O,2026-08-24 21:15:00+00:00,63.16,63.16,63.16,63.16,190.0,5.0,63.16
O,2026-08-24 21:35:00+00:00,63.19,63.19,63.19,63.19,202.0,3.0,63.19
O,2026-08-24 21:45:00+00:00,63.1864,63.1864,63.1864,63.1864,900.0,1.0,63.1864
O,2026-08-24 21:50:00+00:00,63.12,63.12,63.1,63.1,1156.0,21.0,63.104132
O,2026-08-24 22:15:00+00:00,63.14,63.14,63.14,63.14,230.0,2.0,63.14
O,2026-08-24 22:20:00+00:00,63.17,63.19,63.17,63.19,300.0,4.0,63.177079
O,2026-08-24 22:25:00+00:00,63.15,63.15,63.15,63.15,126.0,2.0,63.15
O,2026-08-24 23:20:00+00:00,63.18,63.18,63.18,63.18,100.0,1.0,63.18
O,2026-08-25 08:00:00+00:00,63.14,63.17,63.06,63.07,3620.0,259.0,63.107513
O,2026-08-25 08:05:00+00:00,63.04,63.04,63.04,63.04,1397.0,1.0,63.04
O,2026-08-25 08:10:00+00:00,63.03,63.03,63.03,63.03,454.0,10.0,63.03
O,2026-08-25 08:15:00+00:00,63.03,63.03,63.02,63.02,874.0,11.0,63.023179
O,2026-08-25 08:20:00+00:00,63.02,63.02,63.0,63.0,1226.0,27.0,63.01375
O,2026-08-25 08:25:00+00:00,63.01,63.01,63.01,63.01,970.0,34.0,63.01
O,2026-08-25 08:30:00+00:00,62.99,63.06,62.97,63.06,1992.0,18.0,62.990829
O,2026-08-25 08:35:00+00:00,63.02,63.02,63.02,63.02,178.0,4.0,63.02
O,2026-08-25 08:40:00+00:00,62.96,62.96,62.95,62.95,1823.0,10.0,62.952676
O,2026-08-25 08:45:00+00:00,62.97,62.97,62.97,62.97,1574.0,4.0,62.97
O,2026-08-25 08:55:00+00:00,62.98,62.98,62.97,62.97,1735.0,15.0,62.971123
O,2026-08-25 09:05:00+00:00,62.99,62.99,62.94,62.94,1175.0,37.0,62.954517
O,2026-08-25 09:40:00+00:00,62.96,62.96,62.96,62.96,201.0,3.0,62.96
O,2026-08-25 10:05:00+00:00,62.98,62.98,62.98,62.98,210.0,3.0,62.98
O,2026-08-25 10:10:00+00:00,62.98,62.98,62.98,62.98,204.0,3.0,62.98
O,2026-08-25 10:20:00+00:00,63.05,63.05,63.05,63.05,216.0,3.0,63.05
O,2026-08-25 10:25:00+00:00,63.0,63.0,63.0,63.0,1319.0,4.0,63.0
O,2026-08-25 10:30:00+00:00,63.01,63.01,63.0,63.0,801.0,14.0,63.002508
O,2026-08-25 10:35:00+00:00,62.96,62.97,62.96,62.97,1176.0,12.0,62.968275
O,2026-08-25 10:40:00+00:00,63.0,63.0,62.93,62.93,1080.0,39.0,62.974595
O,2026-08-25 10:45:00+00:00,62.93,62.93,62.92,62.92,866.0,15.0,62.922561
O,2026-08-25 10:50:00+00:00,62.95,62.95,62.92,62.92,1402.0,29.0,62.931984
O,2026-08-25 11:00:00+00:00,62.94,62.94,62.94,62.94,1696.0,4.0,62.94
O,2026-08-25 11:10:00+00:00,62.96,62.96,62.9,62.95,2420.0,29.0,62.918162
O,2026-08-25 11:15:00+00:00,62.92,62.92,62.9,62.9,1800.0,24.0,62.901144
O,2026-08-25 11:20:00+00:00,62.9045,62.9045,62.9,62.9,1509.0,13.0,62.900324
O,2026-08-25 11:25:00+00:00,62.93,62.9484,62.9,62.9,3892.0,15.0,62.926658
O,2026-08-25 11:30:00+00:00,62.91,62.91,62.9,62.9,1600.0,5.0,62.900637
O,2026-08-25 11:35:00+00:00,62.93,62.93,62.92,62.92,2062.0,15.0,62.92076
O,2026-08-25 11:40:00+00:00,62.92,62.9358,62.9,62.9101,2714.0,19.0,62.910785
O,2026-08-25 11:45:00+00:00,62.92,62.92,62.92,62.92,1816.0,5.0,62.92
O,2026-08-25 11:50:00+00:00,62.92,62.92,62.92,62.92,2726.0,4.0,62.92
O,2026-08-25 11:55:00+00:00,62.92,62.92,62.9037,62.9037,1531.0,19.0,62.916297
O,2026-08-25 12:00:00+00:00,62.9,62.9,62.9,62.9,1580.0,3.0,62.9
O,2026-08-25 12:05:00+00:00,62.9,62.9,62.9,62.9,3460.0,86.0,62.9
O,2026-08-25 12:10:00+00:00,62.92,62.93,62.88,62.88,2105.0,29.0,62.892613
O,2026-08-25 12:15:00+00:00,62.92,62.92,62.8888,62.8888,972.0,17.0,62.910447
O,2026-08-25 12:20:00+00:00,62.88,62.9728,62.88,62.89,4602.0,12.0,62.918734
O,2026-08-25 12:25:00+00:00,62.9445,62.9445,62.9445,62.9445,1000.0,1.0,62.9445
O,2026-08-25 12:30:00+00:00,62.88,62.9561,62.88,62.9561,2474.0,12.0,62.91248
O,2026-08-25 12:35:00+00:00,62.88,62.88,62.86,62.86,1141.0,39.0,62.868123
O,2026-08-25 12:40:00+00:00,62.8769,62.8769,62.85,62.85,5807.0,56.0,62.868935
O,2026-08-25 12:45:00+00:00,62.9,62.9,62.9,62.9,104.0,3.0,62.9
O,2026-08-25 12:50:00+00:00,62.84,62.84,62.83,62.83,3125.0,18.0,62.835261
O,2026-08-25 12:55:00+00:00,62.8462,62.8462,62.82,62.82,1908.0,35.0,62.823113
O,2026-08-25 13:00:00+00:00,62.9,62.92,62.9,62.92,586.0,11.0,62.91
O,2026-08-25 13:05:00+00:00,62.86,62.93,62.86,62.93,1506.0,9.0,62.880302
O,2026-08-25 13:10:00+00:00,62.9,62.9,62.86,62.86,2155.0,10.0,62.881064
O,2026-08-25 13:15:00+00:00,62.86,62.86,62.86,62.86,1390.0,13.0,62.86
O,2026-08-25 13:20:00+00:00,62.85,62.85,62.82,62.8354,12358.0,103.0,62.829815
O,2026-08-25 13:25:00+00:00,62.81,62.9,62.81,62.9,3769.0,29.0,62.84945
O,2026-08-25 13:30:00+00:00,62.95,63.0508,62.81,62.95,175522.0,2377.0,62.915009
O,2026-08-25 13:35:00+00:00,62.97,63.1,62.915,63.02,62468.0,1292.0,63.020731
O,2026-08-25 13:40:00+00:00,63.015,63.025,62.825,62.83,35134.0,890.0,62.91093
O,2026-08-25 13:45:00+00:00,62.82,62.835,62.75,62.8201,58491.0,1108.0,62.790872
O,2026-08-25 13:50:00+00:00,62.81,62.815,62.715,62.815,60322.0,1003.0,62.767873
O,2026-08-25 13:55:00+00:00,62.82,62.875,62.77,62.78,31196.0,760.0,62.85027
O,2026-08-25 14:00:00+00:00,62.78,62.85,62.74,62.805,27897.0,869.0,62.784407
O,2026-08-25 14:05:00+00:00,62.7923,62.8086,62.75,62.76,32467.0,767.0,62.779969
O,2026-08-25 14:10:00+00:00,62.75,62.75,62.68,62.69,71430.0,1248.0,62.705143
O,2026-08-25 14:15:00+00:00,62.7,62.76,62.69,62.7351,27861.0,926.0,62.715868
O,2026-08-25 14:20:00+00:00,62.75,62.76,62.71,62.715,55080.0,1115.0,62.737752
O,2026-08-25 14:25:00+00:00,62.71,62.77,62.65,62.77,102248.0,1394.0,62.696618
O,2026-08-25 14:30:00+00:00,62.765,62.87,62.665,62.86,96050.0,1845.0,62.743922
O,2026-08-25 14:35:00+00:00,62.86,62.8759,62.76,62.83,31336.0,980.0,62.808507
O,2026-08-25 14:40:00+00:00,62.82,62.88,62.82,62.84,46958.0,981.0,62.854502
O,2026-08-25 14:45:00+00:00,62.85,62.91,62.85,62.8695,35136.0,998.0,62.876667
O,2026-08-25 14:50:00+00:00,62.86,62.9,62.805,62.89,25167.0,824.0,62.839521
O,2026-08-25 14:55:00+00:00,62.88,62.93,62.88,62.905,72355.0,946.0,62.908296
O,2026-08-25 15:00:00+00:00,62.91,62.9896,62.91,62.965,32923.0,912.0,62.952613
O,2026-08-25 15:05:00+00:00,62.95,62.955,62.89,62.9,26519.0,855.0,62.928568
O,2026-08-25 15:10:00+00:00,62.88,62.8998,62.8006,62.8006,17684.0,814.0,62.863132
O,2026-08-25 15:15:00+00:00,62.805,62.885,62.795,62.875,21227.0,762.0,62.854187
O,2026-08-25 15:20:00+00:00,62.89,62.935,62.8751,62.935,16495.0,780.0,62.894028
O,2026-08-25 15:25:00+00:00,62.935,62.95,62.91,62.92,20496.0,830.0,62.922159
O,2026-08-25 15:30:00+00:00,62.93,62.95,62.905,62.915,25236.0,816.0,62.926267
O,2026-08-25 15:35:00+00:00,62.91,62.97,62.91,62.945,48008.0,1017.0,62.950988
O,2026-08-25 15:40:00+00:00,62.945,62.96,62.91,62.925,19250.0,707.0,62.937189
O,2026-08-25 15:45:00+00:00,62.925,62.94,62.91,62.91,13245.0,658.0,62.92273
O,2026-08-25 15:50:00+00:00,62.92,62.92,62.78,62.8,184319.0,1223.0,62.846646
O,2026-08-25 15:55:00+00:00,62.8084,62.815,62.72,62.72,32517.0,902.0,62.766157
O,2026-08-25 16:00:00+00:00,62.71,62.715,62.635,62.64,54887.0,1166.0,62.673666
O,2026-08-25 16:05:00+00:00,62.64,62.6965,62.63,62.66,32206.0,866.0,62.667229
O,2026-08-25 16:10:00+00:00,62.66,62.705,62.66,62.685,28482.0,777.0,62.687262
O,2026-08-25 16:15:00+00:00,62.69,62.705,62.6801,62.6899,16065.0,576.0,62.695585
O,2026-08-25 16:20:00+00:00,62.685,62.7196,62.685,62.7196,24940.0,557.0,62.698384
O,2026-08-25 16:25:00+00:00,62.72,62.72,62.685,62.69,37007.0,597.0,62.700264
O,2026-08-25 16:30:00+00:00,62.69,62.74,62.67,62.74,39098.0,769.0,62.697923
O,2026-08-25 16:35:00+00:00,62.73,62.79,62.73,62.755,38797.0,618.0,62.773081
O,2026-08-25 16:40:00+00:00,62.75,62.75,62.725,62.735,20726.0,493.0,62.741677
O,2026-08-25 16:45:00+00:00,62.735,62.75,62.72,62.74,36833.0,492.0,62.737497
O,2026-08-25 16:50:00+00:00,62.73,62.74,62.675,62.68,26684.0,583.0,62.71681
O,2026-08-25 16:55:00+00:00,62.6769,62.7006,62.66,62.665,14359.0,459.0,62.677533
O,2026-08-25 17:00:00+00:00,62.6651,62.7,62.65,62.7,27008.0,659.0,62.67549
O,2026-08-25 17:05:00+00:00,62.705,62.75,62.7,62.75,23206.0,474.0,62.720612
O,2026-08-25 17:10:00+00:00,62.75,62.78,62.74,62.77,30928.0,572.0,62.764726
O,2026-08-25 17:15:00+00:00,62.78,62.79,62.745,62.75,16739.0,444.0,62.77147
O,2026-08-25 17:20:00+00:00,62.74,62.74,62.685,62.7,39853.0,646.0,62.711909
O,2026-08-25 17:25:00+00:00,62.71,62.73,62.68,62.725,28709.0,579.0,62.700356
O,2026-08-25 17:30:00+00:00,62.735,62.756,62.73,62.745,23270.0,627.0,62.745216
O,2026-08-25 17:35:00+00:00,62.745,62.8,62.745,62.8,23275.0,511.0,62.768876
O,2026-08-25 17:40:00+00:00,62.795,62.845,62.795,62.835,21733.0,555.0,62.82165
O,2026-08-25 17:45:00+00:00,62.835,62.86,62.83,62.855,23399.0,885.0,62.846624
O,2026-08-25 17:50:00+00:00,62.86,62.87,62.855,62.87,26077.0,554.0,62.863588
O,2026-08-25 17:55:00+00:00,62.86,62.86,62.815,62.82,16314.0,511.0,62.835366
O,2026-08-25 18:00:00+00:00,62.815,62.855,62.815,62.855,24203.0,575.0,62.835512
O,2026-08-25 18:05:00+00:00,62.855,62.88,62.8501,62.87,23455.0,554.0,62.868251
O,2026-08-25 18:10:00+00:00,62.865,62.87,62.8347,62.835,34332.0,525.0,62.852782
O,2026-08-25 18:15:00+00:00,62.81,62.845,62.805,62.825,16555.0,473.0,62.823869
O,2026-08-25 18:20:00+00:00,62.82,62.82,62.785,62.81,16668.0,488.0,62.801773
O,2026-08-25 18:25:00+00:00,62.805,62.825,62.76,62.78,25463.0,587.0,62.79258
O,2026-08-25 18:30:00+00:00,62.78,62.8,62.765,62.795,30887.0,610.0,62.780726
O,2026-08-25 18:35:00+00:00,62.79,62.82,62.785,62.8,21102.0,517.0,62.801248
O,2026-08-25 18:40:00+00:00,62.81,62.86,62.81,62.835,25312.0,554.0,62.842901
O,2026-08-25 18:45:00+00:00,62.84,62.87,62.84,62.86,26542.0,606.0,62.858143
O,2026-08-25 18:50:00+00:00,62.86,62.86,62.83,62.845,25208.0,595.0,62.847239
O,2026-08-25 18:55:00+00:00,62.85,62.86,62.8306,62.8599,21340.0,625.0,62.843765
O,2026-08-25 19:00:00+00:00,62.85,62.88,62.84,62.875,26373.0,708.0,62.86098
O,2026-08-25 19:05:00+00:00,62.875,62.88,62.85,62.865,18307.0,573.0,62.864517
O,2026-08-25 19:10:00+00:00,62.865,62.895,62.86,62.865,20111.0,497.0,62.878969
O,2026-08-25 19:15:00+00:00,62.865,62.89,62.84,62.85,28851.0,701.0,62.864529
O,2026-08-25 19:20:00+00:00,62.86,62.885,62.855,62.88,27574.0,672.0,62.874262
O,2026-08-25 19:25:00+00:00,62.885,62.98,62.885,62.98,65442.0,910.0,62.928596
O,2026-08-25 19:30:00+00:00,62.975,63.019,62.965,62.97,55949.0,959.0,62.9922
O,2026-08-25 19:35:00+00:00,62.975,63.02,62.965,63.015,36373.0,811.0,62.994612
O,2026-08-25 19:40:00+00:00,63.015,63.015,62.97,63.005,67868.0,950.0,62.995518
O,2026-08-25 19:45:00+00:00,63.0,63.0,62.965,62.99,65957.0,1146.0,62.980124
O,2026-08-25 19:50:00+00:00,62.98,62.98,62.915,62.915,73445.0,1218.0,62.934268
O,2026-08-25 19:55:00+00:00,62.915,62.915,62.8,62.835,413733.0,4852.0,62.856721
O,2026-08-25 20:00:00+00:00,62.83,62.87,62.83,62.86,905940.0,113.0,62.830026
O,2026-08-25 20:05:00+00:00,62.87,62.89,62.87,62.89,607.0,9.0,62.874292
O,2026-08-25 20:10:00+00:00,62.93,62.93,62.93,62.93,169.0,3.0,62.93
O,2026-08-25 20:30:00+00:00,62.9503,62.9503,62.89,62.89,566.0,15.0,62.935943
O,2026-08-25 20:35:00+00:00,62.89,62.89,62.89,62.89,101.0,2.0,62.89
O,2026-08-25 20:45:00+00:00,62.8486,62.8486,62.8486,62.8486,150.0,1.0,62.8486
O,2026-08-25 21:00:00+00:00,62.9,62.9,62.9,62.9,414.0,14.0,62.9
O,2026-08-25 21:25:00+00:00,62.9189,62.9189,62.91,62.91,311.0,4.0,62.915779
O,2026-08-25 21:30:00+00:00,62.88,62.89,62.88,62.89,1420.0,10.0,62.881585
O,2026-08-25 22:10:00+00:00,62.91,62.91,62.91,62.91,150.0,2.0,62.91
O,2026-08-25 22:15:00+00:00,62.9052,62.9052,62.9052,62.9052,144.0,1.0,62.9052
O,2026-08-25 22:25:00+00:00,62.8495,62.8495,62.8495,62.8495,135.0,2.0,62.8495
O,2026-08-25 23:00:00+00:00,62.92,62.92,62.8492,62.8492,667.0,2.0,62.866927
O,2026-08-25 23:45:00+00:00,62.88,62.88,62.88,62.88,100.0,1.0,62.88
O,2026-08-25 23:55:00+00:00,62.85,62.85,62.85,62.85,150.0,2.0,62.85
O,2026-08-26 08:00:00+00:00,62.99,62.99,62.92,62.98,1824.0,149.0,62.965516
O,2026-08-26 09:25:00+00:00,62.97,62.97,62.97,62.97,1093.0,3.0,62.97
O,2026-08-26 09:55:00+00:00,62.97,62.98,62.97,62.98,350.0,3.0,62.977059
O,2026-08-26 11:00:00+00:00,62.92,62.92,62.92,62.92,405.0,18.0,62.92
O,2026-08-26 11:25:00+00:00,62.91,62.91,62.91,62.91,205.0,11.0,62.91
O,2026-08-26 11:35:00+00:00,62.93,62.93,62.93,62.93,508.0,6.0,62.93
O,2026-08-26 11:45:00+00:00,62.9,62.9,62.9,62.9,587.0,10.0,62.9
O,2026-08-26 12:10:00+00:00,62.89,62.89,62.89,62.89,1477.0,13.0,62.89
O,2026-08-26 12:15:00+00:00,62.88,62.88,62.88,62.88,1385.0,6.0,62.88
O,2026-08-26 12:30:00+00:00,62.93,62.95,62.93,62.95,604.0,12.0,62.935577
O,2026-08-26 12:35:00+00:00,62.95,63.0,62.95,63.0,853.0,12.0,62.964142
O,2026-08-26 12:45:00+00:00,63.0,63.0,63.0,63.0,356.0,8.0,63.0
O,2026-08-26 13:15:00+00:00,63.05,63.05,63.02,63.02,308.0,21.0,63.035
O,2026-08-26 13:30:00+00:00,62.95,62.9529,62.64,62.83,116554.0,2343.0,62.81598
O,2026-08-26 13:35:00+00:00,62.83,62.9,62.81,62.875,45528.0,890.0,62.86159
O,2026-08-26 13:40:00+00:00,62.89,62.93,62.78,62.91,74199.0,951.0,62.832138
O,2026-08-26 13:45:00+00:00,62.89,62.935,62.84,62.84,35164.0,712.0,62.893458
O,2026-08-26 13:50:00+00:00,62.84,62.908,62.8,62.9,42821.0,765.0,62.851191
O,2026-08-26 13:55:00+00:00,62.9,62.92,62.73,62.74,52697.0,800.0,62.811806
O,2026-08-26 14:00:00+00:00,62.72,62.815,62.7,62.745,32563.0,915.0,62.761924
O,2026-08-26 14:05:00+00:00,62.7586,62.85,62.755,62.8,36701.0,749.0,62.818434
O,2026-08-26 14:10:00+00:00,62.8081,62.91,62.8,62.89,46848.0,974.0,62.848065
O,2026-08-26 14:15:00+00:00,62.9,62.905,62.825,62.87,25826.0,811.0,62.863282
O,2026-08-26 14:20:00+00:00,62.86,62.89,62.83,62.85,43742.0,933.0,62.866919
O,2026-08-26 14:25:00+00:00,62.84,62.84,62.74,62.755,32227.0,1032.0,62.794592
O,2026-08-26 14:30:00+00:00,62.74,62.74,62.585,62.59,104400.0,1712.0,62.645492
O,2026-08-26 14:35:00+00:00,62.588,62.595,62.45,62.46,97089.0,1822.0,62.536959
O,2026-08-26 14:40:00+00:00,62.47,62.47,62.415,62.4364,32966.0,1179.0,62.436017
O,2026-08-26 14:45:00+00:00,62.435,62.435,62.39,62.43,33484.0,1197.0,62.40592
O,2026-08-26 14:50:00+00:00,62.43,62.505,62.43,62.495,31903.0,985.0,62.46458
O,2026-08-26 14:55:00+00:00,62.495,62.56,62.485,62.56,34969.0,1035.0,62.528125
O,2026-08-26 15:00:00+00:00,62.56,62.66,62.56,62.64,52706.0,1203.0,62.608724
O,2026-08-26 15:05:00+00:00,62.635,62.67,62.619,62.625,32366.0,1028.0,62.644483
O,2026-08-26 15:10:00+00:00,62.615,62.66,62.615,62.645,25028.0,851.0,62.644603
O,2026-08-26 15:15:00+00:00,62.645,62.685,62.64,62.68,43643.0,1131.0,62.652238
O,2026-08-26 15:20:00+00:00,62.675,62.675,62.605,62.61,28886.0,917.0,62.649358
O,2026-08-26 15:25:00+00:00,62.62,62.63,62.535,62.57,42766.0,1064.0,62.582916
O,2026-08-26 15:30:00+00:00,62.57,62.59,62.5506,62.57,31054.0,988.0,62.572351
O,2026-08-26 15:35:00+00:00,62.57,62.57,62.5,62.57,42759.0,919.0,62.543401
O,2026-08-26 15:40:00+00:00,62.58,62.59,62.52,62.5406,25414.0,782.0,62.544589
O,2026-08-26 15:45:00+00:00,62.545,62.565,62.5248,62.535,36899.0,909.0,62.542505
O,2026-08-26 15:50:00+00:00,62.53,62.54,62.51,62.52,35174.0,831.0,62.52757
O,2026-08-26 15:55:00+00:00,62.53,62.54,62.48,62.51,28620.0,941.0,62.5052
O,2026-08-26 16:00:00+00:00,62.51,62.53,62.505,62.53,18193.0,731.0,62.520244
O,2026-08-26 16:05:00+00:00,62.54,62.565,62.505,62.505,22974.0,780.0,62.542554
O,2026-08-26 16:10:00+00:00,62.505,62.515,62.46,62.515,36248.0,882.0,62.482301
O,2026-08-26 16:15:00+00:00,62.53,62.54,62.515,62.53,14969.0,439.0,62.530142
O,2026-08-26 16:20:00+00:00,62.54,62.55,62.49,62.51,24965.0,579.0,62.526451
O,2026-08-26 16:25:00+00:00,62.505,62.53,62.5,62.52,22069.0,484.0,62.518881
O,2026-08-26 16:30:00+00:00,62.5201,62.535,62.5,62.52,17697.0,420.0,62.522171
O,2026-08-26 16:35:00+00:00,62.51,62.52,62.46,62.465,29845.0,586.0,62.485259
O,2026-08-26 16:40:00+00:00,62.465,62.485,62.425,62.425,32351.0,752.0,62.462629
O,2026-08-26 16:45:00+00:00,62.43,62.45,62.42,62.45,18300.0,499.0,62.431227
O,2026-08-26 16:50:00+00:00,62.44,62.475,62.4262,62.475,22915.0,560.0,62.455325
O,2026-08-26 16:55:00+00:00,62.47,62.52,62.465,62.52,23059.0,535.0,62.479944
O,2026-08-26 17:00:00+00:00,62.53,62.54,62.51,62.525,19359.0,529.0,62.528153
O,2026-08-26 17:05:00+00:00,62.53,62.53,62.455,62.47,71985.0,742.0,62.483347
O,2026-08-26 17:10:00+00:00,62.475,62.5,62.47,62.4706,22795.0,479.0,62.486986
O,2026-08-26 17:15:00+00:00,62.47,62.48,62.44,62.45,24827.0,576.0,62.456815
O,2026-08-26 17:20:00+00:00,62.45,62.46,62.435,62.45,23404.0,523.0,62.44526
O,2026-08-26 17:25:00+00:00,62.45,62.46,62.41,62.42,47681.0,669.0,62.419998
O,2026-08-26 17:30:00+00:00,62.415,62.44,62.41,62.4299,33853.0,627.0,62.42378
O,2026-08-26 17:35:00+00:00,62.425,62.44,62.41,62.425,22737.0,512.0,62.426965
O,2026-08-26 17:40:00+00:00,62.42,62.44,62.415,62.435,26589.0,491.0,62.425215
O,2026-08-26 17:45:00+00:00,62.43,62.44,62.4223,62.43,27214.0,470.0,62.43467
O,2026-08-26 17:50:00+00:00,62.425,62.43,62.41,62.42,39498.0,1064.0,62.421325
O,2026-08-26 17:55:00+00:00,62.42,62.435,62.4,62.435,37996.0,604.0,62.413515
O,2026-08-26 18:00:00+00:00,62.435,62.435,62.36,62.39,46978.0,919.0,62.389552
O,2026-08-26 18:05:00+00:00,62.38,62.395,62.37,62.39,23057.0,480.0,62.386372
O,2026-08-26 18:10:00+00:00,62.39,62.42,62.39,62.4157,19377.0,449.0,62.401289
O,2026-08-26 18:15:00+00:00,62.41,62.45,62.4,62.44,28413.0,540.0,62.423637
O,2026-08-26 18:20:00+00:00,62.435,62.445,62.37,62.38,29142.0,644.0,62.414031
O,2026-08-26 18:25:00+00:00,62.38,62.3855,62.355,62.385,22643.0,569.0,62.374475
O,2026-08-26 18:30:00+00:00,62.385,62.39,62.275,62.29,88380.0,950.0,62.346597
O,2026-08-26 18:35:00+00:00,62.29,62.3245,62.28,62.3194,34975.0,726.0,62.299842
O,2026-08-26 18:40:00+00:00,62.31,62.34,62.31,62.34,28637.0,611.0,62.327315
O,2026-08-26 18:45:00+00:00,62.335,62.3499,62.3,62.305,31354.0,694.0,62.332668
O,2026-08-26 18:50:00+00:00,62.31,62.33,62.305,62.32,16738.0,519.0,62.315494
O,2026-08-26 18:55:00+00:00,62.315,62.365,62.3141,62.33,46983.0,699.0,62.349393
O,2026-08-26 19:00:00+00:00,62.32,62.37,62.32,62.355,27174.0,614.0,62.351185
O,2026-08-26 19:05:00+00:00,62.35,62.36,62.33,62.34,21341.0,553.0,62.343484
O,2026-08-26 19:10:00+00:00,62.34,62.355,62.33,62.335,31385.0,719.0,62.338791
O,2026-08-26 19:15:00+00:00,62.33,62.4,62.315,62.4,30988.0,682.0,62.358338
O,2026-08-26 19:20:00+00:00,62.395,62.445,62.395,62.445,44796.0,617.0,62.419389
O,2026-08-26 19:25:00+00:00,62.44,62.46,62.41,62.42,62288.0,827.0,62.435223
O,2026-08-26 19:30:00+00:00,62.42,62.425,62.37,62.385,41707.0,954.0,62.395179
O,2026-08-26 19:35:00+00:00,62.38,62.42,62.37,62.41,48296.0,971.0,62.386788
O,2026-08-26 19:40:00+00:00,62.415,62.445,62.41,62.435,51305.0,1003.0,62.43217
O,2026-08-26 19:45:00+00:00,62.43,62.46,62.415,62.415,46540.0,1028.0,62.441417
O,2026-08-26 19:50:00+00:00,62.41,62.44,62.375,62.41,77396.0,1561.0,62.406592
O,2026-08-26 19:55:00+00:00,62.42,62.42,62.25,62.27,337359.0,4819.0,62.303408
O,2026-08-26 20:00:00+00:00,62.26,62.498,62.26,62.42,740899.0,132.0,62.260493
O,2026-08-26 20:05:00+00:00,62.4,62.4,62.37,62.37,28143.0,17.0,62.383654
O,2026-08-26 20:10:00+00:00,62.49,62.49,62.49,62.49,102.0,2.0,62.49
O,2026-08-26 20:25:00+00:00,62.43,62.43,62.43,62.43,16802.0,3.0,62.43
O,2026-08-26 20:50:00+00:00,62.35,62.35,62.35,62.35,103.0,2.0,62.35
O,2026-08-26 20:55:00+00:00,62.4765,62.4765,62.4765,62.4765,1801.0,2.0,62.4765
O,2026-08-26 21:05:00+00:00,62.4799,62.4799,62.33,62.33,3102.0,89.0,62.414204
O,2026-08-26 21:15:00+00:00,62.34,62.34,62.34,62.34,256.0,13.0,62.34
O,2026-08-26 21:20:00+00:00,62.34,62.34,62.34,62.34,252.0,20.0,62.34
O,2026-08-26 21:25:00+00:00,62.35,62.35,62.35,62.35,352.0,3.0,62.35
O,2026-08-26 21:30:00+00:00,62.33,62.4,62.33,62.4,8975.0,12.0,62.39119
O,2026-08-26 21:35:00+00:00,62.3155,62.34,62.3155,62.32,1609.0,44.0,62.320394
O,2026-08-26 21:50:00+00:00,62.32,62.32,62.32,62.32,113.0,3.0,62.32
O,2026-08-26 21:55:00+00:00,62.31,62.31,62.27,62.28,2263.0,156.0,62.290797
O,2026-08-26 22:05:00+00:00,62.32,62.32,62.32,62.32,438.0,21.0,62.32
O,2026-08-26 22:10:00+00:00,62.32,62.32,62.31,62.31,454.0,15.0,62.315708
O,2026-08-26 22:20:00+00:00,62.32,62.32,62.32,62.32,110.0,5.0,62.32
O,2026-08-26 22:25:00+00:00,62.3,62.3392,62.3,62.3392,4300.0,27.0,62.330595
O,2026-08-26 22:30:00+00:00,62.3485,62.3485,62.3485,62.3485,100.0,1.0,62.3485
O,2026-08-26 22:35:00+00:00,62.3499,62.3499,62.3499,62.3499,507.0,3.0,62.3499
O,2026-08-26 22:40:00+00:00,62.35,62.35,62.34,62.34,871.0,17.0,62.344949
O,2026-08-26 22:45:00+00:00,62.35,62.35,62.348,62.348,382.0,5.0,62.348889
O,2026-08-26 22:55:00+00:00,62.35,62.35,62.35,62.35,1005.0,2.0,62.35
O,2026-08-26 23:00:00+00:00,62.34,62.34,62.34,62.34,100.0,1.0,62.34
O,2026-08-26 23:05:00+00:00,62.34,62.3401,62.34,62.3401,215.0,4.0,62.34005
O,2026-08-26 23:45:00+00:00,62.33,62.33,62.33,62.33,2375.0,9.0,62.33
O,2026-08-27 08:00:00+00:00,62.35,62.35,62.2,62.2,15625.0,545.0,62.304723
O,2026-08-27 08:10:00+00:00,62.28,62.28,62.17,62.17,1313.0,39.0,62.221066
O,2026-08-27 08:20:00+00:00,62.18,62.18,62.18,62.18,302.0,12.0,62.18
O,2026-08-27 08:25:00+00:00,62.19,62.19,62.15,62.17,2177.0,50.0,62.175931
O,2026-08-27 08:30:00+00:00,62.1452,62.1452,62.1452,62.1452,168.0,7.0,62.1452
O,2026-08-27 08:35:00+00:00,62.15,62.24,62.15,62.24,574.0,16.0,62.183889
O,2026-08-27 08:45:00+00:00,62.14,62.14,62.12,62.12,865.0,45.0,62.136132
O,2026-08-27 09:00:00+00:00,62.12,62.12,62.12,62.12,303.0,10.0,62.12
O,2026-08-27 09:25:00+00:00,62.22,62.22,62.22,62.22,200.0,1.0,62.22
O,2026-08-27 09:30:00+00:00,62.17,62.18,62.12,62.18,1023.0,19.0,62.159506
O,2026-08-27 09:35:00+00:00,62.16,62.18,62.16,62.17,640.0,15.0,62.168511
O,2026-08-27 09:40:00+00:00,62.16,62.19,62.16,62.18,638.0,11.0,62.176722
O,2026-08-27 10:00:00+00:00,62.2,62.2,62.2,62.2,725.0,7.0,62.2
O,2026-08-27 10:05:00+00:00,62.19,62.2,62.19,62.2,1479.0,12.0,62.192059
O,2026-08-27 10:10:00+00:00,62.19,62.19,62.19,62.19,300.0,4.0,62.19
O,2026-08-27 10:15:00+00:00,62.2,62.2,62.2,62.2,581.0,5.0,62.2
O,2026-08-27 10:20:00+00:00,62.19,62.19,62.19,62.19,116.0,6.0,62.19
O,2026-08-27 10:25:00+00:00,62.2,62.21,62.2,62.21,1290.0,16.0,62.201365
O,2026-08-27 10:45:00+00:00,62.22,62.22,62.22,62.22,1458.0,1.0,62.22
O,2026-08-27 10:50:00+00:00,62.22,62.22,62.22,62.22,152.0,3.0,62.22
O,2026-08-27 11:00:00+00:00,62.2,62.2814,62.18,62.21,2237.0,98.0,62.204901
O,2026-08-27 11:05:00+00:00,62.22,62.22,62.1774,62.1774,2109.0,15.0,62.190117
O,2026-08-27 11:10:00+00:00,62.17,62.3,62.17,62.3,956.0,48.0,62.222179
O,2026-08-27 11:15:00+00:00,62.19,62.19,62.19,62.19,161.0,5.0,62.19
O,2026-08-27 11:25:00+00:00,62.1977,62.2123,62.1977,62.2123,643.0,9.0,62.204181
O,2026-08-27 11:30:00+00:00,62.25,62.25,62.25,62.25,310.0,5.0,62.25
O,2026-08-27 11:55:00+00:00,62.24,62.24,62.24,62.24,859.0,1.0,62.24
O,2026-08-27 12:00:00+00:00,62.25,62.25,62.25,62.25,100.0,1.0,62.25
O,2026-08-27 12:05:00+00:00,62.26,62.26,62.2,62.2,3028.0,64.0,62.230942
O,2026-08-27 12:10:00+00:00,62.2,62.2,62.2,62.2,839.0,6.0,62.2
O,2026-08-27 12:20:00+00:00,62.2281,62.2281,62.22,62.22,351.0,12.0,62.22405
O,2026-08-27 12:25:00+00:00,62.22,62.22,62.22,62.22,174.0,3.0,62.22
O,2026-08-27 12:50:00+00:00,62.2,62.2,62.2,62.2,916.0,18.0,62.2
O,2026-08-27 13:05:00+00:00,62.19,62.19,62.12,62.12,4646.0,145.0,62.158041
O,2026-08-27 13:10:00+00:00,62.12,62.12,62.11,62.11,1316.0,24.0,62.114326
O,2026-08-27 13:15:00+00:00,62.2082,62.2082,62.12,62.16,1562.0,25.0,62.173417
O,2026-08-27 13:20:00+00:00,62.14,62.14,62.12,62.12,1437.0,35.0,62.124054
O,2026-08-27 13:25:00+00:00,62.18,62.28,62.1,62.24,3030.0,101.0,62.152082
O,2026-08-27 13:30:00+00:00,62.1,62.11,61.75,61.96,411742.0,5305.0,61.961415
O,2026-08-27 13:35:00+00:00,61.96,62.049,61.83,61.9,78541.0,1889.0,61.901801
O,2026-08-27 13:40:00+00:00,61.88,61.88,61.75,61.804,107825.0,1972.0,61.802711
O,2026-08-27 13:45:00+00:00,61.795,61.9175,61.775,61.885,77489.0,1619.0,61.836683
O,2026-08-27 13:50:00+00:00,61.88,61.88,61.77,61.81,82408.0,1495.0,61.810118
O,2026-08-27 13:55:00+00:00,61.8,61.87,61.74,61.83,62841.0,1568.0,61.801837
O,2026-08-27 14:00:00+00:00,61.83,61.94,61.81,61.905,51951.0,1264.0,61.863294
O,2026-08-27 14:05:00+00:00,61.9,61.91,61.82,61.87,68452.0,1353.0,61.86294
O,2026-08-27 14:10:00+00:00,61.87,61.8775,61.655,61.675,91576.0,2176.0,61.756413
O,2026-08-27 14:15:00+00:00,61.67,61.79,61.65,61.79,71412.0,1713.0,61.698178
O,2026-08-27 14:20:00+00:00,61.795,61.85,61.77,61.83,51452.0,1259.0,61.814947
O,2026-08-27 14:25:00+00:00,61.84,61.88,61.8,61.825,34108.0,1172.0,61.841323
O,2026-08-27 14:30:00+00:00,61.825,61.89,61.7869,61.89,34257.0,1110.0,61.840481
O,2026-08-27 14:35:00+00:00,61.89,61.9599,61.89,61.9581,32343.0,1076.0,61.927984
O,2026-08-27 14:40:00+00:00,61.95,61.995,61.93,61.96,103757.0,1471.0,61.963245
O,2026-08-27 14:45:00+00:00,61.97,61.97,61.91,61.91,31795.0,1117.0,61.941867
O,2026-08-27 14:50:00+00:00,61.9153,61.93,61.885,61.9,25853.0,1057.0,61.908847
O,2026-08-27 14:55:00+00:00,61.89,61.895,61.795,61.81,35485.0,1182.0,61.829522
O,2026-08-27 15:00:00+00:00,61.81,61.835,61.8,61.825,34335.0,1012.0,61.823917
O,2026-08-27 15:05:00+00:00,61.825,61.87,61.81,61.87,35085.0,1038.0,61.834281
O,2026-08-27 15:10:00+00:00,61.87,61.9,61.845,61.89,26127.0,976.0,61.871773
O,2026-08-27 15:15:00+00:00,61.88,61.895,61.85,61.895,35584.0,1030.0,61.870797
O,2026-08-27 15:20:00+00:00,61.89,61.91,61.82,61.89,23992.0,915.0,61.859649
O,2026-08-27 15:25:00+00:00,61.895,61.92,61.845,61.86,20192.0,959.0,61.886871
O,2026-08-27 15:30:00+00:00,61.87,61.94,61.86,61.92,29900.0,921.0,61.902199
O,2026-08-27 15:35:00+00:00,61.89,61.9692,61.89,61.95,27137.0,772.0,61.933669
O,2026-08-27 15:40:00+00:00,61.945,62.025,61.94,62.015,47428.0,908.0,61.991397
O,2026-08-27 15:45:00+00:00,62.01,62.04,62.0,62.015,16288.0,733.0,62.023175
O,2026-08-27 15:50:00+00:00,62.015,62.04,61.99,62.005,23254.0,777.0,62.013475
O,2026-08-27 15:55:00+00:00,62.0,62.04,61.995,62.02,20571.0,710.0,62.013491
O,2026-08-27 16:00:00+00:00,62.02,62.03,61.99,62.0101,14349.0,644.0,62.009525
O,2026-08-27 16:05:00+00:00,62.02,62.02,61.97,61.975,22534.0,728.0,61.986793
O,2026-08-27 16:10:00+00:00,61.975,61.9999,61.95,61.9851,42884.0,669.0,61.973707
O,2026-08-27 16:15:00+00:00,61.98,62.0181,61.96,62.005,28533.0,467.0,61.987659
O,2026-08-27 16:20:00+00:00,62.005,62.0126,61.96,62.0097,22908.0,472.0,61.989587
O,2026-08-27 16:25:00+00:00,61.995,62.01,61.965,62.0,18094.0,454.0,61.99244
O,2026-08-27 16:30:00+00:00,61.995,62.0,61.95,61.955,11041.0,464.0,61.981639
O,2026-08-27 16:35:00+00:00,61.96,61.97,61.94,61.97,20726.0,475.0,61.956897
O,2026-08-27 16:40:00+00:00,61.965,61.98,61.955,61.975,15617.0,417.0,61.970494
O,2026-08-27 16:45:00+00:00,61.9873,61.99,61.94,61.985,84270.0,611.0,61.967883
O,2026-08-27 16:50:00+00:00,61.985,62.025,61.985,61.995,23784.0,504.0,62.008949
O,2026-08-27 16:55:00+00:00,61.995,62.0,61.97,61.99,17247.0,427.0,61.983654
O,2026-08-27 17:00:00+00:00,61.98,62.005,61.945,61.945,21467.0,542.0,61.980593
O,2026-08-27 17:05:00+00:00,61.945,61.95,61.9,61.9499,24357.0,529.0,61.933541
O,2026-08-27 17:10:00+00:00,61.95,61.95,61.895,61.9,22630.0,589.0,61.914991
O,2026-08-27 17:15:00+00:00,61.91,61.9399,61.91,61.925,19175.0,479.0,61.919452
O,2026-08-27 17:20:00+00:00,61.92,61.9301,61.89,61.91,21006.0,597.0,61.90656
O,2026-08-27 17:25:00+00:00,61.9199,61.94,61.91,61.915,35838.0,625.0,61.925591
O,2026-08-27 17:30:00+00:00,61.91,61.92,61.89,61.89,14620.0,575.0,61.907814
O,2026-08-27 17:35:00+00:00,61.885,61.8999,61.875,61.88,20926.0,588.0,61.888226
O,2026-08-27 17:40:00+00:00,61.87,61.89,61.87,61.885,17972.0,492.0,61.883203
O,2026-08-27 17:45:00+00:00,61.88,61.88,61.84,61.84,103771.0,1151.0,61.853669
O,2026-08-27 17:50:00+00:00,61.84,61.84,61.79,61.815,56928.0,1128.0,61.811193
O,2026-08-27 17:55:00+00:00,61.8123,61.835,61.8,61.825,27371.0,604.0,61.82061
O,2026-08-27 18:00:00+00:00,61.8204,61.845,61.805,61.8402,40880.0,599.0,61.825486
O,2026-08-27 18:05:00+00:00,61.84,61.905,61.83,61.895,54953.0,732.0,61.882352
O,2026-08-27 18:10:00+00:00,61.89,61.895,61.8641,61.8641,30498.0,602.0,61.879823
O,2026-08-27 18:15:00+00:00,61.87,61.92,61.8699,61.885,21644.0,480.0,61.895293
O,2026-08-27 18:20:00+00:00,61.8854,61.89,61.87,61.875,20338.0,469.0,61.883675
O,2026-08-27 18:25:00+00:00,61.875,61.89,61.865,61.8699,18346.0,505.0,61.873427
O,2026-08-27 18:30:00+00:00,61.86,61.89,61.85,61.89,14802.0,479.0,61.86679
O,2026-08-27 18:35:00+00:00,61.895,61.92,61.8869,61.9,15001.0,431.0,61.905368
O,2026-08-27 18:40:00+00:00,61.9,61.9,61.825,61.85,17069.0,481.0,61.85889
O,2026-08-27 18:45:00+00:00,61.855,61.9,61.855,61.885,17879.0,419.0,61.868625
O,2026-08-27 18:50:00+00:00,61.89,61.89,61.845,61.845,21101.0,435.0,61.865186
O,2026-08-27 18:55:00+00:00,61.845,61.855,61.8,61.8001,24364.0,609.0,61.826288
O,2026-08-27 19:00:00+00:00,61.805,61.83,61.73,61.735,45827.0,936.0,61.781614
O,2026-08-27 19:05:00+00:00,61.73,61.79,61.73,61.775,52885.0,596.0,61.775824
O,2026-08-27 19:10:00+00:00,61.78,61.83,61.77,61.815,75888.0,826.0,61.793079
O,2026-08-27 19:15:00+00:00,61.825,61.8441,61.8,61.835,18396.0,467.0,61.82129
O,2026-08-27 19:20:00+00:00,61.83,61.83,61.805,61.805,30211.0,682.0,61.818053
O,2026-08-27 19:25:00+00:00,61.81,61.8398,61.795,61.81,26797.0,709.0,61.816401
O,2026-08-27 19:30:00+00:00,61.81,61.88,61.795,61.875,54631.0,1026.0,61.830214
O,2026-08-27 19:35:00+00:00,61.88,61.89,61.85,61.855,37840.0,944.0,61.871759
O,2026-08-27 19:40:00+00:00,61.855,61.95,61.855,61.925,41992.0,932.0,61.90928
O,2026-08-27 19:45:00+00:00,61.92,61.9399,61.87,61.875,44710.0,1097.0,61.923696
O,2026-08-27 19:50:00+00:00,61.88,61.88,61.814,61.84,91122.0,1908.0,61.846317
O,2026-08-27 19:55:00+00:00,61.83,61.895,61.78,61.8,335645.0,4788.0,61.83672
O,2026-08-27 20:00:00+00:00,61.8,61.8,61.8,61.8,1417516.0,81.0,61.8
O,2026-08-27 20:05:00+00:00,61.93,61.96,61.8,61.8,31306.0,17.0,61.80358
O,2026-08-27 20:10:00+00:00,61.86,61.86,61.85,61.86,924.0,13.0,61.855548
O,2026-08-27 20:15:00+00:00,61.97,61.97,61.9,61.9,468.0,12.0,61.95
O,2026-08-27 20:20:00+00:00,61.8501,61.9,61.8501,61.9,624.0,8.0,61.858375
O,2026-08-27 20:25:00+00:00,61.8982,61.8982,61.8982,61.8982,868.0,3.0,61.8982
O,2026-08-27 20:40:00+00:00,61.9,61.9,61.9,61.9,210.0,2.0,61.9
O,2026-08-27 20:55:00+00:00,61.8959,61.8959,61.88,61.88,303.0,4.0,61.8906
O,2026-08-27 21:05:00+00:00,61.89,61.89,61.89,61.89,407.0,6.0,61.89
O,2026-08-27 21:10:00+00:00,61.89,61.89,61.89,61.89,715.0,24.0,61.89
O,2026-08-27 21:20:00+00:00,61.89,61.89,61.89,61.89,102.0,3.0,61.89
O,2026-08-27 21:35:00+00:00,61.9476,61.9476,61.9476,61.9476,100.0,1.0,61.9476
O,2026-08-27 21:40:00+00:00,61.95,61.95,61.95,61.95,103.0,3.0,61.95
O,2026-08-27 22:10:00+00:00,61.94,61.94,61.92,61.92,320.0,14.0,61.931541
O,2026-08-27 22:15:00+00:00,61.91,61.92,61.91,61.92,333.0,16.0,61.915
O,2026-08-27 22:25:00+00:00,61.95,61.95,61.95,61.95,110.0,2.0,61.95
O,2026-08-27 22:30:00+00:00,61.97,61.97,61.9,61.9,829.0,11.0,61.95596
O,2026-08-27 22:35:00+00:00,61.935,61.935,61.91,61.91,400.0,3.0,61.925
O,2026-08-27 23:00:00+00:00,61.9592,61.9592,61.9592,61.9592,100.0,1.0,61.9592
O,2026-08-27 23:15:00+00:00,61.96,61.96,61.96,61.96,123.0,3.0,61.96
O,2026-08-27 23:20:00+00:00,61.935,61.94,61.9,61.9,3093.0,21.0,61.911126
O,2026-08-27 23:40:00+00:00,61.92,61.92,61.92,61.92,245.0,3.0,61.92
O,2026-08-27 23:55:00+00:00,61.97,61.97,61.97,61.97,101.0,2.0,61.97
O,2026-08-28 08:00:00+00:00,62.03,62.15,61.94,61.99,6815.0,279.0,62.008543
O,2026-08-28 08:15:00+00:00,62.1,62.1,62.1,62.1,200.0,6.0,62.1
O,2026-08-28 08:25:00+00:00,62.04,62.04,62.04,62.04,191.0,2.0,62.04
O,2026-08-28 08:40:00+00:00,62.04,62.04,62.03,62.03,367.0,15.0,62.035116
O,2026-08-28 09:00:00+00:00,62.0,62.0,62.0,62.0,1737.0,55.0,62.0
O,2026-08-28 09:10:00+00:00,62.04,62.04,62.04,62.04,178.0,3.0,62.04
O,2026-08-28 10:10:00+00:00,62.04,62.04,62.04,62.04,119.0,3.0,62.04
O,2026-08-28 10:15:00+00:00,62.02,62.02,62.02,62.02,101.0,2.0,62.02
O,2026-08-28 10:20:00+00:00,62.025,62.025,62.025,62.025,100.0,1.0,62.025
O,2026-08-28 10:35:00+00:00,62.025,62.05,62.025,62.05,845.0,16.0,62.040468
O,2026-08-28 11:10:00+00:00,62.0,62.0,62.0,62.0,492.0,1.0,62.0
O,2026-08-28 11:15:00+00:00,62.05,62.05,62.05,62.05,208.0,6.0,62.05
O,2026-08-28 11:30:00+00:00,62.03,62.0497,62.03,62.0497,1625.0,18.0,62.045888
O,2026-08-28 11:45:00+00:00,62.05,62.05,62.05,62.05,444.0,10.0,62.05
O,2026-08-28 12:00:00+00:00,62.05,62.05,62.05,62.05,461.0,6.0,62.05
O,2026-08-28 12:05:00+00:00,62.06,62.06,62.05,62.05,525.0,15.0,62.0525
O,2026-08-28 12:10:00+00:00,62.03,62.03,62.03,62.03,204.0,2.0,62.03
O,2026-08-28 12:15:00+00:00,62.06,62.06,62.06,62.06,103.0,4.0,62.06
O,2026-08-28 12:20:00+00:00,62.08,62.08,62.08,62.08,617.0,13.0,62.08
O,2026-08-28 12:25:00+00:00,62.09,62.09,62.032,62.032,2213.0,17.0,62.051604
O,2026-08-28 12:30:00+00:00,62.08,62.08,62.06,62.06,500.0,16.0,62.073671
O,2026-08-28 12:35:00+00:00,62.05,62.05,62.03,62.03,686.0,9.0,62.039877
O,2026-08-28 12:50:00+00:00,62.03,62.03,62.03,62.03,100.0,1.0,62.03
O,2026-08-28 12:55:00+00:00,62.08,62.08,62.08,62.08,247.0,16.0,62.08
O,2026-08-28 13:00:00+00:00,62.08,62.08,62.08,62.08,1000.0,2.0,62.08
O,2026-08-28 13:05:00+00:00,62.08,62.09,62.06,62.08,2429.0,34.0,62.064816
O,2026-08-28 13:10:00+00:00,62.09,62.1349,62.08,62.12,3577.0,36.0,62.107668
O,2026-08-28 13:15:00+00:00,62.15,62.15,62.14,62.14,863.0,24.0,62.142742
O,2026-08-28 13:20:00+00:00,62.15,62.15,62.15,62.15,1763.0,13.0,62.15
O,2026-08-28 13:25:00+00:00,62.19,62.19,62.05,62.05,3678.0,54.0,62.066159
O,2026-08-28 13:30:00+00:00,62.15,62.1819,61.85,61.895,106775.0,2700.0,62.029112
O,2026-08-28 13:35:00+00:00,61.89,61.955,61.8,61.89,60664.0,1417.0,61.867036
O,2026-08-28 13:40:00+00:00,61.89,61.97,61.88,61.935,34753.0,878.0,61.927649
O,2026-08-28 13:45:00+00:00,61.94,61.9997,61.9,61.97,43338.0,950.0,61.949331
O,2026-08-28 13:50:00+00:00,61.98,61.98,61.895,61.95,30364.0,781.0,61.941255
O,2026-08-28 13:55:00+00:00,61.96,62.04,61.96,62.01,47322.0,779.0,62.00465
O,2026-08-28 14:00:00+00:00,61.99,62.08,61.94,61.96,32791.0,1041.0,62.013225
O,2026-08-28 14:05:00+00:00,61.96,62.14,61.96,62.13,48489.0,873.0,62.092113
O,2026-08-28 14:10:00+00:00,62.135,62.16,62.06,62.14,38382.0,889.0,62.118146
O,2026-08-28 14:15:00+00:00,62.13,62.205,62.12,62.19,58219.0,1103.0,62.176969
O,2026-08-28 14:20:00+00:00,62.19,62.195,62.02,62.03,44715.0,1062.0,62.091807
O,2026-08-28 14:25:00+00:00,62.04,62.075,62.005,62.015,40058.0,1045.0,62.031536
O,2026-08-28 14:30:00+00:00,62.02,62.13,61.995,62.11,42068.0,1055.0,62.058549
O,2026-08-28 14:35:00+00:00,62.12,62.155,62.04,62.048,33244.0,976.0,62.109468
O,2026-08-28 14:40:00+00:00,62.04,62.11,62.03,62.095,199266.0,872.0,62.065666
O,2026-08-28 14:45:00+00:00,62.1,62.12,62.07,62.12,21434.0,886.0,62.096915
O,2026-08-28 14:50:00+00:00,62.105,62.125,62.07,62.12,38306.0,876.0,62.099499
O,2026-08-28 14:55:00+00:00,62.12,62.12,62.07,62.095,18955.0,819.0,62.095971
O,2026-08-28 15:00:00+00:00,62.095,62.095,62.05,62.0794,31058.0,868.0,62.071047
O,2026-08-28 15:05:00+00:00,62.07,62.09,62.04,62.0803,22354.0,882.0,62.07092
O,2026-08-28 15:10:00+00:00,62.08,62.101,62.07,62.085,37004.0,763.0,62.091989
O,2026-08-28 15:15:00+00:00,62.08,62.0952,62.05,62.06,21073.0,791.0,62.072309
O,2026-08-28 15:20:00+00:00,62.05,62.12,62.0425,62.085,25725.0,832.0,62.089785
O,2026-08-28 15:25:00+00:00,62.0866,62.13,62.06,62.115,34254.0,874.0,62.097194
O,2026-08-28 15:30:00+00:00,62.12,62.12,62.055,62.06,17722.0,774.0,62.088581
O,2026-08-28 15:35:00+00:00,62.07,62.1352,62.07,62.13,19761.0,811.0,62.103021
O,2026-08-28 15:40:00+00:00,62.1395,62.158,62.075,62.12,18935.0,747.0,62.130785
O,2026-08-28 15:45:00+00:00,62.12,62.13,62.06,62.06,15383.0,782.0,62.090747
O,2026-08-28 15:50:00+00:00,62.06,62.12,62.05,62.1199,18885.0,758.0,62.086366
O,2026-08-28 15:55:00+00:00,62.11,62.15,62.11,62.125,19991.0,699.0,62.131859
O,2026-08-28 16:00:00+00:00,62.125,62.17,62.12,62.16,22710.0,764.0,62.149354
O,2026-08-28 16:05:00+00:00,62.17,62.17,62.095,62.105,17594.0,749.0,62.126159
O,2026-08-28 16:10:00+00:00,62.1,62.12,62.055,62.06,22610.0,668.0,62.082854
O,2026-08-28 16:15:00+00:00,62.06,62.18,62.06,62.175,19751.0,429.0,62.130089
O,2026-08-28 16:20:00+00:00,62.17,62.18,62.055,62.055,20929.0,500.0,62.140357
O,2026-08-28 16:25:00+00:00,62.055,62.08,62.02,62.08,19459.0,503.0,62.053672
O,2026-08-28 16:30:00+00:00,62.07,62.07,62.02,62.03,18881.0,507.0,62.043661
O,2026-08-28 16:35:00+00:00,62.03,62.07,62.02,62.07,17788.0,452.0,62.051479
O,2026-08-28 16:40:00+00:00,62.065,62.0799,62.06,62.0799,17021.0,431.0,62.066536
O,2026-08-28 16:45:00+00:00,62.075,62.075,62.015,62.025,16306.0,495.0,62.050679
O,2026-08-28 16:50:00+00:00,62.03,62.04,61.97,61.98,51239.0,734.0,62.00061
O,2026-08-28 16:55:00+00:00,61.985,62.005,61.96,61.98,20903.0,559.0,61.975387
O,2026-08-28 17:00:00+00:00,61.97,62.0,61.96,61.97,14868.0,436.0,61.980763
O,2026-08-28 17:05:00+00:00,61.98,62.02,61.96,61.97,22750.0,534.0,61.985085
O,2026-08-28 17:10:00+00:00,61.97,62.0,61.9607,61.995,18007.0,418.0,61.981462
O,2026-08-28 17:15:00+00:00,62.0,62.0,61.9678,61.98,22940.0,530.0,61.986515
O,2026-08-28 17:20:00+00:00,61.98,62.0,61.955,61.965,12495.0,373.0,61.977938
O,2026-08-28 17:25:00+00:00,61.965,61.98,61.925,61.93,16100.0,503.0,61.954532
O,2026-08-28 17:30:00+00:00,61.9279,61.965,61.92,61.94,30281.0,544.0,61.945226
O,2026-08-28 17:35:00+00:00,61.945,61.97,61.935,61.94,19867.0,435.0,61.949645
O,2026-08-28 17:40:00+00:00,61.94,62.07,61.94,62.04,87339.0,819.0,62.031774
O,2026-08-28 17:45:00+00:00,62.04,62.05,61.98,61.99,41656.0,801.0,62.02391
O,2026-08-28 17:50:00+00:00,61.98,61.9899,61.91,61.92,19472.0,511.0,61.948144
O,2026-08-28 17:55:00+00:00,61.925,61.95,61.92,61.949,22711.0,1150.0,61.934097
O,2026-08-28 18:00:00+00:00,61.95,61.96,61.94,61.9501,27955.0,485.0,61.947711
O,2026-08-28 18:05:00+00:00,61.96,62.01,61.96,62.01,16201.0,440.0,61.993837
O,2026-08-28 18:10:00+00:00,62.01,62.02,61.975,61.98,29465.0,425.0,62.006828
O,2026-08-28 18:15:00+00:00,61.99,62.02,61.985,62.0,27039.0,455.0,62.001384
O,2026-08-28 18:20:00+00:00,61.99,62.015,61.97,62.005,21484.0,550.0,61.990091
O,2026-08-28 18:25:00+00:00,62.0,62.03,62.0,62.02,20869.0,491.0,62.014307
O,2026-08-28 18:30:00+00:00,62.02,62.05,62.015,62.04,27080.0,489.0,62.029633
O,2026-08-28 18:35:00+00:00,62.03,62.055,62.025,62.055,18091.0,365.0,62.04202
O,2026-08-28 18:40:00+00:00,62.05,62.06,62.035,62.05,17920.0,436.0,62.04566
O,2026-08-28 18:45:00+00:00,62.05,62.06,62.0305,62.0305,20251.0,440.0,62.051188
O,2026-08-28 18:50:00+00:00,62.03,62.035,62.005,62.015,24483.0,545.0,62.021398
O,2026-08-28 18:55:00+00:00,62.02,62.02,61.99,61.995,25622.0,508.0,62.011966
O,2026-08-28 19:00:00+00:00,61.99,62.0,61.97,61.985,25816.0,588.0,61.981462
O,2026-08-28 19:05:00+00:00,61.98,62.01,61.96,61.9909,29345.0,730.0,61.988236
O,2026-08-28 19:10:00+00:00,61.99,62.045,61.99,62.045,40926.0,706.0,62.00671
O,2026-08-28 19:15:00+00:00,62.05,62.05,62.01,62.015,17098.0,517.0,62.031042
O,2026-08-28 19:20:00+00:00,62.01,62.05,61.995,62.05,27096.0,600.0,62.01105
O,2026-08-28 19:25:00+00:00,62.045,62.07,62.0,62.06,160577.0,1217.0,62.010708
O,2026-08-28 19:30:00+00:00,62.06,62.06,61.995,62.01,55118.0,824.0,62.010942
O,2026-08-28 19:35:00+00:00,62.005,62.02,61.98,62.02,38852.0,848.0,61.998784
O,2026-08-28 19:40:00+00:00,62.01,62.055,61.995,62.04,67950.0,931.0,62.025164
O,2026-08-28 19:45:00+00:00,62.03,62.0753,62.02,62.035,71762.0,1283.0,62.048526
O,2026-08-28 19:50:00+00:00,62.035,62.065,62.015,62.035,78160.0,1343.0,62.044621
O,2026-08-28 19:55:00+00:00,62.05,62.065,61.99,61.99,290997.0,3907.0,62.027913
O,2026-08-28 20:00:00+00:00,61.98,62.045,61.98,62.045,669838.0,73.0,61.98001
O,2026-08-28 20:10:00+00:00,62.04,62.0507,62.04,62.0507,443.0,11.0,62.043344
O,2026-08-28 20:15:00+00:00,62.05,62.05,62.05,62.05,167.0,7.0,62.05
O,2026-08-28 21:30:00+00:00,62.06,62.06,62.06,62.06,218.0,1.0,62.06
O,2026-08-28 21:40:00+00:00,62.06,62.06,62.06,62.06,100.0,1.0,62.06
O,2026-08-28 21:45:00+00:00,62.125,62.125,62.06,62.06,225.0,5.0,62.090952
O,2026-08-28 21:50:00+00:00,62.1,62.1,62.09,62.09,821.0,9.0,62.09523
O,2026-08-28 21:55:00+00:00,62.06,62.06,62.04,62.04,671.0,9.0,62.052
O,2026-08-28 22:05:00+00:00,62.05,62.05,62.05,62.05,191.0,5.0,62.05
O,2026-08-28 22:10:00+00:00,62.11,62.11,62.11,62.11,203.0,2.0,62.11
O,2026-08-28 22:15:00+00:00,62.08,62.09,62.08,62.09,495.0,11.0,62.083691
O,2026-08-28 22:30:00+00:00,62.06,62.07,62.06,62.07,2618.0,9.0,62.0696
O,2026-08-28 23:10:00+00:00,62.02,62.02,62.02,62.02,325.0,5.0,62.02
O,2026-08-28 23:50:00+00:00,62.113,62.113,62.08,62.08,1103.0,4.0,62.083054
O,2026-08-31 08:00:00+00:00,61.9,61.96,61.8,61.84,7132.0,554.0,61.91132
O,2026-08-31 08:10:00+00:00,61.87,61.87,61.87,61.87,181.0,2.0,61.87
O,2026-08-31 08:30:00+00:00,61.83,61.86,61.83,61.86,297.0,6.0,61.841538
O,2026-08-31 09:30:00+00:00,61.87,61.88,61.87,61.88,612.0,17.0,61.875465
O,2026-08-31 09:45:00+00:00,61.89,61.89,61.89,61.89,100.0,1.0,61.89
O,2026-08-31 09:50:00+00:00,61.885,61.885,61.885,61.885,205.0,2.0,61.885
O,2026-08-31 10:20:00+00:00,61.94,61.94,61.94,61.94,231.0,5.0,61.94
O,2026-08-31 10:25:00+00:00,61.82,61.82,61.81,61.81,664.0,25.0,61.813333
O,2026-08-31 11:00:00+00:00,61.86,61.86,61.86,61.86,592.0,33.0,61.86
O,2026-08-31 11:30:00+00:00,62.0,62.0,61.9547,61.9547,339.0,14.0,61.971233
O,2026-08-31 11:50:00+00:00,61.8944,61.8944,61.8944,61.8944,1000.0,1.0,61.8944
O,2026-08-31 12:00:00+00:00,61.85,61.85,61.85,61.85,968.0,8.0,61.85
O,2026-08-31 12:10:00+00:00,61.8147,61.85,61.8147,61.85,744.0,6.0,61.834571
O,2026-08-31 12:20:00+00:00,61.81,61.85,61.78,61.85,2614.0,92.0,61.801228
O,2026-08-31 12:25:00+00:00,61.8766,61.8766,61.8766,61.8766,162.0,4.0,61.8766
O,2026-08-31 12:35:00+00:00,61.8687,61.8687,61.83,61.83,484.0,10.0,61.85162
O,2026-08-31 12:40:00+00:00,61.85,61.85,61.85,61.85,149.0,9.0,61.85
O,2026-08-31 12:45:00+00:00,61.8,61.8409,61.8,61.8409,1561.0,34.0,61.822228
O,2026-08-31 12:50:00+00:00,61.8,61.86,61.8,61.83,870.0,33.0,61.82
O,2026-08-31 12:55:00+00:00,61.83,61.83,61.8,61.8,439.0,24.0,61.812832
O,2026-08-31 13:05:00+00:00,61.81,61.81,61.81,61.81,549.0,7.0,61.81
O,2026-08-31 13:20:00+00:00,61.78,61.78,61.76,61.76,1551.0,116.0,61.768433
O,2026-08-31 13:25:00+00:00,61.75,61.75,61.7,61.7,2182.0,263.0,61.734694
O,2026-08-31 13:30:00+00:00,61.65,61.65,61.26,61.28,206090.0,5094.0,61.498658
O,2026-08-31 13:35:00+00:00,61.3,61.395,61.23,61.375,113405.0,2335.0,61.311651
O,2026-08-31 13:40:00+00:00,61.375,61.43,61.34,61.4,52147.0,1525.0,61.378381
O,2026-08-31 13:45:00+00:00,61.41,61.46,61.3799,61.3799,50533.0,1425.0,61.435399
O,2026-08-31 13:50:00+00:00,61.37,61.415,61.305,61.335,39057.0,1156.0,61.338471
O,2026-08-31 13:55:00+00:00,61.3387,61.3799,61.322,61.35,27523.0,943.0,61.348791
O,2026-08-31 14:00:00+00:00,61.345,61.405,61.304,61.32,34576.0,1364.0,61.347312
O,2026-08-31 14:05:00+00:00,61.325,61.38,61.315,61.355,34800.0,1134.0,61.340355
O,2026-08-31 14:10:00+00:00,61.35,61.36,61.315,61.3152,27397.0,1208.0,61.329012
O,2026-08-31 14:15:00+00:00,61.31,61.3306,61.275,61.33,34247.0,1551.0,61.298625
O,2026-08-31 14:20:00+00:00,61.325,61.345,61.28,61.31,33734.0,1291.0,61.317182
O,2026-08-31 14:25:00+00:00,61.31,61.33,61.235,61.265,92410.0,1810.0,61.297081
O,2026-08-31 14:30:00+00:00,61.265,61.265,61.155,61.2,52792.0,1860.0,61.211965
O,2026-08-31 14:35:00+00:00,61.195,61.31,61.195,61.31,38473.0,1292.0,61.233935
O,2026-08-31 14:40:00+00:00,61.305,61.37,61.3,61.33,28782.0,1039.0,61.328283
O,2026-08-31 14:45:00+00:00,61.33,61.3999,61.32,61.39,23875.0,1009.0,61.368473
O,2026-08-31 14:50:00+00:00,61.3858,61.51,61.385,61.5025,29866.0,1151.0,61.441296
O,2026-08-31 14:55:00+00:00,61.51,61.55,61.49,61.49,36865.0,1223.0,61.521141
O,2026-08-31 15:00:00+00:00,61.48,61.59,61.48,61.565,32315.0,950.0,61.531296
O,2026-08-31 15:05:00+00:00,61.57,61.57,61.495,61.52,26810.0,963.0,61.52825
O,2026-08-31 15:10:00+00:00,61.525,61.53,61.46,61.5,30931.0,862.0,61.479375
O,2026-08-31 15:15:00+00:00,61.495,61.51,61.475,61.4998,21884.0,852.0,61.494487
O,2026-08-31 15:20:00+00:00,61.48,61.48,61.425,61.45,30374.0,1055.0,61.447695
O,2026-08-31 15:25:00+00:00,61.44,61.455,61.405,61.43,18461.0,887.0,61.434708
O,2026-08-31 15:30:00+00:00,61.42,61.52,61.42,61.5141,40812.0,1000.0,61.480355
O,2026-08-31 15:35:00+00:00,61.51,61.545,61.45,61.46,46059.0,929.0,61.513558
O,2026-08-31 15:40:00+00:00,61.46,61.495,61.46,61.4765,28017.0,791.0,61.482075
O,2026-08-31 15:45:00+00:00,61.475,61.485,61.45,61.47,19253.0,822.0,61.462894
O,2026-08-31 15:50:00+00:00,61.465,61.49,61.455,61.465,40957.0,820.0,61.469673
O,2026-08-31 15:55:00+00:00,61.475,61.48,61.43,61.43,17133.0,889.0,61.463447
O,2026-08-31 16:00:00+00:00,61.4305,61.455,61.425,61.4483,18522.0,800.0,61.439652
O,2026-08-31 16:05:00+00:00,61.45,61.4599,61.405,61.405,16103.0,741.0,61.434343
O,2026-08-31 16:10:00+00:00,61.405,61.405,61.38,61.385,19996.0,863.0,61.387872
O,2026-08-31 16:15:00+00:00,61.385,61.395,61.365,61.395,39496.0,919.0,61.375981
O,2026-08-31 16:20:00+00:00,61.395,61.41,61.35,61.35,35520.0,889.0,61.386122
O,2026-08-31 16:25:00+00:00,61.35,61.365,61.335,61.365,21510.0,577.0,61.352313
O,2026-08-31 16:30:00+00:00,61.365,61.4056,61.36,61.395,25077.0,609.0,61.390537
O,2026-08-31 16:35:00+00:00,61.4,61.42,61.39,61.39,21685.0,527.0,61.408693
O,2026-08-31 16:40:00+00:00,61.385,61.435,61.38,61.39,29517.0,510.0,61.412812
O,2026-08-31 16:45:00+00:00,61.38,61.3899,61.32,61.325,24055.0,571.0,61.350269
O,2026-08-31 16:50:00+00:00,61.32,61.335,61.285,61.285,27971.0,781.0,61.317179
O,2026-08-31 16:55:00+00:00,61.28,61.285,61.23,61.235,36301.0,707.0,61.247553
O,2026-08-31 17:00:00+00:00,61.235,61.245,61.22,61.245,20875.0,608.0,61.231565
O,2026-08-31 17:05:00+00:00,61.25,61.265,61.235,61.265,26667.0,565.0,61.252491
O,2026-08-31 17:10:00+00:00,61.265,61.32,61.26,61.315,22471.0,517.0,61.288997
O,2026-08-31 17:15:00+00:00,61.32,61.34,61.29,61.3356,25676.0,483.0,61.32118
O,2026-08-31 17:20:00+00:00,61.33,61.35,61.315,61.33,20963.0,560.0,61.33459
O,2026-08-31 17:25:00+00:00,61.325,61.355,61.31,61.35,15509.0,499.0,61.338399
O,2026-08-31 17:30:00+00:00,61.355,61.37,61.35,61.37,21635.0,630.0,61.362896
O,2026-08-31 17:35:00+00:00,61.365,61.395,61.355,61.37,26976.0,652.0,61.375485
O,2026-08-31 17:40:00+00:00,61.375,61.41,61.37,61.405,15142.0,444.0,61.389229
O,2026-08-31 17:45:00+00:00,61.4,61.405,61.375,61.39,25050.0,635.0,61.388759
O,2026-08-31 17:50:00+00:00,61.38,61.395,61.38,61.395,26915.0,549.0,61.387057
O,2026-08-31 17:55:00+00:00,61.395,61.42,61.35,61.36,58018.0,1320.0,61.397512
O,2026-08-31 18:00:00+00:00,61.365,61.39,61.32,61.34,62293.0,811.0,61.365128
O,2026-08-31 18:05:00+00:00,61.335,61.38,61.335,61.35,24274.0,579.0,61.360718
O,2026-08-31 18:10:00+00:00,61.345,61.385838,61.31,61.385,28536.0,658.0,61.33531
O,2026-08-31 18:15:00+00:00,61.385,61.39,61.33,61.34,29446.0,601.0,61.352705
O,2026-08-31 18:20:00+00:00,61.345,61.365,61.285,61.285,38661.0,770.0,61.339268
O,2026-08-31 18:25:00+00:00,61.285,61.3,61.27,61.275,30125.0,594.0,61.284468
O,2026-08-31 18:30:00+00:00,61.28,61.2857,61.255,61.26,42811.0,785.0,61.273165
O,2026-08-31 18:35:00+00:00,61.26,61.31,61.245,61.31,28819.0,711.0,61.267039
O,2026-08-31 18:40:00+00:00,61.31,61.315,61.28,61.295,33221.0,641.0,61.293915
O,2026-08-31 18:45:00+00:00,61.29,61.3175,61.26,61.296627,124476.0,826.0,61.288005
O,2026-08-31 18:50:00+00:00,61.3,61.325,61.295,61.3199,85900.0,730.0,61.309449
O,2026-08-31 18:55:00+00:00,61.315,61.365,61.315,61.35,33409.0,738.0,61.345512
O,2026-08-31 19:00:00+00:00,61.36,61.385,61.355,61.375,25273.0,602.0,61.367798
O,2026-08-31 19:05:00+00:00,61.375,61.44,61.375,61.4294,30230.0,686.0,61.411859
O,2026-08-31 19:10:00+00:00,61.425,61.51,61.4199,61.5,60813.0,953.0,61.458296
O,2026-08-31 19:15:00+00:00,61.505,61.505,61.455,61.485,94500.0,741.0,61.473661
O,2026-08-31 19:20:00+00:00,61.485,61.53,61.485,61.515,46396.0,816.0,61.505734
O,2026-08-31 19:25:00+00:00,61.515,61.5299,61.39,61.4,92027.0,1128.0,61.447616
O,2026-08-31 19:30:00+00:00,61.395,61.395,61.27,61.295,73588.0,1109.0,61.330489
O,2026-08-31 19:35:00+00:00,61.295,61.385,61.295,61.375,52642.0,1050.0,61.357471
O,2026-08-31 19:40:00+00:00,61.38,61.39,61.295,61.3,52694.0,1116.0,61.346206
O,2026-08-31 19:45:00+00:00,61.305,61.34,61.255,61.3,164203.0,2038.0,61.284913
O,2026-08-31 19:50:00+00:00,61.32,61.375,61.265,61.27,119747.0,1856.0,61.31742
O,2026-08-31 19:55:00+00:00,61.28,61.43,61.215,61.29,429297.0,5644.0,61.351434
O,2026-08-31 20:00:00+00:00,61.28,61.3,61.28,61.28,2700208.0,105.0,61.280008
O,2026-08-31 20:20:00+00:00,61.338,61.44,61.338,61.44,724.0,29.0,61.38943
O,2026-08-31 20:25:00+00:00,61.37,61.37,61.36,61.36,643.0,9.0,61.36638
O,2026-08-31 20:40:00+00:00,61.29,61.29,61.29,61.29,170.0,2.0,61.29
O,2026-08-31 21:05:00+00:00,61.4,61.4,61.4,61.4,187.0,3.0,61.4
O,2026-08-31 21:15:00+00:00,61.4,61.4,61.4,61.4,133.0,6.0,61.4
O,2026-08-31 21:30:00+00:00,61.4,61.4,61.4,61.4,112.0,3.0,61.4
O,2026-08-31 21:40:00+00:00,61.4,61.4,61.28,61.4,1821.0,89.0,61.327966
O,2026-08-31 21:45:00+00:00,61.3601,61.3601,61.3601,61.3601,3260.0,1.0,61.3601
O,2026-08-31 21:50:00+00:00,61.4,61.4,61.4,61.4,438.0,11.0,61.4
O,2026-08-31 22:00:00+00:00,61.34,61.37,61.31,61.37,1890.0,42.0,61.330301
O,2026-08-31 22:25:00+00:00,61.4,61.4,61.4,61.4,801.0,2.0,61.4
O,2026-08-31 23:00:00+00:00,61.43,61.43,61.43,61.43,206.0,4.0,61.43
O,2026-08-31 23:10:00+00:00,61.44,61.44,61.4,61.4,894.0,3.0,61.404479
O,2026-08-31 23:25:00+00:00,61.4,61.4,61.4,61.4,237.0,11.0,61.4
O,2026-09-01 08:00:00+00:00,61.4114,61.46,61.3871,61.41,4382.0,241.0,61.408075
O,2026-09-01 08:30:00+00:00,61.68,61.68,61.58,61.58,426.0,43.0,61.618168
O,2026-09-01 08:40:00+00:00,61.58,61.58,61.45,61.45,4738.0,35.0,61.527792
O,2026-09-01 08:45:00+00:00,61.4,61.4,61.4,61.4,813.0,33.0,61.4
O,2026-09-01 08:55:00+00:00,61.37,61.37,61.37,61.37,105.0,2.0,61.37
O,2026-09-01 09:00:00+00:00,61.38,61.38,61.38,61.38,273.0,2.0,61.38
O,2026-09-01 09:15:00+00:00,61.36,61.36,61.35,61.35,832.0,21.0,61.3525
O,2026-09-01 10:55:00+00:00,61.5,61.5,61.5,61.5,100.0,1.0,61.5
O,2026-09-01 11:30:00+00:00,61.5,61.5,61.5,61.5,288.0,7.0,61.5
O,2026-09-01 11:35:00+00:00,61.49,61.49,61.49,61.49,660.0,15.0,61.49
O,2026-09-01 11:40:00+00:00,61.49,61.49,61.49,61.49,327.0,3.0,61.49
O,2026-09-01 11:50:00+00:00,61.49,61.49,61.49,61.49,302.0,3.0,61.49
O,2026-09-01 11:55:00+00:00,61.5,61.5,61.5,61.5,310.0,7.0,61.5
O,2026-09-01 12:10:00+00:00,61.5,61.5,61.49,61.49,4322.0,40.0,61.490252
O,2026-09-01 12:15:00+00:00,61.5,61.5,61.4378,61.47,3840.0,20.0,61.46581
O,2026-09-01 12:20:00+00:00,61.45,61.45,61.45,61.45,235.0,11.0,61.45
O,2026-09-01 12:30:00+00:00,61.48,61.48,61.48,61.48,121.0,2.0,61.48
O,2026-09-01 12:50:00+00:00,61.52,61.58,61.52,61.58,298.0,9.0,61.55
O,2026-09-01 12:55:00+00:00,61.53,61.53,61.53,61.53,709.0,2.0,61.53
O,2026-09-01 13:00:00+00:00,61.54,61.59,61.54,61.59,1064.0,24.0,61.555395
O,2026-09-01 13:05:00+00:00,61.55,61.55,61.55,61.55,113.0,5.0,61.55
O,2026-09-01 13:10:00+00:00,61.55,61.574,61.48,61.48,3136.0,70.0,61.5334
O,2026-09-01 13:15:00+00:00,61.49,61.49,61.48,61.48,1104.0,26.0,61.481247
O,2026-09-01 13:20:00+00:00,61.47,61.54,61.4003,61.4003,3147.0,88.0,61.495989
O,2026-09-01 13:25:00+00:00,61.48,61.48,61.4114,61.4114,1153.0,20.0,61.441473
O,2026-09-01 13:30:00+00:00,61.49,61.83,61.48,61.75,149774.0,2963.0,61.608991
O,2026-09-01 13:35:00+00:00,61.745,61.8,61.53,61.53,74466.0,1485.0,61.647875
O,2026-09-01 13:40:00+00:00,61.52,61.63,61.38,61.46,113022.0,1805.0,61.484628
O,2026-09-01 13:45:00+00:00,61.43,61.43,61.32,61.34,53550.0,939.0,61.376435
O,2026-09-01 13:50:00+00:00,61.34,61.43,61.305,61.345,69658.0,998.0,61.360975
O,2026-09-01 13:55:00+00:00,61.34,61.49,61.33,61.47,127245.0,1995.0,61.439711
O,2026-09-01 14:00:00+00:00,61.46,61.59,61.46,61.5617,131826.0,1308.0,61.526223
O,2026-09-01 14:05:00+00:00,61.57,61.58,61.48,61.5,52336.0,1080.0,61.535002
O,2026-09-01 14:10:00+00:00,61.49,61.5,61.46,61.465,30723.0,995.0,61.477212
O,2026-09-01 14:15:00+00:00,61.46,61.48,61.4,61.43,53225.0,1234.0,61.443373
O,2026-09-01 14:20:00+00:00,61.41,61.44,61.34,61.435,67622.0,1457.0,61.394614
O,2026-09-01 14:25:00+00:00,61.43,61.52,61.42,61.4938,254276.0,1384.0,61.475922
O,2026-09-01 14:30:00+00:00,61.5,61.545,61.485,61.5,77132.0,1364.0,61.503284
O,2026-09-01 14:35:00+00:00,61.49,61.51,61.4797,61.49,54029.0,1208.0,61.492008
O,2026-09-01 14:40:00+00:00,61.485,61.49,61.43,61.445,39018.0,1035.0,61.46867
O,2026-09-01 14:45:00+00:00,61.445,61.455,61.345,61.35,36910.0,1176.0,61.397286
O,2026-09-01 14:50:00+00:00,61.345,61.42,61.345,61.42,42986.0,1051.0,61.386406
O,2026-09-01 14:55:00+00:00,61.42,61.495,61.41,61.45,79683.0,1373.0,61.451237
O,2026-09-01 15:00:00+00:00,61.45,61.485,61.41,61.4601,29482.0,936.0,61.451188
O,2026-09-01 15:05:00+00:00,61.47,61.58,61.46,61.535,36067.0,1042.0,61.535367
O,2026-09-01 15:10:00+00:00,61.535,61.57,61.495,61.495,50488.0,1137.0,61.52979
O,2026-09-01 15:15:00+00:00,61.495,61.53,61.425,61.505,69327.0,1214.0,61.495609
O,2026-09-01 15:20:00+00:00,61.5,61.54,61.47,61.5,60770.0,1165.0,61.501626
O,2026-09-01 15:25:00+00:00,61.51,61.59,61.49,61.58,53133.0,1117.0,61.550342
O,2026-09-01 15:30:00+00:00,61.575,61.59,61.5538,61.56,38034.0,972.0,61.569258
O,2026-09-01 15:35:00+00:00,61.545,61.56,61.525,61.555,31024.0,864.0,61.54254
O,2026-09-01 15:40:00+00:00,61.56,61.56,61.485,61.5,28643.0,905.0,61.520597
O,2026-09-01 15:45:00+00:00,61.5,61.5,61.45,61.46,24659.0,743.0,61.471538
O,2026-09-01 15:50:00+00:00,61.45,61.465,61.41,61.42,29113.0,876.0,61.437971
O,2026-09-01 15:55:00+00:00,61.425,61.435,61.4,61.41,33023.0,902.0,61.414309
O,2026-09-01 16:00:00+00:00,61.415,61.445,61.385,61.39,36472.0,890.0,61.42552
O,2026-09-01 16:05:00+00:00,61.395,61.4,61.335,61.36,51769.0,1082.0,61.366453
O,2026-09-01 16:10:00+00:00,61.3585,61.365,61.305,61.34,50920.0,1023.0,61.335437
O,2026-09-01 16:15:00+00:00,61.335,61.385,61.3313,61.355,39887.0,633.0,61.354806
O,2026-09-01 16:20:00+00:00,61.3505,61.36,61.335,61.34,25403.0,594.0,61.344458
O,2026-09-01 16:25:00+00:00,61.34,61.395,61.33,61.39,44976.0,775.0,61.35996
O,2026-09-01 16:30:00+00:00,61.3865,61.4499,61.375,61.44,34653.0,564.0,61.411954
O,2026-09-01 16:35:00+00:00,61.4434,61.47,61.42,61.45,23316.0,523.0,61.443262
O,2026-09-01 16:40:00+00:00,61.47,61.48,61.44,61.45,24951.0,610.0,61.465742
O,2026-09-01 16:45:00+00:00,61.45,61.465,61.41,61.415,20927.0,471.0,61.446143
O,2026-09-01 16:50:00+00:00,61.42,61.44,61.395,61.405,64717.0,672.0,61.412432
O,2026-09-01 16:55:00+00:00,61.4,61.4,61.35,61.36,16570.0,479.0,61.374523
O,2026-09-01 17:00:00+00:00,61.36,61.395,61.33,61.34,37606.0,607.0,61.35767
O,2026-09-01 17:05:00+00:00,61.35,61.375,61.33,61.33,25405.0,482.0,61.353475
O,2026-09-01 17:10:00+00:00,61.3201,61.355,61.32,61.355,20338.0,406.0,61.334529
O,2026-09-01 17:15:00+00:00,61.35,61.3792,61.33,61.335,34631.0,532.0,61.358496
O,2026-09-01 17:20:00+00:00,61.335,61.345,61.3,61.305,32279.0,603.0,61.328111
O,2026-09-01 17:25:00+00:00,61.31,61.33,61.285,61.295,34727.0,845.0,61.309168
O,2026-09-01 17:30:00+00:00,61.29,61.29,61.26,61.26,30016.0,771.0,61.277023
O,2026-09-01 17:35:00+00:00,61.27,61.3,61.26,61.285,24742.0,541.0,61.276771
O,2026-09-01 17:40:00+00:00,61.285,61.35,61.285,61.35,29969.0,521.0,61.324031
O,2026-09-01 17:45:00+00:00,61.355,61.36,61.32,61.335,24316.0,1190.0,61.343712
O,2026-09-01 17:50:00+00:00,61.335,61.335,61.3,61.3,18706.0,488.0,61.314446
O,2026-09-01 17:55:00+00:00,61.295,61.3,61.235,61.265,79007.0,958.0,61.259254
O,2026-09-01 18:00:00+00:00,61.265,61.28,61.24,61.28,30169.0,632.0,61.256765
O,2026-09-01 18:05:00+00:00,61.27,61.27,61.24,61.255,18369.0,434.0,61.256263
O,2026-09-01 18:10:00+00:00,61.251,61.26,61.2031,61.225,66015.0,886.0,61.223023
O,2026-09-01 18:15:00+00:00,61.2201,61.26,61.215,61.235,40067.0,661.0,61.238775
O,2026-09-01 18:20:00+00:00,61.2399,61.255,61.215,61.227,17709.0,468.0,61.237684
O,2026-09-01 18:25:00+00:00,61.225,61.23,61.135,61.145,92839.0,1164.0,61.16711
O,2026-09-01 18:30:00+00:00,61.145,61.15,61.1099,61.1299,64374.0,800.0,61.127948
O,2026-09-01 18:35:00+00:00,61.128,61.165,61.125,61.155,42896.0,655.0,61.150695
O,2026-09-01 18:40:00+00:00,61.15,61.155,61.125,61.135,32048.0,668.0,61.142325
O,2026-09-01 18:45:00+00:00,61.14,61.15,61.105,61.105,56582.0,729.0,61.136825
O,2026-09-01 18:50:00+00:00,61.1,61.115,61.08,61.085,27617.0,758.0,61.096187
O,2026-09-01 18:55:00+00:00,61.085,61.095,61.05,61.0899,37050.0,816.0,61.073655
O,2026-09-01 19:00:00+00:00,61.08,61.1,61.07,61.1,29497.0,618.0,61.08636
O,2026-09-01 19:05:00+00:00,61.105,61.15,61.09,61.135,27396.0,666.0,61.117063
O,2026-09-01 19:10:00+00:00,61.135,61.17,61.12,61.16,33116.0,777.0,61.149408
O,2026-09-01 19:15:00+00:00,61.16,61.21,61.135,61.16,37894.0,829.0,61.176275
O,2026-09-01 19:20:00+00:00,61.1651,61.17,61.125,61.13,30975.0,789.0,61.150015
O,2026-09-01 19:25:00+00:00,61.135,61.15,61.12,61.14,28959.0,751.0,61.138348
O,2026-09-01 19:30:00+00:00,61.15,61.245,61.15,61.2,64226.0,1086.0,61.205857
O,2026-09-01 19:35:00+00:00,61.2,61.23,61.105,61.115,57072.0,1113.0,61.163542
O,2026-09-01 19:40:00+00:00,61.12,61.18,61.12,61.135,65355.0,1130.0,61.150136
O,2026-09-01 19:45:00+00:00,61.14,61.2,61.1125,61.135,81975.0,1395.0,61.168156
O,2026-09-01 19:50:00+00:00,61.14,61.18,61.085,61.1251,138111.0,2138.0,61.127199
O,2026-09-01 19:55:00+00:00,61.125,61.36,61.075,61.355,408648.0,4801.0,61.259251
O,2026-09-01 20:00:00+00:00,61.36,61.36,61.35,61.35,973086.0,94.0,61.359999
O,2026-09-01 20:05:00+00:00,61.36,61.36,61.33,61.33,3427.0,8.0,61.359118
O,2026-09-01 20:10:00+00:00,61.33,61.35,61.33,61.35,1527.0,19.0,61.342
O,2026-09-01 20:15:00+00:00,61.1403,61.1403,61.1403,61.1403,274.0,2.0,61.1403
O,2026-09-01 20:55:00+00:00,61.35,61.35,61.35,61.35,510.0,4.0,61.35
O,2026-09-01 21:20:00+00:00,61.2522,61.2522,61.2522,61.2522,3270.0,1.0,61.2522
O,2026-09-01 21:25:00+00:00,61.2672,61.2672,61.2672,61.2672,324.0,1.0,61.2672
O,2026-09-01 21:40:00+00:00,61.27,61.27,61.27,61.27,200.0,1.0,61.27
O,2026-09-01 22:25:00+00:00,61.36,61.36,61.36,61.36,100.0,1.0,61.36
O,2026-09-01 22:35:00+00:00,61.35,61.35,61.35,61.35,158.0,3.0,61.35
O,2026-09-01 22:40:00+00:00,61.33,61.33,61.33,61.33,174.0,15.0,61.33
O,2026-09-01 23:05:00+00:00,61.34,61.34,61.34,61.34,316.0,1.0,61.34
O,2026-09-01 23:25:00+00:00,61.33,61.33,61.315,61.315,525.0,9.0,61.323065
O,2026-09-01 23:55:00+00:00,61.3439,61.3439,61.3439,61.3439,102.0,2.0,61.3439
O,2026-09-02 08:00:00+00:00,61.41,61.42,61.31,61.42,3761.0,399.0,61.357647
O,2026-09-02 08:15:00+00:00,61.48,61.5,61.48,61.5,602.0,10.0,61.485915
O,2026-09-02 09:30:00+00:00,61.4,61.4,61.4,61.4,108.0,1.0,61.4
O,2026-09-02 10:00:00+00:00,61.41,61.41,61.4,61.4,335.0,5.0,61.403674
O,2026-09-02 10:30:00+00:00,61.42,61.4475,61.42,61.4475,1011.0,24.0,61.439448
O,2026-09-02 10:45:00+00:00,61.4226,61.4226,61.4226,61.4226,315.0,1.0,61.4226
O,2026-09-02 11:00:00+00:00,61.45,61.45,61.45,61.45,369.0,9.0,61.45
O,2026-09-02 11:05:00+00:00,61.44,61.47,61.44,61.47,1463.0,54.0,61.458609
O,2026-09-02 11:25:00+00:00,61.52,61.52,61.52,61.52,673.0,8.0,61.52
O,2026-09-02 11:35:00+00:00,61.55,61.56,61.55,61.56,825.0,22.0,61.551616
O,2026-09-02 12:15:00+00:00,61.53,61.53,61.43,61.43,507.0,2.0,61.510276
O,2026-09-02 12:20:00+00:00,61.53,61.53,61.53,61.53,163.0,4.0,61.53
O,2026-09-02 12:25:00+00:00,61.53,61.53,61.53,61.53,665.0,6.0,61.53
O,2026-09-02 12:30:00+00:00,61.54,61.54,61.54,61.54,465.0,7.0,61.54
O,2026-09-02 12:40:00+00:00,61.54,61.54,61.54,61.54,1635.0,7.0,61.54
O,2026-09-02 12:45:00+00:00,61.5516,61.56,61.5516,61.56,2505.0,7.0,61.554834
O,2026-09-02 12:55:00+00:00,61.543,61.543,61.543,61.543,112.0,4.0,61.543
O,2026-09-02 13:00:00+00:00,61.55,61.55,61.54,61.54,482.0,9.0,61.545942
O,2026-09-02 13:05:00+00:00,61.54,61.54,61.53,61.53,365.0,12.0,61.536656
O,2026-09-02 13:10:00+00:00,61.52,61.52,61.52,61.52,188.0,12.0,61.52
O,2026-09-02 13:15:00+00:00,61.46,61.46,61.44,61.44,542.0,16.0,61.453902
O,2026-09-02 13:20:00+00:00,61.5166,61.5166,61.5166,61.5166,324.0,5.0,61.5166
O,2026-09-02 13:25:00+00:00,61.43,61.7,61.43,61.7,2882.0,43.0,61.623826
O,2026-09-02 13:30:00+00:00,61.56,61.68,60.98,61.07,239413.0,4185.0,61.26425
O,2026-09-02 13:35:00+00:00,61.05,61.185,61.0,61.0787,78488.0,1597.0,61.064378
O,2026-09-02 13:40:00+00:00,61.0808,61.15,61.03,61.14,53721.0,1121.0,61.087203
O,2026-09-02 13:45:00+00:00,61.13,61.13,60.925,60.9294,84126.0,1931.0,61.016771
O,2026-09-02 13:50:00+00:00,60.93,61.06,60.885,61.035,69938.0,1272.0,60.96706
O,2026-09-02 13:55:00+00:00,61.0368,61.04,60.95,60.98,50817.0,1020.0,61.00198
O,2026-09-02 14:00:00+00:00,60.985,61.08,60.97,61.0606,69222.0,1135.0,61.017964
O,2026-09-02 14:05:00+00:00,61.07,61.075,60.92,60.935,35490.0,1210.0,60.975265
O,2026-09-02 14:10:00+00:00,60.92,60.945,60.87,60.94,65600.0,1684.0,60.909121
O,2026-09-02 14:15:00+00:00,60.93,61.025,60.91,61.02,195471.0,1382.0,60.962608
O,2026-09-02 14:20:00+00:00,61.01,61.0495,60.97,61.0395,37942.0,1419.0,61.016334
O,2026-09-02 14:25:00+00:00,61.03,61.09,61.015,61.05,39231.0,1160.0,61.054404
O,2026-09-02 14:30:00+00:00,61.055,61.06,60.985,61.01,50280.0,1355.0,61.010939
O,2026-09-02 14:35:00+00:00,61.01,61.0883,60.945,61.085,49064.0,1251.0,61.003983
O,2026-09-02 14:40:00+00:00,61.085,61.085,60.9906,60.995,83896.0,1419.0,61.027653
O,2026-09-02 14:45:00+00:00,60.99,61.12,60.955,61.115,97470.0,1327.0,61.052286
O,2026-09-02 14:50:00+00:00,61.125,61.187,61.0806,61.187,69676.0,1289.0,61.109809
O,2026-09-02 14:55:00+00:00,61.17,61.315,61.17,61.31,45189.0,1096.0,61.257259
O,2026-09-02 15:00:00+00:00,61.31,61.32,61.24,61.27,43690.0,968.0,61.273508
O,2026-09-02 15:05:00+00:00,61.27,61.29,61.16,61.185,120384.0,1014.0,61.211434
O,2026-09-02 15:10:00+00:00,61.18,61.23,61.165,61.225,61280.0,957.0,61.206794
O,2026-09-02 15:15:00+00:00,61.23,61.365,61.225,61.36,77543.0,1201.0,61.27733
O,2026-09-02 15:20:00+00:00,61.37,61.39,61.334,61.34,28800.0,943.0,61.357507
O,2026-09-02 15:25:00+00:00,61.335,61.38,61.3301,61.36,21332.0,797.0,61.357561
O,2026-09-02 15:30:00+00:00,61.35,61.3794,61.33,61.335,21929.0,818.0,61.358727
O,2026-09-02 15:35:00+00:00,61.34,61.44,61.33,61.41,29447.0,941.0,61.369343
O,2026-09-02 15:40:00+00:00,61.415,61.425,61.3801,61.41,23893.0,800.0,61.411641
O,2026-09-02 15:45:00+00:00,61.405,61.4283,61.4,61.41,18915.0,720.0,61.412442
O,2026-09-02 15:50:00+00:00,61.42,61.43,61.39,61.39,24271.0,812.0,61.416364
O,2026-09-02 15:55:00+00:00,61.365,61.39,61.365,61.385,21268.0,667.0,61.37717
O,2026-09-02 16:00:00+00:00,61.39,61.475,61.375,61.465,27921.0,836.0,61.43254
O,2026-09-02 16:05:00+00:00,61.465,61.51,61.455,61.51,42907.0,865.0,61.481771
O,2026-09-02 16:10:00+00:00,61.505,61.575,61.505,61.57,24313.0,657.0,61.53166
O,2026-09-02 16:15:00+00:00,61.565,61.62,61.565,61.6,25214.0,564.0,61.600731
O,2026-09-02 16:20:00+00:00,61.605,61.67,61.595,61.645,33817.0,567.0,61.62719
O,2026-09-02 16:25:00+00:00,61.64,61.68,61.615,61.635,26426.0,591.0,61.648264
O,2026-09-02 16:30:00+00:00,61.63,61.65,61.605,61.61,15079.0,460.0,61.623002
O,2026-09-02 16:35:00+00:00,61.605,61.61,61.57,61.6001,17542.0,455.0,61.588385
O,2026-09-02 16:40:00+00:00,61.6,61.68,61.6,61.644,41226.0,813.0,61.647618
O,2026-09-02 16:45:00+00:00,61.64,61.655,61.61,61.65,17505.0,456.0,61.632942
O,2026-09-02 16:50:00+00:00,61.645,61.675,61.635,61.655,28024.0,560.0,61.655774
O,2026-09-02 16:55:00+00:00,61.655,61.655,61.615,61.625,26433.0,511.0,61.633289
O,2026-09-02 17:00:00+00:00,61.62,61.68,61.62,61.68,15739.0,477.0,61.653968
O,2026-09-02 17:05:00+00:00,61.6794,61.735,61.67,61.715,25978.0,603.0,61.701402
O,2026-09-02 17:10:00+00:00,61.7,61.7095,61.66,61.665,46356.0,716.0,61.693521
O,2026-09-02 17:15:00+00:00,61.67,61.685,61.64,61.64,19424.0,486.0,61.667745
O,2026-09-02 17:20:00+00:00,61.645,61.655,61.63,61.6338,16892.0,492.0,61.641662
O,2026-09-02 17:25:00+00:00,61.635,61.635,61.585,61.585,17836.0,495.0,61.601414
O,2026-09-02 17:30:00+00:00,61.58,61.62,61.55,61.595,22878.0,651.0,61.578426
O,2026-09-02 17:35:00+00:00,61.585,61.605,61.54,61.545,16396.0,516.0,61.57224
O,2026-09-02 17:40:00+00:00,61.55,61.56,61.52,61.53,75527.0,794.0,61.529285
O,2026-09-02 17:45:00+00:00,61.53,61.565,61.52,61.545,84145.0,1460.0,61.532824
O,2026-09-02 17:50:00+00:00,61.545,61.58,61.545,61.56,22202.0,487.0,61.560496
O,2026-09-02 17:55:00+00:00,61.565,61.59,61.545,61.555,28694.0,630.0,61.566894
O,2026-09-02 18:00:00+00:00,61.56,61.575,61.515,61.53,20275.0,486.0,61.533784
O,2026-09-02 18:05:00+00:00,61.51,61.548,61.5,61.535,28533.0,496.0,61.524493
O,2026-09-02 18:10:00+00:00,61.5301,61.5699,61.5301,61.54,17989.0,465.0,61.55513
O,2026-09-02 18:15:00+00:00,61.5494,61.565,61.54,61.55,21731.0,616.0,61.55483
O,2026-09-02 18:20:00+00:00,61.55,61.56,61.5238,61.56,33564.0,520.0,61.533506
O,2026-09-02 18:25:00+00:00,61.565,61.58,61.545,61.56,42831.0,631.0,61.562896
O,2026-09-02 18:30:00+00:00,61.565,61.5799,61.555,61.5799,34381.0,457.0,61.564787
O,2026-09-02 18:35:00+00:00,61.57,61.6,61.565,61.59,26314.0,450.0,61.578951
O,2026-09-02 18:40:00+00:00,61.595,61.62,61.58,61.605,46650.0,607.0,61.602568
O,2026-09-02 18:45:00+00:00,61.6,61.64,61.59,61.615,41090.0,596.0,61.613428
O,2026-09-02 18:50:00+00:00,61.615,61.62,61.585,61.595,27442.0,488.0,61.601567
O,2026-09-02 18:55:00+00:00,61.595,61.595,61.535,61.545,32458.0,583.0,61.566387
O,2026-09-02 19:00:00+00:00,61.55,61.55,61.5,61.52,20318.0,477.0,61.527856
O,2026-09-02 19:05:00+00:00,61.515,61.55,61.485,61.535,25528.0,602.0,61.512362
O,2026-09-02 19:10:00+00:00,61.545,61.565,61.53,61.545,23386.0,511.0,61.543781
O,2026-09-02 19:15:00+00:00,61.55,61.56,61.465,61.484,33101.0,623.0,61.498833
O,2026-09-02 19:20:00+00:00,61.48,61.48,61.405,61.405,34402.0,700.0,61.43524
O,2026-09-02 19:25:00+00:00,61.415,61.425,61.375,61.395,40585.0,740.0,61.406542
O,2026-09-02 19:30:00+00:00,61.4,61.4406,61.35,61.4,51284.0,979.0,61.396899
O,2026-09-02 19:35:00+00:00,61.41,61.445,61.39,61.425,43934.0,718.0,61.415612
O,2026-09-02 19:40:00+00:00,61.42,61.42,61.355,61.415,80572.0,807.0,61.38508
O,2026-09-02 19:45:00+00:00,61.41,61.418,61.32,61.37,77482.0,1169.0,61.368328
O,2026-09-02 19:50:00+00:00,61.36,61.49,61.34,61.4824,108834.0,1327.0,61.420169
O,2026-09-02 19:55:00+00:00,61.49,61.59,61.48,61.52,336287.0,3678.0,61.541045
O,2026-09-02 20:00:00+00:00,61.5,61.53,61.44,61.53,1466873.0,86.0,61.500036
O,2026-09-02 20:45:00+00:00,61.5055,61.5055,61.5055,61.5055,158.0,4.0,61.5055
O,2026-09-02 20:50:00+00:00,61.5053,61.5053,61.5,61.5,1675.0,18.0,61.501965
O,2026-09-02 20:55:00+00:00,61.46,61.57,61.45,61.57,19478.0,9.0,61.491754
O,2026-09-02 21:05:00+00:00,61.57,61.57,61.57,61.57,148.0,3.0,61.57
O,2026-09-02 21:30:00+00:00,61.5479,61.5479,61.5479,61.5479,328.0,3.0,61.5479
O,2026-09-02 21:55:00+00:00,61.57,61.57,61.57,61.57,2401.0,2.0,61.57
O,2026-09-02 22:05:00+00:00,61.57,61.57,61.57,61.57,201.0,2.0,61.57
O,2026-09-02 23:20:00+00:00,61.4202,61.4202,61.4202,61.4202,500.0,1.0,61.4202
O,2026-09-02 23:30:00+00:00,61.5776,61.5776,61.5776,61.5776,1000.0,1.0,61.5776
O,2026-09-03 08:00:00+00:00,61.56,61.64,61.53,61.58,4325.0,240.0,61.573432
O,2026-09-03 11:00:00+00:00,61.59,61.59,61.59,61.59,288.0,21.0,61.59
O,2026-09-03 11:05:00+00:00,61.6,61.65,61.6,61.65,1617.0,24.0,61.627393
O,2026-09-03 11:20:00+00:00,61.62,61.62,61.6,61.6,1013.0,12.0,61.606237
O,2026-09-03 12:00:00+00:00,61.61,61.62,61.61,61.62,585.0,16.0,61.613655
O,2026-09-03 12:30:00+00:00,61.69,61.69,61.69,61.69,645.0,21.0,61.69
O,2026-09-03 12:45:00+00:00,61.71,61.71,61.71,61.71,517.0,8.0,61.71
O,2026-09-03 12:50:00+00:00,61.69,61.69,61.69,61.69,252.0,7.0,61.69
O,2026-09-03 13:15:00+00:00,61.69,61.69,61.69,61.69,333.0,8.0,61.69
O,2026-09-03 13:20:00+00:00,61.6,61.6,61.6,61.6,240.0,5.0,61.6
O,2026-09-03 13:25:00+00:00,61.6,61.77,61.6,61.77,1769.0,47.0,61.709286
O,2026-09-03 13:30:00+00:00,61.8,61.88,61.65,61.67,114563.0,2347.0,61.802557
O,2026-09-03 13:35:00+00:00,61.66,61.695,61.54,61.54,43138.0,1240.0,61.633254
O,2026-09-03 13:40:00+00:00,61.53,61.5841,61.46,61.46,47382.0,1163.0,61.514842
O,2026-09-03 13:45:00+00:00,61.44,61.475,61.32,61.365,57371.0,1103.0,61.38978
O,2026-09-03 13:50:00+00:00,61.365,61.4461,61.33,61.43,39756.0,1012.0,61.403772
O,2026-09-03 13:55:00+00:00,61.4,61.49,61.3701,61.43,84833.0,894.0,61.440091
O,2026-09-03 14:00:00+00:00,61.44,61.525,61.44,61.505,84704.0,1011.0,61.492926
O,2026-09-03 14:05:00+00:00,61.51,61.645,61.51,61.53,132566.0,1098.0,61.598801
O,2026-09-03 14:10:00+00:00,61.53,61.555,61.44,61.44,35631.0,890.0,61.49894
O,2026-09-03 14:15:00+00:00,61.44,61.48,61.39,61.465,102850.0,1057.0,61.405657
O,2026-09-03 14:20:00+00:00,61.44,61.44,61.36,61.39,49222.0,1059.0,61.393796
O,2026-09-03 14:25:00+00:00,61.38,61.45,61.38,61.41,38586.0,935.0,61.410418
O,2026-09-03 14:30:00+00:00,61.41,61.41,61.375,61.3997,32106.0,1034.0,61.39033
O,2026-09-03 14:35:00+00:00,61.3963,61.3963,61.335,61.38,34181.0,1047.0,61.360501
O,2026-09-03 14:40:00+00:00,61.38,61.495,61.38,61.49,21189.0,961.0,61.442893
O,2026-09-03 14:45:00+00:00,61.48,61.56,61.48,61.549,30330.0,897.0,61.522311
O,2026-09-03 14:50:00+00:00,61.54,61.58,61.525,61.575,33843.0,978.0,61.558776
O,2026-09-03 14:55:00+00:00,61.58,61.59,61.51,61.54,70363.0,1251.0,61.564057
O,2026-09-03 15:00:00+00:00,61.51,61.645,61.51,61.645,41692.0,931.0,61.581749
O,2026-09-03 15:05:00+00:00,61.645,61.72,61.6336,61.69,27654.0,978.0,61.675298
O,2026-09-03 15:10:00+00:00,61.69,61.805,61.665,61.805,43737.0,1081.0,61.734098
O,2026-09-03 15:15:00+00:00,61.805,61.86,61.8034,61.855,28863.0,972.0,61.82775
O,2026-09-03 15:20:00+00:00,61.855,61.882,61.81,61.88,34869.0,988.0,61.839962
O,2026-09-03 15:25:00+00:00,61.87,61.915,61.835,61.91,29603.0,1006.0,61.867102
O,2026-09-03 15:30:00+00:00,61.91,61.95,61.89,61.91,29162.0,1009.0,61.924686
O,2026-09-03 15:35:00+00:00,61.9095,61.94,61.86,61.93,165818.0,988.0,61.906907
O,2026-09-03 15:40:00+00:00,61.935,61.97,61.915,61.94,51471.0,975.0,61.94067
O,2026-09-03 15:45:00+00:00,61.93,61.96,61.91,61.93,15491.0,761.0,61.934581
O,2026-09-03 15:50:00+00:00,61.94,61.94,61.845,61.8801,31194.0,934.0,61.890352
O,2026-09-03 15:55:00+00:00,61.89,61.89,61.865,61.88,23523.0,861.0,61.876057
O,2026-09-03 16:00:00+00:00,61.87,61.87,61.815,61.83,26499.0,822.0,61.840288
O,2026-09-03 16:05:00+00:00,61.82,61.82,61.7727,61.785,18351.0,804.0,61.793101
O,2026-09-03 16:10:00+00:00,61.78,61.78,61.7,61.715,21027.0,838.0,61.72918
O,2026-09-03 16:15:00+00:00,61.72,61.73,61.68,61.7001,14498.0,480.0,61.703218
O,2026-09-03 16:20:00+00:00,61.695,61.735,61.6901,61.715,15828.0,508.0,61.719236
O,2026-09-03 16:25:00+00:00,61.725,61.78,61.715,61.75,24359.0,615.0,61.75131
O,2026-09-03 16:30:00+00:00,61.755,61.78,61.755,61.775,11836.0,393.0,61.765893
O,2026-09-03 16:35:00+00:00,61.78,61.83,61.77,61.805,21274.0,559.0,61.805727
O,2026-09-03 16:40:00+00:00,61.825,61.83,61.79,61.825,21287.0,539.0,61.811689
O,2026-09-03 16:45:00+00:00,61.83,61.835,61.78,61.82,93381.0,716.0,61.814169
O,2026-09-03 16:50:00+00:00,61.825,61.88,61.825,61.8722,16280.0,451.0,61.855743
O,2026-09-03 16:55:00+00:00,61.87,61.88,61.84,61.85,20759.0,524.0,61.853775
O,2026-09-03 17:00:00+00:00,61.845,61.87,61.84,61.84,20575.0,396.0,61.851598
O,2026-09-03 17:05:00+00:00,61.85,61.865,61.84,61.855,27486.0,428.0,61.849166
O,2026-09-03 17:10:00+00:00,61.86,61.86,61.825,61.83,35908.0,458.0,61.843185
O,2026-09-03 17:15:00+00:00,61.835,61.835,61.81,61.815,22473.0,480.0,61.825997
O,2026-09-03 17:20:00+00:00,61.815,61.83,61.765,61.785,23601.0,466.0,61.785544
O,2026-09-03 17:25:00+00:00,61.785,61.82,61.77,61.79,31307.0,640.0,61.786368
O,2026-09-03 17:30:00+00:00,61.815,61.815,61.78,61.785,16750.0,515.0,61.794992
O,2026-09-03 17:35:00+00:00,61.785,61.84,61.785,61.815,18636.0,564.0,61.816866
O,2026-09-03 17:40:00+00:00,61.815,61.815,61.78,61.785,22245.0,478.0,61.792321
O,2026-09-03 17:45:00+00:00,61.8,61.825,61.79,61.81,27279.0,913.0,61.802083
O,2026-09-03 17:50:00+00:00,61.805,61.81,61.765,61.7799,20371.0,552.0,61.786001
O,2026-09-03 17:55:00+00:00,61.775,61.8,61.77,61.795,17671.0,480.0,61.789551
O,2026-09-03 18:00:00+00:00,61.795,61.825,61.78,61.785,17162.0,493.0,61.799484
O,2026-09-03 18:05:00+00:00,61.785,61.82,61.78,61.79,32508.0,545.0,61.794026
O,2026-09-03 18:10:00+00:00,61.7836,61.81,61.77,61.78,33059.0,523.0,61.790175
O,2026-09-03 18:15:00+00:00,61.775,61.795,61.745,61.765,32175.0,533.0,61.774011
O,2026-09-03 18:20:00+00:00,61.76,61.775,61.735,61.765,25563.0,531.0,61.747992
O,2026-09-03 18:25:00+00:00,61.7601,61.78,61.75,61.775,25272.0,449.0,61.764836
O,2026-09-03 18:30:00+00:00,61.775,61.78,61.725,61.725,19081.0,444.0,61.754469
O,2026-09-03 18:35:00+00:00,61.73,61.77,61.72,61.76,26440.0,536.0,61.742768
O,2026-09-03 18:40:00+00:00,61.7506,61.77,61.7301,61.765,21834.0,553.0,61.755352
O,2026-09-03 18:45:00+00:00,61.77,61.81,61.77,61.7875,22631.0,591.0,61.789792
O,2026-09-03 18:50:00+00:00,61.785,61.81,61.765,61.795,17803.0,528.0,61.782013
O,2026-09-03 18:55:00+00:00,61.8,61.805,61.78,61.78,16025.0,486.0,61.791885
O,2026-09-03 19:00:00+00:00,61.78,61.81,61.75,61.8,42023.0,763.0,61.774548
O,2026-09-03 19:05:00+00:00,61.805,61.83,61.795,61.82,28995.0,706.0,61.810086
O,2026-09-03 19:10:00+00:00,61.83,61.8594,61.805,61.835,28047.0,756.0,61.831427
O,2026-09-03 19:15:00+00:00,61.84,61.86,61.81,61.825,32450.0,766.0,61.841571
O,2026-09-03 19:20:00+00:00,61.825,61.825,61.775,61.775,27600.0,753.0,61.796787
O,2026-09-03 19:25:00+00:00,61.775,61.8,61.76,61.785,29873.0,824.0,61.783978
O,2026-09-03 19:30:00+00:00,61.78,61.82,61.75,61.755,50722.0,970.0,61.793353
O,2026-09-03 19:35:00+00:00,61.755,61.81,61.75,61.79,37835.0,812.0,61.777362
O,2026-09-03 19:40:00+00:00,61.8,61.805,61.755,61.766,63700.0,996.0,61.771748
O,2026-09-03 19:45:00+00:00,61.765,61.78,61.7,61.755,70540.0,1320.0,61.741871
O,2026-09-03 19:50:00+00:00,61.75,61.785,61.72,61.725,63355.0,1401.0,61.759113
O,2026-09-03 19:55:00+00:00,61.73,61.73,61.655,61.725,190586.0,3546.0,61.695441
O,2026-09-03 20:00:00+00:00,61.74,61.74,61.74,61.74,694330.0,87.0,61.74
O,2026-09-03 20:05:00+00:00,61.74,61.74,61.74,61.74,2275.0,1.0,61.74
O,2026-09-03 20:10:00+00:00,61.8,61.8,61.8,61.8,15222.0,3.0,61.8
O,2026-09-03 22:45:00+00:00,61.6769,61.6769,61.6769,61.6769,108.0,1.0,61.6769
O,2026-09-03 23:05:00+00:00,61.67,61.67,61.67,61.67,128.0,4.0,61.67
O,2026-09-03 23:20:00+00:00,61.76,61.76,61.76,61.76,166.0,3.0,61.76
O,2026-09-04 08:00:00+00:00,61.84,61.9,61.78,61.78,5187.0,224.0,61.859002
O,2026-09-04 09:30:00+00:00,61.73,61.73,61.73,61.73,232.0,11.0,61.73
O,2026-09-04 09:40:00+00:00,61.7,61.7,61.7,61.7,164.0,10.0,61.7
O,2026-09-04 10:05:00+00:00,61.67,61.67,61.67,61.67,172.0,7.0,61.67
O,2026-09-04 10:20:00+00:00,61.74,61.74,61.74,61.74,300.0,2.0,61.74
O,2026-09-04 10:50:00+00:00,61.74,61.76,61.74,61.76,866.0,13.0,61.747639
O,2026-09-04 11:05:00+00:00,61.73,61.73,61.7,61.7,1807.0,17.0,61.710469
O,2026-09-04 11:30:00+00:00,61.6817,61.6817,61.6817,61.6817,508.0,1.0,61.6817
O,2026-09-04 11:40:00+00:00,61.74,61.74,61.74,61.74,300.0,1.0,61.74
O,2026-09-04 11:50:00+00:00,61.72,61.72,61.72,61.72,944.0,8.0,61.72
O,2026-09-04 11:55:00+00:00,61.71,61.7288,61.71,61.7288,439.0,9.0,61.715629
O,2026-09-04 12:05:00+00:00,61.7021,61.7021,61.7021,61.7021,355.0,5.0,61.7021
O,2026-09-04 12:15:00+00:00,61.7,61.7,61.7,61.7,282.0,38.0,61.7
O,2026-09-04 12:30:00+00:00,61.67,61.67,61.65,61.65,1076.0,50.0,61.652222
O,2026-09-04 12:45:00+00:00,61.64,61.69,61.64,61.69,665.0,22.0,61.678208
O,2026-09-04 12:50:00+00:00,61.6464,61.6464,61.6464,61.6464,181.0,3.0,61.6464
O,2026-09-04 13:05:00+00:00,61.62,61.62,61.62,61.62,512.0,33.0,61.62
O,2026-09-04 13:10:00+00:00,61.6163,61.6163,61.6163,61.6163,206.0,4.0,61.6163
O,2026-09-04 13:15:00+00:00,61.6,61.6,61.6,61.6,101.0,2.0,61.6
O,2026-09-04 13:20:00+00:00,61.59,61.63,61.55,61.59,1377.0,39.0,61.588428
O,2026-09-04 13:25:00+00:00,61.54,61.6166,61.37,61.37,3657.0,148.0,61.432091
O,2026-09-04 13:30:00+00:00,61.34,61.745,61.27,61.74,139270.0,2639.0,61.415315
O,2026-09-04 13:35:00+00:00,61.74,61.75,61.5203,61.64,85016.0,1511.0,61.672463
O,2026-09-04 13:40:00+00:00,61.6349,61.71,61.58,61.625,49897.0,982.0,61.651691
O,2026-09-04 13:45:00+00:00,61.62,61.66,61.51,61.525,217172.0,2259.0,61.616555
O,2026-09-04 13:50:00+00:00,61.52,61.58,61.51,61.565,97655.0,1173.0,61.538846
O,2026-09-04 13:55:00+00:00,61.565,61.57,61.4,61.43,53205.0,1249.0,61.483538
O,2026-09-04 14:00:00+00:00,61.42,61.5925,61.41,61.5925,99658.0,1254.0,61.535941
O,2026-09-04 14:05:00+00:00,61.6,61.7099,61.6,61.6794,48813.0,901.0,61.646775
O,2026-09-04 14:10:00+00:00,61.67,61.68,61.625,61.645,60928.0,1213.0,61.652425
O,2026-09-04 14:15:00+00:00,61.655,61.7,61.6,61.685,76347.0,1204.0,61.644521
O,2026-09-04 14:20:00+00:00,61.68,61.7181,61.65,61.67,171229.0,1818.0,61.681485
O,2026-09-04 14:25:00+00:00,61.675,61.715,61.52,61.525,527629.0,2577.0,61.66028
O,2026-09-04 14:30:00+00:00,61.525,61.62,61.525,61.605,102655.0,1564.0,61.576367
O,2026-09-04 14:35:00+00:00,61.61,61.61,61.53,61.59,47953.0,1122.0,61.573014
O,2026-09-04 14:40:00+00:00,61.575,61.6458,61.565,61.645,29283.0,976.0,61.608157
O,2026-09-04 14:45:00+00:00,61.645,61.648,61.59,61.6225,40248.0,1171.0,61.620517
O,2026-09-04 14:50:00+00:00,61.6237,61.6251,61.575,61.575,20409.0,846.0,61.60038
O,2026-09-04 14:55:00+00:00,61.575,61.685,61.57,61.67,29664.0,938.0,61.63219
O,2026-09-04 15:00:00+00:00,61.67,61.705,61.655,61.68,22139.0,884.0,61.682946
O,2026-09-04 15:05:00+00:00,61.68,61.73,61.68,61.7299,18668.0,819.0,61.711896
O,2026-09-04 15:10:00+00:00,61.73,61.765,61.71,61.765,19929.0,851.0,61.749175
O,2026-09-04 15:15:00+00:00,61.775,61.83,61.77,61.78,33832.0,960.0,61.80389
O,2026-09-04 15:20:00+00:00,61.775,61.815,61.77,61.79,20659.0,952.0,61.788226
O,2026-09-04 15:25:00+00:00,61.8,61.83,61.79,61.805,22604.0,875.0,61.818022
O,2026-09-04 15:30:00+00:00,61.805,61.82,61.765,61.77,33290.0,1141.0,61.798868
O,2026-09-04 15:35:00+00:00,61.7775,61.78,61.71,61.75,25963.0,867.0,61.750653
O,2026-09-04 15:40:00+00:00,61.74,61.78,61.67,61.77,133848.0,961.0,61.720678
O,2026-09-04 15:45:00+00:00,61.7698,61.805,61.7519,61.7519,18288.0,849.0,61.784729
O,2026-09-04 15:50:00+00:00,61.75,61.785,61.745,61.775,20008.0,772.0,61.760185
O,2026-09-04 15:55:00+00:00,61.77,61.8,61.6701,61.68,52673.0,1200.0,61.755515
O,2026-09-04 16:00:00+00:00,61.68,61.725,61.67,61.725,20852.0,798.0,61.702255
O,2026-09-04 16:05:00+00:00,61.72,61.7594,61.7,61.73,21921.0,785.0,61.727689
O,2026-09-04 16:10:00+00:00,61.73,61.74,61.72,61.725,15464.0,587.0,61.733754
O,2026-09-04 16:15:00+00:00,61.73,61.81,61.725,61.775,25694.0,619.0,61.767896
O,2026-09-04 16:20:00+00:00,61.775,61.81,61.775,61.795,46755.0,631.0,61.802868
O,2026-09-04 16:25:00+00:00,61.8,61.81,61.77,61.778,74267.0,791.0,61.802248
O,2026-09-04 16:30:00+00:00,61.7747,61.775,61.7306,61.745,18611.0,530.0,61.752429
O,2026-09-04 16:35:00+00:00,61.745,61.75,61.68,61.685,14822.0,497.0,61.715525
O,2026-09-04 16:40:00+00:00,61.68,61.685,61.615,61.62,31896.0,751.0,61.645553
O,2026-09-04 16:45:00+00:00,61.6194,61.66,61.6194,61.645,13661.0,495.0,61.64374
O,2026-09-04 16:50:00+00:00,61.645,61.645,61.615,61.62,17649.0,572.0,61.632856
O,2026-09-04 16:55:00+00:00,61.615,61.635,61.58,61.59,16305.0,540.0,61.596346
O,2026-09-04 17:00:00+00:00,61.58,61.58,61.54,61.54,23959.0,629.0,61.558073
O,2026-09-04 17:05:00+00:00,61.545,61.565,61.53,61.545,18482.0,502.0,61.544348
O,2026-09-04 17:10:00+00:00,61.54,61.55,61.525,61.525,18037.0,468.0,61.54129
O,2026-09-04 17:15:00+00:00,61.52,61.525,61.495,61.495,27148.0,643.0,61.503692
O,2026-09-04 17:20:00+00:00,61.4994,61.535,61.48,61.525,19245.0,516.0,61.516747
O,2026-09-04 17:25:00+00:00,61.53,61.53,61.455,61.455,29047.0,637.0,61.507442
O,2026-09-04 17:30:00+00:00,61.45,61.45,61.41,61.42,33350.0,730.0,61.425145
O,2026-09-04 17:35:00+00:00,61.425,61.445,61.39,61.39,16991.0,703.0,61.41761
O,2026-09-04 17:40:00+00:00,61.385,61.405,61.37,61.37,20347.0,592.0,61.392923
O,2026-09-04 17:45:00+00:00,61.365,61.375,61.36,61.365,14945.0,1156.0,61.368038
O,2026-09-04 17:50:00+00:00,61.36,61.3799,61.35,61.3706,15383.0,489.0,61.369779
O,2026-09-04 17:55:00+00:00,61.37,61.38,61.325,61.335,36419.0,720.0,61.353235
O,2026-09-04 18:00:00+00:00,61.335,61.4,61.335,61.4,349424.0,687.0,61.341841
O,2026-09-04 18:05:00+00:00,61.395,61.395,61.3,61.315,26966.0,703.0,61.331542
O,2026-09-04 18:10:00+00:00,61.31,61.42,61.305,61.41,67954.0,921.0,61.35319
O,2026-09-04 18:15:00+00:00,61.41,61.4399,61.4,61.43,16574.0,450.0,61.42336
O,2026-09-04 18:20:00+00:00,61.42,61.4299,61.395,61.4,17466.0,522.0,61.411758
O,2026-09-04 18:25:00+00:00,61.4,61.425,61.395,61.425,40649.0,569.0,61.409855
O,2026-09-04 18:30:00+00:00,61.425,61.425,61.365,61.405,14666.0,508.0,61.39692
O,2026-09-04 18:35:00+00:00,61.4,61.4,61.375,61.385,11315.0,407.0,61.383434
O,2026-09-04 18:40:00+00:00,61.385,61.405,61.37,61.375,13893.0,529.0,61.383716
O,2026-09-04 18:45:00+00:00,61.375,61.415,61.375,61.415,19861.0,578.0,61.392594
O,2026-09-04 18:50:00+00:00,61.4114,61.42,61.395,61.395,15034.0,452.0,61.405341
O,2026-09-04 18:55:00+00:00,61.395,61.425,61.395,61.4062,19454.0,547.0,61.405147
O,2026-09-04 19:00:00+00:00,61.4001,61.415,61.385,61.39,12422.0,484.0,61.395803
O,2026-09-04 19:05:00+00:00,61.4,61.405,61.345,61.405,17114.0,618.0,61.373092
O,2026-09-04 19:10:00+00:00,61.4014,61.44,61.4,61.435,24655.0,612.0,61.420519
O,2026-09-04 19:15:00+00:00,61.43,61.43,61.385,61.425,21814.0,570.0,61.413967
O,2026-09-04 19:20:00+00:00,61.425,61.47,61.42,61.445,38922.0,777.0,61.438596
O,2026-09-04 19:25:00+00:00,61.45,61.4899,61.445,61.48,25758.0,657.0,61.474124
O,2026-09-04 19:30:00+00:00,61.48,61.48,61.39,61.395,28935.0,751.0,61.425598
O,2026-09-04 19:35:00+00:00,61.395,61.42,61.36,61.38,30794.0,895.0,61.388913
O,2026-09-04 19:40:00+00:00,61.38,61.45,61.38,61.45,37703.0,862.0,61.425611
O,2026-09-04 19:45:00+00:00,61.44,61.44,61.36,61.375,100747.0,1620.0,61.39503
O,2026-09-04 19:50:00+00:00,61.375,61.375,61.23,61.275,135950.0,2250.0,61.286969
O,2026-09-04 19:55:00+00:00,61.28,61.315,61.145,61.245,309071.0,4533.0,61.221044
O,2026-09-04 20:00:00+00:00,61.24,61.47,61.24,61.31,752693.0,129.0,61.25
O,2026-09-04 20:05:00+00:00,61.27,61.27,61.26,61.26,1030.0,8.0,61.260978
O,2026-09-04 20:15:00+00:00,61.305,61.3499,61.25,61.27,3949.0,29.0,61.272201
O,2026-09-04 20:20:00+00:00,61.2938,61.2938,61.2938,61.2938,307.0,8.0,61.2938
O,2026-09-04 20:30:00+00:00,61.33,61.35,61.25,61.25,1359.0,19.0,61.276377
O,2026-09-04 20:35:00+00:00,61.34,61.34,61.34,61.34,133.0,3.0,61.34
O,2026-09-04 20:40:00+00:00,61.35,61.35,61.35,61.35,100.0,1.0,61.35
O,2026-09-04 20:50:00+00:00,61.32,61.32,61.3,61.3,504.0,12.0,61.306667
O,2026-09-04 21:00:00+00:00,61.3376,61.3376,61.3376,61.3376,1606.0,4.0,61.3376
O,2026-09-04 21:10:00+00:00,61.3433,61.3433,61.3433,61.3433,145.0,3.0,61.3433
O,2026-09-04 21:20:00+00:00,61.34,61.34,61.34,61.34,110.0,2.0,61.34
O,2026-09-04 21:25:00+00:00,61.34,61.34,61.34,61.34,214.0,13.0,61.34
O,2026-09-04 21:35:00+00:00,61.35,61.35,61.35,61.35,105.0,2.0,61.35
O,2026-09-04 21:45:00+00:00,61.3482,61.3482,61.3482,61.3482,202.0,3.0,61.3482
O,2026-09-04 21:50:00+00:00,61.31,61.31,61.3,61.3,1355.0,23.0,61.302449
O,2026-09-04 21:55:00+00:00,61.3,61.3,61.3,61.3,210.0,7.0,61.3
O,2026-09-04 22:10:00+00:00,61.34,61.34,61.34,61.34,300.0,1.0,61.34
O,2026-09-04 22:30:00+00:00,61.2824,61.3376,61.2824,61.3376,566.0,8.0,61.317708
O,2026-09-04 22:35:00+00:00,61.2824,61.2824,61.2824,61.2824,200.0,1.0,61.2824
O,2026-09-04 22:50:00+00:00,61.3499,61.3499,61.3499,61.3499,106.0,3.0,61.3499
O,2026-09-04 23:15:00+00:00,61.35,61.35,61.35,61.35,500.0,1.0,61.35
O,2026-09-04 23:50:00+00:00,61.35,61.35,61.35,61.35,105.0,2.0,61.35
O,2026-09-04 23:55:00+00:00,61.32,61.32,61.32,61.32,293.0,4.0,61.32
O,2026-09-08 08:00:00+00:00,61.27,61.45,61.22,61.34,14371.0,488.0,61.326823
O,2026-09-08 08:05:00+00:00,61.37,61.37,61.37,61.37,108.0,5.0,61.37
O,2026-09-08 08:20:00+00:00,61.4,61.4,61.4,61.4,1968.0,1.0,61.4
O,2026-09-08 08:30:00+00:00,61.34,61.34,61.34,61.34,204.0,13.0,61.34
O,2026-09-08 09:45:00+00:00,61.32,61.32,61.29,61.29,2445.0,50.0,61.308003
O,2026-09-08 09:50:00+00:00,61.31,61.31,61.28,61.28,958.0,23.0,61.288972
O,2026-09-08 10:10:00+00:00,61.38,61.38,61.38,61.38,1150.0,7.0,61.38
O,2026-09-08 10:25:00+00:00,61.32,61.32,61.32,61.32,231.0,8.0,61.32
O,2026-09-08 10:30:00+00:00,61.28,61.28,61.28,61.28,209.0,6.0,61.28
O,2026-09-08 10:35:00+00:00,61.3,61.3,61.3,61.3,245.0,4.0,61.3
O,2026-09-08 10:55:00+00:00,61.27,61.27,61.27,61.27,574.0,32.0,61.27
O,2026-09-08 11:00:00+00:00,61.3,61.3,61.3,61.3,884.0,50.0,61.3
O,2026-09-08 11:05:00+00:00,61.277,61.277,61.277,61.277,449.0,6.0,61.277
O,2026-09-08 11:10:00+00:00,61.26,61.26,61.22,61.22,3024.0,158.0,61.245665
O,2026-09-08 11:15:00+00:00,61.3237,61.3237,61.3237,61.3237,175.0,4.0,61.3237
O,2026-09-08 11:25:00+00:00,61.21,61.25,61.2016,61.2493,12967.0,14.0,61.249116
O,2026-09-08 11:30:00+00:00,61.2,61.2,61.2,61.2,391.0,2.0,61.2
O,2026-09-08 11:35:00+00:00,61.2481,61.25,61.1889,61.1889,3081.0,12.0,61.241739
O,2026-09-08 11:45:00+00:00,61.25,61.25,61.25,61.25,431.0,13.0,61.25
O,2026-09-08 11:50:00+00:00,61.26,61.31,61.26,61.29,2082.0,12.0,61.29854
O,2026-09-08 12:00:00+00:00,61.2,61.2,61.2,61.2,1310.0,39.0,61.2
O,2026-09-08 12:05:00+00:00,61.3322,61.3322,61.3322,61.3322,225.0,4.0,61.3322
O,2026-09-08 12:10:00+00:00,61.2,61.2,61.2,61.2,1310.0,17.0,61.2
O,2026-09-08 12:15:00+00:00,61.2,61.2,61.2,61.2,531.0,12.0,61.2
O,2026-09-08 12:30:00+00:00,61.23,61.27,61.19,61.19,3226.0,24.0,61.259748
O,2026-09-08 12:40:00+00:00,61.2053,61.23,61.2053,61.23,227.0,12.0,61.21765
O,2026-09-08 12:45:00+00:00,61.2,61.2015,61.1927,61.2015,1416.0,7.0,61.194849
O,2026-09-08 12:50:00+00:00,61.23,61.23,61.23,61.23,197.0,10.0,61.23
O,2026-09-08 12:55:00+00:00,61.28,61.2818,61.28,61.2818,1719.0,13.0,61.280106
O,2026-09-08 13:10:00+00:00,61.2,61.24,61.2,61.22,561.0,12.0,61.216009
O,2026-09-08 13:15:00+00:00,61.2,61.25,61.15,61.15,7051.0,207.0,61.17669
O,2026-09-08 13:20:00+00:00,61.17,61.17,61.1,61.15,3173.0,185.0,61.121736
O,2026-09-08 13:25:00+00:00,61.23,61.61,61.08,61.15,4918.0,183.0,61.19144
O,2026-09-08 13:30:00+00:00,61.15,61.55,61.0781,61.255,184743.0,4763.0,61.251539
O,2026-09-08 13:35:00+00:00,61.27,61.37,61.1964,61.23,59148.0,1659.0,61.292131
O,2026-09-08 13:40:00+00:00,61.21,61.43,61.1801,61.415,140286.0,2098.0,61.307765
O,2026-09-08 13:45:00+00:00,61.41,61.46,61.36,61.36,195937.0,2450.0,61.421347
O,2026-09-08 13:50:00+00:00,61.36,61.41,61.3021,61.405,64673.0,1208.0,61.375781
O,2026-09-08 13:55:00+00:00,61.4,61.45,61.37,61.3901,70636.0,1364.0,61.397101
O,2026-09-08 14:00:00+00:00,61.4,61.44,61.325,61.4399,150227.0,2064.0,61.384411
O,2026-09-08 14:05:00+00:00,61.44,61.515,61.435,61.46,100206.0,1377.0,61.462757
O,2026-09-08 14:10:00+00:00,61.46,61.49,61.41,61.43,33501.0,1044.0,61.44665
O,2026-09-08 14:15:00+00:00,61.435,61.53,61.4115,61.53,49152.0,1120.0,61.478613
O,2026-09-08 14:20:00+00:00,61.54,61.6062,61.48,61.595,50359.0,1233.0,61.565434
O,2026-09-08 14:25:00+00:00,61.6,61.645,61.5906,61.63,27838.0,1056.0,61.623414
O,2026-09-08 14:30:00+00:00,61.632,61.655,61.585,61.615,33883.0,1176.0,61.629925
O,2026-09-08 14:35:00+00:00,61.61,61.66,61.605,61.645,46488.0,1073.0,61.645686
O,2026-09-08 14:40:00+00:00,61.64,61.69,61.64,61.665,38017.0,1073.0,61.664843
O,2026-09-08 14:45:00+00:00,61.67,61.68,61.61,61.615,29909.0,1085.0,61.646574
O,2026-09-08 14:50:00+00:00,61.615,61.69,61.61,61.69,30489.0,1046.0,61.651565
O,2026-09-08 14:55:00+00:00,61.69,61.69,61.5501,61.555,23818.0,1006.0,61.631162
O,2026-09-08 15:00:00+00:00,61.56,61.56,61.495,61.525,37623.0,1065.0,61.525098
O,2026-09-08 15:05:00+00:00,61.52,61.555,61.43,61.445,60557.0,1342.0,61.49312
O,2026-09-08 15:10:00+00:00,61.4424,61.445,61.325,61.325,28374.0,1025.0,61.382192
O,2026-09-08 15:15:00+00:00,61.32,61.32,61.255,61.3,44400.0,1250.0,61.283912
O,2026-09-08 15:20:00+00:00,61.3,61.31,61.22,61.235,41345.0,1264.0,61.276656
O,2026-09-08 15:25:00+00:00,61.24,61.29,61.22,61.23,33387.0,991.0,61.255643
O,2026-09-08 15:30:00+00:00,61.2399,61.29,61.22,61.235,81916.0,1360.0,61.245955
O,2026-09-08 15:35:00+00:00,61.24,61.285,61.23,61.255,43137.0,1113.0,61.253208
O,2026-09-08 15:40:00+00:00,61.26,61.3,61.2406,61.295,32760.0,932.0,61.268361
O,2026-09-08 15:45:00+00:00,61.3,61.34,61.29,61.29,35709.0,1034.0,61.317969
O,2026-09-08 15:50:00+00:00,61.29,61.305,61.2699,61.27,19428.0,899.0,61.293661
O,2026-09-08 15:55:00+00:00,61.27,61.31,61.27,61.28,24151.0,998.0,61.288804
O,2026-09-08 16:00:00+00:00,61.275,61.275,61.245,61.27,19364.0,899.0,61.257307
O,2026-09-08 16:05:00+00:00,61.275,61.275,61.2,61.22,126330.0,1509.0,61.225722
O,2026-09-08 16:10:00+00:00,61.215,61.22,61.18,61.21,59355.0,1042.0,61.194907
O,2026-09-08 16:15:00+00:00,61.22,61.23,61.175,61.225,16401.0,929.0,61.198346
O,2026-09-08 16:20:00+00:00,61.225,61.32,61.21,61.275,335898.0,1638.0,61.27002
O,2026-09-08 16:25:00+00:00,61.285,61.34,61.255,61.265,104668.0,1118.0,61.302561
O,2026-09-08 16:30:00+00:00,61.2624,61.3099,61.225,61.305,86903.0,714.0,61.263479
O,2026-09-08 16:35:00+00:00,61.3,61.305,61.2645,61.275,44957.0,516.0,61.278152
O,2026-09-08 16:40:00+00:00,61.2762,61.29,61.25,61.25,29042.0,575.0,61.26781
O,2026-09-08 16:45:00+00:00,61.25,61.25,61.215,61.23,37105.0,724.0,61.229098
O,2026-09-08 16:50:00+00:00,61.23,61.265,61.23,61.24,40588.0,520.0,61.250775
O,2026-09-08 16:55:00+00:00,61.24,61.26,61.215,61.235,26320.0,668.0,61.240457
O,2026-09-08 17:00:00+00:00,61.235,61.235,61.2,61.22,29791.0,681.0,61.211493
O,2026-09-08 17:05:00+00:00,61.23,61.23,61.18,61.22,39422.0,690.0,61.205952
O,2026-09-08 17:10:00+00:00,61.22,61.25,61.205,61.21,25196.0,592.0,61.231587
O,2026-09-08 17:15:00+00:00,61.21,61.21,61.18,61.18,26146.0,635.0,61.19612
O,2026-09-08 17:20:00+00:00,61.18,61.205,61.16,61.205,18747.0,560.0,61.183032
O,2026-09-08 17:25:00+00:00,61.2,61.22,61.17,61.22,17202.0,575.0,61.197866
O,2026-09-08 17:30:00+00:00,61.2199,61.3,61.2199,61.28,133284.0,872.0,61.27156
O,2026-09-08 17:35:00+00:00,61.275,61.285,61.23,61.2362,28658.0,706.0,61.26527
O,2026-09-08 17:40:00+00:00,61.24,61.255,61.17,61.18,36328.0,806.0,61.206517
O,2026-09-08 17:45:00+00:00,61.175,61.19,61.16,61.1701,31855.0,736.0,61.172951
O,2026-09-08 17:50:00+00:00,61.18,61.21,61.175,61.205,31437.0,632.0,61.194125
O,2026-09-08 17:55:00+00:00,61.2092,61.2092,61.16,61.185,49489.0,1904.0,61.187512
O,2026-09-08 18:00:00+00:00,61.185,61.215,61.175,61.19,21003.0,563.0,61.198744
O,2026-09-08 18:05:00+00:00,61.19,61.225,61.19,61.225,18380.0,509.0,61.211485
O,2026-09-08 18:10:00+00:00,61.225,61.235,61.205,61.205,36123.0,587.0,61.215806
O,2026-09-08 18:15:00+00:00,61.21,61.2295,61.19,61.2,36401.0,652.0,61.204508
O,2026-09-08 18:20:00+00:00,61.195,61.195,61.17,61.185,43707.0,661.0,61.182951
O,2026-09-08 18:25:00+00:00,61.185,61.185,61.1,61.1,34639.0,955.0,61.142521
O,2026-09-08 18:30:00+00:00,61.1007,61.15,61.085,61.12,55312.0,865.0,61.112719
O,2026-09-08 18:35:00+00:00,61.12,61.12,61.08,61.115,40154.0,751.0,61.09599
O,2026-09-08 18:40:00+00:00,61.115,61.14,61.095,61.11,44836.0,772.0,61.115266
O,2026-09-08 18:45:00+00:00,61.12,61.13,61.05,61.055,47457.0,990.0,61.087235
O,2026-09-08 18:50:00+00:00,61.055,61.12,61.055,61.1,31481.0,749.0,61.095298
O,2026-09-08 18:55:00+00:00,61.105,61.115,61.085,61.1,39943.0,815.0,61.097933
O,2026-09-08 19:00:00+00:00,61.09,61.09,61.04,61.0551,43743.0,898.0,61.057156
O,2026-09-08 19:05:00+00:00,61.055,61.1,61.03,61.1,55151.0,1008.0,61.061983
O,2026-09-08 19:10:00+00:00,61.105,61.14,61.1,61.105,55133.0,911.0,61.122979
O,2026-09-08 19:15:00+00:00,61.105,61.13,61.085,61.085,36498.0,814.0,61.105283
O,2026-09-08 19:20:00+00:00,61.08,61.125,61.075,61.125,36403.0,796.0,61.108565
O,2026-09-08 19:25:00+00:00,61.12,61.12,61.085,61.12,39117.0,743.0,61.09931
O,2026-09-08 19:30:00+00:00,61.11,61.115,61.07,61.11,58129.0,1096.0,61.093362
O,2026-09-08 19:35:00+00:00,61.105,61.12,61.075,61.115,57359.0,949.0,61.100274
O,2026-09-08 19:40:00+00:00,61.115,61.185,61.115,61.165,86843.0,1253.0,61.15169
O,2026-09-08 19:45:00+00:00,61.16,61.19,61.11,61.13,84230.0,1403.0,61.155149
O,2026-09-08 19:50:00+00:00,61.13,61.13,61.05,61.095,93039.0,1664.0,61.09883
O,2026-09-08 19:55:00+00:00,61.09,61.105,60.95,61.03,446335.0,6538.0,61.023757
O,2026-09-08 20:00:00+00:00,61.02,61.08,61.02,61.07,1128824.0,107.0,61.020064
O,2026-09-08 20:05:00+00:00,61.06,61.06,61.06,61.06,135.0,2.0,61.06
O,2026-09-08 20:15:00+00:00,61.0,61.08,61.0,61.08,1042.0,25.0,61.06036
O,2026-09-08 20:20:00+00:00,61.08,61.08,61.08,61.08,274.0,15.0,61.08
O,2026-09-08 20:25:00+00:00,61.06,61.07,61.0228,61.0228,2675.0,45.0,61.041668
O,2026-09-08 20:35:00+00:00,61.02,61.02,61.02,61.02,346.0,6.0,61.02
O,2026-09-08 20:40:00+00:00,61.0124,61.0124,61.0124,61.0124,102.0,2.0,61.0124
O,2026-09-08 20:45:00+00:00,61.08,61.08,61.08,61.08,175.0,5.0,61.08
O,2026-09-08 20:50:00+00:00,61.05,61.05,61.05,61.05,417.0,13.0,61.05
O,2026-09-08 20:55:00+00:00,61.08,61.08,61.08,61.08,1069.0,18.0,61.08
O,2026-09-08 21:15:00+00:00,61.08,61.08,61.08,61.08,299.0,4.0,61.08
O,2026-09-08 21:20:00+00:00,61.1721,61.1721,61.1721,61.1721,100.0,1.0,61.1721
O,2026-09-08 21:25:00+00:00,61.07,61.2,61.07,61.2,358.0,13.0,61.113333
O,2026-09-08 21:30:00+00:00,61.182,61.182,61.182,61.182,100.0,1.0,61.182
O,2026-09-08 21:40:00+00:00,61.1906,61.1906,61.1906,61.1906,357.0,2.0,61.1906
O,2026-09-08 21:50:00+00:00,61.161,61.161,61.161,61.161,101.0,2.0,61.161
O,2026-09-08 21:55:00+00:00,61.13,61.1896,61.13,61.1896,5081.0,5.0,61.188403
O,2026-09-08 22:05:00+00:00,61.02,61.02,61.02,61.02,167.0,4.0,61.02
O,2026-09-08 22:10:00+00:00,61.14,61.14,61.14,61.14,218.0,5.0,61.14
O,2026-09-08 22:20:00+00:00,61.168,61.168,61.168,61.168,154.0,5.0,61.168
O,2026-09-08 22:30:00+00:00,61.0432,61.0432,61.0432,61.0432,251.0,4.0,61.0432
O,2026-09-08 22:45:00+00:00,61.08,61.17,61.08,61.17,862.0,20.0,61.115055
O,2026-09-08 23:20:00+00:00,61.13,61.13,61.13,61.13,220.0,2.0,61.13
O,2026-09-08 23:30:00+00:00,61.1455,61.1455,61.1,61.1,282.0,4.0,61.12925
O,2026-09-09 08:00:00+00:00,61.04,61.23,61.0,61.04,11639.0,427.0,61.107948
O,2026-09-09 08:20:00+00:00,61.06,61.06,61.06,61.06,384.0,9.0,61.06
O,2026-09-09 08:55:00+00:00,61.0398,61.2103,61.0398,61.2103,1250.0,4.0,61.13605
O,2026-09-09 09:05:00+00:00,61.1,61.1,61.1,61.1,386.0,1.0,61.1
O,2026-09-09 09:25:00+00:00,61.04,61.13,61.04,61.13,890.0,43.0,61.110392
O,2026-09-09 09:40:00+00:00,61.0,61.0,61.0,61.0,198.0,1.0,61.0
O,2026-09-09 10:10:00+00:00,61.0104,61.0104,61.0103,61.0103,830.0,3.0,61.010348
O,2026-09-09 10:15:00+00:00,61.1,61.14,61.1,61.14,743.0,12.0,61.12088
O,2026-09-09 10:25:00+00:00,61.18,61.18,61.18,61.18,300.0,3.0,61.18
O,2026-09-09 10:55:00+00:00,61.18,61.18,61.18,61.18,139.0,1.0,61.18
O,2026-09-09 11:00:00+00:00,61.1696,61.1696,61.1696,61.1696,317.0,11.0,61.1696
O,2026-09-09 11:10:00+00:00,61.15,61.15,61.15,61.15,181.0,3.0,61.15
O,2026-09-09 11:20:00+00:00,61.1922,61.1922,61.1922,61.1922,168.0,2.0,61.1922
O,2026-09-09 11:25:00+00:00,61.1,61.1,61.1,61.1,653.0,29.0,61.1
O,2026-09-09 11:30:00+00:00,61.15,61.15,61.0846,61.0846,2360.0,23.0,61.115242
O,2026-09-09 11:35:00+00:00,61.1245,61.1245,61.1245,61.1245,178.0,10.0,61.1245
O,2026-09-09 11:40:00+00:00,61.13,61.13,61.1,61.1,9125.0,6.0,61.129622
O,2026-09-09 12:00:00+00:00,61.12,61.12,61.12,61.12,301.0,2.0,61.12
O,2026-09-09 12:05:00+00:00,61.1142,61.1858,61.1142,61.1858,285.0,11.0,61.15
O,2026-09-09 12:10:00+00:00,61.11,61.11,61.11,61.11,109.0,5.0,61.11
O,2026-09-09 12:20:00+00:00,61.15,61.15,61.15,61.15,103.0,2.0,61.15
O,2026-09-09 12:25:00+00:00,61.1047,61.1047,61.1047,61.1047,400.0,1.0,61.1047
O,2026-09-09 12:30:00+00:00,61.18,61.19,61.18,61.19,574.0,26.0,61.186429
O,2026-09-09 12:35:00+00:00,61.19,61.19,61.19,61.19,339.0,18.0,61.19
O,2026-09-09 12:40:00+00:00,61.2053,61.2053,61.2053,61.2053,327.0,4.0,61.2053
O,2026-09-09 12:45:00+00:00,61.21,61.21,61.2,61.2,501.0,14.0,61.206601
O,2026-09-09 12:50:00+00:00,61.21,61.21,61.2,61.2,212.0,9.0,61.205
O,2026-09-09 12:55:00+00:00,61.21,61.21,61.21,61.21,197.0,7.0,61.21
O,2026-09-09 13:00:00+00:00,61.205,61.21,61.205,61.21,900.0,4.0,61.209444
O,2026-09-09 13:10:00+00:00,61.2,61.21,61.19,61.21,1438.0,38.0,61.198361
O,2026-09-09 13:15:00+00:00,61.22,61.2346,61.22,61.2346,909.0,14.0,61.228266
O,2026-09-09 13:25:00+00:00,61.1173,61.21,61.1,61.1,1942.0,62.0,61.11624
O,2026-09-09 13:30:00+00:00,61.155,61.31,60.95,61.13,174205.0,3413.0,61.095437
O,2026-09-09 13:35:00+00:00,61.14,61.21,61.06,61.08,53236.0,1202.0,61.145415
O,2026-09-09 13:40:00+00:00,61.0896,61.195,61.04,61.195,61573.0,1053.0,61.088761
O,2026-09-09 13:45:00+00:00,61.2,61.2,61.06,61.12,55020.0,1097.0,61.111156
O,2026-09-09 13:50:00+00:00,61.11,61.16,61.09,61.12,37079.0,882.0,61.120672
O,2026-09-09 13:55:00+00:00,61.13,61.16,61.08,61.16,47824.0,1021.0,61.115633
O,2026-09-09 14:00:00+00:00,61.15,61.215,61.12,61.192,43952.0,1197.0,61.172836
O,2026-09-09 14:05:00+00:00,61.19,61.22,61.155,61.195,51420.0,1148.0,61.196548
O,2026-09-09 14:10:00+00:00,61.19,61.19,61.08,61.08,29405.0,1148.0,61.138062
O,2026-09-09 14:15:00+00:00,61.0899,61.09,61.02,61.03,38045.0,1292.0,61.052023
O,2026-09-09 14:20:00+00:00,61.03,61.05,60.95,60.955,54298.0,1468.0,60.992932
O,2026-09-09 14:25:00+00:00,60.95,60.95,60.825,60.825,63720.0,2417.0,60.886925
O,2026-09-09 14:30:00+00:00,60.825,60.84,60.645,60.66,140840.0,3439.0,60.750287
O,2026-09-09 14:35:00+00:00,60.658,60.658,60.6,60.6073,60532.0,1963.0,60.625749
O,2026-09-09 14:40:00+00:00,60.605,60.62,60.545,60.545,65010.0,2101.0,60.583375
O,2026-09-09 14:45:00+00:00,60.545,60.58,60.5206,60.525,39732.0,1434.0,60.542215
O,2026-09-09 14:50:00+00:00,60.52,60.54,60.4706,60.505,73323.0,2247.0,60.506078
O,2026-09-09 14:55:00+00:00,60.5076,60.585,60.495,60.585,44101.0,1562.0,60.54101
O,2026-09-09 15:00:00+00:00,60.585,60.595,60.475,60.49,86553.0,1935.0,60.535934
O,2026-09-09 15:05:00+00:00,60.485,60.49,60.43,60.4599,77801.0,1836.0,60.456566
O,2026-09-09 15:10:00+00:00,60.45,60.48,60.405,60.415,62859.0,1662.0,60.439189
O,2026-09-09 15:15:00+00:00,60.4122,60.47,60.405,60.42,62125.0,1527.0,60.431633
O,2026-09-09 15:20:00+00:00,60.425,60.505,60.415,60.505,244874.0,1326.0,60.444696
O,2026-09-09 15:25:00+00:00,60.5,60.59,60.495,60.538,72849.0,1618.0,60.551993
O,2026-09-09 15:30:00+00:00,60.54,60.545,60.4,60.4199,98342.0,1835.0,60.461109
O,2026-09-09 15:35:00+00:00,60.415,60.415,60.355,60.3899,65877.0,1704.0,60.379622
O,2026-09-09 15:40:00+00:00,60.3876,60.405,60.305,60.315,52057.0,1497.0,60.355572
O,2026-09-09 15:45:00+00:00,60.315,60.35,60.31,60.335,55292.0,1385.0,60.326163
O,2026-09-09 15:50:00+00:00,60.3319,60.35,60.31,60.325,55879.0,1202.0,60.332605
O,2026-09-09 15:55:00+00:00,60.325,60.34,60.31,60.315,69895.0,1182.0,60.323689
O,2026-09-09 16:00:00+00:00,60.31,60.345,60.285,60.345,89118.0,1451.0,60.311628
O,2026-09-09 16:05:00+00:00,60.3417,60.345,60.29,60.2962,47468.0,1265.0,60.318015
O,2026-09-09 16:10:00+00:00,60.29,60.298,60.25,60.29,103754.0,1415.0,60.269177
O,2026-09-09 16:15:00+00:00,60.29,60.355,60.285,60.315,66357.0,1096.0,60.324863
O,2026-09-09 16:20:00+00:00,60.32,60.36,60.31,60.3575,66625.0,808.0,60.331965
O,2026-09-09 16:25:00+00:00,60.36,60.385,60.3402,60.345,38250.0,892.0,60.357727
O,2026-09-09 16:30:00+00:00,60.345,60.365,60.29,60.306,38307.0,950.0,60.318649
O,2026-09-09 16:35:00+00:00,60.3014,60.305,60.245,60.265,45457.0,1114.0,60.266956
O,2026-09-09 16:40:00+00:00,60.265,60.2894,60.245,60.2599,46873.0,912.0,60.261944
O,2026-09-09 16:45:00+00:00,60.26,60.26,60.23,60.235,34532.0,891.0,60.244278
O,2026-09-09 16:50:00+00:00,60.235,60.235,60.17,60.175,46933.0,1244.0,60.207246
O,2026-09-09 16:55:00+00:00,60.175,60.2099,60.16,60.175,40954.0,861.0,60.185498
O,2026-09-09 17:00:00+00:00,60.18,60.185,60.155,60.1699,54969.0,1017.0,60.168824
O,2026-09-09 17:05:00+00:00,60.17,60.235,60.165,60.165,87224.0,1267.0,60.19729
O,2026-09-09 17:10:00+00:00,60.16,60.215,60.155,60.215,55632.0,960.0,60.189511
O,2026-09-09 17:15:00+00:00,60.215,60.215,60.16,60.165,89011.0,1030.0,60.18724
O,2026-09-09 17:20:00+00:00,60.165,60.205,60.165,60.19,45381.0,852.0,60.192714
O,2026-09-09 17:25:00+00:00,60.185,60.265,60.185,60.26,72229.0,1064.0,60.216695
O,2026-09-09 17:30:00+00:00,60.2652,60.275,60.24,60.245,44290.0,960.0,60.258686
O,2026-09-09 17:35:00+00:00,60.24,60.25,60.2,60.2022,28795.0,802.0,60.222048
O,2026-09-09 17:40:00+00:00,60.2,60.22,60.19,60.195,38552.0,774.0,60.206657
O,2026-09-09 17:45:00+00:00,60.195,60.24,60.195,60.205,38407.0,830.0,60.215162
O,2026-09-09 17:50:00+00:00,60.205,60.245,60.205,60.235,30912.0,1264.0,60.229304
O,2026-09-09 17:55:00+00:00,60.24,60.265,60.22,60.22,40354.0,851.0,60.24811
O,2026-09-09 18:00:00+00:00,60.225,60.25,60.225,60.245,31559.0,734.0,60.239298
O,2026-09-09 18:05:00+00:00,60.245,60.26,60.245,60.255,65939.0,757.0,60.251839
O,2026-09-09 18:10:00+00:00,60.255,60.26,60.215,60.23,34746.0,841.0,60.245027
O,2026-09-09 18:15:00+00:00,60.24,60.29,60.22,60.2806,73495.0,989.0,60.256661
O,2026-09-09 18:20:00+00:00,60.285,60.29,60.24,60.24,29087.0,747.0,60.259518
O,2026-09-09 18:25:00+00:00,60.24,60.27,60.23,60.23,36315.0,827.0,60.244063
O,2026-09-09 18:30:00+00:00,60.235,60.2351,60.195,60.1999,37695.0,906.0,60.212714
O,2026-09-09 18:35:00+00:00,60.195,60.2,60.165,60.185,36002.0,837.0,60.18511
O,2026-09-09 18:40:00+00:00,60.185,60.195,60.165,60.1699,48867.0,838.0,60.180758
O,2026-09-09 18:45:00+00:00,60.165,60.175,60.135,60.135,61398.0,1257.0,60.150575
O,2026-09-09 18:50:00+00:00,60.13,60.13,60.11,60.115,33384.0,901.0,60.119282
O,2026-09-09 18:55:00+00:00,60.115,60.14,60.11,60.125,33463.0,869.0,60.125271
O,2026-09-09 19:00:00+00:00,60.1238,60.155,60.12,60.125,50234.0,834.0,60.137155
O,2026-09-09 19:05:00+00:00,60.125,60.135,60.05,60.135,67557.0,1429.0,60.091614
O,2026-09-09 19:10:00+00:00,60.13,60.185,60.125,60.165,38313.0,814.0,60.162775
O,2026-09-09 19:15:00+00:00,60.17,60.18,60.095,60.12,38551.0,978.0,60.134822
O,2026-09-09 19:20:00+00:00,60.125,60.169,60.12,60.145,44869.0,979.0,60.142876
O,2026-09-09 19:25:00+00:00,60.145,60.1599,60.1301,60.145,50704.0,968.0,60.142403
O,2026-09-09 19:30:00+00:00,60.15,60.1799,60.075,60.095,62349.0,1331.0,60.133509
O,2026-09-09 19:35:00+00:00,60.095,60.15,60.0937,60.115,50279.0,1106.0,60.116214
O,2026-09-09 19:40:00+00:00,60.11,60.12,60.105,60.12,39286.0,1050.0,60.110398
O,2026-09-09 19:45:00+00:00,60.12,60.1575,60.1,60.1575,84209.0,1655.0,60.13432
O,2026-09-09 19:50:00+00:00,60.1694,60.22,60.09,60.2,143386.0,2139.0,60.141198
O,2026-09-09 19:55:00+00:00,60.2,60.25,60.105,60.12,449872.0,5625.0,60.171861
O,2026-09-09 20:00:00+00:00,60.12,60.15,60.11,60.15,1212968.0,119.0,60.110158
O,2026-09-09 20:05:00+00:00,60.2246,60.2246,60.17,60.18,3864.0,19.0,60.188577
O,2026-09-09 20:15:00+00:00,60.21,60.23,60.21,60.23,277.0,11.0,60.219479
O,2026-09-09 20:20:00+00:00,60.23,60.2782,60.23,60.2782,426.0,5.0,60.260125
O,2026-09-09 20:25:00+00:00,60.21,60.21,60.21,60.21,572.0,14.0,60.21
O,2026-09-09 20:30:00+00:00,60.26,60.26,60.26,60.26,144.0,4.0,60.26
O,2026-09-09 20:40:00+00:00,60.2,60.26,60.2,60.26,454.0,37.0,60.227397
O,2026-09-09 20:50:00+00:00,60.25,60.25,60.25,60.25,257.0,18.0,60.25
O,2026-09-09 20:55:00+00:00,60.25,60.25,60.25,60.25,459.0,15.0,60.25
O,2026-09-09 21:10:00+00:00,60.21,60.21,60.21,60.21,231.0,14.0,60.21
O,2026-09-09 21:15:00+00:00,60.1993,60.1993,60.1993,60.1993,110.0,3.0,60.1993
O,2026-09-09 21:20:00+00:00,60.238,60.238,60.238,60.238,188.0,3.0,60.238
O,2026-09-09 21:40:00+00:00,60.24,60.24,60.22,60.22,1102.0,37.0,60.233316
O,2026-09-09 21:50:00+00:00,60.24,60.24,60.24,60.24,186.0,6.0,60.24
O,2026-09-09 22:15:00+00:00,60.26,60.26,60.26,60.26,251.0,10.0,60.26
O,2026-09-09 22:20:00+00:00,60.25,60.25,60.25,60.25,163.0,5.0,60.25
O,2026-09-09 22:30:00+00:00,60.2754,60.2754,60.2546,60.2546,2751.0,5.0,60.256141
O,2026-09-09 22:35:00+00:00,60.22,60.2423,60.22,60.2423,397.0,8.0,60.231667
O,2026-09-09 22:40:00+00:00,60.24,60.24,60.24,60.24,133.0,8.0,60.24
O,2026-09-09 22:45:00+00:00,60.23,60.23,60.23,60.23,103.0,3.0,60.23
O,2026-09-09 22:55:00+00:00,60.2498,60.25,60.2483,60.25,897.0,23.0,60.249634
O,2026-09-09 23:05:00+00:00,60.215,60.215,60.215,60.215,219.0,5.0,60.215
O,2026-09-09 23:15:00+00:00,60.25,60.25,60.25,60.25,301.0,2.0,60.25
O,2026-09-09 23:20:00+00:00,60.2436,60.25,60.2436,60.25,1036.0,5.0,60.2468
O,2026-09-09 23:25:00+00:00,60.25,60.25,60.25,60.25,200.0,1.0,60.25
O,2026-09-09 23:30:00+00:00,60.2456,60.2456,60.2456,60.2456,304.0,4.0,60.2456
O,2026-09-10 08:00:00+00:00,60.4466,60.4466,60.35,60.35,5967.0,323.0,60.358468
O,2026-09-10 08:10:00+00:00,60.33,60.33,60.33,60.33,213.0,3.0,60.33
O,2026-09-10 08:20:00+00:00,60.34,60.34,60.34,60.34,150.0,1.0,60.34
O,2026-09-10 08:35:00+00:00,60.32,60.32,60.32,60.32,753.0,8.0,60.32
O,2026-09-10 09:30:00+00:00,60.34,60.34,60.34,60.34,393.0,2.0,60.34
O,2026-09-10 09:40:00+00:00,60.31,60.31,60.31,60.31,443.0,13.0,60.31
O,2026-09-10 09:45:00+00:00,60.3469,60.3469,60.3469,60.3469,100.0,1.0,60.3469
O,2026-09-10 09:55:00+00:00,60.2931,60.3374,60.2931,60.3374,630.0,4.0,60.314893
O,2026-09-10 10:00:00+00:00,60.3,60.3,60.3,60.3,446.0,13.0,60.3
O,2026-09-10 10:45:00+00:00,60.3358,60.3358,60.3358,60.3358,115.0,1.0,60.3358
O,2026-09-10 11:00:00+00:00,60.3,60.3,60.27,60.27,685.0,38.0,60.281321
O,2026-09-10 11:25:00+00:00,60.26,60.26,60.26,60.26,402.0,2.0,60.26
O,2026-09-10 11:30:00+00:00,60.3,60.3,60.3,60.3,181.0,3.0,60.3
O,2026-09-10 11:45:00+00:00,60.25,60.25,60.25,60.25,250.0,2.0,60.25
O,2026-09-10 11:50:00+00:00,60.2844,60.2844,60.2844,60.2844,307.0,5.0,60.2844
O,2026-09-10 12:05:00+00:00,60.2845,60.3,60.28,60.29,2417.0,35.0,60.291038
O,2026-09-10 12:15:00+00:00,60.3,60.3,60.3,60.3,842.0,12.0,60.3
O,2026-09-10 12:20:00+00:00,60.34,60.34,60.33,60.33,1047.0,31.0,60.332337
O,2026-09-10 12:30:00+00:00,60.3144,60.35,60.3144,60.34,1995.0,31.0,60.338009
O,2026-09-10 12:35:00+00:00,60.39,60.39,60.3336,60.3336,1358.0,14.0,60.383739
O,2026-09-10 12:40:00+00:00,60.39,60.48,60.36,60.48,3192.0,50.0,60.390101
O,2026-09-10 12:45:00+00:00,60.38,60.38,60.38,60.38,604.0,6.0,60.38
O,2026-09-10 12:50:00+00:00,60.43,60.45,60.43,60.45,250.0,12.0,60.44
O,2026-09-10 12:55:00+00:00,60.35,60.38,60.26,60.32,2529.0,106.0,60.288634
O,2026-09-10 13:00:00+00:00,60.4,60.42,60.4,60.4,1231.0,16.0,60.404869
O,2026-09-10 13:05:00+00:00,60.42,60.44,60.42,60.42,1454.0,22.0,60.426376
O,2026-09-10 13:10:00+00:00,60.41,60.41,60.41,60.41,599.0,14.0,60.41
O,2026-09-10 13:15:00+00:00,60.4083,60.4083,60.4083,60.4083,553.0,7.0,60.4083
O,2026-09-10 13:20:00+00:00,60.4338,60.44,60.42,60.42,2262.0,55.0,60.428627
O,2026-09-10 13:25:00+00:00,60.4,60.4,60.4,60.4,203.0,17.0,60.4
O,2026-09-10 13:30:00+00:00,60.3,60.4672,60.16,60.295,197366.0,3411.0,60.290568
O,2026-09-10 13:35:00+00:00,60.31,60.31,60.125,60.14,72436.0,1624.0,60.186588
O,2026-09-10 13:40:00+00:00,60.14,60.23,60.13,60.22,36718.0,979.0,60.184865
O,2026-09-10 13:45:00+00:00,60.22,60.23,60.02,60.025,101725.0,2161.0,60.104683
O,2026-09-10 13:50:00+00:00,60.025,60.155,60.01,60.155,61012.0,1206.0,60.078075
O,2026-09-10 13:55:00+00:00,60.16,60.22,60.12,60.2174,48243.0,1080.0,60.157119
O,2026-09-10 14:00:00+00:00,60.22,60.24,60.14,60.215,69333.0,1403.0,60.207566
O,2026-09-10 14:05:00+00:00,60.213,60.2599,60.13,60.13,73998.0,1567.0,60.204465
O,2026-09-10 14:10:00+00:00,60.14,60.26,60.1,60.105,60650.0,1377.0,60.166836
O,2026-09-10 14:15:00+00:00,60.11,60.2,60.11,60.19,41764.0,1178.0,60.147843
O,2026-09-10 14:20:00+00:00,60.19,60.265,60.19,60.25,57201.0,1325.0,60.230321
O,2026-09-10 14:25:00+00:00,60.25,60.255,60.1,60.16,37015.0,1253.0,60.192241
O,2026-09-10 14:30:00+00:00,60.148,60.18,60.1003,60.15,49862.0,1469.0,60.140512
O,2026-09-10 14:35:00+00:00,60.14,60.15,60.07,60.07,27576.0,1109.0,60.113428
O,2026-09-10 14:40:00+00:00,60.07,60.07,60.015,60.025,41173.0,1261.0,60.032883
O,2026-09-10 14:45:00+00:00,60.02,60.04,59.955,60.04,181511.0,4241.0,60.000902
O,2026-09-10 14:50:00+00:00,60.045,60.08,59.9806,59.9806,40367.0,1269.0,60.026993
O,2026-09-10 14:55:00+00:00,59.98,60.03,59.97,59.975,40514.0,1339.0,59.993618
O,2026-09-10 15:00:00+00:00,59.975,59.985,59.955,59.97,39536.0,1299.0,59.968704
O,2026-09-10 15:05:00+00:00,59.975,59.99,59.87,59.9,89134.0,2410.0,59.92157
O,2026-09-10 15:10:00+00:00,59.895,59.895,59.82,59.83,54733.0,1643.0,59.853921
O,2026-09-10 15:15:00+00:00,59.84,59.9499,59.84,59.935,38840.0,1239.0,59.902188
O,2026-09-10 15:20:00+00:00,59.92,59.93,59.845,59.85,44376.0,1443.0,59.882244
O,2026-09-10 15:25:00+00:00,59.8525,59.8682,59.77,59.7746,56950.0,1914.0,59.80737
O,2026-09-10 15:30:00+00:00,59.775,59.785,59.72,59.741,81562.0,1923.0,59.747062
O,2026-09-10 15:35:00+00:00,59.735,59.75,59.655,59.715,93292.0,2074.0,59.703483
O,2026-09-10 15:40:00+00:00,59.7246,59.755,59.71,59.71,61010.0,1333.0,59.734097
O,2026-09-10 15:45:00+00:00,59.715,59.73,59.685,59.725,82698.0,1383.0,59.703768
O,2026-09-10 15:50:00+00:00,59.72,59.77,59.715,59.75,111079.0,1325.0,59.752332
O,2026-09-10 15:55:00+00:00,59.755,59.755,59.73,59.74,43533.0,1141.0,59.743467
O,2026-09-10 16:00:00+00:00,59.735,59.75,59.71,59.7199,33822.0,1190.0,59.726761
O,2026-09-10 16:05:00+00:00,59.715,59.715,59.6599,59.68,64438.0,1355.0,59.690007
O,2026-09-10 16:10:00+00:00,59.675,59.705,59.67,59.7,32371.0,890.0,59.687926
O,2026-09-10 16:15:00+00:00,59.695,59.705,59.665,59.68,135053.0,879.0,59.680357
O,2026-09-10 16:20:00+00:00,59.685,59.765,59.685,59.7531,72739.0,835.0,59.730167
O,2026-09-10 16:25:00+00:00,59.755,59.78,59.725,59.7506,101227.0,885.0,59.758322
O,2026-09-10 16:30:00+00:00,59.75,59.75,59.6896,59.715,41923.0,983.0,59.717296
O,2026-09-10 16:35:00+00:00,59.7107,59.75,59.695,59.735,82013.0,782.0,59.721135
O,2026-09-10 16:40:00+00:00,59.735,59.74,59.655,59.67,42539.0,1049.0,59.686669
O,2026-09-10 16:45:00+00:00,59.675,59.715,59.66,59.71,44573.0,872.0,59.677863
O,2026-09-10 16:50:00+00:00,59.7,59.71,59.6418,59.65,54231.0,991.0,59.668406
O,2026-09-10 16:55:00+00:00,59.66,59.67,59.65,59.66,24857.0,713.0,59.662314
O,2026-09-10 17:00:00+00:00,59.665,59.69,59.64,59.685,58502.0,988.0,59.654959
O,2026-09-10 17:05:00+00:00,59.685,59.705,59.655,59.6695,32467.0,649.0,59.679199
O,2026-09-10 17:10:00+00:00,59.665,59.73,59.665,59.705,21793.0,621.0,59.704389
O,2026-09-10 17:15:00+00:00,59.705,59.765,59.7,59.75,34519.0,645.0,59.743435
O,2026-09-10 17:20:00+00:00,59.75,59.775,59.745,59.755,78493.0,813.0,59.760201
O,2026-09-10 17:25:00+00:00,59.755,59.76,59.735,59.745,33638.0,734.0,59.748254
O,2026-09-10 17:30:00+00:00,59.745,59.75,59.705,59.72,28604.0,822.0,59.722998
O,2026-09-10 17:35:00+00:00,59.715,59.72,59.66,59.665,27174.0,834.0,59.697596
O,2026-09-10 17:40:00+00:00,59.665,59.665,59.64,59.655,27269.0,742.0,59.655458
O,2026-09-10 17:45:00+00:00,59.655,59.7,59.655,59.7,24880.0,610.0,59.677243
O,2026-09-10 17:50:00+00:00,59.705,59.705,59.675,59.675,21187.0,1027.0,59.689041
O,2026-09-10 17:55:00+00:00,59.675,59.68,59.645,59.645,25907.0,768.0,59.65647
O,2026-09-10 18:00:00+00:00,59.645,59.67,59.63,59.6499,25451.0,756.0,59.64728
O,2026-09-10 18:05:00+00:00,59.645,59.67,59.635,59.665,24422.0,649.0,59.651081
O,2026-09-10 18:10:00+00:00,59.665,59.68,59.63,59.645,28179.0,771.0,59.649758
O,2026-09-10 18:15:00+00:00,59.64,59.64,59.575,59.575,42612.0,1484.0,59.605748
O,2026-09-10 18:20:00+00:00,59.57,59.5995,59.56,59.575,56053.0,859.0,59.573294
O,2026-09-10 18:25:00+00:00,59.575,59.59,59.565,59.575,34029.0,790.0,59.578871
O,2026-09-10 18:30:00+00:00,59.57,59.58,59.5414,59.565,29601.0,888.0,59.558917
O,2026-09-10 18:35:00+00:00,59.56,59.59,59.545,59.575,52610.0,716.0,59.561615
O,2026-09-10 18:40:00+00:00,59.575,59.585,59.55,59.56,41118.0,763.0,59.568115
O,2026-09-10 18:45:00+00:00,59.555,59.555,59.52,59.535,55475.0,1018.0,59.541756
O,2026-09-10 18:50:00+00:00,59.535,59.555,59.5,59.535,72365.0,1033.0,59.527952
O,2026-09-10 18:55:00+00:00,59.535,59.545,59.515,59.515,25474.0,647.0,59.536012
O,2026-09-10 19:00:00+00:00,59.515,59.555,59.505,59.555,68003.0,917.0,59.523653
O,2026-09-10 19:05:00+00:00,59.5506,59.56,59.52,59.545,84036.0,1019.0,59.550637
O,2026-09-10 19:10:00+00:00,59.545,59.545,59.51,59.53,54668.0,916.0,59.524429
O,2026-09-10 19:15:00+00:00,59.525,59.53,59.48,59.4903,162930.0,2378.0,59.494877
O,2026-09-10 19:20:00+00:00,59.495,59.51,59.48,59.5,35301.0,920.0,59.492399
O,2026-09-10 19:25:00+00:00,59.51,59.57,59.51,59.5699,45165.0,939.0,59.537347
O,2026-09-10 19:30:00+00:00,59.565,59.58,59.53,59.545,51511.0,1024.0,59.555927
O,2026-09-10 19:35:00+00:00,59.545,59.59,59.53,59.555,39359.0,944.0,59.554834
O,2026-09-10 19:40:00+00:00,59.5594,59.595,59.535,59.595,48648.0,1093.0,59.56307
O,2026-09-10 19:45:00+00:00,59.59,59.65,59.53,59.65,103601.0,1801.0,59.585634
O,2026-09-10 19:50:00+00:00,59.64,59.65,59.55,59.55,139681.0,2067.0,59.590714
O,2026-09-10 19:55:00+00:00,59.55,59.6,59.53,59.575,386689.0,5060.0,59.565277
O,2026-09-10 20:00:00+00:00,59.57,59.67,59.57,59.67,1019205.0,93.0,59.570021
O,2026-09-10 20:05:00+00:00,59.67,59.67,59.66,59.66,734.0,16.0,59.667238
O,2026-09-10 20:15:00+00:00,59.57,59.67,59.57,59.63,2245.0,11.0,59.640501
O,2026-09-10 20:20:00+00:00,59.63,59.63,59.63,59.63,244.0,8.0,59.63
O,2026-09-10 20:25:00+00:00,59.6567,59.67,59.6567,59.67,404.0,8.0,59.661119
O,2026-09-10 20:30:00+00:00,59.8083,59.8083,59.8083,59.8083,111.0,3.0,59.8083
O,2026-09-10 20:40:00+00:00,59.7,59.7,59.69,59.69,945.0,24.0,59.691348
O,2026-09-10 20:45:00+00:00,59.69,59.71,59.69,59.7,808.0,19.0,59.698039
O,2026-09-10 20:55:00+00:00,59.69,59.73,59.69,59.72,751.0,17.0,59.72
O,2026-09-10 21:00:00+00:00,59.57,59.57,59.57,59.57,1610.0,3.0,59.57
O,2026-09-10 21:05:00+00:00,59.69,59.69,59.68,59.69,885.0,21.0,59.687345
O,2026-09-10 21:20:00+00:00,59.7625,59.7625,59.7625,59.7625,142.0,8.0,59.7625
O,2026-09-10 21:25:00+00:00,59.73,59.73,59.73,59.73,471.0,12.0,59.73
O,2026-09-10 21:35:00+00:00,59.72,59.72,59.72,59.72,277.0,6.0,59.72
O,2026-09-10 21:45:00+00:00,59.68,59.68,59.68,59.68,219.0,6.0,59.68
O,2026-09-10 22:25:00+00:00,59.71,59.71,59.71,59.71,189.0,16.0,59.71
O,2026-09-10 22:35:00+00:00,59.7377,59.7377,59.7377,59.7377,114.0,7.0,59.7377
O,2026-09-10 23:15:00+00:00,59.7,59.75,59.7,59.75,1781.0,26.0,59.703255
O,2026-09-10 23:30:00+00:00,59.75,59.75,59.75,59.75,104.0,4.0,59.75
O,2026-09-10 23:35:00+00:00,59.75,59.75,59.75,59.75,402.0,16.0,59.75
O,2026-09-10 23:45:00+00:00,59.75,59.75,59.75,59.75,371.0,13.0,59.75
O,2026-09-10 23:50:00+00:00,59.77,59.77,59.77,59.77,260.0,4.0,59.77
O,2026-09-10 23:55:00+00:00,59.77,59.77,59.74,59.74,1237.0,13.0,59.751818
O,2026-09-11 08:00:00+00:00,59.8,59.95,58.07,59.86,10248.0,466.0,59.821
O,2026-09-11 08:20:00+00:00,59.94,59.94,59.94,59.94,438.0,20.0,59.94
O,2026-09-11 08:30:00+00:00,59.94,59.94,59.94,59.94,117.0,7.0,59.94
O,2026-09-11 08:35:00+00:00,59.97,60.0,59.93,60.0,1656.0,25.0,59.971753
O,2026-09-11 08:40:00+00:00,59.99,60.01,59.99,60.01,1125.0,15.0,59.997955
O,2026-09-11 08:45:00+00:00,59.93,60.03,59.93,60.03,637.0,24.0,59.961746
O,2026-09-11 08:50:00+00:00,60.01,60.01,60.01,60.01,320.0,3.0,60.01
O,2026-09-11 09:25:00+00:00,59.98,59.98,59.94,59.94,1654.0,73.0,59.959
O,2026-09-11 10:10:00+00:00,59.98,59.99,59.97,59.97,628.0,19.0,59.980068
O,2026-09-11 10:15:00+00:00,60.0,60.0,60.0,60.0,166.0,2.0,60.0
O,2026-09-11 10:55:00+00:00,60.0,60.0,60.0,60.0,102.0,3.0,60.0
O,2026-09-11 11:00:00+00:00,59.98,59.98,59.93,59.93,1097.0,63.0,59.956064
O,2026-09-11 11:05:00+00:00,59.95,59.95,59.95,59.95,1205.0,7.0,59.95
O,2026-09-11 11:15:00+00:00,59.94,59.94,59.94,59.94,1399.0,17.0,59.94
O,2026-09-11 11:20:00+00:00,59.94,59.94,59.94,59.94,251.0,6.0,59.94
O,2026-09-11 11:30:00+00:00,59.9557,59.9557,59.9557,59.9557,330.0,5.0,59.9557
O,2026-09-11 11:40:00+00:00,59.93,59.93,59.89,59.89,1336.0,39.0,59.926154
O,2026-09-11 11:45:00+00:00,59.9098,59.9098,59.9062,59.9062,282.0,7.0,59.90764
O,2026-09-11 11:50:00+00:00,59.9,59.91,59.9,59.91,1009.0,29.0,59.907413
O,2026-09-11 11:55:00+00:00,59.9376,59.9376,59.9376,59.9376,120.0,5.0,59.9376
O,2026-09-11 12:00:00+00:00,59.9367,59.9367,59.9367,59.9367,337.0,5.0,59.9367
O,2026-09-11 12:05:00+00:00,59.93,59.93,59.91,59.92,512.0,10.0,59.917
O,2026-09-11 12:20:00+00:00,59.93,59.95,59.93,59.95,799.0,15.0,59.938929
O,2026-09-11 12:25:00+00:00,59.9599,59.9599,59.9599,59.9599,200.0,1.0,59.9599
O,2026-09-11 12:30:00+00:00,59.97,60.0,59.96,60.0,5723.0,41.0,59.964387
O,2026-09-11 12:35:00+00:00,59.97,59.97,59.95,59.96,925.0,30.0,59.962778
O,2026-09-11 12:40:00+00:00,59.955,59.99,59.95,59.99,993.0,20.0,59.956128
O,2026-09-11 12:45:00+00:00,59.9308,59.98,59.9308,59.98,493.0,7.0,59.951516
O,2026-09-11 12:50:00+00:00,59.92,59.9761,59.91,59.9761,1275.0,67.0,59.93954
O,2026-09-11 12:55:00+00:00,59.9,59.94,59.9,59.94,3318.0,48.0,59.901705
O,2026-09-11 13:00:00+00:00,59.94,59.94,59.87,59.87,939.0,23.0,59.894964
O,2026-09-11 13:10:00+00:00,59.9,59.9,59.87,59.87,2288.0,21.0,59.898515
O,2026-09-11 13:15:00+00:00,59.93,59.93,59.93,59.93,553.0,8.0,59.93
O,2026-09-11 13:20:00+00:00,59.87,59.88,59.86,59.88,991.0,41.0,59.871429
O,2026-09-11 13:25:00+00:00,59.87,59.9812,59.7,59.7,10174.0,354.0,59.777898
O,2026-09-11 13:30:00+00:00,59.69,59.85,59.59,59.655,267886.0,3451.0,59.632808
O,2026-09-11 13:35:00+00:00,59.655,59.67,59.52,59.615,144280.0,2627.0,59.580703
O,2026-09-11 13:40:00+00:00,59.615,59.68,59.46,59.515,142946.0,2034.0,59.584892
O,2026-09-11 13:45:00+00:00,59.515,59.615,59.37,59.375,113496.0,2241.0,59.508683
O,2026-09-11 13:50:00+00:00,59.36,59.44,59.34,59.37,91887.0,1845.0,59.386023
O,2026-09-11 13:55:00+00:00,59.37,59.4472,59.35,59.425,63489.0,1499.0,59.410535
O,2026-09-11 14:00:00+00:00,59.43,59.45,59.345,59.39,96078.0,1990.0,59.3858
O,2026-09-11 14:05:00+00:00,59.37,59.375,59.23,59.26,121331.0,2722.0,59.29088
O,2026-09-11 14:10:00+00:00,59.25,59.305,59.18,59.295,108989.0,2227.0,59.238795
O,2026-09-11 14:15:00+00:00,59.295,59.545,59.295,59.53,63534.0,1523.0,59.459432
O,2026-09-11 14:20:00+00:00,59.535,59.535,59.465,59.48,59556.0,1466.0,59.489276
O,2026-09-11 14:25:00+00:00,59.475,59.5,59.42,59.475,114161.0,1624.0,59.465109
O,2026-09-11 14:30:00+00:00,59.47,59.48,59.41,59.41,69595.0,1825.0,59.454746
O,2026-09-11 14:35:00+00:00,59.4,59.41,59.335,59.39,71276.0,1647.0,59.368834
O,2026-09-11 14:40:00+00:00,59.385,59.43,59.3443,59.425,61174.0,1367.0,59.381258
O,2026-09-11 14:45:00+00:00,59.42,59.49,59.41,59.45,50102.0,1464.0,59.451559
O,2026-09-11 14:50:00+00:00,59.445,59.455,59.3514,59.41,62999.0,1607.0,59.40829
O,2026-09-11 14:55:00+00:00,59.4075,59.4363,59.4,59.415,45037.0,1236.0,59.419926
O,2026-09-11 15:00:00+00:00,59.415,59.425,59.37,59.415,73408.0,1444.0,59.397068
O,2026-09-11 15:05:00+00:00,59.415,59.415,59.365,59.405,49334.0,1374.0,59.397649
O,2026-09-11 15:10:00+00:00,59.4,59.405,59.34,59.355,37733.0,1331.0,59.37372
O,2026-09-11 15:15:00+00:00,59.355,59.395,59.33,59.35,62843.0,1384.0,59.35733
O,2026-09-11 15:20:00+00:00,59.3401,59.38,59.34,59.37,38793.0,1107.0,59.364096
O,2026-09-11 15:25:00+00:00,59.365,59.415,59.3534,59.385,46814.0,1294.0,59.38533
O,2026-09-11 15:30:00+00:00,59.385,59.46,59.385,59.4399,42716.0,1254.0,59.428606
O,2026-09-11 15:35:00+00:00,59.435,59.435,59.39,59.405,37865.0,1123.0,59.404739
O,2026-09-11 15:40:00+00:00,59.405,59.475,59.4,59.475,40502.0,1138.0,59.438043
O,2026-09-11 15:45:00+00:00,59.47,59.515,59.445,59.515,35100.0,1100.0,59.473569
O,2026-09-11 15:50:00+00:00,59.515,59.515,59.46,59.485,42442.0,1228.0,59.476776
O,2026-09-11 15:55:00+00:00,59.485,59.55,59.48,59.54,52912.0,1058.0,59.512512
O,2026-09-11 16:00:00+00:00,59.545,59.5497,59.485,59.485,94753.0,1420.0,59.510301
O,2026-09-11 16:05:00+00:00,59.485,59.5,59.44,59.465,68415.0,1260.0,59.475646
O,2026-09-11 16:10:00+00:00,59.465,59.465,59.425,59.44,44530.0,1213.0,59.442001
O,2026-09-11 16:15:00+00:00,59.45,59.495,59.4445,59.48,38518.0,880.0,59.463163
O,2026-09-11 16:20:00+00:00,59.48,59.5,59.465,59.485,51273.0,865.0,59.47715
O,2026-09-11 16:25:00+00:00,59.49,59.49,59.435,59.47,49474.0,1000.0,59.460451
O,2026-09-11 16:30:00+00:00,59.46,59.54,59.45,59.535,57538.0,874.0,59.510718
O,2026-09-11 16:35:00+00:00,59.535,59.55,59.51,59.515,42342.0,713.0,59.530681
O,2026-09-11 16:40:00+00:00,59.515,59.57,59.51,59.57,79839.0,1203.0,59.537129
O,2026-09-11 16:45:00+00:00,59.565,59.635,59.56,59.615,155653.0,1505.0,59.600573
O,2026-09-11 16:50:00+00:00,59.61,59.665,59.605,59.66,49438.0,842.0,59.633672
O,2026-09-11 16:55:00+00:00,59.665,59.69,59.655,59.6664,38682.0,619.0,59.673366
O,2026-09-11 17:00:00+00:00,59.665,59.6955,59.665,59.675,36499.0,722.0,59.683899
O,2026-09-11 17:05:00+00:00,59.675,59.72,59.6708,59.705,57609.0,683.0,59.698164
O,2026-09-11 17:10:00+00:00,59.7,59.75,59.695,59.735,35502.0,753.0,59.717332
O,2026-09-11 17:15:00+00:00,59.735,59.765,59.71,59.745,97217.0,1172.0,59.750473
O,2026-09-11 17:20:00+00:00,59.745,59.765,59.7405,59.745,30299.0,569.0,59.750225
O,2026-09-11 17:25:00+00:00,59.745,59.775,59.73,59.775,31455.0,711.0,59.747474
O,2026-09-11 17:30:00+00:00,59.775,59.775,59.7299,59.735,55963.0,850.0,59.748609
O,2026-09-11 17:35:00+00:00,59.735,59.74,59.665,59.665,53216.0,859.0,59.69733
O,2026-09-11 17:40:00+00:00,59.66,59.675,59.635,59.675,29976.0,717.0,59.65598
O,2026-09-11 17:45:00+00:00,59.675,59.675,59.643,59.655,37295.0,668.0,59.656708
O,2026-09-11 17:50:00+00:00,59.65,59.675,59.65,59.655,28498.0,1278.0,59.662794
O,2026-09-11 17:55:00+00:00,59.65,59.68,59.6324,59.68,30765.0,697.0,59.644277
O,2026-09-11 18:00:00+00:00,59.685,59.685,59.65,59.66,31415.0,680.0,59.66808
O,2026-09-11 18:05:00+00:00,59.665,59.665,59.64,59.665,29023.0,614.0,59.652941
O,2026-09-11 18:10:00+00:00,59.66,59.72,59.645,59.705,46277.0,861.0,59.68722
O,2026-09-11 18:15:00+00:00,59.695,59.71,59.66,59.67,44296.0,760.0,59.685617
O,2026-09-11 18:20:00+00:00,59.665,59.67,59.585,59.595,66623.0,1030.0,59.622894
O,2026-09-11 18:25:00+00:00,59.595,59.595,59.53,59.545,68561.0,876.0,59.562768
O,2026-09-11 18:30:00+00:00,59.5488,59.59,59.5488,59.565,32082.0,736.0,59.570259
O,2026-09-11 18:35:00+00:00,59.565,59.565,59.51,59.51,69537.0,943.0,59.529004
O,2026-09-11 18:40:00+00:00,59.515,59.52,59.495,59.515,28457.0,847.0,59.509212
O,2026-09-11 18:45:00+00:00,59.515,59.535,59.505,59.505,32917.0,747.0,59.518962
O,2026-09-11 18:50:00+00:00,59.505,59.515,59.485,59.495,97811.0,695.0,59.500897
O,2026-09-11 18:55:00+00:00,59.495,59.535,59.495,59.525,35723.0,843.0,59.514719
O,2026-09-11 19:00:00+00:00,59.525,59.525,59.48,59.505,46275.0,949.0,59.503344
O,2026-09-11 19:05:00+00:00,59.5061,59.515,59.495,59.515,36764.0,807.0,59.508659
O,2026-09-11 19:10:00+00:00,59.515,59.52,59.49,59.495,31443.0,849.0,59.503909
O,2026-09-11 19:15:00+00:00,59.495,59.495,59.465,59.495,51732.0,982.0,59.48376
O,2026-09-11 19:20:00+00:00,59.495,59.495,59.46,59.465,61503.0,1051.0,59.472098
O,2026-09-11 19:25:00+00:00,59.465,59.49,59.455,59.485,67023.0,1198.0,59.475106
O,2026-09-11 19:30:00+00:00,59.485,59.54,59.47,59.49,62012.0,1202.0,59.496993
O,2026-09-11 19:35:00+00:00,59.49,59.545,59.49,59.535,43884.0,976.0,59.518049
O,2026-09-11 19:40:00+00:00,59.535,59.5599,59.515,59.545,47126.0,1111.0,59.539022
O,2026-09-11 19:45:00+00:00,59.545,59.6091,59.54,59.555,82920.0,1502.0,59.571135
O,2026-09-11 19:50:00+00:00,59.56,59.57,59.475,59.515,200044.0,2187.0,59.523888
O,2026-09-11 19:55:00+00:00,59.52,59.6,59.48,59.51,447172.0,5553.0,59.53256
O,2026-09-11 20:00:00+00:00,59.5,59.511,59.5,59.511,737166.0,123.0,59.500002
O,2026-09-11 20:05:00+00:00,59.56,59.56,59.56,59.56,175.0,12.0,59.56
O,2026-09-11 20:20:00+00:00,59.6,59.6,59.6,59.6,181.0,2.0,59.6
O,2026-09-11 20:35:00+00:00,59.6521,59.6521,59.6521,59.6521,275.0,2.0,59.6521
O,2026-09-11 20:40:00+00:00,59.6744,59.6744,59.6744,59.6744,100.0,1.0,59.6744
O,2026-09-11 20:45:00+00:00,59.6744,59.6744,59.65,59.65,811.0,10.0,59.65305
O,2026-09-11 21:10:00+00:00,59.679,59.679,59.679,59.679,258.0,18.0,59.679
O,2026-09-11 21:15:00+00:00,59.63,59.63,59.63,59.63,243.0,12.0,59.63
O,2026-09-11 21:30:00+00:00,59.61,59.61,59.53,59.53,485.0,18.0,59.583333
O,2026-09-11 21:45:00+00:00,59.63,59.63,59.61,59.61,421.0,14.0,59.623333
O,2026-09-11 21:50:00+00:00,59.61,59.61,59.6,59.6,806.0,18.0,59.60158
O,2026-09-11 22:00:00+00:00,59.64,59.6668,59.6,59.6668,307.0,6.0,59.6356
O,2026-09-11 22:10:00+00:00,59.58,59.58,59.58,59.58,257.0,9.0,59.58
O,2026-09-11 22:20:00+00:00,59.66,59.66,59.63,59.63,2682.0,17.0,59.641547
O,2026-09-11 22:25:00+00:00,59.64,59.64,59.64,59.64,1652.0,13.0,59.64
O,2026-09-11 22:30:00+00:00,59.67,59.71,59.67,59.68,2801.0,132.0,59.696844
O,2026-09-11 22:40:00+00:00,59.71,59.7306,59.71,59.7306,1067.0,7.0,59.712111
O,2026-09-11 22:45:00+00:00,59.71,59.74,59.69,59.74,1692.0,16.0,59.717937
O,2026-09-11 22:50:00+00:00,59.78,59.8,59.7799,59.8,2234.0,29.0,59.787714
O,2026-09-11 23:00:00+00:00,59.8,59.87,59.8,59.83,2394.0,33.0,59.840805
O,2026-09-11 23:10:00+00:00,59.8243,59.83,59.8243,59.83,2114.0,4.0,59.829695
O,2026-09-11 23:15:00+00:00,59.88,59.88,59.88,59.88,1060.0,9.0,59.88
O,2026-09-11 23:20:00+00:00,59.86,59.86,59.76,59.76,1950.0,22.0,59.845813
O,2026-09-11 23:25:00+00:00,59.81,59.81,59.81,59.81,214.0,5.0,59.81
O,2026-09-11 23:30:00+00:00,59.88,59.88,59.88,59.88,952.0,1.0,59.88
O,2026-09-11 23:40:00+00:00,59.9462,59.9462,59.9,59.91,7930.0,28.0,59.916657
O,2026-09-11 23:45:00+00:00,59.9,59.91,59.88,59.88,12190.0,12.0,59.900984
O,2026-09-11 23:50:00+00:00,59.81,59.81,59.81,59.81,368.0,2.0,59.81
O,2026-09-11 23:55:00+00:00,59.89,59.89,59.88,59.88,3143.0,10.0,59.88621
O,2026-09-14 08:00:00+00:00,59.81,59.8666,59.6,59.68,8451.0,472.0,59.708631
O,2026-09-14 08:05:00+00:00,59.76,59.76,59.76,59.76,707.0,3.0,59.76
O,2026-09-14 08:20:00+00:00,59.79,59.85,59.78,59.85,528.0,21.0,59.802403
O,2026-09-14 08:25:00+00:00,59.86,59.86,59.82,59.82,1473.0,8.0,59.851196
O,2026-09-14 08:40:00+00:00,59.88,59.9,59.85,59.85,2800.0,18.0,59.880219
O,2026-09-14 08:55:00+00:00,59.91,59.92,59.89,59.92,4442.0,10.0,59.907148
O,2026-09-14 09:00:00+00:00,59.95,59.95,59.95,59.95,987.0,8.0,59.95
O,2026-09-14 09:10:00+00:00,59.99,60.01,59.9791,59.9791,1838.0,35.0,59.99868
O,2026-09-14 09:15:00+00:00,60.03,60.08,59.97,60.08,2019.0,23.0,60.023352
O,2026-09-14 09:20:00+00:00,60.09,60.09,60.03,60.03,1308.0,6.0,60.084937
O,2026-09-14 09:25:00+00:00,60.09,60.09,60.03,60.03,1679.0,8.0,60.086222
O,2026-09-14 09:30:00+00:00,60.09,60.09,60.04,60.04,2235.0,34.0,60.071573
O,2026-09-14 09:35:00+00:00,60.12,60.12,60.12,60.12,919.0,4.0,60.12
O,2026-09-14 09:40:00+00:00,60.11,60.11,60.11,60.11,1377.0,7.0,60.11
O,2026-09-14 09:45:00+00:00,60.11,60.11,60.11,60.11,1176.0,4.0,60.11
O,2026-09-14 09:50:00+00:00,60.1,60.15,60.1,60.14,1687.0,14.0,60.137695
O,2026-09-14 10:00:00+00:00,60.12,60.18,60.12,60.18,1674.0,15.0,60.161902
O,2026-09-14 10:05:00+00:00,60.1856,60.1856,60.1856,60.1856,401.0,2.0,60.1856
O,2026-09-14 10:10:00+00:00,60.19,60.2,60.19,60.2,1193.0,49.0,60.193844
O,2026-09-14 10:20:00+00:00,60.19,60.2,60.19,60.2,1524.0,20.0,60.198774
O,2026-09-14 10:45:00+00:00,60.0,60.0,60.0,60.0,250.0,24.0,60.0
O,2026-09-14 10:50:00+00:00,60.06,60.06,60.06,60.06,168.0,6.0,60.06
O,2026-09-14 11:00:00+00:00,60.0,60.03,59.97,59.97,3248.0,48.0,59.974593
O,2026-09-14 11:05:00+00:00,59.85,59.98,59.85,59.98,1690.0,21.0,59.926733
O,2026-09-14 11:10:00+00:00,59.86,59.86,59.85,59.85,2135.0,21.0,59.85498
O,2026-09-14 11:15:00+00:00,59.86,59.86,59.8,59.8,867.0,99.0,59.83
O,2026-09-14 11:20:00+00:00,59.78,59.78,59.78,59.78,250.0,6.0,59.78
O,2026-09-14 11:40:00+00:00,59.8663,59.8663,59.8,59.83,6421.0,95.0,59.828235
O,2026-09-14 11:45:00+00:00,59.84,59.84,59.82,59.82,2028.0,19.0,59.82415
O,2026-09-14 11:50:00+00:00,59.9,59.91,59.9,59.91,1462.0,11.0,59.909267
O,2026-09-14 11:55:00+00:00,59.9005,59.91,59.9005,59.91,1046.0,4.0,59.908476
O,2026-09-14 12:00:00+00:00,59.91,59.94,59.91,59.94,2822.0,15.0,59.937792
O,2026-09-14 12:05:00+00:00,59.95,59.95,59.95,59.95,1434.0,14.0,59.95
O,2026-09-14 12:10:00+00:00,59.93,59.93,59.93,59.93,161.0,2.0,59.93
O,2026-09-14 12:15:00+00:00,59.94,59.94,59.93,59.93,3339.0,21.0,59.934225
O,2026-09-14 12:20:00+00:00,59.93,59.95,59.93,59.95,4220.0,29.0,59.947287
O,2026-09-14 12:25:00+00:00,59.93,59.95,59.93,59.95,2307.0,12.0,59.940884
O,2026-09-14 12:30:00+00:00,59.9301,59.95,59.9272,59.95,7438.0,49.0,59.938439
O,2026-09-14 12:35:00+00:00,59.95,59.9627,59.95,59.9627,7237.0,31.0,59.954599
O,2026-09-14 12:40:00+00:00,60.0,60.0,59.9762,60.0,4955.0,32.0,59.994416
O,2026-09-14 12:45:00+00:00,59.98,60.0101,59.98,60.0101,4241.0,47.0,60.001907
O,2026-09-14 12:50:00+00:00,59.9964,60.0587,59.9964,60.03,7441.0,25.0,60.025961
O,2026-09-14 12:55:00+00:00,60.04,60.06,60.04,60.05,6540.0,31.0,60.057068
O,2026-09-14 13:00:00+00:00,60.04,60.06,60.04,60.06,10030.0,48.0,60.049418
O,2026-09-14 13:05:00+00:00,60.05,60.05,60.05,60.05,1568.0,4.0,60.05
O,2026-09-14 13:10:00+00:00,60.04,60.04,60.02,60.03,3221.0,26.0,60.035137
O,2026-09-14 13:15:00+00:00,60.03,60.07,60.03,60.07,6581.0,39.0,60.045816
O,2026-09-14 13:20:00+00:00,60.1,60.13,60.08,60.08,20634.0,54.0,60.11311
O,2026-09-14 13:25:00+00:00,60.09,60.11,60.0,60.0,17824.0,101.0,60.066861
O,2026-09-14 13:30:00+00:00,59.95,60.365,59.92,60.35,540274.0,4927.0,60.155755
O,2026-09-14 13:35:00+00:00,60.35,60.42,60.25,60.38,116056.0,1704.0,60.340628
O,2026-09-14 13:40:00+00:00,60.365,60.45,60.215,60.265,92659.0,1402.0,60.324458
O,2026-09-14 13:45:00+00:00,60.26,60.26,59.93,59.945,124665.0,1763.0,60.074047
O,2026-09-14 13:50:00+00:00,59.945,60.015,59.7323,59.78,127987.0,1761.0,59.882156
O,2026-09-14 13:55:00+00:00,59.79,59.81,59.665,59.68,83538.0,1278.0,59.711882
O,2026-09-14 14:00:00+00:00,59.675,59.73,59.6524,59.66,79237.0,1386.0,59.693332
O,2026-09-14 14:05:00+00:00,59.655,59.655,59.555,59.6113,86826.0,1414.0,59.603036
O,2026-09-14 14:10:00+00:00,59.62,59.625,59.43,59.465,127268.0,2553.0,59.491627
O,2026-09-14 14:15:00+00:00,59.47,59.5298,59.44,59.505,99437.0,1872.0,59.492407
O,2026-09-14 14:20:00+00:00,59.505,59.565,59.475,59.505,163003.0,2184.0,59.516626
O,2026-09-14 14:25:00+00:00,59.51,59.52,59.385,59.435,100435.0,1891.0,59.432714
O,2026-09-14 14:30:00+00:00,59.44,59.465,59.39,59.435,77681.0,1558.0,59.44086
O,2026-09-14 14:35:00+00:00,59.435,59.605,59.435,59.59,120001.0,1501.0,59.560889
O,2026-09-14 14:40:00+00:00,59.6,59.615,59.49,59.505,72132.0,1437.0,59.548462
O,2026-09-14 14:45:00+00:00,59.505,59.54,59.47,59.495,77258.0,1380.0,59.501066
O,2026-09-14 14:50:00+00:00,59.5,59.56,59.49,59.5124,85274.0,1295.0,59.528394
O,2026-09-14 14:55:00+00:00,59.52,59.5597,59.5,59.507,48816.0,1212.0,59.528978
O,2026-09-14 15:00:00+00:00,59.51,59.56,59.465,59.555,120645.0,1418.0,59.50528
O,2026-09-14 15:05:00+00:00,59.5599,59.7,59.5599,59.6701,90897.0,1750.0,59.649714
O,2026-09-14 15:10:00+00:00,59.68,59.7,59.565,59.57,153965.0,1518.0,59.64927
O,2026-09-14 15:15:00+00:00,59.585,59.585,59.4901,59.505,43529.0,1266.0,59.530188
O,2026-09-14 15:20:00+00:00,59.5001,59.52,59.425,59.465,189277.0,1707.0,59.494481
O,2026-09-14 15:25:00+00:00,59.465,59.5,59.445,59.48,41881.0,1125.0,59.475489
O,2026-09-14 15:30:00+00:00,59.485,59.5699,59.47,59.565,58483.0,1316.0,59.509031
O,2026-09-14 15:35:00+00:00,59.565,59.565,59.525,59.565,35432.0,1017.0,59.542937
O,2026-09-14 15:40:00+00:00,59.565,59.6773,59.54,59.645,47069.0,1181.0,59.612524
O,2026-09-14 15:45:00+00:00,59.645,59.655,59.575,59.575,35082.0,1031.0,59.616841
O,2026-09-14 15:50:00+00:00,59.585,59.665,59.575,59.625,77076.0,1021.0,59.624613
O,2026-09-14 15:55:00+00:00,59.62,59.62,59.57,59.5915,27180.0,896.0,59.587838
O,2026-09-14 16:00:00+00:00,59.595,59.608,59.55,59.608,45565.0,1033.0,59.574867
O,2026-09-14 16:05:00+00:00,59.605,59.605,59.58,59.585,29654.0,859.0,59.591726
O,2026-09-14 16:10:00+00:00,59.585,59.6,59.52,59.545,57774.0,1021.0,59.55748
O,2026-09-14 16:15:00+00:00,59.5401,59.545,59.495,59.525,42035.0,1054.0,59.513262
O,2026-09-14 16:20:00+00:00,59.525,59.535,59.485,59.505,43294.0,940.0,59.516272
O,2026-09-14 16:25:00+00:00,59.505,59.535,59.5,59.505,31907.0,704.0,59.516278
O,2026-09-14 16:30:00+00:00,59.505,59.53,59.485,59.485,39127.0,800.0,59.502317
O,2026-09-14 16:35:00+00:00,59.48,59.51,59.4724,59.51,30107.0,654.0,59.486308
O,2026-09-14 16:40:00+00:00,59.51,59.515,59.4125,59.435,30189.0,863.0,59.444411
O,2026-09-14 16:45:00+00:00,59.435,59.4562,59.4123,59.415,43759.0,922.0,59.433254
O,2026-09-14 16:50:00+00:00,59.415,59.465,59.415,59.42,41127.0,775.0,59.43195
O,2026-09-14 16:55:00+00:00,59.415,59.4197,59.35,59.38,93747.0,1324.0,59.368248
O,2026-09-14 17:00:00+00:00,59.385,59.42,59.295,59.305,76492.0,1163.0,59.35989
O,2026-09-14 17:05:00+00:00,59.305,59.32,59.3,59.315,42379.0,808.0,59.310961
O,2026-09-14 17:10:00+00:00,59.315,59.3451,59.315,59.34,119095.0,1068.0,59.327855
O,2026-09-14 17:15:00+00:00,59.335,59.34,59.285,59.285,35415.0,810.0,59.315923
O,2026-09-14 17:20:00+00:00,59.285,59.285,59.23,59.275,40683.0,1022.0,59.256286
O,2026-09-14 17:25:00+00:00,59.28,59.35,59.265,59.35,35790.0,817.0,59.291477
O,2026-09-14 17:30:00+00:00,59.345,59.4199,59.33,59.375,48898.0,807.0,59.384089
O,2026-09-14 17:35:00+00:00,59.378,59.39,59.345,59.355,26562.0,674.0,59.372385
O,2026-09-14 17:40:00+00:00,59.36,59.42,59.36,59.4094,43962.0,811.0,59.385444
O,2026-09-14 17:45:00+00:00,59.405,59.405,59.37,59.37,36893.0,745.0,59.381883
O,2026-09-14 17:50:00+00:00,59.365,59.435,59.36,59.425,32708.0,712.0,59.398206
O,2026-09-14 17:55:00+00:00,59.425,59.43,59.365,59.37,32500.0,1437.0,59.392174
O,2026-09-14 18:00:00+00:00,59.365,59.366,59.33,59.335,38237.0,850.0,59.348142
O,2026-09-14 18:05:00+00:00,59.335,59.355,59.315,59.345,30323.0,700.0,59.340681
O,2026-09-14 18:10:00+00:00,59.345,59.385,59.345,59.355,35947.0,715.0,59.363285
O,2026-09-14 18:15:00+00:00,59.355,59.355,59.325,59.355,39968.0,671.0,59.34051
O,2026-09-14 18:20:00+00:00,59.355,59.36,59.325,59.355,108652.0,753.0,59.340939
O,2026-09-14 18:25:00+00:00,59.355,59.38,59.35,59.375,68900.0,647.0,59.365839
O,2026-09-14 18:30:00+00:00,59.375,59.395,59.3512,59.365,58604.0,972.0,59.372788
O,2026-09-14 18:35:00+00:00,59.37,59.42,59.3535,59.415,40419.0,732.0,59.394698
O,2026-09-14 18:40:00+00:00,59.42,59.455,59.42,59.44,43375.0,733.0,59.439755
O,2026-09-14 18:45:00+00:00,59.43,59.49,59.415,59.49,42457.0,818.0,59.450975
O,2026-09-14 18:50:00+00:00,59.485,59.5,59.46,59.485,31278.0,675.0,59.4813
O,2026-09-14 18:55:00+00:00,59.485,59.52,59.485,59.495,45188.0,645.0,59.5037
O,2026-09-14 19:00:00+00:00,59.49,59.49,59.435,59.445,37479.0,796.0,59.455268
O,2026-09-14 19:05:00+00:00,59.445,59.445,59.405,59.415,27894.0,671.0,59.419458
O,2026-09-14 19:10:00+00:00,59.415,59.4593,59.41,59.42,46593.0,865.0,59.431212
O,2026-09-14 19:15:00+00:00,59.4286,59.4286,59.3801,59.3863,41321.0,792.0,59.403311
O,2026-09-14 19:20:00+00:00,59.385,59.415,59.375,59.395,36792.0,778.0,59.3979
O,2026-09-14 19:25:00+00:00,59.395,59.395,59.345,59.355,51904.0,971.0,59.362612
O,2026-09-14 19:30:00+00:00,59.36,59.425,59.355,59.4,69504.0,1172.0,59.403167
O,2026-09-14 19:35:00+00:00,59.405,59.46,59.335,59.335,61376.0,1185.0,59.407969
O,2026-09-14 19:40:00+00:00,59.335,59.335,59.275,59.275,115032.0,1599.0,59.308603
O,2026-09-14 19:45:00+00:00,59.275,59.315,59.25,59.29,317874.0,2091.0,59.290238
O,2026-09-14 19:50:00+00:00,59.285,59.33,59.225,59.27,170171.0,2200.0,59.271299
O,2026-09-14 19:55:00+00:00,59.265,59.4,59.23,59.27,563944.0,6483.0,59.28087
O,2026-09-14 20:00:00+00:00,59.27,59.3689,59.27,59.3689,1370257.0,130.0,59.270009
O,2026-09-14 20:05:00+00:00,59.33,59.33,59.31,59.325,4488.0,75.0,59.312737
O,2026-09-14 20:10:00+00:00,59.33,59.33,59.33,59.33,558.0,19.0,59.33
O,2026-09-14 20:15:00+00:00,59.29,59.29,59.29,59.29,101.0,2.0,59.29
O,2026-09-14 20:45:00+00:00,59.33,59.33,59.32,59.32,1711.0,34.0,59.328
O,2026-09-14 20:50:00+00:00,59.36,59.37,59.36,59.37,413.0,14.0,59.365
O,2026-09-14 20:55:00+00:00,59.33,59.33,59.33,59.33,110.0,6.0,59.33
O,2026-09-14 21:05:00+00:00,59.32,59.32,59.32,59.32,323.0,11.0,59.32
O,2026-09-14 21:20:00+00:00,59.32,59.32,59.32,59.32,202.0,3.0,59.32
O,2026-09-14 21:30:00+00:00,59.3124,59.3797,59.3124,59.3797,1504.0,7.0,59.348083
O,2026-09-14 21:35:00+00:00,59.3,59.3,59.3,59.3,103.0,3.0,59.3
O,2026-09-14 21:40:00+00:00,59.34,59.34,59.31,59.31,1021.0,14.0,59.324032
O,2026-09-14 21:45:00+00:00,59.3762,59.3762,59.32,59.32,32408.0,23.0,59.351222
O,2026-09-14 21:55:00+00:00,59.3734,59.3734,59.3734,59.3734,202.0,12.0,59.3734
O,2026-09-14 22:15:00+00:00,59.37,59.37,59.37,59.37,123.0,5.0,59.37
O,2026-09-14 22:30:00+00:00,59.32,59.32,59.3195,59.3195,823.0,12.0,59.319857
O,2026-09-14 22:35:00+00:00,59.35,59.35,59.35,59.35,114.0,2.0,59.35
O,2026-09-14 22:50:00+00:00,59.3,59.3,59.3,59.3,404.0,2.0,59.3
O,2026-09-14 22:55:00+00:00,59.3676,59.3676,59.3676,59.3676,125.0,3.0,59.3676
O,2026-09-14 23:00:00+00:00,59.31,59.31,59.3,59.3,844.0,50.0,59.305714
O,2026-09-14 23:50:00+00:00,59.31,59.31,59.31,59.31,200.0,1.0,59.31
O,2026-09-15 08:00:00+00:00,59.2001,59.35,59.2,59.22,10563.0,673.0,59.248711
O,2026-09-15 08:05:00+00:00,59.3,59.3,59.3,59.3,985.0,12.0,59.3
O,2026-09-15 08:10:00+00:00,59.2879,59.2879,59.2879,59.2879,131.0,3.0,59.2879
O,2026-09-15 08:15:00+00:00,59.3,59.3,59.29,59.29,1138.0,12.0,59.299091
O,2026-09-15 09:05:00+00:00,59.27,59.27,59.27,59.27,131.0,1.0,59.27
O,2026-09-15 09:10:00+00:00,59.35,59.35,59.35,59.35,460.0,7.0,59.35
O,2026-09-15 09:30:00+00:00,59.28,59.34,59.28,59.34,569.0,12.0,59.322688
O,2026-09-15 09:55:00+00:00,59.35,59.35,59.26,59.26,450.0,11.0,59.308913
O,2026-09-15 10:00:00+00:00,59.25,59.28,59.25,59.25,877.0,22.0,59.255784
O,2026-09-15 10:10:00+00:00,59.34,59.35,59.34,59.35,1040.0,21.0,59.34625
O,2026-09-15 10:20:00+00:00,59.28,59.28,59.28,59.28,202.0,9.0,59.28
O,2026-09-15 10:45:00+00:00,59.32,59.36,59.32,59.36,2455.0,19.0,59.338237
O,2026-09-15 10:50:00+00:00,59.37,59.37,59.37,59.37,1611.0,26.0,59.37
O,2026-09-15 10:55:00+00:00,59.4,59.43,59.4,59.43,11745.0,14.0,59.400561
O,2026-09-15 11:00:00+00:00,59.4,59.4,59.4,59.4,972.0,13.0,59.4
O,2026-09-15 11:05:00+00:00,59.43,59.43,59.43,59.43,1426.0,6.0,59.43
O,2026-09-15 11:10:00+00:00,59.43,59.43,59.43,59.43,1460.0,10.0,59.43
O,2026-09-15 11:15:00+00:00,59.47,59.48,59.47,59.48,2010.0,16.0,59.471121
O,2026-09-15 11:20:00+00:00,59.5,59.55,59.5,59.53,1776.0,30.0,59.521264
O,2026-09-15 11:25:00+00:00,59.52,59.52,59.43,59.43,2985.0,21.0,59.485533
O,2026-09-15 11:30:00+00:00,59.5,59.6327,59.5,59.6327,630.0,10.0,59.522453
O,2026-09-15 11:35:00+00:00,59.6392,59.6392,59.4568,59.4568,1189.0,10.0,59.513132
O,2026-09-15 11:40:00+00:00,59.48,59.48,59.48,59.48,1414.0,3.0,59.48
O,2026-09-15 11:50:00+00:00,59.45,59.45,59.45,59.45,147.0,11.0,59.45
O,2026-09-15 12:00:00+00:00,59.45,59.46,59.45,59.46,1303.0,6.0,59.457746
O,2026-09-15 12:05:00+00:00,59.45,59.48,59.45,59.48,1844.0,7.0,59.478274
O,2026-09-15 12:10:00+00:00,59.5979,59.5979,59.5979,59.5979,147.0,5.0,59.5979
O,2026-09-15 12:25:00+00:00,59.4885,59.4885,59.4885,59.4885,111.0,3.0,59.4885
O,2026-09-15 12:30:00+00:00,59.55,59.55,59.55,59.55,938.0,7.0,59.55
O,2026-09-15 12:35:00+00:00,59.53,59.61,59.53,59.61,1971.0,23.0,59.599385
O,2026-09-15 12:45:00+00:00,59.61,59.65,59.61,59.61,3538.0,53.0,59.624798
O,2026-09-15 12:50:00+00:00,59.55,59.608,59.5,59.5,5572.0,31.0,59.591444
O,2026-09-15 12:55:00+00:00,59.64,59.64,59.64,59.64,211.0,6.0,59.64
O,2026-09-15 13:00:00+00:00,59.64,59.64,59.64,59.64,767.0,8.0,59.64
O,2026-09-15 13:05:00+00:00,59.616,59.63,59.55,59.55,2670.0,53.0,59.610994
O,2026-09-15 13:10:00+00:00,59.6,59.6,59.6,59.6,103.0,4.0,59.6
O,2026-09-15 13:15:00+00:00,59.57,59.57,59.57,59.57,1637.0,7.0,59.57
O,2026-09-15 13:20:00+00:00,59.57,59.58,59.51,59.56,6622.0,31.0,59.518507
O,2026-09-15 13:25:00+00:00,59.55,59.55,59.43,59.45,6385.0,254.0,59.447879
O,2026-09-15 13:30:00+00:00,59.38,59.415,58.98,58.985,330430.0,6252.0,59.213862
O,2026-09-15 13:35:00+00:00,58.99,59.05,58.81,58.905,103450.0,2612.0,58.900363
O,2026-09-15 13:40:00+00:00,58.92,58.93,58.754,58.8499,95881.0,2154.0,58.840462
O,2026-09-15 13:45:00+00:00,58.82,58.87,58.785,58.84,86492.0,1623.0,58.836788
O,2026-09-15 13:50:00+00:00,58.85,58.9672,58.835,58.9652,52097.0,1287.0,58.899012
O,2026-09-15 13:55:00+00:00,58.965,58.99,58.94,58.97,68169.0,1277.0,58.961396
O,2026-09-15 14:00:00+00:00,58.975,58.995,58.9,58.97,73699.0,1747.0,58.952257
O,2026-09-15 14:05:00+00:00,58.975,59.06,58.94,59.03,76366.0,1449.0,59.008283
O,2026-09-15 14:10:00+00:00,59.02,59.145,59.005,59.14,66882.0,1558.0,59.075795
O,2026-09-15 14:15:00+00:00,59.14,59.2,59.0701,59.195,48690.0,1205.0,59.13438
O,2026-09-15 14:20:00+00:00,59.18,59.18,59.08,59.1,62764.0,1476.0,59.128035
O,2026-09-15 14:25:00+00:00,59.105,59.105,59.03,59.05,62755.0,1360.0,59.057887
O,2026-09-15 14:30:00+00:00,59.045,59.145,59.035,59.135,49022.0,1177.0,59.092054
O,2026-09-15 14:35:00+00:00,59.1329,59.21,59.12,59.2014,44763.0,1086.0,59.170949
O,2026-09-15 14:40:00+00:00,59.205,59.22,59.1601,59.205,37231.0,1086.0,59.188249
O,2026-09-15 14:45:00+00:00,59.205,59.22,59.17,59.2,34908.0,1095.0,59.192775
O,2026-09-15 14:50:00+00:00,59.195,59.225,59.165,59.19,39675.0,1032.0,59.191566
O,2026-09-15 14:55:00+00:00,59.185,59.195,59.14,59.16,100032.0,1269.0,59.175916
O,2026-09-15 15:00:00+00:00,59.155,59.155,59.015,59.015,43583.0,1188.0,59.085824
O,2026-09-15 15:05:00+00:00,59.015,59.03,58.97,58.9748,74264.0,2039.0,59.000808
O,2026-09-15 15:10:00+00:00,58.975,59.06,58.96,59.045,140774.0,1724.0,59.00078
O,2026-09-15 15:15:00+00:00,59.04,59.06,59.025,59.035,65743.0,1150.0,59.041887
O,2026-09-15 15:20:00+00:00,59.0349,59.055,59.0,59.035,41622.0,1019.0,59.031277
O,2026-09-15 15:25:00+00:00,59.0303,59.0362,58.97,59.018,52007.0,1317.0,59.003208
O,2026-09-15 15:30:00+00:00,59.015,59.0399,59.0,59.03,80348.0,1349.0,59.018371
O,2026-09-15 15:35:00+00:00,59.025,59.04,59.005,59.035,102303.0,1229.0,59.025555
O,2026-09-15 15:40:00+00:00,59.04,59.04,58.9299,58.935,56325.0,1503.0,58.997501
O,2026-09-15 15:45:00+00:00,58.935,58.94,58.87,58.87,50459.0,1497.0,58.910341
O,2026-09-15 15:50:00+00:00,58.87,58.88,58.825,58.835,48249.0,1328.0,58.853067
O,2026-09-15 15:55:00+00:00,58.83,58.8483,58.805,58.845,35888.0,1125.0,58.825791
O,2026-09-15 16:00:00+00:00,58.845,58.845,58.795,58.795,44366.0,1401.0,58.812404
O,2026-09-15 16:05:00+00:00,58.7997,58.82,58.755,58.774,24912.0,1166.0,58.784792
O,2026-09-15 16:10:00+00:00,58.78,58.81,58.76,58.765,22803.0,811.0,58.789791
O,2026-09-15 16:15:00+00:00,58.765,58.785,58.73,58.745,243815.0,1271.0,58.749461
O,2026-09-15 16:20:00+00:00,58.745,58.7799,58.74,58.745,34560.0,799.0,58.753254
O,2026-09-15 16:25:00+00:00,58.745,58.79,58.74,58.755,29841.0,775.0,58.770026
O,2026-09-15 16:30:00+00:00,58.755,58.775,58.745,58.745,41420.0,856.0,58.758944
O,2026-09-15 16:35:00+00:00,58.745,58.7499,58.695,58.71,65842.0,1491.0,58.716433
O,2026-09-15 16:40:00+00:00,58.71,58.735,58.685,58.7295,26902.0,783.0,58.711903
O,2026-09-15 16:45:00+00:00,58.725,58.745,58.715,58.715,29577.0,657.0,58.728435
O,2026-09-15 16:50:00+00:00,58.715,58.765,58.69,58.76,49971.0,733.0,58.72441
O,2026-09-15 16:55:00+00:00,58.76,58.805,58.75,58.795,42292.0,776.0,58.778522
O,2026-09-15 17:00:00+00:00,58.795,58.795,58.745,58.755,52108.0,815.0,58.764554
O,2026-09-15 17:05:00+00:00,58.75,58.7799,58.745,58.775,51066.0,712.0,58.754336
O,2026-09-15 17:10:00+00:00,58.775,58.7899,58.75,58.765,33869.0,669.0,58.769626
O,2026-09-15 17:15:00+00:00,58.765,58.765,58.65,58.655,38686.0,1140.0,58.703161
O,2026-09-15 17:20:00+00:00,58.65,58.65,58.615,58.63,33837.0,916.0,58.634494
O,2026-09-15 17:25:00+00:00,58.6266,58.675,58.62,58.675,32060.0,688.0,58.640512
O,2026-09-15 17:30:00+00:00,58.68,58.7,58.665,58.695,40339.0,826.0,58.680152
O,2026-09-15 17:35:00+00:00,58.695,58.755,58.675,58.73,32019.0,706.0,58.716841
O,2026-09-15 17:40:00+00:00,58.725,58.785,58.715,58.76,28390.0,596.0,58.762581
O,2026-09-15 17:45:00+00:00,58.755,58.785,58.7505,58.755,17954.0,1035.0,58.767987
O,2026-09-15 17:50:00+00:00,58.7557,58.7561,58.715,58.725,25172.0,628.0,58.731217
O,2026-09-15 17:55:00+00:00,58.72,58.765,58.715,58.765,55002.0,858.0,58.737846
O,2026-09-15 18:00:00+00:00,58.76,58.815,58.75,58.805,24958.0,593.0,58.780503
O,2026-09-15 18:05:00+00:00,58.8,58.86,58.78,58.855,44811.0,822.0,58.81103
O,2026-09-15 18:10:00+00:00,58.855,58.855,58.815,58.8232,43042.0,651.0,58.836769
O,2026-09-15 18:15:00+00:00,58.825,58.8498,58.7606,58.79,26558.0,617.0,58.815436
O,2026-09-15 18:20:00+00:00,58.7907,58.805,58.73,58.735,25975.0,648.0,58.76133
O,2026-09-15 18:25:00+00:00,58.73,58.785,58.73,58.7801,30658.0,601.0,58.758314
O,2026-09-15 18:30:00+00:00,58.785,58.785,58.735,58.765,38654.0,679.0,58.762697
O,2026-09-15 18:35:00+00:00,58.76,58.795,58.745,58.775,39300.0,559.0,58.77149
O,2026-09-15 18:40:00+00:00,58.775,58.785,58.7101,58.7101,19683.0,634.0,58.752987
O,2026-09-15 18:45:00+00:00,58.715,58.74,58.71,58.73,26883.0,650.0,58.724461
O,2026-09-15 18:50:00+00:00,58.73,58.74,58.72,58.725,22752.0,610.0,58.730352
O,2026-09-15 18:55:00+00:00,58.725,58.725,58.635,58.645,55242.0,1122.0,58.674188
O,2026-09-15 19:00:00+00:00,58.65,58.6799,58.645,58.679,29858.0,691.0,58.662871
O,2026-09-15 19:05:00+00:00,58.68,58.68,58.65,58.665,30877.0,700.0,58.663728
O,2026-09-15 19:10:00+00:00,58.67,58.68,58.62,58.625,60660.0,999.0,58.651232
O,2026-09-15 19:15:00+00:00,58.625,58.65,58.615,58.635,80627.0,1037.0,58.624996
O,2026-09-15 19:20:00+00:00,58.63,58.65,58.605,58.635,54211.0,1088.0,58.628412
O,2026-09-15 19:25:00+00:00,58.635,58.665,58.625,58.655,52349.0,924.0,58.647943
O,2026-09-15 19:30:00+00:00,58.66,58.675,58.62,58.655,68780.0,1231.0,58.650921
O,2026-09-15 19:35:00+00:00,58.655,58.69,58.645,58.645,64786.0,1005.0,58.665314
O,2026-09-15 19:40:00+00:00,58.645,58.67,58.625,58.655,75864.0,1291.0,58.640903
O,2026-09-15 19:45:00+00:00,58.65,58.715,58.635,58.635,157335.0,1862.0,58.682673
O,2026-09-15 19:50:00+00:00,58.63,58.63,58.555,58.605,263946.0,3115.0,58.579583
O,2026-09-15 19:55:00+00:00,58.6,58.71,58.52,58.71,418610.0,5362.0,58.594776
O,2026-09-15 20:00:00+00:00,58.72,58.74,58.541,58.71,1603088.0,127.0,58.709844
O,2026-09-15 20:05:00+00:00,58.71,58.75,58.71,58.75,2083.0,33.0,58.743777
O,2026-09-15 20:10:00+00:00,58.78,58.78,58.78,58.78,475.0,27.0,58.78
O,2026-09-15 20:25:00+00:00,58.76,58.76,58.76,58.76,422.0,11.0,58.76
O,2026-09-15 20:30:00+00:00,58.76,58.76,58.76,58.76,292.0,14.0,58.76
O,2026-09-15 20:35:00+00:00,58.77,58.82,58.77,58.82,811.0,28.0,58.784925
O,2026-09-15 20:40:00+00:00,58.8,58.8,58.8,58.8,888.0,3.0,58.8
O,2026-09-15 20:45:00+00:00,58.8,58.8,58.8,58.8,102.0,3.0,58.8
O,2026-09-15 20:55:00+00:00,58.76,58.76,58.75,58.75,451.0,50.0,58.755
O,2026-09-15 21:00:00+00:00,58.76,58.76,58.76,58.76,133.0,2.0,58.76
O,2026-09-15 21:05:00+00:00,58.7986,58.7986,58.7986,58.7986,84996.0,6.0,58.7986
O,2026-09-15 21:10:00+00:00,58.76,58.76,58.74,58.74,740.0,32.0,58.75
O,2026-09-15 21:15:00+00:00,58.74,58.75,58.6003,58.75,45255.0,118.0,58.627023
O,2026-09-15 21:20:00+00:00,58.78,58.85,58.71,58.71,47526.0,44.0,58.799105
O,2026-09-15 21:35:00+00:00,58.75,58.75,58.75,58.75,210.0,4.0,58.75
O,2026-09-15 21:40:00+00:00,58.7845,58.7845,58.7845,58.7845,140.0,4.0,58.7845
O,2026-09-15 21:45:00+00:00,58.78,58.78,58.78,58.78,122.0,5.0,58.78
O,2026-09-15 21:50:00+00:00,58.78,58.78,58.78,58.78,111.0,7.0,58.78
O,2026-09-15 22:00:00+00:00,58.7845,58.7845,58.7845,58.7845,125.0,6.0,58.7845
O,2026-09-15 22:05:00+00:00,58.7,58.76,58.7,58.76,409.0,11.0,58.731884
O,2026-09-15 22:15:00+00:00,58.75,58.75,58.75,58.75,239.0,14.0,58.75
O,2026-09-15 22:20:00+00:00,58.7,58.7,58.7,58.7,1251.0,2.0,58.7
O,2026-09-15 22:45:00+00:00,58.782,58.782,58.782,58.782,102.0,3.0,58.782
O,2026-09-15 22:50:00+00:00,58.8,58.8,58.8,58.8,212.0,5.0,58.8
O,2026-09-15 23:00:00+00:00,58.76,58.76,58.75,58.75,773.0,7.0,58.754008
O,2026-09-15 23:15:00+00:00,58.72,58.72,58.72,58.72,228.0,21.0,58.72
O,2026-09-15 23:35:00+00:00,58.75,58.75,58.7479,58.7479,319.0,5.0,58.748675
O,2026-09-15 23:40:00+00:00,58.75,58.79,58.749,58.79,3928.0,7.0,58.751625
O,2026-09-15 23:45:00+00:00,58.7408,58.7408,58.7408,58.7408,2600.0,2.0,58.7408
O,2026-09-15 23:50:00+00:00,58.74,58.74,58.71,58.711,10502.0,14.0,58.719461
O,2026-09-15 23:55:00+00:00,58.7107,58.7107,58.7107,58.7107,1500.0,3.0,58.7107
O,2026-09-16 08:00:00+00:00,58.87,58.87,58.79,58.84,8250.0,545.0,58.838108
O,2026-09-16 08:15:00+00:00,58.81,58.81,58.81,58.81,372.0,9.0,58.81
O,2026-09-16 08:20:00+00:00,58.81,58.81,58.81,58.81,261.0,7.0,58.81
O,2026-09-16 08:25:00+00:00,58.8,58.8,58.8,58.8,908.0,40.0,58.8
O,2026-09-16 08:30:00+00:00,58.8,58.8,58.8,58.8,102.0,2.0,58.8
O,2026-09-16 08:40:00+00:00,58.85,58.85,58.8,58.8,4000.0,2.0,58.825
O,2026-09-16 08:50:00+00:00,58.81,58.81,58.81,58.81,202.0,3.0,58.81
O,2026-09-16 09:00:00+00:00,58.86,58.86,58.86,58.86,400.0,2.0,58.86
O,2026-09-16 09:25:00+00:00,58.81,58.81,58.81,58.81,682.0,6.0,58.81
O,2026-09-16 09:35:00+00:00,58.83,58.83,58.83,58.83,576.0,3.0,58.83
O,2026-09-16 10:20:00+00:00,58.81,58.81,58.81,58.81,114.0,6.0,58.81
O,2026-09-16 10:40:00+00:00,58.82,58.82,58.8,58.8,1136.0,12.0,58.801818
O,2026-09-16 11:00:00+00:00,58.82,58.82,58.8197,58.82,1512.0,36.0,58.819943
O,2026-09-16 11:05:00+00:00,58.83,58.83,58.8273,58.8273,959.0,11.0,58.829707
O,2026-09-16 11:20:00+00:00,58.82,58.82,58.82,58.82,436.0,7.0,58.82
O,2026-09-16 11:25:00+00:00,58.82,58.82,58.82,58.82,459.0,5.0,58.82
O,2026-09-16 11:30:00+00:00,58.82,58.82,58.81,58.81,11149.0,26.0,58.819876
O,2026-09-16 11:45:00+00:00,58.81,58.81,58.81,58.81,385.0,6.0,58.81
O,2026-09-16 11:50:00+00:00,58.82,58.83,58.82,58.83,973.0,20.0,58.822368
O,2026-09-16 11:55:00+00:00,58.81,58.82,58.81,58.82,337.0,15.0,58.814339
O,2026-09-16 12:00:00+00:00,58.85,58.8554,58.85,58.85,738.0,16.0,58.851594
O,2026-09-16 12:15:00+00:00,58.8177,58.8523,58.8177,58.8523,2040.0,15.0,58.82289
O,2026-09-16 12:20:00+00:00,58.82,58.82,58.82,58.82,357.0,11.0,58.82
O,2026-09-16 12:25:00+00:00,58.81,58.86,58.81,58.86,1807.0,43.0,58.818997
O,2026-09-16 12:30:00+00:00,58.84,58.84,58.84,58.84,105.0,4.0,58.84
O,2026-09-16 12:35:00+00:00,58.8,58.8001,58.768,58.768,2479.0,184.0,58.792439
O,2026-09-16 12:45:00+00:00,58.83,58.83,58.83,58.83,279.0,6.0,58.83
O,2026-09-16 12:55:00+00:00,58.8,58.8,58.7974,58.7974,1226.0,28.0,58.799468
O,2026-09-16 13:00:00+00:00,58.79,58.79,58.78,58.78,333.0,15.0,58.785
O,2026-09-16 13:05:00+00:00,58.7941,58.7941,58.7941,58.7941,363.0,18.0,58.7941
O,2026-09-16 13:10:00+00:00,58.75,58.77,58.71,58.71,4295.0,268.0,58.743916
O,2026-09-16 13:15:00+00:00,58.75,58.77,58.7,58.7,2288.0,23.0,58.754362
O,2026-09-16 13:20:00+00:00,58.77,58.77,58.75,58.75,1653.0,10.0,58.751538
O,2026-09-16 13:25:00+00:00,58.78,58.8,58.78,58.8,641.0,26.0,58.792993
O,2026-09-16 13:30:00+00:00,58.76,59.07,58.76,58.87,167151.0,3054.0,58.846113
O,2026-09-16 13:35:00+00:00,58.87,58.92,58.7701,58.79,46782.0,1391.0,58.851539
O,2026-09-16 13:40:00+00:00,58.7758,58.7777,58.68,58.745,62408.0,1435.0,58.734708
O,2026-09-16 13:45:00+00:00,58.74,58.87,58.74,58.81,111721.0,1508.0,58.811493
O,2026-09-16 13:50:00+00:00,58.82,58.9,58.82,58.89,61704.0,1110.0,58.859313
O,2026-09-16 13:55:00+00:00,58.885,58.901,58.835,58.835,47720.0,882.0,58.865412
O,2026-09-16 14:00:00+00:00,58.82,58.84,58.57,58.5743,58022.0,1862.0,58.704718
O,2026-09-16 14:05:00+00:00,58.57,58.59,58.51,58.535,98238.0,1786.0,58.548497
O,2026-09-16 14:10:00+00:00,58.525,58.57,58.49,58.5606,133759.0,2567.0,58.525871
O,2026-09-16 14:15:00+00:00,58.56,58.5699,58.46,58.4699,57895.0,1525.0,58.520564
O,2026-09-16 14:20:00+00:00,58.465,58.51,58.46,58.4883,39449.0,1318.0,58.489536
O,2026-09-16 14:25:00+00:00,58.495,58.495,58.425,58.445,49409.0,1586.0,58.46409
O,2026-09-16 14:30:00+00:00,58.445,58.46,58.41,58.455,40648.0,1523.0,58.43053
O,2026-09-16 14:35:00+00:00,58.45,58.515,58.445,58.5,53910.0,1477.0,58.475936
O,2026-09-16 14:40:00+00:00,58.495,58.565,58.495,58.565,27722.0,1084.0,58.525309
O,2026-09-16 14:45:00+00:00,58.56,58.56,58.48,58.545,40115.0,1239.0,58.521659
O,2026-09-16 14:50:00+00:00,58.55,58.58,58.485,58.52,77987.0,1536.0,58.535267
O,2026-09-16 14:55:00+00:00,58.53,58.56,58.49,58.505,36441.0,1214.0,58.519921
O,2026-09-16 15:00:00+00:00,58.505,58.51,58.46,58.49,38846.0,1277.0,58.488238
O,2026-09-16 15:05:00+00:00,58.49,58.505,58.46,58.48,35473.0,1333.0,58.487229
O,2026-09-16 15:10:00+00:00,58.475,58.5,58.45,58.49,37369.0,1163.0,58.470914
O,2026-09-16 15:15:00+00:00,58.48,58.49,58.43,58.435,45625.0,1384.0,58.464842
O,2026-09-16 15:20:00+00:00,58.435,58.435,58.345,58.415,111394.0,2430.0,58.394591
O,2026-09-16 15:25:00+00:00,58.415,58.415,58.34,58.34,48146.0,1301.0,58.379613
O,2026-09-16 15:30:00+00:00,58.331,58.345,58.27,58.275,94781.0,1892.0,58.303751
O,2026-09-16 15:35:00+00:00,58.275,58.315,58.275,58.305,40252.0,1196.0,58.292253
O,2026-09-16 15:40:00+00:00,58.3,58.31,58.234,58.25,45185.0,1536.0,58.26833
O,2026-09-16 15:45:00+00:00,58.2431,58.26,58.23,58.2514,38140.0,1299.0,58.246447
O,2026-09-16 15:50:00+00:00,58.25,58.25,58.18,58.18,96134.0,2135.0,58.222121
O,2026-09-16 15:55:00+00:00,58.1848,58.1986,58.12,58.175,132377.0,2118.0,58.158075
O,2026-09-16 16:00:00+00:00,58.175,58.215,58.155,58.21,64600.0,1289.0,58.181459
O,2026-09-16 16:05:00+00:00,58.21,58.215,58.185,58.2,92566.0,1261.0,58.201517
O,2026-09-16 16:10:00+00:00,58.2095,58.245,58.2,58.2001,43626.0,1016.0,58.226923
O,2026-09-16 16:15:00+00:00,58.2018,58.22,58.1801,58.205,52755.0,837.0,58.203946
O,2026-09-16 16:20:00+00:00,58.209,58.235,58.18,58.185,60108.0,939.0,58.210424
O,2026-09-16 16:25:00+00:00,58.185,58.19,58.135,58.17,23524.0,891.0,58.160803
O,2026-09-16 16:30:00+00:00,58.17,58.1799,58.05,58.065,56739.0,1432.0,58.091263
O,2026-09-16 16:35:00+00:00,58.07,58.07,58.025,58.0384,57037.0,1057.0,58.042224
O,2026-09-16 16:40:00+00:00,58.0393,58.07,58.03,58.06,35796.0,756.0,58.051926
O,2026-09-16 16:45:00+00:00,58.05,58.1,58.05,58.095,35302.0,766.0,58.081238
O,2026-09-16 16:50:00+00:00,58.1,58.13,58.055,58.1,63348.0,1025.0,58.098958
O,2026-09-16 16:55:00+00:00,58.105,58.105,58.065,58.075,42685.0,791.0,58.081975
O,2026-09-16 17:00:00+00:00,58.08,58.08,57.99,58.015,225413.0,3437.0,58.02291
O,2026-09-16 17:05:00+00:00,58.01,58.05,57.98,57.98,128003.0,1596.0,58.014946
O,2026-09-16 17:10:00+00:00,57.98,57.99,57.9207,57.9207,176969.0,2047.0,57.951781
O,2026-09-16 17:15:00+00:00,57.925,57.95,57.89,57.8999,130868.0,1741.0,57.916408
O,2026-09-16 17:20:00+00:00,57.895,57.91,57.77,57.795,125728.0,1962.0,57.834031
O,2026-09-16 17:25:00+00:00,57.795,57.835,57.785,57.795,57704.0,1175.0,57.808211
O,2026-09-16 17:30:00+00:00,57.8,57.805,57.645,57.655,118472.0,2189.0,57.696928
O,2026-09-16 17:35:00+00:00,57.65,57.68,57.63,57.67,66826.0,1432.0,57.656583
O,2026-09-16 17:40:00+00:00,57.67,57.705,57.65,57.665,53702.0,1164.0,57.681361
O,2026-09-16 17:45:00+00:00,57.6699,57.7,57.655,57.6662,64200.0,1713.0,57.677171
O,2026-09-16 17:50:00+00:00,57.665,57.685,57.62,57.63,90467.0,1602.0,57.648791
O,2026-09-16 17:55:00+00:00,57.635,57.65,57.585,57.62,126110.0,1705.0,57.612579
O,2026-09-16 18:00:00+00:00,57.62,57.67,57.49,57.49,139882.0,2494.0,57.55083
O,2026-09-16 18:05:00+00:00,57.4801,57.7,57.45,57.7,122908.0,1617.0,57.568133
O,2026-09-16 18:10:00+00:00,57.69,57.705,57.61,57.6863,139047.0,1893.0,57.653226
O,2026-09-16 18:15:00+00:00,57.69,57.7,57.6553,57.68,59554.0,1126.0,57.676481
O,2026-09-16 18:20:00+00:00,57.67,57.74,57.625,57.72,59163.0,1212.0,57.687035
O,2026-09-16 18:25:00+00:00,57.72,57.8,57.695,57.735,55387.0,1167.0,57.755185
O,2026-09-16 18:30:00+00:00,57.735,57.735,57.425,57.425,246473.0,3245.0,57.580262
O,2026-09-16 18:35:00+00:00,57.425,57.455,57.3806,57.405,122297.0,1886.0,57.415743
O,2026-09-16 18:40:00+00:00,57.41,57.46,57.39,57.41,176790.0,1926.0,57.425407
O,2026-09-16 18:45:00+00:00,57.41,57.41,57.315,57.34,172527.0,2330.0,57.357817
O,2026-09-16 18:50:00+00:00,57.33,57.335,57.15,57.155,166502.0,2537.0,57.256299
O,2026-09-16 18:55:00+00:00,57.155,57.23,57.13,57.155,236128.0,2253.0,57.190865
O,2026-09-16 19:00:00+00:00,57.16,57.31,57.1529,57.305,183510.0,2175.0,57.246882
O,2026-09-16 19:05:00+00:00,57.305,57.355,57.175,57.175,83377.0,1699.0,57.283862
O,2026-09-16 19:10:00+00:00,57.175,57.175,57.08,57.105,97176.0,1801.0,57.107376
O,2026-09-16 19:15:00+00:00,57.105,57.145,56.9817,57.0,212281.0,3551.0,57.037069
O,2026-09-16 19:20:00+00:00,57.0,57.015,56.91,56.99,183046.0,2437.0,56.96725
O,2026-09-16 19:25:00+00:00,56.9801,56.985,56.855,56.9,124071.0,2393.0,56.894874
O,2026-09-16 19:30:00+00:00,56.905,56.95,56.8741,56.925,143056.0,2300.0,56.908273
O,2026-09-16 19:35:00+00:00,56.93,57.0,56.915,56.975,150582.0,2342.0,56.958462
O,2026-09-16 19:40:00+00:00,56.975,56.9781,56.865,56.9359,164612.0,2612.0,56.910919
O,2026-09-16 19:45:00+00:00,56.935,57.02,56.89,56.965,231924.0,3217.0,56.969565
O,2026-09-16 19:50:00+00:00,56.965,57.11,56.885,57.1,388289.0,4710.0,57.00127
O,2026-09-16 19:55:00+00:00,57.105,57.2799,57.085,57.15,698531.0,7635.0,57.199775
O,2026-09-16 20:00:00+00:00,57.15,57.28,57.15,57.28,3180717.0,195.0,57.150041
O,2026-09-16 20:05:00+00:00,57.26,57.2754,57.2003,57.2003,6405.0,105.0,57.248353
O,2026-09-16 20:10:00+00:00,57.22,57.23,57.2001,57.2001,5945.0,41.0,57.216707
O,2026-09-16 20:15:00+00:00,57.24,57.27,57.24,57.27,1562.0,62.0,57.250101
O,2026-09-16 20:20:00+00:00,57.2592,57.28,57.22,57.2618,2695.0,101.0,57.248811
O,2026-09-16 20:25:00+00:00,57.25,57.25,57.25,57.25,470.0,39.0,57.25
O,2026-09-16 20:30:00+00:00,57.28,57.28,57.28,57.28,887.0,16.0,57.28
O,2026-09-16 20:35:00+00:00,57.2787,57.3,57.26,57.3,811.0,37.0,57.273139
O,2026-09-16 20:40:00+00:00,57.3,57.3,57.3,57.3,2261.0,39.0,57.3
O,2026-09-16 20:45:00+00:00,57.38,57.38,57.3,57.3,1072.0,46.0,57.336842
O,2026-09-16 20:50:00+00:00,57.35,57.35,57.34,57.35,1200.0,40.0,57.346233
O,2026-09-16 20:55:00+00:00,57.2937,57.3153,57.27,57.29,3485.0,95.0,57.295552
O,2026-09-16 21:00:00+00:00,57.3,57.31,57.3,57.3,1480.0,40.0,57.301802
O,2026-09-16 21:05:00+00:00,57.3,57.3,57.29,57.3,998.0,29.0,57.296696
O,2026-09-16 21:10:00+00:00,57.3792,57.3792,57.3,57.3,4662.0,118.0,57.320213
O,2026-09-16 21:15:00+00:00,57.29,57.3741,57.29,57.32,1821.0,27.0,57.33016
O,2026-09-16 21:20:00+00:00,57.3,57.35,57.3,57.3142,2175.0,83.0,57.319851
O,2026-09-16 21:25:00+00:00,57.32,57.32,57.3124,57.316,1040.0,40.0,57.316553
O,2026-09-16 21:30:00+00:00,57.31,57.3493,57.31,57.3101,2710.0,89.0,57.318782
O,2026-09-16 21:35:00+00:00,57.34,57.4307,57.32,57.32,1405.0,50.0,57.36054
O,2026-09-16 21:40:00+00:00,57.3683,57.3683,57.36,57.36,276.0,12.0,57.363673
O,2026-09-16 21:45:00+00:00,57.4,57.42,57.3,57.3,5300.0,97.0,57.313602
O,2026-09-16 21:50:00+00:00,57.35,57.35,57.35,57.35,1223.0,12.0,57.35
O,2026-09-16 21:55:00+00:00,57.36,57.36,57.3,57.35,1688.0,48.0,57.332195
O,2026-09-16 22:00:00+00:00,57.3178,57.32,57.3178,57.32,433.0,11.0,57.319389
O,2026-09-16 22:05:00+00:00,57.33,57.42,57.31,57.42,2850.0,65.0,57.320203
O,2026-09-16 22:10:00+00:00,57.36,57.39,57.36,57.37,655.0,29.0,57.370427
O,2026-09-16 22:20:00+00:00,57.34,57.34,57.34,57.34,236.0,10.0,57.34
O,2026-09-16 22:30:00+00:00,57.437,57.44,57.38,57.44,7952.0,13.0,57.411549
O,2026-09-16 22:35:00+00:00,57.4385,57.4385,57.4385,57.4385,147.0,4.0,57.4385
O,2026-09-16 22:40:00+00:00,57.37,57.37,57.35,57.3619,1472.0,31.0,57.360585
O,2026-09-16 22:45:00+00:00,57.395,57.4,57.395,57.4,332.0,24.0,57.3975
O,2026-09-16 22:50:00+00:00,57.41,57.41,57.41,57.41,149.0,5.0,57.41
O,2026-09-16 22:55:00+00:00,57.3861,57.3861,57.3861,57.3861,267.0,14.0,57.3861
O,2026-09-16 23:00:00+00:00,57.38,57.43,57.35,57.43,740.0,40.0,57.379565
O,2026-09-16 23:20:00+00:00,57.378,57.378,57.378,57.378,144.0,6.0,57.378
O,2026-09-16 23:25:00+00:00,57.37,57.37,57.33,57.33,3049.0,37.0,57.368596
O,2026-09-16 23:35:00+00:00,57.4,57.4,57.4,57.4,201.0,2.0,57.4
O,2026-09-16 23:40:00+00:00,57.36,57.36,57.36,57.36,131.0,7.0,57.36
O,2026-09-16 23:45:00+00:00,57.36,57.36,57.33,57.33,420.0,12.0,57.349761
O,2026-09-16 23:50:00+00:00,57.3821,57.3821,57.3821,57.3821,102.0,2.0,57.3821
O,2026-09-17 08:00:00+00:00,57.44,57.55,57.33,57.55,18215.0,768.0,57.421699
O,2026-09-17 08:05:00+00:00,57.46,57.46,57.45,57.45,544.0,11.0,57.455
O,2026-09-17 08:20:00+00:00,57.41,57.41,57.41,57.41,475.0,27.0,57.41
O,2026-09-17 08:25:00+00:00,57.39,57.39,57.39,57.39,386.0,9.0,57.39
O,2026-09-17 08:45:00+00:00,57.49,57.49,57.49,57.49,220.0,6.0,57.49
O,2026-09-17 08:50:00+00:00,57.47,57.47,57.47,57.47,119.0,4.0,57.47
O,2026-09-17 09:00:00+00:00,57.42,57.42,57.35,57.35,3760.0,73.0,57.394412
O,2026-09-17 09:05:00+00:00,57.4,57.4,57.39,57.39,392.0,9.0,57.395
O,2026-09-17 09:15:00+00:00,57.45,57.45,57.45,57.45,160.0,3.0,57.45
O,2026-09-17 09:20:00+00:00,57.4,57.4,57.4,57.4,1036.0,7.0,57.4
O,2026-09-17 09:25:00+00:00,57.34,57.35,57.34,57.35,2094.0,57.0,57.348532
O,2026-09-17 09:30:00+00:00,57.32,57.32,57.32,57.32,273.0,9.0,57.32
O,2026-09-17 09:45:00+00:00,57.32,57.36,57.32,57.36,648.0,9.0,57.329302
O,2026-09-17 10:05:00+00:00,57.31,57.31,57.31,57.31,100.0,1.0,57.31
O,2026-09-17 10:10:00+00:00,57.32,57.38,57.32,57.38,1471.0,24.0,57.340483
O,2026-09-17 10:15:00+00:00,57.4,57.4,57.4,57.4,755.0,15.0,57.4
O,2026-09-17 10:20:00+00:00,57.4,57.4,57.4,57.4,1198.0,5.0,57.4
O,2026-09-17 10:35:00+00:00,57.41,57.45,57.41,57.45,634.0,28.0,57.442095
O,2026-09-17 10:40:00+00:00,57.44,57.44,57.44,57.44,102.0,3.0,57.44
O,2026-09-17 10:55:00+00:00,57.4,57.4,57.4,57.4,157.0,3.0,57.4
O,2026-09-17 11:00:00+00:00,57.405,57.405,57.35,57.39,1050.0,74.0,57.380069
O,2026-09-17 11:05:00+00:00,57.4,57.4215,57.38,57.41,660.0,32.0,57.40198
O,2026-09-17 11:10:00+00:00,57.4456,57.4456,57.41,57.41,3412.0,32.0,57.442555
O,2026-09-17 11:20:00+00:00,57.41,57.41,57.41,57.41,311.0,10.0,57.41
O,2026-09-17 11:30:00+00:00,57.43,57.44,57.43,57.44,680.0,23.0,57.434301
O,2026-09-17 11:35:00+00:00,57.4368,57.4368,57.39,57.39,1391.0,74.0,57.405053
O,2026-09-17 11:40:00+00:00,57.4,57.42,57.4,57.42,504.0,16.0,57.41
O,2026-09-17 11:55:00+00:00,57.43,57.432,57.43,57.432,406.0,9.0,57.431111
O,2026-09-17 12:00:00+00:00,57.43,57.4366,57.4,57.4,2609.0,63.0,57.42214
O,2026-09-17 12:05:00+00:00,57.41,57.41,57.4,57.4,425.0,27.0,57.405
O,2026-09-17 12:10:00+00:00,57.43,57.43,57.4296,57.4296,551.0,4.0,57.429924
O,2026-09-17 12:15:00+00:00,57.43,57.49,57.43,57.49,2003.0,61.0,57.453481
O,2026-09-17 12:20:00+00:00,57.54,57.5537,57.51,57.5537,933.0,35.0,57.535945
O,2026-09-17 12:25:00+00:00,57.5522,57.5522,57.5522,57.5522,171.0,5.0,57.5522
O,2026-09-17 12:30:00+00:00,57.6,57.6,57.56,57.5807,1770.0,31.0,57.580764
O,2026-09-17 12:35:00+00:00,57.5393,57.55,57.5393,57.54,2894.0,48.0,57.539905
O,2026-09-17 12:40:00+00:00,57.51,57.55,57.5,57.55,4045.0,105.0,57.518318
O,2026-09-17 12:45:00+00:00,57.5,57.53,57.5,57.52,1809.0,41.0,57.519296
O,2026-09-17 12:50:00+00:00,57.52,57.5336,57.5,57.5,1337.0,40.0,57.515461
O,2026-09-17 12:55:00+00:00,57.5261,57.5261,57.5261,57.5261,179.0,5.0,57.5261
O,2026-09-17 13:00:00+00:00,57.52,57.52,57.49,57.51,3590.0,82.0,57.502322
O,2026-09-17 13:05:00+00:00,57.5,57.5,57.48,57.48,2216.0,93.0,57.488838
O,2026-09-17 13:10:00+00:00,57.47,57.47,57.45,57.47,4458.0,137.0,57.457578
O,2026-09-17 13:15:00+00:00,57.4225,57.45,57.4225,57.45,1948.0,46.0,57.430943
O,2026-09-17 13:20:00+00:00,57.47,57.47,57.44,57.44,1306.0,77.0,57.456637
O,2026-09-17 13:25:00+00:00,57.47,57.75,57.42,57.75,6643.0,146.0,57.533729
O,2026-09-17 13:30:00+00:00,57.64,57.79,57.325,57.36,295884.0,4966.0,57.557796
O,2026-09-17 13:35:00+00:00,57.35,57.38,57.1871,57.22,266176.0,3379.0,57.25132
O,2026-09-17 13:40:00+00:00,57.2157,57.2291,57.025,57.05,215091.0,3195.0,57.100516
O,2026-09-17 13:45:00+00:00,57.06,57.17,57.0462,57.095,105851.0,1940.0,57.100203
O,2026-09-17 13:50:00+00:00,57.095,57.1674,57.0914,57.1001,54451.0,1541.0,57.133897
O,2026-09-17 13:55:00+00:00,57.1,57.18,57.0895,57.12,67473.0,1651.0,57.140647
O,2026-09-17 14:00:00+00:00,57.125,57.13,57.015,57.085,227726.0,3188.0,57.055761
O,2026-09-17 14:05:00+00:00,57.08,57.18,57.055,57.15,94188.0,1911.0,57.123516
O,2026-09-17 14:10:00+00:00,57.145,57.145,56.94,56.985,130459.0,3612.0,57.042734
O,2026-09-17 14:15:00+00:00,56.99,57.115,56.9701,57.085,108540.0,1880.0,57.068919
O,2026-09-17 14:20:00+00:00,57.09,57.125,57.0179,57.05,64225.0,1734.0,57.081281
O,2026-09-17 14:25:00+00:00,57.0598,57.18,57.05,57.15,65995.0,1413.0,57.123319
O,2026-09-17 14:30:00+00:00,57.145,57.145,57.02,57.035,98856.0,2130.0,57.053841
O,2026-09-17 14:35:00+00:00,57.0384,57.105,57.035,57.1,61497.0,1592.0,57.071579
O,2026-09-17 14:40:00+00:00,57.0872,57.17,57.08,57.15,91702.0,1612.0,57.141426
O,2026-09-17 14:45:00+00:00,57.14,57.24,57.14,57.14,117135.0,1781.0,57.177388
O,2026-09-17 14:50:00+00:00,57.13,57.13,57.08,57.095,56671.0,1462.0,57.094995
O,2026-09-17 14:55:00+00:00,57.095,57.1,57.025,57.065,47879.0,1412.0,57.064434
O,2026-09-17 15:00:00+00:00,57.06,57.12,57.03,57.1,46639.0,1384.0,57.078102
O,2026-09-17 15:05:00+00:00,57.105,57.195,57.09,57.18,49927.0,1201.0,57.142266
O,2026-09-17 15:10:00+00:00,57.17,57.195,57.15,57.185,41583.0,1152.0,57.175288
O,2026-09-17 15:15:00+00:00,57.19,57.22,57.16,57.16,55301.0,1334.0,57.185376
O,2026-09-17 15:20:00+00:00,57.155,57.165,57.09,57.105,124980.0,1937.0,57.127933
O,2026-09-17 15:25:00+00:00,57.105,57.115,57.06,57.08,113006.0,1756.0,57.088317
O,2026-09-17 15:30:00+00:00,57.08,57.1,57.035,57.065,117130.0,1624.0,57.059973
O,2026-09-17 15:35:00+00:00,57.065,57.0899,57.04,57.065,74053.0,1247.0,57.059459
O,2026-09-17 15:40:00+00:00,57.06,57.1165,57.03,57.0399,50191.0,1273.0,57.075744
O,2026-09-17 15:45:00+00:00,57.0362,57.0407,57.015,57.035,53220.0,1303.0,57.031105
O,2026-09-17 15:50:00+00:00,57.035,57.0799,57.03,57.0702,42493.0,1054.0,57.062135
O,2026-09-17 15:55:00+00:00,57.072,57.115,57.06,57.115,39328.0,1099.0,57.079012
O,2026-09-17 16:00:00+00:00,57.12,57.13,57.075,57.0775,68069.0,1146.0,57.106352
O,2026-09-17 16:05:00+00:00,57.075,57.105,57.04,57.04,45002.0,1174.0,57.081995
O,2026-09-17 16:10:00+00:00,57.03,57.075,56.985,56.995,102291.0,2554.0,57.014816
O,2026-09-17 16:15:00+00:00,56.995,57.0253,56.96,56.985,109903.0,1342.0,56.993661
O,2026-09-17 16:20:00+00:00,56.99,57.045,56.985,57.0,155105.0,1052.0,57.002959
O,2026-09-17 16:25:00+00:00,56.995,57.09,56.99,57.08,36802.0,852.0,57.042223
O,2026-09-17 16:30:00+00:00,57.08,57.105,57.0,57.005,55457.0,1074.0,57.067621
O,2026-09-17 16:35:00+00:00,57.0001,57.07,57.0,57.065,81574.0,704.0,57.020253
O,2026-09-17 16:40:00+00:00,57.065,57.0898,57.035,57.0799,65516.0,883.0,57.064914
O,2026-09-17 16:45:00+00:00,57.08,57.08,57.02,57.025,64115.0,1004.0,57.039603
O,2026-09-17 16:50:00+00:00,57.02,57.04,57.01,57.025,62855.0,693.0,57.025983
O,2026-09-17 16:55:00+00:00,57.0279,57.0279,56.98,57.01,123310.0,1193.0,57.000599
O,2026-09-17 17:00:00+00:00,57.007,57.08,57.0,57.078,56883.0,745.0,57.054929
O,2026-09-17 17:05:00+00:00,57.08,57.12,57.08,57.115,31481.0,676.0,57.097576
O,2026-09-17 17:10:00+00:00,57.115,57.17,57.1,57.165,51547.0,810.0,57.12621
O,2026-09-17 17:15:00+00:00,57.165,57.205,57.15,57.1923,87089.0,949.0,57.173717
O,2026-09-17 17:20:00+00:00,57.19,57.195,57.1625,57.1699,77937.0,789.0,57.177799
O,2026-09-17 17:25:00+00:00,57.165,57.185,57.16,57.185,30715.0,612.0,57.173258
O,2026-09-17 17:30:00+00:00,57.185,57.24,57.18,57.235,41464.0,787.0,57.214798
O,2026-09-17 17:35:00+00:00,57.235,57.24,57.2,57.2151,40424.0,803.0,57.221176
O,2026-09-17 17:40:00+00:00,57.215,57.245,57.185,57.2,48676.0,743.0,57.2242
O,2026-09-17 17:45:00+00:00,57.1921,57.245,57.19,57.23,28143.0,1008.0,57.220725
O,2026-09-17 17:50:00+00:00,57.23,57.2652,57.225,57.23,27056.0,665.0,57.240329
O,2026-09-17 17:55:00+00:00,57.235,57.29,57.23,57.29,34880.0,617.0,57.251863
O,2026-09-17 18:00:00+00:00,57.2801,57.2801,57.252,57.265,26818.0,616.0,57.266982
O,2026-09-17 18:05:00+00:00,57.26,57.28,57.195,57.205,49122.0,764.0,57.235068
O,2026-09-17 18:10:00+00:00,57.21,57.22,57.205,57.205,23895.0,642.0,57.211166
O,2026-09-17 18:15:00+00:00,57.205,57.225,57.185,57.2,26441.0,722.0,57.205568
O,2026-09-17 18:20:00+00:00,57.195,57.23,57.195,57.21,25556.0,703.0,57.216427
O,2026-09-17 18:25:00+00:00,57.205,57.2299,57.205,57.225,23406.0,634.0,57.219496
O,2026-09-17 18:30:00+00:00,57.225,57.225,57.185,57.195,27157.0,693.0,57.20177
O,2026-09-17 18:35:00+00:00,57.2,57.2,57.095,57.095,122458.0,1628.0,57.118837
O,2026-09-17 18:40:00+00:00,57.095,57.1251,57.0924,57.105,65354.0,869.0,57.110054
O,2026-09-17 18:45:00+00:00,57.105,57.145,57.1,57.125,69070.0,1028.0,57.12722
O,2026-09-17 18:50:00+00:00,57.12,57.12,57.07,57.09,32180.0,839.0,57.09375
O,2026-09-17 18:55:00+00:00,57.09,57.11,57.07,57.09,24134.0,675.0,57.084692
O,2026-09-17 19:00:00+00:00,57.09,57.12,57.07,57.08,38052.0,755.0,57.094978
O,2026-09-17 19:05:00+00:00,57.08,57.08,57.02,57.06,52665.0,994.0,57.045775
O,2026-09-17 19:10:00+00:00,57.06,57.105,57.05,57.075,69024.0,986.0,57.084489
O,2026-09-17 19:15:00+00:00,57.08,57.1399,57.075,57.125,49174.0,803.0,57.118222
O,2026-09-17 19:20:00+00:00,57.125,57.18,57.1101,57.18,47848.0,742.0,57.132619
O,2026-09-17 19:25:00+00:00,57.1701,57.2,57.125,57.135,97380.0,1053.0,57.175292
O,2026-09-17 19:30:00+00:00,57.135,57.1399,57.1113,57.125,45504.0,945.0,57.124382
O,2026-09-17 19:35:00+00:00,57.1251,57.175,57.095,57.12,65258.0,1322.0,57.130474
O,2026-09-17 19:40:00+00:00,57.115,57.22,57.115,57.205,67683.0,1148.0,57.179527
O,2026-09-17 19:45:00+00:00,57.205,57.26,57.195,57.22,176034.0,1974.0,57.239288
O,2026-09-17 19:50:00+00:00,57.22,57.3,57.18,57.29,167520.0,2083.0,57.24705
O,2026-09-17 19:55:00+00:00,57.3,57.335,57.245,57.32,570126.0,5992.0,57.290917
O,2026-09-17 20:00:00+00:00,57.31,57.3392,57.2655,57.2655,1353141.0,143.0,57.319943
O,2026-09-17 20:05:00+00:00,57.35,57.35,57.31,57.33,49938.0,28.0,57.338892
O,2026-09-17 20:10:00+00:00,57.34,57.35,57.34,57.35,33823.0,30.0,57.348432
O,2026-09-17 20:15:00+00:00,57.38,57.38,57.38,57.38,65848.0,21.0,57.38
O,2026-09-17 20:25:00+00:00,57.4992,57.4992,57.4992,57.4992,233.0,6.0,57.4992
O,2026-09-17 20:35:00+00:00,57.45,57.45,57.45,57.45,104.0,2.0,57.45
O,2026-09-17 20:40:00+00:00,57.4,57.4,57.4,57.4,468.0,9.0,57.4
O,2026-09-17 20:45:00+00:00,57.4314,57.4314,57.4314,57.4314,154.0,3.0,57.4314
O,2026-09-17 20:55:00+00:00,57.37,57.43,57.37,57.43,1025.0,14.0,57.417246
O,2026-09-17 21:00:00+00:00,57.43,57.43,57.4,57.4,633.0,16.0,57.418571
O,2026-09-17 21:05:00+00:00,57.43,57.43,57.42,57.43,1220.0,27.0,57.427375
O,2026-09-17 21:10:00+00:00,57.43,57.43,57.43,57.43,152.0,8.0,57.43
O,2026-09-17 21:15:00+00:00,57.43,57.43,57.43,57.43,513.0,7.0,57.43
O,2026-09-17 21:20:00+00:00,57.43,57.43,57.3801,57.3908,3584.0,36.0,57.393874
O,2026-09-17 21:25:00+00:00,57.41,57.41,57.41,57.41,171.0,12.0,57.41
O,2026-09-17 21:45:00+00:00,57.39,57.39,57.39,57.39,103.0,2.0,57.39
O,2026-09-17 21:50:00+00:00,57.4,57.41,57.4,57.41,1391.0,22.0,57.407069
O,2026-09-17 21:55:00+00:00,57.44,57.44,57.44,57.44,180.0,6.0,57.44
O,2026-09-17 22:05:00+00:00,57.42,57.42,57.42,57.42,542.0,11.0,57.42
O,2026-09-17 22:10:00+00:00,57.3908,57.4423,57.3908,57.4423,481.0,12.0,57.405226
O,2026-09-17 22:25:00+00:00,57.4,57.4,57.4,57.4,1080.0,19.0,57.4
O,2026-09-17 22:35:00+00:00,57.43,57.43,57.43,57.43,106.0,3.0,57.43
O,2026-09-17 22:50:00+00:00,57.42,57.42,57.42,57.42,113.0,10.0,57.42
O,2026-09-17 23:05:00+00:00,57.42,57.4231,57.42,57.42,1234.0,8.0,57.421292
O,2026-09-17 23:10:00+00:00,57.4363,57.4363,57.42,57.42,511.0,18.0,57.426818
O,2026-09-17 23:30:00+00:00,57.4,57.4,57.4,57.4,255.0,7.0,57.4
O,2026-09-17 23:40:00+00:00,57.448,57.448,57.448,57.448,108.0,5.0,57.448
O,2026-09-17 23:45:00+00:00,57.42,57.45,57.42,57.45,2007.0,6.0,57.435
O,2026-09-17 23:55:00+00:00,57.491,57.491,57.491,57.491,613.0,3.0,57.491
O,2026-09-18 08:00:00+00:00,57.49,57.5,57.4,57.41,9641.0,827.0,57.46464
O,2026-09-18 08:05:00+00:00,57.42,57.42,57.4,57.4,747.0,21.0,57.403656
O,2026-09-18 08:10:00+00:00,57.39,57.4,57.39,57.4,348.0,10.0,57.394766
O,2026-09-18 08:15:00+00:00,57.45,57.45,57.44,57.44,481.0,5.0,57.446329
O,2026-09-18 08:25:00+00:00,57.455,57.49,57.41,57.41,1647.0,31.0,57.468979
O,2026-09-18 08:30:00+00:00,57.3862,57.3862,57.3862,57.3862,169.0,1.0,57.3862
O,2026-09-18 08:40:00+00:00,57.48,57.48,57.48,57.48,924.0,1.0,57.48
O,2026-09-18 08:45:00+00:00,57.48,57.48,57.48,57.48,272.0,2.0,57.48
O,2026-09-18 08:50:00+00:00,57.48,57.48,57.47,57.47,1221.0,6.0,57.478661
O,2026-09-18 09:10:00+00:00,57.42,57.45,57.42,57.45,2430.0,37.0,57.445617
O,2026-09-18 09:15:00+00:00,57.4867,57.4867,57.4867,57.4867,136.0,5.0,57.4867
O,2026-09-18 09:20:00+00:00,57.47,57.5,57.47,57.5,3504.0,12.0,57.489715
O,2026-09-18 10:30:00+00:00,57.41,57.41,57.41,57.41,351.0,32.0,57.41
O,2026-09-18 10:45:00+00:00,57.43,57.43,57.43,57.43,194.0,5.0,57.43
O,2026-09-18 10:50:00+00:00,57.4373,57.4373,57.4373,57.4373,131.0,12.0,57.4373
O,2026-09-18 10:55:00+00:00,57.41,57.41,57.41,57.41,179.0,3.0,57.41
O,2026-09-18 11:00:00+00:00,57.4397,57.4397,57.4,57.4,1166.0,82.0,57.407298
O,2026-09-18 11:05:00+00:00,57.44,57.45,57.44,57.45,746.0,27.0,57.445
O,2026-09-18 11:10:00+00:00,57.44,57.44,57.44,57.44,1962.0,6.0,57.44
O,2026-09-18 11:20:00+00:00,57.4,57.4,57.4,57.4,168.0,14.0,57.4
O,2026-09-18 11:25:00+00:00,57.3568,57.3568,57.3568,57.3568,261.0,5.0,57.3568
O,2026-09-18 11:30:00+00:00,57.38,57.38,57.38,57.38,220.0,8.0,57.38
O,2026-09-18 11:40:00+00:00,57.4,57.4547,57.35,57.35,1331.0,40.0,57.420573
O,2026-09-18 11:45:00+00:00,57.42,57.43,57.35,57.35,1190.0,44.0,57.415696
O,2026-09-18 11:50:00+00:00,57.33,57.33,57.33,57.33,250.0,1.0,57.33
O,2026-09-18 12:20:00+00:00,57.37,57.37,57.32,57.32,1917.0,51.0,57.353814
O,2026-09-18 12:25:00+00:00,57.41,57.41,57.32,57.32,1887.0,166.0,57.367199
O,2026-09-18 12:30:00+00:00,57.2997,57.4121,57.2985,57.2985,879.0,23.0,57.343725
O,2026-09-18 12:40:00+00:00,57.3,57.35,57.29,57.35,466.0,33.0,57.313333
O,2026-09-18 12:50:00+00:00,57.3804,57.3948,57.3804,57.3948,443.0,15.0,57.3876
O,2026-09-18 12:55:00+00:00,57.35,57.35,57.3105,57.3105,520.0,19.0,57.324942
O,2026-09-18 13:00:00+00:00,57.31,57.325,57.28,57.3,2894.0,94.0,57.301181
O,2026-09-18 13:05:00+00:00,57.25,57.25,57.25,57.25,876.0,52.0,57.25
O,2026-09-18 13:10:00+00:00,57.2,57.25,57.15,57.25,2613.0,82.0,57.19911
O,2026-09-18 13:15:00+00:00,57.34,57.34,57.17,57.17,984.0,39.0,57.262633
O,2026-09-18 13:20:00+00:00,57.17,57.18,57.17,57.17,4193.0,36.0,57.173483
O,2026-09-18 13:25:00+00:00,57.12,57.28,57.05,57.28,2184.0,157.0,57.156217
O,2026-09-18 13:30:00+00:00,57.18,57.353,56.98,57.105,1103403.0,3918.0,57.283305
O,2026-09-18 13:35:00+00:00,57.085,57.085,56.87,56.92,107446.0,2953.0,56.956525
O,2026-09-18 13:40:00+00:00,56.911,57.035,56.911,56.93,60192.0,1549.0,56.968974
O,2026-09-18 13:45:00+00:00,56.93,56.945,56.845,56.94,78286.0,2088.0,56.89999
O,2026-09-18 13:50:00+00:00,56.94,56.96,56.88,56.945,76232.0,1539.0,56.93032
O,2026-09-18 13:55:00+00:00,56.95,56.96,56.88,56.88,98136.0,1937.0,56.902465
O,2026-09-18 14:00:00+00:00,56.89,56.92,56.85,56.905,130111.0,2200.0,56.892625
O,2026-09-18 14:05:00+00:00,56.905,56.92,56.825,56.9119,65104.0,1619.0,56.87717
O,2026-09-18 14:10:00+00:00,56.93,56.98,56.9114,56.9301,58751.0,1571.0,56.943013
O,2026-09-18 14:15:00+00:00,56.93,56.998,56.895,56.9015,60155.0,1576.0,56.936862
O,2026-09-18 14:20:00+00:00,56.91,57.0,56.9,56.99,47957.0,1411.0,56.935092
O,2026-09-18 14:25:00+00:00,56.99,57.0299,56.9525,56.975,43042.0,1409.0,56.98209
O,2026-09-18 14:30:00+00:00,56.975,57.085,56.91,57.0428,54393.0,1571.0,57.004313
O,2026-09-18 14:35:00+00:00,57.04,57.05,56.965,57.02,78981.0,1639.0,57.005751
O,2026-09-18 14:40:00+00:00,57.02,57.02,56.9603,57.0,43470.0,1342.0,56.990084
O,2026-09-18 14:45:00+00:00,56.99,57.01,56.955,56.965,41408.0,1309.0,56.980036
O,2026-09-18 14:50:00+00:00,56.965,56.97,56.8228,56.825,86818.0,2098.0,56.907181
O,2026-09-18 14:55:00+00:00,56.825,56.8755,56.82,56.8755,49312.0,1410.0,56.842226
O,2026-09-18 15:00:00+00:00,56.875,56.895,56.85,56.853,49772.0,1314.0,56.867775
O,2026-09-18 15:05:00+00:00,56.855,56.855,56.8,56.84,76068.0,2222.0,56.814935
O,2026-09-18 15:10:00+00:00,56.84,56.92,56.83,56.915,49958.0,1290.0,56.866955
O,2026-09-18 15:15:00+00:00,56.91,56.92,56.785,56.785,117497.0,2111.0,56.858731
O,2026-09-18 15:20:00+00:00,56.785,56.8399,56.775,56.815,102277.0,1826.0,56.801765
O,2026-09-18 15:25:00+00:00,56.815,56.8401,56.79,56.8401,112270.0,1520.0,56.819522
O,2026-09-18 15:30:00+00:00,56.84,56.9,56.82,56.8968,130075.0,1268.0,56.844027
O,2026-09-18 15:35:00+00:00,56.89,56.89,56.83,56.865,67889.0,1338.0,56.858474
O,2026-09-18 15:40:00+00:00,56.865,56.925,56.79,56.79,113078.0,1929.0,56.84785
O,2026-09-18 15:45:00+00:00,56.79,56.815,56.76,56.78,69771.0,1469.0,56.779286
O,2026-09-18 15:50:00+00:00,56.78,56.7899,56.745,56.775,89899.0,1816.0,56.765479
O,2026-09-18 15:55:00+00:00,56.775,56.775,56.71,56.735,142742.0,2311.0,56.731445
O,2026-09-18 16:00:00+00:00,56.74,56.74,56.635,56.645,148303.0,2624.0,56.684618
O,2026-09-18 16:05:00+00:00,56.645,56.665,56.63,56.65,141702.0,1948.0,56.649533
O,2026-09-18 16:10:00+00:00,56.65,56.67,56.61,56.62,196684.0,2250.0,56.651609
O,2026-09-18 16:15:00+00:00,56.63,56.63,56.58,56.598,90512.0,1696.0,56.599599
O,2026-09-18 16:20:00+00:00,56.595,56.6,56.55,56.585,197322.0,2181.0,56.572691
O,2026-09-18 16:25:00+00:00,56.58,56.645,56.58,56.635,159867.0,1744.0,56.613522
O,2026-09-18 16:30:00+00:00,56.6301,56.72,56.62,56.63,214948.0,2172.0,56.673601
O,2026-09-18 16:35:00+00:00,56.625,56.66,56.6201,56.64,76720.0,1327.0,56.63863
O,2026-09-18 16:40:00+00:00,56.635,56.71,56.635,56.685,107917.0,1514.0,56.677884
O,2026-09-18 16:45:00+00:00,56.685,56.685,56.64,56.655,80686.0,1007.0,56.655757
O,2026-09-18 16:50:00+00:00,56.6529,56.6993,56.651,56.69,51828.0,801.0,56.680778
O,2026-09-18 16:55:00+00:00,56.69,56.72,56.675,56.695,38268.0,775.0,56.695628
O,2026-09-18 17:00:00+00:00,56.69,56.715,56.675,56.705,38744.0,762.0,56.698828
O,2026-09-18 17:05:00+00:00,56.705,56.715,56.685,56.7,45184.0,810.0,56.697107
O,2026-09-18 17:10:00+00:00,56.69,56.695,56.595,56.5994,68935.0,1484.0,56.627693
O,2026-09-18 17:15:00+00:00,56.5961,56.62,56.59,56.615,32263.0,689.0,56.607574
O,2026-09-18 17:20:00+00:00,56.615,56.63,56.6,56.62,33584.0,650.0,56.612664
O,2026-09-18 17:25:00+00:00,56.6277,56.765,56.62,56.655,196522.0,1718.0,56.690324
O,2026-09-18 17:30:00+00:00,56.66,56.675,56.65,56.665,44746.0,827.0,56.664499
O,2026-09-18 17:35:00+00:00,56.67,56.71,56.66,56.685,65562.0,904.0,56.690556
O,2026-09-18 17:40:00+00:00,56.69,56.71,56.665,56.705,36072.0,704.0,56.677329
O,2026-09-18 17:45:00+00:00,56.7038,56.71,56.665,56.675,38464.0,726.0,56.684091
O,2026-09-18 17:50:00+00:00,56.675,56.685,56.65,56.665,69566.0,1595.0,56.66719
O,2026-09-18 17:55:00+00:00,56.665,56.73,56.65,56.72,62454.0,922.0,56.702864
O,2026-09-18 18:00:00+00:00,56.715,56.75,56.7,56.725,73993.0,927.0,56.727242
O,2026-09-18 18:05:00+00:00,56.725,56.775,56.715,56.735,67272.0,782.0,56.74234
O,2026-09-18 18:10:00+00:00,56.738,56.76,56.7199,56.735,50726.0,788.0,56.738479
O,2026-09-18 18:15:00+00:00,56.735,56.75,56.72,56.7354,31328.0,659.0,56.733983
O,2026-09-18 18:20:00+00:00,56.735,56.7899,56.55,56.788,1000434.0,1683.0,56.565555
O,2026-09-18 18:25:00+00:00,56.79,56.845,56.7893,56.84,39198.0,671.0,56.818051
O,2026-09-18 18:30:00+00:00,56.8497,56.855,56.77,56.8382,50644.0,755.0,56.820129
O,2026-09-18 18:35:00+00:00,56.835,56.915,56.83,56.88,49525.0,844.0,56.874156
O,2026-09-18 18:40:00+00:00,56.87,56.915,56.85,56.885,53408.0,784.0,56.874303
O,2026-09-18 18:45:00+00:00,56.885,56.955,56.875,56.93,53140.0,906.0,56.906953
O,2026-09-18 18:50:00+00:00,56.9201,56.98,56.9201,56.96,57369.0,1043.0,56.954251
O,2026-09-18 18:55:00+00:00,56.95,56.965,56.89,56.905,57321.0,957.0,56.921921
O,2026-09-18 19:00:00+00:00,56.905,56.91,56.86,56.885,60355.0,807.0,56.885999
O,2026-09-18 19:05:00+00:00,56.885,56.89,56.8,56.855,48398.0,995.0,56.850715
O,2026-09-18 19:10:00+00:00,56.855,56.855,56.7794,56.82,81742.0,1087.0,56.826168
O,2026-09-18 19:15:00+00:00,56.83,56.835,56.795,56.805,45039.0,866.0,56.812288
O,2026-09-18 19:20:00+00:00,56.8,56.8199,56.725,56.74,66565.0,1160.0,56.770036
O,2026-09-18 19:25:00+00:00,56.7401,56.78,56.735,56.7628,61217.0,1072.0,56.762369
O,2026-09-18 19:30:00+00:00,56.76,56.805,56.66,56.735,115440.0,1521.0,56.729436
O,2026-09-18 19:35:00+00:00,56.74,56.77,56.7,56.77,66719.0,1165.0,56.738043
O,2026-09-18 19:40:00+00:00,56.775,56.805,56.745,56.785,89070.0,1363.0,56.77889
O,2026-09-18 19:45:00+00:00,56.785,56.835,56.745,56.835,209067.0,2956.0,56.795263
O,2026-09-18 19:50:00+00:00,56.84,56.92,56.735,56.745,289261.0,3011.0,56.826435
O,2026-09-18 19:55:00+00:00,56.74,56.775,56.61,56.63,825699.0,7442.0,56.67952
O,2026-09-18 20:00:00+00:00,56.66,56.66,56.6424,56.66,5125223.0,123.0,56.659971
O,2026-09-18 20:05:00+00:00,56.8299,56.8299,56.79,56.8,134187.0,42.0,56.803145
O,2026-09-18 20:10:00+00:00,56.85,56.85,56.66,56.85,305678.0,90.0,56.665323
O,2026-09-18 20:15:00+00:00,56.88,56.94,56.81,56.94,327138.0,88.0,56.875862
O,2026-09-18 20:25:00+00:00,56.86,56.8854,56.86,56.8854,1640.0,28.0,56.861951
O,2026-09-18 20:30:00+00:00,56.88,56.8946,56.88,56.8946,591.0,6.0,56.883386
O,2026-09-18 20:35:00+00:00,56.9,56.9,56.66,56.86,3061.0,49.0,56.713213
O,2026-09-18 20:45:00+00:00,56.88,56.9253,56.88,56.9253,517.0,29.0,56.895151
O,2026-09-18 20:50:00+00:00,56.92,56.92,56.89,56.89,2074.0,15.0,56.913304
O,2026-09-18 20:55:00+00:00,56.94,56.9443,56.94,56.9443,811.0,12.0,56.941517
O,2026-09-18 21:00:00+00:00,56.98,56.98,56.97,56.97,446.0,16.0,56.976795
O,2026-09-18 21:10:00+00:00,56.96,56.98,56.96,56.98,625.0,23.0,56.97
O,2026-09-18 21:15:00+00:00,57.08,57.08,56.91,56.91,1479.0,40.0,57.022963
O,2026-09-18 21:25:00+00:00,56.99,56.99,56.94,56.94,685.0,21.0,56.95
O,2026-09-18 21:45:00+00:00,56.9912,56.9912,56.9912,56.9912,283.0,6.0,56.9912
O,2026-09-18 21:55:00+00:00,56.92,56.92,56.91,56.92,2494.0,75.0,56.918825
O,2026-09-18 22:10:00+00:00,56.95,56.95,56.95,56.95,129.0,6.0,56.95
O,2026-09-18 22:15:00+00:00,56.91,56.94,56.91,56.94,608.0,10.0,56.920435
O,2026-09-18 22:20:00+00:00,56.9162,56.9162,56.9162,56.9162,187.0,3.0,56.9162
O,2026-09-18 22:30:00+00:00,56.92,56.92,56.92,56.92,264.0,22.0,56.92
O,2026-09-18 22:35:00+00:00,56.9389,56.95,56.91,56.95,1190.0,24.0,56.93583
O,2026-09-18 22:50:00+00:00,56.94,56.94,56.93,56.93,361.0,23.0,56.934115
O,2026-09-18 23:35:00+00:00,56.95,56.95,56.95,56.95,101.0,1.0,56.95
O,2026-09-18 23:40:00+00:00,56.95,56.98,56.95,56.98,8000.0,2.0,56.965
O,2026-09-18 23:45:00+00:00,56.95,56.96,56.95,56.96,691.0,21.0,56.952545
O,2026-09-18 23:55:00+00:00,56.94,56.94,56.92,56.92,375.0,5.0,56.92678
